Pi¹tek,04,Wrzesieñ,2026,16:16:40:00009-VCID:1C3761778CABCE7337-515A,Wersja VCDS: AKP 23.3.1,Wersja danych: 20230601 DS346.2
047 906 033 L,,1.4l SIMOS3PA   00HS5401,

,Grupa A:,'001,,,,Grupa B:,'002,,,,Grupa C:,'032
,,Obroty silnika,Temperatura,Lambda,Bity binarnie,,Obroty silnika,Obci¹¿enie,Czas wtrysku,Ciœnienie rzecz.,,Lambda,Lambda, , 
,CZAS,,,,,CZAS,,,,,CZAS,,,,
Znacznik,ZAPISU, /min,*C, %,,ZAPISU, /min, %, ms, mbar,ZAPISU, %, %,,
,0.53,0,67.5,0.0,10110110,0.01,0,0.0,0.00,989.4,0.27,99.2,0.0, , 
,1.33,0,67.5,0.0,10110110,0.80,0,0.0,0.00,989.4,1.07,99.2,0.0, , 
,2.15,0,67.5,0.0,10110110,1.60,0,0.0,0.00,989.4,1.87,99.2,0.0, , 
,2.96,0,67.5,0.0,10110110,2.42,0,0.0,0.00,989.4,2.69,99.2,0.0, , 
,3.75,0,67.5,0.0,10110110,3.22,0,0.0,0.00,989.4,3.49,99.2,0.0, , 
,4.55,0,67.5,0.0,10110110,4.02,0,0.0,0.00,989.4,4.28,99.2,0.0, , 
,5.36,0,67.5,0.0,10110110,4.82,0,0.0,0.00,989.4,5.09,99.2,0.0, , 
,6.16,224,67.5,0.0,10110110,5.63,0,0.0,0.00,989.4,5.89,99.2,0.0, , 
,7.05,896,67.5,0.0,10110110,6.42,224,88.6,30.90,969.0,6.72,99.2,0.0, , 
,8.04,992,67.5,0.0,10110110,7.37,1088,45.9,8.24,591.6,7.70,0.0,0.0, , 
,8.94,928,67.5,0.0,10110110,8.34,928,35.3,5.15,459.0,8.65,0.0,0.0, , 
,9.85,864,67.5,0.0,10110110,9.24,928,35.3,5.15,459.0,9.54,0.0,0.0, , 
,10.75,800,67.5,0.0,10110110,10.16,832,36.9,5.15,479.4,10.45,0.0,0.0, , 
,11.67,736,67.5,0.0,10100010,11.05,800,38.4,6.18,499.8,11.36,0.0,0.0, , 
,12.63,1248,67.5,0.0,10100010,11.98,864,44.3,7.21,571.2,12.29,0.0,0.0, , 
,13.57,1120,67.5,0.0,10100010,12.96,1312,38.4,6.18,479.4,13.28,0.0,0.0, , 
,14.47,896,67.5,0.0,10100010,13.88,992,42.7,6.18,520.2,14.17,0.0,0.0, , 
,15.39,896,67.5,0.0,10100010,14.78,896,35.3,5.15,459.0,15.09,0.0,0.0, , 
,16.29,1024,67.5,0.0,10100010,15.70,928,36.9,5.15,479.4,15.99,0.0,0.0, , 
,17.23,1152,66.0,0.0,10100010,16.59,1056,32.5,4.12,418.2,16.91,0.0,0.0, , 
,18.15,1440,66.0,0.0,10100010,17.55,1248,40.0,6.18,479.4,17.86,0.0,0.0, , 
,19.17,1568,66.0,0.0,10110110,18.48,1504,48.6,8.24,571.2,18.83,0.0,0.0, , 
,20.16,1056,66.0,0.0,10110110,19.51,1024,32.5,4.12,418.2,19.81,0.0,0.0, , 
,21.14,960,64.5,0.0,10100010,20.48,960,29.4,4.12,397.8,20.78,0.0,0.0, , 
,22.09,1024,64.5,0.0,10100010,21.43,992,36.9,5.15,479.4,21.75,0.0,0.0, , 
,23.02,1120,64.5,0.0,10100010,22.40,1056,41.2,6.18,499.8,22.72,0.0,0.0, , 
,23.98,1152,64.5,0.0,10100010,23.33,1120,36.9,5.15,459.0,23.66,0.0,0.0, , 
,24.94,1152,63.0,0.0,10110110,24.29,1152,29.4,4.12,397.8,24.62,0.0,0.0, , 
,25.84,1120,63.0,0.0,10110110,25.24,1152,28.2,4.12,377.4,25.53,0.0,0.0, , 
,26.80,1056,63.0,0.0,10110110,26.16,1120,29.4,4.12,397.8,26.49,0.0,0.0, , 
,27.72,992,63.0,0.0,10110110,27.10,1056,29.4,4.12,397.8,27.42,0.0,0.0, , 
,28.66,960,63.0,0.0,10110110,28.07,1024,29.4,4.12,397.8,28.35,0.0,0.0, , 
,29.56,896,63.0,0.0,10110110,28.96,960,31.0,4.12,418.2,29.26,0.0,0.0, , 
,30.46,896,63.0,0.0,10100010,29.86,896,32.5,4.12,438.6,30.16,0.0,0.0, , 
,31.39,992,63.0,0.0,10100010,30.74,928,47.1,7.21,571.2,31.10,0.0,0.0, , 
,32.33,1088,61.5,0.0,10100010,31.69,992,42.7,6.18,520.2,32.01,0.0,0.0, , 
,33.31,1152,61.5,0.0,10100010,32.66,1088,38.4,5.15,479.4,32.97,0.0,0.0, , 
,34.32,1216,61.5,0.0,10100010,33.64,1152,42.7,6.18,520.2,33.98,0.0,0.0, , 
,35.28,1280,61.5,0.0,10110110,34.65,1216,40.0,5.15,479.4,34.94,0.0,0.0, , 
,36.31,1216,61.5,0.0,10110110,35.63,1248,26.7,3.09,357.0,35.97,0.0,0.0, , 
,37.25,1152,61.5,0.0,10110110,36.63,1216,26.7,3.09,357.0,36.94,0.0,0.0, , 
,38.20,1088,61.5,0.0,10110110,37.57,1152,28.2,4.12,377.4,37.90,0.0,0.0, , 
,39.17,992,61.5,0.0,10100010,38.52,1024,31.0,4.12,418.2,38.86,0.0,0.0, , 
,40.11,1152,61.5,0.0,10100010,39.49,1120,54.5,9.27,632.4,39.80,0.0,0.0, , 
,41.14,1408,61.5,0.0,10101010,40.46,1216,73.7,12.36,826.2,40.80,0.0,0.0, , 
,42.14,1632,61.5,2.7,10101010,41.44,1440,75.3,11.33,846.6,41.80,0.0,0.0, , 
,43.25,1952,61.5,6.3,10101010,42.52,1760,71.0,11.33,775.2,42.89,0.0,0.0, , 
,44.27,2272,61.5,4.3,10101000,43.61,2048,75.3,11.33,826.2,43.94,0.0,0.0, , 
,45.27,2336,61.5,0.0,10111100,44.60,2368,75.3,12.36,795.6,44.93,0.0,0.0, , 
,46.24,1088,61.5,0.0,10101010,45.61,1728,0.0,0.00,336.6,45.93,0.0,0.0, , 
,47.22,1632,61.5,0.0,10101010,46.54,1504,28.2,4.12,377.4,46.87,0.0,0.0, , 
,48.31,1600,61.5,-8.6,10101010,47.58,1600,23.5,3.09,336.6,47.95,0.0,0.0, , 
,49.39,1632,61.5,0.0,10101010,48.68,1568,38.4,5.15,459.0,49.05,0.0,0.0, , 
,50.46,1696,61.5,1.6,10101010,49.77,1664,53.3,8.24,632.4,50.12,0.0,0.0, , 
,51.50,1760,61.5,3.5,10101010,50.81,1728,53.3,8.24,612.0,51.18,0.0,0.0, , 
,52.59,1824,61.5,3.9,10101010,51.88,1792,50.2,7.21,591.6,52.22,0.0,0.0, , 
,53.69,1920,63.0,3.5,10101010,52.97,1856,48.6,7.21,571.2,53.33,0.0,0.0, , 
,54.78,1952,61.5,2.3,10101010,54.06,1920,45.9,6.18,550.8,54.43,0.0,0.0, , 
,55.86,2016,63.0,2.3,10101000,55.14,1952,44.3,6.18,520.2,55.52,0.0,0.0, , 
,56.92,2016,63.0,1.6,10101000,56.22,2016,44.3,6.18,499.8,56.57,0.0,0.0, , 
,57.98,2080,63.0,1.2,10101000,57.29,2048,42.7,6.18,499.8,57.63,0.0,0.0, , 
,59.03,2112,63.0,0.4,10101000,58.35,2112,42.7,6.18,499.8,58.70,0.0,0.0, , 
,60.07,2176,63.0,-1.6,10101000,59.37,2144,41.2,5.15,479.4,59.73,0.0,0.0, , 
,61.08,2208,63.0,-3.5,10101000,60.41,2176,35.3,5.15,438.6,60.74,0.0,0.0, , 
,62.11,2208,63.0,0.8,10101000,61.42,2208,35.3,4.12,418.2,61.77,0.0,0.0, , 
,63.13,2208,63.0,0.0,10101000,62.46,2208,35.3,4.12,418.2,62.79,0.0,0.0, , 
,64.12,2272,63.0,0.8,10101000,63.46,2240,41.2,5.15,479.4,63.79,0.0,0.0, , 
,65.12,2272,63.0,-2.0,10101000,64.46,2272,34.1,4.12,418.2,64.79,0.0,0.0, , 
,66.14,2240,63.0,-6.6,10101000,65.47,2240,22.0,3.09,295.8,65.80,0.0,0.0, , 
,67.18,2208,64.5,-5.5,10101000,66.48,2240,22.0,3.09,295.8,66.83,0.0,0.0, , 
,68.17,2208,64.5,-3.1,10101000,67.51,2208,22.0,2.06,316.2,67.85,0.0,0.0, , 
,69.23,2176,64.5,0.8,10101000,68.51,2176,25.1,3.09,316.2,68.87,0.0,0.0, , 
,70.26,2144,64.5,2.7,10101000,69.57,2176,23.5,2.06,316.2,69.92,0.0,0.0, , 
,71.31,2112,64.5,2.7,10101000,70.60,2144,23.5,3.09,316.2,70.96,0.0,0.0, , 
,72.34,2112,64.5,5.1,10101000,71.65,2112,25.1,3.09,336.6,72.00,0.0,0.0, , 
,73.43,2080,64.5,6.3,10101000,72.72,2112,25.1,3.09,336.6,73.08,0.0,0.0, , 
,74.48,2080,64.5,7.8,10101000,73.76,2080,25.1,3.09,336.6,74.12,0.0,0.0, , 
,75.52,2080,64.5,0.0,10101000,74.83,2080,28.2,3.09,357.0,75.18,0.0,0.0, , 
,76.59,2112,64.5,14.1,10101000,75.87,2112,42.7,4.12,499.8,76.23,0.0,0.0, , 
,77.65,2176,64.5,21.9,10101000,76.94,2144,44.3,5.15,499.8,77.29,0.0,0.0, , 
,78.67,2208,64.5,25.8,10101000,78.00,2176,40.0,5.15,479.4,78.33,0.0,0.0, , 
,79.70,2240,64.5,28.1,10101000,79.02,2208,40.0,5.15,459.0,79.36,0.0,0.0, , 
,80.73,2240,66.0,22.3,10101000,80.04,2240,38.4,5.15,459.0,80.39,0.0,0.0, , 
,81.74,2272,66.0,18.4,10101000,81.08,2240,32.5,4.12,397.8,81.41,0.0,0.0, , 
,82.75,2272,66.0,15.6,10101000,82.07,2272,34.1,5.15,418.2,82.40,0.0,0.0, , 
,83.77,2304,66.0,10.9,10101000,83.09,2304,34.1,4.12,397.8,83.43,0.0,0.0, , 
,84.81,2336,66.0,7.8,10101000,84.13,2304,32.5,4.12,397.8,84.49,0.0,0.0, , 
,85.83,2336,66.0,5.5,10101000,85.16,2336,32.5,4.12,397.8,85.48,0.0,0.0, , 
,86.87,2368,66.0,2.7,10101000,86.17,2368,32.5,4.12,397.8,86.54,0.0,0.0, , 
,87.89,2368,66.0,0.0,10101000,87.21,2368,32.5,4.12,397.8,87.55,0.0,0.0, , 
,88.97,2368,66.0,-1.2,10101000,88.26,2368,31.0,4.12,377.4,88.59,0.0,0.0, , 
,90.02,2400,66.0,-2.3,10101000,89.32,2400,31.0,4.12,377.4,89.64,0.0,0.0, , 
,91.08,2400,66.0,-3.9,10101000,90.33,2400,26.7,3.09,336.6,90.70,0.0,0.0, , 
,92.10,2400,66.0,-4.3,10101000,91.45,2400,26.7,3.09,336.6,91.79,0.0,0.0, , 
,93.11,1632,66.0,0.0,10111110,92.47,2400,26.7,3.09,336.6,92.82,0.0,0.0, , 
,94.14,1216,66.0,0.0,10111110,93.46,1216,26.7,4.12,357.0,93.80,0.0,0.0, , 
,95.09,1056,66.0,0.0,10111110,94.47,1216,25.1,3.09,336.6,94.78,0.0,0.0, , 
,96.01,992,66.0,-5.5,10111110,95.40,1024,26.7,4.12,357.0,95.74,0.0,0.0, , 
,96.95,864,66.0,-7.4,10111110,96.31,992,26.7,3.09,377.4,96.63,0.0,0.0, , 
,97.86,896,66.0,-5.5,10111110,97.27,896,29.4,4.12,418.2,97.57,0.0,0.0, , 
,98.79,896,66.0,-3.9,10111110,98.18,896,29.4,4.12,418.2,98.47,0.0,0.0, , 
,99.72,896,67.5,-3.1,10111110,99.10,896,29.4,4.12,418.2,99.41,0.0,0.0, , 
,100.68,896,67.5,-2.7,10111110,100.03,896,29.4,4.12,397.8,100.35,0.0,0.0, , 
,101.63,896,67.5,-3.1,10111110,100.98,896,29.4,4.12,397.8,101.30,0.0,0.0, , 
,102.56,896,67.5,-3.5,10111110,101.94,896,29.4,4.12,397.8,102.25,0.0,0.0, , 
,103.50,896,67.5,-3.5,10111110,102.88,896,28.2,3.09,397.8,103.17,0.0,0.0, , 
,104.58,1824,67.5,-2.3,10101010,103.86,1312,29.4,4.12,397.8,104.22,0.0,0.0, , 
,105.67,1792,67.5,0.0,10101010,104.93,1760,31.0,4.12,377.4,105.31,0.0,0.0, , 
,106.76,1888,67.5,0.8,10101010,106.03,1824,48.6,7.21,571.2,106.40,0.0,0.0, , 
,107.86,1952,67.5,1.6,10101010,107.12,1920,57.6,8.24,652.8,107.48,0.0,0.0, , 
,108.91,2048,67.5,2.0,10101000,108.22,1984,54.5,8.24,632.4,108.57,0.0,0.0, , 
,109.97,2048,67.5,0.0,10101000,109.26,2048,38.4,5.15,459.0,109.62,0.0,0.0, , 
,111.01,2080,67.5,-1.2,10101000,110.31,2048,34.1,4.12,418.2,110.66,0.0,0.0, , 
,112.04,2080,67.5,-2.3,10101000,111.37,2048,34.1,4.12,418.2,111.71,0.0,0.0, , 
,113.05,2048,67.5,-2.3,10101000,112.37,2080,34.1,4.12,418.2,112.70,0.0,0.0, , 
,114.06,1120,67.5,0.0,10111110,113.41,2048,29.4,3.09,377.4,113.72,0.0,0.0, , 
,115.02,1152,67.5,0.0,10111110,114.38,1088,31.0,5.15,418.2,114.69,0.0,0.0, , 
,115.89,992,67.5,0.0,10111110,115.34,1088,25.1,3.09,357.0,115.63,0.0,0.0, , 
,116.78,928,67.5,-6.3,10111110,116.18,960,28.2,3.09,377.4,116.47,0.0,0.0, , 
,117.69,928,67.5,-7.0,10111110,117.10,928,28.2,3.09,397.8,117.40,0.0,0.0, , 
,118.60,928,67.5,-6.3,10111110,117.99,896,28.2,3.09,397.8,118.28,0.0,0.0, , 
,119.51,896,69.0,-5.9,10111110,118.91,896,28.2,3.09,397.8,119.22,0.0,0.0, , 
,120.41,864,69.0,-5.5,10111110,119.81,864,28.2,3.09,397.8,120.11,0.0,0.0, , 
,121.36,864,69.0,-5.5,10111110,120.72,864,28.2,3.09,397.8,121.05,0.0,0.0, , 
,122.25,864,69.0,-5.5,10111110,121.66,896,28.2,3.09,397.8,121.96,0.0,0.0, , 
,123.18,896,69.0,-5.1,10111110,122.57,896,28.2,3.09,397.8,122.88,0.0,0.0, , 
,124.09,896,69.0,-5.1,10111110,123.47,896,28.2,3.09,397.8,123.78,0.0,0.0, , 
,125.15,1440,69.0,-4.3,10101010,124.44,992,28.2,3.09,397.8,124.85,0.0,0.0, , 
,126.12,1376,69.0,0.0,10101010,125.47,1408,31.0,4.12,397.8,125.79,0.0,0.0, , 
,127.13,1472,69.0,0.0,10101010,126.49,1408,51.8,8.24,612.0,126.75,0.0,0.0, , 
,128.24,1600,69.0,0.8,10101010,127.49,1504,48.6,7.21,591.6,127.88,0.0,0.0, , 
,129.32,1664,69.0,0.0,10101010,128.62,1632,47.1,6.18,550.8,128.99,0.0,0.0, , 
,130.39,1696,69.0,1.2,10101010,129.68,1696,35.3,5.15,438.6,130.02,0.0,0.0, , 
,131.48,1696,69.0,2.0,10101010,130.72,1696,35.3,5.15,438.6,131.13,0.0,0.0, , 
,132.56,1664,69.0,3.1,10101010,131.82,1696,35.3,5.15,438.6,132.17,0.0,0.0, , 
,133.64,1664,69.0,3.5,10101010,132.91,1664,35.3,5.15,438.6,133.29,0.0,0.0, , 
,134.68,1632,69.0,2.3,10101010,133.99,1664,34.1,5.15,418.2,134.34,0.0,0.0, , 
,135.82,1536,69.0,-4.3,10101010,135.05,1600,23.5,3.09,316.2,135.43,0.0,0.0, , 
,136.79,1472,69.0,-5.5,10101010,136.09,1504,29.4,4.12,377.4,136.40,0.0,0.0, , 
,137.84,1440,69.0,0.4,10101010,137.15,1440,35.3,4.12,438.6,137.50,0.0,0.0, , 
,139.03,1504,69.0,0.0,10101010,138.19,1440,44.3,6.18,520.2,138.63,0.0,0.0, , 
,140.09,1632,69.0,0.0,10101010,139.39,1568,57.6,8.24,673.2,139.74,0.0,0.0, , 
,141.14,1664,69.0,0.0,10111110,140.46,1632,45.9,6.18,550.8,140.82,0.0,0.0, , 
,142.04,1184,69.0,0.0,10111110,141.44,1280,0.0,0.00,397.8,141.74,0.0,0.0, , 
,142.99,992,69.0,0.0,10111110,142.37,1152,25.1,3.09,357.0,142.65,0.0,0.0, , 
,143.94,896,69.0,-2.3,10111110,143.30,928,26.7,3.09,377.4,143.62,0.0,0.0, , 
,144.89,896,69.0,-3.9,10111110,144.25,896,29.4,3.09,418.2,144.58,0.0,0.0, , 
,145.82,896,69.0,-3.5,10111110,145.19,896,29.4,4.12,418.2,145.50,0.0,0.0, , 
,146.71,896,69.0,-2.3,10111110,146.12,896,29.4,3.09,418.2,146.41,0.0,0.0, , 
,147.59,768,69.0,-4.7,10111110,146.99,800,26.7,3.09,397.8,147.28,0.0,0.0, , 
,148.50,800,69.0,-6.6,10111110,147.89,800,29.4,4.12,418.2,148.19,0.0,0.0, , 
,149.40,800,69.0,-7.4,10111110,148.80,800,29.4,3.09,418.2,149.11,0.0,0.0, , 
,150.28,800,69.0,-7.4,10111110,149.69,800,29.4,3.09,418.2,149.99,0.0,0.0, , 
,151.19,800,70.5,-7.4,10111110,150.60,800,29.4,3.09,418.2,150.89,0.0,0.0, , 
,152.11,800,70.5,-7.8,10111110,151.50,800,29.4,3.09,418.2,151.80,0.0,0.0, , 
,153.02,800,70.5,-7.8,10111110,152.41,800,29.4,3.09,418.2,152.71,0.0,0.0, , 
,153.92,800,70.5,-7.8,10111110,153.31,800,29.4,3.09,418.2,153.63,0.0,0.0, , 
,154.82,800,70.5,-7.8,10111110,154.21,800,29.4,3.09,418.2,154.51,0.0,0.0, , 
,155.72,800,70.5,-7.4,10111110,155.10,800,29.4,3.09,418.2,155.41,0.0,0.0, , 
,156.66,800,70.5,-7.0,10111110,156.03,800,31.0,4.12,418.2,156.34,0.0,0.0, , 
,157.55,800,70.5,-6.6,10111110,156.95,800,29.4,4.12,418.2,157.25,0.0,0.0, , 
,158.46,800,70.5,-6.6,10111110,157.85,800,31.0,4.12,418.2,158.15,0.0,0.0, , 
,159.31,800,70.5,-6.3,10111110,158.73,800,31.0,4.12,418.2,159.03,0.0,0.0, , 
,160.20,800,70.5,-6.3,10111110,159.61,800,29.4,3.09,418.2,159.91,0.0,0.0, , 
,161.09,800,72.0,-6.6,10111110,160.50,768,31.0,3.09,418.2,160.79,0.0,0.0, , 
,162.01,768,70.5,-6.6,10111110,161.39,800,29.4,3.09,418.2,161.70,0.0,0.0, , 
,162.89,800,70.5,-6.3,10111110,162.30,800,31.0,4.12,438.6,162.59,0.0,0.0, , 
,163.79,800,70.5,-6.3,10111110,163.19,800,31.0,4.12,418.2,163.48,0.0,0.0, , 
,164.69,800,70.5,-6.3,10111110,164.10,800,31.0,4.12,438.6,164.39,0.0,0.0, , 
,165.59,800,70.5,-5.9,10111110,164.99,800,31.0,4.12,418.2,165.28,0.0,0.0, , 
,166.49,800,70.5,-5.9,10111110,165.89,800,31.0,4.12,438.6,166.18,0.0,0.0, , 
,167.40,800,70.5,-6.3,10111110,166.78,800,31.0,3.09,418.2,167.10,0.0,0.0, , 
,168.33,768,72.0,-6.3,10111110,167.73,800,31.0,4.12,418.2,168.04,0.0,0.0, , 
,169.25,800,72.0,-6.6,10111110,168.65,800,29.4,3.09,418.2,168.95,0.0,0.0, , 
,170.14,800,72.0,-7.0,10111110,169.55,768,29.4,3.09,418.2,169.85,0.0,0.0, , 
,171.03,800,72.0,-7.4,10111110,170.44,800,29.4,4.12,418.2,170.73,0.0,0.0, , 
,171.93,800,72.0,-7.8,10111110,171.32,768,31.0,4.12,438.6,171.63,0.0,0.0, , 
,172.83,768,72.0,-7.8,10111110,172.23,768,31.0,4.12,438.6,172.53,0.0,0.0, , 
,173.75,800,72.0,-7.8,10111110,173.13,800,31.0,4.12,438.6,173.43,0.0,0.0, , 
,174.65,800,72.0,-7.4,10111110,174.05,800,31.0,4.12,438.6,174.37,0.0,0.0, , 
,175.56,800,72.0,-7.0,10111110,174.96,800,31.0,4.12,438.6,175.27,0.0,0.0, , 
,176.49,800,72.0,-7.0,10111110,175.87,800,31.0,4.12,438.6,176.18,0.0,0.0, , 
,177.38,800,72.0,-7.0,10111110,176.78,800,31.0,4.12,438.6,177.08,0.0,0.0, , 
,178.32,768,72.0,-7.4,10111110,177.66,800,31.0,4.12,438.6,177.98,0.0,0.0, , 
,179.20,800,72.0,-8.2,10111110,178.61,768,31.0,4.12,438.6,178.91,0.0,0.0, , 
,180.13,800,72.0,-9.0,10111110,179.51,800,31.0,4.12,438.6,179.83,0.0,0.0, , 
,181.03,800,72.0,-9.4,10111110,180.43,800,31.0,4.12,438.6,180.73,0.0,0.0, , 
,181.95,800,72.0,-9.4,10111110,181.34,768,31.0,4.12,438.6,181.64,0.0,0.0, , 
,182.87,800,72.0,-9.4,10111110,182.26,800,32.5,4.12,438.6,182.57,0.0,0.0, , 
,183.77,800,72.0,-9.4,10111110,183.17,800,31.0,4.12,438.6,183.48,0.0,0.0, , 
,184.65,800,73.5,-9.4,10111110,184.07,800,31.0,4.12,438.6,184.37,0.0,0.0, , 
,185.56,768,73.5,-9.4,10111110,184.95,800,31.0,3.09,438.6,185.26,0.0,0.0, , 
,186.45,800,73.5,-8.6,10111110,185.85,800,31.0,4.12,438.6,186.15,0.0,0.0, , 
,187.37,800,73.5,-8.2,10111110,186.76,768,31.0,3.09,438.6,187.07,0.0,0.0, , 
,188.29,736,73.5,0.0,10101010,187.69,800,31.0,4.12,438.6,188.00,0.0,0.0, , 
,189.30,2464,73.5,0.0,10101000,188.64,1056,81.2,13.39,928.2,188.98,0.0,0.0, , 
,190.39,1856,73.5,0.8,10101010,189.66,2240,79.6,12.36,867.0,190.02,0.0,0.0, , 
,191.40,2336,73.5,0.0,10111100,190.73,2176,87.1,14.42,948.6,191.06,0.0,0.0, , 
,192.44,1792,73.5,0.0,10101010,191.76,1792,25.1,3.09,336.6,192.12,0.0,0.0, , 
,193.49,1792,73.5,0.0,10101010,192.80,1696,79.6,13.39,887.4,193.13,0.0,0.0, , 
,194.58,1792,73.5,0.0,10101010,193.88,1824,40.0,4.12,499.8,194.25,0.0,0.0, , 
,195.69,1728,73.5,-1.6,10101010,194.96,1760,32.5,4.12,418.2,195.33,0.0,0.0, , 
,196.77,1760,73.5,0.4,10101010,196.05,1728,38.4,5.15,479.4,196.40,0.0,0.0, , 
,197.90,1824,73.5,0.0,10101010,197.14,1760,40.0,5.15,479.4,197.52,0.0,0.0, , 
,198.99,1984,73.5,0.4,10101010,198.26,1888,56.1,8.24,652.8,198.62,0.0,0.0, , 
,200.06,1952,73.5,0.0,10111110,199.34,1984,41.2,5.15,499.8,199.70,0.0,0.0, , 
,201.05,992,73.5,0.0,10111110,200.43,1888,19.2,2.06,275.4,200.78,0.0,0.0, , 
,202.01,1088,73.5,0.0,10111110,201.38,992,31.0,5.15,418.2,201.69,0.0,0.0, , 
,202.90,960,73.5,0.0,10111110,202.28,1024,26.7,3.09,377.4,202.58,0.0,0.0, , 
,203.84,960,73.5,-4.3,10111110,203.20,960,28.2,4.12,397.8,203.53,0.0,0.0, , 
,204.78,928,73.5,-4.7,10111110,204.17,928,29.4,4.12,397.8,204.48,0.0,0.0, , 
,205.71,896,73.5,-4.7,10111110,205.10,928,29.4,4.12,397.8,205.41,0.0,0.0, , 
,206.62,896,73.5,-4.7,10111110,206.02,896,29.4,3.09,397.8,206.33,0.0,0.0, , 
,207.56,768,73.5,-5.9,10111110,206.93,896,28.2,3.09,397.8,207.25,0.0,0.0, , 
,208.49,800,73.5,-8.2,10111110,207.87,768,29.4,3.09,418.2,208.19,0.0,0.0, , 
,209.40,768,75.0,-9.4,10111110,208.77,800,29.4,3.09,418.2,209.08,0.0,0.0, , 
,210.28,768,75.0,-9.4,10111110,209.70,768,29.4,3.09,418.2,209.99,0.0,0.0, , 
,211.17,768,75.0,-9.4,10111110,210.58,768,29.4,3.09,418.2,210.88,0.0,0.0, , 
,212.09,800,75.0,-9.4,10111110,211.47,768,29.4,3.09,418.2,211.78,0.0,0.0, , 
,212.98,768,75.0,-9.4,10111110,212.39,800,29.4,3.09,438.6,212.69,0.0,0.0, , 
,213.88,768,75.0,-9.4,10111110,213.28,768,29.4,3.09,418.2,213.58,0.0,0.0, , 
,214.81,768,75.0,-9.4,10111110,214.19,800,29.4,3.09,418.2,214.51,0.0,0.0, , 
,215.71,800,75.0,-9.0,10111110,215.12,800,29.4,3.09,418.2,215.41,0.0,0.0, , 
,216.59,768,75.0,-9.0,10111110,216.00,800,31.0,4.12,438.6,216.29,0.0,0.0, , 
,217.50,800,75.0,-8.2,10111110,216.90,768,31.0,3.09,438.6,217.20,0.0,0.0, , 
,218.38,800,75.0,0.0,10101010,217.80,800,31.0,4.12,438.6,218.10,0.0,0.0, , 
,219.39,2336,76.5,0.0,10101000,218.70,1056,85.5,13.39,989.4,219.07,0.0,0.0, , 
,220.40,1248,75.0,0.0,10101010,219.76,2048,56.1,8.24,652.8,220.05,0.0,0.0, , 
,221.33,1024,76.5,0.0,10111110,220.67,1408,41.2,4.12,520.2,220.99,0.0,0.0, , 
,222.33,992,76.5,0.0,10111110,221.67,1056,31.0,4.12,418.2,222.00,0.0,0.0, , 
,223.25,864,76.5,0.0,10111110,222.64,896,26.7,3.09,377.4,222.96,0.0,0.0, , 
,224.18,800,76.5,-7.8,10111110,223.56,864,29.4,4.12,418.2,223.88,0.0,0.0, , 
,225.05,800,76.5,-12.1,10111110,224.46,768,29.4,3.09,418.2,224.75,0.0,0.0, , 
,225.94,800,76.5,-12.9,10111110,225.35,768,31.0,3.09,438.6,225.64,0.0,0.0, , 
,226.87,800,76.5,-11.7,10111110,226.24,800,31.0,3.09,438.6,226.56,0.0,0.0, , 
,227.77,800,76.5,-10.2,10111110,227.17,768,31.0,3.09,438.6,227.49,0.0,0.0, , 
,228.65,800,76.5,-9.0,10111110,228.07,800,31.0,3.09,438.6,228.36,0.0,0.0, , 
,229.54,800,76.5,-8.2,10111110,228.94,800,31.0,4.12,438.6,229.24,0.0,0.0, , 
,230.44,800,76.5,-7.4,10111110,229.84,800,31.0,4.12,438.6,230.14,0.0,0.0, , 
,231.29,800,76.5,-7.4,10111110,230.74,800,31.0,4.12,438.6,231.02,0.0,0.0, , 
,232.22,800,76.5,-7.8,10111110,231.59,768,29.4,3.09,438.6,231.92,0.0,0.0, , 
,233.13,768,76.5,-8.6,10111110,232.53,800,29.4,3.09,438.6,232.82,0.0,0.0, , 
,234.01,800,76.5,-9.0,10111110,233.44,800,29.4,3.09,418.2,233.73,0.0,0.0, , 
,234.94,768,76.5,-9.4,10111110,234.33,800,31.0,3.09,438.6,234.64,0.0,0.0, , 
,235.85,800,78.0,-9.8,10111110,235.24,800,31.0,3.09,438.6,235.53,0.0,0.0, , 
,236.76,768,78.0,-9.4,10111110,236.15,800,31.0,3.09,438.6,236.44,0.0,0.0, , 
,237.67,800,76.5,-9.0,10111110,237.06,768,31.0,4.12,438.6,237.36,0.0,0.0, , 
,238.58,800,78.0,-8.6,10111110,237.97,800,31.0,3.09,438.6,238.29,0.0,0.0, , 
,239.46,800,78.0,-8.2,10111110,238.88,768,31.0,3.09,438.6,239.18,0.0,0.0, , 
,240.38,800,78.0,-8.6,10111110,239.78,800,31.0,3.09,438.6,240.08,0.0,0.0, , 
,241.27,800,78.0,-8.6,10111110,240.67,800,31.0,3.09,438.6,240.97,0.0,0.0, , 
,242.17,768,78.0,-8.6,10111110,241.57,800,29.4,3.09,438.6,241.87,0.0,0.0, , 
,243.06,800,78.0,-8.6,10111110,242.47,768,31.0,3.09,438.6,242.77,0.0,0.0, , 
,243.97,768,78.0,-8.6,10111110,243.36,800,31.0,3.09,438.6,243.66,0.0,0.0, , 
,244.86,800,78.0,-8.2,10111110,244.26,800,31.0,4.12,438.6,244.56,0.0,0.0, , 
,245.77,800,78.0,-7.8,10111110,245.16,800,29.4,4.12,438.6,245.47,0.0,0.0, , 
,246.69,800,78.0,-7.8,10111110,246.09,800,31.0,4.12,438.6,246.41,0.0,0.0, , 
,247.58,800,78.0,-7.8,10111110,246.99,768,31.0,3.09,438.6,247.29,0.0,0.0, , 
,248.48,800,78.0,-7.4,10111110,247.88,800,31.0,3.09,438.6,248.17,0.0,0.0, , 
,249.38,800,78.0,-7.4,10111110,248.78,800,31.0,3.09,438.6,249.08,0.0,0.0, , 
,250.29,800,78.0,-7.8,10111110,249.68,768,29.4,3.09,438.6,249.98,0.0,0.0, , 
,251.16,800,78.0,-7.8,10111110,250.57,768,29.4,3.09,438.6,250.87,0.0,0.0, , 
,252.05,768,78.0,-8.2,10111110,251.45,768,29.4,3.09,418.2,251.75,0.0,0.0, , 
,252.97,800,78.0,-8.2,10111110,252.37,800,31.0,4.12,438.6,252.67,0.0,0.0, , 
,253.92,768,78.0,-8.2,10111110,253.28,800,31.0,3.09,438.6,253.61,0.0,0.0, , 
,254.84,768,78.0,-8.2,10111110,254.22,768,31.0,3.09,438.6,254.53,0.0,0.0, , 
,255.75,768,78.0,-8.2,10111110,255.15,800,31.0,3.09,438.6,255.44,0.0,0.0, , 
,256.68,800,78.0,-8.2,10111110,256.06,800,31.0,3.09,438.6,256.39,0.0,0.0, , 
,257.58,800,78.0,-8.2,10111110,256.98,768,31.0,3.09,438.6,257.28,0.0,0.0, , 
,258.49,800,78.0,-8.6,10111110,257.88,800,31.0,3.09,438.6,258.19,0.0,0.0, , 
,259.39,768,79.5,-8.6,10111110,258.79,800,31.0,3.09,438.6,259.09,0.0,0.0, , 
,260.28,800,78.0,-8.6,10111110,259.69,768,31.0,4.12,438.6,259.98,0.0,0.0, , 
,261.17,800,78.0,-8.2,10111110,260.58,800,31.0,4.12,438.6,260.88,0.0,0.0, , 
,262.08,768,78.0,-8.2,10111110,261.48,768,31.0,4.12,438.6,261.79,0.0,0.0, , 
,262.99,768,78.0,-8.6,10111110,262.39,800,31.0,4.12,438.6,262.69,0.0,0.0, , 
,263.88,768,78.0,-9.0,10111110,263.29,800,31.0,4.12,438.6,263.58,0.0,0.0, , 
,264.77,800,78.0,-9.0,10111110,264.18,768,31.0,3.09,438.6,264.47,0.0,0.0, , 
,265.67,800,79.5,-8.6,10111110,265.07,768,31.0,3.09,438.6,265.37,0.0,0.0, , 
,266.56,800,79.5,-8.2,10111110,265.97,800,31.0,4.12,438.6,266.27,0.0,0.0, , 
,267.46,800,79.5,-8.2,10111110,266.87,800,31.0,4.12,438.6,267.16,0.0,0.0, , 
,268.36,768,79.5,-8.2,10111110,267.75,800,31.0,4.12,438.6,268.06,0.0,0.0, , 
,269.27,800,79.5,-8.6,10111110,268.67,768,31.0,4.12,438.6,268.97,0.0,0.0, , 
,270.17,768,79.5,-9.0,10111110,269.57,800,31.0,4.12,438.6,269.87,0.0,0.0, , 
,271.07,800,79.5,-9.0,10111110,270.47,800,31.0,4.12,438.6,270.77,0.0,0.0, , 
,271.97,768,79.5,-8.6,10111110,271.37,768,31.0,3.09,438.6,271.67,0.0,0.0, , 
,272.85,768,79.5,-8.6,10111110,272.26,768,31.0,4.12,438.6,272.55,0.0,0.0, , 
,273.73,800,79.5,-8.2,10111110,273.15,800,31.0,4.12,438.6,273.44,0.0,0.0, , 
,274.64,800,79.5,-7.8,10111111,274.03,800,31.0,4.12,438.6,274.34,0.0,0.0, , 
,275.53,768,79.5,-7.8,10111110,274.94,768,31.0,4.12,438.6,275.24,0.0,0.0, , 
,276.41,768,79.5,-7.8,10111111,275.84,800,31.0,4.12,438.6,276.13,0.0,0.0, , 
,277.30,800,79.5,-7.4,10111111,276.71,768,31.0,4.12,438.6,277.00,0.0,0.0, , 
,278.22,800,79.5,-7.8,10111111,277.61,800,31.0,4.12,438.6,277.92,0.0,0.0, , 
,279.12,800,79.5,-8.2,10111111,278.52,800,31.0,4.12,438.6,278.82,0.0,0.0, , 
,280.00,768,79.5,-8.6,10111111,279.41,768,31.0,4.12,438.6,279.71,0.0,0.0, , 
,280.89,800,79.5,-9.0,10111111,280.29,800,31.0,4.12,438.6,280.59,0.0,0.0, , 
,281.79,800,79.5,-9.4,10111111,281.19,768,31.0,4.12,438.6,281.48,0.0,0.0, , 
,282.68,800,79.5,-9.4,10111111,282.08,768,31.0,3.09,438.6,282.39,0.0,0.0, , 
,283.59,768,79.5,-9.4,10111111,282.98,768,31.0,3.09,438.6,283.28,0.0,0.0, , 
,284.50,768,79.5,-9.0,10111111,283.89,800,31.0,4.12,438.6,284.19,0.0,0.0, , 
,285.43,768,79.5,-9.0,10111111,284.81,768,31.0,4.12,438.6,285.13,0.0,0.0, , 
,286.34,800,79.5,0.0,10101011,285.73,768,32.5,4.12,438.6,286.03,0.0,0.0, , 
,287.37,1952,79.5,0.0,10101011,286.70,1248,90.2,15.45,1009.8,287.04,0.0,0.0, , 
,288.31,1344,79.5,0.0,10101011,287.67,1440,67.8,11.33,775.2,287.99,0.0,0.0, , 
,289.36,2240,81.0,0.0,10101001,288.68,1600,62.0,9.27,714.0,289.03,0.0,0.0, , 
,290.33,2368,81.0,0.0,10111101,289.70,2528,81.2,12.36,867.0,289.99,0.0,0.0, , 
,291.42,1952,81.0,0.0,10101011,290.69,1888,26.7,4.12,357.0,291.06,0.0,0.0, , 
,292.48,2048,81.0,0.0,10101001,291.77,1824,78.4,12.36,887.4,292.13,0.0,0.0, , 
,293.49,2176,81.0,0.0,10101001,292.81,2112,56.1,6.18,673.2,293.14,0.0,0.0, , 
,294.47,2400,81.0,0.8,10101001,293.82,2240,71.0,10.30,775.2,294.14,0.0,0.0, , 
,295.52,2560,81.0,0.0,10101001,294.83,2464,67.8,10.30,734.4,295.16,0.0,0.0, , 
,296.55,2464,81.0,-3.1,10111101,295.87,2560,29.4,3.09,377.4,296.20,0.0,0.0, , 
,297.53,2336,81.0,0.0,10111101,296.89,2432,17.6,2.06,244.8,297.21,0.0,0.0, , 
,298.52,2208,81.0,0.0,10101001,297.87,2240,16.1,2.06,244.8,298.19,0.0,0.0, , 
,299.51,2592,81.0,0.0,11101001,298.85,2336,88.6,15.45,969.0,299.19,0.0,0.0, , 
,300.57,1632,81.0,0.0,11111111,299.86,2688,0.0,0.00,673.2,300.21,0.0,0.0, , 
,301.47,1056,81.0,0.0,11111111,300.84,1088,25.1,4.12,357.0,301.16,0.0,0.0, , 
,302.39,992,81.0,0.0,11111111,301.79,1088,26.7,4.12,377.4,302.10,0.0,0.0, , 
,303.34,928,81.0,-2.3,11111111,302.69,960,26.7,3.09,377.4,303.01,0.0,0.0, , 
,304.29,960,81.0,-8.6,11101011,303.64,960,28.2,3.09,397.8,303.98,0.0,0.0, , 
,305.31,2176,81.0,-8.6,11101001,304.65,1248,32.5,4.12,418.2,304.97,0.0,0.0, , 
,306.34,1120,82.5,0.0,11111111,305.66,2144,0.0,0.00,244.8,306.03,0.0,0.0, , 
,307.27,1120,82.5,0.0,11111111,306.62,992,34.1,5.15,438.6,306.95,0.0,0.0, , 
,308.25,928,82.5,0.0,11111111,307.62,1024,25.1,3.09,357.0,307.93,0.0,0.0, , 
,309.26,1664,82.5,0.0,11101011,308.56,960,28.2,4.12,397.8,308.91,0.0,0.0, , 
,310.34,1632,82.5,0.0,11101011,309.63,1568,50.2,8.24,591.6,309.96,0.0,0.0, , 
,311.46,1856,82.5,0.0,11101011,310.73,1696,63.5,10.30,734.4,311.11,0.0,0.0, , 
,312.50,2080,82.5,2.7,11101001,311.81,1920,67.8,10.30,775.2,312.16,0.0,0.0, , 
,313.55,2400,82.5,6.6,11101001,312.84,2176,67.8,10.30,754.8,313.19,0.0,0.0, , 
,314.57,2720,82.5,10.5,11101001,313.90,2464,71.0,11.33,775.2,314.24,0.0,0.0, , 
,315.69,2784,82.5,0.0,11111101,314.90,2848,79.6,13.39,867.0,315.34,0.0,0.0, , 
,316.74,1984,84.0,0.0,11101001,316.03,2240,0.0,0.00,295.8,316.38,0.0,0.0, , 
,317.78,2016,82.5,0.0,11101001,317.08,2016,29.4,4.12,377.4,317.43,0.0,0.0, , 
,318.81,2144,82.5,2.0,11101001,318.12,2048,67.8,10.30,754.8,318.48,0.0,0.0, , 
,319.82,2272,82.5,5.1,11101001,319.14,2176,66.3,10.30,754.8,319.48,0.0,0.0, , 
,320.86,2368,82.5,9.8,11101001,320.15,2304,65.1,10.30,734.4,320.51,0.0,0.0, , 
,321.88,2496,82.5,12.1,11101001,321.22,2400,62.0,10.30,693.6,321.57,0.0,0.0, , 
,322.89,2624,82.5,7.8,11101001,322.24,2528,72.2,11.33,775.2,322.56,0.0,0.0, , 
,323.89,2784,82.5,7.4,11101001,323.22,2656,81.2,13.39,887.4,323.56,0.0,0.0, , 
,324.91,2944,82.5,8.2,11101001,324.25,2848,81.2,13.39,867.0,324.64,0.0,0.0, , 
,325.91,2912,82.5,0.0,11111101,325.18,3008,78.4,13.39,867.0,325.57,0.0,0.0, , 
,326.92,2016,82.5,0.0,11101001,326.25,2368,0.0,0.00,295.8,326.57,0.0,0.0, , 
,327.93,2144,84.0,0.0,11101001,327.25,2208,17.6,2.06,244.8,327.59,0.0,0.0, , 
,328.97,2240,82.5,0.0,11101001,328.28,2208,75.3,12.36,826.2,328.64,0.0,0.0, , 
,329.98,2304,82.5,3.5,11101001,329.31,2272,75.3,11.33,846.6,329.64,0.0,0.0, , 
,331.00,2368,84.0,7.0,11101001,330.32,2336,76.9,12.36,846.6,330.67,0.0,0.0, , 
,332.01,2464,84.0,5.9,11101001,331.33,2400,81.2,13.39,887.4,331.67,0.0,0.0, , 
,333.06,2560,84.0,5.9,11101001,332.35,2464,82.7,13.39,907.8,332.73,0.0,0.0, , 
,334.09,2624,84.0,8.6,11101001,333.41,2560,78.4,12.36,846.6,333.74,0.0,0.0, , 
,335.12,2688,84.0,10.2,11101001,334.42,2624,73.7,12.36,826.2,334.75,0.0,0.0, , 
,336.17,2784,84.0,11.7,11101001,335.46,2720,75.3,12.36,826.2,335.81,0.0,0.0, , 
,337.22,2848,84.0,12.1,11101001,336.50,2784,75.3,12.36,826.2,336.85,0.0,0.0, , 
,338.34,2912,84.0,10.9,11101001,337.57,2880,72.2,12.36,795.6,337.94,0.0,0.0, , 
,339.54,2976,84.0,6.3,11101001,338.61,2944,72.2,12.36,775.2,339.07,0.0,0.0, , 
,340.66,2112,84.0,0.0,11111101,339.96,2976,81.2,13.39,867.0,340.32,0.0,0.0, , 
,341.69,2080,84.0,0.0,11101001,340.99,1568,0.0,0.00,316.2,341.36,0.0,0.0, , 
,342.71,2208,84.0,-5.9,11101001,342.04,2208,20.8,3.09,295.8,342.38,0.0,0.0, , 
,343.68,2208,84.0,0.0,11101001,343.02,2208,35.3,4.12,418.2,343.36,0.0,0.0, , 
,344.69,2208,84.0,10.5,11101001,344.00,2208,45.9,6.18,550.8,344.35,0.0,0.0, , 
,345.71,2240,84.0,10.5,11101001,345.03,2240,56.1,7.21,632.4,345.38,0.0,0.0, , 
,346.70,2272,84.0,12.5,11101001,346.04,2240,59.2,8.24,673.2,346.37,0.0,0.0, , 
,347.71,2272,84.0,14.8,11101001,347.04,2272,67.8,10.30,754.8,347.37,0.0,0.0, , 
,348.75,2304,84.0,18.8,11101001,348.06,2304,67.8,10.30,754.8,348.41,0.0,0.0, , 
,349.74,2336,84.0,20.3,11101001,349.09,2304,66.3,10.30,734.4,349.42,0.0,0.0, , 
,350.79,2304,84.0,0.0,11111101,350.09,2336,28.2,3.09,377.4,350.45,0.0,0.0, , 
,351.77,2272,84.0,0.0,11101001,351.12,2304,0.0,0.00,244.8,351.45,0.0,0.0, , 
,352.81,2208,84.0,0.0,11101001,352.13,2240,19.2,2.06,275.4,352.47,0.0,0.0, , 
,353.82,2208,84.0,13.3,11101001,353.16,2208,54.5,7.21,632.4,353.48,0.0,0.0, , 
,354.84,2240,84.0,18.0,11101001,354.16,2240,54.5,7.21,632.4,354.50,0.0,0.0, , 
,355.88,2272,84.0,23.4,11101001,355.18,2240,54.5,7.21,632.4,355.51,0.0,0.0, , 
,356.89,2272,84.0,26.2,11101001,356.21,2272,54.5,8.24,632.4,356.55,0.0,0.0, , 
,357.91,2272,84.0,28.1,11101001,357.23,2272,54.5,8.24,612.0,357.55,0.0,0.0, , 
,358.89,2304,84.0,10.5,11101001,358.24,2272,54.5,8.24,612.0,358.57,0.0,0.0, , 
,359.90,2272,84.0,10.9,11101001,359.23,2272,54.5,8.24,632.4,359.57,0.0,0.0, , 
,360.91,2304,84.0,8.2,11101001,360.21,2304,56.1,9.27,652.8,360.56,0.0,0.0, , 
,361.91,2304,84.0,9.0,11101001,361.24,2304,62.0,9.27,693.6,361.58,0.0,0.0, , 
,362.94,2304,84.0,8.6,11101001,362.25,2304,59.2,9.27,673.2,362.60,0.0,0.0, , 
,363.93,2304,84.0,9.0,11101001,363.29,2304,56.1,8.24,632.4,363.62,0.0,0.0, , 
,364.93,2304,84.0,8.2,11101001,364.26,2304,54.5,8.24,632.4,364.60,0.0,0.0, , 
,365.96,2304,84.0,7.8,11101001,365.28,2304,56.1,8.24,632.4,365.61,0.0,0.0, , 
,366.96,2304,84.0,7.8,11101001,366.28,2304,56.1,8.24,632.4,366.62,0.0,0.0, , 
,367.98,2304,84.0,7.8,11101001,367.30,2304,56.1,8.24,632.4,367.64,0.0,0.0, , 
,368.98,2336,84.0,7.8,11101001,368.30,2336,54.5,8.24,632.4,368.63,0.0,0.0, , 
,369.98,2368,84.0,7.4,11101001,369.31,2336,54.5,8.24,632.4,369.66,0.0,0.8, , 
,370.99,2368,84.0,7.4,11101001,370.31,2368,54.5,8.24,612.0,370.66,0.0,0.8, , 
,372.05,2400,84.0,7.4,11101001,371.35,2368,54.5,8.24,612.0,371.69,0.0,0.8, , 
,373.13,2400,84.0,7.8,11101001,372.41,2400,53.3,8.24,612.0,372.76,0.0,0.8, , 
,374.14,2432,84.0,5.9,11101001,373.45,2400,53.3,8.24,612.0,373.78,0.0,0.8, , 
,375.24,2432,84.0,5.5,11101001,374.51,2432,53.3,8.24,612.0,374.88,0.0,0.8, , 
,376.31,2464,84.0,4.3,11101001,375.61,2432,51.8,8.24,591.6,375.98,0.0,1.2, , 
,377.40,2464,84.0,3.5,11101001,376.70,2464,50.2,7.21,571.2,377.05,0.0,1.2, , 
,378.44,2496,84.0,3.1,11101001,377.76,2496,45.9,6.18,520.2,378.09,0.0,1.2, , 
,379.47,2496,84.0,2.3,11101001,378.78,2496,44.3,6.18,499.8,379.12,0.0,1.2, , 
,380.53,2528,82.5,0.8,11101001,379.84,2528,40.0,6.18,479.4,380.18,0.0,1.2, , 
,381.53,2560,84.0,-0.4,11101001,380.88,2528,36.9,5.15,438.6,381.21,0.0,1.2, , 
,382.58,2592,84.0,-0.8,11101001,381.89,2560,36.9,5.15,438.6,382.24,0.0,1.2, , 
,383.59,2592,84.0,-0.8,11101001,382.92,2592,36.9,5.15,438.6,383.27,0.0,1.2, , 
,384.64,2592,84.0,-2.7,11101001,383.92,2592,35.3,5.15,438.6,384.27,0.0,1.2, , 
,385.65,2592,84.0,-2.7,11101001,384.99,2592,29.4,4.12,377.4,385.33,0.0,1.2, , 
,386.66,2560,84.0,-2.7,11101001,385.98,2560,29.4,4.12,377.4,386.31,0.0,1.2, , 
,387.70,2528,82.5,-3.5,11101001,387.02,2528,29.4,4.12,377.4,387.36,0.0,1.2, , 
,388.78,2464,82.5,-2.7,11101001,388.06,2496,31.0,4.12,377.4,388.42,0.0,1.2, , 
,389.82,2432,82.5,-0.4,11101001,389.12,2464,31.0,4.12,377.4,389.46,0.0,0.8, , 
,390.85,2400,82.5,0.8,11101001,390.17,2400,41.2,6.18,479.4,390.49,0.0,0.8, , 
,391.89,2368,82.5,2.7,11101001,391.21,2368,41.2,6.18,479.4,391.54,0.0,0.8, , 
,392.91,2368,82.5,3.9,11101001,392.23,2368,44.3,6.18,520.2,392.56,0.0,0.8, , 
,393.94,2368,82.5,2.0,11101001,393.27,2368,42.7,6.18,499.8,393.61,0.0,0.8, , 
,394.97,2336,82.5,0.0,11101001,394.27,2336,32.5,4.12,397.8,394.64,0.0,1.6, , 
,396.02,2336,82.5,-1.6,11101001,395.31,2336,34.1,4.12,418.2,395.67,0.0,1.6, , 
,397.08,2336,82.5,-1.6,11101001,396.37,2336,34.1,4.12,418.2,396.71,0.0,1.6, , 
,398.12,2304,82.5,-2.0,11101001,397.45,2336,34.1,4.12,418.2,397.79,0.0,1.6, , 
,399.14,2304,82.5,-2.0,11101001,398.46,2304,35.3,5.15,418.2,398.80,0.0,1.6, , 
,400.12,2304,84.0,0.8,11101001,399.47,2304,44.3,6.18,520.2,399.80,0.0,1.6, , 
,401.12,2304,82.5,2.3,11101001,400.44,2304,44.3,6.18,520.2,400.79,0.0,1.6, , 
,402.12,2272,82.5,3.1,11101001,401.48,2304,44.3,6.18,520.2,401.79,0.0,1.6, , 
,403.15,2272,82.5,3.5,11101001,402.46,2272,44.3,6.18,520.2,402.81,0.0,1.6, , 
,404.17,2272,82.5,3.9,11101001,403.48,2272,44.3,6.18,520.2,403.83,0.0,1.6, , 
,405.15,2272,82.5,3.1,11101001,404.51,2272,44.3,6.18,520.2,404.82,0.0,2.0, , 
,406.19,2304,82.5,2.0,11101001,405.50,2304,44.3,6.18,520.2,405.84,0.0,2.0, , 
,407.24,2304,82.5,2.3,11101001,406.54,2304,44.3,6.18,520.2,406.89,0.0,2.0, , 
,408.27,2336,82.5,2.0,11101001,407.59,2304,44.3,6.18,520.2,407.92,0.0,2.0, , 
,409.29,2336,82.5,2.0,11101001,408.59,2336,44.3,6.18,499.8,408.92,0.0,2.0, , 
,410.29,2368,82.5,2.3,11101001,409.62,2336,42.7,6.18,499.8,409.95,0.0,2.0, , 
,411.31,2368,82.5,1.6,11101001,410.61,2368,42.7,6.18,499.8,410.96,0.0,2.0, , 
,412.32,2400,82.5,1.6,11101001,411.66,2368,42.7,6.18,499.8,411.96,0.0,2.0, , 
,413.36,2432,82.5,0.4,11101001,412.66,2400,42.7,6.18,499.8,413.02,0.0,2.0, , 
,414.42,2432,82.5,-2.0,11101001,413.70,2432,41.2,6.18,499.8,414.06,0.0,2.0, , 
,415.49,2464,82.5,0.8,11101001,414.79,2464,41.2,5.15,479.4,415.15,0.0,2.0, , 
,416.54,2464,82.5,0.8,11101001,415.86,2464,40.0,5.15,479.4,416.20,0.0,2.0, , 
,417.62,2464,82.5,1.2,11101001,416.89,2464,40.0,5.15,479.4,417.24,0.0,2.0, , 
,418.69,2464,82.5,3.1,11101001,417.98,2464,40.0,5.15,479.4,418.35,0.0,2.0, , 
,419.78,2464,82.5,4.3,11101001,419.07,2464,50.2,7.21,571.2,419.42,0.0,2.0, , 
,420.81,2464,82.5,9.0,11101001,420.14,2464,56.1,8.24,632.4,420.47,0.0,2.0, , 
,421.89,2464,82.5,10.9,11101001,421.17,2464,60.4,9.27,673.2,421.54,0.0,2.0, , 
,422.97,2464,82.5,10.2,11101001,422.26,2464,53.3,8.24,612.0,422.62,0.0,2.0, , 
,424.07,2432,82.5,3.5,11101001,423.31,2464,53.3,8.24,612.0,423.68,0.0,2.0, , 
,425.18,2432,82.5,3.1,11101001,424.44,2432,53.3,8.24,612.0,424.82,0.0,2.0, , 
,426.22,2400,82.5,3.1,11101001,425.54,2400,54.5,8.24,612.0,425.87,0.0,2.0, , 
,427.26,2400,82.5,3.5,11101001,426.58,2400,59.2,9.27,652.8,426.90,0.0,2.0, , 
,428.33,2400,82.5,3.9,11101001,427.60,2400,59.2,9.27,652.8,427.95,0.0,2.0, , 
,429.41,2400,82.5,3.9,11101001,428.66,2400,59.2,9.27,652.8,429.02,0.0,2.0, , 
,430.40,2400,82.5,3.9,11101001,429.74,2400,57.6,9.27,652.8,430.05,0.0,2.0, , 
,431.47,2400,82.5,4.3,11101001,430.74,2400,57.6,9.27,652.8,431.09,0.0,2.0, , 
,432.54,2400,82.5,4.7,11101001,431.85,2400,57.6,9.27,652.8,432.18,0.0,2.0, , 
,433.61,2432,82.5,3.5,11101001,432.91,2400,57.6,9.27,652.8,433.26,0.0,2.0, , 
,434.69,2432,82.5,3.9,11101001,433.98,2432,57.6,9.27,652.8,434.34,0.0,2.0, , 
,435.73,2432,82.5,3.1,11101001,435.03,2432,56.1,8.24,632.4,435.37,0.0,2.0, , 
,436.75,2464,82.5,0.0,11101001,436.07,2464,59.2,9.27,673.2,436.42,0.0,2.0, , 
,437.80,2464,82.5,-1.6,11101001,437.10,2464,42.7,6.18,499.8,437.44,0.0,2.0, , 
,438.83,2464,82.5,-2.7,11101001,438.13,2464,41.2,6.18,479.4,438.46,0.0,2.0, , 
,439.88,2432,82.5,-7.8,11101001,439.18,2432,23.5,3.09,316.2,439.55,0.0,2.0, , 
,440.84,2368,82.5,0.0,11111101,440.19,2400,19.2,2.06,275.4,440.51,0.0,2.0, , 
,441.82,2336,82.5,0.0,11101001,441.18,2368,0.0,0.00,244.8,441.48,0.0,2.0, , 
,442.81,2336,82.5,0.0,11101001,442.15,2336,16.1,3.09,244.8,442.48,0.0,2.0, , 
,443.83,2304,82.5,-0.4,11101001,443.16,2336,44.3,6.18,520.2,443.48,0.0,2.0, , 
,444.82,2304,82.5,-1.2,11101001,444.16,2304,44.3,6.18,520.2,444.50,0.0,2.0, , 
,445.83,2304,82.5,-2.3,11101001,445.17,2304,44.3,6.18,520.2,445.49,0.0,2.0, , 
,446.82,2304,82.5,-2.0,11101001,446.16,2304,44.3,6.18,520.2,446.50,0.0,2.0, , 
,447.84,2304,82.5,0.0,11101001,447.17,2304,47.1,6.18,550.8,447.49,0.0,2.0, , 
,448.88,2304,82.5,0.0,11101001,448.18,2304,47.1,6.18,550.8,448.51,0.0,2.0, , 
,449.88,2304,82.5,-1.2,11101001,449.20,2304,50.2,7.21,571.2,449.55,0.0,2.0, , 
,450.91,2336,82.5,-0.4,11101001,450.23,2336,51.8,7.21,591.6,450.56,0.0,2.0, , 
,451.97,2336,82.5,3.5,11101001,451.27,2336,56.1,8.24,632.4,451.61,0.0,2.0, , 
,452.95,2336,82.5,8.2,11101001,452.32,2336,60.4,9.27,673.2,452.65,0.0,2.0, , 
,453.98,2368,82.5,9.0,11101001,453.27,2336,65.1,10.30,734.4,453.64,0.0,2.0, , 
,455.02,2368,82.5,10.5,11101001,454.32,2368,65.1,10.30,734.4,454.66,0.0,2.0, , 
,456.10,2368,82.5,10.9,11101001,455.36,2368,63.5,10.30,714.0,455.74,0.0,2.0, , 
,457.07,2368,82.5,10.2,11101001,456.41,2368,62.0,10.30,693.6,456.75,0.0,2.0, , 
,458.05,2400,82.5,8.6,11101001,457.40,2368,60.4,9.27,673.2,457.71,0.0,2.0, , 
,459.06,2400,82.5,6.3,11101001,458.40,2400,60.4,9.27,673.2,458.72,0.0,2.0, , 
,460.08,2400,82.5,5.5,11101001,459.41,2400,60.4,9.27,673.2,459.73,0.0,2.0, , 
,461.08,2400,82.5,5.5,11101001,460.40,2400,60.4,9.27,673.2,460.75,0.0,2.0, , 
,462.10,2432,82.5,6.3,11101001,461.43,2400,59.2,9.27,652.8,461.77,0.0,2.0, , 
,463.15,2432,82.5,5.5,11101001,462.42,2432,57.6,9.27,652.8,462.78,0.0,2.0, , 
,464.26,2432,82.5,4.7,11101001,463.49,2432,56.1,8.24,632.4,463.87,0.0,2.0, , 
,465.28,2464,82.5,4.7,11101001,464.60,2464,56.1,8.24,632.4,464.94,0.0,2.0, , 
,466.37,2464,82.5,4.7,11101001,465.64,2464,56.1,8.24,632.4,466.01,0.0,2.0, , 
,467.42,2496,82.5,4.7,11101001,466.71,2496,54.5,8.24,632.4,467.07,0.0,2.0, , 
,468.42,2496,82.5,4.3,11101001,467.74,2496,54.5,8.24,632.4,468.06,0.0,2.0, , 
,469.44,2496,82.5,1.2,11101001,468.76,2496,51.8,7.21,591.6,469.11,0.0,2.0, , 
,470.43,2496,82.5,-0.4,11101001,469.76,2496,41.2,6.18,479.4,470.10,0.0,2.0, , 
,471.42,2496,82.5,-2.0,11101001,470.75,2496,41.2,6.18,479.4,471.07,0.0,2.0, , 
,472.43,2496,82.5,-2.3,11101001,471.76,2496,41.2,5.15,479.4,472.10,0.0,2.0, , 
,473.50,2464,82.5,1.6,11101001,472.78,2496,42.7,6.18,499.8,473.14,0.0,2.0, , 
,474.57,2464,82.5,3.5,11101001,473.86,2496,51.8,7.21,591.6,474.21,0.0,2.0, , 
,475.67,2464,82.5,4.3,11101001,474.95,2464,53.3,8.24,612.0,475.31,0.0,2.0, , 
,476.74,2464,82.5,7.0,11101001,476.02,2464,53.3,8.24,612.0,476.40,0.0,2.0, , 
,477.76,2464,82.5,9.4,11101001,477.06,2464,59.2,9.27,673.2,477.40,0.0,2.0, , 
,478.78,2464,82.5,9.0,11101001,478.08,2464,59.2,9.27,652.8,478.42,0.0,2.0, , 
,479.80,2464,82.5,9.4,11101001,479.13,2464,59.2,9.27,652.8,479.46,0.0,2.0, , 
,480.89,2464,82.5,10.2,11101001,480.18,2464,60.4,9.27,673.2,480.53,0.0,2.0, , 
,481.95,2496,84.0,9.8,11101001,481.23,2464,65.1,10.30,734.4,481.59,0.0,2.0, , 
,482.97,2496,82.5,10.5,11101001,482.27,2496,65.1,10.30,714.0,482.63,0.0,2.0, , 
,484.00,2496,84.0,9.4,11101001,483.31,2496,60.4,9.27,693.6,483.65,0.0,2.0, , 
,484.99,2528,82.5,5.9,11101001,484.33,2528,57.6,9.27,652.8,484.65,0.0,2.0, , 
,486.02,2528,82.5,3.1,11101001,485.31,2528,54.5,8.24,612.0,485.66,0.0,2.0, , 
,487.03,2528,84.0,-0.4,11101001,486.36,2528,40.0,5.15,479.4,486.70,0.0,2.0, , 
,488.09,2496,84.0,-2.0,11101001,487.39,2528,35.3,5.15,438.6,487.73,0.0,2.0, , 
,489.12,2496,84.0,-4.3,11101001,488.42,2496,35.3,5.15,438.6,488.78,0.0,2.0, , 
,490.11,2496,84.0,-5.5,11101001,489.47,2496,32.5,4.12,397.8,489.79,0.0,2.0, , 
,491.15,2464,84.0,-6.3,11101001,490.42,2496,32.5,4.12,397.8,490.77,0.0,2.0, , 
,492.19,2432,84.0,-2.7,11101001,491.50,2464,32.5,4.12,397.8,491.84,0.0,2.0, , 
,493.25,2432,84.0,1.2,11101001,492.55,2432,34.1,4.12,418.2,492.88,0.0,2.0, , 
,494.29,2400,84.0,1.6,11101001,493.58,2400,34.1,4.12,418.2,493.93,0.0,2.0, , 
,495.29,2368,84.0,0.8,11101001,494.64,2400,34.1,5.15,418.2,494.95,0.0,2.0, , 
,496.36,2368,84.0,1.6,11101001,495.65,2368,34.1,4.12,418.2,496.02,0.0,2.0, , 
,497.39,2368,84.0,0.8,11101001,496.71,2368,34.1,4.12,418.2,497.05,0.0,2.0, , 
,498.37,2304,84.0,-7.4,11111101,497.73,2368,23.5,3.09,316.2,498.04,0.0,2.0, , 
,499.37,2304,84.0,0.0,11101001,498.72,2336,0.0,0.00,244.8,499.04,0.0,2.0, , 
,500.36,2304,84.0,0.0,11101001,499.68,2304,16.1,2.06,244.8,500.01,0.0,2.0, , 
,501.35,2272,84.0,0.0,11111101,500.71,2304,16.1,2.06,244.8,501.02,0.0,2.0, , 
,502.36,2176,84.0,0.0,11111101,501.71,2240,0.0,0.00,244.8,502.03,0.0,2.0, , 
,503.35,2144,84.0,0.0,11111101,502.69,2176,0.0,0.00,244.8,503.02,0.0,2.0, , 
,504.36,2112,84.0,0.0,11111101,503.69,2144,0.0,0.00,244.8,504.02,0.0,2.0, , 
,505.38,2112,84.0,0.0,11111101,504.68,2112,0.0,0.00,244.8,505.04,0.0,2.0, , 
,506.43,2080,84.0,0.0,11101001,505.75,2112,16.1,3.09,244.8,506.09,0.0,2.0, , 
,507.48,2080,84.0,-7.8,11101001,506.78,2080,19.2,2.06,275.4,507.12,0.0,2.0, , 
,508.51,2048,84.0,-11.7,11101001,507.83,2048,22.0,3.09,316.2,508.16,0.0,2.0, , 
,509.62,2048,84.0,-14.5,11101001,508.87,2048,22.0,2.06,316.2,509.24,0.0,2.0, , 
,510.67,2016,84.0,-14.5,11101001,509.96,2016,22.0,2.06,316.2,510.31,0.0,2.0, , 
,511.70,1984,84.0,-13.7,11101011,511.01,1984,23.5,2.06,336.6,511.36,0.0,2.0, , 
,512.79,1984,84.0,-6.3,11101011,512.05,1984,31.0,3.09,397.8,512.43,0.0,2.0, , 
,513.87,1984,84.0,-0.4,11101011,513.15,1984,44.3,5.15,520.2,513.53,0.0,2.0, , 
,514.93,1984,82.5,3.5,11101001,514.22,1984,44.3,6.18,550.8,514.56,0.0,2.0, , 
,516.01,2016,82.5,8.2,11101001,515.29,1984,44.3,6.18,520.2,515.65,0.0,2.0, , 
,517.09,2016,82.5,9.4,11101001,516.38,2016,44.3,6.18,520.2,516.75,0.0,2.0, , 
,518.17,2016,84.0,10.5,11101001,517.46,2016,44.3,6.18,520.2,517.84,0.0,2.0, , 
,519.26,1984,82.5,9.4,11101001,518.54,2016,44.3,6.18,520.2,518.90,0.0,2.0, , 
,520.35,1984,82.5,9.4,11101001,519.62,1984,44.3,6.18,520.2,519.96,0.0,2.0, , 
,521.44,1952,82.5,6.6,11101011,520.71,1984,48.6,7.21,571.2,521.07,0.0,2.0, , 
,522.53,1920,82.5,5.1,11101011,521.79,1952,48.6,7.21,571.2,522.16,0.0,2.0, , 
,523.61,1920,82.5,4.7,11101011,522.88,1920,50.2,7.21,591.6,523.25,0.0,2.0, , 
,524.66,1856,82.5,0.0,11111111,523.98,1888,45.9,6.18,550.8,524.33,0.0,2.0, , 
,525.64,1760,82.5,0.0,11111111,524.99,1824,20.8,2.06,295.8,525.32,0.0,2.0, , 
,526.69,1696,84.0,0.0,11111111,525.99,1760,0.0,0.00,316.2,526.34,0.0,2.0, , 
,527.67,1632,82.5,0.0,11111111,527.01,1664,0.0,0.00,316.2,527.34,0.0,2.0, , 
,528.64,928,82.5,0.0,11111111,528.01,1600,0.0,0.00,316.2,528.30,0.0,0.0, , 
,529.57,1408,82.5,0.0,11101011,528.95,1088,32.5,5.15,438.6,529.26,0.0,0.0, , 
,530.67,1856,82.5,-6.3,11101011,529.93,1952,19.2,3.09,295.8,530.30,0.0,2.0, , 
,531.75,1792,82.5,-0.4,11101011,531.01,1824,34.1,4.12,438.6,531.40,0.0,2.0, , 
,532.86,1792,82.5,1.6,11101011,532.11,1792,47.1,7.21,571.2,532.49,0.0,2.0, , 
,533.82,1792,82.5,2.0,11101011,533.19,1792,48.6,7.21,591.6,533.51,0.0,2.0, , 
,534.90,1760,82.5,3.1,11101011,534.14,1792,44.3,6.18,520.2,534.53,0.0,2.0, , 
,535.87,992,82.5,0.0,11101011,535.24,1760,41.2,4.12,520.2,535.56,0.0,0.0, , 
,536.85,2176,82.5,0.0,11101001,536.17,1376,35.3,5.15,459.0,536.50,0.0,2.0, , 
,537.83,2240,82.5,1.2,11101001,537.18,2272,36.9,5.15,438.6,537.51,0.0,2.0, , 
,538.85,2272,82.5,3.9,11101001,538.18,2240,47.1,6.18,571.2,538.49,0.0,2.0, , 
,539.83,2272,82.5,0.0,11101001,539.17,2272,47.1,6.18,550.8,539.50,0.0,2.0, , 
,540.82,2240,82.5,-8.2,11101001,540.17,2272,19.2,2.06,275.4,540.50,0.0,2.0, , 
,541.83,2240,82.5,-4.3,11101001,541.18,2240,40.0,4.12,479.4,541.51,0.0,2.0, , 
,542.84,2272,82.5,1.2,11101001,542.17,2272,40.0,5.15,479.4,542.50,0.0,2.0, , 
,543.87,2304,82.5,3.9,11101001,543.18,2272,38.4,5.15,459.0,543.52,0.0,2.0, , 
,544.88,2336,82.5,4.3,11101001,544.22,2304,40.0,5.15,479.4,544.55,0.0,2.0, , 
,545.93,2368,82.5,3.1,11101001,545.24,2336,40.0,5.15,479.4,545.59,0.0,2.0, , 
,546.93,2400,82.5,2.3,11101001,546.26,2368,38.4,5.15,459.0,546.58,0.0,2.0, , 
,547.99,2464,82.5,2.0,11101001,547.27,2432,42.7,6.18,499.8,547.64,0.0,2.0, , 
,549.04,2528,82.5,2.0,11101001,548.36,2496,41.2,6.18,479.4,548.68,0.0,2.0, , 
,550.04,2592,82.5,2.3,11101001,549.37,2528,41.2,6.18,479.4,549.69,0.0,2.0, , 
,551.01,2688,82.5,0.0,11101001,550.36,2592,53.3,7.21,612.0,550.70,0.0,2.0, , 
,552.08,2816,82.5,-0.8,11101001,551.35,2720,63.5,9.27,714.0,551.73,0.0,2.0, , 
,553.06,2944,82.5,4.7,11101001,552.41,2848,73.7,11.33,795.6,552.79,0.0,2.0, , 
,553.98,3040,82.5,0.0,11111101,553.33,3008,71.0,11.33,775.2,553.71,0.0,2.0, , 
,555.00,1664,82.5,0.0,11111111,554.30,2656,0.0,0.00,295.8,554.64,0.0,2.0, , 
,556.03,2240,82.5,0.0,11101001,555.34,1920,19.2,3.09,295.8,555.70,0.0,2.0, , 
,557.02,2272,82.5,0.0,11101001,556.35,2208,48.6,7.21,550.8,556.69,0.0,2.0, , 
,557.99,2336,82.5,0.0,11101001,557.33,2272,67.8,10.30,754.8,557.67,0.0,2.0, , 
,558.99,2400,82.5,0.4,11101001,558.33,2368,79.6,12.36,887.4,558.64,0.0,2.0, , 
,560.03,2496,82.5,0.8,11101001,559.32,2432,79.6,12.36,867.0,559.67,0.0,2.0, , 
,561.05,2560,82.5,0.0,11101001,560.38,2528,82.7,13.39,907.8,560.71,0.0,2.0, , 
,562.08,2624,82.5,2.7,11101001,561.38,2592,66.3,10.30,734.4,561.75,0.0,2.0, , 
,563.08,2656,82.5,6.6,11101001,562.42,2624,60.4,9.27,673.2,562.75,0.0,2.0, , 
,564.07,2688,82.5,8.6,11101001,563.38,2688,60.4,9.27,673.2,563.73,0.0,2.0, , 
,565.10,2720,82.5,9.0,11101001,564.41,2720,59.2,9.27,673.2,564.75,0.0,2.0, , 
,566.16,2784,84.0,9.0,11101001,565.47,2752,60.4,9.27,673.2,565.81,0.0,2.0, , 
,567.22,2816,84.0,10.5,11101001,566.51,2784,62.0,10.30,693.6,566.85,0.0,2.0, , 
,568.23,2880,84.0,11.7,11101001,567.57,2848,63.5,10.30,714.0,567.89,0.0,2.0, , 
,569.25,2912,84.0,12.1,11101001,568.56,2880,62.0,10.30,693.6,568.88,0.0,2.0, , 
,570.21,2944,84.0,10.5,11101001,569.65,2944,63.5,10.30,714.0,569.92,0.0,2.0, , 
,571.28,3008,84.0,8.6,11101001,570.66,2976,66.3,10.30,734.4,571.01,0.0,2.0, , 
,572.23,2112,84.0,0.0,11111101,571.54,3008,48.6,5.15,591.6,571.88,0.0,2.0, , 
,573.28,2240,84.0,0.0,11101001,572.59,1600,20.8,3.09,295.8,572.94,0.0,2.0, , 
,574.26,2272,84.0,0.0,11101001,573.62,2304,31.0,4.12,377.4,573.93,0.0,2.0, , 
,575.28,2304,84.0,8.6,11101001,574.60,2272,51.8,7.21,591.6,574.93,0.0,2.0, , 
,576.26,2304,84.0,8.2,11101001,575.61,2304,60.4,8.24,673.2,575.94,0.0,2.0, , 
,577.29,2336,84.0,10.2,11101001,576.61,2304,60.4,9.27,673.2,576.97,0.0,2.0, , 
,578.31,2336,84.0,9.8,11101001,577.62,2336,57.6,8.24,652.8,577.98,0.0,2.0, , 
,579.31,2336,84.0,9.0,11101001,578.66,2336,51.8,7.21,591.6,578.98,0.0,2.0, , 
,580.35,2368,84.0,7.8,11101001,579.65,2368,50.2,7.21,591.6,579.99,0.0,2.0, , 
,581.35,2336,84.0,0.0,11101001,580.69,2368,50.2,7.21,571.2,581.02,0.0,2.0, , 
,582.32,2304,84.0,-10.9,11101001,581.67,2336,19.2,2.06,275.4,582.00,0.0,2.0, , 
,583.31,2304,84.0,-18.4,11101001,582.66,2304,17.6,2.06,244.8,582.98,0.0,2.0, , 
,584.29,2272,84.0,-21.1,11101001,583.63,2272,17.6,2.06,244.8,583.96,0.0,2.0, , 
,585.32,2240,84.0,-22.7,11101001,584.64,2240,17.6,2.06,275.4,584.97,0.0,2.0, , 
,586.36,2208,84.0,-20.3,11101001,585.67,2208,22.0,2.06,316.2,586.02,0.0,2.0, , 
,587.42,2176,84.0,-12.5,11101001,586.71,2176,26.7,3.09,357.0,587.07,0.0,2.0, , 
,588.41,2176,84.0,-7.4,11101001,587.75,2176,36.9,4.12,459.0,588.08,0.0,2.0, , 
,589.43,2176,84.0,-3.1,11101001,588.74,2176,41.2,5.15,499.8,589.09,0.0,2.0, , 
,590.45,2144,84.0,0.0,11101001,589.78,2144,42.7,6.18,499.8,590.12,0.0,2.0, , 
,591.46,2176,84.0,0.4,11101001,590.77,2144,44.3,6.18,520.2,591.13,0.0,2.0, , 
,592.50,2176,84.0,0.8,11101001,591.82,2176,51.8,7.21,612.0,592.16,0.0,2.0, , 
,593.50,2176,85.5,3.9,11101001,592.84,2176,56.1,8.24,632.4,593.17,0.0,2.0, , 
,594.53,2208,84.0,5.5,11101001,593.84,2208,59.2,9.27,673.2,594.18,0.0,2.0, , 
,595.53,2240,84.0,5.9,11101001,594.86,2208,57.6,9.27,673.2,595.20,0.0,2.0, , 
,596.53,2240,84.0,5.5,11101001,595.88,2240,57.6,9.27,652.8,596.20,0.0,2.0, , 
,597.52,2240,84.0,1.6,11101001,596.86,2240,53.3,8.24,612.0,597.19,0.0,2.0, , 
,598.55,2272,84.0,-0.8,11101001,597.88,2240,53.3,7.21,612.0,598.21,0.0,2.0, , 
,599.55,2272,84.0,-2.3,11101001,598.88,2272,51.8,7.21,591.6,599.22,0.0,2.0, , 
,600.56,2272,84.0,0.8,11101001,599.89,2272,51.8,7.21,612.0,600.22,0.0,2.0, , 
,601.56,2272,84.0,1.6,11101001,600.91,2272,51.8,7.21,591.6,601.25,0.0,2.0, , 
,602.55,2304,84.0,1.2,11101001,601.90,2272,50.2,7.21,591.6,602.21,0.0,2.0, , 
,603.52,2304,84.0,2.0,11101001,602.87,2304,50.2,7.21,591.6,603.21,0.0,2.0, , 
,604.51,2304,84.0,2.0,11101001,603.87,2304,50.2,7.21,591.6,604.19,0.0,2.0, , 
,605.57,2336,84.0,2.0,11101001,604.87,2336,50.2,7.21,591.6,605.23,0.0,2.0, , 
,606.59,2336,84.0,3.9,11101001,605.92,2336,50.2,7.21,591.6,606.25,0.0,2.0, , 
,607.61,2336,84.0,3.5,11101001,606.92,2336,50.2,7.21,571.2,607.28,0.0,2.0, , 
,608.64,2336,84.0,2.7,11101001,607.95,2336,40.0,5.15,479.4,608.31,0.0,2.0, , 
,609.66,2336,84.0,1.6,11101001,608.97,2336,40.0,5.15,459.0,609.30,0.0,2.0, , 
,610.65,2336,84.0,0.4,11101001,609.99,2336,40.0,5.15,459.0,610.32,0.0,2.0, , 
,611.69,2336,84.0,0.0,11101001,611.00,2336,38.4,5.15,459.0,611.37,0.0,2.0, , 
,612.70,2336,84.0,-0.8,11101001,612.01,2336,38.4,5.15,459.0,612.37,0.0,2.0, , 
,613.69,2336,84.0,1.6,11101001,613.02,2336,40.0,5.15,479.4,613.37,0.0,2.0, , 
,614.72,2304,84.0,3.1,11101001,614.01,2304,40.0,5.15,479.4,614.35,0.0,2.0, , 
,615.74,2304,84.0,2.3,11101001,615.05,2304,41.2,6.18,479.4,615.39,0.0,2.0, , 
,616.76,2304,84.0,2.3,11101001,616.06,2304,41.2,5.15,499.8,616.38,0.0,2.0, , 
,617.76,2304,84.0,4.7,11101001,617.10,2304,50.2,7.21,571.2,617.42,0.0,2.0, , 
,618.79,2304,84.0,8.6,11101001,618.10,2304,59.2,9.27,673.2,618.44,0.0,2.0, , 
,619.84,2304,84.0,9.8,11101001,619.14,2304,60.4,9.27,693.6,619.49,0.0,2.0, , 
,620.88,2304,84.0,9.8,11101001,620.18,2304,62.0,10.30,714.0,620.53,0.0,2.0, , 
,621.89,2304,84.0,9.8,11101001,621.22,2304,62.0,9.27,693.6,621.54,0.0,2.0, , 
,622.90,2304,84.0,7.0,11101001,622.23,2304,62.0,9.27,693.6,622.57,0.0,2.0, , 
,623.88,2272,84.0,0.4,11101001,623.23,2304,48.6,7.21,571.2,623.55,0.0,2.0, , 
,624.89,2272,84.0,-4.7,11101001,624.22,2272,34.1,4.12,438.6,624.55,0.0,2.0, , 
,625.91,2208,84.0,-10.2,11101001,625.22,2240,23.5,3.09,316.2,625.56,0.0,2.0, , 
,626.95,2208,84.0,0.0,11101001,626.26,2208,26.7,3.09,336.6,626.61,0.0,2.0, , 
,627.98,2208,84.0,0.4,11101001,627.29,2208,57.6,8.24,652.8,627.64,0.0,2.0, , 
,628.99,2208,84.0,3.5,11101001,628.29,2208,63.5,9.27,714.0,628.64,0.0,2.0, , 
,630.05,2272,84.0,7.0,11101001,629.35,2240,69.4,10.30,775.2,629.68,0.0,2.0, , 
,631.07,2304,84.0,8.2,11101001,630.39,2272,69.4,11.33,775.2,630.73,0.0,2.0, , 
,632.13,2304,84.0,8.6,11101001,631.42,2304,69.4,11.33,775.2,631.78,0.0,2.0, , 
,633.12,2336,84.0,9.4,11101001,632.47,2336,69.4,11.33,754.8,632.79,0.0,2.0, , 
,634.14,2368,84.0,6.3,11101001,633.45,2368,63.5,10.30,714.0,633.80,0.0,2.0, , 
,635.21,2368,84.0,4.3,11101001,634.47,2368,56.1,8.24,632.4,634.81,0.0,2.0, , 
,636.23,2400,84.0,2.0,11101001,635.58,2400,50.2,7.21,591.6,635.91,0.0,2.0, , 
,637.30,2400,84.0,-1.6,11101001,636.59,2400,50.2,7.21,571.2,636.93,0.0,2.0, , 
,638.37,2400,84.0,-1.6,11101001,637.66,2400,50.2,7.21,571.2,638.02,0.0,2.0, , 
,639.41,2400,84.0,-0.8,11101001,638.70,2400,50.2,7.21,571.2,639.05,0.0,2.0, , 
,640.45,2400,84.0,0.4,11101001,639.77,2400,48.6,7.21,571.2,640.13,0.0,2.0, , 
,641.51,2432,84.0,-2.0,11101001,640.82,2400,50.2,7.21,571.2,641.15,0.0,2.0, , 
,642.58,2432,84.0,-0.8,11101001,641.87,2432,48.6,7.21,571.2,642.21,0.0,2.0, , 
,643.63,2432,84.0,0.8,11101001,642.93,2432,45.9,6.18,520.2,643.29,0.0,2.0, , 
,644.70,2432,84.0,-0.8,11101001,644.01,2432,44.3,6.18,520.2,644.36,0.0,2.0, , 
,645.75,2432,84.0,-3.9,11101001,645.07,2432,35.3,5.15,418.2,645.41,0.0,2.0, , 
,646.72,2432,84.0,-3.1,11101001,646.07,2432,31.0,4.12,397.8,646.40,0.0,2.0, , 
,647.73,2400,84.0,0.0,11111101,647.08,2432,20.8,2.06,295.8,647.40,0.0,2.0, , 
,648.69,2368,84.0,0.0,11101001,648.06,2400,0.0,0.00,244.8,648.37,0.0,2.0, , 
,649.66,2304,84.0,0.0,11101001,649.01,2336,16.1,3.09,244.8,649.34,0.0,2.0, , 
,650.67,2304,84.0,-8.2,11101001,649.99,2304,17.6,2.06,244.8,650.34,0.0,2.0, , 
,651.70,2272,84.0,-9.8,11101001,651.01,2272,42.7,5.15,499.8,651.36,0.0,2.0, , 
,652.71,2240,84.0,-8.2,11101001,652.03,2272,50.2,6.18,591.6,652.37,0.0,2.0, , 
,653.72,2240,84.0,0.0,11101001,653.05,2240,50.2,6.18,591.6,653.40,0.0,2.0, , 
,654.74,2176,84.0,0.0,11111101,654.06,2208,19.2,2.06,275.4,654.40,0.0,2.0, , 
,655.77,2112,84.0,0.0,11111101,655.10,2144,0.0,0.00,244.8,655.44,0.0,2.0, , 
,656.81,2016,84.0,0.0,11111101,656.13,2080,0.0,0.00,244.8,656.47,0.0,2.0, , 
,657.84,1984,84.0,0.0,11101011,657.15,2016,0.0,0.00,244.8,657.50,0.0,2.0, , 
,658.93,1952,84.0,0.0,11101011,658.21,1952,14.9,2.06,244.8,658.56,0.0,2.0, , 
,660.02,1920,84.0,-0.8,11101011,659.30,1952,42.7,6.18,520.2,659.67,0.0,2.0, , 
,661.14,1952,84.0,0.0,11101011,660.38,1920,62.0,9.27,714.0,660.76,0.0,2.0, , 
,662.20,2016,84.0,1.2,11101001,661.48,1984,60.4,8.24,693.6,661.84,0.0,2.0, , 
,663.24,2048,84.0,3.1,11101001,662.55,2016,59.2,8.24,693.6,662.89,0.0,2.0, , 
,664.30,2048,84.0,1.6,11101001,663.61,2048,50.2,7.21,591.6,663.95,0.0,2.0, , 
,665.37,2080,84.0,-4.7,11101001,664.66,2080,32.5,4.12,418.2,665.01,0.0,2.0, , 
,666.42,2016,84.0,-12.9,11111101,665.73,2080,23.5,3.09,316.2,666.07,0.0,2.0, , 
,667.46,2048,84.0,0.0,11111101,666.77,2048,16.1,2.06,244.8,667.12,0.0,2.0, , 
,668.50,1984,84.0,0.0,11101001,667.80,2016,0.0,0.00,244.8,668.16,0.0,2.0, , 
,669.54,1984,84.0,0.0,11101011,668.84,2016,16.1,3.09,244.8,669.20,0.0,2.0, , 
,670.63,2016,84.0,0.8,11101001,669.90,1984,53.3,8.24,632.4,670.27,0.0,2.0, , 
,671.71,2048,84.0,-2.7,11101001,671.01,2016,53.3,7.21,632.4,671.35,0.0,2.0, , 
,672.73,2080,84.0,2.3,11101001,672.04,2048,59.2,8.24,673.2,672.39,0.0,2.0, , 
,673.76,2112,84.0,2.7,11101001,673.08,2080,59.2,9.27,673.2,673.42,0.0,2.0, , 
,674.81,2144,84.0,5.5,11101001,674.11,2112,63.5,9.27,714.0,674.45,0.0,2.0, , 
,675.84,2144,84.0,5.9,11101001,675.16,2144,62.0,10.30,714.0,675.48,0.0,2.0, , 
,676.84,2176,84.0,6.3,11101001,676.17,2176,62.0,9.27,714.0,676.50,0.0,2.0, , 
,677.86,2208,84.0,5.5,11101001,677.18,2176,60.4,9.27,693.6,677.52,0.0,2.0, , 
,678.89,2240,84.0,5.5,11101001,678.18,2208,60.4,9.27,693.6,678.53,0.0,2.0, , 
,679.93,2240,84.0,3.5,11101001,679.25,2240,57.6,8.24,652.8,679.59,0.0,2.0, , 
,680.93,2272,84.0,3.5,11101001,680.26,2240,57.6,9.27,652.8,680.60,0.0,2.0, , 
,681.94,2272,84.0,2.7,11101001,681.28,2272,57.6,8.24,652.8,681.61,0.0,2.0, , 
,682.97,2272,84.0,0.8,11101001,682.29,2272,48.6,7.21,571.2,682.63,0.0,2.0, , 
,683.99,2272,84.0,-6.3,11101001,683.32,2272,36.9,5.15,438.6,683.65,0.0,2.0, , 
,685.04,2272,84.0,-12.5,11101001,684.35,2272,23.5,3.09,316.2,684.69,0.0,2.0, , 
,686.09,2240,84.0,-15.6,11101001,685.38,2272,25.1,3.09,336.6,685.74,0.0,2.0, , 
,687.16,2240,84.0,-16.8,11101001,686.44,2240,26.7,3.09,336.6,686.79,0.0,2.0, , 
,688.18,2208,82.5,-15.6,11101001,687.49,2240,26.7,3.09,357.0,687.84,0.0,2.0, , 
,689.21,2208,84.0,-11.3,11101001,688.52,2208,26.7,3.09,357.0,688.87,0.0,2.0, , 
,690.23,2176,84.0,-7.8,11101001,689.56,2176,28.2,3.09,357.0,689.90,0.0,2.0, , 
,691.28,2144,84.0,-2.7,11101001,690.58,2176,31.0,3.09,377.4,690.92,0.0,2.0, , 
,692.32,2144,84.0,-1.2,11101001,691.64,2144,36.9,5.15,459.0,691.99,0.0,2.0, , 
,693.33,2112,84.0,-10.5,11101001,692.66,2144,22.0,3.09,316.2,692.99,0.0,2.0, , 
,694.36,2080,84.0,-16.8,11101001,693.66,2080,17.6,2.06,275.4,693.99,0.0,2.0, , 
,695.43,2048,82.5,-18.8,11101001,694.72,2080,19.2,2.06,275.4,695.06,0.0,2.0, , 
,696.48,2016,84.0,-19.1,11101001,695.78,2048,22.0,2.06,316.2,696.13,0.0,2.0, , 
,697.54,2016,84.0,-23.4,11101001,696.84,2016,20.8,2.06,295.8,697.20,0.0,2.0, , 
,698.61,1952,84.0,-28.5,11111111,697.91,1984,14.9,1.03,244.8,698.25,0.0,2.0, , 
,699.68,1344,84.0,0.0,11111111,698.95,1920,0.0,0.00,275.4,699.34,0.0,2.0, , 
,700.61,1152,84.0,0.0,11111111,700.00,960,29.4,5.15,397.8,700.30,0.0,0.0, , 
,701.52,1024,82.5,0.0,11111111,700.92,1120,23.5,3.09,357.0,701.23,0.0,0.0, , 
,702.47,928,82.5,-2.0,11111111,701.85,992,25.1,3.09,357.0,702.15,0.0,0.0, , 
,703.42,960,82.5,-2.3,11111111,702.78,928,26.7,3.09,377.4,703.10,0.0,0.0, , 
,704.33,960,84.0,-2.7,11111111,703.77,960,26.7,3.09,377.4,704.04,0.0,0.0, , 
,705.34,1344,84.0,-3.9,11101011,704.65,960,23.5,3.09,357.0,705.01,0.0,0.0, , 
,706.39,1376,84.0,0.0,11101011,705.69,1344,34.1,4.12,438.6,706.04,0.0,0.0, , 
,707.45,1472,84.0,0.0,11101011,706.72,1408,60.4,9.27,714.0,706.99,0.0,0.0, , 
,708.45,1536,84.0,0.0,11101011,707.72,1504,44.3,5.15,571.2,708.06,0.0,2.0, , 
,709.49,1504,84.0,-9.0,11101011,708.80,1504,22.0,3.09,316.2,709.09,0.0,2.0, , 
,710.58,1600,84.0,0.0,11101011,709.86,1536,44.3,6.18,520.2,710.21,0.0,2.0, , 
,711.70,1728,84.0,2.7,11101011,710.95,1632,59.2,9.27,693.6,711.34,0.0,2.0, , 
,712.82,1824,84.0,5.1,11101011,712.09,1760,60.4,9.27,693.6,712.45,0.0,2.0, , 
,713.90,1952,84.0,7.0,11101011,713.18,1888,62.0,10.30,714.0,713.54,0.0,2.0, , 
,714.98,2080,84.0,6.3,11101001,714.27,2016,60.4,9.27,693.6,714.62,0.0,2.0, , 
,716.00,2176,84.0,5.5,11101001,715.33,2112,59.2,9.27,673.2,715.66,0.0,2.0, , 
,717.03,2272,84.0,3.9,11101001,716.34,2208,56.1,8.24,632.4,716.68,0.0,2.0, , 
,718.05,2368,84.0,-2.3,11101001,717.35,2304,53.3,8.24,612.0,717.71,0.0,2.0, , 
,719.15,2432,82.5,1.2,11101001,718.40,2400,50.2,7.21,571.2,718.78,0.0,2.0, , 
,720.15,2496,84.0,2.0,11101001,719.52,2464,48.6,6.18,571.2,719.83,0.0,2.0, , 
,721.16,2560,82.5,3.5,11101001,720.50,2528,48.6,7.21,571.2,720.83,0.0,2.0, , 
,722.15,2624,82.5,5.5,11101001,721.50,2592,48.6,7.21,571.2,721.83,0.0,2.0, , 
,723.16,2656,82.5,0.0,11111101,722.51,2656,47.1,7.21,550.8,722.84,0.0,2.0, , 
,724.25,1344,84.0,0.0,11101011,723.50,2208,0.0,0.00,295.8,723.87,0.0,2.0, , 
,725.36,1888,84.0,0.0,11101011,724.61,1984,23.5,4.12,336.6,724.97,0.0,2.0, , 
,726.46,1888,84.0,0.0,11101011,725.72,1888,44.3,6.18,520.2,726.09,0.0,2.0, , 
,727.56,1920,84.0,0.0,11101011,726.82,1920,57.6,8.24,673.2,727.18,0.0,2.0, , 
,728.66,1920,84.0,0.8,11101011,727.93,1920,41.2,5.15,499.8,728.30,0.0,2.0, , 
,729.74,1920,84.0,-0.4,11101011,729.01,1920,42.7,5.15,499.8,729.37,0.0,2.0, , 
,730.83,1920,84.0,-3.1,11101011,730.11,1920,29.4,4.12,377.4,730.47,0.0,2.0, , 
,731.91,1952,84.0,2.3,11101011,731.18,1920,38.4,5.15,479.4,731.55,0.0,2.0, , 
,732.98,1984,84.0,5.5,11101011,732.26,1952,45.9,6.18,550.8,732.64,0.0,2.0, , 
,734.06,1984,84.0,4.3,11101001,733.34,1984,45.9,6.18,550.8,733.70,0.0,2.0, , 
,735.09,2016,84.0,0.0,11101001,734.41,2016,31.0,4.12,397.8,734.75,0.0,2.0, , 
,736.17,2016,84.0,-5.5,11101001,735.45,2016,26.7,3.09,357.0,735.80,0.0,2.0, , 
,737.22,2048,84.0,-9.4,11101001,736.52,2016,23.5,3.09,336.6,736.87,0.0,2.0, , 
,738.30,2048,84.0,-11.3,11101001,737.57,2048,23.5,3.09,336.6,737.93,0.0,2.0, , 
,739.37,2048,84.0,-9.0,11101001,738.65,2048,29.4,3.09,377.4,739.01,0.0,2.0, , 
,740.41,2080,84.0,-2.7,11101001,739.74,2048,32.5,4.12,418.2,740.08,0.0,2.0, , 
,741.46,2080,84.0,-0.4,11101001,740.76,2080,31.0,4.12,397.8,741.10,0.0,2.0, , 
,742.50,2080,84.0,-0.8,11101001,741.82,2080,31.0,4.12,397.8,742.16,0.0,2.0, , 
,743.56,2080,84.0,-3.5,11101001,742.85,2080,31.0,4.12,397.8,743.21,0.0,2.0, , 
,744.61,2080,84.0,-5.9,11101001,743.91,2080,26.7,3.09,357.0,744.28,0.0,2.0, , 
,745.63,2080,84.0,-4.7,11101001,744.94,2080,26.7,3.09,357.0,745.27,0.0,2.0, , 
,746.71,2048,84.0,-5.1,11101001,745.99,2080,26.7,3.09,357.0,746.35,0.0,2.0, , 
,747.76,2080,84.0,-3.5,11101001,747.07,2080,26.7,3.09,357.0,747.42,0.0,2.0, , 
,748.82,2080,84.0,-3.9,11101001,748.12,2080,26.7,3.09,357.0,748.48,0.0,2.0, , 
,749.87,2080,84.0,-1.6,11101001,749.17,2080,26.7,3.09,357.0,749.51,0.0,2.0, , 
,750.90,2080,84.0,-3.1,11101001,750.21,2080,25.1,3.09,336.6,750.56,0.0,2.0, , 
,751.94,2080,84.0,-7.8,11101001,751.25,2080,20.8,2.06,295.8,751.59,0.0,2.0, , 
,752.98,2048,84.0,-10.2,11101001,752.29,2048,19.2,2.06,295.8,752.64,0.0,2.0, , 
,754.05,2016,84.0,-11.3,11101001,753.35,2048,20.8,2.06,295.8,753.70,0.0,2.0, , 
,755.12,2016,84.0,-16.4,11101001,754.41,2016,17.6,2.06,275.4,754.76,0.0,2.0, , 
,756.20,1984,84.0,-23.4,11101011,755.48,1984,16.1,1.03,244.8,755.84,0.0,2.0, , 
,757.27,1952,84.0,-18.0,11101011,756.55,1952,19.2,1.03,275.4,756.90,0.0,2.0, , 
,758.35,1920,84.0,-23.0,11101011,757.62,1952,16.1,1.03,244.8,757.99,0.0,2.0, , 
,759.43,1888,84.0,0.0,11111111,758.72,1920,17.6,2.06,275.4,759.07,0.0,2.0, , 
,760.42,1824,84.0,0.0,11111111,759.77,1856,0.0,0.00,295.8,760.09,0.0,2.0, , 
,761.38,1792,84.0,0.0,11111111,760.75,1824,0.0,0.00,295.8,761.06,0.0,2.0, , 
,762.41,1728,84.0,0.0,11111111,761.73,1760,0.0,0.00,316.2,762.07,0.0,2.0, , 
,763.42,1664,84.0,0.0,11111111,762.75,1728,0.0,0.00,316.2,763.07,0.0,2.0, , 
,764.44,1568,84.0,0.0,11111111,763.77,1632,0.0,0.00,316.2,764.11,0.0,2.0, , 
,765.32,864,84.0,0.0,11111111,764.71,1536,0.0,0.00,336.6,765.02,0.0,0.0, , 
,766.28,928,84.0,0.0,11111111,765.66,960,34.1,5.15,459.0,765.97,0.0,0.0, , 
,767.22,928,84.0,0.0,11111111,766.60,928,29.4,4.12,397.8,766.91,0.0,0.0, , 
,768.19,1248,84.0,0.4,11101011,767.54,928,29.4,4.12,418.2,767.88,0.0,0.0, , 
,769.24,1856,84.0,0.0,11101011,768.54,1888,23.5,3.09,336.6,768.90,0.0,2.0, , 
,770.32,1920,84.0,0.0,11101011,769.62,1856,51.8,8.24,612.0,769.96,0.0,2.0, , 
,771.39,2080,84.0,1.6,11101001,770.67,1984,53.3,7.21,632.4,771.03,0.0,2.0, , 
,772.40,2176,84.0,0.8,11101001,771.72,2080,50.2,7.21,591.6,772.06,0.0,2.0, , 
,773.43,2304,84.0,2.7,11101001,772.74,2208,48.6,7.21,571.2,773.09,0.0,2.0, , 
,774.49,2400,84.0,3.1,11101001,773.78,2304,47.1,7.21,550.8,774.14,0.0,2.0, , 
,775.54,2496,84.0,5.5,11101001,774.85,2432,45.9,6.18,520.2,775.20,0.0,2.0, , 
,776.57,2624,84.0,3.9,11101001,775.88,2528,50.2,7.21,591.6,776.23,0.0,2.0, , 
,777.59,2496,84.0,0.0,11111101,776.92,2656,54.5,8.24,612.0,777.26,0.0,2.0, , 
,778.70,2016,84.0,0.0,11101001,777.93,1984,0.0,0.00,295.8,778.35,0.0,0.0, , 
,779.73,2048,84.0,0.0,11101001,779.05,2016,22.0,3.09,316.2,779.39,0.0,2.0, , 
,780.76,2144,84.0,1.2,11101001,780.08,2080,60.4,9.27,693.6,780.42,0.0,2.0, , 
,781.77,2240,84.0,-2.0,11101001,781.10,2176,75.3,11.33,846.6,781.44,0.0,2.0, , 
,782.81,2368,84.0,0.0,11101001,782.10,2272,82.7,13.39,907.8,782.46,0.0,2.0, , 
,783.88,2464,82.5,1.6,11101001,783.17,2400,82.7,13.39,907.8,783.54,0.0,2.0, , 
,784.92,2560,84.0,2.0,11101001,784.23,2496,82.7,13.39,907.8,784.58,0.0,2.0, , 
,785.97,2688,84.0,2.0,11101001,785.27,2624,82.7,13.39,907.8,785.62,0.0,2.0, , 
,786.98,2784,84.0,2.3,11101001,786.30,2720,82.7,13.39,887.4,786.64,0.0,2.0, , 
,788.01,2880,84.0,4.7,11101001,787.32,2816,81.2,13.39,887.4,787.68,0.0,2.0, , 
,789.09,2752,84.0,0.0,11111101,788.36,2880,81.2,13.39,887.4,788.78,0.0,2.0, , 
,790.14,1504,84.0,0.0,11101011,789.44,2240,0.0,0.00,295.8,789.80,0.0,2.0, , 
,791.13,2208,84.0,0.0,11101001,790.47,2272,22.0,3.09,316.2,790.80,0.0,2.0, , 
,792.12,2208,84.0,0.0,11101001,791.47,2208,42.7,6.18,499.8,791.79,0.0,2.0, , 
,793.14,2208,84.0,1.2,11101001,792.47,2208,59.2,8.24,673.2,792.81,0.0,2.0, , 
,794.13,2240,84.0,3.5,11101001,793.47,2208,65.1,9.27,734.4,793.81,0.0,2.0, , 
,795.11,2272,84.0,6.3,11101001,794.45,2240,65.1,10.30,734.4,794.78,0.0,2.0, , 
,796.16,2304,84.0,8.2,11101001,795.46,2272,63.5,10.30,714.0,795.81,0.0,2.0, , 
,797.15,2336,84.0,7.8,11101001,796.48,2304,62.0,9.27,693.6,796.81,0.0,2.0, , 
,798.19,2368,84.0,6.3,11101001,797.50,2336,62.0,9.27,693.6,797.84,0.0,2.0, , 
,799.26,2400,84.0,5.5,11101001,798.57,2368,60.4,9.27,693.6,798.92,0.0,2.0, , 
,800.31,2432,84.0,4.3,11101001,799.61,2432,59.2,9.27,673.2,799.97,0.0,2.0, , 
,801.36,2464,84.0,2.7,11101001,800.67,2432,57.6,9.27,652.8,801.02,0.0,2.0, , 
,802.43,2464,84.0,0.8,11101001,801.70,2464,48.6,7.21,571.2,802.06,0.0,2.0, , 
,803.56,2464,84.0,0.4,11101001,802.82,2464,47.1,7.21,550.8,803.18,0.0,2.0, , 
,804.64,2464,84.0,-0.8,11101001,803.92,2464,42.7,6.18,499.8,804.29,0.0,2.0, , 
,805.67,2464,84.0,2.3,11101001,804.98,2464,42.7,6.18,499.8,805.33,0.0,2.0, , 
,806.78,2432,84.0,4.7,11101001,806.06,2464,42.7,6.18,499.8,806.43,0.0,2.0, , 
,807.83,2432,84.0,4.7,11101001,807.13,2432,42.7,6.18,499.8,807.48,0.0,2.0, , 
,808.91,2432,85.5,5.1,11101001,808.21,2432,44.3,6.18,499.8,808.56,0.0,2.0, , 
,809.99,2432,84.0,3.9,11101001,809.28,2432,42.7,6.18,499.8,809.66,0.0,2.0, , 
,811.03,2432,84.0,3.1,11101001,810.34,2432,42.7,6.18,499.8,810.69,0.0,2.0, , 
,812.08,2432,84.0,3.9,11101001,811.38,2432,42.7,6.18,499.8,811.73,0.0,2.0, , 
,813.11,2432,84.0,5.5,11101001,812.42,2432,44.3,6.18,499.8,812.78,0.0,2.0, , 
,814.11,2400,84.0,5.9,11101001,813.45,2432,45.9,7.21,550.8,813.78,0.0,2.0, , 
,815.18,2400,84.0,4.7,11101001,814.45,2432,47.1,6.18,550.8,814.80,0.0,2.0, , 
,816.25,2400,84.0,5.1,11101001,815.54,2400,45.9,6.18,520.2,815.91,0.0,2.0, , 
,817.21,2368,84.0,5.1,11101001,816.56,2400,47.1,6.18,550.8,816.88,0.0,2.0, , 
,818.27,2368,84.0,4.7,11101001,817.57,2368,48.6,7.21,571.2,817.91,0.0,2.0, , 
,819.29,2336,84.0,2.3,11101001,818.63,2368,51.8,7.21,612.0,818.97,0.0,2.0, , 
,820.33,2336,84.0,2.3,11101001,819.62,2336,51.8,7.21,612.0,819.96,0.0,2.0, , 
,821.39,2336,84.0,2.0,11101001,820.70,2336,53.3,7.21,612.0,821.04,0.0,2.0, , 
,822.44,2336,84.0,1.2,11101001,821.76,2336,53.3,7.21,612.0,822.11,0.0,2.0, , 
,823.48,2336,84.0,2.7,11101001,822.79,2336,53.3,7.21,612.0,823.13,0.0,2.0, , 
,824.50,2336,84.0,3.5,11101001,823.82,2336,54.5,8.24,632.4,824.15,0.0,2.0, , 
,825.53,2336,84.0,4.3,11101001,824.84,2336,56.1,8.24,632.4,825.19,0.0,2.0, , 
,826.51,2336,84.0,5.1,11101001,825.86,2336,54.5,8.24,632.4,826.18,0.0,2.0, , 
,827.55,2336,84.0,4.7,11101001,826.87,2336,56.1,8.24,632.4,827.20,0.0,2.0, , 
,828.58,2336,84.0,4.3,11101001,827.88,2336,56.1,8.24,632.4,828.25,0.0,2.0, , 
,829.61,2336,84.0,4.3,11101001,828.92,2336,54.5,8.24,632.4,829.26,0.0,2.0, , 
,830.66,2336,84.0,3.5,11101001,829.96,2336,54.5,8.24,632.4,830.32,0.0,2.0, , 
,831.71,2336,84.0,4.3,11101001,831.01,2336,54.5,8.24,632.4,831.35,0.0,2.0, , 
,832.74,2336,84.0,4.7,11101001,832.06,2336,56.1,8.24,652.8,832.39,0.0,2.0, , 
,833.77,2336,84.0,5.1,11101001,833.11,2336,57.6,8.24,652.8,833.44,0.0,2.0, , 
,834.78,2368,84.0,-1.2,11101001,834.11,2336,56.1,8.24,652.8,834.43,0.0,2.0, , 
,835.79,2368,84.0,3.9,11101001,835.11,2368,62.0,9.27,693.6,835.44,0.0,2.0, , 
,836.80,2368,84.0,2.3,11101001,836.14,2368,59.2,9.27,673.2,836.47,0.0,2.0, , 
,837.85,2336,84.0,-2.7,11101001,837.15,2368,36.9,5.15,438.6,837.49,0.0,2.0, , 
,838.88,2336,84.0,-3.5,11101001,838.18,2368,35.3,5.15,438.6,838.53,0.0,2.0, , 
,839.88,2336,84.0,-3.1,11101001,839.22,2336,38.4,5.15,459.0,839.55,0.0,2.0, , 
,840.88,2304,84.0,-1.2,11101001,840.22,2304,50.2,7.21,591.6,840.56,0.0,2.0, , 
,841.89,2304,84.0,2.7,11101001,841.22,2304,57.6,8.24,652.8,841.55,0.0,2.0, , 
,842.87,2304,84.0,4.7,11101001,842.22,2304,57.6,8.24,652.8,842.55,0.0,2.0, , 
,843.90,2336,84.0,5.5,11101001,843.24,2336,56.1,8.24,652.8,843.58,0.0,2.0, , 
,844.90,2336,84.0,6.3,11101001,844.23,2336,56.1,8.24,652.8,844.56,0.0,2.0, , 
,845.93,2336,84.0,5.9,11101001,845.24,2336,56.1,8.24,652.8,845.59,0.0,2.0, , 
,846.93,2336,84.0,5.1,11101001,846.27,2336,56.1,8.24,632.4,846.61,0.0,2.0, , 
,847.95,2368,84.0,5.5,11101001,847.28,2368,56.1,8.24,632.4,847.61,0.0,2.0, , 
,849.00,2400,84.0,4.7,11101001,848.33,2368,54.5,8.24,632.4,848.69,0.0,2.0, , 
,850.05,2400,84.0,2.3,11101001,849.34,2400,54.5,8.24,632.4,849.70,0.0,2.0, , 
,851.10,2400,84.0,0.8,11101001,850.39,2400,51.8,7.21,612.0,850.74,0.0,2.0, , 
,852.19,2400,84.0,-0.8,11101001,851.46,2400,48.6,7.21,571.2,851.79,0.0,2.0, , 
,853.31,2368,84.0,-2.0,11101001,852.57,2400,50.2,7.21,571.2,852.96,0.0,2.0, , 
,854.35,2368,84.0,-3.1,11101001,853.66,2368,50.2,7.21,591.6,854.00,0.0,2.0, , 
,855.40,2368,85.5,0.8,11101001,854.71,2368,57.6,8.24,652.8,855.05,0.0,2.0, , 
,856.40,2368,84.0,4.3,11101001,855.75,2368,66.3,10.30,734.4,856.08,0.0,2.0, , 
,857.39,2400,84.0,5.1,11101001,856.73,2368,72.2,11.33,795.6,857.07,0.0,2.0, , 
,858.43,2400,84.0,6.3,11101001,857.73,2400,71.0,11.33,795.6,858.09,0.0,2.0, , 
,859.47,2400,84.0,6.3,11101001,858.81,2400,69.4,11.33,754.8,859.16,0.0,2.0, , 
,860.55,2400,84.0,6.3,11101001,859.81,2400,66.3,10.30,754.8,860.19,0.0,2.0, , 
,861.58,2400,84.0,5.9,11101001,860.87,2400,65.1,10.30,734.4,861.24,0.0,2.0, , 
,862.63,2400,84.0,4.7,11101001,861.92,2400,60.4,9.27,673.2,862.27,0.0,2.0, , 
,863.67,2400,84.0,4.3,11101001,862.96,2400,57.6,9.27,652.8,863.32,0.0,2.0, , 
,864.70,2432,84.0,3.9,11101001,864.01,2400,57.6,9.27,652.8,864.37,0.0,2.0, , 
,865.78,2432,84.0,3.9,11101001,865.05,2432,57.6,8.24,652.8,865.41,0.0,2.0, , 
,866.84,2432,84.0,3.9,11101001,866.10,2432,57.6,9.27,652.8,866.47,0.0,2.0, , 
,867.89,2464,84.0,4.7,11101001,867.18,2432,57.6,8.24,652.8,867.54,0.0,2.0, , 
,868.93,2464,84.0,4.3,11101001,868.23,2464,57.6,9.27,652.8,868.59,0.0,2.0, , 
,870.00,2464,84.0,5.1,11101001,869.28,2464,57.6,9.27,652.8,869.63,0.0,2.0, , 
,871.08,2496,84.0,3.9,11101001,870.37,2496,56.1,8.24,632.4,870.73,0.0,2.0, , 
,872.08,2496,84.0,3.1,11101001,871.39,2496,56.1,8.24,632.4,871.74,0.0,2.0, , 
,873.12,2496,84.0,3.5,11101001,872.40,2496,54.5,8.24,632.4,872.76,0.0,2.0, , 
,874.15,2528,85.5,2.0,11101001,873.47,2528,54.5,8.24,632.4,873.79,0.0,2.0, , 
,875.16,2528,84.0,1.2,11101001,874.50,2528,54.5,8.24,632.4,874.83,0.0,2.0, , 
,876.20,2528,85.5,0.0,11101001,875.50,2528,48.6,7.21,550.8,875.85,0.0,2.0, , 
,877.27,2528,84.0,-0.8,11101001,876.56,2528,48.6,7.21,571.2,876.91,0.0,2.0, , 
,878.33,2528,84.0,-1.2,11101001,877.63,2528,48.6,7.21,571.2,878.00,0.0,2.0, , 
,879.35,2496,84.0,-1.2,11101001,878.65,2496,48.6,7.21,571.2,879.01,0.0,2.0, , 
,880.39,2496,84.0,0.4,11101001,879.68,2496,50.2,7.21,571.2,880.05,0.0,2.0, , 
,881.36,2496,84.0,2.7,11101001,880.71,2496,56.1,8.24,632.4,881.05,0.0,2.0, , 
,882.36,2496,84.0,3.1,11101001,881.68,2496,65.1,10.30,714.0,882.04,0.0,2.0, , 
,883.38,2496,84.0,2.7,11101001,882.71,2496,59.2,9.27,673.2,883.05,0.0,2.0, , 
,884.43,2496,84.0,1.6,11101001,883.74,2496,51.8,7.21,591.6,884.06,0.0,2.0, , 
,885.47,2528,84.0,0.4,11101001,884.76,2528,53.3,7.21,612.0,885.13,0.0,2.0, , 
,886.52,2528,84.0,-0.4,11101001,885.83,2528,51.8,7.21,591.6,886.18,0.0,2.0, , 
,887.56,2560,84.0,-1.2,11101001,886.86,2560,51.8,7.21,591.6,887.21,0.0,2.0, , 
,888.54,2560,84.0,-2.0,11101001,887.88,2560,50.2,7.21,571.2,888.22,0.0,2.0, , 
,889.58,2560,84.0,-0.4,11101001,888.88,2560,48.6,7.21,571.2,889.23,0.0,2.0, , 
,890.60,2592,84.0,-1.2,11101001,889.90,2560,48.6,7.21,571.2,890.25,0.0,2.0, , 
,891.62,2592,84.0,-1.2,11101001,890.95,2592,48.6,7.21,571.2,891.28,0.0,2.0, , 
,892.63,2592,84.0,-1.2,11101001,891.95,2592,47.1,6.18,550.8,892.30,0.0,2.0, , 
,893.64,2592,84.0,3.1,11101001,892.95,2592,47.1,6.18,550.8,893.29,0.0,2.0, , 
,894.64,2624,84.0,3.1,11101001,893.97,2592,47.1,7.21,550.8,894.29,0.0,2.0, , 
,895.65,2624,84.0,3.1,11101001,894.97,2624,47.1,6.18,550.8,895.31,0.0,2.0, , 
,896.64,2624,84.0,2.7,11101001,895.99,2624,45.9,6.18,520.2,896.32,0.0,2.0, , 
,897.64,2624,84.0,2.7,11101001,896.97,2624,45.9,6.18,520.2,897.31,0.0,2.0, , 
,898.66,2624,84.0,3.1,11101001,897.98,2624,45.9,6.18,520.2,898.31,0.0,2.0, , 
,899.66,2624,84.0,1.2,11101001,898.99,2624,44.3,6.18,520.2,899.33,0.0,2.0, , 
,900.66,2624,84.0,-0.8,11101001,899.99,2624,35.3,5.15,418.2,900.33,0.0,2.0, , 
,901.68,2592,84.0,-2.3,11101001,900.99,2624,35.3,5.15,418.2,901.35,0.0,2.0, , 
,902.66,2560,84.0,-3.5,11101001,902.00,2592,35.3,5.15,418.2,902.32,0.0,2.0, , 
,903.66,2560,85.5,-3.1,11101001,902.98,2560,35.3,4.12,418.2,903.31,0.0,2.0, , 
,904.71,2528,84.0,-2.3,11101001,903.99,2560,35.3,4.12,418.2,904.35,0.0,2.0, , 
,905.78,2528,84.0,-1.6,11101001,905.07,2528,38.4,5.15,459.0,905.42,0.0,2.0, , 
,906.77,2528,84.0,0.4,11101001,906.11,2528,41.2,5.15,479.4,906.43,0.0,2.0, , 
,907.83,2496,84.0,1.2,11101001,907.14,2528,41.2,6.18,499.8,907.48,0.0,2.0, , 
,908.87,2496,84.0,2.7,11101001,908.17,2496,42.7,6.18,499.8,908.53,0.0,2.0, , 
,909.92,2496,84.0,5.1,11101001,909.22,2496,45.9,6.18,520.2,909.56,0.0,2.0, , 
,910.97,2464,84.0,3.5,11101001,910.28,2496,45.9,6.18,550.8,910.62,0.0,2.0, , 
,912.04,2464,84.0,3.1,11101001,911.34,2464,45.9,7.21,550.8,911.69,0.0,2.0, , 
,913.10,2464,84.0,2.7,11101001,912.38,2464,48.6,7.21,571.2,912.73,0.0,2.0, , 
,914.18,2464,84.0,2.0,11101001,913.45,2464,50.2,7.21,571.2,913.82,0.0,2.0, , 
,915.27,2432,84.0,1.6,11101001,914.53,2432,50.2,7.21,591.6,914.90,0.0,2.0, , 
,916.32,2400,84.0,1.2,11101001,915.63,2432,51.8,7.21,591.6,915.97,0.0,2.0, , 
,917.40,2400,84.0,2.0,11101001,916.67,2400,51.8,7.21,591.6,917.01,0.0,2.0, , 
,918.39,2400,84.0,2.3,11101001,917.75,2400,60.4,8.24,693.6,918.06,0.0,2.0, , 
,919.45,2400,84.0,5.9,11101001,918.72,2400,66.3,10.30,734.4,919.11,0.0,2.0, , 
,920.47,2400,84.0,7.4,11101001,919.78,2400,69.4,11.33,775.2,920.11,0.0,2.0, , 
,921.51,2432,84.0,8.6,11101001,920.83,2400,67.8,11.33,754.8,921.17,0.0,2.0, , 
,922.60,2432,84.0,9.8,11101001,921.85,2432,67.8,11.33,754.8,922.23,0.0,2.0, , 
,923.65,2432,84.0,8.2,11101001,922.96,2432,62.0,10.30,693.6,923.30,0.0,2.0, , 
,924.71,2464,84.0,3.1,11101001,924.02,2464,53.3,8.24,612.0,924.37,0.0,2.0, , 
,925.72,2464,84.0,0.4,11101001,925.05,2464,50.2,7.21,591.6,925.38,0.0,2.0, , 
,926.78,2464,84.0,-2.0,11101001,926.09,2464,50.2,7.21,571.2,926.44,0.0,2.0, , 
,927.80,2464,84.0,0.8,11101001,927.14,2464,54.5,8.24,632.4,927.45,0.0,2.0, , 
,928.85,2496,84.0,3.9,11101001,928.14,2464,57.6,8.24,652.8,928.50,0.0,2.0, , 
,929.89,2496,84.0,4.7,11101001,929.19,2496,57.6,9.27,652.8,929.53,0.0,2.0, , 
,930.91,2496,85.5,5.9,11101001,930.21,2496,57.6,9.27,652.8,930.57,0.0,2.0, , 
,931.94,2528,84.0,5.5,11101001,931.25,2528,57.6,8.24,652.8,931.61,0.0,2.0, , 
,932.95,2560,84.0,4.7,11101001,932.27,2528,56.1,8.24,632.4,932.60,0.0,2.0, , 
,933.95,2592,84.0,3.9,11101001,933.28,2560,56.1,8.24,632.4,933.61,0.0,2.0, , 
,934.94,2592,84.0,3.1,11101001,934.27,2592,54.5,8.24,632.4,934.59,0.0,2.0, , 
,935.93,2624,84.0,1.2,11101001,935.27,2624,54.5,8.24,612.0,935.61,0.0,2.0, , 
,936.92,2624,84.0,0.4,11101001,936.26,2624,53.3,8.24,612.0,936.59,0.0,2.0, , 
,937.94,2624,84.0,0.4,11101001,937.28,2624,45.9,6.18,550.8,937.61,0.0,2.0, , 
,938.96,2592,84.0,-1.2,11101001,938.26,2624,50.2,7.21,571.2,938.61,0.0,2.0, , 
,939.98,2592,84.0,0.0,11101001,939.30,2592,54.5,7.21,612.0,939.65,0.0,2.0, , 
,940.99,2560,84.0,2.7,11101001,940.31,2592,56.1,8.24,632.4,940.66,0.0,2.0, , 
,941.99,2560,84.0,5.5,11101001,941.33,2560,60.4,9.27,673.2,941.66,0.0,2.0, , 
,943.08,2528,84.0,9.0,11101001,942.36,2528,66.3,10.30,734.4,942.73,0.0,2.0, , 
,944.07,2496,84.0,9.0,11101001,943.42,2528,66.3,11.33,734.4,943.75,0.0,2.0, , 
,945.10,2464,84.0,0.0,11101001,944.44,2496,66.3,11.33,734.4,944.75,0.0,2.0, , 
,946.14,2432,84.0,-0.4,11101001,945.45,2464,51.8,7.21,591.6,945.78,0.0,2.0, , 
,947.17,2400,84.0,1.6,11101001,946.48,2432,60.4,9.27,673.2,946.84,0.0,2.0, , 
,948.25,2400,84.0,3.9,11101001,947.53,2400,69.4,10.30,754.8,947.89,0.0,2.0, , 
,949.27,2400,84.0,3.9,11101001,948.61,2400,75.3,12.36,826.2,948.95,0.0,2.0, , 
,950.31,2400,84.0,3.1,11101001,949.63,2400,78.4,13.39,867.0,949.98,0.0,2.0, , 
,951.41,2400,84.0,2.7,11101001,950.68,2400,78.4,12.36,867.0,951.04,0.0,2.0, , 
,952.49,2432,84.0,3.5,11101001,951.75,2400,76.9,12.36,846.6,952.10,0.0,2.0, , 
,953.55,2432,85.5,3.5,11101001,952.85,2432,76.9,12.36,846.6,953.20,0.0,2.0, , 
,954.64,2464,84.0,4.3,11101001,953.90,2464,71.0,11.33,775.2,954.28,0.0,2.0, , 
,955.70,2496,84.0,4.7,11101001,955.01,2464,62.0,10.30,714.0,955.36,0.0,2.0, , 
,956.70,2496,84.0,0.0,11111101,956.02,2496,59.2,9.27,673.2,956.35,0.0,2.0, , 
,957.66,2496,84.0,0.0,11111101,957.03,2496,19.2,2.06,275.4,957.35,0.0,2.0, , 
,958.63,2464,84.0,0.0,11111101,957.96,2496,0.0,0.00,244.8,958.29,0.0,2.0, , 
,959.61,2432,84.0,0.0,11111101,958.95,2464,0.0,0.00,244.8,959.28,0.0,2.0, , 
,960.63,2400,84.0,0.0,11111101,959.95,2432,0.0,0.00,244.8,960.29,0.0,2.0, , 
,961.61,2336,84.0,0.0,11111101,960.95,2368,0.0,0.00,244.8,961.27,0.0,2.0, , 
,962.59,2304,85.5,0.0,11111101,961.93,2336,0.0,0.00,244.8,962.26,0.0,2.0, , 
,963.56,2304,85.5,0.0,11111101,962.91,2304,0.0,0.00,244.8,963.23,0.0,2.0, , 
,964.55,2272,84.0,0.0,11111101,963.90,2304,0.0,0.00,244.8,964.22,0.0,2.0, , 
,965.51,2304,85.5,0.0,11111101,964.86,2304,0.0,0.00,244.8,965.18,0.0,2.0, , 
,966.52,2304,84.0,0.0,11111101,965.85,2304,0.0,0.00,244.8,966.18,0.0,2.0, , 
,967.50,2304,84.0,0.0,11111101,966.84,2304,0.0,0.00,244.8,967.17,0.0,2.0, , 
,968.51,2304,84.0,0.0,11111101,967.84,2304,0.0,0.00,244.8,968.17,0.0,2.0, , 
,969.49,2304,84.0,0.0,11111101,968.83,2304,0.0,0.00,244.8,969.15,0.0,2.0, , 
,970.50,2304,85.5,0.0,11111101,969.82,2304,0.0,0.00,244.8,970.16,0.0,2.0, , 
,971.50,2272,84.0,0.0,11111101,970.82,2304,0.0,0.00,244.8,971.16,0.0,2.0, , 
,972.47,2272,84.0,0.0,11111101,971.81,2272,0.0,0.00,244.8,972.14,0.0,2.0, , 
,973.49,2240,84.0,0.0,11111101,972.81,2240,0.0,0.00,244.8,973.15,0.0,2.0, , 
,974.53,2208,84.0,0.0,11111101,973.84,2208,0.0,0.00,244.8,974.19,0.0,2.0, , 
,975.54,2176,84.0,0.0,11111101,974.87,2176,0.0,0.00,244.8,975.21,0.0,2.0, , 
,976.54,2144,84.0,0.0,11111101,975.87,2144,0.0,0.00,244.8,976.21,0.0,2.0, , 
,977.59,2112,84.0,0.0,11111101,976.89,2112,0.0,0.00,244.8,977.25,0.0,2.0, , 
,978.61,2048,84.0,0.0,11111101,977.93,2080,0.0,0.00,244.8,978.27,0.0,2.0, , 
,979.66,2016,82.5,0.0,11111101,978.95,2048,0.0,0.00,244.8,979.31,0.0,2.0, , 
,980.71,1984,82.5,0.0,11111111,980.00,2016,0.0,0.00,244.8,980.36,0.0,2.0, , 
,981.75,1920,84.0,0.0,11111111,981.03,1952,0.0,0.00,244.8,981.39,0.0,2.0, , 
,982.79,1824,82.5,0.0,11111111,982.09,1920,0.0,0.00,275.4,982.45,0.0,2.0, , 
,983.80,1440,82.5,0.0,11111111,983.13,1312,0.0,0.00,336.6,983.45,0.0,0.0, , 
,984.79,2304,82.5,0.0,11111101,984.14,2016,0.0,0.00,295.8,984.45,0.0,2.0, , 
,985.79,2240,82.5,0.0,11111101,985.12,2272,0.0,0.00,275.4,985.45,0.0,2.0, , 
,986.80,2176,82.5,0.0,11111101,986.13,2240,0.0,0.00,244.8,986.46,0.0,2.0, , 
,987.82,2112,82.5,0.0,11111101,987.13,2144,0.0,0.00,244.8,987.47,0.0,2.0, , 
,988.88,2048,82.5,0.0,11111101,988.18,2080,0.0,0.00,244.8,988.53,0.0,2.0, , 
,989.92,1984,82.5,0.0,11111111,989.23,2016,0.0,0.00,244.8,989.57,0.0,2.0, , 
,990.96,1888,82.5,0.0,11111111,990.28,1952,0.0,0.00,244.8,990.60,0.0,2.0, , 
,992.02,1824,82.5,0.0,11111111,991.31,1856,0.0,0.00,275.4,991.67,0.0,2.0, , 
,992.99,1760,81.0,0.0,11111111,992.36,1792,0.0,0.00,295.8,992.66,0.0,2.0, , 
,994.03,1728,81.0,0.0,11101011,993.32,1728,0.0,0.00,316.2,993.66,0.0,2.0, , 
,995.04,1728,81.0,0.0,11101011,994.38,1728,25.1,4.12,336.6,994.71,0.0,2.0, , 
,996.05,1760,81.0,1.6,11101011,995.38,1696,57.6,9.27,673.2,995.71,0.0,2.0, , 
,997.16,1760,81.0,-0.8,11101011,996.41,1728,40.0,5.15,499.8,996.78,0.0,2.0, , 
,998.25,1760,81.0,-2.0,11101011,997.53,1760,38.4,5.15,479.4,997.88,0.0,2.0, , 
,999.38,1760,81.0,-1.6,11101011,998.62,1760,38.4,5.15,479.4,998.98,0.0,2.0, , 
,1000.50,1792,81.0,-2.0,11101011,999.73,1792,36.9,5.15,459.0,1000.11,0.0,2.0, , 
,1001.57,1760,81.0,-0.8,11101011,1000.85,1760,31.0,4.12,397.8,1001.17,0.0,2.0, , 
,1002.67,1792,81.0,-0.4,11101011,1001.92,1760,31.0,4.12,397.8,1002.30,0.0,2.0, , 
,1003.66,1792,81.0,-2.7,11101011,1003.02,1760,36.9,5.15,459.0,1003.34,0.0,2.0, , 
,1004.72,992,81.0,0.0,11111111,1004.04,1792,45.9,6.18,550.8,1004.39,0.0,0.0, , 
,1005.69,2080,81.0,0.0,11101001,1005.04,1184,29.4,5.15,397.8,1005.36,0.0,2.0, , 
,1006.69,2304,81.0,-6.6,11101001,1006.00,2336,17.6,2.06,244.8,1006.34,0.0,2.0, , 
,1007.73,2304,81.0,0.0,11101001,1007.04,2304,28.2,4.12,357.0,1007.38,0.0,2.0, , 
,1008.74,2336,81.0,-0.4,11101001,1008.07,2304,40.0,5.15,479.4,1008.41,0.0,2.0, , 
,1009.79,2368,81.0,-2.7,11101001,1009.10,2368,40.0,5.15,479.4,1009.45,0.0,2.0, , 
,1010.80,2336,81.0,-10.5,11101001,1010.13,2368,20.8,3.09,295.8,1010.46,0.0,2.0, , 
,1011.79,2304,81.0,-14.1,11101001,1011.12,2336,17.6,2.06,244.8,1011.47,0.0,2.0, , 
,1012.80,2240,81.0,-16.4,11101001,1012.12,2304,17.6,2.06,244.8,1012.46,0.0,2.0, , 
,1013.77,2208,81.0,-21.5,11101001,1013.12,2240,17.6,2.06,244.8,1013.44,0.0,2.0, , 
,1014.79,2176,81.0,-23.0,11101001,1014.11,2208,17.6,2.06,244.8,1014.45,0.0,2.0, , 
,1015.82,2144,81.0,-21.9,11101001,1015.14,2176,19.2,2.06,275.4,1015.48,0.0,2.0, , 
,1016.84,2112,81.0,-19.9,11101001,1016.17,2144,19.2,2.06,275.4,1016.50,0.0,2.0, , 
,1017.88,2080,81.0,-19.1,11101001,1017.20,2080,19.2,2.06,295.8,1017.54,0.0,2.0, , 
,1018.91,2080,81.0,-14.8,11101001,1018.23,2080,23.5,2.06,336.6,1018.58,0.0,2.0, , 
,1019.96,2080,81.0,-11.7,11101001,1019.29,2080,25.1,3.09,336.6,1019.63,0.0,2.0, , 
,1021.00,2080,81.0,-9.4,11101001,1020.31,2048,25.1,3.09,336.6,1020.66,0.0,2.0, , 
,1022.03,2080,81.0,-5.9,11101001,1021.35,2080,31.0,4.12,397.8,1021.69,0.0,2.0, , 
,1023.08,2080,81.0,-7.8,11101001,1022.39,2080,26.7,3.09,357.0,1022.73,0.0,2.0, , 
,1024.11,2048,81.0,-13.3,11101001,1023.42,2080,19.2,2.06,275.4,1023.77,0.0,2.0, , 
,1025.18,2016,81.0,-16.0,11101001,1024.46,2048,19.2,2.06,275.4,1024.81,0.0,2.0, , 
,1026.24,1984,81.0,-13.7,11101001,1025.53,2016,19.2,2.06,295.8,1025.89,0.0,2.0, , 
,1027.31,1952,81.0,-9.8,11101011,1026.59,1984,19.2,2.06,295.8,1026.95,0.0,2.0, , 
,1028.41,1920,82.5,-7.8,11101011,1027.67,1952,20.8,2.06,295.8,1028.04,0.0,2.0, , 
,1029.49,1888,81.0,-7.0,11101011,1028.77,1920,22.0,2.06,316.2,1029.13,0.0,2.0, , 
,1030.53,1760,81.0,0.0,11111111,1029.85,1888,22.0,2.06,316.2,1030.21,0.0,2.0, , 
,1031.49,1184,82.5,0.0,11111111,1030.85,1312,0.0,0.00,336.6,1031.18,0.0,0.0, , 
,1032.45,1152,82.5,0.0,11111111,1031.81,1248,25.1,3.09,357.0,1032.14,0.0,0.0, , 
,1033.42,864,81.0,0.8,11111111,1032.81,1024,22.0,3.09,336.6,1033.11,0.0,0.0, , 
,1034.38,896,81.0,5.1,11111111,1033.73,896,28.2,3.09,397.8,1034.07,0.0,0.0, , 
,1035.28,896,81.0,8.2,11111111,1034.67,896,28.2,3.09,397.8,1034.97,0.0,0.0, , 
,1036.19,896,81.0,-2.0,11111111,1035.57,896,28.2,3.09,397.8,1035.87,0.0,0.0, , 
,1037.10,928,82.5,-1.2,11111111,1036.50,896,26.7,3.09,377.4,1036.79,0.0,0.0, , 
,1038.02,896,82.5,-0.8,11111111,1037.40,896,26.7,3.09,377.4,1037.72,0.0,0.0, , 
,1038.95,896,82.5,-0.8,11111111,1038.32,896,26.7,3.09,377.4,1038.65,0.0,0.0, , 
,1039.91,896,82.5,-1.2,11111111,1039.27,896,26.7,3.09,377.4,1039.60,0.0,0.0, , 
,1040.83,896,82.5,-1.6,11111111,1040.24,896,25.1,3.09,377.4,1040.54,0.0,0.0, , 
,1041.75,896,82.5,-2.0,11111111,1041.13,896,25.1,3.09,377.4,1041.43,0.0,0.0, , 
,1042.70,896,82.5,-1.6,11111111,1042.07,896,26.7,3.09,377.4,1042.37,0.0,0.0, , 
,1043.62,864,82.5,-1.6,11111111,1043.00,896,25.1,3.09,377.4,1043.31,0.0,0.0, , 
,1044.54,896,82.5,-2.3,11111111,1043.93,864,25.1,3.09,377.4,1044.25,0.0,0.0, , 
,1045.48,896,82.5,-2.7,11111111,1044.86,864,25.1,3.09,377.4,1045.16,0.0,0.0, , 
,1046.43,896,82.5,-3.5,11111111,1045.78,896,25.1,3.09,377.4,1046.10,0.0,0.0, , 
,1047.37,896,82.5,-3.9,11111111,1046.75,896,25.1,3.09,377.4,1047.05,0.0,0.0, , 
,1048.29,896,82.5,-3.9,11111111,1047.68,896,25.1,3.09,377.4,1048.00,0.0,0.0, , 
,1049.22,896,82.5,-3.9,11101011,1048.62,864,25.1,3.09,377.4,1048.92,0.0,0.0, , 
,1050.20,1312,82.5,-5.9,11101011,1049.55,960,32.5,4.12,438.6,1049.89,0.0,0.0, , 
,1051.19,1152,82.5,-4.3,11101011,1050.55,1280,26.7,3.09,377.4,1050.87,0.0,0.0, , 
,1052.08,960,82.5,-3.1,11101011,1051.49,1088,29.4,4.12,397.8,1051.78,0.0,0.0, , 
,1053.04,992,82.5,-3.5,11101011,1052.40,960,32.5,4.12,438.6,1052.68,0.0,0.0, , 
,1053.97,1024,84.0,-3.5,11101011,1053.33,992,31.0,4.12,418.2,1053.63,0.0,0.0, , 
,1054.96,1088,84.0,-2.3,11101011,1054.29,1056,32.5,4.12,418.2,1054.64,0.0,0.0, , 
,1055.93,1120,84.0,-0.4,11101011,1055.29,1088,31.0,4.12,418.2,1055.61,0.0,0.0, , 
,1056.90,1216,84.0,1.6,11101011,1056.26,1152,36.9,5.15,479.4,1056.57,0.0,0.0, , 
,1057.86,1312,84.0,2.3,11101011,1057.23,1248,35.3,5.15,459.0,1057.54,0.0,0.0, , 
,1058.89,1376,84.0,2.7,11101011,1058.19,1312,32.5,4.12,418.2,1058.53,0.0,0.0, , 
,1059.90,1408,84.0,-2.3,11101011,1059.23,1376,28.2,4.12,377.4,1059.57,0.0,0.0, , 
,1060.89,1408,82.5,-5.1,11111111,1060.24,1408,25.1,3.09,357.0,1060.57,0.0,0.0, , 
,1061.95,1408,82.5,-7.0,11111111,1061.24,1408,23.5,3.09,336.6,1061.57,0.0,0.0, , 
,1062.97,1344,82.5,-5.9,10111111,1062.30,1344,23.5,3.09,336.6,1062.63,0.0,0.0, , 
,1063.95,1248,82.5,-2.7,10111111,1063.29,1312,23.5,3.09,336.6,1063.62,0.0,0.0, , 
,1064.91,1024,84.0,0.0,10111111,1064.28,1152,23.5,3.09,357.0,1064.61,0.0,0.0, , 
,1065.81,1024,82.5,-0.4,10111111,1065.22,1056,26.7,3.09,377.4,1065.52,0.0,0.0, , 
,1066.73,1024,82.5,0.0,10111111,1066.11,1024,26.7,3.09,377.4,1066.41,0.0,0.0, , 
,1067.67,960,84.0,-1.2,10111111,1067.07,1024,25.1,3.09,357.0,1067.36,0.0,0.0, , 
,1068.58,928,82.5,-2.7,10111111,1067.97,928,25.1,3.09,357.0,1068.28,0.0,0.0, , 
,1069.50,928,82.5,-3.9,10111111,1068.89,928,25.1,3.09,357.0,1069.19,0.0,0.0, , 
,1070.45,1152,82.5,0.0,10101011,1069.82,928,23.5,3.09,357.0,1070.12,0.0,0.0, , 
,1071.47,1280,82.5,0.0,10101011,1070.81,1376,47.1,7.21,591.6,1071.14,0.0,0.0, , 
,1072.47,1280,82.5,-2.3,10101011,1071.80,1184,50.2,7.21,612.0,1072.13,0.0,0.0, , 
,1073.47,1408,82.5,-0.4,10101011,1072.79,1312,41.2,5.15,520.2,1073.13,0.0,0.0, , 
,1074.37,1472,82.5,-2.0,10101011,1073.82,1440,36.9,5.15,459.0,1074.11,0.0,0.0, , 
,1075.34,1024,82.5,0.0,10111111,1074.70,1504,25.1,3.09,357.0,1075.03,0.0,0.0, , 
,1076.32,1152,82.5,0.0,10111111,1075.65,1120,29.4,4.12,397.8,1075.98,0.0,0.0, , 
,1077.28,928,82.5,0.0,10111111,1076.65,1088,22.0,3.09,336.6,1076.98,0.0,0.0, , 
,1078.18,896,82.5,-3.1,10111111,1077.58,928,25.1,3.09,377.4,1077.89,0.0,0.0, , 
,1079.10,896,84.0,-4.3,10111111,1078.48,896,25.1,3.09,377.4,1078.80,0.0,0.0, , 
,1080.03,896,84.0,-4.7,10111111,1079.42,928,25.1,3.09,377.4,1079.72,0.0,0.0, , 
,1080.93,896,84.0,-5.1,10111111,1080.34,896,26.7,3.09,377.4,1080.64,0.0,0.0, , 
,1081.84,896,84.0,-5.5,10111111,1081.23,896,26.7,3.09,377.4,1081.53,0.0,0.0, , 
,1082.78,896,84.0,-5.9,10111111,1082.17,864,25.1,3.09,377.4,1082.48,0.0,0.0, , 
,1083.67,896,84.0,-6.3,10111111,1083.08,896,25.1,3.09,377.4,1083.38,0.0,0.0, , 
,1084.57,864,84.0,-6.3,10111111,1083.95,896,26.7,3.09,377.4,1084.25,0.0,0.0, , 
,1085.51,896,84.0,-6.3,10111111,1084.89,896,26.7,3.09,377.4,1085.20,0.0,0.0, , 
,1086.44,736,84.0,-5.9,10111111,1085.81,864,25.1,3.09,377.4,1086.12,0.0,0.0, , 
,1087.33,800,84.0,-7.0,10111111,1086.74,768,28.2,3.09,418.2,1087.04,0.0,0.0, , 
,1088.20,800,84.0,-7.8,10111111,1087.62,800,26.7,3.09,397.8,1087.91,0.0,0.0, , 
,1089.09,768,84.0,-7.4,10111111,1088.50,800,26.7,3.09,397.8,1088.78,0.0,0.0, , 
,1090.00,768,84.0,-7.0,10111111,1089.39,800,26.7,3.09,397.8,1089.71,0.0,0.0, , 
,1090.89,800,84.0,-7.0,10111111,1090.29,800,26.7,3.09,397.8,1090.59,0.0,0.0, , 
,1091.78,800,84.0,-7.0,10111111,1091.19,800,26.7,3.09,397.8,1091.49,0.0,0.0, , 
,1092.68,800,84.0,-7.0,10111111,1092.08,800,26.7,3.09,397.8,1092.38,0.0,0.0, , 
,1093.59,768,84.0,-6.6,10111111,1092.99,768,26.7,3.09,397.8,1093.29,0.0,0.0, , 
,1094.49,768,84.0,-6.6,10111111,1093.89,800,26.7,3.09,397.8,1094.18,0.0,0.0, , 
,1095.36,768,85.5,-6.6,10111111,1094.78,768,28.2,3.09,397.8,1095.07,0.0,0.0, , 
,1096.26,768,85.5,-7.0,10111111,1095.66,768,28.2,3.09,418.2,1095.95,0.0,0.0, , 
,1097.17,768,85.5,-7.4,10111111,1096.56,768,26.7,3.09,397.8,1096.87,0.0,0.0, , 
,1098.05,768,85.5,-7.4,10111111,1097.46,768,28.2,3.09,397.8,1097.75,0.0,0.0, , 
,1098.92,768,85.5,-7.4,10111111,1098.35,800,28.2,3.09,397.8,1098.63,0.0,0.0, , 
,1099.79,800,85.5,-7.4,10111111,1099.21,768,28.2,3.09,418.2,1099.50,0.0,0.0, , 
,1100.68,800,85.5,-7.8,10111111,1100.09,800,26.7,3.09,397.8,1100.38,0.0,0.0, , 
,1101.58,800,85.5,-7.8,10111111,1100.99,800,28.2,3.09,418.2,1101.28,0.0,0.0, , 
,1102.47,800,85.5,-7.4,10111111,1101.86,768,28.2,3.09,418.2,1102.17,0.0,0.0, , 
,1103.38,800,85.5,-7.8,10111111,1102.77,768,26.7,3.09,397.8,1103.06,0.0,0.0, , 
,1104.30,928,85.5,0.0,10101011,1103.67,800,26.7,3.09,397.8,1103.98,0.0,0.0, , 
,1105.40,1856,85.5,0.0,10101011,1104.64,1728,60.4,9.27,714.0,1105.02,0.0,2.0, , 
,1106.41,1728,85.5,2.3,10101011,1105.75,1728,59.2,9.27,693.6,1106.04,0.0,2.0, , 
,1107.38,2688,85.5,0.0,10111101,1106.75,2048,79.6,13.39,887.4,1107.06,0.0,2.0, , 
,1108.44,1696,85.5,0.0,10101011,1107.70,2272,0.0,0.00,316.2,1108.06,0.0,2.0, , 
,1109.54,2016,85.5,0.8,10101001,1108.81,1856,72.2,11.33,826.2,1109.18,0.0,2.0, , 
,1110.56,2400,85.5,-3.9,11101001,1109.89,2144,76.9,11.33,867.0,1110.20,0.0,2.0, , 
,1111.58,2752,85.5,1.2,11101001,1110.90,2528,69.4,10.30,775.2,1111.23,0.0,2.0, , 
,1112.58,1728,85.5,0.0,11101011,1111.91,2720,0.0,0.00,397.8,1112.25,0.0,2.0, , 
,1113.66,1856,85.5,0.0,11101011,1112.92,1792,26.7,4.12,357.0,1113.29,0.0,2.0, , 
,1114.78,1856,85.5,-7.4,11101011,1114.03,1856,29.4,4.12,397.8,1114.40,0.0,2.0, , 
,1115.88,1920,85.5,-7.4,11101011,1115.16,1888,38.4,5.15,479.4,1115.52,0.0,2.0, , 
,1116.94,1952,85.5,-5.1,11101011,1116.23,1920,38.4,5.15,479.4,1116.60,0.0,2.0, , 
,1118.04,1984,85.5,-5.5,11101001,1117.32,1984,36.9,5.15,459.0,1117.68,0.0,2.0, , 
,1119.08,2048,85.5,-5.9,11101001,1118.39,2016,38.4,5.15,479.4,1118.73,0.0,2.0, , 
,1120.12,2080,85.5,-5.5,11101001,1119.44,2080,38.4,5.15,479.4,1119.78,0.0,2.0, , 
,1121.18,2112,87.0,-5.5,11101001,1120.49,2112,36.9,5.15,459.0,1120.84,0.0,2.0, , 
,1122.22,2144,85.5,-7.0,11101001,1121.54,2144,34.1,4.12,418.2,1121.89,0.0,2.0, , 
,1123.24,2144,85.5,-14.1,11111101,1122.55,2144,23.5,3.09,336.6,1122.89,0.0,2.0, , 
,1124.29,2080,85.5,0.0,11111101,1123.59,2112,16.1,2.06,244.8,1123.93,0.0,2.0, , 
,1125.36,1984,85.5,0.0,11111111,1124.65,2048,0.0,0.00,244.8,1125.00,0.0,2.0, , 
,1126.42,1920,85.5,0.0,11111111,1125.70,1952,0.0,0.00,244.8,1126.06,0.0,2.0, , 
,1127.49,1856,85.5,0.0,11101011,1126.79,1888,17.6,3.09,275.4,1127.14,0.0,2.0, , 
,1128.61,1856,85.5,-5.1,11101011,1127.86,1856,25.1,3.09,357.0,1128.23,0.0,2.0, , 
,1129.72,1856,85.5,-10.9,11101011,1128.97,1856,25.1,3.09,336.6,1129.33,0.0,2.0, , 
,1130.79,1824,85.5,-15.2,11101011,1130.08,1824,19.2,2.06,275.4,1130.43,0.0,2.0, , 
,1131.88,1792,85.5,-15.6,11101011,1131.15,1824,19.2,2.06,275.4,1131.53,0.0,2.0, , 
,1132.98,1792,85.5,-14.8,11101011,1132.21,1792,19.2,2.06,295.8,1132.59,0.0,2.0, , 
,1134.05,1792,87.0,-10.5,11101011,1133.29,1792,20.8,2.06,295.8,1133.68,0.0,2.0, , 
,1135.08,1760,85.5,-6.6,11101011,1134.38,1760,29.4,3.09,377.4,1134.75,0.0,2.0, , 
,1136.14,1792,85.5,-1.6,11101011,1135.40,1792,34.1,4.12,438.6,1135.78,0.0,2.0, , 
,1137.24,1856,85.5,2.7,11101011,1136.50,1824,40.0,5.15,479.4,1136.87,0.0,2.0, , 
,1138.32,1920,85.5,1.2,11101011,1137.59,1888,41.2,6.18,499.8,1137.96,0.0,2.0, , 
,1139.45,1952,85.5,-1.6,11101011,1138.68,1920,35.3,5.15,459.0,1139.06,0.0,2.0, , 
,1140.54,1984,85.5,-3.5,11101011,1139.83,1952,34.1,4.12,438.6,1140.17,0.0,2.0, , 
,1141.59,2016,85.5,-5.1,11101001,1140.91,1984,32.5,4.12,418.2,1141.25,0.0,2.0, , 
,1142.64,2048,85.5,-7.8,11101001,1141.94,2016,32.5,4.12,418.2,1142.29,0.0,2.0, , 
,1143.72,2080,85.5,-9.8,11101001,1143.01,2080,32.5,4.12,418.2,1143.36,0.0,2.0, , 
,1144.75,2144,85.5,-7.8,11101001,1144.05,2112,44.3,5.15,520.2,1144.40,0.0,2.0, , 
,1145.78,2240,85.5,-5.5,11101001,1145.09,2176,44.3,6.18,520.2,1145.44,0.0,2.0, , 
,1146.83,2336,85.5,-1.2,11101001,1146.12,2272,45.9,6.18,550.8,1146.47,0.0,2.0, , 
,1147.85,2400,85.5,-0.8,11101001,1147.19,2336,50.2,7.21,591.6,1147.50,0.0,2.0, , 
,1148.90,2528,85.5,-0.4,11101001,1148.21,2464,59.2,9.27,673.2,1148.57,0.0,2.0, , 
,1149.89,2688,85.5,5.1,11101001,1149.23,2592,72.2,11.33,795.6,1149.56,0.0,2.0, , 
,1150.91,2816,85.5,9.0,11101001,1150.23,2720,71.0,11.33,775.2,1150.57,0.0,2.0, , 
,1151.99,3008,85.5,5.5,11101001,1151.26,2880,79.6,13.39,867.0,1151.68,0.0,2.0, , 
,1153.03,3200,85.5,3.9,11101001,1152.34,3072,87.1,14.42,948.6,1152.68,0.0,2.0, , 
,1154.03,2464,85.5,0.0,11111101,1153.36,3264,85.5,14.42,928.2,1153.70,0.0,2.0, , 
,1155.01,2400,85.5,0.0,11101001,1154.36,2048,17.6,3.09,275.4,1154.67,0.0,2.0, , 
,1156.08,2400,85.5,0.0,11101001,1155.35,2400,28.2,4.12,357.0,1155.74,0.0,2.0, , 
,1157.11,2464,85.5,0.0,11101001,1156.42,2432,62.0,9.27,693.6,1156.74,0.0,2.0, , 
,1158.13,2592,85.5,-0.8,11101001,1157.46,2496,85.5,13.39,928.2,1157.79,0.0,2.0, , 
,1159.13,2688,85.5,0.0,11101001,1158.47,2624,85.5,14.42,948.6,1158.79,0.0,2.0, , 
,1160.18,2784,85.5,0.4,11101001,1159.48,2720,87.1,14.42,948.6,1159.84,0.0,2.0, , 
,1161.21,2880,85.5,1.2,11101001,1160.56,2816,87.1,14.42,948.6,1160.89,0.0,2.0, , 
,1162.15,2976,85.5,1.2,11101001,1161.58,2912,87.1,14.42,948.6,1161.84,0.0,2.0, , 
,1163.18,3072,85.5,1.2,11101001,1162.43,3008,85.5,14.42,948.6,1162.83,0.0,2.0, , 
,1164.21,3168,85.5,-0.8,11101001,1163.53,3104,88.6,14.42,969.0,1163.87,0.0,2.0, , 
,1165.31,3264,85.5,-0.4,11101001,1164.57,3200,88.6,14.42,969.0,1164.94,0.0,2.0, , 
,1166.42,3360,85.5,-0.8,11101001,1165.68,3296,88.6,14.42,969.0,1166.08,0.0,2.0, , 
,1167.48,3456,85.5,-1.2,11101001,1166.77,3392,88.6,14.42,969.0,1167.11,0.0,2.0, , 
,1168.51,3104,85.5,0.0,11111101,1167.85,3456,88.6,14.42,969.0,1168.20,0.0,2.0, , 
,1169.52,1888,85.5,0.0,11111111,1168.83,2624,0.0,0.00,275.4,1169.18,0.0,2.0, , 
,1170.52,2592,85.5,0.0,11111101,1169.85,2368,0.0,0.00,244.8,1170.18,0.0,2.0, , 
,1171.54,2528,85.5,0.0,11111101,1170.86,2560,0.0,0.00,244.8,1171.20,0.0,2.0, , 
,1172.53,2496,85.5,0.0,11101001,1171.88,2528,0.0,0.00,244.8,1172.20,0.0,2.0, , 
,1173.58,2464,85.5,0.0,11101001,1172.88,2464,17.6,2.06,244.8,1173.24,0.0,2.0, , 
,1174.62,2464,85.5,0.8,11101001,1173.92,2464,51.8,7.21,591.6,1174.26,0.0,2.0, , 
,1175.65,2464,85.5,0.0,11101001,1174.96,2464,53.3,8.24,612.0,1175.30,0.0,2.0, , 
,1176.69,2496,87.0,0.8,11101001,1176.01,2496,84.3,13.39,928.2,1176.35,0.0,2.0, , 
,1177.73,2528,85.5,0.4,11101001,1177.05,2528,81.2,13.39,887.4,1177.39,0.0,2.0, , 
,1178.76,2560,85.5,0.4,11101001,1178.07,2528,85.5,13.39,928.2,1178.40,0.0,2.0, , 
,1179.72,2592,85.5,0.0,11101001,1179.10,2592,87.1,14.42,948.6,1179.41,0.0,2.0, , 
,1180.72,2624,85.5,-3.1,11101001,1180.04,2624,87.1,14.42,948.6,1180.38,0.0,2.0, , 
,1181.78,2656,85.5,1.2,11101001,1181.06,2656,79.6,12.36,887.4,1181.40,0.0,2.0, , 
,1182.81,2688,85.5,1.2,11101001,1182.12,2656,81.2,13.39,887.4,1182.48,0.0,2.0, , 
,1183.82,2688,85.5,2.3,11101001,1183.15,2688,81.2,13.39,887.4,1183.50,0.0,2.0, , 
,1184.79,2720,85.5,6.6,11101001,1184.14,2720,69.4,11.33,775.2,1184.46,0.0,2.0, , 
,1185.79,2720,85.5,10.2,11101001,1185.12,2720,67.8,11.33,754.8,1185.46,0.0,2.0, , 
,1186.78,2720,85.5,0.8,11101001,1186.13,2720,51.8,7.21,612.0,1186.46,0.0,2.0, , 
,1187.79,2688,85.5,1.6,11101001,1187.10,2688,44.3,6.18,499.8,1187.43,0.0,2.0, , 
,1188.81,2656,85.5,2.3,11101001,1188.12,2688,45.9,6.18,520.2,1188.47,0.0,2.0, , 
,1189.86,2656,85.5,2.3,11101001,1189.17,2656,45.9,6.18,520.2,1189.51,0.0,2.0, , 
,1190.91,2624,85.5,4.3,11101001,1190.20,2624,51.8,7.21,591.6,1190.56,0.0,2.0, , 
,1191.91,2624,85.5,6.6,11101001,1191.24,2624,57.6,9.27,652.8,1191.57,0.0,2.0, , 
,1192.93,2624,85.5,8.6,11101001,1192.23,2624,62.0,10.30,693.6,1192.58,0.0,2.0, , 
,1193.91,2624,85.5,8.2,11101001,1193.27,2624,62.0,10.30,693.6,1193.60,0.0,2.7, , 
,1194.91,2624,85.5,9.0,11101001,1194.24,2624,63.5,10.30,714.0,1194.58,0.0,2.7, , 
,1195.93,2624,85.5,8.6,11101001,1195.25,2624,63.5,10.30,714.0,1195.59,0.0,2.7, , 
,1196.92,2624,85.5,8.2,11101001,1196.27,2624,63.5,10.30,714.0,1196.59,0.0,2.7, , 
,1197.92,2624,85.5,7.8,11101001,1197.26,2624,65.1,10.30,714.0,1197.59,0.0,2.7, , 
,1198.91,2624,85.5,7.8,11101001,1198.25,2624,67.8,11.33,754.8,1198.58,0.0,2.7, , 
,1199.90,2624,85.5,7.4,11101001,1199.23,2624,67.8,11.33,754.8,1199.56,0.0,2.7, , 
,1200.88,2624,85.5,7.0,11101001,1200.23,2624,67.8,11.33,754.8,1200.56,0.0,2.7, , 
,1201.84,2624,85.5,5.1,11101001,1201.20,2624,72.2,12.36,795.6,1201.52,0.0,2.7, , 
,1202.85,2624,84.0,1.6,11101001,1202.18,2624,75.3,12.36,826.2,1202.52,0.0,2.7, , 
,1203.86,2624,85.5,4.3,11101001,1203.18,2624,76.9,11.33,846.6,1203.52,0.0,2.7, , 
,1204.89,2624,84.0,5.1,11101001,1204.21,2624,76.9,12.36,846.6,1204.54,0.0,2.7, , 
,1205.94,2624,85.5,7.4,11101001,1205.23,2624,76.9,12.36,846.6,1205.59,0.0,2.7, , 
,1206.95,2624,84.0,8.2,11101001,1206.27,2624,76.9,12.36,846.6,1206.61,0.0,2.7, , 
,1207.97,2624,85.5,9.0,11101001,1207.29,2624,76.9,12.36,846.6,1207.63,0.0,2.7, , 
,1208.98,2624,85.5,9.4,11101001,1208.32,2624,76.9,12.36,846.6,1208.65,0.0,2.7, , 
,1210.00,2592,84.0,10.5,11101001,1209.31,2624,76.9,12.36,846.6,1209.65,0.0,2.7, , 
,1211.04,2560,84.0,10.5,11101001,1210.34,2592,63.5,9.27,714.0,1210.69,0.0,2.7, , 
,1212.08,2528,84.0,11.3,11101001,1211.39,2560,62.0,10.30,693.6,1211.73,0.0,2.7, , 
,1213.06,2528,85.5,11.7,11101001,1212.41,2528,63.5,10.30,714.0,1212.74,0.0,2.7, , 
,1214.08,2496,84.0,12.9,11101001,1213.43,2496,63.5,10.30,714.0,1213.74,0.0,2.7, , 
,1215.16,2464,84.0,12.9,11101001,1214.42,2496,63.5,10.30,714.0,1214.79,0.0,2.7, , 
,1216.25,2432,84.0,10.2,11101001,1215.52,2464,65.1,10.30,734.4,1215.88,0.0,2.7, , 
,1217.31,2400,84.0,9.8,11101001,1216.61,2432,65.1,10.30,734.4,1216.97,0.0,2.7, , 
,1218.33,2400,84.0,9.8,11101001,1217.66,2400,66.3,10.30,734.4,1217.99,0.0,2.7, , 
,1219.44,2368,85.5,6.3,11101001,1218.71,2400,69.4,11.33,775.2,1219.11,0.0,2.7, , 
,1220.47,2400,84.0,-0.4,11101001,1219.78,2368,81.2,13.39,907.8,1220.11,0.0,2.7, , 
,1221.52,2400,85.5,0.4,11101001,1220.83,2400,81.2,12.36,907.8,1221.17,0.0,2.7, , 
,1222.54,2432,85.5,1.6,11101001,1221.84,2432,81.2,12.36,907.8,1222.18,0.0,2.7, , 
,1223.61,2464,84.0,3.9,11101001,1222.91,2432,78.4,12.36,867.0,1223.27,0.0,2.7, , 
,1224.65,2496,84.0,6.3,11101001,1223.97,2464,75.3,11.33,826.2,1224.31,0.0,2.7, , 
,1225.66,2528,84.0,0.0,11101001,1225.02,2496,73.7,11.33,826.2,1225.34,0.0,2.7, , 
,1226.65,2560,84.0,0.0,11101001,1225.99,2560,63.5,9.27,693.6,1226.32,0.0,2.7, , 
,1227.66,2592,84.0,3.5,11101001,1226.99,2592,44.3,5.15,520.2,1227.31,0.0,2.7, , 
,1228.63,2624,85.5,6.6,11101001,1227.99,2592,44.3,6.18,520.2,1228.32,0.0,2.7, , 
,1229.63,2656,84.0,9.4,11101001,1228.97,2624,42.7,6.18,499.8,1229.30,0.0,2.7, , 
,1230.68,2688,85.5,0.0,11111101,1229.98,2688,42.7,6.18,499.8,1230.33,0.0,2.7, , 
,1231.68,2688,84.0,0.0,11111101,1231.01,2688,17.6,2.06,244.8,1231.34,0.0,2.7, , 
,1232.65,2688,84.0,0.0,11111101,1232.01,2688,0.0,0.00,275.4,1232.33,0.0,2.7, , 
,1233.64,2688,84.0,0.0,11111101,1232.98,2688,0.0,0.00,275.4,1233.31,0.0,2.7, , 
,1234.61,2688,84.0,0.0,11111101,1233.98,2688,0.0,0.00,244.8,1234.29,0.0,2.7, , 
,1235.55,2688,84.0,0.0,11111101,1234.92,2688,0.0,0.00,244.8,1235.23,0.0,2.7, , 
,1236.52,2688,85.5,0.0,11111101,1235.88,2688,0.0,0.00,244.8,1236.19,0.0,2.7, , 
,1237.50,2688,84.0,0.0,11111101,1236.84,2688,0.0,0.00,244.8,1237.18,0.0,2.7, , 
,1238.44,2688,84.0,0.0,11111101,1237.82,2688,0.0,0.00,244.8,1238.13,0.0,2.7, , 
,1239.41,2688,84.0,0.0,11111101,1238.77,2688,0.0,0.00,244.8,1239.09,0.0,2.7, , 
,1240.33,2688,84.0,0.0,11111101,1239.71,2688,0.0,0.00,275.4,1240.02,0.0,2.7, , 
,1241.31,2688,84.0,0.0,11111101,1240.65,2688,0.0,0.00,275.4,1240.99,0.0,2.7, , 
,1242.29,2688,84.0,0.0,11111101,1241.64,2688,0.0,0.00,244.8,1241.97,0.0,2.7, , 
,1243.26,2656,84.0,0.0,11111101,1242.62,2688,0.0,0.00,244.8,1242.94,0.0,2.7, , 
,1244.24,2656,84.0,0.0,11111101,1243.60,2656,0.0,0.00,244.8,1243.91,0.0,2.7, , 
,1245.23,2656,84.0,0.0,11111101,1244.57,2656,0.0,0.00,244.8,1244.90,0.0,2.7, , 
,1246.21,2656,84.0,0.0,11111101,1245.56,2656,0.0,0.00,244.8,1245.89,0.0,2.7, , 
,1247.18,2624,82.5,0.0,11111101,1246.53,2656,0.0,0.00,244.8,1246.86,0.0,2.7, , 
,1248.15,2592,82.5,0.0,11111101,1247.52,2624,0.0,0.00,244.8,1247.83,0.0,2.7, , 
,1249.09,2592,82.5,0.0,11111101,1248.46,2592,0.0,0.00,244.8,1248.76,0.0,2.7, , 
,1250.12,2560,82.5,0.0,11111101,1249.43,2560,0.0,0.00,244.8,1249.78,0.0,2.7, , 
,1251.13,2496,82.5,0.0,11111101,1250.45,2528,0.0,0.00,244.8,1250.80,0.0,2.7, , 
,1252.12,2464,82.5,0.0,11111101,1251.43,2496,0.0,0.00,244.8,1251.77,0.0,2.7, , 
,1253.08,2464,82.5,0.0,11111101,1252.46,2464,0.0,0.00,244.8,1252.76,0.0,2.7, , 
,1254.05,2432,82.5,0.0,11111101,1253.41,2432,0.0,0.00,244.8,1253.74,0.0,2.7, , 
,1255.05,2368,82.5,0.0,11111101,1254.37,2400,0.0,0.00,244.8,1254.72,0.0,2.7, , 
,1256.02,2336,82.5,0.0,11101001,1255.36,2368,0.0,0.00,244.8,1255.69,0.0,2.7, , 
,1257.02,2304,82.5,0.0,11101001,1256.34,2336,16.1,3.09,244.8,1256.68,0.0,2.7, , 
,1258.03,2336,81.0,2.7,11101001,1257.35,2336,53.3,8.24,612.0,1257.67,0.0,2.7, , 
,1259.01,2336,81.0,0.0,11101001,1258.36,2336,53.3,7.21,612.0,1258.69,0.0,2.7, , 
,1260.03,2336,81.0,4.7,11101001,1259.35,2336,41.2,5.15,499.8,1259.68,0.0,2.7, , 
,1261.02,2336,81.0,8.2,11101001,1260.36,2336,41.2,5.15,479.4,1260.69,0.0,2.7, , 
,1262.02,2336,81.0,10.5,11101001,1261.33,2336,40.0,5.15,479.4,1261.66,0.0,2.7, , 
,1263.02,2336,81.0,12.1,11101001,1262.35,2336,41.2,6.18,479.4,1262.69,0.0,2.7, , 
,1264.02,2336,81.0,0.0,11101001,1263.36,2336,40.0,6.18,479.4,1263.69,0.0,2.7, , 
,1265.01,2304,81.0,-3.9,11101001,1264.34,2336,22.0,3.09,295.8,1264.69,0.0,2.7, , 
,1266.01,2272,81.0,0.0,11111101,1265.35,2272,16.1,2.06,244.8,1265.69,0.0,2.7, , 
,1267.03,2208,81.0,0.0,11111101,1266.34,2272,0.0,0.00,244.8,1266.69,0.0,2.7, , 
,1268.07,2176,81.0,0.0,11101001,1267.38,2208,0.0,0.00,244.8,1267.72,0.0,2.7, , 
,1269.10,2144,81.0,-3.9,11101001,1268.40,2208,22.0,3.09,295.8,1268.76,0.0,2.7, , 
,1270.12,2144,81.0,-5.1,11101001,1269.42,2144,22.0,3.09,316.2,1269.76,0.0,2.7, , 
,1271.20,2112,81.0,-5.9,11101001,1270.50,2112,23.5,3.09,316.2,1270.84,0.0,2.7, , 
,1272.25,2112,81.0,-2.3,11101001,1271.56,2112,26.7,3.09,357.0,1271.90,0.0,2.7, , 
,1273.30,2112,81.0,4.3,11101001,1272.61,2112,36.9,5.15,459.0,1272.95,0.0,2.7, , 
,1274.37,2112,81.0,8.2,11101001,1273.66,2112,42.7,6.18,520.2,1274.01,0.0,2.7, , 
,1275.45,2080,81.0,10.5,11101001,1274.73,2112,42.7,6.18,520.2,1275.09,0.0,2.7, , 
,1276.48,2048,81.0,0.0,11111101,1275.79,2080,25.1,3.09,336.6,1276.14,0.0,2.7, , 
,1277.52,2016,81.0,0.0,11111101,1276.83,2048,0.0,0.00,244.8,1277.17,0.0,2.7, , 
,1278.58,1984,81.0,0.0,11111111,1277.86,2016,0.0,0.00,244.8,1278.22,0.0,2.7, , 
,1279.61,1920,81.0,0.0,11111111,1278.92,1952,0.0,0.00,244.8,1279.27,0.0,2.7, , 
,1280.66,1888,81.0,0.0,11111111,1279.97,1920,0.0,0.00,275.4,1280.31,0.0,2.7, , 
,1281.70,1856,81.0,0.0,11101011,1281.01,1888,0.0,0.00,275.4,1281.34,0.0,2.7, , 
,1282.82,1824,81.0,0.0,11101011,1282.06,1824,17.6,3.09,275.4,1282.44,0.0,2.7, , 
,1283.87,1792,81.0,-6.6,11101011,1283.16,1824,19.2,2.06,275.4,1283.54,0.0,2.7, , 
,1284.90,1792,81.0,-7.4,11101011,1284.21,1792,19.2,2.06,295.8,1284.55,0.0,2.7, , 
,1286.00,1760,81.0,-5.5,11101011,1285.29,1760,20.8,2.06,295.8,1285.64,0.0,2.7, , 
,1287.12,1760,81.0,-1.2,11101011,1286.37,1760,26.7,3.09,357.0,1286.73,0.0,2.7, , 
,1288.25,1728,81.0,2.0,11101011,1287.48,1760,28.2,3.09,377.4,1287.87,0.0,2.7, , 
,1289.37,1728,81.0,3.9,11101011,1288.62,1728,22.0,3.09,316.2,1288.99,0.0,2.7, , 
,1290.44,1696,81.0,8.6,11101011,1289.73,1728,28.2,3.09,377.4,1290.08,0.0,2.7, , 
,1291.54,1728,81.0,14.5,11101011,1290.82,1728,35.3,5.15,438.6,1291.16,0.0,2.7, , 
,1292.63,1728,81.0,13.7,11101011,1291.87,1728,51.8,8.24,612.0,1292.26,0.0,2.7, , 
,1293.73,1760,81.0,16.8,11101011,1293.00,1728,54.5,8.24,632.4,1293.37,0.0,2.7, , 
,1294.80,1760,81.0,19.5,11101011,1294.10,1760,53.3,8.24,632.4,1294.44,0.0,2.7, , 
,1295.80,1792,81.0,16.8,11101011,1295.15,1792,53.3,8.24,632.4,1295.48,0.0,2.7, , 
,1296.87,1792,81.0,8.2,11101011,1296.13,1792,53.3,8.24,632.4,1296.50,0.0,2.7, , 
,1297.99,1824,81.0,12.5,11101011,1297.27,1824,59.2,9.27,693.6,1297.63,0.0,2.7, , 
,1299.11,1856,81.0,13.7,11101011,1298.36,1824,60.4,9.27,693.6,1298.72,0.0,2.7, , 
,1300.24,1856,81.0,9.8,11101011,1299.49,1856,59.2,9.27,693.6,1299.86,0.0,2.7, , 
,1301.32,1888,81.0,9.4,11101011,1300.61,1888,59.2,9.27,693.6,1300.99,0.0,2.7, , 
,1302.42,1920,81.0,7.4,11101011,1301.68,1888,59.2,9.27,693.6,1302.04,0.0,2.7, , 
,1303.53,1952,81.0,8.2,11101011,1302.79,1920,60.4,9.27,693.6,1303.16,0.0,2.7, , 
,1304.62,1984,81.0,8.2,11101011,1303.89,1952,63.5,9.27,714.0,1304.27,0.0,2.7, , 
,1305.69,2016,81.0,7.8,11101001,1304.98,1984,62.0,9.27,714.0,1305.34,0.0,2.7, , 
,1306.75,2048,81.0,7.4,11101001,1306.05,2016,60.4,9.27,693.6,1306.40,0.0,2.7, , 
,1307.81,2048,81.0,4.7,11101001,1307.10,2048,53.3,7.21,632.4,1307.46,0.0,2.7, , 
,1308.87,2080,81.0,4.3,11101001,1308.17,2080,45.9,6.18,550.8,1308.53,0.0,2.7, , 
,1309.91,2080,81.0,3.1,11101001,1309.23,2080,45.9,6.18,550.8,1309.58,0.0,2.7, , 
,1310.97,2080,81.0,2.7,11101001,1310.26,2080,45.9,6.18,550.8,1310.61,0.0,2.7, , 
,1311.99,2080,82.5,0.4,11101001,1311.32,2080,41.2,5.15,499.8,1311.65,0.0,2.7, , 
,1313.00,2080,82.5,0.0,11101001,1312.33,2080,35.3,5.15,438.6,1312.66,0.0,2.7, , 
,1314.04,2080,82.5,-0.4,11101001,1313.36,2080,36.9,5.15,459.0,1313.69,0.0,2.7, , 
,1315.11,2080,82.5,5.5,11101001,1314.41,2080,41.2,5.15,499.8,1314.76,0.0,2.7, , 
,1316.17,2112,82.5,-1.6,11101001,1315.46,2080,45.9,6.18,550.8,1315.83,0.0,2.7, , 
,1317.21,2112,82.5,0.8,11101001,1316.51,2112,60.4,8.24,693.6,1316.86,0.0,2.7, , 
,1318.26,2144,82.5,5.9,11101001,1317.53,2112,62.0,9.27,714.0,1317.90,0.0,2.7, , 
,1319.30,2144,82.5,9.0,11101001,1318.61,2144,57.6,8.24,673.2,1318.95,0.0,2.7, , 
,1320.32,2176,82.5,10.2,11101001,1319.64,2176,57.6,8.24,652.8,1319.98,0.0,2.7, , 
,1321.33,2208,82.5,10.5,11101001,1320.65,2176,57.6,8.24,652.8,1320.99,0.0,2.7, , 
,1322.34,2208,82.5,11.7,11101001,1321.67,2208,57.6,8.24,652.8,1322.02,0.0,2.7, , 
,1323.36,2240,82.5,9.4,11101001,1322.69,2208,54.5,8.24,632.4,1323.01,0.0,2.7, , 
,1324.37,2240,82.5,5.5,11101001,1323.70,2240,35.3,5.15,438.6,1324.03,0.0,2.7, , 
,1325.40,2208,82.5,3.1,11101001,1324.71,2208,35.3,5.15,438.6,1325.05,0.0,2.7, , 
,1326.44,2208,82.5,1.6,11101001,1325.75,2208,36.9,5.15,459.0,1326.10,0.0,2.7, , 
,1327.48,2208,82.5,3.5,11101001,1326.79,2208,41.2,5.15,479.4,1327.14,0.0,2.7, , 
,1328.47,2208,82.5,6.3,11101001,1327.83,2208,47.1,6.18,550.8,1328.15,0.0,2.7, , 
,1329.48,2208,82.5,7.4,11101001,1328.80,2208,47.1,6.18,550.8,1329.14,0.0,2.7, , 
,1330.52,2240,82.5,2.0,11101001,1329.84,2240,62.0,9.27,693.6,1330.19,0.0,2.7, , 
,1331.52,2272,82.5,5.9,11101001,1330.85,2272,69.4,10.30,775.2,1331.18,0.0,2.7, , 
,1332.54,2304,82.5,9.8,11101001,1331.87,2272,71.0,11.33,795.6,1332.21,0.0,2.7, , 
,1333.53,2336,82.5,12.5,11101001,1332.88,2304,69.4,10.30,775.2,1333.20,0.0,2.7, , 
,1334.56,2368,82.5,14.1,11101001,1333.86,2336,69.4,11.33,754.8,1334.20,0.0,2.7, , 
,1335.57,2400,84.0,14.5,11101001,1334.93,2368,65.1,10.30,734.4,1335.25,0.0,2.7, , 
,1336.60,2400,82.5,2.3,11101001,1335.89,2400,54.5,7.21,632.4,1336.24,0.0,2.7, , 
,1337.61,2400,82.5,5.9,11101001,1336.92,2400,47.1,6.18,550.8,1337.27,0.0,2.7, , 
,1338.62,2400,82.5,4.7,11101001,1337.94,2400,40.0,5.15,479.4,1338.27,0.0,2.7, , 
,1339.68,2400,84.0,4.3,11101001,1338.96,2400,34.1,4.12,418.2,1339.32,0.0,2.7, , 
,1340.72,2368,84.0,-3.5,11111101,1340.05,2400,31.0,4.12,397.8,1340.39,0.0,2.7, , 
,1341.72,2336,84.0,0.0,11111101,1341.06,2368,17.6,2.06,244.8,1341.39,0.0,2.7, , 
,1342.71,2304,84.0,0.0,11101001,1342.04,2336,0.0,0.00,244.8,1342.37,0.0,2.7, , 
,1343.70,2272,84.0,0.0,11101001,1343.03,2304,16.1,2.06,244.8,1343.36,0.0,2.7, , 
,1344.71,2272,84.0,-14.5,11101001,1344.04,2272,16.1,2.06,244.8,1344.38,0.0,2.7, , 
,1345.73,2240,84.0,-21.5,11111101,1345.04,2240,16.1,2.06,244.8,1345.39,0.0,2.7, , 
,1346.73,2144,84.0,0.0,11111101,1346.07,2208,0.0,0.00,244.8,1346.40,0.0,2.7, , 
,1347.74,2112,84.0,0.0,11111101,1347.08,2144,0.0,0.00,244.8,1347.41,0.0,2.7, , 
,1348.80,2080,84.0,0.0,11111101,1348.09,2112,0.0,0.00,244.8,1348.44,0.0,2.7, , 
,1349.86,2048,84.0,0.0,11111101,1349.16,2048,0.0,0.00,244.8,1349.51,0.0,2.7, , 
,1350.92,1984,84.0,0.0,11111101,1350.20,2016,0.0,0.00,244.8,1350.56,0.0,2.7, , 
,1352.01,1920,84.0,0.0,11101011,1351.28,1984,0.0,0.00,244.8,1351.64,0.0,2.7, , 
,1353.10,1952,84.0,0.0,11101011,1352.38,1952,16.1,3.09,244.8,1352.73,0.0,2.7, , 
,1354.18,1920,84.0,-5.5,11101011,1353.45,1920,23.5,3.09,336.6,1353.81,0.0,2.7, , 
,1355.29,1888,82.5,-5.1,11101011,1354.54,1920,25.1,3.09,357.0,1354.92,0.0,2.7, , 
,1356.38,1888,84.0,-2.3,11101011,1355.65,1888,28.2,3.09,377.4,1356.01,0.0,2.7, , 
,1357.45,1888,84.0,-1.6,11101011,1356.74,1888,34.1,4.12,418.2,1357.10,0.0,2.7, , 
,1358.55,1888,84.0,2.3,11101011,1357.82,1888,34.1,4.12,418.2,1358.19,0.0,2.7, , 
,1359.63,1888,84.0,5.1,11101011,1358.90,1888,34.1,4.12,438.6,1359.26,0.0,2.7, , 
,1360.71,1920,84.0,5.9,11101011,1359.99,1888,51.8,7.21,612.0,1360.35,0.0,2.7, , 
,1361.78,1920,84.0,11.3,11101011,1361.07,1920,59.2,8.24,673.2,1361.43,0.0,2.7, , 
,1362.87,1952,84.0,13.7,11101011,1362.15,1920,57.6,9.27,673.2,1362.52,0.0,2.7, , 
,1363.95,1952,82.5,16.8,11101011,1363.24,1952,63.5,10.30,714.0,1363.59,0.0,2.7, , 
,1365.03,1984,82.5,16.0,11101001,1364.31,1984,62.0,9.27,714.0,1364.67,0.0,2.7, , 
,1366.11,2016,84.0,12.5,11101001,1365.39,2016,60.4,9.27,693.6,1365.76,0.0,2.7, , 
,1367.17,2048,84.0,12.5,11101001,1366.46,2016,59.2,9.27,693.6,1366.81,0.0,2.7, , 
,1368.21,2048,84.0,12.1,11101001,1367.52,2048,57.6,9.27,673.2,1367.86,0.0,2.7, , 
,1369.24,2048,82.5,7.4,11101001,1368.54,2048,56.1,8.24,652.8,1368.89,0.0,2.7, , 
,1370.28,2048,84.0,0.0,11101001,1369.59,2048,42.7,5.15,520.2,1369.93,0.0,2.7, , 
,1371.34,2016,82.5,-7.8,11101001,1370.63,2048,25.1,3.09,336.6,1370.99,0.0,2.7, , 
,1372.39,2016,84.0,-10.2,11101001,1371.69,2016,23.5,3.09,336.6,1372.05,0.0,2.7, , 
,1373.50,1984,84.0,-8.6,11101011,1372.75,1984,23.5,3.09,336.6,1373.13,0.0,2.7, , 
,1374.61,1952,82.5,-9.0,11101011,1373.87,1984,25.1,3.09,336.6,1374.25,0.0,2.7, , 
,1375.72,1920,84.0,0.0,11101011,1374.98,1952,26.7,3.09,357.0,1375.35,0.0,2.7, , 
,1376.80,1952,82.5,1.6,11101011,1376.08,1952,60.4,8.24,693.6,1376.44,0.0,2.7, , 
,1377.91,1984,84.0,6.6,11101011,1377.18,1952,63.5,9.27,734.4,1377.55,0.0,2.7, , 
,1378.97,1984,84.0,10.9,11101001,1378.26,1984,63.5,9.27,714.0,1378.62,0.0,2.7, , 
,1380.04,2016,84.0,12.5,11101001,1379.33,1984,63.5,10.30,714.0,1379.69,0.0,2.7, , 
,1381.12,2016,82.5,0.0,11101001,1380.40,2016,62.0,9.27,714.0,1380.77,0.0,2.7, , 
,1382.21,2016,84.0,-7.4,11111101,1381.49,2016,23.5,3.09,336.6,1381.83,0.0,2.7, , 
,1383.28,1920,84.0,0.0,11111111,1382.56,1984,0.0,0.00,244.8,1382.92,0.0,2.7, , 
,1384.35,1888,84.0,0.0,11111111,1383.64,1920,0.0,0.00,275.4,1383.98,0.0,2.7, , 
,1385.37,1824,82.5,0.0,11111111,1384.68,1856,0.0,0.00,295.8,1385.02,0.0,2.7, , 
,1386.41,1792,84.0,0.0,11101011,1385.74,1792,19.2,3.09,295.8,1386.07,0.0,2.7, , 
,1387.48,1760,82.5,0.0,11101011,1386.72,1792,19.2,2.06,295.8,1387.11,0.0,2.7, , 
,1388.57,1760,84.0,0.0,11101011,1387.86,1760,59.2,9.27,693.6,1388.18,0.0,2.7, , 
,1389.68,1792,84.0,4.3,11101011,1388.95,1792,62.0,9.27,714.0,1389.30,0.0,2.7, , 
,1390.77,1824,84.0,8.6,11101011,1390.04,1792,62.0,9.27,714.0,1390.40,0.0,2.7, , 
,1391.87,1856,84.0,12.1,11101011,1391.13,1824,62.0,10.30,714.0,1391.50,0.0,2.7, , 
,1393.04,1856,84.0,13.7,11101011,1392.26,1856,62.0,10.30,714.0,1392.66,0.0,2.7, , 
,1394.12,1888,84.0,13.3,11101011,1393.39,1888,54.5,8.24,632.4,1393.77,0.0,2.7, , 
,1395.21,1920,84.0,9.8,11101011,1394.49,1888,54.5,8.24,632.4,1394.85,0.0,2.7, , 
,1396.30,1920,84.0,7.8,11101011,1395.57,1920,53.3,8.24,632.4,1395.94,0.0,2.7, , 
,1397.40,1920,84.0,3.1,11101011,1396.66,1920,41.2,5.15,499.8,1397.04,0.0,2.7, , 
,1398.49,1920,84.0,1.2,11101011,1397.77,1920,34.1,4.12,418.2,1398.13,0.0,2.7, , 
,1399.61,1920,84.0,-0.4,11101011,1398.84,1920,34.1,4.12,438.6,1399.23,0.0,2.7, , 
,1400.71,1920,84.0,-2.0,11101011,1399.98,1920,34.1,4.12,418.2,1400.34,0.0,2.7, , 
,1401.78,1920,84.0,-4.3,11101011,1401.07,1920,34.1,4.12,418.2,1401.42,0.0,2.7, , 
,1402.87,1888,84.0,-13.3,11101011,1402.14,1888,19.2,2.06,295.8,1402.50,0.0,2.7, , 
,1403.99,1888,84.0,-16.4,11101011,1403.24,1888,19.2,2.06,295.8,1403.61,0.0,2.7, , 
,1405.10,1856,84.0,-16.8,11101011,1404.35,1856,20.8,2.06,295.8,1404.72,0.0,2.7, , 
,1406.15,1856,84.0,-13.3,11101011,1405.47,1856,20.8,2.06,295.8,1405.79,0.0,2.7, , 
,1407.12,1280,84.0,0.0,11111111,1406.52,1856,23.5,2.06,336.6,1406.79,0.0,2.7, , 
,1408.07,1216,84.0,0.0,11111111,1407.45,1024,28.2,4.12,377.4,1407.76,0.0,0.0, , 
,1409.08,1728,84.0,0.0,11111111,1408.38,1184,22.0,3.09,336.6,1408.73,0.0,0.0, , 
,1410.06,2240,84.0,0.0,11111101,1409.42,2080,0.0,0.00,275.4,1409.74,0.0,2.7, , 
,1411.07,2208,84.0,0.0,11111101,1410.40,2240,0.0,0.00,244.8,1410.74,0.0,2.7, , 
,1412.09,2144,84.0,0.0,11111101,1411.41,2176,0.0,0.00,244.8,1411.74,0.0,2.7, , 
,1413.12,2080,84.0,0.0,11111101,1412.42,2144,0.0,0.00,244.8,1412.78,0.0,2.7, , 
,1414.18,2048,84.0,0.0,11111101,1413.48,2080,0.0,0.00,244.8,1413.83,0.0,2.7, , 
,1415.19,1984,84.0,0.0,11111111,1414.53,2016,0.0,0.00,244.8,1414.86,0.0,2.7, , 
,1416.23,1920,84.0,0.0,11111111,1415.54,1952,0.0,0.00,244.8,1415.88,0.0,2.7, , 
,1417.26,1888,84.0,0.0,11111111,1416.58,1920,0.0,0.00,275.4,1416.92,0.0,2.7, , 
,1418.29,1824,84.0,0.0,11111111,1417.62,1856,0.0,0.00,295.8,1417.96,0.0,2.7, , 
,1419.29,1184,84.0,0.0,11111111,1418.64,1824,0.0,0.00,295.8,1418.97,0.0,2.7, , 
,1420.24,960,84.0,0.0,11111111,1419.58,864,34.1,6.18,438.6,1419.90,0.0,0.0, , 
,1421.25,1984,82.5,0.0,11111101,1420.57,1152,23.5,3.09,357.0,1420.90,0.0,2.7, , 
,1422.31,1920,82.5,0.0,11101011,1421.60,1920,0.0,0.00,275.4,1421.96,0.0,2.7, , 
,1423.36,1856,82.5,-5.9,11101011,1422.66,1888,17.6,2.06,275.4,1423.01,0.0,2.7, , 
,1424.47,1824,82.5,-8.6,11101011,1423.74,1856,19.2,2.06,275.4,1424.10,0.0,2.7, , 
,1425.62,1824,82.5,-7.0,11101011,1424.84,1824,20.8,2.06,295.8,1425.23,0.0,2.7, , 
,1426.75,1824,82.5,-3.5,11101011,1425.99,1824,26.7,3.09,357.0,1426.37,0.0,2.7, , 
,1427.87,1888,82.5,-0.4,11101011,1427.12,1856,31.0,4.12,397.8,1427.51,0.0,2.7, , 
,1428.96,1888,82.5,3.1,11101011,1428.25,1888,29.4,4.12,397.8,1428.60,0.0,2.7, , 
,1430.04,1888,82.5,3.9,11101011,1429.32,1888,29.4,3.09,377.4,1429.68,0.0,2.7, , 
,1431.11,1984,82.5,4.7,11101011,1430.39,1920,41.2,5.15,499.8,1430.75,0.0,2.7, , 
,1432.14,2080,82.5,10.2,11101001,1431.46,1984,59.2,8.24,673.2,1431.79,0.0,2.7, , 
,1433.14,2176,82.5,14.1,11101001,1432.47,2112,57.6,8.24,652.8,1432.81,0.0,2.7, , 
,1434.12,2304,82.5,14.5,11101001,1433.46,2208,59.2,9.27,673.2,1433.79,0.0,2.7, , 
,1435.17,2432,82.5,16.0,11101001,1434.50,2368,63.5,10.30,714.0,1434.84,0.0,2.7, , 
,1436.22,2400,82.5,0.0,11111101,1435.53,2464,60.4,9.27,693.6,1435.88,0.0,2.7, , 
,1437.21,992,82.5,0.0,11111111,1436.58,1920,0.0,0.00,316.2,1436.89,0.0,0.0, , 
,1438.14,1152,82.5,0.0,11111111,1437.52,1120,26.7,4.12,377.4,1437.82,0.0,0.0, , 
,1439.08,992,82.5,0.0,11111111,1438.44,1088,22.0,3.09,336.6,1438.76,0.0,0.0, , 
,1439.99,896,82.5,-1.6,11111111,1439.38,960,23.5,3.09,357.0,1439.68,0.0,0.0, , 
,1440.91,896,82.5,0.0,11111111,1440.29,896,26.7,3.09,397.8,1440.59,0.0,0.0, , 
,1441.87,896,82.5,1.2,11111111,1441.23,896,26.7,3.09,377.4,1441.55,0.0,0.0, , 
,1442.79,896,82.5,0.8,11111111,1442.18,896,26.7,3.09,377.4,1442.47,0.0,0.0, , 
,1443.71,896,82.5,0.0,11111111,1443.10,896,26.7,3.09,377.4,1443.39,0.0,0.0, , 
,1444.61,896,82.5,-0.4,11111111,1444.01,896,25.1,3.09,377.4,1444.32,0.0,0.0, , 
,1445.53,896,84.0,-1.2,11111111,1444.92,896,25.1,3.09,377.4,1445.22,0.0,0.0, , 
,1446.45,864,82.5,-1.2,11111111,1445.85,864,25.1,3.09,377.4,1446.15,0.0,0.0, , 
,1447.37,896,84.0,-1.6,11111111,1446.75,896,25.1,3.09,377.4,1447.05,0.0,0.0, , 
,1448.27,896,84.0,-2.0,11111111,1447.67,864,25.1,3.09,377.4,1447.97,0.0,0.0, , 
,1449.13,896,84.0,-2.3,11111111,1448.54,864,26.7,3.09,377.4,1448.83,0.0,0.0, , 
,1450.01,896,84.0,-2.3,11111111,1449.43,896,26.7,3.09,377.4,1449.72,0.0,0.0, , 
,1450.99,864,84.0,-2.0,11111111,1450.34,896,26.7,3.09,377.4,1450.67,0.0,0.0, , 
,1451.89,896,84.0,-1.6,11111111,1451.28,896,26.7,3.09,397.8,1451.58,-0.8,0.0, , 
,1452.78,896,84.0,-1.2,11111111,1452.19,864,26.7,3.09,377.4,1452.49,-0.8,0.0, , 
,1453.73,1312,84.0,0.0,11101011,1453.07,896,26.7,3.09,377.4,1453.37,-0.8,0.0, , 
,1454.69,1248,84.0,0.0,11101011,1454.05,1120,42.7,6.18,520.2,1454.35,-0.8,0.0, , 
,1455.74,1504,84.0,1.6,11101011,1455.00,1312,65.1,9.27,754.8,1455.37,-0.8,0.0, , 
,1456.74,1760,84.0,6.3,11101011,1456.07,1600,56.1,7.21,673.2,1456.44,-0.8,2.7, , 
,1457.85,1920,84.0,0.0,11101011,1457.10,1824,48.6,6.18,591.6,1457.48,0.0,2.7, , 
,1458.94,1920,84.0,-5.5,11111111,1458.22,1920,25.1,3.09,357.0,1458.58,0.0,2.7, , 
,1460.02,1824,84.0,-14.1,11101011,1459.31,1856,19.2,2.06,275.4,1459.69,0.0,2.7, , 
,1461.15,1888,84.0,0.0,11101011,1460.40,1792,23.5,2.06,316.2,1460.78,0.0,2.7, , 
,1462.21,2048,84.0,1.6,11101001,1461.51,1888,57.6,8.24,673.2,1461.87,0.0,2.7, , 
,1463.19,2336,84.0,4.3,11101001,1462.53,2144,62.0,8.24,714.0,1462.86,0.0,2.7, , 
,1464.21,2656,84.0,11.3,11101001,1463.55,2432,69.4,10.30,775.2,1463.87,0.0,2.7, , 
,1465.26,1664,84.0,0.0,11111111,1464.54,2688,0.0,0.00,459.0,1464.89,0.0,2.7, , 
,1466.24,1088,84.0,0.0,11111111,1465.59,1152,25.1,4.12,357.0,1465.92,-0.8,0.0, , 
,1467.16,992,82.5,0.0,11111111,1466.54,1088,25.1,4.12,357.0,1466.84,-0.8,0.0, , 
,1468.08,896,82.5,-1.2,11111111,1467.47,960,25.1,3.09,357.0,1467.76,-0.8,0.0, , 
,1469.03,896,82.5,-1.2,11111111,1468.40,864,26.7,3.09,397.8,1468.72,-0.8,0.0, , 
,1469.98,896,82.5,-0.8,11111111,1469.35,896,28.2,3.09,397.8,1469.68,-0.8,0.0, , 
,1470.91,896,82.5,0.0,11111111,1470.28,896,26.7,3.09,397.8,1470.60,-0.8,0.0, , 
,1471.86,896,84.0,-0.4,11111111,1471.24,896,26.7,3.09,397.8,1471.53,-0.8,0.0, , 
,1472.77,896,84.0,-0.8,11111111,1472.16,896,26.7,3.09,397.8,1472.46,-0.8,0.0, , 
,1473.65,768,84.0,-2.0,11111111,1473.07,864,25.1,3.09,377.4,1473.35,-0.8,0.0, , 
,1474.57,800,84.0,-2.7,11111111,1473.95,768,26.7,3.09,397.8,1474.27,-0.8,0.0, , 
,1475.46,800,84.0,-2.7,11111111,1474.86,800,28.2,3.09,418.2,1475.16,-0.8,0.0, , 
,1476.36,768,84.0,-2.7,11111111,1475.75,768,26.7,3.09,397.8,1476.06,-0.8,0.0, , 
,1477.24,800,84.0,-2.3,11111111,1476.66,768,28.2,3.09,418.2,1476.96,-0.8,0.0, , 
,1478.11,768,84.0,-2.3,11111111,1477.54,800,28.2,3.09,418.2,1477.82,-0.8,0.0, , 
,1479.02,768,84.0,-2.0,11111111,1478.42,800,28.2,3.09,397.8,1478.72,-0.8,0.0, , 
,1479.94,800,84.0,-1.2,11111111,1479.31,800,28.2,3.09,418.2,1479.62,-0.8,0.0, , 
,1480.84,800,84.0,0.0,11111111,1480.25,800,28.2,3.09,397.8,1480.54,-0.8,0.0, , 
,1481.75,800,84.0,1.6,11111111,1481.15,768,28.2,3.09,418.2,1481.45,-0.8,0.0, , 
,1482.66,768,84.0,2.7,11111111,1482.06,768,28.2,3.09,418.2,1482.36,-0.8,0.0, , 
,1483.57,768,84.0,4.3,11111111,1482.96,768,28.2,3.09,418.2,1483.25,-0.8,0.0, , 
,1484.47,768,84.0,5.5,11111111,1483.86,768,28.2,3.09,418.2,1484.17,-0.8,0.0, , 
,1485.36,768,84.0,6.6,11111111,1484.77,800,28.2,3.09,418.2,1485.06,-0.8,0.0, , 
,1486.22,800,85.5,6.6,11111111,1485.65,800,28.2,3.09,418.2,1485.93,-0.8,0.0, , 
,1487.12,800,85.5,6.6,11111111,1486.52,800,28.2,3.09,418.2,1486.81,-0.8,0.0, , 
,1488.02,800,85.5,7.0,11111111,1487.42,800,28.2,3.09,418.2,1487.72,-0.8,0.0, , 
,1488.92,800,85.5,7.4,11111111,1488.32,768,28.2,3.09,418.2,1488.61,-0.8,0.0, , 
,1489.84,800,85.5,7.8,10111111,1489.23,800,28.2,3.09,418.2,1489.53,-0.8,0.0, , 
,1490.75,800,85.5,8.2,10111111,1490.15,768,28.2,3.09,418.2,1490.45,-0.8,0.0, , 
,1491.67,800,85.5,8.2,10111111,1491.06,800,28.2,3.09,418.2,1491.37,-0.8,0.0, , 
,1492.59,800,85.5,7.8,10111111,1491.99,800,28.2,3.09,418.2,1492.28,-0.8,0.0, , 
,1493.48,800,85.5,7.4,10111111,1492.89,800,28.2,3.09,418.2,1493.17,-0.8,0.0, , 
,1494.37,800,85.5,7.4,10111111,1493.78,800,28.2,3.09,418.2,1494.08,-0.8,0.0, , 
,1495.25,768,85.5,7.4,10111111,1494.68,800,28.2,3.09,418.2,1494.96,-0.8,0.0, , 
,1496.14,800,85.5,7.4,10111111,1495.54,800,28.2,3.09,418.2,1495.84,-0.8,0.0, , 
,1497.04,768,85.5,7.8,10111111,1496.45,768,28.2,3.09,418.2,1496.75,-0.8,0.0, , 
,1497.95,800,85.5,7.8,10111111,1497.34,768,28.2,3.09,418.2,1497.65,-0.8,0.0, , 
,1498.87,768,85.5,7.4,10111111,1498.25,800,28.2,3.09,418.2,1498.56,-0.8,0.0, , 
,1499.78,768,85.5,7.0,10111111,1499.17,800,28.2,3.09,418.2,1499.47,-0.8,0.0, , 
,1500.67,768,85.5,7.0,10111111,1500.08,800,28.2,3.09,418.2,1500.38,-0.8,0.0, , 
,1501.59,800,85.5,7.0,10111111,1500.98,800,28.2,4.12,418.2,1501.30,-0.8,0.0, , 
,1502.48,800,85.5,7.0,10111111,1501.88,768,28.2,3.09,418.2,1502.17,-0.8,0.0, , 
,1503.40,800,85.5,7.0,10111111,1502.79,768,28.2,3.09,418.2,1503.09,-0.8,0.0, , 
,1504.30,768,85.5,6.6,10111111,1503.70,768,29.4,3.09,418.2,1504.00,-0.8,0.0, , 
,1505.19,800,85.5,6.6,10111111,1504.59,768,28.2,3.09,418.2,1504.89,-0.8,0.0, , 
,1506.09,768,85.5,6.6,10111111,1505.49,800,28.2,3.09,418.2,1505.79,-0.8,0.0, , 
,1506.99,800,85.5,6.3,10111111,1506.40,800,28.2,3.09,418.2,1506.69,-0.8,0.0, , 
,1507.87,800,85.5,6.3,10111111,1507.29,800,28.2,3.09,418.2,1507.57,-0.8,0.0, , 
,1508.79,800,85.5,6.3,10111111,1508.18,800,28.2,3.09,418.2,1508.48,-0.8,0.0, , 
,1509.68,800,85.5,5.9,10111111,1509.09,768,28.2,3.09,418.2,1509.37,-0.8,0.0, , 
,1510.58,768,85.5,5.9,10111111,1509.97,768,28.2,3.09,418.2,1510.28,-0.8,0.0, , 
,1511.49,768,85.5,5.5,10111111,1510.88,768,28.2,3.09,418.2,1511.19,-0.8,0.0, , 
,1512.38,800,85.5,5.9,10111111,1511.79,768,29.4,3.09,418.2,1512.08,-0.8,0.0, , 
,1513.26,768,85.5,5.9,10111111,1512.66,800,28.2,3.09,418.2,1512.95,-0.8,0.0, , 
,1514.14,768,85.5,5.5,10111111,1513.55,800,28.2,3.09,418.2,1513.85,-0.8,0.0, , 
,1515.04,800,85.5,5.5,10111111,1514.44,800,28.2,3.09,418.2,1514.73,-0.8,0.0, , 
,1515.95,768,85.5,5.1,10111111,1515.33,800,28.2,3.09,418.2,1515.64,-0.8,0.0, , 
,1516.83,800,85.5,4.7,10111111,1516.25,768,28.2,3.09,418.2,1516.54,-0.8,0.0, , 
,1517.72,800,85.5,4.3,10111111,1517.13,768,28.2,3.09,418.2,1517.42,-0.8,0.0, , 
,1518.62,768,85.5,3.1,10111111,1518.02,768,29.4,3.09,418.2,1518.31,-0.8,0.0, , 
,1519.50,768,85.5,2.3,10111111,1518.93,800,29.4,3.09,418.2,1519.21,-0.8,0.0, , 
,1520.38,768,85.5,2.0,10111111,1519.80,800,29.4,3.09,418.2,1520.10,-0.8,0.0, , 
,1521.25,768,87.0,1.6,10111111,1520.68,800,29.4,3.09,438.6,1520.96,-0.8,0.0, , 
,1522.15,768,85.5,4.3,10111111,1521.56,800,29.4,3.09,418.2,1521.86,-0.8,0.0, , 
,1523.05,800,87.0,4.3,10111111,1522.46,800,28.2,3.09,418.2,1522.75,-0.8,0.0, , 
,1523.94,768,87.0,4.7,10111111,1523.35,800,28.2,3.09,418.2,1523.65,-0.8,0.0, , 
,1524.83,800,87.0,5.5,10111111,1524.24,800,29.4,3.09,418.2,1524.54,-0.8,0.0, , 
,1525.73,800,87.0,5.9,10111111,1525.13,768,29.4,3.09,418.2,1525.42,-0.8,0.0, , 
,1526.63,800,87.0,5.5,10111111,1526.03,800,28.2,3.09,418.2,1526.34,-0.8,0.0, , 
,1527.55,800,87.0,6.6,10101011,1526.93,768,28.2,3.09,418.2,1527.23,-0.8,0.0, , 
,1528.58,1664,87.0,0.0,10101011,1527.85,1152,60.4,9.27,714.0,1528.23,-0.8,2.7, , 
,1529.55,1088,87.0,0.0,10101011,1528.90,1536,53.3,6.18,632.4,1529.22,-0.8,0.0, , 
,1530.65,1824,87.0,0.0,10101011,1529.87,1248,45.9,5.15,571.2,1530.29,-0.8,0.0, , 
,1531.59,1216,87.0,0.0,10101011,1530.99,1600,0.0,0.00,418.2,1531.29,-0.8,0.0, , 
,1532.58,1184,87.0,0.0,10101011,1531.92,1088,40.0,6.18,499.8,1532.23,-0.8,0.0, , 
,1533.53,1440,87.0,0.0,10101011,1532.92,1248,66.3,10.30,775.2,1533.26,-0.8,0.0, , 
,1534.61,1792,87.0,4.7,10101011,1533.87,1568,71.0,10.30,826.2,1534.24,-0.8,2.7, , 
,1535.65,2176,87.0,5.9,10101001,1534.97,1920,78.4,12.36,887.4,1535.31,0.0,2.7, , 
,1536.67,2528,87.0,12.5,11101001,1535.98,2304,75.3,11.33,846.6,1536.32,0.0,2.7, , 
,1537.70,2144,87.0,0.0,11111101,1537.01,2624,69.4,11.33,754.8,1537.34,0.0,2.7, , 
,1538.72,1792,87.0,0.0,11101011,1538.04,1632,0.0,0.00,316.2,1538.34,-0.8,0.0, , 
,1539.79,1792,87.0,0.0,11101011,1539.08,1760,23.5,3.09,336.6,1539.44,-0.8,2.7, , 
,1540.87,1920,87.0,2.3,11101011,1540.16,1824,63.5,9.27,734.4,1540.51,0.0,2.7, , 
,1541.98,2016,87.0,10.5,11101001,1541.25,1952,63.5,9.27,734.4,1541.61,0.0,2.7, , 
,1543.02,2144,87.0,16.4,11101001,1542.32,2080,62.0,9.27,714.0,1542.68,0.0,2.7, , 
,1544.03,2240,87.0,18.4,11101001,1543.34,2176,60.4,9.27,693.6,1543.69,0.0,2.7, , 
,1545.07,2400,87.0,17.6,11101001,1544.37,2304,65.1,10.30,734.4,1544.72,0.0,2.7, , 
,1546.09,2560,87.0,15.6,11101001,1545.42,2432,75.3,12.36,846.6,1545.76,0.0,2.7, , 
,1547.11,2720,87.0,13.7,11101001,1546.44,2592,75.3,12.36,846.6,1546.78,0.0,2.7, , 
,1548.10,2496,87.0,0.0,11111101,1547.47,2752,73.7,12.36,795.6,1547.79,0.0,2.7, , 
,1549.08,1376,87.0,0.0,11101011,1548.46,1984,0.0,0.00,295.8,1548.75,-0.8,2.7, , 
,1550.15,2016,87.0,0.0,11101001,1549.44,2016,17.6,3.09,275.4,1549.80,0.0,2.7, , 
,1551.21,2016,87.0,0.0,11101001,1550.49,2016,28.2,4.12,357.0,1550.84,0.0,2.7, , 
,1552.26,2048,87.0,5.1,11101001,1551.56,2016,57.6,8.24,673.2,1551.91,0.0,2.7, , 
,1553.31,2112,87.0,9.0,11101001,1552.60,2048,57.6,8.24,673.2,1552.95,0.0,2.7, , 
,1554.33,2144,87.0,13.3,11101001,1553.66,2112,56.1,8.24,652.8,1553.99,0.0,2.7, , 
,1555.32,2176,87.0,15.6,11101001,1554.66,2144,56.1,8.24,652.8,1554.99,0.0,2.7, , 
,1556.35,2208,87.0,16.8,11101001,1555.66,2176,57.6,8.24,652.8,1556.00,0.0,2.7, , 
,1557.35,2272,87.0,16.4,11101001,1556.69,2240,57.6,9.27,673.2,1557.02,0.0,2.7, , 
,1558.38,2304,87.0,12.9,11101001,1557.69,2272,57.6,9.27,652.8,1558.03,0.0,2.7, , 
,1559.43,2336,87.0,13.3,11101001,1558.73,2304,60.4,9.27,693.6,1559.08,0.0,2.7, , 
,1560.43,2400,87.0,12.1,11101001,1559.77,2368,62.0,9.27,714.0,1560.08,0.0,2.7, , 
,1561.48,2464,87.0,9.4,11101001,1560.78,2432,62.0,9.27,693.6,1561.13,0.0,2.7, , 
,1562.50,2528,87.0,10.5,11101001,1561.85,2464,65.1,10.30,714.0,1562.18,0.0,2.7, , 
,1563.54,2592,87.0,11.7,11101001,1562.86,2528,66.3,10.30,734.4,1563.19,0.0,2.7, , 
,1564.54,2656,87.0,2.7,11101001,1563.87,2592,81.2,13.39,887.4,1564.21,0.0,2.7, , 
,1565.57,2752,87.0,0.4,11101001,1564.89,2688,84.3,14.42,928.2,1565.22,0.0,2.7, , 
,1566.55,2816,87.0,0.0,11101001,1565.90,2752,84.3,13.39,907.8,1566.23,0.0,2.7, , 
,1567.58,1504,87.0,0.0,11111111,1566.87,2528,0.0,0.00,295.8,1567.22,0.0,2.7, , 
,1568.58,2144,85.5,0.0,11101001,1567.90,1056,25.1,4.12,357.0,1568.24,-0.8,0.0, , 
,1569.61,2080,85.5,0.0,11101001,1568.92,2144,26.7,4.12,357.0,1569.27,0.0,2.7, , 
,1570.66,2080,85.5,-2.0,11101001,1569.97,2112,35.3,5.15,438.6,1570.31,0.0,2.7, , 
,1571.69,2080,85.5,-2.7,11101001,1571.00,2080,38.4,5.15,479.4,1571.34,0.0,2.7, , 
,1572.72,2080,85.5,-3.1,11101001,1572.03,2080,40.0,5.15,479.4,1572.38,0.0,2.7, , 
,1573.74,2080,85.5,-4.3,11101001,1573.07,2080,56.1,7.21,652.8,1573.40,0.0,2.7, , 
,1574.76,2080,85.5,-0.4,11101001,1574.09,2080,56.1,7.21,652.8,1574.43,0.0,2.7, , 
,1575.78,2112,85.5,7.0,11101001,1575.09,2080,57.6,8.24,673.2,1575.43,0.0,2.7, , 
,1576.82,2112,85.5,10.2,11101001,1576.14,2112,57.6,8.24,673.2,1576.49,0.0,2.7, , 
,1577.88,2112,85.5,8.2,11101001,1577.17,2112,45.9,6.18,550.8,1577.53,0.0,2.7, , 
,1578.94,2112,87.0,6.6,11101001,1578.22,2112,41.2,6.18,499.8,1578.56,0.0,2.7, , 
,1579.98,2080,85.5,5.5,11101001,1579.30,2080,40.0,5.15,479.4,1579.65,0.0,2.7, , 
,1581.05,2080,85.5,3.1,11101001,1580.34,2080,42.7,6.18,520.2,1580.69,0.0,2.7, , 
,1582.10,2080,85.5,5.1,11101001,1581.41,2080,50.2,7.21,591.6,1581.75,0.0,2.7, , 
,1583.16,2080,85.5,6.3,11101001,1582.46,2080,48.6,6.18,571.2,1582.80,0.0,2.7, , 
,1584.19,2112,85.5,5.9,11101001,1583.50,2112,48.6,7.21,591.6,1583.84,0.0,2.7, , 
,1585.22,2112,85.5,6.3,11101001,1584.52,2112,50.2,7.21,591.6,1584.87,0.0,2.7, , 
,1586.26,2112,85.5,5.5,11101001,1585.56,2112,48.6,6.18,591.6,1585.91,0.0,2.7, , 
,1587.29,2112,85.5,3.1,11101001,1586.59,2112,48.6,7.21,591.6,1586.95,0.0,2.7, , 
,1588.33,2112,85.5,0.4,11101001,1587.62,2112,48.6,7.21,571.2,1587.97,0.0,2.7, , 
,1589.37,2144,85.5,-2.3,11101001,1588.69,2112,42.7,6.18,520.2,1589.04,0.0,2.7, , 
,1590.39,2112,84.0,-2.3,11101001,1589.71,2112,44.3,6.18,520.2,1590.03,0.0,2.7, , 
,1591.47,2112,84.0,-2.0,11101001,1590.75,2112,44.3,6.18,520.2,1591.11,0.0,2.7, , 
,1592.49,2112,84.0,-1.2,11101001,1591.82,2112,44.3,6.18,550.8,1592.15,0.0,2.7, , 
,1593.48,2112,84.0,0.0,11101001,1592.81,2112,45.9,6.18,550.8,1593.15,0.0,2.7, , 
,1594.53,2112,84.0,-0.4,11101001,1593.84,2112,44.3,6.18,520.2,1594.18,0.0,2.7, , 
,1595.58,2112,84.0,-0.8,11101001,1594.89,2112,44.3,6.18,520.2,1595.24,0.0,2.7, , 
,1596.64,2144,84.0,-0.4,11101001,1595.94,2144,44.3,6.18,520.2,1596.28,0.0,2.7, , 
,1597.69,2176,84.0,-1.2,11101001,1597.00,2144,44.3,6.18,520.2,1597.34,0.0,2.7, , 
,1598.72,2208,84.0,-5.1,11101001,1598.04,2176,42.7,6.18,499.8,1598.38,0.0,2.7, , 
,1599.73,2208,84.0,-3.9,11101001,1599.05,2208,38.4,5.15,479.4,1599.40,0.0,2.7, , 
,1600.75,2208,84.0,-11.7,11101001,1600.07,2208,22.0,3.09,316.2,1600.41,0.0,2.7, , 
,1601.78,2208,84.0,-16.8,11101001,1601.10,2208,22.0,3.09,316.2,1601.44,0.0,2.7, , 
,1602.82,2208,84.0,-19.5,11101001,1602.13,2208,22.0,2.06,316.2,1602.47,0.0,2.7, , 
,1603.83,2208,84.0,-21.5,11101001,1603.15,2208,22.0,2.06,316.2,1603.48,0.0,2.7, , 
,1604.85,2208,84.0,-22.3,11101001,1604.16,2208,22.0,2.06,295.8,1604.50,0.0,2.7, , 
,1605.88,2208,84.0,-21.9,11101001,1605.19,2208,22.0,2.06,295.8,1605.53,0.0,2.7, , 
,1606.90,2176,84.0,-21.1,11101001,1606.22,2176,22.0,2.06,316.2,1606.56,0.0,2.7, , 
,1607.91,2176,84.0,-16.8,11101001,1607.24,2176,22.0,2.06,316.2,1607.57,0.0,2.7, , 
,1608.94,2176,84.0,0.0,11101001,1608.25,2176,35.3,4.12,438.6,1608.60,0.0,2.7, , 
,1609.95,2208,84.0,2.0,11101001,1609.28,2176,60.4,9.27,693.6,1609.61,0.0,2.7, , 
,1610.96,2176,84.0,3.9,11101001,1610.29,2176,60.4,9.27,693.6,1610.63,0.0,2.7, , 
,1611.96,2176,82.5,0.0,11101001,1611.29,2176,66.3,10.30,754.8,1611.62,0.0,2.7, , 
,1612.96,2176,82.5,0.8,11101001,1612.28,2176,76.9,12.36,867.0,1612.62,0.0,2.7, , 
,1613.98,2208,84.0,-2.0,11101001,1613.29,2208,79.6,12.36,887.4,1613.62,0.0,2.7, , 
,1615.00,2208,82.5,0.0,11101001,1614.33,2208,82.7,13.39,907.8,1614.67,0.0,2.7, , 
,1615.99,2240,82.5,0.4,11101001,1615.34,2240,82.7,13.39,907.8,1615.68,0.0,2.7, , 
,1616.98,2272,82.5,1.6,11101001,1616.32,2240,81.2,13.39,907.8,1616.64,0.0,2.7, , 
,1617.98,2272,82.5,0.4,11101001,1617.31,2272,81.2,13.39,907.8,1617.64,0.0,2.7, , 
,1619.00,2304,82.5,0.8,11101001,1618.33,2304,81.2,13.39,887.4,1618.66,0.0,2.7, , 
,1620.02,2336,82.5,1.2,11101001,1619.33,2336,73.7,11.33,826.2,1619.68,0.0,2.7, , 
,1621.01,2336,82.5,3.9,11101001,1620.35,2336,65.1,10.30,734.4,1620.68,0.0,2.7, , 
,1622.00,2368,82.5,6.6,11101001,1621.34,2336,60.4,9.27,673.2,1621.68,0.0,2.7, , 
,1623.04,2368,82.5,4.7,11101001,1622.34,2368,51.8,8.24,591.6,1622.69,0.0,2.7, , 
,1624.09,2336,82.5,2.7,11101001,1623.42,2336,45.9,6.18,520.2,1623.75,0.0,2.7, , 
,1625.10,2336,82.5,1.2,11101001,1624.42,2336,42.7,6.18,499.8,1624.76,0.0,2.7, , 
,1626.09,2336,82.5,-0.8,11101001,1625.43,2336,42.7,6.18,499.8,1625.75,0.0,2.7, , 
,1627.12,2304,82.5,-2.0,11101001,1626.45,2336,41.2,6.18,499.8,1626.79,0.0,2.7, , 
,1628.13,2304,82.5,-2.7,11101001,1627.46,2304,42.7,6.18,499.8,1627.79,0.0,2.7, , 
,1629.14,2272,82.5,-2.0,11101001,1628.47,2304,42.7,6.18,499.8,1628.81,0.0,2.7, , 
,1630.15,2272,82.5,0.4,11101001,1629.47,2272,42.7,6.18,499.8,1629.81,0.0,2.7, , 
,1631.16,2272,82.5,1.6,11101001,1630.48,2272,44.3,6.18,520.2,1630.82,0.0,2.7, , 
,1632.15,2272,82.5,-1.6,11101001,1631.49,2272,48.6,7.21,571.2,1631.82,0.0,2.7, , 
,1633.15,2272,82.5,-1.6,11101001,1632.48,2272,51.8,7.21,612.0,1632.82,0.0,2.7, , 
,1634.15,2272,82.5,-1.2,11101001,1633.48,2272,51.8,7.21,612.0,1633.82,0.0,2.7, , 
,1635.15,2272,82.5,-1.2,11101001,1634.48,2272,51.8,7.21,612.0,1634.82,0.0,2.7, , 
,1636.15,2272,82.5,-1.2,11101001,1635.49,2272,51.8,7.21,591.6,1635.82,0.0,2.7, , 
,1637.19,2272,82.5,-1.6,11101001,1636.48,2272,51.8,7.21,591.6,1636.84,0.0,2.7, , 
,1638.18,2272,82.5,-2.7,11101001,1637.52,2272,51.8,7.21,591.6,1637.85,0.0,2.7, , 
,1639.18,2240,82.5,0.0,11101001,1638.51,2240,38.4,5.15,479.4,1638.84,0.0,2.7, , 
,1640.20,2208,82.5,-16.4,11101001,1639.51,2240,20.8,3.09,295.8,1639.84,0.0,2.7, , 
,1641.23,2176,82.5,0.0,11111101,1640.55,2208,16.1,2.06,244.8,1640.89,0.0,2.7, , 
,1642.25,2112,82.5,0.0,11111101,1641.56,2144,0.0,0.00,244.8,1641.91,0.0,2.7, , 
,1643.26,2080,82.5,0.0,11111101,1642.59,2112,0.0,0.00,244.8,1642.93,0.0,2.7, , 
,1644.29,2016,82.5,0.0,11111101,1643.60,2048,0.0,0.00,244.8,1643.95,0.0,2.7, , 
,1645.36,1984,82.5,0.0,11111111,1644.64,2016,0.0,0.00,244.8,1645.00,0.0,2.7, , 
,1646.42,1920,84.0,0.0,11111111,1645.72,1952,0.0,0.00,244.8,1646.06,0.0,2.7, , 
,1647.48,1888,82.5,0.0,11111111,1646.79,1920,0.0,0.00,275.4,1647.13,0.0,2.7, , 
,1648.59,1856,82.5,0.0,11101011,1647.84,1856,17.6,3.09,275.4,1648.22,0.0,2.7, , 
,1649.69,1888,82.5,0.0,11101011,1648.96,1856,57.6,8.24,652.8,1649.32,0.0,2.7, , 
,1650.78,1920,82.5,2.7,11101011,1650.05,1888,63.5,10.30,734.4,1650.41,0.0,2.7, , 
,1651.85,1920,82.5,0.0,11101011,1651.15,1920,60.4,9.27,714.0,1651.49,0.0,2.7, , 
,1652.92,1920,82.5,0.0,11101011,1652.21,1920,48.6,8.24,571.2,1652.56,0.0,2.7, , 
,1654.00,1952,82.5,0.8,11101011,1653.29,1952,66.3,10.30,754.8,1653.64,0.0,2.7, , 
,1655.11,2016,82.5,2.0,11101001,1654.37,1984,76.9,12.36,867.0,1654.75,0.0,2.7, , 
,1656.18,2048,82.5,4.7,11101001,1655.48,2016,76.9,12.36,867.0,1655.83,0.0,2.7, , 
,1657.21,2080,82.5,4.7,11101001,1656.51,2048,76.9,12.36,867.0,1656.87,0.0,2.7, , 
,1658.26,2080,82.5,0.0,11111101,1657.57,2080,76.9,12.36,867.0,1657.91,0.0,2.7, , 
,1659.30,2048,82.5,0.0,11111101,1658.60,2048,16.1,2.06,244.8,1658.96,0.0,2.7, , 
,1660.34,2016,82.5,0.0,11101001,1659.65,2048,14.9,2.06,224.4,1659.99,0.0,2.7, , 
,1661.42,1984,82.5,-9.4,11101011,1660.70,2016,17.6,2.06,275.4,1661.06,0.0,2.7, , 
,1662.49,1984,82.5,0.0,11101011,1661.78,1952,25.1,3.09,336.6,1662.14,0.0,2.7, , 
,1663.59,1952,82.5,-3.1,11101011,1662.84,1952,51.8,7.21,612.0,1663.22,0.0,2.7, , 
,1664.69,1984,82.5,1.6,11101011,1663.97,1952,66.3,10.30,754.8,1664.33,0.0,2.7, , 
,1665.77,1984,82.5,5.9,11101001,1665.05,1984,69.4,10.30,795.6,1665.41,0.0,2.7, , 
,1666.84,2016,82.5,8.2,11101001,1666.11,2016,69.4,11.33,795.6,1666.46,0.0,2.7, , 
,1667.91,2048,82.5,7.8,11101001,1667.21,2016,69.4,11.33,795.6,1667.56,0.0,2.7, , 
,1668.96,2048,82.5,8.2,11101001,1668.26,2048,69.4,11.33,775.2,1668.63,0.0,2.7, , 
,1670.03,2080,82.5,7.0,11101001,1669.31,2080,63.5,9.27,714.0,1669.66,0.0,2.7, , 
,1671.05,2080,82.5,7.4,11101001,1670.38,2080,63.5,9.27,714.0,1670.71,0.0,2.7, , 
,1672.10,2112,82.5,6.6,11101001,1671.39,2112,63.5,9.27,714.0,1671.75,0.0,2.7, , 
,1673.17,2112,82.5,2.3,11101001,1672.45,2112,62.0,9.27,714.0,1672.81,0.0,2.7, , 
,1674.21,2144,82.5,1.6,11101001,1673.52,2144,62.0,9.27,714.0,1673.88,0.0,2.7, , 
,1675.23,2144,82.5,0.4,11101001,1674.54,2144,62.0,9.27,714.0,1674.88,0.0,2.7, , 
,1676.27,2144,82.5,0.0,11101001,1675.57,2144,53.3,7.21,612.0,1675.93,0.0,2.7, , 
,1677.31,2112,82.5,0.0,11101001,1676.61,2144,22.0,3.09,295.8,1676.96,0.0,2.7, , 
,1678.37,2144,82.5,-4.3,11101001,1677.68,2112,48.6,7.21,571.2,1678.02,0.0,2.7, , 
,1679.36,2144,82.5,-2.0,11101001,1678.71,2144,48.6,6.18,571.2,1679.04,0.0,2.7, , 
,1680.42,2144,82.5,-3.5,11101001,1679.70,2144,38.4,5.15,459.0,1680.06,0.0,2.7, , 
,1681.45,2144,82.5,-12.5,11101001,1680.78,2144,23.5,3.09,316.2,1681.11,0.0,2.7, , 
,1682.47,2112,82.5,-17.2,11101001,1681.78,2144,23.5,3.09,316.2,1682.13,0.0,2.7, , 
,1683.51,2112,82.5,-21.1,11101001,1682.82,2112,23.5,3.09,316.2,1683.17,0.0,2.7, , 
,1684.54,2112,82.5,-20.7,11101001,1683.86,2112,23.5,2.06,336.6,1684.20,0.0,2.7, , 
,1685.57,2112,82.5,-16.4,11101001,1684.88,2112,31.0,3.09,397.8,1685.23,0.0,2.7, , 
,1686.60,2112,82.5,-11.7,11101001,1685.91,2112,35.3,4.12,438.6,1686.26,0.0,2.7, , 
,1687.63,2112,82.5,-8.6,11101001,1686.94,2112,36.9,4.12,459.0,1687.28,0.0,2.7, , 
,1688.66,2112,82.5,-8.6,11101001,1687.96,2112,26.7,3.09,357.0,1688.31,0.0,2.7, , 
,1689.67,2112,82.5,-6.6,11101001,1689.00,2112,28.2,3.09,357.0,1689.33,0.0,2.7, , 
,1690.71,2112,82.5,-2.7,11101001,1690.01,2112,38.4,5.15,459.0,1690.36,0.0,2.7, , 
,1691.76,2112,82.5,-1.6,11101001,1691.05,2112,40.0,5.15,479.4,1691.39,0.0,2.7, , 
,1692.82,2144,82.5,0.8,11101001,1692.12,2112,41.2,6.18,499.8,1692.47,0.0,2.7, , 
,1693.84,2144,82.5,2.0,11101001,1693.14,2144,47.1,6.18,571.2,1693.48,0.0,2.7, , 
,1694.86,2176,82.5,2.3,11101001,1694.17,2144,45.9,7.21,550.8,1694.52,0.0,2.7, , 
,1695.86,2176,82.5,1.6,11101001,1695.19,2176,45.9,6.18,550.8,1695.52,0.0,2.7, , 
,1696.89,2176,82.5,0.0,11101001,1696.21,2176,45.9,6.18,550.8,1696.55,0.0,2.7, , 
,1697.95,2144,82.5,-0.8,11101001,1697.23,2176,42.7,6.18,520.2,1697.59,0.0,2.7, , 
,1698.99,2144,82.5,-2.0,11101001,1698.28,2144,44.3,6.18,520.2,1698.64,0.0,2.7, , 
,1699.97,2144,82.5,-3.9,11101001,1699.32,2144,45.9,6.18,550.8,1699.64,0.0,2.7, , 
,1701.01,2144,82.5,0.0,11101001,1700.33,2144,56.1,7.21,632.4,1700.67,0.0,2.7, , 
,1702.06,2144,82.5,0.0,11101001,1701.36,2144,56.1,8.24,652.8,1701.72,0.0,2.7, , 
,1703.08,2144,82.5,-3.5,11101001,1702.40,2144,31.0,4.12,397.8,1702.73,0.0,2.7, , 
,1704.13,2112,82.5,-1.6,11101001,1703.44,2112,38.4,5.15,459.0,1703.78,0.0,2.7, , 
,1705.15,2112,82.5,0.0,11101001,1704.47,2112,45.9,6.18,550.8,1704.82,0.0,2.7, , 
,1706.17,2112,82.5,1.2,11101001,1705.48,2080,50.2,7.21,591.6,1705.83,0.0,2.7, , 
,1707.21,2112,82.5,5.1,11101001,1706.53,2112,57.6,8.24,652.8,1706.88,0.0,2.7, , 
,1708.25,2112,82.5,7.0,11101001,1707.55,2112,57.6,8.24,652.8,1707.90,0.0,2.7, , 
,1709.29,2112,82.5,1.2,11101001,1708.60,2112,56.1,8.24,652.8,1708.95,0.0,2.7, , 
,1710.31,2112,82.5,0.8,11101001,1709.63,2112,56.1,8.24,652.8,1709.96,0.0,2.7, , 
,1711.37,2112,82.5,0.8,11101001,1710.66,2112,57.6,8.24,652.8,1711.02,0.0,2.7, , 
,1712.44,2112,82.5,-3.9,11101001,1711.72,2112,57.6,8.24,652.8,1712.08,0.0,2.7, , 
,1713.49,2080,82.5,0.0,11101001,1712.78,2080,63.5,9.27,714.0,1713.13,0.0,2.7, , 
,1714.53,2080,82.5,-0.8,11101001,1713.82,2080,59.2,8.24,673.2,1714.17,0.0,2.7, , 
,1715.60,2048,82.5,-3.5,11101001,1714.90,2080,53.3,7.21,632.4,1715.25,0.0,2.7, , 
,1716.66,2016,82.5,-5.5,11101001,1715.96,2048,51.8,7.21,612.0,1716.31,0.0,2.7, , 
,1717.74,2016,82.5,-6.6,11101001,1717.03,2016,51.8,7.21,612.0,1717.39,0.0,2.7, , 
,1718.80,1984,82.5,-7.8,11101011,1718.10,2016,51.8,7.21,612.0,1718.45,0.0,2.7, , 
,1719.89,1984,82.5,-1.6,11101011,1719.17,1984,56.1,8.24,652.8,1719.52,0.0,2.7, , 
,1720.98,1952,82.5,2.0,11101011,1720.25,1952,59.2,8.24,693.6,1720.62,0.0,2.7, , 
,1722.06,1952,82.5,3.5,11101011,1721.35,1952,62.0,9.27,714.0,1721.71,0.0,2.7, , 
,1723.15,1952,82.5,3.9,11101011,1722.41,1952,59.2,9.27,693.6,1722.78,0.0,2.7, , 
,1724.23,1952,82.5,3.1,11101011,1723.49,1952,56.1,8.24,652.8,1723.88,0.0,2.7, , 
,1725.29,1984,82.5,0.8,11101011,1724.57,1952,56.1,8.24,652.8,1724.94,0.0,2.7, , 
,1726.36,1952,82.5,0.0,11111111,1725.65,1984,48.6,6.18,591.6,1725.99,0.0,2.7, , 
,1727.42,1920,82.5,0.0,11111111,1726.73,1952,17.6,2.06,275.4,1727.08,0.0,2.7, , 
,1728.48,1888,82.5,0.0,11111111,1727.76,1920,0.0,0.00,275.4,1728.12,0.0,2.7, , 
,1729.48,1824,82.5,0.0,11111111,1728.79,1856,0.0,0.00,295.8,1729.14,0.0,2.7, , 
,1730.53,1760,82.5,0.0,11111111,1729.84,1792,0.0,0.00,295.8,1730.15,0.0,2.7, , 
,1731.55,1760,82.5,0.0,11101011,1730.86,1760,0.0,0.00,295.8,1731.21,-0.8,2.7, , 
,1732.58,1696,84.0,0.0,11101011,1731.90,1728,23.5,3.09,316.2,1732.25,-0.8,2.7, , 
,1733.67,1696,84.0,-3.1,11101011,1732.96,1696,26.7,3.09,357.0,1733.32,-0.8,2.7, , 
,1734.68,1024,84.0,0.0,11111111,1734.00,1696,29.4,4.12,377.4,1734.36,-0.8,0.0, , 
,1735.60,1152,82.5,0.0,11111111,1734.98,1152,26.7,4.12,377.4,1735.29,-0.8,0.0, , 
,1736.60,1600,82.5,0.0,11111111,1735.92,1152,22.0,3.09,336.6,1736.26,-0.8,0.0, , 
,1737.63,1984,84.0,0.0,11101011,1736.93,1728,0.0,0.00,316.2,1737.28,0.0,2.7, , 
,1738.73,1984,82.5,0.0,11101011,1738.00,1984,14.9,2.06,244.8,1738.36,0.0,2.7, , 
,1739.83,1952,82.5,0.0,11101011,1739.08,1952,28.2,3.09,377.4,1739.46,0.0,2.7, , 
,1740.95,1952,82.5,-3.5,11101011,1740.20,1952,40.0,5.15,479.4,1740.56,0.0,2.7, , 
,1742.06,1920,82.5,-10.5,11101011,1741.32,1952,25.1,3.09,336.6,1741.68,0.0,2.7, , 
,1743.14,1920,82.5,-12.9,11101011,1742.43,1920,25.1,3.09,336.6,1742.79,0.0,2.7, , 
,1744.26,1888,84.0,-13.7,11101011,1743.52,1888,25.1,3.09,357.0,1743.90,0.0,2.7, , 
,1745.38,1856,82.5,-15.6,11101011,1744.64,1888,25.1,3.09,336.6,1745.01,0.0,2.7, , 
,1746.52,1824,82.5,-17.2,11101011,1745.75,1856,22.0,2.06,316.2,1746.13,0.0,2.7, , 
,1747.65,1792,82.5,-14.5,11101011,1746.90,1824,25.1,3.09,336.6,1747.27,0.0,2.7, , 
,1748.74,1792,82.5,-8.2,11101011,1748.01,1792,26.7,3.09,357.0,1748.40,0.0,2.7, , 
,1749.88,1792,82.5,-3.1,11101011,1749.12,1792,28.2,3.09,377.4,1749.51,0.0,1.2, , 
,1750.96,1792,82.5,1.2,11101011,1750.19,1792,35.3,5.15,438.6,1750.57,0.0,1.2, , 
,1752.04,1760,82.5,3.5,11101011,1751.34,1792,35.3,5.15,438.6,1751.67,0.0,1.2, , 
,1753.15,1792,82.5,1.6,11101011,1752.43,1792,32.5,4.12,418.2,1752.81,0.0,1.2, , 
,1754.22,1760,82.5,0.4,11101011,1753.46,1792,29.4,4.12,397.8,1753.85,-0.8,1.2, , 
,1755.32,1792,82.5,-0.4,11101011,1754.58,1792,29.4,4.12,377.4,1754.94,0.0,1.2, , 
,1756.44,1792,82.5,-1.2,11101011,1755.67,1792,29.4,4.12,377.4,1756.04,0.0,1.2, , 
,1757.64,1792,82.5,-1.2,11101011,1756.86,1792,31.0,4.12,397.8,1757.25,0.0,1.2, , 
,1758.72,1792,82.5,-2.7,11101011,1757.99,1792,29.4,4.12,377.4,1758.37,0.0,1.2, , 
,1759.82,1824,82.5,-5.1,11101011,1759.10,1792,28.2,3.09,377.4,1759.46,0.0,1.2, , 
,1760.93,1792,82.5,-10.9,11101011,1760.19,1824,22.0,3.09,316.2,1760.56,0.0,1.2, , 
,1761.95,1856,82.5,0.0,11101011,1761.27,1856,34.1,5.15,397.8,1761.61,0.0,1.2, , 
,1763.06,1856,82.5,-7.4,11111111,1762.32,1856,25.1,3.09,357.0,1762.69,0.0,1.2, , 
,1764.10,1824,82.5,0.0,11111111,1763.43,1856,19.2,2.06,295.8,1763.76,0.0,1.2, , 
,1765.16,1792,82.5,0.0,11101011,1764.45,1792,19.2,3.09,295.8,1764.83,0.0,1.2, , 
,1766.31,1792,82.5,-7.8,11101011,1765.55,1792,19.2,2.06,295.8,1765.93,0.0,1.2, , 
,1767.41,1760,82.5,-12.1,11101011,1766.69,1760,20.8,2.06,295.8,1767.04,-0.8,1.2, , 
,1768.53,1760,82.5,-12.1,11101011,1767.81,1760,20.8,2.06,295.8,1768.17,-0.8,1.2, , 
,1769.62,1728,82.5,-10.5,11101011,1768.89,1728,23.5,3.09,316.2,1769.25,-0.8,1.2, , 
,1770.70,1696,82.5,-9.4,11101011,1769.99,1728,23.5,3.09,336.6,1770.35,-0.8,1.2, , 
,1771.76,1696,82.5,-7.0,11101011,1771.05,1696,25.1,3.09,336.6,1771.40,-0.8,1.2, , 
,1772.84,1664,82.5,-5.9,11101011,1772.10,1696,25.1,3.09,336.6,1772.46,-0.8,1.2, , 
,1773.90,1664,82.5,-4.7,11101011,1773.18,1664,25.1,3.09,336.6,1773.51,-0.8,1.2, , 
,1775.00,1632,82.5,-8.2,11101011,1774.27,1664,25.1,3.09,336.6,1774.64,-0.8,1.2, , 
,1776.08,1664,82.5,-2.0,11101011,1775.35,1632,35.3,4.12,459.0,1775.73,-0.8,1.2, , 
,1777.12,1664,82.5,0.8,11101011,1776.42,1664,35.3,5.15,459.0,1776.76,-0.8,1.2, , 
,1778.22,1632,82.5,3.1,11101011,1777.48,1632,36.9,5.15,459.0,1777.86,-0.8,1.2, , 
,1779.28,1664,82.5,5.1,11101011,1778.58,1664,36.9,5.15,459.0,1778.94,-0.8,1.2, , 
,1780.39,1632,82.5,1.2,11101011,1779.67,1632,38.4,5.15,479.4,1780.02,-0.8,1.2, , 
,1781.45,1696,82.5,3.9,11101011,1780.73,1664,50.2,7.21,591.6,1781.08,-0.8,1.2, , 
,1782.47,1504,82.5,0.0,11111111,1781.81,1664,47.1,7.21,571.2,1782.17,-0.8,1.2, , 
,1783.50,1760,82.5,0.0,11101011,1782.81,1024,29.4,4.12,397.8,1783.13,-0.8,0.0, , 
,1784.53,2144,82.5,-10.2,11101001,1783.86,2176,16.1,2.06,244.8,1784.19,0.0,1.2, , 
,1785.58,2080,82.5,-12.9,11101001,1784.89,2112,22.0,3.09,295.8,1785.24,0.0,1.2, , 
,1786.61,2016,82.5,-12.9,11101001,1785.92,2048,20.8,2.06,295.8,1786.27,0.0,1.2, , 
,1787.69,1984,82.5,-7.0,11101011,1786.97,1984,20.8,2.06,295.8,1787.33,0.0,1.2, , 
,1788.80,1952,82.5,-6.6,11101011,1788.07,1952,25.1,2.06,336.6,1788.43,0.0,1.2, , 
,1789.89,1952,82.5,-0.4,11101011,1789.17,1952,32.5,3.09,418.2,1789.53,0.0,1.2, , 
,1790.97,1952,82.5,2.7,11101011,1790.27,1952,32.5,3.09,397.8,1790.63,0.0,1.2, , 
,1792.07,1952,82.5,4.7,11101011,1791.32,1952,31.0,3.09,397.8,1791.69,0.0,1.2, , 
,1793.16,1952,81.0,6.6,11101011,1792.43,1952,29.4,3.09,397.8,1792.80,0.0,1.2, , 
,1794.25,1984,82.5,7.4,11101011,1793.52,1952,29.4,3.09,377.4,1793.88,0.0,1.2, , 
,1795.30,1984,82.5,7.8,11101011,1794.62,1952,29.4,3.09,377.4,1794.96,0.0,1.2, , 
,1796.41,1984,82.5,6.6,11101001,1795.68,1984,29.4,4.12,377.4,1796.04,0.0,1.2, , 
,1797.46,2016,82.5,6.3,11101001,1796.75,1984,29.4,3.09,377.4,1797.10,0.0,1.2, , 
,1798.48,2016,82.5,5.5,11101001,1797.80,2016,29.4,3.09,377.4,1798.15,0.0,1.2, , 
,1799.57,1984,82.5,-3.5,11101001,1798.86,2016,22.0,3.09,316.2,1799.21,0.0,1.2, , 
,1800.65,1984,82.5,-13.3,11101001,1799.93,2016,17.6,2.06,275.4,1800.27,0.0,1.2, , 
,1801.71,1984,82.5,-22.7,11101011,1801.02,1984,16.1,1.03,244.8,1801.36,0.0,1.2, , 
,1802.77,1920,82.5,0.0,11111111,1802.06,1952,16.1,1.03,244.8,1802.42,0.0,1.2, , 
,1803.80,1792,82.5,0.0,11111111,1803.08,1888,0.0,0.00,275.4,1803.44,0.0,1.2, , 
,1804.78,1600,82.5,0.0,11111111,1804.15,1728,0.0,0.00,316.2,1804.46,-0.8,1.2, , 
,1805.82,1440,82.5,0.0,11111111,1805.07,1536,0.0,0.00,336.6,1805.52,-0.8,1.2, , 
,1806.81,1408,82.5,0.0,11111111,1806.15,1440,0.0,0.00,336.6,1806.49,-0.8,0.0, , 
,1807.78,1344,82.5,0.0,11111111,1807.13,1376,0.0,0.00,336.6,1807.45,-0.8,0.0, , 
,1808.75,1344,81.0,0.0,11101011,1808.10,1344,0.0,0.00,336.6,1808.40,-0.8,0.0, , 
,1809.77,1344,82.5,0.0,11101011,1809.10,1312,26.7,4.12,357.0,1809.42,-0.8,0.0, , 
,1810.79,1408,82.5,-3.9,11101011,1810.10,1376,28.2,4.12,377.4,1810.45,-0.8,0.0, , 
,1811.85,1472,82.5,-3.9,11101011,1811.10,1440,29.4,4.12,377.4,1811.45,-0.8,0.0, , 
,1812.97,1536,82.5,-3.9,11101011,1812.26,1504,31.0,4.12,418.2,1812.64,-0.8,1.2, , 
,1814.06,1568,82.5,-7.4,11101011,1813.34,1568,23.5,3.09,336.6,1813.68,-0.8,1.2, , 
,1815.12,1632,82.5,-8.2,11101011,1814.41,1600,22.0,3.09,316.2,1814.76,-0.8,1.2, , 
,1816.22,1664,82.5,-5.1,11101011,1815.47,1632,22.0,3.09,316.2,1815.84,-0.8,1.2, , 
,1817.26,1696,82.5,-4.7,11111111,1816.55,1696,22.0,3.09,316.2,1816.91,-0.8,1.2, , 
,1818.30,1728,82.5,0.0,11111111,1817.61,1728,22.0,3.09,316.2,1817.97,-0.8,1.2, , 
,1819.27,1728,82.5,0.0,11111111,1818.63,1728,0.0,0.00,316.2,1818.94,-0.8,1.2, , 
,1820.28,1696,82.5,0.0,11111111,1819.60,1696,0.0,0.00,316.2,1819.94,-0.8,1.2, , 
,1821.31,1696,82.5,0.0,11111111,1820.62,1696,0.0,0.00,316.2,1820.95,-0.8,1.2, , 
,1822.32,1664,82.5,0.0,11111111,1821.64,1664,0.0,0.00,316.2,1822.00,-0.8,1.2, , 
,1823.31,1728,82.5,0.0,11101011,1822.65,1696,20.8,3.09,295.8,1822.98,-0.8,1.2, , 
,1824.41,1760,82.5,-4.7,11101011,1823.68,1728,20.8,3.09,295.8,1824.03,-0.8,1.2, , 
,1825.42,1792,82.5,-7.4,11101011,1824.73,1760,20.8,2.06,295.8,1825.04,0.0,1.2, , 
,1826.49,1856,82.5,-11.7,10101011,1825.76,1824,19.2,2.06,295.8,1826.14,0.0,1.2, , 
,1827.59,1888,82.5,-14.5,10101011,1826.86,1856,17.6,2.06,275.4,1827.22,0.0,1.2, , 
,1828.66,1920,82.5,-18.4,10101011,1827.95,1888,17.6,2.06,275.4,1828.30,0.0,1.2, , 
,1829.72,1952,82.5,-20.7,10101011,1829.01,1920,16.1,2.06,244.8,1829.35,0.0,1.2, , 
,1830.80,1984,82.5,-23.8,10101011,1830.07,1952,16.1,1.03,244.8,1830.44,0.0,1.2, , 
,1831.88,2016,82.5,-26.6,10101001,1831.17,1984,14.9,1.03,244.8,1831.52,0.0,1.2, , 
,1832.93,2016,81.0,-21.9,10111101,1832.22,2016,16.1,1.03,244.8,1832.58,0.0,1.2, , 
,1834.01,2016,82.5,-20.7,10101001,1833.29,2048,16.1,2.06,244.8,1833.63,0.0,1.2, , 
,1835.05,2048,81.0,-19.5,10101001,1834.35,2016,14.9,1.03,244.8,1834.70,0.0,1.2, , 
,1836.10,2080,81.0,-19.9,10101001,1835.41,2048,16.1,2.06,244.8,1835.76,0.0,1.2, , 
,1837.17,2112,82.5,-19.9,10101001,1836.44,2080,16.1,2.06,244.8,1836.81,0.0,1.2, , 
,1838.19,2144,81.0,-19.5,10101001,1837.52,2144,16.1,2.06,244.8,1837.85,0.0,1.2, , 
,1839.19,2176,82.5,-18.8,10111101,1838.52,2176,17.6,2.06,244.8,1838.86,0.0,1.2, , 
,1840.19,2176,81.0,0.0,10111101,1839.51,2208,16.1,2.06,244.8,1839.85,0.0,1.2, , 
,1841.21,2176,82.5,0.0,10111101,1840.53,2176,0.0,0.00,244.8,1840.87,0.0,1.2, , 
,1842.20,2144,81.0,0.0,10111101,1841.53,2176,0.0,0.00,244.8,1841.86,0.0,1.2, , 
,1843.21,2144,82.5,0.0,10111101,1842.53,2144,0.0,0.00,244.8,1842.86,0.0,1.2, , 
,1844.22,2176,81.0,0.0,10111101,1843.54,2144,0.0,0.00,244.8,1843.89,0.0,1.2, , 
,1845.26,2176,81.0,0.0,10111101,1844.56,2176,0.0,0.00,244.8,1844.92,0.0,1.2, , 
,1846.24,2176,81.0,0.0,10111101,1845.58,2176,0.0,0.00,244.8,1845.91,0.0,1.2, , 
,1847.27,2208,81.0,0.0,10111101,1846.59,2176,0.0,0.00,244.8,1846.92,0.0,1.2, , 
,1848.28,2240,81.0,0.0,10111101,1847.62,2208,0.0,0.00,244.8,1847.95,0.0,1.2, , 
,1849.25,2240,81.0,0.0,10111101,1848.60,2240,0.0,0.00,244.8,1848.93,0.0,1.2, , 
,1850.25,2272,81.0,0.0,10111101,1849.57,2272,0.0,0.00,244.8,1849.91,0.0,1.2, , 
,1851.23,2304,81.0,0.0,10111101,1850.58,2272,0.0,0.00,244.8,1850.90,0.0,1.2, , 
,1852.21,2304,81.0,0.0,10111101,1851.55,2304,0.0,0.00,244.8,1851.89,0.0,1.2, , 
,1853.23,2240,81.0,0.0,10111101,1852.54,2304,0.0,0.00,244.8,1852.89,0.0,1.2, , 
,1854.25,2144,81.0,0.0,10111101,1853.57,2208,0.0,0.00,244.8,1853.91,0.0,1.2, , 
,1855.28,2112,81.0,0.0,10111101,1854.60,2112,0.0,0.00,244.8,1854.94,0.0,1.2, , 
,1856.31,2112,81.0,0.0,10111101,1855.62,2112,0.0,0.00,244.8,1855.95,0.0,1.2, , 
,1857.34,2112,81.0,0.0,10111101,1856.65,2112,0.0,0.00,244.8,1856.99,0.0,1.2, , 
,1858.37,2112,81.0,0.0,10111101,1857.68,2112,0.0,0.00,244.8,1858.02,0.0,1.2, , 
,1859.41,2112,81.0,0.0,10111101,1858.72,2112,0.0,0.00,244.8,1859.07,0.0,1.2, , 
,1860.43,2112,81.0,0.0,10111101,1859.74,2112,0.0,0.00,244.8,1860.08,0.0,1.2, , 
,1861.45,2112,81.0,0.0,10111101,1860.75,2112,0.0,0.00,244.8,1861.10,0.0,1.2, , 
,1862.50,2080,81.0,0.0,10111101,1861.81,2112,0.0,0.00,244.8,1862.15,0.0,1.2, , 
,1863.52,2080,81.0,0.0,10111101,1862.85,2080,0.0,0.00,244.8,1863.19,0.0,1.2, , 
,1864.54,2080,81.0,0.0,10111101,1863.85,2080,0.0,0.00,244.8,1864.20,0.0,1.2, , 
,1865.58,2048,81.0,0.0,10111101,1864.90,2080,0.0,0.00,244.8,1865.23,0.0,1.2, , 
,1866.62,2016,81.0,0.0,10111101,1865.90,2016,0.0,0.00,244.8,1866.26,0.0,1.2, , 
,1867.64,1984,81.0,0.0,10111111,1866.95,2016,0.0,0.00,244.8,1867.30,0.0,1.2, , 
,1868.68,1952,81.0,0.0,10111111,1868.00,1952,0.0,0.00,244.8,1868.34,0.0,1.2, , 
,1869.76,1920,79.5,0.0,10101011,1869.02,1920,0.0,0.00,275.4,1869.40,0.0,1.2, , 
,1870.82,1920,79.5,0.0,10101011,1870.11,1920,16.1,2.06,244.8,1870.47,0.0,1.2, , 
,1871.87,1952,79.5,-7.0,10101011,1871.17,1920,16.1,2.06,244.8,1871.52,0.0,1.2, , 
,1872.94,1952,79.5,-10.9,10101011,1872.22,1952,16.1,2.06,244.8,1872.57,0.0,1.2, , 
,1874.02,1952,81.0,-15.2,10101011,1873.29,1952,16.1,2.06,244.8,1873.66,0.0,1.2, , 
,1875.10,1952,79.5,-17.6,10101011,1874.40,1952,16.1,2.06,244.8,1874.73,0.0,1.2, , 
,1876.20,1984,79.5,-18.0,10101011,1875.46,1984,16.1,2.06,244.8,1875.82,0.0,1.2, , 
,1877.27,1984,79.5,-18.4,10101001,1876.55,1984,16.1,2.06,244.8,1876.91,0.0,1.2, , 
,1878.34,1984,79.5,-18.4,10101001,1877.63,1984,16.1,2.06,244.8,1877.99,0.0,1.2, , 
,1879.40,1984,79.5,-18.8,10101001,1878.71,1984,16.1,2.06,244.8,1879.05,0.0,1.2, , 
,1880.46,1984,79.5,-18.8,10101001,1879.76,1984,16.1,2.06,244.8,1880.12,0.0,1.2, , 
,1881.52,2016,79.5,-19.5,10101001,1880.82,2016,16.1,2.06,244.8,1881.17,0.0,1.2, , 
,1882.61,1984,79.5,-19.9,10101001,1881.88,1984,14.9,1.03,244.8,1882.25,0.0,1.2, , 
,1883.64,1984,79.5,-20.3,10111111,1882.95,1984,14.9,1.03,244.8,1883.30,0.0,1.2, , 
,1884.70,1920,79.5,0.0,10111111,1883.99,1984,16.1,2.06,244.8,1884.36,0.0,1.2, , 
,1885.76,1888,79.5,0.0,10111111,1885.06,1920,0.0,0.00,275.4,1885.40,0.0,1.2, , 
,1886.81,1824,79.5,0.0,10111111,1886.11,1856,0.0,0.00,275.4,1886.46,0.0,1.2, , 
,1887.84,1792,79.5,0.0,10101011,1887.17,1824,0.0,0.00,295.8,1887.52,0.0,1.2, , 
,1888.79,1792,79.5,0.0,10101011,1888.17,1792,19.2,3.09,295.8,1888.48,0.0,1.2, , 
,1889.91,1792,79.5,-6.3,10101011,1889.16,1792,19.2,2.06,295.8,1889.56,0.0,1.2, , 
,1891.01,1760,79.5,-7.8,10101011,1890.24,1792,19.2,2.06,295.8,1890.63,0.0,1.2, , 
,1892.08,1760,79.5,-8.6,10101011,1891.35,1792,20.8,2.06,295.8,1891.75,-0.8,1.2, , 
,1893.10,1760,79.5,-9.4,10101011,1892.40,1792,20.8,2.06,295.8,1892.79,-0.8,1.2, , 
,1894.14,1792,79.5,-10.2,10101010,1893.47,1760,20.8,2.06,295.8,1893.79,0.0,1.2, , 
,1895.18,1760,79.5,-9.8,10101010,1894.48,1792,20.8,2.06,295.8,1894.83,-0.8,1.2, , 
,1896.21,1472,79.5,0.0,10111111,1895.54,1760,22.0,2.06,316.2,1895.86,-0.8,1.2, , 
,1897.15,1216,79.5,0.0,10111111,1896.51,992,26.7,4.12,377.4,1896.83,-0.8,0.0, , 
,1898.12,1088,79.5,0.0,10111111,1897.47,1216,22.0,3.09,336.6,1897.79,-0.8,0.0, , 
,1898.99,928,79.5,-0.8,10111110,1898.39,1024,22.0,3.09,336.6,1898.68,-0.8,0.0, , 
,1899.95,896,79.5,-0.4,10111110,1899.33,896,25.1,3.09,377.4,1899.63,-0.8,0.0, , 
,1900.84,896,79.5,-0.4,10111111,1900.25,896,26.7,3.09,377.4,1900.54,-0.8,0.0, , 
,1901.74,896,79.5,-0.8,10111111,1901.15,896,26.7,3.09,377.4,1901.44,-0.8,0.0, , 
,1902.68,896,79.5,-0.8,10111111,1902.06,896,26.7,3.09,377.4,1902.38,-0.8,0.0, , 
,1903.70,1440,79.5,-4.3,10101011,1903.01,896,25.1,3.09,377.4,1903.33,-0.8,0.0, , 
,1904.90,1504,79.5,-5.1,10101011,1904.03,1408,31.0,4.12,418.2,1904.47,-0.8,0.0, , 
,1905.97,1568,79.5,-5.1,10101011,1905.26,1504,35.3,5.15,459.0,1905.62,-0.8,1.2, , 
,1907.06,1728,79.5,-9.0,10101011,1906.32,1632,40.0,5.15,479.4,1906.66,-0.8,1.2, , 
,1908.15,1888,81.0,-3.9,10101011,1907.41,1792,45.9,6.18,550.8,1907.78,0.0,1.2, , 
,1909.22,2080,79.5,0.0,10101001,1908.50,1952,45.9,6.18,550.8,1908.85,0.0,1.2, , 
,1910.23,2176,79.5,0.0,10111101,1909.56,2176,57.6,8.24,652.8,1909.90,0.0,1.2, , 
,1911.16,1024,79.5,0.0,10111111,1910.57,1664,0.0,0.00,336.6,1910.86,-0.8,0.0, , 
,1912.14,1152,79.5,0.0,10111111,1911.49,1120,28.2,4.12,377.4,1911.81,-0.8,0.0, , 
,1913.04,992,79.5,0.0,10111111,1912.44,1120,22.0,3.09,336.6,1912.73,-0.8,0.0, , 
,1913.96,896,79.5,-3.9,10111111,1913.36,928,23.5,3.09,357.0,1913.65,-0.8,0.0, , 
,1914.94,896,79.5,-5.9,10111111,1914.30,896,26.7,3.09,377.4,1914.61,-0.8,0.0, , 
,1915.84,896,79.5,-5.1,10111111,1915.24,896,26.7,3.09,397.8,1915.54,-0.8,0.0, , 
,1916.84,1472,79.5,-8.2,10101011,1916.14,896,26.7,3.09,377.4,1916.48,-0.8,0.0, , 
,1917.77,1440,79.5,-7.0,10101011,1917.14,1440,26.7,3.09,377.4,1917.45,-0.8,0.0, , 
,1918.96,1504,81.0,-9.0,10101011,1918.19,1440,25.1,3.09,357.0,1918.61,-0.8,1.2, , 
,1920.02,1568,81.0,-11.3,10111111,1919.30,1536,23.5,3.09,336.6,1919.67,-0.8,1.2, , 
,1921.07,1504,81.0,-10.5,10111111,1920.38,1568,22.0,3.09,316.2,1920.79,-0.8,1.2, , 
,1922.17,1536,81.0,-5.5,10101011,1921.44,1504,22.0,3.09,316.2,1921.78,-0.8,1.2, , 
,1923.19,1664,81.0,0.0,10101011,1922.48,1472,45.9,6.18,571.2,1922.84,-0.8,1.2, , 
,1924.26,1952,81.0,2.7,10101011,1923.55,1792,48.6,6.18,591.6,1923.92,0.0,1.2, , 
,1925.26,2208,81.0,1.6,10101001,1924.62,2048,53.3,7.21,632.4,1924.94,0.0,1.2, , 
,1926.26,2432,81.0,2.7,10101001,1925.60,2272,47.1,6.18,571.2,1925.91,0.0,1.2, , 
,1927.27,2720,81.0,5.1,10101001,1926.63,2528,47.1,6.18,550.8,1926.94,0.0,1.2, , 
,1928.27,1920,81.0,0.0,10111111,1927.63,2816,48.6,6.18,571.2,1927.95,0.0,1.2, , 
,1929.35,1952,81.0,0.0,10101011,1928.63,1504,23.5,4.12,316.2,1928.99,0.0,1.2, , 
,1930.42,2016,81.0,-5.1,10101001,1929.72,1984,19.2,2.06,275.4,1930.08,0.0,1.2, , 
,1931.44,2112,81.0,0.0,10101001,1930.76,2048,28.2,3.09,357.0,1931.11,0.0,1.2, , 
,1932.47,2240,81.0,1.2,10101001,1931.79,2144,44.3,6.18,520.2,1932.13,0.0,1.2, , 
,1933.48,2368,81.0,1.2,10101001,1932.81,2304,48.6,6.18,550.8,1933.14,0.0,1.2, , 
,1934.52,2528,81.0,2.7,10101001,1933.83,2432,51.8,7.21,591.6,1934.19,0.0,1.2, , 
,1935.56,1920,81.0,0.0,10111111,1934.88,2560,36.9,5.15,438.6,1935.21,0.0,1.2, , 
,1936.51,1408,81.0,0.0,10101011,1935.86,1440,0.0,0.00,336.6,1936.18,-0.8,0.0, , 
,1937.57,1952,81.0,0.0,10101011,1936.86,1984,19.2,3.09,295.8,1937.21,0.0,1.2, , 
,1938.64,2016,81.0,0.0,10101001,1937.93,1952,28.2,3.09,357.0,1938.29,0.0,1.2, , 
,1939.67,2112,81.0,0.0,11101001,1938.99,2048,67.8,9.27,754.8,1939.32,0.0,1.2, , 
,1940.71,2208,81.0,-2.0,11101001,1940.03,2144,85.5,13.39,948.6,1940.36,0.0,1.2, , 
,1941.74,2304,81.0,-2.7,11101001,1941.04,2240,87.1,13.39,948.6,1941.38,0.0,1.2, , 
,1942.79,2400,81.0,-2.3,11101001,1942.08,2336,87.1,13.39,948.6,1942.42,0.0,1.2, , 
,1943.83,2496,81.0,-2.3,11101001,1943.16,2432,87.1,13.39,948.6,1943.48,0.0,1.2, , 
,1944.85,2592,81.0,-1.6,11101001,1944.18,2528,87.1,14.42,948.6,1944.49,0.0,1.2, , 
,1945.92,2688,81.0,-0.8,11101001,1945.20,2624,87.1,14.42,948.6,1945.56,0.0,1.2, , 
,1946.99,2784,81.0,0.0,11101001,1946.27,2720,87.1,14.42,948.6,1946.65,0.0,1.2, , 
,1948.04,2880,81.0,-1.6,11101001,1947.33,2816,88.6,14.42,948.6,1947.68,0.0,1.2, , 
,1949.03,2976,81.0,-0.4,11101001,1948.45,2912,88.6,14.42,948.6,1948.75,0.0,1.2, , 
,1950.19,2304,81.0,0.0,11111101,1949.49,3008,88.6,14.42,948.6,1949.84,0.0,1.2, , 
,1951.26,1248,82.5,0.0,11101011,1950.56,1792,0.0,0.00,275.4,1950.90,-0.8,0.0, , 
,1952.28,2240,82.5,-6.6,11101001,1951.62,1856,32.5,5.15,418.2,1951.95,0.0,1.2, , 
,1953.26,2240,82.5,-0.4,11101001,1952.61,2240,41.2,6.18,479.4,1952.93,0.0,1.2, , 
,1954.28,2240,82.5,-3.1,11101001,1953.61,2240,48.6,6.18,571.2,1953.94,0.0,1.2, , 
,1955.28,2272,82.5,-0.8,11101001,1954.61,2272,60.4,8.24,693.6,1954.94,0.0,1.2, , 
,1956.28,2272,82.5,0.4,11101001,1955.61,2272,50.2,7.21,591.6,1955.94,0.0,1.2, , 
,1957.30,2272,82.5,0.0,11101001,1956.62,2272,45.9,6.18,550.8,1956.97,0.0,1.2, , 
,1958.31,2272,82.5,-1.2,11101001,1957.64,2272,48.6,7.21,571.2,1957.97,0.0,1.2, , 
,1959.33,2272,82.5,0.4,11101001,1958.65,2272,56.1,8.24,632.4,1959.00,0.0,1.2, , 
,1960.36,2304,82.5,2.3,11101001,1959.68,2272,57.6,8.24,652.8,1960.02,0.0,1.2, , 
,1961.43,2304,82.5,4.3,11101001,1960.72,2304,57.6,8.24,652.8,1961.07,0.0,1.2, , 
,1962.45,2336,82.5,0.0,11101001,1961.76,2336,59.2,8.24,652.8,1962.11,0.0,1.2, , 
,1963.44,2400,82.5,-2.0,11101001,1962.78,2336,85.5,14.42,928.2,1963.10,0.0,1.2, , 
,1964.53,2432,82.5,-6.3,11101001,1963.80,2400,88.6,14.42,969.0,1964.17,0.0,1.2, , 
,1965.58,2496,82.5,-2.0,11101001,1964.87,2464,87.1,13.39,948.6,1965.22,0.0,1.2, , 
,1966.60,2528,84.0,0.0,11101001,1965.90,2496,76.9,11.33,846.6,1966.26,0.0,1.2, , 
,1967.63,2528,84.0,-0.4,11101001,1966.96,2528,45.9,6.18,520.2,1967.29,0.0,1.2, , 
,1968.68,2496,84.0,-3.1,11101001,1967.99,2496,40.0,5.15,479.4,1968.36,0.0,1.2, , 
,1969.73,2496,84.0,-4.3,11101001,1969.05,2496,34.1,4.12,418.2,1969.40,0.0,1.2, , 
,1970.77,2464,84.0,-2.0,11101001,1970.07,2496,40.0,5.15,459.0,1970.42,0.0,1.2, , 
,1971.84,2464,84.0,0.8,11101001,1971.13,2464,45.9,6.18,520.2,1971.48,0.0,1.2, , 
,1972.90,2496,84.0,1.2,11101001,1972.20,2464,50.2,7.21,571.2,1972.55,0.0,1.2, , 
,1973.98,2496,84.0,-0.8,11101001,1973.26,2496,50.2,7.21,571.2,1973.62,0.0,1.2, , 
,1975.01,2496,84.0,-1.2,11101001,1974.34,2496,50.2,7.21,571.2,1974.69,0.0,1.2, , 
,1976.04,2496,84.0,-1.6,11101001,1975.37,2496,50.2,7.21,571.2,1975.69,0.0,1.2, , 
,1977.05,2496,84.0,-1.2,11101001,1976.37,2496,51.8,7.21,591.6,1976.72,0.0,1.2, , 
,1978.07,2496,84.0,-1.2,11101001,1977.40,2496,51.8,7.21,591.6,1977.73,0.0,1.2, , 
,1979.06,2496,84.0,-1.6,11101001,1978.39,2496,53.3,7.21,612.0,1978.72,0.0,1.2, , 
,1980.11,2496,84.0,-0.8,11101001,1979.39,2496,53.3,8.24,612.0,1979.74,0.0,1.2, , 
,1981.07,2496,84.0,-0.8,11101001,1980.43,2496,53.3,7.21,612.0,1980.75,0.0,1.2, , 
,1982.11,2496,84.0,0.0,11111101,1981.43,2496,53.3,7.21,612.0,1981.78,0.0,1.2, , 
,1983.10,2464,84.0,0.0,11101001,1982.46,2496,19.2,2.06,275.4,1982.80,0.0,1.2, , 
,1984.12,2432,84.0,0.0,11101001,1983.43,2432,16.1,2.06,244.8,1983.80,0.0,1.2, , 
,1985.14,2400,84.0,-10.5,11101001,1984.44,2432,19.2,3.09,275.4,1984.79,0.0,1.2, , 
,1986.21,2368,84.0,-10.9,11101001,1985.50,2400,29.4,3.09,357.0,1985.84,0.0,1.2, , 
,1987.24,2368,84.0,-10.5,11101001,1986.56,2368,38.4,5.15,459.0,1986.93,0.0,1.2, , 
,1988.27,2336,84.0,-5.1,11101001,1987.60,2336,40.0,5.15,479.4,1987.93,0.0,1.2, , 
,1989.31,2336,84.0,-2.7,11101001,1988.63,2336,38.4,5.15,459.0,1988.96,0.0,1.2, , 
,1990.29,2336,84.0,0.0,11101001,1989.65,2336,60.4,9.27,673.2,1989.97,0.0,1.2, , 
,1991.32,2336,84.0,4.3,11101001,1990.65,2336,65.1,9.27,714.0,1990.98,0.0,1.2, , 
,1992.37,2368,84.0,7.0,11101001,1991.69,2368,63.5,10.30,714.0,1992.03,0.0,1.2, , 
,1993.40,2368,84.0,6.6,11101001,1992.71,2368,59.2,9.27,673.2,1993.05,0.0,1.2, , 
,1994.38,2400,84.0,6.6,11101001,1993.71,2400,54.5,8.24,612.0,1994.06,0.0,1.2, , 
,1995.42,2400,84.0,3.5,11101001,1994.72,2400,53.3,8.24,612.0,1995.06,0.0,1.2, , 
,1996.46,2400,84.0,2.7,11101001,1995.76,2400,54.5,8.24,632.4,1996.09,0.0,1.2, , 
,1997.52,2400,84.0,2.3,11101001,1996.81,2400,54.5,8.24,632.4,1997.16,0.0,1.2, , 
,1998.54,2400,84.0,1.6,11101001,1997.85,2400,54.5,8.24,632.4,1998.21,0.0,1.2, , 
,1999.63,2432,84.0,3.1,11101001,1998.94,2432,54.5,8.24,632.4,1999.28,0.0,1.2, , 
,2000.71,2432,84.0,3.9,11101001,2000.00,2432,57.6,9.27,652.8,2000.35,0.0,1.2, , 
,2001.82,2432,84.0,5.1,11101001,2001.06,2432,59.2,9.27,673.2,2001.43,0.0,1.2, , 
,2002.90,2464,84.0,4.3,11101001,2002.20,2432,57.6,9.27,652.8,2002.56,0.0,1.2, , 
,2003.92,2464,84.0,3.1,11101001,2003.24,2464,54.5,8.24,632.4,2003.58,0.0,1.2, , 
,2004.95,2464,84.0,3.1,11101001,2004.26,2464,54.5,8.24,632.4,2004.61,0.0,1.2, , 
,2006.02,2464,84.0,3.5,11101001,2005.29,2464,54.5,8.24,632.4,2005.65,0.0,1.2, , 
,2007.12,2464,84.0,2.7,11101001,2006.39,2464,54.5,8.24,632.4,2006.76,0.0,1.2, , 
,2008.17,2496,84.0,2.3,11101001,2007.48,2496,53.3,8.24,612.0,2007.82,0.0,1.2, , 
,2009.21,2496,84.0,0.4,11101001,2008.52,2496,53.3,7.21,612.0,2008.85,0.0,1.2, , 
,2010.26,2496,84.0,-0.4,11101001,2009.57,2496,50.2,7.21,591.6,2009.92,0.0,1.2, , 
,2011.29,2496,84.0,0.4,11101001,2010.61,2496,51.8,7.21,591.6,2010.93,0.0,1.2, , 
,2012.26,2496,84.0,0.8,11101001,2011.61,2496,51.8,7.21,591.6,2011.92,0.0,1.2, , 
,2013.25,2496,84.0,0.4,11101001,2012.62,2496,51.8,7.21,591.6,2012.92,0.0,1.2, , 
,2014.30,2496,84.0,2.0,11101001,2013.57,2496,53.3,8.24,612.0,2013.93,0.0,1.2, , 
,2015.31,2496,84.0,2.0,11101001,2014.62,2496,53.3,7.21,612.0,2014.96,0.0,1.2, , 
,2016.35,2496,84.0,1.6,11101001,2015.65,2496,53.3,8.24,612.0,2015.99,0.0,1.2, , 
,2017.37,2528,84.0,1.2,11101001,2016.68,2496,53.3,8.24,612.0,2017.04,0.0,1.2, , 
,2018.43,2528,84.0,2.3,11101001,2017.73,2496,53.3,8.24,612.0,2018.06,0.0,1.2, , 
,2019.44,2528,84.0,1.2,11101001,2018.77,2528,53.3,7.21,612.0,2019.11,0.0,1.2, , 
,2020.47,2496,84.0,-2.3,11101001,2019.80,2528,40.0,5.15,479.4,2020.14,0.0,1.2, , 
,2021.49,2496,84.0,-10.5,11101001,2020.78,2496,22.0,3.09,295.8,2021.13,0.0,1.2, , 
,2022.56,2432,84.0,-16.4,11101001,2021.88,2464,19.2,2.06,275.4,2022.20,0.0,1.2, , 
,2023.62,2432,84.0,0.0,11101001,2022.93,2432,20.8,2.06,295.8,2023.27,0.0,1.2, , 
,2024.72,2432,84.0,0.8,11101001,2024.01,2432,48.6,7.21,571.2,2024.38,0.0,1.2, , 
,2025.73,2400,84.0,0.0,11101001,2025.05,2432,47.1,7.21,550.8,2025.40,0.0,1.2, , 
,2026.73,2400,84.0,-3.5,11101001,2026.07,2400,26.7,3.09,336.6,2026.39,0.0,1.2, , 
,2027.78,2368,84.0,-7.8,11101001,2027.10,2400,23.5,3.09,316.2,2027.44,0.0,1.2, , 
,2028.78,2336,84.0,-12.5,11101001,2028.11,2368,20.8,2.06,295.8,2028.44,0.0,1.2, , 
,2029.77,2336,84.0,-15.2,11101001,2029.11,2336,20.8,2.06,295.8,2029.43,0.0,1.2, , 
,2030.78,2304,84.0,-17.6,11101001,2030.09,2304,22.0,2.06,295.8,2030.44,0.0,1.2, , 
,2031.83,2272,84.0,-18.4,11101001,2031.12,2272,23.5,2.06,316.2,2031.46,0.0,1.2, , 
,2032.81,2240,84.0,-15.2,11101001,2032.16,2240,25.1,3.09,336.6,2032.50,0.0,1.2, , 
,2033.80,2240,84.0,-10.5,11101001,2033.14,2240,29.4,3.09,377.4,2033.46,0.0,1.2, , 
,2034.82,2208,84.0,-7.8,11101001,2034.13,2208,31.0,4.12,397.8,2034.48,0.0,1.2, , 
,2035.84,2176,84.0,-10.5,11101001,2035.16,2208,23.5,3.09,336.6,2035.50,0.0,1.2, , 
,2036.88,2144,84.0,-12.5,11101001,2036.18,2176,22.0,3.09,316.2,2036.52,0.0,1.2, , 
,2037.92,2144,84.0,-12.9,11101001,2037.21,2144,22.0,3.09,316.2,2037.56,0.0,1.2, , 
,2038.95,2112,84.0,-0.8,11101001,2038.28,2144,32.5,4.12,397.8,2038.61,0.0,1.2, , 
,2039.97,2112,84.0,-1.6,11101001,2039.30,2112,35.3,4.12,438.6,2039.63,0.0,1.2, , 
,2041.02,2080,84.0,-1.2,11101001,2040.32,2080,41.2,5.15,499.8,2040.67,0.0,1.2, , 
,2042.11,2016,84.0,-0.4,11101001,2041.38,2048,42.7,6.18,520.2,2041.74,0.0,1.2, , 
,2043.13,1952,84.0,0.0,11111111,2042.45,2016,26.7,3.09,357.0,2042.80,0.0,1.2, , 
,2044.11,1088,84.0,0.0,11111111,2043.47,1440,0.0,0.00,316.2,2043.77,-0.8,0.0, , 
,2045.11,1408,84.0,0.0,11111111,2044.45,1184,26.7,4.12,377.4,2044.79,-0.8,0.0, , 
,2046.07,2176,84.0,0.0,11101001,2045.41,1760,0.0,0.00,316.2,2045.75,0.0,1.2, , 
,2047.08,2112,84.0,0.0,11101001,2046.40,2176,16.1,3.09,244.8,2046.75,0.0,1.2, , 
,2048.13,2080,84.0,-1.2,11101001,2047.43,2112,32.5,5.15,397.8,2047.78,0.0,1.2, , 
,2049.18,2112,84.0,0.0,11101001,2048.48,2080,35.3,4.12,438.6,2048.82,0.0,1.2, , 
,2050.20,2144,84.0,0.4,11101001,2049.52,2112,56.1,8.24,652.8,2049.85,0.0,1.2, , 
,2051.21,2176,84.0,0.8,11101001,2050.55,2144,50.2,7.21,591.6,2050.88,0.0,1.2, , 
,2052.22,2240,84.0,2.0,11101001,2051.55,2208,54.5,7.21,632.4,2051.88,0.0,1.2, , 
,2053.25,2304,84.0,1.6,11101001,2052.56,2240,53.3,7.21,612.0,2052.90,0.0,1.2, , 
,2054.26,2400,84.0,0.0,11101001,2053.57,2336,54.5,8.24,632.4,2053.92,0.0,1.2, , 
,2055.31,2528,84.0,2.7,11101001,2054.63,2432,67.8,10.30,754.8,2054.98,0.0,1.2, , 
,2056.32,2656,84.0,5.9,11101001,2055.64,2560,65.1,10.30,714.0,2055.98,0.0,1.2, , 
,2057.33,2720,84.0,6.6,11101001,2056.68,2688,65.1,10.30,714.0,2057.00,0.0,1.2, , 
,2058.38,2816,84.0,4.7,11101001,2057.67,2752,69.4,10.30,754.8,2058.01,0.0,1.2, , 
,2059.37,2656,84.0,0.0,11111101,2058.70,2848,79.6,13.39,867.0,2059.04,0.0,1.2, , 
,2060.42,1152,84.0,0.0,11101011,2059.71,2208,0.0,0.00,295.8,2060.11,-0.8,1.2, , 
,2061.45,2176,82.5,0.0,11101001,2060.78,1728,28.2,4.12,377.4,2061.12,0.0,1.2, , 
,2062.47,2112,84.0,-10.9,11101001,2061.79,2144,23.5,3.09,316.2,2062.12,0.0,1.2, , 
,2063.47,2112,82.5,0.0,11101001,2062.80,2112,34.1,4.12,418.2,2063.14,0.0,1.2, , 
,2064.48,2112,84.0,3.1,11101001,2063.81,2112,57.6,8.24,652.8,2064.13,0.0,1.2, , 
,2065.52,2144,84.0,5.9,11101001,2064.83,2112,63.5,9.27,714.0,2065.17,0.0,1.2, , 
,2066.57,2176,84.0,8.6,11101001,2065.88,2144,72.2,11.33,795.6,2066.22,0.0,1.2, , 
,2067.60,2208,84.0,10.2,11101001,2066.92,2176,71.0,11.33,795.6,2067.26,0.0,1.2, , 
,2068.61,2240,84.0,3.9,11101001,2067.94,2208,71.0,11.33,775.2,2068.28,0.0,1.2, , 
,2069.62,2240,84.0,0.0,11101001,2068.96,2240,71.0,11.33,775.2,2069.28,0.0,1.2, , 
,2070.63,2240,84.0,0.0,11101001,2069.97,2240,62.0,9.27,693.6,2070.30,0.0,1.2, , 
,2071.64,2272,84.0,0.8,11101001,2070.97,2272,57.6,8.24,652.8,2071.30,0.0,1.2, , 
,2072.63,2272,82.5,2.3,11101001,2071.97,2272,59.2,8.24,673.2,2072.30,0.0,1.2, , 
,2073.68,2304,84.0,1.2,11101001,2072.98,2304,62.0,9.27,693.6,2073.32,0.0,1.2, , 
,2074.68,2336,84.0,0.0,11101001,2074.01,2304,81.2,13.39,887.4,2074.35,0.0,1.2, , 
,2075.73,2368,84.0,0.8,11101001,2075.02,2336,71.0,10.30,775.2,2075.38,0.0,1.2, , 
,2076.77,2368,84.0,2.3,11101001,2076.06,2368,60.4,9.27,673.2,2076.43,0.0,1.2, , 
,2077.80,2368,84.0,1.6,11101001,2077.11,2368,54.5,8.24,632.4,2077.44,0.0,1.2, , 
,2078.83,2368,84.0,0.0,11101001,2078.14,2368,51.8,7.21,591.6,2078.48,0.0,1.2, , 
,2079.84,2368,84.0,-0.8,11101001,2079.16,2368,47.1,7.21,550.8,2079.50,0.0,1.2, , 
,2080.84,2368,84.0,-1.6,11101001,2080.19,2368,47.1,6.18,550.8,2080.51,0.0,1.2, , 
,2081.88,2368,84.0,-0.4,11101001,2081.20,2368,48.6,7.21,571.2,2081.54,0.0,1.2, , 
,2082.89,2368,84.0,0.4,11101001,2082.22,2368,48.6,7.21,571.2,2082.55,0.0,1.2, , 
,2083.93,2336,84.0,0.4,11101001,2083.22,2368,48.6,7.21,571.2,2083.56,0.0,1.2, , 
,2084.96,2368,84.0,-0.4,11101001,2084.29,2336,50.2,7.21,571.2,2084.64,0.0,1.2, , 
,2086.04,2368,84.0,-0.4,11101001,2085.32,2368,57.6,8.24,652.8,2085.69,0.0,1.2, , 
,2087.07,2400,84.0,0.0,11101001,2086.42,2368,78.4,12.36,867.0,2086.76,0.0,1.2, , 
,2088.13,2400,84.0,2.3,11101001,2087.42,2400,73.7,11.33,826.2,2087.79,0.0,1.2, , 
,2089.21,2432,84.0,6.3,11101001,2088.52,2400,66.3,10.30,734.4,2088.88,0.0,1.2, , 
,2090.30,2432,84.0,3.5,11101001,2089.60,2432,51.8,8.24,591.6,2089.96,0.0,1.2, , 
,2091.34,2432,82.5,2.0,11101001,2090.64,2432,51.8,8.24,591.6,2090.97,0.0,1.2, , 
,2092.43,2432,82.5,-0.4,11101001,2091.71,2432,51.8,7.21,591.6,2092.07,0.0,1.2, , 
,2093.42,2432,84.0,-0.8,11101001,2092.76,2432,51.8,7.21,591.6,2093.09,0.0,1.2, , 
,2094.45,2432,84.0,-0.4,11101001,2093.78,2432,53.3,7.21,612.0,2094.11,0.0,1.2, , 
,2095.47,2400,84.0,0.0,11101001,2094.80,2432,51.8,7.21,591.6,2095.15,0.0,1.2, , 
,2096.51,2368,82.5,-9.0,11101001,2095.79,2400,20.8,3.09,295.8,2096.16,0.0,1.2, , 
,2097.49,2336,84.0,-14.8,11101001,2096.86,2368,20.8,2.06,295.8,2097.17,0.0,1.2, , 
,2098.50,2336,84.0,-15.2,11101001,2097.82,2336,22.0,2.06,316.2,2098.17,0.0,1.2, , 
,2099.51,2304,84.0,-13.3,11101001,2098.82,2304,31.0,3.09,377.4,2099.16,0.0,1.2, , 
,2100.52,2272,84.0,-10.5,11101001,2099.86,2304,31.0,4.12,397.8,2100.20,0.0,1.2, , 
,2101.53,2272,84.0,-7.8,11101001,2100.86,2272,32.5,4.12,397.8,2101.20,0.0,1.2, , 
,2102.53,2272,84.0,-5.1,11101001,2101.86,2272,32.5,4.12,418.2,2102.20,0.0,1.2, , 
,2103.54,2240,84.0,-2.3,11101001,2102.87,2240,34.1,4.12,418.2,2103.20,0.0,1.2, , 
,2104.53,2240,84.0,-10.2,11101001,2103.86,2240,25.1,3.09,336.6,2104.21,0.0,1.2, , 
,2105.54,2208,84.0,-14.5,11101001,2104.86,2208,22.0,2.06,295.8,2105.20,0.0,1.2, , 
,2106.58,2176,84.0,-11.3,11101001,2105.89,2208,31.0,3.09,397.8,2106.23,0.0,1.2, , 
,2107.60,2176,84.0,-9.4,11101001,2106.91,2176,32.5,4.12,418.2,2107.25,0.0,1.2, , 
,2108.66,2176,84.0,-6.3,11101001,2107.93,2176,34.1,4.12,418.2,2108.29,0.0,1.2, , 
,2109.68,2176,84.0,-4.7,11101001,2109.00,2176,34.1,4.12,418.2,2109.33,0.0,1.2, , 
,2110.73,2144,84.0,-1.6,11101001,2110.02,2176,34.1,4.12,418.2,2110.38,0.0,1.2, , 
,2111.82,2144,84.0,-1.2,11101001,2111.09,2144,34.1,4.12,418.2,2111.46,0.0,0.8, , 
,2112.88,2144,84.0,2.3,11101001,2112.17,2144,42.7,6.18,520.2,2112.53,0.0,0.8, , 
,2113.92,2144,84.0,3.1,11101001,2113.21,2144,45.9,6.18,550.8,2113.57,0.0,0.8, , 
,2114.97,2144,84.0,3.1,11101001,2114.27,2144,45.9,6.18,550.8,2114.62,0.0,0.8, , 
,2115.96,2144,84.0,2.0,11101001,2115.30,2144,53.3,7.21,612.0,2115.62,0.0,0.8, , 
,2117.03,2144,84.0,3.9,11101001,2116.32,2144,56.1,8.24,652.8,2116.68,0.0,0.8, , 
,2118.01,2176,84.0,4.7,11101001,2117.35,2144,57.6,8.24,652.8,2117.68,0.0,0.8, , 
,2119.04,2176,84.0,3.5,11101001,2118.35,2176,56.1,8.24,652.8,2118.69,0.0,0.8, , 
,2120.08,2208,84.0,4.3,11101001,2119.39,2208,65.1,10.30,734.4,2119.73,0.0,0.8, , 
,2121.11,2176,84.0,0.0,11101001,2120.42,2208,38.4,5.15,459.0,2120.77,0.0,0.8, , 
,2122.13,2176,82.5,-5.9,11101001,2121.45,2176,28.2,3.09,357.0,2121.79,0.0,0.8, , 
,2123.14,2144,84.0,-8.6,11101001,2122.46,2176,28.2,3.09,357.0,2122.80,0.0,0.8, , 
,2124.16,2144,84.0,-9.4,11101001,2123.48,2144,28.2,3.09,357.0,2123.82,0.0,0.8, , 
,2125.20,2144,84.0,-4.3,11101001,2124.49,2144,44.3,5.15,520.2,2124.85,0.0,0.8, , 
,2126.22,2144,84.0,-1.6,11101001,2125.55,2144,44.3,6.18,520.2,2125.87,0.0,0.8, , 
,2127.23,2144,84.0,1.2,11101001,2126.54,2144,44.3,6.18,520.2,2126.89,0.0,0.8, , 
,2128.25,2144,84.0,2.7,11101001,2127.58,2144,47.1,6.18,571.2,2127.91,0.0,0.8, , 
,2129.27,2144,84.0,0.0,11101001,2128.60,2144,48.6,7.21,571.2,2128.93,0.0,0.8, , 
,2130.27,2144,84.0,-2.3,11101001,2129.60,2144,59.2,8.24,673.2,2129.93,0.0,0.8, , 
,2131.28,2176,84.0,1.6,11101001,2130.61,2176,72.2,11.33,795.6,2130.95,0.0,0.8, , 
,2132.32,2208,84.0,4.7,11101001,2131.63,2208,73.7,11.33,826.2,2131.98,0.0,0.8, , 
,2133.32,2240,84.0,7.0,11101001,2132.66,2240,71.0,11.33,795.6,2132.98,0.0,0.8, , 
,2134.36,2272,84.0,9.0,11101001,2133.69,2240,65.1,10.30,714.0,2134.04,0.0,0.8, , 
,2135.34,2272,84.0,8.2,11101001,2134.70,2272,63.5,10.30,714.0,2135.01,0.0,0.8, , 
,2136.35,2272,84.0,7.0,11101001,2135.68,2272,54.5,8.24,632.4,2136.02,0.0,0.8, , 
,2137.35,2272,84.0,3.9,11101001,2136.70,2272,51.8,7.21,591.6,2137.03,0.0,0.8, , 
,2138.36,2272,84.0,1.6,11101001,2137.69,2272,44.3,6.18,520.2,2138.02,0.0,0.8, , 
,2139.38,2272,84.0,1.2,11101001,2138.70,2272,44.3,6.18,520.2,2139.04,0.0,0.8, , 
,2140.40,2272,84.0,0.4,11101001,2139.72,2272,45.9,6.18,550.8,2140.06,0.0,0.8, , 
,2141.41,2272,84.0,0.0,11101001,2140.73,2272,47.1,6.18,550.8,2141.07,0.0,0.8, , 
,2142.40,2240,84.0,0.4,11101001,2141.74,2272,44.3,6.18,520.2,2142.07,0.0,0.8, , 
,2143.40,2240,84.0,-2.0,11101001,2142.73,2240,45.9,6.18,520.2,2143.07,0.0,0.8, , 
,2144.41,2240,84.0,-5.9,11101001,2143.74,2240,35.3,5.15,438.6,2144.07,0.0,0.8, , 
,2145.43,2208,84.0,-7.0,11101001,2144.76,2208,29.4,4.12,377.4,2145.09,0.0,0.8, , 
,2146.48,2208,84.0,-8.2,11101001,2145.78,2208,31.0,4.12,397.8,2146.13,0.0,0.8, , 
,2147.50,2176,84.0,-8.2,11101001,2146.83,2208,32.5,4.12,397.8,2147.16,0.0,0.8, , 
,2148.52,2176,84.0,-7.0,11101001,2147.84,2176,32.5,4.12,418.2,2148.18,0.0,0.8, , 
,2149.54,2144,84.0,-5.9,11101001,2148.88,2176,32.5,4.12,418.2,2149.22,0.0,0.8, , 
,2150.55,2144,84.0,-5.1,11101001,2149.87,2144,31.0,4.12,397.8,2150.22,0.0,0.8, , 
,2151.58,2112,84.0,-5.5,11101001,2150.89,2144,32.5,4.12,418.2,2151.25,0.0,0.8, , 
,2152.63,2144,84.0,0.0,11101001,2151.92,2112,32.5,4.12,397.8,2152.27,0.0,0.8, , 
,2153.67,2144,84.0,-0.8,11101001,2152.98,2144,45.9,6.18,550.8,2153.32,0.0,0.8, , 
,2154.68,2112,84.0,-5.9,11101001,2154.00,2112,32.5,4.12,418.2,2154.34,0.0,0.8, , 
,2155.70,2112,84.0,-7.4,11101001,2155.02,2112,34.1,4.12,418.2,2155.36,0.0,0.8, , 
,2156.74,2080,84.0,-8.2,11101001,2156.03,2080,35.3,4.12,438.6,2156.38,0.0,0.8, , 
,2157.74,2080,84.0,-8.2,11101001,2157.08,2080,35.3,4.12,438.6,2157.41,0.0,0.8, , 
,2158.80,2080,84.0,-8.6,11101001,2158.12,2080,34.1,4.12,438.6,2158.47,0.0,0.8, , 
,2159.84,2080,84.0,-8.6,11101001,2159.15,2080,34.1,4.12,418.2,2159.49,0.0,0.8, , 
,2160.89,2048,84.0,-6.6,11101001,2160.20,2080,34.1,4.12,418.2,2160.56,0.0,0.8, , 
,2161.95,2048,84.0,-4.7,11101001,2161.24,2048,35.3,4.12,438.6,2161.59,0.0,0.8, , 
,2162.99,2080,84.0,-8.2,11101001,2162.30,2048,51.8,7.21,612.0,2162.63,0.0,0.8, , 
,2164.05,2080,84.0,-2.7,11101001,2163.35,2080,65.1,8.24,734.4,2163.69,0.0,0.8, , 
,2165.11,2112,84.0,3.1,11101001,2164.40,2112,65.1,9.27,734.4,2164.76,0.0,0.8, , 
,2166.13,2112,84.0,0.0,11101001,2165.45,2112,62.0,9.27,714.0,2165.78,0.0,0.8, , 
,2167.18,2112,84.0,-8.2,11101001,2166.48,2112,23.5,3.09,316.2,2166.84,0.0,0.8, , 
,2168.22,2080,84.0,-13.3,11101001,2167.52,2080,22.0,3.09,316.2,2167.86,0.0,0.8, , 
,2169.23,2048,84.0,-12.1,11101001,2168.55,2080,22.0,2.06,316.2,2168.88,0.0,0.8, , 
,2170.29,2016,84.0,-9.8,11101001,2169.58,2048,22.0,2.06,316.2,2169.93,0.0,0.8, , 
,2171.35,2016,84.0,-8.6,11101001,2170.64,2016,22.0,2.06,316.2,2171.00,0.0,0.8, , 
,2172.43,1984,84.0,-0.8,11101001,2171.71,1984,31.0,3.09,397.8,2172.07,0.0,0.8, , 
,2173.53,1984,82.5,6.3,11101011,2172.79,1984,38.4,4.12,459.0,2173.15,0.0,0.8, , 
,2174.63,1984,84.0,10.9,11101001,2173.87,1984,38.4,5.15,479.4,2174.24,0.0,0.8, , 
,2175.74,1984,84.0,17.2,11101011,2174.99,1984,45.9,6.18,550.8,2175.35,0.0,0.8, , 
,2176.85,1984,84.0,19.9,11101011,2176.12,1984,48.6,7.21,571.2,2176.49,0.0,0.8, , 
,2177.93,1984,82.5,12.5,11101011,2177.21,1984,47.1,7.21,571.2,2177.57,0.0,0.8, , 
,2179.01,1984,84.0,5.9,11101011,2178.29,1984,41.2,6.18,499.8,2178.65,0.0,0.8, , 
,2180.09,1952,84.0,0.8,11101011,2179.37,1984,36.9,5.15,459.0,2179.73,0.0,0.8, , 
,2181.18,1952,84.0,-1.6,11101011,2180.45,1952,38.4,5.15,479.4,2180.83,0.0,0.8, , 
,2182.26,1952,84.0,-1.6,11101011,2181.55,1952,40.0,5.15,479.4,2181.91,0.0,0.8, , 
,2183.36,1952,84.0,-2.3,11101011,2182.63,1952,40.0,5.15,479.4,2182.99,0.0,0.8, , 
,2184.44,1952,84.0,-2.0,11101011,2183.71,1952,38.4,5.15,479.4,2184.08,0.0,0.8, , 
,2185.55,1920,84.0,-3.9,11101011,2184.82,1920,40.0,5.15,479.4,2185.19,0.0,0.8, , 
,2186.62,1888,84.0,-8.6,11101011,2185.91,1888,25.1,3.09,336.6,2186.27,0.0,0.8, , 
,2187.72,1856,84.0,-6.3,11101011,2187.00,1856,23.5,3.09,336.6,2187.35,0.0,0.8, , 
,2188.85,1792,84.0,-2.7,11101011,2188.09,1856,25.1,3.09,336.6,2188.47,0.0,0.8, , 
,2190.00,1760,84.0,-1.6,11101011,2189.24,1792,25.1,3.09,336.6,2189.64,0.0,0.8, , 
,2191.11,1728,84.0,0.0,11101011,2190.39,1760,25.1,3.09,336.6,2190.75,-0.8,0.8, , 
,2192.20,1696,84.0,3.5,11101011,2191.49,1728,25.1,3.09,357.0,2191.85,-0.8,0.8, , 
,2193.32,1664,84.0,5.9,11101011,2192.59,1696,26.7,3.09,357.0,2192.95,-0.8,0.8, , 
,2194.37,1632,84.0,7.4,11101011,2193.70,1664,26.7,3.09,357.0,2194.06,-0.8,0.8, , 
,2195.49,1568,84.0,7.8,11101011,2194.74,1600,26.7,3.09,357.0,2195.12,-0.8,0.8, , 
,2196.52,1024,84.0,0.0,11111111,2195.88,1568,26.7,3.09,357.0,2196.21,-0.8,0.0, , 
,2197.55,1792,84.0,0.0,11101011,2196.83,1120,28.2,3.09,397.8,2197.19,-0.8,0.0, , 
,2198.62,1824,84.0,-2.0,11101011,2197.89,1856,19.2,2.06,275.4,2198.26,0.0,0.8, , 
,2199.66,1792,82.5,2.3,11101011,2199.01,1792,31.0,4.12,397.8,2199.34,0.0,0.8, , 
,2200.76,1760,84.0,7.8,11101011,2199.99,1792,51.8,7.21,612.0,2200.39,-0.8,0.8, , 
,2201.81,1728,84.0,3.1,11101011,2201.12,1760,36.9,4.12,459.0,2201.47,-0.8,0.8, , 
,2202.85,1728,84.0,6.3,11101011,2202.17,1728,38.4,5.15,459.0,2202.50,-0.8,0.8, , 
,2203.91,1696,82.5,0.0,11101011,2203.19,1728,48.6,6.18,591.6,2203.54,-0.8,0.8, , 
,2204.97,1728,82.5,3.5,11101011,2204.23,1728,71.0,10.30,795.6,2204.61,-0.8,0.8, , 
,2206.05,1792,82.5,9.8,11101011,2205.33,1760,73.7,11.33,846.6,2205.68,-0.8,0.8, , 
,2207.10,1824,82.5,8.6,11101011,2206.40,1792,73.7,11.33,846.6,2206.75,0.0,0.8, , 
,2208.21,1856,82.5,0.0,11101011,2207.45,1792,81.2,13.39,907.8,2207.82,0.0,0.8, , 
,2209.35,1856,82.5,5.9,11101011,2208.60,1856,62.0,8.24,714.0,2208.98,0.0,0.8, , 
,2210.49,1824,82.5,10.2,11101011,2209.71,1856,56.1,8.24,652.8,2210.10,0.0,0.8, , 
,2211.61,1824,82.5,0.0,11101011,2210.88,1824,54.5,8.24,652.8,2211.25,0.0,0.8, , 
,2212.69,1792,82.5,3.1,11101011,2211.98,1824,35.3,4.12,438.6,2212.33,0.0,0.8, , 
,2213.80,1760,82.5,4.7,11101011,2213.06,1792,32.5,4.12,418.2,2213.44,0.0,0.8, , 
,2214.92,1728,82.5,2.3,11101011,2214.17,1760,34.1,4.12,438.6,2214.56,-0.8,0.8, , 
,2215.98,1760,82.5,5.9,11101011,2215.26,1728,41.2,6.18,499.8,2215.62,-0.8,0.8, , 
,2217.08,1728,82.5,8.2,11101011,2216.34,1728,44.3,6.18,550.8,2216.70,-0.8,0.8, , 
,2218.17,1728,82.5,6.3,11101011,2217.43,1728,40.0,6.18,499.8,2217.80,-0.8,0.8, , 
,2219.27,1728,82.5,4.3,11101011,2218.52,1728,34.1,5.15,418.2,2218.88,-0.8,0.8, , 
,2220.35,1728,84.0,-1.2,11101011,2219.62,1728,29.4,4.12,377.4,2219.99,-0.8,0.8, , 
,2221.47,1728,84.0,-3.9,11101011,2220.71,1728,25.1,3.09,357.0,2221.07,-0.8,0.8, , 
,2222.55,1696,84.0,-3.9,11101011,2221.83,1728,26.7,3.09,357.0,2222.17,-0.8,0.8, , 
,2223.66,1728,84.0,-1.2,11101011,2222.93,1728,31.0,4.12,397.8,2223.31,-0.8,0.8, , 
,2224.77,1728,84.0,2.0,11101011,2224.02,1728,40.0,5.15,499.8,2224.41,-0.8,0.8, , 
,2225.84,1760,84.0,3.9,11101011,2225.11,1760,44.3,6.18,520.2,2225.48,-0.8,0.8, , 
,2226.97,1792,84.0,3.1,11101011,2226.22,1792,44.3,6.18,520.2,2226.60,0.0,0.8, , 
,2228.06,1824,84.0,2.7,11101011,2227.33,1792,44.3,6.18,550.8,2227.69,0.0,0.8, , 
,2229.16,1856,84.0,-0.4,11101011,2228.43,1856,44.3,6.18,520.2,2228.80,0.0,0.8, , 
,2230.25,1888,84.0,-1.2,11101011,2229.52,1856,41.2,6.18,499.8,2229.89,0.0,0.8, , 
,2231.36,1888,84.0,-1.6,11101011,2230.62,1888,41.2,6.18,499.8,2231.00,0.0,0.8, , 
,2232.42,1920,84.0,-2.7,11101011,2231.72,1888,41.2,5.15,499.8,2232.08,0.0,0.8, , 
,2233.53,1920,84.0,-4.3,11101011,2232.80,1920,34.1,4.12,438.6,2233.15,0.0,0.8, , 
,2234.63,1920,84.0,-5.5,11101011,2233.90,1920,35.3,4.12,438.6,2234.27,0.0,0.8, , 
,2235.72,1920,84.0,-5.9,11101011,2235.00,1920,34.1,4.12,438.6,2235.35,0.0,0.8, , 
,2236.82,1920,84.0,-6.3,11101011,2236.08,1920,34.1,4.12,438.6,2236.43,0.0,0.8, , 
,2237.92,1920,84.0,-10.5,11101011,2237.19,1920,25.1,3.09,357.0,2237.55,0.0,0.8, , 
,2239.02,1888,84.0,-12.9,11101011,2238.30,1920,25.1,3.09,336.6,2238.66,0.0,0.8, , 
,2240.14,1888,84.0,-12.9,11101011,2239.38,1888,26.7,3.09,357.0,2239.76,0.0,0.8, , 
,2241.25,1856,84.0,-11.3,11101011,2240.52,1888,26.7,3.09,357.0,2240.88,0.0,0.8, , 
,2242.33,1856,84.0,-10.2,11101011,2241.62,1888,26.7,3.09,357.0,2241.98,0.0,0.8, , 
,2243.44,1888,84.0,-2.3,11101011,2242.70,1888,35.3,4.12,438.6,2243.08,0.0,0.8, , 
,2244.55,1888,84.0,0.8,11101011,2243.81,1888,35.3,4.12,438.6,2244.17,0.0,0.8, , 
,2245.65,1888,84.0,1.2,11101011,2244.91,1888,34.1,4.12,438.6,2245.28,0.0,0.8, , 
,2246.74,1888,84.0,1.2,11101011,2246.02,1888,34.1,4.12,418.2,2246.38,0.0,0.8, , 
,2247.85,1920,84.0,3.9,11101011,2247.12,1888,41.2,6.18,499.8,2247.50,0.0,0.8, , 
,2248.94,1920,84.0,3.5,11101011,2248.21,1920,41.2,6.18,499.8,2248.58,0.0,0.8, , 
,2250.03,1920,84.0,-3.5,11101011,2249.30,1920,26.7,3.09,357.0,2249.65,0.0,0.8, , 
,2251.13,1920,84.0,-7.8,11101011,2250.40,1920,25.1,3.09,357.0,2250.77,0.0,0.8, , 
,2252.24,1888,84.0,-9.0,11101011,2251.49,1920,25.1,3.09,336.6,2251.85,0.0,0.8, , 
,2253.33,1888,84.0,-9.0,11101011,2252.61,1888,26.7,3.09,357.0,2252.97,0.0,0.8, , 
,2254.44,1888,84.0,-6.3,11101011,2253.70,1888,26.7,3.09,357.0,2254.07,0.0,0.8, , 
,2255.54,1856,82.5,-5.1,11101011,2254.81,1888,26.7,3.09,357.0,2255.17,0.0,0.8, , 
,2256.67,1856,84.0,-3.5,11101011,2255.92,1856,26.7,3.09,357.0,2256.31,0.0,0.8, , 
,2257.78,1856,84.0,-1.2,11101011,2257.04,1856,29.4,3.09,377.4,2257.40,0.0,0.8, , 
,2258.87,1856,84.0,1.6,11101011,2258.13,1856,31.0,4.12,397.8,2258.49,0.0,0.8, , 
,2259.93,1856,84.0,2.0,11101011,2259.21,1856,34.1,4.12,438.6,2259.57,0.0,0.8, , 
,2261.04,1856,82.5,3.1,11101011,2260.30,1856,34.1,4.12,438.6,2260.67,0.0,0.8, , 
,2262.19,1856,84.0,3.5,11101011,2261.44,1856,35.3,5.15,438.6,2261.81,0.0,0.8, , 
,2263.31,1856,84.0,0.0,11101011,2262.56,1856,34.1,4.12,418.2,2262.94,0.0,0.8, , 
,2264.42,1856,82.5,-3.5,11101011,2263.68,1856,26.7,3.09,357.0,2264.06,0.0,0.8, , 
,2265.51,1856,84.0,-5.1,11101011,2264.77,1856,25.1,3.09,336.6,2265.14,0.0,0.8, , 
,2266.61,1824,84.0,-6.3,11101011,2265.88,1856,25.1,3.09,336.6,2266.25,0.0,0.8, , 
,2267.74,1824,84.0,-6.6,11101011,2266.98,1824,26.7,3.09,357.0,2267.37,0.0,0.8, , 
,2268.86,1824,84.0,-5.5,11101011,2268.12,1824,26.7,3.09,357.0,2268.50,0.0,0.8, , 
,2269.92,1824,84.0,-2.0,11101011,2269.20,1824,29.4,3.09,377.4,2269.56,0.0,0.8, , 
,2271.02,1824,82.5,-0.4,11101011,2270.28,1824,29.4,4.12,377.4,2270.66,0.0,0.8, , 
,2272.10,1824,84.0,0.4,11101011,2271.39,1824,32.5,4.12,418.2,2271.75,0.0,0.8, , 
,2273.21,1824,82.5,-0.4,11101011,2272.46,1824,32.5,4.12,418.2,2272.83,0.0,0.8, , 
,2274.32,1792,84.0,-2.3,11101011,2273.59,1824,26.7,3.09,357.0,2273.96,0.0,0.8, , 
,2275.44,1824,82.5,-2.0,11101011,2274.68,1824,28.2,3.09,377.4,2275.06,0.0,0.8, , 
,2276.56,1792,82.5,-1.6,11101011,2275.82,1824,28.2,3.09,377.4,2276.20,0.0,0.8, , 
,2277.65,1792,82.5,-3.9,11101011,2276.91,1792,23.5,3.09,336.6,2277.27,0.0,0.8, , 
,2278.79,1792,82.5,-5.9,11101011,2278.02,1792,22.0,3.09,316.2,2278.40,-0.8,0.8, , 
,2279.93,1760,84.0,-5.9,11101011,2279.17,1760,23.5,3.09,336.6,2279.54,-0.8,0.8, , 
,2281.03,1728,82.5,-8.6,11101011,2280.30,1760,22.0,3.09,316.2,2280.67,-0.8,0.8, , 
,2282.13,1760,82.5,-5.9,11101011,2281.39,1728,23.5,3.09,336.6,2281.78,-0.8,0.8, , 
,2283.22,1728,82.5,-2.0,11101011,2282.50,1728,28.2,3.09,377.4,2282.88,-0.8,0.8, , 
,2284.32,1728,82.5,0.8,11101011,2283.56,1728,28.2,4.12,377.4,2283.94,-0.8,0.8, , 
,2285.42,1728,82.5,2.3,11101011,2284.69,1728,29.4,4.12,397.8,2285.03,-0.8,0.8, , 
,2286.55,1760,82.5,3.5,11101011,2285.80,1760,34.1,4.12,418.2,2286.19,-0.8,0.8, , 
,2287.65,1792,82.5,4.7,11101011,2286.90,1760,36.9,5.15,459.0,2287.27,-0.8,0.8, , 
,2288.82,1792,82.5,3.5,11101011,2288.04,1792,45.9,6.18,550.8,2288.44,0.0,0.8, , 
,2289.91,1792,82.5,2.3,11101011,2289.17,1792,36.9,5.15,459.0,2289.53,0.0,0.8, , 
,2291.01,1792,82.5,0.0,11101011,2290.25,1792,36.9,5.15,459.0,2290.63,0.0,0.8, , 
,2292.12,1824,84.0,-2.3,11101011,2291.38,1824,31.0,4.12,397.8,2291.74,0.0,0.8, , 
,2293.25,1824,82.5,-3.5,11101011,2292.49,1824,31.0,4.12,397.8,2292.88,0.0,0.8, , 
,2294.34,1856,82.5,-4.3,11101011,2293.61,1824,31.0,4.12,397.8,2293.97,0.0,0.8, , 
,2295.48,1824,82.5,-6.3,11101011,2294.71,1824,28.2,3.09,377.4,2295.10,0.0,0.8, , 
,2296.59,1824,82.5,-6.6,11101011,2295.87,1824,28.2,3.09,377.4,2296.23,0.0,0.8, , 
,2297.70,1792,82.5,-5.1,11101011,2296.95,1824,28.2,3.09,377.4,2297.33,0.0,0.8, , 
,2298.80,1792,82.5,-2.7,11101011,2298.05,1792,29.4,4.12,397.8,2298.43,0.0,0.8, , 
,2299.89,1760,82.5,-1.2,11101011,2299.17,1760,31.0,4.12,397.8,2299.54,-0.8,0.8, , 
,2300.96,1760,82.5,-1.6,11101011,2300.25,1760,29.4,4.12,397.8,2300.61,-0.8,0.8, , 
,2302.06,1728,82.5,-1.6,11101011,2301.34,1728,29.4,4.12,397.8,2301.71,-0.8,0.8, , 
,2303.20,1728,82.5,-2.7,11101011,2302.43,1728,29.4,4.12,377.4,2302.83,-0.8,0.8, , 
,2304.27,1696,82.5,-3.1,11101011,2303.57,1728,26.7,3.09,357.0,2303.94,-0.8,0.8, , 
,2305.39,1696,82.5,-3.1,11101011,2304.65,1696,28.2,3.09,377.4,2305.02,-0.8,0.8, , 
,2306.49,1696,82.5,-3.1,11101011,2305.77,1696,28.2,3.09,377.4,2306.12,-0.8,0.8, , 
,2307.57,1696,82.5,-0.4,11101011,2306.85,1664,29.4,4.12,377.4,2307.20,-0.8,0.8, , 
,2308.63,1664,82.5,1.6,11101011,2307.93,1696,35.3,5.15,438.6,2308.28,-0.8,0.8, , 
,2309.70,1696,82.5,1.6,11101011,2308.97,1696,35.3,5.15,438.6,2309.33,-0.8,0.8, , 
,2310.80,1664,82.5,1.2,11101011,2310.05,1696,35.3,5.15,438.6,2310.42,-0.8,0.8, , 
,2311.89,1664,82.5,-0.4,11101011,2311.17,1664,31.0,4.12,418.2,2311.54,-0.8,0.8, , 
,2313.03,1664,82.5,-3.9,11101011,2312.28,1664,29.4,4.12,377.4,2312.67,-0.8,0.8, , 
,2314.07,1664,82.5,-5.1,11101011,2313.37,1664,28.2,3.09,377.4,2313.72,-0.8,0.8, , 
,2315.16,1632,82.5,-5.1,11101011,2314.43,1632,28.2,4.12,377.4,2314.79,-0.8,0.8, , 
,2316.28,1664,82.5,-5.5,11101011,2315.54,1632,28.2,4.12,377.4,2315.90,-0.8,0.8, , 
,2317.27,1088,82.5,0.0,11111111,2316.62,1536,0.0,0.00,357.0,2316.94,-0.8,0.0, , 
,2318.23,1088,82.5,0.0,11111111,2317.57,1184,28.2,4.12,377.4,2317.91,-0.8,0.0, , 
,2319.14,960,82.5,0.0,11111111,2318.56,1024,22.0,3.09,336.6,2318.84,-0.8,0.0, , 
,2320.03,960,82.5,-4.3,11111111,2319.43,960,25.1,3.09,357.0,2319.73,-0.8,0.0, , 
,2320.95,864,84.0,-6.3,11111111,2320.35,960,25.1,3.09,357.0,2320.66,-0.8,0.0, , 
,2321.86,896,82.5,-6.3,11111111,2321.25,896,26.7,3.09,377.4,2321.56,-0.8,0.0, , 
,2322.78,1120,82.5,-7.0,11111111,2322.14,928,25.1,3.09,377.4,2322.45,-0.8,0.0, , 
,2323.80,1824,82.5,0.0,11101011,2323.07,1344,17.6,2.06,275.4,2323.44,-0.8,0.8, , 
,2324.78,1088,82.5,0.0,11111111,2324.10,1536,0.0,0.00,316.2,2324.46,-0.8,0.0, , 
,2325.73,1088,82.5,0.0,11111111,2325.10,1184,26.7,4.12,377.4,2325.40,-0.8,0.0, , 
,2326.61,928,82.5,-1.2,11111111,2326.01,992,23.5,3.09,336.6,2326.31,-0.8,0.0, , 
,2327.57,1600,82.5,-4.7,11101011,2326.91,928,25.1,3.09,377.4,2327.20,-0.8,0.0, , 
,2328.70,1856,82.5,0.0,11101011,2327.96,1824,19.2,2.06,275.4,2328.33,0.0,0.8, , 
,2329.76,1984,82.5,-0.8,11101001,2329.04,1920,47.1,7.21,571.2,2329.40,0.0,0.8, , 
,2330.81,2208,84.0,-6.3,11101001,2330.11,2048,53.3,7.21,612.0,2330.46,0.0,0.8, , 
,2331.83,2432,82.5,-5.1,11101001,2331.15,2272,59.2,8.24,673.2,2331.48,0.0,0.8, , 
,2332.82,2688,84.0,1.6,11101001,2332.16,2528,66.3,9.27,734.4,2332.49,0.0,0.8, , 
,2333.86,1536,82.5,0.0,11111111,2333.15,2560,0.0,0.00,336.6,2333.51,0.0,0.8, , 
,2334.80,1120,82.5,0.0,11111111,2334.16,1088,23.5,4.12,336.6,2334.49,-0.8,0.0, , 
,2335.74,1056,82.5,0.0,11111111,2335.10,1120,25.1,4.12,357.0,2335.41,-0.8,0.0, , 
,2336.68,992,82.5,-2.3,11111111,2336.04,1024,23.5,3.09,357.0,2336.34,-0.8,0.0, , 
,2337.61,896,82.5,-5.5,11111111,2336.99,960,23.5,3.09,357.0,2337.31,-0.8,0.0, , 
,2338.52,896,82.5,-5.5,11111111,2337.92,896,26.7,3.09,377.4,2338.22,-0.8,0.0, , 
,2339.41,896,82.5,-5.1,11111111,2338.81,896,26.7,3.09,377.4,2339.11,-0.8,0.0, , 
,2340.36,896,82.5,-5.5,11111111,2339.72,896,26.7,3.09,377.4,2340.04,-0.8,0.0, , 
,2341.33,1696,82.5,-10.2,11101011,2340.69,896,26.7,3.09,377.4,2340.98,-0.8,0.0, , 
,2342.36,1504,82.5,-5.1,11101011,2341.68,1504,34.1,4.12,418.2,2341.95,-0.8,0.0, , 
,2343.42,1600,82.5,0.0,11101011,2342.70,1536,44.3,6.18,550.8,2343.07,-0.8,0.8, , 
,2344.46,1664,82.5,-3.1,11101011,2343.78,1632,45.9,6.18,571.2,2344.12,-0.8,0.8, , 
,2345.52,1632,82.5,-8.6,11101011,2344.82,1664,25.1,3.09,336.6,2345.16,-0.8,0.8, , 
,2346.53,1632,82.5,-10.2,11101011,2345.85,1632,29.4,3.09,377.4,2346.20,-0.8,0.8, , 
,2347.57,1600,82.5,-10.9,11101011,2346.86,1600,31.0,4.12,397.8,2347.20,-0.8,0.8, , 
,2348.65,1600,82.5,-12.9,11101011,2347.91,1568,26.7,3.09,357.0,2348.29,-0.8,0.8, , 
,2349.71,1696,82.5,0.0,11101011,2349.01,1632,56.1,9.27,652.8,2349.38,-0.8,0.8, , 
,2350.84,1920,82.5,0.0,11101011,2350.09,1760,66.3,10.30,754.8,2350.48,0.0,0.8, , 
,2351.88,2144,82.5,0.0,11101001,2351.20,2048,75.3,11.33,846.6,2351.54,0.0,0.8, , 
,2352.89,2208,82.5,-0.4,11101001,2352.21,2176,45.9,6.18,550.8,2352.54,0.0,0.8, , 
,2353.92,2208,82.5,-3.5,11101001,2353.23,2208,40.0,5.15,479.4,2353.58,0.0,0.8, , 
,2354.96,2080,82.5,-11.3,11101001,2354.25,2176,23.5,3.09,336.6,2354.60,0.0,0.8, , 
,2356.04,1984,82.5,-16.8,11101011,2355.33,2048,23.5,3.09,336.6,2355.68,0.0,0.8, , 
,2357.12,2016,82.5,-13.3,11101001,2356.40,1984,45.9,6.18,550.8,2356.76,0.0,0.8, , 
,2358.16,2112,84.0,-9.4,11101001,2357.47,2048,54.5,7.21,632.4,2357.82,0.0,0.8, , 
,2359.16,2176,82.5,-3.1,11101001,2358.50,2112,53.3,7.21,612.0,2358.83,0.0,0.8, , 
,2360.17,2240,82.5,0.8,11101001,2359.50,2208,51.8,7.21,591.6,2359.83,0.0,0.8, , 
,2361.22,2208,82.5,2.7,11101001,2360.52,2208,44.3,6.18,520.2,2360.87,0.0,0.8, , 
,2362.23,2112,82.5,-2.0,11101001,2361.56,2176,35.3,5.15,438.6,2361.89,0.0,0.8, , 
,2363.24,2080,82.5,-3.1,11101001,2362.57,2112,34.1,4.12,418.2,2362.91,0.0,0.8, , 
,2364.31,2016,82.5,-1.2,11101001,2363.61,2016,40.0,5.15,479.4,2363.96,0.0,0.8, , 
,2365.36,2080,82.5,-3.9,11101001,2364.66,2048,54.5,7.21,632.4,2365.00,0.0,0.8, , 
,2366.38,2144,84.0,-0.4,11101001,2365.71,2080,66.3,9.27,754.8,2366.03,0.0,0.8, , 
,2367.37,2304,84.0,0.0,11101001,2366.70,2208,66.3,10.30,734.4,2367.05,0.0,0.8, , 
,2368.43,2368,84.0,0.0,11101001,2367.72,2304,48.6,7.21,571.2,2368.06,0.0,0.8, , 
,2369.45,2400,84.0,1.2,11101001,2368.78,2400,48.6,7.21,550.8,2369.13,0.0,0.8, , 
,2370.50,2432,84.0,0.0,11101001,2369.79,2432,45.9,6.18,520.2,2370.15,0.0,0.8, , 
,2371.47,2304,84.0,-3.5,11101001,2370.82,2368,26.7,4.12,357.0,2371.14,0.0,0.8, , 
,2372.46,2368,84.0,-2.3,11101001,2371.80,2272,42.7,6.18,499.8,2372.12,0.0,0.8, , 
,2373.50,2400,84.0,-0.8,11101001,2372.79,2368,53.3,7.21,612.0,2373.15,0.0,0.8, , 
,2374.55,2464,84.0,1.6,11101001,2373.82,2432,53.3,7.21,612.0,2374.19,0.0,0.8, , 
,2375.57,2528,84.0,3.5,11101001,2374.86,2528,51.8,7.21,591.6,2375.23,0.0,0.8, , 
,2376.58,2592,84.0,3.5,11101001,2375.92,2528,50.2,7.21,591.6,2376.26,0.0,0.8, , 
,2377.61,2592,84.0,3.1,11101001,2376.92,2592,47.1,7.21,550.8,2377.26,0.0,0.8, , 
,2378.62,2656,84.0,-1.2,11101001,2377.94,2592,51.8,7.21,591.6,2378.28,0.0,0.8, , 
,2379.62,2848,84.0,-2.7,11101001,2378.95,2720,66.3,10.30,714.0,2379.29,0.0,0.8, , 
,2380.60,2336,84.0,0.0,11111101,2379.93,2912,81.2,12.36,887.4,2380.26,0.0,0.8, , 
,2381.68,1856,84.0,0.0,11101011,2380.98,1984,23.5,4.12,336.6,2381.35,0.0,0.8, , 
,2382.76,1984,84.0,-0.8,11101011,2382.05,1920,84.3,13.39,928.2,2382.40,0.0,0.8, , 
,2383.79,2080,84.0,0.0,11101001,2383.11,2016,85.5,13.39,948.6,2383.45,0.0,0.8, , 
,2384.81,2112,84.0,0.0,11101001,2384.14,2112,59.2,8.24,693.6,2384.47,0.0,0.8, , 
,2385.85,2080,85.5,-3.5,11101001,2385.16,2112,42.7,6.18,520.2,2385.49,0.0,0.8, , 
,2386.88,2080,85.5,-4.7,11101001,2386.20,2080,44.3,6.18,520.2,2386.55,0.0,0.8, , 
,2387.95,2048,85.5,-5.5,11101001,2387.23,2080,44.3,6.18,520.2,2387.59,0.0,0.8, , 
,2389.00,2048,85.5,-5.9,11101001,2388.31,2048,44.3,5.15,520.2,2388.66,0.0,0.8, , 
,2389.92,1216,85.5,0.0,11111111,2389.33,2048,0.0,0.00,459.0,2389.63,-0.8,0.8, , 
,2390.85,1088,85.5,0.0,11111111,2390.23,1056,26.7,4.12,377.4,2390.55,-0.8,0.0, , 
,2391.76,992,85.5,0.0,11111111,2391.16,1024,22.0,3.09,336.6,2391.43,-0.8,0.0, , 
,2392.70,928,84.0,-3.1,11111111,2392.07,928,23.5,3.09,357.0,2392.38,-0.8,0.0, , 
,2393.62,896,85.5,-5.1,11111111,2393.00,928,25.1,3.09,377.4,2393.32,-0.8,0.0, , 
,2394.56,896,85.5,-5.1,11111111,2393.94,896,25.1,3.09,377.4,2394.26,-0.8,0.0, , 
,2395.46,896,85.5,-5.1,11111111,2394.85,896,25.1,3.09,377.4,2395.14,-0.8,0.0, , 
,2396.42,960,85.5,-4.7,11101011,2395.79,864,25.1,3.09,377.4,2396.10,-0.8,0.0, , 
,2397.36,1024,85.5,0.0,11101011,2396.74,1024,40.0,6.18,499.8,2397.05,-0.8,0.0, , 
,2398.36,1152,85.5,-2.7,11101011,2397.68,1088,44.3,6.18,550.8,2398.01,-0.8,0.0, , 
,2399.32,1248,85.5,-2.7,11101011,2398.68,1184,42.7,6.18,520.2,2399.00,-0.8,0.0, , 
,2400.34,1376,85.5,-6.3,11101011,2399.66,1280,42.7,6.18,550.8,2400.02,-0.8,0.0, , 
,2401.54,1504,85.5,-8.2,11101011,2400.67,1408,42.7,5.15,520.2,2401.12,-0.8,0.0, , 
,2402.64,1600,85.5,-9.0,11101011,2401.90,1536,38.4,5.15,479.4,2402.26,-0.8,0.8, , 
,2403.72,1696,85.5,-8.6,11101011,2403.00,1632,35.3,4.12,438.6,2403.37,-0.8,0.8, , 
,2404.77,1728,85.5,-7.4,11101011,2404.09,1696,31.0,4.12,397.8,2404.42,-0.8,0.8, , 
,2405.85,1792,85.5,-8.2,11101011,2405.15,1728,28.2,3.09,377.4,2405.52,-0.8,0.8, , 
,2406.93,1824,87.0,-6.6,11101011,2406.20,1792,28.2,3.09,377.4,2406.58,0.0,0.8, , 
,2408.07,1888,85.5,-7.0,11101011,2407.32,1856,29.4,3.09,397.8,2407.70,0.0,0.8, , 
,2409.15,1984,85.5,-4.7,11101001,2408.44,1920,31.0,4.12,397.8,2408.79,0.0,0.8, , 
,2410.16,2144,85.5,-0.8,11101001,2409.49,2048,44.3,5.15,520.2,2409.83,0.0,0.8, , 
,2411.13,1376,85.5,0.0,11111111,2410.50,2208,36.9,4.12,459.0,2410.81,0.0,0.8, , 
,2412.06,1120,85.5,0.0,11111111,2411.41,1024,26.7,4.12,357.0,2411.73,-0.8,0.0, , 
,2412.94,1056,85.5,0.0,11111111,2412.34,1120,23.5,4.12,336.6,2412.65,-0.8,0.0, , 
,2413.87,928,85.5,-2.0,11111111,2413.28,992,23.5,3.09,336.6,2413.58,-0.8,0.0, , 
,2414.81,896,85.5,-3.5,11111111,2414.19,928,25.1,3.09,357.0,2414.49,-0.8,0.0, , 
,2415.74,896,85.5,-3.1,11111111,2415.12,896,26.7,3.09,377.4,2415.42,-0.8,0.0, , 
,2416.67,896,85.5,-2.3,11111111,2416.04,896,26.7,3.09,377.4,2416.36,-0.8,0.0, , 
,2417.58,896,85.5,-1.6,11111111,2416.98,896,26.7,3.09,377.4,2417.28,-0.8,0.0, , 
,2418.52,896,85.5,-1.2,11111111,2417.88,896,26.7,3.09,377.4,2418.20,-0.8,0.0, , 
,2419.43,896,85.5,-1.6,11111111,2418.82,864,26.7,3.09,377.4,2419.13,-0.8,0.0, , 
,2420.37,896,85.5,-2.7,11111111,2419.73,864,26.7,3.09,377.4,2420.06,-0.8,0.0, , 
,2421.27,896,85.5,-3.5,11111111,2420.65,896,26.7,3.09,377.4,2420.95,-0.8,0.0, , 
,2422.14,672,85.5,-2.7,11111111,2421.57,896,26.7,3.09,377.4,2421.86,-0.8,0.0, , 
,2422.97,736,85.5,-9.4,11111111,2422.41,704,41.2,6.18,520.2,2422.70,-0.8,0.0, , 
,2423.91,800,87.0,-16.4,11111111,2423.29,768,40.0,5.15,520.2,2423.59,-0.8,0.0, , 
,2424.83,864,87.0,-16.4,11111111,2424.21,832,35.3,4.12,479.4,2424.51,-0.8,0.0, , 
,2425.74,864,87.0,-11.7,11111111,2425.12,864,31.0,3.09,438.6,2425.43,-0.8,0.0, , 
,2426.67,864,87.0,-8.6,11111111,2426.06,864,31.0,3.09,438.6,2426.36,-0.8,0.0, , 
,2427.56,896,87.0,-2.7,11111111,2426.97,896,32.5,4.12,438.6,2427.26,-0.8,0.0, , 
,2428.50,928,87.0,0.0,11111111,2427.87,928,31.0,4.12,438.6,2428.18,-0.8,0.0, , 
,2429.42,928,87.0,2.0,11111111,2428.81,928,31.0,4.12,418.2,2429.13,-0.8,0.0, , 
,2430.37,896,87.0,2.0,11111111,2429.73,928,29.4,4.12,418.2,2430.05,-0.8,0.0, , 
,2431.30,800,87.0,-2.7,11101011,2430.67,832,26.7,3.09,397.8,2430.98,-0.8,0.0, , 
,2432.27,1376,87.0,-3.9,11101011,2431.58,928,38.4,5.15,499.8,2431.91,-0.8,0.0, , 
,2433.22,1376,85.5,0.0,11111111,2432.53,1472,29.4,3.09,397.8,2432.92,-0.8,0.8, , 
,2434.13,864,87.0,0.0,11111111,2433.51,928,22.0,3.09,336.6,2433.81,-0.8,0.0, , 
,2435.01,928,87.0,0.0,11111111,2434.39,960,29.4,4.12,418.2,2434.70,-0.8,0.0, , 
,2435.95,928,87.0,-1.2,11111111,2435.34,960,26.7,3.09,377.4,2435.64,-0.8,0.0, , 
,2436.88,864,87.0,-2.7,11111111,2436.26,928,26.7,3.09,377.4,2436.56,-0.8,0.0, , 
,2437.78,864,87.0,-3.1,11111111,2437.16,864,26.7,3.09,397.8,2437.47,-0.8,0.0, , 
,2438.71,832,87.0,-3.5,11111111,2438.10,896,28.2,3.09,397.8,2438.40,-0.8,0.0, , 
,2439.60,800,87.0,-3.9,11111111,2439.01,768,26.7,3.09,397.8,2439.30,-0.8,0.0, , 
,2440.50,832,87.0,0.0,11101011,2439.88,768,28.2,3.09,418.2,2440.16,-0.8,0.0, , 
,2441.44,1472,87.0,0.0,11111111,2440.82,1184,42.7,5.15,550.8,2441.14,-0.8,0.0, , 
,2442.45,1472,87.0,-6.6,11111111,2441.79,1568,20.8,3.09,316.2,2442.15,-0.8,0.8, , 
,2443.39,1536,87.0,0.0,11101011,2442.77,1376,22.0,3.09,316.2,2443.08,-0.8,0.0, , 
,2444.37,1440,87.0,-1.2,11101011,2443.72,1696,32.5,4.12,418.2,2444.03,-0.8,0.8, , 
,2445.42,1376,87.0,-0.4,11101011,2444.73,1440,38.4,5.15,479.4,2445.08,-0.8,0.0, , 
,2446.49,1536,87.0,0.0,11111111,2445.74,1280,42.7,6.18,550.8,2446.13,-0.8,0.0, , 
,2447.42,1152,87.0,0.0,11111111,2446.79,1024,25.1,3.09,357.0,2447.09,-0.8,0.0, , 
,2448.40,960,87.0,0.0,11111111,2447.74,1120,23.5,3.09,336.6,2448.07,-0.8,0.0, , 
,2449.31,864,87.0,-1.6,11111111,2448.69,896,25.1,3.09,357.0,2449.00,-0.8,0.0, , 
,2450.19,768,87.0,-5.5,11111111,2449.61,800,25.1,3.09,377.4,2449.89,-0.8,0.0, , 
,2451.09,800,87.0,-6.3,11111111,2450.50,800,28.2,3.09,418.2,2450.80,-0.8,0.0, , 
,2452.00,768,87.0,-5.9,11111111,2451.39,800,26.7,3.09,397.8,2451.70,-0.8,0.0, , 
,2452.88,800,87.0,-4.7,11111111,2452.28,768,28.2,3.09,418.2,2452.57,-0.8,0.0, , 
,2453.79,768,87.0,-3.5,11111111,2453.18,800,28.2,3.09,397.8,2453.49,-0.8,0.0, , 
,2454.69,800,87.0,-3.1,11111111,2454.10,768,28.2,3.09,418.2,2454.39,-0.8,0.0, , 
,2455.56,800,87.0,-2.7,11111111,2454.99,800,28.2,3.09,397.8,2455.27,-0.8,0.0, , 
,2456.46,800,87.0,-2.3,11111111,2455.86,800,28.2,3.09,397.8,2456.17,-0.8,0.0, , 
,2457.37,800,87.0,-2.7,11111111,2456.76,800,26.7,3.09,397.8,2457.07,-0.8,0.0, , 
,2458.26,800,87.0,-2.7,10111111,2457.66,800,26.7,3.09,397.8,2457.97,-0.8,0.0, , 
,2459.16,800,87.0,-3.1,10111111,2458.56,800,26.7,3.09,397.8,2458.86,-0.8,0.0, , 
,2460.05,800,88.5,-3.1,10111111,2459.45,800,26.7,3.09,397.8,2459.75,-0.8,0.0, , 
,2460.94,800,87.0,-3.9,10111111,2460.34,800,25.1,3.09,377.4,2460.64,-0.8,0.0, , 
,2461.83,800,88.5,-3.9,10111111,2461.24,800,25.1,3.09,377.4,2461.53,-0.8,0.0, , 
,2462.73,800,88.5,-3.9,10111111,2462.13,800,25.1,3.09,377.4,2462.43,-0.8,0.0, , 
,2463.65,800,88.5,-3.9,10111111,2463.03,800,25.1,3.09,377.4,2463.34,-0.8,0.0, , 
,2464.57,800,88.5,-3.9,10111111,2463.95,800,25.1,3.09,377.4,2464.25,-0.8,0.0, , 
,2465.47,768,88.5,-3.5,10111111,2464.87,768,25.1,3.09,377.4,2465.17,-0.8,0.0, , 
,2466.36,800,88.5,-3.9,10111111,2465.76,768,23.5,3.09,377.4,2466.06,-0.8,0.0, , 
,2467.25,768,88.5,-4.7,10111111,2466.65,768,25.1,3.09,377.4,2466.95,-0.8,0.0, , 
,2468.15,800,88.5,-4.7,10111111,2467.56,800,25.1,3.09,377.4,2467.86,-0.8,0.0, , 
,2469.05,800,88.5,-5.1,10111111,2468.46,800,25.1,3.09,377.4,2468.76,-0.8,0.0, , 
,2469.94,768,88.5,-4.7,10111111,2469.34,800,25.1,3.09,377.4,2469.65,-0.8,0.0, , 
,2470.81,768,88.5,-4.7,10111111,2470.24,800,25.1,3.09,377.4,2470.52,-0.8,0.0, , 
,2471.70,768,88.5,-4.7,10111111,2471.11,768,25.1,3.09,377.4,2471.41,-0.8,0.0, , 
,2472.59,800,88.5,-4.7,10111111,2472.00,800,23.5,3.09,377.4,2472.29,-0.8,0.0, , 
,2473.48,800,88.5,-5.1,10111111,2472.88,800,25.1,3.09,377.4,2473.17,-0.8,0.0, , 
,2474.37,800,88.5,-5.1,10111111,2473.78,768,25.1,3.09,377.4,2474.08,-0.8,0.0, , 
,2475.25,768,88.5,-5.1,10111111,2474.67,800,23.5,3.09,377.4,2474.96,-0.8,0.0, , 
,2476.16,768,88.5,-5.5,10111111,2475.55,768,23.5,3.09,377.4,2475.85,-0.8,0.0, , 
,2477.05,768,88.5,-5.1,10111111,2476.45,800,23.5,3.09,377.4,2476.75,-0.8,0.0, , 
,2477.92,800,88.5,-5.5,10111111,2477.35,800,23.5,3.09,377.4,2477.64,-0.8,0.0, , 
,2478.81,768,88.5,-5.1,10111111,2478.21,800,23.5,3.09,377.4,2478.51,-0.8,0.0, , 
,2479.70,768,88.5,-5.5,10111111,2479.11,768,25.1,3.09,377.4,2479.40,-0.8,0.0, , 
,2480.62,768,88.5,-5.5,10111111,2480.01,768,23.5,3.09,377.4,2480.33,-0.8,0.0, , 
,2481.52,800,88.5,-5.5,10111111,2480.92,800,23.5,3.09,377.4,2481.22,-0.8,0.0, , 
,2482.42,768,88.5,-5.9,10111111,2481.81,800,23.5,3.09,377.4,2482.12,-0.8,0.0, , 
,2483.31,800,88.5,-5.9,10111111,2482.72,768,23.5,3.09,377.4,2483.02,-0.8,0.0, , 
,2484.20,768,88.5,-6.3,10111111,2483.61,768,23.5,3.09,377.4,2483.91,-0.8,0.0, , 
,2485.13,768,90.0,-5.5,10111111,2484.51,768,25.1,3.09,377.4,2484.83,-0.8,0.0, , 
,2486.03,800,90.0,-5.5,10111111,2485.42,800,25.1,3.09,377.4,2485.73,-0.8,0.0, , 
,2486.93,800,88.5,-5.5,10111111,2486.33,768,23.5,3.09,377.4,2486.62,-0.8,0.0, , 
,2487.82,800,90.0,-5.5,10111111,2487.24,768,25.1,3.09,377.4,2487.52,-0.8,0.0, , 
,2488.73,800,90.0,-5.1,10111111,2488.12,800,25.1,3.09,377.4,2488.42,-0.8,0.0, , 
,2489.65,800,90.0,-4.7,10111111,2489.03,800,25.1,3.09,377.4,2489.34,-0.8,0.0, , 
,2490.54,768,90.0,-5.1,10111111,2489.95,800,25.1,3.09,377.4,2490.25,-0.8,0.0, , 
,2491.46,800,90.0,-5.1,10111111,2490.85,768,25.1,3.09,377.4,2491.15,-0.8,0.0, , 
,2492.36,800,90.0,-5.1,10111111,2491.76,800,25.1,3.09,377.4,2492.05,-0.8,0.0, , 
,2493.26,768,90.0,-5.1,10111111,2492.65,800,25.1,3.09,377.4,2492.96,-0.8,0.0, , 
,2494.17,800,90.0,-5.1,10111111,2493.56,768,25.1,3.09,377.4,2493.86,-0.8,0.0, , 
,2495.06,800,90.0,-5.5,10111111,2494.47,768,25.1,3.09,377.4,2494.76,-0.8,0.0, , 
,2495.96,800,90.0,-5.5,10111111,2495.36,800,23.5,3.09,377.4,2495.65,-0.8,0.0, , 
,2496.88,800,90.0,-5.5,10111111,2496.28,800,23.5,3.09,377.4,2496.57,-0.8,0.0, , 
,2497.77,768,90.0,-5.5,10111111,2497.19,800,23.5,3.09,377.4,2497.48,-0.8,0.0, , 
,2498.64,768,90.0,-5.5,10111111,2498.06,800,23.5,3.09,377.4,2498.35,-0.8,0.0, , 
,2499.56,800,90.0,-5.5,10111111,2498.97,768,25.1,3.09,377.4,2499.27,-0.8,0.0, , 
,2500.45,768,90.0,-5.5,10111111,2499.85,768,25.1,3.09,377.4,2500.16,-0.8,0.0, , 
,2501.34,800,90.0,-5.5,10111111,2500.76,800,25.1,3.09,377.4,2501.05,-0.8,0.0, , 
,2502.27,800,90.0,-5.1,10111111,2501.65,800,25.1,3.09,377.4,2501.96,-0.8,0.0, , 
,2503.18,800,90.0,-5.5,10111111,2502.57,800,23.5,3.09,377.4,2502.87,-0.8,0.0, , 
,2504.08,800,90.0,-5.5,10111111,2503.48,800,23.5,3.09,377.4,2503.78,-0.8,0.0, , 
,2504.98,800,90.0,-5.5,10111111,2504.37,768,25.1,3.09,377.4,2504.68,-0.8,0.0, , 
,2505.90,800,91.5,-5.5,10111111,2505.29,800,23.5,3.09,377.4,2505.59,-0.8,0.0, , 
,2506.82,800,90.0,-5.5,10111111,2506.21,800,23.5,3.09,377.4,2506.51,-0.8,0.0, , 
,2507.73,800,90.0,-5.5,10111111,2507.12,768,23.5,3.09,377.4,2507.42,-0.8,0.0, , 
,2508.64,768,91.5,-5.9,10111111,2508.05,800,23.5,3.09,377.4,2508.35,-0.8,0.0, , 
,2509.54,800,90.0,-6.3,10111111,2508.94,768,25.1,3.09,377.4,2509.24,-0.8,0.0, , 
,2510.45,800,91.5,-5.9,10111111,2509.84,800,23.5,3.09,377.4,2510.15,-0.8,0.0, , 
,2511.33,768,91.5,-5.9,10111111,2510.75,800,25.1,3.09,377.4,2511.05,-0.8,0.0, , 
,2512.23,768,91.5,-5.5,10111111,2511.62,768,25.1,3.09,377.4,2511.93,-0.8,0.0, , 
,2513.14,768,91.5,-5.5,10111111,2512.53,768,23.5,3.09,377.4,2512.83,-0.8,0.0, , 
,2514.03,768,91.5,-5.5,10111111,2513.43,800,23.5,3.09,377.4,2513.73,-0.8,0.0, , 
,2514.93,768,90.0,-5.5,10111111,2514.34,800,25.1,3.09,377.4,2514.64,-0.8,0.0, , 
,2515.84,800,91.5,-5.1,10111111,2515.23,800,25.1,3.09,377.4,2515.55,-0.8,0.0, , 
,2516.76,800,91.5,-4.7,10111111,2516.15,800,25.1,3.09,377.4,2516.46,-0.8,0.0, , 
,2517.67,800,91.5,-4.3,10111111,2517.07,800,25.1,3.09,377.4,2517.37,-0.8,0.0, , 
,2518.60,768,90.0,-4.3,10111111,2517.98,800,25.1,3.09,377.4,2518.29,-0.8,0.0, , 
,2519.49,768,91.5,-4.3,10111111,2518.88,800,25.1,3.09,377.4,2519.19,-0.8,0.0, , 
,2520.38,768,91.5,-4.7,10111111,2519.78,768,25.1,3.09,377.4,2520.09,-0.8,0.0, , 
,2521.22,800,91.5,-4.7,10111111,2520.66,768,25.1,3.09,377.4,2520.94,-0.8,0.0, , 
,2522.11,768,91.5,-4.7,10111111,2521.51,800,25.1,3.09,377.4,2521.81,-0.8,0.0, , 
,2523.00,768,91.5,-5.1,10111111,2522.41,800,25.1,3.09,377.4,2522.70,-0.8,0.0, , 
,2523.87,800,91.5,-5.1,10111111,2523.29,768,25.1,3.09,377.4,2523.58,-0.8,0.0, , 
,2524.76,800,91.5,-4.7,10111111,2524.18,800,25.1,3.09,377.4,2524.47,-0.8,0.0, , 
,2525.67,800,91.5,-3.9,10111111,2525.07,800,25.1,3.09,377.4,2525.38,-0.8,0.0, , 
,2526.56,800,91.5,-4.3,10111111,2525.97,800,25.1,3.09,377.4,2526.26,-0.8,0.0, , 
,2527.46,800,91.5,-4.7,10111111,2526.86,800,25.1,3.09,377.4,2527.17,-0.8,0.0, , 
,2528.36,800,91.5,-4.7,10111111,2527.76,768,23.5,3.09,377.4,2528.06,-0.8,0.0, , 
,2529.26,768,91.5,-5.1,10111111,2528.66,800,25.1,3.09,377.4,2528.96,-0.8,0.0, , 
,2530.15,800,91.5,-5.1,10111111,2529.56,768,25.1,3.09,377.4,2529.86,-0.8,0.0, , 
,2531.06,800,91.5,-5.1,10111111,2530.46,800,25.1,3.09,377.4,2530.76,-0.8,0.0, , 
,2531.96,800,91.5,-4.7,10111111,2531.36,800,25.1,3.09,377.4,2531.65,-0.8,0.0, , 
