Pi¹tek,04,Wrzesieñ,2026,06:46:07:00009-VCID:1C3761778CABCE7337-515A,Wersja VCDS: AKP 23.3.1,Wersja danych: 20230601 DS346.2
047 906 033 L,,1.4l SIMOS3PA   00HS5401,

,Grupa A:,'001,,,,Grupa B:,'002,,,,Grupa C:,'032
,,Obroty silnika,Temperatura,Lambda,Bity binarnie,,Obroty silnika,Obci¹¿enie,Czas wtrysku,Ciœnienie rzecz.,,Lambda,Lambda, , 
,CZAS,,,,,CZAS,,,,,CZAS,,,,
Znacznik,ZAPISU, /min,*C, %,,ZAPISU, /min, %, ms, mbar,ZAPISU, %, %,,
,0.72,1984,82.5,7.0,11101001,0.01,1952,44.3,7.21,550.8,0.36,0.0,7.0, , 
,1.77,2016,82.5,5.9,11101001,1.08,2016,44.3,7.21,550.8,1.43,0.0,7.0, , 
,2.83,2048,82.5,3.9,11101001,2.12,2016,42.7,6.18,520.2,2.48,0.0,7.0, , 
,3.88,2080,82.5,2.3,11101001,3.19,2048,36.9,5.15,459.0,3.54,0.0,7.0, , 
,4.92,2080,82.5,1.2,11101001,4.23,2080,38.4,5.15,459.0,4.58,0.0,7.0, , 
,5.93,2080,82.5,0.8,11101001,5.26,2080,40.0,6.18,479.4,5.60,0.0,7.0, , 
,6.97,2112,84.0,0.8,11101001,6.27,2080,40.0,5.15,479.4,6.63,0.0,7.0, , 
,8.01,2112,82.5,0.8,11101001,7.33,2112,40.0,5.15,479.4,7.67,0.0,7.0, , 
,9.05,2112,84.0,1.2,11101001,8.36,2112,40.0,5.15,479.4,8.71,0.0,7.0, , 
,10.06,2112,84.0,0.4,11101001,9.39,2112,40.0,6.18,479.4,9.74,0.0,7.0, , 
,11.06,2112,84.0,0.4,11101001,10.40,2112,38.4,5.15,459.0,10.74,0.0,7.0, , 
,12.10,2080,84.0,0.4,11101001,11.42,2112,38.4,5.15,459.0,11.76,0.0,7.0, , 
,13.12,2112,84.0,-0.4,11101001,12.44,2112,38.4,5.15,459.0,12.78,0.0,7.0, , 
,14.17,2112,84.0,-0.4,11101001,13.47,2080,38.4,5.15,459.0,13.83,0.0,7.0, , 
,15.22,2080,84.0,2.7,11101001,14.52,2080,41.2,6.18,499.8,14.88,0.0,7.0, , 
,16.27,2112,84.0,3.5,11101001,15.58,2112,42.7,6.18,499.8,15.92,0.0,7.0, , 
,17.32,2080,84.0,3.9,11101001,16.63,2112,42.7,6.18,499.8,16.98,0.0,7.0, , 
,18.32,2080,84.0,2.3,11101001,17.65,2112,40.0,6.18,479.4,17.98,0.0,7.0, , 
,19.36,2112,84.0,2.7,11101001,18.67,2080,41.2,6.18,499.8,19.02,0.0,7.0, , 
,20.38,2080,84.0,4.3,11101001,19.70,2112,42.7,6.18,499.8,20.04,0.0,7.0, , 
,21.40,2112,84.0,4.3,11101001,20.72,2112,47.1,7.21,550.8,21.06,0.0,7.0, , 
,22.44,2112,84.0,3.9,11101001,21.75,2112,47.1,7.21,550.8,22.10,0.0,7.0, , 
,23.45,2112,84.0,3.5,11101001,22.77,2112,45.9,7.21,550.8,23.11,0.0,7.0, , 
,24.51,2144,84.0,3.1,11101001,23.80,2144,45.9,6.18,550.8,24.15,0.0,7.0, , 
,25.54,2112,84.0,2.3,11101001,24.85,2144,48.6,7.21,571.2,25.20,0.0,7.0, , 
,26.57,2112,84.0,2.7,11101001,25.90,2112,51.8,7.21,612.0,26.22,0.0,7.0, , 
,27.61,2144,84.0,2.7,11101001,26.92,2112,53.3,8.24,612.0,27.27,0.0,7.0, , 
,28.61,2144,84.0,5.5,11101001,27.94,2144,53.3,8.24,632.4,28.28,0.0,7.0, , 
,29.65,2144,84.0,8.2,11101001,28.97,2144,57.6,9.27,652.8,29.31,0.0,7.0, , 
,30.69,2176,84.0,8.2,11101001,30.00,2144,59.2,9.27,673.2,30.34,0.0,7.0, , 
,31.66,2176,84.0,8.6,11101001,31.01,2176,59.2,9.27,673.2,31.33,0.0,7.0, , 
,32.68,2176,84.0,9.8,11101001,31.99,2176,59.2,9.27,673.2,32.33,0.0,7.0, , 
,33.70,2208,84.0,7.0,11101001,33.00,2176,67.8,11.33,754.8,33.34,0.0,7.0, , 
,34.71,2208,84.0,7.0,11101001,34.05,2208,72.2,12.36,795.6,34.38,0.0,7.0, , 
,35.70,2272,84.0,5.9,11101001,35.04,2208,72.2,12.36,795.6,35.37,0.0,7.0, , 
,36.73,2272,84.0,5.5,11101001,36.05,2272,71.0,11.33,795.6,36.39,0.0,7.0, , 
,37.71,2304,84.0,0.0,11101001,37.06,2304,71.0,11.33,775.2,37.40,0.0,7.0, , 
,38.69,2272,84.0,0.4,11101001,38.04,2304,48.6,7.21,571.2,38.36,0.0,7.0, , 
,39.67,2240,84.0,0.0,11101001,39.02,2240,48.6,7.21,571.2,39.33,0.0,7.0, , 
,40.69,2208,84.0,1.6,11101001,40.02,2208,51.8,7.21,612.0,40.34,0.0,7.0, , 
,41.72,2176,84.0,4.7,11101001,41.02,2176,56.1,8.24,652.8,41.36,0.0,7.0, , 
,42.69,2176,84.0,6.3,11101001,42.04,2176,57.6,9.27,652.8,42.36,0.0,7.0, , 
,43.70,2144,84.0,6.3,11101001,43.02,2176,57.6,9.27,652.8,43.35,0.0,7.0, , 
,44.76,2144,84.0,5.1,11101001,44.06,2144,57.6,9.27,652.8,44.42,0.0,7.0, , 
,45.77,2176,84.0,5.1,11101001,45.09,2144,57.6,9.27,652.8,45.44,0.0,7.0, , 
,46.80,2176,85.5,5.1,11101001,46.11,2176,57.6,8.24,652.8,46.46,0.0,7.0, , 
,47.81,2176,84.0,5.5,11101001,47.13,2176,56.1,9.27,652.8,47.47,0.0,7.0, , 
,48.86,2208,85.5,5.1,11101001,48.17,2176,57.6,9.27,652.8,48.51,0.0,7.0, , 
,49.90,2240,85.5,5.1,11101001,49.21,2208,57.6,9.27,652.8,49.56,0.0,7.0, , 
,50.90,2240,85.5,5.9,11101001,50.22,2240,57.6,9.27,652.8,50.56,0.0,7.0, , 
,51.89,2272,85.5,7.0,11101001,51.23,2240,56.1,9.27,652.8,51.55,0.0,7.0, , 
,52.90,2272,85.5,5.1,11101001,52.23,2272,56.1,9.27,632.4,52.57,0.0,7.0, , 
,53.93,2272,85.5,5.1,11101001,53.23,2272,56.1,8.24,632.4,53.58,0.0,7.0, , 
,54.93,2304,85.5,4.7,11101001,54.27,2304,56.1,9.27,632.4,54.60,0.0,7.0, , 
,55.95,2336,85.5,5.1,11101001,55.26,2304,56.1,9.27,632.4,55.61,0.0,7.0, , 
,56.95,2336,85.5,5.5,11101001,56.30,2336,56.1,8.24,632.4,56.62,0.0,7.0, , 
,58.00,2368,85.5,2.7,11101001,57.28,2368,53.3,8.24,612.0,57.65,0.0,7.0, , 
,59.03,2336,85.5,0.4,11101001,58.34,2336,41.2,6.18,499.8,58.70,0.0,7.0, , 
,60.02,2336,85.5,-2.0,11101001,59.36,2336,42.7,6.18,499.8,59.69,0.0,7.0, , 
,61.03,2304,85.5,-3.5,11101001,60.36,2336,41.2,6.18,499.8,60.69,0.0,7.0, , 
,62.03,2304,85.5,-3.1,11101001,61.38,2304,42.7,6.18,499.8,61.71,0.0,7.0, , 
,63.04,2272,85.5,-2.0,11101001,62.38,2272,42.7,6.18,520.2,62.71,0.0,7.0, , 
,64.04,2240,85.5,-0.4,11101001,63.38,2272,44.3,6.18,520.2,63.71,0.0,7.0, , 
,65.06,2240,85.5,1.6,11101001,64.37,2272,44.3,6.18,520.2,64.72,0.0,7.0, , 
,66.12,2208,85.5,0.8,11101001,65.42,2240,44.3,6.18,520.2,65.77,0.0,7.0, , 
,67.18,2208,85.5,2.3,11101001,66.48,2208,44.3,6.18,520.2,66.83,0.0,7.0, , 
,68.19,2208,85.5,1.2,11101001,67.50,2208,45.9,6.18,550.8,67.86,0.0,7.0, , 
,69.21,2208,85.5,0.4,11101001,68.52,2208,44.3,6.18,520.2,68.87,0.0,7.0, , 
,70.23,2176,85.5,0.0,11101001,69.55,2208,42.7,6.18,499.8,69.89,0.0,7.0, , 
,71.29,2208,85.5,1.6,11101001,70.58,2176,44.3,6.18,520.2,70.94,0.0,7.0, , 
,72.30,2240,85.5,0.4,11101001,71.61,2208,48.6,7.21,571.2,71.95,0.0,7.0, , 
,73.31,2240,85.5,-0.4,11101001,72.65,2208,48.6,7.21,571.2,72.97,0.0,7.0, , 
,74.31,2272,85.5,0.8,11101001,73.64,2240,51.8,7.21,591.6,73.97,0.0,7.0, , 
,75.35,2336,85.5,2.0,11101001,74.65,2304,51.8,7.21,612.0,75.00,0.0,7.0, , 
,76.34,2368,85.5,3.1,11101001,75.69,2336,51.8,8.24,591.6,76.02,0.0,7.0, , 
,77.42,2432,85.5,3.9,11101001,76.71,2368,48.6,7.21,571.2,77.06,0.0,7.0, , 
,78.46,2432,85.5,2.7,11101001,77.76,2432,41.2,6.18,499.8,78.11,0.0,7.0, , 
,79.49,2496,85.5,3.5,11101001,78.78,2464,42.7,6.18,499.8,79.14,0.0,7.0, , 
,80.51,2528,85.5,2.7,11101001,79.83,2496,44.3,6.18,499.8,80.18,0.0,7.0, , 
,81.55,2656,85.5,4.3,11101001,80.84,2560,66.3,10.30,734.4,81.20,0.0,7.0, , 
,82.58,2624,85.5,0.0,11111101,81.88,2688,69.4,11.33,754.8,82.24,0.0,7.0, , 
,83.58,1152,85.5,0.0,11111111,82.92,2144,0.0,0.00,295.8,83.28,0.0,7.0, , 
,84.58,1952,85.5,0.0,11111111,83.90,1152,26.7,4.12,377.4,84.23,0.0,7.0, , 
,85.68,1920,85.5,0.0,11101011,84.95,1920,0.0,0.00,275.4,85.32,0.0,7.0, , 
,86.73,1888,85.5,-7.0,11101011,86.01,1888,19.2,3.09,295.8,86.36,0.0,7.0, , 
,87.81,1920,85.5,-4.3,11101011,87.10,1888,40.0,5.15,479.4,87.46,0.0,7.0, , 
,88.94,1952,85.5,-1.6,11101011,88.17,1920,44.3,6.18,550.8,88.56,0.0,7.0, , 
,90.04,1952,85.5,0.0,11101011,89.31,1952,38.4,5.15,479.4,89.67,0.0,7.0, , 
,91.13,1952,85.5,-12.5,11101011,90.40,1952,22.0,3.09,316.2,90.77,0.0,7.0, , 
,92.20,1984,85.5,-9.8,11101011,91.48,1952,34.1,4.12,438.6,91.84,0.0,7.0, , 
,93.28,1984,85.5,-6.3,11101001,92.56,1984,35.3,4.12,438.6,92.92,0.0,7.0, , 
,94.32,2048,85.5,-2.3,11101001,93.63,2016,34.1,4.12,438.6,93.97,0.0,7.0, , 
,95.37,2048,85.5,0.0,11101001,94.67,2048,35.3,4.12,438.6,95.02,0.0,7.0, , 
,96.44,2080,85.5,1.2,11101001,95.73,2048,35.3,5.15,438.6,96.06,0.0,7.0, , 
,97.50,2080,85.5,-0.4,11101001,96.78,2080,34.1,4.12,418.2,97.14,0.0,7.0, , 
,98.54,2080,85.5,-13.7,11101001,97.85,2080,22.0,3.09,316.2,98.19,0.0,7.0, , 
,99.58,2048,85.5,-27.3,11101001,98.88,2048,14.9,2.06,244.8,99.22,0.0,7.0, , 
,100.65,2016,85.5,-26.2,11101001,99.94,2048,14.9,1.03,244.8,100.30,0.0,7.0, , 
,101.71,2016,85.5,-23.0,11101001,100.99,2016,23.5,2.06,316.2,101.34,0.0,7.0, , 
,102.77,1984,85.5,-21.9,11101001,102.05,2016,22.0,2.06,316.2,102.41,0.0,7.0, , 
,103.83,1984,85.5,-18.4,11101001,103.13,1984,23.5,2.06,316.2,103.49,0.0,7.0, , 
,104.89,1984,85.5,-14.1,11101011,104.18,1984,29.4,3.09,377.4,104.52,0.0,7.0, , 
,105.97,1984,85.5,-8.6,11101011,105.25,1984,29.4,4.12,377.4,105.61,0.0,7.0, , 
,107.08,1952,85.5,-3.5,11101011,106.34,1984,34.1,4.12,418.2,106.71,0.0,7.0, , 
,108.17,1952,85.5,-2.0,11101011,107.44,1984,34.1,4.12,418.2,107.80,0.0,7.0, , 
,109.26,1952,85.5,-1.2,11101011,108.53,1952,34.1,5.15,438.6,108.89,0.0,7.0, , 
,110.33,1952,84.0,2.0,11101011,109.61,1952,35.3,5.15,438.6,109.98,0.0,7.0, , 
,111.42,1952,84.0,-2.0,11101011,110.69,1952,47.1,7.21,571.2,111.06,0.0,7.0, , 
,112.50,1984,84.0,4.7,11101001,111.78,1984,59.2,9.27,673.2,112.14,0.0,7.0, , 
,113.58,2016,84.0,6.3,11101001,112.85,2016,57.6,9.27,673.2,113.21,0.0,7.0, , 
,114.62,2048,84.0,7.4,11101001,113.93,2016,56.1,9.27,652.8,114.27,0.0,7.0, , 
,115.69,2048,84.0,5.1,11101001,114.98,2048,56.1,9.27,652.8,115.34,0.0,7.0, , 
,116.75,2080,84.0,2.0,11101001,116.05,2080,48.6,7.21,571.2,116.39,0.0,7.0, , 
,117.80,2080,84.0,-3.1,11101001,117.09,2080,42.7,6.18,499.8,117.45,0.0,7.0, , 
,118.86,2080,84.0,-9.8,11101001,118.15,2080,25.1,3.09,336.6,118.51,0.0,7.0, , 
,119.91,2080,84.0,-0.4,11101001,119.21,2080,36.9,5.15,459.0,119.55,0.0,7.0, , 
,120.94,2112,84.0,0.4,11101001,120.26,2080,38.4,5.15,459.0,120.59,0.0,7.0, , 
,122.00,2112,84.0,2.7,11101001,121.30,2112,40.0,5.15,479.4,121.64,0.0,7.0, , 
,123.03,2144,84.0,4.3,11101001,122.35,2112,40.0,5.15,479.4,122.70,0.0,7.0, , 
,124.08,2176,84.0,5.9,11101001,123.39,2144,40.0,6.18,479.4,123.74,0.0,7.0, , 
,125.13,2176,84.0,5.9,11101001,124.42,2176,40.0,5.15,479.4,124.78,0.0,7.0, , 
,126.14,2208,84.0,0.0,11101001,125.46,2176,38.4,5.15,479.4,125.80,0.0,7.0, , 
,127.18,2208,84.0,0.8,11101001,126.49,2208,40.0,6.18,479.4,126.83,0.0,7.0, , 
,128.17,2240,84.0,2.0,11101001,127.51,2208,40.0,6.18,479.4,127.83,0.0,7.0, , 
,129.18,2272,84.0,3.1,11101001,128.51,2240,45.9,6.18,520.2,128.84,0.0,7.0, , 
,130.20,2304,84.0,7.4,11101001,129.51,2272,53.3,8.24,612.0,129.84,0.0,7.0, , 
,131.19,2368,84.0,8.6,11101001,130.53,2304,60.4,10.30,673.2,130.86,0.0,7.0, , 
,132.23,2432,84.0,7.4,11101001,131.54,2368,69.4,11.33,754.8,131.88,0.0,7.0, , 
,133.23,2496,84.0,10.5,11101001,132.57,2464,73.7,13.39,826.2,132.90,0.0,7.0, , 
,134.24,2592,84.0,9.8,11101001,133.56,2528,73.7,13.39,795.6,133.91,0.0,7.0, , 
,135.26,2656,82.5,10.2,11101001,134.59,2592,72.2,12.36,795.6,134.92,0.0,7.0, , 
,136.32,2720,82.5,9.0,11101001,135.62,2656,71.0,12.36,775.2,135.95,0.0,7.0, , 
,137.35,1888,82.5,0.0,11111111,136.65,2752,67.8,11.33,754.8,136.99,0.0,7.0, , 
,138.43,2144,82.5,0.0,11101001,137.71,1376,23.5,4.12,336.6,138.06,0.0,7.0, , 
,139.45,2080,82.5,0.0,11101001,138.78,2080,34.1,5.15,418.2,139.12,0.0,7.0, , 
,140.49,2080,82.5,-3.1,11101001,139.80,2080,47.1,6.18,571.2,140.14,0.0,7.0, , 
,141.53,2080,82.5,-7.4,11101001,140.85,2080,41.2,6.18,499.8,141.19,0.0,7.0, , 
,142.60,2112,82.5,-6.3,11101001,141.89,2080,66.3,9.27,754.8,142.23,0.0,7.0, , 
,143.60,2144,82.5,-3.5,11101001,142.93,2112,73.7,11.33,826.2,143.27,0.0,7.0, , 
,144.61,2176,84.0,2.0,11101001,143.92,2144,73.7,12.36,826.2,144.27,0.0,7.0, , 
,145.62,2208,82.5,6.3,11101001,144.96,2176,67.8,11.33,754.8,145.29,0.0,7.0, , 
,146.59,2240,82.5,8.2,11101001,145.93,2208,67.8,11.33,754.8,146.26,0.0,7.0, , 
,147.61,2304,82.5,9.4,11101001,146.93,2272,66.3,11.33,734.4,147.27,0.0,7.0, , 
,148.60,2336,82.5,10.5,11101001,147.94,2336,65.1,11.33,734.4,148.27,0.0,7.0, , 
,149.65,2400,82.5,9.0,11101001,148.93,2368,60.4,10.30,693.6,149.29,0.0,7.0, , 
,150.67,2432,82.5,8.2,11101001,149.99,2432,66.3,11.33,734.4,150.32,0.0,7.0, , 
,151.74,2496,82.5,8.6,11101001,151.03,2464,60.4,10.30,693.6,151.39,0.0,7.0, , 
,152.74,2528,82.5,8.2,11101001,152.07,2496,60.4,10.30,673.2,152.41,0.0,7.0, , 
,153.74,2560,82.5,5.9,11101001,153.07,2528,57.6,9.27,652.8,153.41,0.0,7.0, , 
,154.79,2560,82.5,-1.2,11101001,154.09,2560,41.2,6.18,479.4,154.44,0.0,7.0, , 
,155.79,2560,82.5,-5.9,11101001,155.11,2560,29.4,4.12,377.4,155.45,0.0,7.0, , 
,156.77,2560,82.5,-8.6,11101001,156.10,2560,29.4,4.12,377.4,156.44,0.0,7.0, , 
,157.82,2528,82.5,-10.5,11101001,157.13,2528,29.4,4.12,377.4,157.48,0.0,7.0, , 
,158.81,2528,82.5,-10.5,11101001,158.14,2528,29.4,4.12,377.4,158.48,0.0,7.0, , 
,159.84,2528,82.5,-5.9,11101001,159.18,2528,45.9,6.18,520.2,159.51,0.0,7.0, , 
,160.89,2528,82.5,2.0,11101001,160.19,2528,48.6,7.21,571.2,160.54,0.0,7.0, , 
,161.90,2528,82.5,7.0,11101001,161.24,2560,53.3,8.24,612.0,161.57,0.0,7.0, , 
,162.96,2560,82.5,10.9,11101001,162.24,2560,54.5,8.24,612.0,162.59,0.0,7.0, , 
,164.03,2560,82.5,12.5,11101001,163.31,2560,54.5,9.27,612.0,163.67,0.0,7.0, , 
,165.03,2592,82.5,12.9,11101001,164.37,2592,53.3,9.27,612.0,164.71,0.0,7.0, , 
,166.05,2592,82.5,10.2,11101001,165.39,2592,53.3,9.27,612.0,165.71,0.0,7.0, , 
,167.08,2624,82.5,9.0,11101001,166.41,2592,53.3,8.24,612.0,166.74,0.0,7.0, , 
,168.08,2592,82.5,9.4,11101001,167.43,2592,53.3,9.27,612.0,167.75,0.0,7.0, , 
,169.10,2592,82.5,6.6,11101001,168.42,2592,56.1,9.27,632.4,168.77,0.0,7.0, , 
,170.14,2592,82.5,5.5,11101001,169.45,2592,56.1,9.27,632.4,169.80,0.0,7.0, , 
,171.14,2592,82.5,5.1,11101001,170.48,2592,56.1,9.27,632.4,170.82,0.0,7.0, , 
,172.16,2592,82.5,5.1,11101001,171.48,2592,56.1,9.27,632.4,171.82,0.0,7.0, , 
,173.18,2560,82.5,5.5,11101001,172.50,2560,57.6,9.27,652.8,172.84,0.0,7.0, , 
,174.22,2592,82.5,5.5,11101001,173.52,2560,57.6,9.27,652.8,173.87,0.0,7.0, , 
,175.23,2592,82.5,7.8,11101001,174.57,2560,63.5,11.33,714.0,174.91,0.0,7.0, , 
,176.30,2592,82.5,9.4,11101001,175.59,2592,63.5,11.33,714.0,175.95,0.0,7.0, , 
,177.33,2592,82.5,9.0,11101001,176.64,2592,63.5,11.33,714.0,176.99,0.0,7.0, , 
,178.31,2592,82.5,7.8,11101001,177.65,2592,62.0,10.30,693.6,177.96,0.0,7.0, , 
,179.29,2592,82.5,7.0,11101001,178.62,2592,60.4,10.30,673.2,178.94,0.0,7.0, , 
,180.31,2560,82.5,7.4,11101001,179.61,2560,59.2,9.27,652.8,179.95,0.0,7.0, , 
,181.36,2560,82.5,6.6,11101001,180.64,2592,57.6,9.27,652.8,181.00,0.0,7.0, , 
,182.40,2560,82.5,4.7,11101001,181.72,2560,51.8,8.24,591.6,182.06,0.0,7.0, , 
,183.41,2560,82.5,3.5,11101001,182.74,2560,51.8,8.24,591.6,183.06,0.0,7.0, , 
,184.46,2560,82.5,1.2,11101001,183.76,2560,48.6,7.21,550.8,184.11,0.0,7.0, , 
,185.48,2560,82.5,-0.8,11101001,184.79,2560,45.9,7.21,550.8,185.14,0.0,7.0, , 
,186.50,2528,82.5,-3.1,11101001,185.81,2560,38.4,6.18,459.0,186.16,0.0,7.0, , 
,187.56,2528,82.5,-4.7,11101001,186.85,2528,38.4,5.15,459.0,187.21,0.0,7.0, , 
,188.61,2528,82.5,-6.6,11101001,187.91,2528,38.4,5.15,459.0,188.24,0.0,7.0, , 
,189.62,2496,82.5,-7.4,11101001,188.95,2528,34.1,5.15,418.2,189.30,0.0,7.0, , 
,190.65,2496,82.5,-3.9,11101001,189.96,2496,34.1,5.15,418.2,190.31,0.0,7.0, , 
,191.66,2496,82.5,-3.1,11101001,190.97,2496,38.4,5.15,459.0,191.32,0.0,7.0, , 
,192.72,2496,82.5,-0.4,11101001,192.02,2496,36.9,5.15,438.6,192.36,0.0,7.0, , 
,193.78,2464,82.5,0.8,11101001,193.07,2464,35.3,5.15,438.6,193.42,0.0,7.0, , 
,194.77,2464,82.5,-7.4,11111101,194.11,2464,20.8,3.09,295.8,194.44,0.0,7.0, , 
,195.76,2400,82.5,0.0,11111101,195.09,2432,0.0,0.00,244.8,195.41,0.0,7.0, , 
,196.76,2336,82.5,0.0,11111101,196.10,2368,0.0,0.00,244.8,196.43,0.0,7.0, , 
,197.74,2272,82.5,0.0,11111101,197.10,2336,0.0,0.00,244.8,197.43,0.0,7.0, , 
,198.73,2208,82.5,0.0,11111101,198.07,2272,0.0,0.00,244.8,198.40,0.0,7.0, , 
,199.75,2144,82.5,0.0,11101001,199.07,2208,0.0,0.00,244.8,199.41,0.0,7.0, , 
,200.78,2144,82.5,0.0,11101001,200.11,2144,16.1,3.09,244.8,200.45,0.0,7.0, , 
,201.82,2144,82.5,1.2,11101001,201.13,2112,48.6,7.21,571.2,201.48,0.0,7.0, , 
,202.81,2144,82.5,0.0,11101001,202.15,2144,71.0,11.33,795.6,202.47,0.0,7.0, , 
,203.83,2176,82.5,0.8,11101001,203.16,2176,78.4,12.36,867.0,203.50,0.0,7.0, , 
,204.85,2240,82.5,-0.8,11101001,204.17,2208,82.7,13.39,907.8,204.51,0.0,7.0, , 
,205.87,2272,82.5,-0.8,11101001,205.19,2240,85.5,14.42,928.2,205.53,0.0,7.0, , 
,206.86,2304,82.5,-0.4,11101001,206.20,2272,85.5,14.42,928.2,206.53,0.0,7.0, , 
,207.84,2336,82.5,0.0,11101001,207.19,2304,85.5,14.42,928.2,207.51,0.0,7.0, , 
,208.89,2368,82.5,2.0,11101001,208.21,2336,84.3,14.42,907.8,208.56,0.0,7.0, , 
,209.87,2400,82.5,1.2,11101001,209.21,2400,72.2,11.33,795.6,209.54,0.0,7.0, , 
,210.87,2432,82.5,6.3,11101001,210.19,2400,71.0,11.33,775.2,210.53,0.0,7.0, , 
,211.91,2432,82.5,10.5,11101001,211.21,2432,69.4,11.33,754.8,211.53,0.0,7.0, , 
,212.94,2464,82.5,14.1,11101001,212.27,2432,66.3,11.33,734.4,212.60,0.0,7.0, , 
,214.00,2464,82.5,14.8,11101001,213.30,2464,65.1,11.33,734.4,213.65,0.0,7.0, , 
,215.03,2496,82.5,14.5,11101001,214.36,2496,66.3,11.33,734.4,214.71,0.0,7.0, , 
,216.06,2496,82.5,12.9,11101001,215.36,2496,65.1,11.33,714.0,215.72,0.0,7.0, , 
,217.09,2528,82.5,12.1,11101001,216.38,2496,65.1,11.33,714.0,216.75,0.0,7.0, , 
,218.18,2528,82.5,11.7,11101001,217.47,2528,65.1,11.33,714.0,217.81,0.0,7.0, , 
,219.20,2560,82.5,10.2,11101001,218.51,2560,63.5,11.33,714.0,218.84,0.0,7.0, , 
,220.24,2592,82.5,10.2,11101001,219.56,2560,63.5,11.33,714.0,219.92,0.0,7.0, , 
,221.25,2592,82.5,10.2,11101001,220.59,2592,63.5,11.33,714.0,220.92,0.0,7.0, , 
,222.29,2624,82.5,10.2,11101001,221.61,2592,62.0,11.33,693.6,221.95,0.0,7.0, , 
,223.28,2624,82.5,9.0,11101001,222.61,2624,57.6,9.27,652.8,222.95,0.0,7.0, , 
,224.28,2624,82.5,0.0,11111101,223.62,2656,45.9,5.15,550.8,223.95,0.0,7.0, , 
,225.29,2560,82.5,0.0,11101001,224.61,2624,0.0,0.00,275.4,224.95,0.0,7.0, , 
,226.31,2560,82.5,-0.4,11101001,225.63,2528,32.5,5.15,397.8,225.98,0.0,7.0, , 
,227.32,2560,82.5,-1.6,11101001,226.64,2560,36.9,5.15,438.6,226.98,0.0,7.0, , 
,228.35,2528,82.5,-5.9,11101001,227.66,2528,40.0,6.18,459.0,228.00,0.0,7.0, , 
,229.38,2528,82.5,-3.5,11101001,228.69,2528,47.1,6.18,550.8,229.03,0.0,7.0, , 
,230.40,2528,82.5,0.4,11101001,229.73,2528,48.6,7.21,571.2,230.07,0.0,7.0, , 
,231.44,2528,82.5,2.3,11101001,230.74,2528,48.6,7.21,571.2,231.10,0.0,7.0, , 
,232.45,2528,82.5,3.1,11101001,231.78,2528,47.1,7.21,550.8,232.12,0.0,7.0, , 
,233.50,2528,82.5,0.8,11101001,232.82,2528,40.0,6.18,479.4,233.15,0.0,7.0, , 
,234.57,2528,82.5,-1.6,11101001,233.88,2528,36.9,5.15,438.6,234.22,0.0,7.0, , 
,235.60,2528,82.5,-2.7,11101001,234.90,2528,36.9,5.15,438.6,235.25,0.0,7.0, , 
,236.61,2496,82.5,0.0,11111101,235.96,2528,22.0,3.09,295.8,236.30,0.0,7.0, , 
,237.60,2464,82.5,0.0,11111101,236.94,2496,0.0,0.00,244.8,237.25,0.0,7.0, , 
,238.63,2432,82.5,0.0,11111101,237.95,2464,0.0,0.00,244.8,238.30,0.0,7.0, , 
,239.59,2400,82.5,0.0,11101001,238.94,2400,0.0,0.00,244.8,239.27,0.0,7.0, , 
,240.61,2368,82.5,0.0,11101001,239.91,2368,19.2,3.09,275.4,240.24,0.0,7.0, , 
,241.64,2400,82.5,0.8,11101001,240.96,2400,60.4,10.30,673.2,241.30,0.0,7.0, , 
,242.66,2464,82.5,3.5,11101001,241.98,2432,66.3,10.30,734.4,242.32,0.0,7.0, , 
,243.72,2496,82.5,4.7,11101001,243.02,2464,75.3,12.36,826.2,243.36,0.0,7.0, , 
,244.75,2496,82.5,7.4,11101001,244.08,2496,75.3,12.36,826.2,244.40,0.0,7.0, , 
,245.79,2496,82.5,6.3,11101001,245.08,2496,75.3,13.39,826.2,245.44,0.0,7.0, , 
,246.81,2528,82.5,8.2,11101001,246.13,2528,73.7,13.39,826.2,246.47,0.0,7.0, , 
,247.84,2528,82.5,9.4,11101001,247.15,2528,73.7,13.39,826.2,247.50,0.0,7.0, , 
,248.90,2496,82.5,9.8,11101001,248.20,2528,65.1,11.33,714.0,248.56,0.0,7.0, , 
,249.91,2496,82.5,9.0,11101001,249.22,2496,62.0,11.33,693.6,249.56,0.0,7.0, , 
,250.92,2496,82.5,9.8,11101001,250.26,2496,66.3,11.33,734.4,250.59,0.0,7.0, , 
,251.96,2432,82.5,-0.8,11101001,251.27,2464,48.6,6.18,571.2,251.62,0.0,7.0, , 
,252.96,2400,82.5,-3.9,11101001,252.29,2432,34.1,5.15,418.2,252.62,0.0,7.0, , 
,254.00,2368,82.5,-4.3,11101001,253.33,2400,36.9,5.15,438.6,253.68,0.0,7.0, , 
,255.04,2368,82.5,0.8,11101001,254.33,2368,45.9,7.21,520.2,254.67,0.0,7.0, , 
,256.09,2368,82.5,5.1,11101001,255.38,2368,50.2,7.21,591.6,255.74,0.0,7.0, , 
,257.12,2368,82.5,8.2,11101001,256.44,2368,53.3,8.24,612.0,256.78,0.0,7.0, , 
,258.13,2368,82.5,11.3,11101001,257.46,2368,53.3,8.24,612.0,257.80,0.0,7.0, , 
,259.17,2368,82.5,12.1,11101001,258.48,2368,53.3,9.27,612.0,258.83,0.0,7.0, , 
,260.23,2368,82.5,12.1,11101001,259.51,2368,51.8,8.24,591.6,259.88,0.0,7.0, , 
,261.31,2368,82.5,12.5,11101001,260.60,2400,51.8,9.27,591.6,260.97,0.0,7.0, , 
,262.34,2400,82.5,9.4,11101001,261.63,2400,51.8,8.24,591.6,261.98,0.0,7.0, , 
,263.36,2400,82.5,9.0,11101001,262.65,2400,51.8,9.27,591.6,263.03,0.0,7.0, , 
,264.41,2400,82.5,9.0,11101001,263.69,2400,51.8,8.24,591.6,264.05,0.0,7.0, , 
,265.41,2400,82.5,7.4,11101001,264.74,2400,53.3,8.24,612.0,265.09,0.0,7.0, , 
,266.44,2432,82.5,1.6,11101001,265.77,2400,63.5,10.30,714.0,266.10,0.0,7.0, , 
,267.49,2464,82.5,-1.2,11101001,266.79,2432,69.4,11.33,754.8,267.15,0.0,7.0, , 
,268.53,2496,82.5,-2.0,11101001,267.84,2464,85.5,14.42,928.2,268.20,0.0,7.0, , 
,269.53,2528,82.5,-2.3,11101001,268.87,2496,87.1,14.42,928.2,269.19,0.0,7.0, , 
,270.58,2560,82.5,-2.7,11101001,269.89,2560,87.1,14.42,928.2,270.25,0.0,7.0, , 
,271.58,2624,82.5,-2.0,11101001,270.92,2592,87.1,14.42,948.6,271.25,0.0,7.0, , 
,272.61,2656,82.5,-1.6,11101001,271.91,2624,85.5,14.42,928.2,272.26,0.0,7.0, , 
,273.63,2688,82.5,1.6,11101001,272.96,2688,81.2,13.39,887.4,273.30,0.0,7.0, , 
,274.67,2720,82.5,6.3,11101001,273.98,2688,73.7,12.36,795.6,274.32,0.0,7.0, , 
,275.72,2752,82.5,9.0,11101001,275.01,2720,72.2,12.36,795.6,275.35,0.0,7.0, , 
,276.73,2752,82.5,11.3,11101001,276.07,2752,65.1,11.33,714.0,276.40,0.0,7.0, , 
,277.75,2752,82.5,0.0,11101001,277.06,2752,54.5,9.27,632.4,277.42,0.0,7.0, , 
,278.78,2720,82.5,-3.1,11101001,278.08,2720,35.3,5.15,418.2,278.43,0.0,7.0, , 
,279.78,2688,82.5,-4.3,11101001,279.13,2720,35.3,5.15,438.6,279.46,0.0,7.0, , 
,280.79,2688,82.5,-3.1,11101001,280.12,2688,34.1,5.15,418.2,280.44,0.0,7.0, , 
,281.82,2656,82.5,-3.1,11101001,281.11,2656,35.3,5.15,418.2,281.44,0.0,7.0, , 
,282.83,2528,82.5,0.0,11111101,282.16,2656,36.9,5.15,438.6,282.50,0.0,7.0, , 
,283.83,1088,82.5,0.0,11111111,283.18,2048,0.0,0.00,295.8,283.54,0.0,7.0, , 
,284.77,1280,82.5,0.0,11111111,284.14,1088,28.2,4.12,377.4,284.44,0.0,0.0, , 
,285.74,1120,82.5,0.0,11111111,285.11,1248,23.5,4.12,336.6,285.44,0.0,0.0, , 
,286.71,1120,82.5,0.4,11111111,286.05,1088,25.1,3.09,357.0,286.40,0.0,0.0, , 
,287.65,1056,82.5,0.8,11111111,287.02,1088,25.1,3.09,357.0,287.34,0.0,0.0, , 
,288.55,1024,82.5,0.8,11111111,287.96,1056,23.5,3.09,357.0,288.22,0.0,0.0, , 
,289.55,960,82.5,1.2,11111111,288.88,992,23.5,3.09,357.0,289.24,0.0,0.0, , 
,290.48,896,82.5,0.8,11111111,289.87,928,23.5,3.09,357.0,290.16,0.0,0.0, , 
,291.38,896,84.0,1.2,11111111,290.78,896,25.1,3.09,357.0,291.07,0.0,0.0, , 
,292.32,896,84.0,0.8,11111111,291.68,896,25.1,3.09,377.4,292.00,0.0,0.0, , 
,293.24,896,84.0,0.4,11111111,292.63,896,25.1,3.09,377.4,292.93,0.0,0.0, , 
,294.18,896,84.0,-0.4,11111111,293.54,896,25.1,3.09,377.4,293.87,0.0,0.0, , 
,295.07,896,84.0,-0.8,11111111,294.48,896,25.1,3.09,377.4,294.77,0.0,0.0, , 
,295.97,864,84.0,-0.8,11111111,295.36,896,23.5,3.09,357.0,295.67,0.0,0.0, , 
,296.90,896,84.0,-0.8,11111111,296.27,896,25.1,3.09,377.4,296.58,0.0,0.0, , 
,297.81,896,84.0,-0.8,11111111,297.21,864,23.5,3.09,357.0,297.51,0.0,0.0, , 
,298.74,864,84.0,-0.4,11111111,298.11,896,25.1,3.09,377.4,298.42,0.0,0.0, , 
,299.65,864,84.0,0.0,11111111,299.05,896,25.1,3.09,377.4,299.35,0.0,0.0, , 
,300.56,896,84.0,0.4,11111111,299.95,864,25.1,3.09,377.4,300.25,0.0,0.0, , 
,301.47,896,84.0,0.4,11111111,300.88,896,25.1,3.09,377.4,301.18,0.0,0.0, , 
,302.36,864,84.0,0.8,11111111,301.77,896,25.1,3.09,377.4,302.07,0.0,0.0, , 
,303.29,896,84.0,1.2,11111111,302.66,864,25.1,3.09,377.4,302.98,0.0,0.0, , 
,304.26,896,84.0,1.2,11111111,303.61,896,25.1,3.09,377.4,303.94,0.0,0.0, , 
,305.19,896,84.0,0.8,11111111,304.56,896,25.1,3.09,377.4,304.89,0.0,0.0, , 
,306.10,864,84.0,0.4,11111111,305.51,896,25.1,3.09,377.4,305.82,0.0,0.0, , 
,307.00,864,84.0,0.0,11111111,306.40,864,25.1,3.09,377.4,306.70,0.0,0.0, , 
,307.92,864,84.0,-0.4,11111111,307.32,864,25.1,3.09,377.4,307.62,0.0,0.0, , 
,308.83,896,84.0,-0.4,11111111,308.24,864,25.1,3.09,377.4,308.53,0.0,0.0, , 
,309.72,896,84.0,0.0,11111111,309.13,896,26.7,3.09,377.4,309.41,0.0,0.0, , 
,310.76,1664,84.0,0.0,11101011,310.06,896,26.7,3.09,377.4,310.40,0.0,7.0, , 
,311.79,1792,84.0,0.0,11101011,311.11,1632,76.9,13.39,887.4,311.46,0.0,7.0, , 
,312.81,2208,84.0,0.0,11101001,312.14,2048,67.8,10.30,754.8,312.48,0.0,7.0, , 
,313.78,2592,84.0,0.8,11101001,313.13,2368,81.2,13.39,887.4,313.46,0.0,7.0, , 
,314.79,1792,82.5,0.0,11111111,314.12,2688,67.8,9.27,754.8,314.44,0.0,7.0, , 
,315.80,1760,82.5,0.0,11101011,315.09,1344,23.5,3.09,336.6,315.44,0.0,7.0, , 
,316.90,1760,82.5,-3.1,11101011,316.17,1728,28.2,4.12,357.0,316.53,0.0,7.0, , 
,317.97,1760,81.0,0.0,11101011,317.26,1760,29.4,4.12,397.8,317.62,0.0,7.0, , 
,319.06,1856,81.0,0.0,11101011,318.33,1792,48.6,7.21,591.6,318.69,0.0,7.0, , 
,320.16,1920,81.0,0.0,11101011,319.43,1856,45.9,7.21,550.8,319.79,0.0,7.0, , 
,321.25,1952,81.0,1.6,11101011,320.53,1920,42.7,6.18,499.8,320.90,0.0,7.0, , 
,322.32,2016,81.0,0.8,11101001,321.61,1984,40.0,6.18,479.4,321.96,0.0,7.0, , 
,323.39,2080,81.0,-0.4,11101001,322.67,2048,40.0,5.15,479.4,323.03,0.0,7.0, , 
,324.43,2112,81.0,-0.4,11101001,323.75,2080,40.0,5.15,479.4,324.10,0.0,7.0, , 
,325.47,2176,81.0,0.4,11101001,324.78,2112,44.3,6.18,520.2,325.13,0.0,7.0, , 
,326.51,2208,81.0,3.1,11101001,325.81,2176,48.6,7.21,571.2,326.17,0.0,7.0, , 
,327.50,2272,81.0,6.3,11101001,326.85,2240,48.6,7.21,571.2,327.18,0.0,7.0, , 
,328.50,2336,81.0,7.8,11101001,327.84,2304,45.9,7.21,550.8,328.16,0.0,7.0, , 
,329.51,2304,81.0,-0.8,11101001,328.84,2336,32.5,4.12,397.8,329.17,0.0,7.0, , 
,330.50,2240,81.0,-10.5,11111101,329.83,2304,19.2,3.09,275.4,330.17,0.0,7.0, , 
,331.51,2176,81.0,0.0,11111101,330.83,2272,17.6,2.06,244.8,331.17,0.0,7.0, , 
,332.53,2080,81.0,0.0,11111101,331.83,2144,0.0,0.00,275.4,332.17,0.0,7.0, , 
,333.58,1984,81.0,0.0,11101001,332.87,2048,0.0,0.00,244.8,333.23,0.0,7.0, , 
,334.67,1984,81.0,0.0,11101011,333.93,1952,23.5,4.12,316.2,334.30,0.0,7.0, , 
,335.78,1984,81.0,0.4,11101011,335.03,1984,34.1,4.12,418.2,335.42,0.0,7.0, , 
,336.85,2016,82.5,2.7,11101001,336.14,1984,42.7,6.18,520.2,336.51,0.0,7.0, , 
,337.91,2048,82.5,-2.7,11101001,337.20,2048,34.1,4.12,418.2,337.55,0.0,7.0, , 
,338.96,2080,82.5,0.0,11101001,338.26,2048,53.3,8.24,612.0,338.61,0.0,7.0, , 
,339.99,2144,82.5,-2.3,11101001,339.30,2112,35.3,5.15,438.6,339.66,0.0,7.0, , 
,341.02,2208,82.5,2.3,11101001,340.34,2176,50.2,7.21,591.6,340.68,0.0,7.0, , 
,342.05,2272,82.5,5.1,11101001,341.36,2240,48.6,7.21,571.2,341.70,0.0,7.0, , 
,343.08,2304,82.5,5.9,11101001,342.39,2272,41.2,6.18,479.4,342.74,0.0,7.0, , 
,344.10,2304,82.5,3.5,11101001,343.41,2304,38.4,5.15,459.0,343.77,0.0,7.0, , 
,345.10,2336,82.5,3.5,11101001,344.42,2304,35.3,5.15,418.2,344.76,0.0,7.0, , 
,346.18,2336,82.5,2.3,11101001,345.44,2336,35.3,5.15,438.6,345.81,0.0,7.0, , 
,347.19,2368,82.5,2.3,11101001,346.52,2336,35.3,5.15,438.6,346.86,0.0,7.0, , 
,348.18,2368,82.5,2.0,11101001,347.52,2368,35.3,5.15,418.2,347.85,0.0,7.0, , 
,349.25,2400,82.5,1.6,11101001,348.55,2368,35.3,5.15,438.6,348.89,0.0,7.0, , 
,350.32,2464,82.5,5.5,11101001,349.61,2432,48.6,7.21,571.2,349.96,0.0,7.0, , 
,351.36,2496,82.5,7.0,11101001,350.68,2464,44.3,7.21,520.2,351.02,0.0,7.0, , 
,352.40,2560,82.5,7.0,11101001,351.71,2496,48.6,7.21,550.8,352.06,0.0,7.0, , 
,353.41,2624,82.5,12.1,11101001,352.71,2560,56.1,9.27,632.4,353.05,0.0,7.0, , 
,354.45,2720,82.5,16.0,11101001,353.76,2656,56.1,9.27,632.4,354.09,0.0,7.0, , 
,355.49,2816,82.5,12.9,11101001,354.81,2752,63.5,11.33,693.6,355.16,0.0,7.0, , 
,356.51,2304,82.5,0.0,11111101,355.82,2880,75.3,13.39,826.2,356.16,0.0,7.0, , 
,357.48,2016,82.5,0.0,11101001,356.83,1824,0.0,0.00,295.8,357.14,0.0,0.0, , 
,358.48,2080,82.5,-10.5,11101001,357.82,2048,20.8,3.09,295.8,358.15,0.0,7.0, , 
,359.48,2112,82.5,0.0,11101001,358.81,2080,54.5,9.27,632.4,359.15,0.0,7.0, , 
,360.48,2176,82.5,2.3,11101001,359.81,2112,73.7,12.36,826.2,360.15,0.0,7.0, , 
,361.50,2240,82.5,7.0,11101001,360.83,2176,73.7,11.33,826.2,361.17,0.0,7.0, , 
,362.53,2272,82.5,10.2,11101001,361.85,2240,72.2,12.36,795.6,362.19,0.0,7.0, , 
,363.59,2336,82.5,12.5,11101001,362.87,2304,72.2,12.36,795.6,363.20,0.0,7.0, , 
,364.64,2400,82.5,14.1,11101001,363.92,2368,71.0,12.36,775.2,364.28,0.0,7.0, , 
,365.69,2464,82.5,14.5,11101001,364.97,2400,71.0,12.36,775.2,365.31,0.0,7.0, , 
,366.75,2496,82.5,15.6,11101001,366.04,2464,69.4,12.36,754.8,366.40,0.0,7.0, , 
,367.76,2560,82.5,15.6,11101001,367.07,2528,69.4,12.36,754.8,367.42,0.0,7.0, , 
,368.76,2592,82.5,13.3,11101001,368.10,2560,67.8,12.36,754.8,368.45,0.0,7.0, , 
,369.73,2656,82.5,13.3,11101001,369.06,2624,67.8,11.33,734.4,369.41,0.0,7.0, , 
,370.77,2688,82.5,11.3,11101001,370.06,2656,66.3,11.33,734.4,370.41,0.0,7.0, , 
,371.80,2720,82.5,10.9,11101001,371.11,2688,66.3,11.33,734.4,371.44,0.0,7.0, , 
,372.84,2784,82.5,12.1,11101001,372.15,2752,65.1,11.33,734.4,372.51,0.0,7.0, , 
,373.85,2816,82.5,12.9,11101001,373.18,2784,65.1,11.33,714.0,373.53,0.0,7.0, , 
,374.90,2880,82.5,12.5,11101001,374.21,2848,62.0,10.30,693.6,374.56,0.0,7.0, , 
,375.91,1568,82.5,0.0,11111111,375.22,2592,0.0,0.00,316.2,375.58,0.0,7.0, , 
,376.85,2112,82.5,0.0,11101001,376.21,1152,23.5,4.12,336.6,376.54,0.0,0.0, , 
,377.88,2144,82.5,0.0,11101001,377.19,2144,19.2,3.09,295.8,377.53,0.0,7.0, , 
,378.94,2144,82.5,-0.4,11101001,378.24,2144,48.6,7.21,571.2,378.60,0.0,7.0, , 
,379.96,2176,84.0,-2.3,11101001,379.29,2176,54.5,8.24,632.4,379.63,0.0,7.0, , 
,380.98,2208,82.5,1.2,11101001,380.30,2176,65.1,10.30,734.4,380.64,0.0,7.0, , 
,382.00,2240,82.5,5.1,11101001,381.31,2208,67.8,11.33,754.8,381.64,0.0,7.0, , 
,383.02,2272,82.5,8.2,11101001,382.33,2240,67.8,11.33,754.8,382.67,0.0,7.0, , 
,384.03,2304,82.5,10.9,11101001,383.35,2272,65.1,11.33,714.0,383.68,0.0,7.0, , 
,385.05,2304,82.5,11.3,11101001,384.38,2304,65.1,11.33,714.0,384.71,0.0,7.0, , 
,386.11,2336,84.0,12.1,11101001,385.41,2336,63.5,11.33,714.0,385.75,0.0,7.0, , 
,387.16,2368,82.5,10.9,11101001,386.47,2336,63.5,11.33,714.0,386.80,0.0,7.0, , 
,388.20,2400,84.0,10.9,11101001,387.48,2368,62.0,10.30,693.6,387.83,0.0,7.0, , 
,389.20,2400,84.0,10.5,11101001,388.53,2400,60.4,10.30,673.2,388.85,0.0,7.0, , 
,390.25,2432,82.5,9.8,11101001,389.53,2400,57.6,9.27,652.8,389.90,0.0,7.0, , 
,391.34,2432,82.5,9.0,11101001,390.60,2432,57.6,9.27,652.8,390.97,0.0,7.0, , 
,392.41,2432,84.0,8.6,11101001,391.70,2464,57.6,9.27,652.8,392.04,0.0,7.0, , 
,393.47,2464,82.5,7.8,11101001,392.75,2464,57.6,9.27,652.8,393.12,0.0,7.0, , 
,394.52,2496,82.5,8.6,11101001,393.83,2464,57.6,9.27,652.8,394.18,0.0,7.0, , 
,395.56,2496,84.0,9.8,11101001,394.87,2496,60.4,10.30,673.2,395.21,0.0,7.0, , 
,396.66,2528,82.5,9.8,11101001,395.93,2496,59.2,10.30,673.2,396.31,0.0,7.0, , 
,397.69,2528,84.0,8.2,11101001,397.00,2528,59.2,10.30,652.8,397.35,0.0,7.0, , 
,398.74,2528,84.0,7.4,11101001,398.05,2528,59.2,9.27,652.8,398.39,0.0,7.0, , 
,399.75,2560,82.5,6.3,11101001,399.08,2560,57.6,9.27,652.8,399.43,0.0,7.0, , 
,400.80,2560,82.5,6.3,11101001,400.08,2560,57.6,9.27,652.8,400.44,0.0,7.0, , 
,401.80,2592,82.5,7.0,11101001,401.15,2560,57.6,9.27,652.8,401.48,0.0,7.0, , 
,402.80,2592,82.5,5.9,11101001,402.14,2592,57.6,9.27,652.8,402.48,0.0,7.0, , 
,403.83,2592,82.5,4.7,11101001,403.15,2592,50.2,8.24,591.6,403.49,0.0,7.0, , 
,404.83,2592,82.5,3.1,11101001,404.15,2592,50.2,8.24,571.2,404.49,0.0,7.0, , 
,405.87,2592,82.5,2.3,11101001,405.18,2592,50.2,8.24,571.2,405.53,0.0,7.0, , 
,406.87,2560,82.5,0.4,11101001,406.18,2592,48.6,7.21,550.8,406.53,0.0,7.0, , 
,407.91,2560,82.5,0.4,11101001,407.22,2560,45.9,7.21,520.2,407.58,0.0,7.0, , 
,408.93,2560,82.5,1.6,11101001,408.26,2560,47.1,7.21,550.8,408.58,0.0,7.0, , 
,409.96,2560,82.5,2.7,11101001,409.28,2560,48.6,7.21,571.2,409.61,0.0,7.0, , 
,410.97,2528,82.5,3.1,11101001,410.30,2528,48.6,7.21,571.2,410.63,0.0,7.0, , 
,411.97,2528,82.5,4.3,11101001,411.31,2528,48.6,7.21,571.2,411.63,0.0,7.0, , 
,413.00,2528,82.5,4.3,11101001,412.31,2528,48.6,7.21,571.2,412.64,0.0,7.0, , 
,414.04,2528,82.5,4.3,11101001,413.35,2528,50.2,7.21,571.2,413.68,0.0,7.0, , 
,415.00,2496,82.5,0.0,11101001,414.38,2496,48.6,7.21,571.2,414.69,0.0,7.0, , 
,416.08,2464,84.0,-3.9,11101001,415.35,2464,25.1,4.12,336.6,415.71,0.0,7.0, , 
,417.14,2432,82.5,-3.5,11101001,416.42,2432,29.4,4.12,377.4,416.77,0.0,7.0, , 
,418.19,2400,84.0,-0.8,11101001,417.51,2432,35.3,5.15,438.6,417.83,0.0,7.0, , 
,419.25,2400,82.5,-0.4,11101001,418.55,2400,40.0,6.18,479.4,418.88,0.0,7.0, , 
,420.33,2368,84.0,1.2,11101001,419.62,2400,41.2,6.18,479.4,419.98,0.0,7.0, , 
,421.32,2368,82.5,5.1,11101001,420.66,2368,41.2,6.18,479.4,420.99,0.0,7.0, , 
,422.36,2368,82.5,9.8,11101001,421.66,2368,50.2,7.21,571.2,422.00,0.0,7.0, , 
,423.41,2368,82.5,14.8,11101001,422.73,2368,53.3,8.24,612.0,423.07,0.0,7.0, , 
,424.49,2368,82.5,16.4,11101001,423.76,2368,54.5,9.27,632.4,424.10,0.0,7.0, , 
,425.54,2400,82.5,17.2,11101001,424.84,2368,54.5,9.27,632.4,425.15,0.0,7.0, , 
,426.61,2400,84.0,14.1,11101001,425.92,2400,56.1,9.27,632.4,426.26,0.0,7.0, , 
,427.66,2400,82.5,13.7,11101001,426.96,2400,56.1,9.27,632.4,427.30,0.0,7.0, , 
,428.71,2400,82.5,13.3,11101001,428.01,2400,57.6,9.27,652.8,428.36,0.0,7.0, , 
,429.74,2400,82.5,10.5,11101001,429.05,2400,57.6,9.27,652.8,429.39,0.0,7.0, , 
,430.81,2432,82.5,9.0,11101001,430.10,2432,57.6,9.27,652.8,430.44,0.0,7.0, , 
,431.87,2432,82.5,8.2,11101001,431.16,2432,56.1,9.27,652.8,431.49,0.0,7.0, , 
,432.90,2432,82.5,8.2,11101001,432.21,2432,56.1,9.27,632.4,432.56,0.0,7.0, , 
,433.95,2432,82.5,8.6,11101001,433.24,2432,56.1,9.27,632.4,433.61,0.0,7.0, , 
,435.04,2432,82.5,9.4,11101001,434.33,2432,56.1,9.27,632.4,434.67,0.0,7.0, , 
,436.11,2464,82.5,9.4,11101001,435.39,2432,56.1,9.27,632.4,435.75,0.0,7.0, , 
,437.17,2432,82.5,8.6,11101001,436.47,2432,54.5,9.27,612.0,436.84,0.0,7.0, , 
,438.27,2432,82.5,6.3,11101001,437.53,2432,50.2,8.24,571.2,437.91,0.0,7.0, , 
,439.37,2432,82.5,4.7,11101001,438.64,2432,50.2,8.24,571.2,439.00,0.0,7.0, , 
,440.42,2400,82.5,0.0,11111101,439.73,2432,45.9,7.21,550.8,440.06,0.0,7.0, , 
,441.40,2336,82.5,0.0,11111101,440.75,2368,17.6,2.06,244.8,441.08,0.0,7.0, , 
,442.38,2304,82.5,0.0,11101001,441.72,2336,16.1,3.09,244.8,442.05,0.0,7.0, , 
,443.39,2272,82.5,-12.1,11101001,442.71,2304,16.1,2.06,244.8,443.04,0.0,7.0, , 
,444.39,2240,82.5,-21.1,11101001,443.72,2240,16.1,2.06,244.8,444.05,0.0,7.0, , 
,445.42,2176,82.5,-27.7,11101001,444.75,2208,16.1,2.06,244.8,445.08,0.0,7.0, , 
,446.42,2144,82.5,-26.6,11101001,445.76,2176,17.6,2.06,275.4,446.09,0.0,7.0, , 
,447.47,2112,82.5,-26.2,11101001,446.77,2144,23.5,2.06,316.2,447.12,0.0,7.0, , 
,448.51,2080,82.5,-26.6,11101001,447.81,2112,20.8,2.06,295.8,448.14,0.0,7.0, , 
,449.56,2048,82.5,-27.7,11101001,448.87,2080,19.2,2.06,295.8,449.20,0.0,7.0, , 
,450.62,1984,82.5,-26.6,11101001,449.91,2016,19.2,2.06,295.8,450.27,0.0,7.0, , 
,451.71,1952,82.5,-24.6,11101011,450.98,1984,19.2,2.06,295.8,451.34,0.0,7.0, , 
,452.83,1920,82.5,-19.5,11101011,452.09,1952,20.8,2.06,295.8,452.46,0.0,7.0, , 
,453.90,1920,82.5,-16.0,11101011,453.18,1920,22.0,2.06,316.2,453.56,0.0,7.0, , 
,454.99,1888,82.5,-18.0,11101011,454.27,1888,22.0,3.09,316.2,454.63,0.0,7.0, , 
,456.01,1856,82.5,0.0,11111111,455.34,1856,17.6,2.06,275.4,455.66,0.0,7.0, , 
,457.04,1824,82.5,0.0,11101011,456.35,1824,0.0,0.00,295.8,456.68,0.0,7.0, , 
,458.05,1792,82.5,0.0,11101011,457.42,1792,19.2,3.09,295.8,457.73,0.0,7.0, , 
,459.13,1760,82.5,-3.5,11101011,458.40,1760,22.0,3.09,316.2,458.75,0.0,7.0, , 
,460.27,1760,82.5,-1.6,11101011,459.49,1760,28.2,4.12,377.4,459.88,0.0,7.0, , 
,461.38,1760,82.5,0.0,11101011,460.63,1760,47.1,7.21,571.2,461.00,0.0,7.0, , 
,462.49,1824,82.5,3.9,11101011,461.77,1792,66.3,10.30,754.8,462.11,0.0,7.0, , 
,463.58,1856,82.5,5.1,11101011,462.85,1824,67.8,11.33,775.2,463.22,0.0,7.0, , 
,464.64,1888,82.5,5.1,11101011,463.91,1856,69.4,11.33,775.2,464.28,0.0,7.0, , 
,465.72,1920,82.5,4.7,11101011,465.01,1888,69.4,11.33,775.2,465.36,0.0,7.0, , 
,466.80,1952,82.5,6.3,11101011,466.08,1920,67.8,11.33,775.2,466.45,0.0,7.0, , 
,467.87,1984,82.5,5.9,11101011,467.16,1952,66.3,11.33,754.8,467.51,0.0,7.0, , 
,468.98,2016,82.5,7.0,11101001,468.26,1984,66.3,11.33,754.8,468.62,0.0,7.0, , 
,470.08,2016,82.5,7.8,11101001,469.35,2016,66.3,11.33,754.8,469.73,0.0,7.0, , 
,471.10,2048,82.5,6.3,11101001,470.42,2048,66.3,11.33,754.8,470.77,0.0,7.0, , 
,472.17,2080,82.5,5.1,11101001,471.48,2080,73.7,13.39,826.2,471.84,0.0,7.0, , 
,473.24,2112,82.5,2.7,11101001,472.52,2112,75.3,12.36,846.6,472.89,0.0,7.0, , 
,474.32,2144,82.5,1.2,11101001,473.60,2144,78.4,13.39,867.0,473.98,0.0,7.0, , 
,475.33,2208,82.5,-4.3,11101001,474.65,2176,84.3,14.42,928.2,474.98,0.0,7.0, , 
,476.37,2240,82.5,-5.5,11101001,475.67,2208,85.5,14.42,948.6,476.03,0.0,7.0, , 
,477.37,2272,82.5,-4.7,11101001,476.70,2272,85.5,14.42,948.6,477.03,0.0,7.0, , 
,478.37,2336,82.5,-4.3,11101001,477.68,2304,87.1,14.42,948.6,478.03,0.0,7.0, , 
,479.40,2368,82.5,-3.9,11101001,478.72,2336,85.5,14.42,928.2,479.06,0.0,7.0, , 
,480.42,2400,82.5,-3.5,11101001,479.71,2368,85.5,14.42,928.2,480.08,0.0,7.0, , 
,481.47,2432,82.5,-2.7,11101001,480.75,2432,85.5,14.42,928.2,481.09,0.0,7.0, , 
,482.50,2496,82.5,-2.3,11101001,481.81,2464,85.5,14.42,928.2,482.16,0.0,7.0, , 
,483.56,2528,82.5,-2.0,11101001,482.86,2496,84.3,14.42,907.8,483.20,0.0,7.0, , 
,484.57,2560,82.5,-2.3,11101001,483.91,2528,84.3,14.42,907.8,484.26,0.0,7.0, , 
,485.61,2592,82.5,-2.3,11101001,484.91,2592,84.3,14.42,907.8,485.24,0.0,7.0, , 
,486.60,2624,82.5,0.0,11101001,485.95,2592,82.7,13.39,907.8,486.27,0.0,7.0, , 
,487.64,2656,82.5,2.3,11101001,486.95,2624,67.8,11.33,754.8,487.29,0.0,7.0, , 
,488.73,2656,82.5,5.9,11101001,488.00,2656,66.3,11.33,734.4,488.36,0.0,7.0, , 
,489.78,2656,82.5,8.6,11101001,489.10,2656,66.3,11.33,734.4,489.43,0.0,7.0, , 
,490.82,2688,82.5,8.6,11101001,490.11,2688,65.1,11.33,714.0,490.46,0.0,7.0, , 
,491.85,2688,82.5,9.0,11101001,491.15,2688,65.1,11.33,714.0,491.49,0.0,7.0, , 
,492.86,2688,82.5,9.0,11101001,492.20,2688,63.5,11.33,693.6,492.53,0.0,7.0, , 
,493.93,2688,82.5,8.2,11101001,493.21,2688,59.2,10.30,652.8,493.58,0.0,7.0, , 
,494.96,2688,82.5,6.3,11101001,494.27,2688,57.6,10.30,652.8,494.62,0.0,7.0, , 
,495.91,2688,82.5,5.5,11101001,495.29,2688,56.1,9.27,632.4,495.60,0.0,7.0, , 
,496.89,2688,82.5,5.5,11101001,496.24,2688,54.5,9.27,612.0,496.58,0.0,7.0, , 
,497.93,2656,82.5,5.9,11101001,497.23,2688,54.5,9.27,612.0,497.60,0.0,7.0, , 
,498.96,2656,82.5,3.5,11101001,498.26,2656,51.8,8.24,591.6,498.62,0.0,7.0, , 
,500.02,2624,82.5,3.5,11101001,499.32,2656,51.8,8.24,591.6,499.67,0.0,7.0, , 
,501.01,2624,82.5,4.7,11101001,500.35,2624,51.8,8.24,591.6,500.68,0.0,7.0, , 
,502.03,2592,82.5,5.9,11101001,501.34,2624,56.1,9.27,632.4,501.70,0.0,7.0, , 
,503.05,2592,82.5,6.6,11101001,502.35,2592,67.8,11.33,754.8,502.72,0.0,7.0, , 
,504.09,2592,82.5,3.9,11101001,503.39,2592,76.9,13.39,846.6,503.75,0.0,7.0, , 
,505.11,2592,82.5,2.3,11101001,504.43,2592,76.9,13.39,846.6,504.74,0.0,7.0, , 
,506.16,2592,82.5,2.0,11101001,505.45,2592,78.4,13.39,846.6,505.80,0.0,7.0, , 
,507.21,2560,82.5,3.1,11101001,506.49,2592,78.4,13.39,867.0,506.85,0.0,7.0, , 
,508.25,2560,82.5,2.0,11101001,507.57,2560,79.6,13.39,867.0,507.92,0.0,7.0, , 
,509.28,2528,82.5,-1.6,11101001,508.59,2560,82.7,14.42,907.8,508.93,0.0,7.0, , 
,510.29,2528,82.5,-2.3,11101001,509.61,2528,84.3,14.42,907.8,509.95,0.0,7.0, , 
,511.31,2528,82.5,-2.3,11101001,510.65,2528,84.3,14.42,907.8,510.98,0.0,7.0, , 
,512.36,2496,82.5,-3.1,11101001,511.68,2496,84.3,13.39,907.8,512.05,0.0,7.0, , 
,513.38,2496,82.5,-2.7,11101001,512.72,2496,84.3,14.42,928.2,513.03,0.0,7.0, , 
,514.39,2464,82.5,-3.1,11101001,513.73,2496,84.3,14.42,928.2,514.05,0.0,7.0, , 
,515.47,2464,82.5,-2.7,11101001,514.74,2464,84.3,13.39,928.2,515.13,0.0,7.0, , 
,516.49,2432,82.5,-3.1,11101001,515.80,2432,85.5,14.42,928.2,516.15,0.0,7.0, , 
,517.56,2432,82.5,-3.5,11101001,516.86,2432,85.5,14.42,928.2,517.21,0.0,7.0, , 
,518.62,2432,84.0,-3.9,11101001,517.88,2432,85.5,14.42,928.2,518.26,0.0,7.0, , 
,519.66,2400,82.5,-3.5,11101001,518.95,2400,85.5,14.42,948.6,519.30,0.0,7.0, , 
,520.68,2400,84.0,-3.1,11101001,519.98,2400,87.1,14.42,948.6,520.32,0.0,7.0, , 
,521.67,2368,84.0,-3.1,11101001,520.99,2400,87.1,14.42,948.6,521.32,0.0,7.0, , 
,522.70,2368,84.0,-3.5,11101001,522.02,2368,87.1,14.42,948.6,522.36,0.0,7.0, , 
,523.68,2368,84.0,-3.1,11101001,523.01,2368,87.1,14.42,948.6,523.34,0.0,7.0, , 
,524.71,2368,84.0,-3.9,11101001,524.02,2368,87.1,14.42,948.6,524.39,0.0,7.0, , 
,525.73,2368,84.0,-3.5,11101001,525.05,2368,87.1,14.42,948.6,525.38,0.0,7.0, , 
,526.76,2400,84.0,-4.3,11101001,526.09,2368,87.1,14.42,948.6,526.44,0.0,7.0, , 
,527.79,2400,84.0,-3.9,11101001,527.11,2400,87.1,14.42,948.6,527.44,0.0,7.0, , 
,528.85,2464,84.0,-4.3,11101001,528.14,2432,87.1,14.42,948.6,528.50,0.0,7.0, , 
,529.91,2464,84.0,0.0,11101001,529.24,2464,85.5,14.42,928.2,529.55,0.0,7.0, , 
,530.89,2496,84.0,0.8,11101001,530.21,2496,66.3,10.30,734.4,530.53,0.0,7.0, , 
,531.88,2528,84.0,1.2,11101001,531.22,2528,54.5,8.24,612.0,531.55,0.0,7.0, , 
,532.93,2560,84.0,3.9,11101001,532.25,2528,54.5,8.24,612.0,532.59,0.0,7.0, , 
,533.90,2592,84.0,4.7,11101001,533.25,2560,53.3,8.24,612.0,533.59,0.0,7.0, , 
,534.90,2624,84.0,5.1,11101001,534.24,2592,53.3,8.24,612.0,534.58,0.0,7.0, , 
,535.91,2624,84.0,0.0,11111101,535.24,2624,50.2,8.24,591.6,535.58,0.0,7.0, , 
,536.91,2624,84.0,0.0,11111101,536.24,2656,17.6,2.06,275.4,536.58,0.0,7.0, , 
,537.87,2624,84.0,0.0,11111101,537.23,2624,0.0,0.00,244.8,537.55,0.0,7.0, , 
,538.82,2592,84.0,0.0,11111101,538.19,2592,0.0,0.00,244.8,538.50,0.0,7.0, , 
,539.81,2592,84.0,0.0,11111101,539.18,2592,0.0,0.00,244.8,539.50,0.0,7.0, , 
,540.78,2560,84.0,0.0,11111101,540.13,2560,0.0,0.00,244.8,540.44,0.0,7.0, , 
,541.73,2560,84.0,0.0,11111101,541.09,2560,0.0,0.00,244.8,541.42,0.0,7.0, , 
,542.75,2560,84.0,0.0,11101001,542.06,2560,17.6,3.09,244.8,542.40,0.0,7.0, , 
,543.76,2560,84.0,0.8,11101001,543.09,2560,40.0,6.18,459.0,543.43,0.0,7.0, , 
,544.77,2592,84.0,3.5,11101001,544.10,2592,45.9,7.21,520.2,544.42,0.0,7.0, , 
,545.77,2624,84.0,4.3,11101001,545.10,2592,44.3,7.21,520.2,545.43,0.0,7.0, , 
,546.81,2656,84.0,4.3,11101001,546.11,2624,47.1,7.21,550.8,546.46,0.0,7.0, , 
,547.78,2688,84.0,4.3,11101001,547.13,2656,48.6,7.21,550.8,547.45,0.0,7.0, , 
,548.79,2688,84.0,3.1,11101001,548.10,2688,41.2,6.18,479.4,548.45,0.0,7.0, , 
,549.82,2688,84.0,1.6,11101001,549.13,2688,41.2,6.18,479.4,549.47,0.0,7.0, , 
,550.88,2688,84.0,-2.0,11101001,550.17,2688,40.0,6.18,459.0,550.53,0.0,7.0, , 
,551.91,2688,82.5,-0.8,11101001,551.21,2688,28.2,4.12,357.0,551.57,0.0,7.0, , 
,552.86,2688,82.5,-3.9,11101001,552.24,2688,28.2,4.12,357.0,552.55,0.0,7.0, , 
,553.84,2688,82.5,0.0,11111101,553.19,2688,19.2,2.06,275.4,553.53,0.0,7.0, , 
,554.81,2656,82.5,0.0,11111101,554.15,2656,0.0,0.00,275.4,554.48,0.0,7.0, , 
,555.80,2624,82.5,0.0,11111101,555.12,2624,0.0,0.00,244.8,555.47,0.0,7.0, , 
,556.75,2592,82.5,0.0,11111101,556.12,2592,0.0,0.00,244.8,556.43,0.0,7.0, , 
,557.70,2528,82.5,0.0,11111101,557.07,2560,0.0,0.00,244.8,557.37,0.0,7.0, , 
,558.70,2496,82.5,0.0,11111101,558.03,2528,0.0,0.00,244.8,558.35,0.0,7.0, , 
,559.68,2464,82.5,0.0,11101001,559.01,2496,0.0,0.00,244.8,559.35,0.0,7.0, , 
,560.78,2464,82.5,-1.2,11101001,560.05,2464,19.2,3.09,275.4,560.40,0.0,7.0, , 
,561.85,2464,82.5,1.2,11101001,561.14,2464,36.9,5.15,438.6,561.51,0.0,7.0, , 
,562.90,2464,82.5,3.1,11101001,562.20,2464,38.4,6.18,459.0,562.55,0.0,7.0, , 
,564.00,2464,81.0,5.1,11101001,563.26,2464,36.9,5.15,438.6,563.64,0.0,7.0, , 
,565.07,2464,82.5,4.7,11101001,564.37,2464,36.9,5.15,438.6,564.72,0.0,7.0, , 
,566.09,2432,82.5,0.0,11101001,565.42,2464,36.9,5.15,438.6,565.75,0.0,7.0, , 
,567.14,2432,81.0,-8.6,11101001,566.44,2432,20.8,3.09,275.4,566.78,0.0,7.0, , 
,568.19,2400,81.0,-7.8,11101001,567.49,2400,22.0,3.09,295.8,567.84,0.0,7.0, , 
,569.26,2400,81.0,-2.0,11101001,568.55,2400,29.4,4.12,377.4,568.89,0.0,7.0, , 
,570.35,2368,81.0,5.9,11101001,569.60,2400,34.1,4.12,418.2,569.97,0.0,7.0, , 
,571.38,2368,81.0,7.8,11101001,570.70,2368,36.9,5.15,438.6,571.03,0.0,7.0, , 
,572.38,2368,81.0,10.2,11101001,571.70,2368,38.4,6.18,459.0,572.04,0.0,7.0, , 
,573.40,2368,81.0,10.2,11101001,572.72,2368,36.9,5.15,438.6,573.06,0.0,7.0, , 
,574.39,2368,81.0,12.5,11101001,573.71,2368,42.7,6.18,499.8,574.05,0.0,7.0, , 
,575.45,2368,81.0,11.7,11101001,574.75,2368,44.3,7.21,520.2,575.09,0.0,7.0, , 
,576.51,2368,81.0,8.6,11101001,575.79,2368,35.3,5.15,418.2,576.17,0.0,7.0, , 
,577.53,2368,81.0,7.8,11101001,576.85,2368,35.3,5.15,438.6,577.17,0.0,7.0, , 
,578.57,2336,81.0,7.4,11101001,577.89,2336,36.9,5.15,438.6,578.24,0.0,7.0, , 
,579.54,2336,81.0,6.3,11101001,578.91,2336,35.3,5.15,438.6,579.22,0.0,7.0, , 
,580.54,2336,81.0,3.1,11101001,579.88,2336,35.3,5.15,438.6,580.21,0.0,7.0, , 
,581.54,2272,81.0,-7.8,11111101,580.88,2304,22.0,3.09,316.2,581.20,0.0,7.0, , 
,582.52,2240,81.0,0.0,11111101,581.86,2272,0.0,0.00,244.8,582.19,0.0,7.0, , 
,583.52,2208,81.0,0.0,11111101,582.84,2240,0.0,0.00,244.8,583.17,0.0,7.0, , 
,584.55,2144,81.0,0.0,11111101,583.86,2176,0.0,0.00,244.8,584.20,0.0,7.0, , 
,585.56,2112,81.0,0.0,11111101,584.88,2144,0.0,0.00,244.8,585.20,0.0,7.0, , 
,586.57,2080,81.0,0.0,11111101,585.91,2080,0.0,0.00,244.8,586.24,0.0,7.0, , 
,587.62,2016,81.0,0.0,11111101,586.92,2048,0.0,0.00,244.8,587.26,0.0,7.0, , 
,588.65,1984,81.0,0.0,11111111,587.99,2016,0.0,0.00,244.8,588.33,0.0,7.0, , 
,589.69,1920,81.0,0.0,11111111,589.00,1952,0.0,0.00,244.8,589.35,0.0,7.0, , 
,590.73,1888,81.0,0.0,11111111,590.02,1920,0.0,0.00,275.4,590.37,0.0,7.0, , 
,591.80,1856,81.0,0.0,11111111,591.10,1856,0.0,0.00,295.8,591.43,0.0,7.0, , 
,592.91,1792,81.0,0.0,11111111,592.18,1824,0.0,0.00,295.8,592.54,0.0,7.0, , 
,593.97,1760,81.0,0.0,11111111,593.26,1792,0.0,0.00,316.2,593.61,0.0,7.0, , 
,594.95,1696,81.0,0.0,11111111,594.28,1728,0.0,0.00,316.2,594.62,0.0,7.0, , 
,596.02,1696,81.0,0.0,11101011,595.30,1696,20.8,3.09,295.8,595.65,0.0,7.0, , 
,597.05,1664,81.0,1.6,11101011,596.34,1664,26.7,4.12,357.0,596.71,0.0,7.0, , 
,598.10,1152,79.5,0.0,11111111,597.40,1664,22.0,3.09,316.2,597.77,0.0,7.0, , 
,599.09,1152,79.5,0.0,11111111,598.43,1056,31.0,4.12,418.2,598.75,0.0,0.0, , 
,599.98,928,79.5,0.0,11111111,599.41,1056,23.5,3.09,336.6,599.69,0.0,0.0, , 
,601.03,2016,79.5,0.0,11111101,600.32,1184,23.5,3.09,357.0,600.69,0.0,7.0, , 
,602.02,2304,79.5,0.0,11101001,601.36,2368,0.0,0.00,244.8,601.69,0.0,7.0, , 
,603.06,2240,79.5,0.0,11101001,602.38,2272,16.1,3.09,244.8,602.71,0.0,7.0, , 
,604.08,2208,79.5,-8.2,11101001,603.40,2240,17.6,2.06,244.8,603.74,0.0,7.0, , 
,605.10,2176,79.5,-12.9,11101001,604.43,2208,17.6,2.06,244.8,604.77,0.0,7.0, , 
,606.13,2144,79.5,-15.6,11101001,605.43,2144,17.6,2.06,244.8,605.80,0.0,7.0, , 
,607.15,2080,79.5,-17.2,11101001,606.46,2112,17.6,2.06,275.4,606.81,0.0,7.0, , 
,608.16,2080,79.5,-17.2,11101000,607.50,2080,17.6,2.06,275.4,607.83,0.0,7.0, , 
,609.20,2016,79.5,-8.2,11101000,608.51,2048,23.5,2.06,336.6,608.86,0.0,7.0, , 
,610.26,2016,79.5,-1.6,11101000,609.56,2016,28.2,3.09,377.4,609.91,0.0,7.0, , 
,611.31,2048,79.5,4.3,11101000,610.61,2048,32.5,4.12,418.2,610.96,0.0,7.0, , 
,612.36,2048,79.5,7.8,11101000,611.66,2048,31.0,4.12,397.8,612.01,0.0,7.0, , 
,613.40,2048,79.5,11.7,11101000,612.71,2048,31.0,4.12,397.8,613.06,0.0,7.0, , 
,614.46,2048,79.5,12.1,11101000,613.75,2048,31.0,4.12,397.8,614.10,0.0,7.0, , 
,615.53,2048,79.5,7.4,11101000,614.84,2080,31.0,4.12,397.8,615.18,0.0,7.0, , 
,616.56,2016,79.5,1.2,11101000,615.88,2048,20.8,3.09,295.8,616.22,0.0,7.0, , 
,617.61,1984,79.5,-2.0,11101000,616.91,2016,22.0,3.09,316.2,617.26,0.0,7.0, , 
,618.70,1952,79.5,-8.6,11101010,617.98,1984,19.2,2.06,275.4,618.34,0.0,7.0, , 
,619.80,1920,79.5,-9.4,11101010,619.07,1920,20.8,2.06,295.8,619.44,0.0,7.0, , 
,620.89,1888,79.5,-4.7,11101010,620.16,1888,25.1,3.09,336.6,620.52,0.0,7.0, , 
,622.00,1888,79.5,-5.1,11101010,621.27,1856,29.4,4.12,377.4,621.62,0.0,7.0, , 
,623.12,1856,79.5,-5.1,11101010,622.37,1856,29.4,4.12,377.4,622.75,0.0,7.0, , 
,624.25,1888,79.5,-4.3,11101010,623.50,1856,29.4,4.12,397.8,623.87,0.0,7.0, , 
,625.34,1888,79.5,-5.9,11101010,624.63,1888,29.4,4.12,377.4,624.99,0.0,7.0, , 
,626.47,1856,79.5,-9.0,11101010,625.72,1888,23.5,3.09,316.2,626.09,0.0,7.0, , 
,627.59,1856,79.5,-10.2,11101010,626.84,1856,23.5,3.09,316.2,627.22,0.0,7.0, , 
,628.72,1856,79.5,-7.4,11101010,627.97,1856,23.5,3.09,336.6,628.33,0.0,7.0, , 
,629.84,1856,79.5,-8.2,11101010,629.09,1856,23.5,3.09,336.6,629.47,0.0,7.0, , 
,630.91,1792,79.5,-11.7,11111110,630.21,1856,22.0,3.09,316.2,630.57,0.0,7.0, , 
,631.93,1760,79.5,0.0,11111110,631.27,1824,20.8,2.06,295.8,631.58,0.0,7.0, , 
,632.92,1696,79.5,0.0,11101010,632.26,1728,0.0,0.00,316.2,632.59,0.0,7.0, , 
,633.91,1664,79.5,0.0,11101010,633.25,1664,20.8,3.09,295.8,633.58,0.0,7.0, , 
,634.94,1632,79.5,0.0,11101010,634.25,1664,22.0,3.09,316.2,634.60,0.0,7.0, , 
,635.94,1792,79.5,0.0,11101010,635.28,1696,72.2,13.39,826.2,635.64,0.0,7.0, , 
,637.01,1920,78.0,0.0,11101010,636.30,1824,73.7,11.33,826.2,636.66,0.0,7.0, , 
,638.05,2080,79.5,1.6,11101000,637.37,2016,67.8,10.30,754.8,637.72,0.0,7.0, , 
,639.06,2144,79.5,2.7,11101000,638.38,2080,45.9,6.18,550.8,638.71,0.0,7.0, , 
,640.09,2176,79.5,3.9,11101000,639.40,2144,42.7,6.18,499.8,639.75,0.0,7.0, , 
,641.10,2240,79.5,5.5,11101000,640.43,2208,44.3,6.18,520.2,640.76,0.0,7.0, , 
,642.10,2272,79.5,6.6,11101000,641.43,2240,42.7,6.18,499.8,641.76,0.0,7.0, , 
,643.10,2304,79.5,0.0,11111100,642.43,2272,41.2,6.18,479.4,642.78,0.0,7.0, , 
,644.11,2240,79.5,0.0,11111100,643.43,2272,17.6,2.06,244.8,643.78,0.0,7.0, , 
,645.13,2176,79.5,0.0,11101000,644.45,2208,16.1,2.06,244.8,644.80,0.0,7.0, , 
,646.14,2144,79.5,-5.9,11101000,645.46,2176,19.2,3.09,275.4,645.79,0.0,7.0, , 
,647.16,2112,79.5,-8.2,11101000,646.49,2112,23.5,3.09,336.6,646.83,0.0,7.0, , 
,648.19,2112,79.5,-4.7,11101000,647.49,2112,32.5,4.12,397.8,647.82,0.0,7.0, , 
,649.19,2144,79.5,-0.4,11101000,648.52,2112,40.0,5.15,479.4,648.84,0.0,7.0, , 
,650.23,2208,79.5,3.5,11101000,649.54,2176,47.1,6.18,550.8,649.89,0.0,7.0, , 
,651.24,2272,79.5,6.6,11101000,650.58,2208,47.1,7.21,550.8,650.91,0.0,7.0, , 
,652.26,2336,79.5,5.5,11101000,651.58,2272,50.2,7.21,591.6,651.92,0.0,7.0, , 
,653.30,2368,79.5,3.9,11101001,652.61,2336,44.3,6.18,499.8,652.96,0.0,7.0, , 
,654.35,2400,79.5,3.5,11101001,653.65,2368,44.3,7.21,499.8,653.99,0.0,7.0, , 
,655.42,2464,79.5,-3.9,11101001,654.73,2432,42.7,6.18,499.8,655.08,0.0,7.0, , 
,656.44,2528,79.5,3.5,11101001,655.76,2464,53.3,8.24,612.0,656.10,0.0,7.0, , 
,657.45,2656,79.5,7.4,11101001,656.77,2560,62.0,10.30,673.2,657.10,0.0,7.0, , 
,658.47,2752,79.5,9.8,11101001,657.80,2688,60.4,10.30,673.2,658.13,0.0,7.0, , 
,659.49,2368,79.5,0.0,11111101,658.82,2784,56.1,9.27,632.4,659.16,0.0,7.0, , 
,660.50,1024,79.5,0.0,11111111,659.84,1888,0.0,0.00,295.8,660.17,0.0,0.0, , 
,661.53,1984,79.5,0.0,11101001,660.82,1376,23.5,4.12,336.6,661.17,0.0,7.0, , 
,662.60,1984,79.5,-7.8,11101011,661.89,1984,19.2,3.09,295.8,662.25,0.0,7.0, , 
,663.64,2016,79.5,0.0,11101001,662.94,1984,44.3,6.18,520.2,663.29,0.0,7.0, , 
,664.71,2048,79.5,0.8,11101001,664.01,2016,50.2,7.21,591.6,664.36,0.0,7.0, , 
,665.77,2080,79.5,0.8,11101001,665.06,2048,48.6,7.21,571.2,665.41,0.0,7.0, , 
,666.78,2080,81.0,0.8,11101001,666.11,2080,47.1,7.21,571.2,666.44,0.0,7.0, , 
,667.84,2112,81.0,0.4,11101001,667.14,2112,47.1,7.21,550.8,667.48,0.0,7.0, , 
,668.88,2144,81.0,0.4,11101001,668.19,2144,44.3,6.18,520.2,668.54,0.0,7.0, , 
,669.91,2176,81.0,0.0,11101001,669.21,2144,44.3,6.18,520.2,669.56,0.0,7.0, , 
,670.94,2176,81.0,-0.4,11101001,670.25,2176,44.3,6.18,520.2,670.59,0.0,7.0, , 
,671.96,2208,81.0,0.4,11101001,671.28,2208,44.3,6.18,520.2,671.62,0.0,7.0, , 
,673.00,2208,81.0,-3.9,11101001,672.31,2208,40.0,6.18,479.4,672.66,0.0,7.0, , 
,674.03,2208,81.0,-5.1,11101001,673.34,2208,31.0,4.12,397.8,673.68,0.0,7.0, , 
,675.06,2240,81.0,-5.9,11101001,674.37,2208,34.1,4.12,418.2,674.71,0.0,7.0, , 
,676.09,2240,81.0,-6.3,11101001,675.41,2208,32.5,4.12,418.2,675.73,0.0,7.0, , 
,677.14,2208,81.0,-6.6,11101001,676.43,2208,32.5,4.12,397.8,676.79,0.0,7.0, , 
,678.16,2208,81.0,-5.1,11101001,677.49,2208,32.5,4.12,397.8,677.82,0.0,7.0, , 
,679.18,2208,81.0,-4.3,11101001,678.49,2208,32.5,4.12,397.8,678.83,0.0,7.0, , 
,680.22,2208,81.0,-4.7,11101001,679.54,2208,32.5,4.12,397.8,679.89,0.0,7.0, , 
,681.24,2208,81.0,-3.9,11101001,680.56,2208,32.5,4.12,397.8,680.90,0.0,6.6, , 
,682.25,2208,81.0,-1.6,11101001,681.56,2208,34.1,5.15,418.2,681.90,0.0,6.6, , 
,683.28,2240,81.0,-0.8,11101001,682.60,2208,41.2,6.18,479.4,682.96,0.0,6.6, , 
,684.31,2240,81.0,2.0,11101001,683.62,2240,44.3,6.18,520.2,683.97,0.0,6.6, , 
,685.30,2272,81.0,2.0,11101001,684.64,2272,42.7,6.18,499.8,684.97,0.0,6.6, , 
,686.34,2304,81.0,1.6,11101001,685.65,2272,41.2,6.18,499.8,686.00,0.0,6.6, , 
,687.38,2304,81.0,0.4,11101001,686.69,2304,42.7,6.18,499.8,687.03,0.0,6.6, , 
,688.41,2336,81.0,0.0,11101001,687.72,2304,42.7,6.18,499.8,688.07,0.0,6.6, , 
,689.42,2336,81.0,0.0,11101001,688.75,2336,42.7,6.18,499.8,689.10,0.0,6.6, , 
,690.46,2400,81.0,1.6,11101001,689.75,2368,56.1,8.24,632.4,690.12,0.0,6.6, , 
,691.53,2432,81.0,0.0,11101001,690.84,2400,50.2,7.21,571.2,691.19,0.0,6.6, , 
,692.60,2464,81.0,3.9,11101001,691.90,2432,48.6,7.21,571.2,692.26,0.0,6.6, , 
,693.69,2496,81.0,3.5,11101001,692.96,2464,48.6,7.21,550.8,693.32,0.0,6.6, , 
,694.68,2528,81.0,3.9,11101001,694.03,2496,56.1,9.27,612.0,694.36,0.0,6.6, , 
,695.70,2560,81.0,3.9,11101001,695.01,2528,50.2,8.24,571.2,695.36,0.0,6.6, , 
,696.71,2592,81.0,5.1,11101001,696.04,2560,50.2,8.24,571.2,696.38,0.0,6.6, , 
,697.72,2624,81.0,5.5,11101001,697.06,2592,50.2,8.24,571.2,697.38,0.0,6.6, , 
,698.75,2688,81.0,0.0,11101001,698.06,2624,56.1,8.24,632.4,698.41,0.0,6.6, , 
,699.80,2784,82.5,-1.2,11101001,699.09,2720,85.5,14.42,907.8,699.45,0.0,6.6, , 
,700.84,2912,81.0,2.7,11101001,700.15,2816,90.2,16.48,969.0,700.49,0.0,6.6, , 
,702.06,2784,82.5,0.0,11111101,701.27,2944,91.4,16.48,969.0,701.73,0.0,6.6, , 
,703.08,1664,82.5,0.0,11101011,702.40,2304,0.0,0.00,295.8,702.73,0.0,6.6, , 
,704.06,2272,81.0,0.0,11101001,703.40,2400,38.4,6.18,459.0,703.73,0.0,6.6, , 
,705.06,2336,82.5,0.0,11101001,704.39,2304,65.1,10.30,714.0,704.73,0.0,6.6, , 
,706.06,2368,82.5,-2.7,11101001,705.41,2336,85.5,15.45,928.2,705.72,0.0,6.6, , 
,707.09,2400,82.5,-3.1,11101001,706.43,2368,87.1,14.42,948.6,706.75,0.0,6.6, , 
,708.09,2432,82.5,0.0,11101001,707.43,2400,85.5,13.39,928.2,707.76,0.0,6.6, , 
,709.16,2464,82.5,3.1,11101001,708.44,2432,67.8,11.33,754.8,708.78,0.0,6.6, , 
,710.21,2464,82.5,8.2,11101001,709.51,2464,65.1,10.30,714.0,709.86,0.0,6.6, , 
,711.25,2464,82.5,9.8,11101001,710.55,2464,62.0,10.30,693.6,710.91,0.0,6.6, , 
,712.30,2464,82.5,0.0,11101001,711.61,2464,59.2,10.30,652.8,711.97,0.0,6.6, , 
,713.35,2432,82.5,0.0,11101001,712.65,2464,44.3,6.18,520.2,713.00,0.0,6.6, , 
,714.38,2432,82.5,0.8,11101001,713.69,2432,45.9,7.21,520.2,714.03,0.0,6.6, , 
,715.43,2400,82.5,3.9,11101001,714.74,2432,50.2,7.21,571.2,715.09,0.0,6.6, , 
,716.53,2400,82.5,7.4,11101001,715.80,2400,59.2,9.27,673.2,716.15,0.0,6.6, , 
,717.51,2368,82.5,9.4,11101001,716.86,2400,63.5,10.30,714.0,717.18,0.0,6.6, , 
,718.56,2368,82.5,8.2,11101001,717.87,2368,67.8,11.33,754.8,718.21,0.0,6.6, , 
,719.56,2368,82.5,5.1,11101001,718.90,2368,75.3,13.39,846.6,719.24,0.0,6.6, , 
,720.54,2336,82.5,2.3,11101001,719.89,2336,79.6,13.39,867.0,720.22,0.0,6.6, , 
,721.56,2336,82.5,-0.8,11101001,720.89,2336,81.2,13.39,887.4,721.22,0.0,6.6, , 
,722.57,2304,82.5,-1.6,11101001,721.90,2336,82.7,13.39,907.8,722.24,0.0,6.6, , 
,723.60,2304,82.5,-2.7,11101001,722.90,2304,84.3,14.42,928.2,723.25,0.0,6.6, , 
,724.62,2304,82.5,-2.7,11101001,723.95,2304,85.5,14.42,928.2,724.28,0.0,6.6, , 
,725.65,2304,82.5,-2.7,11101001,724.96,2304,85.5,14.42,928.2,725.29,0.0,6.6, , 
,726.64,2304,82.5,0.8,11101001,725.98,2304,81.2,13.39,887.4,726.32,0.0,6.6, , 
,727.65,2304,82.5,2.0,11101001,726.98,2304,79.6,13.39,887.4,727.31,0.0,6.6, , 
,728.66,2304,82.5,0.0,11101001,728.00,2304,78.4,13.39,867.0,728.32,0.0,6.6, , 
,729.67,2304,84.0,3.9,11101001,728.99,2304,60.4,9.27,693.6,729.32,0.0,6.6, , 
,730.71,2304,84.0,6.3,11101001,730.01,2304,60.4,9.27,673.2,730.36,0.0,6.6, , 
,731.71,2272,84.0,5.9,11101001,731.04,2272,57.6,9.27,652.8,731.39,0.0,6.6, , 
,732.72,2272,84.0,4.3,11101001,732.05,2272,50.2,8.24,591.6,732.37,0.0,6.6, , 
,733.76,2272,84.0,1.2,11101001,733.06,2272,47.1,7.21,550.8,733.40,0.0,6.6, , 
,734.77,2304,84.0,4.7,11101001,734.09,2272,47.1,7.21,550.8,734.43,0.0,6.6, , 
,735.78,2304,84.0,2.0,11101001,735.09,2304,45.9,6.18,520.2,735.43,0.0,6.6, , 
,736.78,2336,84.0,0.4,11101001,736.13,2304,40.0,6.18,459.0,736.45,0.0,6.6, , 
,737.78,2336,84.0,3.1,11101001,737.13,2336,38.4,5.15,459.0,737.46,0.0,6.6, , 
,738.79,2368,84.0,0.8,11101001,738.12,2336,36.9,5.15,438.6,738.46,0.0,6.6, , 
,739.81,2400,84.0,0.0,11111101,739.13,2368,35.3,5.15,438.6,739.47,0.0,6.6, , 
,740.77,2400,84.0,0.0,11111101,740.13,2368,19.2,2.06,275.4,740.44,0.0,6.6, , 
,741.74,2368,84.0,0.0,11101001,741.08,2400,0.0,0.00,244.8,741.40,0.0,6.6, , 
,742.73,2400,84.0,0.0,11101001,742.05,2400,16.1,2.06,244.8,742.40,0.0,6.6, , 
,743.76,2432,84.0,-6.3,11101001,743.07,2400,17.6,2.06,275.4,743.42,0.0,6.6, , 
,744.78,2432,84.0,-0.8,11101001,744.11,2432,20.8,2.06,295.8,744.45,0.0,6.6, , 
,745.81,2432,84.0,13.3,11101001,745.14,2432,32.5,3.09,397.8,745.47,0.0,6.6, , 
,746.84,2464,84.0,20.3,11101001,746.13,2464,31.0,4.12,397.8,746.48,0.0,6.6, , 
,747.85,2496,84.0,30.5,11101001,747.17,2496,38.4,5.15,459.0,747.51,0.0,6.6, , 
,748.87,2528,84.0,35.2,11101001,748.19,2528,48.6,7.21,571.2,748.53,0.0,6.6, , 
,749.91,2560,84.0,34.8,11101001,749.23,2528,44.3,6.18,520.2,749.57,0.0,6.6, , 
,750.94,2560,82.5,6.6,11101001,750.25,2560,44.3,6.18,499.8,750.59,0.0,6.6, , 
,751.95,2560,82.5,2.3,11101001,751.27,2560,32.5,5.15,397.8,751.60,0.0,6.6, , 
,752.96,2496,84.0,0.4,11101001,752.31,2528,25.1,3.09,336.6,752.63,0.0,6.6, , 
,753.97,2496,82.5,4.7,11101001,753.30,2496,32.5,4.12,397.8,753.64,0.0,6.6, , 
,755.04,2464,82.5,8.6,11101001,754.32,2464,41.2,6.18,479.4,754.67,0.0,6.6, , 
,756.12,2464,82.5,14.1,11101001,755.42,2464,50.2,8.24,591.6,755.78,0.0,6.6, , 
,757.19,2464,82.5,16.0,11101001,756.48,2464,51.8,8.24,591.6,756.83,0.0,6.6, , 
,758.29,2464,82.5,16.4,11101001,757.55,2464,50.2,8.24,591.6,757.92,0.0,6.6, , 
,759.35,2464,82.5,13.3,11101001,758.65,2464,50.2,8.24,571.2,758.99,0.0,6.6, , 
,760.42,2464,82.5,12.5,11101001,759.69,2464,50.2,8.24,571.2,760.04,0.0,6.6, , 
,761.50,2464,82.5,11.3,11101001,760.78,2464,50.2,8.24,571.2,761.14,0.0,6.6, , 
,762.55,2464,82.5,7.0,11101001,761.85,2464,50.2,8.24,571.2,762.20,0.0,6.6, , 
,763.61,2496,82.5,5.9,11101001,762.91,2464,50.2,8.24,571.2,763.26,0.0,6.6, , 
,764.57,2496,82.5,5.5,11101001,763.92,2496,48.6,7.21,571.2,764.23,0.0,6.6, , 
,765.61,2496,82.5,3.9,11101001,764.93,2496,48.6,7.21,571.2,765.27,0.0,6.6, , 
,766.61,2496,82.5,3.1,11101001,765.94,2496,48.6,7.21,571.2,766.26,0.0,6.6, , 
,767.60,2528,82.5,3.9,11101001,766.91,2496,48.6,7.21,571.2,767.24,0.0,6.6, , 
,768.63,2528,82.5,3.5,11101001,767.93,2528,50.2,7.21,571.2,768.27,0.0,6.6, , 
,769.65,2560,82.5,2.3,11101001,768.97,2528,50.2,7.21,571.2,769.31,0.0,6.6, , 
,770.68,2560,82.5,1.6,11101001,770.00,2560,48.6,7.21,571.2,770.34,0.0,6.6, , 
,771.66,2592,82.5,0.4,11101001,771.02,2592,48.6,7.21,550.8,771.33,0.0,6.6, , 
,772.65,2624,82.5,2.0,11101001,772.00,2592,47.1,7.21,550.8,772.32,0.0,6.6, , 
,773.66,2624,82.5,2.0,11101001,773.02,2624,47.1,7.21,550.8,773.33,0.0,6.6, , 
,774.67,2656,82.5,2.3,11101001,773.99,2624,47.1,7.21,550.8,774.33,0.0,6.6, , 
,775.74,2656,82.5,2.0,11101001,775.01,2656,47.1,7.21,550.8,775.38,0.0,6.6, , 
,776.72,2592,82.5,0.0,11111101,776.08,2656,42.7,6.18,499.8,776.41,0.0,6.6, , 
,777.70,2624,84.0,0.0,11101001,777.05,2624,0.0,0.00,275.4,777.38,0.0,6.6, , 
,778.69,2560,82.5,-8.6,11101001,778.02,2592,17.6,2.06,244.8,778.35,0.0,6.6, , 
,779.71,2560,82.5,-3.9,11101001,779.02,2592,38.4,5.15,459.0,779.36,0.0,6.6, , 
,780.71,2560,82.5,-1.2,11101001,780.04,2560,38.4,5.15,459.0,780.38,0.0,6.6, , 
,781.71,2560,82.5,2.3,11101001,781.03,2560,41.2,6.18,479.4,781.37,0.0,6.6, , 
,782.77,2560,82.5,3.9,11101001,782.06,2560,40.0,6.18,459.0,782.43,0.0,6.6, , 
,783.74,2560,82.5,3.5,11101001,783.10,2560,40.0,6.18,479.4,783.43,0.0,6.6, , 
,784.77,2560,82.5,3.9,11101001,784.08,2560,40.0,6.18,479.4,784.43,0.0,6.6, , 
,785.78,2560,82.5,3.1,11101001,785.10,2560,40.0,6.18,479.4,785.43,0.0,6.6, , 
,786.79,2560,82.5,1.6,11101001,786.12,2560,40.0,6.18,459.0,786.45,0.0,6.6, , 
,787.85,2528,82.5,2.0,11101001,787.15,2560,40.0,6.18,479.4,787.52,0.0,6.6, , 
,788.85,2528,82.5,-0.4,11101001,788.16,2528,50.2,7.21,571.2,788.51,0.0,6.6, , 
,789.88,2528,82.5,3.5,11101001,789.18,2528,56.1,8.24,632.4,789.53,0.0,6.6, , 
,790.92,2528,82.5,7.4,11101001,790.24,2528,57.6,9.27,652.8,790.58,0.0,6.6, , 
,791.95,2560,82.5,9.0,11101001,791.25,2560,57.6,9.27,632.4,791.61,0.0,6.6, , 
,792.99,2560,82.5,9.4,11101001,792.30,2560,57.6,9.27,632.4,792.65,0.0,6.6, , 
,794.02,2560,82.5,7.4,11101001,793.33,2560,54.5,9.27,632.4,793.67,0.0,6.6, , 
,795.03,2560,82.5,4.7,11101001,794.35,2560,45.9,7.21,520.2,794.67,0.0,6.6, , 
,795.99,2528,82.5,1.6,11101001,795.35,2528,35.3,5.15,438.6,795.68,0.0,6.6, , 
,797.04,2528,82.5,-0.8,11101001,796.35,2528,36.9,5.15,438.6,796.69,0.0,6.6, , 
,798.07,2496,82.5,-1.6,11101001,797.39,2496,36.9,5.15,438.6,797.73,0.0,6.6, , 
,799.09,2496,82.5,-1.2,11101001,798.40,2496,38.4,5.15,459.0,798.74,0.0,6.6, , 
,800.19,2464,82.5,2.0,11101001,799.45,2464,38.4,5.15,459.0,799.83,0.0,6.6, , 
,801.26,2432,82.5,5.1,11101001,800.54,2464,41.2,6.18,479.4,800.89,0.0,6.6, , 
,802.32,2432,82.5,6.6,11101001,801.61,2432,42.7,6.18,499.8,801.98,0.0,6.6, , 
,803.37,2432,82.5,8.6,11101001,802.68,2432,47.1,7.21,550.8,803.03,0.0,6.6, , 
,804.43,2432,82.5,11.7,11101001,803.73,2432,56.1,9.27,632.4,804.08,0.0,6.6, , 
,805.43,2432,82.5,11.7,11101001,804.77,2432,51.8,8.24,591.6,805.10,0.0,6.6, , 
,806.47,2464,82.5,12.1,11101001,805.77,2464,51.8,8.24,591.6,806.11,0.0,6.6, , 
,807.52,2496,82.5,12.1,11101001,806.82,2464,51.8,8.24,591.6,807.17,0.0,6.6, , 
,808.51,2496,82.5,8.6,11101001,807.84,2496,50.2,8.24,591.6,808.17,0.0,6.6, , 
,809.54,2528,82.5,7.0,11101001,808.83,2496,50.2,8.24,591.6,809.20,0.0,6.6, , 
,810.61,2528,82.5,5.5,11101001,809.91,2528,45.9,7.21,520.2,810.25,0.0,6.6, , 
,811.63,2528,82.5,4.3,11101001,810.93,2528,44.3,7.21,520.2,811.27,0.0,6.6, , 
,812.67,2528,82.5,3.1,11101001,811.96,2528,45.9,7.21,520.2,812.29,0.0,6.6, , 
,813.72,2528,82.5,3.9,11101001,813.01,2528,45.9,7.21,520.2,813.34,0.0,6.6, , 
,814.77,2528,82.5,3.9,11101001,814.06,2528,45.9,7.21,550.8,814.42,0.0,6.6, , 
,815.81,2528,82.5,3.5,11101001,815.11,2528,45.9,7.21,520.2,815.46,0.0,6.6, , 
,816.84,2528,82.5,4.3,11101001,816.19,2528,45.9,7.21,520.2,816.52,0.0,6.6, , 
,817.83,2496,82.5,-1.6,11101001,817.17,2496,36.9,5.15,438.6,817.52,0.0,6.6, , 
,818.87,2464,82.5,-5.1,11101001,818.17,2496,26.7,3.09,336.6,818.50,0.0,6.6, , 
,819.96,2464,82.5,-5.9,11101001,819.23,2464,26.7,3.09,336.6,819.59,0.0,6.6, , 
,821.03,2432,82.5,-3.1,11101001,820.29,2432,31.0,4.12,377.4,820.67,0.0,6.6, , 
,822.15,2432,82.5,1.6,11101001,821.40,2432,40.0,5.15,479.4,821.78,0.0,6.6, , 
,823.22,2432,82.5,4.3,11101001,822.51,2432,40.0,6.18,479.4,822.86,0.0,6.6, , 
,824.31,2432,82.5,6.6,11101001,823.58,2432,40.0,6.18,479.4,823.95,0.0,6.6, , 
,825.36,2432,84.0,8.6,11101001,824.68,2432,45.9,7.21,520.2,825.02,0.0,6.6, , 
,826.44,2464,82.5,9.0,11101001,825.69,2464,44.3,7.21,520.2,826.07,0.0,6.6, , 
,827.49,2496,82.5,9.0,11101001,826.79,2464,44.3,7.21,520.2,827.14,0.0,6.6, , 
,828.52,2496,82.5,8.2,11101001,827.84,2496,42.7,6.18,499.8,828.16,0.0,6.6, , 
,829.55,2528,82.5,7.8,11101001,828.87,2496,42.7,6.18,499.8,829.22,0.0,6.6, , 
,830.58,2528,82.5,6.3,11101001,829.89,2528,42.7,6.18,499.8,830.24,0.0,6.6, , 
,831.64,2528,82.5,6.3,11101001,830.92,2528,42.7,6.18,499.8,831.28,0.0,6.6, , 
,832.68,2528,82.5,5.9,11101001,831.99,2528,42.7,6.18,499.8,832.32,0.0,6.6, , 
,833.73,2528,82.5,0.8,11101001,833.01,2528,29.4,4.12,377.4,833.38,0.0,6.6, , 
,834.77,2528,82.5,-1.6,11101001,834.07,2528,31.0,4.12,377.4,834.40,0.0,6.6, , 
,835.79,2496,82.5,-1.6,11101001,835.11,2528,31.0,4.12,377.4,835.47,0.0,6.6, , 
,836.81,2496,82.5,1.2,11101001,836.11,2496,36.9,5.15,438.6,836.47,0.0,6.6, , 
,837.84,2496,82.5,3.5,11101001,837.16,2496,40.0,6.18,459.0,837.49,0.0,6.6, , 
,838.78,2496,82.5,5.9,11101001,838.16,2496,41.2,6.18,479.4,838.46,0.0,6.6, , 
,839.84,2464,82.5,7.0,11101001,839.13,2496,42.7,6.18,499.8,839.48,0.0,6.6, , 
,840.86,2432,82.5,0.0,11111101,840.20,2464,41.2,6.18,479.4,840.54,0.0,6.6, , 
,841.83,2400,82.5,0.0,11111101,841.18,2432,19.2,3.09,275.4,841.50,0.0,6.6, , 
,842.81,2368,82.5,0.0,11111101,842.16,2368,0.0,0.00,244.8,842.48,0.0,6.6, , 
,843.78,2336,82.5,0.0,11101001,843.14,2336,0.0,0.00,244.8,843.46,0.0,6.6, , 
,844.79,2304,82.5,0.0,11101001,844.10,2304,16.1,3.09,244.8,844.43,0.0,6.6, , 
,845.78,2272,82.5,-10.5,11101001,845.11,2272,20.8,3.09,295.8,845.44,0.0,6.6, , 
,846.79,2272,82.5,-7.4,11101001,846.12,2272,26.7,3.09,336.6,846.46,0.0,6.6, , 
,847.77,2304,82.5,-4.7,11101001,847.12,2272,50.2,6.18,571.2,847.46,0.0,6.6, , 
,848.74,2304,82.5,3.5,11101001,848.09,2304,54.5,7.21,612.0,848.43,0.0,6.6, , 
,849.73,2304,82.5,5.9,11101001,849.07,2304,54.5,8.24,632.4,849.41,0.0,6.6, , 
,850.70,2336,82.5,12.1,11101001,850.05,2336,63.5,10.30,714.0,850.37,0.0,6.6, , 
,851.75,2368,82.5,16.4,11101001,851.05,2368,63.5,11.33,714.0,851.40,0.0,6.6, , 
,852.76,2368,82.5,2.0,11101001,852.10,2368,45.9,6.18,550.8,852.42,0.0,6.6, , 
,853.79,2368,82.5,5.5,11101001,853.11,2368,44.3,6.18,520.2,853.46,0.0,6.6, , 
,854.83,2368,82.5,9.0,11101001,854.15,2368,44.3,6.18,499.8,854.50,0.0,6.6, , 
,855.83,2368,82.5,12.1,11101001,855.16,2368,44.3,7.21,520.2,855.51,0.0,6.6, , 
,856.86,2400,82.5,11.7,11101001,856.17,2368,44.3,7.21,520.2,856.53,0.0,6.6, , 
,857.89,2400,82.5,12.1,11101001,857.24,2400,44.3,7.21,520.2,857.57,0.0,6.6, , 
,858.92,2400,82.5,9.4,11101001,858.25,2400,40.0,6.18,479.4,858.59,0.0,6.6, , 
,859.97,2400,82.5,3.9,11101001,859.27,2400,35.3,5.15,438.6,859.62,0.0,6.6, , 
,861.01,2400,82.5,3.1,11101001,860.29,2400,32.5,5.15,397.8,860.66,0.0,6.6, , 
,861.98,2400,82.5,2.0,11101001,861.32,2400,34.1,5.15,418.2,861.63,0.0,6.6, , 
,862.98,2400,82.5,0.8,11101001,862.33,2400,34.1,5.15,418.2,862.66,0.0,6.6, , 
,863.94,2368,82.5,0.4,11101001,863.31,2400,34.1,5.15,418.2,863.63,0.0,6.6, , 
,864.95,2368,82.5,0.0,11101001,864.29,2368,32.5,4.12,397.8,864.63,0.0,6.6, , 
,865.93,2368,82.5,-1.2,11101001,865.29,2368,28.2,4.12,357.0,865.61,0.0,6.6, , 
,866.90,2368,82.5,-5.9,11101001,866.25,2368,22.0,3.09,295.8,866.58,0.0,6.6, , 
,867.92,2336,82.5,-9.0,11101001,867.22,2336,22.0,3.09,295.8,867.56,0.0,6.6, , 
,868.94,2336,82.5,-10.9,11101001,868.27,2336,22.0,3.09,295.8,868.59,0.0,6.6, , 
,869.92,2336,82.5,-10.9,11101001,869.27,2336,22.0,3.09,295.8,869.59,0.0,6.6, , 
,870.95,2304,81.0,-9.0,11101001,870.25,2336,22.0,3.09,295.8,870.60,0.0,6.6, , 
,871.94,2304,82.5,-6.3,11101001,871.28,2304,22.0,3.09,295.8,871.61,0.0,6.6, , 
,872.93,2272,82.5,-4.7,11101001,872.27,2304,22.0,3.09,316.2,872.60,0.0,6.6, , 
,873.93,2272,81.0,-3.9,11101001,873.26,2272,22.0,3.09,316.2,873.60,0.0,6.6, , 
,874.93,2240,82.5,-3.5,11101001,874.26,2272,23.5,3.09,316.2,874.60,0.0,6.6, , 
,875.94,2240,81.0,5.1,11101001,875.26,2240,38.4,5.15,459.0,875.59,0.0,6.6, , 
,876.98,2240,81.0,2.3,11101001,876.27,2240,38.4,6.18,459.0,876.62,0.0,6.6, , 
,878.00,2208,81.0,-5.9,11111101,877.32,2240,25.1,3.09,336.6,877.65,0.0,6.6, , 
,879.02,2176,81.0,0.0,11111101,878.34,2144,17.6,2.06,275.4,878.68,0.0,6.6, , 
,880.02,2112,81.0,0.0,11111101,879.35,2144,0.0,0.00,244.8,879.69,0.0,6.6, , 
,881.06,2080,81.0,0.0,11111101,880.38,2112,0.0,0.00,244.8,880.72,0.0,6.6, , 
,882.10,2016,81.0,0.0,11111101,881.41,2048,0.0,0.00,244.8,881.75,0.0,6.6, , 
,883.19,1984,81.0,0.0,11101011,882.45,2016,0.0,0.00,244.8,882.81,0.0,6.6, , 
,884.23,1952,81.0,0.0,11101011,883.53,1984,14.9,2.06,244.8,883.90,0.0,6.6, , 
,885.35,1952,81.0,-7.8,11101011,884.60,1952,16.1,2.06,244.8,884.97,0.0,6.6, , 
,886.46,1952,81.0,1.2,11101011,885.72,1920,53.3,8.24,612.0,886.09,0.0,6.6, , 
,887.53,1952,81.0,0.0,11101011,886.81,1952,53.3,8.24,632.4,887.18,0.0,6.6, , 
,888.64,1952,81.0,2.3,11101011,887.91,1952,42.7,6.18,499.8,888.28,0.0,6.6, , 
,889.72,1952,81.0,2.0,11101011,889.01,1952,48.6,7.21,591.6,889.36,0.0,6.6, , 
,890.81,1952,81.0,2.3,11101011,890.08,1952,48.6,7.21,591.6,890.44,0.0,6.6, , 
,891.92,1920,81.0,1.6,11101011,891.18,1952,50.2,7.21,591.6,891.55,0.0,6.6, , 
,893.01,1920,81.0,0.0,11101011,892.29,1920,50.2,7.21,591.6,892.64,0.0,6.6, , 
,894.09,1888,81.0,-3.9,11101011,893.37,1920,28.2,4.12,377.4,893.73,0.0,6.6, , 
,895.19,1856,81.0,-3.9,11101011,894.46,1888,23.5,3.09,336.6,894.82,0.0,6.6, , 
,896.28,1824,81.0,-0.8,11101011,895.57,1856,25.1,3.09,336.6,895.93,0.0,6.6, , 
,897.37,1824,81.0,-0.8,11101011,896.64,1824,28.2,3.09,377.4,897.01,0.0,6.6, , 
,898.47,1824,81.0,-1.2,11101011,897.73,1824,28.2,3.09,377.4,898.09,0.0,6.6, , 
,899.57,1824,81.0,-2.3,11101011,898.84,1824,23.5,3.09,336.6,899.21,0.0,6.6, , 
,900.64,1728,81.0,0.0,11111111,899.93,1824,23.5,3.09,336.6,900.31,0.0,6.6, , 
,901.61,1120,81.0,0.0,11111111,900.95,1312,0.0,0.00,336.6,901.29,0.0,0.0, , 
,902.57,2272,81.0,0.0,11101001,901.90,1376,25.1,4.12,357.0,902.24,0.0,6.6, , 
,903.56,2240,81.0,-10.5,11101001,902.89,2272,16.1,2.06,244.8,903.23,0.0,6.6, , 
,904.56,2208,81.0,-12.9,11101001,903.88,2240,19.2,2.06,275.4,904.21,0.0,6.6, , 
,905.56,2208,81.0,-12.1,11101001,904.90,2176,35.3,4.12,438.6,905.24,0.0,6.6, , 
,906.57,2208,81.0,-8.2,11101001,905.90,2208,42.7,5.15,499.8,906.23,0.0,6.6, , 
,907.58,2176,81.0,-8.6,11101001,906.91,2208,28.2,4.12,377.4,907.23,0.0,6.6, , 
,908.62,2176,81.0,-10.9,11101001,907.93,2176,29.4,4.12,377.4,908.28,0.0,6.6, , 
,909.62,2176,81.0,0.0,11101001,908.95,2176,54.5,8.24,632.4,909.28,0.0,6.6, , 
,910.65,2176,81.0,1.2,11101001,909.95,2176,42.7,6.18,499.8,910.30,0.0,6.6, , 
,911.68,2176,81.0,1.2,11101001,910.99,2176,42.7,6.18,499.8,911.33,0.0,6.6, , 
,912.70,2144,81.0,-2.0,11101001,912.00,2176,38.4,6.18,459.0,912.34,0.0,6.6, , 
,913.73,2112,81.0,-7.8,11101001,913.04,2144,23.5,3.09,316.2,913.37,0.0,6.6, , 
,914.73,2080,81.0,-4.3,11101001,914.05,2080,23.5,3.09,336.6,914.40,0.0,6.6, , 
,915.77,2048,81.0,5.5,11101001,915.08,2048,36.9,4.12,459.0,915.43,0.0,6.6, , 
,916.83,2016,81.0,9.4,11101001,916.14,2016,38.4,5.15,459.0,916.49,0.0,6.6, , 
,917.90,1984,81.0,12.5,11101001,917.19,2016,41.2,6.18,499.8,917.55,0.0,6.6, , 
,918.99,1984,81.0,13.3,11101011,918.25,1984,40.0,6.18,479.4,918.61,0.0,6.6, , 
,920.05,1952,81.0,14.1,11101011,919.33,1952,41.2,6.18,499.8,919.68,0.0,6.6, , 
,921.15,1952,81.0,14.1,11101011,920.43,1952,42.7,6.18,499.8,920.78,0.0,6.6, , 
,922.23,1952,81.0,11.7,11101011,921.50,1952,51.8,7.21,612.0,921.86,0.0,6.6, , 
,923.31,1984,81.0,11.3,11101011,922.59,1952,50.2,7.21,591.6,922.95,0.0,6.6, , 
,924.38,1984,81.0,12.1,11101001,923.68,1984,41.2,6.18,499.8,924.04,0.0,6.6, , 
,925.47,1984,81.0,11.7,11101011,924.74,1984,38.4,5.15,459.0,925.09,0.0,6.6, , 
,926.53,1984,81.0,12.1,11101001,925.83,1984,40.0,5.15,479.4,926.19,0.0,6.6, , 
,927.62,1984,81.0,11.7,11101001,926.89,1984,38.4,5.15,479.4,927.25,0.0,6.6, , 
,928.67,2016,81.0,14.1,11101001,927.97,1984,44.3,6.18,520.2,928.32,0.0,6.6, , 
,929.72,2016,81.0,4.3,11101001,929.02,2016,44.3,6.18,520.2,929.36,0.0,6.6, , 
,930.76,2016,81.0,3.5,11101001,930.07,2016,44.3,6.18,520.2,930.41,0.0,6.6, , 
,931.80,2048,81.0,3.5,11101001,931.10,2016,44.3,6.18,520.2,931.45,0.0,6.6, , 
,932.84,2048,81.0,3.5,11101001,932.15,2048,44.3,6.18,520.2,932.49,0.0,6.6, , 
,933.89,2048,81.0,2.7,11101001,933.20,2048,42.7,6.18,499.8,933.55,0.0,6.6, , 
,934.96,2048,81.0,2.3,11101001,934.24,2048,42.7,6.18,499.8,934.60,0.0,6.6, , 
,935.95,2080,81.0,1.2,11101001,935.29,2080,41.2,6.18,499.8,935.62,0.0,6.6, , 
,936.97,2048,81.0,-6.3,11101001,936.30,2080,28.2,4.12,357.0,936.63,0.0,6.6, , 
,938.06,2048,81.0,-9.8,11101001,937.33,2048,25.1,3.09,336.6,937.69,0.0,6.6, , 
,939.13,2016,81.0,-12.5,11101001,938.44,2048,25.1,3.09,336.6,938.78,0.0,6.6, , 
,940.19,1984,81.0,-12.9,11101001,939.48,2016,26.7,3.09,357.0,939.85,0.0,6.6, , 
,941.28,1984,81.0,-9.0,11101011,940.55,1984,26.7,3.09,357.0,940.93,0.0,6.6, , 
,942.37,1952,81.0,-0.8,11101011,941.66,1952,36.9,4.12,459.0,942.02,0.0,6.6, , 
,943.46,1984,81.0,3.9,11101011,942.74,1952,42.7,6.18,520.2,943.09,0.0,6.6, , 
,944.54,1984,81.0,7.0,11101011,943.81,1952,42.7,6.18,520.2,944.17,0.0,6.6, , 
,945.58,1984,81.0,10.5,11101001,944.88,1984,50.2,7.21,591.6,945.23,0.0,6.6, , 
,946.63,2016,81.0,13.3,11101001,945.94,2016,53.3,8.24,612.0,946.29,0.0,6.6, , 
,947.68,2048,81.0,14.1,11101001,946.97,2016,51.8,8.24,612.0,947.33,0.0,6.6, , 
,948.69,2080,81.0,11.3,11101001,948.01,2048,51.8,8.24,612.0,948.35,0.0,6.6, , 
,949.73,2080,81.0,7.0,11101001,949.05,2080,50.2,8.24,591.6,949.40,0.0,6.6, , 
,950.78,2112,81.0,5.5,11101001,950.09,2080,50.2,7.21,591.6,950.43,0.0,6.6, , 
,951.78,2112,81.0,3.9,11101001,951.12,2112,50.2,7.21,591.6,951.44,0.0,6.6, , 
,952.80,2112,81.0,1.2,11101001,952.12,2112,47.1,7.21,571.2,952.46,0.0,6.6, , 
,953.85,2112,81.0,-0.4,11101001,953.16,2112,44.3,6.18,520.2,953.50,0.0,6.6, , 
,954.86,2080,81.0,-3.1,11101001,954.18,2112,32.5,5.15,418.2,954.52,0.0,6.6, , 
,955.95,2080,81.0,-5.1,11101001,955.23,2080,34.1,4.12,418.2,955.60,0.0,6.6, , 
,957.03,2048,81.0,-11.3,11101001,956.32,2048,28.2,4.12,377.4,956.67,0.0,6.6, , 
,958.08,1984,81.0,-28.1,11101001,957.38,2016,14.9,2.06,244.8,957.74,0.0,6.6, , 
,959.15,1920,81.0,-30.1,11101011,958.43,1952,14.9,1.03,244.8,958.78,0.0,6.6, , 
,960.22,1920,81.0,-27.3,11101011,959.51,1920,16.1,1.03,244.8,959.86,0.0,6.6, , 
,961.31,1888,81.0,-21.5,11101011,960.58,1920,19.2,2.06,275.4,960.94,0.0,6.6, , 
,962.44,1888,81.0,-15.6,11101011,961.70,1888,23.5,3.09,336.6,962.08,0.0,6.6, , 
,963.52,1920,81.0,-8.2,11101011,962.80,1888,28.2,3.09,357.0,963.16,0.0,6.6, , 
,964.60,1952,81.0,0.0,11101011,963.88,1920,38.4,5.15,479.4,964.23,0.0,6.6, , 
,965.68,2016,81.0,0.4,11101001,964.95,1952,51.8,7.21,591.6,965.31,0.0,6.6, , 
,966.73,2048,82.5,0.8,11101001,966.04,2016,48.6,7.21,591.6,966.39,0.0,6.6, , 
,967.78,2080,82.5,0.4,11101001,967.09,2080,47.1,7.21,550.8,967.44,0.0,6.6, , 
,968.81,2112,82.5,0.8,11101001,968.12,2112,47.1,7.21,550.8,968.45,0.0,6.6, , 
,969.87,2144,82.5,0.8,11101001,969.17,2144,47.1,7.21,550.8,969.51,0.0,6.6, , 
,970.88,2176,82.5,0.0,11101001,970.22,2176,47.1,7.21,550.8,970.55,0.0,6.6, , 
,971.90,2208,81.0,0.0,11101001,971.22,2176,47.1,7.21,550.8,971.56,0.0,6.6, , 
,972.93,2240,82.5,-2.0,11101001,972.25,2208,48.6,7.21,571.2,972.59,0.0,6.6, , 
,973.94,2240,82.5,-2.3,11101001,973.25,2240,48.6,7.21,571.2,973.59,0.0,6.6, , 
,974.97,2272,82.5,-2.0,11101001,974.29,2272,47.1,7.21,571.2,974.62,0.0,6.6, , 
,975.99,2336,82.5,1.2,11101001,975.32,2304,57.6,8.24,652.8,975.64,0.0,6.6, , 
,977.05,2400,81.0,5.9,11101001,976.33,2368,69.4,11.33,754.8,976.70,0.0,6.6, , 
,978.10,2464,81.0,9.4,11101001,977.41,2400,69.4,12.36,754.8,977.74,0.0,6.6, , 
,979.10,2528,82.5,10.9,11101001,978.45,2496,67.8,11.33,754.8,978.77,0.0,6.6, , 
,980.08,2592,82.5,0.0,11101001,979.43,2560,67.8,11.33,734.4,979.77,0.0,6.6, , 
,981.09,2688,82.5,2.3,11101001,980.41,2624,76.9,12.36,846.6,980.75,0.0,6.6, , 
,982.13,2752,82.5,0.4,11101001,981.43,2688,78.4,13.39,846.6,981.75,0.0,6.6, , 
,983.19,2880,82.5,-2.0,11101001,982.47,2784,88.6,15.45,948.6,982.84,0.0,6.6, , 
,984.26,2784,82.5,0.0,11111101,983.52,2912,87.1,14.42,928.2,983.93,0.0,6.6, , 
,985.24,1312,82.5,0.0,11101011,984.61,2272,0.0,0.00,295.8,984.93,0.0,6.6, , 
,986.24,2208,82.5,0.0,11101001,985.56,1536,25.1,4.12,336.6,985.91,0.0,6.6, , 
,987.26,2208,82.5,-10.9,11101001,986.57,2208,28.2,4.12,377.4,986.91,0.0,6.6, , 
,988.29,2240,82.5,0.0,11101001,987.61,2208,38.4,5.15,459.0,987.96,0.0,6.6, , 
,989.29,2240,82.5,2.0,11101001,988.62,2240,54.5,8.24,632.4,988.96,0.0,6.6, , 
,990.29,2272,82.5,4.3,11101001,989.61,2240,60.4,9.27,673.2,989.95,0.0,6.6, , 
,991.24,2304,82.5,7.8,11101001,990.60,2272,59.2,9.27,673.2,990.93,0.0,6.6, , 
,992.23,2304,82.5,9.0,11101001,991.57,2304,59.2,10.30,673.2,991.89,0.0,6.6, , 
,993.23,2336,82.5,9.8,11101001,992.57,2304,57.6,9.27,652.8,992.89,0.0,6.6, , 
,994.22,2336,82.5,10.2,11101001,993.57,2336,59.2,9.27,673.2,993.89,0.0,6.6, , 
,995.22,2336,82.5,10.5,11101001,994.54,2336,59.2,10.30,673.2,994.87,0.0,6.6, , 
,996.24,2368,82.5,10.2,11101001,995.56,2336,60.4,10.30,673.2,995.90,0.0,6.6, , 
,997.25,2368,82.5,9.0,11101001,996.58,2368,60.4,10.30,673.2,996.91,0.0,6.6, , 
,998.32,2368,82.5,7.0,11101001,997.61,2368,60.4,10.30,673.2,997.97,0.0,6.6, , 
,999.40,2368,82.5,6.6,11101001,998.64,2368,59.2,9.27,673.2,999.01,0.0,6.6, , 
,1000.45,2400,82.5,7.0,11101001,999.78,2400,59.2,9.27,652.8,1000.11,0.0,6.6, , 
,1001.48,2400,82.5,7.0,11101001,1000.79,2400,59.2,10.30,652.8,1001.13,0.0,6.6, , 
,1002.55,2432,82.5,7.0,11101001,1001.86,2432,59.2,9.27,652.8,1002.20,0.0,6.6, , 
,1003.60,2432,82.5,9.4,11101001,1002.89,2432,57.6,9.27,652.8,1003.23,0.0,6.6, , 
,1004.65,2432,82.5,0.0,11111101,1003.94,2432,57.6,9.27,652.8,1004.31,0.0,6.6, , 
,1005.64,2400,82.5,-6.6,11101001,1004.97,2432,20.8,3.09,295.8,1005.31,0.0,6.6, , 
,1006.67,2368,82.5,-16.0,11101001,1005.99,2400,16.1,2.06,244.8,1006.33,0.0,6.6, , 
,1007.73,2336,82.5,-16.8,11101001,1007.04,2368,20.8,2.06,295.8,1007.37,0.0,6.6, , 
,1008.73,2304,82.5,-10.2,11101001,1008.07,2336,34.1,4.12,418.2,1008.41,0.0,6.6, , 
,1009.72,2304,82.5,-6.6,11101001,1009.04,2304,41.2,5.15,479.4,1009.38,0.0,6.6, , 
,1010.70,2272,82.5,-8.6,11101001,1010.04,2272,26.7,3.09,357.0,1010.36,0.0,6.6, , 
,1011.71,2240,82.5,-5.5,11101001,1011.04,2272,28.2,4.12,377.4,1011.37,0.0,6.6, , 
,1012.73,2208,82.5,-2.7,11101001,1012.05,2240,28.2,4.12,377.4,1012.38,0.0,6.6, , 
,1013.76,2176,82.5,-2.0,11101001,1013.08,2208,28.2,4.12,357.0,1013.42,0.0,6.6, , 
,1014.79,2144,82.5,0.4,11101001,1014.10,2176,28.2,4.12,377.4,1014.45,0.0,6.6, , 
,1015.83,2144,82.5,2.0,11101001,1015.14,2144,31.0,4.12,397.8,1015.50,0.0,6.6, , 
,1016.89,2112,82.5,3.5,11101001,1016.19,2112,31.0,4.12,397.8,1016.55,0.0,6.6, , 
,1017.94,2080,82.5,5.1,11101001,1017.25,2112,32.5,4.12,418.2,1017.60,0.0,6.6, , 
,1018.99,2080,82.5,4.3,11101001,1018.29,2080,41.2,6.18,499.8,1018.65,0.0,6.6, , 
,1020.04,2112,82.5,3.1,11101001,1019.33,2080,44.3,7.21,520.2,1019.69,0.0,6.6, , 
,1021.07,2112,82.5,2.0,11101001,1020.38,2112,45.9,7.21,550.8,1020.74,0.0,6.6, , 
,1022.11,2144,82.5,1.2,11101001,1021.41,2112,45.9,7.21,550.8,1021.76,0.0,6.6, , 
,1023.13,2176,82.5,0.0,11101001,1022.44,2144,45.9,6.18,550.8,1022.79,0.0,6.6, , 
,1024.17,2176,82.5,-0.4,11101001,1023.46,2176,44.3,6.18,520.2,1023.80,0.0,6.6, , 
,1025.21,2208,82.5,-2.3,11101001,1024.52,2208,41.2,6.18,499.8,1024.86,0.0,6.6, , 
,1026.24,2208,82.5,1.2,11101001,1025.56,2208,35.3,5.15,438.6,1025.91,0.0,6.6, , 
,1027.26,2240,82.5,4.7,11101001,1026.58,2240,45.9,6.18,520.2,1026.92,0.0,6.6, , 
,1028.27,2240,82.5,5.9,11101001,1027.60,2240,44.3,6.18,520.2,1027.93,0.0,6.6, , 
,1029.29,2272,82.5,5.1,11101001,1028.61,2240,44.3,6.18,520.2,1028.95,0.0,6.6, , 
,1030.28,2272,82.5,3.5,11101001,1029.62,2272,51.8,8.24,612.0,1029.94,0.0,6.6, , 
,1031.31,2272,82.5,7.0,11101001,1030.62,2272,56.1,8.24,632.4,1030.96,0.0,6.6, , 
,1032.33,2272,82.5,10.5,11101001,1031.67,2272,56.1,9.27,632.4,1032.01,0.0,6.6, , 
,1033.34,2272,82.5,12.5,11101001,1032.66,2272,56.1,9.27,632.4,1032.99,0.0,6.6, , 
,1034.35,2272,82.5,12.9,11101001,1033.67,2272,56.1,9.27,632.4,1034.01,0.0,6.6, , 
,1035.37,2272,82.5,7.0,11101001,1034.69,2272,56.1,9.27,632.4,1035.03,0.0,6.6, , 
,1036.38,2272,82.5,0.0,11101001,1035.70,2272,41.2,6.18,499.8,1036.05,0.0,6.6, , 
,1037.39,2208,82.5,-13.7,11101001,1036.71,2240,22.0,3.09,295.8,1037.05,0.0,6.6, , 
,1038.41,2208,82.5,-19.9,11101001,1037.72,2208,20.8,2.06,295.8,1038.07,0.0,6.6, , 
,1039.43,2176,82.5,-22.7,11101001,1038.76,2176,20.8,2.06,295.8,1039.10,0.0,6.6, , 
,1040.45,2144,82.5,-21.9,11101001,1039.76,2176,25.1,3.09,336.6,1040.09,0.0,6.6, , 
,1041.50,2144,82.5,-14.8,11101001,1040.80,2144,38.4,4.12,459.0,1041.14,0.0,6.6, , 
,1042.50,2144,82.5,-10.9,11101001,1041.84,2144,40.0,5.15,479.4,1042.18,0.0,6.6, , 
,1043.55,2144,82.5,-7.4,11101001,1042.86,2144,40.0,5.15,479.4,1043.21,0.0,6.6, , 
,1044.61,2112,82.5,-5.1,11101001,1043.90,2144,38.4,5.15,479.4,1044.25,0.0,6.6, , 
,1045.63,2144,82.5,-0.8,11101001,1044.94,2112,48.6,7.21,571.2,1045.29,0.0,6.6, , 
,1046.63,2144,82.5,1.6,11101001,1045.96,2144,48.6,7.21,571.2,1046.30,0.0,6.6, , 
,1047.66,2144,82.5,3.5,11101001,1046.97,2144,48.6,7.21,571.2,1047.33,0.0,6.6, , 
,1048.65,2144,82.5,5.9,11101001,1047.98,2144,53.3,8.24,612.0,1048.30,0.0,6.6, , 
,1049.67,2144,82.5,7.4,11101001,1048.99,2144,54.5,9.27,632.4,1049.33,0.0,6.6, , 
,1050.71,2176,82.5,8.2,11101001,1050.02,2176,54.5,9.27,632.4,1050.36,0.0,6.6, , 
,1051.74,2176,82.5,6.6,11101001,1051.05,2176,53.3,8.24,612.0,1051.39,0.0,6.6, , 
,1052.75,2176,82.5,2.7,11101001,1052.08,2176,47.1,7.21,571.2,1052.42,0.0,6.6, , 
,1053.77,2176,82.5,-2.3,11101001,1053.10,2176,38.4,5.15,479.4,1053.44,0.0,6.6, , 
,1054.78,2208,82.5,-0.4,11101001,1054.10,2208,38.4,5.15,459.0,1054.44,0.0,6.6, , 
,1055.80,2208,82.5,2.7,11101001,1055.13,2208,41.2,5.15,479.4,1055.45,0.0,6.6, , 
,1056.77,2240,82.5,5.9,11101001,1056.13,2240,56.1,8.24,652.8,1056.45,0.0,6.6, , 
,1057.76,2272,82.5,8.6,11101001,1057.10,2240,57.6,8.24,652.8,1057.43,0.0,6.6, , 
,1058.77,2304,82.5,12.5,11101001,1058.09,2272,54.5,8.24,632.4,1058.44,0.0,6.6, , 
,1059.78,2336,82.5,13.3,11101001,1059.10,2304,54.5,8.24,632.4,1059.42,0.0,6.6, , 
,1060.78,2336,82.5,14.8,11101001,1060.11,2336,53.3,8.24,612.0,1060.45,0.0,6.6, , 
,1061.81,2368,82.5,15.2,11101001,1061.13,2368,51.8,8.24,612.0,1061.49,0.0,6.6, , 
,1062.86,2400,82.5,6.3,11101001,1062.15,2400,53.3,8.24,612.0,1062.50,0.0,6.6, , 
,1063.87,2432,82.5,7.4,11101001,1063.20,2400,54.5,9.27,612.0,1063.53,0.0,6.6, , 
,1064.89,2432,82.5,7.8,11101001,1064.22,2432,60.4,10.30,673.2,1064.55,0.0,6.6, , 
,1065.96,2464,82.5,9.8,11101001,1065.25,2432,60.4,10.30,673.2,1065.61,0.0,6.6, , 
,1067.00,2464,82.5,7.8,11101001,1066.31,2464,59.2,10.30,673.2,1066.68,0.0,6.6, , 
,1068.07,2464,82.5,4.7,11101001,1067.35,2464,53.3,9.27,612.0,1067.70,0.0,6.6, , 
,1069.12,2464,82.5,1.6,11101001,1068.42,2464,45.9,7.21,520.2,1068.78,0.0,6.6, , 
,1070.17,2464,82.5,-1.2,11101001,1069.48,2464,45.9,7.21,520.2,1069.83,0.0,6.6, , 
,1071.24,2464,82.5,-2.3,11101001,1070.51,2464,47.1,7.21,550.8,1070.89,0.0,6.6, , 
,1072.30,2464,82.5,-1.6,11101001,1071.57,2464,47.1,7.21,550.8,1071.92,0.0,6.6, , 
,1073.36,2464,82.5,1.2,11101001,1072.65,2464,53.3,8.24,591.6,1073.00,0.0,6.6, , 
,1074.43,2464,82.5,7.4,11101001,1073.72,2464,63.5,10.30,693.6,1074.08,0.0,6.6, , 
,1075.48,2496,82.5,10.9,11101001,1074.78,2464,62.0,10.30,693.6,1075.13,0.0,6.6, , 
,1076.49,2496,82.5,11.7,11101001,1075.80,2496,62.0,11.33,693.6,1076.15,0.0,6.6, , 
,1077.47,2496,82.5,11.3,11101001,1076.82,2496,60.4,10.30,693.6,1077.15,0.0,6.6, , 
,1078.52,2496,82.5,10.2,11101001,1077.83,2496,51.8,8.24,591.6,1078.18,0.0,6.6, , 
,1079.54,2496,82.5,5.1,11101001,1078.86,2528,50.2,8.24,571.2,1079.21,0.0,6.6, , 
,1080.57,2496,82.5,-1.6,11101001,1079.90,2528,44.3,7.21,520.2,1080.23,0.0,6.6, , 
,1081.55,2496,82.5,-4.3,11101001,1080.90,2496,36.9,5.15,438.6,1081.22,0.0,6.6, , 
,1082.60,2496,82.5,-5.5,11101001,1081.89,2496,38.4,5.15,459.0,1082.25,0.0,6.6, , 
,1083.66,2464,82.5,-5.9,11101001,1082.95,2464,38.4,5.15,459.0,1083.31,0.0,6.6, , 
,1084.70,2464,82.5,-2.3,11101001,1084.01,2464,40.0,5.15,479.4,1084.35,0.0,6.6, , 
,1085.76,2432,82.5,-1.2,11101001,1085.03,2464,41.2,6.18,479.4,1085.41,0.0,6.6, , 
,1086.85,2432,82.5,1.2,11101001,1086.14,2432,40.0,6.18,479.4,1086.48,0.0,6.6, , 
,1087.89,2400,82.5,2.0,11101001,1087.20,2432,40.0,6.18,479.4,1087.55,0.0,6.6, , 
,1088.93,2432,82.5,1.6,11101001,1088.23,2432,41.2,6.18,479.4,1088.58,0.0,6.6, , 
,1089.93,2400,82.5,3.1,11101001,1089.25,2400,41.2,6.18,479.4,1089.60,0.0,6.6, , 
,1090.99,2432,82.5,4.3,11101001,1090.28,2400,41.2,6.18,479.4,1090.64,0.0,6.6, , 
,1092.05,2400,82.5,3.5,11101001,1091.32,2400,41.2,6.18,479.4,1091.67,0.0,6.6, , 
,1093.08,2400,82.5,1.6,11101001,1092.38,2400,54.5,9.27,612.0,1092.74,0.0,6.6, , 
,1094.07,2432,82.5,2.7,11101001,1093.41,2432,48.6,7.21,571.2,1093.74,0.0,6.6, , 
,1095.10,2432,82.5,4.3,11101001,1094.40,2432,48.6,7.21,571.2,1094.77,0.0,6.6, , 
,1096.17,2432,82.5,5.9,11101001,1095.47,2432,47.1,7.21,550.8,1095.84,0.0,6.6, , 
,1097.20,2432,82.5,5.5,11101001,1096.51,2432,47.1,7.21,550.8,1096.87,0.0,6.6, , 
,1098.26,2432,82.5,4.3,11101001,1097.55,2432,45.9,7.21,550.8,1097.90,0.0,6.6, , 
,1099.35,2432,82.5,4.7,11101001,1098.62,2432,47.1,7.21,550.8,1098.98,0.0,6.6, , 
,1100.44,2432,82.5,3.9,11101001,1099.71,2432,47.1,7.21,550.8,1100.08,0.0,6.6, , 
,1101.47,2432,82.5,4.7,11101001,1100.79,2432,47.1,7.21,550.8,1101.13,0.0,6.6, , 
,1102.54,2432,82.5,5.9,11101001,1101.84,2432,48.6,7.21,550.8,1102.17,0.0,6.6, , 
,1103.59,2432,82.5,4.7,11101001,1102.90,2432,45.9,7.21,550.8,1103.26,0.0,6.6, , 
,1104.57,2400,82.5,-7.4,11111101,1103.93,2432,20.8,3.09,295.8,1104.25,0.0,6.6, , 
,1105.55,2368,82.5,0.0,11111101,1104.89,2400,0.0,0.00,244.8,1105.22,0.0,6.6, , 
,1106.54,2304,82.5,0.0,11111101,1105.88,2336,0.0,0.00,244.8,1106.20,0.0,6.6, , 
,1107.49,2272,82.5,0.0,11111101,1106.87,2304,0.0,0.00,244.8,1107.18,0.0,6.6, , 
,1108.48,2240,82.5,0.0,11111101,1107.82,2272,0.0,0.00,244.8,1108.15,0.0,6.6, , 
,1109.48,2208,82.5,0.0,11111101,1108.81,2208,0.0,0.00,244.8,1109.15,0.0,6.6, , 
,1110.49,2144,82.5,0.0,11111101,1109.83,2176,0.0,0.00,244.8,1110.16,0.0,6.6, , 
,1111.52,2112,82.5,0.0,11111101,1110.84,2144,0.0,0.00,244.8,1111.17,0.0,6.6, , 
,1112.60,2048,82.5,0.0,11111101,1111.88,2080,0.0,0.00,244.8,1112.24,0.0,6.6, , 
,1113.63,2016,82.5,0.0,11111101,1112.95,2048,0.0,0.00,244.8,1113.31,0.0,6.6, , 
,1114.69,1920,82.5,0.0,11111111,1113.98,1984,0.0,0.00,244.8,1114.32,0.0,6.6, , 
,1115.70,1856,82.5,0.0,11111111,1115.04,1888,0.0,0.00,275.4,1115.36,0.0,6.6, , 
,1116.74,1760,82.5,0.0,11111111,1116.06,1824,0.0,0.00,295.8,1116.38,0.0,6.6, , 
,1117.73,1504,82.5,0.0,11111111,1117.08,1728,0.0,0.00,316.2,1117.41,0.0,6.6, , 
,1118.65,992,82.5,0.0,11111111,1118.04,1024,26.7,4.12,377.4,1118.32,0.0,0.0, , 
,1119.65,1312,82.5,0.0,11111111,1118.98,960,29.4,4.12,418.2,1119.28,0.0,0.0, , 
,1120.70,1952,82.5,0.0,11111111,1119.99,1824,0.0,0.00,316.2,1120.35,0.0,6.6, , 
,1121.74,1888,82.5,0.0,11111111,1121.04,1920,0.0,0.00,275.4,1121.39,0.0,6.6, , 
,1122.77,1824,82.5,0.0,11111111,1122.06,1856,0.0,0.00,295.8,1122.40,0.0,6.6, , 
,1123.76,1792,82.5,0.0,11101011,1123.15,1824,0.0,0.00,295.8,1123.45,0.0,6.6, , 
,1124.89,1760,82.5,0.0,11101011,1124.15,1760,20.8,3.09,295.8,1124.52,0.0,6.6, , 
,1125.98,1760,82.5,-2.3,11101011,1125.26,1760,25.1,3.09,357.0,1125.61,0.0,6.6, , 
,1127.08,1728,82.5,-3.5,11101011,1126.32,1728,26.7,3.09,357.0,1126.70,0.0,6.6, , 
,1128.16,1728,82.5,-0.4,11101011,1127.44,1728,29.4,4.12,377.4,1127.79,0.0,6.6, , 
,1129.22,1728,82.5,1.6,11101011,1128.51,1728,34.1,5.15,438.6,1128.88,0.0,6.6, , 
,1130.32,1728,81.0,3.5,11101011,1129.59,1728,31.0,4.12,397.8,1129.95,0.0,6.6, , 
,1131.38,1696,81.0,2.3,11101011,1130.65,1696,29.4,4.12,377.4,1131.00,0.0,6.6, , 
,1132.45,1696,81.0,1.6,11101011,1131.71,1696,29.4,4.12,377.4,1132.06,0.0,6.6, , 
,1133.56,1696,81.0,0.8,11101011,1132.84,1696,29.4,4.12,397.8,1133.21,0.0,6.6, , 
,1134.70,1696,81.0,0.4,11101011,1133.98,1696,29.4,4.12,377.4,1134.35,0.0,6.6, , 
,1135.73,1696,81.0,0.8,11101011,1135.06,1696,29.4,4.12,377.4,1135.40,0.0,6.6, , 
,1136.78,1728,81.0,1.6,11101011,1136.09,1696,29.4,4.12,377.4,1136.44,0.0,6.6, , 
,1137.83,1760,81.0,0.0,11101011,1137.15,1728,29.4,4.12,377.4,1137.49,0.0,6.6, , 
,1138.90,1760,81.0,3.1,11101011,1138.19,1728,44.3,6.18,550.8,1138.54,0.0,6.6, , 
,1139.83,1152,81.0,0.0,11101011,1139.19,1568,0.0,0.00,397.8,1139.51,0.0,0.0, , 
,1140.84,2336,81.0,0.0,11101001,1140.17,1888,22.0,3.09,316.2,1140.50,0.0,6.6, , 
,1141.81,2400,81.0,0.0,11101001,1141.17,2400,20.8,3.09,295.8,1141.49,0.0,6.6, , 
,1142.85,2528,81.0,3.9,11101001,1142.16,2432,59.2,9.27,673.2,1142.52,0.0,6.6, , 
,1143.82,2720,81.0,10.9,11101001,1143.18,2592,69.4,11.33,754.8,1143.51,0.0,6.6, , 
,1144.82,1952,81.0,0.0,11111111,1144.15,2752,66.3,11.33,714.0,1144.48,0.0,6.6, , 
,1145.78,1728,81.0,0.0,11101011,1145.12,1472,0.0,0.00,316.2,1145.43,0.0,0.0, , 
,1146.83,2080,81.0,0.0,11101001,1146.13,2080,17.6,3.09,275.4,1146.47,0.0,6.6, , 
,1147.86,2144,81.0,1.6,11101001,1147.18,2112,47.1,7.21,550.8,1147.52,0.0,6.6, , 
,1148.87,2208,81.0,5.1,11101001,1148.19,2176,45.9,6.18,520.2,1148.53,0.0,6.6, , 
,1149.84,2304,81.0,9.8,11101001,1149.20,2240,57.6,8.24,652.8,1149.52,0.0,6.6, , 
,1150.85,2432,81.0,0.0,11101001,1150.17,2336,67.8,10.30,734.4,1150.50,0.0,6.6, , 
,1151.87,2592,81.0,0.8,11101001,1151.18,2496,85.5,14.42,907.8,1151.53,0.0,6.6, , 
,1152.87,2720,81.0,2.0,11101001,1152.20,2624,85.5,14.42,907.8,1152.53,0.0,6.6, , 
,1153.88,2880,81.0,3.9,11101001,1153.19,2784,84.3,14.42,907.8,1153.54,0.0,6.6, , 
,1154.98,2240,81.0,0.0,11111101,1154.31,2912,84.3,14.42,907.8,1154.65,0.0,6.6, , 
,1156.00,1568,81.0,0.0,11101011,1155.28,1792,0.0,0.00,295.8,1155.61,0.0,0.0, , 
,1157.01,2272,81.0,0.0,11101001,1156.33,2304,17.6,3.09,275.4,1156.67,0.0,6.6, , 
,1158.01,2272,81.0,0.0,11101001,1157.34,2272,41.2,6.18,479.4,1157.67,0.0,6.6, , 
,1159.03,2304,81.0,6.6,11101001,1158.33,2304,63.5,9.27,714.0,1158.68,0.0,6.6, , 
,1160.02,2304,81.0,2.7,11101001,1159.37,2304,50.2,6.18,571.2,1159.69,0.0,6.6, , 
,1161.04,2304,81.0,5.5,11101001,1160.36,2304,45.9,6.18,550.8,1160.69,0.0,6.6, , 
,1162.05,2304,81.0,0.0,11101001,1161.38,2304,48.6,7.21,571.2,1161.72,0.0,6.6, , 
,1163.07,2304,81.0,7.4,11101001,1162.40,2304,65.1,9.27,714.0,1162.73,0.0,6.6, , 
,1164.08,2336,81.0,12.9,11101001,1163.41,2336,65.1,10.30,734.4,1163.75,0.0,6.6, , 
,1165.15,2368,81.0,16.4,11101001,1164.43,2336,66.3,11.33,734.4,1164.78,0.0,6.6, , 
,1166.17,2400,81.0,18.4,11101001,1165.47,2368,69.4,12.36,754.8,1165.84,0.0,6.6, , 
,1167.23,2400,81.0,16.4,11101001,1166.53,2400,67.8,12.36,754.8,1166.86,0.0,6.6, , 
,1168.24,2432,81.0,15.2,11101001,1167.56,2432,67.8,12.36,754.8,1167.90,0.0,6.6, , 
,1169.28,2432,81.0,12.9,11101001,1168.58,2432,67.8,12.36,754.8,1168.93,0.0,6.6, , 
,1170.27,2432,81.0,11.3,11101001,1169.61,2432,67.8,11.33,734.4,1169.95,0.0,6.6, , 
,1171.31,2432,82.5,9.0,11101001,1170.60,2432,66.3,11.33,734.4,1170.97,0.0,6.6, , 
,1172.37,2432,81.0,9.8,11101001,1171.67,2432,65.1,11.33,714.0,1172.03,0.0,6.6, , 
,1173.35,2432,82.5,10.2,11101001,1172.69,2432,62.0,10.30,693.6,1173.02,0.0,6.6, , 
,1174.43,2400,81.0,6.6,11101001,1173.70,2432,54.5,9.27,632.4,1174.08,0.0,6.6, , 
,1175.43,2368,82.5,-0.8,11101001,1174.79,2400,36.9,5.15,438.6,1175.10,0.0,6.6, , 
,1176.45,2368,82.5,-4.3,11101001,1175.77,2368,34.1,5.15,418.2,1176.11,0.0,6.6, , 
,1177.46,2336,82.5,-5.9,11101001,1176.79,2336,35.3,5.15,418.2,1177.12,0.0,6.6, , 
,1178.45,2336,82.5,-5.5,11101001,1177.78,2336,35.3,5.15,418.2,1178.11,0.0,6.6, , 
,1179.46,2336,82.5,-5.1,11101001,1178.79,2336,35.3,5.15,438.6,1179.13,0.0,6.6, , 
,1180.43,2336,82.5,-2.3,11101001,1179.79,2336,35.3,5.15,438.6,1180.11,0.0,6.6, , 
,1181.45,2336,82.5,0.4,11101001,1180.77,2336,42.7,6.18,499.8,1181.11,0.0,6.6, , 
,1182.48,2336,82.5,4.3,11101001,1181.79,2336,42.7,6.18,499.8,1182.14,0.0,6.6, , 
,1183.45,2336,82.5,2.7,11101001,1182.81,2336,38.4,5.15,459.0,1183.13,0.0,6.6, , 
,1184.46,2336,82.5,2.7,11101001,1183.77,2336,36.9,5.15,438.6,1184.11,0.0,6.6, , 
,1185.49,2336,82.5,1.6,11101001,1184.82,2336,36.9,5.15,438.6,1185.16,0.0,6.6, , 
,1186.51,2304,82.5,0.8,11101001,1185.84,2336,36.9,5.15,438.6,1186.18,0.0,6.6, , 
,1187.51,2304,82.5,-2.3,11101001,1186.85,2304,36.9,5.15,438.6,1187.18,0.0,6.6, , 
,1188.51,2272,82.5,-10.2,11101001,1187.83,2304,28.2,4.12,357.0,1188.17,0.0,6.6, , 
,1189.52,2240,82.5,-18.4,11111101,1188.85,2272,17.6,2.06,244.8,1189.18,0.0,6.6, , 
,1190.50,2208,82.5,0.0,11111101,1189.85,2240,0.0,0.00,244.8,1190.18,0.0,6.6, , 
,1191.52,2176,82.5,0.0,11101001,1190.85,2176,0.0,0.00,244.8,1191.18,0.0,6.6, , 
,1192.50,2144,82.5,-6.6,11101001,1191.85,2176,19.2,3.09,275.4,1192.16,0.0,6.6, , 
,1193.52,2144,82.5,-2.0,11101001,1192.83,2144,44.3,6.18,520.2,1193.17,0.0,6.6, , 
,1194.52,2176,82.5,0.0,11101001,1193.85,2176,45.9,6.18,550.8,1194.18,0.0,6.6, , 
,1195.52,2208,82.5,2.3,11101001,1194.85,2176,45.9,7.21,550.8,1195.18,0.0,6.6, , 
,1196.53,2208,82.5,4.3,11101001,1195.87,2208,45.9,7.21,550.8,1196.19,0.0,6.6, , 
,1197.51,2240,82.5,3.5,11101001,1196.87,2208,45.9,7.21,520.2,1197.20,0.0,6.6, , 
,1198.51,2240,82.5,2.7,11101001,1197.85,2208,44.3,7.21,520.2,1198.18,0.0,6.6, , 
,1199.52,2272,82.5,2.7,11101001,1198.84,2240,44.3,6.18,520.2,1199.18,0.0,6.6, , 
,1200.52,2272,82.5,2.3,11101001,1199.86,2272,44.3,6.18,520.2,1200.20,0.0,6.6, , 
,1201.53,2304,82.5,2.7,11101001,1200.86,2272,44.3,6.18,520.2,1201.20,0.0,6.6, , 
,1202.54,2304,82.5,2.3,11101001,1201.88,2304,44.3,6.18,520.2,1202.21,0.0,6.6, , 
,1203.55,2304,82.5,1.2,11101001,1202.88,2304,42.7,6.18,499.8,1203.21,0.0,7.0, , 
,1204.58,2304,82.5,0.8,11101001,1203.91,2304,42.7,6.18,499.8,1204.26,0.0,7.0, , 
,1205.60,2304,82.5,0.8,11101001,1204.93,2304,42.7,6.18,499.8,1205.25,0.0,7.0, , 
,1206.60,2304,82.5,2.0,11101001,1205.93,2304,42.7,6.18,499.8,1206.27,0.0,7.0, , 
,1207.60,2304,82.5,1.6,11101001,1206.92,2304,42.7,6.18,499.8,1207.25,0.0,7.0, , 
,1208.63,2304,82.5,1.2,11101001,1207.93,2304,42.7,6.18,499.8,1208.25,0.0,7.0, , 
,1209.64,2304,82.5,1.6,11101001,1208.98,2304,42.7,6.18,499.8,1209.32,0.0,7.0, , 
,1210.65,2304,82.5,1.2,11101001,1209.98,2304,42.7,6.18,499.8,1210.32,0.0,7.0, , 
,1211.63,2304,82.5,1.2,11101001,1210.98,2304,42.7,6.18,499.8,1211.30,0.0,7.0, , 
,1212.64,2272,82.5,2.7,11101001,1211.97,2272,42.7,6.18,499.8,1212.31,0.0,7.0, , 
,1213.67,2272,82.5,2.0,11101001,1213.00,2272,44.3,6.18,520.2,1213.34,0.0,7.0, , 
,1214.67,2272,82.5,2.0,11101001,1214.01,2272,44.3,6.18,520.2,1214.33,0.0,7.4, , 
,1215.67,2304,82.5,2.0,11101001,1215.01,2272,45.9,7.21,520.2,1215.35,0.0,7.4, , 
,1216.67,2304,82.5,4.3,11101001,1216.00,2304,53.3,8.24,612.0,1216.33,0.0,7.4, , 
,1217.71,2336,82.5,5.1,11101001,1217.03,2304,53.3,8.24,612.0,1217.37,0.0,7.4, , 
,1218.75,2368,82.5,7.0,11101001,1218.06,2336,51.8,8.24,591.6,1218.39,0.0,7.4, , 
,1219.77,2368,82.5,6.3,11101001,1219.09,2368,51.8,8.24,591.6,1219.42,0.0,7.4, , 
,1220.84,2400,82.5,5.5,11101001,1220.15,2368,51.8,8.24,591.6,1220.52,0.0,8.2, , 
,1221.87,2400,82.5,5.1,11101001,1221.19,2400,50.2,8.24,571.2,1221.53,0.0,8.2, , 
,1222.88,2432,82.5,3.5,11101001,1222.19,2432,48.6,7.21,571.2,1222.52,0.0,8.2, , 
,1223.90,2432,82.5,2.3,11101001,1223.22,2432,48.6,8.24,571.2,1223.55,0.0,8.2, , 
,1224.89,2432,82.5,1.6,11101001,1224.23,2432,45.9,7.21,520.2,1224.56,0.0,8.2, , 
,1225.98,2432,82.5,0.0,11101001,1225.26,2432,47.1,7.21,550.8,1225.61,0.0,8.2, , 
,1227.07,2432,82.5,-0.4,11101001,1226.33,2432,47.1,7.21,550.8,1226.69,0.0,8.2, , 
,1228.13,2432,82.5,0.8,11101001,1227.42,2432,45.9,7.21,550.8,1227.79,0.0,8.2, , 
,1229.19,2432,82.5,0.0,11101001,1228.47,2432,47.1,7.21,550.8,1228.83,0.0,8.2, , 
,1230.28,2432,82.5,0.8,11101001,1229.54,2432,47.1,7.21,550.8,1229.90,0.0,8.2, , 
,1231.38,2432,82.5,0.4,11101001,1230.66,2432,47.1,7.21,550.8,1231.00,0.0,8.2, , 
,1232.41,2432,82.5,0.4,11101001,1231.73,2432,47.1,7.21,550.8,1232.07,0.0,8.2, , 
,1233.48,2432,82.5,-0.4,11101001,1232.78,2432,47.1,7.21,550.8,1233.15,0.0,8.2, , 
,1234.51,2432,82.5,0.0,11101001,1233.81,2432,47.1,7.21,550.8,1234.18,0.0,8.2, , 
,1235.58,2432,82.5,0.0,11101001,1234.87,2432,47.1,7.21,550.8,1235.22,0.0,8.2, , 
,1236.63,2432,82.5,-2.3,11101001,1235.94,2432,47.1,7.21,550.8,1236.29,0.0,8.2, , 
,1237.67,2432,82.5,-3.1,11101001,1236.97,2432,47.1,7.21,550.8,1237.32,0.0,8.2, , 
,1238.76,2400,82.5,-1.6,11101001,1238.02,2432,47.1,7.21,550.8,1238.39,0.0,8.2, , 
,1239.78,2400,82.5,0.0,11101001,1239.11,2400,47.1,7.21,550.8,1239.44,0.0,8.2, , 
,1240.84,2400,82.5,1.2,11101001,1240.14,2400,47.1,7.21,550.8,1240.48,0.0,8.2, , 
,1241.88,2400,82.5,0.8,11101001,1241.17,2400,47.1,7.21,550.8,1241.53,0.0,8.2, , 
,1242.95,2400,82.5,0.8,11101001,1242.21,2400,47.1,7.21,550.8,1242.57,0.0,8.2, , 
,1244.00,2400,82.5,0.8,11101001,1243.30,2400,47.1,7.21,550.8,1243.66,0.0,8.2, , 
,1245.04,2400,82.5,0.4,11101001,1244.35,2400,45.9,7.21,550.8,1244.71,0.0,8.2, , 
,1246.09,2432,82.5,0.0,11101001,1245.38,2400,47.1,7.21,550.8,1245.73,0.0,8.2, , 
,1247.15,2432,82.5,0.0,11101001,1246.44,2432,45.9,6.18,520.2,1246.80,0.0,8.2, , 
,1248.24,2464,82.5,0.4,11101001,1247.51,2432,44.3,7.21,520.2,1247.86,0.0,8.2, , 
,1249.30,2464,82.5,2.0,11101001,1248.60,2464,44.3,6.18,520.2,1248.94,0.0,8.2, , 
,1250.35,2496,82.5,1.2,11101001,1249.64,2464,44.3,7.21,520.2,1250.00,0.0,8.2, , 
,1251.36,2496,82.5,1.6,11101001,1250.71,2496,45.9,7.21,520.2,1251.04,0.0,8.2, , 
,1252.44,2528,82.5,0.8,11101001,1251.73,2528,45.9,7.21,520.2,1252.07,0.0,8.2, , 
,1253.48,2560,82.5,0.8,11101001,1252.79,2528,44.3,7.21,520.2,1253.14,0.0,8.2, , 
,1254.48,2560,82.5,1.2,11101001,1253.82,2560,44.3,7.21,499.8,1254.14,0.0,8.2, , 
,1255.52,2560,82.5,2.3,11101001,1254.85,2592,42.7,6.18,499.8,1255.17,0.0,8.2, , 
,1256.52,2592,82.5,3.5,11101001,1255.87,2592,44.3,7.21,520.2,1256.20,0.0,8.2, , 
,1257.55,2592,82.5,4.3,11101001,1256.88,2592,51.8,8.24,591.6,1257.23,0.0,8.2, , 
,1258.53,2592,82.5,5.9,11101001,1257.87,2592,53.3,8.24,612.0,1258.20,0.0,8.2, , 
,1259.57,2592,82.5,6.6,11101001,1258.88,2592,53.3,8.24,591.6,1259.22,0.0,8.2, , 
,1260.58,2592,82.5,7.0,11101001,1259.91,2592,51.8,8.24,591.6,1260.25,0.0,8.2, , 
,1261.60,2560,82.5,4.3,11101001,1260.93,2592,53.3,8.24,591.6,1261.25,0.0,8.2, , 
,1262.62,2560,82.5,3.9,11101001,1261.92,2560,53.3,8.24,591.6,1262.28,0.0,8.2, , 
,1263.64,2528,82.5,2.3,11101001,1262.96,2528,53.3,8.24,612.0,1263.29,0.0,8.2, , 
,1264.61,2496,82.5,-1.2,11101001,1263.98,2496,45.9,7.21,520.2,1264.31,0.0,8.2, , 
,1265.66,2464,82.5,-3.9,11101001,1264.93,2496,40.0,6.18,479.4,1265.31,0.0,8.2, , 
,1266.68,2432,82.5,-5.5,11101001,1266.00,2464,40.0,6.18,479.4,1266.35,0.0,8.2, , 
,1267.75,2432,82.5,-7.4,11101001,1267.06,2432,41.2,6.18,479.4,1267.39,0.0,8.2, , 
,1268.77,2368,82.5,-13.7,11101001,1268.11,2400,25.1,3.09,336.6,1268.42,0.0,8.2, , 
,1269.81,2336,82.5,-15.6,11101001,1269.13,2368,25.1,3.09,336.6,1269.47,0.0,8.2, , 
,1270.81,2304,82.5,-15.6,11101001,1270.13,2336,26.7,3.09,336.6,1270.47,0.0,8.2, , 
,1271.81,2304,82.5,-12.9,11101001,1271.14,2304,26.7,3.09,336.6,1271.49,0.0,8.2, , 
,1272.80,2304,82.5,-9.4,11101001,1272.13,2304,42.7,6.18,499.8,1272.45,0.0,8.2, , 
,1273.81,2304,82.5,-4.3,11101001,1273.12,2304,47.1,6.18,550.8,1273.46,0.0,8.2, , 
,1274.82,2336,82.5,0.4,11101001,1274.13,2304,51.8,7.21,591.6,1274.46,0.0,8.2, , 
,1275.82,2368,82.5,6.3,11101001,1275.15,2336,53.3,8.24,612.0,1275.51,0.0,8.2, , 
,1276.85,2368,82.5,10.9,11101001,1276.18,2368,56.1,9.27,652.8,1276.52,0.0,8.2, , 
,1277.82,2368,82.5,12.1,11101001,1277.19,2368,56.1,9.27,652.8,1277.50,0.0,8.2, , 
,1278.88,2368,82.5,12.1,11101001,1278.19,2368,56.1,9.27,632.4,1278.56,0.0,8.2, , 
,1279.89,2368,82.5,11.7,11101001,1279.24,2368,56.1,9.27,632.4,1279.55,0.0,8.2, , 
,1280.99,2368,82.5,10.5,11101001,1280.28,2368,56.1,9.27,632.4,1280.64,0.0,8.2, , 
,1281.94,2400,82.5,7.8,11101001,1281.30,2368,51.8,9.27,591.6,1281.63,0.0,8.2, , 
,1283.01,2400,84.0,5.5,11101001,1282.29,2400,51.8,8.24,591.6,1282.65,0.0,8.2, , 
,1284.02,2400,82.5,0.0,11101001,1283.35,2400,44.3,7.21,520.2,1283.68,0.0,9.4, , 
,1285.04,2400,82.5,-10.9,11101001,1284.38,2400,20.8,3.09,295.8,1284.73,0.0,9.4, , 
,1286.05,2400,82.5,0.0,11101001,1285.38,2400,17.6,2.06,275.4,1285.71,0.0,9.4, , 
,1287.10,2432,82.5,-2.7,11101001,1286.37,2400,36.9,5.15,438.6,1286.73,0.0,9.4, , 
,1288.14,2432,82.5,-3.5,11101001,1287.46,2432,41.2,6.18,479.4,1287.80,0.0,9.4, , 
,1289.16,2464,82.5,-4.3,11101001,1288.50,2432,41.2,6.18,479.4,1288.82,0.0,9.4, , 
,1290.22,2432,82.5,-4.7,11101001,1289.50,2464,41.2,6.18,479.4,1289.87,0.0,9.4, , 
,1291.25,2432,82.5,-3.5,11101001,1290.55,2464,41.2,6.18,479.4,1290.88,0.0,9.4, , 
,1292.25,2400,82.5,-3.1,11101001,1291.58,2432,41.2,6.18,479.4,1291.90,0.0,9.4, , 
,1293.31,2368,82.5,-1.6,11101001,1292.61,2400,42.7,6.18,499.8,1292.97,0.0,9.0, , 
,1294.32,2368,82.5,-2.0,11101001,1293.65,2368,53.3,7.21,612.0,1293.96,0.0,9.0, , 
,1295.31,2336,82.5,2.7,11101001,1294.65,2368,62.0,9.27,693.6,1294.98,0.0,9.0, , 
,1296.31,2336,82.5,7.8,11101001,1295.64,2336,63.5,10.30,714.0,1295.96,0.0,9.0, , 
,1297.34,2304,82.5,9.8,11101001,1296.64,2304,65.1,11.33,714.0,1296.99,0.0,9.0, , 
,1298.33,2304,82.5,9.8,11101001,1297.66,2304,65.1,11.33,714.0,1297.99,0.0,9.0, , 
,1299.33,2304,82.5,9.4,11101001,1298.66,2304,65.1,11.33,714.0,1298.98,0.0,9.0, , 
,1300.34,2336,82.5,9.0,11101001,1299.69,2336,65.1,11.33,714.0,1300.02,0.0,9.0, , 
,1301.40,2336,82.5,9.0,11101001,1300.71,2336,65.1,11.33,714.0,1301.06,0.0,9.0, , 
,1302.44,2368,82.5,8.2,11101001,1301.74,2336,63.5,10.30,714.0,1302.07,0.0,9.0, , 
,1303.46,2368,82.5,7.0,11101001,1302.77,2368,63.5,11.33,714.0,1303.11,0.0,9.8, , 
,1304.51,2400,82.5,7.8,11101001,1303.81,2368,63.5,11.33,714.0,1304.15,0.0,9.8, , 
,1305.58,2400,82.5,7.8,11101001,1304.88,2400,63.5,10.30,693.6,1305.26,0.0,9.8, , 
,1306.61,2400,82.5,7.8,11101001,1305.94,2400,63.5,11.33,714.0,1306.28,0.0,9.8, , 
,1307.70,2432,82.5,8.6,11101001,1306.98,2400,62.0,10.30,693.6,1307.33,0.0,9.8, , 
,1308.74,2432,82.5,6.3,11101001,1308.04,2432,62.0,10.30,693.6,1308.40,0.0,10.5, , 
,1309.83,2432,84.0,5.1,11101001,1309.11,2432,57.6,9.27,652.8,1309.46,0.0,10.5, , 
,1310.88,2464,84.0,1.6,11101001,1310.18,2464,53.3,8.24,612.0,1310.54,0.0,10.5, , 
,1311.95,2464,84.0,0.0,11111101,1311.23,2464,44.3,7.21,520.2,1311.57,0.0,10.5, , 
,1312.93,2464,84.0,0.0,11111101,1312.28,2464,19.2,3.09,275.4,1312.60,0.0,10.5, , 
,1313.89,2432,84.0,0.0,11111101,1313.25,2432,0.0,0.00,244.8,1313.56,0.0,10.5, , 
,1314.86,2400,84.0,0.0,11111101,1314.21,2400,0.0,0.00,244.8,1314.55,0.0,10.5, , 
,1315.83,2336,84.0,0.0,11111101,1315.20,2368,0.0,0.00,244.8,1315.50,0.0,10.5, , 
,1316.80,2304,84.0,0.0,11101001,1316.15,2336,0.0,0.00,244.8,1316.49,0.0,10.5, , 
,1317.80,2304,84.0,0.0,11101001,1317.12,2304,19.2,3.09,275.4,1317.46,0.0,10.5, , 
,1318.78,2272,84.0,-3.1,11101001,1318.14,2272,34.1,5.15,418.2,1318.48,0.0,10.5, , 
,1319.83,2272,84.0,-2.0,11101001,1319.12,2272,42.7,6.18,499.8,1319.46,0.0,10.5, , 
,1320.83,2272,82.5,-0.8,11101001,1320.16,2272,45.9,7.21,520.2,1320.50,0.0,10.5, , 
,1321.83,2272,84.0,0.8,11101001,1321.17,2272,50.2,7.21,571.2,1321.50,0.0,10.5, , 
,1322.84,2272,82.5,0.0,11101001,1322.17,2272,48.6,7.21,571.2,1322.50,0.0,10.5, , 
,1323.87,2272,82.5,0.0,11111101,1323.18,2272,50.2,8.24,591.6,1323.53,0.0,10.5, , 
,1324.85,2240,82.5,0.0,11111101,1324.18,2272,20.8,3.09,295.8,1324.51,0.0,10.5, , 
,1325.85,2240,82.5,0.0,11101001,1325.17,2240,0.0,0.00,244.8,1325.52,0.0,10.5, , 
,1326.84,2240,82.5,-0.8,11101001,1326.20,2272,42.7,7.21,499.8,1326.52,0.0,10.5, , 
,1327.86,2240,82.5,-1.2,11101001,1327.18,2240,48.6,7.21,571.2,1327.53,0.0,10.5, , 
,1328.85,2240,82.5,-3.9,11101001,1328.19,2240,48.6,7.21,571.2,1328.52,0.0,10.5, , 
,1329.85,2272,82.5,0.0,11101001,1329.18,2240,48.6,7.21,571.2,1329.54,0.0,10.5, , 
,1330.83,2304,82.5,-3.9,11101001,1330.19,2272,85.5,15.45,928.2,1330.52,0.0,10.5, , 
,1331.85,2336,82.5,-5.5,11101001,1331.15,2336,87.1,15.45,948.6,1331.48,0.0,10.5, , 
,1332.85,2368,82.5,0.0,11101001,1332.18,2368,82.7,13.39,907.8,1332.52,0.0,10.5, , 
,1333.88,2368,82.5,0.0,11111101,1333.16,2368,59.2,8.24,673.2,1333.50,0.0,10.5, , 
,1334.84,2336,82.5,0.0,11111101,1334.21,2336,17.6,3.09,275.4,1334.52,0.0,10.5, , 
,1335.84,2304,82.5,0.0,11111101,1335.19,2336,0.0,0.00,244.8,1335.52,0.0,10.5, , 
,1336.85,2272,82.5,0.0,11111101,1336.17,2304,0.0,0.00,244.8,1336.51,0.0,10.5, , 
,1337.87,2240,82.5,0.0,11111101,1337.19,2272,0.0,0.00,244.8,1337.52,0.0,10.5, , 
,1338.86,2176,82.5,0.0,11111101,1338.18,2208,0.0,0.00,244.8,1338.52,0.0,10.5, , 
,1339.88,2144,82.5,0.0,11111101,1339.20,2176,0.0,0.00,244.8,1339.54,0.0,10.5, , 
,1340.88,2080,82.5,0.0,11111101,1340.21,2112,0.0,0.00,244.8,1340.55,0.0,10.5, , 
,1341.91,2016,82.5,0.0,11111101,1341.21,2080,0.0,0.00,244.8,1341.56,0.0,10.5, , 
,1342.95,1984,82.5,0.0,11111101,1342.27,2016,0.0,0.00,244.8,1342.59,0.0,10.5, , 
,1343.99,1952,82.5,0.0,11111111,1343.30,1984,0.0,0.00,244.8,1343.62,0.0,10.5, , 
,1345.06,1888,82.5,0.0,11111111,1344.36,1920,0.0,0.00,275.4,1344.72,0.0,10.5, , 
,1346.14,1792,82.5,0.0,11111111,1345.42,1856,0.0,0.00,295.8,1345.78,0.0,10.5, , 
,1347.14,1696,82.5,0.0,11111111,1346.46,1760,0.0,0.00,316.2,1346.79,0.0,10.5, , 
,1348.12,1632,82.5,0.0,11111111,1347.46,1696,0.0,0.00,316.2,1347.80,0.0,10.5, , 
,1349.10,1600,82.5,0.0,11111111,1348.44,1632,0.0,0.00,316.2,1348.78,0.0,10.5, , 
,1350.03,960,82.5,0.0,11111111,1349.43,1376,0.0,0.00,336.6,1349.76,0.0,0.0, , 
,1350.93,928,82.5,0.0,11111111,1350.33,960,29.4,5.15,418.2,1350.63,0.0,0.0, , 
,1351.87,928,82.5,0.0,11111111,1351.25,928,28.2,4.12,397.8,1351.56,0.0,0.0, , 
,1352.80,928,82.5,2.3,11111111,1352.19,928,28.2,4.12,397.8,1352.50,0.0,0.0, , 
,1353.75,928,82.5,4.7,11111111,1353.12,896,28.2,4.12,397.8,1353.43,0.0,0.0, , 
,1354.65,896,82.5,6.3,11111111,1354.06,896,28.2,4.12,397.8,1354.36,0.0,0.0, , 
,1355.56,896,82.5,7.0,11111111,1354.95,896,26.7,4.12,397.8,1355.26,0.0,0.0, , 
,1356.48,896,81.0,7.4,11111111,1355.86,896,26.7,4.12,377.4,1356.15,0.0,0.0, , 
,1357.40,896,82.5,7.4,11111111,1356.78,896,26.7,4.12,377.4,1357.09,0.0,0.0, , 
,1358.31,896,82.5,6.3,11111111,1357.70,896,25.1,4.12,377.4,1358.00,0.0,0.0, , 
,1359.23,896,81.0,5.1,11111111,1358.62,896,25.1,3.09,377.4,1358.94,0.0,0.0, , 
,1360.13,896,82.5,4.3,11111111,1359.54,896,26.7,3.09,377.4,1359.84,0.0,0.0, , 
,1361.03,896,82.5,3.5,11111111,1360.43,896,25.1,3.09,377.4,1360.73,0.0,0.0, , 
,1361.91,864,81.0,2.7,11111111,1361.31,864,25.1,3.09,377.4,1361.61,0.0,0.0, , 
,1362.81,896,81.0,2.3,11111111,1362.19,896,25.1,3.09,377.4,1362.50,0.0,0.0, , 
,1363.74,864,82.5,2.3,11111111,1363.14,896,25.1,3.09,377.4,1363.43,0.0,0.0, , 
,1364.63,896,82.5,2.0,11111111,1364.05,896,25.1,3.09,377.4,1364.33,0.0,0.0, , 
,1365.57,896,82.5,1.2,11111111,1364.94,896,25.1,3.09,377.4,1365.25,0.0,0.0, , 
,1366.47,768,82.5,1.2,11111111,1365.88,896,25.1,3.09,377.4,1366.17,0.0,0.0, , 
,1367.37,800,82.5,-0.8,11111111,1366.79,736,26.7,3.09,397.8,1367.08,0.0,0.0, , 
,1368.27,768,82.5,-1.6,11111111,1367.66,768,26.7,3.09,397.8,1367.97,0.0,0.0, , 
,1369.16,768,82.5,-2.0,11111111,1368.55,768,28.2,3.09,397.8,1368.86,0.0,0.0, , 
,1370.06,800,82.5,-1.6,11111111,1369.46,800,28.2,3.09,418.2,1369.76,0.0,0.0, , 
,1370.95,800,82.5,-1.6,11111111,1370.36,800,26.7,3.09,397.8,1370.66,0.0,0.0, , 
,1371.83,800,82.5,-1.6,11111111,1371.25,800,26.7,3.09,397.8,1371.54,0.0,0.0, , 
,1372.71,768,82.5,-1.6,11111111,1372.11,800,26.7,3.09,397.8,1372.40,0.0,0.0, , 
,1373.59,768,82.5,-1.6,11111111,1373.00,800,26.7,3.09,397.8,1373.29,0.0,0.0, , 
,1374.51,800,82.5,-1.6,11111111,1373.91,768,26.7,3.09,397.8,1374.21,0.0,0.0, , 
,1375.42,800,82.5,-3.1,11111111,1374.81,768,26.7,3.09,397.8,1375.10,0.0,0.0, , 
,1376.31,800,82.5,-4.7,11111111,1375.71,800,26.7,3.09,397.8,1376.02,0.0,0.0, , 
,1377.19,768,82.5,-3.9,11111111,1376.61,768,26.7,3.09,397.8,1376.91,0.0,0.0, , 
,1378.07,768,82.5,-2.7,11111111,1377.48,800,26.7,3.09,397.8,1377.77,0.0,0.0, , 
,1378.98,768,82.5,-2.7,11111111,1378.38,800,26.7,3.09,397.8,1378.67,0.0,0.0, , 
,1379.88,768,82.5,-1.6,11111111,1379.29,768,28.2,3.09,418.2,1379.59,0.0,0.0, , 
,1380.75,768,82.5,0.0,11111111,1380.16,800,26.7,3.09,397.8,1380.45,0.0,0.0, , 
,1381.64,800,82.5,1.6,11111111,1381.06,768,26.7,3.09,397.8,1381.36,0.0,0.0, , 
,1382.56,800,82.5,2.3,11111111,1381.96,768,28.2,3.09,397.8,1382.26,0.0,0.0, , 
,1383.45,800,82.5,2.3,11111111,1382.85,768,26.7,3.09,397.8,1383.16,0.0,0.0, , 
,1384.34,800,82.5,2.7,11111111,1383.75,800,26.7,3.09,397.8,1384.05,0.0,0.0, , 
,1385.24,768,82.5,2.0,11111111,1384.64,800,26.7,3.09,397.8,1384.93,0.0,0.0, , 
,1386.13,768,82.5,0.8,11111111,1385.54,800,26.7,3.09,397.8,1385.83,0.0,0.0, , 
,1387.04,800,81.0,-0.4,11111111,1386.43,800,26.7,3.09,397.8,1386.74,0.0,0.0, , 
,1387.95,800,81.0,-1.6,11111111,1387.34,768,26.7,3.09,397.8,1387.66,0.0,0.0, , 
,1388.86,768,82.5,-2.3,11111111,1388.25,768,26.7,3.09,397.8,1388.56,0.0,0.0, , 
,1389.76,800,82.5,-2.7,11111111,1389.15,768,26.7,3.09,397.8,1389.46,0.0,0.0, , 
,1390.65,768,81.0,-2.7,11111111,1390.06,768,26.7,3.09,397.8,1390.36,0.0,0.0, , 
,1391.51,768,81.0,-2.7,11111111,1390.93,768,26.7,3.09,397.8,1391.22,0.0,0.0, , 
,1392.40,768,81.0,-2.7,11111111,1391.82,800,26.7,3.09,397.8,1392.11,0.0,0.0, , 
,1393.31,768,81.0,-2.7,11111111,1392.71,800,26.7,3.09,397.8,1393.02,0.0,0.0, , 
,1394.23,768,82.5,-2.7,11111111,1393.62,800,26.7,3.09,397.8,1393.93,0.0,0.0, , 
,1395.11,800,81.0,-2.7,11111111,1394.52,800,26.7,3.09,397.8,1394.81,0.0,0.0, , 
,1396.04,768,81.0,-2.3,11111111,1395.43,800,26.7,3.09,397.8,1395.74,0.0,0.0, , 
,1396.94,768,81.0,-2.3,11111111,1396.35,768,26.7,3.09,397.8,1396.65,0.0,0.0, , 
,1397.84,800,81.0,-2.7,11111111,1397.23,768,26.7,3.09,397.8,1397.54,0.0,0.0, , 
,1398.75,768,81.0,-3.1,11111111,1398.14,768,26.7,3.09,397.8,1398.45,0.0,0.0, , 
,1399.62,768,81.0,-2.7,11111111,1399.05,768,26.7,3.09,397.8,1399.33,0.0,0.0, , 
,1400.52,800,81.0,-3.1,11111111,1399.92,800,26.7,3.09,397.8,1400.22,0.0,0.0, , 
,1401.48,1280,82.5,0.0,11101011,1400.81,800,26.7,3.09,397.8,1401.14,0.0,0.0, , 
,1402.47,1024,82.5,0.0,11101011,1401.81,1376,44.3,6.18,550.8,1402.14,0.0,0.0, , 
,1403.44,1344,82.5,-5.5,11101011,1402.78,896,59.2,9.27,714.0,1403.10,0.0,0.0, , 
,1404.42,1568,82.5,0.0,11111111,1403.79,1536,48.6,7.21,591.6,1404.13,0.0,10.5, , 
,1405.37,1088,82.5,0.0,11111111,1404.73,1152,25.1,4.12,357.0,1405.06,0.0,0.0, , 
,1406.19,992,82.5,0.0,10101011,1405.66,1088,23.5,3.09,357.0,1405.92,0.0,0.0, , 
,1407.11,1056,82.5,0.0,10101011,1406.49,992,35.3,5.15,459.0,1406.80,0.0,0.0, , 
,1408.05,1152,82.5,0.0,10101011,1407.40,1088,36.9,5.15,479.4,1407.74,0.0,0.0, , 
,1409.01,1216,82.5,0.4,10101011,1408.36,1152,29.4,4.12,397.8,1408.68,0.0,0.0, , 
,1410.04,1344,82.5,0.0,10101011,1409.34,1248,41.2,5.15,520.2,1409.68,0.0,0.0, , 
,1411.12,1408,82.5,-3.1,10111111,1410.38,1376,31.0,3.09,418.2,1410.74,0.0,0.0, , 
,1412.14,1344,82.5,-7.0,10111111,1411.46,1408,23.5,3.09,336.6,1411.79,0.0,0.0, , 
,1413.18,1312,82.5,-6.3,10101011,1412.48,1376,22.0,3.09,316.2,1412.84,0.0,0.0, , 
,1414.22,1408,82.5,2.0,10101011,1413.55,1344,41.2,6.18,520.2,1413.90,0.0,0.0, , 
,1415.35,1568,82.5,3.9,10101011,1414.66,1440,44.3,5.15,550.8,1414.99,0.0,10.5, , 
,1416.43,1824,82.5,6.6,10101011,1415.70,1632,45.9,7.21,550.8,1416.07,0.0,10.5, , 
,1417.50,1984,82.5,5.9,10101011,1416.80,1856,41.2,6.18,499.8,1417.16,0.0,10.5, , 
,1418.55,2112,82.5,2.0,10101001,1417.84,2016,34.1,4.12,418.2,1418.18,0.0,10.5, , 
,1419.55,2176,84.0,-5.1,10111101,1418.89,2144,32.5,4.12,397.8,1419.22,0.0,10.5, , 
,1420.57,2144,84.0,-15.2,10111101,1419.89,2144,17.6,2.06,275.4,1420.23,0.0,10.5, , 
,1421.63,2016,84.0,0.0,10111101,1420.93,2112,0.0,0.00,244.8,1421.29,0.0,10.5, , 
,1422.67,1888,84.0,0.0,10111111,1421.95,1984,0.0,0.00,244.8,1422.31,0.0,10.5, , 
,1423.72,1760,84.0,0.0,10111111,1423.01,1856,0.0,0.00,295.8,1423.37,0.0,10.5, , 
,1424.74,1696,84.0,0.0,10101011,1424.04,1728,0.0,0.00,316.2,1424.40,0.0,10.5, , 
,1425.84,1824,84.0,0.0,10101011,1425.08,1696,31.0,4.12,397.8,1425.46,0.0,10.5, , 
,1426.90,2144,84.0,-2.7,10101001,1426.20,1952,56.1,9.27,652.8,1426.56,0.0,10.5, , 
,1427.90,2528,84.0,0.0,11101001,1427.24,2272,67.8,11.33,754.8,1427.56,0.0,10.5, , 
,1428.87,2848,84.0,0.0,11111101,1428.22,2656,69.4,11.33,754.8,1428.55,0.0,10.5, , 
,1429.89,1344,84.0,0.0,11111111,1429.22,2336,0.0,0.00,295.8,1429.58,0.0,10.5, , 
,1430.90,2016,84.0,0.0,11101001,1430.21,1024,26.7,4.12,377.4,1430.54,0.0,0.0, , 
,1431.99,1984,84.0,0.0,11101001,1431.27,1984,25.1,4.12,336.6,1431.62,0.0,10.5, , 
,1433.02,2112,84.0,-1.6,11101001,1432.33,2016,50.2,8.24,591.6,1432.69,0.0,10.5, , 
,1434.04,2208,84.0,-2.0,11101001,1433.36,2144,48.6,7.21,571.2,1433.71,0.0,10.5, , 
,1435.07,2304,84.0,-2.0,11101001,1434.37,2240,45.9,7.21,550.8,1434.70,0.0,10.5, , 
,1436.11,2400,84.0,-2.3,11101001,1435.42,2368,44.3,6.18,520.2,1435.77,0.0,10.5, , 
,1437.17,2496,84.0,-5.9,11101001,1436.45,2432,32.5,5.15,397.8,1436.82,0.0,10.5, , 
,1438.20,2560,84.0,-3.9,11101001,1437.53,2528,31.0,4.12,377.4,1437.88,0.0,10.5, , 
,1439.21,2624,84.0,-6.6,11111101,1438.55,2592,29.4,4.12,377.4,1438.87,0.0,10.5, , 
,1440.17,1280,84.0,0.0,11111111,1439.55,2176,0.0,0.00,295.8,1439.85,0.0,10.5, , 
,1441.09,1152,84.0,0.0,11111111,1440.47,1024,26.7,4.12,377.4,1440.78,0.0,0.0, , 
,1442.02,1088,84.0,0.0,11111111,1441.39,1184,22.0,3.09,336.6,1441.70,0.0,0.0, , 
,1442.99,896,84.0,-0.4,11111111,1442.37,1024,22.0,3.09,336.6,1442.68,0.0,0.0, , 
,1443.91,960,84.0,1.6,11111111,1443.30,928,25.1,3.09,377.4,1443.61,0.0,0.0, , 
,1444.85,928,84.0,2.0,11111111,1444.24,960,23.5,3.09,357.0,1444.53,0.0,0.0, , 
,1445.77,896,84.0,-1.2,11111111,1445.16,928,23.5,3.09,357.0,1445.45,0.0,0.0, , 
,1446.67,896,84.0,-1.2,11111111,1446.07,896,23.5,3.09,357.0,1446.38,0.0,0.0, , 
,1447.57,896,84.0,-1.6,11111111,1446.97,896,23.5,3.09,357.0,1447.27,0.0,0.0, , 
,1448.47,896,84.0,-2.0,11111111,1447.88,864,23.5,3.09,357.0,1448.16,0.0,0.0, , 
,1449.33,864,84.0,-2.0,11111111,1448.76,864,25.1,3.09,377.4,1449.05,0.0,0.0, , 
,1450.27,896,84.0,-1.6,11111111,1449.62,864,25.1,3.09,377.4,1449.93,0.0,0.0, , 
,1451.22,864,84.0,-0.8,11111111,1450.58,896,25.1,3.09,377.4,1450.89,0.0,0.0, , 
,1452.27,2400,84.0,-3.5,11101001,1451.57,1312,38.4,6.18,479.4,1451.90,0.0,10.5, , 
,1453.28,2496,84.0,0.8,11101001,1452.61,2432,53.3,8.24,591.6,1452.97,0.0,10.5, , 
,1454.27,2624,84.0,1.6,11101001,1453.62,2560,57.6,9.27,652.8,1453.95,0.0,10.5, , 
,1455.30,2752,84.0,5.1,11101001,1454.61,2656,54.5,8.24,612.0,1454.96,0.0,10.5, , 
,1456.37,1536,84.0,0.0,11101011,1455.62,2496,0.0,0.00,316.2,1455.99,0.0,10.5, , 
,1457.44,2048,84.0,0.0,11101001,1456.74,2048,20.8,3.09,295.8,1457.09,0.0,10.5, , 
,1458.47,2080,84.0,0.0,11101001,1457.78,2016,69.4,12.36,775.2,1458.13,0.0,10.5, , 
,1459.50,2176,84.0,0.0,11101001,1458.81,2112,69.4,11.33,775.2,1459.16,0.0,10.5, , 
,1460.54,2176,82.5,-2.3,11101001,1459.85,2176,42.7,6.18,499.8,1460.20,0.0,10.5, , 
,1461.56,2208,82.5,-4.7,11101001,1460.87,2208,38.4,5.15,459.0,1461.22,0.0,10.5, , 
,1462.57,2208,82.5,-8.2,11101001,1461.91,2208,38.4,5.15,459.0,1462.24,0.0,10.5, , 
,1463.60,2240,82.5,-5.5,11101001,1462.93,2240,48.6,7.21,571.2,1463.27,0.0,10.5, , 
,1464.59,2272,82.5,-3.5,11101001,1463.93,2272,48.6,7.21,571.2,1464.26,0.0,10.5, , 
,1465.62,2304,82.5,-0.8,11101001,1464.93,2272,44.3,6.18,520.2,1465.28,0.0,10.5, , 
,1466.61,2304,82.5,-2.3,11101001,1465.96,2304,44.3,6.18,520.2,1466.27,0.0,10.5, , 
,1467.61,2272,82.5,-5.9,11101001,1466.95,2304,35.3,5.15,438.6,1467.28,0.0,10.5, , 
,1468.63,2272,82.5,-7.0,11101001,1467.95,2272,34.1,5.15,418.2,1468.29,0.0,10.5, , 
,1469.64,2240,82.5,-15.2,11101001,1468.96,2272,25.1,3.09,336.6,1469.29,0.0,10.5, , 
,1470.66,2208,82.5,-16.0,11101001,1469.99,2240,23.5,3.09,316.2,1470.32,0.0,10.5, , 
,1471.68,2208,82.5,-4.7,11101001,1471.00,2208,32.5,4.12,418.2,1471.35,0.0,10.5, , 
,1472.69,2208,82.5,-3.5,11101001,1472.02,2208,32.5,4.12,397.8,1472.34,0.0,10.5, , 
,1473.71,2176,82.5,-0.4,11101001,1473.03,2176,32.5,4.12,418.2,1473.37,0.0,10.5, , 
,1474.75,2176,82.5,1.2,11101001,1474.07,2176,32.5,4.12,397.8,1474.41,0.0,10.5, , 
,1475.78,2144,82.5,-5.1,11101001,1475.09,2176,26.7,3.09,357.0,1475.44,0.0,10.5, , 
,1476.84,2112,82.5,-11.3,11101001,1476.13,2144,22.0,3.09,316.2,1476.48,0.0,10.5, , 
,1477.86,2112,82.5,-13.7,11101001,1477.19,2112,22.0,3.09,316.2,1477.52,0.0,10.5, , 
,1478.89,2080,82.5,-9.0,11101001,1478.20,2080,23.5,3.09,336.6,1478.54,0.0,10.5, , 
,1479.97,2080,82.5,1.2,11101001,1479.25,2080,35.3,4.12,438.6,1479.61,0.0,10.5, , 
,1481.01,2080,82.5,8.2,11101001,1480.31,2080,40.0,5.15,479.4,1480.67,0.0,10.5, , 
,1482.04,2112,81.0,12.1,11101001,1481.37,2080,41.2,5.15,499.8,1481.71,0.0,10.5, , 
,1483.05,2112,82.5,15.6,11101001,1482.38,2112,41.2,6.18,479.4,1482.71,0.0,10.5, , 
,1484.07,2112,82.5,16.4,11101001,1483.39,2112,40.0,6.18,479.4,1483.74,0.0,10.5, , 
,1485.10,2112,82.5,16.0,11101001,1484.41,2112,40.0,6.18,479.4,1484.76,0.0,10.5, , 
,1486.10,2112,82.5,-7.4,11101001,1485.43,2144,40.0,5.15,479.4,1485.77,0.0,10.5, , 
,1487.13,2112,82.5,-14.8,11101001,1486.44,2112,25.1,3.09,336.6,1486.79,0.0,10.5, , 
,1488.15,2112,82.5,-18.0,11101001,1487.48,2112,25.1,3.09,336.6,1487.82,0.0,10.5, , 
,1489.20,2080,82.5,-20.3,11101001,1488.50,2080,26.7,3.09,357.0,1488.86,0.0,10.5, , 
,1490.25,2080,82.5,0.0,11101001,1489.54,2080,26.7,3.09,357.0,1489.90,0.0,10.5, , 
,1491.31,2080,82.5,-2.7,11101001,1490.59,2048,42.7,6.18,499.8,1490.95,0.0,10.5, , 
,1492.36,2080,82.5,-5.5,11101001,1491.65,2080,41.2,6.18,499.8,1492.01,0.0,10.5, , 
,1493.41,2112,82.5,-7.4,11101001,1492.70,2080,41.2,6.18,499.8,1493.06,0.0,10.5, , 
,1494.44,2112,82.5,-10.2,11101001,1493.74,2112,41.2,6.18,479.4,1494.07,0.0,10.5, , 
,1495.46,2144,82.5,-10.5,11101001,1494.77,2112,40.0,5.15,479.4,1495.11,0.0,10.5, , 
,1496.50,2112,82.5,-14.5,11101001,1495.79,2112,32.5,4.12,418.2,1496.14,0.0,10.5, , 
,1497.50,2112,81.0,-22.7,11101001,1496.83,2112,19.2,2.06,295.8,1497.16,0.0,10.5, , 
,1498.54,2080,82.5,-27.3,11101001,1497.84,2080,19.2,2.06,275.4,1498.19,0.0,10.5, , 
,1499.58,2048,81.0,-28.5,11101001,1498.90,2048,19.2,2.06,295.8,1499.24,0.0,10.5, , 
,1500.65,2016,82.5,-27.7,11101001,1499.93,2048,19.2,2.06,295.8,1500.30,0.0,10.5, , 
,1501.70,2016,82.5,-25.4,11101001,1501.00,2016,19.2,2.06,295.8,1501.36,0.0,10.5, , 
,1502.77,1984,82.5,-21.1,11101001,1502.06,2016,20.8,2.06,295.8,1502.43,0.0,10.5, , 
,1503.83,2016,82.5,-11.7,11101001,1503.13,1984,35.3,4.12,438.6,1503.47,0.0,10.5, , 
,1504.91,2016,82.5,-10.5,11101001,1504.18,2016,34.1,4.12,418.2,1504.54,0.0,10.5, , 
,1505.99,2016,82.5,-11.3,11101001,1505.26,2016,25.1,3.09,336.6,1505.62,0.0,10.5, , 
,1507.07,1728,82.5,0.0,11111111,1506.36,2016,28.2,4.12,377.4,1506.72,0.0,10.5, , 
,1507.99,1152,82.5,0.0,11111111,1507.36,1216,0.0,0.00,336.6,1507.67,0.0,0.0, , 
,1508.94,1120,81.0,0.0,11111111,1508.31,1216,25.1,4.12,357.0,1508.63,0.0,0.0, , 
,1509.89,928,82.5,-0.8,11111111,1509.28,1024,22.0,3.09,336.6,1509.58,0.0,0.0, , 
,1510.84,896,82.5,-0.4,11111111,1510.20,896,25.1,3.09,357.0,1510.53,0.0,0.0, , 
,1511.75,896,82.5,0.4,11111111,1511.14,896,25.1,3.09,377.4,1511.44,0.0,0.0, , 
,1512.73,1856,82.5,0.0,11101011,1512.04,896,25.1,3.09,377.4,1512.37,0.0,0.0, , 
,1513.75,2080,82.5,-7.8,11101001,1513.07,2048,22.0,3.09,316.2,1513.40,0.0,10.5, , 
,1514.80,2112,82.5,-12.1,11101001,1514.10,2080,29.4,4.12,377.4,1514.43,0.0,10.5, , 
,1515.80,2144,82.5,-12.1,11101001,1515.13,2112,38.4,5.15,479.4,1515.47,0.0,10.5, , 
,1516.83,2176,82.5,-10.5,11101001,1516.15,2176,36.9,5.15,459.0,1516.50,0.0,10.5, , 
,1517.84,2240,82.5,-6.3,11101001,1517.17,2208,42.7,6.18,520.2,1517.51,0.0,10.5, , 
,1518.84,2272,82.5,-4.7,11101001,1518.17,2272,40.0,6.18,479.4,1518.50,0.0,10.5, , 
,1519.87,2304,82.5,-7.4,11101001,1519.18,2304,35.3,5.15,438.6,1519.52,0.0,10.5, , 
,1520.88,2304,82.5,-14.5,11101001,1520.22,2336,23.5,3.09,316.2,1520.55,0.0,10.5, , 
,1521.89,2336,82.5,-14.1,11101001,1521.20,2304,23.5,3.09,316.2,1521.55,0.0,10.5, , 
,1522.87,2368,82.5,-8.6,11101001,1522.21,2336,40.0,5.15,479.4,1522.53,0.0,10.5, , 
,1523.93,2432,81.0,-3.9,11101001,1523.22,2368,42.7,6.18,499.8,1523.59,0.0,10.5, , 
,1524.92,2496,81.0,-0.8,11101001,1524.26,2464,45.9,7.21,550.8,1524.61,0.0,10.5, , 
,1525.96,2560,81.0,2.0,11101001,1525.28,2528,45.9,7.21,550.8,1525.62,0.0,10.5, , 
,1527.00,2624,81.0,1.6,11101001,1526.29,2592,42.7,6.18,499.8,1526.64,0.0,10.5, , 
,1528.00,2688,81.0,-0.8,11101001,1527.32,2656,41.2,6.18,479.4,1527.65,0.0,10.5, , 
,1529.03,2720,81.0,-2.7,11101001,1528.36,2688,35.3,5.15,418.2,1528.71,0.0,10.5, , 
,1530.00,1408,81.0,0.0,11111111,1529.38,2368,0.0,0.00,295.8,1529.70,0.0,10.5, , 
,1530.99,1344,81.0,0.0,11111111,1530.31,1024,25.1,4.12,357.0,1530.63,0.0,0.0, , 
,1532.02,1920,81.0,0.0,11101011,1531.32,1696,0.0,0.00,316.2,1531.68,0.0,10.5, , 
,1533.06,1920,81.0,0.0,11101011,1532.36,1920,16.1,3.09,275.4,1532.72,0.0,10.5, , 
,1534.16,1888,81.0,-7.8,11101011,1533.44,1888,22.0,3.09,316.2,1533.80,0.0,10.5, , 
,1535.26,1888,82.5,-9.8,11101011,1534.54,1888,28.2,4.12,377.4,1534.90,0.0,10.5, , 
,1536.38,1920,82.5,-10.9,11101011,1535.64,1920,29.4,4.12,377.4,1536.01,0.0,10.5, , 
,1537.46,1920,82.5,-12.9,11101011,1536.74,1920,29.4,4.12,377.4,1537.10,0.0,10.5, , 
,1538.54,1920,82.5,-14.5,11101011,1537.81,1920,28.2,4.12,377.4,1538.17,0.0,10.5, , 
,1539.65,1952,82.5,-15.2,11101011,1538.92,1920,28.2,3.09,377.4,1539.28,0.0,10.5, , 
,1540.76,1952,82.5,-16.8,11101011,1540.01,1952,26.7,3.09,357.0,1540.39,0.0,10.5, , 
,1541.84,1952,82.5,-16.8,11101011,1541.13,1952,28.2,3.09,357.0,1541.48,0.0,10.5, , 
,1542.92,1952,82.5,-15.2,11101011,1542.20,1952,26.7,3.09,357.0,1542.57,0.0,10.5, , 
,1544.01,1984,82.5,-18.4,11111111,1543.28,1952,26.7,3.09,357.0,1543.65,0.0,10.5, , 
,1545.05,1920,82.5,0.0,11111111,1544.35,1952,0.0,0.00,244.8,1544.69,0.0,10.5, , 
,1546.03,992,82.5,0.0,11111111,1545.41,1856,0.0,0.00,275.4,1545.73,0.0,0.0, , 
,1546.96,1184,82.5,0.0,11111111,1546.34,1088,29.4,4.12,397.8,1546.65,0.0,0.0, , 
,1547.89,992,82.5,0.0,11111111,1547.26,1120,22.0,3.09,336.6,1547.58,0.0,0.0, , 
,1548.83,896,82.5,-0.4,11111111,1548.20,928,23.5,3.09,357.0,1548.51,0.0,0.0, , 
,1549.74,928,82.5,0.4,11111111,1549.13,896,25.1,3.09,377.4,1549.43,0.0,0.0, , 
,1550.66,896,82.5,1.2,11111111,1550.04,928,25.1,3.09,357.0,1550.36,0.0,0.0, , 
,1551.54,896,82.5,2.3,11111111,1550.93,896,25.1,3.09,377.4,1551.25,0.0,0.0, , 
,1552.54,2048,82.5,0.0,11101001,1551.87,928,31.0,5.15,418.2,1552.21,0.0,10.5, , 
,1553.60,2016,82.5,-11.3,11101001,1552.90,2144,22.0,3.09,316.2,1553.24,0.0,10.5, , 
,1554.67,1984,82.5,-23.0,11101011,1553.95,2048,19.2,2.06,295.8,1554.31,0.0,10.5, , 
,1555.77,1952,82.5,-24.2,11101011,1555.03,1984,20.8,2.06,295.8,1555.40,0.0,10.5, , 
,1556.85,1952,82.5,0.0,11101011,1556.12,1920,25.1,3.09,336.6,1556.48,0.0,10.5, , 
,1557.89,2048,82.5,0.0,11101001,1557.19,1984,48.6,7.21,591.6,1557.55,0.0,10.5, , 
,1558.88,2272,82.5,0.0,11101001,1558.22,2144,60.4,9.27,693.6,1558.55,0.0,10.5, , 
,1559.94,2464,82.5,-0.8,11101001,1559.20,2304,53.3,8.24,612.0,1559.58,0.0,10.5, , 
,1560.92,2848,82.5,0.0,11101001,1560.27,2624,69.4,11.33,754.8,1560.59,0.0,10.5, , 
,1561.93,1760,82.5,0.0,11101011,1561.24,2496,0.0,0.00,316.2,1561.59,0.0,10.5, , 
,1563.00,1952,82.5,0.0,11101011,1562.28,1952,38.4,6.18,459.0,1562.64,0.0,10.5, , 
,1564.02,2080,82.5,0.0,11101001,1563.34,1984,71.0,11.33,795.6,1563.69,0.0,10.5, , 
,1565.02,2208,82.5,-0.4,11101001,1564.35,2112,57.6,9.27,673.2,1564.69,0.0,10.5, , 
,1566.02,2304,82.5,0.0,11101001,1565.35,2240,56.1,9.27,632.4,1565.68,0.0,10.5, , 
,1567.01,2336,82.5,-2.7,11101001,1566.35,2304,41.2,6.18,479.4,1566.67,0.0,10.5, , 
,1568.08,2432,81.0,-1.2,11101001,1567.34,2368,51.8,8.24,591.6,1567.70,0.0,10.5, , 
,1569.09,2432,81.0,0.0,11111101,1568.43,2464,38.4,6.18,459.0,1568.77,0.0,10.5, , 
,1570.10,2368,81.0,0.0,11111101,1569.42,2400,17.6,2.06,244.8,1569.76,0.0,10.5, , 
,1571.06,2304,81.0,0.0,11111101,1570.41,2368,0.0,0.00,244.8,1570.73,0.0,10.5, , 
,1572.04,2240,82.5,0.0,11111101,1571.38,2272,0.0,0.00,244.8,1571.70,0.0,10.5, , 
,1573.06,2144,82.5,0.0,11111101,1572.38,2208,0.0,0.00,244.8,1572.71,0.0,10.5, , 
,1574.10,2048,82.5,0.0,11111101,1573.40,2112,0.0,0.00,244.8,1573.74,0.0,10.5, , 
,1575.11,1952,82.5,0.0,11111111,1574.43,2016,0.0,0.00,244.8,1574.77,0.0,10.5, , 
,1576.19,1856,82.5,0.0,11111111,1575.46,1920,0.0,0.00,275.4,1575.82,0.0,10.5, , 
,1577.19,1792,82.5,0.0,11111111,1576.55,1856,0.0,0.00,295.8,1576.88,0.0,10.5, , 
,1578.20,1696,82.5,0.0,11111111,1577.53,1760,0.0,0.00,316.2,1577.88,0.0,10.5, , 
,1579.18,928,82.5,0.0,11111111,1578.52,1376,0.0,0.00,336.6,1578.84,0.0,0.0, , 
,1580.08,928,82.5,0.0,11111111,1579.47,928,29.4,5.15,418.2,1579.76,0.0,0.0, , 
,1581.01,928,82.5,-0.4,11111111,1580.39,928,26.7,4.12,397.8,1580.71,0.0,0.0, , 
,1582.06,1632,82.5,-2.7,11101011,1581.33,1024,26.7,3.09,377.4,1581.67,0.0,10.5, , 
,1583.17,1824,82.5,0.0,11101011,1582.44,1664,29.4,4.12,377.4,1582.80,0.0,10.5, , 
,1584.21,2272,82.5,0.0,11101001,1583.53,1984,71.0,12.36,795.6,1583.87,0.0,10.5, , 
,1585.28,2720,82.5,-3.1,11101001,1584.56,2400,82.7,14.42,907.8,1584.90,0.0,10.5, , 
,1586.33,1600,82.5,0.0,11101011,1585.62,2592,0.0,0.00,397.8,1585.99,0.0,10.5, , 
,1587.38,1888,82.5,0.0,11101011,1586.69,1824,29.4,5.15,377.4,1587.04,0.0,10.5, , 
,1588.50,1920,82.5,-10.2,11101011,1587.75,1888,26.7,4.12,357.0,1588.12,0.0,10.5, , 
,1589.60,1920,82.5,-14.1,11101011,1588.87,1920,25.1,3.09,336.6,1589.24,0.0,10.5, , 
,1590.68,1952,82.5,-13.7,11101011,1589.95,1920,28.2,3.09,377.4,1590.32,0.0,10.5, , 
,1591.74,2016,82.5,-10.5,11101001,1591.03,1984,40.0,5.15,479.4,1591.39,0.0,10.5, , 
,1592.78,2048,82.5,-7.8,11101001,1592.08,2048,38.4,5.15,479.4,1592.44,0.0,10.5, , 
,1593.81,2112,82.5,-6.3,11101001,1593.13,2080,36.9,5.15,438.6,1593.47,0.0,10.5, , 
,1594.83,2112,82.5,-12.9,11101001,1594.14,2112,32.5,4.12,418.2,1594.49,0.0,10.5, , 
,1595.87,2080,82.5,-25.4,11101001,1595.19,2112,16.1,2.06,244.8,1595.53,0.0,10.5, , 
,1596.89,2080,82.5,-25.8,11101001,1596.21,2080,14.9,1.03,224.4,1596.54,0.0,10.5, , 
,1597.95,2048,82.5,-12.9,11101001,1597.25,2080,22.0,2.06,316.2,1597.60,0.0,10.5, , 
,1599.01,2048,82.5,-11.3,11101001,1598.30,2048,25.1,3.09,336.6,1598.66,0.0,10.5, , 
,1600.02,2080,82.5,-5.5,11101001,1599.35,2048,36.9,4.12,438.6,1599.68,0.0,10.5, , 
,1601.03,2144,82.5,4.3,11101001,1600.35,2112,48.6,6.18,571.2,1600.70,0.0,10.5, , 
,1602.05,2208,82.5,10.9,11101001,1601.36,2176,47.1,6.18,550.8,1601.70,0.0,10.5, , 
,1603.07,2176,82.5,-5.1,11101001,1602.39,2208,29.4,3.09,377.4,1602.73,0.0,10.5, , 
,1604.08,2176,82.5,-16.0,11101001,1603.39,2176,16.1,2.06,244.8,1603.73,0.0,10.5, , 
,1605.09,2144,82.5,-21.9,11101001,1604.42,2176,16.1,2.06,244.8,1604.75,0.0,10.5, , 
,1606.11,2112,82.5,-21.1,11101001,1605.44,2112,16.1,1.03,244.8,1605.77,0.0,10.5, , 
,1607.19,2048,82.5,-19.5,11101001,1606.46,2080,16.1,1.03,244.8,1606.82,0.0,10.5, , 
,1608.22,1984,82.5,-14.8,11101001,1607.53,2048,14.9,1.03,244.8,1607.88,0.0,10.5, , 
,1609.27,1984,82.5,-6.6,11101011,1608.57,2016,19.2,2.06,295.8,1608.91,0.0,10.5, , 
,1610.37,1952,82.5,-1.6,11101011,1609.62,1952,19.2,2.06,295.8,1610.00,0.0,10.5, , 
,1611.49,1920,82.5,7.0,11101011,1610.75,1952,22.0,2.06,316.2,1611.12,0.0,10.5, , 
,1612.57,1920,82.5,14.8,11101011,1611.84,1920,25.1,3.09,336.6,1612.20,0.0,10.5, , 
,1613.65,1920,82.5,19.5,11101011,1612.93,1920,25.1,3.09,336.6,1613.29,0.0,10.5, , 
,1614.74,1920,82.5,22.7,11101011,1614.02,1920,25.1,3.09,336.6,1614.38,0.0,10.5, , 
,1615.82,1920,82.5,23.8,11101011,1615.09,1920,25.1,3.09,336.6,1615.47,0.0,10.5, , 
,1616.94,1920,82.5,-14.8,11101011,1616.20,1920,25.1,3.09,357.0,1616.57,0.0,10.5, , 
,1618.04,1920,82.5,-14.1,11101011,1617.30,1920,26.7,3.09,357.0,1617.67,0.0,10.5, , 
,1619.13,1920,82.5,-13.3,11101011,1618.39,1920,29.4,4.12,377.4,1618.76,0.0,10.5, , 
,1620.22,1920,82.5,-14.8,11101011,1619.49,1920,28.2,4.12,377.4,1619.84,0.0,10.5, , 
,1621.32,1952,82.5,-16.4,11101011,1620.58,1952,28.2,4.12,377.4,1620.95,0.0,10.5, , 
,1622.39,1952,82.5,-15.6,11101011,1621.67,1952,28.2,3.09,377.4,1622.04,0.0,10.5, , 
,1623.48,1952,82.5,-15.2,11101011,1622.76,1952,28.2,3.09,377.4,1623.13,0.0,10.5, , 
,1624.59,1952,82.5,-16.8,11101011,1623.86,1952,28.2,3.09,377.4,1624.22,0.0,10.5, , 
,1625.70,1952,82.5,-16.4,11101011,1624.97,1952,28.2,3.09,377.4,1625.33,0.0,10.5, , 
,1626.80,1984,82.5,-15.6,11101001,1626.06,1984,29.4,4.12,397.8,1626.42,0.0,10.5, , 
,1627.92,1984,82.5,-18.0,11101011,1627.19,1984,28.2,3.09,377.4,1627.56,0.0,10.5, , 
,1628.99,1984,82.5,-18.4,11101001,1628.28,1984,28.2,3.09,357.0,1628.65,0.0,10.5, , 
,1630.05,1984,82.5,-16.8,11101001,1629.34,1984,28.2,3.09,377.4,1629.71,0.0,10.5, , 
,1631.11,1984,82.5,-16.4,11101001,1630.40,1984,28.2,3.09,377.4,1630.77,0.0,10.5, , 
,1632.18,2016,82.5,-16.4,11101001,1631.47,2016,28.2,3.09,357.0,1631.83,0.0,10.5, , 
,1633.22,2016,82.5,-17.2,11101001,1632.52,2016,28.2,3.09,357.0,1632.88,0.0,10.5, , 
,1634.28,1920,82.5,-28.1,11111111,1633.60,1984,16.1,2.06,244.8,1633.94,0.0,10.5, , 
,1635.33,1888,82.5,0.0,11111111,1634.64,1920,0.0,0.00,275.4,1635.01,0.0,10.5, , 
,1636.35,1728,82.5,0.0,11111111,1635.66,1824,0.0,0.00,295.8,1636.00,0.0,10.5, , 
,1637.31,1472,82.5,0.0,11111111,1636.68,1632,0.0,0.00,316.2,1637.02,0.0,10.5, , 
,1638.28,1184,82.5,0.0,11111111,1637.65,1408,0.0,0.00,336.6,1637.98,0.0,0.0, , 
,1639.18,1152,82.5,0.0,11111111,1638.57,928,28.2,4.12,397.8,1638.87,0.0,0.0, , 
,1640.12,992,82.5,0.0,11111111,1639.48,1088,23.5,3.09,336.6,1639.78,0.0,0.0, , 
,1641.04,928,82.5,-1.2,11111111,1640.43,960,23.5,3.09,357.0,1640.73,0.0,0.0, , 
,1641.98,928,82.5,-0.4,11111111,1641.35,896,25.1,3.09,377.4,1641.66,0.0,0.0, , 
,1642.90,864,82.5,0.0,11111111,1642.29,928,25.1,3.09,377.4,1642.59,0.0,0.0, , 
,1643.78,768,82.5,-0.4,11111111,1643.18,800,23.5,3.09,357.0,1643.48,0.0,0.0, , 
,1644.71,768,82.5,0.0,10101011,1644.08,768,25.1,3.09,377.4,1644.39,0.0,0.0, , 
,1645.71,1376,82.5,-0.4,10101011,1645.03,1120,42.7,6.18,550.8,1645.37,0.0,0.0, , 
,1646.68,1120,82.5,4.3,10101011,1646.04,1312,38.4,5.15,479.4,1646.36,0.0,0.0, , 
,1647.71,1376,82.5,2.0,10101011,1647.00,1056,45.9,6.18,571.2,1647.34,0.0,0.0, , 
,1648.76,1696,82.5,-0.8,10101011,1648.04,1504,36.9,5.15,459.0,1648.39,0.0,10.5, , 
,1649.87,1984,82.5,-6.3,10101011,1649.13,1792,31.0,4.12,397.8,1649.50,0.0,10.5, , 
,1650.83,992,82.5,0.0,10111111,1650.21,1952,0.0,0.00,377.4,1650.56,0.0,0.0, , 
,1651.77,1152,82.5,0.0,10101011,1651.15,1120,29.4,5.15,397.8,1651.46,0.0,0.0, , 
,1652.70,1216,82.5,0.0,10101011,1652.08,1184,38.4,5.15,479.4,1652.39,0.0,0.0, , 
,1653.69,1312,82.5,1.6,10101011,1653.01,1216,51.8,7.21,632.4,1653.36,0.0,0.0, , 
,1654.69,1344,82.5,0.0,10101011,1654.00,1344,31.0,3.09,418.2,1654.33,0.0,0.0, , 
,1655.75,1344,82.5,-5.1,10101011,1655.04,1376,23.5,3.09,336.6,1655.41,0.0,0.0, , 
,1656.79,1376,82.5,-2.3,10101011,1656.11,1344,25.1,3.09,357.0,1656.47,0.0,0.0, , 
,1657.81,1376,82.5,-1.2,10101011,1657.14,1376,31.0,4.12,397.8,1657.48,0.0,0.0, , 
,1658.86,1440,82.5,1.6,10101011,1658.13,1376,34.1,4.12,438.6,1658.48,0.0,0.0, , 
,1659.78,1536,82.5,0.0,10101011,1659.14,1472,36.9,5.15,479.4,1659.41,0.0,10.5, , 
,1660.80,1760,82.5,-0.4,10101011,1660.12,1568,50.2,8.24,612.0,1660.45,0.0,10.5, , 
,1661.88,2016,82.5,0.0,10101001,1661.17,1824,54.5,9.27,652.8,1661.53,0.0,10.5, , 
,1662.88,2144,82.5,0.0,10101001,1662.21,2048,48.6,7.21,591.6,1662.53,0.0,10.5, , 
,1663.87,2176,82.5,-11.3,10111101,1663.22,2176,20.8,3.09,295.8,1663.55,0.0,10.5, , 
,1664.89,2016,82.5,0.0,10111101,1664.21,2112,16.1,2.06,244.8,1664.54,0.0,10.5, , 
,1665.94,1856,82.5,0.0,10101011,1665.26,1952,0.0,0.00,244.8,1665.60,0.0,10.5, , 
,1667.02,1824,84.0,-4.7,10101011,1666.29,1856,22.0,4.12,316.2,1666.66,0.0,10.5, , 
,1668.12,1952,84.0,-3.9,10101011,1667.40,1888,32.5,5.15,418.2,1667.76,0.0,10.5, , 
,1669.20,2048,84.0,-5.5,10101001,1668.48,1984,38.4,5.15,479.4,1668.85,0.0,10.5, , 
,1670.25,2208,84.0,-5.5,10101001,1669.54,2112,41.2,6.18,479.4,1669.90,0.0,10.5, , 
,1671.25,2336,84.0,-7.4,10101001,1670.59,2240,42.7,6.18,499.8,1670.92,0.0,10.5, , 
,1672.23,1600,84.0,0.0,11111111,1671.58,2400,45.9,6.18,550.8,1671.92,0.0,10.5, , 
,1673.17,1152,84.0,0.0,11111111,1672.53,1152,23.5,4.12,357.0,1672.85,0.0,0.0, , 
,1674.06,1024,84.0,0.0,10111111,1673.47,1120,22.0,3.09,336.6,1673.77,0.0,0.0, , 
,1674.95,928,84.0,0.0,10111111,1674.33,992,22.0,3.09,336.6,1674.64,0.0,0.0, , 
,1675.87,928,84.0,-0.4,10111111,1675.26,896,25.1,3.09,377.4,1675.56,0.0,0.0, , 
,1676.79,928,84.0,0.0,10111111,1676.17,928,25.1,3.09,357.0,1676.47,0.0,0.0, , 
,1677.69,896,84.0,0.0,10111111,1677.10,896,23.5,3.09,357.0,1677.40,0.0,0.0, , 
,1678.59,896,84.0,0.4,10111111,1677.99,896,23.5,3.09,357.0,1678.29,0.0,0.0, , 
,1679.52,896,84.0,-0.4,10111111,1678.90,896,23.5,3.09,357.0,1679.22,0.0,0.0, , 
,1680.44,896,84.0,0.0,10111111,1679.84,864,25.1,3.09,377.4,1680.14,0.0,0.0, , 
,1681.31,864,84.0,-0.4,10111111,1680.74,864,25.1,3.09,377.4,1681.02,0.0,0.0, , 
,1682.23,896,84.0,-1.2,10111111,1681.63,864,25.1,3.09,377.4,1681.94,0.0,0.0, , 
,1683.10,736,84.0,-1.2,10111111,1682.53,864,23.5,3.09,357.0,1682.81,0.0,0.0, , 
,1684.05,800,84.0,-3.9,10111111,1683.40,704,28.2,4.12,397.8,1683.73,0.0,0.0, , 
,1684.94,768,84.0,-5.5,10111111,1684.35,768,25.1,3.09,377.4,1684.65,0.0,0.0, , 
,1685.88,768,85.5,-5.5,10111111,1685.25,768,25.1,3.09,397.8,1685.56,0.0,0.0, , 
,1686.76,768,85.5,-4.3,10111111,1686.18,768,25.1,3.09,397.8,1686.47,0.0,0.0, , 
,1687.64,768,85.5,-3.9,10111111,1687.04,800,26.7,3.09,397.8,1687.33,0.0,0.0, , 
,1688.53,768,85.5,-3.1,10111111,1687.94,800,25.1,3.09,397.8,1688.24,0.0,0.0, , 
,1689.43,768,85.5,-2.3,10111111,1688.83,768,26.7,3.09,397.8,1689.14,-0.8,0.0, , 
,1690.33,768,85.5,-2.3,10111111,1689.73,800,25.1,3.09,397.8,1690.04,-0.8,0.0, , 
,1691.23,800,85.5,-2.0,10111111,1690.64,768,26.7,3.09,397.8,1690.93,-0.8,0.0, , 
,1692.12,800,85.5,-2.3,10111111,1691.53,800,26.7,3.09,397.8,1691.83,-0.8,0.0, , 
,1693.02,768,85.5,-2.3,10111111,1692.42,768,25.1,3.09,397.8,1692.72,-0.8,0.0, , 
,1693.93,768,85.5,-2.7,10111111,1693.32,768,25.1,3.09,397.8,1693.63,-0.8,0.0, , 
,1694.83,768,85.5,-3.5,10111111,1694.23,768,25.1,3.09,397.8,1694.53,-0.8,0.0, , 
,1695.72,800,85.5,-4.7,10111111,1695.13,768,26.7,3.09,397.8,1695.43,-0.8,0.0, , 
,1696.61,768,85.5,-5.1,10111111,1696.02,768,26.7,3.09,397.8,1696.31,-0.8,0.0, , 
,1697.50,800,85.5,-5.1,10111111,1696.91,768,26.7,3.09,397.8,1697.21,-0.8,0.0, , 
,1698.38,800,85.5,-5.1,10111111,1697.79,768,26.7,3.09,397.8,1698.08,-0.8,0.0, , 
,1699.26,768,85.5,-4.7,10111111,1698.68,800,26.7,3.09,397.8,1698.96,-0.8,0.0, , 
,1700.16,800,85.5,-4.3,10111111,1699.57,768,26.7,3.09,397.8,1699.87,-0.8,0.0, , 
,1701.09,768,85.5,-4.3,10111111,1700.48,768,26.7,3.09,397.8,1700.78,-0.8,0.0, , 
,1702.01,800,85.5,-3.9,10101011,1701.41,800,26.7,3.09,397.8,1701.71,-0.8,0.0, , 
,1702.89,1344,84.0,0.0,10101011,1702.31,768,29.4,4.12,418.2,1702.61,-0.8,0.0, , 
,1703.90,1184,84.0,0.0,10101011,1703.25,1600,51.8,8.24,612.0,1703.60,-0.8,0.0, , 
,1705.01,1728,84.0,0.0,10101011,1704.22,1088,65.1,9.27,775.2,1704.64,-0.8,0.0, , 
,1706.07,2080,84.0,0.0,10111101,1705.36,2048,73.7,12.36,826.2,1705.70,0.0,10.5, , 
,1707.07,1472,85.5,0.0,10101011,1706.35,1568,0.0,0.00,336.6,1706.67,-0.8,0.0, , 
,1708.07,1504,84.0,0.4,10101011,1707.40,1472,35.3,5.15,459.0,1707.77,-0.8,0.0, , 
,1709.19,1568,84.0,0.0,10101011,1708.48,1472,36.9,5.15,459.0,1708.83,-0.8,10.5, , 
,1710.30,1824,85.5,0.0,10101011,1709.53,1632,66.3,11.33,775.2,1709.92,-0.8,10.5, , 
,1711.34,2112,85.5,-0.4,10101001,1710.65,1952,60.4,9.27,693.6,1711.00,0.0,10.5, , 
,1712.37,2464,85.5,-1.2,10101001,1711.68,2272,65.1,10.30,734.4,1712.03,0.0,10.5, , 
,1713.38,2784,85.5,2.0,11101001,1712.72,2560,67.8,11.33,754.8,1713.05,0.0,10.5, , 
,1714.39,1728,85.5,0.0,11111111,1713.71,2688,0.0,0.00,377.4,1714.05,0.0,10.5, , 
,1715.45,1824,85.5,0.0,11101011,1714.75,1248,23.5,4.12,336.6,1715.11,0.0,10.5, , 
,1716.55,1888,85.5,0.0,11101011,1715.82,1792,28.2,4.12,357.0,1716.17,0.0,10.5, , 
,1717.65,1952,85.5,-4.3,11101011,1716.91,1888,48.6,7.21,591.6,1717.28,0.0,10.5, , 
,1718.72,1952,85.5,-13.7,11101011,1718.00,1952,28.2,4.12,377.4,1718.37,0.0,10.5, , 
,1719.79,1952,85.5,-19.1,11101011,1719.07,1952,28.2,3.09,377.4,1719.42,0.0,10.5, , 
,1720.86,1984,85.5,-20.7,11101011,1720.14,1952,28.2,3.09,377.4,1720.50,0.0,10.5, , 
,1721.94,2048,85.5,-19.1,11101001,1721.22,1984,38.4,5.15,479.4,1721.59,0.0,10.5, , 
,1722.97,2080,85.5,-14.1,11101001,1722.29,2048,48.6,6.18,591.6,1722.62,0.0,10.5, , 
,1723.98,2048,85.5,-20.7,11101001,1723.32,2080,23.5,3.09,316.2,1723.65,0.0,10.5, , 
,1725.04,2048,85.5,-30.1,11101001,1724.33,2080,14.9,2.06,244.8,1724.68,0.0,10.5, , 
,1726.11,2016,85.5,-20.3,11101001,1725.39,2048,14.9,1.03,244.8,1725.75,0.0,10.5, , 
,1727.16,1984,85.5,-16.8,11101001,1726.46,2016,20.8,2.06,295.8,1726.82,0.0,10.5, , 
,1728.22,2016,85.5,-8.2,11101001,1727.52,1984,25.1,3.09,336.6,1727.86,0.0,10.5, , 
,1729.27,2048,85.5,2.7,11101001,1728.57,2016,44.3,5.15,520.2,1728.92,0.0,10.5, , 
,1730.28,2144,85.5,8.2,11101001,1729.61,2080,48.6,6.18,571.2,1729.95,0.0,10.5, , 
,1731.32,2240,85.5,14.1,11101001,1730.63,2144,60.4,9.27,693.6,1730.98,0.0,10.5, , 
,1732.31,2336,85.5,15.6,11101001,1731.65,2272,67.8,11.33,754.8,1731.97,0.0,10.5, , 
,1733.37,2400,85.5,0.0,11111101,1732.66,2368,54.5,8.24,632.4,1733.01,0.0,10.5, , 
,1734.36,2368,85.5,-5.1,11111101,1733.72,2400,20.8,3.09,295.8,1734.04,0.0,10.5, , 
,1735.36,2272,85.5,0.0,11111101,1734.69,2336,0.0,0.00,244.8,1735.02,0.0,10.5, , 
,1736.38,2176,85.5,0.0,11111101,1735.70,2240,0.0,0.00,244.8,1736.05,0.0,10.5, , 
,1737.40,2112,85.5,0.0,11101001,1736.72,2176,0.0,0.00,244.8,1737.07,0.0,10.5, , 
,1738.46,2048,85.5,0.0,11101001,1737.73,2080,16.1,3.09,244.8,1738.09,0.0,10.5, , 
,1739.50,2048,85.5,-6.3,11101001,1738.80,2048,23.5,3.09,336.6,1739.15,0.0,10.5, , 
,1740.60,1824,85.5,0.0,11111111,1739.85,2048,34.1,5.15,438.6,1740.21,0.0,10.5, , 
,1741.51,1152,84.0,0.0,11111111,1740.90,1312,0.0,0.00,336.6,1741.18,-0.8,0.0, , 
,1742.41,1088,84.0,0.0,11111111,1741.82,1216,25.1,4.12,357.0,1742.12,-0.8,0.0, , 
,1743.40,960,85.5,-0.8,11111111,1742.73,1056,22.0,3.09,336.6,1743.09,-0.8,0.0, , 
,1744.31,896,84.0,-1.2,11111111,1743.69,896,23.5,3.09,357.0,1744.01,-0.8,0.0, , 
,1745.25,928,84.0,0.0,11111111,1744.63,896,25.1,3.09,377.4,1744.94,-0.8,0.0, , 
,1746.18,896,84.0,0.4,11111111,1745.56,928,25.1,3.09,357.0,1745.87,-0.8,0.0, , 
,1747.10,896,84.0,1.2,11111111,1746.48,896,25.1,3.09,377.4,1746.80,-0.8,0.0, , 
,1748.02,896,85.5,1.6,11111111,1747.40,864,25.1,3.09,377.4,1747.71,-0.8,0.0, , 
,1748.94,896,85.5,1.6,11111111,1748.34,896,25.1,3.09,377.4,1748.65,-0.8,0.0, , 
,1749.85,864,85.5,1.2,11111111,1749.26,864,25.1,3.09,377.4,1749.57,-0.8,0.0, , 
,1750.77,896,85.5,0.8,11111111,1750.13,896,25.1,3.09,377.4,1750.45,-0.8,0.0, , 
,1751.70,896,85.5,0.4,11111111,1751.09,896,25.1,3.09,377.4,1751.40,-0.8,0.0, , 
,1752.74,2016,85.5,-3.5,11101001,1752.02,896,25.1,3.09,377.4,1752.38,-0.8,0.0, , 
,1753.84,1920,85.5,-13.7,11101011,1753.09,1952,17.6,2.06,275.4,1753.46,0.0,10.5, , 
,1754.93,1888,84.0,-16.0,11101011,1754.20,1888,25.1,3.09,336.6,1754.57,0.0,10.5, , 
,1756.03,1952,85.5,-17.2,11101011,1755.30,1920,28.2,3.09,377.4,1755.67,0.0,10.5, , 
,1757.10,2016,85.5,0.0,11101001,1756.40,1920,34.1,4.12,418.2,1756.74,0.0,10.5, , 
,1758.15,2272,85.5,-0.4,11101001,1757.45,2112,57.6,9.27,652.8,1757.81,0.0,10.5, , 
,1759.15,1440,84.0,0.0,11111111,1758.48,2272,42.7,5.15,520.2,1758.81,0.0,10.5, , 
,1760.08,1120,84.0,0.0,11111111,1759.44,1024,25.1,4.12,357.0,1759.76,-0.8,0.0, , 
,1760.99,992,84.0,0.0,11111111,1760.39,1056,23.5,4.12,336.6,1760.72,-0.8,0.0, , 
,1761.92,992,84.0,-2.7,11101011,1761.28,960,23.5,3.09,357.0,1761.57,-0.8,0.0, , 
,1762.97,1408,84.0,0.0,11101011,1762.25,1376,45.9,7.21,550.8,1762.56,-0.8,0.0, , 
,1764.06,1696,84.0,0.4,11101011,1763.36,1504,66.3,11.33,775.2,1763.71,-0.8,10.5, , 
,1765.14,1824,84.0,-2.7,11101011,1764.44,1760,36.9,5.15,459.0,1764.80,0.0,10.5, , 
,1766.23,1888,84.0,-15.6,11101011,1765.52,1856,19.2,2.06,295.8,1765.88,0.0,10.5, , 
,1767.30,1888,84.0,-25.8,11101011,1766.57,1888,17.6,2.06,275.4,1766.93,0.0,10.5, , 
,1768.37,1888,84.0,-27.3,11101011,1767.66,1920,17.6,2.06,275.4,1768.01,0.0,10.5, , 
,1769.41,1280,84.0,0.0,11111111,1768.73,1888,22.0,2.06,316.2,1769.09,-0.8,10.5, , 
,1770.36,1120,84.0,0.0,11111111,1769.72,1024,26.7,4.12,377.4,1770.03,-0.8,0.0, , 
,1771.27,960,84.0,0.0,11111111,1770.69,1056,22.0,3.09,336.6,1770.96,-0.8,0.0, , 
,1772.17,928,84.0,-1.2,10111111,1771.58,928,23.5,3.09,357.0,1771.88,-0.8,0.0, , 
,1773.09,928,84.0,-1.2,10111111,1772.48,928,25.1,3.09,377.4,1772.78,-0.8,0.0, , 
,1774.05,896,84.0,-0.8,10111111,1773.43,896,25.1,3.09,377.4,1773.75,-0.8,0.0, , 
,1774.95,928,84.0,-0.4,10111111,1774.35,896,25.1,3.09,377.4,1774.65,-0.8,0.0, , 
,1775.87,896,84.0,0.0,10111111,1775.25,928,23.5,3.09,357.0,1775.57,-0.8,0.0, , 
,1776.78,864,84.0,-1.6,10111111,1776.18,896,23.5,3.09,357.0,1776.49,-0.8,0.0, , 
,1777.68,864,84.0,-3.1,10111111,1777.07,896,23.5,3.09,357.0,1777.37,-0.8,0.0, , 
,1778.59,1248,84.0,-5.1,10101011,1777.96,864,23.5,3.09,357.0,1778.25,-0.8,0.0, , 
,1779.61,1152,84.0,-2.0,10101011,1778.95,1184,26.7,3.09,377.4,1779.28,-0.8,0.0, , 
,1780.58,1216,84.0,-0.8,10101011,1779.93,1184,31.0,4.12,418.2,1780.24,-0.8,0.0, , 
,1781.59,1216,84.0,-0.8,10101011,1780.91,1184,28.2,4.12,397.8,1781.25,-0.8,0.0, , 
,1782.60,1184,84.0,-2.7,10101011,1781.93,1216,25.1,3.09,357.0,1782.27,-0.8,0.0, , 
,1783.59,1216,85.5,-2.0,10101011,1782.93,1216,28.2,3.09,377.4,1783.25,-0.8,0.0, , 
,1784.56,1312,85.5,-5.5,10111111,1783.90,1184,23.5,3.09,336.6,1784.20,-0.8,0.0, , 
,1785.55,1120,85.5,-1.6,10111111,1784.91,1280,23.5,3.09,336.6,1785.22,-0.8,0.0, , 
,1786.46,992,85.5,-1.2,10111111,1785.88,1056,25.1,3.09,357.0,1786.20,-0.8,0.0, , 
,1787.31,960,85.5,-2.0,10111111,1786.72,992,25.1,3.09,377.4,1787.01,-0.8,0.0, , 
,1788.28,960,85.5,-1.6,10111111,1787.63,928,26.7,3.09,377.4,1787.94,-0.8,0.0, , 
,1789.20,928,85.5,-1.6,10111111,1788.55,960,26.7,3.09,377.4,1788.89,-0.8,0.0, , 
,1790.11,800,85.5,-1.6,10111111,1789.52,864,23.5,3.09,357.0,1789.82,-0.8,0.0, , 
,1790.99,768,85.5,-2.7,10111111,1790.41,768,23.5,3.09,377.4,1790.70,-0.8,0.0, , 
,1791.89,768,85.5,-3.9,10111111,1791.28,800,26.7,3.09,397.8,1791.58,-0.8,0.0, , 
,1792.80,768,85.5,-3.5,10111111,1792.19,800,26.7,3.09,397.8,1792.50,-0.8,0.0, , 
,1793.70,768,85.5,-3.5,10111111,1793.10,768,26.7,3.09,397.8,1793.40,-0.8,0.0, , 
,1794.63,768,85.5,-2.7,10111111,1794.00,768,26.7,3.09,397.8,1794.31,-0.8,0.0, , 
,1795.54,800,85.5,-2.7,10111111,1794.93,768,26.7,3.09,397.8,1795.23,-0.8,0.0, , 
,1796.41,768,85.5,-2.7,10111111,1795.83,768,26.7,3.09,397.8,1796.12,-0.8,0.0, , 
,1797.29,768,85.5,-2.3,10111111,1796.71,800,26.7,3.09,397.8,1796.99,-0.8,0.0, , 
,1798.21,800,85.5,-3.1,10111111,1797.60,832,26.7,3.09,397.8,1797.91,-0.8,0.0, , 
,1799.12,800,85.5,-3.5,10111111,1798.50,800,25.1,3.09,377.4,1798.83,-0.8,0.0, , 
