Œroda,09,Wrzesieñ,2026,06:35:23:00009-VCID:1C3761778CABCE7337-5178,Wersja VCDS: AKP 23.3.1,Wersja danych: 20230601 DS346.2
047 906 033 L,,1.4l SIMOS3PA   00HS5401,

,Grupa A:,'001,,,,Grupa B:,'002,,,,Grupa C:,'032
,,Obroty silnika,Temperatura,Lambda,Bity binarnie,,Obroty silnika,Obci¹¿enie,Czas wtrysku,Ciœnienie rzecz.,,Lambda,Lambda, , 
,CZAS,,,,,CZAS,,,,,CZAS,,,,
Znacznik,ZAPISU, /min,*C, %,,ZAPISU, /min, %, ms, mbar,ZAPISU, %, %,,
,0.76,0,22.5,0.0,10110110,0.23,0,0.0,0.00,989.4,0.50,-100.0,0.0, , 
,1.57,0,22.5,0.0,10110110,1.03,0,0.0,0.00,989.4,1.29,-100.0,0.0, , 
,2.39,0,22.5,0.0,10110110,1.85,0,0.0,0.00,989.4,2.12,-100.0,0.0, , 
,3.18,0,22.5,0.0,10110110,2.65,0,0.0,0.00,989.4,2.92,-100.0,0.0, , 
,3.98,0,22.5,0.0,10110110,3.45,0,0.0,0.00,989.4,3.72,-100.0,0.0, , 
,4.80,0,22.5,0.0,10110110,4.25,0,0.0,0.00,989.4,4.52,-100.0,0.0, , 
,5.60,0,22.5,0.0,10110110,5.06,0,0.0,0.00,989.4,5.33,-100.0,0.0, , 
,6.44,0,22.5,0.0,10110110,5.88,0,0.0,0.00,989.4,6.16,-100.0,0.0, , 
,7.24,0,22.5,0.0,10110110,6.70,0,0.0,0.00,989.4,6.96,-100.0,0.0, , 
,8.06,0,22.5,0.0,10110110,7.52,0,0.0,0.00,989.4,7.80,-100.0,0.0, , 
,8.86,0,22.5,0.0,10110110,8.33,0,0.0,0.00,989.4,8.59,-100.0,0.0, , 
,9.69,0,22.5,0.0,10110110,9.13,0,0.0,0.00,989.4,9.41,-100.0,0.0, , 
,10.48,0,22.5,0.0,10110110,9.95,0,0.0,0.00,989.4,10.22,-100.0,0.0, , 
,11.28,0,22.5,0.0,10110110,10.75,0,0.0,0.00,989.4,11.01,-100.0,0.0, , 
,12.08,0,22.5,0.0,10110110,11.54,0,0.0,0.00,989.4,11.81,-100.0,0.0, , 
,12.91,0,22.5,0.0,10110110,12.35,0,0.0,0.00,989.4,12.63,-100.0,0.0, , 
,13.70,0,22.5,0.0,10110110,13.17,0,0.0,0.00,989.4,13.44,-100.0,0.0, , 
,14.50,0,22.5,0.0,10110110,13.97,0,0.0,0.00,989.4,14.23,-100.0,0.0, , 
,15.29,0,22.5,0.0,10110110,14.76,0,0.0,0.00,989.4,15.03,-100.0,0.0, , 
,16.10,0,22.5,0.0,10110110,15.56,0,0.0,0.00,989.4,15.83,-100.0,0.0, , 
,16.90,0,22.5,0.0,10110110,16.37,0,0.0,0.00,989.4,16.64,-100.0,0.0, , 
,17.70,0,22.5,0.0,10110110,17.17,0,0.0,0.00,989.4,17.44,-100.0,0.0, , 
,18.50,0,22.5,0.0,10110110,17.96,0,0.0,0.00,989.4,18.23,-100.0,0.0, , 
,19.31,0,22.5,0.0,10110110,18.77,0,0.0,0.00,989.4,19.05,-100.0,0.0, , 
,20.11,192,22.5,0.0,10110110,19.58,0,0.0,0.00,989.4,19.84,-100.0,0.0, , 
,20.94,192,22.5,0.0,10110110,20.38,192,100.0,56.65,969.0,20.67,-100.0,0.0, , 
,21.77,448,22.5,0.0,10110110,21.20,192,100.0,51.50,969.0,21.47,-100.0,0.0, , 
,22.71,1216,22.5,0.0,10110110,22.07,1248,71.0,15.45,754.8,22.40,-1.6,0.0, , 
,23.65,1184,22.5,0.0,10110110,23.02,1184,41.2,8.24,479.4,23.35,-1.6,0.0, , 
,24.60,1184,22.5,0.0,10110110,23.97,1152,40.0,8.24,459.0,24.29,-1.6,0.0, , 
,25.58,1152,22.5,0.0,10110110,24.93,1184,40.0,7.21,459.0,25.27,-1.6,0.0, , 
,26.60,1152,22.5,0.0,10110110,25.94,1152,40.0,7.21,459.0,26.26,-1.6,0.0, , 
,27.58,1152,22.5,0.0,10110110,26.94,1152,40.0,7.21,459.0,27.26,-1.6,0.0, , 
,28.58,1152,22.5,0.0,10110110,27.91,1152,40.0,7.21,459.0,28.24,-1.6,0.0, , 
,29.56,1152,22.5,0.0,10110110,28.90,1152,38.4,6.18,459.0,29.24,-1.6,0.0, , 
,30.52,1152,22.5,0.0,10110110,29.87,1152,38.4,6.18,438.6,30.18,-1.6,0.0, , 
,31.48,1120,22.5,0.0,10110110,30.83,1152,38.4,6.18,459.0,31.16,-1.6,0.0, , 
,32.45,1120,22.5,0.0,10110110,31.81,1120,38.4,6.18,459.0,32.14,-1.6,0.0, , 
,33.43,1120,22.5,0.0,10110110,32.80,1120,38.4,6.18,459.0,33.12,-1.6,0.0, , 
,34.39,1120,22.5,0.0,10110110,33.77,1120,38.4,5.15,459.0,34.08,-1.6,0.0, , 
,35.37,1120,22.5,0.0,10110110,34.71,1120,40.0,5.15,459.0,35.04,-1.6,0.0, , 
,36.36,1088,22.5,0.0,10110110,35.72,1088,40.0,5.15,459.0,36.04,-1.6,0.0, , 
,37.33,1088,22.5,0.0,10110110,36.69,1088,41.2,5.15,479.4,37.00,-1.6,0.0, , 
,38.32,1088,22.5,0.0,10110110,37.65,1088,42.7,6.18,479.4,38.00,-1.6,0.0, , 
,39.27,1088,22.5,0.0,10110110,38.65,1088,44.3,6.18,499.8,38.97,-1.6,0.0, , 
,40.23,1088,22.5,0.0,10110110,39.59,1088,45.9,6.18,520.2,39.91,-1.6,0.0, , 
,41.23,1088,22.5,0.0,10110110,40.58,1088,48.6,6.18,550.8,40.91,-1.6,0.0, , 
,42.18,1120,22.5,0.0,10110110,41.55,1088,50.2,6.18,550.8,41.86,-1.6,0.0, , 
,43.12,1120,24.0,0.0,10110110,42.50,1120,50.2,7.21,571.2,42.80,-1.6,0.0, , 
,44.09,1120,24.0,0.0,10110110,43.46,1120,51.8,7.21,571.2,43.78,-1.6,0.0, , 
,45.07,1120,24.0,0.0,10110110,44.41,1120,54.5,7.21,612.0,44.74,-1.6,0.0, , 
,46.03,1120,24.0,0.0,10110110,45.39,1120,54.5,7.21,591.6,45.71,-1.6,0.0, , 
,47.02,1120,24.0,0.0,10110110,46.37,1120,54.5,7.21,591.6,46.71,-1.6,0.0, , 
,48.00,1152,24.0,0.0,10110110,47.33,1120,54.5,7.21,591.6,47.67,-1.6,0.0, , 
,48.97,1088,24.0,0.0,10110110,48.31,1120,53.3,7.21,591.6,48.64,-1.6,0.0, , 
,49.97,1120,24.0,0.0,10110110,49.28,1120,53.3,7.21,591.6,49.62,-1.6,0.0, , 
,50.93,1152,24.0,0.0,10110110,50.28,1152,51.8,6.18,571.2,50.60,-1.6,0.0, , 
,51.90,1120,24.0,0.0,10110110,51.24,1120,51.8,7.21,571.2,51.57,-1.6,0.0, , 
,52.92,1120,24.0,3.5,10111110,52.25,1120,51.8,7.21,571.2,52.58,-1.6,0.0, , 
,53.89,1152,24.0,6.6,10111110,53.23,1120,50.2,7.21,571.2,53.55,-1.6,0.0, , 
,54.89,1120,24.0,9.0,10111110,54.21,1120,50.2,7.21,571.2,54.56,-1.6,0.0, , 
,55.93,1152,25.5,10.2,10111110,55.23,1152,48.6,7.21,550.8,55.58,-1.6,0.0, , 
,57.03,1664,25.5,10.9,10101010,56.27,1216,47.1,7.21,550.8,56.63,-1.6,2.7, , 
,58.06,1312,25.5,14.5,10101010,57.34,1536,41.2,6.18,479.4,57.70,-1.6,0.0, , 
,59.03,960,25.5,0.0,10101010,58.40,1248,53.3,9.27,591.6,58.72,-1.6,0.0, , 
,60.02,1312,25.5,0.0,10111110,59.34,1088,51.8,7.21,591.6,59.67,-1.6,0.0, , 
,61.06,1088,25.5,0.0,10111110,60.37,1472,34.1,4.12,397.8,60.73,-1.6,0.0, , 
,62.04,1120,25.5,0.0,10111110,61.38,1120,45.9,7.21,520.2,61.72,-1.6,0.0, , 
,63.09,1120,27.0,5.9,10101010,62.39,1088,45.9,6.18,520.2,62.74,-1.6,0.0, , 
,64.14,1472,27.0,0.0,10101010,63.41,1152,45.9,6.18,520.2,63.73,-1.6,0.0, , 
,65.14,1280,27.0,4.3,10101010,64.47,1504,47.1,6.18,520.2,64.83,-1.6,0.0, , 
,66.15,1504,27.0,2.3,10111110,65.47,1216,44.3,6.18,499.8,65.80,-1.6,0.0, , 
,67.12,1248,27.0,0.0,10101010,66.43,1536,31.0,4.12,377.4,66.79,-1.6,0.0, , 
,68.14,1568,27.0,0.0,10101010,67.45,1184,41.2,6.18,479.4,67.84,-1.6,2.7, , 
,69.27,1376,27.0,0.0,10101010,68.51,1344,36.9,5.15,438.6,68.84,-1.6,0.0, , 
,70.29,1344,27.0,-2.0,10101010,69.62,1536,34.1,4.12,397.8,69.97,-1.6,0.0, , 
,71.27,1248,27.0,1.2,10111110,70.61,1216,36.9,5.15,438.6,70.95,-1.6,0.0, , 
,72.26,1088,27.0,3.9,10111110,71.60,1056,40.0,6.18,459.0,71.93,-1.6,0.0, , 
,73.19,1088,28.5,6.6,10111110,72.57,1088,42.7,6.18,479.4,72.89,-1.6,0.0, , 
,74.18,1120,28.5,8.6,10111110,73.52,1088,42.7,6.18,479.4,73.85,-1.6,0.0, , 
,75.16,1088,28.5,9.4,10111110,74.52,1088,41.2,6.18,479.4,74.83,-1.6,0.0, , 
,76.15,1088,28.5,9.4,10111110,75.50,1088,41.2,6.18,479.4,75.82,-1.6,0.0, , 
,77.16,1088,28.5,9.4,10111110,76.49,1088,41.2,6.18,479.4,76.82,-1.6,0.0, , 
,78.17,1088,28.5,9.4,10111110,77.49,1088,41.2,6.18,479.4,77.82,-1.6,0.0, , 
,79.17,1120,28.5,9.4,10111110,78.52,1088,41.2,6.18,479.4,78.84,-1.6,0.0, , 
,80.14,1088,28.5,9.0,10111110,79.50,1088,41.2,6.18,479.4,79.81,-1.6,0.0, , 
,81.11,1120,28.5,9.4,10111110,80.47,1088,41.2,6.18,479.4,80.77,-1.6,0.0, , 
,82.09,1088,28.5,9.0,10111110,81.42,1120,41.2,6.18,479.4,81.74,-1.6,0.0, , 
,83.14,1408,28.5,10.2,10101010,82.41,1088,40.0,6.18,479.4,82.74,-1.6,0.0, , 
,84.18,1216,28.5,13.7,10101010,83.50,1376,42.7,6.18,479.4,83.84,-1.6,0.0, , 
,85.16,928,30.0,16.0,10101010,84.51,1088,51.8,8.24,571.2,84.85,-1.6,0.0, , 
,86.08,1152,30.0,0.0,10101010,85.45,832,63.5,10.30,693.6,85.77,-1.6,0.0, , 
,87.15,1760,30.0,0.0,10101010,86.39,1312,65.1,10.30,693.6,86.77,-0.8,2.7, , 
,88.19,2368,30.0,0.0,10111100,87.51,2048,65.1,10.30,673.2,87.85,0.0,2.7, , 
,89.25,1632,30.0,0.0,10101010,88.53,2272,23.5,3.09,295.8,88.87,0.0,2.7, , 
,90.25,1280,30.0,0.0,10101010,89.58,1248,35.3,5.15,418.2,89.92,-1.6,0.0, , 
,91.26,1504,30.0,0.0,10101010,90.61,1344,60.4,11.33,652.8,90.95,-0.8,0.0, , 
,92.33,1760,30.0,0.0,10101010,91.61,1600,69.4,12.36,734.4,91.98,-0.8,2.7, , 
,93.45,1952,31.5,-5.1,10101010,92.71,1824,60.4,9.27,632.4,93.08,0.0,2.7, , 
,94.50,2016,31.5,0.0,10101000,93.81,1984,50.2,6.18,550.8,94.16,0.0,2.7, , 
,95.58,2048,31.5,-0.4,10101000,94.85,2016,36.9,5.15,418.2,95.21,0.0,2.7, , 
,96.66,2080,31.5,0.0,10101000,95.96,2080,45.9,6.18,499.8,96.32,0.0,2.7, , 
,97.71,2112,31.5,0.0,10101000,96.99,2080,28.2,4.12,336.6,97.35,0.0,2.7, , 
,98.77,2272,31.5,2.3,10101000,98.06,2176,57.6,8.24,612.0,98.42,0.0,2.7, , 
,99.85,2400,31.5,3.1,10101000,99.12,2304,54.5,8.24,571.2,99.50,0.0,2.7, , 
,100.92,1824,33.0,0.0,10111110,100.21,2464,42.7,6.18,479.4,100.55,0.0,2.7, , 
,101.87,1088,33.0,0.0,10111110,101.25,1120,34.1,5.15,397.8,101.56,-1.6,0.0, , 
,102.81,1024,33.0,-2.0,10111110,102.19,1024,35.3,5.15,438.6,102.50,-2.3,0.0, , 
,103.73,1024,33.0,-6.3,10111110,103.12,1024,35.3,5.15,438.6,103.42,-2.3,0.0, , 
,104.69,1024,33.0,-7.0,10111110,104.03,1024,36.9,5.15,438.6,104.34,-2.3,0.0, , 
,105.66,1024,33.0,-4.7,10111110,105.00,1024,36.9,5.15,459.0,105.35,-2.3,0.0, , 
,106.61,992,33.0,-2.7,10111110,105.95,992,38.4,5.15,459.0,106.31,-2.3,0.0, , 
,107.61,1024,33.0,-0.8,10111110,106.93,992,38.4,5.15,459.0,107.29,-2.3,0.0, , 
,108.58,992,33.0,1.6,10111110,107.96,992,40.0,5.15,479.4,108.23,-2.3,0.0, , 
,109.58,1568,34.5,0.0,10101010,108.90,1184,57.6,15.45,612.0,109.28,0.0,2.7, , 
,110.57,1376,34.5,0.0,10101010,109.90,992,73.7,18.54,775.2,110.23,-0.8,0.0, , 
,111.65,2080,34.5,0.0,10101000,110.94,1664,75.3,15.45,795.6,111.29,0.0,2.7, , 
,112.66,1184,34.5,0.0,10101010,112.02,2144,0.0,0.00,377.4,112.32,-1.6,0.0, , 
,113.69,1248,34.5,0.0,10101010,112.99,1152,40.0,6.18,459.0,113.35,-1.6,0.0, , 
,114.85,1600,34.5,0.0,10101010,114.00,1376,73.7,14.42,775.2,114.46,-0.8,0.0, , 
,115.95,1760,36.0,0.0,10101010,115.24,1664,44.3,6.18,499.8,115.60,-1.6,2.7, , 
,117.07,1888,36.0,-3.9,10101010,116.33,1824,40.0,5.15,459.0,116.70,0.0,2.7, , 
,118.12,2016,36.0,-7.0,10101000,117.44,1952,34.1,4.12,397.8,117.78,0.0,2.7, , 
,119.20,2080,36.0,-6.3,10101000,118.49,2048,31.0,4.12,377.4,118.85,0.0,2.7, , 
,120.22,2176,36.0,-4.3,10101000,119.55,2144,31.0,4.12,357.0,119.88,0.0,2.7, , 
,121.25,2272,36.0,-0.4,10101000,120.56,2208,31.0,4.12,357.0,120.89,0.0,2.7, , 
,122.36,2432,36.0,6.6,10101000,121.59,2304,40.0,6.18,438.6,121.96,0.0,2.7, , 
,123.37,2592,37.5,6.3,10101000,122.70,2496,40.0,6.18,438.6,123.05,0.0,2.7, , 
,124.41,1024,37.5,0.0,10111110,123.72,2304,0.0,0.00,295.8,124.07,-1.6,2.7, , 
,125.36,1024,37.5,0.0,10111110,124.72,1056,41.2,7.21,479.4,125.05,-2.3,0.0, , 
,126.30,960,37.5,-2.7,10111110,125.72,960,36.9,5.15,459.0,126.02,-2.3,0.0, , 
,127.28,928,37.5,-3.9,10111110,126.62,960,38.4,5.15,459.0,126.95,-2.3,0.0, , 
,128.19,928,37.5,-2.7,10111110,127.58,960,40.0,5.15,479.4,127.89,-2.3,0.0, , 
,129.14,928,37.5,-0.4,10111110,128.52,928,40.0,5.15,479.4,128.84,-2.3,0.0, , 
,130.08,928,37.5,2.3,10111110,129.47,928,40.0,5.15,479.4,129.77,-2.3,0.0, , 
,131.02,928,37.5,3.9,10111110,130.40,928,41.2,5.15,479.4,130.72,-2.3,0.0, , 
,131.96,960,37.5,5.1,10111110,131.31,928,40.0,5.15,479.4,131.65,-2.3,0.0, , 
,132.90,928,37.5,5.9,10111110,132.27,960,40.0,5.15,479.4,132.58,-2.3,0.0, , 
,133.81,928,39.0,6.3,10111110,133.20,928,40.0,6.18,479.4,133.52,-2.3,0.0, , 
,134.78,928,39.0,7.4,10111110,134.14,928,40.0,6.18,479.4,134.45,-2.3,0.0, , 
,135.68,960,39.0,8.6,10111110,135.08,928,40.0,6.18,479.4,135.38,-2.3,0.0, , 
,136.62,928,39.0,7.8,10111110,136.01,928,40.0,6.18,479.4,136.31,-2.3,0.0, , 
,137.58,928,39.0,7.0,10111110,136.96,928,38.4,5.15,479.4,137.28,-2.3,0.0, , 
,138.52,928,39.0,7.4,10111110,137.89,928,40.0,5.15,479.4,138.20,-2.3,0.0, , 
,139.48,928,39.0,7.4,10111110,138.83,928,40.0,5.15,479.4,139.15,-2.3,0.0, , 
,140.44,928,39.0,7.4,10111110,139.80,928,40.0,5.15,479.4,140.12,-2.3,0.0, , 
,141.39,928,39.0,7.8,10111110,140.74,928,40.0,5.15,479.4,141.06,-2.3,0.0, , 
,142.32,928,40.5,7.4,10111110,141.72,928,40.0,5.15,479.4,142.02,-2.3,0.0, , 
,143.23,928,40.5,6.3,10111110,142.62,928,38.4,5.15,479.4,142.93,-2.3,0.0, , 
,144.20,960,40.5,7.8,10101010,143.55,928,38.4,5.15,479.4,143.87,-2.3,0.0, , 
,145.20,1408,40.5,11.3,10101010,144.53,1408,36.9,5.15,438.6,144.86,-1.6,0.0, , 
,146.42,1568,40.5,4.3,10101010,145.64,1440,45.9,6.18,520.2,146.06,-1.6,2.7, , 
,147.49,1632,40.5,3.1,10111110,146.76,1600,41.2,6.18,479.4,147.12,-1.6,2.7, , 
,148.53,1632,40.5,0.4,10111110,147.84,1696,28.2,4.12,357.0,148.19,-1.6,2.7, , 
,149.57,1472,40.5,1.6,10111110,148.90,1568,28.2,4.12,357.0,149.30,-1.6,2.7, , 
,150.69,1536,40.5,3.1,10101010,150.03,1504,28.2,4.12,357.0,150.32,-1.6,2.7, , 
,151.78,1632,42.0,4.3,10101010,151.06,1632,28.2,4.12,357.0,151.42,-1.6,2.7, , 
,152.88,1728,42.0,3.9,10101010,152.15,1664,28.2,4.12,357.0,152.51,-1.6,2.7, , 
,154.03,1824,42.0,3.5,10101010,153.26,1760,28.2,4.12,357.0,153.66,-1.6,2.7, , 
,155.13,1888,42.0,1.6,10101010,154.40,1824,26.7,4.12,336.6,154.77,0.0,2.7, , 
,156.19,1984,42.0,-0.8,10101000,155.48,1952,26.7,4.12,336.6,155.85,0.0,2.7, , 
,157.18,1216,42.0,0.0,10111110,156.56,1984,23.5,3.09,316.2,156.89,0.0,2.7, , 
,158.13,992,42.0,0.0,10111110,157.49,992,36.9,6.18,438.6,157.80,-2.3,0.0, , 
,159.05,896,42.0,-0.8,10111110,158.42,928,34.1,5.15,418.2,158.73,-2.3,0.0, , 
,159.99,896,42.0,-1.6,10111110,159.36,896,36.9,5.15,459.0,159.67,-2.3,0.0, , 
,160.94,896,42.0,-0.4,10111110,160.30,896,36.9,5.15,459.0,160.62,-2.3,0.0, , 
,161.87,896,42.0,2.7,10111110,161.25,896,38.4,5.15,479.4,161.55,-2.3,0.0, , 
,162.80,896,42.0,5.1,10111110,162.18,896,38.4,5.15,459.0,162.50,-2.3,0.0, , 
,163.70,1024,42.0,0.0,10101010,163.10,928,38.4,5.15,459.0,163.43,-2.3,0.0, , 
,164.66,1184,42.0,0.0,10101010,164.02,1024,53.3,9.27,612.0,164.34,-1.6,0.0, , 
,165.67,1344,42.0,0.0,10111110,165.00,1216,56.1,9.27,632.4,165.35,-1.6,0.0, , 
,166.71,1408,42.0,0.4,10101010,166.04,1376,29.4,4.12,377.4,166.38,-1.6,0.0, , 
,167.84,1504,42.0,3.1,10101010,167.10,1472,29.4,4.12,377.4,167.41,-1.6,0.0, , 
,168.93,1664,43.5,8.6,10101010,168.19,1536,40.0,6.18,479.4,168.58,-1.6,2.7, , 
,170.06,1792,43.5,3.9,10111110,169.30,1696,38.4,6.18,438.6,169.67,-1.6,2.7, , 
,171.14,1760,43.5,1.2,10111110,170.41,1792,26.7,4.12,336.6,170.78,0.0,2.7, , 
,172.22,1664,43.5,2.3,10101010,171.49,1728,26.7,3.09,336.6,171.84,-1.6,2.7, , 
,173.33,1760,43.5,0.0,10101010,172.59,1664,29.4,4.12,377.4,172.96,-1.6,2.7, , 
,174.41,2016,43.5,0.0,10101000,173.70,1824,63.5,10.30,673.2,174.07,0.0,2.7, , 
,175.47,2304,43.5,0.8,10101000,174.75,2144,56.1,8.24,612.0,175.10,0.0,2.7, , 
,176.53,2560,43.5,5.5,10101000,175.83,2368,59.2,9.27,612.0,176.18,0.0,2.7, , 
,177.56,2656,43.5,0.0,10111100,176.87,2656,63.5,10.30,652.8,177.22,0.0,2.7, , 
,178.50,1088,43.5,0.0,10111110,177.88,1952,0.0,0.00,316.2,178.18,-1.6,0.0, , 
,179.64,1824,43.5,0.0,10101010,178.89,1568,28.2,4.12,357.0,179.28,0.0,2.7, , 
,180.79,1824,43.5,-5.1,10101010,180.02,1856,32.5,4.12,397.8,180.40,0.0,2.7, , 
,181.91,1856,43.5,-2.3,10101010,181.17,1824,34.1,4.12,397.8,181.54,0.0,2.7, , 
,183.00,1920,43.5,3.1,10101010,182.28,1856,40.0,5.15,459.0,182.64,0.0,2.7, , 
,184.09,1984,45.0,0.0,10101010,183.37,1888,45.9,7.21,520.2,183.74,0.0,2.7, , 
,185.11,2048,45.0,3.1,10101000,184.44,2016,54.5,8.24,591.6,184.78,0.0,2.7, , 
,186.13,2144,45.0,3.9,10101000,185.47,2080,54.5,8.24,591.6,185.80,0.0,2.7, , 
,187.14,2240,45.0,3.9,11101000,186.46,2208,53.3,8.24,571.2,186.79,0.0,2.7, , 
,188.14,2368,45.0,5.1,11101000,187.48,2272,53.3,8.24,571.2,187.81,0.0,2.7, , 
,189.21,2432,45.0,4.7,11101000,188.49,2368,53.3,8.24,571.2,188.85,0.0,2.7, , 
,190.28,2560,45.0,5.9,11101000,189.57,2496,59.2,9.27,612.0,189.92,0.0,2.7, , 
,191.32,1760,45.0,0.0,11111110,190.62,2592,62.0,10.30,652.8,190.96,0.0,2.7, , 
,192.35,1856,45.0,0.0,11101010,191.66,1088,29.4,4.12,377.4,191.98,-1.6,0.0, , 
,193.48,1856,45.0,-2.7,11101010,192.72,1888,26.7,4.12,336.6,193.09,0.0,2.7, , 
,194.59,1888,45.0,4.7,11101010,193.86,1856,50.2,8.24,571.2,194.21,0.0,2.7, , 
,195.69,1920,45.0,7.4,11101010,194.96,1888,50.2,7.21,550.8,195.32,0.0,2.7, , 
,196.82,1952,46.5,-4.3,11101010,196.07,1920,51.8,7.21,571.2,196.45,0.0,2.7, , 
,197.92,1984,46.5,-7.4,11101010,197.20,1952,48.6,6.18,550.8,197.56,0.0,2.7, , 
,198.97,1984,46.5,-0.4,11101000,198.27,1984,47.1,5.15,520.2,198.61,0.0,2.7, , 
,200.03,2016,46.5,3.1,11101000,199.31,2016,47.1,5.15,520.2,199.66,0.0,2.7, , 
,201.06,2016,46.5,2.7,11101000,200.38,2016,41.2,5.15,459.0,200.72,0.0,2.7, , 
,202.13,2048,46.5,5.5,11101000,201.43,2048,38.4,4.12,438.6,201.78,0.0,2.7, , 
,203.21,2048,46.5,6.6,11101000,202.48,2016,38.4,4.12,438.6,202.84,0.0,2.7, , 
,204.28,2048,46.5,5.1,11101000,203.55,2048,36.9,4.12,438.6,203.91,0.0,2.7, , 
,205.34,2048,46.5,4.3,11101000,204.62,2016,36.9,4.12,438.6,204.99,0.0,2.7, , 
,206.40,2048,48.0,2.7,11101000,205.70,2048,34.1,4.12,418.2,206.05,0.0,2.7, , 
,207.45,2048,48.0,3.9,11101000,206.75,2048,35.3,4.12,418.2,207.10,0.0,2.7, , 
,208.50,2080,48.0,5.5,11101000,207.79,2048,38.4,4.12,438.6,208.14,0.0,2.7, , 
,209.53,2080,48.0,5.9,11101000,208.84,2080,36.9,4.12,438.6,209.19,0.0,2.7, , 
,210.55,2080,48.0,7.0,11101000,209.88,2080,38.4,4.12,438.6,210.22,0.0,2.7, , 
,211.56,2080,48.0,7.4,11101000,210.88,2080,36.9,4.12,438.6,211.21,0.0,2.7, , 
,212.64,2080,48.0,7.4,11101000,211.90,2080,36.9,4.12,438.6,212.26,0.0,2.7, , 
,213.69,2048,48.0,7.4,11101000,212.99,2080,36.9,4.12,438.6,213.33,0.0,2.7, , 
,214.78,2048,48.0,8.2,11101000,214.04,2048,38.4,4.12,438.6,214.40,0.0,2.7, , 
,215.83,2048,48.0,8.2,11101000,215.13,2048,38.4,4.12,438.6,215.48,0.0,2.7, , 
,216.89,2048,48.0,5.9,11101000,216.18,2048,35.3,4.12,418.2,216.53,0.0,2.7, , 
,217.93,2048,48.0,5.9,11101000,217.24,2048,36.9,4.12,438.6,217.58,0.0,2.7, , 
,219.03,2048,49.5,7.4,11101000,218.29,2048,42.7,5.15,479.4,218.67,0.0,2.7, , 
,220.06,2080,49.5,9.0,11101000,219.38,2048,48.6,6.18,550.8,219.71,0.0,2.7, , 
,221.08,2112,49.5,9.0,11101000,220.41,2080,56.1,7.21,612.0,220.74,0.0,2.7, , 
,222.11,2112,49.5,0.0,11101000,221.42,2112,54.5,7.21,591.6,221.77,0.0,2.7, , 
,223.15,2112,49.5,2.7,11101000,222.43,2112,40.0,4.12,459.0,222.79,0.0,2.7, , 
,224.16,2112,49.5,4.7,11101000,223.49,2112,41.2,5.15,459.0,223.82,0.0,2.7, , 
,225.18,2112,49.5,5.9,11101000,224.48,2112,41.2,5.15,459.0,224.83,0.0,2.7, , 
,226.23,2144,49.5,6.6,11101000,225.53,2112,41.2,5.15,459.0,225.87,0.0,2.7, , 
,227.31,2144,49.5,8.2,11101000,226.58,2112,42.7,5.15,479.4,226.95,0.0,2.7, , 
,228.32,2144,49.5,10.2,11101000,227.64,2144,45.9,6.18,520.2,227.99,0.0,2.7, , 
,229.36,2176,49.5,11.3,11101000,228.67,2176,45.9,6.18,499.8,229.01,0.0,2.7, , 
,230.43,2176,51.0,10.2,11101000,229.71,2176,45.9,6.18,499.8,230.07,0.0,2.7, , 
,231.44,2176,51.0,10.2,11101000,230.78,2176,45.9,6.18,499.8,231.11,0.0,2.7, , 
,232.47,2176,49.5,6.3,11101000,231.79,2176,41.2,5.15,459.0,232.13,0.0,2.7, , 
,233.49,2208,51.0,5.9,11101000,232.81,2176,41.2,5.15,479.4,233.16,0.0,2.7, , 
,234.51,2208,51.0,5.5,11101000,233.83,2208,41.2,5.15,479.4,234.17,0.0,2.7, , 
,235.55,2208,51.0,6.6,11101000,234.87,2208,42.7,5.15,479.4,235.21,0.0,2.7, , 
,236.58,2208,51.0,8.6,11101000,235.88,2208,45.9,5.15,499.8,236.23,0.0,2.7, , 
,237.57,2240,51.0,8.2,11101000,236.90,2208,47.1,6.18,520.2,237.24,0.0,2.7, , 
,238.59,2240,51.0,7.8,11101000,237.92,2240,47.1,6.18,520.2,238.26,0.0,2.7, , 
,239.61,2240,51.0,7.0,11101000,238.93,2240,45.9,6.18,499.8,239.28,0.0,2.7, , 
,240.62,2240,51.0,2.3,11101000,239.95,2240,34.1,4.12,397.8,240.29,0.0,2.7, , 
,241.66,2240,52.5,2.7,11101000,240.96,2240,36.9,4.12,418.2,241.32,0.0,2.7, , 
,242.66,2240,52.5,2.7,11101000,242.00,2240,42.7,5.15,479.4,242.33,0.0,2.7, , 
,243.65,2240,52.5,3.9,11101000,243.00,2240,42.7,5.15,479.4,243.33,0.0,2.7, , 
,244.66,2240,52.5,3.9,11101000,243.99,2240,40.0,5.15,459.0,244.33,0.0,2.7, , 
,245.68,2240,52.5,3.5,11101000,245.01,2240,42.7,5.15,479.4,245.35,0.0,2.7, , 
,246.69,2240,52.5,4.3,11101000,246.03,2240,42.7,5.15,479.4,246.36,0.0,2.7, , 
,247.70,2240,52.5,3.9,11101000,247.03,2240,42.7,5.15,479.4,247.37,0.0,2.7, , 
,248.70,2240,52.5,2.7,11101000,248.03,2240,41.2,5.15,479.4,248.37,0.0,2.7, , 
,249.72,2240,52.5,-1.2,11101000,249.04,2240,36.9,4.12,438.6,249.39,0.0,2.7, , 
,250.75,2208,52.5,-10.2,11101000,250.06,2240,25.1,3.09,316.2,250.41,0.0,2.7, , 
,251.78,2176,52.5,-12.9,11101000,251.10,2208,26.7,3.09,336.6,251.44,0.0,2.7, , 
,252.83,2144,54.0,-14.5,11101000,252.13,2176,28.2,3.09,357.0,252.47,0.0,2.7, , 
,253.85,2144,54.0,-6.6,11101000,253.17,2176,36.9,4.12,418.2,253.51,0.0,2.7, , 
,254.89,2144,54.0,-3.5,11101000,254.20,2144,36.9,4.12,438.6,254.53,0.0,2.7, , 
,255.93,2144,54.0,0.8,11101000,255.24,2144,36.9,4.12,438.6,255.59,0.0,2.7, , 
,256.97,2144,54.0,3.1,11101000,256.28,2144,38.4,4.12,438.6,256.63,0.0,2.7, , 
,258.02,2144,54.0,3.9,11101000,257.31,2144,38.4,5.15,438.6,257.66,0.0,2.7, , 
,259.03,2144,54.0,2.3,11101000,258.35,2144,36.9,4.12,418.2,258.70,0.0,2.7, , 
,260.05,2112,54.0,0.8,11101000,259.37,2144,34.1,4.12,397.8,259.70,0.0,2.7, , 
,261.06,2112,54.0,0.4,11101000,260.39,2112,34.1,4.12,418.2,260.74,0.0,2.7, , 
,262.11,2112,54.0,-0.8,11101000,261.40,2112,35.3,4.12,418.2,261.76,0.0,2.7, , 
,263.15,2112,54.0,-1.6,11101000,262.46,2112,32.5,4.12,397.8,262.81,0.0,2.7, , 
,264.19,2080,54.0,0.0,11111100,263.50,2080,20.8,2.06,295.8,263.84,0.0,2.7, , 
,265.24,1888,54.0,0.0,11111110,264.53,2016,0.0,0.00,275.4,264.90,0.0,2.7, , 
,266.27,1760,55.5,0.0,11111110,265.60,1856,0.0,0.00,295.8,265.92,0.0,2.7, , 
,267.33,1632,55.5,0.0,11111110,266.62,1696,0.0,0.00,336.6,266.96,-1.6,2.7, , 
,268.37,1568,55.5,0.0,11111110,267.68,1600,0.0,0.00,336.6,268.03,-2.3,2.7, , 
,269.40,1536,55.5,0.0,11111110,268.71,1600,25.1,4.12,336.6,269.05,-2.3,2.7, , 
,270.43,1504,55.5,-14.8,11111110,269.71,1536,26.7,4.12,357.0,270.05,-2.3,2.7, , 
,271.23,1472,55.5,-13.7,11101010,270.71,1504,26.7,3.09,357.0,270.97,-2.3,2.7, , 
,272.15,1472,55.5,-13.3,11101010,271.50,1472,26.7,3.09,357.0,271.78,-2.3,0.0, , 
,273.17,1440,55.5,-12.1,11101010,272.53,1472,29.4,3.09,377.4,272.86,-1.6,0.0, , 
,274.24,1632,55.5,0.0,11111110,273.49,1440,38.4,4.12,459.0,273.86,-1.6,0.0, , 
,275.22,1440,55.5,0.0,11101010,274.54,1184,28.2,4.12,377.4,274.86,-2.3,0.0, , 
,276.28,1888,55.5,0.0,11101010,275.57,1856,32.5,4.12,397.8,275.91,0.0,2.7, , 
,277.40,1888,55.5,-8.6,11101010,276.64,1888,29.4,3.09,377.4,277.01,0.0,2.7, , 
,278.55,1856,55.5,-12.5,11101010,277.80,1856,26.7,3.09,357.0,278.18,0.0,2.7, , 
,279.68,1856,55.5,-9.8,11101010,278.93,1856,29.4,3.09,377.4,279.32,0.0,2.7, , 
,280.80,1888,55.5,-4.3,11101010,280.07,1856,34.1,3.09,418.2,280.42,0.0,2.7, , 
,281.89,1888,55.5,0.0,11101010,281.17,1888,32.5,3.09,397.8,281.53,0.0,2.7, , 
,282.98,1952,55.5,0.0,11101010,282.25,1920,35.3,4.12,418.2,282.61,0.0,2.7, , 
,284.05,2016,55.5,4.3,11101000,283.34,1984,40.0,4.12,459.0,283.70,0.0,2.7, , 
,285.09,2048,55.5,6.6,11101000,284.41,2016,38.4,4.12,438.6,284.74,0.0,2.7, , 
,286.12,2080,55.5,0.0,11101000,285.44,2080,29.4,3.09,357.0,285.78,0.0,2.7, , 
,287.16,2112,55.5,-3.5,11101000,286.49,2112,26.7,3.09,336.6,286.83,0.0,2.7, , 
,288.18,2112,57.0,-14.1,11111100,287.50,2112,25.1,3.09,336.6,287.84,0.0,2.7, , 
,289.21,2080,57.0,0.0,11111100,288.53,2144,19.2,2.06,275.4,288.87,0.0,2.7, , 
,290.24,2048,57.0,0.0,11101000,289.54,2080,0.0,0.00,275.4,289.88,0.0,2.7, , 
,291.27,2048,57.0,0.0,11101000,290.59,2048,17.6,3.09,244.8,290.94,0.0,2.7, , 
,292.31,2080,57.0,-15.2,11101000,291.62,2048,20.8,3.09,295.8,291.97,0.0,2.7, , 
,293.37,2112,57.0,-17.6,11111100,292.66,2080,23.5,2.06,316.2,293.01,0.0,2.7, , 
,294.44,2112,57.0,-25.4,11111100,293.71,2080,19.2,2.06,275.4,294.07,0.0,2.7, , 
,295.46,2080,57.0,0.0,11111100,294.77,2112,0.0,0.00,275.4,295.11,0.0,2.7, , 
,296.50,2016,57.0,0.0,11111100,295.82,2080,0.0,0.00,275.4,296.16,0.0,2.7, , 
,297.54,1856,57.0,0.0,11111110,296.86,1984,0.0,0.00,275.4,297.20,0.0,2.7, , 
,298.61,1664,57.0,0.0,11111110,297.92,1792,0.0,0.00,316.2,298.27,-1.6,2.7, , 
,299.68,1472,57.0,0.0,11111110,298.99,1600,0.0,0.00,336.6,299.35,-2.3,2.7, , 
,300.67,1504,57.0,0.0,11111110,299.98,1440,25.1,3.09,336.6,300.25,-2.3,0.0, , 
,301.72,1504,57.0,-9.4,10101010,301.10,1504,26.7,3.09,336.6,301.37,-2.3,2.7, , 
,302.75,1600,57.0,0.0,11101010,302.06,1472,40.0,6.18,459.0,302.41,-1.6,2.7, , 
,303.82,1728,57.0,1.2,10101010,303.09,1632,41.2,5.15,499.8,303.43,-1.6,2.7, , 
,304.87,1856,57.0,0.0,11101010,304.19,1760,50.2,7.21,571.2,304.53,0.0,2.7, , 
,305.94,1984,57.0,5.9,11101010,305.24,1888,45.9,5.15,520.2,305.60,0.0,2.7, , 
,307.00,2080,57.0,0.0,11101000,306.30,2016,41.2,5.15,479.4,306.66,0.0,2.7, , 
,308.00,2272,57.0,0.0,11101000,307.33,2144,66.3,9.27,714.0,307.67,0.0,2.7, , 
,309.08,2464,57.0,7.4,11101000,308.36,2336,72.2,10.30,754.8,308.73,0.0,2.7, , 
,310.11,2656,57.0,0.0,11101000,309.40,2528,73.7,10.30,754.8,309.76,0.0,2.7, , 
,311.18,2880,57.0,5.9,11101000,310.47,2752,82.7,11.33,846.6,310.83,0.0,2.7, , 
,312.32,3104,57.0,12.1,11101000,311.65,2976,78.4,12.36,795.6,311.97,0.0,2.7, , 
,313.36,2176,57.0,0.0,11101000,312.64,2656,0.0,0.00,316.2,313.00,0.0,2.7, , 
,314.35,2304,57.0,0.0,11101000,313.69,2304,23.5,3.09,295.8,314.01,0.0,2.7, , 
,315.44,2400,57.0,0.0,11101000,314.70,2336,73.7,12.36,775.2,315.08,0.0,2.7, , 
,316.43,2496,57.0,1.6,11101000,315.80,2432,79.6,11.33,826.2,316.10,0.0,2.7, , 
,317.44,2592,57.0,1.6,11101000,316.79,2528,82.7,12.36,846.6,317.13,0.0,2.7, , 
,318.46,2688,57.0,0.8,11101000,317.76,2624,87.1,13.39,887.4,318.12,0.0,2.7, , 
,319.47,2784,58.5,1.6,11101000,318.78,2720,87.1,14.42,887.4,319.14,0.0,2.7, , 
,320.51,2880,58.5,2.7,11101000,319.81,2816,85.5,13.39,887.4,320.16,0.0,2.7, , 
,321.47,2688,58.5,0.0,11111100,320.91,2912,84.3,13.39,867.0,321.17,0.0,2.7, , 
,322.53,1312,58.5,0.0,11101010,321.78,2144,0.0,0.00,295.8,322.16,-2.3,2.7, , 
,323.56,2176,58.5,0.0,11101000,322.87,2304,23.5,3.09,316.2,323.23,0.0,2.7, , 
,324.56,2272,58.5,0.0,11101000,323.91,2240,91.4,16.48,928.2,324.23,0.0,2.7, , 
,325.57,2336,58.5,-1.2,11101000,324.90,2304,94.5,16.48,969.0,325.24,0.0,2.7, , 
,326.65,2400,58.5,-0.8,11101000,325.90,2368,94.5,15.45,969.0,326.29,0.0,2.7, , 
,327.75,2464,58.5,-3.1,11101000,327.01,2432,94.5,15.45,969.0,327.37,0.0,2.7, , 
,328.76,2496,58.5,-3.9,11101000,328.10,2464,92.9,14.42,948.6,328.43,0.0,2.7, , 
,329.80,2560,58.5,-0.8,11101000,329.11,2528,88.6,13.39,907.8,329.45,0.0,2.7, , 
,330.79,2592,60.0,-1.2,11101000,330.13,2560,87.1,13.39,907.8,330.45,0.0,2.7, , 
,331.78,2624,60.0,-1.2,11101000,331.12,2592,87.1,13.39,887.4,331.46,0.0,2.7, , 
,332.81,2656,60.0,0.0,11101000,332.10,2624,84.3,12.36,867.0,332.45,0.0,2.7, , 
,333.81,2656,60.0,0.0,11101000,333.14,2656,59.2,6.18,652.8,333.47,0.0,2.7, , 
,334.82,2624,60.0,0.0,11111100,334.14,2656,45.9,5.15,520.2,334.48,0.0,2.7, , 
,335.82,2592,60.0,0.0,11101000,335.16,2624,19.2,2.06,275.4,335.49,0.0,2.7, , 
,336.79,2560,60.0,0.0,11101000,336.13,2592,19.2,3.09,275.4,336.45,0.0,2.7, , 
,337.84,2528,60.0,-15.2,11101000,337.14,2560,22.0,2.06,295.8,337.49,0.0,2.7, , 
,338.87,2528,61.5,-8.6,11101000,338.19,2528,38.4,4.12,438.6,338.52,0.0,2.7, , 
,339.93,2528,60.0,-0.4,11101000,339.22,2528,40.0,4.12,459.0,339.58,0.0,2.7, , 
,340.96,2528,61.5,7.0,11101000,340.26,2528,50.2,6.18,550.8,340.62,0.0,2.7, , 
,341.98,2496,61.5,12.1,11101000,341.28,2496,50.2,6.18,550.8,341.63,0.0,2.7, , 
,343.04,2496,61.5,12.9,11101000,342.34,2496,50.2,7.21,571.2,342.70,0.0,2.7, , 
,344.07,2496,61.5,13.7,11101000,343.38,2496,50.2,7.21,550.8,343.72,0.0,2.7, , 
,345.15,2528,61.5,10.5,11101000,344.43,2496,50.2,7.21,571.2,344.79,0.0,2.7, , 
,346.19,2528,61.5,10.5,11101000,345.50,2528,50.2,7.21,550.8,345.84,0.0,2.7, , 
,347.25,2528,61.5,10.2,11101000,346.54,2528,50.2,7.21,550.8,346.91,0.0,2.7, , 
,348.28,2528,61.5,7.4,11101000,347.59,2528,50.2,7.21,550.8,347.92,0.0,2.7, , 
,349.30,2528,61.5,6.6,11101000,348.63,2528,50.2,7.21,550.8,348.96,0.0,2.7, , 
,350.33,2528,61.5,7.4,11101000,349.63,2528,50.2,7.21,571.2,349.97,0.0,2.7, , 
,351.35,2528,63.0,7.0,11101000,350.66,2528,50.2,6.18,550.8,351.00,0.0,2.7, , 
,352.36,2528,63.0,6.6,11101000,351.67,2528,50.2,7.21,550.8,352.02,0.0,2.7, , 
,353.40,2528,63.0,6.6,11101000,352.71,2528,50.2,7.21,550.8,353.04,0.0,2.7, , 
,354.44,2528,63.0,7.0,11101000,353.75,2528,50.2,6.18,550.8,354.08,0.0,2.7, , 
,355.48,2528,63.0,5.5,11101000,354.80,2528,50.2,6.18,550.8,355.14,0.0,2.7, , 
,356.50,2528,63.0,6.6,11101000,355.81,2528,50.2,7.21,550.8,356.15,0.0,2.7, , 
,357.59,2528,63.0,7.0,11101000,356.87,2528,50.2,6.18,550.8,357.23,0.0,2.7, , 
,358.60,2528,63.0,6.6,11101000,357.92,2528,50.2,6.18,550.8,358.25,0.0,2.7, , 
,359.66,2528,63.0,7.0,11101000,358.95,2528,50.2,7.21,550.8,359.30,0.0,2.7, , 
,360.66,2560,63.0,6.6,11101000,360.00,2560,50.2,7.21,550.8,360.32,0.0,2.7, , 
,361.67,2528,63.0,3.1,11101000,360.99,2528,50.2,7.21,571.2,361.32,0.0,2.7, , 
,362.68,2528,63.0,-1.6,11101000,362.02,2560,51.8,7.21,571.2,362.35,0.0,2.7, , 
,363.67,2528,63.0,-5.9,11101000,363.00,2528,50.2,7.21,571.2,363.35,0.0,2.7, , 
,364.68,2528,63.0,-8.2,11101000,364.02,2528,51.8,7.21,571.2,364.35,0.0,2.7, , 
,365.78,2528,63.0,-9.4,11101000,365.05,2528,51.8,6.18,571.2,365.40,0.0,2.7, , 
,366.84,2528,64.5,-9.4,11101000,366.11,2528,51.8,7.21,571.2,366.48,0.0,2.7, , 
,367.86,2528,63.0,-7.0,11101000,367.16,2528,51.8,7.21,571.2,367.51,0.0,2.7, , 
,368.90,2528,64.5,-7.4,11101000,368.19,2528,51.8,7.21,571.2,368.54,0.0,2.7, , 
,369.91,2528,64.5,-7.0,11101000,369.23,2528,51.8,7.21,571.2,369.58,0.0,2.7, , 
,370.93,2528,64.5,0.0,11101000,370.23,2528,51.8,7.21,571.2,370.59,0.0,2.7, , 
,371.98,2528,64.5,-0.4,11101000,371.29,2528,63.5,9.27,673.2,371.64,0.0,2.7, , 
,373.01,2560,64.5,0.0,11101000,372.32,2528,63.5,9.27,693.6,372.66,0.0,2.7, , 
,374.09,2560,64.5,0.0,11101000,373.36,2560,63.5,9.27,673.2,373.73,0.0,2.7, , 
,375.12,2592,64.5,0.0,11101000,374.44,2560,63.5,9.27,673.2,374.77,0.0,2.7, , 
,376.15,2592,64.5,0.8,11101000,375.46,2592,67.8,10.30,714.0,375.80,0.0,2.7, , 
,377.18,2624,64.5,1.6,11101000,376.51,2592,66.3,10.30,714.0,376.84,0.0,2.7, , 
,378.16,2624,64.5,0.0,11101000,377.50,2624,65.1,10.30,693.6,377.83,0.0,2.7, , 
,379.16,2624,64.5,-3.1,11101000,378.48,2624,54.5,8.24,612.0,378.81,0.0,2.7, , 
,380.14,2624,66.0,-5.1,11101000,379.49,2624,47.1,6.18,520.2,379.82,0.0,2.7, , 
,381.14,2624,64.5,-7.0,11101000,380.47,2624,47.1,6.18,520.2,380.79,0.0,2.7, , 
,382.16,2592,66.0,-10.9,11101000,381.46,2624,48.6,6.18,550.8,381.81,0.0,2.7, , 
,383.19,2624,66.0,-10.9,11101000,382.49,2624,48.6,6.18,550.8,382.85,0.0,2.7, , 
,384.17,2592,66.0,-9.4,11101000,383.52,2592,50.2,6.18,550.8,383.85,0.0,2.7, , 
,385.22,2592,66.0,-7.0,11101000,384.52,2592,50.2,7.21,571.2,384.85,0.0,2.7, , 
,386.24,2592,66.0,-6.3,11101000,385.55,2592,51.8,7.21,571.2,385.89,0.0,2.7, , 
,387.23,2592,66.0,-5.5,11101000,386.57,2592,51.8,7.21,571.2,386.89,0.0,2.7, , 
,388.25,2592,66.0,-6.3,11101000,387.57,2592,51.8,7.21,571.2,387.90,0.0,2.7, , 
,389.23,2624,66.0,-2.0,11101000,388.58,2592,59.2,8.24,652.8,388.91,0.0,2.7, , 
,390.27,2624,66.0,0.4,11101000,389.56,2624,59.2,8.24,632.4,389.94,0.0,2.7, , 
,391.27,2624,66.0,0.8,11101000,390.59,2624,59.2,8.24,632.4,390.93,0.0,2.7, , 
,392.27,2624,66.0,0.8,11101000,391.59,2624,59.2,9.27,632.4,391.92,0.0,2.7, , 
,393.29,2656,66.0,0.8,11101000,392.59,2624,57.6,8.24,632.4,392.93,0.0,2.7, , 
,394.29,2656,66.0,0.4,11101000,393.63,2656,57.6,8.24,632.4,393.96,0.0,2.7, , 
,395.30,2656,66.0,-0.4,11101000,394.63,2656,57.6,8.24,632.4,394.95,0.0,2.7, , 
,396.31,2656,66.0,-0.4,11101000,395.64,2656,60.4,9.27,652.8,395.99,0.0,2.7, , 
,397.33,2656,66.0,0.0,11101000,396.65,2656,59.2,9.27,652.8,396.98,0.0,2.7, , 
,398.35,2688,67.5,0.0,11101000,397.67,2688,59.2,8.24,652.8,398.01,0.0,2.7, , 
,399.35,2688,67.5,-0.4,11101000,398.70,2688,59.2,8.24,652.8,399.03,0.0,2.7, , 
,400.42,2688,67.5,-0.8,11101000,399.71,2688,59.2,9.27,652.8,400.07,0.0,2.7, , 
,401.45,2688,67.5,-1.6,11101000,400.77,2688,59.2,8.24,632.4,401.11,0.0,2.7, , 
,402.46,2688,67.5,-5.1,11101000,401.79,2720,51.8,7.21,571.2,402.13,0.0,2.7, , 
,403.50,2688,67.5,-6.6,11101000,402.82,2688,48.6,6.18,550.8,403.17,0.0,2.7, , 
,404.52,2688,67.5,-7.0,11101000,403.83,2688,48.6,6.18,550.8,404.17,0.0,2.7, , 
,405.57,2688,67.5,-7.4,11101000,404.87,2688,48.6,6.18,550.8,405.21,0.0,2.7, , 
,406.54,2688,67.5,-6.6,11101000,405.87,2688,48.6,6.18,550.8,406.20,0.0,2.7, , 
,407.56,2688,67.5,-6.6,11101000,406.88,2688,48.6,6.18,550.8,407.22,0.0,2.7, , 
,408.58,2688,67.5,-6.3,11101000,407.90,2688,48.6,6.18,550.8,408.27,0.0,2.7, , 
,409.61,2656,67.5,-6.3,11101000,408.91,2688,48.6,6.18,550.8,409.26,0.0,2.7, , 
,410.70,2656,67.5,-5.5,11101000,409.97,2656,48.6,6.18,550.8,410.33,0.0,2.7, , 
,411.72,2656,67.5,-5.9,11101000,411.05,2656,48.6,6.18,550.8,411.37,0.0,2.7, , 
,412.76,2656,67.5,-5.1,11101000,412.09,2656,48.6,6.18,550.8,412.43,0.0,2.7, , 
,413.78,2656,67.5,-5.5,11101000,413.09,2656,48.6,6.18,550.8,413.44,0.0,2.7, , 
,414.85,2624,67.5,-5.5,11101000,414.13,2656,48.6,6.18,550.8,414.48,0.0,2.7, , 
,415.86,2624,67.5,-5.1,11101000,415.18,2624,48.6,6.18,550.8,415.53,0.0,2.7, , 
,416.87,2624,69.0,-5.5,11101000,416.20,2624,48.6,6.18,550.8,416.55,0.0,2.7, , 
,417.86,2624,67.5,-5.5,11101000,417.22,2624,50.2,7.21,571.2,417.54,0.0,2.7, , 
,418.86,2624,69.0,-5.1,11101000,418.21,2624,48.6,6.18,550.8,418.53,0.0,2.7, , 
,419.86,2624,69.0,-5.9,11101000,419.19,2624,48.6,6.18,550.8,419.53,0.0,2.7, , 
,420.87,2624,69.0,-5.9,11101000,420.19,2624,47.1,6.18,520.2,420.53,0.0,2.7, , 
,421.88,2592,69.0,0.0,11101000,421.19,2592,36.9,4.12,438.6,421.53,0.0,2.7, , 
,422.90,2528,69.0,0.0,11111100,422.22,2560,20.8,2.06,275.4,422.59,0.0,2.7, , 
,423.86,2496,69.0,0.0,11111100,423.21,2528,0.0,0.00,275.4,423.52,0.0,2.7, , 
,424.85,2432,69.0,0.0,11111100,424.19,2464,0.0,0.00,275.4,424.54,0.0,2.7, , 
,425.84,2368,69.0,0.0,11111100,425.21,2400,0.0,0.00,275.4,425.51,0.0,2.7, , 
,426.85,2304,69.0,0.0,11111100,426.18,2336,0.0,0.00,275.4,426.51,0.0,2.7, , 
,427.81,2240,69.0,0.0,11101000,427.16,2304,0.0,0.00,275.4,427.49,0.0,2.7, , 
,428.83,2176,69.0,0.0,11101000,428.15,2208,19.2,3.09,275.4,428.49,0.0,2.7, , 
,429.87,2144,69.0,0.0,11101000,429.17,2176,34.1,5.15,418.2,429.51,0.0,2.7, , 
,430.92,2112,69.0,-2.3,11101000,430.23,2144,51.8,7.21,591.6,430.57,0.0,2.7, , 
,431.93,2080,69.0,-3.9,11101000,431.27,2112,51.8,7.21,591.6,431.59,0.0,2.7, , 
,432.98,2016,69.0,-6.6,11101000,432.28,2048,53.3,7.21,612.0,432.62,0.0,2.7, , 
,434.07,2016,69.0,-7.8,11101000,433.33,2016,54.5,7.21,612.0,433.69,0.0,2.7, , 
,435.16,1984,69.0,-4.3,11101000,434.43,1984,59.2,8.24,652.8,434.80,0.0,2.7, , 
,436.24,1984,69.0,-3.9,11101000,435.53,1984,57.6,7.21,652.8,435.88,0.0,2.7, , 
,437.31,2016,69.0,-2.3,11101000,436.60,1984,59.2,8.24,652.8,436.97,0.0,2.7, , 
,438.37,2016,69.0,-1.2,11101000,437.67,2016,59.2,8.24,652.8,438.02,0.0,2.7, , 
,439.40,2048,69.0,0.0,11101000,438.72,2048,59.2,8.24,652.8,439.07,0.0,2.7, , 
,440.42,2112,69.0,-2.0,11101000,439.76,2080,53.3,7.21,612.0,440.10,0.0,2.7, , 
,441.46,2176,69.0,-2.7,11101000,440.77,2144,51.8,7.21,591.6,441.12,0.0,2.7, , 
,442.49,2208,69.0,-3.5,11101000,441.80,2176,51.8,7.21,591.6,442.16,0.0,2.7, , 
,443.52,2272,69.0,0.0,11101000,442.85,2240,50.2,6.18,571.2,443.19,0.0,2.7, , 
,444.50,2304,69.0,0.4,11101000,443.85,2272,60.4,8.24,652.8,444.18,0.0,2.7, , 
,445.51,2336,69.0,1.6,11101000,444.84,2304,59.2,8.24,652.8,445.16,0.0,2.7, , 
,446.58,2336,69.0,-2.7,11101000,445.88,2336,59.2,8.24,652.8,446.23,0.0,2.7, , 
,447.59,2368,69.0,0.4,11101000,446.92,2336,66.3,10.30,714.0,447.26,0.0,2.7, , 
,448.62,2368,69.0,0.4,11101000,447.92,2368,67.8,10.30,734.4,448.25,0.0,2.7, , 
,449.68,2400,69.0,0.8,11101000,448.95,2400,67.8,10.30,734.4,449.32,0.0,2.7, , 
,450.76,2432,69.0,0.4,11101000,450.02,2400,66.3,10.30,714.0,450.39,0.0,2.7, , 
,451.82,2432,69.0,0.4,11101000,451.11,2432,66.3,10.30,714.0,451.45,0.0,2.7, , 
,452.90,2464,69.0,-0.4,11101000,452.19,2464,66.3,10.30,714.0,452.52,0.0,2.7, , 
,453.98,2496,70.5,-1.2,11101000,453.26,2464,66.3,10.30,714.0,453.62,0.0,2.7, , 
,454.99,2496,69.0,-2.0,11101000,454.32,2496,66.3,10.30,714.0,454.67,0.0,2.7, , 
,456.02,2528,70.5,-2.3,11101000,455.35,2496,65.1,9.27,693.6,455.68,0.0,2.7, , 
,457.07,2528,69.0,-2.7,11101000,456.39,2528,65.1,9.27,693.6,456.72,0.0,2.7, , 
,458.10,2560,70.5,-2.3,11101000,457.42,2528,65.1,9.27,693.6,457.75,0.0,2.7, , 
,459.16,2560,70.5,-2.7,11101000,458.45,2560,63.5,9.27,693.6,458.80,0.0,2.7, , 
,460.16,2592,70.5,-2.7,11101000,459.50,2560,63.5,9.27,693.6,459.84,0.0,2.7, , 
,461.15,2592,70.5,-2.7,11101000,460.51,2592,63.5,9.27,693.6,460.84,0.0,2.7, , 
,462.17,2624,70.5,-2.3,11101000,461.51,2592,63.5,9.27,693.6,461.84,0.0,2.7, , 
,463.21,2624,70.5,-2.7,11101000,462.50,2592,63.5,9.27,693.6,462.86,0.0,2.7, , 
,464.24,2624,70.5,-2.7,11101000,463.56,2624,63.5,9.27,693.6,463.89,0.0,2.7, , 
,465.25,2656,70.5,-2.7,11101000,464.57,2624,63.5,9.27,673.2,464.92,0.0,2.7, , 
,466.34,2656,70.5,-2.7,11101000,465.62,2656,63.5,9.27,673.2,465.98,0.0,2.7, , 
,467.36,2656,70.5,-3.1,11101000,466.68,2656,62.0,9.27,673.2,467.01,0.0,3.1, , 
,468.43,2656,70.5,0.0,11101000,467.72,2656,50.2,7.21,571.2,468.09,0.0,3.1, , 
,469.42,2656,70.5,-5.5,11101000,468.76,2656,45.9,6.18,520.2,469.09,0.0,3.1, , 
,470.41,2656,70.5,-8.2,11101000,469.75,2656,47.1,6.18,520.2,470.07,0.0,3.1, , 
,471.42,2624,70.5,-9.4,11101000,470.74,2624,47.1,6.18,520.2,471.09,0.0,2.7, , 
,472.43,2624,70.5,-9.8,11101000,471.76,2624,50.2,7.21,571.2,472.10,0.0,3.1, , 
,473.46,2624,70.5,-7.0,11101000,472.77,2624,51.8,7.21,571.2,473.10,0.0,3.1, , 
,474.43,2624,70.5,-4.7,11101000,473.77,2624,54.5,7.21,612.0,474.10,0.0,3.1, , 
,475.48,2624,70.5,-3.1,11101000,474.77,2624,56.1,8.24,632.4,475.13,0.0,3.1, , 
,476.48,2624,70.5,-1.6,11101000,475.82,2624,57.6,8.24,632.4,476.15,0.0,3.1, , 
,477.49,2624,70.5,-1.2,11101000,476.81,2624,57.6,8.24,632.4,477.15,0.0,3.1, , 
,478.50,2624,70.5,-0.8,11101000,477.82,2624,56.1,8.24,632.4,478.17,0.0,3.1, , 
,479.51,2624,72.0,-1.6,11101000,478.85,2624,56.1,8.24,632.4,479.18,0.0,3.1, , 
,480.53,2624,72.0,-2.3,11101000,479.85,2624,56.1,8.24,632.4,480.19,0.0,3.1, , 
,481.56,2624,70.5,-2.7,11101000,480.88,2656,56.1,8.24,612.0,481.22,0.0,3.1, , 
,482.60,2624,72.0,-4.3,11101000,481.91,2624,56.1,8.24,612.0,482.25,0.0,3.1, , 
,483.63,2656,72.0,-4.3,11101000,482.94,2624,56.1,8.24,612.0,483.28,0.0,3.1, , 
,484.61,2656,72.0,-4.3,11101000,483.96,2656,56.1,7.21,612.0,484.27,0.0,3.1, , 
,485.65,2624,72.0,-4.3,11101000,484.95,2656,56.1,7.21,612.0,485.30,0.0,3.1, , 
,486.70,2656,72.0,-4.7,11101000,486.00,2656,56.1,8.24,612.0,486.36,0.0,3.1, , 
,487.76,2656,72.0,-4.3,11101000,487.05,2656,54.5,7.21,612.0,487.39,0.0,3.1, , 
,488.81,2656,72.0,-3.9,11101000,488.12,2656,54.5,7.21,612.0,488.48,0.0,3.1, , 
,489.87,2656,72.0,-2.3,11101000,489.18,2656,54.5,7.21,612.0,489.52,0.0,3.1, , 
,490.92,2656,72.0,-1.6,11101000,490.23,2656,56.1,8.24,612.0,490.59,0.0,3.1, , 
,491.97,2656,72.0,-1.2,11101000,491.25,2656,56.1,7.21,612.0,491.61,0.0,3.1, , 
,492.98,2656,72.0,-1.2,11101000,492.32,2656,56.1,8.24,612.0,492.66,0.0,3.1, , 
,494.03,2656,72.0,-0.8,11101000,493.31,2656,56.1,8.24,632.4,493.65,0.0,3.1, , 
,495.04,2656,72.0,0.8,11101000,494.38,2656,59.2,8.24,632.4,494.70,0.0,3.1, , 
,496.04,2656,73.5,0.8,11101000,495.38,2656,59.2,8.24,652.8,495.72,0.0,3.1, , 
,497.06,2656,73.5,0.8,11101000,496.39,2656,57.6,8.24,632.4,496.72,0.0,3.1, , 
,498.12,2656,73.5,1.6,11101000,497.39,2656,62.0,9.27,673.2,497.76,0.0,3.1, , 
,499.15,2656,73.5,2.3,11101000,498.48,2656,62.0,9.27,673.2,498.81,0.0,3.1, , 
,500.20,2688,73.5,2.0,11101000,499.49,2656,62.0,9.27,673.2,499.84,0.0,3.1, , 
,501.23,2688,73.5,2.0,11101000,500.54,2688,60.4,9.27,673.2,500.88,0.0,3.1, , 
,502.25,2688,73.5,2.0,11101000,501.54,2688,60.4,9.27,673.2,501.91,0.0,3.1, , 
,503.26,2688,73.5,1.6,11101000,502.57,2688,59.2,8.24,652.8,502.92,0.0,3.1, , 
,504.26,2688,73.5,0.8,11101000,503.60,2688,57.6,8.24,632.4,503.92,0.0,3.1, , 
,505.27,2688,73.5,0.0,11101000,504.61,2688,57.6,8.24,632.4,504.94,0.0,3.1, , 
,506.31,2688,73.5,-1.2,11101000,505.60,2688,56.1,8.24,632.4,505.96,0.0,3.1, , 
,507.31,2688,73.5,-2.7,11101000,506.61,2688,54.5,7.21,612.0,506.96,0.0,3.1, , 
,508.29,2688,73.5,-3.9,11101000,507.64,2688,54.5,7.21,612.0,507.95,0.0,3.1, , 
,509.30,2688,73.5,-3.9,11101000,508.63,2688,54.5,7.21,612.0,508.96,0.0,3.1, , 
,510.30,2688,73.5,-3.5,11101000,509.65,2688,50.2,6.18,571.2,509.97,0.0,3.1, , 
,511.32,2688,73.5,-2.3,11101000,510.65,2688,50.2,6.18,571.2,510.97,0.0,3.1, , 
,512.38,2688,73.5,-3.5,11101000,511.70,2688,50.2,7.21,571.2,512.04,0.0,3.1, , 
,513.40,2656,73.5,-3.9,11101000,512.72,2656,50.2,6.18,571.2,513.05,0.0,3.1, , 
,514.40,2656,73.5,-3.5,11101000,513.75,2656,50.2,6.18,571.2,514.07,0.0,3.1, , 
,515.49,2656,75.0,-3.5,11101000,514.75,2656,50.2,7.21,571.2,515.12,0.0,3.1, , 
,516.50,2656,75.0,-3.1,11101000,515.83,2656,51.8,7.21,571.2,516.16,0.0,3.1, , 
,517.49,2656,75.0,-2.7,11101000,516.85,2656,50.2,7.21,571.2,517.18,0.0,3.1, , 
,518.53,2656,75.0,-3.5,11101000,517.83,2656,51.8,7.21,571.2,518.16,0.0,3.1, , 
,519.57,2624,75.0,-3.5,11101000,518.88,2656,51.8,7.21,571.2,519.23,0.0,3.1, , 
,520.60,2624,75.0,-3.5,11101000,519.92,2624,51.8,7.21,571.2,520.25,0.0,3.1, , 
,521.63,2624,75.0,-3.5,11101000,520.94,2624,50.2,7.21,571.2,521.29,0.0,3.1, , 
,522.66,2624,75.0,-3.5,11101000,521.97,2624,50.2,7.21,571.2,522.32,0.0,3.1, , 
,523.71,2624,75.0,-3.1,11101000,522.99,2624,50.2,7.21,571.2,523.33,0.0,3.1, , 
,524.72,2592,75.0,0.0,11101000,524.05,2624,50.2,7.21,571.2,524.41,0.0,3.1, , 
,525.69,1984,75.0,0.0,11111100,525.06,2592,23.5,3.09,316.2,525.37,0.0,3.1, , 
,526.69,992,75.0,0.0,11111110,526.04,1440,0.0,0.00,316.2,526.36,-3.1,0.0, , 
,527.63,896,75.0,0.0,11111110,526.99,896,26.7,4.12,377.4,527.32,-3.9,0.0, , 
,528.61,992,75.0,-2.7,11111110,527.92,928,28.2,3.09,397.8,528.26,-3.1,0.0, , 
,529.54,928,75.0,-9.0,11111110,528.91,960,25.1,3.09,357.0,529.24,-3.9,0.0, , 
,530.47,896,75.0,-10.9,11111110,529.83,896,26.7,3.09,377.4,530.13,-3.9,0.0, , 
,531.44,864,75.0,-11.3,11111110,530.80,864,26.7,3.09,377.4,531.12,-3.9,0.0, , 
,532.35,864,75.0,-10.9,11111110,531.75,896,26.7,3.09,377.4,532.05,-3.9,0.0, , 
,533.23,896,75.0,-10.5,11111110,532.64,896,28.2,3.09,397.8,532.93,-3.9,0.0, , 
,534.11,896,75.0,-7.4,11111110,533.52,864,28.2,3.09,397.8,533.80,-3.9,0.0, , 
,535.03,896,76.5,-7.0,11111110,534.42,896,28.2,3.09,397.8,534.72,-3.9,0.0, , 
,535.95,896,76.5,-4.7,11111110,535.32,896,28.2,3.09,397.8,535.64,-3.9,0.0, , 
,536.88,896,76.5,-4.3,11111110,536.26,896,28.2,3.09,397.8,536.57,-3.9,0.0, , 
,537.93,2176,76.5,-6.3,11101000,537.25,1024,31.0,3.09,397.8,537.59,0.0,3.1, , 
,538.96,2208,76.5,0.0,11101000,538.28,2176,35.3,5.15,397.8,538.62,0.0,3.1, , 
,539.99,2208,76.5,-0.4,11101000,539.30,2176,73.7,11.33,795.6,539.65,0.0,3.1, , 
,541.00,1120,76.5,0.0,11111110,540.36,2144,0.0,0.00,499.8,540.69,-2.3,3.1, , 
,541.95,1024,76.5,0.0,11111110,541.34,1088,26.7,4.12,377.4,541.65,-3.1,0.0, , 
,542.88,896,76.5,0.0,11111110,542.25,960,25.1,4.12,357.0,542.56,-3.9,0.0, , 
,543.80,960,76.5,-6.3,11111110,543.18,928,28.2,3.09,397.8,543.49,-3.1,0.0, , 
,544.72,896,76.5,-9.8,11111110,544.12,928,26.7,3.09,377.4,544.42,-3.9,0.0, , 
,545.63,896,76.5,-9.4,11111110,545.02,864,28.2,3.09,397.8,545.33,-3.9,0.0, , 
,546.61,896,76.5,-7.8,11111110,545.94,864,28.2,3.09,397.8,546.27,-3.9,0.0, , 
,547.54,896,76.5,-6.6,11111110,546.92,864,28.2,3.09,397.8,547.22,-3.9,0.0, , 
,548.47,896,76.5,-5.1,11111110,547.86,896,28.2,3.09,397.8,548.17,-3.9,0.0, , 
,549.41,896,76.5,-3.5,11111110,548.77,864,28.2,3.09,397.8,549.10,-3.9,0.0, , 
,550.31,896,76.5,-3.1,11111110,549.71,896,28.2,3.09,397.8,550.01,-3.9,0.0, , 
,551.24,896,76.5,-3.1,11111110,550.64,864,28.2,3.09,397.8,550.94,-3.9,0.0, , 
,552.18,896,76.5,-2.7,11111110,551.55,864,29.4,3.09,397.8,551.86,-3.9,0.0, , 
,553.08,896,76.5,-3.1,11111110,552.47,864,28.2,3.09,397.8,552.78,-3.9,0.0, , 
,554.01,896,76.5,-3.9,11111110,553.39,864,29.4,3.09,397.8,553.69,-3.1,0.0, , 
,554.93,832,78.0,-3.5,11111110,554.32,896,29.4,3.09,397.8,554.64,-3.9,0.0, , 
,555.87,768,78.0,-4.7,11111110,555.26,768,26.7,3.09,397.8,555.56,-3.9,0.0, , 
,556.76,768,78.0,-6.6,11111110,556.16,800,29.4,3.09,418.2,556.46,-3.9,0.0, , 
,557.67,800,78.0,-4.7,11111110,557.07,768,29.4,3.09,418.2,557.37,-3.9,0.0, , 
,558.56,768,78.0,-4.7,11111110,557.96,800,29.4,3.09,418.2,558.26,-3.9,0.0, , 
,559.47,800,78.0,-4.3,11111110,558.85,800,31.0,3.09,418.2,559.16,-3.9,0.0, , 
,560.34,800,76.5,-3.9,11111110,559.76,768,29.4,3.09,418.2,560.04,-3.9,0.0, , 
,561.22,768,78.0,-1.6,11111110,560.64,800,29.4,3.09,418.2,560.93,-3.9,0.0, , 
,562.12,800,78.0,-1.6,11111110,561.52,800,29.4,3.09,438.6,561.82,-3.9,0.0, , 
,563.01,768,78.0,-1.6,11111110,562.42,800,29.4,3.09,418.2,562.72,-3.9,0.0, , 
,563.91,800,78.0,-2.3,11111110,563.30,768,29.4,3.09,418.2,563.60,-3.9,0.0, , 
,564.79,800,78.0,-3.5,11111110,564.20,800,29.4,3.09,418.2,564.49,-3.9,0.0, , 
,565.69,800,78.0,-4.3,11111110,565.10,768,29.4,3.09,418.2,565.40,-3.9,0.0, , 
,566.58,768,78.0,-7.8,11111110,565.99,800,29.4,3.09,418.2,566.29,-3.9,0.0, , 
,567.48,768,78.0,-9.4,11111110,566.89,800,29.4,3.09,418.2,567.18,-3.9,0.0, , 
,568.38,800,78.0,-9.8,11111110,567.78,768,29.4,3.09,418.2,568.07,-3.9,0.0, , 
,569.29,768,78.0,-10.2,11111110,568.70,800,29.4,3.09,418.2,568.98,-3.9,0.0, , 
,570.21,800,78.0,-10.2,11111110,569.59,800,29.4,3.09,418.2,569.90,-3.9,0.0, , 
,571.11,800,78.0,-10.9,11111110,570.52,800,29.4,3.09,418.2,570.81,-3.9,0.0, , 
,572.05,800,78.0,-11.3,11111110,571.43,800,29.4,3.09,418.2,571.73,-3.9,0.0, , 
,572.95,768,78.0,-11.3,11111110,572.36,800,29.4,3.09,418.2,572.65,-3.9,0.0, , 
,573.87,800,78.0,-10.9,11111110,573.24,800,31.0,3.09,438.6,573.55,-3.9,0.0, , 
,574.78,800,78.0,-10.5,11111110,574.16,800,31.0,3.09,438.6,574.47,-3.9,0.0, , 
,575.67,800,78.0,-10.5,11111110,575.07,800,29.4,3.09,418.2,575.37,-3.9,0.0, , 
,576.57,768,78.0,-10.2,11111110,575.97,800,31.0,3.09,438.6,576.26,-3.9,0.0, , 
,577.46,800,78.0,-9.8,11111110,576.87,768,29.4,3.09,418.2,577.16,-3.9,0.0, , 
,578.36,768,78.0,-10.2,11111110,577.76,800,29.4,3.09,418.2,578.05,-3.9,0.0, , 
,579.26,768,78.0,-10.2,11111110,578.65,800,31.0,3.09,438.6,578.95,-3.9,0.0, , 
,580.15,800,76.5,-10.2,11111110,579.54,800,31.0,3.09,438.6,579.85,-3.9,0.0, , 
,581.05,768,76.5,-10.2,11111110,580.44,768,31.0,3.09,418.2,580.76,-3.9,0.0, , 
,581.97,800,76.5,-10.5,11111110,581.37,768,29.4,3.09,418.2,581.66,-3.9,0.0, , 
,582.87,768,76.5,-10.5,11111110,582.27,768,29.4,3.09,418.2,582.57,-3.9,0.0, , 
,583.76,768,76.5,-10.5,11111110,583.17,800,29.4,3.09,418.2,583.47,-3.9,0.0, , 
,584.66,800,76.5,-10.5,11111110,584.06,768,31.0,3.09,438.6,584.36,-3.9,0.0, , 
,585.56,768,76.5,-10.9,11111110,584.97,768,31.0,3.09,418.2,585.26,-3.9,0.0, , 
,586.47,768,76.5,-10.5,11111110,585.86,768,31.0,3.09,438.6,586.16,-3.9,0.0, , 
,587.40,768,76.5,-10.9,11111110,586.79,768,31.0,3.09,418.2,587.10,-3.9,0.0, , 
,588.29,800,76.5,-10.5,11111110,587.70,800,31.0,3.09,418.2,587.99,-3.9,0.0, , 
,589.18,800,76.5,-10.5,11111110,588.60,768,31.0,3.09,438.6,588.89,-3.9,0.0, , 
,590.08,800,76.5,-10.5,11111110,589.48,800,31.0,3.09,438.6,589.79,-3.9,0.0, , 
,590.98,800,76.5,-10.9,11111110,590.38,800,29.4,3.09,418.2,590.68,-3.9,0.0, , 
,591.89,800,76.5,-10.9,11111110,591.28,800,31.0,3.09,438.6,591.58,-3.9,0.0, , 
,592.79,800,76.5,-10.9,11111110,592.19,800,31.0,3.09,438.6,592.50,-3.9,0.0, , 
,593.72,800,76.5,-10.5,11111110,593.11,800,31.0,3.09,438.6,593.40,-3.9,0.0, , 
,594.65,800,76.5,-10.9,11111110,594.04,800,31.0,3.09,438.6,594.35,-3.9,0.0, , 
,595.54,800,76.5,-10.5,11111110,594.95,800,31.0,3.09,438.6,595.23,-3.9,0.0, , 
,596.44,768,76.5,-10.9,11111110,595.84,768,31.0,3.09,438.6,596.14,-3.9,0.0, , 
,597.33,800,76.5,-10.9,11111110,596.74,800,31.0,3.09,438.6,597.04,-3.9,0.0, , 
,598.26,768,76.5,-11.7,11111110,597.65,768,31.0,3.09,438.6,597.96,-3.9,0.0, , 
,599.16,768,76.5,-12.1,11111110,598.55,768,31.0,3.09,438.6,598.87,-3.9,0.0, , 
,600.09,800,76.5,-12.5,11111110,599.47,800,31.0,3.09,438.6,599.79,-3.9,0.0, , 
,600.99,800,76.5,-12.5,11111110,600.39,800,32.5,3.09,438.6,600.68,-3.9,0.0, , 
,601.89,800,76.5,-12.1,11111110,601.29,768,31.0,3.09,438.6,601.59,-3.9,0.0, , 
,602.81,800,76.5,-11.7,11111110,602.19,800,31.0,3.09,438.6,602.52,-3.9,0.0, , 
,603.73,800,76.5,-11.3,11111110,603.10,800,31.0,3.09,438.6,603.41,-3.9,0.0, , 
,604.67,800,76.5,-11.3,11111110,604.05,800,31.0,3.09,438.6,604.37,-3.9,0.0, , 
,605.58,768,76.5,-11.3,11111110,604.97,800,31.0,3.09,418.2,605.27,-3.9,0.0, , 
,606.50,800,76.5,-11.3,11111110,605.89,800,31.0,3.09,438.6,606.20,-3.9,0.0, , 
,607.38,768,78.0,-11.7,11111110,606.79,800,31.0,3.09,438.6,607.09,-3.9,0.0, , 
,608.30,800,76.5,-11.3,11111110,607.69,800,31.0,3.09,438.6,608.00,-3.9,0.0, , 
,609.19,768,76.5,-11.7,11111110,608.60,800,31.0,3.09,438.6,608.90,-3.9,0.0, , 
,610.09,800,76.5,-11.3,11111110,609.49,800,31.0,3.09,438.6,609.79,-3.9,0.0, , 
,610.98,768,78.0,-11.3,11111110,610.39,800,31.0,3.09,438.6,610.68,-3.9,0.0, , 
,611.89,800,78.0,-11.3,10111110,611.28,768,31.0,3.09,438.6,611.58,-3.9,0.0, , 
,612.77,768,78.0,-11.3,10111110,612.17,800,31.0,3.09,438.6,612.46,-3.9,0.0, , 
,613.69,800,78.0,-10.9,10111110,613.08,800,31.0,3.09,438.6,613.39,-3.9,0.0, , 
,614.55,800,78.0,-10.2,10111110,613.97,800,31.0,3.09,438.6,614.25,-3.9,0.0, , 
,615.44,800,78.0,-10.2,10111110,614.84,800,31.0,3.09,438.6,615.15,-3.9,0.0, , 
,616.34,800,78.0,-10.2,10111110,615.75,800,31.0,3.09,438.6,616.05,-3.9,0.0, , 
,617.25,800,78.0,-10.2,10111110,616.65,768,31.0,3.09,438.6,616.94,-3.9,0.0, , 
,618.14,768,78.0,-10.5,10111110,617.54,800,31.0,3.09,438.6,617.84,-3.9,0.0, , 
,619.05,800,78.0,-10.9,10111110,618.43,800,31.0,3.09,438.6,618.74,-3.9,0.0, , 
,619.97,800,78.0,-12.1,10111110,619.35,800,31.0,3.09,438.6,619.66,-3.9,0.0, , 
,620.88,768,78.0,-12.5,10111110,620.27,768,31.0,3.09,438.6,620.57,-3.9,0.0, , 
,621.76,768,78.0,-12.9,10111110,621.18,800,31.0,3.09,438.6,621.47,-3.9,0.0, , 
,622.66,800,78.0,-12.9,10111110,622.06,768,31.0,3.09,438.6,622.35,-3.9,0.0, , 
,623.58,768,78.0,-12.9,10111110,622.97,800,31.0,3.09,438.6,623.28,-3.9,0.0, , 
,624.47,768,78.0,-12.9,10111110,623.88,768,31.0,3.09,438.6,624.17,-3.9,0.0, , 
,625.37,768,78.0,-12.9,10111110,624.76,800,31.0,3.09,438.6,625.07,-3.9,0.0, , 
,626.28,800,78.0,-12.9,10111110,625.67,800,32.5,3.09,438.6,625.96,-3.9,0.0, , 
,627.16,768,78.0,-13.3,10111110,626.57,800,31.0,3.09,438.6,626.86,-3.9,0.0, , 
,628.08,800,78.0,-12.9,10111110,627.47,768,31.0,3.09,438.6,627.77,-3.9,0.0, , 
,628.99,768,78.0,-12.9,10111110,628.37,768,31.0,3.09,438.6,628.68,-3.9,0.0, , 
,629.89,768,78.0,-12.9,10111110,629.29,800,31.0,3.09,438.6,629.59,-3.9,0.0, , 
,630.79,768,78.0,-12.9,10111110,630.18,800,31.0,3.09,438.6,630.50,-3.9,0.0, , 
,631.71,800,78.0,-12.9,10111110,631.11,800,32.5,3.09,438.6,631.40,-3.9,0.0, , 
,632.63,800,78.0,-12.5,10111110,632.02,800,31.0,3.09,438.6,632.32,-3.9,0.0, , 
,633.54,768,79.5,-12.5,10111110,632.94,800,31.0,3.09,438.6,633.24,-3.9,0.0, , 
,634.43,768,79.5,-12.5,10111110,633.84,800,32.5,3.09,459.0,634.14,-3.9,0.0, , 
,635.33,768,79.5,-12.5,10111110,634.74,768,32.5,3.09,438.6,635.04,-3.9,0.0, , 
,636.24,800,79.5,-12.1,10111110,635.63,800,31.0,3.09,438.6,635.94,-3.9,0.0, , 
,637.14,800,79.5,-11.7,10111110,636.54,800,31.0,3.09,438.6,636.84,-3.9,0.0, , 
,638.04,768,79.5,-11.7,10111110,637.44,768,32.5,3.09,438.6,637.74,-3.9,0.0, , 
,638.93,768,79.5,-12.1,10111110,638.34,800,32.5,3.09,438.6,638.63,-3.9,0.0, , 
,639.84,768,79.5,-12.1,10111110,639.23,800,32.5,3.09,438.6,639.54,-3.9,0.0, , 
,640.76,768,79.5,-12.1,10111110,640.13,800,32.5,3.09,438.6,640.44,-3.9,0.0, , 
,641.66,768,79.5,-12.1,10111111,641.07,800,32.5,3.09,438.6,641.36,-3.9,0.0, , 
,642.56,800,79.5,-12.5,10111111,641.98,768,32.5,3.09,459.0,642.28,-3.9,0.0, , 
,643.42,800,79.5,-12.9,10111111,642.84,768,32.5,3.09,438.6,643.13,-3.9,0.0, , 
,644.29,768,79.5,-12.9,10111111,643.72,768,32.5,3.09,438.6,644.00,-3.9,0.0, , 
,645.19,768,79.5,-12.9,10111111,644.59,800,32.5,3.09,438.6,644.89,-3.9,0.0, , 
,646.07,800,81.0,-12.9,10111111,645.48,800,32.5,3.09,438.6,645.78,-3.9,0.0, , 
,646.99,768,79.5,-12.9,10111111,646.38,800,32.5,3.09,438.6,646.68,-3.9,0.0, , 
,647.89,768,79.5,-12.5,10111111,647.29,800,31.0,3.09,438.6,647.59,-3.9,0.0, , 
,648.80,800,81.0,-12.5,10111111,648.20,800,32.5,3.09,438.6,648.49,-3.9,0.0, , 
,649.73,768,79.5,-12.9,10111111,649.11,800,32.5,3.09,438.6,649.41,-3.9,0.0, , 
,650.60,768,81.0,-12.9,10111111,650.03,768,31.0,3.09,438.6,650.31,-3.9,0.0, , 
,651.50,800,81.0,-12.5,10111111,650.90,768,32.5,3.09,438.6,651.20,-3.9,0.0, , 
,652.38,768,81.0,-12.1,10111111,651.79,800,31.0,3.09,438.6,652.09,-3.9,0.0, , 
,653.29,800,81.0,-11.7,10111111,652.69,800,32.5,3.09,459.0,653.00,-3.9,0.0, , 
,654.17,768,81.0,-11.7,10111111,653.59,800,32.5,3.09,459.0,653.89,-3.9,0.0, , 
,655.08,800,81.0,-11.7,10111111,654.46,768,32.5,3.09,459.0,654.78,-3.9,0.0, , 
,655.96,800,81.0,-12.1,10111111,655.38,800,32.5,3.09,438.6,655.67,-3.9,0.0, , 
,656.87,800,81.0,-12.5,10111111,656.26,800,32.5,3.09,438.6,656.56,-3.9,0.0, , 
,657.79,800,81.0,-12.9,10111111,657.18,768,32.5,3.09,438.6,657.48,-3.9,0.0, , 
,658.66,768,81.0,-13.3,10111111,658.08,768,32.5,3.09,438.6,658.37,-3.9,0.0, , 
,659.58,800,81.0,-13.7,10111111,658.97,800,32.5,3.09,459.0,659.28,-3.9,0.0, , 
,660.51,768,81.0,-13.7,10111111,659.90,768,32.5,3.09,438.6,660.20,-3.9,0.0, , 
,661.42,800,81.0,-12.9,10111111,660.83,800,32.5,3.09,459.0,661.12,-3.9,0.0, , 
,662.31,768,81.0,-12.5,10111111,661.71,800,32.5,3.09,438.6,662.01,-3.9,0.0, , 
,663.22,800,81.0,-12.1,10111111,662.61,768,32.5,3.09,438.6,662.91,-3.9,0.0, , 
,664.11,768,81.0,-12.9,10111111,663.51,800,32.5,3.09,438.6,663.80,-3.9,0.0, , 
,665.01,768,81.0,-12.9,10111111,664.41,768,32.5,3.09,459.0,664.72,-3.9,0.0, , 
,665.94,800,81.0,-12.5,10111111,665.33,800,32.5,3.09,459.0,665.63,-3.9,0.0, , 
,666.84,800,81.0,-12.1,10111111,666.25,768,31.0,3.09,438.6,666.54,-3.9,0.0, , 
,667.74,800,81.0,-12.5,10111111,667.13,800,31.0,3.09,438.6,667.44,-3.9,0.0, , 
,668.63,800,82.5,-12.5,10111111,668.04,800,31.0,3.09,438.6,668.33,-3.9,0.0, , 
,669.53,800,82.5,-12.5,10111111,668.93,800,32.5,3.09,438.6,669.23,-3.9,0.0, , 
,670.44,800,82.5,-12.5,10111111,669.83,800,31.0,3.09,438.6,670.13,-3.9,0.0, , 
,671.33,800,82.5,-12.5,10111111,670.73,768,32.5,3.09,438.6,671.03,-3.9,0.0, , 
,672.26,768,82.5,-12.5,10111111,671.63,800,31.0,3.09,438.6,671.94,-3.9,0.0, , 
,673.15,768,82.5,-12.1,10111111,672.56,768,32.5,3.09,459.0,672.86,-3.9,0.0, , 
,674.04,768,82.5,-12.1,10111111,673.45,768,31.0,3.09,438.6,673.75,-3.9,0.0, , 
,674.95,800,82.5,-12.1,10111111,674.34,768,32.5,3.09,438.6,674.63,-3.9,0.0, , 
,675.86,800,82.5,-12.1,10111111,675.26,768,31.0,3.09,438.6,675.56,-3.9,0.0, , 
,676.77,800,82.5,-12.1,10111111,676.17,800,31.0,3.09,438.6,676.47,-3.9,0.0, , 
,677.68,768,82.5,-12.1,10111111,677.08,800,31.0,3.09,438.6,677.37,-3.9,0.0, , 
,678.61,800,82.5,-11.7,10111111,678.00,768,32.5,3.09,459.0,678.30,-3.9,0.0, , 
,679.49,800,82.5,-11.7,10111111,678.90,800,32.5,3.09,438.6,679.20,-3.9,0.0, , 
,680.40,800,82.5,-11.7,10111111,679.80,800,32.5,3.09,438.6,680.10,-3.9,0.0, , 
,681.28,768,82.5,-11.7,10111111,680.69,800,31.0,3.09,438.6,680.99,-3.9,0.0, , 
,682.18,800,82.5,-11.7,10111111,681.57,768,32.5,3.09,459.0,681.87,-3.9,0.0, , 
,683.10,768,82.5,-12.1,10111111,682.49,800,31.0,3.09,438.6,682.80,-3.9,0.0, , 
,684.02,768,82.5,-12.1,10111111,683.41,800,31.0,3.09,438.6,683.72,-3.9,0.0, , 
,684.93,800,82.5,-11.7,10111111,684.33,768,32.5,3.09,438.6,684.62,-3.9,0.0, , 
,685.85,800,82.5,-11.7,10111111,685.23,800,31.0,3.09,438.6,685.54,-3.9,0.0, , 
,686.74,800,82.5,-12.1,10111111,686.14,800,32.5,3.09,438.6,686.43,-3.9,0.0, , 
,687.65,768,82.5,-12.1,10111111,687.05,800,31.0,3.09,438.6,687.35,-3.9,0.0, , 
,688.55,768,82.5,-12.9,10111111,687.95,800,32.5,3.09,438.6,688.25,-3.9,0.0, , 
,689.46,768,82.5,-13.3,10111111,688.86,768,32.5,3.09,459.0,689.16,-3.9,0.0, , 
,690.37,768,82.5,-13.3,10111111,689.76,800,32.5,3.09,459.0,690.07,-3.9,0.0, , 
,691.23,768,82.5,0.0,10101011,690.66,800,32.5,3.09,459.0,690.95,-3.9,0.0, , 
,692.27,1856,82.5,0.0,10101011,691.54,1248,63.5,9.27,775.2,691.91,0.0,3.1, , 
,693.21,864,82.5,-13.7,10101011,692.64,1504,19.2,2.06,295.8,692.91,-3.9,0.0, , 
,694.10,960,82.5,0.0,10101011,693.50,704,31.0,3.09,418.2,693.77,-3.1,0.0, , 
,695.06,1280,82.5,-7.4,10101011,694.40,1184,35.3,4.12,459.0,694.74,-2.3,0.0, , 
,696.12,1376,82.5,-7.4,10101011,695.37,1280,34.1,4.12,438.6,695.72,-2.3,0.0, , 
,697.11,1376,82.5,-17.2,10101011,696.43,1504,23.5,3.09,336.6,696.77,-2.3,0.0, , 
,698.08,1376,82.5,-13.3,10101011,697.45,1376,31.0,3.09,397.8,697.76,-2.3,0.0, , 
,699.21,1408,82.5,0.0,10101011,698.41,1408,34.1,4.12,438.6,698.80,-2.3,0.0, , 
,700.23,1088,82.5,0.0,10101011,699.56,1856,60.4,9.27,693.6,699.94,0.0,3.1, , 
,701.22,1504,82.5,0.0,10101011,700.52,1184,65.1,9.27,775.2,700.85,-1.6,0.0, , 
,702.26,1696,84.0,0.0,10111111,701.57,1792,82.7,14.42,928.2,701.91,0.0,3.1, , 
,703.24,1216,84.0,0.0,10101011,702.59,1184,26.7,4.12,357.0,702.92,-2.3,0.0, , 
,704.23,1280,82.5,-2.0,10101011,703.58,1184,34.1,4.12,438.6,703.89,-2.3,0.0, , 
,705.20,1440,84.0,0.0,10101011,704.54,1248,41.2,6.18,499.8,704.89,-1.6,0.0, , 
,706.31,1696,84.0,0.0,10101011,705.61,1440,54.5,7.21,652.8,705.94,-0.8,3.1, , 
,707.38,2112,84.0,-2.3,10101001,706.66,1824,84.3,14.42,948.6,707.02,0.0,3.1, , 
,708.40,1472,84.0,0.0,10111111,707.73,2240,87.1,14.42,948.6,708.09,0.0,3.1, , 
,709.39,960,84.0,0.0,10111111,708.75,960,26.7,4.12,377.4,709.05,-3.1,0.0, , 
,710.32,896,84.0,0.0,10111111,709.71,960,26.7,3.09,377.4,710.02,-3.9,0.0, , 
,711.22,736,84.0,0.0,10111111,710.62,736,25.1,3.09,377.4,710.92,-4.7,0.0, , 
,712.25,2112,84.0,0.0,10101001,711.52,800,40.0,5.15,499.8,711.90,-0.8,0.0, , 
,713.22,1472,84.0,0.0,10111111,712.57,1632,34.1,5.15,418.2,712.92,-1.6,0.0, , 
,714.09,1056,84.0,0.0,10111111,713.48,1024,25.1,3.09,357.0,713.78,-3.1,0.0, , 
,715.04,768,84.0,0.0,10111111,714.42,1056,25.1,3.09,357.0,714.72,-3.9,0.0, , 
,716.03,2304,84.0,0.0,10101001,715.33,704,50.2,8.24,520.2,715.68,-1.6,0.0, , 
,717.10,1344,84.0,0.0,10101011,716.35,2240,69.4,11.33,775.2,716.74,0.0,3.1, , 
,718.15,2144,84.0,0.0,11111101,717.46,1760,79.6,13.39,907.8,717.79,0.0,3.1, , 
,719.36,1504,84.0,0.0,11101011,718.52,1600,0.0,0.00,357.0,718.90,-1.6,0.0, , 
,720.39,1760,84.0,0.0,11101011,719.68,1536,78.4,13.39,907.8,720.02,-0.8,3.1, , 
,721.45,2144,84.0,-2.7,11101001,720.75,1888,84.3,13.39,928.2,721.10,0.0,3.1, , 
,722.48,2528,84.0,-4.3,11101001,721.79,2272,85.5,13.39,928.2,722.13,0.0,3.1, , 
,723.48,2464,84.0,0.0,11111101,722.82,2656,84.3,13.39,907.8,723.15,0.0,3.1, , 
,724.59,1856,84.0,0.0,11101011,723.82,1920,0.0,0.00,316.2,724.22,-2.3,3.1, , 
,725.70,1920,84.0,0.0,11101011,724.95,1920,41.2,6.18,499.8,725.32,0.0,3.1, , 
,726.74,2080,84.0,0.0,11101001,726.06,1952,84.3,14.42,928.2,726.40,0.0,3.1, , 
,727.75,2272,84.0,-4.3,11101001,727.10,2144,87.1,13.39,948.6,727.42,0.0,3.1, , 
,728.75,2496,84.0,-3.5,11101001,728.09,2336,90.2,14.42,969.0,728.42,0.0,3.1, , 
,729.74,2688,84.0,-1.2,11101001,729.08,2560,90.2,14.42,969.0,729.40,0.0,3.1, , 
,730.83,2880,84.0,0.0,11101001,730.10,2752,90.2,15.45,969.0,730.46,0.0,3.1, , 
,731.83,2080,84.0,0.0,11101001,731.14,2976,0.0,0.00,826.2,731.49,0.0,3.1, , 
,732.85,2208,84.0,-0.8,11101001,732.16,2272,60.4,9.27,673.2,732.51,0.0,3.1, , 
,733.87,2208,84.0,0.0,11101001,733.20,2208,66.3,10.30,734.4,733.53,0.0,3.1, , 
,734.88,2240,84.0,-3.9,11101001,734.22,2240,54.5,8.24,632.4,734.55,0.0,3.1, , 
,735.88,2272,84.0,0.0,11101001,735.21,2240,65.1,9.27,734.4,735.54,0.0,3.1, , 
,736.88,2336,84.0,2.7,11101001,736.22,2304,66.3,10.30,754.8,736.54,0.0,3.1, , 
,737.88,2368,84.0,-0.4,11101001,737.22,2336,67.8,10.30,754.8,737.55,0.0,3.1, , 
,738.92,2368,84.0,0.0,11101001,738.26,2400,67.8,10.30,754.8,738.61,0.0,3.1, , 
,739.89,2336,84.0,-9.8,11101001,739.25,2368,20.8,3.09,295.8,739.57,0.0,3.1, , 
,740.88,2272,84.0,-21.1,11101001,740.21,2304,16.1,2.06,244.8,740.54,0.0,3.1, , 
,741.88,2208,84.0,-24.6,11101001,741.21,2240,19.2,2.06,275.4,741.55,0.0,3.1, , 
,742.92,2176,84.0,-1.2,11101001,742.24,2208,28.2,3.09,357.0,742.58,0.0,3.1, , 
,743.97,2176,84.0,6.6,11101001,743.27,2176,56.1,6.18,652.8,743.62,0.0,3.1, , 
,744.99,2176,84.0,12.9,11101001,744.31,2176,66.3,8.24,734.4,744.65,0.0,3.1, , 
,746.06,2208,84.0,16.0,11101001,745.35,2176,69.4,10.30,775.2,745.71,0.0,3.1, , 
,747.04,2240,84.0,20.3,11101001,746.39,2208,72.2,11.33,795.6,746.72,0.0,3.1, , 
,748.06,2272,84.0,20.7,11101001,747.37,2272,73.7,11.33,826.2,747.71,0.0,3.1, , 
,749.07,2304,84.0,2.0,11101001,748.39,2304,73.7,12.36,795.6,748.74,0.0,3.1, , 
,750.08,2336,84.0,1.2,11101001,749.40,2336,76.9,12.36,846.6,749.73,0.0,3.1, , 
,751.11,2368,82.5,1.6,11101001,750.42,2368,78.4,12.36,846.6,750.77,0.0,3.1, , 
,752.13,2368,84.0,0.4,11101001,751.44,2368,66.3,10.30,734.4,751.79,0.0,3.1, , 
,753.13,2304,84.0,0.0,11101001,752.47,2368,51.8,7.21,591.6,752.80,0.0,3.1, , 
,754.15,2240,84.0,-10.9,11101001,753.48,2304,26.7,3.09,336.6,753.81,0.0,3.1, , 
,755.17,2176,82.5,0.0,11101001,754.48,2208,42.7,5.15,499.8,754.82,0.0,3.1, , 
,756.18,2176,82.5,-5.1,11101001,755.51,2176,66.3,10.30,734.4,755.85,0.0,3.1, , 
,757.20,2176,82.5,-10.9,11101001,756.51,2176,84.3,13.39,928.2,756.86,0.0,3.1, , 
,758.23,2176,82.5,-10.5,11101001,757.54,2176,88.6,13.39,969.0,757.89,0.0,3.1, , 
,759.23,2176,82.5,-13.3,11101001,758.56,2176,88.6,13.39,969.0,758.90,0.0,3.1, , 
,760.24,2176,82.5,-9.4,11101001,759.56,2176,88.6,13.39,969.0,759.90,0.0,3.1, , 
,761.25,2176,82.5,-7.4,11101001,760.57,2176,88.6,13.39,969.0,760.91,0.0,3.1, , 
,762.26,2208,82.5,-6.6,11101001,761.59,2208,88.6,14.42,969.0,761.91,0.0,3.1, , 
,763.27,2208,82.5,-6.6,11101001,762.60,2208,88.6,14.42,969.0,762.95,0.0,3.1, , 
,764.28,2240,82.5,-5.9,11101001,763.62,2208,90.2,14.42,969.0,763.96,0.0,3.1, , 
,765.28,2240,82.5,-5.5,11101001,764.62,2240,90.2,14.42,969.0,764.96,0.0,3.1, , 
,766.30,2272,82.5,-5.5,11101001,765.64,2272,88.6,14.42,969.0,765.98,0.0,3.1, , 
,767.34,2304,82.5,-5.1,11101001,766.63,2304,88.6,14.42,969.0,767.00,0.0,3.1, , 
,768.39,2368,82.5,-4.3,11101001,767.68,2336,88.6,14.42,969.0,768.03,0.0,3.1, , 
,769.40,2400,82.5,-2.7,11101001,768.72,2368,88.6,14.42,969.0,769.04,0.0,3.1, , 
,770.38,2432,82.5,0.0,11101001,769.71,2400,88.6,14.42,969.0,770.04,0.0,3.1, , 
,771.39,2368,82.5,0.0,11101001,770.72,2400,40.0,5.15,479.4,771.05,0.0,3.1, , 
,772.40,2272,82.5,-19.1,11101001,771.71,2336,19.2,2.06,275.4,772.05,0.0,3.1, , 
,773.42,2208,82.5,-27.7,11101001,772.75,2240,19.2,2.06,275.4,773.08,0.0,3.1, , 
,774.41,2112,82.5,-30.5,11101001,773.75,2176,19.2,2.06,275.4,774.08,0.0,3.1, , 
,775.47,2048,82.5,-30.1,11101001,774.75,2080,17.6,2.06,275.4,775.10,0.0,3.1, , 
,776.56,1984,82.5,0.0,11101011,775.82,2016,20.8,2.06,295.8,776.18,0.0,3.1, , 
,777.65,1952,82.5,-0.8,11101011,776.93,1952,59.2,9.27,673.2,777.30,0.0,3.1, , 
,778.74,1952,82.5,-2.3,11101011,778.02,1952,50.2,7.21,591.6,778.37,0.0,3.1, , 
,779.82,1920,82.5,-3.5,11101011,779.11,1920,51.8,7.21,612.0,779.47,0.0,3.1, , 
,780.92,1888,82.5,-4.7,11101011,780.20,1920,53.3,7.21,612.0,780.56,0.0,3.1, , 
,782.00,1888,82.5,-3.5,11101011,781.28,1888,54.5,7.21,632.4,781.64,0.0,3.1, , 
,783.08,1888,82.5,-1.6,11101011,782.36,1888,59.2,8.24,693.6,782.71,0.0,3.1, , 
,784.18,1856,82.5,-0.8,11101011,783.45,1888,48.6,6.18,591.6,783.81,0.0,3.1, , 
,785.31,1856,82.5,-3.9,11101011,784.56,1856,45.9,6.18,550.8,784.93,0.0,3.1, , 
,786.43,1888,82.5,-2.3,11101011,785.68,1856,57.6,8.24,652.8,786.06,0.0,3.1, , 
,787.55,1888,82.5,-0.8,11101011,786.81,1888,59.2,8.24,673.2,787.19,0.0,3.1, , 
,788.65,1888,82.5,2.0,11101011,787.92,1888,59.2,8.24,673.2,788.29,0.0,3.1, , 
,789.76,1920,82.5,3.9,11101011,789.03,1920,66.3,10.30,754.8,789.40,0.0,3.1, , 
,790.84,1984,82.5,3.1,11101011,790.12,1952,65.1,10.30,734.4,790.48,0.0,3.1, , 
,791.87,2016,82.5,0.0,11101001,791.19,1984,54.5,8.24,632.4,791.53,0.0,3.1, , 
,792.92,2016,82.5,-3.5,11101001,792.21,2016,51.8,7.21,612.0,792.57,0.0,3.1, , 
,793.98,2048,82.5,-5.5,11101001,793.28,2016,51.8,7.21,612.0,793.63,0.0,3.1, , 
,795.02,2048,82.5,-6.6,11101001,794.33,2048,51.8,7.21,612.0,794.67,0.0,3.1, , 
,796.06,2080,82.5,-5.9,11101001,795.37,2048,51.8,7.21,612.0,795.71,0.0,3.1, , 
,797.13,2080,82.5,-7.0,11101001,796.43,2080,40.0,5.15,479.4,796.79,0.0,3.1, , 
,798.16,2080,82.5,-7.4,11101001,797.47,2080,40.0,5.15,479.4,797.81,0.0,3.1, , 
,799.22,2112,82.5,-4.7,11101001,798.51,2080,41.2,5.15,499.8,798.87,0.0,3.1, , 
,800.25,2112,82.5,-8.6,11101001,799.55,2112,40.0,5.15,479.4,799.92,0.0,3.1, , 
,801.28,2112,82.5,-17.6,11101001,800.59,2112,25.1,3.09,336.6,800.93,0.0,3.1, , 
,802.32,2080,82.5,-23.4,11101001,801.62,2080,20.8,2.06,295.8,801.96,0.0,3.1, , 
,803.38,2080,82.5,-28.9,11101001,802.68,2080,20.8,2.06,295.8,803.02,0.0,3.1, , 
,804.40,2112,82.5,-18.0,11101001,803.72,2080,47.1,5.15,550.8,804.06,0.0,3.1, , 
,805.44,2144,82.5,-11.3,11101001,804.75,2144,47.1,5.15,550.8,805.10,0.0,3.1, , 
,806.44,2176,82.5,-5.5,11101001,805.77,2176,47.1,6.18,550.8,806.10,0.0,3.1, , 
,807.47,2240,82.5,-2.3,11101001,806.79,2208,50.2,7.21,591.6,807.13,0.0,3.1, , 
,808.48,2304,82.5,-0.8,11101001,807.80,2272,50.2,7.21,591.6,808.15,0.0,3.1, , 
,809.52,2336,82.5,0.4,11101001,808.83,2304,48.6,7.21,571.2,809.16,0.0,3.1, , 
,810.58,2368,82.5,0.0,11101001,809.87,2368,50.2,7.21,571.2,810.23,0.0,3.1, , 
,811.70,2432,82.5,1.6,11101001,810.94,2400,50.2,7.21,571.2,811.32,0.0,3.1, , 
,812.76,2432,82.5,0.4,11101001,812.07,2432,44.3,6.18,520.2,812.42,0.0,3.1, , 
,813.85,2464,82.5,-0.8,11101001,813.13,2464,44.3,6.18,499.8,813.49,0.0,3.1, , 
,814.88,2496,82.5,-2.0,11101001,814.22,2464,41.2,6.18,479.4,814.55,0.0,3.1, , 
,815.92,2496,82.5,-3.5,11101001,815.24,2496,40.0,5.15,479.4,815.58,0.0,3.1, , 
,816.98,2496,82.5,-5.1,11101001,816.26,2496,40.0,5.15,459.0,816.63,0.0,3.1, , 
,818.01,2496,82.5,-1.2,11101001,817.32,2496,36.9,5.15,438.6,817.67,0.0,3.1, , 
,819.06,2496,81.0,-1.6,11101001,818.36,2496,36.9,5.15,438.6,818.70,0.0,3.1, , 
,820.09,2496,82.5,-1.6,11101001,819.42,2496,38.4,5.15,459.0,819.75,0.0,3.1, , 
,821.17,2496,82.5,-0.8,11101001,820.45,2496,38.4,5.15,459.0,820.81,0.0,3.1, , 
,822.22,2464,82.5,-0.4,11101001,821.53,2464,38.4,5.15,459.0,821.88,0.0,3.1, , 
,823.25,2432,81.0,-0.4,11101001,822.56,2464,36.9,5.15,438.6,822.92,0.0,3.1, , 
,824.34,2432,82.5,0.8,11101001,823.61,2432,38.4,5.15,459.0,823.98,0.0,3.1, , 
,825.34,2432,82.5,0.0,11101001,824.67,2432,38.4,5.15,459.0,825.00,0.0,3.1, , 
,826.35,2432,82.5,-0.4,11101001,825.69,2400,38.4,5.15,459.0,826.01,0.0,3.1, , 
,827.41,2432,82.5,-0.4,11101001,826.71,2432,51.8,7.21,591.6,827.06,0.0,3.1, , 
,828.44,2464,82.5,1.6,11101001,827.75,2432,47.1,6.18,550.8,828.09,0.0,3.1, , 
,829.50,2464,82.5,2.0,11101001,828.79,2464,41.2,5.15,479.4,829.15,0.0,3.1, , 
,830.53,2496,82.5,2.0,11101001,829.84,2496,41.2,6.18,479.4,830.18,0.0,3.1, , 
,831.58,2528,82.5,2.3,11101001,830.89,2496,40.0,5.15,479.4,831.23,0.0,3.1, , 
,832.63,2528,82.5,1.6,11101001,831.94,2528,40.0,5.15,479.4,832.29,0.0,3.1, , 
,833.65,2528,82.5,0.0,11101001,832.97,2528,40.0,5.15,479.4,833.30,0.0,3.1, , 
,834.69,2528,82.5,-7.4,11101001,834.00,2528,29.4,4.12,377.4,834.35,0.0,3.1, , 
,835.68,2496,82.5,-18.0,11111101,835.00,2496,17.6,2.06,275.4,835.32,0.0,3.1, , 
,836.67,2432,82.5,0.0,11111101,836.02,2464,17.6,2.06,244.8,836.34,0.0,3.1, , 
,837.63,2368,82.5,0.0,11111101,837.00,2432,0.0,0.00,244.8,837.31,0.0,3.1, , 
,838.63,2336,82.5,0.0,11111101,837.98,2368,0.0,0.00,244.8,838.31,0.0,3.1, , 
,839.60,2272,82.5,0.0,11111101,838.97,2304,0.0,0.00,244.8,839.28,0.0,3.1, , 
,840.62,2208,82.5,0.0,11111101,839.95,2272,0.0,0.00,244.8,840.29,0.0,3.1, , 
,841.63,2144,82.5,0.0,11111101,840.97,2208,0.0,0.00,244.8,841.30,0.0,3.1, , 
,842.66,2080,82.5,0.0,11111101,841.98,2144,0.0,0.00,244.8,842.32,0.0,3.1, , 
,843.73,2048,82.5,0.0,11111101,843.01,2080,0.0,0.00,244.8,843.37,0.0,3.1, , 
,844.76,2080,82.5,0.0,11101001,844.06,2016,0.0,0.00,244.8,844.40,0.0,3.1, , 
,845.77,2080,82.5,0.0,11101001,845.11,2016,84.3,14.42,928.2,845.44,0.0,3.1, , 
,846.77,2176,82.5,-2.0,11101001,846.10,2112,85.5,14.42,948.6,846.43,0.0,3.1, , 
,847.78,2304,81.0,-2.7,11101001,847.10,2208,87.1,13.39,948.6,847.45,0.0,3.1, , 
,848.91,2400,82.5,-2.3,11101001,848.15,2336,87.1,13.39,948.6,848.54,0.0,3.1, , 
,849.89,2496,82.5,-2.7,11101001,849.24,2432,87.1,14.42,948.6,849.55,0.0,3.1, , 
,850.94,2592,81.0,-0.4,11101001,850.24,2528,85.5,13.39,928.2,850.60,0.0,3.1, , 
,851.94,2688,81.0,2.7,11101001,851.26,2624,78.4,12.36,867.0,851.59,0.0,3.1, , 
,852.94,2752,81.0,8.2,11101001,852.26,2688,75.3,12.36,826.2,852.59,0.0,3.1, , 
,853.94,2816,81.0,9.0,11101001,853.27,2784,72.2,11.33,795.6,853.61,0.0,3.1, , 
,855.04,2912,82.5,6.3,11101001,854.29,2848,82.7,13.39,887.4,854.64,0.0,3.1, , 
,855.85,3008,82.5,3.9,11101001,855.31,2944,82.7,13.39,887.4,855.58,0.0,3.1, , 
,856.85,1792,81.0,0.0,11111111,856.18,2848,0.0,0.00,397.8,856.53,0.0,3.1, , 
,857.88,2304,81.0,0.0,11101001,857.21,1760,22.0,3.09,316.2,857.54,0.0,3.1, , 
,858.89,2336,81.0,0.0,11101001,858.21,2304,22.0,3.09,316.2,858.55,0.0,3.1, , 
,859.89,2368,81.0,2.3,11101001,859.22,2336,56.1,8.24,632.4,859.54,0.0,3.1, , 
,860.92,2400,82.5,7.8,11101001,860.20,2368,66.3,10.30,734.4,860.56,0.0,3.1, , 
,861.93,2464,82.5,10.2,11101001,861.26,2432,65.1,10.30,714.0,861.60,0.0,3.1, , 
,863.01,2496,82.5,10.9,11101001,862.29,2464,59.2,9.27,673.2,862.65,0.0,3.1, , 
,864.05,2528,82.5,10.9,11101001,863.34,2496,59.2,9.27,652.8,863.71,0.0,3.1, , 
,865.05,2560,82.5,8.2,11101001,864.38,2528,59.2,9.27,652.8,864.71,0.0,3.1, , 
,866.08,2592,82.5,7.4,11101001,865.39,2560,60.4,9.27,673.2,865.73,0.0,3.1, , 
,867.09,2624,82.5,6.6,11101001,866.40,2592,65.1,10.30,714.0,866.74,0.0,3.1, , 
,868.10,2624,82.5,8.2,11101001,867.42,2624,66.3,10.30,734.4,867.75,0.0,3.1, , 
,869.13,2656,82.5,8.2,11101001,868.45,2656,66.3,10.30,734.4,868.79,0.0,3.1, , 
,870.13,2688,82.5,5.9,11101001,869.49,2656,63.5,10.30,714.0,869.81,0.0,3.1, , 
,871.13,2688,82.5,4.7,11101001,870.47,2688,63.5,10.30,693.6,870.81,0.0,3.1, , 
,872.11,2688,82.5,-0.4,11101001,871.46,2688,50.2,7.21,591.6,871.77,0.0,3.1, , 
,873.13,2688,82.5,-2.0,11101001,872.43,2688,47.1,6.18,550.8,872.77,0.0,3.1, , 
,874.11,2688,82.5,-3.5,11101001,873.47,2688,45.9,6.18,550.8,873.79,0.0,3.1, , 
,875.15,2688,82.5,-5.5,11101001,874.45,2688,38.4,5.15,459.0,874.80,0.0,3.1, , 
,876.09,2688,82.5,-4.7,11101001,875.47,2688,42.7,6.18,499.8,875.78,0.0,3.1, , 
,877.12,2688,82.5,-2.0,11101001,876.43,2688,48.6,6.18,550.8,876.78,0.0,3.1, , 
,878.12,2656,82.5,0.0,11101001,877.45,2688,44.3,6.18,520.2,877.79,0.0,3.1, , 
,879.14,2656,82.5,-0.4,11101001,878.45,2656,56.1,8.24,632.4,878.79,0.0,3.1, , 
,880.22,2656,82.5,-1.2,11101001,879.49,2656,59.2,9.27,652.8,879.85,0.0,3.1, , 
,881.19,2656,82.5,0.0,11101001,880.54,2656,65.1,10.30,714.0,880.86,0.0,3.1, , 
,882.23,2656,82.5,-0.4,11101001,881.51,2656,59.2,9.27,652.8,881.85,0.0,3.1, , 
,883.25,2688,82.5,-0.8,11101001,882.58,2656,73.7,11.33,795.6,882.91,0.0,3.1, , 
,884.22,2688,82.5,-2.0,11101001,883.58,2688,82.7,13.39,907.8,883.90,0.0,3.1, , 
,885.18,2720,82.5,-4.3,11101001,884.55,2688,85.5,13.39,928.2,884.86,0.0,3.1, , 
,886.20,2752,82.5,-3.1,11101001,885.51,2720,85.5,13.39,928.2,885.85,0.0,3.1, , 
,887.25,2752,84.0,-2.7,11101001,886.55,2752,87.1,14.42,948.6,886.91,0.0,3.1, , 
,888.28,2784,82.5,0.0,11101001,887.60,2752,87.1,14.42,948.6,887.94,0.0,3.1, , 
,889.30,2752,82.5,-0.8,11101001,888.61,2784,48.6,7.21,571.2,888.95,0.0,3.1, , 
,890.36,2752,82.5,-2.0,11101001,889.65,2752,53.3,7.21,612.0,890.03,0.0,3.1, , 
,891.41,2752,82.5,-2.0,11101001,890.69,2752,53.3,8.24,612.0,891.04,0.0,3.1, , 
,892.43,2720,82.5,-1.2,11101001,891.76,2720,54.5,8.24,612.0,892.11,0.0,3.1, , 
,893.45,2720,82.5,-3.1,11101001,892.76,2720,53.3,7.21,612.0,893.11,0.0,3.1, , 
,894.52,2720,84.0,-2.7,11101001,893.82,2720,47.1,7.21,550.8,894.17,0.0,3.1, , 
,895.59,2720,84.0,-2.3,11101001,894.89,2720,47.1,6.18,550.8,895.24,0.0,3.1, , 
,896.64,2720,84.0,-2.7,11101001,895.95,2720,42.7,6.18,499.8,896.29,0.0,3.1, , 
,897.64,2688,84.0,-13.7,11101001,896.97,2720,28.2,3.09,357.0,897.29,0.0,3.1, , 
,898.68,2656,84.0,-21.1,11101001,898.00,2688,19.2,2.06,275.4,898.34,0.0,3.1, , 
,899.72,2624,84.0,-26.6,11101001,899.02,2656,19.2,2.06,275.4,899.37,0.0,3.1, , 
,900.72,2592,84.0,-30.1,11111101,900.05,2624,17.6,2.06,244.8,900.37,0.0,3.1, , 
,901.68,2560,84.0,0.0,11111101,901.04,2592,17.6,1.03,244.8,901.36,0.0,3.1, , 
,902.64,2496,84.0,0.0,11111101,902.01,2528,0.0,0.00,244.8,902.32,0.0,3.1, , 
,903.62,2432,84.0,0.0,11111101,902.96,2496,0.0,0.00,244.8,903.29,0.0,3.1, , 
,904.59,2368,84.0,0.0,11111101,903.95,2432,0.0,0.00,244.8,904.26,0.0,3.1, , 
,905.56,2304,84.0,0.0,11111101,904.92,2336,0.0,0.00,244.8,905.24,0.0,3.1, , 
,906.58,2208,84.0,0.0,11111101,905.88,2272,0.0,0.00,244.8,906.23,0.0,3.1, , 
,907.58,2112,84.0,0.0,11111101,906.91,2176,0.0,0.00,244.8,907.23,0.0,3.1, , 
,908.62,2048,84.0,0.0,11101001,907.92,2080,0.0,0.00,244.8,908.27,0.0,3.1, , 
,909.68,2048,82.5,0.0,11101001,908.98,2112,51.8,9.27,591.6,909.33,0.0,3.1, , 
,910.70,2080,82.5,0.0,11101001,910.02,2048,71.0,11.33,795.6,910.36,0.0,3.1, , 
,911.72,2112,82.5,-4.3,11101001,911.04,2080,81.2,12.36,907.8,911.38,0.0,3.1, , 
,912.73,2144,82.5,-3.5,11101001,912.05,2112,85.5,13.39,948.6,912.39,0.0,3.1, , 
,913.76,2176,82.5,-3.9,11101001,913.06,2176,88.6,14.42,969.0,913.41,0.0,3.1, , 
,914.79,2240,82.5,-3.1,11101001,914.10,2208,88.6,14.42,969.0,914.45,0.0,3.1, , 
,915.78,2272,82.5,-6.6,11101001,915.12,2240,88.6,14.42,969.0,915.45,0.0,3.1, , 
,916.79,2304,82.5,-2.7,11101001,916.12,2272,88.6,14.42,969.0,916.47,0.0,3.1, , 
,917.79,2368,82.5,-2.7,11101001,917.13,2336,88.6,14.42,969.0,917.46,0.0,3.1, , 
,918.85,2400,82.5,-1.2,11101001,918.16,2368,85.5,13.39,928.2,918.51,0.0,3.1, , 
,919.90,2432,82.5,2.7,11101001,919.20,2400,73.7,11.33,826.2,919.55,0.0,3.1, , 
,920.98,2432,82.5,5.9,11101001,920.28,2432,65.1,10.30,714.0,920.62,0.0,3.1, , 
,922.03,2432,82.5,6.6,11101001,921.34,2464,57.6,9.27,652.8,921.69,0.0,3.1, , 
,923.07,2464,82.5,6.3,11101001,922.38,2464,59.2,9.27,652.8,922.73,0.0,3.1, , 
,924.19,2464,82.5,3.5,11101001,923.45,2464,56.1,8.24,632.4,923.82,0.0,3.1, , 
,925.18,2464,82.5,0.8,11101001,924.53,2464,51.8,7.21,591.6,924.86,0.0,3.1, , 
,926.22,2464,82.5,2.3,11101001,925.54,2464,41.2,6.18,479.4,925.88,0.0,3.1, , 
,927.29,2464,82.5,4.3,11101001,926.58,2464,41.2,6.18,479.4,926.93,0.0,3.1, , 
,928.30,2432,82.5,3.9,11101001,927.63,2464,41.2,5.15,479.4,927.97,0.0,3.1, , 
,929.35,2432,82.5,2.7,11101001,928.64,2432,38.4,5.15,459.0,929.00,0.0,3.1, , 
,930.42,2432,84.0,7.4,11101001,929.70,2432,38.4,5.15,459.0,930.06,0.0,3.1, , 
,931.49,2432,82.5,7.8,11101001,930.78,2432,38.4,5.15,459.0,931.15,0.0,3.1, , 
,932.55,2432,82.5,9.4,11101001,931.85,2432,47.1,6.18,550.8,932.20,0.0,3.1, , 
,933.62,2432,82.5,9.4,11101001,932.90,2432,50.2,7.21,591.6,933.26,0.0,3.1, , 
,934.70,2464,82.5,14.5,11101001,933.99,2464,60.4,9.27,673.2,934.35,0.0,3.1, , 
,935.77,2464,82.5,16.0,11101001,935.05,2464,57.6,9.27,652.8,935.40,0.0,3.1, , 
,936.87,2464,82.5,7.0,11101001,936.15,2464,54.5,8.24,632.4,936.52,0.0,3.1, , 
,937.91,2496,82.5,5.5,11101001,937.23,2464,51.8,8.24,591.6,937.55,0.0,3.1, , 
,938.91,2496,82.5,3.9,11101001,938.24,2496,53.3,8.24,591.6,938.59,0.0,3.1, , 
,939.94,2496,84.0,2.7,11101001,939.24,2496,51.8,7.21,591.6,939.61,0.0,3.1, , 
,940.97,2496,82.5,1.6,11101001,940.26,2496,51.8,7.21,591.6,940.63,0.0,3.1, , 
,942.00,2496,82.5,1.2,11101001,941.31,2496,51.8,7.21,591.6,941.65,0.0,3.1, , 
,943.03,2528,82.5,2.0,11101001,942.34,2496,51.8,7.21,591.6,942.68,0.0,3.1, , 
,944.07,2528,82.5,3.9,11101001,943.38,2528,50.2,7.21,571.2,943.71,0.0,3.1, , 
,945.04,2496,84.0,0.0,11111101,944.41,2528,44.3,6.18,520.2,944.73,0.0,3.1, , 
,946.02,2496,82.5,0.0,11111101,945.37,2496,17.6,2.06,244.8,945.68,0.0,3.1, , 
,947.00,2400,82.5,0.0,11111101,946.35,2464,0.0,0.00,244.8,946.69,0.0,3.1, , 
,947.99,2336,82.5,0.0,11111101,947.32,2368,0.0,0.00,244.8,947.65,0.0,3.1, , 
,948.98,2272,82.5,0.0,11101001,948.31,2272,0.0,0.00,244.8,948.64,0.0,3.1, , 
,949.96,2272,82.5,0.0,11101001,949.32,2240,22.0,3.09,316.2,949.64,0.0,3.1, , 
,950.97,2336,84.0,1.2,11101001,950.29,2304,75.3,11.33,826.2,950.62,0.0,3.1, , 
,951.96,2368,82.5,1.6,11101001,951.30,2336,73.7,10.30,826.2,951.62,0.0,3.1, , 
,953.03,2400,82.5,2.7,11101001,952.34,2400,78.4,12.36,867.0,952.67,0.0,3.1, , 
,954.06,2400,82.5,1.2,11101001,953.38,2400,78.4,12.36,867.0,953.72,0.0,3.1, , 
,955.08,2432,82.5,3.5,11101001,954.39,2432,81.2,13.39,887.4,954.72,0.0,3.1, , 
,956.12,2432,82.5,4.3,11101001,955.44,2432,81.2,13.39,887.4,955.78,0.0,3.1, , 
,957.17,2464,82.5,4.7,11101001,956.46,2464,81.2,13.39,887.4,956.80,0.0,3.1, , 
,958.21,2464,82.5,8.2,11101001,957.52,2464,76.9,12.36,846.6,957.86,0.0,3.1, , 
,959.25,2464,82.5,9.4,11101001,958.57,2464,76.9,12.36,846.6,958.91,0.0,3.1, , 
,960.31,2464,82.5,9.4,11101001,959.59,2464,75.3,12.36,826.2,959.97,0.0,3.1, , 
,961.38,2464,82.5,3.9,11101001,960.65,2464,76.9,12.36,846.6,961.01,0.0,3.1, , 
,962.45,2464,82.5,-1.2,11101001,961.74,2464,84.3,13.39,928.2,962.10,0.0,3.1, , 
,963.55,2496,82.5,-2.0,11101001,962.84,2496,84.3,13.39,928.2,963.20,0.0,3.1, , 
,964.57,2528,82.5,0.0,11101001,963.88,2496,81.2,12.36,887.4,964.21,0.0,3.1, , 
,965.61,2528,82.5,5.9,11101001,964.92,2528,71.0,10.30,775.2,965.26,0.0,3.1, , 
,966.64,2528,82.5,0.0,11101001,965.96,2528,57.6,8.24,652.8,966.29,0.0,3.1, , 
,967.67,2528,82.5,0.8,11101001,966.98,2528,41.2,6.18,479.4,967.33,0.0,3.1, , 
,968.72,2528,82.5,3.5,11101001,968.01,2528,42.7,6.18,499.8,968.37,0.0,3.1, , 
,969.73,2496,82.5,4.7,11101001,969.04,2528,41.2,5.15,499.8,969.39,0.0,3.1, , 
,970.76,2496,82.5,4.3,11101001,970.07,2496,41.2,6.18,479.4,970.42,0.0,3.1, , 
,971.80,2496,82.5,7.0,11101001,971.12,2496,54.5,8.24,632.4,971.45,0.0,3.1, , 
,972.85,2528,82.5,9.0,11101001,972.13,2528,56.1,8.24,632.4,972.50,0.0,3.1, , 
,973.85,2528,82.5,10.9,11101001,973.19,2528,63.5,10.30,714.0,973.53,0.0,3.1, , 
,974.87,2560,82.5,11.7,11101001,974.19,2528,63.5,10.30,714.0,974.53,0.0,3.1, , 
,975.92,2560,82.5,11.7,11101001,975.22,2560,63.5,10.30,714.0,975.57,0.0,3.1, , 
,976.94,2560,82.5,10.9,11101001,976.27,2560,57.6,9.27,652.8,976.59,0.0,3.1, , 
,977.94,2560,84.0,7.4,11101001,977.25,2592,51.8,7.21,591.6,977.59,0.0,3.1, , 
,978.96,2560,82.5,5.1,11101001,978.26,2560,48.6,7.21,571.2,978.61,0.0,3.1, , 
,979.99,2560,82.5,3.9,11101001,979.30,2560,48.6,7.21,550.8,979.65,0.0,3.1, , 
,981.01,2560,84.0,3.1,11101001,980.34,2560,48.6,7.21,550.8,980.68,0.0,3.1, , 
,982.05,2560,84.0,3.5,11101001,981.36,2560,48.6,7.21,571.2,981.71,0.0,3.1, , 
,983.11,2560,84.0,4.3,11101001,982.40,2560,48.6,7.21,571.2,982.75,0.0,3.1, , 
,984.11,2560,84.0,5.1,11101001,983.44,2560,51.8,7.21,591.6,983.78,0.0,3.1, , 
,985.12,2560,84.0,8.2,11101001,984.44,2560,57.6,8.24,652.8,984.78,0.0,3.1, , 
,986.15,2592,84.0,9.8,11101001,985.48,2592,59.2,9.27,652.8,985.80,0.0,3.1, , 
,987.16,2592,84.0,10.5,11101001,986.50,2592,56.1,9.27,632.4,986.84,0.0,3.1, , 
,988.17,2592,84.0,10.2,11101001,987.50,2592,56.1,8.24,632.4,987.84,0.0,3.1, , 
,989.16,2592,84.0,9.0,11101001,988.51,2592,54.5,8.24,632.4,988.84,0.0,3.1, , 
,990.13,2624,84.0,7.8,11101001,989.47,2592,56.1,8.24,632.4,989.79,0.0,3.1, , 
,991.18,2592,84.0,5.9,11101001,990.48,2624,54.5,8.24,632.4,990.82,0.0,3.1, , 
,992.17,2624,84.0,7.4,11101001,991.52,2592,54.5,8.24,612.0,991.84,0.0,3.1, , 
,993.19,2624,84.0,4.7,11101001,992.51,2592,54.5,8.24,612.0,992.86,0.0,3.1, , 
,994.15,2592,84.0,4.3,11101001,993.50,2624,48.6,7.21,571.2,993.82,0.0,3.1, , 
,995.14,2592,84.0,3.1,11101001,994.47,2592,40.0,5.15,479.4,994.80,0.0,3.1, , 
,996.13,2528,84.0,0.0,11111101,995.47,2560,20.8,3.09,295.8,995.80,0.0,3.1, , 
,997.08,2496,84.0,0.0,11111101,996.44,2528,0.0,0.00,244.8,996.76,0.0,3.1, , 
,998.06,2432,84.0,0.0,11111101,997.38,2496,0.0,0.00,244.8,997.73,0.0,3.1, , 
,999.03,2400,84.0,0.0,11111101,998.39,2432,0.0,0.00,244.8,998.70,0.0,3.1, , 
,1000.01,2336,82.5,0.0,11101001,999.35,2400,17.6,3.09,244.8,999.68,0.0,3.1, , 
,1001.02,2304,84.0,-12.5,11101001,1000.35,2336,16.1,2.06,244.8,1000.69,0.0,3.1, , 
,1002.04,1664,84.0,0.0,11111111,1001.36,2304,19.2,2.06,275.4,1001.71,0.0,3.1, , 
,1002.97,1088,84.0,0.0,11111111,1002.36,1184,23.5,3.09,336.6,1002.66,-3.1,0.0, , 
,1003.94,960,84.0,0.0,11111111,1003.31,1024,25.1,4.12,357.0,1003.64,-3.9,0.0, , 
,1004.86,960,84.0,-1.2,11111111,1004.24,960,25.1,3.09,377.4,1004.55,-3.9,0.0, , 
,1005.79,896,84.0,-2.3,11111111,1005.17,928,25.1,3.09,357.0,1005.48,-3.9,0.0, , 
,1006.73,864,84.0,-1.6,11111111,1006.11,896,26.7,3.09,377.4,1006.42,-3.9,0.0, , 
,1007.64,864,84.0,-0.8,11111111,1007.05,864,26.7,3.09,377.4,1007.34,-3.9,0.0, , 
,1008.54,864,84.0,0.4,11111111,1007.95,864,26.7,3.09,377.4,1008.24,-3.9,0.0, , 
,1009.45,864,84.0,0.8,11111111,1008.82,896,26.7,3.09,377.4,1009.14,-3.9,0.0, , 
,1010.36,896,84.0,1.2,11111111,1009.76,864,28.2,3.09,397.8,1010.06,-3.9,0.0, , 
,1011.28,896,84.0,1.2,11111111,1010.66,896,26.7,3.09,397.8,1010.97,-3.9,0.0, , 
,1012.19,896,84.0,3.1,11111111,1011.58,896,26.7,3.09,397.8,1011.88,-3.9,0.0, , 
,1013.08,896,84.0,2.7,11111111,1012.48,896,26.7,3.09,397.8,1012.79,-3.9,0.0, , 
,1013.98,896,84.0,2.7,11111111,1013.38,896,26.7,3.09,397.8,1013.68,-3.9,0.0, , 
,1014.91,896,84.0,3.1,11111111,1014.28,864,26.7,3.09,397.8,1014.58,-3.9,0.0, , 
,1015.78,896,84.0,4.7,11111111,1015.22,864,28.2,3.09,397.8,1015.49,-3.9,0.0, , 
,1016.68,864,84.0,4.7,11111111,1016.07,864,28.2,3.09,397.8,1016.38,-3.9,0.0, , 
,1017.60,864,84.0,4.7,11111111,1016.99,896,28.2,3.09,397.8,1017.30,-3.9,0.0, , 
,1018.52,896,84.0,6.3,11101011,1017.91,896,28.2,3.09,397.8,1018.21,-3.9,0.0, , 
,1019.46,1184,84.0,0.0,11101011,1018.84,864,47.1,7.21,571.2,1019.15,-1.6,0.0, , 
,1020.47,1696,84.0,0.0,11101011,1019.81,1312,48.6,6.18,612.0,1020.11,-0.8,0.0, , 
,1021.52,1376,84.0,0.0,11111111,1020.82,1984,59.2,7.21,693.6,1021.17,0.0,3.1, , 
,1022.48,1152,84.0,0.0,11101011,1021.83,1056,26.7,4.12,377.4,1022.15,-2.3,0.0, , 
,1023.44,1280,84.0,0.0,11101011,1022.80,1216,41.2,6.18,520.2,1023.13,-1.6,0.0, , 
,1024.53,1664,84.0,0.0,11101011,1023.83,1408,73.7,11.33,846.6,1024.18,-0.8,3.1, , 
,1025.59,1792,84.0,2.0,11101011,1024.89,1728,47.1,6.18,571.2,1025.23,-1.6,3.1, , 
,1026.66,1792,84.0,-5.5,11101011,1025.93,1856,28.2,3.09,377.4,1026.29,0.0,3.1, , 
,1027.77,1760,82.5,0.0,11101011,1027.03,1760,23.5,3.09,336.6,1027.37,-1.6,3.1, , 
,1028.80,2048,82.5,0.0,11101001,1028.11,1824,57.6,9.27,652.8,1028.46,0.0,3.1, , 
,1029.82,2432,82.5,-3.1,11101001,1029.13,2144,79.6,12.36,887.4,1029.47,0.0,3.1, , 
,1030.82,2112,82.5,0.0,11111101,1030.14,2560,85.5,13.39,928.2,1030.47,0.0,3.1, , 
,1031.85,1792,82.5,0.0,11101011,1031.18,1632,22.0,3.09,316.2,1031.53,0.0,3.1, , 
,1032.93,1920,82.5,0.0,11101011,1032.21,1824,67.8,11.33,754.8,1032.57,0.0,3.1, , 
,1034.01,2080,82.5,1.6,11101001,1033.29,1952,81.2,12.36,907.8,1033.65,0.0,3.1, , 
,1035.03,2240,82.5,3.1,11101001,1034.37,2144,79.6,12.36,887.4,1034.70,0.0,3.1, , 
,1036.08,2400,82.5,7.4,11101001,1035.35,2304,78.4,12.36,867.0,1035.71,0.0,3.1, , 
,1037.07,2592,82.5,10.5,11101001,1036.41,2496,76.9,12.36,846.6,1036.74,0.0,3.1, , 
,1038.04,2720,82.5,14.8,11101001,1037.40,2624,69.4,11.33,754.8,1037.72,0.0,3.1, , 
,1039.01,2432,82.5,0.0,11111101,1038.37,2752,67.8,11.33,754.8,1038.69,0.0,3.1, , 
,1039.99,1120,82.5,0.0,11111111,1039.35,1888,0.0,0.00,295.8,1039.69,-2.3,0.0, , 
,1040.94,864,82.5,0.0,11111111,1040.32,992,23.5,3.09,357.0,1040.64,-3.9,0.0, , 
,1041.89,896,82.5,0.0,11111111,1041.26,864,26.7,4.12,397.8,1041.57,-3.9,0.0, , 
,1042.85,896,82.5,-1.2,11111111,1042.20,896,28.2,3.09,397.8,1042.53,-3.9,0.0, , 
,1043.73,896,82.5,-0.8,11111111,1043.14,896,28.2,3.09,397.8,1043.44,-3.9,0.0, , 
,1044.69,896,82.5,0.0,11111111,1044.04,896,28.2,3.09,397.8,1044.37,-3.9,0.0, , 
,1045.62,896,82.5,0.8,11111111,1045.01,896,28.2,3.09,397.8,1045.32,-3.9,0.0, , 
,1046.54,864,82.5,1.2,11111111,1045.92,864,26.7,3.09,397.8,1046.23,-3.9,0.0, , 
,1047.47,864,84.0,1.2,11111111,1046.87,864,26.7,3.09,397.8,1047.17,-3.9,0.0, , 
,1048.38,864,84.0,1.2,11111111,1047.76,864,28.2,3.09,397.8,1048.08,-3.9,0.0, , 
,1049.29,896,84.0,2.0,11111111,1048.68,896,28.2,3.09,397.8,1048.99,-3.9,0.0, , 
,1050.20,896,84.0,3.1,11111111,1049.59,896,28.2,3.09,397.8,1049.89,-3.9,0.0, , 
,1051.12,896,84.0,5.5,11111111,1050.50,896,28.2,3.09,397.8,1050.80,-3.9,0.0, , 
,1052.02,896,84.0,6.3,11111111,1051.42,896,28.2,3.09,397.8,1051.72,-3.9,0.0, , 
,1052.92,896,85.5,7.0,11111111,1052.32,896,28.2,3.09,397.8,1052.62,-3.9,0.0, , 
,1053.85,896,85.5,7.4,11111111,1053.24,896,26.7,3.09,397.8,1053.53,-3.9,0.0, , 
,1054.82,896,84.0,6.6,11111111,1054.18,896,26.7,3.09,397.8,1054.50,-3.9,0.0, , 
,1055.77,896,84.0,5.9,11111111,1055.13,896,26.7,3.09,397.8,1055.44,-3.9,0.0, , 
,1056.73,896,84.0,5.5,11111111,1056.08,896,26.7,3.09,397.8,1056.41,-3.9,0.0, , 
,1057.66,864,84.0,5.1,11111111,1057.04,864,26.7,3.09,397.8,1057.36,-3.9,0.0, , 
,1058.54,896,84.0,5.5,11111111,1057.96,864,26.7,3.09,397.8,1058.25,-3.9,0.0, , 
,1059.47,864,84.0,4.7,11111111,1058.86,896,26.7,3.09,377.4,1059.17,-3.9,0.0, , 
,1060.36,768,84.0,4.7,11111111,1059.77,864,26.7,3.09,397.8,1060.07,-3.9,0.0, , 
,1061.24,800,84.0,4.3,11111111,1060.62,736,28.2,3.09,397.8,1060.93,-3.9,0.0, , 
,1062.15,768,84.0,4.3,11111111,1061.54,768,28.2,3.09,418.2,1061.85,-3.9,0.0, , 
,1063.05,800,84.0,5.5,11111111,1062.45,768,28.2,3.09,418.2,1062.75,-3.9,0.0, , 
,1063.95,800,84.0,6.6,11111111,1063.35,800,28.2,3.09,418.2,1063.64,-3.9,0.0, , 
,1064.85,800,84.0,7.0,11111111,1064.25,800,28.2,3.09,418.2,1064.55,-3.9,0.0, , 
,1065.74,800,84.0,6.6,11111111,1065.14,768,28.2,3.09,418.2,1065.44,-3.9,0.0, , 
,1066.66,768,84.0,9.0,11101011,1066.06,800,28.2,3.09,418.2,1066.36,-3.9,0.0, , 
,1067.64,1376,84.0,5.1,11101011,1066.99,800,34.1,4.12,459.0,1067.30,-2.3,0.0, , 
,1068.66,1248,84.0,13.3,11101011,1067.98,1408,40.0,5.15,499.8,1068.32,-1.6,0.0, , 
,1069.58,992,84.0,13.3,11101011,1068.98,1152,45.9,6.18,571.2,1069.27,-2.3,0.0, , 
,1070.50,1184,84.0,0.0,11111111,1069.90,1120,40.0,4.12,520.2,1070.20,-3.1,0.0, , 
,1071.45,1056,84.0,1.6,11111111,1070.82,1152,23.5,3.09,357.0,1071.14,-3.1,0.0, , 
,1072.32,928,84.0,0.8,11111111,1071.73,1024,25.1,3.09,357.0,1072.03,-3.9,0.0, , 
,1073.25,896,84.0,2.0,11111111,1072.62,864,26.7,3.09,397.8,1072.93,-3.9,0.0, , 
,1074.19,896,84.0,3.1,11111111,1073.56,896,28.2,3.09,397.8,1073.87,-3.9,0.0, , 
,1075.10,800,84.0,3.5,11111111,1074.48,800,26.7,3.09,397.8,1074.79,-3.9,0.0, , 
,1076.00,800,84.0,3.5,11111111,1075.40,768,28.2,3.09,418.2,1075.70,-3.9,0.0, , 
,1076.89,800,84.0,4.3,11111111,1076.30,768,29.4,3.09,418.2,1076.58,-3.9,0.0, , 
,1077.83,768,84.0,5.9,11111111,1077.20,800,29.4,3.09,418.2,1077.51,-3.9,0.0, , 
,1078.74,800,84.0,6.6,11111111,1078.12,800,29.4,4.12,418.2,1078.43,-3.9,0.0, , 
,1079.65,800,84.0,6.6,11111111,1079.04,800,28.2,3.09,418.2,1079.34,-3.9,0.0, , 
,1080.56,800,84.0,6.6,11111111,1079.97,800,29.4,3.09,418.2,1080.27,-3.9,0.0, , 
,1081.46,800,84.0,6.6,11111111,1080.86,800,29.4,3.09,418.2,1081.16,-3.9,0.0, , 
,1082.34,800,84.0,6.3,11111111,1081.76,768,29.4,3.09,418.2,1082.05,-3.9,0.0, , 
,1083.28,800,84.0,6.3,11111111,1082.63,768,29.4,3.09,418.2,1082.96,-3.9,0.0, , 
,1084.20,768,84.0,6.3,11111111,1083.58,768,29.4,3.09,418.2,1083.88,-3.9,0.0, , 
,1085.12,768,84.0,6.3,11111111,1084.52,800,29.4,3.09,418.2,1084.82,-3.9,0.0, , 
,1086.04,800,84.0,6.6,11111111,1085.42,800,29.4,3.09,418.2,1085.73,-3.9,0.0, , 
,1086.94,768,84.0,7.0,11111111,1086.36,800,28.2,3.09,418.2,1086.65,-3.9,0.0, , 
,1087.85,800,84.0,7.4,11111111,1087.23,768,29.4,3.09,418.2,1087.54,-3.9,0.0, , 
,1088.74,800,84.0,6.6,11111111,1088.15,800,29.4,3.09,418.2,1088.45,-3.9,0.0, , 
,1089.64,800,84.0,6.3,11101011,1089.04,800,28.2,3.09,418.2,1089.34,-3.9,0.0, , 
,1090.59,960,84.0,8.2,11101011,1089.94,832,32.5,4.12,438.6,1090.29,-3.1,0.0, , 
,1091.51,800,85.5,9.8,11101011,1090.90,928,29.4,4.12,418.2,1091.21,-3.1,0.0, , 
,1092.41,768,84.0,9.4,11111111,1091.81,736,34.1,4.12,459.0,1092.10,-3.9,0.0, , 
,1093.33,800,84.0,7.0,11101011,1092.70,736,31.0,4.12,438.6,1093.01,-3.1,0.0, , 
,1094.25,768,85.5,7.0,11101011,1093.65,928,35.3,4.12,479.4,1093.95,-3.1,0.0, , 
,1095.16,1376,85.5,3.5,11101011,1094.54,640,38.4,4.12,499.8,1094.86,-3.1,0.0, , 
,1096.08,1344,85.5,6.3,11101011,1095.42,1504,31.0,4.12,418.2,1095.76,-2.3,0.0, , 
,1096.97,1472,85.5,6.3,11101011,1096.40,1344,31.0,4.12,418.2,1096.70,-2.3,0.0, , 
,1098.05,1216,85.5,2.3,11101011,1097.35,1504,28.2,3.09,377.4,1097.71,-2.3,0.0, , 
,1099.04,1312,85.5,0.0,11101011,1098.37,1152,45.9,6.18,550.8,1098.71,-1.6,0.0, , 
,1100.01,1056,85.5,4.3,11101011,1099.38,1152,48.6,6.18,612.0,1099.67,-1.6,0.0, , 
,1101.08,1408,85.5,5.1,11101011,1100.34,1184,45.9,6.18,571.2,1100.68,-1.6,0.0, , 
,1102.08,1184,85.5,0.0,11111111,1101.41,1568,53.3,7.21,632.4,1101.78,-1.6,3.1, , 
,1103.00,1024,85.5,0.0,11101011,1102.39,1088,29.4,4.12,397.8,1102.69,-2.3,0.0, , 
,1103.93,1184,85.5,0.0,11101011,1103.31,1056,65.1,10.30,775.2,1103.63,-1.6,0.0, , 
,1104.93,1504,85.5,0.0,11101011,1104.26,1280,76.9,12.36,887.4,1104.58,-0.8,0.0, , 
,1106.04,1824,85.5,4.7,11101011,1105.32,1600,75.3,11.33,887.4,1105.69,-0.8,3.1, , 
,1107.09,2176,85.5,7.4,11101001,1106.40,1952,75.3,11.33,846.6,1106.75,0.0,3.1, , 
,1108.13,2560,85.5,5.1,11101001,1107.42,2304,81.2,13.39,887.4,1107.78,0.0,3.1, , 
,1109.16,2368,85.5,0.0,11111101,1108.49,2688,81.2,13.39,887.4,1108.83,0.0,3.1, , 
,1110.26,1856,85.5,0.0,11101011,1109.50,1856,0.0,0.00,295.8,1109.87,0.0,3.1, , 
,1111.37,1920,85.5,0.0,11101011,1110.64,1856,53.3,8.24,632.4,1111.00,0.0,3.1, , 
,1112.45,2080,85.5,2.7,11101001,1111.73,1952,71.0,10.30,795.6,1112.10,0.0,3.1, , 
,1113.50,2208,85.5,6.3,11101001,1112.79,2080,69.4,10.30,775.2,1113.15,0.0,3.1, , 
,1114.52,2304,85.5,12.9,11101001,1113.84,2240,66.3,10.30,754.8,1114.19,0.0,3.1, , 
,1115.53,2400,85.5,16.4,11101001,1114.86,2336,66.3,10.30,734.4,1115.19,0.0,3.1, , 
,1116.50,2528,85.5,18.8,11101001,1115.86,2464,65.1,11.33,734.4,1116.17,0.0,3.1, , 
,1117.50,2624,85.5,20.7,11101001,1116.82,2560,63.5,10.30,714.0,1117.16,0.0,3.1, , 
,1118.56,2752,85.5,18.4,11101001,1117.84,2656,65.1,10.30,714.0,1118.20,0.0,3.1, , 
,1119.67,2880,85.5,16.4,11101001,1118.92,2784,73.7,12.36,795.6,1119.30,0.0,3.1, , 
,1120.76,3040,85.5,14.5,11101001,1120.04,2944,71.0,12.36,775.2,1120.49,0.0,3.1, , 
,1121.81,1984,85.5,0.0,11111111,1121.13,2976,0.0,0.00,397.8,1121.45,0.0,3.1, , 
,1122.82,2240,85.5,0.0,11101001,1122.16,2176,19.2,3.09,275.4,1122.50,0.0,3.1, , 
,1123.83,2240,85.5,1.6,11101001,1123.16,2208,57.6,8.24,652.8,1123.49,0.0,3.1, , 
,1124.85,2272,85.5,4.3,11101001,1124.17,2240,69.4,10.30,775.2,1124.51,0.0,3.1, , 
,1125.82,2336,85.5,7.8,11101001,1125.17,2304,72.2,11.33,795.6,1125.50,0.0,3.1, , 
,1126.81,2400,85.5,10.5,11101001,1126.16,2336,71.0,11.33,775.2,1126.48,0.0,3.1, , 
,1127.84,2432,85.5,12.5,11101001,1127.14,2400,65.1,10.30,734.4,1127.48,0.0,3.1, , 
,1128.91,2496,85.5,12.9,11101001,1128.18,2464,63.5,10.30,714.0,1128.54,0.0,3.1, , 
,1129.90,2496,85.5,12.9,11101001,1129.23,2496,60.4,9.27,673.2,1129.57,0.0,3.1, , 
,1130.95,2528,85.5,12.9,11101001,1130.23,2528,57.6,9.27,652.8,1130.59,0.0,3.1, , 
,1131.96,2560,85.5,9.4,11101001,1131.29,2528,56.1,9.27,632.4,1131.63,0.0,3.1, , 
,1132.98,2592,85.5,9.4,11101001,1132.30,2592,56.1,8.24,632.4,1132.65,0.0,3.1, , 
,1134.00,2624,85.5,7.0,11101001,1133.33,2592,56.1,8.24,632.4,1133.67,0.0,3.1, , 
,1134.99,2624,85.5,5.1,11101001,1134.33,2624,48.6,7.21,571.2,1134.67,0.0,3.1, , 
,1136.00,2624,85.5,3.9,11101001,1135.33,2624,48.6,7.21,571.2,1135.66,0.0,3.1, , 
,1136.98,2656,85.5,3.9,11101001,1136.32,2656,48.6,7.21,571.2,1136.66,0.0,3.1, , 
,1137.97,2688,85.5,4.7,11101001,1137.32,2656,48.6,7.21,571.2,1137.64,0.0,3.1, , 
,1138.99,2688,85.5,5.5,11101001,1138.29,2688,48.6,7.21,571.2,1138.64,0.0,3.1, , 
,1140.02,2720,85.5,5.1,11101001,1139.35,2688,48.6,7.21,571.2,1139.68,0.0,3.1, , 
,1141.05,2752,85.5,9.4,11101001,1140.37,2720,56.1,8.24,632.4,1140.72,0.0,3.1, , 
,1142.13,2816,85.5,11.7,11101001,1141.41,2784,62.0,9.27,693.6,1141.76,0.0,3.1, , 
,1143.18,2336,85.5,0.0,11111101,1142.50,2848,62.0,10.30,693.6,1142.83,0.0,3.1, , 
,1144.23,1664,85.5,0.0,11101011,1143.51,1824,0.0,0.00,275.4,1143.86,-3.1,0.0, , 
,1145.31,2144,85.5,0.0,11101001,1144.59,2176,19.2,3.09,275.4,1144.95,0.0,3.1, , 
,1146.31,2144,85.5,-10.9,11101001,1145.64,2144,20.8,2.06,295.8,1145.98,0.0,3.1, , 
,1147.37,2144,85.5,0.8,11101001,1146.66,2144,54.5,8.24,632.4,1147.01,0.0,3.1, , 
,1148.38,2176,85.5,0.8,11101001,1147.71,2144,56.1,7.21,652.8,1148.05,0.0,3.1, , 
,1149.38,2176,85.5,2.7,11101001,1148.71,2176,56.1,8.24,632.4,1149.05,0.0,3.1, , 
,1150.41,2208,85.5,3.9,11101001,1149.72,2208,54.5,8.24,632.4,1150.07,0.0,3.1, , 
,1151.41,2240,85.5,6.3,11101001,1150.73,2208,54.5,8.24,632.4,1151.08,0.0,3.1, , 
,1152.43,2240,85.5,7.0,11101001,1151.75,2240,53.3,8.24,612.0,1152.09,0.0,3.1, , 
,1153.43,2240,85.5,6.6,11101001,1152.77,2240,53.3,7.21,612.0,1153.10,0.0,3.1, , 
,1154.43,2272,84.0,6.6,11101001,1153.76,2240,53.3,7.21,612.0,1154.10,0.0,3.1, , 
,1155.45,2304,84.0,6.6,11101001,1154.78,2272,51.8,7.21,612.0,1155.11,0.0,3.1, , 
,1156.43,2304,84.0,6.3,11101001,1155.78,2304,51.8,7.21,612.0,1156.11,0.0,3.1, , 
,1157.50,2336,84.0,6.3,11101001,1156.79,2304,51.8,7.21,591.6,1157.14,0.0,3.1, , 
,1158.53,2336,84.0,7.4,11101001,1157.86,2336,51.8,7.21,591.6,1158.20,0.0,3.1, , 
,1159.53,2336,84.0,7.0,11101001,1158.85,2336,50.2,7.21,591.6,1159.20,0.0,3.1, , 
,1160.56,2336,84.0,6.6,11101001,1159.88,2336,50.2,7.21,571.2,1160.21,0.0,3.1, , 
,1161.59,2368,84.0,6.6,11101001,1160.89,2336,48.6,6.18,571.2,1161.24,0.0,3.1, , 
,1162.63,2368,84.0,8.2,11101001,1161.95,2368,47.1,7.21,571.2,1162.30,0.0,3.1, , 
,1163.65,2368,84.0,7.4,11101001,1162.96,2368,42.7,6.18,520.2,1163.30,0.0,3.1, , 
,1164.69,2368,84.0,7.4,11101001,1164.02,2368,44.3,6.18,520.2,1164.35,0.0,3.1, , 
,1165.70,2368,84.0,7.4,11101001,1165.04,2368,44.3,6.18,520.2,1165.37,0.0,3.1, , 
,1166.79,2336,84.0,7.4,11101001,1166.07,2368,42.7,6.18,499.8,1166.43,0.0,3.1, , 
,1167.81,2368,84.0,7.0,11101001,1167.15,2368,44.3,6.18,520.2,1167.48,0.0,3.1, , 
,1168.88,2336,84.0,4.7,11101001,1168.17,2368,45.9,6.18,520.2,1168.52,0.0,3.1, , 
,1169.89,2336,84.0,2.3,11101001,1169.22,2336,45.9,6.18,520.2,1169.55,0.0,3.1, , 
,1170.91,2336,84.0,0.0,11101001,1170.24,2336,45.9,6.18,520.2,1170.57,0.0,3.1, , 
,1171.94,2368,84.0,-1.2,11101001,1171.25,2368,48.6,7.21,571.2,1171.59,0.0,3.1, , 
,1172.96,2368,82.5,-1.2,11101001,1172.26,2368,50.2,7.21,591.6,1172.63,0.0,3.1, , 
,1174.00,2368,82.5,-1.2,11101001,1173.28,2368,51.8,7.21,591.6,1173.64,0.0,3.1, , 
,1175.01,2368,82.5,0.8,11101001,1174.33,2368,51.8,7.21,591.6,1174.67,0.0,3.1, , 
,1176.03,2336,82.5,0.8,11101001,1175.34,2336,51.8,7.21,591.6,1175.69,0.0,3.1, , 
,1177.07,2336,82.5,0.0,11101001,1176.39,2336,50.2,7.21,591.6,1176.74,0.0,3.1, , 
,1178.09,2336,82.5,0.0,11101001,1177.43,2336,48.6,7.21,571.2,1177.76,0.0,3.1, , 
,1179.12,2336,82.5,-0.8,11101001,1178.43,2336,50.2,7.21,571.2,1178.78,0.0,3.1, , 
,1180.14,2336,82.5,-2.0,11101001,1179.47,2336,50.2,7.21,571.2,1179.81,0.0,3.1, , 
,1181.11,2304,82.5,0.0,11111101,1180.46,2304,26.7,3.09,357.0,1180.78,0.0,3.1, , 
,1182.11,2240,82.5,0.0,11111101,1181.44,2272,0.0,0.00,244.8,1181.78,0.0,3.1, , 
,1183.14,2208,82.5,0.0,11101001,1182.43,2240,16.1,3.09,244.8,1182.79,0.0,3.1, , 
,1184.15,2176,82.5,0.0,11101001,1183.48,2176,38.4,6.18,438.6,1183.82,0.0,3.1, , 
,1185.15,2176,82.5,1.2,11101001,1184.49,2176,54.5,8.24,632.4,1184.82,0.0,3.1, , 
,1186.16,2176,82.5,2.3,11101001,1185.49,2176,54.5,8.24,632.4,1185.83,0.0,3.1, , 
,1187.14,2176,82.5,2.0,11101001,1186.49,2176,54.5,8.24,632.4,1186.81,0.0,3.1, , 
,1188.16,2208,82.5,2.3,11101001,1187.49,2176,56.1,8.24,632.4,1187.82,0.0,3.1, , 
,1189.20,2208,82.5,3.1,11101001,1188.50,2208,57.6,8.24,652.8,1188.85,0.0,3.1, , 
,1190.25,2208,82.5,3.5,11101001,1189.55,2208,56.1,8.24,652.8,1189.90,0.0,3.1, , 
,1191.27,2240,82.5,3.5,11101001,1190.57,2208,56.1,8.24,652.8,1190.93,0.0,3.5, , 
,1192.28,2240,82.5,3.9,11101001,1191.60,2240,56.1,8.24,652.8,1191.93,0.0,3.5, , 
,1193.29,2240,82.5,3.5,11101001,1192.61,2240,56.1,8.24,652.8,1192.93,0.0,3.5, , 
,1194.31,2240,82.5,3.5,11101001,1193.63,2240,57.6,8.24,652.8,1193.99,0.0,3.5, , 
,1195.31,2272,82.5,3.5,11101001,1194.65,2272,56.1,8.24,652.8,1194.98,0.0,3.5, , 
,1196.31,2272,82.5,2.3,11101001,1195.64,2272,56.1,8.24,632.4,1195.98,0.0,3.9, , 
,1197.33,2272,82.5,2.3,11101001,1196.65,2272,54.5,8.24,632.4,1197.00,0.0,3.9, , 
,1198.34,2272,82.5,3.5,11101001,1197.66,2272,56.1,8.24,632.4,1198.00,0.0,3.9, , 
,1199.37,2304,82.5,2.7,11101001,1198.69,2272,60.4,9.27,673.2,1199.03,0.0,3.9, , 
,1200.38,2304,82.5,4.3,11101001,1199.70,2304,60.4,9.27,673.2,1200.04,0.0,3.9, , 
,1201.39,2336,82.5,3.5,11101001,1200.72,2304,60.4,9.27,673.2,1201.05,0.0,4.3, , 
,1202.42,2336,82.5,3.5,11101001,1201.73,2336,59.2,9.27,673.2,1202.08,0.0,4.3, , 
,1203.42,2336,82.5,3.9,11101001,1202.76,2336,59.2,9.27,673.2,1203.10,0.0,4.3, , 
,1204.46,2368,82.5,3.1,11101001,1203.79,2336,59.2,9.27,673.2,1204.13,0.0,4.3, , 
,1205.46,2336,82.5,0.0,11101001,1204.79,2336,50.2,7.21,591.6,1205.13,0.0,4.3, , 
,1206.47,2336,82.5,-1.2,11101001,1205.81,2336,50.2,7.21,571.2,1206.13,0.0,4.3, , 
,1207.44,2336,82.5,-3.1,11101001,1206.79,2336,42.7,6.18,499.8,1207.11,0.0,4.3, , 
,1208.50,2304,82.5,-9.8,11101001,1207.79,2336,26.7,3.09,357.0,1208.14,0.0,4.3, , 
,1209.52,2304,82.5,-13.7,11101001,1208.85,2304,25.1,3.09,336.6,1209.18,0.0,4.3, , 
,1210.50,2272,82.5,-19.1,11111101,1209.85,2272,23.5,3.09,316.2,1210.18,0.0,4.3, , 
,1211.50,2208,82.5,0.0,11111101,1210.84,2240,0.0,0.00,244.8,1211.16,0.0,4.3, , 
,1212.47,2176,82.5,0.0,11111101,1211.82,2208,0.0,0.00,244.8,1212.14,0.0,4.3, , 
,1213.46,2112,82.5,0.0,11111101,1212.80,2144,0.0,0.00,244.8,1213.12,0.0,4.3, , 
,1214.48,2080,82.5,0.0,11111101,1213.80,2112,0.0,0.00,244.8,1214.13,0.0,4.3, , 
,1215.50,2016,82.5,0.0,11111101,1214.82,2048,0.0,0.00,244.8,1215.16,0.0,4.3, , 
,1216.54,1984,82.5,0.0,11101011,1215.85,2016,16.1,3.09,244.8,1216.19,0.0,4.3, , 
,1217.59,1952,82.5,0.0,11101011,1216.87,1952,14.9,2.06,244.8,1217.24,0.0,4.3, , 
,1218.70,1920,82.5,-8.2,11101011,1217.96,1920,22.0,3.09,316.2,1218.32,0.0,4.3, , 
,1219.80,1888,82.5,-10.2,11101011,1219.07,1888,26.7,3.09,357.0,1219.43,0.0,4.3, , 
,1220.93,1856,82.5,-9.8,11101011,1220.18,1888,28.2,3.09,377.4,1220.56,0.0,4.3, , 
,1222.03,1824,82.5,-8.6,11101011,1221.30,1856,29.4,3.09,377.4,1221.66,0.0,4.3, , 
,1223.11,1792,82.5,-11.3,11101011,1222.37,1824,29.4,4.12,377.4,1222.75,0.0,4.3, , 
,1224.12,1792,82.5,-16.4,11101011,1223.44,1824,19.2,2.06,275.4,1223.82,0.0,4.3, , 
,1225.19,1760,82.5,-15.2,11111111,1224.49,1760,19.2,2.06,275.4,1224.84,-2.3,4.3, , 
,1226.20,1728,81.0,0.0,11111111,1225.52,1760,0.0,0.00,316.2,1225.88,-2.3,4.3, , 
,1227.21,1696,82.5,0.0,11101011,1226.55,1696,0.0,0.00,316.2,1226.87,-2.3,4.3, , 
,1228.25,1664,82.5,0.0,11101011,1227.53,1696,20.8,3.09,316.2,1227.90,-2.3,4.3, , 
,1229.31,1632,82.5,-4.7,11101011,1228.60,1664,22.0,3.09,316.2,1228.93,-2.3,4.3, , 
,1230.41,1632,82.5,-5.9,11101011,1229.67,1632,22.0,3.09,316.2,1230.03,-2.3,4.3, , 
,1231.51,1632,81.0,-3.5,11101011,1230.76,1632,28.2,4.12,377.4,1231.15,-2.3,4.3, , 
,1232.59,1632,82.5,-4.3,11101011,1231.88,1632,35.3,5.15,438.6,1232.24,-1.6,4.3, , 
,1233.70,1664,81.0,1.6,11101011,1232.95,1632,65.1,10.30,754.8,1233.33,-0.8,4.3, , 
,1234.80,1696,82.5,3.9,11101011,1234.04,1664,67.8,10.30,775.2,1234.40,-0.8,4.3, , 
,1235.90,1728,82.5,6.6,11101011,1235.15,1696,67.8,11.33,775.2,1235.53,-0.8,4.3, , 
,1237.01,1760,82.5,4.7,11101011,1236.28,1728,72.2,12.36,826.2,1236.64,-0.8,4.3, , 
,1238.15,1792,82.5,4.3,11101011,1237.41,1792,67.8,10.30,775.2,1237.79,0.0,4.3, , 
,1239.28,1824,82.5,3.5,11101011,1238.55,1792,69.4,11.33,775.2,1238.92,0.0,4.3, , 
,1240.40,1856,81.0,3.5,11101011,1239.65,1856,73.7,12.36,846.6,1240.02,0.0,4.3, , 
,1241.49,1888,81.0,2.3,11101011,1240.76,1888,73.7,12.36,826.2,1241.13,0.0,4.3, , 
,1242.60,1952,81.0,-0.8,11101011,1241.86,1920,78.4,12.36,867.0,1242.23,0.0,4.3, , 
,1243.66,1984,81.0,-4.7,11101011,1242.94,1952,84.3,13.39,928.2,1243.31,0.0,4.3, , 
,1244.75,2016,81.0,-2.7,11101001,1244.02,1984,76.9,11.33,867.0,1244.39,0.0,4.3, , 
,1245.82,2048,81.0,-2.0,11101001,1245.12,2016,76.9,12.36,867.0,1245.46,0.0,4.3, , 
,1246.87,2112,81.0,-1.2,11101001,1246.19,2080,76.9,12.36,867.0,1246.53,0.0,4.3, , 
,1247.91,2144,81.0,-0.8,11101001,1247.23,2112,76.9,12.36,867.0,1247.58,0.0,4.3, , 
,1248.97,2176,81.0,-1.6,11101001,1248.26,2144,75.3,12.36,846.6,1248.62,0.0,4.3, , 
,1249.96,2208,82.5,-1.2,11101001,1249.29,2176,75.3,12.36,846.6,1249.63,0.0,4.3, , 
,1250.98,2240,82.5,-2.7,11101001,1250.28,2208,75.3,11.33,846.6,1250.62,0.0,4.3, , 
,1251.96,2272,82.5,-2.0,11101001,1251.32,2240,75.3,11.33,826.2,1251.64,0.0,4.3, , 
,1253.00,2304,82.5,0.0,11101001,1252.31,2272,72.2,11.33,795.6,1252.65,0.0,4.3, , 
,1254.00,2304,82.5,2.0,11101001,1253.33,2304,65.1,10.30,714.0,1253.66,0.0,4.3, , 
,1255.02,2336,82.5,2.3,11101001,1254.33,2304,62.0,9.27,693.6,1254.67,0.0,4.3, , 
,1256.04,2336,82.5,-0.4,11101001,1255.38,2336,54.5,8.24,632.4,1255.70,0.0,4.3, , 
,1257.07,2336,82.5,-2.3,11101001,1256.37,2336,47.1,7.21,550.8,1256.72,0.0,4.3, , 
,1258.08,2336,82.5,-4.3,11101001,1257.42,2336,45.9,6.18,520.2,1257.75,0.0,4.3, , 
,1259.04,2336,82.5,-5.1,11101001,1258.39,2336,45.9,6.18,520.2,1258.72,0.0,4.3, , 
,1260.04,2336,82.5,-5.1,11101001,1259.38,2336,45.9,6.18,520.2,1259.71,0.0,4.3, , 
,1261.02,2336,82.5,-4.3,11101001,1260.38,2336,45.9,6.18,520.2,1260.69,0.0,4.3, , 
,1262.04,2336,82.5,-3.5,11101001,1261.34,2336,45.9,6.18,520.2,1261.70,0.0,4.3, , 
,1263.07,2336,82.5,-3.5,11101001,1262.40,2336,45.9,6.18,520.2,1262.73,0.0,4.3, , 
,1264.06,2336,82.5,-4.3,11101001,1263.39,2336,45.9,6.18,520.2,1263.72,0.0,4.3, , 
,1265.06,2336,82.5,-4.3,11101001,1264.38,2336,45.9,6.18,520.2,1264.72,0.0,4.3, , 
,1266.07,2336,82.5,-4.3,11101001,1265.39,2336,45.9,6.18,520.2,1265.73,0.0,4.3, , 
,1267.05,2304,82.5,-5.5,11101001,1266.39,2304,48.6,7.21,571.2,1266.72,0.0,4.3, , 
,1268.04,2304,82.5,-5.9,11101001,1267.38,2304,50.2,7.21,591.6,1267.71,0.0,4.3, , 
,1269.05,2304,82.5,-6.3,11101001,1268.38,2304,50.2,7.21,591.6,1268.70,0.0,4.3, , 
,1270.04,2304,82.5,-7.0,11101001,1269.38,2304,50.2,7.21,591.6,1269.72,0.0,4.3, , 
,1271.03,2304,82.5,-6.3,11101001,1270.38,2304,51.8,7.21,591.6,1270.71,0.0,4.3, , 
,1272.02,2304,82.5,-2.3,11101001,1271.37,2304,50.2,7.21,591.6,1271.69,0.0,4.3, , 
,1273.03,2304,82.5,-3.1,11101001,1272.36,2272,59.2,9.27,673.2,1272.70,0.0,4.3, , 
,1274.02,2304,82.5,0.0,11101001,1273.36,2304,67.8,10.30,754.8,1273.68,0.0,4.3, , 
,1274.99,2304,82.5,4.3,11101001,1274.35,2304,67.8,10.30,754.8,1274.66,0.0,4.3, , 
,1275.99,2304,82.5,5.9,11101001,1275.32,2304,67.8,10.30,754.8,1275.66,0.0,4.3, , 
,1277.03,2304,82.5,5.5,11101001,1276.34,2304,72.2,12.36,795.6,1276.68,0.0,4.3, , 
,1278.07,2336,82.5,-0.4,11101001,1277.39,2304,79.6,13.39,887.4,1277.73,0.0,4.3, , 
,1279.10,2336,82.5,-2.7,11101001,1278.39,2336,85.5,13.39,928.2,1278.74,0.0,4.3, , 
,1280.12,2336,82.5,-4.3,11101001,1279.45,2336,85.5,14.42,928.2,1279.80,0.0,4.3, , 
,1281.12,2336,82.5,-5.5,11101001,1280.46,2336,85.5,13.39,928.2,1280.78,0.0,4.3, , 
,1282.13,2336,82.5,-7.0,11101001,1281.46,2336,85.5,13.39,928.2,1281.80,0.0,4.3, , 
,1283.13,2336,82.5,-6.3,11101001,1282.46,2336,85.5,13.39,928.2,1282.79,0.0,4.3, , 
,1284.11,2304,82.5,-4.3,11101001,1283.46,2336,85.5,13.39,948.6,1283.78,0.0,4.3, , 
,1285.10,2304,82.5,-4.7,11101001,1284.43,2304,87.1,13.39,948.6,1284.77,0.0,4.3, , 
,1286.10,2304,82.5,-4.3,11101001,1285.43,2304,87.1,14.42,948.6,1285.78,0.0,4.3, , 
,1287.09,2304,82.5,-4.7,11101001,1286.42,2304,87.1,14.42,948.6,1286.75,0.0,4.3, , 
,1288.09,2272,82.5,-4.7,11101001,1287.42,2304,87.1,13.39,948.6,1287.75,0.0,4.3, , 
,1289.11,2272,84.0,-5.1,11101001,1288.43,2272,87.1,14.42,948.6,1288.76,0.0,4.3, , 
,1290.14,2272,84.0,-5.1,11101001,1289.45,2272,87.1,13.39,948.6,1289.81,0.0,4.3, , 
,1291.15,2272,84.0,-5.1,11101001,1290.47,2272,85.5,13.39,948.6,1290.81,0.0,4.3, , 
,1292.13,2240,84.0,-4.3,11101001,1291.48,2272,88.6,14.42,969.0,1291.80,0.0,4.3, , 
,1293.14,2240,84.0,-4.7,11101001,1292.46,2240,88.6,14.42,969.0,1292.80,0.0,4.3, , 
,1294.13,2240,84.0,-5.1,11101001,1293.48,2240,87.1,14.42,969.0,1293.82,0.0,4.3, , 
,1295.13,2208,84.0,-4.7,11101001,1294.47,2240,88.6,14.42,969.0,1294.79,0.0,4.3, , 
,1296.15,2208,84.0,-5.1,11101001,1295.46,2208,88.6,14.42,969.0,1295.80,0.0,4.3, , 
,1297.15,2208,84.0,-5.1,11101001,1296.49,2208,88.6,14.42,969.0,1296.82,0.0,4.3, , 
,1298.17,2208,84.0,-5.1,11101001,1297.49,2208,88.6,14.42,969.0,1297.83,0.0,4.3, , 
,1299.21,2176,84.0,-5.1,11101001,1298.52,2176,88.6,14.42,969.0,1298.86,0.0,4.3, , 
,1300.24,2176,84.0,-5.1,11101001,1299.55,2176,87.1,14.42,969.0,1299.88,0.0,4.3, , 
,1301.26,2208,84.0,-5.5,11101001,1300.57,2176,87.1,14.42,969.0,1300.93,0.0,4.3, , 
,1302.28,2208,84.0,-5.5,11101001,1301.61,2208,87.1,14.42,969.0,1301.93,0.0,4.3, , 
,1303.29,2208,84.0,-5.1,11101001,1302.61,2208,88.6,14.42,969.0,1302.95,0.0,4.3, , 
,1304.26,2240,84.0,-4.7,11101001,1303.63,2208,88.6,14.42,969.0,1303.94,0.0,4.3, , 
,1305.27,2272,84.0,-4.7,11101001,1304.61,2240,87.1,14.42,969.0,1304.94,0.0,4.3, , 
,1306.26,2304,84.0,-3.9,11101001,1305.59,2272,88.6,14.42,969.0,1305.92,0.0,4.3, , 
,1307.29,2336,84.0,-5.9,11101001,1306.61,2304,85.5,14.42,948.6,1306.95,0.0,4.3, , 
,1308.31,2368,84.0,0.0,11101001,1307.64,2368,84.3,13.39,928.2,1307.97,0.0,4.3, , 
,1309.31,2400,84.0,0.4,11101001,1308.63,2400,69.4,10.30,775.2,1308.95,0.0,4.3, , 
,1310.36,2432,84.0,2.7,11101001,1309.67,2432,59.2,9.27,673.2,1310.02,0.0,4.3, , 
,1311.40,2496,84.0,2.3,11101001,1310.70,2464,57.6,9.27,652.8,1311.06,0.0,4.3, , 
,1312.36,2496,84.0,-7.0,11111101,1311.72,2496,25.1,3.09,336.6,1312.05,0.0,4.3, , 
,1313.31,2496,84.0,0.0,11111101,1312.68,2496,0.0,0.00,244.8,1312.97,0.0,4.3, , 
,1314.34,2496,84.0,0.0,11111101,1313.67,2496,0.0,0.00,244.8,1314.03,0.0,4.3, , 
,1315.35,2496,84.0,0.0,11111101,1314.66,2496,0.0,0.00,244.8,1315.00,0.0,4.3, , 
,1316.35,2464,84.0,0.0,11101001,1315.65,2496,0.0,0.00,244.8,1316.00,0.0,4.3, , 
,1317.33,2496,85.5,0.0,11101001,1316.68,2496,16.1,2.06,244.8,1317.00,0.0,4.3, , 
,1318.31,2496,84.0,-16.4,11101001,1317.65,2496,17.6,2.06,244.8,1317.98,0.0,4.3, , 
,1319.32,2496,84.0,-23.0,11101001,1318.64,2496,17.6,2.06,244.8,1318.98,0.0,4.3, , 
,1320.33,2528,85.5,-25.4,11101001,1319.66,2496,19.2,2.06,275.4,1319.98,0.0,4.3, , 
,1321.37,2528,84.0,-27.0,11101001,1320.67,2528,19.2,2.06,275.4,1321.01,0.0,4.3, , 
,1322.39,2528,85.5,-19.5,11101001,1321.72,2528,20.8,2.06,295.8,1322.04,0.0,4.3, , 
,1323.37,2560,84.0,-12.5,11101001,1322.72,2528,35.3,4.12,418.2,1323.04,0.0,4.3, , 
,1324.37,2560,84.0,-5.9,11101001,1323.72,2560,40.0,5.15,479.4,1324.05,0.0,4.3, , 
,1325.37,2592,84.0,-4.7,11101001,1324.70,2592,38.4,5.15,459.0,1325.05,0.0,4.3, , 
,1326.42,2592,84.0,-3.9,11101001,1325.73,2592,29.4,4.12,377.4,1326.06,0.0,4.3, , 
,1327.44,2592,84.0,-2.7,11101001,1326.75,2592,29.4,4.12,377.4,1327.09,0.0,4.3, , 
,1328.45,2592,84.0,-7.4,11101001,1327.77,2592,26.7,3.09,336.6,1328.12,0.0,4.3, , 
,1329.46,2592,84.0,-14.5,11101001,1328.79,2592,19.2,2.06,275.4,1329.13,0.0,4.3, , 
,1330.47,2592,84.0,-10.2,11101001,1329.80,2592,19.2,2.06,275.4,1330.12,0.0,4.3, , 
,1331.50,2560,84.0,-8.2,11101001,1330.82,2560,19.2,2.06,275.4,1331.15,0.0,4.3, , 
,1332.51,2560,84.0,-4.3,11101001,1331.83,2560,19.2,2.06,275.4,1332.17,0.0,4.3, , 
,1333.54,2560,84.0,-4.3,11101001,1332.85,2560,19.2,2.06,275.4,1333.18,0.0,4.3, , 
,1334.56,2528,84.0,0.4,11101001,1333.90,2560,19.2,2.06,275.4,1334.24,0.0,4.3, , 
,1335.61,2560,84.0,13.3,11101001,1334.90,2560,31.0,3.09,397.8,1335.26,0.0,4.3, , 
,1336.64,2528,82.5,21.9,11101001,1335.95,2560,34.1,4.12,418.2,1336.30,0.0,4.3, , 
,1337.66,2528,84.0,27.3,11101001,1336.98,2560,35.3,5.15,438.6,1337.32,0.0,4.3, , 
,1338.66,2560,82.5,28.1,11101001,1338.00,2560,40.0,5.15,479.4,1338.32,0.0,4.3, , 
,1339.68,2560,82.5,28.5,11101001,1339.00,2560,40.0,6.18,459.0,1339.35,0.0,4.3, , 
,1340.71,2560,82.5,-3.1,11101001,1340.01,2560,40.0,5.15,459.0,1340.36,0.0,4.3, , 
,1341.71,2592,82.5,-2.7,11101001,1341.04,2560,40.0,5.15,479.4,1341.38,0.0,4.3, , 
,1342.68,2592,82.5,-3.1,11101001,1342.03,2592,40.0,5.15,459.0,1342.34,0.0,4.3, , 
,1343.71,2592,82.5,-3.5,11101001,1343.01,2592,40.0,5.15,459.0,1343.35,0.0,4.3, , 
,1344.72,2592,82.5,-3.5,11101001,1344.04,2592,40.0,5.15,459.0,1344.40,0.0,4.3, , 
,1345.73,2592,82.5,-3.5,11101001,1345.06,2592,40.0,5.15,459.0,1345.40,0.0,4.3, , 
,1346.75,2592,82.5,-4.7,11101001,1346.07,2592,40.0,5.15,459.0,1346.40,0.0,4.3, , 
,1347.70,2592,82.5,-4.3,11101001,1347.07,2592,40.0,5.15,459.0,1347.39,0.0,4.3, , 
,1348.74,2592,82.5,-5.5,11101001,1348.06,2592,40.0,5.15,459.0,1348.38,0.0,4.3, , 
,1349.74,2592,82.5,-6.6,11101001,1349.05,2592,31.0,4.12,397.8,1349.41,0.0,4.3, , 
,1350.72,2560,82.5,-7.4,11101001,1350.07,2592,31.0,4.12,397.8,1350.39,0.0,4.3, , 
,1351.74,2560,82.5,-7.4,11101001,1351.05,2560,31.0,4.12,397.8,1351.40,0.0,4.3, , 
,1352.74,2560,82.5,-4.7,11101001,1352.07,2560,32.5,4.12,397.8,1352.42,0.0,4.3, , 
,1353.80,2560,82.5,-3.1,11101001,1353.11,2560,32.5,4.12,397.8,1353.45,0.0,4.3, , 
,1354.82,2528,82.5,-3.5,11101001,1354.14,2528,35.3,5.15,418.2,1354.48,0.0,4.3, , 
,1355.87,2528,82.5,-3.9,11101001,1355.16,2528,34.1,5.15,418.2,1355.52,0.0,4.3, , 
,1356.91,2528,82.5,-4.3,11101001,1356.22,2528,35.3,5.15,418.2,1356.56,0.0,4.3, , 
,1357.95,2496,82.5,0.0,11111101,1357.24,2528,35.3,5.15,418.2,1357.59,0.0,4.3, , 
,1358.95,2464,82.5,0.0,11111101,1358.28,2464,17.6,2.06,244.8,1358.63,0.0,4.3, , 
,1359.91,2400,82.5,0.0,11111101,1359.27,2432,0.0,0.00,244.8,1359.59,0.0,4.3, , 
,1360.84,2368,82.5,0.0,11111101,1360.21,2400,0.0,0.00,244.8,1360.52,0.0,4.3, , 
,1361.82,2336,82.5,0.0,11111101,1361.17,2368,0.0,0.00,244.8,1361.50,0.0,4.3, , 
,1362.85,2272,82.5,0.0,11111101,1362.17,2304,0.0,0.00,244.8,1362.51,0.0,4.3, , 
,1363.86,2208,82.5,0.0,11111101,1363.19,2272,0.0,0.00,244.8,1363.51,0.0,4.3, , 
,1364.87,2176,82.5,0.0,11111101,1364.20,2208,0.0,0.00,244.8,1364.54,0.0,4.3, , 
,1365.89,2112,82.5,0.0,11111101,1365.20,2144,0.0,0.00,244.8,1365.54,0.0,4.3, , 
,1366.90,2048,82.5,0.0,11111101,1366.23,2080,0.0,0.00,244.8,1366.56,0.0,4.3, , 
,1367.96,2016,82.5,0.0,11111101,1367.25,2048,0.0,0.00,244.8,1367.60,0.0,4.3, , 
,1369.04,1952,82.5,0.0,11111111,1368.32,1984,0.0,0.00,244.8,1368.68,0.0,4.3, , 
,1370.06,1856,81.0,0.0,11111111,1369.38,1920,0.0,0.00,275.4,1369.72,0.0,4.3, , 
,1371.08,1824,82.5,0.0,11111111,1370.39,1856,0.0,0.00,295.8,1370.74,0.0,4.3, , 
,1372.12,1760,81.0,0.0,11111111,1371.47,1792,0.0,0.00,295.8,1371.79,-2.3,4.3, , 
,1373.14,1728,81.0,0.0,11111111,1372.47,1760,0.0,0.00,316.2,1372.82,-2.3,4.3, , 
,1374.18,1664,81.0,0.0,11111111,1373.47,1696,0.0,0.00,316.2,1373.81,-2.3,4.3, , 
,1375.19,1184,81.0,0.0,11111111,1374.50,1664,0.0,0.00,316.2,1374.86,-2.3,4.3, , 
,1376.24,1280,81.0,0.0,11111111,1375.52,864,29.4,5.15,397.8,1375.85,-3.1,0.0, , 
,1377.30,1984,81.0,0.0,11101011,1376.60,1856,0.0,0.00,316.2,1376.95,0.0,4.3, , 
,1378.38,1952,81.0,0.0,11101011,1377.66,1984,16.1,2.06,244.8,1378.03,0.0,4.3, , 
,1379.45,1920,81.0,-7.4,11101011,1378.75,1920,20.8,3.09,295.8,1379.10,0.0,4.3, , 
,1380.53,1888,81.0,-15.6,11101011,1379.80,1888,17.6,2.06,275.4,1380.17,0.0,4.3, , 
,1381.62,1856,81.0,-17.6,11101011,1380.89,1888,17.6,2.06,275.4,1381.26,0.0,4.3, , 
,1382.74,1824,81.0,-17.2,11111111,1381.99,1856,17.6,2.06,275.4,1382.36,0.0,4.3, , 
,1383.80,1760,81.0,0.0,11111111,1383.12,1824,20.8,2.06,295.8,1383.45,0.0,4.3, , 
,1384.78,1696,81.0,0.0,11111111,1384.14,1760,0.0,0.00,316.2,1384.44,-2.3,4.3, , 
,1385.82,1632,81.0,0.0,11111111,1385.11,1664,0.0,0.00,316.2,1385.46,-2.3,4.3, , 
,1386.80,960,81.0,0.0,11111111,1386.19,1504,0.0,0.00,316.2,1386.49,-3.1,0.0, , 
,1387.92,2016,81.0,0.0,11101001,1387.19,1152,28.2,4.12,377.4,1387.55,0.0,4.3, , 
,1388.96,2016,81.0,-7.8,11101001,1388.26,2016,17.6,2.06,244.8,1388.62,0.0,4.3, , 
,1390.04,1984,81.0,-10.5,11101011,1389.32,1984,22.0,3.09,316.2,1389.68,0.0,4.3, , 
,1391.12,1984,81.0,-12.5,11101011,1390.44,1984,25.1,3.09,336.6,1390.78,0.0,4.3, , 
,1392.19,2016,81.0,-7.4,11101001,1391.48,1984,42.7,5.15,499.8,1391.84,0.0,4.3, , 
,1393.31,2048,81.0,-3.5,11101001,1392.56,2048,42.7,5.15,499.8,1392.95,0.0,4.3, , 
,1394.36,2048,79.5,-8.2,11101001,1393.67,2048,26.7,3.09,357.0,1394.01,0.0,4.3, , 
,1395.43,1984,81.0,-20.3,11101011,1394.71,2016,14.9,2.06,244.8,1395.07,0.0,4.3, , 
,1396.50,1952,81.0,-17.2,11101011,1395.78,1984,22.0,2.06,295.8,1396.13,0.0,4.3, , 
,1397.58,1920,79.5,-14.5,11101011,1396.85,1920,26.7,3.09,357.0,1397.21,0.0,4.3, , 
,1398.67,1952,79.5,-8.6,11101011,1397.95,1920,32.5,4.12,418.2,1398.30,0.0,4.3, , 
,1399.73,2016,79.5,-2.3,11101001,1399.03,1984,45.9,6.18,550.8,1399.39,0.0,4.3, , 
,1400.80,2080,79.5,0.0,11101001,1400.08,2048,44.3,6.18,520.2,1400.44,0.0,4.3, , 
,1401.85,2048,79.5,-7.0,11101001,1401.14,2080,26.7,3.09,357.0,1401.49,0.0,4.3, , 
,1402.90,2048,79.5,-17.2,11101001,1402.20,2080,17.6,2.06,275.4,1402.56,0.0,4.3, , 
,1403.94,2016,79.5,-28.9,11101001,1403.25,2048,14.9,1.03,244.8,1403.59,0.0,4.3, , 
,1405.03,1952,81.0,-30.1,11101011,1404.30,1984,14.9,1.03,244.8,1404.66,0.0,4.3, , 
,1406.13,1920,79.5,-21.5,11101011,1405.38,1952,17.6,2.06,275.4,1405.76,0.0,4.3, , 
,1407.22,1952,79.5,-12.5,11101011,1406.50,1920,26.7,3.09,357.0,1406.87,0.0,4.3, , 
,1408.32,1952,79.5,-5.1,11101011,1407.59,1952,34.1,4.12,418.2,1407.96,0.0,4.3, , 
,1409.41,1984,79.5,-6.3,11101011,1408.68,1984,32.5,4.12,418.2,1409.05,0.0,4.3, , 
,1410.48,1920,79.5,-13.7,11111111,1409.77,1952,20.8,2.06,295.8,1410.14,0.0,4.3, , 
,1411.49,1888,81.0,0.0,11101011,1410.82,1920,17.6,2.06,275.4,1411.14,0.0,4.3, , 
,1412.56,1824,81.0,0.0,11101011,1411.85,1856,17.6,2.06,275.4,1412.22,0.0,4.3, , 
,1413.58,1792,81.0,-8.2,11111111,1412.92,1824,22.0,3.09,316.2,1413.25,0.0,4.3, , 
,1414.64,1760,81.0,0.0,11101011,1413.93,1792,19.2,2.06,295.8,1414.29,0.0,4.3, , 
,1415.77,1888,79.5,0.0,11101011,1415.02,1792,60.4,10.30,693.6,1415.40,0.0,4.3, , 
,1416.85,2016,81.0,2.3,11101001,1416.12,1952,66.3,10.30,754.8,1416.48,0.0,4.3, , 
,1417.88,2144,81.0,0.0,11101001,1417.19,2048,67.8,10.30,754.8,1417.53,0.0,4.3, , 
,1418.90,2176,81.0,0.0,11101001,1418.21,2144,47.1,6.18,571.2,1418.57,0.0,4.3, , 
,1419.94,2176,81.0,-7.0,11101001,1419.24,2176,25.1,3.09,336.6,1419.60,0.0,4.3, , 
,1420.96,2208,81.0,-7.4,11101001,1420.27,2176,45.9,6.18,550.8,1420.61,0.0,4.3, , 
,1421.97,2272,81.0,-4.3,11101001,1421.29,2240,54.5,7.21,612.0,1421.63,0.0,4.3, , 
,1423.00,2368,81.0,0.0,11101001,1422.32,2304,59.2,8.24,652.8,1422.67,0.0,4.3, , 
,1424.03,2464,81.0,3.5,11101001,1423.35,2400,57.6,8.24,632.4,1423.69,0.0,4.3, , 
,1425.03,2528,81.0,6.6,11101001,1424.34,2496,56.1,8.24,632.4,1424.66,0.0,4.3, , 
,1426.05,2624,81.0,7.0,11101001,1425.36,2560,56.1,9.27,632.4,1425.69,0.0,4.3, , 
,1427.10,2688,81.0,5.5,11101001,1426.40,2624,54.5,8.24,612.0,1426.76,0.0,4.3, , 
,1428.11,2720,81.0,1.2,11101001,1427.44,2688,35.3,5.15,438.6,1427.77,0.0,4.3, , 
,1429.12,2720,81.0,3.5,11101001,1428.44,2720,36.9,5.15,438.6,1428.77,0.0,4.3, , 
,1430.18,2816,81.0,4.3,11101001,1429.50,2752,48.6,7.21,571.2,1429.83,0.0,4.3, , 
,1431.24,2912,81.0,4.7,11101001,1430.55,2848,53.3,8.24,591.6,1430.89,0.0,4.3, , 
,1432.22,2976,81.0,0.0,11101001,1431.68,2912,50.2,7.21,571.2,1431.95,0.0,4.3, , 
,1433.04,3008,81.0,3.1,11101001,1432.49,2976,48.6,6.18,571.2,1432.76,0.0,4.3, , 
,1434.07,1792,81.0,0.0,11101011,1433.39,2656,0.0,0.00,295.8,1433.72,0.0,4.3, , 
,1435.10,2208,81.0,0.0,11101001,1434.41,2176,16.1,3.09,244.8,1434.76,0.0,4.3, , 
,1436.11,2240,81.0,1.6,11101001,1435.44,2208,56.1,8.24,632.4,1435.79,0.0,4.3, , 
,1437.13,2272,81.0,8.6,11101001,1436.44,2240,59.2,8.24,673.2,1436.80,0.0,4.3, , 
,1438.15,2336,81.0,11.3,11101001,1437.48,2272,60.4,9.27,693.6,1437.83,0.0,4.3, , 
,1439.16,2368,81.0,13.3,11101001,1438.49,2336,66.3,10.30,734.4,1438.82,0.0,4.3, , 
,1440.23,2432,81.0,14.8,11101001,1439.49,2400,66.3,10.30,734.4,1439.85,0.0,4.3, , 
,1441.27,2496,82.5,15.6,11101001,1440.59,2464,65.1,10.30,714.0,1440.94,0.0,4.3, , 
,1442.31,2528,82.5,15.6,11101001,1441.60,2528,54.5,8.24,612.0,1441.97,0.0,4.3, , 
,1443.31,2592,82.5,15.6,11101001,1442.66,2560,56.1,8.24,632.4,1442.99,0.0,4.3, , 
,1444.33,2624,82.5,15.2,11101001,1443.63,2592,54.5,8.24,632.4,1444.00,0.0,4.3, , 
,1445.35,2656,82.5,7.0,11101001,1444.68,2624,56.1,8.24,632.4,1445.01,0.0,4.3, , 
,1446.37,2720,82.5,6.6,11101001,1445.69,2688,56.1,8.24,632.4,1446.02,0.0,4.3, , 
,1447.39,2752,82.5,7.0,11101001,1446.71,2720,56.1,9.27,632.4,1447.07,0.0,4.3, , 
,1448.38,2784,82.5,7.4,11101001,1447.73,2752,56.1,8.24,632.4,1448.06,0.0,4.3, , 
,1449.34,2816,82.5,0.0,11111101,1448.70,2784,54.5,8.24,632.4,1449.01,0.0,4.3, , 
,1450.35,1344,82.5,0.0,11111111,1449.67,2336,0.0,0.00,295.8,1450.02,0.0,4.3, , 
,1451.37,2080,82.5,0.0,11101001,1450.68,992,25.1,4.12,357.0,1451.04,-2.3,4.3, , 
,1452.43,2112,82.5,0.0,11101001,1451.72,2112,19.2,3.09,275.4,1452.08,0.0,4.3, , 
,1453.47,2112,82.5,-2.3,11101001,1452.79,2080,45.9,6.18,550.8,1453.13,0.0,4.3, , 
,1454.50,2112,82.5,-3.5,11101001,1453.81,2112,54.5,7.21,632.4,1454.15,0.0,4.3, , 
,1455.56,2144,84.0,-0.4,11101001,1454.86,2112,57.6,8.24,652.8,1455.21,0.0,4.3, , 
,1456.61,2176,84.0,4.3,11101001,1455.89,2144,59.2,8.24,673.2,1456.25,0.0,4.3, , 
,1457.61,2176,84.0,7.4,11101001,1456.95,2176,59.2,9.27,673.2,1457.28,0.0,4.3, , 
,1458.61,2208,84.0,7.4,11101001,1457.95,2176,59.2,9.27,673.2,1458.27,0.0,4.3, , 
,1459.64,2208,84.0,0.0,11101001,1458.95,2208,57.6,9.27,652.8,1459.29,0.0,4.3, , 
,1460.65,2208,84.0,-5.9,11101001,1459.99,2208,41.2,5.15,499.8,1460.30,0.0,4.3, , 
,1461.64,2240,84.0,0.8,11101001,1460.98,2208,54.5,7.21,632.4,1461.32,0.0,4.3, , 
,1462.65,2240,84.0,3.9,11101001,1461.97,2240,57.6,8.24,652.8,1462.30,0.0,4.3, , 
,1463.66,2272,84.0,7.4,11101001,1462.98,2240,57.6,8.24,652.8,1463.32,0.0,4.3, , 
,1464.68,2304,84.0,9.0,11101001,1464.00,2272,60.4,9.27,673.2,1464.34,0.0,4.3, , 
,1465.64,2304,84.0,8.6,11101001,1465.00,2304,62.0,9.27,693.6,1465.32,0.0,4.3, , 
,1466.66,2336,84.0,9.0,11101001,1465.99,2336,62.0,9.27,693.6,1466.32,0.0,4.3, , 
,1467.70,2368,84.0,7.4,11101001,1467.02,2336,60.4,9.27,693.6,1467.36,0.0,4.3, , 
,1468.73,2400,84.0,7.8,11101001,1468.02,2400,69.4,11.33,775.2,1468.41,0.0,4.3, , 
,1469.77,2432,84.0,9.0,11101001,1469.09,2432,69.4,11.33,775.2,1469.43,0.0,4.3, , 
,1470.84,2464,84.0,9.4,11101001,1470.14,2464,69.4,11.33,754.8,1470.50,0.0,4.3, , 
,1471.83,2496,84.0,9.8,11101001,1471.18,2496,66.3,11.33,734.4,1471.51,0.0,4.3, , 
,1472.82,2496,84.0,9.4,11101001,1472.16,2496,60.4,9.27,673.2,1472.50,0.0,4.3, , 
,1473.90,2528,84.0,9.0,11101001,1473.19,2528,59.2,9.27,673.2,1473.54,0.0,4.3, , 
,1474.95,2528,84.0,7.4,11101001,1474.24,2528,56.1,8.24,632.4,1474.59,0.0,4.3, , 
,1475.96,2528,84.0,6.3,11101001,1475.28,2528,53.3,8.24,612.0,1475.61,0.0,4.3, , 
,1477.00,2528,84.0,5.9,11101001,1476.30,2528,54.5,8.24,612.0,1476.67,0.0,4.3, , 
,1478.03,2528,84.0,5.9,11101001,1477.35,2528,54.5,8.24,612.0,1477.68,0.0,4.3, , 
,1479.07,2496,84.0,6.3,11101001,1478.37,2528,54.5,8.24,612.0,1478.71,0.0,4.3, , 
,1480.08,2496,84.0,6.3,11101001,1479.40,2496,54.5,8.24,612.0,1479.72,0.0,4.3, , 
,1481.12,2496,84.0,6.3,11101001,1480.44,2496,53.3,8.24,612.0,1480.79,0.0,4.3, , 
,1482.18,2464,84.0,6.3,11101001,1481.44,2496,54.5,8.24,612.0,1481.80,0.0,4.3, , 
,1483.18,2464,84.0,8.2,11101001,1482.50,2464,56.1,8.24,632.4,1482.84,0.0,4.3, , 
,1484.23,2432,84.0,8.6,11101001,1483.52,2464,62.0,9.27,693.6,1483.88,0.0,4.3, , 
,1485.30,2400,84.0,9.0,11101001,1484.59,2432,66.3,10.30,734.4,1484.94,0.0,4.3, , 
,1486.26,2368,84.0,9.4,11101001,1485.62,2400,66.3,10.30,734.4,1485.95,0.0,4.3, , 
,1487.30,2336,84.0,8.6,11101001,1486.60,2368,66.3,10.30,754.8,1486.94,0.0,4.3, , 
,1488.35,2336,84.0,8.2,11101001,1487.63,2336,67.8,11.33,754.8,1488.00,0.0,4.3, , 
,1489.34,2304,84.0,6.3,11101001,1488.67,2336,71.0,11.33,775.2,1489.00,0.0,4.3, , 
,1490.34,2272,84.0,4.7,11101001,1489.69,2304,72.2,11.33,795.6,1490.01,0.0,4.3, , 
,1491.35,2272,84.0,3.5,11101001,1490.67,2272,73.7,11.33,826.2,1491.02,0.0,4.3, , 
,1492.33,2272,84.0,3.1,11101001,1491.66,2272,73.7,11.33,826.2,1492.00,0.0,4.3, , 
,1493.32,2272,84.0,1.2,11101001,1492.66,2272,76.9,12.36,846.6,1493.00,0.0,4.3, , 
,1494.36,2272,84.0,-0.4,11101001,1493.69,2272,79.6,12.36,887.4,1494.02,0.0,4.3, , 
,1495.35,2272,84.0,0.0,11101001,1494.69,2272,79.6,12.36,887.4,1495.02,0.0,4.3, , 
,1496.36,2272,84.0,-0.8,11101001,1495.69,2272,79.6,12.36,887.4,1496.02,0.0,4.3, , 
,1497.37,2304,84.0,0.0,11101001,1496.70,2272,79.6,12.36,887.4,1497.03,0.0,4.3, , 
,1498.38,2304,84.0,2.0,11101001,1497.72,2304,78.4,12.36,867.0,1498.03,0.0,4.3, , 
,1499.42,2336,84.0,3.9,11101001,1498.74,2304,75.3,11.33,846.6,1499.09,0.0,4.3, , 
,1500.42,2368,84.0,0.0,11101001,1499.75,2336,73.7,11.33,826.2,1500.08,0.0,4.3, , 
,1501.42,2368,84.0,2.0,11101001,1500.75,2368,45.9,6.18,550.8,1501.09,0.0,4.3, , 
,1502.42,2368,84.0,1.2,11101001,1501.75,2368,44.3,6.18,520.2,1502.10,0.0,4.3, , 
,1503.37,2400,84.0,0.4,11101001,1502.74,2368,31.0,4.12,377.4,1503.06,0.0,4.3, , 
,1504.47,2400,84.0,-0.8,11101001,1503.76,2400,31.0,4.12,377.4,1504.14,0.0,4.3, , 
,1505.57,2432,84.0,-1.2,11101001,1504.84,2400,31.0,4.12,377.4,1505.21,0.0,4.3, , 
,1506.65,2464,84.0,-2.0,11101001,1505.94,2432,31.0,4.12,377.4,1506.29,0.0,4.3, , 
,1507.66,2496,84.0,-1.6,11101001,1506.99,2464,31.0,4.12,377.4,1507.31,0.0,4.3, , 
,1508.72,2528,84.0,-0.8,11101001,1508.02,2496,31.0,4.12,377.4,1508.36,0.0,4.3, , 
,1509.76,2560,84.0,1.6,11101001,1509.07,2528,29.4,4.12,377.4,1509.41,0.0,4.3, , 
,1510.77,2560,84.0,3.1,11101001,1510.11,2560,28.2,4.12,357.0,1510.46,0.0,4.3, , 
,1511.79,2592,84.0,3.1,11101001,1511.12,2592,28.2,4.12,357.0,1511.44,0.0,4.3, , 
,1512.76,2592,84.0,2.3,11101001,1512.12,2592,28.2,4.12,357.0,1512.45,0.0,4.3, , 
,1513.76,2624,84.0,2.3,11101001,1513.09,2624,28.2,3.09,357.0,1513.42,0.0,4.3, , 
,1514.75,2624,84.0,2.0,11101001,1514.08,2624,28.2,3.09,357.0,1514.41,0.0,4.3, , 
,1515.76,2624,84.0,1.6,11101001,1515.08,2624,28.2,3.09,357.0,1515.43,0.0,4.3, , 
,1516.76,2624,84.0,2.0,11101001,1516.09,2624,29.4,4.12,357.0,1516.41,0.0,4.3, , 
,1517.76,2592,84.0,4.3,11101001,1517.08,2592,29.4,4.12,377.4,1517.42,0.0,4.3, , 
,1518.78,2560,84.0,9.8,11101001,1518.09,2592,31.0,4.12,397.8,1518.43,0.0,4.3, , 
,1519.78,2560,84.0,9.4,11101001,1519.11,2560,42.7,6.18,479.4,1519.44,0.0,4.3, , 
,1520.81,2528,84.0,5.9,11101001,1520.14,2528,47.1,7.21,550.8,1520.48,0.0,4.3, , 
,1521.81,2528,84.0,3.1,11101001,1521.15,2528,48.6,7.21,571.2,1521.47,0.0,4.3, , 
,1522.86,2528,84.0,0.8,11101001,1522.15,2528,50.2,7.21,591.6,1522.50,0.0,4.3, , 
,1523.91,2528,84.0,2.7,11101001,1523.22,2528,56.1,8.24,632.4,1523.58,0.0,4.3, , 
,1524.95,2528,84.0,4.7,11101001,1524.26,2528,56.1,8.24,632.4,1524.60,0.0,4.3, , 
,1525.96,2560,84.0,4.7,11101001,1525.28,2560,56.1,8.24,632.4,1525.62,0.0,4.3, , 
,1526.97,2560,84.0,3.1,11101001,1526.31,2560,56.1,9.27,632.4,1526.64,0.0,4.3, , 
,1527.99,2592,84.0,2.3,11101001,1527.31,2560,56.1,8.24,632.4,1527.65,0.0,4.3, , 
,1529.00,2592,84.0,2.0,11101001,1528.34,2592,54.5,8.24,632.4,1528.68,0.0,4.3, , 
,1529.99,2592,82.5,1.2,11101001,1529.31,2592,53.3,8.24,612.0,1529.64,0.0,4.3, , 
,1530.96,2624,84.0,0.4,11101001,1530.31,2592,53.3,8.24,612.0,1530.64,0.0,4.3, , 
,1531.96,2624,84.0,0.0,11101001,1531.28,2624,53.3,8.24,612.0,1531.62,0.0,4.3, , 
,1532.98,2656,84.0,5.1,11101001,1532.30,2624,53.3,8.24,612.0,1532.63,0.0,4.3, , 
,1534.04,2656,84.0,5.9,11101001,1533.34,2656,53.3,8.24,612.0,1533.69,0.0,4.3, , 
,1535.05,2688,84.0,5.5,11101001,1534.37,2688,53.3,8.24,612.0,1534.72,0.0,4.3, , 
,1536.05,2720,84.0,5.1,11101001,1535.39,2688,51.8,7.21,591.6,1535.71,0.0,4.3, , 
,1537.08,2720,84.0,2.0,11101001,1536.39,2720,41.2,6.18,479.4,1536.74,0.0,4.3, , 
,1538.19,2752,84.0,0.8,11101001,1537.44,2752,36.9,5.15,459.0,1537.82,0.0,4.3, , 
,1539.28,2752,82.5,-0.4,11101001,1538.55,2752,36.9,5.15,438.6,1538.91,0.0,4.3, , 
,1540.37,2720,84.0,-0.8,11101001,1539.66,2752,36.9,5.15,438.6,1540.01,0.0,4.3, , 
,1541.44,2720,84.0,-0.8,11101001,1540.72,2720,36.9,5.15,438.6,1541.09,0.0,4.3, , 
,1542.52,2720,82.5,0.4,11101001,1541.79,2720,36.9,5.15,438.6,1542.16,0.0,4.3, , 
,1543.56,2720,84.0,1.2,11101001,1542.87,2720,36.9,5.15,438.6,1543.21,0.0,4.3, , 
,1544.56,2720,82.5,0.0,11101001,1543.89,2720,36.9,5.15,438.6,1544.22,0.0,4.3, , 
,1545.57,2720,82.5,0.4,11101001,1544.90,2720,38.4,5.15,459.0,1545.24,0.0,4.3, , 
,1546.54,2688,82.5,0.8,11101001,1545.90,2720,38.4,5.15,459.0,1546.22,0.0,4.3, , 
,1547.55,2688,82.5,0.0,11101001,1546.86,2688,38.4,5.15,459.0,1547.19,0.0,4.3, , 
,1548.57,2688,84.0,2.3,11101001,1547.89,2688,38.4,5.15,459.0,1548.23,0.0,4.3, , 
,1549.54,2688,82.5,3.5,11101001,1548.90,2688,36.9,5.15,438.6,1549.22,0.0,4.3, , 
,1550.60,2688,82.5,6.6,11101001,1549.88,2688,44.3,6.18,520.2,1550.24,0.0,4.3, , 
,1551.59,2688,82.5,8.2,11101001,1550.95,2688,48.6,7.21,571.2,1551.26,0.0,4.3, , 
,1552.62,2688,82.5,8.6,11101001,1551.95,2688,53.3,8.24,591.6,1552.27,0.0,4.3, , 
,1553.66,2688,82.5,8.6,11101001,1552.97,2688,51.8,8.24,591.6,1553.31,0.0,4.3, , 
,1554.70,2688,82.5,9.4,11101001,1554.00,2688,51.8,8.24,591.6,1554.36,0.0,4.3, , 
,1555.70,2688,82.5,7.0,11101001,1555.04,2688,53.3,8.24,612.0,1555.38,0.0,4.3, , 
,1556.71,2688,82.5,7.4,11101001,1556.03,2688,54.5,8.24,612.0,1556.35,0.0,4.3, , 
,1557.72,2688,82.5,7.4,11101001,1557.06,2688,54.5,8.24,612.0,1557.39,0.0,4.3, , 
,1558.71,2688,82.5,7.4,11101001,1558.07,2688,54.5,8.24,612.0,1558.40,0.0,4.3, , 
,1559.72,2688,82.5,6.6,11101001,1559.05,2688,53.3,8.24,612.0,1559.41,0.0,4.3, , 
,1560.74,2688,82.5,7.0,11101001,1560.04,2688,54.5,8.24,612.0,1560.39,0.0,4.3, , 
,1561.75,2688,82.5,5.5,11101001,1561.08,2688,54.5,8.24,612.0,1561.43,0.0,4.3, , 
,1562.77,2688,82.5,5.5,11101001,1562.09,2688,59.2,9.27,652.8,1562.44,0.0,4.3, , 
,1563.81,2720,82.5,5.9,11101001,1563.12,2688,59.2,9.27,673.2,1563.48,0.0,4.3, , 
,1564.81,2688,82.5,6.6,11101001,1564.14,2688,62.0,9.27,693.6,1564.46,0.0,4.3, , 
,1565.84,2688,82.5,5.9,11101001,1565.17,2688,59.2,9.27,673.2,1565.51,0.0,4.3, , 
,1566.85,2688,82.5,5.5,11101001,1566.16,2720,59.2,9.27,652.8,1566.50,0.0,4.3, , 
,1567.89,2720,82.5,5.1,11101001,1567.21,2720,59.2,9.27,673.2,1567.56,0.0,4.3, , 
,1568.92,2720,82.5,5.1,11101001,1568.23,2720,57.6,9.27,652.8,1568.57,0.0,4.3, , 
,1569.95,2752,82.5,2.7,11101001,1569.26,2752,48.6,7.21,571.2,1569.59,0.0,4.3, , 
,1570.96,2752,82.5,0.4,11101001,1570.29,2752,45.9,6.18,520.2,1570.63,0.0,4.3, , 
,1571.98,2752,82.5,0.0,11111101,1571.29,2752,36.9,5.15,438.6,1571.63,0.0,4.3, , 
,1572.97,2720,82.5,0.0,11101001,1572.31,2752,0.0,0.00,244.8,1572.64,0.0,4.3, , 
,1573.95,2688,82.5,-9.0,11101001,1573.30,2720,17.6,2.06,244.8,1573.63,0.0,4.3, , 
,1574.95,2656,82.5,-14.8,11101001,1574.29,2688,19.2,2.06,275.4,1574.62,0.0,4.3, , 
,1575.96,2624,84.0,-14.1,11101001,1575.27,2656,20.8,2.06,275.4,1575.62,0.0,4.3, , 
,1576.96,2624,82.5,-13.3,11101001,1576.30,2624,32.5,4.12,397.8,1576.64,0.0,4.3, , 
,1577.95,2624,82.5,-6.3,11101001,1577.31,2624,40.0,5.15,479.4,1577.63,0.0,4.3, , 
,1578.96,2592,82.5,0.4,11101001,1578.29,2592,45.9,6.18,550.8,1578.64,0.0,4.3, , 
,1579.98,2592,82.5,3.5,11101001,1579.29,2592,50.2,7.21,571.2,1579.63,0.0,4.3, , 
,1581.01,2624,84.0,5.9,11101001,1580.32,2592,50.2,7.21,571.2,1580.65,0.0,4.3, , 
,1582.06,2624,82.5,6.3,11101001,1581.35,2592,50.2,7.21,571.2,1581.71,0.0,4.3, , 
,1583.05,2624,82.5,5.5,11101001,1582.40,2624,47.1,7.21,550.8,1582.72,0.0,4.3, , 
,1584.03,2624,82.5,2.3,11101001,1583.39,2624,34.1,5.15,418.2,1583.72,0.0,4.3, , 
,1585.01,2592,82.5,1.2,11101001,1584.36,2624,34.1,5.15,418.2,1584.68,0.0,4.3, , 
,1586.03,2592,82.5,0.4,11101001,1585.36,2592,34.1,5.15,418.2,1585.71,0.0,4.3, , 
,1586.98,2592,82.5,-0.4,11101001,1586.34,2592,34.1,4.12,418.2,1586.65,0.0,4.3, , 
,1588.02,2624,82.5,0.0,11101001,1587.33,2592,35.3,5.15,418.2,1587.66,0.0,4.3, , 
,1589.01,2624,82.5,0.4,11101001,1588.36,2592,36.9,5.15,438.6,1588.69,0.0,4.3, , 
,1590.00,2624,82.5,2.3,11101001,1589.34,2624,38.4,5.15,459.0,1589.67,0.0,4.3, , 
,1591.01,2624,82.5,1.2,11101001,1590.34,2624,38.4,5.15,459.0,1590.67,0.0,4.3, , 
,1592.01,2656,82.5,0.4,11101001,1591.34,2656,38.4,5.15,459.0,1591.68,0.0,4.3, , 
,1593.05,2656,82.5,-6.6,11101001,1592.35,2656,28.2,3.09,357.0,1592.70,0.0,4.3, , 
,1594.10,2624,82.5,-12.1,11101001,1593.40,2656,19.2,2.06,275.4,1593.75,0.0,4.3, , 
,1595.10,2624,82.5,-15.6,11101001,1594.44,2624,19.2,2.06,275.4,1594.77,0.0,4.3, , 
,1596.06,2592,82.5,-17.6,11101001,1595.43,2592,19.2,2.06,275.4,1595.75,0.0,4.3, , 
,1597.09,2560,82.5,-18.4,11101001,1596.41,2592,19.2,2.06,275.4,1596.74,0.0,4.3, , 
,1598.13,2560,82.5,-16.4,11101001,1597.44,2560,20.8,2.06,295.8,1597.80,0.0,4.3, , 
,1599.17,2560,84.0,-7.4,11101001,1598.46,2560,29.4,3.09,357.0,1598.80,0.0,4.3, , 
,1600.21,2528,82.5,-1.6,11101001,1599.51,2528,36.9,5.15,438.6,1599.85,0.0,4.3, , 
,1601.24,2496,82.5,3.5,11101001,1600.55,2528,38.4,5.15,459.0,1600.90,0.0,4.3, , 
,1602.26,2496,82.5,6.6,11101001,1601.59,2496,40.0,5.15,479.4,1601.93,0.0,4.3, , 
,1603.27,2496,82.5,7.4,11101001,1602.62,2496,40.0,6.18,479.4,1602.93,0.0,4.3, , 
,1604.30,2496,82.5,8.6,11101001,1603.60,2496,42.7,6.18,499.8,1603.94,0.0,4.3, , 
,1605.32,2496,82.5,9.0,11101001,1604.62,2496,42.7,6.18,499.8,1604.98,0.0,4.3, , 
,1606.35,2528,82.5,8.6,11101001,1605.67,2496,42.7,6.18,499.8,1606.01,0.0,4.3, , 
,1607.40,2528,82.5,7.0,11101001,1606.69,2528,42.7,6.18,499.8,1607.05,0.0,4.3, , 
,1608.47,2528,82.5,5.5,11101001,1607.77,2528,50.2,7.21,571.2,1608.12,0.0,4.3, , 
,1609.53,2560,82.5,4.7,11101001,1608.84,2560,50.2,7.21,571.2,1609.18,0.0,4.3, , 
,1610.54,2560,82.5,3.9,11101001,1609.86,2560,50.2,7.21,591.6,1610.20,0.0,4.3, , 
,1611.53,2560,82.5,4.3,11101001,1610.86,2560,50.2,7.21,571.2,1611.20,0.0,4.3, , 
,1612.52,2560,82.5,3.9,11101001,1611.87,2560,47.1,6.18,550.8,1612.20,0.0,4.3, , 
,1613.58,2560,82.5,0.8,11101001,1612.88,2560,31.0,4.12,377.4,1613.23,0.0,4.3, , 
,1614.63,2528,82.5,0.0,11101001,1613.93,2560,32.5,4.12,397.8,1614.29,0.0,4.3, , 
,1615.64,2528,82.5,-1.2,11101001,1614.97,2560,32.5,4.12,397.8,1615.31,0.0,4.3, , 
,1616.67,2528,82.5,-4.3,11101001,1615.99,2528,28.2,3.09,357.0,1616.34,0.0,4.3, , 
,1617.74,2528,82.5,-5.5,11101001,1617.02,2528,28.2,4.12,357.0,1617.38,0.0,4.3, , 
,1618.76,2496,82.5,-5.1,11101001,1618.07,2528,29.4,4.12,357.0,1618.42,0.0,4.3, , 
,1619.82,2496,82.5,-3.1,11101001,1619.11,2496,28.2,4.12,357.0,1619.45,0.0,4.3, , 
,1620.86,2496,82.5,1.6,11101001,1620.18,2496,29.4,4.12,377.4,1620.53,0.0,4.3, , 
,1621.90,2496,82.5,3.1,11101001,1621.17,2496,38.4,5.15,459.0,1621.54,0.0,4.3, , 
,1622.92,2496,82.5,4.3,11101001,1622.25,2496,38.4,5.15,459.0,1622.59,0.0,4.3, , 
,1623.99,2496,82.5,3.5,11101001,1623.27,2496,38.4,5.15,459.0,1623.63,0.0,4.3, , 
,1625.00,2496,82.5,3.1,11101001,1624.32,2496,38.4,5.15,459.0,1624.65,0.0,4.3, , 
,1626.01,2496,82.5,1.6,11101001,1625.33,2496,38.4,5.15,459.0,1625.67,0.0,4.3, , 
,1627.05,2528,82.5,3.9,11101001,1626.37,2528,51.8,7.21,591.6,1626.72,0.0,4.3, , 
,1628.09,2560,82.5,6.6,11101001,1627.40,2528,50.2,7.21,571.2,1627.74,0.0,4.3, , 
,1629.16,2592,82.5,7.4,11101001,1628.44,2560,50.2,7.21,571.2,1628.80,0.0,4.3, , 
,1630.17,2592,82.5,7.4,11101001,1629.49,2592,48.6,7.21,571.2,1629.84,0.0,4.3, , 
,1631.16,2592,82.5,7.8,11101001,1630.49,2592,47.1,7.21,550.8,1630.82,0.0,4.3, , 
,1632.20,2592,82.5,7.8,11101001,1631.51,2592,42.7,6.18,499.8,1631.84,0.0,4.3, , 
,1633.18,2624,82.5,7.4,11101001,1632.54,2592,42.7,6.18,499.8,1632.87,0.0,4.3, , 
,1634.15,2592,82.5,7.4,11101001,1633.51,2592,44.3,6.18,520.2,1633.83,0.0,4.3, , 
,1635.17,2592,82.5,6.6,11101001,1634.49,2592,44.3,6.18,520.2,1634.84,0.0,4.3, , 
,1636.16,2592,82.5,6.3,11101001,1635.50,2592,44.3,6.18,499.8,1635.84,0.0,4.3, , 
,1637.18,2592,82.5,6.6,11101001,1636.50,2592,44.3,6.18,499.8,1636.84,0.0,4.3, , 
,1638.20,2592,82.5,6.3,11101001,1637.53,2592,44.3,6.18,499.8,1637.86,0.0,4.3, , 
,1639.25,2592,82.5,6.3,11101001,1638.55,2592,44.3,6.18,520.2,1638.90,0.0,4.3, , 
,1640.26,2560,82.5,2.3,11101001,1639.59,2592,42.7,6.18,499.8,1639.91,0.0,4.3, , 
,1641.30,2560,82.5,-0.4,11101001,1640.61,2560,32.5,4.12,397.8,1640.96,0.0,4.3, , 
,1642.36,2528,82.5,-3.1,11101001,1641.66,2560,32.5,4.12,397.8,1642.02,0.0,4.3, , 
,1643.32,2528,82.5,-12.5,11111101,1642.67,2528,22.0,3.09,295.8,1643.00,0.0,4.3, , 
,1644.31,2464,82.5,0.0,11111101,1643.63,2496,0.0,0.00,244.8,1643.97,0.0,4.3, , 
,1645.27,2400,82.5,0.0,11111101,1644.64,2432,0.0,0.00,244.8,1644.95,0.0,4.3, , 
,1646.25,2336,82.5,0.0,11111101,1645.60,2368,0.0,0.00,244.8,1645.91,0.0,4.3, , 
,1647.22,2272,82.5,0.0,11111101,1646.57,2336,0.0,0.00,244.8,1646.89,0.0,4.3, , 
,1648.21,2208,82.5,0.0,11111101,1647.54,2272,0.0,0.00,244.8,1647.88,0.0,4.3, , 
,1649.23,2176,82.5,0.0,11111101,1648.56,2208,0.0,0.00,244.8,1648.89,0.0,4.3, , 
,1650.24,2112,82.5,0.0,11111101,1649.57,2144,0.0,0.00,244.8,1649.90,0.0,4.3, , 
,1651.26,2080,82.5,0.0,11111101,1650.58,2080,0.0,0.00,244.8,1650.91,0.0,4.3, , 
,1652.31,2016,82.5,0.0,11101001,1651.59,2048,0.0,0.00,244.8,1651.96,0.0,4.3, , 
,1653.39,2016,82.5,0.0,11101001,1652.66,2016,20.8,3.09,295.8,1653.02,0.0,4.3, , 
,1654.47,2016,82.5,-9.8,11101001,1653.74,2016,23.5,3.09,316.2,1654.10,0.0,4.3, , 
,1655.51,1984,82.5,-12.5,11101001,1654.81,2016,23.5,3.09,316.2,1655.17,0.0,4.3, , 
,1656.58,1984,82.5,-20.7,11101011,1655.87,1984,22.0,2.06,316.2,1656.23,0.0,4.3, , 
,1657.64,1952,82.5,-24.2,11101011,1656.92,1984,14.9,1.03,244.8,1657.27,0.0,4.3, , 
,1658.72,1920,82.5,-23.4,11101011,1657.99,1952,22.0,2.06,316.2,1658.36,0.0,4.3, , 
,1659.82,1888,82.5,-21.9,11101011,1659.08,1920,23.5,2.06,316.2,1659.44,0.0,4.3, , 
,1660.91,1888,82.5,-17.6,11101011,1660.20,1888,28.2,3.09,377.4,1660.54,0.0,4.3, , 
,1662.04,1856,82.5,-9.8,11101011,1661.29,1856,42.7,5.15,520.2,1661.67,0.0,4.3, , 
,1663.16,1856,82.5,-3.5,11101011,1662.42,1856,44.3,6.18,520.2,1662.79,0.0,4.3, , 
,1664.30,1856,81.0,0.4,11101011,1663.54,1856,44.3,6.18,520.2,1663.91,0.0,4.3, , 
,1665.41,1824,81.0,2.7,11101011,1664.65,1856,41.2,6.18,499.8,1665.02,0.0,4.3, , 
,1666.45,1632,81.0,0.0,11111111,1665.79,1824,42.7,6.18,520.2,1666.15,0.0,4.3, , 
,1667.42,1152,82.5,0.0,11111111,1666.77,1248,0.0,0.00,377.4,1667.09,-3.1,0.0, , 
,1668.38,2080,82.5,0.0,11101001,1667.72,1152,23.5,3.09,336.6,1668.04,-3.1,0.0, , 
,1669.41,2144,82.5,-11.7,11101001,1668.72,2176,17.6,2.06,244.8,1669.07,0.0,4.3, , 
,1670.48,2080,81.0,-19.1,11101001,1669.79,2144,19.2,2.06,275.4,1670.14,0.0,4.3, , 
,1671.51,2080,81.0,-16.8,11101001,1670.81,2080,45.9,5.15,550.8,1671.15,0.0,4.3, , 
,1672.55,2080,81.0,-10.5,11101001,1671.85,2080,56.1,7.21,652.8,1672.19,0.0,4.3, , 
,1673.64,2112,81.0,-5.9,11101001,1672.91,2112,56.1,7.21,632.4,1673.27,0.0,4.3, , 
,1674.70,2112,81.0,-0.8,11101001,1674.00,2112,56.1,8.24,652.8,1674.34,0.0,4.3, , 
,1675.71,2144,81.0,0.0,11101001,1675.03,2144,54.5,8.24,632.4,1675.35,0.0,4.3, , 
,1676.73,2176,81.0,0.0,11101001,1676.06,2144,51.8,7.21,591.6,1676.40,0.0,4.3, , 
,1677.73,2176,81.0,-2.0,11101001,1677.06,2176,47.1,6.18,550.8,1677.40,0.0,4.3, , 
,1678.76,2208,81.0,-2.7,11101001,1678.07,2208,50.2,7.21,571.2,1678.41,0.0,4.3, , 
,1679.84,2240,81.0,-2.0,11101001,1679.12,2208,53.3,7.21,612.0,1679.47,0.0,4.3, , 
,1680.83,2272,81.0,-0.4,11101001,1680.17,2240,53.3,7.21,612.0,1680.50,0.0,4.3, , 
,1681.91,2304,81.0,-0.8,11101001,1681.21,2272,51.8,7.21,591.6,1681.56,0.0,4.3, , 
,1682.94,2304,81.0,-1.2,11101001,1682.25,2304,40.0,5.15,479.4,1682.61,0.0,4.3, , 
,1684.01,2304,81.0,-2.7,11101001,1683.30,2304,40.0,5.15,459.0,1683.66,0.0,4.3, , 
,1685.02,2304,81.0,-4.7,11101001,1684.36,2304,35.3,5.15,438.6,1684.69,0.0,3.9, , 
,1686.07,2272,81.0,-7.0,11101001,1685.35,2304,31.0,4.12,397.8,1685.72,0.0,3.9, , 
,1687.10,2272,81.0,-7.4,11101001,1686.42,2272,32.5,4.12,397.8,1686.76,0.0,3.9, , 
,1688.11,2272,81.0,-8.6,11101001,1687.44,2272,32.5,4.12,397.8,1687.78,0.0,3.9, , 
,1689.11,2272,81.0,-8.6,11101001,1688.44,2272,32.5,4.12,397.8,1688.78,0.0,3.9, , 
,1690.09,2240,81.0,-7.8,11101001,1689.44,2240,31.0,4.12,397.8,1689.76,0.0,3.9, , 
,1691.16,2240,81.0,-6.3,11101001,1690.43,2240,34.1,4.12,418.2,1690.80,0.0,3.9, , 
,1692.22,2240,81.0,-4.3,11101001,1691.52,2240,34.1,4.12,418.2,1691.87,0.0,3.9, , 
,1693.25,2208,81.0,-4.7,11101001,1692.57,2208,38.4,5.15,459.0,1692.91,0.0,3.9, , 
,1694.29,2208,82.5,-4.7,11101001,1693.60,2208,36.9,5.15,438.6,1693.95,0.0,3.9, , 
,1695.30,2208,82.5,-4.7,11101001,1694.64,2208,38.4,5.15,459.0,1694.97,0.0,3.5, , 
,1696.35,2208,82.5,-5.5,11101001,1695.65,2208,38.4,5.15,459.0,1696.01,0.0,3.5, , 
,1697.42,2208,82.5,-5.5,11101001,1696.70,2208,36.9,5.15,459.0,1697.05,0.0,3.5, , 
,1698.43,2208,82.5,0.0,11101001,1697.75,2208,36.9,5.15,459.0,1698.09,0.0,3.5, , 
,1699.43,2176,82.5,-9.0,11101001,1698.77,2176,22.0,3.09,316.2,1699.10,0.0,3.5, , 
,1700.44,2144,82.5,-13.3,11101001,1699.78,2144,22.0,3.09,316.2,1700.11,0.0,3.5, , 
,1701.51,2080,82.5,-16.4,11101001,1700.80,2112,22.0,3.09,316.2,1701.16,0.0,3.5, , 
,1702.58,2048,82.5,-17.6,11101001,1701.87,2080,23.5,3.09,316.2,1702.23,0.0,3.5, , 
,1703.62,2048,82.5,-14.5,11101001,1702.91,2048,28.2,3.09,377.4,1703.26,0.0,3.5, , 
,1704.67,2016,82.5,-13.3,11101001,1703.97,2016,31.0,3.09,397.8,1704.31,0.0,3.5, , 
,1705.74,2016,82.5,-6.3,11101001,1705.03,2016,45.9,6.18,550.8,1705.38,0.0,3.5, , 
,1706.82,1984,82.5,-5.1,11101001,1706.10,2016,35.3,4.12,438.6,1706.47,0.0,3.5, , 
,1707.89,1984,82.5,-3.1,11101001,1707.19,1984,35.3,5.15,438.6,1707.54,0.0,3.5, , 
,1708.95,1984,82.5,-3.5,11101001,1708.25,1984,35.3,5.15,438.6,1708.59,0.0,3.5, , 
,1710.06,1984,82.5,-11.7,11101001,1709.32,1984,26.7,3.09,357.0,1709.69,0.0,3.5, , 
,1711.14,1952,82.5,-27.0,11111111,1710.42,1952,16.1,2.06,244.8,1710.77,0.0,3.5, , 
,1712.18,1920,82.5,0.0,11111111,1711.50,1952,17.6,2.06,275.4,1711.84,0.0,3.5, , 
,1713.26,1888,82.5,0.0,11111111,1712.54,1920,0.0,0.00,275.4,1712.90,0.0,3.5, , 
,1714.27,1856,82.5,0.0,11101011,1713.59,1888,0.0,0.00,275.4,1713.95,0.0,3.5, , 
,1715.36,1856,82.5,0.0,11101011,1714.64,1856,17.6,3.09,275.4,1715.00,0.0,3.5, , 
,1716.44,1920,82.5,0.4,11101011,1715.72,1888,48.6,7.21,571.2,1716.08,0.0,3.5, , 
,1717.51,1984,82.5,-2.3,11101011,1716.79,1952,45.9,6.18,550.8,1717.15,0.0,3.5, , 
,1718.56,2048,82.5,0.4,11101001,1717.86,1984,56.1,8.24,652.8,1718.21,0.0,3.5, , 
,1719.60,2080,82.5,0.0,11101001,1718.91,2048,54.5,8.24,632.4,1719.24,0.0,3.5, , 
,1720.64,2112,82.5,2.0,11101001,1719.95,2112,54.5,8.24,632.4,1720.29,0.0,3.5, , 
,1721.65,2176,82.5,2.3,11101001,1720.99,2144,56.1,8.24,652.8,1721.32,0.0,3.5, , 
,1722.66,2208,82.5,3.5,11101001,1721.99,2176,56.1,8.24,632.4,1722.32,0.0,3.5, , 
,1723.68,2240,82.5,5.1,11101001,1723.01,2208,56.1,8.24,652.8,1723.35,0.0,3.5, , 
,1724.68,2304,82.5,5.5,11101001,1724.01,2272,59.2,9.27,673.2,1724.34,0.0,3.5, , 
,1725.71,2336,82.5,5.1,11101001,1725.01,2304,59.2,9.27,673.2,1725.36,0.0,3.5, , 
,1726.72,2368,82.5,3.5,11101001,1726.04,2368,59.2,9.27,652.8,1726.40,0.0,3.5, , 
,1727.82,2432,82.5,2.7,11101001,1727.07,2400,57.6,9.27,652.8,1727.45,0.0,3.5, , 
,1728.91,2464,82.5,-1.6,11101001,1728.19,2432,56.1,8.24,632.4,1728.56,0.0,3.5, , 
,1729.92,2528,82.5,0.0,11101001,1729.23,2496,56.1,8.24,632.4,1729.56,0.0,3.5, , 
,1730.98,2560,82.5,5.1,11101001,1730.27,2528,47.1,6.18,550.8,1730.63,0.0,3.5, , 
,1732.02,2560,82.5,0.0,11101001,1731.33,2560,47.1,6.18,550.8,1731.69,0.0,3.5, , 
,1733.01,2560,82.5,3.9,11101001,1732.35,2560,29.4,4.12,377.4,1732.69,0.0,3.5, , 
,1734.00,2624,82.5,8.2,11101001,1733.36,2592,53.3,7.21,591.6,1733.67,0.0,3.5, , 
,1734.99,2688,82.5,10.9,11101001,1734.32,2624,63.5,9.27,693.6,1734.66,0.0,3.5, , 
,1736.00,2784,82.5,3.9,11101001,1735.32,2720,79.6,13.39,867.0,1735.65,0.0,3.5, , 
,1736.96,2848,82.5,3.9,11101001,1736.30,2784,82.7,13.39,907.8,1736.64,0.0,3.5, , 
,1737.92,2944,82.5,4.7,11101001,1737.28,2880,82.7,13.39,887.4,1737.65,0.0,3.5, , 
,1738.99,1728,82.5,0.0,11111111,1738.26,2752,0.0,0.00,377.4,1738.60,0.0,3.5, , 
,1739.98,2208,82.5,0.0,11101001,1739.30,1344,23.5,3.09,336.6,1739.64,0.0,3.5, , 
,1741.00,2240,82.5,-5.1,11101001,1740.32,2240,16.1,2.06,244.8,1740.66,0.0,3.5, , 
,1741.98,2208,82.5,-1.6,11101001,1741.33,2208,35.3,4.12,438.6,1741.64,0.0,3.5, , 
,1743.03,2208,84.0,-2.3,11101001,1742.33,2208,35.3,4.12,438.6,1742.68,0.0,3.5, , 
,1744.05,2208,82.5,-4.3,11101001,1743.36,2208,35.3,5.15,438.6,1743.70,0.0,3.5, , 
,1745.07,2208,82.5,-5.5,11101001,1744.40,2208,35.3,4.12,438.6,1744.74,0.0,3.5, , 
,1746.09,2208,82.5,-5.1,11101001,1745.41,2208,44.3,6.18,520.2,1745.74,0.0,3.5, , 
,1747.12,2208,84.0,-1.2,11101001,1746.43,2208,42.7,6.18,520.2,1746.78,0.0,3.5, , 
,1748.16,2208,82.5,-2.3,11101001,1747.47,2208,47.1,6.18,550.8,1747.81,0.0,3.5, , 
,1749.16,2208,84.0,-2.7,11101001,1748.50,2208,50.2,7.21,591.6,1748.82,0.0,3.5, , 
,1750.17,2208,84.0,-2.7,11101001,1749.50,2208,50.2,7.21,591.6,1749.83,0.0,3.5, , 
,1751.19,2240,84.0,-3.5,11101001,1750.51,2208,50.2,7.21,591.6,1750.86,0.0,3.5, , 
,1752.21,2240,84.0,-4.7,11101001,1751.53,2208,50.2,7.21,591.6,1751.87,0.0,3.5, , 
,1753.21,2240,84.0,-5.9,11101001,1752.55,2240,51.8,7.21,591.6,1752.89,0.0,3.5, , 
,1754.22,2240,84.0,-4.7,11101001,1753.55,2240,50.2,7.21,591.6,1753.89,0.0,3.5, , 
,1755.24,2240,84.0,-4.7,11101001,1754.55,2240,50.2,7.21,591.6,1754.90,0.0,3.5, , 
,1756.26,2240,84.0,-3.5,11101001,1755.58,2240,51.8,7.21,591.6,1755.91,0.0,3.5, , 
,1757.27,2240,84.0,-1.6,11101001,1756.59,2272,50.2,6.18,571.2,1756.93,0.0,3.5, , 
,1758.29,2272,84.0,-2.3,11101001,1757.60,2272,48.6,7.21,571.2,1757.94,0.0,3.5, , 
,1759.30,2272,84.0,-2.3,11101001,1758.63,2272,50.2,7.21,571.2,1758.97,0.0,3.5, , 
,1760.31,2272,84.0,0.0,11101001,1759.63,2272,60.4,9.27,673.2,1759.96,0.0,3.5, , 
,1761.30,2304,84.0,2.0,11101001,1760.64,2272,67.8,10.30,754.8,1760.97,0.0,3.5, , 
,1762.30,2304,84.0,-0.4,11101001,1761.63,2304,47.1,6.18,550.8,1761.97,0.0,3.5, , 
,1763.31,2272,84.0,-4.3,11101001,1762.63,2304,48.6,7.21,550.8,1762.98,0.0,3.5, , 
,1764.30,2272,84.0,-4.3,11101001,1763.63,2272,54.5,7.21,612.0,1763.96,0.0,3.5, , 
,1765.31,2272,84.0,-0.8,11101001,1764.65,2272,56.1,8.24,632.4,1764.99,0.0,3.5, , 
,1766.31,2304,84.0,1.2,11101001,1765.64,2304,59.2,8.24,652.8,1765.98,0.0,3.5, , 
,1767.33,2304,84.0,2.7,11101001,1766.65,2304,59.2,9.27,652.8,1766.99,0.0,3.5, , 
,1768.32,2304,84.0,3.1,11101001,1767.67,2304,57.6,9.27,652.8,1768.00,0.0,3.5, , 
,1769.36,2304,84.0,3.1,11101001,1768.66,2304,57.6,8.24,652.8,1769.01,0.0,3.5, , 
,1770.36,2336,84.0,2.0,11101001,1769.68,2304,57.6,9.27,652.8,1770.02,0.0,3.5, , 
,1771.36,2336,84.0,1.6,11101001,1770.70,2336,56.1,8.24,652.8,1771.03,0.0,3.5, , 
,1772.40,2368,84.0,1.2,11101001,1771.73,2368,56.1,8.24,632.4,1772.05,0.0,3.5, , 
,1773.42,2432,84.0,1.6,11101001,1772.75,2400,57.6,8.24,652.8,1773.08,0.0,3.5, , 
,1774.46,2464,84.0,1.6,11101001,1773.76,2432,56.1,8.24,632.4,1774.11,0.0,3.5, , 
,1775.46,2496,84.0,1.6,11101001,1774.81,2464,54.5,8.24,632.4,1775.13,0.0,3.5, , 
,1776.49,2528,84.0,0.4,11101001,1775.82,2496,54.5,8.24,632.4,1776.15,0.0,3.5, , 
,1777.53,2560,84.0,1.2,11101001,1776.86,2528,54.5,8.24,612.0,1777.20,0.0,3.5, , 
,1778.56,2560,84.0,-0.4,11101001,1777.88,2560,53.3,8.24,612.0,1778.21,0.0,3.5, , 
,1779.58,2592,84.0,-2.0,11101001,1778.91,2592,51.8,7.21,591.6,1779.23,0.0,3.5, , 
,1780.57,2592,84.0,-3.5,11101001,1779.90,2592,51.8,7.21,591.6,1780.25,0.0,3.5, , 
,1781.61,2560,84.0,-4.3,11101001,1780.92,2592,41.2,5.15,479.4,1781.27,0.0,3.5, , 
,1782.68,2560,84.0,-5.5,11101001,1781.96,2560,41.2,5.15,479.4,1782.33,0.0,3.5, , 
,1783.70,2528,84.0,-7.4,11101001,1783.02,2528,41.2,5.15,479.4,1783.35,0.0,3.5, , 
,1784.76,2496,84.0,-14.8,11101001,1784.06,2528,23.5,3.09,336.6,1784.40,0.0,3.5, , 
,1785.82,2464,84.0,-19.1,11101001,1785.12,2496,19.2,2.06,275.4,1785.46,0.0,3.5, , 
,1786.90,2432,84.0,-20.7,11101001,1786.17,2464,23.5,3.09,316.2,1786.54,0.0,3.5, , 
,1787.96,2432,84.0,-14.5,11101001,1787.26,2432,45.9,5.15,520.2,1787.62,0.0,3.5, , 
,1788.98,2432,84.0,-7.4,11101001,1788.30,2432,53.3,7.21,612.0,1788.61,0.0,3.5, , 
,1790.06,2464,84.0,-1.6,11101001,1789.34,2432,54.5,7.21,632.4,1789.70,0.0,3.5, , 
,1791.13,2464,84.0,1.2,11101001,1790.41,2464,66.3,9.27,734.4,1790.76,0.0,3.5, , 
,1792.16,2496,84.0,4.3,11101001,1791.49,2496,73.7,11.33,795.6,1791.83,0.0,3.5, , 
,1793.22,2528,84.0,0.0,11101001,1792.51,2496,78.4,13.39,867.0,1792.88,0.0,3.5, , 
,1794.25,2528,84.0,1.6,11101001,1793.55,2528,59.2,9.27,652.8,1793.88,0.0,3.5, , 
,1795.26,2560,84.0,3.1,11101001,1794.59,2528,59.2,9.27,652.8,1794.93,0.0,3.5, , 
,1796.28,2560,84.0,2.7,11101001,1795.62,2560,57.6,9.27,652.8,1795.95,0.0,3.5, , 
,1797.33,2528,84.0,-1.6,11101001,1796.63,2560,35.3,5.15,418.2,1796.99,0.0,3.5, , 
,1798.31,2496,84.0,-12.9,11101001,1797.67,2528,20.8,3.09,295.8,1797.99,0.0,3.5, , 
,1799.33,2496,84.0,-18.4,11101001,1798.62,2496,20.8,2.06,275.4,1798.98,0.0,3.5, , 
,1800.35,2464,84.0,-21.5,11101001,1799.66,2464,20.8,2.06,275.4,1800.01,0.0,3.5, , 
,1801.41,2464,84.0,-26.6,11101001,1800.71,2464,17.6,2.06,244.8,1801.06,0.0,3.5, , 
,1802.46,2432,84.0,-28.9,11101001,1801.74,2464,17.6,2.06,244.8,1802.12,0.0,3.5, , 
,1803.44,2432,84.0,0.0,11111101,1802.79,2432,17.6,2.06,244.8,1803.12,0.0,3.5, , 
,1804.41,2400,84.0,0.0,11111101,1803.75,2432,0.0,0.00,275.4,1804.08,0.0,3.5, , 
,1805.36,2368,84.0,0.0,11111101,1804.72,2400,0.0,0.00,275.4,1805.04,0.0,3.5, , 
,1806.34,2336,84.0,0.0,11111101,1805.68,2368,0.0,0.00,244.8,1806.01,0.0,3.5, , 
,1807.32,2304,84.0,0.0,11111101,1806.67,2336,0.0,0.00,244.8,1807.00,0.0,3.5, , 
,1808.29,2304,84.0,0.0,11111101,1807.65,2304,0.0,0.00,244.8,1807.96,0.0,3.5, , 
,1809.30,2272,84.0,0.0,11111101,1808.63,2272,0.0,0.00,244.8,1808.97,0.0,3.5, , 
,1810.33,2240,84.0,0.0,11111101,1809.63,2240,0.0,0.00,244.8,1809.98,0.0,3.5, , 
,1811.36,2176,84.0,0.0,11111101,1810.66,2208,0.0,0.00,244.8,1811.02,0.0,3.5, , 
,1812.38,2144,84.0,0.0,11101001,1811.70,2176,0.0,0.00,244.8,1812.05,0.0,3.5, , 
,1813.43,2112,84.0,0.0,11101001,1812.73,2144,17.6,3.09,244.8,1813.07,0.0,3.5, , 
,1814.50,2112,84.0,-1.2,11101001,1813.80,2112,42.7,6.18,499.8,1814.14,0.0,3.5, , 
,1815.53,2112,84.0,-0.4,11101001,1814.83,2112,40.0,5.15,479.4,1815.18,0.0,3.5, , 
,1816.55,2112,84.0,-1.2,11101001,1815.87,2112,40.0,5.15,479.4,1816.21,0.0,3.5, , 
,1817.59,2112,82.5,0.4,11101001,1816.91,2112,44.3,6.18,520.2,1817.24,0.0,3.5, , 
,1818.57,2112,82.5,-0.4,11101001,1817.91,2112,53.3,7.21,612.0,1818.24,0.0,3.5, , 
,1819.62,2144,84.0,1.6,11101001,1818.92,2144,56.1,8.24,652.8,1819.26,0.0,3.5, , 
,1820.63,2144,82.5,0.4,11101001,1819.95,2144,44.3,6.18,550.8,1820.29,0.0,3.5, , 
,1821.70,2144,82.5,-0.4,11101001,1820.99,2144,47.1,6.18,571.2,1821.35,0.0,3.5, , 
,1822.71,2144,82.5,1.2,11101001,1822.05,2144,51.8,7.21,612.0,1822.39,0.0,3.5, , 
,1823.76,2176,82.5,2.7,11101001,1823.06,2144,54.5,8.24,632.4,1823.40,0.0,3.5, , 
,1824.77,2144,82.5,0.0,11101001,1824.09,2144,42.7,5.15,520.2,1824.44,0.0,3.5, , 
,1825.80,2144,82.5,-2.7,11101001,1825.12,2144,32.5,4.12,397.8,1825.46,0.0,3.5, , 
,1826.88,2144,82.5,-2.3,11101001,1826.16,2144,48.6,7.21,571.2,1826.52,0.0,3.5, , 
,1827.92,2176,84.0,1.2,11101001,1827.22,2144,56.1,8.24,632.4,1827.57,0.0,3.5, , 
,1828.94,2176,82.5,3.9,11101001,1828.25,2176,56.1,8.24,652.8,1828.59,0.0,3.5, , 
,1829.93,2208,84.0,3.9,11101001,1829.26,2176,56.1,8.24,632.4,1829.59,0.0,3.5, , 
,1830.96,2208,82.5,5.5,11101001,1830.28,2208,56.1,8.24,652.8,1830.62,0.0,3.9, , 
,1831.97,2240,82.5,5.5,11101001,1831.30,2240,60.4,9.27,693.6,1831.63,0.0,3.9, , 
,1833.00,2240,82.5,5.1,11101001,1832.30,2240,60.4,9.27,693.6,1832.64,0.0,3.9, , 
,1834.02,2272,82.5,4.7,11101001,1833.33,2272,60.4,9.27,693.6,1833.67,0.0,3.9, , 
,1835.04,2304,82.5,3.5,11101001,1834.37,2272,56.1,8.24,652.8,1834.70,0.0,3.9, , 
,1836.04,2272,82.5,-2.3,11101001,1835.38,2304,41.2,6.18,479.4,1835.71,0.0,3.9, , 
,1837.09,2272,82.5,-5.1,11101001,1836.39,2272,31.0,4.12,397.8,1836.74,0.0,3.9, , 
,1838.11,2272,82.5,-7.8,11101001,1837.43,2272,32.5,4.12,397.8,1837.77,0.0,3.9, , 
,1839.14,2240,82.5,-14.1,11101001,1838.44,2272,23.5,3.09,316.2,1838.79,0.0,3.9, , 
,1840.14,2240,82.5,-18.8,11101001,1839.48,2240,20.8,2.06,295.8,1839.81,0.0,3.9, , 
,1841.18,2208,82.5,-20.3,11101001,1840.48,2208,23.5,2.06,316.2,1840.84,0.0,3.9, , 
,1842.23,2208,82.5,-16.4,11101001,1841.53,2208,28.2,3.09,357.0,1841.88,0.0,3.9, , 
,1843.26,2208,82.5,-10.5,11101001,1842.57,2208,35.3,4.12,418.2,1842.92,0.0,3.9, , 
,1844.30,2208,84.0,-6.6,11101001,1843.61,2208,41.2,5.15,499.8,1843.95,0.0,3.9, , 
,1845.34,2208,82.5,-2.3,11101001,1844.63,2208,42.7,6.18,499.8,1844.99,0.0,3.9, , 
,1846.36,2208,82.5,0.8,11101001,1845.67,2208,44.3,6.18,520.2,1846.01,0.0,3.9, , 
,1847.38,2208,82.5,1.2,11101001,1846.72,2208,44.3,6.18,520.2,1847.05,0.0,3.9, , 
,1848.42,2208,82.5,-2.3,11101001,1847.73,2208,42.7,6.18,520.2,1848.07,0.0,3.9, , 
,1849.46,2208,82.5,-5.5,11101001,1848.77,2208,40.0,5.15,479.4,1849.12,0.0,3.9, , 
,1850.47,2240,82.5,-5.5,11101001,1849.80,2208,47.1,6.18,571.2,1850.13,0.0,3.9, , 
,1851.50,2240,82.5,-5.9,11101001,1850.82,2240,50.2,7.21,571.2,1851.16,0.0,3.9, , 
,1852.48,2240,82.5,-4.3,11101001,1851.83,2240,54.5,7.21,632.4,1852.17,0.0,3.9, , 
,1853.47,2272,82.5,-2.3,11101001,1852.81,2240,54.5,7.21,632.4,1853.14,0.0,3.9, , 
,1854.47,2272,82.5,-1.2,11101001,1853.80,2272,54.5,8.24,632.4,1854.13,0.0,3.9, , 
,1855.49,2272,82.5,-2.3,11101001,1854.80,2272,40.0,5.15,479.4,1855.15,0.0,3.9, , 
,1856.50,2272,82.5,-3.5,11101001,1855.83,2272,40.0,5.15,479.4,1856.17,0.0,3.9, , 
,1857.51,2272,82.5,-6.3,11101001,1856.83,2272,40.0,5.15,479.4,1857.18,0.0,3.9, , 
,1858.52,2272,84.0,-9.8,11101001,1857.85,2272,38.4,5.15,459.0,1858.19,0.0,3.9, , 
,1859.49,2240,82.5,-21.5,11101001,1858.83,2240,17.6,2.06,244.8,1859.16,0.0,3.9, , 
,1860.49,2208,82.5,-28.1,11101001,1859.83,2240,16.1,2.06,244.8,1860.16,0.0,3.9, , 
,1861.49,2176,82.5,-30.5,11101001,1860.81,2208,16.1,1.03,244.8,1861.14,0.0,3.9, , 
,1862.49,2144,82.5,0.0,11111101,1861.83,2176,16.1,1.03,244.8,1862.16,0.0,3.9, , 
,1863.54,2112,82.5,0.0,11111101,1862.83,2144,0.0,0.00,244.8,1863.18,0.0,3.9, , 
,1864.61,2080,82.5,0.0,11111101,1863.91,2112,0.0,0.00,244.8,1864.26,0.0,3.9, , 
,1865.62,2016,82.5,0.0,11111101,1864.94,2048,0.0,0.00,244.8,1865.28,0.0,3.9, , 
,1866.69,1952,82.5,0.0,11111111,1865.98,1984,0.0,0.00,244.8,1866.34,0.0,3.9, , 
,1867.75,1888,82.5,0.0,11111111,1867.04,1920,0.0,0.00,275.4,1867.40,0.0,3.9, , 
,1868.78,1856,82.5,0.0,11111111,1868.08,1888,0.0,0.00,275.4,1868.43,0.0,3.9, , 
,1869.84,1824,82.5,0.0,11111111,1869.14,1856,0.0,0.00,295.8,1869.51,0.0,3.9, , 
,1870.86,1760,82.5,0.0,11111111,1870.20,1792,0.0,0.00,295.8,1870.50,0.0,3.9, , 
,1871.89,1728,82.5,0.0,11111111,1871.20,1760,0.0,0.00,316.2,1871.56,-2.3,3.9, , 
,1872.90,1632,82.5,0.0,11111111,1872.20,1696,0.0,0.00,316.2,1872.56,-2.3,3.9, , 
,1873.94,1568,82.5,0.0,11111111,1873.26,1600,0.0,0.00,316.2,1873.61,-2.3,3.9, , 
,1875.01,1472,82.5,0.0,11111111,1874.23,1536,0.0,0.00,316.2,1874.69,-2.3,3.9, , 
,1876.02,1408,82.5,0.0,11111111,1875.36,1440,0.0,0.00,336.6,1875.68,-2.3,0.0, , 
,1876.93,864,82.5,0.0,11111111,1876.33,1376,0.0,0.00,336.6,1876.62,-3.1,0.0, , 
,1877.90,928,82.5,0.0,11111111,1877.24,928,34.1,5.15,459.0,1877.56,-3.1,0.0, , 
,1878.97,2080,82.5,-1.2,11101001,1878.24,1056,25.1,3.09,357.0,1878.61,-2.3,0.0, , 
,1880.05,2016,82.5,-4.7,11101001,1879.32,2016,17.6,2.06,275.4,1879.68,0.0,3.9, , 
,1881.10,1984,82.5,-9.4,11101011,1880.39,1984,25.1,3.09,336.6,1880.74,0.0,3.9, , 
,1882.20,1952,82.5,-13.7,11101011,1881.47,1984,25.1,3.09,336.6,1881.84,0.0,3.9, , 
,1883.29,1952,82.5,-18.4,11101011,1882.56,1952,25.1,3.09,336.6,1882.93,0.0,3.9, , 
,1884.39,2016,82.5,-11.3,11101001,1883.65,1984,35.3,4.12,438.6,1884.03,0.0,3.9, , 
,1885.49,2016,82.5,-9.8,11101001,1884.76,2016,38.4,5.15,459.0,1885.13,0.0,3.9, , 
,1886.53,2048,82.5,-10.2,11101001,1885.84,2048,29.4,4.12,377.4,1886.19,0.0,3.9, , 
,1887.57,2080,82.5,-10.5,11101001,1886.87,2048,28.2,3.09,377.4,1887.22,0.0,3.9, , 
,1888.61,2112,82.5,-10.5,11101001,1887.92,2080,29.4,4.12,377.4,1888.28,0.0,3.9, , 
,1889.60,2112,81.0,-10.2,11101001,1888.94,2112,29.4,3.09,377.4,1889.27,0.0,3.9, , 
,1890.65,2144,81.0,-10.9,11101001,1889.95,2144,28.2,3.09,357.0,1890.29,0.0,3.9, , 
,1891.70,2176,81.0,-10.5,11101001,1891.01,2176,28.2,3.09,357.0,1891.36,0.0,3.9, , 
,1892.73,2208,81.0,-10.9,11101001,1892.04,2208,26.7,3.09,357.0,1892.38,0.0,3.1, , 
,1893.80,2240,81.0,-10.9,11101001,1893.08,2208,28.2,3.09,357.0,1893.43,0.0,3.1, , 
,1894.82,2272,81.0,-10.2,11101001,1894.13,2240,26.7,3.09,357.0,1894.47,0.0,3.1, , 
,1895.88,2336,81.0,-9.0,11101001,1895.18,2304,26.7,3.09,336.6,1895.54,0.0,3.1, , 
,1896.91,2400,81.0,-8.6,11101001,1896.23,2336,25.1,3.09,336.6,1896.58,0.0,3.1, , 
,1897.96,2464,81.0,-2.7,11101001,1897.24,2400,29.4,4.12,357.0,1897.60,0.0,3.1, , 
,1898.95,2560,81.0,2.0,11101001,1898.30,2496,42.7,6.18,499.8,1898.63,0.0,3.1, , 
,1899.99,2688,81.0,4.7,11101001,1899.30,2592,47.1,7.21,550.8,1899.63,0.0,3.1, , 
,1901.01,2560,81.0,0.0,11111101,1900.32,2720,48.6,7.21,550.8,1900.68,0.0,3.1, , 
,1901.91,1184,81.0,0.0,11111111,1901.34,2048,0.0,0.00,295.8,1901.62,-2.3,3.1, , 
,1902.91,2144,81.0,0.0,11101001,1902.22,992,26.7,4.12,377.4,1902.55,-2.3,0.0, , 
,1903.93,2112,81.0,-10.9,11101001,1903.26,2112,16.1,2.06,244.8,1903.60,0.0,3.1, , 
,1904.95,2176,81.0,0.0,11101001,1904.28,2144,23.5,3.09,316.2,1904.61,0.0,3.1, , 
,1905.96,2272,81.0,-0.4,11101001,1905.29,2208,50.2,7.21,591.6,1905.63,0.0,3.1, , 
,1906.98,2368,81.0,3.1,11101001,1906.30,2304,59.2,9.27,673.2,1906.65,0.0,3.1, , 
,1908.00,2464,81.0,7.0,11101001,1907.31,2400,60.4,9.27,673.2,1907.67,0.0,3.1, , 
,1908.98,2560,82.5,8.6,11101001,1908.32,2496,60.4,9.27,673.2,1908.66,0.0,3.1, , 
,1910.02,2656,82.5,9.4,11101001,1909.31,2592,57.6,9.27,652.8,1909.67,0.0,3.1, , 
,1911.02,2720,82.5,11.7,11101001,1910.36,2656,63.5,10.30,714.0,1910.70,0.0,3.1, , 
,1912.04,2784,82.5,13.7,11101001,1911.35,2752,62.0,10.30,693.6,1911.69,0.0,3.1, , 
,1913.09,2848,82.5,14.5,11101001,1912.40,2816,62.0,10.30,673.2,1912.76,0.0,3.1, , 
,1914.06,2880,82.5,13.3,11101001,1913.42,2848,63.5,11.33,714.0,1913.75,0.0,3.1, , 
,1915.06,2944,82.5,9.4,11101001,1914.36,2912,69.4,11.33,754.8,1914.79,0.0,3.1, , 
,1915.92,3008,82.5,0.0,11101001,1915.35,2976,75.3,12.36,826.2,1915.65,0.0,3.1, , 
,1916.97,1792,82.5,0.0,11111111,1916.26,2784,0.0,0.00,316.2,1916.60,0.0,3.1, , 
,1917.98,2272,82.5,0.0,11101001,1917.30,1472,23.5,4.12,336.6,1917.63,0.0,3.1, , 
,1918.95,2272,82.5,0.0,11101001,1918.31,2272,56.1,9.27,612.0,1918.63,0.0,3.1, , 
,1919.93,2304,82.5,-1.2,11101001,1919.28,2304,85.5,14.42,928.2,1919.59,0.0,3.1, , 
,1920.97,2368,82.5,-1.6,11101001,1920.28,2336,85.5,13.39,928.2,1920.62,0.0,3.1, , 
,1921.96,2400,82.5,-1.6,11101001,1921.30,2368,85.5,13.39,928.2,1921.61,0.0,3.1, , 
,1923.03,2432,82.5,-1.6,11101001,1922.33,2400,84.3,13.39,928.2,1922.65,0.0,3.1, , 
,1924.07,2464,82.5,0.8,11101001,1923.38,2432,82.7,13.39,907.8,1923.72,0.0,3.1, , 
,1925.16,2464,82.5,4.3,11101001,1924.44,2464,78.4,12.36,846.6,1924.81,0.0,3.1, , 
,1926.26,2464,82.5,6.3,11101001,1925.51,2464,76.9,12.36,846.6,1925.88,0.0,3.1, , 
,1927.35,2464,82.5,5.9,11101001,1926.63,2464,69.4,11.33,775.2,1926.98,0.0,3.1, , 
,1928.43,2464,82.5,5.9,11101001,1927.70,2464,56.1,8.24,632.4,1928.06,0.0,3.1, , 
,1929.46,2464,84.0,5.1,11101001,1928.77,2464,57.6,9.27,652.8,1929.12,0.0,3.1, , 
,1930.54,2464,84.0,2.0,11101001,1929.83,2464,48.6,7.21,571.2,1930.18,0.0,3.1, , 
,1931.62,2464,82.5,-0.8,11101001,1930.90,2464,48.6,7.21,571.2,1931.25,0.0,3.1, , 
,1932.65,2464,84.0,-0.8,11101001,1931.97,2464,45.9,6.18,520.2,1932.31,0.0,3.1, , 
,1933.71,2464,84.0,-2.3,11101001,1933.01,2464,41.2,6.18,479.4,1933.36,0.0,3.1, , 
,1934.78,2464,84.0,-3.5,11101001,1934.05,2464,38.4,5.15,459.0,1934.42,0.0,3.1, , 
,1935.83,2464,84.0,-2.7,11101001,1935.14,2464,40.0,5.15,459.0,1935.50,0.0,3.1, , 
,1936.88,2464,84.0,-4.3,11101001,1936.17,2464,36.9,5.15,459.0,1936.53,0.0,3.1, , 
,1937.91,2464,84.0,-3.5,11101001,1937.22,2464,38.4,5.15,459.0,1937.55,0.0,3.1, , 
,1938.94,2432,84.0,-4.3,11101001,1938.25,2464,29.4,4.12,377.4,1938.59,0.0,3.1, , 
,1939.99,2432,82.5,-2.7,11101001,1939.28,2432,42.7,6.18,499.8,1939.62,0.0,3.1, , 
,1941.02,2432,84.0,-3.1,11101001,1940.35,2432,42.7,6.18,499.8,1940.69,0.0,3.1, , 
,1942.09,2432,84.0,-3.1,11101001,1941.37,2432,44.3,6.18,499.8,1941.75,0.0,3.1, , 
,1943.14,2432,84.0,-4.7,11101001,1942.45,2432,45.9,6.18,520.2,1942.81,0.0,3.1, , 
,1944.16,2432,84.0,-2.0,11101001,1943.48,2432,59.2,8.24,652.8,1943.82,0.0,3.1, , 
,1945.22,2464,84.0,3.1,11101001,1944.50,2464,59.2,8.24,652.8,1944.85,0.0,3.1, , 
,1946.26,2496,84.0,2.3,11101001,1945.55,2464,56.1,8.24,632.4,1945.90,0.0,3.1, , 
,1947.36,2496,84.0,-0.4,11101001,1946.62,2496,47.1,7.21,550.8,1946.99,0.0,3.1, , 
,1948.38,2496,84.0,-1.6,11101001,1947.71,2496,47.1,7.21,550.8,1948.05,0.0,3.1, , 
,1949.41,2528,84.0,-2.0,11101001,1948.70,2528,47.1,6.18,550.8,1949.06,0.0,3.1, , 
,1950.43,2560,84.0,-2.3,11101001,1949.74,2528,47.1,6.18,550.8,1950.08,0.0,3.1, , 
,1951.44,2560,84.0,-1.6,11101001,1950.77,2560,47.1,7.21,550.8,1951.10,0.0,3.1, , 
,1952.45,2592,84.0,-0.8,11101001,1951.77,2560,47.1,6.18,550.8,1952.10,0.0,3.1, , 
,1953.44,2592,84.0,-0.8,11101001,1952.77,2592,47.1,6.18,550.8,1953.09,0.0,3.1, , 
,1954.42,2592,84.0,-1.2,11101001,1953.75,2592,45.9,6.18,550.8,1954.07,0.0,3.1, , 
,1955.41,2592,84.0,-2.3,11101001,1954.76,2592,45.9,6.18,520.2,1955.09,0.0,3.1, , 
,1956.41,2592,84.0,-3.5,11101001,1955.73,2592,34.1,4.12,418.2,1956.08,0.0,3.1, , 
,1957.38,2560,84.0,-9.4,11101001,1956.73,2592,29.4,3.09,377.4,1957.08,0.0,3.1, , 
,1958.39,2560,84.0,-10.2,11101001,1957.71,2560,22.0,3.09,295.8,1958.04,0.0,3.1, , 
,1959.40,2528,84.0,-7.8,11101001,1958.71,2528,35.3,4.12,418.2,1959.06,0.0,3.1, , 
,1960.45,2528,84.0,-6.3,11101001,1959.75,2528,40.0,5.15,459.0,1960.11,0.0,3.1, , 
,1961.46,2496,84.0,-2.3,11101001,1960.79,2496,40.0,5.15,479.4,1961.13,0.0,3.1, , 
,1962.47,2496,84.0,0.8,11101001,1961.80,2496,40.0,5.15,459.0,1962.14,0.0,3.1, , 
,1963.54,2464,84.0,0.8,11101001,1962.82,2496,40.0,5.15,479.4,1963.18,0.0,3.1, , 
,1964.60,2464,84.0,1.2,11101001,1963.89,2464,40.0,5.15,459.0,1964.23,0.0,3.1, , 
,1965.69,2464,84.0,0.4,11101001,1964.96,2464,40.0,5.15,479.4,1965.32,0.0,3.1, , 
,1966.75,2464,84.0,0.0,11101001,1966.03,2464,40.0,5.15,479.4,1966.42,0.0,3.1, , 
,1967.86,2464,84.0,0.4,11101001,1967.10,2464,40.0,5.15,479.4,1967.49,0.0,3.1, , 
,1968.92,2496,84.0,-0.8,11101001,1968.21,2464,40.0,5.15,459.0,1968.58,0.0,3.1, , 
,1969.95,2496,84.0,-0.4,11101001,1969.28,2496,40.0,5.15,459.0,1969.62,0.0,3.1, , 
,1970.99,2496,84.0,0.8,11101001,1970.30,2496,40.0,5.15,479.4,1970.67,0.0,3.1, , 
,1972.06,2496,84.0,0.0,11101001,1971.35,2496,40.0,5.15,459.0,1971.72,0.0,3.1, , 
,1973.10,2496,84.0,0.0,11101001,1972.40,2496,40.0,5.15,459.0,1972.75,0.0,3.1, , 
,1974.14,2496,84.0,1.2,11101001,1973.43,2496,40.0,5.15,459.0,1973.79,0.0,3.1, , 
,1975.17,2496,84.0,0.8,11101001,1974.48,2496,40.0,5.15,459.0,1974.85,0.0,3.1, , 
,1976.20,2528,84.0,3.9,11101001,1975.49,2496,48.6,7.21,550.8,1975.85,0.0,3.1, , 
,1977.24,2528,84.0,5.5,11101001,1976.57,2528,47.1,7.21,550.8,1976.91,0.0,3.1, , 
,1978.28,2528,84.0,3.5,11101001,1977.57,2528,48.6,7.21,550.8,1977.93,0.0,3.1, , 
,1979.37,2528,84.0,1.6,11101001,1978.65,2528,47.1,7.21,550.8,1979.00,0.0,3.1, , 
,1980.40,2528,84.0,0.8,11101001,1979.71,2528,47.1,7.21,550.8,1980.05,0.0,3.1, , 
,1981.44,2528,84.0,0.4,11101001,1980.75,2528,48.6,7.21,550.8,1981.08,0.0,3.1, , 
,1982.46,2528,84.0,0.4,11101001,1981.80,2528,47.1,7.21,550.8,1982.13,0.0,3.1, , 
,1983.51,2528,84.0,0.8,11101001,1982.82,2528,47.1,7.21,550.8,1983.17,0.0,3.1, , 
,1984.55,2528,84.0,0.8,11101001,1983.85,2528,47.1,7.21,550.8,1984.20,0.0,3.1, , 
,1985.58,2528,84.0,1.2,11101001,1984.89,2528,47.1,7.21,550.8,1985.24,0.0,3.1, , 
,1986.60,2528,84.0,0.8,11101001,1985.92,2528,47.1,7.21,550.8,1986.26,0.0,3.1, , 
,1987.62,2560,84.0,1.2,11101001,1986.94,2560,47.1,7.21,550.8,1987.28,0.0,3.1, , 
,1988.64,2528,84.0,0.8,11101001,1987.96,2528,47.1,7.21,550.8,1988.29,0.0,3.1, , 
,1989.68,2528,84.0,1.2,11101001,1988.98,2528,47.1,7.21,550.8,1989.34,0.0,3.1, , 
,1990.76,2528,84.0,1.2,11101001,1990.04,2528,42.7,6.18,499.8,1990.39,0.0,3.1, , 
,1991.82,2528,84.0,1.2,11101001,1991.11,2528,42.7,6.18,499.8,1991.47,0.0,3.1, , 
,1992.82,2528,84.0,0.8,11101001,1992.16,2528,42.7,6.18,499.8,1992.49,0.0,3.1, , 
,1993.88,2528,84.0,1.6,11101001,1993.18,2528,42.7,6.18,499.8,1993.54,0.0,3.1, , 
,1994.88,2528,84.0,0.0,11111101,1994.21,2528,42.7,6.18,499.8,1994.56,0.0,3.1, , 
,1995.84,2496,84.0,0.0,11111101,1995.21,2528,19.2,2.06,275.4,1995.51,0.0,3.1, , 
,1996.87,2464,84.0,0.0,11111101,1996.20,2496,0.0,0.00,244.8,1996.54,0.0,3.1, , 
,1997.81,2432,84.0,0.0,11111101,1997.19,2464,0.0,0.00,244.8,1997.50,0.0,3.1, , 
,1998.80,2400,84.0,0.0,11101001,1998.14,2432,17.6,3.09,244.8,1998.47,0.0,3.1, , 
,1999.77,2400,84.0,-9.8,11101001,1999.11,2400,17.6,2.06,244.8,1999.43,0.0,3.1, , 
,2000.79,2400,84.0,-15.6,11101001,2000.13,2400,19.2,2.06,275.4,2000.46,0.0,3.1, , 
,2001.79,2368,84.0,-21.5,11101001,2001.14,2400,17.6,2.06,244.8,2001.46,0.0,3.1, , 
,2002.77,2368,84.0,-25.0,11101001,2002.12,2368,17.6,2.06,244.8,2002.45,0.0,3.1, , 
,2003.79,2368,84.0,-27.3,11101001,2003.09,2400,17.6,2.06,244.8,2003.43,0.0,3.1, , 
,2004.84,2336,84.0,-25.8,11101001,2004.13,2368,19.2,2.06,275.4,2004.50,0.0,3.1, , 
,2005.89,2368,84.0,-13.3,11101001,2005.17,2368,41.2,4.12,479.4,2005.51,0.0,3.1, , 
,2006.89,2368,84.0,-5.1,11101001,2006.21,2368,51.8,6.18,591.6,2006.58,0.0,3.1, , 
,2007.90,2400,84.0,3.5,11101001,2007.21,2400,56.1,8.24,632.4,2007.58,0.0,3.1, , 
,2008.92,2400,84.0,8.6,11101001,2008.22,2400,57.6,9.27,652.8,2008.59,0.0,3.1, , 
,2009.99,2400,84.0,10.9,11101001,2009.27,2400,57.6,9.27,652.8,2009.63,0.0,3.1, , 
,2011.04,2400,84.0,11.7,11101001,2010.36,2400,62.0,10.30,693.6,2010.68,0.0,3.1, , 
,2012.09,2432,84.0,10.9,11101001,2011.40,2400,67.8,11.33,754.8,2011.75,0.0,3.1, , 
,2013.10,2400,84.0,0.0,11101001,2012.43,2432,63.5,10.30,714.0,2012.77,0.0,3.1, , 
,2014.12,2368,84.0,1.2,11101001,2013.43,2400,45.9,6.18,550.8,2013.76,0.0,3.1, , 
,2015.15,2336,84.0,1.2,11101001,2014.46,2368,45.9,6.18,520.2,2014.81,0.0,3.1, , 
,2016.17,2336,82.5,0.8,11101001,2015.50,2336,48.6,7.21,571.2,2015.84,0.0,3.1, , 
,2017.15,2336,84.0,4.3,11101001,2016.50,2336,53.3,8.24,612.0,2016.82,0.0,3.1, , 
,2018.15,2336,84.0,0.0,11101001,2017.49,2336,62.0,9.27,693.6,2017.83,0.0,3.1, , 
,2019.16,2272,84.0,0.0,11111101,2018.49,2304,20.8,3.09,295.8,2018.82,0.0,3.1, , 
,2020.16,2208,84.0,0.0,11111101,2019.48,2272,0.0,0.00,244.8,2019.81,0.0,3.1, , 
,2021.15,2176,82.5,0.0,11111101,2020.50,2208,0.0,0.00,244.8,2020.82,0.0,3.1, , 
,2022.18,2112,84.0,0.0,11101001,2021.49,2144,0.0,0.00,244.8,2021.85,0.0,3.1, , 
,2023.21,2144,84.0,0.0,11101001,2022.53,2144,25.1,3.09,316.2,2022.87,0.0,3.1, , 
,2024.23,2176,84.0,1.2,11101001,2023.57,2144,71.0,11.33,775.2,2023.90,0.0,3.1, , 
,2025.25,2208,84.0,4.3,11101001,2024.56,2176,69.4,10.30,775.2,2024.90,0.0,3.1, , 
,2026.28,2240,84.0,4.7,11101001,2025.59,2208,69.4,11.33,775.2,2025.94,0.0,3.1, , 
,2027.26,2272,84.0,5.5,11101001,2026.61,2272,72.2,11.33,795.6,2026.94,0.0,3.1, , 
,2028.27,2304,84.0,6.3,11101001,2027.60,2304,69.4,11.33,775.2,2027.94,0.0,3.1, , 
,2029.26,2336,82.5,7.0,11101001,2028.59,2304,65.1,10.30,734.4,2028.94,0.0,3.1, , 
,2030.27,2336,84.0,0.4,11101001,2029.59,2336,47.1,6.18,550.8,2029.93,0.0,3.1, , 
,2031.29,2304,82.5,0.8,11101001,2030.59,2336,45.9,6.18,520.2,2030.94,0.0,3.1, , 
,2032.29,2304,84.0,-1.2,11101001,2031.62,2304,32.5,4.12,397.8,2031.96,0.0,3.1, , 
,2033.29,2272,84.0,-6.3,11101001,2032.63,2272,25.1,3.09,336.6,2032.96,0.0,3.1, , 
,2034.31,2240,82.5,-18.4,11101001,2033.63,2272,16.1,2.06,244.8,2033.98,0.0,3.1, , 
,2035.33,2240,84.0,-8.2,11101001,2034.65,2240,16.1,2.06,244.8,2034.98,0.0,3.1, , 
,2036.36,2208,84.0,-12.5,11101001,2035.67,2240,16.1,1.03,244.8,2036.01,0.0,3.1, , 
,2037.38,2240,82.5,-3.5,11101001,2036.70,2208,22.0,2.06,295.8,2037.04,0.0,3.1, , 
,2038.39,2272,82.5,14.8,11101001,2037.71,2240,45.9,4.12,550.8,2038.04,0.0,3.1, , 
,2039.42,2304,84.0,28.1,11101001,2038.73,2272,44.3,5.15,520.2,2039.07,0.0,3.1, , 
,2040.44,2304,82.5,35.2,11101001,2039.75,2304,44.3,5.15,520.2,2040.10,0.0,3.1, , 
,2041.45,2336,84.0,31.3,11101001,2040.80,2304,50.2,7.21,591.6,2041.12,0.0,3.1, , 
,2042.42,2336,82.5,35.2,11101001,2041.78,2336,60.4,8.24,673.2,2042.10,0.0,3.1, , 
,2043.42,2368,84.0,8.2,11101001,2042.76,2336,67.8,10.30,754.8,2043.09,0.0,3.1, , 
,2044.46,2368,82.5,11.3,11101001,2043.76,2368,69.4,10.30,775.2,2044.12,0.0,3.1, , 
,2045.51,2368,82.5,13.3,11101001,2044.82,2368,67.8,11.33,754.8,2045.17,0.0,3.1, , 
,2046.52,2336,82.5,3.1,11101001,2045.85,2368,42.7,5.15,499.8,2046.17,0.0,3.1, , 
,2047.53,2272,82.5,5.5,11101001,2046.85,2304,41.2,5.15,499.8,2047.18,0.0,3.1, , 
,2048.56,2240,82.5,9.0,11101001,2047.87,2272,42.7,6.18,499.8,2048.21,0.0,3.1, , 
,2049.60,2240,82.5,11.3,11101001,2048.92,2240,42.7,6.18,499.8,2049.26,0.0,3.1, , 
,2050.63,2208,82.5,11.7,11101001,2049.96,2240,42.7,6.18,520.2,2050.29,0.0,3.1, , 
,2051.67,2208,82.5,12.9,11101001,2050.97,2208,50.2,7.21,591.6,2051.32,0.0,3.1, , 
,2052.68,2208,82.5,12.5,11101001,2052.02,2208,59.2,9.27,673.2,2052.35,0.0,3.1, , 
,2053.70,2240,82.5,10.2,11101001,2053.03,2208,59.2,9.27,673.2,2053.37,0.0,3.1, , 
,2054.69,2240,82.5,9.4,11101001,2054.04,2240,59.2,9.27,673.2,2054.37,0.0,3.1, , 
,2055.71,2240,82.5,9.0,11101001,2055.03,2240,60.4,9.27,673.2,2055.37,0.0,3.1, , 
,2056.74,2272,82.5,9.4,11101001,2056.04,2272,60.4,9.27,693.6,2056.40,0.0,3.1, , 
,2057.77,2272,82.5,6.6,11101001,2057.08,2272,62.0,9.27,693.6,2057.42,0.0,3.1, , 
,2058.81,2272,82.5,6.6,11101001,2058.10,2272,62.0,9.27,693.6,2058.48,0.0,3.1, , 
,2059.82,2304,82.5,6.6,11101001,2059.14,2272,62.0,9.27,693.6,2059.48,0.0,3.1, , 
,2060.85,2304,84.0,7.0,11101001,2060.17,2304,62.0,9.27,693.6,2060.51,0.0,3.1, , 
,2061.88,2336,84.0,7.0,11101001,2061.18,2304,60.4,9.27,693.6,2061.52,0.0,3.1, , 
,2062.91,2336,84.0,7.4,11101001,2062.20,2336,60.4,9.27,693.6,2062.54,0.0,3.1, , 
,2063.93,2368,84.0,5.5,11101001,2063.25,2336,54.5,8.24,632.4,2063.59,0.0,3.1, , 
,2064.95,2368,84.0,3.5,11101001,2064.27,2368,41.2,6.18,499.8,2064.60,0.0,3.1, , 
,2066.04,2400,82.5,0.4,11101001,2065.35,2400,41.2,6.18,499.8,2065.71,0.0,3.1, , 
,2067.12,2400,84.0,-0.8,11101001,2066.40,2400,41.2,5.15,479.4,2066.77,0.0,3.1, , 
,2068.12,2400,84.0,-2.3,11101001,2067.45,2400,40.0,5.15,479.4,2067.79,0.0,3.1, , 
,2069.16,2400,84.0,-5.5,11101001,2068.48,2400,29.4,4.12,377.4,2068.82,0.0,3.1, , 
,2070.17,2368,84.0,-5.9,11101001,2069.47,2400,29.4,4.12,377.4,2069.79,0.0,3.1, , 
,2071.23,2368,84.0,-5.1,11101001,2070.55,2368,29.4,4.12,377.4,2070.88,0.0,3.1, , 
,2072.26,2336,84.0,-1.6,11101001,2071.61,2368,31.0,4.12,377.4,2071.94,0.0,3.1, , 
,2073.27,2304,84.0,-1.2,11101001,2072.59,2336,29.4,4.12,377.4,2072.94,0.0,3.1, , 
,2074.29,2304,84.0,1.2,11101001,2073.60,2304,29.4,4.12,377.4,2073.96,0.0,3.1, , 
,2075.30,2304,84.0,5.1,11101001,2074.63,2304,35.3,5.15,438.6,2074.96,0.0,3.1, , 
,2076.31,2304,84.0,9.0,11101001,2075.62,2304,42.7,6.18,499.8,2075.98,0.0,3.1, , 
,2077.34,2304,84.0,11.7,11101001,2076.64,2304,44.3,6.18,520.2,2076.98,0.0,3.1, , 
,2078.34,2336,84.0,10.9,11101001,2077.67,2336,47.1,7.21,550.8,2078.02,0.0,3.1, , 
,2079.34,2336,84.0,10.2,11101001,2078.68,2336,47.1,6.18,550.8,2079.01,0.0,3.1, , 
,2080.37,2336,84.0,8.6,11101001,2079.69,2336,45.9,6.18,520.2,2080.03,0.0,3.1, , 
,2081.40,2336,84.0,-0.4,11101001,2080.71,2336,29.4,4.12,377.4,2081.06,0.0,3.1, , 
,2082.39,2304,84.0,-9.0,11101001,2081.73,2304,19.2,2.06,275.4,2082.07,0.0,3.1, , 
,2083.40,2272,84.0,-14.8,11111101,2082.73,2272,19.2,2.06,275.4,2083.07,0.0,3.1, , 
,2084.36,2208,84.0,0.0,11111101,2083.72,2272,0.0,0.00,244.8,2084.05,0.0,3.1, , 
,2085.39,2176,84.0,0.0,11111101,2084.70,2208,0.0,0.00,244.8,2085.05,0.0,3.1, , 
,2086.39,2112,84.0,0.0,11111101,2085.72,2144,0.0,0.00,244.8,2086.04,0.0,3.1, , 
,2087.43,2112,84.0,0.0,11111101,2086.75,2112,0.0,0.00,244.8,2087.09,0.0,3.1, , 
,2088.45,2080,84.0,0.0,11111101,2087.77,2080,0.0,0.00,244.8,2088.10,0.0,3.1, , 
,2089.49,2048,84.0,0.0,11111101,2088.79,2048,0.0,0.00,244.8,2089.14,0.0,3.1, , 
,2090.54,2016,84.0,0.0,11111101,2089.83,2048,0.0,0.00,244.8,2090.18,0.0,3.1, , 
,2091.60,1952,84.0,0.0,11111111,2090.90,1984,0.0,0.00,244.8,2091.25,0.0,3.1, , 
,2092.65,1920,84.0,0.0,11111111,2091.96,1952,0.0,0.00,275.4,2092.32,0.0,3.1, , 
,2093.68,1120,82.5,0.0,11111111,2093.02,1888,0.0,0.00,275.4,2093.39,-2.3,3.1, , 
,2094.61,928,82.5,0.0,11111111,2094.00,864,29.4,5.15,397.8,2094.29,-3.1,0.0, , 
,2095.54,896,82.5,0.0,11111111,2094.92,896,26.7,4.12,377.4,2095.23,-3.9,0.0, , 
,2096.46,896,82.5,0.8,11111111,2095.84,896,26.7,3.09,377.4,2096.15,-3.9,0.0, , 
,2097.39,896,82.5,3.5,11111111,2096.77,864,28.2,3.09,397.8,2097.07,-3.9,0.0, , 
,2098.34,896,82.5,4.7,11111111,2097.73,896,28.2,4.12,397.8,2098.03,-3.9,0.0, , 
,2099.26,896,82.5,4.7,11111111,2098.65,896,26.7,3.09,397.8,2098.95,-3.9,0.0, , 
,2100.20,896,82.5,3.5,11111111,2099.58,896,26.7,3.09,397.8,2099.91,-3.9,0.0, , 
,2101.14,896,82.5,2.7,11111111,2100.50,896,26.7,3.09,377.4,2100.83,-3.9,0.0, , 
,2102.05,864,82.5,1.2,11111111,2101.46,896,25.1,3.09,377.4,2101.76,-3.9,0.0, , 
,2102.96,896,82.5,0.0,11111111,2102.35,896,25.1,3.09,377.4,2102.64,-3.1,0.0, , 
,2103.87,864,82.5,-0.8,11111111,2103.26,896,26.7,3.09,377.4,2103.56,-3.1,0.0, , 
,2104.78,896,82.5,0.0,11111111,2104.18,896,26.7,3.09,377.4,2104.48,-3.1,0.0, , 
,2105.67,864,82.5,0.8,11111111,2105.07,896,26.7,3.09,377.4,2105.37,-3.9,0.0, , 
,2106.63,896,82.5,2.0,11111111,2105.98,864,26.7,3.09,377.4,2106.31,-3.1,0.0, , 
,2107.56,896,82.5,2.3,11111111,2106.94,896,26.7,3.09,377.4,2107.26,-3.1,0.0, , 
,2108.55,896,82.5,2.3,11111111,2107.89,896,26.7,3.09,377.4,2108.23,-3.1,0.0, , 
,2109.48,896,82.5,2.3,11111111,2108.85,896,25.1,3.09,377.4,2109.15,-3.1,0.0, , 
,2110.46,896,84.0,1.6,11111111,2109.81,896,26.7,3.09,377.4,2110.14,-3.1,0.0, , 
,2111.35,896,84.0,1.6,11111111,2110.75,896,26.7,3.09,377.4,2111.05,-3.1,0.0, , 
,2112.28,864,84.0,2.0,11111111,2111.64,864,26.7,3.09,377.4,2111.97,-3.1,0.0, , 
,2113.19,864,84.0,1.6,11111111,2112.57,896,25.1,3.09,377.4,2112.88,-3.1,0.0, , 
,2114.09,864,84.0,1.2,11111111,2113.49,896,25.1,3.09,377.4,2113.79,-3.1,0.0, , 
,2115.00,896,84.0,1.6,11111111,2114.41,896,26.7,3.09,377.4,2114.72,-3.1,0.0, , 
,2115.95,896,82.5,2.0,11111111,2115.33,896,26.7,3.09,377.4,2115.63,-3.1,0.0, , 
,2116.91,896,82.5,2.3,11111111,2116.26,896,26.7,3.09,377.4,2116.60,-3.1,0.0, , 
,2117.80,896,84.0,2.3,11111111,2117.20,864,26.7,3.09,377.4,2117.52,-3.1,0.0, , 
,2118.69,896,84.0,2.7,11111111,2118.09,864,26.7,3.09,397.8,2118.38,-2.3,0.0, , 
,2119.61,896,84.0,3.5,11111111,2118.99,896,26.7,3.09,377.4,2119.29,-2.3,0.0, , 
,2120.55,768,82.5,4.3,11111111,2119.92,832,25.1,3.09,377.4,2120.23,-3.1,0.0, , 
,2121.43,800,82.5,3.9,11111111,2120.85,800,28.2,3.09,418.2,2121.14,-3.1,0.0, , 
,2122.34,768,82.5,3.9,11111111,2121.73,800,26.7,3.09,397.8,2122.03,-3.1,0.0, , 
,2123.24,800,82.5,4.3,11111111,2122.64,768,28.2,3.09,418.2,2122.95,-3.1,0.0, , 
,2124.14,768,82.5,4.7,11111111,2123.53,768,26.7,3.09,397.8,2123.83,-3.1,0.0, , 
,2125.05,768,82.5,5.1,11111111,2124.43,800,28.2,3.09,418.2,2124.75,-3.1,0.0, , 
,2125.93,800,82.5,5.5,11111111,2125.34,800,28.2,3.09,418.2,2125.63,-3.1,0.0, , 
,2126.83,768,82.5,5.5,11111111,2126.23,800,26.7,3.09,397.8,2126.53,-3.1,0.0, , 
,2127.75,800,82.5,5.5,11111111,2127.13,800,28.2,3.09,397.8,2127.43,-3.1,0.0, , 
,2128.64,768,82.5,5.5,11111111,2128.05,768,28.2,3.09,418.2,2128.34,-3.1,0.0, , 
,2129.54,768,82.5,5.5,11111111,2128.94,800,28.2,3.09,418.2,2129.24,-3.1,0.0, , 
,2130.45,800,82.5,5.1,11111111,2129.85,800,28.2,3.09,418.2,2130.14,-3.1,0.0, , 
,2131.34,800,82.5,4.7,11111111,2130.75,768,28.2,3.09,418.2,2131.04,-3.1,0.0, , 
,2132.25,1024,82.5,0.0,11101011,2131.62,800,26.7,3.09,397.8,2131.93,-2.3,0.0, , 
,2133.21,1184,82.5,2.3,11101011,2132.61,1664,34.1,4.12,438.6,2132.91,-1.6,3.1, , 
,2134.14,896,82.5,0.0,11101011,2133.54,1184,44.3,5.15,571.2,2133.85,-1.6,0.0, , 
,2135.14,1440,82.5,-0.4,11101011,2134.45,1088,50.2,6.18,612.0,2134.80,-1.6,0.0, , 
,2136.21,1600,82.5,0.0,11111111,2135.50,1632,47.1,6.18,571.2,2135.87,0.0,3.1, , 
,2137.16,1152,82.5,0.0,11111111,2136.53,1120,26.7,4.12,377.4,2136.85,-2.3,0.0, , 
,2138.07,896,82.5,0.0,11111111,2137.45,1120,22.0,3.09,336.6,2137.77,-3.1,0.0, , 
,2139.01,864,82.5,0.0,11111111,2138.37,832,25.1,3.09,377.4,2138.70,-3.1,0.0, , 
,2139.93,864,82.5,-0.4,11111111,2139.32,864,26.7,3.09,397.8,2139.62,-2.3,0.0, , 
,2140.83,864,82.5,3.9,11101011,2140.22,832,29.4,3.09,418.2,2140.52,-2.3,0.0, , 
,2141.79,960,82.5,4.7,11101011,2141.13,896,41.2,5.15,520.2,2141.44,-1.6,0.0, , 
,2142.74,1088,82.5,7.4,11101011,2142.11,992,44.3,6.18,571.2,2142.44,-1.6,0.0, , 
,2143.68,1216,82.5,9.4,11101011,2143.05,1120,44.3,6.18,550.8,2143.35,-1.6,0.0, , 
,2144.71,1376,82.5,10.2,11101011,2144.02,1248,45.9,6.18,571.2,2144.36,-1.6,0.0, , 
,2145.84,1536,82.5,10.2,11111111,2145.04,1408,40.0,5.15,499.8,2145.50,-1.6,0.0, , 
,2146.74,1088,82.5,0.0,11111111,2146.15,1536,0.0,0.00,377.4,2146.45,-2.3,0.0, , 
,2147.65,1024,82.5,0.0,11111111,2147.04,1120,26.7,4.12,377.4,2147.36,-2.3,0.0, , 
,2148.58,864,82.5,0.0,11111111,2147.97,960,22.0,3.09,336.6,2148.28,-3.1,0.0, , 
,2149.48,864,82.5,-0.4,11111111,2148.87,864,26.7,3.09,377.4,2149.17,-2.3,0.0, , 
,2150.38,864,82.5,0.4,11111111,2149.79,864,26.7,3.09,397.8,2150.09,-2.3,0.0, , 
,2151.29,864,82.5,2.3,11111111,2150.68,864,28.2,3.09,397.8,2150.98,-2.3,0.0, , 
,2152.22,896,82.5,4.3,11111111,2151.60,864,28.2,3.09,397.8,2151.90,-2.3,0.0, , 
,2153.14,896,82.5,5.5,11111111,2152.52,896,28.2,3.09,397.8,2152.84,-2.3,0.0, , 
,2154.06,896,84.0,5.9,11111111,2153.45,896,28.2,3.09,397.8,2153.75,-2.3,0.0, , 
,2154.97,768,84.0,5.9,11111111,2154.37,864,26.7,3.09,397.8,2154.67,-3.1,0.0, , 
,2155.87,768,84.0,5.5,10111111,2155.28,768,28.2,3.09,418.2,2155.58,-3.1,0.0, , 
,2156.77,800,84.0,5.9,10111111,2156.16,768,28.2,3.09,418.2,2156.47,-3.1,0.0, , 
,2157.64,768,84.0,5.9,10111111,2157.06,768,28.2,3.09,418.2,2157.35,-3.1,0.0, , 
,2158.57,768,84.0,6.3,10111111,2157.95,768,28.2,3.09,418.2,2158.26,-3.1,0.0, , 
,2159.49,768,84.0,6.3,10111111,2158.89,800,28.2,3.09,418.2,2159.19,-3.1,0.0, , 
,2160.40,800,84.0,6.3,10111111,2159.79,800,28.2,3.09,418.2,2160.09,-3.1,0.0, , 
,2161.31,800,84.0,6.3,10111111,2160.71,800,28.2,3.09,397.8,2161.00,-3.1,0.0, , 
,2162.22,800,84.0,6.3,10111111,2161.62,768,28.2,3.09,418.2,2161.92,-3.1,0.0, , 
,2163.11,768,84.0,6.3,10111111,2162.51,768,28.2,3.09,418.2,2162.82,-3.1,0.0, , 
,2164.05,800,85.5,6.3,10111111,2163.43,768,28.2,3.09,418.2,2163.74,-3.1,0.0, , 
,2164.97,800,84.0,6.3,10111111,2164.36,768,28.2,3.09,418.2,2164.66,-3.1,0.0, , 
,2165.90,768,84.0,6.6,10111111,2165.28,800,28.2,3.09,418.2,2165.59,-3.1,0.0, , 
,2166.81,800,84.0,6.6,10111111,2166.20,800,28.2,3.09,418.2,2166.50,-3.1,0.0, , 
,2167.71,800,85.5,6.6,10111111,2167.09,800,28.2,3.09,418.2,2167.40,-3.1,0.0, , 
,2168.64,800,85.5,6.3,10111111,2168.01,768,28.2,3.09,418.2,2168.34,-3.1,0.0, , 
,2169.56,800,85.5,6.3,10111111,2168.95,768,29.4,3.09,418.2,2169.25,-3.1,0.0, , 
,2170.45,768,85.5,5.9,10111111,2169.86,768,28.2,3.09,418.2,2170.16,-3.1,0.0, , 
,2171.35,768,85.5,5.9,10111111,2170.76,800,29.4,3.09,418.2,2171.06,-3.1,0.0, , 
,2172.24,768,85.5,5.5,10111111,2171.65,800,29.4,3.09,418.2,2171.95,-3.1,0.0, , 
,2173.13,768,85.5,5.5,10111111,2172.55,800,28.2,3.09,418.2,2172.85,-3.1,0.0, , 
,2174.02,800,85.5,5.1,10111111,2173.42,800,29.4,4.12,418.2,2173.72,-3.1,0.0, , 
,2174.90,768,85.5,4.7,10111111,2174.31,768,28.2,3.09,418.2,2174.61,-3.1,0.0, , 
,2175.77,800,85.5,4.7,10111111,2175.21,768,29.4,4.12,438.6,2175.49,-3.1,0.0, , 
,2176.64,800,85.5,3.9,10111111,2176.05,768,29.4,3.09,418.2,2176.35,-3.1,0.0, , 
,2177.56,800,84.0,3.5,10111111,2176.95,768,29.4,3.09,418.2,2177.25,-3.1,0.0, , 
,2178.45,768,85.5,3.5,10111111,2177.86,768,29.4,3.09,418.2,2178.16,-3.1,0.0, , 
,2179.34,768,84.0,3.5,10111111,2178.75,800,29.4,3.09,438.6,2179.05,-3.1,0.0, , 
,2180.24,768,85.5,3.5,10111111,2179.66,800,29.4,4.12,418.2,2179.96,-3.1,0.0, , 
,2181.16,800,85.5,3.9,10111111,2180.53,768,29.4,4.12,438.6,2180.85,-3.1,0.0, , 
,2182.05,800,85.5,4.3,10111111,2181.45,800,29.4,3.09,418.2,2181.75,-3.1,0.0, , 
,2182.93,800,85.5,4.3,10111111,2182.35,768,29.4,3.09,418.2,2182.64,-3.1,0.0, , 
,2183.81,800,85.5,4.7,10111111,2183.22,768,29.4,3.09,418.2,2183.52,-3.1,0.0, , 
,2184.72,768,85.5,4.7,10111111,2184.12,800,29.4,3.09,418.2,2184.42,-3.1,0.0, , 
,2185.62,800,85.5,4.7,10111111,2185.02,768,29.4,3.09,418.2,2185.32,-3.1,0.0, , 
,2186.55,800,85.5,4.7,10111111,2185.94,800,29.4,4.12,438.6,2186.25,-2.3,0.0, , 
,2187.44,768,85.5,4.7,10111111,2186.84,800,29.4,3.09,418.2,2187.14,-3.1,0.0, , 
,2188.35,768,85.5,5.1,10111111,2187.75,768,29.4,3.09,418.2,2188.04,-3.1,0.0, , 
,2189.25,800,85.5,5.1,10111111,2188.64,768,29.4,3.09,418.2,2188.93,-3.1,0.0, , 
,2190.15,800,85.5,5.1,10111111,2189.54,768,29.4,3.09,418.2,2189.84,-3.1,0.0, , 
,2191.06,800,85.5,5.1,10111111,2190.45,768,29.4,3.09,418.2,2190.75,-3.1,0.0, , 
,2191.98,768,85.5,5.1,10111111,2191.38,768,29.4,3.09,438.6,2191.67,-3.1,0.0, , 
,2192.87,768,85.5,4.7,10111111,2192.28,768,29.4,3.09,438.6,2192.58,-3.1,0.0, , 
,2193.78,800,85.5,4.7,10111111,2193.19,800,29.4,4.12,438.6,2193.48,-3.1,0.0, , 
,2194.67,800,85.5,4.3,10111111,2194.08,800,29.4,4.12,438.6,2194.38,-3.1,0.0, , 
,2195.58,800,85.5,3.9,10111111,2194.97,800,29.4,4.12,418.2,2195.27,-3.1,0.0, , 
,2196.47,800,85.5,3.9,10111111,2195.88,800,29.4,3.09,418.2,2196.17,-3.1,0.0, , 
,2197.39,800,85.5,3.5,10111111,2196.78,768,29.4,3.09,418.2,2197.09,-3.1,0.0, , 
,2198.32,768,85.5,3.5,10111111,2197.69,768,29.4,3.09,438.6,2198.01,-3.1,0.0, , 
,2199.22,768,87.0,3.5,10111111,2198.61,768,29.4,3.09,438.6,2198.92,-3.1,0.0, , 
,2200.11,768,87.0,3.5,10111111,2199.51,800,29.4,3.09,438.6,2199.81,-2.3,0.0, , 
,2201.01,768,87.0,3.5,10111111,2200.42,800,29.4,3.09,438.6,2200.71,-3.1,0.0, , 
,2201.93,800,87.0,5.5,10111111,2201.33,800,29.4,3.09,418.2,2201.63,-3.1,0.0, , 
,2202.83,800,87.0,5.5,10111111,2202.23,800,29.4,3.09,418.2,2202.54,-3.1,0.0, , 
,2203.77,800,87.0,5.9,10111111,2203.15,768,29.4,3.09,438.6,2203.47,-3.1,0.0, , 
,2204.67,800,87.0,5.5,10111111,2204.06,768,29.4,3.09,418.2,2204.38,-2.3,0.0, , 
,2205.57,800,87.0,5.9,10111111,2204.97,768,29.4,3.09,418.2,2205.27,-2.3,0.0, , 
,2206.47,768,87.0,6.3,10111111,2205.86,768,29.4,3.09,418.2,2206.16,-3.1,0.0, , 
,2207.36,768,87.0,5.9,10111111,2206.77,800,29.4,3.09,438.6,2207.07,-3.1,0.0, , 
,2208.26,768,87.0,5.5,10111111,2207.65,800,29.4,3.09,418.2,2207.95,-3.1,0.0, , 
,2209.18,800,87.0,5.5,10111111,2208.56,800,29.4,3.09,418.2,2208.87,-3.1,0.0, , 
,2210.06,768,87.0,5.5,10111111,2209.48,800,29.4,3.09,418.2,2209.77,-3.1,0.0, , 
,2210.97,800,87.0,5.5,10111111,2210.35,768,29.4,3.09,418.2,2210.68,-3.1,0.0, , 
,2211.87,800,87.0,5.1,10111111,2211.28,768,29.4,3.09,438.6,2211.58,-3.1,0.0, , 
,2212.77,800,87.0,4.7,10111111,2212.17,768,29.4,3.09,438.6,2212.47,-3.1,0.0, , 
,2213.67,768,87.0,4.7,10111111,2213.08,800,29.4,3.09,438.6,2213.38,-2.3,0.0, , 
,2214.55,768,87.0,4.7,10111111,2213.96,800,29.4,3.09,438.6,2214.25,-3.1,0.0, , 
,2215.43,800,87.0,4.7,10111111,2214.84,800,31.0,3.09,438.6,2215.14,-3.1,0.0, , 
,2216.35,800,87.0,3.9,10111111,2215.73,800,29.4,3.09,438.6,2216.04,-3.1,0.0, , 
,2217.25,800,87.0,3.1,10111111,2216.64,800,29.4,3.09,438.6,2216.95,-3.1,0.0, , 
,2218.17,800,87.0,3.1,10111111,2217.56,768,29.4,3.09,438.6,2217.87,-2.3,0.0, , 
,2219.07,800,88.5,3.1,10111111,2218.48,768,31.0,3.09,438.6,2218.78,-2.3,0.0, , 
,2220.01,768,87.0,5.1,10111111,2219.37,768,31.0,3.09,438.6,2219.69,-2.3,0.0, , 
,2220.91,768,87.0,5.5,10111111,2220.33,800,29.4,3.09,438.6,2220.62,-3.1,0.0, , 
,2221.81,800,87.0,5.5,10111111,2221.21,800,31.0,4.12,438.6,2221.52,-2.3,0.0, , 
,2222.71,800,88.5,6.3,10111111,2222.10,800,29.4,3.09,438.6,2222.40,-3.1,0.0, , 
,2223.58,800,88.5,6.6,10111111,2223.00,800,29.4,3.09,418.2,2223.30,-3.1,0.0, , 
,2224.51,800,88.5,7.0,10111111,2223.90,768,29.4,3.09,418.2,2224.20,-3.1,0.0, , 
,2225.41,800,88.5,7.4,10111111,2224.81,768,29.4,3.09,418.2,2225.11,-3.1,0.0, , 
,2226.31,768,88.5,7.4,10111111,2225.71,768,29.4,3.09,438.6,2226.03,-3.1,0.0, , 
,2227.18,768,88.5,7.4,10111111,2226.60,768,29.4,3.09,438.6,2226.89,-2.3,0.0, , 
,2228.06,768,88.5,7.4,10111111,2227.47,800,29.4,3.09,438.6,2227.76,-3.1,0.0, , 
,2228.96,768,88.5,7.0,10111111,2228.36,800,29.4,3.09,438.6,2228.66,-3.1,0.0, , 
,2229.86,800,88.5,7.0,10111111,2229.25,800,29.4,3.09,438.6,2229.56,-3.1,0.0, , 
,2230.76,800,88.5,7.4,10111111,2230.16,768,29.4,3.09,438.6,2230.46,-3.1,0.0, , 
,2231.65,800,88.5,7.0,10111111,2231.07,768,29.4,3.09,418.2,2231.35,-3.1,0.0, , 
,2232.52,800,88.5,6.6,10111111,2231.93,768,29.4,3.09,438.6,2232.22,-3.1,0.0, , 
,2233.42,800,88.5,5.9,10111111,2232.82,768,29.4,3.09,438.6,2233.11,-3.1,0.0, , 
,2234.30,800,88.5,5.9,10111111,2233.72,768,31.0,3.09,438.6,2234.02,-2.3,0.0, , 
,2235.21,768,88.5,5.9,10111111,2234.62,800,29.4,3.09,438.6,2234.92,-2.3,0.0, , 
,2236.10,768,88.5,5.9,10111111,2235.51,800,29.4,3.09,438.6,2235.80,-3.1,0.0, , 
,2237.01,800,88.5,5.9,10111111,2236.40,800,29.4,3.09,438.6,2236.71,-3.1,0.0, , 
,2237.89,800,88.5,6.3,10111111,2237.31,800,29.4,3.09,438.6,2237.60,-3.1,0.0, , 
,2238.77,800,88.5,7.0,10111111,2238.17,800,29.4,3.09,438.6,2238.47,-3.1,0.0, , 
,2239.64,800,88.5,7.0,10111111,2239.06,768,29.4,3.09,418.2,2239.35,-3.1,0.0, , 
,2240.50,800,88.5,6.6,10111111,2239.93,768,28.2,3.09,418.2,2240.21,-3.1,0.0, , 
,2241.46,1152,88.5,8.2,10101011,2240.81,800,28.2,3.09,418.2,2241.11,-2.3,0.0, , 
,2242.53,1472,88.5,8.2,10101011,2241.85,1376,31.0,4.12,397.8,2242.21,-1.6,3.1, , 
,2243.55,1280,88.5,10.5,10101011,2242.87,1344,42.7,5.15,520.2,2243.21,-1.6,0.0, , 
,2244.60,1312,88.5,10.5,10101011,2243.89,1248,48.6,6.18,612.0,2244.23,-1.6,0.0, , 
,2245.67,1952,88.5,9.8,10101011,2244.93,1536,53.3,7.21,632.4,2245.32,-0.8,3.1, , 
,2246.67,1568,90.0,0.0,10111111,2246.01,2080,40.0,5.15,499.8,2246.37,0.0,3.1, , 
,2247.65,1312,90.0,0.0,10101011,2246.95,1120,25.1,4.12,357.0,2247.29,-2.3,0.0, , 
,2248.64,1248,90.0,0.0,10101011,2247.98,1248,28.2,4.12,377.4,2248.32,-2.3,0.0, , 
,2249.61,1280,90.0,1.2,10101011,2248.98,1280,28.2,3.09,377.4,2249.30,-1.6,0.0, , 
,2250.63,1344,90.0,5.9,10101011,2249.96,1312,29.4,3.09,397.8,2250.30,-1.6,0.0, , 
,2251.72,1408,90.0,9.0,10101011,2251.00,1344,29.4,3.09,397.8,2251.36,-1.6,0.0, , 
,2252.72,1440,90.0,5.9,10101011,2252.05,1440,29.4,4.12,418.2,2252.37,-1.6,0.0, , 
,2253.79,1440,90.0,3.9,10101011,2253.06,1440,23.5,3.09,336.6,2253.42,-1.6,0.0, , 
,2254.85,1472,90.0,8.6,10101011,2254.21,1440,31.0,4.12,418.2,2254.50,-1.6,0.0, , 
,2256.00,1472,90.0,11.3,10101011,2255.25,1440,31.0,4.12,418.2,2255.56,-1.6,0.0, , 
,2257.12,1568,90.0,10.5,10101011,2256.40,1504,34.1,4.12,438.6,2256.75,-1.6,3.1, , 
,2258.21,1760,90.0,9.8,10101011,2257.47,1632,45.9,6.18,550.8,2257.85,-0.8,3.1, , 
,2259.28,1792,90.0,3.9,10101011,2258.57,1760,23.5,3.09,336.6,2258.94,0.0,3.1, , 
,2260.35,1856,90.0,-0.4,10101011,2259.64,1824,22.0,3.09,316.2,2259.98,0.0,3.1, , 
,2261.42,1888,90.0,-3.9,10101011,2260.70,1856,20.8,2.06,316.2,2261.07,0.0,3.1, , 
,2262.50,1920,90.0,-4.7,10101011,2261.77,1920,23.5,3.09,336.6,2262.14,0.0,3.1, , 
,2263.58,1952,90.0,-2.7,10101011,2262.86,1952,23.5,3.09,336.6,2263.23,0.0,3.1, , 
,2264.69,1984,90.0,-6.6,10101001,2263.95,1952,22.0,2.06,316.2,2264.33,0.0,3.1, , 
,2265.76,1920,90.0,-18.0,10111111,2265.04,1984,16.1,2.06,244.8,2265.39,0.0,3.1, , 
,2266.89,1856,90.0,0.0,10101011,2266.13,1888,0.0,0.00,275.4,2266.50,0.0,3.1, , 
,2267.98,1920,90.0,0.0,10101011,2267.24,1888,26.7,3.09,357.0,2267.60,0.0,3.1, , 
,2269.00,2176,90.0,0.0,10101001,2268.34,2016,50.2,6.18,591.6,2268.68,0.0,3.1, , 
,2270.00,2528,90.0,8.2,10101001,2269.34,2304,66.3,9.27,754.8,2269.67,0.0,3.1, , 
,2271.01,2624,90.0,0.0,10111101,2270.35,2656,69.4,10.30,754.8,2270.69,0.0,3.1, , 
,2272.08,1696,90.0,0.0,10101011,2271.35,2112,0.0,0.00,295.8,2271.72,-1.6,3.1, , 
,2273.18,1952,90.0,-0.4,10101011,2272.44,1952,28.2,4.12,377.4,2272.80,0.0,3.1, , 
,2274.21,2048,90.0,7.8,10101001,2273.54,1984,41.2,5.15,499.8,2273.88,0.0,3.1, , 
,2275.22,2144,90.0,12.5,10101001,2274.54,2080,44.3,5.15,520.2,2274.89,0.0,3.1, , 
,2276.20,2240,90.0,16.4,10101001,2275.55,2176,42.7,5.15,499.8,2275.87,0.0,3.1, , 
,2277.20,2336,90.0,15.2,10101001,2276.53,2272,40.0,5.15,479.4,2276.87,0.0,3.1, , 
,2278.27,2400,90.0,12.1,10101001,2277.57,2336,34.1,4.12,418.2,2277.92,0.0,3.1, , 
,2279.29,2464,90.0,10.9,10101001,2278.61,2400,32.5,4.12,397.8,2278.95,0.0,3.1, , 
,2280.33,2528,88.5,7.8,10101001,2279.65,2464,31.0,4.12,377.4,2279.99,0.0,3.1, , 
,2281.34,2592,90.0,2.7,10101001,2280.66,2560,29.4,4.12,377.4,2281.00,0.0,3.1, , 
,2282.33,2240,90.0,0.0,10111101,2281.68,2592,20.8,2.06,295.8,2281.99,0.0,3.1, , 
,2283.32,1056,88.5,0.0,10111111,2282.67,1696,0.0,0.00,295.8,2282.99,-2.3,0.0, , 
,2284.22,1056,88.5,0.0,10111111,2283.59,1120,26.7,4.12,377.4,2283.90,-2.3,0.0, , 
,2285.09,928,88.5,0.0,10111111,2284.49,992,22.0,3.09,336.6,2284.80,-3.1,0.0, , 
,2285.99,864,88.5,0.8,10111111,2285.38,864,25.1,3.09,377.4,2285.71,-3.1,0.0, , 
,2286.95,896,88.5,4.3,10111111,2286.31,864,26.7,3.09,377.4,2286.62,-2.3,0.0, , 
,2287.91,896,90.0,8.2,10111111,2287.28,896,26.7,3.09,397.8,2287.61,-2.3,0.0, , 
,2288.83,896,90.0,10.9,10111111,2288.21,896,26.7,3.09,397.8,2288.51,-2.3,0.0, , 
,2289.73,896,88.5,12.5,10111111,2289.13,896,26.7,3.09,377.4,2289.42,-2.3,0.0, , 
,2290.65,896,88.5,12.9,10111111,2290.05,896,26.7,3.09,377.4,2290.35,-2.3,0.0, , 
,2291.59,896,88.5,12.9,10111111,2290.96,896,25.1,3.09,377.4,2291.27,-2.3,0.0, , 
,2292.51,896,88.5,10.9,10111111,2291.90,896,25.1,3.09,377.4,2292.20,-3.1,0.0, , 
,2293.44,896,90.0,10.5,10111111,2292.85,896,25.1,3.09,377.4,2293.14,-3.1,0.0, , 
,2294.32,864,88.5,9.0,10111111,2293.74,896,25.1,3.09,377.4,2294.03,-3.1,0.0, , 
,2295.23,864,88.5,8.2,10111111,2294.63,864,25.1,3.09,377.4,2294.93,-3.1,0.0, , 
,2296.16,864,88.5,7.4,10111111,2295.53,896,25.1,3.09,377.4,2295.84,-3.1,0.0, , 
,2297.06,864,88.5,7.0,10111111,2296.45,864,26.7,3.09,377.4,2296.76,-3.1,0.0, , 
,2297.99,864,90.0,6.3,10111111,2297.38,864,26.7,3.09,397.8,2297.69,-2.3,0.0, , 
,2298.86,864,90.0,5.9,10111111,2298.28,864,26.7,3.09,397.8,2298.57,-3.1,0.0, , 
,2299.77,896,88.5,6.6,10111111,2299.17,864,26.7,3.09,397.8,2299.46,-2.3,0.0, , 
,2300.65,896,88.5,6.6,10111111,2300.06,896,26.7,3.09,397.8,2300.35,-2.3,0.0, , 
,2301.55,896,88.5,7.0,10111111,2300.95,864,26.7,3.09,397.8,2301.25,-2.3,0.0, , 
,2302.46,896,88.5,7.4,10111111,2301.85,896,26.7,3.09,397.8,2302.15,-2.3,0.0, , 
,2303.34,768,88.5,7.0,10111111,2302.75,896,26.7,3.09,397.8,2303.05,-3.1,0.0, , 
,2304.23,800,88.5,7.0,10111111,2303.62,768,26.7,3.09,397.8,2303.93,-3.1,0.0, , 
,2305.14,768,88.5,7.4,10111111,2304.53,800,28.2,3.09,418.2,2304.83,-3.1,0.0, , 
,2306.04,800,88.5,7.4,10111111,2305.43,800,28.2,3.09,418.2,2305.74,-3.1,0.0, , 
,2306.92,768,88.5,7.8,10111111,2306.34,768,26.7,3.09,397.8,2306.64,-3.1,0.0, , 
,2307.80,768,88.5,8.2,10111111,2307.21,768,28.2,3.09,418.2,2307.50,-3.1,0.0, , 
,2308.73,768,88.5,8.6,10111111,2308.11,768,28.2,3.09,418.2,2308.41,-3.1,0.0, , 
,2309.64,800,87.0,8.6,10111111,2309.05,768,26.7,3.09,397.8,2309.34,-3.1,0.0, , 
,2310.55,800,87.0,8.2,10111111,2309.95,800,28.2,3.09,418.2,2310.25,-3.1,0.0, , 
,2311.43,800,87.0,8.2,10111111,2310.84,800,28.2,3.09,418.2,2311.14,-3.1,0.0, , 
,2312.32,768,87.0,8.2,10111111,2311.73,768,28.2,3.09,418.2,2312.03,-3.1,0.0, , 
,2313.22,800,87.0,8.2,10111111,2312.62,768,28.2,3.09,418.2,2312.91,-3.1,0.0, , 
,2314.12,768,87.0,7.8,10111111,2313.52,768,28.2,3.09,418.2,2313.81,-3.1,0.0, , 
,2315.02,768,87.0,7.0,10111111,2314.42,800,28.2,3.09,418.2,2314.71,-3.1,0.0, , 
,2315.94,768,87.0,5.9,10111111,2315.32,768,28.2,3.09,418.2,2315.62,-3.1,0.0, , 
,2316.84,768,87.0,5.9,10111111,2316.23,768,28.2,3.09,418.2,2316.53,-3.1,0.0, , 
,2317.73,768,87.0,5.9,10111111,2317.14,768,28.2,3.09,418.2,2317.43,-3.1,0.0, , 
,2318.64,768,87.0,5.5,10111111,2318.02,768,28.2,3.09,418.2,2318.33,-3.1,0.0, , 
,2319.54,768,87.0,5.5,10111111,2318.93,768,28.2,3.09,418.2,2319.23,-3.1,0.0, , 
,2320.45,800,88.5,5.5,10111111,2319.84,768,28.2,3.09,418.2,2320.15,-3.1,0.0, , 
,2321.35,768,88.5,5.1,10111111,2320.76,800,28.2,3.09,418.2,2321.05,-3.1,0.0, , 
,2322.24,800,88.5,5.5,10111111,2321.64,768,28.2,3.09,418.2,2321.94,-3.1,0.0, , 
,2323.14,800,88.5,6.3,10111111,2322.54,768,28.2,3.09,418.2,2322.84,-3.1,0.0, , 
,2324.03,768,88.5,6.6,10111111,2323.43,768,28.2,3.09,418.2,2323.73,-3.1,0.0, , 
,2324.96,800,88.5,6.6,10111111,2324.34,768,28.2,3.09,418.2,2324.65,-3.1,0.0, , 
,2325.85,800,88.5,6.6,10111111,2325.25,800,28.2,3.09,418.2,2325.55,-3.1,0.0, , 
,2326.75,768,88.5,6.3,10111111,2326.14,800,28.2,3.09,418.2,2326.44,-3.1,0.0, , 
,2327.63,768,88.5,6.3,10111111,2327.04,800,28.2,3.09,418.2,2327.33,-3.1,0.0, , 
,2328.50,800,88.5,6.6,10111111,2327.92,800,28.2,3.09,418.2,2328.20,-3.1,0.0, , 
,2329.40,800,88.5,7.0,10111111,2328.79,800,28.2,3.09,418.2,2329.08,-3.1,0.0, , 
,2330.30,800,88.5,7.8,10111111,2329.70,800,28.2,3.09,418.2,2329.98,-3.1,0.0, , 
,2331.21,800,88.5,7.8,10111111,2330.60,800,28.2,3.09,418.2,2330.90,-3.1,0.0, , 
,2332.09,768,88.5,7.4,10111111,2331.49,800,28.2,3.09,418.2,2331.81,-3.1,0.0, , 
,2332.97,768,88.5,7.0,10111111,2332.37,768,28.2,3.09,418.2,2332.67,-3.1,0.0, , 
,2333.86,800,88.5,6.6,10111111,2333.28,800,28.2,3.09,418.2,2333.57,-3.1,0.0, , 
,2334.75,800,88.5,6.6,10111111,2334.15,800,28.2,3.09,418.2,2334.45,-3.1,0.0, , 
,2335.64,800,88.5,6.3,10111111,2335.05,768,28.2,3.09,418.2,2335.34,-3.1,0.0, , 
,2336.55,768,88.5,6.3,10111111,2335.94,768,28.2,3.09,418.2,2336.24,-3.1,0.0, , 
,2337.46,800,88.5,6.3,10111111,2336.87,800,29.4,3.09,418.2,2337.16,-3.1,0.0, , 
,2338.35,800,88.5,6.6,10111111,2337.76,800,28.2,3.09,418.2,2338.06,-3.1,0.0, , 
,2339.24,768,88.5,6.6,10111111,2338.65,768,28.2,3.09,418.2,2338.94,-3.1,0.0, , 
,2340.13,768,88.5,6.6,10111111,2339.54,768,28.2,3.09,418.2,2339.84,-3.1,0.0, , 
,2341.04,768,90.0,6.6,10111111,2340.43,768,28.2,3.09,418.2,2340.74,-3.1,0.0, , 
,2341.94,768,90.0,6.6,10111111,2341.34,768,28.2,3.09,418.2,2341.63,-3.1,0.0, , 
,2342.85,800,90.0,6.6,10111111,2342.24,800,28.2,3.09,418.2,2342.56,-3.1,0.0, , 
,2343.73,800,90.0,6.6,10111111,2343.14,768,28.2,3.09,418.2,2343.43,-3.1,0.0, , 
,2344.62,1152,90.0,0.0,10101011,2344.03,800,28.2,3.09,397.8,2344.32,-2.3,0.0, , 
,2345.67,1504,88.5,0.0,10101011,2344.99,1856,67.8,9.27,775.2,2345.34,0.0,3.1, , 
,2346.67,2048,90.0,1.6,10101001,2345.99,1408,76.9,10.30,907.8,2346.35,-0.8,3.1, , 
,2347.69,2272,90.0,0.0,10111101,2347.01,2368,81.2,12.36,907.8,2347.34,0.0,3.1, , 
,2348.76,1664,90.0,0.0,10101011,2348.04,1760,0.0,0.00,316.2,2348.40,-1.6,3.1, , 
,2349.85,1920,90.0,0.0,10101011,2349.12,1664,53.3,8.24,632.4,2349.50,0.0,3.1, , 
,2350.86,2176,91.5,5.5,10101001,2350.19,1984,65.1,9.27,734.4,2350.53,0.0,3.1, , 
,2351.89,2496,90.0,10.2,10101001,2351.20,2304,63.5,9.27,714.0,2351.55,0.0,3.1, , 
,2352.94,2816,90.0,16.8,10101001,2352.24,2592,67.8,10.30,754.8,2352.59,0.0,3.1, , 
,2353.99,2464,90.0,0.0,11111101,2353.30,2880,63.5,10.30,714.0,2353.67,0.0,3.1, , 
,2355.04,1952,90.0,0.0,11101011,2354.33,1984,0.0,0.00,295.8,2354.70,-1.6,3.1, , 
,2356.09,1984,90.0,-8.2,11101011,2355.40,1952,19.2,2.06,275.4,2355.75,0.0,3.1, , 
,2357.16,2048,90.0,3.1,11101001,2356.44,1984,44.3,5.15,550.8,2356.81,0.0,3.1, , 
,2358.19,2080,90.0,8.2,11101001,2357.51,2048,44.3,6.18,550.8,2357.85,0.0,3.1, , 
,2359.20,2176,90.0,9.8,11101001,2358.54,2112,44.3,6.18,520.2,2358.87,0.0,3.1, , 
,2360.19,2240,90.0,10.5,11101001,2359.53,2176,50.2,7.21,591.6,2359.86,0.0,3.1, , 
,2361.18,2304,90.0,11.3,11101001,2360.52,2272,50.2,7.21,591.6,2360.86,0.0,3.1, , 
,2362.21,2368,90.0,12.1,11101001,2361.53,2336,48.6,7.21,571.2,2361.87,0.0,3.1, , 
,2363.16,2432,90.0,13.3,11101001,2362.52,2400,47.1,7.21,571.2,2362.83,0.0,3.1, , 
,2364.21,2464,90.0,10.5,11101001,2363.52,2432,47.1,7.21,550.8,2363.86,0.0,3.1, , 
,2365.22,2528,90.0,12.1,11101001,2364.57,2496,53.3,8.24,612.0,2364.90,0.0,3.1, , 
,2366.24,2592,90.0,12.5,11101001,2365.56,2560,53.3,8.24,612.0,2365.89,0.0,3.1, , 
,2367.26,2656,90.0,15.2,11101001,2366.58,2624,56.1,8.24,632.4,2366.92,0.0,3.1, , 
,2368.25,2720,90.0,16.0,11101001,2367.60,2688,54.5,8.24,632.4,2367.93,0.0,3.1, , 
,2369.32,1760,90.0,0.0,11111111,2368.58,2720,0.0,0.00,499.8,2368.92,0.0,3.1, , 
,2370.42,1952,90.0,0.0,11101011,2369.69,1664,22.0,3.09,316.2,2370.05,0.0,3.1, , 
,2371.49,1920,90.0,-4.3,11101011,2370.77,1952,23.5,3.09,336.6,2371.14,0.0,3.1, , 
,2372.58,1920,90.0,-7.0,11101011,2371.85,1920,25.1,3.09,336.6,2372.23,0.0,3.1, , 
,2373.69,1856,88.5,-5.5,11101011,2372.94,1888,34.1,4.12,418.2,2373.32,0.0,3.1, , 
,2374.76,1824,90.0,0.0,11111111,2374.07,1856,19.2,2.06,275.4,2374.42,0.0,3.1, , 
,2375.82,1760,90.0,0.0,11111111,2375.10,1824,0.0,0.00,295.8,2375.47,0.0,3.1, , 
,2376.83,1728,88.5,0.0,11111111,2376.16,1760,0.0,0.00,316.2,2376.49,-1.6,3.1, , 
,2377.83,1664,88.5,0.0,11111111,2377.17,1696,0.0,0.00,316.2,2377.50,-1.6,3.1, , 
,2378.86,1632,88.5,0.0,11101011,2378.16,1632,0.0,0.00,316.2,2378.50,-1.6,3.1, , 
,2380.02,1568,88.5,0.0,11101011,2379.25,1600,20.8,3.09,316.2,2379.64,-1.6,3.1, , 
,2381.01,1024,88.5,0.0,11111111,2380.37,1568,32.5,4.12,418.2,2380.69,-1.6,0.0, , 
,2381.96,1152,88.5,0.0,11111111,2381.31,1088,28.2,4.12,377.4,2381.63,-2.3,0.0, , 
,2382.86,864,88.5,0.0,11111111,2382.28,1088,22.0,3.09,316.2,2382.56,-3.1,0.0, , 
,2383.75,864,88.5,0.0,11111111,2383.14,832,25.1,3.09,377.4,2383.44,-3.1,0.0, , 
,2384.68,864,88.5,1.2,11111111,2384.05,864,26.7,3.09,377.4,2384.38,-3.1,0.0, , 
,2385.60,800,88.5,2.7,11111111,2384.99,864,26.7,3.09,397.8,2385.30,-3.1,0.0, , 
,2386.45,768,88.5,3.1,11111111,2385.89,736,26.7,3.09,397.8,2386.17,-3.1,0.0, , 
,2387.33,800,88.5,3.5,11111111,2386.75,800,28.2,3.09,418.2,2387.03,-3.1,0.0, , 
,2388.21,768,88.5,3.9,11111111,2387.62,800,26.7,3.09,397.8,2387.92,-3.1,0.0, , 
,2389.10,768,88.5,4.3,11111111,2388.52,800,26.7,3.09,397.8,2388.80,-3.1,0.0, , 
,2390.02,800,88.5,4.3,11111111,2389.40,800,26.7,3.09,397.8,2389.71,-3.1,0.0, , 
,2390.93,800,88.5,3.9,11111111,2390.32,800,26.7,3.09,397.8,2390.63,-3.1,0.0, , 
,2391.82,800,88.5,3.9,11111111,2391.22,768,26.7,3.09,397.8,2391.53,-3.1,0.0, , 
,2392.73,800,88.5,3.9,11111111,2392.14,800,26.7,3.09,397.8,2392.43,-3.1,0.0, , 
,2393.62,800,88.5,3.9,11111111,2393.03,768,26.7,3.09,397.8,2393.32,-3.1,0.0, , 
,2394.54,800,88.5,3.5,11111111,2393.93,800,28.2,3.09,418.2,2394.23,-3.1,0.0, , 
,2395.43,768,88.5,3.5,11111111,2394.84,768,26.7,3.09,397.8,2395.13,-3.1,0.0, , 
,2396.34,800,88.5,3.5,11111111,2395.72,800,28.2,3.09,418.2,2396.03,-3.1,0.0, , 
,2397.24,800,88.5,3.1,11111111,2396.64,800,26.7,3.09,397.8,2396.93,-3.1,0.0, , 
,2398.13,800,88.5,3.1,11111111,2397.54,768,28.2,3.09,397.8,2397.84,-3.1,0.0, , 
,2399.01,800,88.5,2.3,11111111,2398.42,800,26.7,3.09,397.8,2398.73,-3.1,0.0, , 
,2399.92,800,88.5,2.3,11111111,2399.32,800,26.7,3.09,397.8,2399.61,-3.1,0.0, , 
,2400.82,768,88.5,2.3,11111111,2400.23,768,26.7,3.09,397.8,2400.53,-3.1,0.0, , 
,2401.76,1056,88.5,0.0,11101011,2401.14,800,26.7,3.09,397.8,2401.42,-2.3,0.0, , 
,2402.71,1344,88.5,0.0,11101011,2402.10,1856,62.0,9.27,734.4,2402.40,-0.8,3.1, , 
,2403.75,1824,88.5,0.0,11101011,2403.06,1152,76.9,11.33,907.8,2403.38,-0.8,0.0, , 
,2404.77,2080,88.5,0.0,11111101,2404.09,2208,84.3,14.42,948.6,2404.43,0.0,3.1, , 
,2405.78,1536,88.5,0.0,11101011,2405.11,1600,22.0,4.12,336.6,2405.43,-1.6,0.0, , 
,2406.81,1792,88.5,0.0,11101011,2406.13,1568,62.0,9.27,734.4,2406.45,-0.8,3.1, , 
,2407.84,2080,88.5,3.9,11101001,2407.17,1888,66.3,10.30,775.2,2407.51,0.0,3.1, , 
,2408.83,2336,88.5,7.0,11101001,2408.17,2144,62.0,9.27,714.0,2408.50,0.0,3.1, , 
,2409.84,2624,88.5,8.6,11101001,2409.16,2432,69.4,11.33,775.2,2409.51,0.0,3.1, , 
,2410.83,2144,88.5,0.0,11111101,2410.18,2720,69.4,11.33,775.2,2410.50,0.0,3.1, , 
,2411.84,1824,88.5,0.0,11101011,2411.13,1664,0.0,0.00,316.2,2411.48,-1.6,3.1, , 
,2412.94,1824,88.5,0.0,11101011,2412.20,1792,25.1,3.09,357.0,2412.56,0.0,3.1, , 
,2414.08,1920,88.5,2.3,11101011,2413.32,1856,57.6,8.24,673.2,2413.70,0.0,3.1, , 
,2415.12,2048,90.0,7.4,11101001,2414.43,1984,57.6,8.24,673.2,2414.78,0.0,3.1, , 
,2416.17,2144,88.5,10.5,11101001,2415.45,2048,59.2,9.27,693.6,2415.82,0.0,3.1, , 
,2417.17,2208,90.0,11.3,11101001,2416.51,2176,59.2,9.27,673.2,2416.85,0.0,3.1, , 
,2418.19,2304,88.5,11.7,11101001,2417.50,2240,57.6,8.24,652.8,2417.85,0.0,3.1, , 
,2419.24,2368,88.5,10.2,11101001,2418.51,2336,51.8,8.24,612.0,2418.90,0.0,3.1, , 
,2420.24,2464,90.0,6.3,11101001,2419.57,2400,50.2,7.21,591.6,2419.90,0.0,3.1, , 
,2421.31,2528,88.5,5.5,11101001,2420.62,2464,48.6,7.21,571.2,2420.96,0.0,3.1, , 
,2422.35,2432,88.5,0.0,11111101,2421.66,2528,42.7,6.18,499.8,2422.02,0.0,3.1, , 
,2423.32,992,88.5,0.0,11111111,2422.71,1952,0.0,0.00,295.8,2423.03,-2.3,0.0, , 
,2424.39,1824,88.5,0.0,11101011,2423.65,1152,26.7,4.12,377.4,2424.01,0.0,3.1, , 
,2425.43,1824,88.5,-3.5,11101011,2424.71,1856,26.7,3.09,357.0,2425.06,0.0,3.1, , 
,2426.54,1824,88.5,0.8,11101011,2425.81,1824,41.2,5.15,499.8,2426.18,0.0,3.1, , 
,2427.66,1856,88.5,4.3,11101011,2426.91,1824,42.7,6.18,520.2,2427.29,0.0,3.1, , 
,2428.79,1888,90.0,5.9,11101011,2428.04,1856,45.9,7.21,571.2,2428.42,0.0,3.1, , 
,2429.88,1920,88.5,2.3,11101011,2429.15,1920,38.4,5.15,479.4,2429.51,0.0,3.1, , 
,2430.97,1920,88.5,-5.5,11101011,2430.25,1920,26.7,3.09,357.0,2430.61,0.0,3.1, , 
,2432.07,1920,88.5,-9.4,11101011,2431.34,1920,25.1,3.09,357.0,2431.70,0.0,3.1, , 
,2433.18,1920,88.5,-10.5,11101011,2432.44,1920,25.1,3.09,357.0,2432.80,0.0,3.1, , 
,2434.30,1888,88.5,-9.0,11101011,2433.55,1920,25.1,3.09,357.0,2433.93,0.0,3.1, , 
,2435.41,1888,88.5,-5.9,11101011,2434.68,1888,26.7,3.09,357.0,2435.05,0.0,3.1, , 
,2436.53,1920,88.5,1.2,11101011,2435.79,1920,34.1,4.12,438.6,2436.16,0.0,3.1, , 
,2437.62,1920,88.5,0.4,11101011,2436.89,1920,28.2,3.09,377.4,2437.26,0.0,3.1, , 
,2438.71,1888,88.5,-7.4,11101011,2437.97,1888,17.6,2.06,275.4,2438.34,0.0,3.1, , 
,2439.80,1888,88.5,-11.7,11101011,2439.07,1888,17.6,2.06,275.4,2439.45,0.0,3.1, , 
,2440.86,1856,88.5,-13.7,11101011,2440.13,1856,17.6,2.06,275.4,2440.50,0.0,3.1, , 
,2441.99,1824,88.5,-13.3,11111111,2441.23,1856,17.6,2.06,275.4,2441.60,0.0,3.1, , 
,2442.98,1792,88.5,0.0,11111111,2442.33,1824,20.8,2.06,295.8,2442.66,0.0,3.1, , 
,2444.03,1728,88.5,0.0,11111111,2443.33,1760,0.0,0.00,316.2,2443.69,-1.6,3.1, , 
,2445.06,1696,88.5,0.0,11111111,2444.38,1728,0.0,0.00,316.2,2444.73,-1.6,3.1, , 
,2446.10,1664,88.5,0.0,11111111,2445.40,1664,0.0,0.00,316.2,2445.76,-1.6,3.1, , 
,2447.10,1600,87.0,0.0,11111111,2446.43,1632,0.0,0.00,316.2,2446.74,-1.6,3.1, , 
,2448.10,1568,87.0,0.0,11111111,2447.44,1600,0.0,0.00,316.2,2447.79,-1.6,3.1, , 
,2449.11,1504,88.5,0.0,11111111,2448.49,1536,0.0,0.00,316.2,2448.82,-1.6,3.1, , 
,2450.08,1504,87.0,0.0,11101011,2449.47,1504,0.0,0.00,316.2,2449.80,-1.6,3.1, , 
,2451.19,1504,87.0,2.7,11101011,2450.44,1472,32.5,4.12,418.2,2450.90,-1.6,3.1, , 
,2452.29,1504,87.0,8.2,11101011,2451.53,1504,40.0,5.15,499.8,2451.88,-1.6,3.1, , 
,2453.35,1568,87.0,11.3,11101011,2452.65,1536,50.2,7.21,612.0,2452.99,-0.8,3.1, , 
,2454.43,1600,87.0,16.4,11101011,2453.71,1568,50.2,7.21,612.0,2454.07,-0.8,3.1, , 
,2455.48,1664,87.0,20.7,11101011,2454.78,1632,51.8,8.24,632.4,2455.11,-0.8,3.1, , 
,2456.59,1696,87.0,17.6,11101011,2455.84,1696,50.2,8.24,612.0,2456.23,-0.8,3.1, , 
,2457.69,1760,87.0,16.8,11101011,2456.97,1728,47.1,7.21,591.6,2457.33,-0.8,3.1, , 
,2458.81,1792,87.0,11.3,11101011,2458.04,1760,45.9,7.21,571.2,2458.43,-0.8,3.1, , 
,2459.90,1792,85.5,5.1,11101011,2459.16,1792,31.0,4.12,397.8,2459.54,0.0,3.1, , 
,2460.98,1792,87.0,-4.7,11101011,2460.26,1792,19.2,3.09,295.8,2460.64,0.0,3.1, , 
,2462.16,1792,87.0,-5.1,11101011,2461.38,1792,22.0,3.09,316.2,2461.78,0.0,3.1, , 
,2463.25,1792,87.0,-7.0,11101011,2462.56,1792,23.5,3.09,336.6,2462.91,0.0,3.1, , 
,2464.33,1792,85.5,-7.0,11101011,2463.56,1792,23.5,3.09,336.6,2463.95,0.0,3.1, , 
,2465.37,1760,85.5,-4.3,11101011,2464.67,1760,23.5,3.09,336.6,2465.05,-1.6,3.1, , 
,2466.47,1792,85.5,0.4,11101011,2465.75,1792,25.1,3.09,336.6,2466.14,0.0,3.1, , 
,2467.57,1792,85.5,2.0,11101011,2466.81,1792,25.1,3.09,336.6,2467.19,0.0,3.1, , 
,2468.70,1792,85.5,2.7,11101011,2467.96,1792,25.1,3.09,336.6,2468.34,0.0,3.1, , 
,2469.78,1792,85.5,2.0,11101011,2469.09,1792,23.5,3.09,336.6,2469.42,0.0,3.1, , 
,2470.84,1792,85.5,1.2,11101011,2470.13,1792,23.5,3.09,336.6,2470.49,0.0,3.1, , 
,2471.94,1824,85.5,3.9,11101011,2471.20,1792,23.5,3.09,336.6,2471.56,0.0,3.1, , 
,2473.04,1824,85.5,7.0,11101011,2472.30,1824,28.2,3.09,377.4,2472.66,0.0,3.1, , 
,2474.19,1824,85.5,8.2,11101011,2473.41,1824,28.2,4.12,377.4,2473.80,0.0,3.1, , 
,2475.29,1728,85.5,0.0,11111111,2474.56,1824,28.2,4.12,377.4,2474.93,0.0,3.1, , 
,2476.23,1120,85.5,0.0,11111111,2475.60,1280,0.0,0.00,357.0,2475.91,-2.3,0.0, , 
,2477.20,992,85.5,0.0,11111111,2476.56,1088,22.0,3.09,336.6,2476.85,-2.3,0.0, , 
,2478.06,864,85.5,0.0,11111111,2477.48,928,22.0,3.09,336.6,2477.77,-3.1,0.0, , 
,2478.96,864,85.5,1.2,11111111,2478.35,864,25.1,3.09,377.4,2478.66,-3.1,0.0, , 
,2479.91,896,85.5,4.7,11111111,2479.27,896,25.1,3.09,377.4,2479.58,-3.1,0.0, , 
,2480.86,896,85.5,7.8,10111111,2480.23,896,26.7,3.09,377.4,2480.54,-3.1,0.0, , 
,2481.77,896,85.5,10.2,10111111,2481.17,896,26.7,3.09,377.4,2481.47,-2.3,0.0, , 
,2482.69,896,85.5,10.9,10111111,2482.07,896,25.1,3.09,377.4,2482.37,-2.3,0.0, , 
,2483.62,896,85.5,10.9,10111111,2483.01,864,25.1,3.09,377.4,2483.32,-3.1,0.0, , 
,2484.52,896,85.5,10.9,10111111,2483.92,896,25.1,3.09,377.4,2484.22,-3.1,0.0, , 
,2485.42,896,85.5,7.8,10111111,2484.82,896,25.1,3.09,377.4,2485.12,-3.1,0.0, , 
,2486.39,1088,85.5,7.8,10101011,2485.75,896,25.1,3.09,377.4,2486.06,-3.1,0.0, , 
,2487.45,1536,85.5,10.2,10101011,2486.72,1568,26.7,4.12,357.0,2487.09,-1.6,3.1, , 
,2488.52,1568,85.5,5.1,10101011,2487.79,1536,26.7,3.09,357.0,2488.18,-1.6,3.1, , 
,2489.60,1568,85.5,6.3,10101011,2488.88,1568,34.1,4.12,438.6,2489.25,-1.6,3.1, , 
,2490.69,1632,85.5,7.4,10101011,2490.00,1600,34.1,5.15,438.6,2490.33,-1.6,3.1, , 
,2491.76,1760,85.5,0.0,10101011,2491.05,1632,35.3,5.15,459.0,2491.41,-0.8,3.1, , 
,2492.84,1952,85.5,3.1,10101011,2492.14,1792,53.3,7.21,632.4,2492.50,0.0,3.1, , 
,2493.89,2144,85.5,5.9,10101001,2493.19,2048,45.9,6.18,550.8,2493.54,0.0,3.1, , 
,2494.89,2336,84.0,6.6,11101001,2494.21,2208,44.3,6.18,520.2,2494.54,0.0,3.1, , 
,2495.96,2528,84.0,5.5,11101001,2495.26,2400,51.8,7.21,591.6,2495.62,0.0,3.1, , 
,2496.98,2752,84.0,7.8,11101001,2496.29,2592,54.5,8.24,612.0,2496.63,0.0,3.1, , 
,2498.01,2016,84.0,0.0,11111101,2497.31,2816,51.8,8.24,591.6,2497.63,0.0,3.1, , 
,2498.99,1248,84.0,0.0,11101011,2498.35,1440,0.0,0.00,316.2,2498.68,-2.3,0.0, , 
,2500.03,1824,84.0,0.0,11101011,2499.34,1728,22.0,3.09,316.2,2499.67,0.0,3.1, , 
,2501.10,1824,84.0,-3.5,11101011,2500.38,1824,23.5,3.09,336.6,2500.74,0.0,3.1, , 
,2502.22,1856,84.0,-3.1,11101011,2501.47,1856,28.2,4.12,377.4,2501.85,0.0,3.1, , 
,2503.34,1856,84.0,-4.7,11101011,2502.59,1856,26.7,4.12,357.0,2502.96,0.0,3.1, , 
,2504.46,1856,84.0,-7.0,11101011,2503.71,1856,26.7,3.09,357.0,2504.09,0.0,3.1, , 
,2505.55,1856,84.0,-9.8,11101011,2504.84,1856,26.7,3.09,357.0,2505.18,0.0,3.1, , 
,2506.63,1824,84.0,-16.4,11101011,2505.92,1856,17.6,2.06,275.4,2506.26,0.0,3.1, , 
,2507.70,1792,84.0,-14.5,11111111,2506.97,1824,19.2,2.06,295.8,2507.34,0.0,3.1, , 
,2508.74,1728,84.0,0.0,11101011,2508.06,1792,0.0,0.00,295.8,2508.40,-1.6,3.1, , 
,2509.73,1696,84.0,0.0,11101011,2509.07,1696,20.8,3.09,295.8,2509.40,-1.6,3.1, , 
,2510.82,1696,84.0,-3.5,11101011,2510.08,1696,20.8,3.09,316.2,2510.49,-1.6,3.1, , 
,2511.87,1664,85.5,-5.1,11111111,2511.18,1696,20.8,3.09,316.2,2511.51,-1.6,3.1, , 
,2512.86,1632,84.0,-5.1,11111111,2512.20,1664,22.0,3.09,316.2,2512.53,-1.6,3.1, , 
,2513.92,1568,84.0,-4.7,11111111,2513.22,1632,22.0,3.09,316.2,2513.58,-1.6,3.1, , 
,2514.96,1472,84.0,-3.9,10111111,2514.22,1536,22.0,3.09,316.2,2514.65,-1.6,3.1, , 
,2515.96,1120,84.0,-1.6,10111111,2515.29,1408,23.5,3.09,336.6,2515.63,-2.3,0.0, , 
,2516.88,896,84.0,-0.4,10111111,2516.28,960,23.5,3.09,357.0,2516.58,-3.1,0.0, , 
,2517.93,1600,85.5,1.6,10101011,2517.22,960,26.7,3.09,377.4,2517.60,-1.6,0.0, , 
,2518.97,1600,84.0,-1.6,10101011,2518.28,1600,22.0,3.09,316.2,2518.61,-1.6,3.1, , 
,2520.00,1600,84.0,-3.9,10101011,2519.31,1568,25.1,3.09,336.6,2519.65,-1.6,3.1, , 
,2521.11,1696,84.0,-0.8,10101011,2520.36,1632,35.3,5.15,459.0,2520.73,-1.6,3.1, , 
,2522.16,1920,84.0,1.2,10101011,2521.43,1760,47.1,7.21,571.2,2521.81,0.0,3.1, , 
,2523.25,2144,84.0,0.0,10101001,2522.54,1984,47.1,7.21,571.2,2522.90,0.0,3.1, , 
,2524.26,2400,84.0,2.7,11101001,2523.58,2240,60.4,8.24,673.2,2523.91,0.0,3.1, , 
,2525.29,2624,84.0,2.7,11101001,2524.61,2496,50.2,7.21,591.6,2524.95,0.0,3.1, , 
,2526.29,1856,84.0,0.0,11111111,2525.63,2688,41.2,6.18,499.8,2525.97,0.0,3.1, , 
,2527.27,1184,84.0,0.0,11111111,2526.60,1376,0.0,0.00,336.6,2526.93,-2.3,0.0, , 
,2528.27,1792,84.0,0.0,11101011,2527.60,1632,0.0,0.00,316.2,2527.94,-1.6,3.1, , 
,2529.39,1760,84.0,-2.3,11101011,2528.66,1792,19.2,2.06,295.8,2529.01,-1.6,3.1, , 
,2530.50,1792,84.0,-4.3,11101011,2529.78,1792,28.2,4.12,377.4,2530.13,0.0,3.1, , 
,2531.60,1824,84.0,-3.9,11101011,2530.88,1792,28.2,4.12,377.4,2531.24,0.0,3.1, , 
,2532.73,1824,84.0,-6.3,11101011,2531.98,1824,26.7,3.09,357.0,2532.35,0.0,3.1, , 
,2533.83,1824,85.5,-8.2,11101011,2533.08,1824,25.1,3.09,336.6,2533.44,0.0,3.1, , 
,2534.91,1824,85.5,-12.5,11101011,2534.20,1824,23.5,3.09,336.6,2534.57,0.0,3.1, , 
,2535.98,1792,84.0,-13.7,11111111,2535.27,1824,17.6,2.06,275.4,2535.63,0.0,3.1, , 
,2537.03,1760,84.0,0.0,11111111,2536.36,1792,0.0,0.00,295.8,2536.70,-1.6,3.1, , 
,2538.02,1696,84.0,0.0,11101011,2537.35,1728,0.0,0.00,316.2,2537.69,-1.6,3.1, , 
,2539.08,1696,84.0,0.0,10101011,2538.39,1664,20.8,3.09,295.8,2538.73,-1.6,3.1, , 
,2540.13,1664,84.0,-2.3,10101011,2539.41,1664,22.0,3.09,316.2,2539.76,-1.6,3.1, , 
,2541.21,1664,84.0,-0.4,10101011,2540.47,1696,28.2,4.12,377.4,2540.83,-1.6,3.1, , 
,2542.26,1664,84.0,2.0,10101011,2541.55,1664,31.0,4.12,397.8,2541.92,-1.6,3.1, , 
,2543.34,1728,85.5,3.1,10101011,2542.61,1696,31.0,4.12,418.2,2543.01,-1.6,3.1, , 
,2544.40,1760,84.0,5.9,10101011,2543.70,1728,32.5,5.15,418.2,2544.08,-1.6,3.1, , 
,2545.50,1792,84.0,5.5,10101011,2544.76,1760,38.4,6.18,479.4,2545.14,0.0,3.1, , 
,2546.60,1856,84.0,2.7,10101011,2545.88,1824,44.3,6.18,550.8,2546.25,0.0,3.1, , 
,2547.69,1888,84.0,0.0,10101011,2546.96,1888,29.4,4.12,397.8,2547.34,0.0,3.1, , 
,2548.79,1888,84.0,-3.9,10101011,2548.07,1888,28.2,4.12,377.4,2548.41,0.0,3.1, , 
,2549.84,1856,84.0,-11.7,10101011,2549.13,1856,17.6,2.06,275.4,2549.49,0.0,3.1, , 
,2550.96,1856,84.0,-3.1,10101011,2550.22,1856,19.2,2.06,275.4,2550.59,0.0,3.1, , 
,2552.08,1824,84.0,2.3,10101011,2551.32,1856,29.4,3.09,397.8,2551.69,0.0,3.1, , 
,2553.17,1856,84.0,5.9,10101011,2552.43,1824,29.4,4.12,397.8,2552.80,0.0,3.1, , 
,2554.31,1856,84.0,4.7,10101011,2553.56,1856,29.4,4.12,397.8,2553.93,0.0,3.1, , 
,2555.43,1888,84.0,4.7,10101011,2554.66,1856,29.4,4.12,377.4,2555.05,0.0,3.1, , 
,2556.55,1888,84.0,3.9,10101011,2555.80,1888,28.2,3.09,377.4,2556.18,0.0,3.1, , 
,2557.66,1920,84.0,3.1,10101011,2556.93,1888,28.2,3.09,377.4,2557.30,0.0,3.1, , 
,2558.78,1920,84.0,3.9,10101011,2558.04,1920,29.4,4.12,397.8,2558.41,0.0,3.1, , 
,2559.86,1952,84.0,8.6,10101011,2559.15,1920,35.3,4.12,438.6,2559.49,0.0,3.1, , 
,2560.95,2048,84.0,0.0,10101001,2560.22,1952,38.4,5.15,459.0,2560.58,0.0,3.1, , 
,2561.98,2080,84.0,5.9,11101001,2561.29,2048,53.3,7.21,632.4,2561.63,0.0,3.1, , 
,2563.01,2112,85.5,2.7,10101001,2562.32,2112,35.3,4.12,459.0,2562.65,0.0,3.1, , 
,2564.04,2144,84.0,4.7,10101001,2563.35,2144,32.5,4.12,418.2,2563.70,0.0,3.1, , 
,2565.03,2144,84.0,5.9,10101001,2564.37,2144,32.5,4.12,418.2,2564.69,0.0,3.1, , 
,2566.08,2176,84.0,-1.2,10101001,2565.37,2144,31.0,4.12,397.8,2565.72,0.0,3.1, , 
,2567.08,2176,84.0,-1.6,10101001,2566.42,2176,31.0,4.12,397.8,2566.75,0.0,3.1, , 
,2568.11,2176,85.5,-1.6,10101001,2567.42,2176,31.0,4.12,397.8,2567.78,0.0,3.1, , 
,2569.14,2208,84.0,-2.0,10101001,2568.46,2176,31.0,4.12,397.8,2568.80,0.0,3.1, , 
,2570.18,2176,84.0,-4.7,10101001,2569.48,2208,29.4,4.12,377.4,2569.83,0.0,3.1, , 
,2571.19,2144,84.0,-14.8,10101001,2570.51,2208,16.1,2.06,244.8,2570.84,0.0,3.1, , 
,2572.21,2112,84.0,-20.7,10101001,2571.52,2144,16.1,2.06,244.8,2571.86,0.0,3.1, , 
,2573.25,2080,84.0,-25.4,10101001,2572.57,2112,16.1,1.03,244.8,2572.91,0.0,3.1, , 
,2574.30,2048,84.0,-27.7,10101001,2573.59,2080,14.9,1.03,244.8,2573.95,0.0,3.1, , 
,2575.38,1952,84.0,-26.6,10111111,2574.66,2016,14.9,1.03,244.8,2575.02,0.0,3.1, , 
,2576.44,1888,84.0,0.0,10111111,2575.75,1952,16.1,1.03,244.8,2576.09,0.0,3.1, , 
,2577.49,1760,84.0,0.0,10111111,2576.81,1856,0.0,0.00,275.4,2577.13,0.0,3.1, , 
,2578.47,1600,84.0,0.0,10111111,2577.82,1696,0.0,0.00,316.2,2578.15,-1.6,3.1, , 
,2579.40,1504,84.0,0.0,10111111,2578.79,1568,0.0,0.00,316.2,2579.13,-1.6,3.1, , 
,2580.34,1408,84.0,0.0,10111111,2579.67,1472,0.0,0.00,336.6,2580.00,-2.3,0.0, , 
,2581.33,896,84.0,0.0,10111111,2580.66,1408,0.0,0.00,336.6,2581.00,-2.3,0.0, , 
,2582.26,896,84.0,0.0,10111111,2581.63,928,29.4,5.15,418.2,2581.94,-2.3,0.0, , 
,2583.19,896,84.0,0.0,10111111,2582.59,896,25.1,3.09,377.4,2582.89,-2.3,0.0, , 
,2584.14,1472,84.0,0.0,10101011,2583.51,896,25.1,3.09,377.4,2583.82,-2.3,0.0, , 
,2585.17,1408,84.0,0.0,10101011,2584.49,1440,25.1,3.09,357.0,2584.84,-1.6,0.0, , 
,2586.15,1376,84.0,-2.3,10101011,2585.50,1408,23.5,3.09,336.6,2585.84,-1.6,0.0, , 
,2587.13,1344,84.0,-3.5,10101011,2586.47,1376,23.5,3.09,336.6,2586.81,-2.3,0.0, , 
,2588.15,1344,84.0,0.0,10101011,2587.47,1344,26.7,3.09,357.0,2587.80,-1.6,0.0, , 
,2589.16,1376,84.0,0.4,10101011,2588.49,1376,29.4,4.12,397.8,2588.83,-1.6,0.0, , 
,2590.21,1376,84.0,-0.4,10111111,2589.52,1376,29.4,4.12,397.8,2589.86,-2.3,0.0, , 
,2591.22,1312,84.0,-3.5,10111111,2590.57,1376,23.5,3.09,336.6,2590.90,-2.3,0.0, , 
,2592.14,1248,84.0,-2.0,10111111,2591.51,1312,22.0,3.09,336.6,2591.84,-2.3,0.0, , 
,2593.12,1248,84.0,2.3,10101011,2592.47,1216,22.0,3.09,336.6,2592.78,-2.3,0.0, , 
,2594.11,1280,84.0,6.6,10101011,2593.45,1280,25.1,3.09,357.0,2593.79,-1.6,0.0, , 
,2595.09,1440,84.0,0.0,10101011,2594.44,1344,40.0,5.15,499.8,2594.76,-1.6,0.0, , 
,2596.18,1728,84.0,1.2,10101011,2595.46,1536,63.5,10.30,734.4,2595.82,-0.8,3.1, , 
,2597.24,1920,84.0,0.0,10101011,2596.53,1824,56.1,8.24,673.2,2596.89,0.0,3.1, , 
,2598.32,1984,84.0,-3.9,10101011,2597.60,1984,26.7,3.09,357.0,2597.96,0.0,3.1, , 
,2599.41,2016,84.0,-5.5,10101001,2598.68,1984,31.0,4.12,397.8,2599.04,0.0,3.1, , 
,2600.47,2080,84.0,-0.8,10101001,2599.77,2016,31.0,4.12,397.8,2600.12,0.0,3.1, , 
,2601.48,2176,84.0,-0.4,10101001,2600.82,2080,35.3,5.15,438.6,2601.15,0.0,3.1, , 
,2602.50,2240,84.0,-0.8,10101001,2601.82,2208,34.1,4.12,438.6,2602.17,0.0,3.1, , 
,2603.49,2336,84.0,-1.2,10101001,2602.85,2272,38.4,5.15,459.0,2603.16,0.0,3.1, , 
,2604.50,1568,84.0,0.0,10111111,2603.82,2368,35.3,5.15,438.6,2604.17,0.0,3.1, , 
,2605.41,1056,84.0,0.0,10111111,2604.79,1088,23.5,4.12,336.6,2605.09,-2.3,0.0, , 
,2606.27,992,84.0,0.0,10111111,2605.72,1056,23.5,3.09,336.6,2606.01,-2.3,0.0, , 
,2607.21,864,84.0,0.0,10111111,2606.59,928,22.0,3.09,336.6,2606.89,-3.1,0.0, , 
,2608.14,896,84.0,0.4,10111111,2607.51,864,25.1,3.09,377.4,2607.84,-3.1,0.0, , 
,2609.01,896,84.0,1.2,10111111,2608.44,864,25.1,3.09,377.4,2608.72,-3.1,0.0, , 
,2609.93,896,84.0,1.6,10111111,2609.31,896,26.7,3.09,377.4,2609.62,-2.3,0.0, , 
,2610.84,896,84.0,0.0,10111111,2610.23,896,26.7,3.09,377.4,2610.53,-2.3,0.0, , 
,2611.77,896,84.0,0.0,10111111,2611.15,896,25.1,3.09,377.4,2611.47,-2.3,0.0, , 
,2612.70,1216,84.0,0.0,10101011,2612.10,896,25.1,3.09,377.4,2612.39,-2.3,0.0, , 
,2613.63,1376,84.0,1.2,10101011,2613.00,1376,40.0,5.15,499.8,2613.31,-1.6,0.0, , 
,2614.68,2112,85.5,0.0,10101001,2613.98,1568,56.1,9.27,652.8,2614.34,0.0,3.1, , 
,2615.69,1376,85.5,0.0,10111111,2615.03,2336,53.3,6.18,652.8,2615.37,0.0,3.1, , 
,2616.63,1184,85.5,0.0,10111111,2616.01,1184,25.1,4.12,357.0,2616.30,-2.3,0.0, , 
,2617.56,992,85.5,0.0,10111111,2616.95,1056,23.5,3.09,336.6,2617.25,-2.3,0.0, , 
,2618.47,896,85.5,-1.2,10111111,2617.85,928,25.1,3.09,357.0,2618.16,-3.1,0.0, , 
,2619.39,896,85.5,-1.6,10111111,2618.77,896,26.7,3.09,397.8,2619.08,-2.3,0.0, , 
,2620.30,896,85.5,-0.4,10101011,2619.69,896,26.7,3.09,397.8,2620.01,-2.3,0.0, , 
,2621.31,1216,85.5,0.4,10101011,2620.64,1184,41.2,6.18,520.2,2620.98,-1.6,0.0, , 
,2622.23,1600,85.5,2.3,10101011,2621.59,1344,44.3,6.18,550.8,2621.88,-1.6,0.0, , 
,2623.30,2336,85.5,0.0,10101001,2622.62,1760,53.3,8.24,632.4,2622.95,0.0,3.1, , 
,2624.31,1408,85.5,0.0,10101011,2623.64,1952,0.0,0.00,336.6,2624.04,-1.6,3.1, , 
,2625.33,1600,85.5,0.0,10101011,2624.66,1632,71.0,11.33,826.2,2624.97,-1.6,3.1, , 
,2626.39,1632,85.5,-0.8,10101011,2625.69,1632,35.3,5.15,459.0,2626.03,-1.6,3.1, , 
,2627.45,1760,85.5,0.0,10101011,2626.74,1696,22.0,3.09,316.2,2627.10,-1.6,3.1, , 
,2628.49,2080,85.5,0.0,10101001,2627.80,1824,81.2,13.39,928.2,2628.15,0.0,3.1, , 
,2629.53,2528,85.5,-1.2,11101001,2628.82,2272,82.7,13.39,928.2,2629.19,0.0,3.1, , 
,2630.58,2592,85.5,0.0,11111101,2629.89,2688,85.5,13.39,928.2,2630.24,0.0,3.1, , 
,2631.68,1952,85.5,0.0,11101011,2630.93,2080,0.0,0.00,316.2,2631.31,-1.6,3.1, , 
,2632.78,1920,85.5,-3.1,11101011,2632.05,1920,25.1,3.09,357.0,2632.41,0.0,3.1, , 
,2633.85,1952,85.5,-3.5,11101011,2633.14,1920,38.4,5.15,479.4,2633.49,0.0,3.1, , 
,2634.91,1952,85.5,-2.3,11111111,2634.22,1984,35.3,4.12,459.0,2634.56,0.0,3.1, , 
,2635.94,1920,85.5,0.0,11111111,2635.28,1920,16.1,2.06,244.8,2635.61,0.0,3.1, , 
,2636.98,1856,85.5,0.0,11111111,2636.27,1888,0.0,0.00,275.4,2636.62,0.0,3.1, , 
,2638.02,1760,85.5,0.0,11111111,2637.34,1824,0.0,0.00,295.8,2637.68,0.0,3.1, , 
,2639.10,1760,87.0,0.0,11101011,2638.37,1760,20.8,3.09,316.2,2638.73,-1.6,3.1, , 
,2640.21,1728,85.5,-4.7,11101011,2639.44,1760,20.8,3.09,295.8,2639.80,-1.6,3.1, , 
,2641.29,1760,85.5,-3.1,11101011,2640.57,1728,25.1,3.09,336.6,2640.93,-1.6,3.1, , 
,2642.44,1792,85.5,-0.4,11101011,2641.66,1760,31.0,4.12,397.8,2642.05,0.0,3.1, , 
,2643.53,1856,85.5,1.2,11101011,2642.81,1792,40.0,5.15,479.4,2643.17,0.0,3.1, , 
,2644.63,1920,85.5,1.6,11101011,2643.90,1888,38.4,5.15,479.4,2644.26,0.0,3.1, , 
,2645.72,1952,85.5,1.2,11101011,2645.00,1920,36.9,5.15,459.0,2645.37,0.0,3.1, , 
,2646.80,1984,85.5,-0.4,11101001,2646.07,1984,36.9,5.15,459.0,2646.44,0.0,3.1, , 
,2647.88,2048,85.5,-2.0,11101001,2647.17,2016,38.4,5.15,459.0,2647.52,0.0,3.1, , 
,2648.94,2080,85.5,-3.5,11101001,2648.23,2048,36.9,5.15,459.0,2648.59,0.0,3.1, , 
,2649.97,2080,85.5,-5.5,11101001,2649.28,2080,36.9,5.15,459.0,2649.61,0.0,3.1, , 
,2651.01,2080,85.5,-9.4,11101001,2650.31,2080,35.3,5.15,438.6,2650.66,0.0,3.1, , 
,2652.05,2016,85.5,-15.2,11101001,2651.35,2080,19.2,2.06,295.8,2651.70,0.0,3.1, , 
,2653.13,2016,85.5,-8.2,11101001,2652.41,2048,16.1,2.06,244.8,2652.78,0.0,3.1, , 
,2654.23,1952,85.5,0.8,11101011,2653.49,1984,23.5,2.06,316.2,2653.85,0.0,3.1, , 
,2655.28,2016,85.5,11.7,11101001,2654.59,1984,36.9,3.09,459.0,2654.94,0.0,3.1, , 
,2656.31,2080,85.5,22.3,11101001,2655.62,2016,48.6,6.18,571.2,2655.97,0.0,3.1, , 
,2657.34,2144,85.5,27.3,11101001,2656.65,2112,53.3,7.21,632.4,2657.00,0.0,3.1, , 
,2658.38,1920,85.5,0.0,11111111,2657.68,2176,50.2,7.21,591.6,2658.02,0.0,3.1, , 
,2659.28,1056,85.5,0.0,11111111,2658.71,1408,0.0,0.00,336.6,2658.98,-2.3,0.0, , 
,2660.20,1024,85.5,0.0,11111111,2659.61,1088,25.1,3.09,357.0,2659.91,-2.3,0.0, , 
,2661.10,800,85.5,0.0,11111111,2660.50,992,22.0,2.06,336.6,2660.79,-3.1,0.0, , 
,2662.02,864,85.5,4.3,11111111,2661.41,864,28.2,3.09,418.2,2661.71,-2.3,0.0, , 
,2662.90,864,85.5,13.3,11111111,2662.33,864,28.2,3.09,397.8,2662.61,-2.3,0.0, , 
,2663.81,896,85.5,19.9,11111111,2663.20,896,26.7,3.09,397.8,2663.50,-2.3,0.0, , 
,2664.71,928,85.5,22.7,11111111,2664.11,928,26.7,3.09,397.8,2664.40,-2.3,0.0, , 
,2665.60,928,85.5,21.9,11111111,2665.01,928,26.7,4.12,377.4,2665.30,-2.3,0.0, , 
,2666.54,896,85.5,9.0,11111111,2665.92,896,26.7,4.12,377.4,2666.23,-2.3,0.0, , 
,2667.48,896,85.5,5.5,11111111,2666.85,896,25.1,3.09,377.4,2667.16,-3.1,0.0, , 
,2668.38,896,85.5,3.5,11111111,2667.78,896,25.1,3.09,377.4,2668.08,-3.1,0.0, , 
,2669.30,896,85.5,2.0,11111111,2668.69,896,25.1,3.09,377.4,2668.98,-3.1,0.0, , 
,2670.20,896,87.0,-0.4,10101011,2669.60,896,25.1,3.09,377.4,2669.90,-3.1,0.0, , 
,2671.29,1952,85.5,-1.2,10101011,2670.55,1024,29.4,4.12,397.8,2670.91,0.0,3.1, , 
,2672.33,2048,85.5,-7.0,10101001,2671.64,2048,22.0,3.09,316.2,2671.98,0.0,3.1, , 
,2673.37,2080,87.0,-7.8,10101001,2672.68,2048,26.7,3.09,357.0,2673.03,0.0,3.1, , 
,2674.39,2208,85.5,-3.9,11101001,2673.72,2144,44.3,6.18,520.2,2674.06,0.0,3.1, , 
,2675.42,2336,85.5,-0.4,11101001,2674.73,2272,42.7,6.18,499.8,2675.07,0.0,3.1, , 
,2676.51,1664,85.5,0.0,11111111,2675.77,2400,45.9,6.18,550.8,2676.14,0.0,3.1, , 
,2677.43,928,85.5,0.0,11111111,2676.83,1152,23.5,4.12,336.6,2677.12,-2.3,0.0, , 
,2678.36,896,85.5,0.0,11111111,2677.74,864,25.1,3.09,357.0,2678.04,-3.1,0.0, , 
,2679.26,896,85.5,0.0,11111111,2678.64,896,26.7,3.09,397.8,2678.96,-2.3,0.0, , 
,2680.15,896,85.5,0.4,11111111,2679.56,896,26.7,3.09,397.8,2679.87,-2.3,0.0, , 
,2681.09,896,85.5,1.6,10111111,2680.45,896,26.7,3.09,397.8,2680.79,-2.3,0.0, , 
,2682.01,896,85.5,2.7,10111111,2681.38,896,26.7,3.09,397.8,2681.68,-2.3,0.0, , 
,2682.93,896,85.5,3.5,10111111,2682.32,896,26.7,3.09,377.4,2682.61,-3.1,0.0, , 
,2683.84,896,85.5,3.5,10111111,2683.23,896,25.1,3.09,377.4,2683.53,-3.1,0.0, , 
,2684.76,896,85.5,3.5,10111111,2684.15,896,25.1,3.09,377.4,2684.45,-3.1,0.0, , 
,2685.64,896,85.5,2.7,10111111,2685.05,864,25.1,3.09,377.4,2685.34,-3.1,0.0, , 
,2686.56,768,85.5,0.4,10111111,2685.96,864,25.1,3.09,377.4,2686.26,-3.1,0.0, , 
,2687.50,800,85.5,-3.5,10111111,2686.89,736,26.7,3.09,397.8,2687.19,-3.1,0.0, , 
,2688.41,800,85.5,-3.5,10111111,2687.79,800,28.2,3.09,397.8,2688.10,-3.1,0.0, , 
,2689.31,768,85.5,-2.7,10111111,2688.71,768,26.7,3.09,397.8,2689.02,-3.1,0.0, , 
,2690.23,800,85.5,-1.6,10111111,2689.62,800,26.7,3.09,397.8,2689.91,-3.1,0.0, , 
,2691.11,800,85.5,-0.4,10111111,2690.53,800,26.7,3.09,397.8,2690.81,-3.1,0.0, , 
,2692.01,800,87.0,0.0,10111111,2691.41,800,26.7,3.09,397.8,2691.71,-3.1,0.0, , 
,2692.89,800,87.0,0.4,10111111,2692.31,800,26.7,3.09,397.8,2692.60,-3.1,0.0, , 
,2693.79,768,85.5,0.4,10111111,2693.19,800,26.7,3.09,397.8,2693.49,-3.1,0.0, , 
,2694.69,768,85.5,0.4,10111111,2694.09,768,26.7,3.09,397.8,2694.38,-3.1,0.0, , 
,2695.60,800,85.5,-0.4,10111111,2695.00,800,26.7,3.09,397.8,2695.30,-3.1,0.0, , 
,2696.49,768,85.5,-0.8,10111111,2695.90,800,26.7,3.09,397.8,2696.20,-3.1,0.0, , 
,2697.47,1088,85.5,0.0,10101011,2696.79,800,26.7,3.09,397.8,2697.10,-3.1,0.0, , 
,2698.47,1184,85.5,0.0,10101011,2697.84,1792,44.3,6.18,550.8,2698.16,-1.6,0.0, , 
,2699.42,1600,87.0,0.0,10101011,2698.77,1120,59.2,9.27,714.0,2699.06,-0.8,0.0, , 
,2700.45,1760,85.5,0.0,10111111,2699.79,1888,56.1,8.24,673.2,2700.13,0.0,3.1, , 
,2701.37,1312,87.0,0.0,10101011,2700.76,1312,0.0,0.00,357.0,2701.06,-2.3,0.0, , 
,2702.37,1312,87.0,0.0,10101011,2701.71,1280,22.0,3.09,336.6,2702.05,-2.3,0.0, , 
,2703.38,1376,85.5,-3.5,10111111,2702.68,1344,23.5,3.09,336.6,2703.04,-2.3,0.0, , 
,2704.39,1344,85.5,-3.9,10111111,2703.73,1376,23.5,3.09,336.6,2704.06,-2.3,0.0, , 
,2705.39,1280,85.5,-3.5,10111111,2704.74,1376,22.0,3.09,336.6,2705.07,-2.3,0.0, , 
,2706.34,1216,87.0,-0.8,10111111,2705.70,1280,22.0,3.09,336.6,270