Ver. 4 7 real time data, pi¹tek, 11 wrzesieñ 2026 16:38:29
TEMPO	GIRI	LAMBDA	GAS	BENZ	PRESS	MAP	T.RID	T.GAS	LIV	SLOW	FAST	OX	MARKER	AUTOMARKER	ECUMARKER
203	804	0.140000	6.650000	4.660000	1.070000	0.420000	66.000000	27.000000	0	0.000000	0.000000	0.000000	0	0	0	
422	802	0.140000	6.680000	4.680000	1.070000	0.420000	66.000000	27.000000	0	0.000000	0.000000	0.000000	0	0	0	
625	800	0.140000	6.640000	4.620000	1.080000	0.420000	66.000000	27.000000	46	0.000000	0.000000	0.000000	0	0	0	
812	798	0.140000	6.690000	4.700000	1.070000	0.420000	66.000000	27.000000	0	0.000000	0.000000	0.000000	0	0	0	
1031	801	0.140000	6.660000	4.650000	1.080000	0.420000	66.000000	27.000000	0	0.000000	0.000000	0.000000	0	0	0	
1297	794	0.140000	6.740000	4.740000	1.080000	0.420000	66.000000	27.000000	126	0.000000	0.000000	0.000000	0	0	0	
1516	794	0.140000	6.610000	4.620000	1.080000	0.410000	66.000000	27.000000	117	0.000000	0.000000	0.000000	0	0	0	
1719	799	0.140000	6.720000	4.710000	1.080000	0.430000	66.000000	27.000000	21	0.000000	0.000000	0.000000	0	0	0	
1922	802	0.140000	6.780000	4.790000	1.070000	0.430000	66.000000	27.000000	168	0.000000	0.000000	0.000000	0	0	0	
2125	818	0.140000	6.710000	4.720000	1.080000	0.420000	66.000000	27.000000	0	0.000000	0.000000	0.000000	0	0	0	
2375	799	0.140000	6.760000	4.740000	1.060000	0.430000	66.000000	27.000000	0	0.000000	0.000000	0.000000	0	0	0	
2562	835	0.140000	9.850000	7.420000	1.050000	0.570000	66.000000	27.000000	23	0.000000	0.000000	0.000000	0	0	0	
2766	1238	0.140000	10.840000	8.420000	1.060000	0.580000	66.000000	27.000000	8	0.000000	0.000000	0.000000	0	0	0	
2953	1568	0.140000	2.500000	1.010000	1.050000	0.520000	66.000000	27.000000	0	0.000000	0.000000	0.000000	0	0	0	
3141	1869	0.140000	8.030000	5.850000	1.050000	0.460000	66.000000	27.000000	254	0.000000	0.000000	0.000000	0	0	0	
3344	1964	0.140000	7.120000	4.920000	1.060000	0.400000	66.000000	27.000000	0	0.000000	0.000000	0.000000	0	0	0	
3531	1925	0.140000	7.120000	4.930000	1.060000	0.390000	66.000000	27.000000	0	0.000000	0.000000	0.000000	0	0	0	
3750	1775	0.140000	7.150000	4.950000	1.110000	0.350000	66.000000	27.000000	254	0.000000	0.000000	0.000000	0	0	0	
3937	1453	0.140000	0.000000	0.000000	1.110000	0.340000	66.000000	27.000000	0	0.000000	0.000000	0.000000	0	0	0	
4141	1149	0.140000	7.150000	4.950000	1.110000	0.340000	66.000000	27.000000	0	0.000000	0.000000	0.000000	0	0	0	
4359	950	0.140000	6.960000	4.900000	1.070000	0.360000	66.000000	27.000000	0	0.000000	0.000000	0.000000	0	0	0	
4562	954	0.140000	7.200000	5.140000	1.060000	0.380000	66.000000	27.000000	0	0.000000	0.000000	0.000000	0	0	0	
4812	931	0.140000	7.420000	5.430000	1.080000	0.370000	66.000000	27.000000	7	0.000000	0.000000	0.000000	0	0	0	
5062	928	0.140000	7.120000	5.070000	1.080000	0.360000	66.000000	27.000000	0	0.000000	0.000000	0.000000	0	0	0	
5312	862	0.140000	6.880000	4.870000	1.070000	0.360000	66.000000	27.000000	0	0.000000	0.000000	0.000000	0	0	0	
5672	777	0.140000	7.000000	4.960000	1.080000	0.390000	66.000000	27.000000	0	0.000000	0.000000	0.000000	0	0	0	
5891	798	0.140000	6.890000	4.880000	1.070000	0.420000	66.000000	27.000000	0	0.000000	0.000000	0.000000	0	0	0	
6141	824	0.140000	6.970000	4.970000	1.060000	0.430000	66.000000	27.000000	0	0.000000	0.000000	0.000000	0	0	0	
6328	809	0.140000	7.020000	4.970000	1.070000	0.430000	66.000000	27.000000	0	0.000000	0.000000	0.000000	0	0	0	
6562	813	0.140000	7.070000	5.020000	1.070000	0.430000	67.000000	27.000000	0	0.000000	0.000000	0.000000	0	0	0	
6766	814	0.140000	7.020000	4.970000	1.070000	0.430000	67.000000	27.000000	0	0.000000	0.000000	0.000000	0	0	0	
6969	809	0.140000	6.990000	4.950000	1.080000	0.420000	67.000000	27.000000	0	0.000000	0.000000	0.000000	0	0	0	
7172	813	0.140000	7.010000	4.970000	1.070000	0.430000	67.000000	27.000000	0	0.000000	0.000000	0.000000	0	0	0	
7375	820	0.140000	6.960000	4.920000	1.070000	0.430000	67.000000	27.000000	0	0.000000	0.000000	0.000000	0	0	0	
7625	829	0.140000	7.010000	4.970000	1.080000	0.420000	67.000000	27.000000	0	0.000000	0.000000	0.000000	0	0	0	
7891	813	0.140000	6.930000	4.940000	1.070000	0.430000	67.000000	27.000000	0	0.000000	0.000000	0.000000	0	0	0	
8172	857	0.140000	2.500000	1.010000	1.070000	0.510000	67.000000	28.000000	0	0.000000	0.000000	0.000000	0	0	0	
8391	1061	0.140000	9.160000	6.900000	1.070000	0.530000	67.000000	28.000000	0	0.000000	0.000000	0.000000	0	0	0	
8625	1258	0.140000	9.020000	6.580000	1.060000	0.510000	67.000000	28.000000	0	0.000000	0.000000	0.000000	0	0	0	
8812	1397	0.140000	7.830000	5.720000	1.080000	0.460000	67.000000	28.000000	0	0.000000	0.000000	0.000000	0	0	0	
9031	1385	0.140000	7.820000	5.710000	1.070000	0.440000	67.000000	28.000000	0	0.000000	0.000000	0.000000	0	0	0	
9219	1328	0.140000	7.260000	5.130000	1.070000	0.420000	67.000000	28.000000	13	0.000000	0.000000	0.000000	0	0	0	
9422	1218	0.140000	6.380000	4.400000	1.070000	0.370000	67.000000	28.000000	13	0.000000	0.000000	0.000000	0	0	0	
9625	1072	0.140000	6.380000	4.380000	1.070000	0.380000	67.000000	28.000000	0	0.000000	0.000000	0.000000	0	0	0	
9797	989	0.140000	6.640000	4.630000	1.070000	0.380000	67.000000	28.000000	0	0.000000	0.000000	0.000000	0	0	0	
10094	897	0.140000	2.340000	0.860000	1.070000	0.410000	67.000000	28.000000	0	0.000000	0.000000	0.000000	0	0	0	
10312	804	0.140000	2.450000	0.970000	1.070000	0.420000	67.000000	28.000000	0	0.000000	0.000000	0.000000	0	0	0	
10484	737	0.140000	7.760000	6.070000	1.090000	0.450000	67.000000	28.000000	0	0.000000	0.000000	0.000000	0	0	0	
10703	770	0.140000	8.520000	6.460000	1.080000	0.480000	67.000000	28.000000	1	0.000000	0.000000	0.000000	0	0	0	
10906	796	0.140000	8.680000	6.550000	1.080000	0.490000	67.000000	28.000000	0	0.000000	0.000000	0.000000	0	0	0	
11141	841	0.140000	8.390000	6.320000	1.060000	0.490000	67.000000	28.000000	0	0.000000	0.000000	0.000000	0	0	0	
11344	869	0.140000	7.890000	5.910000	1.070000	0.480000	67.000000	28.000000	0	0.000000	0.000000	0.000000	0	0	0	
11547	867	0.140000	7.570000	5.590000	1.070000	0.470000	67.000000	28.000000	0	0.000000	0.000000	0.000000	0	0	0	
11750	895	0.140000	7.460000	5.490000	1.070000	0.470000	67.000000	28.000000	250	0.000000	0.000000	0.000000	0	0	0	
11937	921	0.140000	6.870000	4.820000	1.070000	0.470000	67.000000	28.000000	58	0.000000	0.000000	0.000000	0	0	0	
12156	931	0.140000	7.040000	4.990000	1.060000	0.480000	67.000000	28.000000	0	0.000000	0.000000	0.000000	0	0	0	
12359	948	0.140000	7.020000	4.950000	1.070000	0.450000	67.000000	28.000000	0	0.000000	0.000000	0.000000	0	0	0	
12562	997	0.140000	6.980000	4.940000	1.070000	0.450000	67.000000	28.000000	221	0.000000	0.000000	0.000000	0	0	0	
12781	1028	0.140000	7.120000	5.310000	1.070000	0.470000	67.000000	28.000000	11	0.000000	0.000000	0.000000	0	0	0	
12969	1106	0.140000	7.580000	5.510000	1.060000	0.500000	67.000000	28.000000	29	0.000000	0.000000	0.000000	0	0	0	
13156	1119	0.140000	8.010000	5.920000	1.070000	0.510000	67.000000	28.000000	20	0.000000	0.000000	0.000000	0	0	0	
13344	1190	0.140000	2.330000	0.840000	1.060000	0.520000	67.000000	28.000000	12	0.000000	0.000000	0.000000	0	0	0	
13531	1251	0.140000	9.580000	7.150000	1.050000	0.540000	67.000000	28.000000	54	0.000000	0.000000	0.000000	0	0	0	
13766	1362	0.140000	10.820000	8.240000	1.050000	0.580000	67.000000	28.000000	53	0.000000	0.000000	0.000000	0	0	0	
13953	1434	0.140000	10.330000	8.010000	1.040000	0.580000	67.000000	28.000000	54	0.000000	0.000000	0.000000	0	0	0	
14234	1648	0.140000	2.340000	0.840000	1.030000	0.740000	67.000000	28.000000	53	0.000000	0.000000	0.000000	0	0	0	
14437	1807	0.140000	13.030000	11.540000	1.060000	0.710000	67.000000	28.000000	53	0.000000	0.000000	0.000000	0	0	0	
14625	1990	0.140000	13.040000	11.460000	1.050000	0.750000	67.000000	28.000000	104	0.000000	0.000000	0.000000	0	0	0	
14812	2135	0.140000	12.690000	11.000000	1.040000	0.730000	67.000000	28.000000	104	0.000000	0.000000	0.000000	0	0	0	
15016	2216	0.140000	8.380000	6.260000	1.140000	0.460000	67.000000	28.000000	104	0.000000	0.000000	0.000000	0	0	0	
15219	1866	0.140000	0.000000	0.000000	1.230000	0.370000	67.000000	28.000000	254	0.000000	0.000000	0.000000	0	0	0	
15406	1545	0.140000	0.000000	0.000000	1.240000	0.370000	67.000000	28.000000	0	0.000000	0.000000	0.000000	0	0	0	
15594	1284	0.140000	0.000000	0.000000	1.230000	0.370000	67.000000	28.000000	0	0.000000	0.000000	0.000000	0	0	0	
15812	1010	0.140000	6.950000	5.260000	1.110000	0.390000	67.000000	28.000000	0	0.000000	0.000000	0.000000	0	0	0	
16016	1308	0.140000	7.580000	5.510000	1.060000	0.350000	68.000000	28.000000	0	0.000000	0.000000	0.000000	0	0	0	
16203	1456	0.140000	7.540000	5.400000	1.060000	0.360000	67.000000	28.000000	0	0.000000	0.000000	0.000000	0	0	0	
16406	1362	0.140000	7.440000	5.350000	1.060000	0.380000	67.000000	28.000000	0	0.000000	0.000000	0.000000	0	0	0	
16578	1440	0.140000	7.660000	5.500000	1.050000	0.390000	67.000000	28.000000	0	0.000000	0.000000	0.000000	0	0	0	
16812	1455	0.140000	7.410000	5.230000	1.060000	0.400000	67.000000	28.000000	0	0.000000	0.000000	0.000000	0	0	0	
17000	1444	0.140000	7.050000	4.950000	1.060000	0.380000	67.000000	28.000000	254	0.000000	0.000000	0.000000	0	0	0	
17203	1474	0.140000	6.860000	4.740000	1.070000	0.370000	67.000000	28.000000	0	0.000000	0.000000	0.000000	0	0	0	
17422	1521	0.140000	6.960000	4.790000	1.060000	0.360000	67.000000	28.000000	0	0.000000	0.000000	0.000000	0	0	0	
17625	1550	0.140000	7.170000	4.980000	1.050000	0.380000	67.000000	28.000000	12	0.000000	0.000000	0.000000	0	0	0	
17844	1573	0.140000	7.580000	5.430000	1.060000	0.410000	67.000000	28.000000	1	0.000000	0.000000	0.000000	0	0	0	
18031	1607	0.140000	7.840000	5.650000	1.070000	0.410000	67.000000	28.000000	0	0.000000	0.000000	0.000000	0	0	0	
18344	1653	0.140000	7.830000	5.690000	1.070000	0.420000	68.000000	28.000000	0	0.000000	0.000000	0.000000	0	0	0	
18562	1698	0.140000	7.830000	5.630000	1.050000	0.420000	67.000000	28.000000	0	0.000000	0.000000	0.000000	0	0	0	
18750	1738	0.140000	7.810000	5.580000	1.060000	0.410000	67.000000	28.000000	0	0.000000	0.000000	0.000000	0	0	0	
18984	1767	0.140000	7.580000	5.420000	1.060000	0.410000	67.000000	28.000000	0	0.000000	0.000000	0.000000	0	0	0	
19172	1805	0.140000	7.640000	5.410000	1.050000	0.410000	67.000000	28.000000	0	0.000000	0.000000	0.000000	0	0	0	
19375	1851	0.140000	7.550000	5.370000	1.060000	0.400000	67.000000	28.000000	0	0.000000	0.000000	0.000000	0	0	0	
19578	1884	0.140000	7.420000	5.190000	1.070000	0.390000	67.000000	28.000000	0	0.000000	0.000000	0.000000	0	0	0	
19781	1909	0.140000	7.390000	5.180000	1.060000	0.390000	67.000000	28.000000	0	0.000000	0.000000	0.000000	0	0	0	
19984	1944	0.140000	7.310000	5.110000	1.060000	0.380000	67.000000	28.000000	0	0.000000	0.000000	0.000000	0	0	0	
20187	1989	0.140000	7.190000	5.060000	1.060000	0.390000	67.000000	28.000000	0	0.000000	0.000000	0.000000	0	0	0	
20422	2021	0.140000	7.420000	5.280000	1.060000	0.400000	67.000000	28.000000	0	0.000000	0.000000	0.000000	0	0	0	
20609	2050	0.140000	7.990000	5.740000	1.050000	0.420000	67.000000	28.000000	0	0.000000	0.000000	0.000000	0	0	0	
20812	2089	0.140000	8.410000	6.110000	1.060000	0.450000	67.000000	28.000000	0	0.000000	0.000000	0.000000	0	0	0	
21016	2117	0.140000	8.630000	6.280000	1.040000	0.460000	67.000000	28.000000	0	0.000000	0.000000	0.000000	0	0	0	
21187	2166	0.140000	9.100000	6.730000	1.050000	0.480000	67.000000	28.000000	0	0.000000	0.000000	0.000000	0	0	0	
21406	2214	0.140000	9.230000	6.790000	1.050000	0.480000	67.000000	28.000000	0	0.000000	0.000000	0.000000	0	0	0	
21594	2267	0.140000	9.340000	6.890000	1.050000	0.490000	67.000000	28.000000	0	0.000000	0.000000	0.000000	0	0	0	
21828	2324	0.140000	9.820000	7.260000	1.030000	0.500000	67.000000	28.000000	0	0.000000	0.000000	0.000000	0	0	0	
22031	2377	0.140000	9.750000	7.230000	1.050000	0.490000	67.000000	28.000000	0	0.000000	0.000000	0.000000	0	0	0	
22234	2420	0.140000	9.440000	6.980000	1.050000	0.480000	67.000000	28.000000	0	0.000000	0.000000	0.000000	0	0	0	
22500	2485	0.140000	9.630000	7.000000	1.060000	0.480000	67.000000	28.000000	0	0.000000	0.000000	0.000000	0	0	0	
22687	2373	0.140000	0.000000	0.000000	1.150000	0.350000	67.000000	28.000000	0	0.000000	0.000000	0.000000	0	0	0	
22922	2030	0.140000	0.000000	0.000000	1.170000	0.340000	67.000000	28.000000	0	0.000000	0.000000	0.000000	0	0	0	
23125	1736	0.140000	0.000000	0.000000	1.190000	0.330000	67.000000	28.000000	0	0.000000	0.000000	0.000000	0	0	0	
23328	1452	0.140000	0.000000	0.000000	1.170000	0.340000	67.000000	28.000000	0	0.000000	0.000000	0.000000	0	0	0	
23531	1097	0.140000	8.340000	6.090000	1.130000	0.340000	67.000000	28.000000	0	0.000000	0.000000	0.000000	0	0	0	
23781	1172	0.140000	7.320000	5.280000	1.080000	0.340000	67.000000	28.000000	0	0.000000	0.000000	0.000000	0	0	0	
23984	1613	0.140000	6.510000	4.440000	1.060000	0.310000	67.000000	28.000000	0	0.000000	0.000000	0.000000	0	0	0	
24172	1796	0.140000	6.650000	4.520000	1.060000	0.320000	67.000000	28.000000	0	0.000000	0.000000	0.000000	0	0	0	
24391	1727	0.140000	6.640000	4.530000	1.050000	0.330000	67.000000	28.000000	2	0.000000	0.000000	0.000000	0	0	0	
24594	1783	0.140000	6.110000	4.050000	1.060000	0.320000	67.000000	28.000000	0	0.000000	0.000000	0.000000	0	0	0	
24797	1762	0.140000	6.280000	4.160000	1.070000	0.330000	67.000000	28.000000	0	0.000000	0.000000	0.000000	0	0	0	
24984	1794	0.140000	6.440000	4.350000	1.070000	0.340000	67.000000	28.000000	0	0.000000	0.000000	0.000000	0	0	0	
25203	1812	0.140000	6.560000	4.450000	1.070000	0.340000	67.000000	28.000000	0	0.000000	0.000000	0.000000	0	0	0	
25391	1821	0.140000	6.570000	4.460000	1.060000	0.340000	67.000000	28.000000	4	0.000000	0.000000	0.000000	0	0	0	
25594	1831	0.140000	6.500000	4.400000	1.060000	0.340000	67.000000	28.000000	0	0.000000	0.000000	0.000000	0	0	0	
25797	1836	0.140000	6.520000	4.410000	1.070000	0.340000	66.000000	28.000000	0	0.000000	0.000000	0.000000	0	0	0	
26000	1855	0.140000	6.740000	4.630000	1.070000	0.350000	66.000000	28.000000	0	0.000000	0.000000	0.000000	0	0	0	
26187	1868	0.140000	6.750000	4.640000	1.060000	0.350000	66.000000	28.000000	0	0.000000	0.000000	0.000000	0	0	0	
26375	1877	0.140000	6.620000	4.500000	1.060000	0.340000	66.000000	28.000000	0	0.000000	0.000000	0.000000	0	0	0	
26656	1897	0.140000	6.580000	4.490000	1.070000	0.340000	66.000000	28.000000	0	0.000000	0.000000	0.000000	0	0	0	
26844	1906	0.140000	6.350000	4.290000	1.070000	0.340000	66.000000	28.000000	0	0.000000	0.000000	0.000000	0	0	0	
27047	1922	0.140000	6.250000	4.200000	1.060000	0.330000	66.000000	28.000000	0	0.000000	0.000000	0.000000	0	0	0	
27250	1928	0.140000	6.270000	4.200000	1.070000	0.330000	66.000000	28.000000	0	0.000000	0.000000	0.000000	0	0	0	
27453	1941	0.140000	6.130000	4.040000	1.080000	0.330000	66.000000	28.000000	0	0.000000	0.000000	0.000000	0	0	0	
27641	1951	0.140000	5.970000	3.900000	1.060000	0.320000	66.000000	28.000000	0	0.000000	0.000000	0.000000	0	0	0	
27828	1963	0.140000	5.910000	3.870000	1.070000	0.320000	66.000000	28.000000	49	0.000000	0.000000	0.000000	0	0	0	
28047	1978	0.140000	5.900000	3.810000	1.060000	0.310000	66.000000	28.000000	0	0.000000	0.000000	0.000000	0	0	0	
28234	1980	0.140000	5.810000	3.720000	1.070000	0.320000	66.000000	28.000000	0	0.000000	0.000000	0.000000	0	0	0	
28453	1990	0.140000	5.810000	3.730000	1.070000	0.310000	66.000000	28.000000	0	0.000000	0.000000	0.000000	0	0	0	
28641	2002	0.140000	5.740000	3.670000	1.060000	0.310000	66.000000	28.000000	0	0.000000	0.000000	0.000000	0	0	0	
28859	2010	0.140000	5.610000	3.540000	1.080000	0.300000	66.000000	28.000000	0	0.000000	0.000000	0.000000	0	0	0	
29047	2019	0.140000	5.540000	3.520000	1.070000	0.300000	66.000000	28.000000	0	0.000000	0.000000	0.000000	0	0	0	
29266	2024	0.140000	5.630000	3.570000	1.070000	0.300000	66.000000	28.000000	0	0.000000	0.000000	0.000000	0	0	0	
29469	2030	0.140000	5.560000	3.510000	1.070000	0.300000	66.000000	28.000000	42	0.000000	0.000000	0.000000	0	0	0	
29641	2044	0.140000	5.560000	3.500000	1.060000	0.310000	66.000000	28.000000	0	0.000000	0.000000	0.000000	0	0	0	
29859	2047	0.140000	5.690000	3.630000	1.070000	0.310000	66.000000	28.000000	0	0.000000	0.000000	0.000000	0	0	0	
30047	2057	0.140000	5.780000	3.690000	1.060000	0.320000	66.000000	28.000000	0	0.000000	0.000000	0.000000	0	0	0	
30250	2070	0.140000	5.880000	3.780000	1.070000	0.330000	66.000000	28.000000	0	0.000000	0.000000	0.000000	0	0	0	
30437	2084	0.140000	6.020000	3.900000	1.060000	0.340000	66.000000	28.000000	0	0.000000	0.000000	0.000000	0	0	0	
30734	2100	0.140000	6.220000	4.120000	1.060000	0.350000	66.000000	28.000000	0	0.000000	0.000000	0.000000	0	0	0	
30953	2119	0.140000	6.820000	4.640000	1.050000	0.390000	65.000000	28.000000	0	0.000000	0.000000	0.000000	0	0	0	
31156	2140	0.140000	7.970000	5.720000	1.050000	0.460000	65.000000	28.000000	0	0.000000	0.000000	0.000000	0	0	0	
31375	2170	0.140000	8.900000	6.520000	1.040000	0.530000	65.000000	28.000000	0	0.000000	0.000000	0.000000	0	0	0	
31562	2197	0.140000	2.300000	0.800000	1.050000	0.590000	65.000000	28.000000	0	0.000000	0.000000	0.000000	0	0	0	
31750	2228	0.140000	12.150000	0.930000	1.010000	0.730000	65.000000	28.000000	0	0.000000	0.000000	0.000000	0	0	0	
31984	2261	0.140000	13.780000	12.090000	1.010000	0.830000	65.000000	28.000000	54	0.000000	0.000000	0.000000	0	0	0	
32172	2298	0.140000	13.620000	12.220000	1.020000	0.860000	65.000000	27.000000	54	0.000000	0.000000	0.000000	0	0	0	
32391	2345	0.140000	13.940000	12.490000	1.030000	0.850000	65.000000	27.000000	54	0.000000	0.000000	0.000000	0	0	0	
32609	2376	0.140000	14.430000	1.160000	1.010000	0.880000	65.000000	27.000000	54	0.000000	0.000000	0.000000	0	0	0	
32797	2423	0.140000	15.410000	13.810000	1.030000	0.890000	65.000000	27.000000	52	0.000000	0.000000	0.000000	0	0	0	
33000	2460	0.140000	2.270000	0.790000	1.010000	0.940000	65.000000	27.000000	53	0.000000	0.000000	0.000000	0	0	0	
33187	2500	0.140000	2.450000	0.970000	1.010000	0.920000	65.000000	27.000000	53	0.000000	0.000000	0.000000	0	0	0	
33422	2551	0.140000	17.110000	15.310000	1.020000	0.940000	65.000000	27.000000	52	0.000000	0.000000	0.000000	0	0	0	
33625	2600	0.140000	16.560000	15.070000	1.040000	0.930000	65.000000	27.000000	54	0.000000	0.000000	0.000000	0	0	0	
33812	2628	0.140000	16.950000	15.160000	1.020000	0.970000	65.000000	27.000000	52	0.000000	0.000000	0.000000	0	0	0	
34031	2677	0.140000	16.990000	15.190000	1.030000	0.930000	65.000000	27.000000	51	0.000000	0.000000	0.000000	0	0	0	
34250	2726	0.140000	16.990000	15.250000	1.010000	0.940000	65.000000	27.000000	53	0.000000	0.000000	0.000000	0	0	0	
34437	2766	0.140000	17.160000	15.360000	1.010000	0.950000	65.000000	27.000000	53	0.000000	0.000000	0.000000	0	0	0	
34672	2807	0.140000	16.900000	15.170000	1.010000	0.950000	65.000000	27.000000	53	0.000000	0.000000	0.000000	0	0	0	
34969	2870	0.140000	17.370000	15.570000	1.020000	0.940000	65.000000	27.000000	53	0.000000	0.000000	0.000000	0	0	0	
35156	2922	0.140000	17.290000	15.550000	1.040000	0.930000	65.000000	27.000000	53	0.000000	0.000000	0.000000	0	0	0	
35359	2965	0.140000	16.920000	15.310000	1.020000	0.950000	65.000000	27.000000	52	0.000000	0.000000	0.000000	0	0	0	
35547	2997	0.140000	16.930000	15.390000	1.060000	0.930000	65.000000	27.000000	52	0.000000	0.000000	0.000000	0	0	0	
35781	3045	0.140000	17.390000	15.530000	1.020000	0.950000	65.000000	27.000000	52	0.000000	0.000000	0.000000	0	0	0	
36047	3096	0.140000	16.870000	15.010000	1.010000	0.950000	65.000000	27.000000	52	0.000000	0.000000	0.000000	0	0	0	
36250	3138	0.140000	16.650000	15.050000	1.040000	0.930000	65.000000	27.000000	52	0.000000	0.000000	0.000000	0	0	0	
36437	3193	0.140000	16.710000	15.170000	1.060000	0.910000	65.000000	27.000000	51	0.000000	0.000000	0.000000	0	0	0	
36641	3217	0.140000	16.880000	15.210000	1.040000	0.970000	65.000000	27.000000	52	0.000000	0.000000	0.000000	0	0	0	
36828	3258	0.140000	16.740000	14.990000	1.030000	0.930000	65.000000	27.000000	52	0.000000	0.000000	0.000000	0	0	0	
37047	3314	0.140000	16.700000	14.890000	1.020000	0.940000	65.000000	27.000000	52	0.000000	0.000000	0.000000	0	0	0	
37250	3352	0.140000	16.510000	14.710000	1.020000	0.940000	65.000000	27.000000	52	0.000000	0.000000	0.000000	0	0	0	
37453	3390	0.140000	16.620000	15.010000	1.030000	0.940000	65.000000	27.000000	53	0.000000	0.000000	0.000000	0	0	0	
37641	3420	0.140000	16.440000	14.890000	1.060000	0.910000	65.000000	27.000000	52	0.000000	0.000000	0.000000	0	0	0	
37844	3473	0.140000	16.100000	14.560000	1.030000	0.930000	65.000000	27.000000	53	0.000000	0.000000	0.000000	0	0	0	
38031	3493	0.140000	16.670000	14.840000	1.020000	0.930000	65.000000	27.000000	52	0.000000	0.000000	0.000000	0	0	0	
38250	3542	0.140000	16.730000	14.840000	1.030000	0.940000	65.000000	27.000000	53	0.000000	0.000000	0.000000	0	0	0	
38437	3579	0.140000	2.390000	0.870000	1.030000	0.930000	65.000000	27.000000	52	0.000000	0.000000	0.000000	0	0	0	
38641	3616	0.140000	16.730000	14.950000	1.010000	0.990000	65.000000	27.000000	53	0.000000	0.000000	0.000000	0	0	0	
38844	3650	0.140000	17.050000	15.020000	1.020000	0.950000	65.000000	27.000000	52	0.000000	0.000000	0.000000	0	0	0	
39125	3703	0.140000	16.990000	15.030000	1.020000	0.950000	65.000000	27.000000	51	0.000000	0.000000	0.000000	0	0	0	
39328	3751	0.140000	16.850000	14.720000	1.020000	0.980000	65.000000	27.000000	53	0.000000	0.000000	0.000000	0	0	0	
39531	3787	0.140000	17.060000	14.980000	1.030000	0.960000	65.000000	27.000000	52	0.000000	0.000000	0.000000	0	0	0	
39734	3819	0.140000	16.790000	14.950000	1.030000	0.960000	65.000000	27.000000	52	0.000000	0.000000	0.000000	0	0	0	
39953	3857	0.140000	16.570000	14.680000	1.050000	0.960000	65.000000	27.000000	52	0.000000	0.000000	0.000000	0	0	0	
40156	3908	0.140000	16.380000	14.550000	1.040000	0.950000	65.000000	27.000000	52	0.000000	0.000000	0.000000	0	0	0	
40359	3722	0.140000	14.730000	6.470000	1.180000	0.710000	65.000000	27.000000	54	0.000000	0.000000	0.000000	0	0	0	
40562	3561	0.140000	0.000000	0.000000	1.530000	0.350000	65.000000	27.000000	54	0.000000	0.000000	0.000000	0	0	0	
40750	3221	0.140000	0.000000	0.000000	1.620000	0.300000	65.000000	26.000000	170	0.000000	0.000000	0.000000	0	0	0	
40969	2876	0.140000	0.000000	0.000000	1.620000	0.300000	65.000000	26.000000	0	0.000000	0.000000	0.000000	0	0	0	
41187	2515	0.140000	0.000000	0.000000	1.620000	0.290000	64.000000	26.000000	0	0.000000	0.000000	0.000000	0	0	0	
41422	2221	0.140000	5.980000	4.150000	1.340000	0.270000	64.000000	26.000000	0	0.000000	0.000000	0.000000	0	0	0	
41625	2265	0.140000	6.300000	4.290000	1.080000	0.290000	64.000000	26.000000	0	0.000000	0.000000	0.000000	0	0	0	
41812	2216	0.140000	6.310000	4.270000	1.090000	0.310000	64.000000	26.000000	0	0.000000	0.000000	0.000000	0	0	0	
42016	2227	0.140000	6.450000	4.390000	1.070000	0.330000	64.000000	26.000000	0	0.000000	0.000000	0.000000	0	0	0	
42203	2237	0.140000	13.160000	11.390000	0.980000	0.640000	64.000000	26.000000	0	0.000000	0.000000	0.000000	0	0	0	
42406	2211	0.140000	14.840000	13.400000	1.060000	0.790000	64.000000	26.000000	0	0.000000	0.000000	0.000000	0	0	0	
42625	2221	0.140000	15.390000	13.790000	1.060000	0.830000	64.000000	26.000000	0	0.000000	0.000000	0.000000	0	0	0	
42828	2229	0.140000	15.320000	13.950000	1.070000	0.850000	64.000000	26.000000	0	0.000000	0.000000	0.000000	0	0	0	
43016	2239	0.140000	15.300000	13.990000	1.050000	0.870000	64.000000	26.000000	12	0.000000	0.000000	0.000000	0	0	0	
43312	2248	0.140000	15.270000	13.950000	1.070000	0.860000	64.000000	26.000000	13	0.000000	0.000000	0.000000	0	0	0	
43516	2259	0.140000	14.810000	13.490000	1.060000	0.870000	64.000000	26.000000	10	0.000000	0.000000	0.000000	0	0	0	
43719	2271	0.140000	14.660000	13.330000	1.050000	0.870000	64.000000	26.000000	13	0.000000	0.000000	0.000000	0	0	0	
43922	2272	0.140000	14.760000	13.380000	1.070000	0.850000	64.000000	26.000000	10	0.000000	0.000000	0.000000	0	0	0	
44109	2283	0.140000	14.680000	13.300000	1.060000	0.850000	64.000000	26.000000	12	0.000000	0.000000	0.000000	0	0	0	
44312	2285	0.140000	14.480000	13.100000	1.060000	0.850000	64.000000	26.000000	10	0.000000	0.000000	0.000000	0	0	0	
44500	2295	0.140000	14.400000	13.120000	1.060000	0.860000	64.000000	26.000000	9	0.000000	0.000000	0.000000	0	0	0	
44703	2305	0.140000	13.860000	12.710000	1.080000	0.850000	64.000000	26.000000	0	0.000000	0.000000	0.000000	0	0	0	
44906	2310	0.140000	13.380000	12.270000	1.070000	0.810000	63.000000	26.000000	0	0.000000	0.000000	0.000000	0	0	0	
45125	2310	0.140000	13.070000	12.050000	1.060000	0.820000	63.000000	26.000000	0	0.000000	0.000000	0.000000	0	0	0	
45359	2319	0.140000	13.380000	12.280000	1.080000	0.800000	63.000000	26.000000	0	0.000000	0.000000	0.000000	0	0	0	
45578	2320	0.140000	13.780000	12.530000	1.070000	0.800000	63.000000	26.000000	0	0.000000	0.000000	0.000000	0	0	0	
45781	2329	0.140000	13.560000	12.400000	1.070000	0.800000	63.000000	26.000000	0	0.000000	0.000000	0.000000	0	0	0	
45969	2340	0.140000	13.150000	12.030000	1.080000	0.780000	63.000000	26.000000	0	0.000000	0.000000	0.000000	0	0	0	
46156	2342	0.140000	12.900000	11.870000	1.080000	0.770000	63.000000	26.000000	0	0.000000	0.000000	0.000000	0	0	0	
46375	2352	0.140000	13.220000	12.060000	1.080000	0.760000	63.000000	26.000000	0	0.000000	0.000000	0.000000	0	0	0	
46609	2352	0.140000	13.140000	12.020000	1.080000	0.770000	63.000000	26.000000	0	0.000000	0.000000	0.000000	0	0	0	
46797	2351	0.140000	12.970000	11.940000	1.080000	0.760000	63.000000	26.000000	0	0.000000	0.000000	0.000000	0	0	0	
47000	2364	0.140000	13.350000	12.140000	1.060000	0.750000	63.000000	26.000000	0	0.000000	0.000000	0.000000	0	0	0	
47187	2374	0.140000	13.090000	11.970000	1.070000	0.750000	63.000000	26.000000	0	0.000000	0.000000	0.000000	0	0	0	
47484	2377	0.140000	13.060000	11.940000	1.070000	0.770000	63.000000	26.000000	0	0.000000	0.000000	0.000000	0	0	0	
47734	2382	0.140000	13.430000	12.270000	1.060000	0.780000	63.000000	25.000000	0	0.000000	0.000000	0.000000	0	0	0	
47922	2380	0.140000	13.330000	12.220000	1.080000	0.750000	63.000000	25.000000	0	0.000000	0.000000	0.000000	0	0	0	
48109	2394	0.140000	13.130000	12.060000	1.090000	0.750000	63.000000	25.000000	0	0.000000	0.000000	0.000000	0	0	0	
48312	2396	0.140000	13.200000	12.040000	1.080000	0.750000	63.000000	25.000000	0	0.000000	0.000000	0.000000	0	0	0	
48516	2406	0.140000	13.430000	12.220000	1.070000	0.750000	63.000000	25.000000	0	0.000000	0.000000	0.000000	0	0	0	
48750	2407	0.140000	13.280000	12.110000	1.070000	0.740000	63.000000	25.000000	0	0.000000	0.000000	0.000000	0	0	0	
48937	2408	0.140000	13.140000	11.970000	1.070000	0.750000	62.000000	25.000000	0	0.000000	0.000000	0.000000	0	0	0	
49172	2418	0.140000	13.350000	12.190000	1.080000	0.740000	62.000000	25.000000	0	0.000000	0.000000	0.000000	0	0	0	
49375	2420	0.140000	13.340000	12.180000	1.070000	0.750000	62.000000	25.000000	0	0.000000	0.000000	0.000000	0	0	0	
49578	2431	0.140000	12.430000	11.000000	1.080000	0.700000	62.000000	25.000000	0	0.000000	0.000000	0.000000	0	0	0	
49781	2430	0.140000	12.120000	10.420000	1.090000	0.670000	62.000000	25.000000	0	0.000000	0.000000	0.000000	0	0	0	
49984	2429	0.140000	11.850000	10.000000	1.080000	0.650000	62.000000	25.000000	0	0.000000	0.000000	0.000000	0	0	0	
50187	2428	0.140000	11.600000	9.760000	1.080000	0.630000	62.000000	25.000000	0	0.000000	0.000000	0.000000	0	0	0	
50406	2432	0.140000	11.570000	9.600000	1.090000	0.630000	62.000000	25.000000	0	0.000000	0.000000	0.000000	0	0	0	
50594	2430	0.140000	11.280000	9.290000	1.070000	0.610000	62.000000	25.000000	0	0.000000	0.000000	0.000000	0	0	0	
50797	2438	0.140000	11.220000	9.180000	1.090000	0.590000	62.000000	25.000000	0	0.000000	0.000000	0.000000	0	0	0	
51000	2437	0.140000	9.040000	6.350000	1.100000	0.500000	62.000000	25.000000	0	0.000000	0.000000	0.000000	0	0	0	
51203	2429	0.140000	7.620000	5.540000	1.090000	0.420000	62.000000	25.000000	0	0.000000	0.000000	0.000000	0	0	0	
51406	2418	0.140000	6.290000	4.280000	1.100000	0.340000	62.000000	25.000000	0	0.000000	0.000000	0.000000	0	0	0	
51687	2409	0.140000	6.140000	4.010000	1.090000	0.310000	62.000000	25.000000	254	0.000000	0.000000	0.000000	0	0	0	
51906	2409	0.140000	5.940000	3.920000	1.090000	0.310000	62.000000	25.000000	254	0.000000	0.000000	0.000000	0	0	0	
52109	2400	0.140000	5.900000	3.860000	1.100000	0.300000	62.000000	25.000000	254	0.000000	0.000000	0.000000	0	0	0	
52297	2397	0.140000	5.720000	3.730000	1.100000	0.300000	62.000000	25.000000	254	0.000000	0.000000	0.000000	0	0	0	
52516	2388	0.140000	5.370000	3.410000	1.100000	0.280000	62.000000	25.000000	254	0.000000	0.000000	0.000000	0	0	0	
52719	2374	0.140000	4.820000	3.080000	1.100000	0.260000	62.000000	25.000000	254	0.000000	0.000000	0.000000	0	0	0	
52922	2358	0.140000	4.680000	3.010000	1.100000	0.260000	62.000000	25.000000	141	0.000000	0.000000	0.000000	0	0	0	
53156	2362	0.140000	4.680000	2.970000	1.100000	0.250000	62.000000	25.000000	0	0.000000	0.000000	0.000000	0	0	0	
53359	2348	0.140000	4.720000	2.990000	1.080000	0.260000	62.000000	25.000000	0	0.000000	0.000000	0.000000	0	0	0	
53578	2347	0.140000	0.000000	0.000000	1.130000	0.270000	62.000000	25.000000	0	0.000000	0.000000	0.000000	0	0	0	
53797	2335	0.140000	0.000000	0.000000	1.130000	0.280000	62.000000	25.000000	0	0.000000	0.000000	0.000000	0	0	0	
54000	2330	0.140000	0.000000	0.000000	1.130000	0.270000	61.000000	25.000000	0	0.000000	0.000000	0.000000	0	0	0	
54203	2312	0.140000	0.000000	0.000000	1.130000	0.270000	61.000000	25.000000	0	0.000000	0.000000	0.000000	0	0	0	
54391	2304	0.140000	0.000000	0.000000	1.130000	0.270000	61.000000	25.000000	0	0.000000	0.000000	0.000000	0	0	0	
54578	2295	0.140000	0.000000	0.000000	1.130000	0.270000	61.000000	25.000000	0	0.000000	0.000000	0.000000	0	0	0	
54781	2287	0.140000	0.000000	0.000000	1.130000	0.260000	61.000000	24.000000	0	0.000000	0.000000	0.000000	0	0	0	
54984	2273	0.140000	0.000000	0.000000	1.130000	0.260000	61.000000	24.000000	0	0.000000	0.000000	0.000000	0	0	0	
55187	2270	0.140000	0.000000	0.000000	1.130000	0.260000	61.000000	24.000000	0	0.000000	0.000000	0.000000	0	0	0	
55391	2261	0.140000	0.000000	0.000000	1.130000	0.270000	61.000000	24.000000	0	0.000000	0.000000	0.000000	0	0	0	
55609	2246	0.140000	0.000000	0.000000	1.140000	0.270000	61.000000	24.000000	0	0.000000	0.000000	0.000000	0	0	0	
55875	2234	0.140000	0.000000	0.000000	1.130000	0.270000	61.000000	24.000000	0	0.000000	0.000000	0.000000	0	0	0	
56062	2221	0.140000	0.000000	0.000000	1.140000	0.260000	61.000000	24.000000	0	0.000000	0.000000	0.000000	0	0	0	
56266	2214	0.140000	0.000000	0.000000	1.130000	0.270000	61.000000	24.000000	0	0.000000	0.000000	0.000000	0	0	0	
56469	2194	0.140000	0.000000	0.000000	1.130000	0.270000	61.000000	24.000000	0	0.000000	0.000000	0.000000	0	0	0	
56641	2187	0.140000	0.000000	0.000000	1.140000	0.260000	61.000000	24.000000	0	0.000000	0.000000	0.000000	0	0	0	
56859	2182	0.140000	0.000000	0.000000	1.140000	0.260000	61.000000	24.000000	0	0.000000	0.000000	0.000000	0	0	0	
57062	2166	0.140000	0.000000	0.000000	1.130000	0.270000	61.000000	24.000000	0	0.000000	0.000000	0.000000	0	0	0	
57312	2151	0.140000	0.000000	0.000000	1.140000	0.260000	61.000000	24.000000	0	0.000000	0.000000	0.000000	0	0	0	
57516	2143	0.140000	0.000000	0.000000	1.140000	0.260000	61.000000	24.000000	0	0.000000	0.000000	0.000000	0	0	0	
57703	2131	0.140000	0.000000	0.000000	1.140000	0.260000	61.000000	24.000000	0	0.000000	0.000000	0.000000	0	0	0	
57922	2116	0.140000	0.000000	0.000000	1.140000	0.260000	61.000000	24.000000	0	0.000000	0.000000	0.000000	0	0	0	
58109	2104	0.140000	0.000000	0.000000	1.140000	0.260000	61.000000	24.000000	0	0.000000	0.000000	0.000000	0	0	0	
58297	2094	0.140000	0.000000	0.000000	1.140000	0.260000	61.000000	24.000000	0	0.000000	0.000000	0.000000	0	0	0	
58484	2080	0.140000	0.000000	0.000000	1.140000	0.260000	61.000000	24.000000	0	0.000000	0.000000	0.000000	0	0	0	
58672	2067	0.140000	0.000000	0.000000	1.140000	0.260000	61.000000	24.000000	0	0.000000	0.000000	0.000000	0	0	0	
58859	2059	0.140000	0.000000	0.000000	1.140000	0.260000	61.000000	24.000000	0	0.000000	0.000000	0.000000	0	0	0	
59031	2050	0.140000	0.000000	0.000000	1.140000	0.260000	61.000000	24.000000	0	0.000000	0.000000	0.000000	0	0	0	
59234	2040	0.140000	0.000000	0.000000	1.140000	0.260000	61.000000	24.000000	0	0.000000	0.000000	0.000000	0	0	0	
59406	2026	0.140000	0.000000	0.000000	1.140000	0.260000	61.000000	24.000000	0	0.000000	0.000000	0.000000	0	0	0	
59594	2019	0.140000	0.000000	0.000000	1.140000	0.260000	61.000000	24.000000	0	0.000000	0.000000	0.000000	0	0	0	
59844	2007	0.140000	5.760000	3.780000	1.090000	0.250000	61.000000	24.000000	0	0.000000	0.000000	0.000000	0	0	0	
60031	1982	0.140000	2.310000	0.830000	1.060000	0.270000	61.000000	24.000000	0	0.000000	0.000000	0.000000	0	0	0	
60234	2012	0.140000	2.740000	1.230000	1.000000	0.430000	61.000000	24.000000	0	0.000000	0.000000	0.000000	0	0	0	
60422	2030	0.140000	2.530000	10.990000	1.050000	0.630000	61.000000	24.000000	194	0.000000	0.000000	0.000000	0	0	0	
60656	1989	0.140000	12.630000	11.140000	1.060000	0.710000	61.000000	24.000000	0	0.000000	0.000000	0.000000	0	0	0	
60875	2018	0.140000	12.640000	11.110000	1.060000	0.730000	61.000000	23.000000	0	0.000000	0.000000	0.000000	0	0	0	
61078	2016	0.140000	12.610000	11.060000	1.050000	0.740000	61.000000	23.000000	0	0.000000	0.000000	0.000000	0	0	0	
61281	2024	0.140000	12.520000	11.000000	1.060000	0.740000	61.000000	23.000000	0	0.000000	0.000000	0.000000	0	0	0	
61469	2031	0.140000	12.570000	10.970000	1.060000	0.730000	61.000000	23.000000	0	0.000000	0.000000	0.000000	0	0	0	
61687	2030	0.140000	12.430000	10.740000	1.060000	0.730000	61.000000	23.000000	0	0.000000	0.000000	0.000000	0	0	0	
61875	2035	0.140000	9.500000	7.180000	1.090000	0.600000	61.000000	23.000000	0	0.000000	0.000000	0.000000	0	0	0	
62094	2035	0.140000	8.690000	6.460000	1.070000	0.500000	61.000000	23.000000	13	0.000000	0.000000	0.000000	0	0	0	
62328	2030	0.140000	8.690000	6.440000	1.070000	0.480000	61.000000	23.000000	13	0.000000	0.000000	0.000000	0	0	0	
62531	2033	0.140000	8.550000	6.330000	1.080000	0.460000	61.000000	23.000000	12	0.000000	0.000000	0.000000	0	0	0	
62734	2032	0.140000	8.640000	6.420000	1.070000	0.470000	61.000000	23.000000	0	0.000000	0.000000	0.000000	0	0	0	
62922	2033	0.140000	8.730000	6.500000	1.080000	0.480000	61.000000	23.000000	6	0.000000	0.000000	0.000000	0	0	0	
63141	2033	0.140000	8.900000	6.620000	1.070000	0.480000	61.000000	23.000000	0	0.000000	0.000000	0.000000	0	0	0	
63328	2036	0.140000	9.150000	6.800000	1.070000	0.490000	61.000000	23.000000	1	0.000000	0.000000	0.000000	0	0	0	
63531	2030	0.140000	9.150000	6.800000	1.070000	0.480000	61.000000	23.000000	0	0.000000	0.000000	0.000000	0	0	0	
63734	2026	0.140000	9.120000	6.770000	1.070000	0.490000	61.000000	23.000000	0	0.000000	0.000000	0.000000	0	0	0	
64016	2029	0.140000	9.210000	6.850000	1.070000	0.490000	61.000000	23.000000	0	0.000000	0.000000	0.000000	0	0	0	
64234	2030	0.140000	9.160000	6.810000	1.060000	0.490000	61.000000	23.000000	0	0.000000	0.000000	0.000000	0	0	0	
64437	2023	0.140000	9.100000	6.750000	1.070000	0.490000	61.000000	23.000000	0	0.000000	0.000000	0.000000	0	0	0	
64625	2027	0.140000	9.090000	6.790000	1.070000	0.490000	61.000000	23.000000	0	0.000000	0.000000	0.000000	0	0	0	
64828	2025	0.140000	9.200000	6.870000	1.060000	0.490000	61.000000	23.000000	0	0.000000	0.000000	0.000000	0	0	0	
65000	2025	0.140000	8.890000	6.660000	1.070000	0.480000	61.000000	23.000000	0	0.000000	0.000000	0.000000	0	0	0	
65203	2020	0.140000	9.010000	6.680000	1.070000	0.480000	61.000000	23.000000	0	0.000000	0.000000	0.000000	0	0	0	
65406	2020	0.140000	9.040000	6.760000	1.070000	0.480000	61.000000	23.000000	0	0.000000	0.000000	0.000000	0	0	0	
65609	2013	0.140000	9.020000	6.690000	1.070000	0.480000	61.000000	23.000000	0	0.000000	0.000000	0.000000	0	0	0	
65812	2016	0.140000	8.890000	6.610000	1.080000	0.480000	61.000000	23.000000	0	0.000000	0.000000	0.000000	0	0	0	
65984	2011	0.140000	9.040000	6.700000	1.070000	0.480000	61.000000	23.000000	0	0.000000	0.000000	0.000000	0	0	0	
66203	2013	0.140000	9.170000	6.790000	1.070000	0.480000	61.000000	23.000000	0	0.000000	0.000000	0.000000	0	0	0	
66391	2011	0.140000	9.110000	6.800000	1.070000	0.490000	61.000000	23.000000	0	0.000000	0.000000	0.000000	0	0	0	
66594	2018	0.140000	9.080000	6.740000	1.070000	0.490000	61.000000	23.000000	0	0.000000	0.000000	0.000000	0	0	0	
66781	2019	0.140000	9.210000	6.890000	1.060000	0.490000	61.000000	23.000000	0	0.000000	0.000000	0.000000	0	0	0	
67000	2015	0.140000	9.190000	6.860000	1.060000	0.490000	61.000000	23.000000	0	0.000000	0.000000	0.000000	0	0	0	
67203	2014	0.140000	9.050000	6.740000	1.070000	0.490000	61.000000	23.000000	0	0.000000	0.000000	0.000000	0	0	0	
67406	2020	0.140000	9.110000	6.800000	1.060000	0.490000	61.000000	23.000000	0	0.000000	0.000000	0.000000	0	0	0	
67609	2013	0.140000	9.110000	6.810000	1.070000	0.490000	61.000000	23.000000	0	0.000000	0.000000	0.000000	0	0	0	
67828	2014	0.140000	8.970000	6.670000	1.070000	0.490000	61.000000	23.000000	0	0.000000	0.000000	0.000000	0	0	0	
68094	2015	0.140000	8.980000	6.710000	1.080000	0.480000	60.000000	23.000000	179	0.000000	0.000000	0.000000	0	0	0	
68297	2015	0.140000	8.920000	6.640000	1.080000	0.480000	60.000000	23.000000	1	0.000000	0.000000	0.000000	0	0	0	
68516	2013	0.140000	8.790000	6.580000	1.070000	0.480000	60.000000	23.000000	0	0.000000	0.000000	0.000000	0	0	0	
68719	2011	0.140000	9.010000	6.680000	1.070000	0.490000	60.000000	23.000000	0	0.000000	0.000000	0.000000	0	0	0	
68906	2011	0.140000	9.140000	6.850000	1.080000	0.490000	60.000000	23.000000	0	0.000000	0.000000	0.000000	0	0	0	
69125	2011	0.140000	8.990000	6.720000	1.070000	0.490000	60.000000	23.000000	0	0.000000	0.000000	0.000000	0	0	0	
69312	2011	0.140000	8.930000	6.650000	1.070000	0.480000	60.000000	23.000000	1	0.000000	0.000000	0.000000	0	0	0	
69531	2016	0.140000	9.210000	6.880000	1.080000	0.490000	60.000000	23.000000	0	0.000000	0.000000	0.000000	0	0	0	
69734	2009	0.140000	9.160000	6.840000	1.070000	0.490000	60.000000	23.000000	0	0.000000	0.000000	0.000000	0	0	0	
69937	2012	0.140000	9.060000	6.750000	1.080000	0.490000	60.000000	23.000000	0	0.000000	0.000000	0.000000	0	0	0	
70125	2009	0.140000	9.220000	6.890000	1.060000	0.500000	60.000000	23.000000	0	0.000000	0.000000	0.000000	0	0	0	
70312	2004	0.140000	9.330000	6.990000	1.070000	0.500000	60.000000	23.000000	0	0.000000	0.000000	0.000000	0	0	0	
70516	2008	0.140000	9.200000	6.850000	1.070000	0.500000	60.000000	23.000000	0	0.000000	0.000000	0.000000	0	0	0	
70703	2012	0.140000	9.210000	6.880000	1.080000	0.490000	60.000000	23.000000	0	0.000000	0.000000	0.000000	0	0	0	
70906	2008	0.140000	9.270000	6.940000	1.080000	0.490000	60.000000	23.000000	0	0.000000	0.000000	0.000000	0	0	0	
71094	2010	0.140000	9.130000	6.810000	1.080000	0.490000	60.000000	23.000000	0	0.000000	0.000000	0.000000	0	0	0	
71297	2008	0.140000	9.200000	7.100000	1.060000	0.510000	60.000000	23.000000	0	0.000000	0.000000	0.000000	0	0	0	
71500	2003	0.140000	10.320000	7.710000	1.060000	0.550000	60.000000	23.000000	0	0.000000	0.000000	0.000000	0	0	0	
71719	2005	0.140000	10.200000	7.670000	1.070000	0.540000	60.000000	23.000000	0	0.000000	0.000000	0.000000	0	0	0	
71922	2014	0.140000	10.040000	7.520000	1.070000	0.550000	60.000000	23.000000	0	0.000000	0.000000	0.000000	0	0	0	
72203	2014	0.140000	10.190000	7.590000	1.080000	0.550000	60.000000	23.000000	0	0.000000	0.000000	0.000000	0	0	0	
72406	1917	0.140000	0.000000	0.000000	1.190000	0.390000	60.000000	23.000000	11	0.000000	0.000000	0.000000	0	0	0	
72625	1616	0.140000	0.000000	0.000000	1.250000	0.350000	60.000000	23.000000	0	0.000000	0.000000	0.000000	0	0	0	
72797	1314	0.140000	0.000000	0.000000	1.240000	0.350000	60.000000	23.000000	240	0.000000	0.000000	0.000000	0	0	0	
73016	1116	0.140000	6.810000	5.050000	1.160000	0.360000	60.000000	23.000000	5	0.000000	0.000000	0.000000	0	0	0	
73203	1114	0.140000	7.390000	5.420000	1.070000	0.360000	60.000000	23.000000	0	0.000000	0.000000	0.000000	0	0	0	
73406	1480	0.140000	7.350000	5.370000	1.090000	0.340000	60.000000	23.000000	0	0.000000	0.000000	0.000000	0	0	0	
73609	1826	0.140000	0.000000	0.000000	1.100000	0.320000	60.000000	23.000000	0	0.000000	0.000000	0.000000	0	0	0	
73812	2089	0.140000	6.970000	4.880000	1.130000	0.300000	60.000000	23.000000	0	0.000000	0.000000	0.000000	0	0	0	
74031	2539	0.140000	5.650000	3.580000	1.060000	0.250000	60.000000	23.000000	0	0.000000	0.000000	0.000000	0	0	0	
74234	2516	0.140000	5.790000	3.700000	1.070000	0.260000	60.000000	23.000000	0	0.000000	0.000000	0.000000	0	0	0	
74422	2502	0.140000	5.510000	3.470000	1.080000	0.270000	60.000000	23.000000	156	0.000000	0.000000	0.000000	0	0	0	
74625	2466	0.140000	5.830000	3.740000	1.070000	0.280000	60.000000	23.000000	18	0.000000	0.000000	0.000000	0	0	0	
74844	2482	0.140000	5.920000	3.870000	1.080000	0.290000	60.000000	23.000000	27	0.000000	0.000000	0.000000	0	0	0	
75031	2483	0.140000	5.900000	3.840000	1.070000	0.290000	60.000000	23.000000	188	0.000000	0.000000	0.000000	0	0	0	
75219	2439	0.140000	2.430000	6.370000	1.010000	0.380000	60.000000	23.000000	0	0.000000	0.000000	0.000000	0	0	0	
75453	2456	0.140000	2.580000	1.030000	0.980000	0.650000	60.000000	23.000000	0	0.000000	0.000000	0.000000	0	0	0	
75672	2478	0.140000	16.850000	15.370000	1.040000	0.880000	60.000000	22.000000	0	0.000000	0.000000	0.000000	0	0	0	
75875	2494	0.140000	17.150000	15.600000	1.040000	0.910000	60.000000	22.000000	52	0.000000	0.000000	0.000000	0	0	0	
76109	2519	0.140000	17.270000	15.780000	1.040000	0.940000	60.000000	22.000000	53	0.000000	0.000000	0.000000	0	0	0	
76375	2539	0.140000	17.270000	15.720000	1.040000	0.920000	60.000000	22.000000	53	0.000000	0.000000	0.000000	0	0	0	
76562	2557	0.140000	16.450000	15.090000	1.060000	0.920000	60.000000	22.000000	11	0.000000	0.000000	0.000000	0	0	0	
76797	2577	0.140000	16.420000	14.870000	1.060000	0.910000	60.000000	22.000000	12	0.000000	0.000000	0.000000	0	0	0	
77031	2606	0.140000	16.380000	14.550000	1.010000	0.930000	60.000000	22.000000	11	0.000000	0.000000	0.000000	0	0	0	
77219	2620	0.140000	16.430000	14.820000	1.050000	0.910000	60.000000	22.000000	11	0.000000	0.000000	0.000000	0	0	0	
77437	2644	0.140000	16.440000	14.890000	1.060000	0.910000	60.000000	22.000000	11	0.000000	0.000000	0.000000	0	0	0	
77625	2650	0.140000	16.100000	14.730000	1.050000	0.910000	60.000000	22.000000	11	0.000000	0.000000	0.000000	0	0	0	
77844	2671	0.140000	16.400000	14.670000	1.060000	0.910000	60.000000	22.000000	0	0.000000	0.000000	0.000000	0	0	0	
78062	2695	0.140000	16.700000	15.210000	1.060000	0.930000	60.000000	22.000000	0	0.000000	0.000000	0.000000	0	0	0	
78266	2711	0.140000	17.040000	15.310000	1.020000	0.950000	60.000000	22.000000	0	0.000000	0.000000	0.000000	0	0	0	
78469	2726	0.140000	16.860000	15.130000	1.040000	0.940000	60.000000	22.000000	11	0.000000	0.000000	0.000000	0	0	0	
78672	2758	0.140000	16.730000	15.180000	1.030000	0.940000	60.000000	22.000000	12	0.000000	0.000000	0.000000	0	0	0	
78859	2775	0.140000	16.840000	15.410000	1.050000	0.940000	60.000000	22.000000	10	0.000000	0.000000	0.000000	0	0	0	
79078	2792	0.140000	16.920000	15.430000	1.030000	0.950000	60.000000	22.000000	0	0.000000	0.000000	0.000000	0	0	0	
79297	2818	0.140000	16.880000	15.330000	1.040000	0.950000	60.000000	22.000000	0	0.000000	0.000000	0.000000	0	0	0	
79484	2829	0.140000	16.850000	15.300000	1.070000	0.920000	60.000000	22.000000	70	0.000000	0.000000	0.000000	0	0	0	
79719	2858	0.140000	17.140000	15.530000	1.080000	0.940000	60.000000	22.000000	70	0.000000	0.000000	0.000000	0	0	0	
79906	2876	0.140000	16.850000	15.360000	1.060000	0.960000	60.000000	22.000000	53	0.000000	0.000000	0.000000	0	0	0	
80141	2894	0.140000	16.370000	14.890000	1.040000	0.930000	60.000000	22.000000	52	0.000000	0.000000	0.000000	0	0	0	
80344	2922	0.140000	16.250000	14.650000	1.040000	0.900000	60.000000	22.000000	11	0.000000	0.000000	0.000000	0	0	0	
80641	2939	0.140000	15.010000	13.850000	1.060000	0.880000	60.000000	22.000000	12	0.000000	0.000000	0.000000	0	0	0	
80828	2945	0.140000	14.900000	13.410000	1.040000	0.880000	60.000000	22.000000	12	0.000000	0.000000	0.000000	0	0	0	
81016	2974	0.140000	14.750000	13.360000	1.070000	0.850000	60.000000	22.000000	11	0.000000	0.000000	0.000000	0	0	0	
81234	2977	0.140000	11.910000	10.220000	1.090000	0.710000	60.000000	22.000000	12	0.000000	0.000000	0.000000	0	0	0	
81422	2995	0.140000	11.960000	10.260000	1.080000	0.680000	60.000000	22.000000	0	0.000000	0.000000	0.000000	0	0	0	
81609	3004	0.140000	12.210000	10.290000	1.040000	0.680000	60.000000	22.000000	0	0.000000	0.000000	0.000000	0	0	0	
81797	3010	0.140000	12.240000	10.440000	1.050000	0.680000	60.000000	22.000000	0	0.000000	0.000000	0.000000	0	0	0	
82000	3015	0.140000	12.360000	10.360000	1.060000	0.670000	60.000000	22.000000	0	0.000000	0.000000	0.000000	0	0	0	
82203	3029	0.140000	11.750000	9.750000	1.050000	0.650000	60.000000	22.000000	0	0.000000	0.000000	0.000000	0	0	0	
82422	3039	0.140000	11.660000	9.570000	1.060000	0.650000	60.000000	22.000000	0	0.000000	0.000000	0.000000	0	0	0	
82625	3037	0.140000	8.450000	5.660000	1.100000	0.490000	60.000000	22.000000	0	0.000000	0.000000	0.000000	0	0	0	
82828	3006	0.140000	5.680000	3.660000	1.090000	0.330000	60.000000	22.000000	254	0.000000	0.000000	0.000000	0	0	0	
83031	3012	0.140000	5.320000	3.380000	1.090000	0.280000	60.000000	22.000000	254	0.000000	0.000000	0.000000	0	0	0	
83219	2995	0.140000	5.240000	3.370000	1.110000	0.270000	60.000000	22.000000	0	0.000000	0.000000	0.000000	0	0	0	
83406	3010	0.140000	4.990000	3.190000	1.090000	0.280000	60.000000	22.000000	62	0.000000	0.000000	0.000000	0	0	0	
83625	2984	0.140000	4.980000	3.180000	1.090000	0.270000	60.000000	22.000000	0	0.000000	0.000000	0.000000	0	0	0	
83812	2994	0.140000	4.850000	3.110000	1.090000	0.270000	60.000000	22.000000	0	0.000000	0.000000	0.000000	0	0	0	
84016	2981	0.140000	4.700000	3.010000	1.090000	0.270000	60.000000	22.000000	0	0.000000	0.000000	0.000000	0	0	0	
84203	2968	0.140000	4.680000	2.960000	1.080000	0.270000	60.000000	22.000000	0	0.000000	0.000000	0.000000	0	0	0	
84391	2960	0.140000	4.630000	2.950000	1.090000	0.270000	60.000000	22.000000	0	0.000000	0.000000	0.000000	0	0	0	
84687	2959	0.140000	4.680000	2.960000	1.080000	0.280000	60.000000	22.000000	34	0.000000	0.000000	0.000000	0	0	0	
84891	2975	0.140000	5.240000	3.360000	1.090000	0.310000	60.000000	22.000000	8	0.000000	0.000000	0.000000	0	0	0	
85078	2910	0.140000	5.520000	3.490000	1.080000	0.320000	60.000000	22.000000	243	0.000000	0.000000	0.000000	0	0	0	
85312	2951	0.140000	5.750000	3.710000	1.080000	0.330000	60.000000	22.000000	0	0.000000	0.000000	0.000000	0	0	0	
85500	2944	0.140000	6.220000	4.190000	1.080000	0.360000	60.000000	22.000000	91	0.000000	0.000000	0.000000	0	0	0	
85703	2925	0.140000	8.010000	5.800000	1.060000	0.460000	60.000000	22.000000	0	0.000000	0.000000	0.000000	0	0	0	
85906	2907	0.140000	7.960000	5.830000	1.070000	0.480000	60.000000	22.000000	0	0.000000	0.000000	0.000000	0	0	0	
86109	2912	0.140000	8.140000	5.960000	1.070000	0.480000	60.000000	22.000000	0	0.000000	0.000000	0.000000	0	0	0	
86312	2855	0.140000	13.200000	11.420000	1.000000	0.690000	60.000000	22.000000	0	0.000000	0.000000	0.000000	0	0	0	
86500	2935	0.140000	2.410000	0.900000	1.030000	0.810000	60.000000	22.000000	0	0.000000	0.000000	0.000000	0	0	0	
86719	2941	0.140000	14.340000	13.010000	1.060000	0.810000	60.000000	22.000000	0	0.000000	0.000000	0.000000	0	0	0	
86953	2968	0.140000	13.880000	12.740000	1.080000	0.790000	60.000000	22.000000	0	0.000000	0.000000	0.000000	0	0	0	
87172	2977	0.140000	11.800000	9.910000	1.060000	0.710000	59.000000	22.000000	0	0.000000	0.000000	0.000000	0	0	0	
87375	2991	0.140000	11.730000	9.640000	1.080000	0.650000	59.000000	22.000000	0	0.000000	0.000000	0.000000	0	0	0	
87562	2974	0.140000	11.890000	9.800000	1.070000	0.650000	59.000000	22.000000	0	0.000000	0.000000	0.000000	0	0	0	
87797	2994	0.140000	11.890000	9.920000	1.060000	0.650000	59.000000	22.000000	0	0.000000	0.000000	0.000000	0	0	0	
88016	2992	0.140000	11.690000	9.560000	1.060000	0.640000	59.000000	22.000000	0	0.000000	0.000000	0.000000	0	0	0	
88219	3000	0.140000	11.710000	9.650000	1.060000	0.640000	59.000000	22.000000	0	0.000000	0.000000	0.000000	0	0	0	
88406	3007	0.140000	11.750000	9.790000	1.070000	0.630000	59.000000	22.000000	13	0.000000	0.000000	0.000000	0	0	0	
88609	2997	0.140000	10.910000	8.400000	1.080000	0.580000	59.000000	22.000000	11	0.000000	0.000000	0.000000	0	0	0	
88891	3020	0.140000	10.740000	8.160000	1.070000	0.570000	59.000000	22.000000	0	0.000000	0.000000	0.000000	0	0	0	
89109	3017	0.140000	10.750000	8.270000	1.080000	0.570000	59.000000	22.000000	0	0.000000	0.000000	0.000000	0	0	0	
89312	3017	0.140000	10.820000	8.320000	1.070000	0.570000	59.000000	22.000000	0	0.000000	0.000000	0.000000	0	0	0	
89500	3021	0.140000	10.780000	8.290000	1.080000	0.560000	59.000000	22.000000	0	0.000000	0.000000	0.000000	0	0	0	
89703	3018	0.140000	10.780000	8.110000	1.060000	0.560000	59.000000	22.000000	0	0.000000	0.000000	0.000000	0	0	0	
89922	3020	0.140000	10.710000	8.080000	1.080000	0.550000	59.000000	22.000000	0	0.000000	0.000000	0.000000	0	0	0	
90125	3028	0.140000	10.730000	8.120000	1.070000	0.550000	59.000000	22.000000	0	0.000000	0.000000	0.000000	0	0	0	
90312	3029	0.140000	10.670000	8.050000	1.070000	0.560000	59.000000	22.000000	0	0.000000	0.000000	0.000000	0	0	0	
90531	3034	0.140000	10.390000	7.900000	1.070000	0.550000	59.000000	22.000000	0	0.000000	0.000000	0.000000	0	0	0	
90750	3043	0.140000	10.390000	7.980000	1.090000	0.540000	59.000000	22.000000	0	0.000000	0.000000	0.000000	0	0	0	
90937	3035	0.140000	10.500000	7.930000	1.070000	0.550000	59.000000	22.000000	0	0.000000	0.000000	0.000000	0	0	0	
91141	3039	0.140000	10.370000	7.820000	1.090000	0.550000	59.000000	22.000000	0	0.000000	0.000000	0.000000	0	0	0	
91344	3045	0.140000	10.360000	7.740000	1.070000	0.550000	59.000000	22.000000	0	0.000000	0.000000	0.000000	0	0	0	
91547	3046	0.140000	10.480000	7.800000	1.060000	0.540000	59.000000	22.000000	0	0.000000	0.000000	0.000000	0	0	0	
91734	3056	0.140000	10.470000	7.870000	1.070000	0.540000	59.000000	22.000000	0	0.000000	0.000000	0.000000	0	0	0	
91937	3046	0.140000	10.270000	7.720000	1.070000	0.540000	59.000000	22.000000	0	0.000000	0.000000	0.000000	0	0	0	
92141	3046	0.140000	9.590000	7.080000	1.090000	0.510000	59.000000	22.000000	0	0.000000	0.000000	0.000000	0	0	0	
92359	3037	0.140000	7.790000	5.680000	1.080000	0.420000	59.000000	22.000000	144	0.000000	0.000000	0.000000	0	0	0	
92578	3043	0.140000	7.180000	5.080000	1.080000	0.380000	59.000000	22.000000	0	0.000000	0.000000	0.000000	0	0	0	
92812	3039	0.140000	7.260000	5.130000	1.070000	0.380000	59.000000	22.000000	0	0.000000	0.000000	0.000000	0	0	0	
93094	3028	0.140000	7.630000	5.510000	1.060000	0.410000	59.000000	22.000000	0	0.000000	0.000000	0.000000	0	0	0	
93297	3028	0.140000	7.780000	5.640000	1.080000	0.410000	59.000000	22.000000	101	0.000000	0.000000	0.000000	0	0	0	
93484	3024	0.140000	7.710000	5.580000	1.060000	0.410000	59.000000	22.000000	12	0.000000	0.000000	0.000000	0	0	0	
93719	3024	0.140000	7.740000	5.600000	1.080000	0.410000	59.000000	22.000000	157	0.000000	0.000000	0.000000	0	0	0	
93922	3021	0.140000	7.970000	5.810000	1.080000	0.420000	59.000000	22.000000	140	0.000000	0.000000	0.000000	0	0	0	
94109	3014	0.140000	8.080000	5.860000	1.090000	0.410000	59.000000	22.000000	103	0.000000	0.000000	0.000000	0	0	0	
94328	3014	0.140000	7.960000	5.790000	1.070000	0.420000	59.000000	22.000000	219	0.000000	0.000000	0.000000	0	0	0	
94531	3012	0.140000	7.900000	5.750000	1.070000	0.420000	59.000000	22.000000	0	0.000000	0.000000	0.000000	0	0	0	
94750	3004	0.140000	7.960000	5.830000	1.080000	0.420000	59.000000	22.000000	6	0.000000	0.000000	0.000000	0	0	0	
94922	3001	0.140000	8.080000	5.940000	1.080000	0.420000	59.000000	22.000000	155	0.000000	0.000000	0.000000	0	0	0	
95125	3003	0.140000	8.050000	5.910000	1.070000	0.420000	59.000000	22.000000	1	0.000000	0.000000	0.000000	0	0	0	
95312	3010	0.140000	8.010000	5.850000	1.080000	0.420000	59.000000	22.000000	120	0.000000	0.000000	0.000000	0	0	0	
95500	2997	0.140000	8.310000	6.100000	1.080000	0.430000	59.000000	22.000000	225	0.000000	0.000000	0.000000	0	0	0	
95703	3000	0.140000	9.250000	6.920000	1.080000	0.470000	59.000000	22.000000	0	0.000000	0.000000	0.000000	0	0	0	
95891	2997	0.140000	9.480000	7.050000	1.070000	0.480000	59.000000	22.000000	0	0.000000	0.000000	0.000000	0	0	0	
96078	2997	0.140000	9.280000	6.920000	1.070000	0.480000	59.000000	22.000000	0	0.000000	0.000000	0.000000	0	0	0	
96266	3001	0.140000	9.420000	7.020000	1.070000	0.490000	59.000000	22.000000	0	0.000000	0.000000	0.000000	0	0	0	
96469	3006	0.140000	9.520000	7.110000	1.070000	0.490000	59.000000	22.000000	0	0.000000	0.000000	0.000000	0	0	0	
96656	2994	0.140000	9.340000	7.010000	1.070000	0.480000	59.000000	22.000000	0	0.000000	0.000000	0.000000	0	0	0	
96859	2998	0.140000	9.200000	6.930000	1.070000	0.490000	59.000000	22.000000	0	0.000000	0.000000	0.000000	0	0	0	
97141	3006	0.140000	9.330000	6.960000	1.090000	0.480000	59.000000	22.000000	0	0.000000	0.000000	0.000000	0	0	0	
97328	2992	0.140000	9.460000	7.030000	1.070000	0.490000	59.000000	22.000000	0	0.000000	0.000000	0.000000	0	0	0	
97531	2995	0.140000	9.350000	6.950000	1.070000	0.480000	58.000000	22.000000	0	0.000000	0.000000	0.000000	0	0	0	
97734	3000	0.140000	9.230000	6.870000	1.070000	0.480000	59.000000	22.000000	0	0.000000	0.000000	0.000000	0	0	0	
97922	2997	0.140000	9.340000	6.970000	1.070000	0.480000	58.000000	22.000000	0	0.000000	0.000000	0.000000	0	0	0	
98125	3007	0.140000	9.380000	7.020000	1.070000	0.490000	59.000000	22.000000	0	0.000000	0.000000	0.000000	0	0	0	
98312	3007	0.140000	9.330000	6.960000	1.070000	0.480000	58.000000	22.000000	0	0.000000	0.000000	0.000000	0	0	0	
98516	3000	0.140000	9.160000	6.810000	1.070000	0.480000	58.000000	22.000000	0	0.000000	0.000000	0.000000	0	0	0	
98719	3003	0.140000	9.120000	6.840000	1.080000	0.480000	58.000000	22.000000	0	0.000000	0.000000	0.000000	0	0	0	
98906	2998	0.140000	9.190000	6.890000	1.080000	0.470000	58.000000	22.000000	0	0.000000	0.000000	0.000000	0	0	0	
99125	3003	0.140000	9.100000	6.790000	1.080000	0.480000	58.000000	22.000000	0	0.000000	0.000000	0.000000	0	0	0	
99328	3001	0.140000	9.130000	6.810000	1.070000	0.480000	58.000000	22.000000	0	0.000000	0.000000	0.000000	0	0	0	
99547	2994	0.140000	9.090000	6.810000	1.070000	0.480000	58.000000	22.000000	0	0.000000	0.000000	0.000000	0	0	0	
99734	3003	0.140000	9.220000	6.870000	1.070000	0.480000	58.000000	22.000000	0	0.000000	0.000000	0.000000	0	0	0	
99953	2998	0.140000	9.120000	6.800000	1.080000	0.470000	58.000000	22.000000	0	0.000000	0.000000	0.000000	0	0	0	
100156	3003	0.140000	9.020000	6.770000	1.080000	0.480000	58.000000	22.000000	0	0.000000	0.000000	0.000000	0	0	0	
100391	3001	0.140000	9.180000	6.850000	1.080000	0.470000	58.000000	22.000000	0	0.000000	0.000000	0.000000	0	0	0	
100609	2992	0.140000	9.150000	6.850000	1.080000	0.480000	58.000000	21.000000	0	0.000000	0.000000	0.000000	0	0	0	
100828	3004	0.140000	9.100000	6.780000	1.070000	0.480000	58.000000	21.000000	0	0.000000	0.000000	0.000000	0	0	0	
101016	3007	0.140000	9.030000	6.750000	1.080000	0.470000	58.000000	22.000000	0	0.000000	0.000000	0.000000	0	0	0	
101312	3003	0.140000	9.230000	6.900000	1.060000	0.480000	58.000000	21.000000	0	0.000000	0.000000	0.000000	0	0	0	
101516	2997	0.140000	9.200000	6.850000	1.080000	0.470000	58.000000	21.000000	164	0.000000	0.000000	0.000000	0	0	0	
101703	2992	0.140000	9.150000	6.800000	1.080000	0.480000	58.000000	21.000000	0	0.000000	0.000000	0.000000	0	0	0	
101906	3001	0.140000	9.140000	6.850000	1.100000	0.470000	58.000000	21.000000	23	0.000000	0.000000	0.000000	0	0	0	
102109	3004	0.140000	9.340000	6.970000	1.090000	0.480000	58.000000	21.000000	0	0.000000	0.000000	0.000000	0	0	0	
102328	3001	0.140000	9.290000	6.980000	1.080000	0.480000	58.000000	21.000000	7	0.000000	0.000000	0.000000	0	0	0	
102516	2995	0.140000	9.230000	6.930000	1.090000	0.490000	58.000000	21.000000	0	0.000000	0.000000	0.000000	0	0	0	
102719	2994	0.140000	9.430000	7.040000	1.070000	0.480000	58.000000	21.000000	0	0.000000	0.000000	0.000000	0	0	0	
102937	2997	0.140000	10.540000	7.800000	1.050000	0.540000	58.000000	21.000000	0	0.000000	0.000000	0.000000	0	0	0	
103125	3009	0.140000	11.080000	8.600000	1.050000	0.630000	58.000000	21.000000	0	0.000000	0.000000	0.000000	0	0	0	
103328	3007	0.140000	11.550000	9.430000	1.070000	0.630000	58.000000	21.000000	0	0.000000	0.000000	0.000000	0	0	0	
103562	3014	0.140000	12.850000	11.100000	1.040000	0.710000	58.000000	21.000000	0	0.000000	0.000000	0.000000	0	0	0	
103766	3029	0.140000	12.740000	11.260000	1.060000	0.730000	58.000000	21.000000	0	0.000000	0.000000	0.000000	0	0	0	
103969	3035	0.140000	12.620000	11.050000	1.070000	0.720000	58.000000	21.000000	0	0.000000	0.000000	0.000000	0	0	0	
104219	3062	0.140000	9.630000	7.330000	1.150000	0.590000	58.000000	21.000000	0	0.000000	0.000000	0.000000	0	0	0	
104422	2711	0.140000	0.000000	0.000000	1.390000	0.330000	58.000000	21.000000	0	0.000000	0.000000	0.000000	0	0	0	
104625	2419	0.140000	0.000000	0.000000	1.410000	0.310000	58.000000	21.000000	0	0.000000	0.000000	0.000000	0	0	0	
104812	2132	0.140000	0.000000	0.000000	1.410000	0.310000	58.000000	21.000000	0	0.000000	0.000000	0.000000	0	0	0	
105016	1857	0.140000	0.000000	0.000000	1.430000	0.290000	58.000000	21.000000	0	0.000000	0.000000	0.000000	0	0	0	
105219	1572	0.140000	6.490000	4.690000	1.300000	0.330000	58.000000	21.000000	0	0.000000	0.000000	0.000000	0	0	0	
105531	2209	0.140000	6.510000	4.490000	1.080000	0.310000	58.000000	21.000000	0	0.000000	0.000000	0.000000	0	0	0	
105734	2315	0.140000	6.510000	4.530000	1.080000	0.300000	58.000000	21.000000	0	0.000000	0.000000	0.000000	0	0	0	
106000	2326	0.140000	12.330000	0.920000	1.020000	0.600000	58.000000	21.000000	0	0.000000	0.000000	0.000000	0	0	0	
106234	2301	0.140000	14.710000	13.110000	1.040000	0.790000	58.000000	21.000000	0	0.000000	0.000000	0.000000	0	0	0	
106422	2305	0.140000	15.430000	14.050000	1.060000	0.830000	58.000000	21.000000	0	0.000000	0.000000	0.000000	0	0	0	
106641	2320	0.140000	16.670000	15.120000	1.050000	0.890000	58.000000	21.000000	1	0.000000	0.000000	0.000000	0	0	0	
106844	2326	0.140000	16.610000	15.120000	1.040000	0.910000	58.000000	21.000000	0	0.000000	0.000000	0.000000	0	0	0	
107031	2338	0.140000	16.310000	14.880000	1.050000	0.900000	58.000000	21.000000	3	0.000000	0.000000	0.000000	0	0	0	
107234	2351	0.140000	15.470000	14.150000	1.060000	0.890000	58.000000	21.000000	0	0.000000	0.000000	0.000000	0	0	0	
107437	2361	0.140000	14.910000	13.590000	1.070000	0.870000	58.000000	21.000000	0	0.000000	0.000000	0.000000	0	0	0	
107641	2367	0.140000	14.410000	13.130000	1.080000	0.860000	58.000000	21.000000	0	0.000000	0.000000	0.000000	0	0	0	
107859	2375	0.140000	14.510000	13.230000	1.080000	0.850000	58.000000	21.000000	0	0.000000	0.000000	0.000000	0	0	0	
108062	2383	0.140000	14.730000	13.350000	1.080000	0.850000	58.000000	21.000000	13	0.000000	0.000000	0.000000	0	0	0	
108297	2397	0.140000	14.540000	13.210000	1.060000	0.830000	58.000000	21.000000	12	0.000000	0.000000	0.000000	0	0	0	
108500	2408	0.140000	15.150000	13.770000	1.030000	0.870000	58.000000	21.000000	0	0.000000	0.000000	0.000000	0	0	0	
108703	2406	0.140000	15.700000	14.210000	1.040000	0.900000	58.000000	21.000000	0	0.000000	0.000000	0.000000	0	0	0	
108906	2423	0.140000	15.820000	14.390000	1.060000	0.910000	58.000000	21.000000	0	0.000000	0.000000	0.000000	0	0	0	
109109	2436	0.140000	15.550000	14.180000	1.090000	0.880000	58.000000	21.000000	0	0.000000	0.000000	0.000000	0	0	0	
109312	2445	0.140000	14.290000	13.060000	1.080000	0.830000	58.000000	21.000000	0	0.000000	0.000000	0.000000	0	0	0	
109516	2435	0.140000	14.210000	13.030000	1.090000	0.820000	58.000000	21.000000	0	0.000000	0.000000	0.000000	0	0	0	
109797	2446	0.140000	14.280000	13.060000	1.080000	0.820000	58.000000	21.000000	0	0.000000	0.000000	0.000000	0	0	0	
110000	2455	0.140000	14.360000	13.090000	1.090000	0.820000	58.000000	21.000000	0	0.000000	0.000000	0.000000	0	0	0	
110187	2459	0.140000	14.010000	12.920000	1.080000	0.820000	58.000000	21.000000	0	0.000000	0.000000	0.000000	0	0	0	
110406	2465	0.140000	14.020000	12.930000	1.080000	0.810000	58.000000	21.000000	0	0.000000	0.000000	0.000000	0	0	0	
110578	2472	0.140000	14.340000	13.010000	1.070000	0.810000	58.000000	21.000000	0	0.000000	0.000000	0.000000	0	0	0	
110781	2477	0.140000	13.810000	12.510000	1.070000	0.800000	58.000000	21.000000	0	0.000000	0.000000	0.000000	0	0	0	
110984	2479	0.140000	11.900000	10.450000	1.080000	0.720000	58.000000	21.000000	0	0.000000	0.000000	0.000000	0	0	0	
111203	2484	0.140000	11.550000	9.650000	1.080000	0.660000	58.000000	21.000000	0	0.000000	0.000000	0.000000	0	0	0	
111406	2478	0.140000	11.240000	9.190000	1.080000	0.630000	58.000000	21.000000	0	0.000000	0.000000	0.000000	0	0	0	
111594	2482	0.140000	11.140000	8.820000	1.090000	0.600000	58.000000	21.000000	0	0.000000	0.000000	0.000000	0	0	0	
111812	2485	0.140000	10.810000	8.430000	1.080000	0.580000	58.000000	21.000000	0	0.000000	0.000000	0.000000	0	0	0	
112016	2490	0.140000	9.760000	7.400000	1.100000	0.540000	58.000000	21.000000	0	0.000000	0.000000	0.000000	0	0	0	
112250	2489	0.140000	9.660000	7.300000	1.090000	0.510000	58.000000	21.000000	0	0.000000	0.000000	0.000000	0	0	0	
112469	2488	0.140000	9.840000	7.410000	1.090000	0.510000	58.000000	21.000000	0	0.000000	0.000000	0.000000	0	0	0	
112656	2481	0.140000	11.660000	9.450000	1.060000	0.610000	58.000000	21.000000	0	0.000000	0.000000	0.000000	0	0	0	
112859	2483	0.140000	11.520000	9.370000	1.070000	0.650000	58.000000	21.000000	0	0.000000	0.000000	0.000000	0	0	0	
113062	2482	0.140000	11.670000	9.690000	1.080000	0.660000	58.000000	21.000000	0	0.000000	0.000000	0.000000	0	0	0	
113250	2490	0.140000	11.600000	9.720000	1.060000	0.700000	58.000000	21.000000	0	0.000000	0.000000	0.000000	0	0	0	
113453	2493	0.140000	11.700000	9.970000	1.090000	0.660000	58.000000	21.000000	0	0.000000	0.000000	0.000000	0	0	0	
113656	2494	0.140000	11.920000	10.110000	1.090000	0.650000	58.000000	21.000000	0	0.000000	0.000000	0.000000	0	0	0	
113922	2498	0.140000	11.830000	9.940000	1.080000	0.660000	58.000000	21.000000	0	0.000000	0.000000	0.000000	0	0	0	
114141	2502	0.140000	11.620000	9.860000	1.080000	0.660000	58.000000	21.000000	0	0.000000	0.000000	0.000000	0	0	0	
114328	2501	0.140000	11.760000	10.030000	1.070000	0.670000	58.000000	21.000000	0	0.000000	0.000000	0.000000	0	0	0	
114516	2507	0.140000	12.050000	10.190000	1.080000	0.650000	58.000000	21.000000	0	0.000000	0.000000	0.000000	0	0	0	
114719	2507	0.140000	11.680000	9.910000	1.070000	0.650000	58.000000	21.000000	0	0.000000	0.000000	0.000000	0	0	0	
114922	2509	0.140000	11.190000	8.830000	1.070000	0.590000	58.000000	21.000000	0	0.000000	0.000000	0.000000	0	0	0	
115109	2504	0.140000	11.040000	8.540000	1.090000	0.570000	58.000000	21.000000	0	0.000000	0.000000	0.000000	0	0	0	
115312	2508	0.140000	10.870000	8.470000	1.090000	0.570000	58.000000	21.000000	0	0.000000	0.000000	0.000000	0	0	0	
115516	2512	0.140000	10.780000	8.230000	1.080000	0.560000	58.000000	21.000000	0	0.000000	0.000000	0.000000	0	0	0	
115719	2507	0.140000	9.820000	7.420000	1.100000	0.520000	58.000000	21.000000	0	0.000000	0.000000	0.000000	0	0	0	
115937	2501	0.140000	9.000000	6.780000	1.080000	0.490000	58.000000	21.000000	0	0.000000	0.000000	0.000000	0	0	0	
116141	2497	0.140000	8.300000	6.190000	1.110000	0.430000	58.000000	21.000000	0	0.000000	0.000000	0.000000	0	0	0	
116328	2495	0.140000	7.400000	5.340000	1.090000	0.390000	58.000000	21.000000	0	0.000000	0.000000	0.000000	0	0	0	
116578	2477	0.140000	7.160000	5.080000	1.100000	0.360000	58.000000	21.000000	254	0.000000	0.000000	0.000000	0	0	0	
116766	2483	0.140000	6.810000	4.730000	1.100000	0.340000	58.000000	21.000000	254	0.000000	0.000000	0.000000	0	0	0	
116969	2488	0.140000	6.620000	4.560000	1.090000	0.340000	58.000000	21.000000	254	0.000000	0.000000	0.000000	0	0	0	
117172	2478	0.140000	6.690000	4.620000	1.090000	0.340000	58.000000	21.000000	193	0.000000	0.000000	0.000000	0	0	0	
117375	2473	0.140000	6.880000	4.770000	1.090000	0.350000	58.000000	21.000000	6	0.000000	0.000000	0.000000	0	0	0	
117578	2472	0.140000	6.940000	4.820000	1.080000	0.350000	58.000000	21.000000	0	0.000000	0.000000	0.000000	0	0	0	
117766	2462	0.140000	7.040000	4.910000	1.090000	0.360000	58.000000	21.000000	0	0.000000	0.000000	0.000000	0	0	0	
118047	2456	0.140000	6.940000	4.860000	1.090000	0.350000	58.000000	21.000000	253	0.000000	0.000000	0.000000	0	0	0	
118234	2457	0.140000	7.050000	4.920000	1.080000	0.350000	58.000000	21.000000	23	0.000000	0.000000	0.000000	0	0	0	
118422	2456	0.140000	7.010000	4.930000	1.090000	0.350000	58.000000	21.000000	177	0.000000	0.000000	0.000000	0	0	0	
118625	2453	0.140000	6.970000	4.890000	1.090000	0.350000	58.000000	21.000000	0	0.000000	0.000000	0.000000	0	0	0	
118828	2441	0.140000	6.930000	4.860000	1.090000	0.350000	58.000000	21.000000	0	0.000000	0.000000	0.000000	0	0	0	
119016	2453	0.140000	7.110000	4.990000	1.090000	0.350000	58.000000	21.000000	0	0.000000	0.000000	0.000000	0	0	0	
119250	2436	0.140000	7.010000	4.900000	1.100000	0.350000	58.000000	21.000000	0	0.000000	0.000000	0.000000	0	0	0	
119484	2426	0.140000	6.950000	4.890000	1.090000	0.360000	58.000000	21.000000	0	0.000000	0.000000	0.000000	0	0	0	
119687	2428	0.140000	7.110000	4.970000	1.090000	0.360000	58.000000	21.000000	0	0.000000	0.000000	0.000000	0	0	0	
119875	2427	0.140000	7.030000	4.940000	1.090000	0.360000	58.000000	21.000000	0	0.000000	0.000000	0.000000	0	0	0	
120078	2418	0.140000	7.090000	5.000000	1.090000	0.350000	58.000000	21.000000	0	0.000000	0.000000	0.000000	0	0	0	
120312	2412	0.140000	7.150000	5.030000	1.090000	0.360000	58.000000	21.000000	0	0.000000	0.000000	0.000000	0	0	0	
120531	2411	0.140000	8.910000	6.610000	1.070000	0.460000	58.000000	21.000000	0	0.000000	0.000000	0.000000	0	0	0	
120750	2406	0.140000	8.970000	6.670000	1.080000	0.480000	58.000000	21.000000	0	0.000000	0.000000	0.000000	0	0	0	
120953	2399	0.140000	10.100000	7.610000	1.090000	0.530000	58.000000	21.000000	0	0.000000	0.000000	0.000000	0	0	0	
121172	2408	0.140000	10.280000	7.700000	1.070000	0.550000	58.000000	21.000000	0	0.000000	0.000000	0.000000	0	0	0	
121375	2402	0.140000	10.300000	7.750000	1.070000	0.550000	58.000000	21.000000	0	0.000000	0.000000	0.000000	0	0	0	
121578	2407	0.140000	10.400000	7.870000	1.080000	0.550000	58.000000	21.000000	0	0.000000	0.000000	0.000000	0	0	0	
121781	2401	0.140000	10.350000	7.790000	1.080000	0.550000	58.000000	21.000000	0	0.000000	0.000000	0.000000	0	0	0	
121984	2403	0.140000	10.270000	7.760000	1.080000	0.560000	58.000000	21.000000	0	0.000000	0.000000	0.000000	0	0	0	
122266	2405	0.140000	10.300000	7.790000	1.070000	0.550000	58.000000	21.000000	0	0.000000	0.000000	0.000000	0	0	0	
122469	2399	0.140000	10.320000	7.800000	1.090000	0.550000	58.000000	20.000000	0	0.000000	0.000000	0.000000	0	0	0	
122656	2405	0.140000	10.350000	7.760000	1.070000	0.550000	58.000000	20.000000	0	0.000000	0.000000	0.000000	0	0	0	
122844	2403	0.140000	10.440000	7.880000	1.080000	0.550000	58.000000	20.000000	0	0.000000	0.000000	0.000000	0	0	0	
123047	2405	0.140000	10.710000	8.200000	1.080000	0.550000	58.000000	20.000000	0	0.000000	0.000000	0.000000	0	0	0	
123250	2405	0.140000	11.200000	8.770000	1.080000	0.590000	58.000000	20.000000	0	0.000000	0.000000	0.000000	0	0	0	
123437	2412	0.140000	11.070000	8.620000	1.080000	0.590000	58.000000	20.000000	0	0.000000	0.000000	0.000000	0	0	0	
123641	2407	0.140000	11.140000	8.690000	1.070000	0.590000	58.000000	20.000000	0	0.000000	0.000000	0.000000	0	0	0	
123828	2408	0.140000	11.230000	8.790000	1.070000	0.590000	58.000000	20.000000	0	0.000000	0.000000	0.000000	0	0	0	
124047	2410	0.140000	11.190000	8.700000	1.080000	0.590000	58.000000	20.000000	0	0.000000	0.000000	0.000000	0	0	0	
124297	2416	0.140000	11.010000	8.600000	1.070000	0.590000	58.000000	20.000000	0	0.000000	0.000000	0.000000	0	0	0	
124516	2409	0.140000	11.170000	8.800000	1.100000	0.580000	58.000000	20.000000	0	0.000000	0.000000	0.000000	0	0	0	
124703	2409	0.140000	11.200000	8.800000	1.080000	0.590000	58.000000	20.000000	0	0.000000	0.000000	0.000000	0	0	0	
124906	2414	0.140000	11.050000	8.600000	1.080000	0.580000	58.000000	20.000000	0	0.000000	0.000000	0.000000	0	0	0	
125109	2411	0.140000	10.950000	8.490000	1.070000	0.580000	58.000000	20.000000	0	0.000000	0.000000	0.000000	0	0	0	
125328	2411	0.140000	11.170000	8.640000	1.080000	0.570000	58.000000	20.000000	0	0.000000	0.000000	0.000000	0	0	0	
125531	2417	0.140000	11.060000	8.620000	1.070000	0.600000	58.000000	20.000000	0	0.000000	0.000000	0.000000	0	0	0	
125766	2415	0.140000	11.360000	9.270000	1.060000	0.650000	58.000000	20.000000	0	0.000000	0.000000	0.000000	0	0	0	
125969	2410	0.140000	11.650000	9.730000	1.080000	0.640000	58.000000	20.000000	0	0.000000	0.000000	0.000000	0	0	0	
126172	2416	0.140000	11.920000	10.110000	1.080000	0.650000	58.000000	20.000000	0	0.000000	0.000000	0.000000	0	0	0	
126469	2413	0.140000	12.080000	10.140000	1.060000	0.670000	58.000000	20.000000	0	0.000000	0.000000	0.000000	0	0	0	
126687	2425	0.140000	12.110000	10.280000	1.060000	0.680000	58.000000	20.000000	0	0.000000	0.000000	0.000000	0	0	0	
126891	2425	0.140000	12.270000	10.550000	1.070000	0.670000	58.000000	20.000000	0	0.000000	0.000000	0.000000	0	0	0	
127109	2428	0.140000	8.060000	5.990000	1.110000	0.530000	58.000000	20.000000	0	0.000000	0.000000	0.000000	0	0	0	
127312	2414	0.140000	5.950000	3.970000	1.110000	0.340000	58.000000	20.000000	254	0.000000	0.000000	0.000000	0	0	0	
127500	2413	0.140000	5.860000	3.790000	1.080000	0.300000	58.000000	20.000000	254	0.000000	0.000000	0.000000	0	0	0	
127719	2391	0.140000	5.600000	3.620000	1.100000	0.280000	58.000000	20.000000	254	0.000000	0.000000	0.000000	0	0	0	
127922	2415	0.140000	5.260000	3.350000	1.100000	0.270000	58.000000	20.000000	0	0.000000	0.000000	0.000000	0	0	0	
128141	2386	0.140000	0.000000	0.000000	1.120000	0.260000	58.000000	20.000000	0	0.000000	0.000000	0.000000	0	0	0	
128344	2372	0.140000	0.000000	0.000000	1.130000	0.280000	58.000000	20.000000	0	0.000000	0.000000	0.000000	0	0	0	
128531	2376	0.140000	0.000000	0.000000	1.130000	0.270000	58.000000	20.000000	0	0.000000	0.000000	0.000000	0	0	0	
128734	2370	0.140000	0.000000	0.000000	1.130000	0.270000	58.000000	20.000000	0	0.000000	0.000000	0.000000	0	0	0	
128922	2347	0.140000	0.000000	0.000000	1.130000	0.260000	58.000000	20.000000	0	0.000000	0.000000	0.000000	0	0	0	
129141	2335	0.140000	0.000000	0.000000	1.130000	0.270000	58.000000	20.000000	0	0.000000	0.000000	0.000000	0	0	0	
129359	2327	0.140000	0.000000	0.000000	1.130000	0.260000	58.000000	20.000000	0	0.000000	0.000000	0.000000	0	0	0	
129578	2316	0.140000	0.000000	0.000000	1.130000	0.270000	58.000000	20.000000	0	0.000000	0.000000	0.000000	0	0	0	
129781	2305	0.140000	0.000000	0.000000	1.140000	0.260000	58.000000	20.000000	0	0.000000	0.000000	0.000000	0	0	0	
129984	2296	0.140000	0.000000	0.000000	1.140000	0.260000	58.000000	20.000000	0	0.000000	0.000000	0.000000	0	0	0	
130187	2287	0.140000	0.000000	0.000000	1.130000	0.260000	58.000000	20.000000	0	0.000000	0.000000	0.000000	0	0	0	
130375	2275	0.140000	0.000000	0.000000	1.140000	0.260000	58.000000	20.000000	0	0.000000	0.000000	0.000000	0	0	0	
130641	2264	0.140000	0.000000	0.000000	1.140000	0.260000	58.000000	20.000000	0	0.000000	0.000000	0.000000	0	0	0	
130844	2252	0.140000	0.000000	0.000000	1.130000	0.260000	58.000000	20.000000	0	0.000000	0.000000	0.000000	0	0	0	
131016	2241	0.140000	0.000000	0.000000	1.130000	0.260000	58.000000	20.000000	0	0.000000	0.000000	0.000000	0	0	0	
131219	2232	0.140000	0.000000	0.000000	1.130000	0.260000	58.000000	20.000000	0	0.000000	0.000000	0.000000	0	0	0	
131453	2218	0.140000	0.000000	0.000000	1.140000	0.260000	58.000000	20.000000	0	0.000000	0.000000	0.000000	0	0	0	
131625	2212	0.140000	0.000000	0.000000	1.140000	0.260000	58.000000	20.000000	0	0.000000	0.000000	0.000000	0	0	0	
131844	2199	0.140000	0.000000	0.000000	1.130000	0.270000	58.000000	20.000000	0	0.000000	0.000000	0.000000	0	0	0	
132047	2190	0.140000	0.000000	0.000000	1.140000	0.270000	58.000000	20.000000	0	0.000000	0.000000	0.000000	0	0	0	
132234	2185	0.140000	0.000000	0.000000	1.130000	0.270000	58.000000	20.000000	0	0.000000	0.000000	0.000000	0	0	0	
132469	2173	0.140000	0.000000	0.000000	1.140000	0.270000	58.000000	20.000000	0	0.000000	0.000000	0.000000	0	0	0	
132672	2163	0.140000	0.000000	0.000000	1.130000	0.260000	58.000000	20.000000	0	0.000000	0.000000	0.000000	0	0	0	
132859	2153	0.140000	0.000000	0.000000	1.140000	0.270000	58.000000	20.000000	0	0.000000	0.000000	0.000000	0	0	0	
133062	2144	0.140000	0.000000	0.000000	1.140000	0.270000	58.000000	20.000000	0	0.000000	0.000000	0.000000	0	0	0	
133266	2137	0.140000	0.000000	0.000000	1.130000	0.270000	58.000000	20.000000	0	0.000000	0.000000	0.000000	0	0	0	
133484	2126	0.140000	0.000000	0.000000	1.140000	0.270000	58.000000	20.000000	0	0.000000	0.000000	0.000000	0	0	0	
133687	2112	0.140000	0.000000	0.000000	1.140000	0.260000	58.000000	20.000000	0	0.000000	0.000000	0.000000	0	0	0	
133875	2102	0.140000	0.000000	0.000000	1.140000	0.260000	58.000000	20.000000	0	0.000000	0.000000	0.000000	0	0	0	
134047	2095	0.140000	0.000000	0.000000	1.140000	0.260000	58.000000	20.000000	0	0.000000	0.000000	0.000000	0	0	0	
134234	2086	0.140000	0.000000	0.000000	1.140000	0.270000	58.000000	20.000000	0	0.000000	0.000000	0.000000	0	0	0	
134453	2094	0.140000	5.890000	3.810000	1.070000	0.250000	58.000000	20.000000	0	0.000000	0.000000	0.000000	0	0	0	
134781	2076	0.140000	5.680000	3.600000	1.080000	0.250000	58.000000	20.000000	0	0.000000	0.000000	0.000000	0	0	0	
135031	2047	0.140000	5.480000	3.460000	1.070000	0.250000	58.000000	20.000000	0	0.000000	0.000000	0.000000	0	0	0	
135234	2047	0.140000	5.380000	3.400000	1.080000	0.240000	58.000000	20.000000	0	0.000000	0.000000	0.000000	0	0	0	
135437	2038	0.140000	4.950000	3.160000	1.070000	0.250000	58.000000	20.000000	0	0.000000	0.000000	0.000000	0	0	0	
135641	2038	0.140000	4.940000	3.150000	1.080000	0.250000	58.000000	20.000000	9	0.000000	0.000000	0.000000	0	0	0	
135844	2033	0.140000	2.300000	0.810000	1.070000	0.310000	58.000000	20.000000	0	0.000000	0.000000	0.000000	0	0	0	
136031	2043	0.140000	6.400000	4.350000	1.070000	0.340000	58.000000	20.000000	0	0.000000	0.000000	0.000000	0	0	0	
136266	2010	0.140000	6.320000	4.270000	1.070000	0.350000	58.000000	20.000000	76	0.000000	0.000000	0.000000	0	0	0	
136453	2016	0.140000	8.020000	5.840000	1.070000	0.420000	58.000000	20.000000	0	0.000000	0.000000	0.000000	0	0	0	
136641	2012	0.140000	7.720000	5.550000	1.070000	0.440000	58.000000	20.000000	0	0.000000	0.000000	0.000000	0	0	0	
136828	2009	0.140000	7.830000	5.690000	1.060000	0.440000	58.000000	20.000000	0	0.000000	0.000000	0.000000	0	0	0	
137062	2013	0.140000	8.190000	5.990000	1.070000	0.450000	58.000000	20.000000	0	0.000000	0.000000	0.000000	0	0	0	
137250	2016	0.140000	8.670000	6.420000	1.060000	0.480000	58.000000	20.000000	0	0.000000	0.000000	0.000000	0	0	0	
137453	2010	0.140000	8.910000	6.690000	1.070000	0.490000	58.000000	20.000000	0	0.000000	0.000000	0.000000	0	0	0	
137672	2019	0.140000	8.880000	6.600000	1.070000	0.490000	59.000000	20.000000	0	0.000000	0.000000	0.000000	0	0	0	
137859	2013	0.140000	9.640000	7.160000	1.060000	0.530000	58.000000	20.000000	0	0.000000	0.000000	0.000000	0	0	0	
138078	2012	0.140000	10.230000	7.660000	1.070000	0.560000	59.000000	20.000000	0	0.000000	0.000000	0.000000	0	0	0	
138312	2019	0.140000	11.710000	9.390000	1.030000	0.630000	58.000000	20.000000	0	0.000000	0.000000	0.000000	0	0	0	
138562	2015	0.140000	11.910000	9.970000	1.060000	0.670000	58.000000	20.000000	0	0.000000	0.000000	0.000000	0	0	0	
138781	2026	0.140000	11.800000	9.840000	1.070000	0.670000	58.000000	20.000000	0	0.000000	0.000000	0.000000	0	0	0	
139062	2024	0.140000	11.700000	9.670000	1.070000	0.670000	58.000000	20.000000	0	0.000000	0.000000	0.000000	0	0	0	
139266	2016	0.140000	10.210000	7.670000	1.070000	0.600000	58.000000	20.000000	0	0.000000	0.000000	0.000000	0	0	0	
139469	2010	0.140000	9.970000	7.430000	1.060000	0.560000	59.000000	20.000000	0	0.000000	0.000000	0.000000	0	0	0	
139672	2016	0.140000	9.980000	7.440000	1.060000	0.560000	58.000000	20.000000	0	0.000000	0.000000	0.000000	0	0	0	
139859	2008	0.140000	10.090000	7.540000	1.070000	0.550000	59.000000	20.000000	0	0.000000	0.000000	0.000000	0	0	0	
140062	2006	0.140000	10.130000	7.570000	1.070000	0.550000	59.000000	20.000000	0	0.000000	0.000000	0.000000	0	0	0	
140250	1999	0.140000	10.020000	7.480000	1.070000	0.550000	59.000000	20.000000	0	0.000000	0.000000	0.000000	0	0	0	
140437	1997	0.140000	10.380000	7.800000	1.060000	0.560000	59.000000	20.000000	0	0.000000	0.000000	0.000000	0	0	0	
140656	1992	0.140000	10.640000	8.020000	1.050000	0.570000	59.000000	20.000000	0	0.000000	0.000000	0.000000	0	0	0	
140844	1979	0.140000	10.600000	7.990000	1.070000	0.570000	59.000000	20.000000	0	0.000000	0.000000	0.000000	0	0	0	
141031	1985	0.140000	10.510000	7.870000	1.060000	0.570000	59.000000	20.000000	0	0.000000	0.000000	0.000000	0	0	0	
141234	1977	0.140000	10.700000	8.040000	1.050000	0.580000	59.000000	20.000000	0	0.000000	0.000000	0.000000	0	0	0	
141422	1976	0.140000	10.730000	8.070000	1.070000	0.570000	59.000000	20.000000	0	0.000000	0.000000	0.000000	0	0	0	
141625	1970	0.140000	10.710000	8.050000	1.060000	0.580000	59.000000	20.000000	0	0.000000	0.000000	0.000000	0	0	0	
141844	1966	0.140000	10.790000	8.170000	1.060000	0.580000	59.000000	20.000000	0	0.000000	0.000000	0.000000	0	0	0	
142062	1947	0.140000	2.480000	0.990000	1.050000	0.650000	59.000000	20.000000	0	0.000000	0.000000	0.000000	0	0	0	
142250	1954	0.140000	12.410000	10.770000	1.070000	0.680000	59.000000	20.000000	0	0.000000	0.000000	0.000000	0	0	0	
142469	1951	0.140000	12.350000	10.590000	1.070000	0.700000	59.000000	20.000000	0	0.000000	0.000000	0.000000	0	0	0	
142672	1950	0.140000	12.460000	10.650000	1.060000	0.710000	59.000000	20.000000	0	0.000000	0.000000	0.000000	0	0	0	
142844	1944	0.140000	12.320000	10.690000	1.060000	0.710000	59.000000	20.000000	0	0.000000	0.000000	0.000000	0	0	0	
143125	1941	0.140000	12.560000	10.840000	1.060000	0.720000	59.000000	20.000000	0	0.000000	0.000000	0.000000	0	0	0	
143312	1938	0.140000	12.380000	10.620000	1.070000	0.720000	59.000000	20.000000	0	0.000000	0.000000	0.000000	0	0	0	
143516	1934	0.140000	12.570000	10.890000	1.070000	0.720000	59.000000	20.000000	0	0.000000	0.000000	0.000000	0	0	0	
143703	1929	0.140000	12.370000	10.780000	1.070000	0.720000	59.000000	20.000000	0	0.000000	0.000000	0.000000	0	0	0	
143922	1928	0.140000	12.400000	10.820000	1.060000	0.720000	59.000000	20.000000	0	0.000000	0.000000	0.000000	0	0	0	
144125	1925	0.140000	12.400000	10.510000	1.060000	0.710000	59.000000	20.000000	0	0.000000	0.000000	0.000000	0	0	0	
144328	1919	0.140000	9.970000	7.490000	1.080000	0.590000	59.000000	20.000000	0	0.000000	0.000000	0.000000	0	0	0	
144547	1907	0.140000	8.280000	6.170000	1.090000	0.500000	59.000000	20.000000	0	0.000000	0.000000	0.000000	0	0	0	
144750	1896	0.140000	7.320000	5.200000	1.080000	0.430000	59.000000	20.000000	0	0.000000	0.000000	0.000000	0	0	0	
144937	1890	0.140000	7.240000	5.110000	1.080000	0.400000	59.000000	20.000000	0	0.000000	0.000000	0.000000	0	0	0	
145125	1878	0.140000	7.310000	5.140000	1.070000	0.390000	59.000000	20.000000	17	0.000000	0.000000	0.000000	0	0	0	
145328	1870	0.140000	7.390000	5.290000	1.070000	0.400000	59.000000	20.000000	0	0.000000	0.000000	0.000000	0	0	0	
145516	1855	0.140000	7.380000	5.290000	1.070000	0.400000	59.000000	20.000000	56	0.000000	0.000000	0.000000	0	0	0	
145703	1843	0.140000	7.460000	5.340000	1.070000	0.400000	59.000000	20.000000	0	0.000000	0.000000	0.000000	0	0	0	
145891	1831	0.140000	7.530000	5.470000	1.070000	0.400000	59.000000	20.000000	0	0.000000	0.000000	0.000000	0	0	0	
146109	1828	0.140000	7.580000	5.490000	1.070000	0.410000	59.000000	20.000000	4	0.000000	0.000000	0.000000	0	0	0	
146297	1814	0.140000	8.330000	6.090000	1.070000	0.440000	59.000000	20.000000	240	0.000000	0.000000	0.000000	0	0	0	
146516	1812	0.140000	10.290000	7.680000	1.070000	0.520000	59.000000	20.000000	0	0.000000	0.000000	0.000000	0	0	0	
146734	1815	0.140000	2.410000	0.900000	1.050000	0.620000	59.000000	20.000000	0	0.000000	0.000000	0.000000	0	0	0	
146922	1783	0.140000	12.180000	10.470000	1.080000	0.660000	59.000000	20.000000	0	0.000000	0.000000	0.000000	0	0	0	
147187	1806	0.140000	12.140000	10.360000	1.060000	0.670000	59.000000	20.000000	0	0.000000	0.000000	0.000000	0	0	0	
147406	1803	0.140000	12.220000	10.390000	1.070000	0.680000	59.000000	20.000000	0	0.000000	0.000000	0.000000	0	0	0	
147594	1810	0.140000	12.260000	10.460000	1.070000	0.690000	59.000000	20.000000	0	0.000000	0.000000	0.000000	0	0	0	
147797	1803	0.140000	12.070000	10.280000	1.080000	0.690000	59.000000	20.000000	0	0.000000	0.000000	0.000000	0	0	0	
148000	1815	0.140000	12.210000	10.500000	1.060000	0.700000	59.000000	20.000000	0	0.000000	0.000000	0.000000	0	0	0	
148219	1814	0.140000	12.680000	11.420000	1.070000	0.760000	59.000000	20.000000	0	0.000000	0.000000	0.000000	0	0	0	
148406	1821	0.140000	12.830000	11.610000	1.060000	0.770000	59.000000	20.000000	0	0.000000	0.000000	0.000000	0	0	0	
148625	1827	0.140000	12.790000	11.570000	1.070000	0.760000	59.000000	20.000000	0	0.000000	0.000000	0.000000	0	0	0	
148828	1837	0.140000	10.860000	8.580000	1.080000	0.680000	59.000000	20.000000	0	0.000000	0.000000	0.000000	0	0	0	
149016	1841	0.140000	9.880000	7.390000	1.080000	0.570000	59.000000	20.000000	0	0.000000	0.000000	0.000000	0	0	0	
149219	1837	0.140000	9.790000	7.330000	1.060000	0.550000	59.000000	20.000000	0	0.000000	0.000000	0.000000	0	0	0	
149422	1843	0.140000	9.550000	7.170000	1.070000	0.530000	59.000000	20.000000	0	0.000000	0.000000	0.000000	0	0	0	
149609	1847	0.140000	9.790000	7.320000	1.070000	0.530000	59.000000	20.000000	0	0.000000	0.000000	0.000000	0	0	0	
149797	1844	0.140000	9.860000	7.400000	1.080000	0.530000	59.000000	20.000000	10	0.000000	0.000000	0.000000	0	0	0	
150000	1842	0.140000	9.750000	7.320000	1.070000	0.530000	59.000000	20.000000	246	0.000000	0.000000	0.000000	0	0	0	
150187	1851	0.140000	9.910000	7.390000	1.070000	0.530000	59.000000	20.000000	0	0.000000	0.000000	0.000000	0	0	0	
150391	1851	0.140000	9.910000	7.420000	1.080000	0.530000	59.000000	20.000000	0	0.000000	0.000000	0.000000	0	0	0	
150594	1856	0.140000	9.630000	7.210000	1.080000	0.530000	59.000000	20.000000	0	0.000000	0.000000	0.000000	0	0	0	
150797	1855	0.140000	9.760000	7.330000	1.080000	0.520000	59.000000	20.000000	0	0.000000	0.000000	0.000000	0	0	0	
151000	1861	0.140000	9.930000	7.400000	1.070000	0.520000	59.000000	20.000000	0	0.000000	0.000000	0.000000	0	0	0	
151281	1870	0.140000	9.570000	7.190000	1.080000	0.520000	59.000000	20.000000	0	0.000000	0.000000	0.000000	0	0	0	
151531	1876	0.140000	9.840000	7.350000	1.080000	0.520000	59.000000	20.000000	0	0.000000	0.000000	0.000000	0	0	0	
151734	1884	0.140000	9.460000	7.120000	1.070000	0.520000	59.000000	20.000000	0	0.000000	0.000000	0.000000	0	0	0	
151922	1893	0.140000	9.330000	6.990000	1.080000	0.510000	59.000000	20.000000	0	0.000000	0.000000	0.000000	0	0	0	
152125	1888	0.140000	9.560000	7.180000	1.080000	0.510000	59.000000	20.000000	0	0.000000	0.000000	0.000000	0	0	0	
152312	1896	0.140000	9.600000	7.190000	1.080000	0.510000	59.000000	20.000000	0	0.000000	0.000000	0.000000	0	0	0	
152516	1906	0.140000	9.350000	7.020000	1.080000	0.510000	59.000000	20.000000	0	0.000000	0.000000	0.000000	0	0	0	
152734	1912	0.140000	9.370000	7.010000	1.080000	0.510000	59.000000	20.000000	0	0.000000	0.000000	0.000000	0	0	0	
152937	1922	0.140000	9.380000	7.020000	1.090000	0.500000	59.000000	20.000000	0	0.000000	0.000000	0.000000	0	0	0	
153141	1925	0.140000	9.150000	6.860000	1.080000	0.500000	59.000000	20.000000	0	0.000000	0.000000	0.000000	0	0	0	
153344	1921	0.140000	9.210000	6.880000	1.070000	0.500000	59.000000	20.000000	0	0.000000	0.000000	0.000000	0	0	0	
153531	1933	0.140000	9.280000	6.920000	1.070000	0.500000	59.000000	20.000000	0	0.000000	0.000000	0.000000	0	0	0	
153750	1960	0.140000	9.090000	6.780000	1.070000	0.490000	59.000000	20.000000	254	0.000000	0.000000	0.000000	0	0	0	
153937	1959	0.140000	9.010000	6.740000	1.080000	0.490000	59.000000	20.000000	0	0.000000	0.000000	0.000000	0	0	0	
154141	1972	0.140000	11.310000	9.050000	1.070000	0.590000	59.000000	20.000000	0	0.000000	0.000000	0.000000	0	0	0	
154344	1984	0.140000	11.260000	8.810000	1.070000	0.600000	59.000000	20.000000	0	0.000000	0.000000	0.000000	0	0	0	
154547	2005	0.140000	11.300000	8.910000	1.050000	0.620000	59.000000	20.000000	0	0.000000	0.000000	0.000000	0	0	0	
154734	2016	0.140000	11.290000	8.850000	1.060000	0.620000	59.000000	20.000000	0	0.000000	0.000000	0.000000	0	0	0	
154922	2030	0.140000	11.210000	8.770000	1.070000	0.620000	59.000000	20.000000	0	0.000000	0.000000	0.000000	0	0	0	
155125	2037	0.140000	11.140000	8.690000	1.070000	0.620000	59.000000	20.000000	0	0.000000	0.000000	0.000000	0	0	0	
155391	2055	0.140000	11.190000	8.750000	1.070000	0.620000	59.000000	20.000000	0	0.000000	0.000000	0.000000	0	0	0	
155594	2074	0.140000	11.080000	8.760000	1.090000	0.610000	59.000000	20.000000	0	0.000000	0.000000	0.000000	0	0	0	
155812	2082	0.140000	2.300000	9.460000	1.060000	0.660000	59.000000	20.000000	0	0.000000	0.000000	0.000000	0	0	0	
156000	2098	0.140000	11.650000	9.780000	1.070000	0.680000	59.000000	20.000000	0	0.000000	0.000000	0.000000	0	0	0	
156203	2097	0.140000	13.210000	11.760000	1.060000	0.760000	59.000000	20.000000	0	0.000000	0.000000	0.000000	0	0	0	
156406	2114	0.140000	15.080000	13.530000	1.050000	0.830000	59.000000	20.000000	0	0.000000	0.000000	0.000000	0	0	0	
156594	2130	0.140000	2.420000	0.930000	1.050000	0.850000	59.000000	20.000000	0	0.000000	0.000000	0.000000	0	0	0	
156812	2146	0.140000	2.700000	1.200000	1.040000	0.890000	59.000000	20.000000	0	0.000000	0.000000	0.000000	0	0	0	
157000	2154	0.140000	17.370000	15.820000	1.030000	0.930000	59.000000	20.000000	0	0.000000	0.000000	0.000000	0	0	0	
157219	2170	0.140000	17.310000	15.950000	1.070000	0.940000	59.000000	20.000000	0	0.000000	0.000000	0.000000	0	0	0	
157422	2183	0.140000	17.340000	15.980000	1.070000	0.950000	59.000000	20.000000	0	0.000000	0.000000	0.000000	0	0	0	
157641	2200	0.140000	16.480000	15.190000	1.070000	0.940000	59.000000	20.000000	0	0.000000	0.000000	0.000000	0	0	0	
157844	2227	0.140000	17.480000	15.930000	1.080000	0.960000	59.000000	20.000000	0	0.000000	0.000000	0.000000	0	0	0	
158031	2227	0.140000	16.970000	15.480000	1.040000	0.960000	59.000000	20.000000	0	0.000000	0.000000	0.000000	0	0	0	
158250	2244	0.140000	16.660000	15.300000	1.060000	0.960000	59.000000	20.000000	0	0.000000	0.000000	0.000000	0	0	0	
158437	2256	0.140000	16.850000	15.360000	1.060000	0.970000	59.000000	20.000000	0	0.000000	0.000000	0.000000	0	0	0	
158656	2280	0.140000	16.820000	15.460000	1.060000	0.970000	59.000000	20.000000	0	0.000000	0.000000	0.000000	0	0	0	
158891	2278	0.140000	16.780000	15.430000	1.070000	0.960000	59.000000	19.000000	0	0.000000	0.000000	0.000000	0	0	0	
159125	2296	0.140000	16.440000	15.130000	1.070000	0.980000	59.000000	19.000000	0	0.000000	0.000000	0.000000	0	0	0	
159328	2303	0.140000	16.440000	15.390000	1.070000	0.940000	59.000000	19.000000	0	0.000000	0.000000	0.000000	0	0	0	
159594	2326	0.140000	16.970000	15.340000	1.050000	0.960000	59.000000	19.000000	0	0.000000	0.000000	0.000000	0	0	0	
159797	2332	0.140000	16.620000	15.190000	1.060000	0.950000	59.000000	19.000000	0	0.000000	0.000000	0.000000	0	0	0	
160016	2351	0.140000	16.530000	15.230000	1.050000	0.950000	59.000000	19.000000	0	0.000000	0.000000	0.000000	0	0	0	
160219	2357	0.140000	16.900000	15.660000	1.070000	0.930000	59.000000	19.000000	0	0.000000	0.000000	0.000000	0	0	0	
160422	2368	0.140000	16.850000	15.550000	1.080000	0.990000	59.000000	19.000000	0	0.000000	0.000000	0.000000	0	0	0	
160609	2379	0.140000	16.440000	15.320000	1.090000	0.940000	59.000000	19.000000	0	0.000000	0.000000	0.000000	0	0	0	
160797	2390	0.140000	16.620000	15.500000	1.060000	1.000000	59.000000	19.000000	0	0.000000	0.000000	0.000000	0	0	0	
161062	2407	0.140000	17.130000	15.830000	1.060000	0.950000	59.000000	19.000000	0	0.000000	0.000000	0.000000	0	0	0	
161297	2414	0.140000	17.240000	15.690000	1.050000	0.960000	59.000000	19.000000	0	0.000000	0.000000	0.000000	0	0	0	
161484	2435	0.140000	17.920000	17.170000	1.060000	0.990000	59.000000	19.000000	0	0.000000	0.000000	0.000000	0	0	0	
161687	2435	0.140000	18.190000	17.230000	1.060000	0.970000	59.000000	19.000000	0	0.000000	0.000000	0.000000	0	0	0	
161891	2447	0.140000	18.280000	17.260000	1.060000	0.970000	59.000000	19.000000	0	0.000000	0.000000	0.000000	0	0	0	
162109	2457	0.140000	18.180000	17.300000	1.100000	0.940000	58.000000	19.000000	0	0.000000	0.000000	0.000000	0	0	0	
162328	2469	0.140000	18.310000	17.570000	1.060000	0.980000	59.000000	19.000000	0	0.000000	0.000000	0.000000	0	0	0	
162531	2484	0.140000	18.430000	17.630000	1.050000	0.990000	58.000000	19.000000	0	0.000000	0.000000	0.000000	0	0	0	
162750	2491	0.140000	19.020000	17.730000	1.010000	0.990000	58.000000	19.000000	0	0.000000	0.000000	0.000000	0	0	0	
162937	2502	0.140000	18.630000	17.770000	1.070000	0.940000	58.000000	19.000000	0	0.000000	0.000000	0.000000	0	0	0	
163125	2506	0.140000	18.880000	17.870000	1.020000	0.990000	58.000000	19.000000	0	0.000000	0.000000	0.000000	0	0	0	
163344	2519	0.140000	18.760000	17.970000	1.110000	0.930000	58.000000	19.000000	0	0.000000	0.000000	0.000000	0	0	0	
163547	2538	0.140000	18.860000	18.000000	1.100000	0.940000	58.000000	19.000000	0	0.000000	0.000000	0.000000	0	0	0	
163828	2553	0.140000	18.900000	18.040000	1.040000	1.000000	58.000000	19.000000	0	0.000000	0.000000	0.000000	0	0	0	
164031	2558	0.140000	19.180000	18.110000	1.030000	0.990000	58.000000	19.000000	0	0.000000	0.000000	0.000000	0	0	0	
164219	2571	0.140000	19.080000	18.160000	1.050000	0.960000	58.000000	19.000000	0	0.000000	0.000000	0.000000	0	0	0	
164437	2585	0.140000	18.970000	18.190000	1.070000	0.940000	58.000000	19.000000	0	0.000000	0.000000	0.000000	0	0	0	
164641	2600	0.140000	19.120000	18.200000	1.050000	0.930000	58.000000	19.000000	0	0.000000	0.000000	0.000000	0	0	0	
164828	2609	0.140000	19.300000	18.240000	1.060000	0.970000	58.000000	19.000000	0	0.000000	0.000000	0.000000	0	0	0	
165047	2616	0.140000	19.360000	18.260000	1.090000	0.950000	58.000000	19.000000	0	0.000000	0.000000	0.000000	0	0	0	
165250	2625	0.140000	18.930000	18.310000	1.060000	0.960000	58.000000	19.000000	0	0.000000	0.000000	0.000000	0	0	0	
165453	2635	0.140000	19.360000	18.300000	1.030000	0.950000	58.000000	19.000000	0	0.000000	0.000000	0.000000	0	0	0	
165672	2650	0.140000	19.180000	18.270000	1.060000	0.950000	58.000000	19.000000	0	0.000000	0.000000	0.000000	0	0	0	
165891	2662	0.140000	19.210000	18.300000	1.060000	0.920000	58.000000	19.000000	0	0.000000	0.000000	0.000000	0	0	0	
166094	2669	0.140000	19.120000	18.340000	1.040000	1.000000	58.000000	19.000000	0	0.000000	0.000000	0.000000	0	0	0	
166312	2690	0.140000	19.220000	18.300000	1.090000	0.950000	58.000000	19.000000	0	0.000000	0.000000	0.000000	0	0	0	
166500	2693	0.140000	19.350000	18.330000	1.090000	0.950000	58.000000	19.000000	0	0.000000	0.000000	0.000000	0	0	0	
166687	2705	0.140000	18.980000	18.280000	1.090000	0.960000	58.000000	19.000000	0	0.000000	0.000000	0.000000	0	0	0	
166922	2720	0.140000	17.890000	16.880000	1.070000	0.920000	58.000000	19.000000	0	0.000000	0.000000	0.000000	0	0	0	
167141	2732	0.140000	17.690000	16.470000	1.060000	0.950000	58.000000	19.000000	0	0.000000	0.000000	0.000000	0	0	0	
167375	2739	0.140000	17.910000	16.490000	1.060000	0.950000	58.000000	19.000000	0	0.000000	0.000000	0.000000	0	0	0	
167562	2747	0.140000	17.470000	16.580000	1.060000	0.980000	58.000000	19.000000	0	0.000000	0.000000	0.000000	0	0	0	
167766	2757	0.140000	17.460000	16.580000	1.050000	0.990000	58.000000	19.000000	0	0.000000	0.000000	0.000000	0	0	0	
168062	2771	0.140000	17.400000	16.240000	1.070000	1.020000	58.000000	19.000000	0	0.000000	0.000000	0.000000	0	0	0	
168281	2778	0.140000	17.510000	16.280000	1.050000	0.980000	58.000000	19.000000	0	0.000000	0.000000	0.000000	0	0	0	
168484	2792	0.140000	17.030000	15.600000	1.080000	0.950000	58.000000	19.000000	0	0.000000	0.000000	0.000000	0	0	0	
168703	2803	0.140000	16.070000	14.820000	1.080000	0.940000	58.000000	19.000000	0	0.000000	0.000000	0.000000	0	0	0	
168906	2814	0.140000	10.360000	8.320000	1.120000	0.670000	58.000000	19.000000	0	0.000000	0.000000	0.000000	0	0	0	
169125	2800	0.140000	7.630000	5.560000	1.090000	0.490000	58.000000	19.000000	0	0.000000	0.000000	0.000000	0	0	0	
169344	2783	0.140000	6.350000	4.370000	1.100000	0.360000	58.000000	19.000000	85	0.000000	0.000000	0.000000	0	0	0	
169547	2773	0.140000	6.150000	4.180000	1.090000	0.340000	58.000000	19.000000	0	0.000000	0.000000	0.000000	0	0	0	
169766	2769	0.140000	6.300000	4.310000	1.090000	0.340000	58.000000	19.000000	0	0.000000	0.000000	0.000000	0	0	0	
169953	2766	0.140000	6.380000	4.400000	1.100000	0.340000	58.000000	19.000000	94	0.000000	0.000000	0.000000	0	0	0	
170141	2758	0.140000	6.470000	4.480000	1.090000	0.340000	58.000000	19.000000	101	0.000000	0.000000	0.000000	0	0	0	
170359	2762	0.140000	6.400000	4.410000	1.110000	0.340000	58.000000	19.000000	0	0.000000	0.000000	0.000000	0	0	0	
170578	2752	0.140000	6.440000	4.440000	1.090000	0.340000	58.000000	19.000000	0	0.000000	0.000000	0.000000	0	0	0	
170781	2738	0.140000	6.570000	4.570000	1.100000	0.340000	58.000000	19.000000	151	0.000000	0.000000	0.000000	0	0	0	
170984	2740	0.140000	6.620000	4.580000	1.100000	0.340000	58.000000	19.000000	0	0.000000	0.000000	0.000000	0	0	0	
171203	2726	0.140000	2.340000	0.810000	1.080000	0.390000	58.000000	19.000000	0	0.000000	0.000000	0.000000	0	0	0	
171437	2727	0.140000	8.650000	6.480000	1.080000	0.490000	58.000000	19.000000	9	0.000000	0.000000	0.000000	0	0	0	
171609	2718	0.140000	9.260000	6.980000	1.090000	0.510000	58.000000	19.000000	9	0.000000	0.000000	0.000000	0	0	0	
171828	2717	0.140000	9.550000	7.200000	1.100000	0.530000	58.000000	19.000000	0	0.000000	0.000000	0.000000	0	0	0	
172016	2720	0.140000	9.870000	7.460000	1.110000	0.540000	58.000000	19.000000	0	0.000000	0.000000	0.000000	0	0	0	
172297	2718	0.140000	10.270000	7.830000	1.090000	0.560000	58.000000	19.000000	0	0.000000	0.000000	0.000000	0	0	0	
172484	2720	0.140000	10.070000	7.650000	1.080000	0.550000	58.000000	19.000000	0	0.000000	0.000000	0.000000	0	0	0	
172687	2706	0.140000	10.060000	7.600000	1.100000	0.560000	58.000000	19.000000	0	0.000000	0.000000	0.000000	0	0	0	
172891	2710	0.140000	10.010000	7.530000	1.080000	0.550000	58.000000	19.000000	0	0.000000	0.000000	0.000000	0	0	0	
173094	2712	0.140000	10.310000	7.800000	1.080000	0.550000	58.000000	19.000000	0	0.000000	0.000000	0.000000	0	0	0	
173297	2710	0.140000	10.920000	8.410000	1.090000	0.580000	58.000000	19.000000	0	0.000000	0.000000	0.000000	0	0	0	
173516	2716	0.140000	10.730000	8.340000	1.090000	0.590000	58.000000	19.000000	0	0.000000	0.000000	0.000000	0	0	0	
173734	2718	0.140000	11.620000	9.940000	1.090000	0.670000	58.000000	19.000000	0	0.000000	0.000000	0.000000	0	0	0	
173953	2705	0.140000	11.780000	10.060000	1.110000	0.660000	58.000000	19.000000	0	0.000000	0.000000	0.000000	0	0	0	
174172	2716	0.140000	11.580000	9.790000	1.080000	0.660000	58.000000	19.000000	0	0.000000	0.000000	0.000000	0	0	0	
174375	2713	0.140000	11.580000	9.680000	1.090000	0.660000	58.000000	19.000000	0	0.000000	0.000000	0.000000	0	0	0	
174562	2727	0.140000	11.660000	9.740000	1.070000	0.650000	58.000000	19.000000	0	0.000000	0.000000	0.000000	0	0	0	
174766	2729	0.140000	11.670000	9.830000	1.090000	0.650000	58.000000	19.000000	0	0.000000	0.000000	0.000000	0	0	0	
174969	2725	0.140000	11.390000	9.260000	1.070000	0.630000	58.000000	19.000000	0	0.000000	0.000000	0.000000	0	0	0	
175172	2730	0.140000	10.910000	8.490000	1.090000	0.590000	58.000000	19.000000	0	0.000000	0.000000	0.000000	0	0	0	
175359	2727	0.140000	10.560000	8.120000	1.100000	0.570000	58.000000	19.000000	0	0.000000	0.000000	0.000000	0	0	0	
175562	2730	0.140000	10.560000	8.050000	1.080000	0.560000	58.000000	19.000000	0	0.000000	0.000000	0.000000	0	0	0	
175781	2715	0.140000	10.010000	7.600000	1.100000	0.530000	58.000000	19.000000	0	0.000000	0.000000	0.000000	0	0	0	
175969	2729	0.140000	9.680000	7.250000	1.080000	0.530000	58.000000	19.000000	96	0.000000	0.000000	0.000000	0	0	0	
176203	2721	0.140000	9.620000	7.260000	1.090000	0.520000	58.000000	19.000000	0	0.000000	0.000000	0.000000	0	0	0	
176484	2720	0.140000	9.570000	7.180000	1.090000	0.510000	58.000000	19.000000	0	0.000000	0.000000	0.000000	0	0	0	
176672	2716	0.140000	9.460000	7.090000	1.080000	0.500000	58.000000	19.000000	0	0.000000	0.000000	0.000000	0	0	0	
176875	2712	0.140000	9.530000	7.180000	1.080000	0.500000	58.000000	19.000000	0	0.000000	0.000000	0.000000	0	0	0	
177078	2718	0.140000	9.800000	7.380000	1.100000	0.510000	58.000000	19.000000	0	0.000000	0.000000	0.000000	0	0	0	
177281	2721	0.140000	9.840000	7.410000	1.090000	0.510000	58.000000	18.000000	0	0.000000	0.000000	0.000000	0	0	0	
177500	2718	0.140000	9.680000	7.310000	1.100000	0.510000	58.000000	18.000000	7	0.000000	0.000000	0.000000	0	0	0	
177719	2713	0.140000	9.790000	7.340000	1.080000	0.510000	58.000000	18.000000	0	0.000000	0.000000	0.000000	0	0	0	
177937	2716	0.140000	9.790000	7.430000	1.090000	0.510000	58.000000	18.000000	0	0.000000	0.000000	0.000000	0	0	0	
178141	2712	0.140000	9.730000	7.300000	1.070000	0.520000	58.000000	18.000000	0	0.000000	0.000000	0.000000	0	0	0	
178328	2702	0.140000	9.840000	7.380000	1.090000	0.520000	58.000000	18.000000	0	0.000000	0.000000	0.000000	0	0	0	
178547	2715	0.140000	9.980000	7.500000	1.080000	0.520000	58.000000	18.000000	0	0.000000	0.000000	0.000000	0	0	0	
178750	2707	0.140000	10.220000	7.720000	1.090000	0.530000	58.000000	18.000000	0	0.000000	0.000000	0.000000	0	0	0	
178937	2711	0.140000	10.020000	7.640000	1.090000	0.540000	58.000000	18.000000	0	0.000000	0.000000	0.000000	0	0	0	
179141	2701	0.140000	10.180000	7.670000	1.080000	0.530000	58.000000	18.000000	0	0.000000	0.000000	0.000000	0	0	0	
179344	2710	0.140000	10.170000	7.760000	1.090000	0.540000	58.000000	18.000000	0	0.000000	0.000000	0.000000	0	0	0	
179562	2702	0.140000	10.090000	7.630000	1.110000	0.520000	58.000000	18.000000	0	0.000000	0.000000	0.000000	0	0	0	
179750	2703	0.140000	9.990000	7.500000	1.080000	0.520000	58.000000	18.000000	0	0.000000	0.000000	0.000000	0	0	0	
179937	2700	0.140000	9.900000	7.400000	1.080000	0.520000	58.000000	18.000000	0	0.000000	0.000000	0.000000	0	0	0	
180141	2702	0.140000	9.930000	7.420000	1.080000	0.520000	58.000000	18.000000	0	0.000000	0.000000	0.000000	0	0	0	
180375	2698	0.140000	9.990000	7.480000	1.090000	0.510000	58.000000	18.000000	0	0.000000	0.000000	0.000000	0	0	0	
180625	2689	0.140000	9.780000	7.360000	1.090000	0.510000	58.000000	18.000000	0	0.000000	0.000000	0.000000	0	0	0	
180828	2687	0.140000	9.860000	7.400000	1.090000	0.510000	58.000000	18.000000	0	0.000000	0.000000	0.000000	0	0	0	
181016	2700	0.140000	9.890000	7.450000	1.070000	0.520000	58.000000	18.000000	0	0.000000	0.000000	0.000000	0	0	0	
181234	2700	0.140000	9.960000	7.450000	1.080000	0.520000	58.000000	18.000000	20	0.000000	0.000000	0.000000	0	0	0	
181422	2690	0.140000	9.870000	7.400000	1.080000	0.520000	58.000000	18.000000	25	0.000000	0.000000	0.000000	0	0	0	
181672	2686	0.140000	9.890000	7.450000	1.080000	0.530000	58.000000	18.000000	0	0.000000	0.000000	0.000000	0	0	0	
181859	2685	0.140000	10.010000	7.590000	1.090000	0.530000	58.000000	18.000000	0	0.000000	0.000000	0.000000	0	0	0	
182047	2681	0.140000	10.000000	7.550000	1.090000	0.530000	58.000000	18.000000	0	0.000000	0.000000	0.000000	0	0	0	
182266	2677	0.140000	9.990000	7.510000	1.090000	0.530000	58.000000	18.000000	0	0.000000	0.000000	0.000000	0	0	0	
182453	2685	0.140000	10.000000	7.520000	1.080000	0.530000	58.000000	18.000000	0	0.000000	0.000000	0.000000	0	0	0	
182656	2680	0.140000	10.090000	7.620000	1.080000	0.520000	58.000000	18.000000	0	0.000000	0.000000	0.000000	0	0	0	
182844	2675	0.140000	9.980000	7.500000	1.080000	0.520000	58.000000	18.000000	0	0.000000	0.000000	0.000000	0	0	0	
183062	2670	0.140000	9.860000	7.460000	1.100000	0.530000	58.000000	18.000000	109	0.000000	0.000000	0.000000	0	0	0	
183250	2676	0.140000	10.010000	7.500000	1.080000	0.520000	58.000000	18.000000	0	0.000000	0.000000	0.000000	0	0	0	
183422	2669	0.140000	10.010000	7.600000	1.100000	0.520000	58.000000	18.000000	0	0.000000	0.000000	0.000000	0	0	0	
183625	2670	0.140000	10.090000	7.600000	1.080000	0.530000	58.000000	18.000000	0	0.000000	0.000000	0.000000	0	0	0	
183812	2673	0.140000	9.940000	7.500000	1.080000	0.520000	58.000000	18.000000	0	0.000000	0.000000	0.000000	0	0	0	
184047	2674	0.140000	10.080000	7.530000	1.060000	0.530000	58.000000	18.000000	0	0.000000	0.000000	0.000000	0	0	0	
184250	2669	0.140000	10.170000	7.640000	1.070000	0.520000	58.000000	18.000000	0	0.000000	0.000000	0.000000	0	0	0	
184453	2666	0.140000	10.190000	7.620000	1.070000	0.530000	58.000000	18.000000	0	0.000000	0.000000	0.000000	0	0	0	
184750	2662	0.140000	10.100000	7.640000	1.080000	0.530000	58.000000	18.000000	0	0.000000	0.000000	0.000000	0	0	0	
184937	2666	0.140000	10.220000	7.780000	1.090000	0.530000	58.000000	18.000000	0	0.000000	0.000000	0.000000	0	0	0	
185141	2670	0.140000	10.420000	7.860000	1.070000	0.540000	58.000000	18.000000	0	0.000000	0.000000	0.000000	0	0	0	
185344	2663	0.140000	10.330000	7.840000	1.080000	0.530000	58.000000	18.000000	0	0.000000	0.000000	0.000000	0	0	0	
185547	2656	0.140000	10.280000	7.770000	1.080000	0.540000	58.000000	18.000000	0	0.000000	0.000000	0.000000	0	0	0	
185734	2664	0.140000	10.470000	7.840000	1.070000	0.540000	58.000000	18.000000	0	0.000000	0.000000	0.000000	0	0	0	
185922	2668	0.140000	10.530000	7.900000	1.090000	0.530000	58.000000	18.000000	0	0.000000	0.000000	0.000000	0	0	0	
186125	2665	0.140000	10.290000	7.750000	1.080000	0.540000	58.000000	18.000000	0	0.000000	0.000000	0.000000	0	0	0	
186312	2662	0.140000	10.240000	7.700000	1.070000	0.540000	58.000000	18.000000	0	0.000000	0.000000	0.000000	0	0	0	
186531	2654	0.140000	10.270000	7.750000	1.080000	0.540000	58.000000	18.000000	0	0.000000	0.000000	0.000000	0	0	0	
186734	2659	0.140000	10.360000	7.830000	1.080000	0.530000	58.000000	18.000000	0	0.000000	0.000000	0.000000	0	0	0	
186922	2657	0.140000	10.150000	7.750000	1.090000	0.530000	58.000000	18.000000	222	0.000000	0.000000	0.000000	0	0	0	
187156	2648	0.140000	10.220000	7.650000	1.090000	0.530000	58.000000	18.000000	0	0.000000	0.000000	0.000000	0	0	0	
187344	2646	0.140000	10.190000	7.690000	1.070000	0.530000	58.000000	18.000000	0	0.000000	0.000000	0.000000	0	0	0	
187547	2652	0.140000	10.370000	7.750000	1.070000	0.530000	58.000000	18.000000	0	0.000000	0.000000	0.000000	0	0	0	
187766	2657	0.140000	10.200000	7.630000	1.070000	0.530000	58.000000	18.000000	0	0.000000	0.000000	0.000000	0	0	0	
187953	2645	0.140000	10.180000	7.610000	1.070000	0.530000	58.000000	18.000000	0	0.000000	0.000000	0.000000	0	0	0	
188141	2641	0.140000	10.190000	7.690000	1.070000	0.530000	58.000000	18.000000	0	0.000000	0.000000	0.000000	0	0	0	
188344	2652	0.140000	10.310000	7.800000	1.080000	0.530000	58.000000	18.000000	0	0.000000	0.000000	0.000000	0	0	0	
188547	2646	0.140000	10.280000	7.700000	1.090000	0.530000	58.000000	18.000000	0	0.000000	0.000000	0.000000	0	0	0	
188844	2639	0.140000	10.280000	7.700000	1.070000	0.530000	58.000000	18.000000	0	0.000000	0.000000	0.000000	0	0	0	
189047	2638	0.140000	10.280000	7.770000	1.070000	0.540000	58.000000	18.000000	0	0.000000	0.000000	0.000000	0	0	0	
189250	2646	0.140000	10.360000	7.770000	1.070000	0.530000	58.000000	18.000000	0	0.000000	0.000000	0.000000	0	0	0	
189469	2631	0.140000	10.220000	7.630000	1.070000	0.530000	58.000000	18.000000	0	0.000000	0.000000	0.000000	0	0	0	
189656	2642	0.140000	10.220000	7.780000	1.100000	0.530000	58.000000	18.000000	0	0.000000	0.000000	0.000000	0	0	0	
189844	2636	0.140000	10.360000	7.830000	1.070000	0.530000	58.000000	18.000000	0	0.000000	0.000000	0.000000	0	0	0	
190047	2644	0.140000	10.250000	7.740000	1.080000	0.530000	58.000000	18.000000	0	0.000000	0.000000	0.000000	0	0	0	
190250	2638	0.140000	10.200000	7.640000	1.070000	0.540000	58.000000	18.000000	0	0.000000	0.000000	0.000000	0	0	0	
190469	2636	0.140000	10.160000	7.660000	1.080000	0.530000	58.000000	18.000000	0	0.000000	0.000000	0.000000	0	0	0	
190641	2639	0.140000	10.380000	7.760000	1.070000	0.530000	58.000000	18.000000	67	0.000000	0.000000	0.000000	0	0	0	
190844	2641	0.140000	10.330000	7.750000	1.080000	0.530000	58.000000	18.000000	0	0.000000	0.000000	0.000000	0	0	0	
191016	2639	0.140000	10.160000	7.600000	1.060000	0.540000	58.000000	18.000000	0	0.000000	0.000000	0.000000	0	0	0	
191203	2640	0.140000	10.220000	7.650000	1.070000	0.530000	58.000000	18.000000	0	0.000000	0.000000	0.000000	0	0	0	
191406	2635	0.140000	10.370000	7.780000	1.070000	0.540000	58.000000	18.000000	0	0.000000	0.000000	0.000000	0	0	0	
191609	2629	0.140000	10.300000	7.780000	1.070000	0.530000	58.000000	18.000000	0	0.000000	0.000000	0.000000	0	0	0	
191812	2635	0.140000	10.190000	7.630000	1.070000	0.540000	58.000000	18.000000	0	0.000000	0.000000	0.000000	0	0	0	
192016	2631	0.140000	10.320000	7.710000	1.060000	0.540000	58.000000	18.000000	0	0.000000	0.000000	0.000000	0	0	0	
192219	2640	0.140000	10.270000	7.790000	1.090000	0.530000	58.000000	18.000000	85	0.000000	0.000000	0.000000	0	0	0	
192422	2635	0.140000	10.440000	7.880000	1.070000	0.540000	58.000000	18.000000	0	0.000000	0.000000	0.000000	0	0	0	
192625	2632	0.140000	10.330000	7.780000	1.080000	0.540000	58.000000	18.000000	0	0.000000	0.000000	0.000000	0	0	0	
192891	2628	0.140000	10.290000	7.810000	1.090000	0.540000	58.000000	18.000000	3	0.000000	0.000000	0.000000	0	0	0	
193094	2628	0.140000	10.460000	7.890000	1.080000	0.540000	58.000000	18.000000	0	0.000000	0.000000	0.000000	0	0	0	
193281	2631	0.140000	10.360000	7.810000	1.080000	0.540000	58.000000	18.000000	0	0.000000	0.000000	0.000000	0	0	0	
193516	2622	0.140000	10.300000	7.690000	1.070000	0.530000	58.000000	18.000000	0	0.000000	0.000000	0.000000	0	0	0	
193719	2625	0.140000	10.410000	7.820000	1.070000	0.530000	58.000000	18.000000	0	0.000000	0.000000	0.000000	0	0	0	
193922	2635	0.140000	10.490000	7.920000	1.070000	0.540000	58.000000	18.000000	0	0.000000	0.000000	0.000000	0	0	0	
194141	2633	0.140000	10.400000	7.810000	1.070000	0.550000	58.000000	18.000000	0	0.000000	0.000000	0.000000	0	0	0	
194328	2627	0.140000	10.310000	7.730000	1.070000	0.530000	58.000000	18.000000	0	0.000000	0.000000	0.000000	0	0	0	
194547	2631	0.140000	10.260000	7.780000	1.080000	0.540000	58.000000	18.000000	0	0.000000	0.000000	0.000000	0	0	0	
194750	2629	0.140000	10.540000	7.940000	1.060000	0.540000	58.000000	18.000000	0	0.000000	0.000000	0.000000	0	0	0	
194953	2622	0.140000	10.270000	7.790000	1.080000	0.540000	58.000000	18.000000	0	0.000000	0.000000	0.000000	0	0	0	
195187	2632	0.140000	10.210000	7.710000	1.080000	0.540000	58.000000	18.000000	0	0.000000	0.000000	0.000000	0	0	0	
195375	2625	0.140000	10.380000	7.820000	1.070000	0.540000	58.000000	18.000000	0	0.000000	0.000000	0.000000	0	0	0	
195594	2631	0.140000	10.490000	7.880000	1.080000	0.540000	58.000000	18.000000	0	0.000000	0.000000	0.000000	0	0	0	
195797	2620	0.140000	10.390000	7.760000	1.060000	0.540000	58.000000	18.000000	0	0.000000	0.000000	0.000000	0	0	0	
195984	2614	0.140000	10.410000	7.750000	1.060000	0.540000	58.000000	18.000000	0	0.000000	0.000000	0.000000	0	0	0	
196203	2614	0.140000	10.410000	7.850000	1.070000	0.540000	58.000000	18.000000	0	0.000000	0.000000	0.000000	0	0	0	
196391	2614	0.140000	10.420000	7.830000	1.090000	0.530000	58.000000	18.000000	0	0.000000	0.000000	0.000000	0	0	0	
196594	2613	0.140000	10.380000	7.760000	1.070000	0.540000	58.000000	18.000000	0	0.000000	0.000000	0.000000	0	0	0	
196812	2616	0.140000	10.380000	7.760000	1.060000	0.540000	58.000000	18.000000	0	0.000000	0.000000	0.000000	0	0	0	
197078	2619	0.140000	10.430000	7.870000	1.070000	0.530000	58.000000	18.000000	0	0.000000	0.000000	0.000000	0	0	0	
197281	2612	0.140000	10.320000	7.770000	1.080000	0.540000	58.000000	18.000000	0	0.000000	0.000000	0.000000	0	0	0	
197516	2611	0.140000	10.310000	7.760000	1.100000	0.530000	58.000000	18.000000	0	0.000000	0.000000	0.000000	0	0	0	
197703	2609	0.140000	10.400000	7.810000	1.070000	0.540000	58.000000	18.000000	0	0.000000	0.000000	0.000000	0	0	0	
197937	2614	0.140000	10.450000	7.880000	1.090000	0.530000	58.000000	18.000000	0	0.000000	0.000000	0.000000	0	0	0	
198141	2613	0.140000	10.400000	7.840000	1.080000	0.550000	58.000000	18.000000	0	0.000000	0.000000	0.000000	0	0	0	
198344	2606	0.140000	10.290000	7.740000	1.060000	0.540000	58.000000	18.000000	0	0.000000	0.000000	0.000000	0	0	0	
198562	2609	0.140000	10.470000	7.910000	1.070000	0.540000	58.000000	18.000000	0	0.000000	0.000000	0.000000	0	0	0	
198766	2614	0.140000	10.570000	7.920000	1.060000	0.540000	58.000000	18.000000	0	0.000000	0.000000	0.000000	0	0	0	
198953	2612	0.140000	10.420000	7.830000	1.070000	0.540000	58.000000	18.000000	0	0.000000	0.000000	0.000000	0	0	0	
199187	2614	0.140000	10.320000	7.770000	1.080000	0.540000	58.000000	18.000000	0	0.000000	0.000000	0.000000	0	0	0	
199391	2608	0.140000	10.470000	7.980000	1.070000	0.540000	58.000000	18.000000	0	0.000000	0.000000	0.000000	0	0	0	
199594	2605	0.140000	10.640000	7.990000	1.070000	0.540000	58.000000	18.000000	0	0.000000	0.000000	0.000000	0	0	0	
199797	2607	0.140000	10.370000	7.820000	1.070000	0.540000	58.000000	18.000000	0	0.000000	0.000000	0.000000	0	0	0	
200000	2613	0.140000	10.400000	7.840000	1.070000	0.540000	58.000000	18.000000	0	0.000000	0.000000	0.000000	0	0	0	
200219	2601	0.140000	10.480000	7.970000	1.080000	0.550000	58.000000	18.000000	0	0.000000	0.000000	0.000000	0	0	0	
200406	2596	0.140000	10.510000	7.900000	1.070000	0.540000	58.000000	18.000000	0	0.000000	0.000000	0.000000	0	0	0	
200625	2608	0.140000	10.340000	7.790000	1.090000	0.530000	58.000000	18.000000	0	0.000000	0.000000	0.000000	0	0	0	
200812	2603	0.140000	10.510000	7.870000	1.070000	0.540000	58.000000	18.000000	0	0.000000	0.000000	0.000000	0	0	0	
201000	2606	0.140000	10.570000	7.960000	1.080000	0.540000	58.000000	18.000000	14	0.000000	0.000000	0.000000	0	0	0	
201266	2600	0.140000	11.110000	8.950000	1.050000	0.590000	58.000000	18.000000	0	0.000000	0.000000	0.000000	0	0	0	
201469	2609	0.140000	11.180000	8.880000	1.070000	0.600000	58.000000	18.000000	0	0.000000	0.000000	0.000000	0	0	0	
201672	2607	0.140000	11.180000	9.000000	1.070000	0.600000	58.000000	18.000000	0	0.000000	0.000000	0.000000	0	0	0	
201875	2604	0.140000	11.400000	9.130000	1.070000	0.600000	58.000000	18.000000	0	0.000000	0.000000	0.000000	0	0	0	
202062	2601	0.140000	11.350000	9.090000	1.060000	0.600000	58.000000	18.000000	0	0.000000	0.000000	0.000000	0	0	0	
202250	2600	0.140000	11.280000	8.860000	1.070000	0.600000	58.000000	18.000000	0	0.000000	0.000000	0.000000	0	0	0	
202437	2601	0.140000	11.250000	8.980000	1.080000	0.600000	58.000000	18.000000	0	0.000000	0.000000	0.000000	0	0	0	
202641	2607	0.140000	11.340000	9.210000	1.090000	0.590000	58.000000	18.000000	0	0.000000	0.000000	0.000000	0	0	0	
202844	2605	0.140000	11.350000	9.120000	1.070000	0.600000	58.000000	18.000000	0	0.000000	0.000000	0.000000	0	0	0	
203031	2606	0.140000	11.170000	8.930000	1.080000	0.600000	58.000000	18.000000	0	0.000000	0.000000	0.000000	0	0	0	
203234	2608	0.140000	11.350000	9.040000	1.060000	0.600000	58.000000	18.000000	0	0.000000	0.000000	0.000000	0	0	0	
203422	2611	0.140000	11.300000	9.170000	1.070000	0.600000	58.000000	18.000000	0	0.000000	0.000000	0.000000	0	0	0	
203656	2606	0.140000	11.300000	9.180000	1.080000	0.600000	58.000000	18.000000	0	0.000000	0.000000	0.000000	0	0	0	
203859	2606	0.140000	11.220000	9.030000	1.080000	0.600000	58.000000	18.000000	0	0.000000	0.000000	0.000000	0	0	0	
204062	2599	0.140000	11.320000	9.090000	1.070000	0.600000	58.000000	18.000000	0	0.000000	0.000000	0.000000	0	0	0	
204281	2605	0.140000	11.360000	9.300000	1.070000	0.600000	58.000000	18.000000	0	0.000000	0.000000	0.000000	0	0	0	
204469	2605	0.140000	11.380000	9.210000	1.080000	0.600000	58.000000	18.000000	0	0.000000	0.000000	0.000000	0	0	0	
204656	2609	0.140000	11.220000	9.000000	1.070000	0.600000	58.000000	18.000000	0	0.000000	0.000000	0.000000	0	0	0	
204859	2616	0.140000	11.470000	9.120000	1.060000	0.600000	58.000000	18.000000	0	0.000000	0.000000	0.000000	0	0	0	
205062	2607	0.140000	11.340000	9.320000	1.070000	0.600000	58.000000	18.000000	0	0.000000	0.000000	0.000000	0	0	0	
205359	2607	0.110000	11.150000	9.080000	1.090000	0.600000	58.000000	18.000000	0	0.000000	0.000000	0.000000	0	0	0	
205578	2611	0.140000	11.280000	8.970000	1.070000	0.600000	58.000000	18.000000	0	0.000000	0.000000	0.000000	0	0	0	
205781	2613	0.140000	11.340000	9.150000	1.070000	0.590000	58.000000	18.000000	0	0.000000	0.000000	0.000000	0	0	0	
206000	2609	0.140000	11.330000	9.160000	1.070000	0.590000	58.000000	18.000000	0	0.000000	0.000000	0.000000	0	0	0	
206187	2611	0.140000	11.210000	9.020000	1.080000	0.590000	58.000000	18.000000	0	0.000000	0.000000	0.000000	0	0	0	
206391	2615	0.140000	11.350000	8.960000	1.060000	0.600000	58.000000	18.000000	0	0.000000	0.000000	0.000000	0	0	0	
206609	2607	0.140000	11.200000	8.830000	1.080000	0.590000	58.000000	18.000000	0	0.000000	0.000000	0.000000	0	0	0	
206812	2608	0.140000	11.010000	8.550000	1.070000	0.580000	58.000000	18.000000	0	0.000000	0.000000	0.000000	0	0	0	
207016	2608	0.140000	10.860000	8.430000	1.080000	0.580000	58.000000	18.000000	0	0.000000	0.000000	0.000000	0	0	0	
207234	2612	0.140000	10.820000	8.450000	1.080000	0.580000	58.000000	18.000000	0	0.000000	0.000000	0.000000	0	0	0	
207453	2608	0.140000	10.950000	8.490000	1.060000	0.580000	58.000000	18.000000	0	0.000000	0.000000	0.000000	0	0	0	
207656	2611	0.140000	10.900000	8.450000	1.070000	0.580000	58.000000	18.000000	0	0.000000	0.000000	0.000000	0	0	0	
207844	2611	0.110000	10.870000	8.300000	1.080000	0.570000	58.000000	18.000000	0	0.000000	0.000000	0.000000	0	0	0	
208031	2607	0.140000	10.850000	8.390000	1.070000	0.580000	58.000000	18.000000	0	0.000000	0.000000	0.000000	0	0	0	
208234	2608	0.140000	10.810000	8.470000	1.090000	0.580000	58.000000	18.000000	0	0.000000	0.000000	0.000000	0	0	0	
208453	2608	0.140000	10.950000	8.370000	1.080000	0.570000	58.000000	18.000000	0	0.000000	0.000000	0.000000	0	0	0	
208656	2609	0.140000	10.660000	8.160000	1.080000	0.560000	58.000000	18.000000	0	0.000000	0.000000	0.000000	0	0	0	
208844	2611	0.140000	10.760000	8.250000	1.080000	0.570000	58.000000	18.000000	0	0.000000	0.000000	0.000000	0	0	0	
209078	2609	0.140000	10.880000	8.310000	1.070000	0.570000	58.000000	18.000000	0	0.000000	0.000000	0.000000	0	0	0	
209266	2606	0.140000	10.700000	8.230000	1.070000	0.560000	58.000000	18.000000	0	0.000000	0.000000	0.000000	0	0	0	
209531	2605	0.140000	10.800000	8.060000	1.070000	0.570000	58.000000	18.000000	0	0.000000	0.000000	0.000000	0	0	0	
209766	2607	0.140000	10.740000	8.200000	1.080000	0.560000	58.000000	18.000000	0	0.000000	0.000000	0.000000	0	0	0	
209953	2609	0.110000	10.750000	8.210000	1.070000	0.570000	58.000000	18.000000	0	0.000000	0.000000	0.000000	0	0	0	
210156	2599	0.140000	10.710000	8.050000	1.070000	0.570000	58.000000	18.000000	0	0.000000	0.000000	0.000000	0	0	0	
210391	2597	0.140000	10.510000	8.000000	1.070000	0.570000	58.000000	18.000000	0	0.000000	0.000000	0.000000	0	0	0	
210578	2607	0.140000	10.550000	8.110000	1.080000	0.570000	58.000000	18.000000	0	0.000000	0.000000	0.000000	0	0	0	
210781	2598	0.140000	10.660000	8.070000	1.070000	0.570000	58.000000	18.000000	0	0.000000	0.000000	0.000000	0	0	0	
210984	2604	0.140000	10.440000	7.940000	1.070000	0.560000	58.000000	18.000000	0	0.000000	0.000000	0.000000	0	0	0	
211203	2600	0.140000	10.540000	7.970000	1.090000	0.560000	58.000000	18.000000	0	0.000000	0.000000	0.000000	0	0	0	
211406	2596	0.140000	10.650000	8.060000	1.070000	0.570000	58.000000	18.000000	0	0.000000	0.000000	0.000000	0	0	0	
211594	2605	0.140000	10.530000	7.960000	1.080000	0.560000	58.000000	18.000000	0	0.000000	0.000000	0.000000	0	0	0	
211812	2600	0.140000	10.540000	7.850000	1.070000	0.560000	58.000000	18.000000	0	0.000000	0.000000	0.000000	0	0	0	
212031	2605	0.110000	10.450000	7.880000	1.070000	0.560000	58.000000	18.000000	0	0.000000	0.000000	0.000000	0	0	0	
212219	2601	0.110000	10.690000	8.030000	1.070000	0.560000	58.000000	18.000000	0	0.000000	0.000000	0.000000	0	0	0	
212422	2596	0.110000	10.490000	7.990000	1.080000	0.570000	58.000000	18.000000	0	0.000000	0.000000	0.000000	0	0	0	
212609	2600	0.140000	10.490000	7.880000	1.070000	0.560000	58.000000	18.000000	0	0.000000	0.000000	0.000000	0	0	0	
212844	2592	0.140000	10.480000	7.920000	1.080000	0.560000	58.000000	18.000000	0	0.000000	0.000000	0.000000	0	0	0	
213031	2599	0.110000	10.710000	8.050000	1.080000	0.560000	58.000000	18.000000	0	0.000000	0.000000	0.000000	0	0	0	
213234	2594	0.110000	10.490000	7.920000	1.080000	0.560000	58.000000	18.000000	0	0.000000	0.000000	0.000000	0	0	0	
213453	2597	0.110000	10.360000	7.840000	1.090000	0.550000	58.000000	18.000000	0	0.000000	0.000000	0.000000	0	0	0	
213734	2597	0.110000	10.520000	7.950000	1.070000	0.550000	58.000000	18.000000	0	0.000000	0.000000	0.000000	0	0	0	
213937	2601	0.140000	10.600000	8.040000	1.080000	0.560000	58.000000	18.000000	0	0.000000	0.000000	0.000000	0	0	0	
214156	2596	0.110000	10.350000	7.830000	1.080000	0.550000	58.000000	18.000000	0	0.000000	0.000000	0.000000	0	0	0	
214359	2596	0.140000	10.210000	7.640000	1.070000	0.550000	58.000000	18.000000	0	0.000000	0.000000	0.000000	0	0	0	
214562	2592	0.110000	10.300000	7.720000	1.060000	0.550000	58.000000	18.000000	0	0.000000	0.000000	0.000000	0	0	0	
214766	2591	0.110000	10.500000	7.860000	1.080000	0.540000	58.000000	18.000000	0	0.000000	0.000000	0.000000	0	0	0	
214953	2601	0.140000	10.310000	7.730000	1.080000	0.540000	58.000000	18.000000	0	0.000000	0.000000	0.000000	0	0	0	
215156	2594	0.110000	10.360000	7.770000	1.080000	0.540000	58.000000	18.000000	0	0.000000	0.000000	0.000000	0	0	0	
215344	2594	0.140000	10.210000	7.730000	1.080000	0.550000	58.000000	18.000000	0	0.000000	0.000000	0.000000	0	0	0	
215547	2592	0.140000	10.310000	7.760000	1.070000	0.530000	58.000000	18.000000	0	0.000000	0.000000	0.000000	0	0	0	
215766	2593	0.110000	9.890000	7.420000	1.080000	0.520000	58.000000	18.000000	29	0.000000	0.000000	0.000000	0	0	0	
215984	2589	0.110000	9.540000	7.130000	1.070000	0.500000	58.000000	18.000000	0	0.000000	0.000000	0.000000	0	0	0	
216219	2590	0.140000	9.310000	6.970000	1.090000	0.480000	58.000000	18.000000	0	0.000000	0.000000	0.000000	0	0	0	
216422	2576	0.140000	9.240000	6.880000	1.070000	0.490000	58.000000	18.000000	0	0.000000	0.000000	0.000000	0	0	0	
216656	2578	0.110000	8.970000	6.730000	1.090000	0.480000	58.000000	18.000000	59	0.000000	0.000000	0.000000	0	0	0	
216891	2582	0.140000	9.230000	6.900000	1.070000	0.480000	58.000000	18.000000	164	0.000000	0.000000	0.000000	0	0	0	
217094	2572	0.140000	9.470000	7.070000	1.070000	0.480000	58.000000	18.000000	0	0.000000	0.000000	0.000000	0	0	0	
217297	2569	0.140000	9.340000	6.970000	1.070000	0.480000	58.000000	18.000000	0	0.000000	0.000000	0.000000	0	0	0	
217484	2581	0.110000	9.010000	6.700000	1.080000	0.470000	58.000000	18.000000	0	0.000000	0.000000	0.000000	0	0	0	
217672	2564	0.140000	9.140000	6.850000	1.080000	0.470000	58.000000	18.000000	232	0.000000	0.000000	0.000000	0	0	0	
217969	2569	0.140000	9.120000	6.800000	1.070000	0.470000	58.000000	18.000000	0	0.000000	0.000000	0.000000	0	0	0	
218172	2555	0.110000	8.940000	6.700000	1.080000	0.470000	58.000000	18.000000	0	0.000000	0.000000	0.000000	0	0	0	
218391	2559	0.140000	9.070000	6.730000	1.080000	0.460000	58.000000	18.000000	0	0.000000	0.000000	0.000000	0	0	0	
218578	2559	0.140000	9.040000	6.780000	1.080000	0.460000	58.000000	18.000000	0	0.000000	0.000000	0.000000	0	0	0	
218781	2549	0.140000	8.990000	6.710000	1.070000	0.460000	58.000000	18.000000	45	0.000000	0.000000	0.000000	0	0	0	
219000	2556	0.110000	9.010000	6.700000	1.070000	0.460000	58.000000	18.000000	4	0.000000	0.000000	0.000000	0	0	0	
219187	2551	0.140000	9.070000	6.760000	1.080000	0.460000	58.000000	18.000000	0	0.000000	0.000000	0.000000	0	0	0	
219375	2547	0.140000	9.090000	6.780000	1.080000	0.470000	58.000000	18.000000	251	0.000000	0.000000	0.000000	0	0	0	
219609	2534	0.140000	9.170000	6.820000	1.090000	0.460000	58.000000	18.000000	117	0.000000	0.000000	0.000000	0	0	0	
219797	2538	0.140000	8.780000	6.570000	1.080000	0.450000	58.000000	18.000000	1	0.000000	0.000000	0.000000	0	0	0	
220000	2532	0.140000	8.860000	6.580000	1.070000	0.460000	58.000000	18.000000	0	0.000000	0.000000	0.000000	0	0	0	
220203	2537	0.140000	9.080000	6.760000	1.080000	0.460000	58.000000	18.000000	0	0.000000	0.000000	0.000000	0	0	0	
220391	2531	0.140000	9.160000	6.870000	1.080000	0.470000	58.000000	18.000000	253	0.000000	0.000000	0.000000	0	0	0	
220594	2532	0.140000	9.680000	7.250000	1.060000	0.500000	58.000000	18.000000	0	0.000000	0.000000	0.000000	0	0	0	
220781	2528	0.140000	10.270000	7.790000	1.090000	0.530000	58.000000	18.000000	0	0.000000	0.000000	0.000000	0	0	0	
220984	2525	0.140000	10.740000	8.180000	1.080000	0.540000	58.000000	18.000000	0	0.000000	0.000000	0.000000	0	0	0	
221187	2522	0.110000	2.370000	10.560000	1.040000	0.650000	58.000000	18.000000	0	0.000000	0.000000	0.000000	0	0	0	
221391	2529	0.140000	13.290000	12.030000	1.040000	0.790000	58.000000	18.000000	0	0.000000	0.000000	0.000000	0	0	0	
221594	2539	0.110000	14.750000	13.210000	1.050000	0.810000	58.000000	18.000000	0	0.000000	0.000000	0.000000	0	0	0	
221797	2543	0.140000	15.580000	14.210000	1.060000	0.860000	58.000000	18.000000	0	0.000000	0.000000	0.000000	0	0	0	
222062	2555	0.110000	16.290000	14.690000	1.050000	0.880000	58.000000	18.000000	0	0.000000	0.000000	0.000000	0	0	0	
222250	2566	0.140000	15.750000	14.440000	1.080000	0.890000	58.000000	18.000000	0	0.000000	0.000000	0.000000	0	0	0	
222469	2569	0.140000	15.430000	14.110000	1.060000	0.890000	58.000000	18.000000	0	0.000000	0.000000	0.000000	0	0	0	
222672	2580	0.110000	14.510000	13.180000	1.080000	0.850000	58.000000	18.000000	0	0.000000	0.000000	0.000000	0	0	0	
222906	2584	0.110000	14.420000	13.140000	1.090000	0.820000	58.000000	18.000000	0	0.000000	0.000000	0.000000	0	0	0	
223109	2589	0.110000	14.160000	12.920000	1.060000	0.820000	58.000000	17.000000	0	0.000000	0.000000	0.000000	0	0	0	
223312	2586	0.110000	13.320000	12.160000	1.050000	0.800000	58.000000	17.000000	0	0.000000	0.000000	0.000000	0	0	0	
223531	2592	0.110000	13.030000	11.860000	1.060000	0.780000	58.000000	17.000000	0	0.000000	0.000000	0.000000	0	0	0	
223750	2605	0.110000	13.220000	12.110000	1.070000	0.780000	58.000000	17.000000	0	0.000000	0.000000	0.000000	0	0	0	
223953	2609	0.140000	13.460000	12.350000	1.090000	0.770000	58.000000	17.000000	0	0.000000	0.000000	0.000000	0	0	0	
224172	2613	0.140000	13.440000	12.330000	1.080000	0.770000	58.000000	17.000000	0	0.000000	0.000000	0.000000	0	0	0	
224375	2612	0.110000	13.410000	12.250000	1.070000	0.780000	58.000000	17.000000	0	0.000000	0.000000	0.000000	0	0	0	
224562	2621	0.110000	13.450000	12.340000	1.080000	0.770000	58.000000	17.000000	0	0.000000	0.000000	0.000000	0	0	0	
224828	2628	0.140000	12.670000	11.330000	1.080000	0.710000	58.000000	17.000000	0	0.000000	0.000000	0.000000	0	0	0	
225078	2634	0.140000	12.290000	10.700000	1.080000	0.680000	58.000000	17.000000	0	0.000000	0.000000	0.000000	0	0	0	
225281	2633	0.110000	11.310000	9.120000	1.070000	0.620000	58.000000	17.000000	0	0.000000	0.000000	0.000000	0	0	0	
225469	2631	0.110000	11.200000	8.970000	1.090000	0.590000	58.000000	17.000000	0	0.000000	0.000000	0.000000	0	0	0	
225672	2635	0.110000	11.070000	8.720000	1.080000	0.580000	58.000000	17.000000	0	0.000000	0.000000	0.000000	0	0	0	
225859	2633	0.140000	10.750000	8.240000	1.090000	0.560000	58.000000	17.000000	0	0.000000	0.000000	0.000000	0	0	0	
226062	2623	0.110000	10.640000	8.090000	1.070000	0.560000	58.000000	17.000000	0	0.000000	0.000000	0.000000	0	0	0	
226328	2634	0.140000	10.680000	8.170000	1.070000	0.560000	58.000000	17.000000	0	0.000000	0.000000	0.000000	0	0	0	
226516	2623	0.140000	10.650000	8.090000	1.080000	0.560000	58.000000	17.000000	0	0.000000	0.000000	0.000000	0	0	0	
226750	2622	0.110000	10.690000	8.030000	1.070000	0.550000	58.000000	17.000000	0	0.000000	0.000000	0.000000	0	0	0	
227000	2626	0.110000	10.530000	7.990000	1.080000	0.550000	58.000000	17.000000	0	0.000000	0.000000	0.000000	0	0	0	
227234	2629	0.110000	10.590000	8.120000	1.090000	0.560000	58.000000	17.000000	0	0.000000	0.000000	0.000000	0	0	0	
227437	2625	0.110000	10.610000	8.060000	1.100000	0.550000	58.000000	17.000000	0	0.000000	0.000000	0.000000	0	0	0	
227641	2623	0.110000	10.450000	7.920000	1.080000	0.560000	58.000000	17.000000	0	0.000000	0.000000	0.000000	0	0	0	
227844	2626	0.110000	10.460000	7.900000	1.080000	0.560000	58.000000	17.000000	33	0.000000	0.000000	0.000000	0	0	0	
228031	2623	0.110000	10.640000	8.050000	1.070000	0.550000	58.000000	17.000000	0	0.000000	0.000000	0.000000	0	0	0	
228219	2616	0.110000	10.510000	7.940000	1.080000	0.550000	58.000000	17.000000	0	0.000000	0.000000	0.000000	0	0	0	
228437	2621	0.110000	10.170000	7.670000	1.090000	0.540000	58.000000	17.000000	0	0.000000	0.000000	0.000000	0	0	0	
228641	2615	0.110000	10.320000	7.770000	1.090000	0.550000	58.000000	17.000000	0	0.000000	0.000000	0.000000	0	0	0	
228828	2619	0.110000	10.320000	7.810000	1.080000	0.550000	58.000000	17.000000	153	0.000000	0.000000	0.000000	0	0	0	
229016	2619	0.110000	10.180000	7.740000	1.100000	0.540000	58.000000	17.000000	0	0.000000	0.000000	0.000000	0	0	0	
229203	2619	0.110000	10.140000	7.640000	1.080000	0.550000	58.000000	17.000000	0	0.000000	0.000000	0.000000	0	0	0	
229437	2608	0.110000	10.370000	7.870000	1.070000	0.550000	58.000000	17.000000	0	0.000000	0.000000	0.000000	0	0	0	
229625	2608	0.110000	10.580000	7.960000	1.060000	0.550000	58.000000	17.000000	1	0.000000	0.000000	0.000000	0	0	0	
229828	2608	0.110000	10.190000	7.690000	1.080000	0.540000	58.000000	17.000000	0	0.000000	0.000000	0.000000	0	0	0	
230047	2614	0.110000	10.140000	7.640000	1.080000	0.550000	58.000000	17.000000	11	0.000000	0.000000	0.000000	0	0	0	
230234	2613	0.110000	10.430000	7.900000	1.080000	0.550000	58.000000	17.000000	0	0.000000	0.000000	0.000000	0	0	0	
230500	2604	0.110000	10.470000	8.010000	1.090000	0.550000	58.000000	17.000000	0	0.000000	0.000000	0.000000	0	0	0	
230719	2606	0.110000	10.660000	8.000000	1.080000	0.560000	58.000000	17.000000	0	0.000000	0.000000	0.000000	0	0	0	
230937	2605	0.110000	10.380000	7.860000	1.080000	0.560000	58.000000	17.000000	5	0.000000	0.000000	0.000000	0	0	0	
231156	2598	0.110000	10.600000	8.010000	1.080000	0.560000	58.000000	17.000000	0	0.000000	0.000000	0.000000	0	0	0	
231359	2603	0.110000	10.570000	7.990000	1.090000	0.550000	58.000000	17.000000	0	0.000000	0.000000	0.000000	0	0	0	
231562	2606	0.110000	10.460000	7.860000	1.070000	0.560000	58.000000	17.000000	75	0.000000	0.000000	0.000000	0	0	0	
231797	2603	0.110000	10.470000	7.910000	1.080000	0.550000	58.000000	17.000000	0	0.000000	0.000000	0.000000	0	0	0	
232016	2604	0.110000	10.510000	8.000000	1.080000	0.560000	58.000000	17.000000	0	0.000000	0.000000	0.000000	0	0	0	
232187	2608	0.110000	10.620000	8.040000	1.080000	0.550000	58.000000	17.000000	0	0.000000	0.000000	0.000000	0	0	0	
232406	2598	0.110000	10.390000	7.890000	1.070000	0.560000	58.000000	17.000000	0	0.000000	0.000000	0.000000	0	0	0	
232609	2594	0.140000	10.540000	7.990000	1.090000	0.560000	58.000000	17.000000	0	0.000000	0.000000	0.000000	0	0	0	
232812	2599	0.110000	10.620000	8.040000	1.080000	0.560000	58.000000	17.000000	0	0.000000	0.000000	0.000000	0	0	0	
233016	2605	0.110000	10.610000	8.020000	1.070000	0.570000	58.000000	17.000000	206	0.000000	0.000000	0.000000	0	0	0	
233219	2603	0.110000	11.050000	8.510000	1.050000	0.630000	58.000000	17.000000	0	0.000000	0.000000	0.000000	0	0	0	
233437	2603	0.110000	11.240000	8.770000	1.070000	0.600000	58.000000	17.000000	0	0.000000	0.000000	0.000000	0	0	0	
233625	2606	0.110000	11.270000	8.880000	1.060000	0.610000	58.000000	17.000000	0	0.000000	0.000000	0.000000	0	0	0	
233844	2599	0.110000	11.200000	8.800000	1.070000	0.600000	58.000000	17.000000	0	0.000000	0.000000	0.000000	0	0	0	
234047	2600	0.110000	11.040000	8.730000	1.080000	0.600000	58.000000	17.000000	0	0.000000	0.000000	0.000000	0	0	0	
234234	2601	0.110000	11.060000	8.820000	1.080000	0.610000	58.000000	17.000000	0	0.000000	0.000000	0.000000	0	0	0	
234437	2603	0.110000	11.150000	8.890000	1.080000	0.600000	58.000000	17.000000	0	0.000000	0.000000	0.000000	0	0	0	
234734	2606	0.110000	11.100000	8.650000	1.070000	0.600000	58.000000	17.000000	0	0.000000	0.000000	0.000000	0	0	0	
234922	2606	0.110000	11.060000	8.650000	1.080000	0.600000	58.000000	17.000000	0	0.000000	0.000000	0.000000	0	0	0	
235125	2608	0.140000	11.110000	8.690000	1.070000	0.590000	58.000000	17.000000	0	0.000000	0.000000	0.000000	0	0	0	
235328	2603	0.110000	11.200000	8.700000	1.070000	0.600000	58.000000	17.000000	0	0.000000	0.000000	0.000000	0	0	0	
235531	2601	0.110000	11.070000	8.570000	1.070000	0.600000	58.000000	17.000000	0	0.000000	0.000000	0.000000	0	0	0	
235750	2603	0.110000	10.820000	8.480000	1.090000	0.600000	58.000000	17.000000	0	0.000000	0.000000	0.000000	0	0	0	
235953	2603	0.110000	11.010000	8.600000	1.070000	0.600000	58.000000	17.000000	0	0.000000	0.000000	0.000000	0	0	0	
236109	2604	0.110000	10.900000	8.610000	1.080000	0.600000	58.000000	17.000000	0	0.000000	0.000000	0.000000	0	0	0	
236312	2601	0.110000	10.980000	8.520000	1.080000	0.600000	58.000000	17.000000	0	0.000000	0.000000	0.000000	0	0	0	
236516	2604	0.110000	10.910000	8.490000	1.090000	0.590000	58.000000	17.000000	0	0.000000	0.000000	0.000000	0	0	0	
236750	2601	0.110000	11.110000	8.690000	1.080000	0.600000	58.000000	17.000000	0	0.000000	0.000000	0.000000	0	0	0	
236969	2604	0.110000	11.120000	8.670000	1.080000	0.590000	58.000000	17.000000	0	0.000000	0.000000	0.000000	0	0	0	
237156	2601	0.110000	10.990000	8.500000	1.070000	0.600000	58.000000	17.000000	0	0.000000	0.000000	0.000000	0	0	0	
237344	2611	0.110000	10.960000	8.570000	1.090000	0.600000	58.000000	17.000000	0	0.000000	0.000000	0.000000	0	0	0	
237531	2603	0.110000	11.070000	8.720000	1.070000	0.600000	58.000000	17.000000	0	0.000000	0.000000	0.000000	0	0	0	
237750	2601	0.110000	11.010000	8.710000	1.100000	0.590000	58.000000	17.000000	0	0.000000	0.000000	0.000000	0	0	0	
237922	2608	0.110000	11.070000	8.630000	1.060000	0.600000	58.000000	17.000000	0	0.000000	0.000000	0.000000	0	0	0	
238141	2605	0.110000	11.020000	8.650000	1.090000	0.600000	58.000000	17.000000	0	0.000000	0.000000	0.000000	0	0	0	
238344	2608	0.140000	11.210000	8.770000	1.080000	0.600000	58.000000	17.000000	0	0.000000	0.000000	0.000000	0	0	0	
238516	2593	0.110000	11.120000	8.660000	1.070000	0.590000	58.000000	17.000000	0	0.000000	0.000000	0.000000	0	0	0	
238781	2608	0.110000	10.860000	8.320000	1.060000	0.600000	58.000000	17.000000	0	0.000000	0.000000	0.000000	0	0	0	
238969	2603	0.110000	11.000000	8.540000	1.080000	0.590000	58.000000	17.000000	0	0.000000	0.000000	0.000000	0	0	0	
239172	2600	0.110000	11.090000	8.730000	1.060000	0.610000	58.000000	17.000000	0	0.000000	0.000000	0.000000	0	0	0	
239391	2599	0.110000	10.900000	8.450000	1.070000	0.590000	58.000000	17.000000	0	0.000000	0.000000	0.000000	0	0	0	
239594	2605	0.110000	10.650000	8.190000	1.090000	0.580000	58.000000	17.000000	0	0.000000	0.000000	0.000000	0	0	0	
239797	2603	0.110000	10.640000	8.140000	1.070000	0.570000	58.000000	17.000000	0	0.000000	0.000000	0.000000	0	0	0	
240000	2601	0.110000	10.620000	8.070000	1.080000	0.560000	58.000000	17.000000	0	0.000000	0.000000	0.000000	0	0	0	
240234	2597	0.110000	10.400000	7.910000	1.080000	0.560000	58.000000	17.000000	0	0.000000	0.000000	0.000000	0	0	0	
240437	2601	0.110000	10.410000	7.820000	1.070000	0.560000	58.000000	17.000000	0	0.000000	0.000000	0.000000	0	0	0	
240656	2596	0.110000	9.790000	7.330000	1.080000	0.530000	58.000000	17.000000	0	0.000000	0.000000	0.000000	0	0	0	
240859	2588	0.110000	9.760000	7.320000	1.060000	0.530000	58.000000	17.000000	0	0.000000	0.000000	0.000000	0	0	0	
241062	2585	0.110000	9.720000	7.320000	1.080000	0.530000	58.000000	17.000000	0	0.000000	0.000000	0.000000	0	0	0	
241234	2581	0.110000	9.740000	7.310000	1.080000	0.520000	58.000000	17.000000	0	0.000000	0.000000	0.000000	0	0	0	
241453	2576	0.110000	9.830000	7.400000	1.090000	0.520000	58.000000	17.000000	0	0.000000	0.000000	0.000000	0	0	0	
241641	2581	0.110000	10.100000	7.610000	1.080000	0.520000	58.000000	17.000000	40	0.000000	0.000000	0.000000	0	0	0	
241859	2575	0.110000	10.050000	7.530000	1.070000	0.530000	58.000000	17.000000	99	0.000000	0.000000	0.000000	0	0	0	
242078	2571	0.110000	9.820000	7.360000	1.080000	0.530000	58.000000	17.000000	0	0.000000	0.000000	0.000000	0	0	0	
242266	2572	0.110000	9.980000	7.500000	1.080000	0.520000	58.000000	17.000000	60	0.000000	0.000000	0.000000	0	0	0	
242484	2568	0.110000	10.160000	7.600000	1.070000	0.520000	58.000000	17.000000	0	0.000000	0.000000	0.000000	0	0	0	
242687	2572	0.110000	10.070000	7.490000	1.070000	0.530000	58.000000	17.000000	0	0.000000	0.000000	0.000000	0	0	0	
242969	2574	0.110000	10.020000	7.510000	1.070000	0.530000	58.000000	17.000000	25	0.000000	0.000000	0.000000	0	0	0	
243172	2573	0.110000	10.160000	7.660000	1.080000	0.530000	58.000000	17.000000	0	0.000000	0.000000	0.000000	0	0	0	
243344	2572	0.110000	10.100000	7.610000	1.070000	0.530000	58.000000	17.000000	0	0.000000	0.000000	0.000000	0	0	0	
243547	2567	0.110000	9.980000	7.510000	1.080000	0.520000	58.000000	17.000000	0	0.000000	0.000000	0.000000	0	0	0	
243750	2574	0.110000	10.030000	7.470000	1.070000	0.520000	58.000000	17.000000	0	0.000000	0.000000	0.000000	0	0	0	
243937	2572	0.110000	10.070000	7.550000	1.060000	0.530000	58.000000	17.000000	0	0.000000	0.000000	0.000000	0	0	0	
244141	2567	0.110000	9.870000	7.370000	1.080000	0.510000	58.000000	17.000000	0	0.000000	0.000000	0.000000	0	0	0	
244328	2573	0.110000	9.490000	7.150000	1.090000	0.510000	58.000000	17.000000	0	0.000000	0.000000	0.000000	0	0	0	
244516	2568	0.110000	9.590000	7.180000	1.080000	0.510000	58.000000	17.000000	181	0.000000	0.000000	0.000000	0	0	0	
244719	2568	0.110000	9.660000	7.300000	1.090000	0.500000	58.000000	17.000000	1	0.000000	0.000000	0.000000	0	0	0	
244922	2564	0.110000	9.700000	7.270000	1.070000	0.510000	58.000000	17.000000	0	0.000000	0.000000	0.000000	0	0	0	
245156	2567	0.110000	9.630000	7.210000	1.100000	0.500000	58.000000	17.000000	0	0.000000	0.000000	0.000000	0	0	0	
245359	2564	0.110000	9.700000	7.180000	1.080000	0.500000	58.000000	17.000000	0	0.000000	0.000000	0.000000	0	0	0	
245562	2567	0.110000	9.720000	7.290000	1.090000	0.500000	58.000000	17.000000	253	0.000000	0.000000	0.000000	0	0	0	
245750	2555	0.110000	9.760000	7.320000	1.070000	0.510000	58.000000	17.000000	0	0.000000	0.000000	0.000000	0	0	0	
245969	2554	0.110000	9.690000	7.260000	1.070000	0.510000	58.000000	17.000000	0	0.000000	0.000000	0.000000	0	0	0	
246172	2563	0.110000	9.610000	7.250000	1.090000	0.500000	58.000000	17.000000	83	0.000000	0.000000	0.000000	0	0	0	
246359	2553	0.110000	9.720000	7.290000	1.080000	0.500000	58.000000	17.000000	90	0.000000	0.000000	0.000000	0	0	0	
246562	2555	0.110000	9.700000	7.300000	1.090000	0.500000	58.000000	17.000000	0	0.000000	0.000000	0.000000	0	0	0	
246781	2554	0.110000	9.640000	7.190000	1.080000	0.500000	58.000000	17.000000	105	0.000000	0.000000	0.000000	0	0	0	
247078	2551	0.110000	10.000000	7.490000	1.080000	0.520000	58.000000	17.000000	0	0.000000	0.000000	0.000000	0	0	0	
247281	2545	0.110000	10.020000	7.500000	1.080000	0.520000	58.000000	17.000000	0	0.000000	0.000000	0.000000	0	0	0	
247469	2544	0.110000	9.870000	7.410000	1.070000	0.530000	58.000000	17.000000	0	0.000000	0.000000	0.000000	0	0	0	
247687	2548	0.110000	9.840000	7.350000	1.080000	0.530000	58.000000	17.000000	0	0.000000	0.000000	0.000000	0	0	0	
247891	2543	0.110000	10.020000	7.470000	1.070000	0.530000	58.000000	17.000000	0	0.000000	0.000000	0.000000	0	0	0	
248109	2538	0.110000	10.290000	7.690000	1.070000	0.540000	58.000000	17.000000	0	0.000000	0.000000	0.000000	0	0	0	
248328	2536	0.110000	10.030000	7.550000	1.090000	0.530000	58.000000	17.000000	0	0.000000	0.000000	0.000000	0	0	0	
248531	2537	0.110000	10.010000	7.470000	1.080000	0.520000	58.000000	17.000000	0	0.000000	0.000000	0.000000	0	0	0	
248734	2538	0.110000	9.970000	7.520000	1.080000	0.520000	58.000000	17.000000	0	0.000000	0.000000	0.000000	0	0	0	
248937	2538	0.110000	10.060000	7.540000	1.080000	0.520000	58.000000	17.000000	0	0.000000	0.000000	0.000000	0	0	0	
249125	2537	0.110000	9.880000	7.420000	1.080000	0.520000	58.000000	17.000000	0	0.000000	0.000000	0.000000	0	0	0	
249312	2531	0.110000	9.840000	7.350000	1.070000	0.520000	58.000000	17.000000	222	0.000000	0.000000	0.000000	0	0	0	
249500	2532	0.110000	9.810000	7.350000	1.080000	0.510000	58.000000	17.000000	0	0.000000	0.000000	0.000000	0	0	0	
249734	2527	0.110000	9.940000	7.370000	1.060000	0.510000	58.000000	17.000000	182	0.000000	0.000000	0.000000	0	0	0	
249922	2525	0.110000	9.680000	7.210000	1.080000	0.510000	58.000000	17.000000	0	0.000000	0.000000	0.000000	0	0	0	
250125	2534	0.110000	9.750000	7.290000	1.070000	0.510000	58.000000	17.000000	7	0.000000	0.000000	0.000000	0	0	0	
250328	2517	0.110000	9.900000	7.400000	1.080000	0.520000	58.000000	17.000000	0	0.000000	0.000000	0.000000	0	0	0	
250531	2521	0.110000	9.820000	7.390000	1.070000	0.510000	58.000000	17.000000	0	0.000000	0.000000	0.000000	0	0	0	
250750	2517	0.110000	9.680000	7.250000	1.080000	0.510000	58.000000	17.000000	108	0.000000	0.000000	0.000000	0	0	0	
250953	2519	0.110000	9.730000	7.320000	1.090000	0.520000	58.000000	17.000000	50	0.000000	0.000000	0.000000	0	0	0	
251250	2511	0.110000	10.030000	7.520000	1.080000	0.520000	58.000000	17.000000	0	0.000000	0.000000	0.000000	0	0	0	
251484	2509	0.110000	9.950000	7.440000	1.070000	0.520000	58.000000	17.000000	0	0.000000	0.000000	0.000000	0	0	0	
251672	2513	0.110000	9.870000	7.380000	1.070000	0.520000	58.000000	17.000000	0	0.000000	0.000000	0.000000	0	0	0	
251875	2508	0.110000	10.000000	7.430000	1.070000	0.520000	58.000000	17.000000	0	0.000000	0.000000	0.000000	0	0	0	
252078	2510	0.110000	9.960000	7.450000	1.080000	0.520000	58.000000	17.000000	0	0.000000	0.000000	0.000000	0	0	0	
252281	2509	0.110000	9.980000	7.470000	1.070000	0.520000	58.000000	17.000000	0	0.000000	0.000000	0.000000	0	0	0	
252484	2499	0.110000	9.900000	7.400000	1.070000	0.520000	58.000000	17.000000	0	0.000000	0.000000	0.000000	0	0	0	
252687	2501	0.110000	9.970000	7.430000	1.070000	0.520000	58.000000	17.000000	57	0.000000	0.000000	0.000000	0	0	0	
252906	2491	0.110000	10.000000	7.460000	1.070000	0.510000	58.000000	17.000000	0	0.000000	0.000000	0.000000	0	0	0	
253094	2493	0.110000	9.890000	7.400000	1.080000	0.510000	58.000000	17.000000	0	0.000000	0.000000	0.000000	0	0	0	
253312	2496	0.110000	9.830000	7.400000	1.080000	0.510000	58.000000	17.000000	0	0.000000	0.000000	0.000000	0	0	0	
253562	2493	0.110000	10.010000	7.520000	1.070000	0.520000	58.000000	17.000000	0	0.000000	0.000000	0.000000	0	0	0	
253750	2493	0.110000	9.960000	7.480000	1.090000	0.520000	58.000000	17.000000	0	0.000000	0.000000	0.000000	0	0	0	
253969	2490	0.110000	9.750000	7.310000	1.080000	0.510000	58.000000	17.000000	0	0.000000	0.000000	0.000000	0	0	0	
254203	2490	0.110000	9.980000	7.480000	1.070000	0.510000	58.000000	17.000000	0	0.000000	0.000000	0.000000	0	0	0	
254406	2483	0.110000	10.150000	7.550000	1.080000	0.510000	58.000000	17.000000	253	0.000000	0.000000	0.000000	0	0	0	
254609	2488	0.140000	9.930000	7.400000	1.070000	0.520000	58.000000	17.000000	0	0.000000	0.000000	0.000000	0	0	0	
254797	2480	0.110000	9.890000	7.360000	1.070000	0.520000	58.000000	17.000000	0	0.000000	0.000000	0.000000	0	0	0	
255000	2482	0.110000	9.940000	7.500000	1.080000	0.520000	58.000000	17.000000	0	0.000000	0.000000	0.000000	0	0	0	
255203	2485	0.110000	10.160000	7.560000	1.070000	0.520000	58.000000	17.000000	0	0.000000	0.000000	0.000000	0	0	0	
255484	2481	0.110000	9.900000	7.400000	1.070000	0.520000	58.000000	17.000000	0	0.000000	0.000000	0.000000	0	0	0	
255719	2473	0.110000	9.990000	7.510000	1.080000	0.520000	58.000000	17.000000	0	0.000000	0.000000	0.000000	0	0	0	
255906	2473	0.110000	10.230000	7.690000	1.080000	0.520000	58.000000	17.000000	113	0.000000	0.000000	0.000000	0	0	0	
256109	2478	0.110000	10.070000	7.520000	1.080000	0.520000	58.000000	17.000000	0	0.000000	0.000000	0.000000	0	0	0	
256312	2470	0.110000	9.940000	7.440000	1.080000	0.520000	58.000000	17.000000	0	0.000000	0.000000	0.000000	0	0	0	
256516	2469	0.110000	10.060000	7.540000	1.080000	0.520000	58.000000	17.000000	0	0.000000	0.000000	0.000000	0	0	0	
256719	2467	0.110000	10.090000	7.560000	1.070000	0.520000	58.000000	17.000000	0	0.000000	0.000000	0.000000	0	0	0	
256906	2466	0.110000	9.960000	7.490000	1.070000	0.520000	58.000000	17.000000	0	0.000000	0.000000	0.000000	0	0	0	
257125	2461	0.110000	9.910000	7.410000	1.070000	0.520000	58.000000	17.000000	0	0.000000	0.000000	0.000000	0	0	0	
257312	2471	0.110000	10.070000	7.550000	1.070000	0.520000	58.000000	17.000000	253	0.000000	0.000000	0.000000	0	0	0	
257547	2461	0.110000	10.290000	7.710000	1.070000	0.530000	58.000000	17.000000	0	0.000000	0.000000	0.000000	0	0	0	
257734	2469	0.110000	10.020000	7.570000	1.090000	0.530000	58.000000	17.000000	0	0.000000	0.000000	0.000000	0	0	0	
257922	2456	0.110000	10.110000	7.580000	1.080000	0.530000	58.000000	17.000000	0	0.000000	0.000000	0.000000	0	0	0	
258141	2459	0.110000	10.080000	7.620000	1.090000	0.520000	58.000000	17.000000	0	0.000000	0.000000	0.000000	0	0	0	
258344	2458	0.110000	10.110000	7.590000	1.060000	0.520000	58.000000	17.000000	15	0.000000	0.000000	0.000000	0	0	0	
258531	2460	0.110000	9.870000	7.410000	1.080000	0.510000	58.000000	17.000000	0	0.000000	0.000000	0.000000	0	0	0	
258719	2456	0.110000	9.880000	7.390000	1.070000	0.520000	58.000000	17.000000	0	0.000000	0.000000	0.000000	0	0	0	
258906	2459	0.110000	10.030000	7.510000	1.080000	0.520000	58.000000	17.000000	161	0.000000	0.000000	0.000000	0	0	0	
259109	2457	0.110000	9.910000	7.380000	1.080000	0.510000	58.000000	17.000000	0	0.000000	0.000000	0.000000	0	0	0	
259328	2450	0.110000	9.750000	7.280000	1.060000	0.520000	58.000000	17.000000	0	0.000000	0.000000	0.000000	0	0	0	
259625	2451	0.110000	10.110000	7.520000	1.070000	0.520000	58.000000	17.000000	0	0.000000	0.000000	0.000000	0	0	0	
259812	2451	0.110000	10.020000	7.540000	1.070000	0.520000	58.000000	17.000000	0	0.000000	0.000000	0.000000	0	0	0	
260000	2444	0.110000	9.930000	7.430000	1.070000	0.520000	58.000000	17.000000	0	0.000000	0.000000	0.000000	0	0	0	
260203	2445	0.110000	9.960000	7.450000	1.070000	0.520000	58.000000	17.000000	0	0.000000	0.000000	0.000000	0	0	0	
260391	2444	0.110000	10.070000	7.550000	1.070000	0.520000	58.000000	17.000000	0	0.000000	0.000000	0.000000	0	0	0	
260609	2448	0.110000	10.070000	7.590000	1.070000	0.520000	58.000000	17.000000	0	0.000000	0.000000	0.000000	0	0	0	
260797	2434	0.110000	7.230000	5.260000	1.110000	0.440000	58.000000	17.000000	231	0.000000	0.000000	0.000000	0	0	0	
261016	2428	0.110000	6.140000	4.120000	1.080000	0.320000	58.000000	17.000000	254	0.000000	0.000000	0.000000	0	0	0	
261219	2424	0.110000	5.870000	3.840000	1.090000	0.290000	58.000000	17.000000	254	0.000000	0.000000	0.000000	0	0	0	
261422	2384	0.110000	5.660000	3.640000	1.100000	0.280000	58.000000	17.000000	254	0.000000	0.000000	0.000000	0	0	0	
261656	2394	0.110000	5.150000	3.270000	1.090000	0.260000	58.000000	17.000000	7	0.000000	0.000000	0.000000	0	0	0	
261844	2408	0.110000	0.000000	0.000000	1.140000	0.270000	58.000000	17.000000	0	0.000000	0.000000	0.000000	0	0	0	
262062	2398	0.110000	0.000000	0.000000	1.130000	0.270000	58.000000	17.000000	0	0.000000	0.000000	0.000000	0	0	0	
262250	2379	0.110000	0.000000	0.000000	1.130000	0.270000	58.000000	17.000000	0	0.000000	0.000000	0.000000	0	0	0	
262422	2365	0.110000	0.000000	0.000000	1.130000	0.270000	58.000000	17.000000	0	0.000000	0.000000	0.000000	0	0	0	
262625	2357	0.110000	0.000000	0.000000	1.130000	0.260000	58.000000	17.000000	0	0.000000	0.000000	0.000000	0	0	0	
262828	2345	0.110000	0.000000	0.000000	1.130000	0.270000	58.000000	17.000000	0	0.000000	0.000000	0.000000	0	0	0	
263016	2338	0.110000	0.000000	0.000000	1.140000	0.260000	58.000000	17.000000	0	0.000000	0.000000	0.000000	0	0	0	
263203	2328	0.110000	0.000000	0.000000	1.130000	0.260000	58.000000	17.000000	0	0.000000	0.000000	0.000000	0	0	0	
263391	2320	0.110000	0.000000	0.000000	1.130000	0.270000	58.000000	17.000000	0	0.000000	0.000000	0.000000	0	0	0	
263656	2301	0.110000	0.000000	0.000000	1.130000	0.260000	58.000000	17.000000	0	0.000000	0.000000	0.000000	0	0	0	
263844	2290	0.110000	0.000000	0.000000	1.130000	0.270000	58.000000	17.000000	0	0.000000	0.000000	0.000000	0	0	0	
264047	2280	0.110000	0.000000	0.000000	1.130000	0.260000	58.000000	17.000000	0	0.000000	0.000000	0.000000	0	0	0	
264266	2267	0.110000	0.000000	0.000000	1.130000	0.260000	58.000000	17.000000	0	0.000000	0.000000	0.000000	0	0	0	
264547	2251	0.110000	0.000000	0.000000	1.140000	0.260000	58.000000	17.000000	0	0.000000	0.000000	0.000000	0	0	0	
264719	2247	0.110000	0.000000	0.000000	1.140000	0.260000	58.000000	17.000000	0	0.000000	0.000000	0.000000	0	0	0	
264922	2234	0.110000	0.000000	0.000000	1.140000	0.260000	58.000000	17.000000	0	0.000000	0.000000	0.000000	0	0	0	
265125	2219	0.110000	0.000000	0.000000	1.130000	0.260000	58.000000	17.000000	0	0.000000	0.000000	0.000000	0	0	0	
265328	2208	0.110000	0.000000	0.000000	1.130000	0.270000	58.000000	17.000000	0	0.000000	0.000000	0.000000	0	0	0	
265531	2201	0.110000	0.000000	0.000000	1.140000	0.270000	58.000000	17.000000	0	0.000000	0.000000	0.000000	0	0	0	
265734	2190	0.110000	0.000000	0.000000	1.130000	0.270000	58.000000	17.000000	0	0.000000	0.000000	0.000000	0	0	0	
265937	2179	0.110000	0.000000	0.000000	1.130000	0.270000	58.000000	17.000000	0	0.000000	0.000000	0.000000	0	0	0	
266125	2166	0.110000	0.000000	0.000000	1.130000	0.260000	58.000000	17.000000	0	0.000000	0.000000	0.000000	0	0	0	
266312	2155	0.110000	0.000000	0.000000	1.140000	0.260000	58.000000	17.000000	0	0.000000	0.000000	0.000000	0	0	0	
266516	2149	0.110000	0.000000	0.000000	1.140000	0.270000	58.000000	17.000000	0	0.000000	0.000000	0.000000	0	0	0	
266719	2133	0.110000	0.000000	0.000000	1.130000	0.260000	58.000000	17.000000	0	0.000000	0.000000	0.000000	0	0	0	
266922	2120	0.110000	0.000000	0.000000	1.140000	0.260000	58.000000	17.000000	0	0.000000	0.000000	0.000000	0	0	0	
267109	2111	0.110000	0.000000	0.000000	1.140000	0.260000	58.000000	17.000000	0	0.000000	0.000000	0.000000	0	0	0	
267312	2106	0.110000	0.000000	0.000000	1.140000	0.260000	58.000000	17.000000	0	0.000000	0.000000	0.000000	0	0	0	
267500	2092	0.110000	0.000000	0.000000	1.140000	0.260000	58.000000	17.000000	0	0.000000	0.000000	0.000000	0	0	0	
267766	2066	0.110000	0.000000	0.000000	1.140000	0.260000	58.000000	17.000000	0	0.000000	0.000000	0.000000	0	0	0	
267969	2063	0.110000	0.000000	0.000000	1.130000	0.260000	58.000000	17.000000	0	0.000000	0.000000	0.000000	0	0	0	
268156	2058	0.110000	0.000000	0.000000	1.140000	0.260000	58.000000	17.000000	0	0.000000	0.000000	0.000000	0	0	0	
268344	2050	0.110000	0.000000	0.000000	1.140000	0.260000	58.000000	17.000000	0	0.000000	0.000000	0.000000	0	0	0	
268516	2026	0.110000	0.000000	0.000000	1.140000	0.260000	58.000000	17.000000	0	0.000000	0.000000	0.000000	0	0	0	
268719	2028	0.110000	0.000000	0.000000	1.140000	0.260000	58.000000	17.000000	0	0.000000	0.000000	0.000000	0	0	0	
268906	2023	0.110000	0.000000	0.000000	1.140000	0.260000	58.000000	17.000000	0	0.000000	0.000000	0.000000	0	0	0	
269094	1999	0.110000	0.000000	0.000000	1.140000	0.260000	58.000000	17.000000	0	0.000000	0.000000	0.000000	0	0	0	
269297	1993	0.110000	0.000000	0.000000	1.140000	0.270000	58.000000	17.000000	0	0.000000	0.000000	0.000000	0	0	0	
269500	1986	0.110000	0.000000	0.000000	1.140000	0.270000	58.000000	17.000000	0	0.000000	0.000000	0.000000	0	0	0	
269687	1961	0.110000	0.000000	0.000000	1.130000	0.270000	58.000000	17.000000	0	0.000000	0.000000	0.000000	0	0	0	
269891	1957	0.110000	0.000000	0.000000	1.130000	0.270000	58.000000	17.000000	0	0.000000	0.000000	0.000000	0	0	0	
270078	1952	0.110000	0.000000	0.000000	1.120000	0.280000	58.000000	17.000000	0	0.000000	0.000000	0.000000	0	0	0	
270297	1929	0.110000	0.000000	0.000000	1.120000	0.280000	58.000000	16.000000	0	0.000000	0.000000	0.000000	0	0	0	
270516	1924	0.110000	0.000000	0.000000	1.120000	0.280000	58.000000	17.000000	254	0.000000	0.000000	0.000000	0	0	0	
270766	1890	0.110000	0.000000	0.000000	1.110000	0.290000	58.000000	17.000000	0	0.000000	0.000000	0.000000	0	0	0	
271000	1882	0.110000	0.000000	0.000000	1.110000	0.290000	58.000000	17.000000	0	0.000000	0.000000	0.000000	0	0	0	
271187	1879	0.110000	0.000000	0.000000	1.100000	0.300000	58.000000	17.000000	0	0.000000	0.000000	0.000000	0	0	0	
271375	1856	0.110000	0.000000	0.000000	1.100000	0.300000	58.000000	17.000000	0	0.000000	0.000000	0.000000	0	0	0	
271625	1845	0.110000	0.000000	0.000000	1.100000	0.300000	58.000000	17.000000	0	0.000000	0.000000	0.000000	0	0	0	
271922	1829	0.110000	0.000000	0.000000	1.090000	0.300000	58.000000	17.000000	0	0.000000	0.000000	0.000000	0	0	0	
272125	1820	0.110000	0.000000	0.000000	1.090000	0.310000	58.000000	17.000000	0	0.000000	0.000000	0.000000	0	0	0	
272328	1814	0.110000	0.000000	0.000000	1.090000	0.310000	58.000000	17.000000	0	0.000000	0.000000	0.000000	0	0	0	
272500	1796	0.110000	0.000000	0.000000	1.090000	0.320000	58.000000	17.000000	0	0.000000	0.000000	0.000000	0	0	0	
272719	1783	0.110000	0.000000	0.000000	1.080000	0.320000	58.000000	17.000000	0	0.000000	0.000000	0.000000	0	0	0	
272906	1772	0.110000	0.000000	0.000000	1.090000	0.310000	58.000000	17.000000	0	0.000000	0.000000	0.000000	0	0	0	
273094	1764	0.110000	0.000000	0.000000	1.090000	0.320000	58.000000	17.000000	0	0.000000	0.000000	0.000000	0	0	0	
273297	1585	0.110000	0.000000	0.000000	1.090000	0.330000	58.000000	17.000000	0	0.000000	0.000000	0.000000	0	0	0	
273500	1344	0.110000	0.000000	0.000000	1.080000	0.340000	58.000000	17.000000	0	0.000000	0.000000	0.000000	0	0	0	
273719	1069	0.110000	7.170000	5.180000	1.060000	0.370000	58.000000	17.000000	0	0.000000	0.000000	0.000000	0	0	0	
273953	930	0.110000	9.080000	6.820000	1.060000	0.450000	59.000000	17.000000	121	0.000000	0.000000	0.000000	0	0	0	
274172	991	0.110000	8.540000	6.480000	1.080000	0.400000	59.000000	17.000000	22	0.000000	0.000000	0.000000	0	0	0	
274375	974	0.110000	7.860000	5.850000	1.090000	0.380000	59.000000	17.000000	0	0.000000	0.000000	0.000000	0	0	0	
274578	1098	0.110000	7.760000	5.740000	1.070000	0.370000	59.000000	17.000000	0	0.000000	0.000000	0.000000	0	0	0	
274766	1568	0.110000	7.010000	4.930000	1.080000	0.340000	59.000000	17.000000	0	0.000000	0.000000	0.000000	0	0	0	
274984	2150	0.110000	6.320000	4.260000	1.080000	0.300000	59.000000	17.000000	0	0.000000	0.000000	0.000000	0	0	0	
275203	2093	0.110000	5.430000	3.440000	1.080000	0.270000	59.000000	17.000000	253	0.000000	0.000000	0.000000	0	0	0	
275422	2114	0.110000	5.160000	3.250000	1.070000	0.260000	59.000000	17.000000	0	0.000000	0.000000	0.000000	0	0	0	
275641	2053	0.110000	4.680000	3.010000	1.070000	0.260000	59.000000	17.000000	254	0.000000	0.000000	0.000000	0	0	0	
275828	2065	0.110000	4.680000	2.970000	1.080000	0.250000	59.000000	17.000000	253	0.000000	0.000000	0.000000	0	0	0	
276094	2045	0.110000	4.680000	2.940000	1.080000	0.260000	59.000000	17.000000	0	0.000000	0.000000	0.000000	0	0	0	
276328	2031	0.110000	4.520000	2.840000	1.080000	0.260000	59.000000	17.000000	0	0.000000	0.000000	0.000000	0	0	0	
276516	2016	0.110000	4.470000	2.820000	1.070000	0.260000	59.000000	17.000000	0	0.000000	0.000000	0.000000	0	0	0	
276750	1998	0.110000	4.390000	2.760000	1.080000	0.260000	59.000000	17.000000	0	0.000000	0.000000	0.000000	0	0	0	
276969	1991	0.110000	4.330000	2.740000	1.070000	0.270000	59.000000	17.000000	246	0.000000	0.000000	0.000000	0	0	0	
277187	1980	0.110000	4.940000	3.130000	1.060000	0.310000	59.000000	17.000000	0	0.000000	0.000000	0.000000	0	0	0	
277375	1974	0.110000	5.230000	3.290000	1.080000	0.310000	59.000000	17.000000	154	0.000000	0.000000	0.000000	0	0	0	
277578	1951	0.110000	5.330000	3.420000	1.070000	0.330000	59.000000	17.000000	0	0.000000	0.000000	0.000000	0	0	0	
277781	1936	0.110000	5.470000	3.450000	1.070000	0.320000	59.000000	17.000000	0	0.000000	0.000000	0.000000	0	0	0	
277984	1918	0.110000	5.660000	3.640000	1.070000	0.330000	59.000000	17.000000	197	0.000000	0.000000	0.000000	0	0	0	
278187	1908	0.110000	5.750000	3.740000	1.080000	0.340000	59.000000	17.000000	228	0.000000	0.000000	0.000000	0	0	0	
278406	1893	0.110000	5.970000	3.940000	1.070000	0.350000	59.000000	17.000000	0	0.000000	0.000000	0.000000	0	0	0	
278594	1878	0.110000	6.220000	4.170000	1.070000	0.360000	59.000000	17.000000	254	0.000000	0.000000	0.000000	0	0	0	
278781	1880	0.110000	6.380000	4.360000	1.070000	0.370000	59.000000	17.000000	0	0.000000	0.000000	0.000000	0	0	0	
278984	1859	0.110000	2.420000	0.930000	1.050000	0.400000	59.000000	17.000000	38	0.000000	0.000000	0.000000	0	0	0	
279203	1858	0.110000	10.130000	7.480000	1.050000	0.510000	59.000000	17.000000	0	0.000000	0.000000	0.000000	0	0	0	
279391	1833	0.110000	10.040000	7.470000	1.050000	0.530000	59.000000	17.000000	0	0.000000	0.000000	0.000000	0	0	0	
279594	1859	0.110000	10.020000	7.420000	1.060000	0.530000	59.000000	17.000000	0	0.000000	0.000000	0.000000	0	0	0	
279781	1846	0.110000	9.780000	7.320000	1.070000	0.530000	59.000000	17.000000	0	0.000000	0.000000	0.000000	0	0	0	
279984	1850	0.110000	10.040000	7.460000	1.060000	0.540000	59.000000	17.000000	0	0.000000	0.000000	0.000000	0	0	0	
280266	1833	0.110000	9.980000	7.410000	1.050000	0.550000	59.000000	17.000000	0	0.000000	0.000000	0.000000	0	0	0	
280469	1840	0.110000	10.000000	7.430000	1.060000	0.540000	59.000000	17.000000	0	0.000000	0.000000	0.000000	0	0	0	
280703	1819	0.110000	9.790000	7.290000	1.070000	0.540000	59.000000	17.000000	0	0.000000	0.000000	0.000000	0	0	0	
280891	1831	0.110000	9.620000	7.170000	1.060000	0.530000	59.000000	17.000000	13	0.000000	0.000000	0.000000	0	0	0	
281094	1810	0.110000	9.770000	7.270000	1.070000	0.520000	59.000000	17.000000	10	0.000000	0.000000	0.000000	0	0	0	
281297	1838	0.110000	7.970000	5.820000	1.070000	0.450000	59.000000	17.000000	13	0.000000	0.000000	0.000000	0	0	0	
281500	1806	0.110000	7.790000	5.590000	1.070000	0.420000	59.000000	17.000000	10	0.000000	0.000000	0.000000	0	0	0	
281703	1796	0.110000	7.740000	5.590000	1.080000	0.420000	59.000000	17.000000	0	0.000000	0.000000	0.000000	0	0	0	
281891	1786	0.110000	7.720000	5.570000	1.080000	0.410000	59.000000	17.000000	0	0.000000	0.000000	0.000000	0	0	0	
282078	1791	0.110000	7.780000	5.600000	1.070000	0.420000	59.000000	17.000000	0	0.000000	0.000000	0.000000	0	0	0	
282281	1763	0.110000	7.910000	5.770000	1.070000	0.420000	59.000000	17.000000	0	0.000000	0.000000	0.000000	0	0	0	
282484	1780	0.110000	7.940000	5.770000	1.080000	0.420000	59.000000	17.000000	0	0.000000	0.000000	0.000000	0	0	0	
282687	1763	0.110000	8.030000	5.820000	1.060000	0.430000	59.000000	17.000000	0	0.000000	0.000000	0.000000	0	0	0	
282875	1762	0.140000	8.110000	5.890000	1.060000	0.430000	59.000000	17.000000	0	0.000000	0.000000	0.000000	0	0	0	
283062	1761	0.110000	8.070000	5.910000	1.070000	0.430000	59.000000	17.000000	0	0.000000	0.000000	0.000000	0	0	0	
283297	1743	0.110000	8.240000	6.030000	1.070000	0.430000	59.000000	17.000000	0	0.000000	0.000000	0.000000	0	0	0	
283500	1740	0.110000	8.330000	6.090000	1.060000	0.440000	59.000000	17.000000	0	0.000000	0.000000	0.000000	0	0	0	
283672	1730	0.110000	8.300000	6.090000	1.080000	0.430000	59.000000	17.000000	0	0.000000	0.000000	0.000000	0	0	0	
283875	1733	0.110000	8.460000	6.230000	1.070000	0.440000	59.000000	17.000000	0	0.000000	0.000000	0.000000	0	0	0	
284094	1708	0.140000	8.560000	6.270000	1.060000	0.440000	59.000000	17.000000	0	0.000000	0.000000	0.000000	0	0	0	
284375	1701	0.110000	8.550000	6.310000	1.080000	0.450000	59.000000	17.000000	0	0.000000	0.000000	0.000000	0	0	0	
284578	1707	0.110000	8.680000	6.430000	1.070000	0.450000	59.000000	17.000000	0	0.000000	0.000000	0.000000	0	0	0	
284766	1685	0.140000	9.390000	6.990000	1.060000	0.480000	59.000000	17.000000	0	0.000000	0.000000	0.000000	0	0	0	
284969	1688	0.110000	10.290000	7.650000	1.060000	0.510000	59.000000	17.000000	0	0.000000	0.000000	0.000000	0	0	0	
285156	1673	0.110000	10.280000	7.700000	1.070000	0.520000	59.000000	17.000000	0	0.000000	0.000000	0.000000	0	0	0	
285391	1677	0.110000	2.280000	0.780000	1.040000	0.560000	59.000000	17.000000	0	0.000000	0.000000	0.000000	0	0	0	
285578	1670	0.110000	2.270000	0.780000	1.060000	0.650000	59.000000	17.000000	0	0.000000	0.000000	0.000000	0	0	0	
285797	1669	0.110000	12.070000	10.240000	1.060000	0.680000	59.000000	17.000000	0	0.000000	0.000000	0.000000	0	0	0	
285984	1703	0.110000	12.110000	10.290000	1.060000	0.680000	59.000000	17.000000	0	0.000000	0.000000	0.000000	0	0	0	
286219	1662	0.110000	11.950000	10.010000	1.060000	0.680000	59.000000	17.000000	0	0.000000	0.000000	0.000000	0	0	0	
286422	1697	0.110000	11.990000	10.060000	1.060000	0.680000	59.000000	17.000000	0	0.000000	0.000000	0.000000	0	0	0	
286609	1674	0.110000	11.960000	9.930000	1.060000	0.680000	59.000000	17.000000	0	0.000000	0.000000	0.000000	0	0	0	
286828	1687	0.110000	11.800000	9.910000	1.070000	0.670000	59.000000	17.000000	0	0.000000	0.000000	0.000000	0	0	0	
287016	1680	0.110000	11.250000	8.870000	1.060000	0.640000	59.000000	17.000000	0	0.000000	0.000000	0.000000	0	0	0	
287219	1681	0.110000	10.510000	7.910000	1.070000	0.580000	59.000000	17.000000	0	0.000000	0.000000	0.000000	0	0	0	
287437	1695	0.110000	10.330000	7.720000	1.070000	0.570000	59.000000	17.000000	0	0.000000	0.000000	0.000000	0	0	0	
287641	1660	0.110000	10.380000	7.760000	1.070000	0.570000	59.000000	17.000000	0	0.000000	0.000000	0.000000	0	0	0	
287828	1669	0.110000	10.370000	7.750000	1.070000	0.580000	59.000000	17.000000	0	0.000000	0.000000	0.000000	0	0	0	
288047	1651	0.110000	10.580000	7.930000	1.070000	0.570000	59.000000	17.000000	0	0.000000	0.000000	0.000000	0	0	0	
288266	1656	0.110000	10.650000	8.000000	1.070000	0.570000	59.000000	17.000000	0	0.000000	0.000000	0.000000	0	0	0	
288531	1656	0.110000	10.660000	8.010000	1.060000	0.580000	59.000000	17.000000	0	0.000000	0.000000	0.000000	0	0	0	
288734	1664	0.140000	10.890000	8.320000	1.070000	0.580000	59.000000	17.000000	0	0.000000	0.000000	0.000000	0	0	0	
288937	1638	0.110000	10.880000	8.310000	1.060000	0.590000	59.000000	17.000000	0	0.000000	0.000000	0.000000	0	0	0	
289141	1674	0.110000	10.910000	8.280000	1.070000	0.580000	59.000000	17.000000	0	0.000000	0.000000	0.000000	0	0	0	
289359	1643	0.140000	10.810000	8.230000	1.070000	0.580000	59.000000	17.000000	0	0.000000	0.000000	0.000000	0	0	0	
289547	1645	0.110000	10.830000	8.130000	1.060000	0.580000	60.000000	17.000000	0	0.000000	0.000000	0.000000	0	0	0	
289781	1656	0.110000	10.870000	8.280000	1.070000	0.580000	59.000000	17.000000	0	0.000000	0.000000	0.000000	0	0	0	
289969	1650	0.140000	10.660000	8.010000	1.070000	0.570000	59.000000	17.000000	0	0.000000	0.000000	0.000000	0	0	0	
290172	1656	0.110000	9.680000	7.250000	1.080000	0.520000	60.000000	17.000000	0	0.000000	0.000000	0.000000	0	0	0	
290391	1623	0.110000	9.260000	6.970000	1.080000	0.510000	60.000000	17.000000	0	0.000000	0.000000	0.000000	0	0	0	
290578	1625	0.110000	9.220000	6.930000	1.070000	0.510000	59.000000	17.000000	0	0.000000	0.000000	0.000000	0	0	0	
290781	1635	0.110000	9.500000	7.070000	1.070000	0.500000	59.000000	17.000000	0	0.000000	0.000000	0.000000	0	0	0	
290969	1619	0.110000	9.570000	7.100000	1.070000	0.510000	59.000000	17.000000	0	0.000000	0.000000	0.000000	0	0	0	
291172	1633	0.110000	9.520000	7.090000	1.060000	0.500000	59.000000	17.000000	0	0.000000	0.000000	0.000000	0	0	0	
291359	1623	0.110000	9.570000	7.160000	1.080000	0.500000	59.000000	17.000000	0	0.000000	0.000000	0.000000	0	0	0	
291562	1597	0.140000	9.600000	7.190000	1.090000	0.500000	59.000000	17.000000	0	0.000000	0.000000	0.000000	0	0	0	
291766	1596	0.110000	9.680000	7.250000	1.070000	0.510000	59.000000	17.000000	0	0.000000	0.000000	0.000000	0	0	0	
291969	1604	0.110000	9.760000	7.300000	1.060000	0.520000	60.000000	17.000000	0	0.000000	0.000000	0.000000	0	0	0	
292187	1576	0.110000	9.750000	7.260000	1.070000	0.520000	60.000000	17.000000	0	0.000000	0.000000	0.000000	0	0	0	
292375	1605	0.110000	10.050000	7.500000	1.060000	0.520000	59.000000	17.000000	0	0.000000	0.000000	0.000000	0	0	0	
292641	1575	0.140000	9.860000	7.370000	1.080000	0.520000	59.000000	17.000000	0	0.000000	0.000000	0.000000	0	0	0	
292828	1599	0.110000	9.950000	7.380000	1.070000	0.520000	60.000000	17.000000	0	0.000000	0.000000	0.000000	0	0	0	
293062	1563	0.110000	9.950000	7.440000	1.080000	0.520000	60.000000	17.000000	0	0.000000	0.000000	0.000000	0	0	0	
293266	1570	0.110000	9.870000	7.340000	1.060000	0.530000	60.000000	17.000000	0	0.000000	0.000000	0.000000	0	0	0	
293469	1575	0.140000	10.090000	7.540000	1.070000	0.530000	59.000000	17.000000	0	0.000000	0.000000	0.000000	0	0	0	
293687	1557	0.140000	9.980000	7.480000	1.070000	0.540000	60.000000	17.000000	0	0.000000	0.000000	0.000000	0	0	0	
293891	1557	0.140000	10.200000	7.610000	1.080000	0.540000	60.000000	17.000000	0	0.000000	0.000000	0.000000	0	0	0	
294078	1584	0.110000	10.220000	7.690000	1.080000	0.540000	60.000000	17.000000	0	0.000000	0.000000	0.000000	0	0	0	
294281	1581	0.110000	10.050000	7.530000	1.080000	0.540000	60.000000	17.000000	0	0.000000	0.000000	0.000000	0	0	0	
294500	1560	0.140000	10.000000	7.490000	1.070000	0.540000	60.000000	17.000000	0	0.000000	0.000000	0.000000	0	0	0	
294703	1572	0.110000	9.960000	7.430000	1.090000	0.530000	60.000000	17.000000	0	0.000000	0.000000	0.000000	0	0	0	
294891	1555	0.140000	10.020000	7.480000	1.070000	0.540000	60.000000	17.000000	0	0.000000	0.000000	0.000000	0	0	0	
295109	1558	0.140000	9.940000	7.440000	1.070000	0.550000	60.000000	17.000000	0	0.000000	0.000000	0.000000	0	0	0	
295297	1578	0.140000	10.060000	7.510000	1.070000	0.550000	60.000000	17.000000	0	0.000000	0.000000	0.000000	0	0	0	
295500	1557	0.140000	10.110000	7.530000	1.080000	0.540000	60.000000	17.000000	0	0.000000	0.000000	0.000000	0	0	0	
295703	1555	0.140000	9.990000	7.450000	1.070000	0.540000	60.000000	17.000000	0	0.000000	0.000000	0.000000	0	0	0	
295891	1576	0.110000	10.250000	7.670000	1.080000	0.550000	60.000000	17.000000	0	0.000000	0.000000	0.000000	0	0	0	
296094	1564	0.110000	10.160000	7.600000	1.080000	0.550000	60.000000	17.000000	0	0.000000	0.000000	0.000000	0	0	0	
296328	1552	0.140000	9.910000	7.380000	1.070000	0.550000	60.000000	17.000000	0	0.000000	0.000000	0.000000	0	0	0	
296547	1567	0.110000	10.020000	7.480000	1.080000	0.540000	60.000000	17.000000	0	0.000000	0.000000	0.000000	0	0	0	
296844	1572	0.110000	9.760000	7.300000	1.080000	0.530000	60.000000	17.000000	0	0.000000	0.000000	0.000000	0	0	0	
297031	1569	0.140000	10.000000	7.460000	1.070000	0.530000	60.000000	17.000000	0	0.000000	0.000000	0.000000	0	0	0	
297250	1557	0.140000	9.610000	7.190000	1.070000	0.540000	60.000000	17.000000	0	0.000000	0.000000	0.000000	0	0	0	
297453	1581	0.140000	9.970000	7.460000	1.080000	0.540000	60.000000	17.000000	0	0.000000	0.000000	0.000000	0	0	0	
297656	1560	0.140000	9.680000	7.230000	1.090000	0.530000	60.000000	17.000000	0	0.000000	0.000000	0.000000	0	0	0	
297859	1558	0.110000	9.690000	7.270000	1.070000	0.540000	60.000000	17.000000	0	0.000000	0.000000	0.000000	0	0	0	
298047	1575	0.140000	9.890000	7.370000	1.060000	0.540000	60.000000	17.000000	0	0.000000	0.000000	0.000000	0	0	0	
298266	1562	0.140000	9.640000	7.220000	1.070000	0.540000	60.000000	17.000000	0	0.000000	0.000000	0.000000	0	0	0	
298484	1563	0.140000	9.910000	7.420000	1.080000	0.550000	60.000000	17.000000	0	0.000000	0.000000	0.000000	0	0	0	
298687	1579	0.140000	2.310000	0.810000	1.060000	0.640000	60.000000	17.000000	0	0.000000	0.000000	0.000000	0	0	0	
298875	1571	0.140000	12.110000	10.210000	1.070000	0.670000	60.000000	17.000000	0	0.000000	0.000000	0.000000	0	0	0	
299094	1580	0.140000	11.750000	9.860000	1.070000	0.670000	60.000000	17.000000	0	0.000000	0.000000	0.000000	0	0	0	
299281	1602	0.140000	11.700000	9.710000	1.070000	0.660000	60.000000	17.000000	0	0.000000	0.000000	0.000000	0	0	0	
299469	1616	0.140000	11.520000	9.410000	1.060000	0.660000	60.000000	17.000000	11	0.000000	0.000000	0.000000	0	0	0	
299687	1592	0.140000	11.620000	9.430000	1.060000	0.660000	60.000000	17.000000	11	0.000000	0.000000	0.000000	0	0	0	
299875	1627	0.140000	11.410000	9.240000	1.070000	0.650000	60.000000	17.000000	14	0.000000	0.000000	0.000000	0	0	0	
300094	1622	0.140000	11.450000	9.280000	1.050000	0.650000	60.000000	17.000000	13	0.000000	0.000000	0.000000	0	0	0	
300281	1638	0.140000	11.280000	9.100000	1.060000	0.640000	60.000000	17.000000	0	0.000000	0.000000	0.000000	0	0	0	
300484	1652	0.140000	11.270000	8.930000	1.090000	0.610000	60.000000	17.000000	0	0.000000	0.000000	0.000000	0	0	0	
300672	1644	0.140000	10.940000	8.360000	1.080000	0.590000	60.000000	17.000000	0	0.000000	0.000000	0.000000	0	0	0	
300937	1666	0.140000	10.650000	8.030000	1.080000	0.580000	60.000000	17.000000	0	0.000000	0.000000	0.000000	0	0	0	
301141	1643	0.140000	10.610000	8.030000	1.080000	0.570000	60.000000	17.000000	0	0.000000	0.000000	0.000000	0	0	0	
301328	1658	0.140000	10.430000	7.870000	1.080000	0.580000	60.000000	17.000000	0	0.000000	0.000000	0.000000	0	0	0	
301531	1679	0.140000	10.460000	7.840000	1.070000	0.570000	60.000000	17.000000	0	0.000000	0.000000	0.000000	0	0	0	
301719	1665	0.140000	10.530000	7.930000	1.070000	0.580000	60.000000	17.000000	0	0.000000	0.000000	0.000000	0	0	0	
301937	1695	0.140000	10.190000	7.660000	1.080000	0.550000	60.000000	17.000000	0	0.000000	0.000000	0.000000	0	0	0	
302125	1691	0.140000	9.020000	6.690000	1.080000	0.510000	60.000000	17.000000	0	0.000000	0.000000	0.000000	0	0	0	
302328	1679	0.140000	8.930000	6.650000	1.070000	0.500000	60.000000	17.000000	0	0.000000	0.000000	0.000000	0	0	0	
302531	1691	0.140000	8.800000	6.400000	1.070000	0.480000	60.000000	17.000000	0	0.000000	0.000000	0.000000	0	0	0	
302750	1681	0.140000	8.250000	6.040000	1.070000	0.450000	60.000000	17.000000	253	0.000000	0.000000	0.000000	0	0	0	
302953	1693	0.140000	8.050000	5.760000	1.080000	0.430000	60.000000	17.000000	0	0.000000	0.000000	0.000000	0	0	0	
303141	1693	0.140000	7.710000	5.610000	1.070000	0.420000	60.000000	17.000000	0	0.000000	0.000000	0.000000	0	0	0	
303375	1698	0.140000	7.850000	5.710000	1.070000	0.420000	60.000000	17.000000	0	0.000000	0.000000	0.000000	0	0	0	
303562	1705	0.140000	7.810000	5.650000	1.090000	0.410000	60.000000	17.000000	0	0.000000	0.000000	0.000000	0	0	0	
303766	1696	0.140000	7.600000	5.510000	1.090000	0.400000	60.000000	17.000000	254	0.000000	0.000000	0.000000	0	0	0	
303953	1703	0.140000	7.550000	5.440000	1.070000	0.400000	60.000000	17.000000	0	0.000000	0.000000	0.000000	0	0	0	
304141	1693	0.140000	6.630000	4.570000	1.080000	0.370000	60.000000	17.000000	167	0.000000	0.000000	0.000000	0	0	0	
304375	1699	0.140000	6.320000	4.290000	1.080000	0.330000	60.000000	17.000000	254	0.000000	0.000000	0.000000	0	0	0	
304594	1696	0.140000	6.160000	4.110000	1.080000	0.310000	60.000000	17.000000	254	0.000000	0.000000	0.000000	0	0	0	
304797	1690	0.140000	5.900000	3.940000	1.080000	0.320000	60.000000	17.000000	254	0.000000	0.000000	0.000000	0	0	0	
305094	1694	0.140000	5.790000	3.820000	1.090000	0.310000	60.000000	17.000000	15	0.000000	0.000000	0.000000	0	0	0	
305297	1685	0.140000	5.740000	3.780000	1.090000	0.320000	60.000000	17.000000	254	0.000000	0.000000	0.000000	0	0	0	
305484	1686	0.140000	5.700000	3.740000	1.090000	0.310000	60.000000	17.000000	254	0.000000	0.000000	0.000000	0	0	0	
305672	1676	0.140000	5.670000	3.720000	1.090000	0.310000	60.000000	17.000000	235	0.000000	0.000000	0.000000	0	0	0	
305906	1673	0.140000	5.720000	3.760000	1.080000	0.320000	60.000000	17.000000	254	0.000000	0.000000	0.000000	0	0	0	
306125	1672	0.140000	5.600000	3.660000	1.080000	0.320000	60.000000	17.000000	0	0.000000	0.000000	0.000000	0	0	0	
306312	1674	0.140000	5.600000	3.650000	1.080000	0.310000	60.000000	17.000000	254	0.000000	0.000000	0.000000	0	0	0	
306516	1672	0.140000	5.600000	3.650000	1.080000	0.320000	60.000000	17.000000	2	0.000000	0.000000	0.000000	0	0	0	
306703	1666	0.140000	5.580000	3.660000	1.080000	0.310000	60.000000	17.000000	26	0.000000	0.000000	0.000000	0	0	0	
306922	1656	0.140000	5.590000	3.660000	1.080000	0.320000	60.000000	17.000000	254	0.000000	0.000000	0.000000	0	0	0	
307109	1655	0.140000	5.610000	3.670000	1.090000	0.310000	60.000000	17.000000	251	0.000000	0.000000	0.000000	0	0	0	
307312	1650	0.140000	5.530000	3.610000	1.100000	0.310000	60.000000	17.000000	246	0.000000	0.000000	0.000000	0	0	0	
307531	1650	0.140000	5.640000	3.700000	1.090000	0.320000	60.000000	17.000000	254	0.000000	0.000000	0.000000	0	0	0	
307734	1643	0.140000	5.630000	3.690000	1.070000	0.330000	60.000000	17.000000	254	0.000000	0.000000	0.000000	0	0	0	
307953	1648	0.140000	5.740000	3.800000	1.080000	0.330000	60.000000	17.000000	211	0.000000	0.000000	0.000000	0	0	0	
308141	1643	0.140000	5.830000	3.890000	1.080000	0.340000	60.000000	17.000000	0	0.000000	0.000000	0.000000	0	0	0	
308344	1642	0.140000	5.800000	3.860000	1.070000	0.340000	60.000000	17.000000	253	0.000000	0.000000	0.000000	0	0	0	
308547	1640	0.140000	6.020000	4.010000	1.070000	0.340000	60.000000	17.000000	233	0.000000	0.000000	0.000000	0	0	0	
308734	1640	0.140000	6.050000	4.040000	1.080000	0.340000	60.000000	17.000000	216	0.000000	0.000000	0.000000	0	0	0	
308937	1639	0.140000	6.140000	4.110000	1.070000	0.350000	60.000000	17.000000	254	0.000000	0.000000	0.000000	0	0	0	
309219	1651	0.140000	6.680000	4.610000	1.080000	0.380000	60.000000	17.000000	0	0.000000	0.000000	0.000000	0	0	0	
309391	1634	0.140000	6.820000	4.750000	1.080000	0.390000	60.000000	17.000000	0	0.000000	0.000000	0.000000	0	0	0	
309594	1648	0.140000	6.930000	4.850000	1.080000	0.390000	60.000000	17.000000	0	0.000000	0.000000	0.000000	0	0	0	
309797	1646	0.140000	7.050000	4.960000	1.070000	0.400000	60.000000	17.000000	191	0.000000	0.000000	0.000000	0	0	0	
310000	1639	0.140000	7.070000	5.020000	1.070000	0.400000	60.000000	17.000000	175	0.000000	0.000000	0.000000	0	0	0	
310250	1646	0.140000	7.220000	5.080000	1.070000	0.400000	60.000000	17.000000	252	0.000000	0.000000	0.000000	0	0	0	
310500	1651	0.140000	7.260000	5.120000	1.080000	0.400000	60.000000	17.000000	0	0.000000	0.000000	0.000000	0	0	0	
310734	1658	0.140000	7.380000	5.250000	1.070000	0.400000	60.000000	17.000000	0	0.000000	0.000000	0.000000	0	0	0	
310922	1662	0.140000	7.310000	5.250000	1.080000	0.400000	60.000000	17.000000	0	0.000000	0.000000	0.000000	0	0	0	
311125	1642	0.140000	7.380000	5.300000	1.080000	0.400000	60.000000	17.000000	119	0.000000	0.000000	0.000000	0	0	0	
311312	1653	0.140000	7.500000	5.380000	1.070000	0.410000	60.000000	17.000000	0	0.000000	0.000000	0.000000	0	0	0	
311531	1651	0.140000	10.270000	7.570000	1.060000	0.520000	60.000000	17.000000	0	0.000000	0.000000	0.000000	0	0	0	
311734	1644	0.140000	11.410000	9.030000	1.060000	0.600000	60.000000	17.000000	0	0.000000	0.000000	0.000000	0	0	0	
311953	1681	0.140000	10.280000	7.740000	1.070000	0.590000	60.000000	17.000000	0	0.000000	0.000000	0.000000	0	0	0	
312172	1550	0.140000	0.000000	0.000000	1.200000	0.450000	60.000000	17.000000	0	0.000000	0.000000	0.000000	0	0	0	
312375	1247	0.140000	0.000000	0.000000	1.200000	0.440000	60.000000	17.000000	0	0.000000	0.000000	0.000000	0	0	0	
312594	1085	0.140000	7.750000	5.780000	1.080000	0.430000	60.000000	17.000000	49	0.000000	0.000000	0.000000	0	0	0	
312797	1358	0.140000	2.720000	1.210000	1.040000	0.560000	60.000000	17.000000	0	0.000000	0.000000	0.000000	0	0	0	
312984	2100	0.140000	11.330000	9.160000	1.060000	0.590000	60.000000	17.000000	0	0.000000	0.000000	0.000000	0	0	0	
313172	2355	0.140000	9.530000	7.060000	1.060000	0.500000	60.000000	17.000000	0	0.000000	0.000000	0.000000	0	0	0	
313469	2227	0.140000	9.670000	7.160000	1.050000	0.520000	60.000000	17.000000	0	0.000000	0.000000	0.000000	0	0	0	
313687	2243	0.140000	9.750000	7.260000	1.070000	0.520000	60.000000	17.000000	0	0.000000	0.000000	0.000000	0	0	0	
313922	2219	0.140000	9.400000	7.000000	1.080000	0.510000	60.000000	17.000000	0	0.000000	0.000000	0.000000	0	0	0	
314125	2244	0.140000	9.420000	7.020000	1.060000	0.510000	60.000000	17.000000	0	0.000000	0.000000	0.000000	0	0	0	
314328	2251	0.140000	9.650000	7.200000	1.080000	0.510000	60.000000	17.000000	0	0.000000	0.000000	0.000000	0	0	0	
314516	2273	0.140000	9.300000	6.940000	1.060000	0.500000	60.000000	17.000000	0	0.000000	0.000000	0.000000	0	0	0	
314703	2276	0.140000	9.200000	6.870000	1.070000	0.490000	60.000000	17.000000	0	0.000000	0.000000	0.000000	0	0	0	
314937	2275	0.140000	9.150000	6.800000	1.060000	0.480000	60.000000	17.000000	0	0.000000	0.000000	0.000000	0	0	0	
315141	2292	0.140000	9.310000	6.910000	1.080000	0.490000	60.000000	17.000000	0	0.000000	0.000000	0.000000	0	0	0	
315328	2290	0.140000	9.260000	6.870000	1.060000	0.490000	60.000000	17.000000	0	0.000000	0.000000	0.000000	0	0	0	
315562	2306	0.140000	9.240000	6.880000	1.070000	0.480000	60.000000	17.000000	0	0.000000	0.000000	0.000000	0	0	0	
315750	2309	0.140000	7.860000	5.760000	1.090000	0.430000	60.000000	17.000000	0	0.000000	0.000000	0.000000	0	0	0	
315969	2299	0.140000	6.250000	4.210000	1.070000	0.340000	60.000000	17.000000	231	0.000000	0.000000	0.000000	0	0	0	
316187	2304	0.140000	6.220000	4.160000	1.080000	0.320000	60.000000	17.000000	254	0.000000	0.000000	0.000000	0	0	0	
316391	2309	0.140000	6.200000	4.130000	1.080000	0.320000	60.000000	17.000000	228	0.000000	0.000000	0.000000	0	0	0	
316594	2314	0.140000	6.030000	3.970000	1.080000	0.320000	60.000000	17.000000	254	0.000000	0.000000	0.000000	0	0	0	
316812	2311	0.140000	6.640000	4.540000	1.070000	0.350000	60.000000	17.000000	0	0.000000	0.000000	0.000000	0	0	0	
317000	2307	0.140000	6.780000	4.680000	1.080000	0.360000	60.000000	17.000000	9	0.000000	0.000000	0.000000	0	0	0	
317203	2309	0.140000	6.960000	4.820000	1.070000	0.370000	60.000000	17.000000	24	0.000000	0.000000	0.000000	0	0	0	
317391	2306	0.140000	6.910000	4.790000	1.080000	0.370000	60.000000	17.000000	0	0.000000	0.000000	0.000000	0	0	0	
317672	2310	0.140000	6.820000	4.720000	1.080000	0.360000	60.000000	17.000000	0	0.000000	0.000000	0.000000	0	0	0	
317875	2315	0.140000	6.880000	4.770000	1.090000	0.370000	60.000000	17.000000	232	0.000000	0.000000	0.000000	0	0	0	
318062	2323	0.140000	7.090000	4.920000	1.070000	0.380000	60.000000	17.000000	0	0.000000	0.000000	0.000000	0	0	0	
318266	2312	0.140000	7.320000	5.120000	1.080000	0.390000	60.000000	17.000000	0	0.000000	0.000000	0.000000	0	0	0	
318484	2313	0.140000	7.410000	5.290000	1.070000	0.400000	60.000000	17.000000	0	0.000000	0.000000	0.000000	0	0	0	
318719	2311	0.140000	7.650000	5.480000	1.090000	0.410000	60.000000	17.000000	0	0.000000	0.000000	0.000000	0	0	0	
318922	2322	0.140000	7.660000	5.560000	1.060000	0.410000	60.000000	17.000000	0	0.000000	0.000000	0.000000	0	0	0	
319125	2323	0.140000	7.600000	5.480000	1.080000	0.400000	60.000000	17.000000	0	0.000000	0.000000	0.000000	0	0	0	
319328	2340	0.140000	7.450000	5.330000	1.060000	0.400000	60.000000	17.000000	0	0.000000	0.000000	0.000000	0	0	0	
319531	2330	0.140000	7.350000	5.280000	1.060000	0.390000	60.000000	17.000000	0	0.000000	0.000000	0.000000	0	0	0	
319719	2337	0.140000	7.500000	5.370000	1.070000	0.390000	60.000000	18.000000	0	0.000000	0.000000	0.000000	0	0	0	
319922	2329	0.140000	7.450000	5.350000	1.080000	0.390000	60.000000	18.000000	0	0.000000	0.000000	0.000000	0	0	0	
320125	2333	0.140000	7.480000	5.350000	1.070000	0.390000	60.000000	18.000000	0	0.000000	0.000000	0.000000	0	0	0	
320344	2330	0.140000	7.240000	5.090000	1.070000	0.370000	60.000000	17.000000	0	0.000000	0.000000	0.000000	0	0	0	
320578	2322	0.140000	6.790000	4.690000	1.070000	0.340000	60.000000	18.000000	0	0.000000	0.000000	0.000000	0	0	0	
320766	2326	0.140000	6.510000	4.440000	1.080000	0.330000	60.000000	18.000000	253	0.000000	0.000000	0.000000	0	0	0	
320984	2332	0.140000	6.330000	4.300000	1.070000	0.330000	60.000000	18.000000	0	0.000000	0.000000	0.000000	0	0	0	
321203	2340	0.140000	6.540000	4.470000	1.080000	0.340000	60.000000	18.000000	2	0.000000	0.000000	0.000000	0	0	0	
321391	2333	0.140000	6.590000	4.510000	1.070000	0.340000	60.000000	18.000000	0	0.000000	0.000000	0.000000	0	0	0	
321609	2327	0.140000	6.550000	4.510000	1.080000	0.340000	60.000000	18.000000	22	0.000000	0.000000	0.000000	0	0	0	
321891	2340	0.140000	6.780000	4.680000	1.070000	0.350000	60.000000	18.000000	12	0.000000	0.000000	0.000000	0	0	0	
322078	2335	0.140000	6.840000	4.710000	1.080000	0.360000	60.000000	18.000000	0	0.000000	0.000000	0.000000	0	0	0	
322312	2340	0.140000	6.820000	4.720000	1.060000	0.360000	60.000000	18.000000	0	0.000000	0.000000	0.000000	0	0	0	
322562	2333	0.140000	6.860000	4.730000	1.060000	0.360000	60.000000	18.000000	0	0.000000	0.000000	0.000000	0	0	0	
322766	2330	0.140000	6.880000	4.770000	1.070000	0.360000	60.000000	18.000000	0	0.000000	0.000000	0.000000	0	0	0	
322969	2330	0.140000	6.780000	4.680000	1.080000	0.360000	60.000000	18.000000	144	0.000000	0.000000	0.000000	0	0	0	
323187	2328	0.140000	6.770000	4.680000	1.080000	0.360000	60.000000	18.000000	0	0.000000	0.000000	0.000000	0	0	0	
323375	2338	0.140000	6.890000	4.780000	1.060000	0.370000	60.000000	18.000000	0	0.000000	0.000000	0.000000	0	0	0	
323578	2336	0.140000	6.840000	4.740000	1.060000	0.360000	60.000000	18.000000	0	0.000000	0.000000	0.000000	0	0	0	
323766	2335	0.140000	6.770000	4.670000	1.060000	0.360000	60.000000	18.000000	0	0.000000	0.000000	0.000000	0	0	0	
323984	2334	0.140000	6.650000	4.580000	1.070000	0.360000	60.000000	18.000000	0	0.000000	0.000000	0.000000	0	0	0	
324187	2333	0.140000	6.800000	4.680000	1.070000	0.350000	60.000000	18.000000	0	0.000000	0.000000	0.000000	0	0	0	
324375	2326	0.140000	6.600000	4.520000	1.070000	0.350000	60.000000	18.000000	89	0.000000	0.000000	0.000000	0	0	0	
324594	2333	0.140000	6.460000	4.400000	1.070000	0.340000	60.000000	18.000000	0	0.000000	0.000000	0.000000	0	0	0	
324797	2326	0.140000	6.580000	4.480000	1.070000	0.350000	60.000000	18.000000	19	0.000000	0.000000	0.000000	0	0	0	
325000	2326	0.140000	6.780000	4.660000	1.080000	0.360000	60.000000	18.000000	0	0.000000	0.000000	0.000000	0	0	0	
325203	2328	0.140000	6.830000	4.730000	1.080000	0.360000	60.000000	18.000000	114	0.000000	0.000000	0.000000	0	0	0	
325391	2331	0.140000	7.100000	4.950000	1.070000	0.380000	60.000000	18.000000	0	0.000000	0.000000	0.000000	0	0	0	
325594	2340	0.140000	7.490000	5.360000	1.060000	0.410000	60.000000	18.000000	0	0.000000	0.000000	0.000000	0	0	0	
325781	2334	0.140000	7.660000	5.560000	1.080000	0.420000	60.000000	18.000000	0	0.000000	0.000000	0.000000	0	0	0	
326047	2341	0.140000	8.120000	5.880000	1.060000	0.440000	60.000000	18.000000	0	0.000000	0.000000	0.000000	0	0	0	
326266	2351	0.140000	8.780000	6.480000	1.060000	0.480000	60.000000	18.000000	0	0.000000	0.000000	0.000000	0	0	0	
326469	2360	0.140000	9.770000	7.280000	1.050000	0.510000	60.000000	18.000000	0	0.000000	0.000000	0.000000	0	0	0	
326719	2367	0.140000	8.820000	6.550000	1.070000	0.490000	60.000000	18.000000	0	0.000000	0.000000	0.000000	0	0	0	
326937	2373	0.140000	7.020000	4.910000	1.080000	0.380000	60.000000	18.000000	13	0.000000	0.000000	0.000000	0	0	0	
327141	2372	0.140000	6.720000	4.610000	1.070000	0.350000	60.000000	18.000000	250	0.000000	0.000000	0.000000	0	0	0	
327375	2377	0.140000	6.690000	4.600000	1.080000	0.350000	60.000000	18.000000	0	0.000000	0.000000	0.000000	0	0	0	
327562	2379	0.140000	6.810000	4.740000	1.090000	0.350000	60.000000	18.000000	26	0.000000	0.000000	0.000000	0	0	0	
327766	2380	0.140000	6.790000	4.690000	1.070000	0.350000	60.000000	18.000000	0	0.000000	0.000000	0.000000	0	0	0	
327969	2375	0.140000	6.830000	4.710000	1.080000	0.350000	60.000000	18.000000	123	0.000000	0.000000	0.000000	0	0	0	
328141	2383	0.140000	6.880000	4.770000	1.070000	0.360000	60.000000	18.000000	0	0.000000	0.000000	0.000000	0	0	0	
328359	2370	0.140000	6.960000	4.820000	1.080000	0.360000	60.000000	18.000000	205	0.000000	0.000000	0.000000	0	0	0	
328562	2364	0.140000	6.880000	4.790000	1.070000	0.360000	60.000000	18.000000	0	0.000000	0.000000	0.000000	0	0	0	
328766	2371	0.140000	6.810000	4.710000	1.070000	0.350000	60.000000	18.000000	0	0.000000	0.000000	0.000000	0	0	0	
328969	2377	0.140000	6.770000	4.800000	1.080000	0.350000	60.000000	18.000000	0	0.000000	0.000000	0.000000	0	0	0	
329172	2377	0.140000	6.890000	4.760000	1.070000	0.360000	60.000000	18.000000	0	0.000000	0.000000	0.000000	0	0	0	
329359	2374	0.140000	6.870000	4.740000	1.080000	0.350000	60.000000	18.000000	0	0.000000	0.000000	0.000000	0	0	0	
329547	2386	0.140000	6.730000	4.640000	1.080000	0.350000	60.000000	18.000000	0	0.000000	0.000000	0.000000	0	0	0	
329750	2375	0.140000	6.800000	4.720000	1.080000	0.350000	60.000000	18.000000	0	0.000000	0.000000	0.000000	0	0	0	
329953	2379	0.140000	6.810000	4.690000	1.080000	0.350000	60.000000	18.000000	0	0.000000	0.000000	0.000000	0	0	0	
330234	2377	0.140000	6.820000	4.720000	1.090000	0.350000	60.000000	18.000000	0	0.000000	0.000000	0.000000	0	0	0	
330437	2384	0.140000	6.880000	4.770000	1.060000	0.360000	60.000000	18.000000	0	0.000000	0.000000	0.000000	0	0	0	
330656	2374	0.140000	6.820000	4.700000	1.090000	0.350000	60.000000	18.000000	0	0.000000	0.000000	0.000000	0	0	0	
330844	2378	0.140000	6.780000	4.660000	1.080000	0.350000	60.000000	18.000000	0	0.000000	0.000000	0.000000	0	0	0	
331047	2378	0.140000	6.780000	4.680000	1.080000	0.350000	60.000000	18.000000	0	0.000000	0.000000	0.000000	0	0	0	
331250	2376	0.140000	6.810000	4.730000	1.080000	0.350000	60.000000	18.000000	33	0.000000	0.000000	0.000000	0	0	0	
331437	2378	0.140000	6.920000	4.830000	1.090000	0.350000	60.000000	18.000000	0	0.000000	0.000000	0.000000	0	0	0	
331641	2381	0.140000	6.900000	4.780000	1.070000	0.360000	60.000000	18.000000	254	0.000000	0.000000	0.000000	0	0	0	
331844	2383	0.140000	6.910000	4.800000	1.070000	0.360000	60.000000	18.000000	0	0.000000	0.000000	0.000000	0	0	0	
332047	2376	0.140000	7.060000	4.930000	1.070000	0.370000	60.000000	18.000000	5	0.000000	0.000000	0.000000	0	0	0	
332250	2381	0.140000	7.110000	4.980000	1.080000	0.370000	60.000000	18.000000	0	0.000000	0.000000	0.000000	0	0	0	
332453	2374	0.140000	7.090000	4.900000	1.090000	0.370000	60.000000	18.000000	254	0.000000	0.000000	0.000000	0	0	0	
332656	2377	0.140000	7.110000	4.950000	1.070000	0.370000	60.000000	18.000000	0	0.000000	0.000000	0.000000	0	0	0	
332859	2382	0.140000	7.130000	4.990000	1.070000	0.370000	60.000000	18.000000	254	0.000000	0.000000	0.000000	0	0	0	
333094	2381	0.140000	7.230000	5.060000	1.080000	0.370000	60.000000	18.000000	0	0.000000	0.000000	0.000000	0	0	0	
333281	2387	0.140000	7.120000	4.960000	1.070000	0.370000	60.000000	18.000000	254	0.000000	0.000000	0.000000	0	0	0	
333484	2391	0.140000	7.090000	4.940000	1.080000	0.360000	60.000000	18.000000	0	0.000000	0.000000	0.000000	0	0	0	
333703	2396	0.140000	7.140000	5.000000	1.080000	0.360000	60.000000	18.000000	5	0.000000	0.000000	0.000000	0	0	0	
333906	2398	0.140000	7.050000	4.920000	1.080000	0.370000	60.000000	18.000000	0	0.000000	0.000000	0.000000	0	0	0	
334125	2398	0.140000	7.050000	4.920000	1.080000	0.360000	60.000000	18.000000	0	0.000000	0.000000	0.000000	0	0	0	
334406	2398	0.140000	7.220000	5.060000	1.080000	0.360000	60.000000	18.000000	0	0.000000	0.000000	0.000000	0	0	0	
334609	2395	0.140000	7.040000	4.910000	1.080000	0.370000	60.000000	18.000000	235	0.000000	0.000000	0.000000	0	0	0	
334812	2409	0.140000	7.090000	4.890000	1.080000	0.360000	60.000000	18.000000	0	0.000000	0.000000	0.000000	0	0	0	
335031	2399	0.140000	7.100000	4.950000	1.070000	0.360000	60.000000	18.000000	202	0.000000	0.000000	0.000000	0	0	0	
335234	2402	0.140000	7.140000	4.960000	1.080000	0.360000	60.000000	18.000000	0	0.000000	0.000000	0.000000	0	0	0	
335437	2392	0.140000	7.000000	4.870000	1.080000	0.350000	60.000000	18.000000	254	0.000000	0.000000	0.000000	0	0	0	
335641	2410	0.140000	6.930000	4.770000	1.090000	0.350000	60.000000	18.000000	0	0.000000	0.000000	0.000000	0	0	0	
335828	2390	0.140000	6.470000	4.430000	1.080000	0.340000	60.000000	18.000000	253	0.000000	0.000000	0.000000	0	0	0	
336047	2398	0.140000	6.110000	4.090000	1.070000	0.320000	60.000000	18.000000	0	0.000000	0.000000	0.000000	0	0	0	
336234	2405	0.140000	5.880000	3.830000	1.090000	0.300000	60.000000	18.000000	253	0.000000	0.000000	0.000000	0	0	0	
336469	2406	0.140000	5.800000	3.710000	1.080000	0.300000	60.000000	18.000000	0	0.000000	0.000000	0.000000	0	0	0	
336672	2405	0.140000	5.820000	3.760000	1.070000	0.300000	60.000000	18.000000	0	0.000000	0.000000	0.000000	0	0	0	
336859	2392	0.140000	5.780000	3.700000	1.070000	0.300000	60.000000	18.000000	0	0.000000	0.000000	0.000000	0	0	0	
337062	2381	0.140000	5.670000	3.590000	1.070000	0.300000	60.000000	18.000000	254	0.000000	0.000000	0.000000	0	0	0	
337266	2380	0.140000	5.660000	3.600000	1.080000	0.300000	60.000000	18.000000	206	0.000000	0.000000	0.000000	0	0	0	
337453	2375	0.140000	5.670000	3.610000	1.060000	0.310000	60.000000	18.000000	254	0.000000	0.000000	0.000000	0	0	0	
337656	2363	0.140000	5.610000	3.560000	1.060000	0.310000	60.000000	18.000000	134	0.000000	0.000000	0.000000	0	0	0	
337891	2361	0.140000	5.550000	3.520000	1.080000	0.300000	60.000000	18.000000	0	0.000000	0.000000	0.000000	0	0	0	
338094	2366	0.140000	5.610000	3.560000	1.080000	0.300000	60.000000	18.000000	251	0.000000	0.000000	0.000000	0	0	0	
338297	2371	0.140000	5.540000	3.520000	1.070000	0.300000	60.000000	18.000000	0	0.000000	0.000000	0.000000	0	0	0	
338594	2358	0.140000	5.470000	3.470000	1.080000	0.310000	60.000000	18.000000	0	0.000000	0.000000	0.000000	0	0	0	
338797	2361	0.140000	5.540000	3.500000	1.080000	0.300000	60.000000	18.000000	132	0.000000	0.000000	0.000000	0	0	0	
339000	2356	0.140000	5.570000	3.540000	1.080000	0.300000	60.000000	18.000000	169	0.000000	0.000000	0.000000	0	0	0	
339234	2342	0.140000	5.530000	3.510000	1.080000	0.310000	60.000000	18.000000	252	0.000000	0.000000	0.000000	0	0	0	
339469	2345	0.140000	5.490000	3.470000	1.070000	0.300000	60.000000	18.000000	196	0.000000	0.000000	0.000000	0	0	0	
339672	2341	0.140000	5.670000	3.620000	1.070000	0.310000	60.000000	18.000000	197	0.000000	0.000000	0.000000	0	0	0	
339875	2333	0.140000	5.550000	3.500000	1.070000	0.310000	60.000000	18.000000	0	0.000000	0.000000	0.000000	0	0	0	
340062	2326	0.140000	5.400000	3.470000	1.080000	0.310000	60.000000	18.000000	254	0.000000	0.000000	0.000000	0	0	0	
340266	2332	0.140000	5.490000	3.550000	1.090000	0.320000	60.000000	18.000000	0	0.000000	0.000000	0.000000	0	0	0	
340469	2320	0.140000	5.720000	3.670000	1.080000	0.320000	60.000000	18.000000	253	0.000000	0.000000	0.000000	0	0	0	
340687	2325	0.140000	5.730000	3.680000	1.080000	0.320000	60.000000	18.000000	0	0.000000	0.000000	0.000000	0	0	0	
340891	2318	0.140000	5.690000	3.640000	1.080000	0.320000	60.000000	18.000000	0	0.000000	0.000000	0.000000	0	0	0	
341125	2314	0.140000	5.780000	3.720000	1.070000	0.320000	60.000000	18.000000	0	0.000000	0.000000	0.000000	0	0	0	
341344	2314	0.140000	5.810000	3.730000	1.080000	0.320000	60.000000	18.000000	51	0.000000	0.000000	0.000000	0	0	0	
341531	2315	0.140000	5.750000	3.700000	1.080000	0.330000	60.000000	18.000000	0	0.000000	0.000000	0.000000	0	0	0	
341734	2313	0.140000	5.830000	3.760000	1.080000	0.330000	60.000000	18.000000	218	0.000000	0.000000	0.000000	0	0	0	
341922	2304	0.140000	5.930000	3.850000	1.080000	0.330000	60.000000	18.000000	0	0.000000	0.000000	0.000000	0	0	0	
342141	2305	0.140000	5.940000	3.890000	1.080000	0.330000	60.000000	18.000000	0	0.000000	0.000000	0.000000	0	0	0	
342328	2308	0.140000	5.980000	3.930000	1.070000	0.340000	60.000000	18.000000	0	0.000000	0.000000	0.000000	0	0	0	
342531	2316	0.140000	2.330000	0.840000	1.080000	0.370000	60.000000	18.000000	0	0.000000	0.000000	0.000000	0	0	0	
342797	2316	0.140000	7.400000	5.300000	1.060000	0.430000	60.000000	18.000000	0	0.000000	0.000000	0.000000	0	0	0	
343000	2321	0.140000	7.690000	5.510000	1.070000	0.430000	60.000000	18.000000	0	0.000000	0.000000	0.000000	0	0	0	
343203	2323	0.140000	7.740000	5.580000	1.070000	0.430000	60.000000	18.000000	0	0.000000	0.000000	0.000000	0	0	0	
343422	2321	0.140000	7.670000	5.570000	1.060000	0.420000	60.000000	18.000000	0	0.000000	0.000000	0.000000	0	0	0	
343609	2328	0.140000	7.610000	5.490000	1.060000	0.420000	60.000000	18.000000	0	0.000000	0.000000	0.000000	0	0	0	
343844	2322	0.140000	7.660000	5.510000	1.060000	0.410000	60.000000	18.000000	73	0.000000	0.000000	0.000000	0	0	0	
344031	2332	0.140000	7.760000	5.620000	1.060000	0.410000	60.000000	18.000000	0	0.000000	0.000000	0.000000	0	0	0	
344203	2336	0.140000	7.910000	5.730000	1.070000	0.420000	60.000000	18.000000	0	0.000000	0.000000	0.000000	0	0	0	
344422	2340	0.140000	7.890000	5.690000	1.070000	0.410000	60.000000	18.000000	0	0.000000	0.000000	0.000000	0	0	0	
344609	2345	0.140000	7.860000	5.700000	1.070000	0.420000	60.000000	18.000000	0	0.000000	0.000000	0.000000	0	0	0	
344844	2339	0.140000	8.190000	5.990000	1.080000	0.410000	60.000000	18.000000	0	0.000000	0.000000	0.000000	0	0	0	
345047	2362	0.140000	8.340000	6.090000	1.080000	0.420000	60.000000	18.000000	0	0.000000	0.000000	0.000000	0	0	0	
345234	2350	0.140000	8.380000	6.150000	1.070000	0.430000	60.000000	18.000000	0	0.000000	0.000000	0.000000	0	0	0	
345422	2371	0.140000	8.480000	6.340000	1.070000	0.430000	60.000000	18.000000	0	0.000000	0.000000	0.000000	0	0	0	
345625	2365	0.140000	8.870000	6.600000	1.060000	0.440000	60.000000	18.000000	0	0.000000	0.000000	0.000000	0	0	0	
345859	2372	0.140000	9.000000	6.670000	1.070000	0.440000	60.000000	18.000000	0	0.000000	0.000000	0.000000	0	0	0	
346062	2384	0.140000	8.830000	6.560000	1.080000	0.440000	60.000000	18.000000	0	0.000000	0.000000	0.000000	0	0	0	
346250	2397	0.140000	9.010000	6.680000	1.070000	0.440000	60.000000	18.000000	0	0.000000	0.000000	0.000000	0	0	0	
346437	2389	0.140000	8.930000	6.630000	1.050000	0.440000	60.000000	18.000000	0	0.000000	0.000000	0.000000	0	0	0	
346625	2401	0.140000	8.790000	6.530000	1.050000	0.430000	60.000000	18.000000	0	0.000000	0.000000	0.000000	0	0	0	
346906	2422	0.140000	8.610000	6.360000	1.060000	0.440000	60.000000	18.000000	0	0.000000	0.000000	0.000000	0	0	0	
347125	2405	0.140000	8.720000	6.490000	1.080000	0.420000	60.000000	18.000000	0	0.000000	0.000000	0.000000	0	0	0	
347312	2417	0.140000	8.710000	6.430000	1.070000	0.430000	60.000000	18.000000	0	0.000000	0.000000	0.000000	0	0	0	
347500	2416	0.140000	8.530000	6.290000	1.060000	0.420000	60.000000	18.000000	0	0.000000	0.000000	0.000000	0	0	0	
347687	2429	0.140000	8.450000	6.250000	1.070000	0.430000	60.000000	18.000000	0	0.000000	0.000000	0.000000	0	0	0	
347891	2435	0.140000	8.640000	6.360000	1.070000	0.420000	60.000000	18.000000	0	0.000000	0.000000	0.000000	0	0	0	
348094	2441	0.140000	8.570000	6.320000	1.070000	0.420000	60.000000	18.000000	0	0.000000	0.000000	0.000000	0	0	0	
348312	2436	0.140000	8.530000	6.290000	1.070000	0.430000	60.000000	18.000000	0	0.000000	0.000000	0.000000	0	0	0	
348531	2450	0.140000	8.920000	6.710000	1.070000	0.450000	60.000000	18.000000	0	0.000000	0.000000	0.000000	0	0	0	
348703	2454	0.140000	9.200000	6.840000	1.070000	0.450000	60.000000	18.000000	0	0.000000	0.000000	0.000000	0	0	0	
348906	2458	0.140000	8.990000	6.680000	1.070000	0.450000	60.000000	18.000000	0	0.000000	0.000000	0.000000	0	0	0	
349094	2477	0.140000	9.580000	7.110000	1.060000	0.480000	60.000000	18.000000	0	0.000000	0.000000	0.000000	0	0	0	
349312	2493	0.140000	10.300000	7.720000	1.060000	0.510000	60.000000	18.000000	0	0.000000	0.000000	0.000000	0	0	0	
349516	2489	0.140000	10.380000	7.730000	1.060000	0.510000	60.000000	18.000000	0	0.000000	0.000000	0.000000	0	0	0	
349719	2508	0.140000	10.310000	7.700000	1.070000	0.520000	60.000000	18.000000	0	0.000000	0.000000	0.000000	0	0	0	
349922	2533	0.140000	10.590000	7.850000	1.060000	0.540000	60.000000	18.000000	0	0.000000	0.000000	0.000000	0	0	0	
350109	2540	0.140000	10.490000	7.890000	1.060000	0.530000	60.000000	18.000000	0	0.000000	0.000000	0.000000	0	0	0	
350344	2553	0.140000	10.500000	7.840000	1.050000	0.520000	60.000000	18.000000	0	0.000000	0.000000	0.000000	0	0	0	
350547	2547	0.140000	7.430000	5.240000	1.080000	0.430000	60.000000	18.000000	0	0.000000	0.000000	0.000000	0	0	0	
350766	2548	0.140000	5.900000	3.860000	1.080000	0.310000	60.000000	18.000000	0	0.000000	0.000000	0.000000	0	0	0	
351062	2557	0.140000	5.660000	3.630000	1.090000	0.280000	60.000000	18.000000	0	0.000000	0.000000	0.000000	0	0	0	
351266	2531	0.140000	5.800000	3.720000	1.090000	0.270000	60.000000	18.000000	0	0.000000	0.000000	0.000000	0	0	0	
351453	2508	0.140000	5.400000	3.390000	1.090000	0.270000	60.000000	18.000000	0	0.000000	0.000000	0.000000	0	0	0	
351672	2517	0.140000	5.280000	3.310000	1.090000	0.260000	60.000000	18.000000	0	0.000000	0.000000	0.000000	0	0	0	
351906	2516	0.140000	0.000000	0.000000	1.120000	0.270000	60.000000	18.000000	0	0.000000	0.000000	0.000000	0	0	0	
352094	2496	0.140000	0.000000	0.000000	1.130000	0.270000	60.000000	18.000000	0	0.000000	0.000000	0.000000	0	0	0	
352297	2477	0.140000	0.000000	0.000000	1.130000	0.270000	60.000000	18.000000	0	0.000000	0.000000	0.000000	0	0	0	
352500	2469	0.140000	6.050000	3.950000	1.070000	0.260000	60.000000	18.000000	0	0.000000	0.000000	0.000000	0	0	0	
352703	2457	0.140000	5.880000	3.800000	1.070000	0.260000	60.000000	18.000000	0	0.000000	0.000000	0.000000	0	0	0	
352906	2449	0.140000	5.810000	3.750000	1.070000	0.250000	60.000000	18.000000	0	0.000000	0.000000	0.000000	0	0	0	
353094	2454	0.140000	5.440000	3.430000	1.080000	0.260000	60.000000	18.000000	0	0.000000	0.000000	0.000000	0	0	0	
353344	2427	0.140000	5.770000	3.700000	1.080000	0.280000	60.000000	19.000000	1	0.000000	0.000000	0.000000	0	0	0	
353562	2436	0.140000	5.760000	3.720000	1.070000	0.280000	60.000000	18.000000	0	0.000000	0.000000	0.000000	0	0	0	
353766	2427	0.140000	5.670000	3.610000	1.080000	0.280000	60.000000	18.000000	0	0.000000	0.000000	0.000000	0	0	0	
353984	2394	0.140000	5.670000	3.610000	1.080000	0.280000	60.000000	18.000000	0	0.000000	0.000000	0.000000	0	0	0	
354203	2398	0.140000	5.620000	3.580000	1.090000	0.280000	60.000000	18.000000	0	0.000000	0.000000	0.000000	0	0	0	
354391	2416	0.140000	5.710000	3.650000	1.080000	0.290000	60.000000	19.000000	0	0.000000	0.000000	0.000000	0	0	0	
354594	2382	0.140000	5.640000	3.600000	1.070000	0.300000	60.000000	19.000000	9	0.000000	0.000000	0.000000	0	0	0	
354766	2413	0.140000	6.310000	4.210000	1.060000	0.340000	60.000000	19.000000	0	0.000000	0.000000	0.000000	0	0	0	
355031	2394	0.140000	7.670000	5.460000	1.060000	0.430000	60.000000	19.000000	0	0.000000	0.000000	0.000000	0	0	0	
355344	2401	0.140000	8.040000	5.850000	1.050000	0.450000	60.000000	19.000000	0	0.000000	0.000000	0.000000	0	0	0	
355562	2415	0.140000	8.090000	5.880000	1.070000	0.450000	60.000000	19.000000	0	0.000000	0.000000	0.000000	0	0	0	
355750	2414	0.140000	7.910000	5.740000	1.070000	0.430000	60.000000	19.000000	0	0.000000	0.000000	0.000000	0	0	0	
355937	2415	0.140000	8.000000	5.790000	1.070000	0.430000	60.000000	19.000000	0	0.000000	0.000000	0.000000	0	0	0	
356125	2433	0.140000	7.970000	5.790000	1.060000	0.440000	60.000000	19.000000	0	0.000000	0.000000	0.000000	0	0	0	
356359	2432	0.140000	8.170000	5.970000	1.060000	0.440000	60.000000	19.000000	0	0.000000	0.000000	0.000000	0	0	0	
356562	2420	0.140000	8.310000	6.070000	1.070000	0.440000	60.000000	19.000000	0	0.000000	0.000000	0.000000	0	0	0	
356750	2433	0.140000	8.350000	6.080000	1.060000	0.440000	60.000000	19.000000	0	0.000000	0.000000	0.000000	0	0	0	
356953	2443	0.140000	8.240000	6.030000	1.060000	0.440000	60.000000	19.000000	0	0.000000	0.000000	0.000000	0	0	0	
357141	2442	0.140000	8.310000	6.070000	1.070000	0.440000	60.000000	19.000000	0	0.000000	0.000000	0.000000	0	0	0	
357344	2457	0.140000	8.640000	6.390000	1.060000	0.450000	60.000000	19.000000	0	0.000000	0.000000	0.000000	0	0	0	
357562	2473	0.140000	8.910000	6.570000	1.070000	0.460000	60.000000	19.000000	0	0.000000	0.000000	0.000000	0	0	0	
357766	2468	0.140000	8.780000	6.460000	1.070000	0.460000	60.000000	19.000000	0	0.000000	0.000000	0.000000	0	0	0	
357969	2467	0.140000	8.880000	6.550000	1.060000	0.460000	60.000000	19.000000	0	0.000000	0.000000	0.000000	0	0	0	
358156	2471	0.140000	8.910000	6.600000	1.070000	0.450000	60.000000	19.000000	0	0.000000	0.000000	0.000000	0	0	0	
358375	2494	0.140000	8.720000	6.480000	1.060000	0.440000	60.000000	19.000000	0	0.000000	0.000000	0.000000	0	0	0	
358562	2488	0.140000	8.410000	6.180000	1.070000	0.430000	60.000000	19.000000	0	0.000000	0.000000	0.000000	0	0	0	
358766	2501	0.140000	8.300000	6.060000	1.070000	0.410000	60.000000	19.000000	0	0.000000	0.000000	0.000000	0	0	0	
358953	2484	0.140000	8.110000	5.940000	1.070000	0.400000	60.000000	19.000000	0	0.000000	0.000000	0.000000	0	0	0	
359187	2504	0.140000	7.910000	5.760000	1.060000	0.400000	60.000000	19.000000	0	0.000000	0.000000	0.000000	0	0	0	
359469	2502	0.140000	7.860000	5.770000	1.080000	0.400000	60.000000	19.000000	0	0.000000	0.000000	0.000000	0	0	0	
359656	2508	0.140000	7.960000	5.840000	1.080000	0.390000	60.000000	19.000000	0	0.000000	0.000000	0.000000	0	0	0	
359875	2504	0.140000	7.960000	5.810000	1.080000	0.390000	60.000000	19.000000	0	0.000000	0.000000	0.000000	0	0	0	
360094	2516	0.140000	7.820000	5.660000	1.070000	0.390000	60.000000	19.000000	0	0.000000	0.000000	0.000000	0	0	0	
360281	2523	0.140000	7.710000	5.530000	1.070000	0.390000	60.000000	19.000000	0	0.000000	0.000000	0.000000	0	0	0	
360500	2524	0.140000	7.080000	4.950000	1.070000	0.340000	60.000000	19.000000	0	0.000000	0.000000	0.000000	0	0	0	
360703	2531	0.140000	7.080000	4.900000	1.080000	0.340000	60.000000	19.000000	0	0.000000	0.000000	0.000000	0	0	0	
360891	2527	0.140000	6.980000	4.820000	1.070000	0.340000	60.000000	19.000000	79	0.000000	0.000000	0.000000	0	0	0	
361109	2528	0.140000	6.970000	4.830000	1.070000	0.340000	60.000000	19.000000	0	0.000000	0.000000	0.000000	0	0	0	
361297	2519	0.140000	6.940000	4.820000	1.070000	0.340000	60.000000	19.000000	0	0.000000	0.000000	0.000000	0	0	0	
361547	2517	0.140000	6.770000	4.670000	1.080000	0.340000	60.000000	19.000000	0	0.000000	0.000000	0.000000	0	0	0	
361781	2526	0.140000	6.690000	4.600000	1.080000	0.340000	60.000000	19.000000	0	0.000000	0.000000	0.000000	0	0	0	
361984	2522	0.140000	6.690000	4.600000	1.080000	0.340000	60.000000	19.000000	0	0.000000	0.000000	0.000000	0	0	0	
362172	2515	0.140000	6.770000	4.660000	1.070000	0.340000	60.000000	19.000000	114	0.000000	0.000000	0.000000	0	0	0	
362375	2515	0.140000	6.720000	4.590000	1.070000	0.340000	60.000000	19.000000	0	0.000000	0.000000	0.000000	0	0	0	
362594	2510	0.140000	6.600000	4.490000	1.080000	0.340000	60.000000	19.000000	75	0.000000	0.000000	0.000000	0	0	0	
362812	2520	0.140000	6.660000	4.540000	1.080000	0.340000	60.000000	19.000000	95	0.000000	0.000000	0.000000	0	0	0	
363016	2513	0.140000	6.710000	4.610000	1.070000	0.340000	60.000000	19.000000	0	0.000000	0.000000	0.000000	0	0	0	
363234	2519	0.140000	6.640000	4.540000	1.070000	0.340000	60.000000	19.000000	0	0.000000	0.000000	0.000000	0	0	0	
363453	2505	0.140000	6.560000	4.460000	1.080000	0.340000	60.000000	19.000000	0	0.000000	0.000000	0.000000	0	0	0	
363734	2512	0.140000	6.540000	4.470000	1.070000	0.340000	60.000000	19.000000	0	0.000000	0.000000	0.000000	0	0	0	
363937	2510	0.140000	6.550000	4.460000	1.070000	0.340000	60.000000	19.000000	0	0.000000	0.000000	0.000000	0	0	0	
364156	2508	0.140000	6.480000	4.420000	1.070000	0.340000	60.000000	19.000000	0	0.000000	0.000000	0.000000	0	0	0	
364359	2508	0.140000	6.500000	4.420000	1.070000	0.340000	60.000000	19.000000	0	0.000000	0.000000	0.000000	0	0	0	
364547	2519	0.140000	6.670000	4.560000	1.070000	0.340000	60.000000	19.000000	0	0.000000	0.000000	0.000000	0	0	0	
364750	2512	0.140000	6.620000	4.500000	1.080000	0.340000	60.000000	19.000000	0	0.000000	0.000000	0.000000	0	0	0	
364984	2498	0.140000	6.590000	4.490000	1.070000	0.340000	60.000000	19.000000	0	0.000000	0.000000	0.000000	0	0	0	
365187	2506	0.140000	6.670000	4.540000	1.070000	0.340000	60.000000	19.000000	0	0.000000	0.000000	0.000000	0	0	0	
365406	2492	0.140000	6.650000	4.550000	1.070000	0.340000	60.000000	19.000000	14	0.000000	0.000000	0.000000	0	0	0	
365594	2497	0.140000	6.640000	4.540000	1.070000	0.340000	60.000000	19.000000	0	0.000000	0.000000	0.000000	0	0	0	
365781	2506	0.140000	6.630000	4.530000	1.070000	0.340000	60.000000	19.000000	0	0.000000	0.000000	0.000000	0	0	0	
365984	2500	0.140000	6.730000	4.600000	1.080000	0.340000	60.000000	19.000000	0	0.000000	0.000000	0.000000	0	0	0	
366187	2491	0.140000	6.690000	4.580000	1.080000	0.340000	60.000000	19.000000	0	0.000000	0.000000	0.000000	0	0	0	
366406	2515	0.140000	6.740000	4.610000	1.060000	0.340000	60.000000	19.000000	0	0.000000	0.000000	0.000000	0	0	0	
366656	2483	0.140000	6.640000	4.520000	1.070000	0.340000	60.000000	19.000000	0	0.000000	0.000000	0.000000	0	0	0	
366859	2497	0.140000	6.650000	4.540000	1.070000	0.340000	60.000000	19.000000	81	0.000000	0.000000	0.000000	0	0	0	
367062	2502	0.140000	6.650000	4.580000	1.080000	0.340000	60.000000	19.000000	62	0.000000	0.000000	0.000000	0	0	0	
367266	2488	0.140000	6.650000	4.550000	1.080000	0.340000	60.000000	19.000000	0	0.000000	0.000000	0.000000	0	0	0	
367453	2500	0.140000	6.670000	4.590000	1.070000	0.340000	60.000000	19.000000	0	0.000000	0.000000	0.000000	0	0	0	
367672	2500	0.140000	6.740000	4.630000	1.080000	0.340000	60.000000	19.000000	0	0.000000	0.000000	0.000000	0	0	0	
367953	2497	0.140000	6.690000	4.580000	1.070000	0.340000	60.000000	19.000000	0	0.000000	0.000000	0.000000	0	0	0	
368141	2495	0.140000	6.550000	4.480000	1.070000	0.340000	60.000000	19.000000	33	0.000000	0.000000	0.000000	0	0	0	
368359	2495	0.140000	6.700000	4.590000	1.080000	0.340000	60.000000	19.000000	0	0.000000	0.000000	0.000000	0	0	0	
368578	2495	0.140000	6.690000	4.580000	1.080000	0.340000	60.000000	19.000000	0	0.000000	0.000000	0.000000	0	0	0	
368812	2493	0.140000	6.660000	4.540000	1.060000	0.340000	60.000000	19.000000	0	0.000000	0.000000	0.000000	0	0	0	
369031	2488	0.140000	6.650000	4.550000	1.070000	0.340000	60.000000	19.000000	72	0.000000	0.000000	0.000000	0	0	0	
369219	2490	0.140000	6.700000	4.580000	1.060000	0.340000	60.000000	19.000000	0	0.000000	0.000000	0.000000	0	0	0	
369406	2492	0.140000	6.680000	4.550000	1.080000	0.340000	60.000000	19.000000	1	0.000000	0.000000	0.000000	0	0	0	
369594	2494	0.140000	6.630000	4.530000	1.070000	0.340000	60.000000	19.000000	0	0.000000	0.000000	0.000000	0	0	0	
369812	2489	0.140000	6.630000	4.530000	1.070000	0.340000	60.000000	19.000000	0	0.000000	0.000000	0.000000	0	0	0	
370000	2494	0.140000	6.670000	4.570000	1.060000	0.340000	60.000000	19.000000	0	0.000000	0.000000	0.000000	0	0	0	
370203	2492	0.140000	6.670000	4.550000	1.060000	0.340000	60.000000	19.000000	21	0.000000	0.000000	0.000000	0	0	0	
370406	2496	0.140000	6.620000	4.520000	1.070000	0.340000	60.000000	19.000000	0	0.000000	0.000000	0.000000	0	0	0	
370609	2491	0.140000	6.730000	4.600000	1.070000	0.340000	60.000000	19.000000	226	0.000000	0.000000	0.000000	0	0	0	
370812	2487	0.140000	6.710000	4.540000	1.070000	0.340000	60.000000	19.000000	0	0.000000	0.000000	0.000000	0	0	0	
371000	2491	0.140000	6.570000	4.500000	1.070000	0.340000	60.000000	19.000000	119	0.000000	0.000000	0.000000	0	0	0	
371219	2497	0.140000	6.580000	4.460000	1.060000	0.340000	60.000000	19.000000	0	0.000000	0.000000	0.000000	0	0	0	
371453	2488	0.140000	6.640000	4.540000	1.070000	0.340000	60.000000	19.000000	0	0.000000	0.000000	0.000000	0	0	0	
371656	2489	0.140000	6.620000	4.520000	1.080000	0.340000	60.000000	19.000000	19	0.000000	0.000000	0.000000	0	0	0	
371844	2496	0.140000	6.480000	4.420000	1.070000	0.340000	60.000000	19.000000	0	0.000000	0.000000	0.000000	0	0	0	
372125	2481	0.140000	6.650000	4.530000	1.060000	0.340000	60.000000	19.000000	0	0.000000	0.000000	0.000000	0	0	0	
372328	2488	0.140000	6.650000	4.530000	1.080000	0.340000	60.000000	19.000000	0	0.000000	0.000000	0.000000	0	0	0	
372531	2481	0.140000	6.630000	4.510000	1.070000	0.340000	60.000000	19.000000	249	0.000000	0.000000	0.000000	0	0	0	
372719	2501	0.140000	6.580000	4.470000	1.070000	0.340000	60.000000	19.000000	18	0.000000	0.000000	0.000000	0	0	0	
372906	2505	0.140000	6.700000	4.570000	1.070000	0.340000	60.000000	19.000000	0	0.000000	0.000000	0.000000	0	0	0	
373187	2493	0.140000	6.740000	4.600000	1.070000	0.340000	60.000000	19.000000	138	0.000000	0.000000	0.000000	0	0	0	
373422	2492	0.140000	6.630000	4.510000	1.070000	0.340000	60.000000	19.000000	0	0.000000	0.000000	0.000000	0	0	0	
373625	2490	0.140000	6.590000	4.520000	1.050000	0.340000	60.000000	19.000000	0	0.000000	0.000000	0.000000	0	0	0	
373828	2471	0.140000	6.670000	4.560000	1.070000	0.340000	60.000000	19.000000	0	0.000000	0.000000	0.000000	0	0	0	
374031	2459	0.140000	6.630000	4.570000	1.070000	0.340000	60.000000	19.000000	0	0.000000	0.000000	0.000000	0	0	0	
374219	2476	0.140000	6.610000	4.510000	1.080000	0.340000	60.000000	19.000000	0	0.000000	0.000000	0.000000	0	0	0	
374437	2476	0.140000	6.760000	4.640000	1.070000	0.340000	60.000000	19.000000	0	0.000000	0.000000	0.000000	0	0	0	
374625	2463	0.140000	6.780000	4.670000	1.070000	0.340000	60.000000	19.000000	51	0.000000	0.000000	0.000000	0	0	0	
374844	2475	0.140000	6.720000	4.610000	1.080000	0.340000	60.000000	19.000000	0	0.000000	0.000000	0.000000	0	0	0	
375047	2470	0.140000	6.740000	4.600000	1.080000	0.340000	60.000000	19.000000	234	0.000000	0.000000	0.000000	0	0	0	
375219	2470	0.140000	6.730000	4.600000	1.070000	0.340000	60.000000	19.000000	0	0.000000	0.000000	0.000000	0	0	0	
375422	2477	0.140000	6.920000	4.770000	1.070000	0.350000	60.000000	19.000000	111	0.000000	0.000000	0.000000	0	0	0	
375609	2468	0.140000	6.910000	4.740000	1.060000	0.350000	60.000000	19.000000	250	0.000000	0.000000	0.000000	0	0	0	
375812	2467	0.140000	6.910000	4.770000	1.060000	0.350000	60.000000	19.000000	0	0.000000	0.000000	0.000000	0	0	0	
376000	2485	0.140000	6.970000	4.830000	1.060000	0.340000	60.000000	19.000000	0	0.000000	0.000000	0.000000	0	0	0	
376281	2473	0.140000	6.880000	4.730000	1.070000	0.340000	60.000000	19.000000	0	0.000000	0.000000	0.000000	0	0	0	
376469	2459	0.140000	6.800000	4.660000	1.070000	0.340000	60.000000	19.000000	0	0.000000	0.000000	0.000000	0	0	0	
376672	2474	0.140000	6.920000	4.770000	1.080000	0.340000	60.000000	19.000000	0	0.000000	0.000000	0.000000	0	0	0	
376891	2477	0.140000	7.060000	4.890000	1.080000	0.340000	60.000000	19.000000	0	0.000000	0.000000	0.000000	0	0	0	
377078	2477	0.140000	7.050000	4.900000	1.070000	0.350000	60.000000	19.000000	0	0.000000	0.000000	0.000000	0	0	0	
377297	2485	0.140000	7.120000	4.960000	1.080000	0.360000	60.000000	19.000000	0	0.000000	0.000000	0.000000	0	0	0	
377500	2478	0.140000	7.220000	5.050000	1.070000	0.360000	60.000000	19.000000	0	0.000000	0.000000	0.000000	0	0	0	
377703	2491	0.140000	7.260000	5.070000	1.070000	0.350000	60.000000	19.000000	0	0.000000	0.000000	0.000000	0	0	0	
377906	2499	0.140000	7.210000	5.050000	1.080000	0.360000	60.000000	19.000000	94	0.000000	0.000000	0.000000	0	0	0	
378109	2508	0.140000	7.220000	5.010000	1.070000	0.350000	60.000000	19.000000	120	0.000000	0.000000	0.000000	0	0	0	
378312	2512	0.140000	7.220000	5.070000	1.080000	0.360000	60.000000	19.000000	0	0.000000	0.000000	0.000000	0	0	0	
378531	2500	0.140000	7.380000	5.260000	1.070000	0.370000	60.000000	19.000000	0	0.000000	0.000000	0.000000	0	0	0	
378734	2511	0.140000	7.450000	5.240000	1.070000	0.370000	60.000000	19.000000	0	0.000000	0.000000	0.000000	0	0	0	
378953	2510	0.140000	7.440000	5.220000	1.070000	0.370000	60.000000	19.000000	0	0.000000	0.000000	0.000000	0	0	0	
379141	2507	0.140000	7.420000	5.270000	1.060000	0.370000	60.000000	19.000000	0	0.000000	0.000000	0.000000	0	0	0	
379344	2510	0.140000	7.440000	5.300000	1.080000	0.380000	60.000000	19.000000	0	0.000000	0.000000	0.000000	0	0	0	
379531	2517	0.140000	7.390000	5.270000	1.070000	0.370000	60.000000	19.000000	0	0.000000	0.000000	0.000000	0	0	0	
379734	2513	0.140000	7.380000	5.260000	1.080000	0.370000	60.000000	19.000000	0	0.000000	0.000000	0.000000	0	0	0	
379922	2512	0.140000	7.450000	5.330000	1.070000	0.370000	60.000000	19.000000	0	0.000000	0.000000	0.000000	0	0	0	
380125	2520	0.140000	7.490000	5.340000	1.070000	0.380000	60.000000	19.000000	0	0.000000	0.000000	0.000000	0	0	0	
380406	2521	0.140000	7.410000	5.270000	1.060000	0.380000	60.000000	19.000000	0	0.000000	0.000000	0.000000	0	0	0	
380609	2514	0.140000	7.410000	5.270000	1.070000	0.380000	60.000000	19.000000	0	0.000000	0.000000	0.000000	0	0	0	
380812	2522	0.140000	7.520000	5.370000	1.070000	0.370000	60.000000	19.000000	0	0.000000	0.000000	0.000000	0	0	0	
381016	2517	0.140000	7.450000	5.300000	1.070000	0.370000	60.000000	19.000000	5	0.000000	0.000000	0.000000	0	0	0	
381203	2516	0.140000	7.420000	5.210000	1.070000	0.370000	60.000000	19.000000	0	0.000000	0.000000	0.000000	0	0	0	
381406	2513	0.140000	7.440000	5.290000	1.070000	0.370000	60.000000	19.000000	0	0.000000	0.000000	0.000000	0	0	0	
381609	2500	0.140000	7.450000	5.330000	1.070000	0.370000	60.000000	19.000000	0	0.000000	0.000000	0.000000	0	0	0	
381828	2515	0.140000	7.440000	5.290000	1.070000	0.370000	60.000000	19.000000	0	0.000000	0.000000	0.000000	0	0	0	
382016	2523	0.140000	7.450000	5.210000	1.070000	0.370000	60.000000	19.000000	0	0.000000	0.000000	0.000000	0	0	0	
382219	2522	0.140000	7.450000	5.240000	1.070000	0.370000	60.000000	19.000000	0	0.000000	0.000000	0.000000	0	0	0	
382437	2517	0.140000	7.300000	5.100000	1.080000	0.350000	60.000000	19.000000	0	0.000000	0.000000	0.000000	0	0	0	
382641	2509	0.140000	7.200000	5.030000	1.070000	0.350000	60.000000	19.000000	1	0.000000	0.000000	0.000000	0	0	0	
382859	2508	0.140000	7.090000	4.930000	1.070000	0.350000	60.000000	19.000000	0	0.000000	0.000000	0.000000	0	0	0	
383062	2497	0.140000	7.060000	4.910000	1.070000	0.350000	60.000000	19.000000	240	0.000000	0.000000	0.000000	0	0	0	
383250	2508	0.140000	6.880000	4.750000	1.080000	0.340000	60.000000	19.000000	0	0.000000	0.000000	0.000000	0	0	0	
383453	2508	0.140000	6.240000	4.120000	1.070000	0.310000	60.000000	19.000000	0	0.000000	0.000000	0.000000	0	0	0	
383641	2501	0.140000	6.020000	3.960000	1.080000	0.300000	60.000000	19.000000	2	0.000000	0.000000	0.000000	0	0	0	
383844	2492	0.140000	5.910000	3.860000	1.070000	0.300000	60.000000	19.000000	0	0.000000	0.000000	0.000000	0	0	0	
384031	2473	0.140000	5.910000	3.830000	1.080000	0.300000	60.000000	19.000000	5	0.000000	0.000000	0.000000	0	0	0	
384234	2467	0.140000	5.850000	3.760000	1.070000	0.300000	60.000000	19.000000	0	0.000000	0.000000	0.000000	0	0	0	
384516	2455	0.140000	5.700000	3.650000	1.080000	0.300000	60.000000	19.000000	254	0.000000	0.000000	0.000000	0	0	0	
384703	2440	0.140000	5.730000	3.680000	1.070000	0.300000	60.000000	19.000000	0	0.000000	0.000000	0.000000	0	0	0	
384922	2429	0.140000	5.670000	3.620000	1.070000	0.300000	60.000000	19.000000	0	0.000000	0.000000	0.000000	0	0	0	
385141	2424	0.140000	5.650000	3.610000	1.080000	0.300000	60.000000	19.000000	148	0.000000	0.000000	0.000000	0	0	0	
385328	2425	0.140000	5.620000	3.580000	1.080000	0.300000	60.000000	19.000000	0	0.000000	0.000000	0.000000	0	0	0	
385531	2406	0.140000	5.550000	3.540000	1.090000	0.280000	60.000000	19.000000	247	0.000000	0.000000	0.000000	0	0	0	
385719	2378	0.140000	5.250000	3.330000	1.090000	0.270000	60.000000	19.000000	198	0.000000	0.000000	0.000000	0	0	0	
385922	2399	0.140000	4.940000	3.140000	1.090000	0.270000	60.000000	19.000000	0	0.000000	0.000000	0.000000	0	0	0	
386125	2386	0.140000	4.920000	3.120000	1.070000	0.260000	60.000000	19.000000	0	0.000000	0.000000	0.000000	0	0	0	
386312	2342	0.140000	4.850000	3.070000	1.070000	0.270000	60.000000	19.000000	0	0.000000	0.000000	0.000000	0	0	0	
386562	2341	0.140000	0.000000	0.000000	1.130000	0.270000	60.000000	19.000000	0	0.000000	0.000000	0.000000	0	0	0	
386781	2307	0.140000	0.000000	0.000000	1.120000	0.280000	60.000000	19.000000	0	0.000000	0.000000	0.000000	0	0	0	
386969	2286	0.140000	0.000000	0.000000	1.130000	0.270000	60.000000	19.000000	0	0.000000	0.000000	0.000000	0	0	0	
387172	2257	0.140000	0.000000	0.000000	1.130000	0.270000	60.000000	19.000000	0	0.000000	0.000000	0.000000	0	0	0	
387359	2235	0.140000	0.000000	0.000000	1.130000	0.270000	60.000000	19.000000	0	0.000000	0.000000	0.000000	0	0	0	
387578	2216	0.140000	0.000000	0.000000	1.130000	0.270000	60.000000	19.000000	0	0.000000	0.000000	0.000000	0	0	0	
387766	2192	0.140000	0.000000	0.000000	1.130000	0.270000	60.000000	19.000000	0	0.000000	0.000000	0.000000	0	0	0	
387953	2178	0.140000	0.000000	0.000000	1.130000	0.270000	60.000000	19.000000	0	0.000000	0.000000	0.000000	0	0	0	
388187	2180	0.140000	5.970000	3.890000	1.060000	0.260000	60.000000	19.000000	0	0.000000	0.000000	0.000000	0	0	0	
388391	2135	0.140000	5.850000	3.760000	1.070000	0.250000	60.000000	19.000000	0	0.000000	0.000000	0.000000	0	0	0	
388687	2136	0.140000	5.880000	3.800000	1.060000	0.270000	60.000000	19.000000	0	0.000000	0.000000	0.000000	0	0	0	
388922	2131	0.140000	5.810000	3.730000	1.080000	0.290000	60.000000	19.000000	0	0.000000	0.000000	0.000000	0	0	0	
389109	2141	0.140000	6.060000	3.990000	1.070000	0.310000	60.000000	19.000000	0	0.000000	0.000000	0.000000	0	0	0	
389328	2094	0.140000	6.140000	4.070000	1.080000	0.320000	60.000000	19.000000	0	0.000000	0.000000	0.000000	0	0	0	
389562	2081	0.140000	5.950000	3.890000	1.060000	0.320000	60.000000	19.000000	0	0.000000	0.000000	0.000000	0	0	0	
389750	2108	0.140000	5.910000	3.860000	1.080000	0.320000	60.000000	19.000000	0	0.000000	0.000000	0.000000	0	0	0	
389969	2096	0.140000	5.940000	3.880000	1.080000	0.330000	60.000000	19.000000	1	0.000000	0.000000	0.000000	0	0	0	
390156	2056	0.140000	5.890000	3.840000	1.070000	0.330000	60.000000	19.000000	0	0.000000	0.000000	0.000000	0	0	0	
390406	2100	0.140000	5.930000	3.870000	1.080000	0.320000	60.000000	19.000000	0	0.000000	0.000000	0.000000	0	0	0	
390609	2088	0.140000	5.980000	3.920000	1.070000	0.330000	60.000000	19.000000	0	0.000000	0.000000	0.000000	0	0	0	
390828	2077	0.140000	5.930000	3.880000	1.080000	0.330000	60.000000	19.000000	0	0.000000	0.000000	0.000000	0	0	0	
391016	2070	0.140000	6.010000	3.950000	1.070000	0.340000	60.000000	19.000000	0	0.000000	0.000000	0.000000	0	0	0	
391219	2080	0.140000	2.360000	0.870000	1.060000	0.390000	60.000000	19.000000	0	0.000000	0.000000	0.000000	0	0	0	
391437	2069	0.140000	7.140000	4.960000	1.070000	0.420000	60.000000	19.000000	0	0.000000	0.000000	0.000000	0	0	0	
391625	2078	0.140000	7.410000	5.190000	1.070000	0.430000	60.000000	19.000000	0	0.000000	0.000000	0.000000	0	0	0	
391828	2080	0.140000	7.480000	5.350000	1.070000	0.440000	60.000000	19.000000	0	0.000000	0.000000	0.000000	0	0	0	
392047	2110	0.140000	9.540000	7.020000	1.060000	0.540000	60.000000	19.000000	0	0.000000	0.000000	0.000000	0	0	0	
392266	2092	0.140000	9.050000	6.690000	1.070000	0.550000	60.000000	19.000000	0	0.000000	0.000000	0.000000	0	0	0	
392469	2100	0.140000	9.140000	6.850000	1.070000	0.560000	60.000000	19.000000	0	0.000000	0.000000	0.000000	0	0	0	
392672	2108	0.140000	9.230000	6.870000	1.070000	0.560000	60.000000	19.000000	0	0.000000	0.000000	0.000000	0	0	0	
392953	2136	0.140000	9.140000	6.770000	1.060000	0.540000	60.000000	19.000000	0	0.000000	0.000000	0.000000	0	0	0	
393156	2133	0.140000	9.100000	6.780000	1.060000	0.540000	60.000000	19.000000	0	0.000000	0.000000	0.000000	0	0	0	
393359	2140	0.140000	9.230000	6.880000	1.070000	0.540000	60.000000	19.000000	0	0.000000	0.000000	0.000000	0	0	0	
393562	2163	0.140000	9.350000	6.980000	1.060000	0.530000	60.000000	19.000000	0	0.000000	0.000000	0.000000	0	0	0	
393766	2164	0.140000	9.540000	7.100000	1.060000	0.530000	60.000000	19.000000	0	0.000000	0.000000	0.000000	0	0	0	
393969	2179	0.140000	9.400000	6.990000	1.070000	0.520000	60.000000	19.000000	0	0.000000	0.000000	0.000000	0	0	0	
394156	2197	0.140000	9.330000	6.990000	1.070000	0.520000	60.000000	19.000000	0	0.000000	0.000000	0.000000	0	0	0	
394359	2183	0.140000	9.330000	6.990000	1.070000	0.510000	60.000000	19.000000	0	0.000000	0.000000	0.000000	0	0	0	
394578	2211	0.140000	9.500000	7.070000	1.070000	0.510000	60.000000	19.000000	0	0.000000	0.000000	0.000000	0	0	0	
394812	2216	0.140000	9.310000	6.940000	1.060000	0.510000	60.000000	19.000000	0	0.000000	0.000000	0.000000	0	0	0	
395000	2229	0.140000	8.750000	6.490000	1.080000	0.470000	60.000000	19.000000	0	0.000000	0.000000	0.000000	0	0	0	
395219	2224	0.140000	7.850000	5.690000	1.080000	0.410000	60.000000	19.000000	0	0.000000	0.000000	0.000000	0	0	0	
395406	2226	0.140000	7.470000	5.370000	1.080000	0.390000	60.000000	19.000000	0	0.000000	0.000000	0.000000	0	0	0	
395609	2216	0.140000	6.880000	4.690000	1.080000	0.340000	60.000000	19.000000	0	0.000000	0.000000	0.000000	0	0	0	
395828	2211	0.140000	6.590000	4.520000	1.080000	0.340000	60.000000	19.000000	0	0.000000	0.000000	0.000000	0	0	0	
396016	2208	0.140000	6.350000	4.300000	1.080000	0.320000	60.000000	19.000000	0	0.000000	0.000000	0.000000	0	0	0	
396234	2201	0.140000	6.270000	4.220000	1.070000	0.330000	60.000000	19.000000	0	0.000000	0.000000	0.000000	0	0	0	
396437	2200	0.140000	6.210000	4.130000	1.080000	0.330000	60.000000	19.000000	0	0.000000	0.000000	0.000000	0	0	0	
396672	2193	0.140000	6.170000	4.110000	1.080000	0.320000	60.000000	19.000000	0	0.000000	0.000000	0.000000	0	0	0	
396891	2190	0.140000	6.130000	4.080000	1.080000	0.330000	60.000000	20.000000	0	0.000000	0.000000	0.000000	0	0	0	
397203	2183	0.140000	6.000000	3.940000	1.090000	0.320000	60.000000	20.000000	0	0.000000	0.000000	0.000000	0	0	0	
397391	2178	0.140000	5.910000	3.860000	1.080000	0.320000	60.000000	20.000000	0	0.000000	0.000000	0.000000	0	0	0	
397625	2170	0.140000	5.970000	3.910000	1.080000	0.320000	60.000000	20.000000	0	0.000000	0.000000	0.000000	0	0	0	
397844	2178	0.140000	5.970000	3.910000	1.070000	0.320000	60.000000	20.000000	0	0.000000	0.000000	0.000000	0	0	0	
398031	2169	0.140000	5.930000	3.880000	1.080000	0.330000	60.000000	20.000000	0	0.000000	0.000000	0.000000	0	0	0	
398250	2164	0.140000	5.920000	3.850000	1.070000	0.330000	60.000000	20.000000	0	0.000000	0.000000	0.000000	0	0	0	
398437	2159	0.140000	5.960000	3.890000	1.070000	0.330000	60.000000	20.000000	0	0.000000	0.000000	0.000000	0	0	0	
398656	2144	0.140000	5.950000	3.860000	1.080000	0.330000	60.000000	20.000000	5	0.000000	0.000000	0.000000	0	0	0	
398875	2144	0.140000	5.880000	3.790000	1.070000	0.330000	60.000000	20.000000	0	0.000000	0.000000	0.000000	0	0	0	
399078	2137	0.140000	5.890000	3.820000	1.080000	0.330000	60.000000	20.000000	0	0.000000	0.000000	0.000000	0	0	0	
399297	2141	0.140000	5.860000	3.790000	1.080000	0.330000	60.000000	20.000000	0	0.000000	0.000000	0.000000	0	0	0	
399469	2132	0.140000	5.830000	3.760000	1.090000	0.330000	60.000000	20.000000	0	0.000000	0.000000	0.000000	0	0	0	
399687	2124	0.140000	5.830000	3.780000	1.090000	0.330000	60.000000	20.000000	5	0.000000	0.000000	0.000000	0	0	0	
399875	2126	0.140000	5.890000	3.820000	1.060000	0.340000	60.000000	20.000000	0	0.000000	0.000000	0.000000	0	0	0	
400078	2122	0.140000	5.820000	3.770000	1.080000	0.330000	60.000000	20.000000	16	0.000000	0.000000	0.000000	0	0	0	
400297	2107	0.140000	5.820000	3.760000	1.080000	0.330000	60.000000	20.000000	31	0.000000	0.000000	0.000000	0	0	0	
400484	2113	0.140000	5.920000	3.870000	1.080000	0.340000	60.000000	20.000000	0	0.000000	0.000000	0.000000	0	0	0	
400672	2100	0.140000	6.100000	4.050000	1.060000	0.350000	60.000000	20.000000	0	0.000000	0.000000	0.000000	0	0	0	
400875	2126	0.140000	6.260000	4.200000	1.070000	0.370000	60.000000	20.000000	0	0.000000	0.000000	0.000000	0	0	0	
401062	2098	0.140000	6.500000	4.430000	1.070000	0.380000	60.000000	20.000000	0	0.000000	0.000000	0.000000	0	0	0	
401359	2109	0.140000	6.700000	4.670000	1.070000	0.390000	60.000000	20.000000	0	0.000000	0.000000	0.000000	0	0	0	
401547	2117	0.140000	6.730000	4.620000	1.070000	0.390000	60.000000	20.000000	0	0.000000	0.000000	0.000000	0	0	0	
401750	2122	0.140000	6.700000	4.550000	1.080000	0.380000	60.000000	20.000000	0	0.000000	0.000000	0.000000	0	0	0	
401953	2119	0.140000	6.650000	4.550000	1.060000	0.380000	60.000000	20.000000	0	0.000000	0.000000	0.000000	0	0	0	
402156	2107	0.140000	6.710000	4.600000	1.080000	0.380000	60.000000	20.000000	0	0.000000	0.000000	0.000000	0	0	0	
402375	2118	0.140000	6.840000	4.720000	1.080000	0.380000	60.000000	20.000000	0	0.000000	0.000000	0.000000	0	0	0	
402547	2129	0.140000	6.810000	4.690000	1.070000	0.380000	60.000000	20.000000	0	0.000000	0.000000	0.000000	0	0	0	
402797	2133	0.140000	6.790000	4.700000	1.070000	0.370000	61.000000	20.000000	0	0.000000	0.000000	0.000000	0	0	0	
402984	2119	0.140000	6.700000	4.580000	1.080000	0.360000	60.000000	20.000000	0	0.000000	0.000000	0.000000	0	0	0	
403172	2120	0.140000	6.610000	4.510000	1.080000	0.360000	60.000000	20.000000	0	0.000000	0.000000	0.000000	0	0	0	
403375	2129	0.140000	6.660000	4.560000	1.080000	0.360000	61.000000	20.000000	0	0.000000	0.000000	0.000000	0	0	0	
403578	2129	0.140000	6.700000	4.590000	1.080000	0.360000	61.000000	20.000000	0	0.000000	0.000000	0.000000	0	0	0	
403781	2133	0.140000	6.740000	4.650000	1.070000	0.360000	61.000000	20.000000	0	0.000000	0.000000	0.000000	0	0	0	
403969	2133	0.140000	6.670000	4.590000	1.080000	0.360000	61.000000	20.000000	0	0.000000	0.000000	0.000000	0	0	0	
404156	2131	0.140000	6.610000	4.530000	1.070000	0.360000	61.000000	20.000000	0	0.000000	0.000000	0.000000	0	0	0	
404344	2137	0.140000	6.610000	4.510000	1.080000	0.350000	61.000000	20.000000	0	0.000000	0.000000	0.000000	0	0	0	
404594	2147	0.140000	6.600000	4.510000	1.080000	0.350000	61.000000	20.000000	0	0.000000	0.000000	0.000000	0	0	0	
404781	2139	0.140000	6.130000	4.100000	1.080000	0.320000	61.000000	20.000000	0	0.000000	0.000000	0.000000	0	0	0	
404984	2136	0.140000	5.720000	3.670000	1.080000	0.310000	61.000000	20.000000	0	0.000000	0.000000	0.000000	0	0	0	
405219	2139	0.140000	5.480000	3.480000	1.090000	0.300000	61.000000	20.000000	0	0.000000	0.000000	0.000000	0	0	0	
405516	2126	0.140000	5.400000	3.430000	1.090000	0.290000	61.000000	20.000000	0	0.000000	0.000000	0.000000	0	0	0	
405719	2126	0.140000	5.310000	3.370000	1.090000	0.300000	61.000000	20.000000	246	0.000000	0.000000	0.000000	0	0	0	
405922	2136	0.140000	5.310000	3.370000	1.090000	0.290000	61.000000	20.000000	0	0.000000	0.000000	0.000000	0	0	0	
406109	2102	0.140000	5.280000	3.350000	1.080000	0.290000	61.000000	20.000000	214	0.000000	0.000000	0.000000	0	0	0	
406312	2125	0.140000	5.040000	3.220000	1.080000	0.300000	61.000000	20.000000	0	0.000000	0.000000	0.000000	0	0	0	
406531	2104	0.140000	5.030000	3.220000	1.090000	0.300000	61.000000	20.000000	20	0.000000	0.000000	0.000000	0	0	0	
406734	2064	0.140000	5.150000	3.260000	1.080000	0.300000	61.000000	20.000000	254	0.000000	0.000000	0.000000	0	0	0	
406937	2095	0.140000	5.130000	3.250000	1.090000	0.300000	61.000000	20.000000	4	0.000000	0.000000	0.000000	0	0	0	
407141	2100	0.140000	4.960000	3.150000	1.090000	0.300000	61.000000	20.000000	0	0.000000	0.000000	0.000000	0	0	0	
407344	2054	0.140000	5.040000	3.210000	1.080000	0.300000	61.000000	20.000000	0	0.000000	0.000000	0.000000	0	0	0	
407531	2061	0.140000	5.100000	3.240000	1.080000	0.300000	61.000000	20.000000	1	0.000000	0.000000	0.000000	0	0	0	
407719	2027	0.140000	5.060000	3.220000	1.080000	0.310000	61.000000	20.000000	254	0.000000	0.000000	0.000000	0	0	0	
407953	2035	0.140000	4.990000	3.170000	1.080000	0.300000	61.000000	20.000000	0	0.000000	0.000000	0.000000	0	0	0	
408141	2014	0.140000	5.060000	3.220000	1.090000	0.300000	61.000000	20.000000	0	0.000000	0.000000	0.000000	0	0	0	
408344	2009	0.140000	5.030000	3.210000	1.080000	0.300000	61.000000	20.000000	189	0.000000	0.000000	0.000000	0	0	0	
408547	2021	0.140000	4.990000	3.160000	1.080000	0.300000	61.000000	20.000000	0	0.000000	0.000000	0.000000	0	0	0	
408719	1989	0.140000	5.020000	3.190000	1.090000	0.310000	61.000000	20.000000	53	0.000000	0.000000	0.000000	0	0	0	
408922	1980	0.140000	5.130000	3.250000	1.080000	0.310000	61.000000	20.000000	0	0.000000	0.000000	0.000000	0	0	0	
409109	1970	0.140000	5.000000	3.200000	1.090000	0.310000	61.000000	20.000000	32	0.000000	0.000000	0.000000	0	0	0	
409312	1976	0.140000	5.140000	3.260000	1.080000	0.320000	61.000000	20.000000	0	0.000000	0.000000	0.000000	0	0	0	
409594	1967	0.140000	5.400000	3.430000	1.080000	0.320000	61.000000	20.000000	0	0.000000	0.000000	0.000000	0	0	0	
409812	1950	0.140000	5.300000	3.370000	1.080000	0.330000	61.000000	20.000000	0	0.000000	0.000000	0.000000	0	0	0	
410031	1963	0.140000	5.390000	3.420000	1.070000	0.340000	61.000000	20.000000	0	0.000000	0.000000	0.000000	0	0	0	
410250	1931	0.140000	5.530000	3.510000	1.080000	0.340000	61.000000	20.000000	152	0.000000	0.000000	0.000000	0	0	0	
410484	1929	0.140000	5.550000	3.540000	1.070000	0.340000	61.000000	20.000000	0	0.000000	0.000000	0.000000	0	0	0	
410687	1927	0.140000	5.690000	3.660000	1.080000	0.340000	61.000000	20.000000	0	0.000000	0.000000	0.000000	0	0	0	
410859	1916	0.140000	5.740000	3.690000	1.080000	0.340000	61.000000	20.000000	0	0.000000	0.000000	0.000000	0	0	0	
411062	1916	0.140000	5.800000	3.760000	1.070000	0.340000	61.000000	20.000000	0	0.000000	0.000000	0.000000	0	0	0	
411266	1903	0.140000	5.780000	3.750000	1.070000	0.340000	61.000000	20.000000	0	0.000000	0.000000	0.000000	0	0	0	
411469	1898	0.140000	5.850000	3.810000	1.070000	0.340000	61.000000	20.000000	0	0.000000	0.000000	0.000000	0	0	0	
411656	1901	0.140000	5.900000	3.880000	1.080000	0.350000	61.000000	20.000000	0	0.000000	0.000000	0.000000	0	0	0	
411875	1896	0.140000	5.890000	3.900000	1.070000	0.350000	61.000000	20.000000	0	0.000000	0.000000	0.000000	0	0	0	
412062	1890	0.140000	6.080000	4.020000	1.070000	0.350000	61.000000	20.000000	0	0.000000	0.000000	0.000000	0	0	0	
412266	1886	0.140000	6.130000	4.070000	1.080000	0.350000	61.000000	20.000000	0	0.000000	0.000000	0.000000	0	0	0	
412453	1877	0.140000	6.140000	4.090000	1.080000	0.350000	61.000000	20.000000	245	0.000000	0.000000	0.000000	0	0	0	
412672	1883	0.140000	6.270000	4.230000	1.070000	0.350000	61.000000	20.000000	0	0.000000	0.000000	0.000000	0	0	0	
412844	1888	0.140000	6.350000	4.290000	1.070000	0.340000	61.000000	20.000000	0	0.000000	0.000000	0.000000	0	0	0	
413031	1888	0.140000	6.320000	4.280000	1.080000	0.350000	61.000000	20.000000	0	0.000000	0.000000	0.000000	0	0	0	
413219	1890	0.140000	6.430000	4.370000	1.070000	0.350000	61.000000	20.000000	0	0.000000	0.000000	0.000000	0	0	0	
413437	1876	0.140000	6.500000	4.420000	1.070000	0.350000	61.000000	20.000000	0	0.000000	0.000000	0.000000	0	0	0	
413719	1867	0.140000	6.490000	4.410000	1.080000	0.350000	61.000000	20.000000	0	0.000000	0.000000	0.000000	0	0	0	
413906	1865	0.140000	6.540000	4.470000	1.080000	0.350000	61.000000	20.000000	0	0.000000	0.000000	0.000000	0	0	0	
414125	1878	0.140000	6.670000	4.570000	1.070000	0.350000	61.000000	20.000000	0	0.000000	0.000000	0.000000	0	0	0	
414359	1862	0.140000	6.670000	4.570000	1.080000	0.350000	61.000000	20.000000	0	0.000000	0.000000	0.000000	0	0	0	
414547	1854	0.140000	6.630000	4.550000	1.070000	0.350000	61.000000	20.000000	0	0.000000	0.000000	0.000000	0	0	0	
414750	1856	0.140000	6.720000	4.630000	1.070000	0.350000	61.000000	20.000000	0	0.000000	0.000000	0.000000	0	0	0	
414937	1849	0.140000	6.630000	4.550000	1.070000	0.350000	61.000000	20.000000	0	0.000000	0.000000	0.000000	0	0	0	
415125	1857	0.140000	6.710000	4.600000	1.070000	0.350000	61.000000	20.000000	0	0.000000	0.000000	0.000000	0	0	0	
415328	1858	0.140000	6.740000	4.630000	1.070000	0.350000	61.000000	20.000000	0	0.000000	0.000000	0.000000	0	0	0	
415547	1847	0.140000	6.700000	4.620000	1.070000	0.350000	61.000000	20.000000	0	0.000000	0.000000	0.000000	0	0	0	
415734	1856	0.140000	6.650000	4.550000	1.070000	0.350000	61.000000	20.000000	0	0.000000	0.000000	0.000000	0	0	0	
415937	1846	0.140000	6.730000	4.620000	1.070000	0.350000	61.000000	20.000000	0	0.000000	0.000000	0.000000	0	0	0	
416141	1844	0.140000	6.730000	4.620000	1.070000	0.350000	61.000000	20.000000	0	0.000000	0.000000	0.000000	0	0	0	
416344	1846	0.140000	6.780000	4.680000	1.070000	0.350000	61.000000	20.000000	0	0.000000	0.000000	0.000000	0	0	0	
416531	1848	0.140000	6.900000	4.770000	1.070000	0.350000	61.000000	20.000000	0	0.000000	0.000000	0.000000	0	0	0	
416734	1843	0.140000	6.810000	4.690000	1.080000	0.350000	61.000000	20.000000	0	0.000000	0.000000	0.000000	0	0	0	
416922	1666	0.140000	6.690000	4.610000	1.100000	0.340000	61.000000	20.000000	246	0.000000	0.000000	0.000000	0	0	0	
417156	1553	0.140000	0.000000	0.000000	1.120000	0.340000	61.000000	20.000000	254	0.000000	0.000000	0.000000	0	0	0	
417359	1226	0.140000	0.000000	0.000000	1.110000	0.350000	61.000000	20.000000	254	0.000000	0.000000	0.000000	0	0	0	
417547	1007	0.140000	2.430000	0.950000	1.070000	0.380000	61.000000	20.000000	244	0.000000	0.000000	0.000000	0	0	0	
417828	1093	0.140000	7.570000	5.540000	1.070000	0.380000	61.000000	20.000000	4	0.000000	0.000000	0.000000	0	0	0	
418047	1174	0.140000	7.640000	5.630000	1.080000	0.380000	61.000000	20.000000	0	0.000000	0.000000	0.000000	0	0	0	
418234	1253	0.140000	7.200000	5.250000	1.080000	0.350000	61.000000	20.000000	0	0.000000	0.000000	0.000000	0	0	0	
418469	1282	0.140000	6.510000	4.580000	1.070000	0.330000	61.000000	20.000000	0	0.000000	0.000000	0.000000	0	0	0	
418687	1245	0.140000	5.860000	3.980000	1.070000	0.330000	61.000000	20.000000	0	0.000000	0.000000	0.000000	0	0	0	
418875	1203	0.140000	5.730000	3.880000	1.080000	0.320000	61.000000	20.000000	254	0.000000	0.000000	0.000000	0	0	0	
419078	1147	0.140000	5.660000	3.850000	1.090000	0.320000	61.000000	20.000000	0	0.000000	0.000000	0.000000	0	0	0	
419297	1102	0.140000	5.650000	3.850000	1.090000	0.330000	61.000000	20.000000	0	0.000000	0.000000	0.000000	0	0	0	
419500	1052	0.140000	5.520000	3.810000	1.080000	0.340000	61.000000	20.000000	0	0.000000	0.000000	0.000000	0	0	0	
419703	986	0.140000	5.750000	3.970000	1.080000	0.340000	61.000000	20.000000	229	0.000000	0.000000	0.000000	0	0	0	
419922	958	0.140000	5.900000	4.040000	1.090000	0.340000	61.000000	20.000000	0	0.000000	0.000000	0.000000	0	0	0	
420109	948	0.140000	6.000000	4.150000	1.090000	0.340000	61.000000	20.000000	253	0.000000	0.000000	0.000000	0	0	0	
420344	944	0.140000	6.040000	4.180000	1.080000	0.360000	61.000000	20.000000	245	0.000000	0.000000	0.000000	0	0	0	
420547	935	0.140000	6.100000	4.210000	1.090000	0.360000	61.000000	20.000000	77	0.000000	0.000000	0.000000	0	0	0	
420750	939	0.140000	6.150000	4.250000	1.080000	0.360000	61.000000	20.000000	165	0.000000	0.000000	0.000000	0	0	0	
420937	934	0.140000	6.150000	4.250000	1.090000	0.360000	61.000000	20.000000	3	0.000000	0.000000	0.000000	0	0	0	
421156	928	0.140000	6.160000	4.260000	1.080000	0.370000	61.000000	20.000000	4	0.000000	0.000000	0.000000	0	0	0	
421359	917	0.140000	6.160000	4.290000	1.090000	0.370000	61.000000	20.000000	253	0.000000	0.000000	0.000000	0	0	0	
421547	922	0.140000	6.270000	4.350000	1.090000	0.370000	61.000000	20.000000	250	0.000000	0.000000	0.000000	0	0	0	
421781	944	0.140000	6.190000	4.290000	1.100000	0.360000	61.000000	20.000000	68	0.000000	0.000000	0.000000	0	0	0	
422078	953	0.140000	6.240000	4.330000	1.080000	0.360000	61.000000	20.000000	0	0.000000	0.000000	0.000000	0	0	0	
422281	959	0.140000	6.130000	4.220000	1.090000	0.350000	61.000000	20.000000	0	0.000000	0.000000	0.000000	0	0	0	
422500	949	0.140000	6.150000	4.240000	1.080000	0.350000	61.000000	20.000000	0	0.000000	0.000000	0.000000	0	0	0	
422703	920	0.140000	6.100000	4.190000	1.080000	0.360000	62.000000	20.000000	0	0.000000	0.000000	0.000000	0	0	0	
422906	896	0.140000	6.180000	4.280000	1.070000	0.370000	61.000000	20.000000	0	0.000000	0.000000	0.000000	0	0	0	
423109	882	0.140000	6.170000	4.290000	1.090000	0.370000	61.000000	20.000000	141	0.000000	0.000000	0.000000	0	0	0	
423359	876	0.140000	6.240000	4.330000	1.090000	0.370000	62.000000	20.000000	207	0.000000	0.000000	0.000000	0	0	0	
423594	866	0.140000	6.440000	4.510000	1.100000	0.370000	62.000000	20.000000	0	0.000000	0.000000	0.000000	0	0	0	
423812	879	0.140000	6.410000	4.460000	1.080000	0.390000	62.000000	20.000000	227	0.000000	0.000000	0.000000	0	0	0	
424016	901	0.140000	6.320000	4.400000	1.090000	0.370000	62.000000	20.000000	254	0.000000	0.000000	0.000000	0	0	0	
424234	938	0.140000	6.300000	4.350000	1.080000	0.370000	62.000000	20.000000	254	0.000000	0.000000	0.000000	0	0	0	
424437	976	0.140000	6.150000	4.280000	1.090000	0.350000	62.000000	20.000000	0	0.000000	0.000000	0.000000	0	0	0	
424656	1076	0.140000	6.180000	4.260000	1.080000	0.350000	62.000000	20.000000	0	0.000000	0.000000	0.000000	0	0	0	
424859	1386	0.140000	6.390000	4.410000	1.070000	0.370000	62.000000	20.000000	0	0.000000	0.000000	0.000000	0	0	0	
425047	1467	0.140000	6.660000	4.600000	1.070000	0.380000	62.000000	20.000000	0	0.000000	0.000000	0.000000	0	0	0	
425266	1365	0.140000	6.780000	4.720000	1.070000	0.390000	62.000000	20.000000	217	0.000000	0.000000	0.000000	0	0	0	
425484	1303	0.140000	7.320000	5.190000	1.060000	0.420000	62.000000	20.000000	0	0.000000	0.000000	0.000000	0	0	0	
425672	1390	0.140000	8.600000	6.390000	1.060000	0.470000	62.000000	20.000000	0	0.000000	0.000000	0.000000	0	0	0	
425891	1390	0.140000	8.640000	6.480000	1.070000	0.500000	62.000000	20.000000	0	0.000000	0.000000	0.000000	0	0	0	
426109	1366	0.140000	9.070000	6.800000	1.080000	0.510000	62.000000	20.000000	0	0.000000	0.000000	0.000000	0	0	0	
426375	1406	0.140000	9.350000	7.000000	1.060000	0.520000	62.000000	20.000000	0	0.000000	0.000000	0.000000	0	0	0	
426562	1409	0.140000	9.600000	7.220000	1.080000	0.540000	62.000000	20.000000	0	0.000000	0.000000	0.000000	0	0	0	
426766	1410	0.140000	9.530000	7.100000	1.070000	0.540000	62.000000	21.000000	0	0.000000	0.000000	0.000000	0	0	0	
426969	1408	0.140000	9.640000	7.230000	1.070000	0.550000	62.000000	21.000000	0	0.000000	0.000000	0.000000	0	0	0	
427172	1424	0.140000	9.600000	7.220000	1.080000	0.540000	62.000000	21.000000	0	0.000000	0.000000	0.000000	0	0	0	
427359	1447	0.140000	9.550000	7.180000	1.070000	0.540000	62.000000	21.000000	0	0.000000	0.000000	0.000000	0	0	0	
427578	1475	0.140000	9.490000	7.150000	1.070000	0.530000	62.000000	21.000000	0	0.000000	0.000000	0.000000	0	0	0	
427781	1484	0.140000	9.320000	7.000000	1.080000	0.520000	62.000000	21.000000	0	0.000000	0.000000	0.000000	0	0	0	
428000	1496	0.140000	9.220000	6.960000	1.050000	0.520000	62.000000	21.000000	0	0.000000	0.000000	0.000000	0	0	0	
428203	1507	0.140000	2.400000	0.900000	1.060000	0.510000	62.000000	21.000000	0	0.000000	0.000000	0.000000	0	0	0	
428391	1520	0.140000	9.530000	7.100000	1.060000	0.510000	62.000000	21.000000	0	0.000000	0.000000	0.000000	0	0	0	
428609	1532	0.140000	8.830000	6.610000	1.080000	0.470000	62.000000	21.000000	13	0.000000	0.000000	0.000000	0	0	0	
428828	1533	0.140000	8.440000	6.250000	1.070000	0.440000	62.000000	21.000000	14	0.000000	0.000000	0.000000	0	0	0	
429016	1531	0.140000	7.490000	5.420000	1.080000	0.400000	62.000000	21.000000	11	0.000000	0.000000	0.000000	0	0	0	
429234	1531	0.140000	6.560000	4.520000	1.080000	0.340000	62.000000	21.000000	253	0.000000	0.000000	0.000000	0	0	0	
429422	1521	0.140000	6.280000	4.250000	1.070000	0.340000	62.000000	21.000000	254	0.000000	0.000000	0.000000	0	0	0	
429641	1504	0.140000	6.280000	4.230000	1.080000	0.340000	62.000000	21.000000	253	0.000000	0.000000	0.000000	0	0	0	
429844	1493	0.140000	5.920000	3.970000	1.080000	0.330000	62.000000	21.000000	252	0.000000	0.000000	0.000000	0	0	0	
430031	1484	0.140000	5.890000	3.920000	1.080000	0.330000	62.000000	21.000000	254	0.000000	0.000000	0.000000	0	0	0	
430219	1466	0.140000	5.830000	3.880000	1.070000	0.340000	62.000000	21.000000	13	0.000000	0.000000	0.000000	0	0	0	
430500	1450	0.140000	5.870000	3.930000	1.070000	0.340000	62.000000	21.000000	43	0.000000	0.000000	0.000000	0	0	0	
430719	1441	0.140000	5.910000	4.000000	1.060000	0.340000	62.000000	21.000000	87	0.000000	0.000000	0.000000	0	0	0	
430922	1431	0.140000	6.500000	4.460000	1.070000	0.380000	62.000000	21.000000	0	0.000000	0.000000	0.000000	0	0	0	
431125	1436	0.140000	6.600000	4.570000	1.070000	0.390000	62.000000	21.000000	0	0.000000	0.000000	0.000000	0	0	0	
431328	1431	0.140000	6.900000	4.810000	1.070000	0.400000	63.000000	21.000000	0	0.000000	0.000000	0.000000	0	0	0	
431516	1423	0.140000	6.870000	4.830000	1.080000	0.390000	63.000000	21.000000	0	0.000000	0.000000	0.000000	0	0	0	
431734	1408	0.140000	6.560000	4.550000	1.070000	0.370000	63.000000	21.000000	0	0.000000	0.000000	0.000000	0	0	0	
431937	1413	0.140000	6.220000	4.230000	1.080000	0.340000	63.000000	21.000000	187	0.000000	0.000000	0.000000	0	0	0	
432172	1399	0.140000	6.000000	4.100000	1.070000	0.340000	63.000000	21.000000	254	0.000000	0.000000	0.000000	0	0	0	
432375	1390	0.140000	5.880000	3.950000	1.070000	0.330000	63.000000	21.000000	221	0.000000	0.000000	0.000000	0	0	0	
432578	1370	0.140000	5.890000	3.950000	1.080000	0.340000	63.000000	21.000000	254	0.000000	0.000000	0.000000	0	0	0	
432781	1372	0.140000	5.850000	3.910000	1.080000	0.340000	63.000000	21.000000	0	0.000000	0.000000	0.000000	0	0	0	
432984	1353	0.140000	5.870000	3.920000	1.070000	0.340000	63.000000	21.000000	254	0.000000	0.000000	0.000000	0	0	0	
433187	1318	0.140000	5.910000	3.980000	1.080000	0.340000	63.000000	21.000000	254	0.000000	0.000000	0.000000	0	0	0	
433406	1319	0.140000	5.860000	3.930000	1.080000	0.340000	63.000000	21.000000	254	0.000000	0.000000	0.000000	0	0	0	
433625	1266	0.140000	5.930000	4.050000	1.080000	0.340000	63.000000	21.000000	254	0.000000	0.000000	0.000000	0	0	0	
433844	1275	0.140000	5.890000	4.000000	1.090000	0.340000	63.000000	21.000000	0	0.000000	0.000000	0.000000	0	0	0	
434062	1308	0.140000	5.720000	3.840000	1.070000	0.340000	63.000000	21.000000	0	0.000000	0.000000	0.000000	0	0	0	
434234	1242	0.140000	6.030000	4.140000	1.070000	0.370000	63.000000	21.000000	245	0.000000	0.000000	0.000000	0	0	0	
434453	1260	0.140000	7.130000	5.070000	1.070000	0.420000	63.000000	21.000000	0	0.000000	0.000000	0.000000	0	0	0	
434734	1247	0.140000	7.350000	5.350000	1.070000	0.460000	63.000000	21.000000	0	0.000000	0.000000	0.000000	0	0	0	
434922	1263	0.140000	8.340000	6.200000	1.070000	0.480000	63.000000	21.000000	0	0.000000	0.000000	0.000000	0	0	0	
435141	1266	0.140000	9.350000	7.000000	1.050000	0.530000	63.000000	21.000000	0	0.000000	0.000000	0.000000	0	0	0	
435328	1279	0.140000	8.970000	6.800000	1.080000	0.540000	63.000000	21.000000	13	0.000000	0.000000	0.000000	0	0	0	
435516	1273	0.140000	9.570000	7.220000	1.050000	0.560000	63.000000	21.000000	13	0.000000	0.000000	0.000000	0	0	0	
435734	1268	0.140000	10.160000	7.700000	1.070000	0.600000	63.000000	21.000000	53	0.000000	0.000000	0.000000	0	0	0	
435906	1304	0.140000	10.770000	8.260000	1.060000	0.640000	63.000000	21.000000	55	0.000000	0.000000	0.000000	0	0	0	
436109	1303	0.140000	2.510000	1.010000	1.030000	0.730000	63.000000	21.000000	52	0.000000	0.000000	0.000000	0	0	0	
436297	1324	0.140000	12.410000	10.570000	1.050000	0.780000	63.000000	21.000000	53	0.000000	0.000000	0.000000	0	0	0	
436500	1358	0.140000	12.050000	10.110000	1.060000	0.780000	63.000000	21.000000	53	0.000000	0.000000	0.000000	0	0	0	
436719	1398	0.140000	12.220000	10.190000	1.040000	0.800000	63.000000	21.000000	55	0.000000	0.000000	0.000000	0	0	0	
436922	1440	0.140000	12.060000	10.070000	1.060000	0.790000	63.000000	21.000000	53	0.000000	0.000000	0.000000	0	0	0	
437156	1493	0.140000	2.260000	0.760000	1.050000	0.780000	63.000000	21.000000	55	0.000000	0.000000	0.000000	0	0	0	
437344	1561	0.140000	12.310000	10.510000	1.060000	0.770000	63.000000	21.000000	54	0.000000	0.000000	0.000000	0	0	0	
437547	1591	0.140000	12.410000	10.610000	1.060000	0.760000	63.000000	21.000000	54	0.000000	0.000000	0.000000	0	0	0	
437734	1622	0.140000	12.510000	10.660000	1.050000	0.750000	63.000000	21.000000	53	0.000000	0.000000	0.000000	0	0	0	
437937	1650	0.140000	12.460000	10.620000	1.060000	0.740000	63.000000	21.000000	55	0.000000	0.000000	0.000000	0	0	0	
438141	1664	0.140000	12.400000	10.640000	1.050000	0.750000	63.000000	21.000000	53	0.000000	0.000000	0.000000	0	0	0	
438328	1707	0.140000	12.260000	10.460000	1.060000	0.730000	63.000000	21.000000	54	0.000000	0.000000	0.000000	0	0	0	
438516	1740	0.140000	12.320000	10.360000	1.050000	0.720000	63.000000	21.000000	53	0.000000	0.000000	0.000000	0	0	0	
438781	1787	0.140000	12.150000	10.240000	1.060000	0.690000	63.000000	21.000000	55	0.000000	0.000000	0.000000	0	0	0	
438984	1829	0.140000	11.920000	9.980000	1.070000	0.680000	64.000000	21.000000	12	0.000000	0.000000	0.000000	0	0	0	
439187	1840	0.140000	11.870000	9.940000	1.060000	0.680000	64.000000	21.000000	12	0.000000	0.000000	0.000000	0	0	0	
439391	1869	0.140000	11.880000	9.950000	1.050000	0.660000	64.000000	22.000000	12	0.000000	0.000000	0.000000	0	0	0	
439594	1904	0.140000	11.660000	9.630000	1.050000	0.650000	64.000000	22.000000	13	0.000000	0.000000	0.000000	0	0	0	
439781	1903	0.140000	8.470000	6.270000	1.070000	0.570000	64.000000	22.000000	12	0.000000	0.000000	0.000000	0	0	0	
439969	1921	0.140000	7.870000	5.730000	1.070000	0.510000	64.000000	22.000000	14	0.000000	0.000000	0.000000	0	0	0	
440172	1922	0.140000	7.840000	5.680000	1.060000	0.490000	64.000000	22.000000	14	0.000000	0.000000	0.000000	0	0	0	
440391	1936	0.140000	7.750000	5.590000	1.070000	0.480000	64.000000	22.000000	0	0.000000	0.000000	0.000000	0	0	0	
440594	1938	0.140000	8.150000	5.950000	1.070000	0.480000	64.000000	22.000000	0	0.000000	0.000000	0.000000	0	0	0	
440797	1947	0.140000	8.260000	6.050000	1.070000	0.480000	64.000000	22.000000	0	0.000000	0.000000	0.000000	0	0	0	
441000	1941	0.140000	8.240000	6.040000	1.070000	0.480000	64.000000	22.000000	11	0.000000	0.000000	0.000000	0	0	0	
441219	1928	0.140000	8.560000	6.290000	1.060000	0.490000	64.000000	22.000000	13	0.000000	0.000000	0.000000	0	0	0	
441406	1927	0.140000	8.570000	6.330000	1.080000	0.490000	64.000000	22.000000	10	0.000000	0.000000	0.000000	0	0	0	
441609	1935	0.140000	8.460000	6.230000	1.060000	0.490000	64.000000	22.000000	0	0.000000	0.000000	0.000000	0	0	0	
441812	1940	0.140000	8.660000	6.380000	1.060000	0.490000	64.000000	22.000000	0	0.000000	0.000000	0.000000	0	0	0	
442031	1934	0.140000	8.850000	6.520000	1.060000	0.490000	64.000000	22.000000	0	0.000000	0.000000	0.000000	0	0	0	
442234	1930	0.140000	8.840000	6.570000	1.060000	0.500000	64.000000	22.000000	15	0.000000	0.000000	0.000000	0	0	0	
442422	1926	0.140000	8.840000	6.580000	1.070000	0.490000	64.000000	22.000000	11	0.000000	0.000000	0.000000	0	0	0	
442641	1924	0.140000	9.140000	6.790000	1.060000	0.500000	64.000000	22.000000	14	0.000000	0.000000	0.000000	0	0	0	
442906	1938	0.140000	9.020000	6.690000	1.070000	0.500000	64.000000	22.000000	0	0.000000	0.000000	0.000000	0	0	0	
443094	1944	0.140000	9.050000	6.740000	1.070000	0.500000	64.000000	22.000000	0	0.000000	0.000000	0.000000	0	0	0	
443297	1953	0.140000	9.200000	6.880000	1.070000	0.500000	64.000000	22.000000	11	0.000000	0.000000	0.000000	0	0	0	
443484	1951	0.140000	9.290000	6.930000	1.070000	0.500000	64.000000	22.000000	12	0.000000	0.000000	0.000000	0	0	0	
443703	1944	0.140000	9.290000	6.930000	1.070000	0.500000	64.000000	22.000000	10	0.000000	0.000000	0.000000	0	0	0	
443891	1950	0.140000	9.470000	7.040000	1.070000	0.500000	64.000000	22.000000	10	0.000000	0.000000	0.000000	0	0	0	
444094	1961	0.140000	9.450000	7.020000	1.070000	0.500000	64.000000	22.000000	12	0.000000	0.000000	0.000000	0	0	0	
444266	1968	0.140000	9.520000	7.080000	1.070000	0.510000	64.000000	22.000000	11	0.000000	0.000000	0.000000	0	0	0	
444484	1974	0.140000	10.010000	7.410000	1.060000	0.530000	64.000000	22.000000	14	0.000000	0.000000	0.000000	0	0	0	
444672	1964	0.140000	10.070000	7.450000	1.060000	0.530000	64.000000	22.000000	11	0.000000	0.000000	0.000000	0	0	0	
444859	1970	0.140000	9.870000	7.340000	1.070000	0.530000	64.000000	22.000000	12	0.000000	0.000000	0.000000	0	0	0	
445062	1999	0.140000	9.980000	7.440000	1.050000	0.540000	64.000000	22.000000	14	0.000000	0.000000	0.000000	0	0	0	
445266	2008	0.140000	10.090000	7.510000	1.060000	0.540000	64.000000	22.000000	13	0.000000	0.000000	0.000000	0	0	0	
445469	2002	0.140000	9.970000	7.380000	1.070000	0.540000	64.000000	22.000000	12	0.000000	0.000000	0.000000	0	0	0	
445656	2003	0.140000	9.670000	7.210000	1.070000	0.530000	64.000000	22.000000	9	0.000000	0.000000	0.000000	0	0	0	
445875	2005	0.140000	9.890000	7.330000	1.060000	0.530000	64.000000	22.000000	14	0.000000	0.000000	0.000000	0	0	0	
446062	2010	0.140000	9.810000	7.310000	1.060000	0.520000	64.000000	22.000000	12	0.000000	0.000000	0.000000	0	0	0	
446266	2019	0.140000	9.550000	7.110000	1.080000	0.510000	64.000000	22.000000	10	0.000000	0.000000	0.000000	0	0	0	
446469	2023	0.140000	9.480000	7.050000	1.060000	0.520000	64.000000	22.000000	14	0.000000	0.000000	0.000000	0	0	0	
446656	2020	0.140000	9.600000	7.150000	1.050000	0.520000	64.000000	22.000000	0	0.000000	0.000000	0.000000	0	0	0	
446922	2026	0.140000	9.420000	7.020000	1.070000	0.510000	64.000000	22.000000	0	0.000000	0.000000	0.000000	0	0	0	
447109	2009	0.140000	9.300000	6.960000	1.050000	0.510000	64.000000	22.000000	0	0.000000	0.000000	0.000000	0	0	0	
447328	1999	0.140000	9.640000	7.210000	1.050000	0.520000	64.000000	22.000000	0	0.000000	0.000000	0.000000	0	0	0	
447516	2011	0.140000	9.530000	7.120000	1.070000	0.520000	64.000000	22.000000	0	0.000000	0.000000	0.000000	0	0	0	
447734	2014	0.140000	9.440000	7.040000	1.060000	0.520000	64.000000	22.000000	0	0.000000	0.000000	0.000000	0	0	0	
447937	2012	0.140000	9.650000	7.200000	1.070000	0.520000	64.000000	22.000000	0	0.000000	0.000000	0.000000	0	0	0	
448141	2008	0.140000	9.670000	7.210000	1.070000	0.520000	64.000000	22.000000	0	0.000000	0.000000	0.000000	0	0	0	
448328	2000	0.140000	9.600000	7.160000	1.070000	0.530000	64.000000	22.000000	0	0.000000	0.000000	0.000000	0	0	0	
448531	1985	0.140000	9.720000	7.230000	1.060000	0.530000	64.000000	22.000000	0	0.000000	0.000000	0.000000	0	0	0	
448734	1993	0.140000	9.860000	7.340000	1.060000	0.530000	64.000000	22.000000	0	0.000000	0.000000	0.000000	0	0	0	
448937	2001	0.140000	9.550000	7.080000	1.060000	0.530000	64.000000	22.000000	0	0.000000	0.000000	0.000000	0	0	0	
449141	1993	0.140000	9.250000	6.920000	1.070000	0.510000	64.000000	22.000000	0	0.000000	0.000000	0.000000	0	0	0	
449328	1984	0.140000	8.320000	6.130000	1.070000	0.460000	64.000000	22.000000	0	0.000000	0.000000	0.000000	0	0	0	
449547	1965	0.140000	7.490000	5.380000	1.080000	0.410000	64.000000	22.000000	0	0.000000	0.000000	0.000000	0	0	0	
449734	1947	0.140000	7.370000	5.200000	1.060000	0.400000	64.000000	22.000000	0	0.000000	0.000000	0.000000	0	0	0	
449922	1941	0.140000	7.370000	5.210000	1.080000	0.390000	64.000000	22.000000	0	0.000000	0.000000	0.000000	0	0	0	
450109	1928	0.140000	7.370000	5.270000	1.070000	0.390000	64.000000	22.000000	0	0.000000	0.000000	0.000000	0	0	0	
450344	1904	0.140000	7.460000	5.340000	1.080000	0.400000	64.000000	22.000000	0	0.000000	0.000000	0.000000	0	0	0	
450531	1885	0.140000	7.620000	5.460000	1.060000	0.410000	64.000000	22.000000	0	0.000000	0.000000	0.000000	0	0	0	
450734	1866	0.140000	7.820000	5.690000	1.080000	0.410000	64.000000	22.000000	0	0.000000	0.000000	0.000000	0	0	0	
451016	1842	0.140000	8.080000	5.890000	1.070000	0.430000	64.000000	22.000000	0	0.000000	0.000000	0.000000	0	0	0	
451203	1837	0.140000	8.180000	6.000000	1.070000	0.450000	64.000000	22.000000	0	0.000000	0.000000	0.000000	0	0	0	
451406	1822	0.140000	8.650000	6.370000	1.070000	0.470000	64.000000	22.000000	0	0.000000	0.000000	0.000000	0	0	0	
451594	1812	0.140000	9.760000	7.240000	1.060000	0.520000	64.000000	22.000000	0	0.000000	0.000000	0.000000	0	0	0	
451828	1805	0.140000	10.330000	7.750000	1.070000	0.550000	64.000000	22.000000	55	0.000000	0.000000	0.000000	0	0	0	
452016	1803	0.140000	10.430000	7.810000	1.060000	0.560000	64.000000	22.000000	54	0.000000	0.000000	0.000000	0	0	0	
452219	1806	0.140000	10.350000	7.740000	1.070000	0.570000	64.000000	22.000000	69	0.000000	0.000000	0.000000	0	0	0	
452422	1809	0.140000	10.890000	8.320000	1.060000	0.590000	64.000000	22.000000	85	0.000000	0.000000	0.000000	0	0	0	
452609	1812	0.140000	11.070000	8.590000	1.070000	0.610000	64.000000	22.000000	0	0.000000	0.000000	0.000000	0	0	0	
452828	1817	0.140000	11.160000	8.770000	1.060000	0.620000	64.000000	22.000000	11	0.000000	0.000000	0.000000	0	0	0	
453016	1831	0.140000	12.230000	10.310000	1.060000	0.690000	64.000000	22.000000	13	0.000000	0.000000	0.000000	0	0	0	
453234	1837	0.140000	12.070000	10.130000	1.060000	0.690000	64.000000	22.000000	11	0.000000	0.000000	0.000000	0	0	0	
453422	1848	0.140000	12.200000	10.210000	1.070000	0.700000	64.000000	22.000000	12	0.000000	0.000000	0.000000	0	0	0	
453625	1866	0.140000	12.200000	10.320000	1.060000	0.710000	64.000000	23.000000	11	0.000000	0.000000	0.000000	0	0	0	
453812	1875	0.140000	12.140000	10.190000	1.050000	0.720000	64.000000	23.000000	13	0.000000	0.000000	0.000000	0	0	0	
454078	1888	0.140000	7.880000	5.800000	1.100000	0.540000	64.000000	23.000000	0	0.000000	0.000000	0.000000	0	0	0	
454297	1866	0.140000	6.670000	4.580000	1.080000	0.410000	64.000000	23.000000	0	0.000000	0.000000	0.000000	0	0	0	
454484	1832	0.140000	6.610000	4.550000	1.080000	0.380000	64.000000	23.000000	0	0.000000	0.000000	0.000000	0	0	0	
454687	1796	0.140000	6.680000	4.580000	1.080000	0.380000	64.000000	23.000000	0	0.000000	0.000000	0.000000	0	0	0	
454891	1770	0.140000	6.730000	4.620000	1.070000	0.370000	64.000000	23.000000	0	0.000000	0.000000	0.000000	0	0	0	
455172	1752	0.140000	6.850000	4.740000	1.070000	0.370000	64.000000	23.000000	0	0.000000	0.000000	0.000000	0	0	0	
455375	1740	0.140000	6.930000	4.820000	1.070000	0.390000	64.000000	23.000000	0	0.000000	0.000000	0.000000	0	0	0	
455578	1728	0.140000	7.440000	5.300000	1.040000	0.430000	64.000000	23.000000	0	0.000000	0.000000	0.000000	0	0	0	
455797	1732	0.140000	2.350000	0.850000	1.060000	0.550000	64.000000	23.000000	0	0.000000	0.000000	0.000000	0	0	0	
455984	1740	0.140000	11.510000	9.320000	1.050000	0.620000	64.000000	23.000000	0	0.000000	0.000000	0.000000	0	0	0	
456203	1751	0.140000	11.370000	9.140000	1.080000	0.630000	64.000000	23.000000	0	0.000000	0.000000	0.000000	0	0	0	
456391	1761	0.140000	11.260000	8.880000	1.070000	0.620000	64.000000	23.000000	0	0.000000	0.000000	0.000000	0	0	0	
456594	1784	0.140000	10.960000	8.470000	1.070000	0.610000	64.000000	23.000000	0	0.000000	0.000000	0.000000	0	0	0	
456797	1811	0.140000	10.860000	8.230000	1.070000	0.600000	64.000000	23.000000	12	0.000000	0.000000	0.000000	0	0	0	
456984	1820	0.140000	10.670000	8.020000	1.080000	0.590000	64.000000	23.000000	12	0.000000	0.000000	0.000000	0	0	0	
457187	1829	0.140000	10.030000	7.550000	1.080000	0.560000	64.000000	23.000000	12	0.000000	0.000000	0.000000	0	0	0	
457422	1844	0.140000	7.950000	5.800000	1.080000	0.480000	64.000000	23.000000	13	0.000000	0.000000	0.000000	0	0	0	
457641	1849	0.140000	7.370000	5.230000	1.080000	0.420000	64.000000	23.000000	12	0.000000	0.000000	0.000000	0	0	0	
457828	1847	0.140000	7.380000	5.240000	1.090000	0.410000	64.000000	23.000000	13	0.000000	0.000000	0.000000	0	0	0	
458031	1832	0.140000	7.420000	5.230000	1.070000	0.400000	64.000000	23.000000	13	0.000000	0.000000	0.000000	0	0	0	
458219	1827	0.140000	7.300000	5.140000	1.080000	0.400000	64.000000	23.000000	12	0.000000	0.000000	0.000000	0	0	0	
458406	1822	0.140000	7.410000	5.220000	1.070000	0.400000	64.000000	23.000000	11	0.000000	0.000000	0.000000	0	0	0	
458594	1811	0.140000	7.470000	5.320000	1.060000	0.410000	64.000000	23.000000	13	0.000000	0.000000	0.000000	0	0	0	
458812	1786	0.140000	7.420000	5.320000	1.070000	0.410000	64.000000	23.000000	15	0.000000	0.000000	0.000000	0	0	0	
459047	1777	0.140000	7.580000	5.460000	1.080000	0.410000	64.000000	23.000000	53	0.000000	0.000000	0.000000	0	0	0	
459328	1758	0.140000	7.490000	5.250000	1.080000	0.410000	64.000000	23.000000	53	0.000000	0.000000	0.000000	0	0	0	
459516	1759	0.140000	7.410000	5.310000	1.080000	0.410000	64.000000	23.000000	53	0.000000	0.000000	0.000000	0	0	0	
459703	1761	0.140000	8.030000	5.850000	1.070000	0.440000	64.000000	23.000000	54	0.000000	0.000000	0.000000	0	0	0	
459906	1740	0.140000	2.690000	1.190000	1.060000	0.490000	64.000000	23.000000	54	0.000000	0.000000	0.000000	0	0	0	
460125	1736	0.140000	10.210000	7.640000	1.070000	0.540000	64.000000	23.000000	54	0.000000	0.000000	0.000000	0	0	0	
460328	1728	0.140000	2.310000	0.830000	1.070000	0.580000	64.000000	23.000000	54	0.000000	0.000000	0.000000	0	0	0	
460562	1739	0.140000	10.800000	8.210000	1.070000	0.600000	64.000000	23.000000	54	0.000000	0.000000	0.000000	0	0	0	
460781	1729	0.140000	10.830000	8.300000	1.050000	0.600000	64.000000	23.000000	55	0.000000	0.000000	0.000000	0	0	0	
460984	1734	0.140000	10.460000	7.840000	1.080000	0.590000	64.000000	23.000000	11	0.000000	0.000000	0.000000	0	0	0	
461219	1744	0.140000	10.450000	7.850000	1.060000	0.580000	64.000000	23.000000	0	0.000000	0.000000	0.000000	0	0	0	
461406	1762	0.140000	10.010000	7.500000	1.060000	0.560000	64.000000	23.000000	0	0.000000	0.000000	0.000000	0	0	0	
461609	1770	0.140000	9.560000	7.150000	1.090000	0.530000	64.000000	23.000000	11	0.000000	0.000000	0.000000	0	0	0	
461812	1766	0.140000	8.120000	5.930000	1.080000	0.480000	64.000000	23.000000	12	0.000000	0.000000	0.000000	0	0	0	
462016	1770	0.140000	7.980000	5.800000	1.070000	0.450000	64.000000	23.000000	13	0.000000	0.000000	0.000000	0	0	0	
462219	1779	0.140000	8.080000	5.920000	1.060000	0.450000	64.000000	23.000000	13	0.000000	0.000000	0.000000	0	0	0	
462422	1793	0.140000	10.410000	7.750000	1.050000	0.520000	64.000000	23.000000	12	0.000000	0.000000	0.000000	0	0	0	
462641	1805	0.140000	2.310000	0.810000	1.040000	0.610000	64.000000	23.000000	13	0.000000	0.000000	0.000000	0	0	0	
462828	1840	0.140000	11.370000	9.110000	1.060000	0.630000	64.000000	23.000000	105	0.000000	0.000000	0.000000	0	0	0	
463016	1857	0.140000	11.330000	8.850000	1.070000	0.620000	64.000000	23.000000	104	0.000000	0.000000	0.000000	0	0	0	
463203	1878	0.140000	11.080000	8.540000	1.050000	0.620000	64.000000	23.000000	105	0.000000	0.000000	0.000000	0	0	0	
463500	1879	0.140000	10.990000	8.500000	1.070000	0.610000	64.000000	23.000000	54	0.000000	0.000000	0.000000	0	0	0	
463719	1897	0.140000	11.130000	8.550000	1.070000	0.620000	64.000000	23.000000	52	0.000000	0.000000	0.000000	0	0	0	
463891	1893	0.140000	11.090000	8.610000	1.060000	0.620000	64.000000	23.000000	70	0.000000	0.000000	0.000000	0	0	0	
464109	1909	0.140000	11.110000	8.620000	1.070000	0.620000	64.000000	23.000000	71	0.000000	0.000000	0.000000	0	0	0	
464297	1940	0.140000	10.900000	8.330000	1.060000	0.610000	64.000000	23.000000	72	0.000000	0.000000	0.000000	0	0	0	
464547	1939	0.140000	10.850000	8.200000	1.060000	0.600000	64.000000	23.000000	70	0.000000	0.000000	0.000000	0	0	0	
464797	1944	0.140000	10.650000	7.970000	1.060000	0.590000	64.000000	23.000000	72	0.000000	0.000000	0.000000	0	0	0	
465000	1966	0.140000	10.480000	7.880000	1.070000	0.580000	64.000000	23.000000	52	0.000000	0.000000	0.000000	0	0	0	
465234	1976	0.140000	9.920000	7.420000	1.060000	0.560000	64.000000	23.000000	54	0.000000	0.000000	0.000000	0	0	0	
465406	1970	0.140000	10.160000	7.570000	1.050000	0.560000	64.000000	23.000000	54	0.000000	0.000000	0.000000	0	0	0	
465625	1969	0.140000	9.760000	7.300000	1.080000	0.540000	64.000000	23.000000	52	0.000000	0.000000	0.000000	0	0	0	
465812	1983	0.140000	9.760000	7.300000	1.060000	0.540000	65.000000	23.000000	14	0.000000	0.000000	0.000000	0	0	0	
466016	1986	0.140000	10.290000	7.680000	1.050000	0.560000	65.000000	23.000000	0	0.000000	0.000000	0.000000	0	0	0	
466219	2012	0.140000	10.440000	7.710000	1.060000	0.560000	65.000000	23.000000	12	0.000000	0.000000	0.000000	0	0	0	
466453	2016	0.140000	10.240000	7.700000	1.060000	0.560000	65.000000	23.000000	54	0.000000	0.000000	0.000000	0	0	0	
466672	2023	0.140000	10.340000	7.790000	1.070000	0.560000	65.000000	23.000000	54	0.000000	0.000000	0.000000	0	0	0	
466859	2016	0.140000	10.330000	7.690000	1.050000	0.560000	65.000000	23.000000	55	0.000000	0.000000	0.000000	0	0	0	
467078	2010	0.140000	9.940000	7.400000	1.070000	0.550000	65.000000	23.000000	52	0.000000	0.000000	0.000000	0	0	0	
467281	2014	0.140000	9.690000	7.260000	1.090000	0.530000	65.000000	23.000000	10	0.000000	0.000000	0.000000	0	0	0	
467469	2020	0.140000	9.720000	7.260000	1.070000	0.530000	65.000000	23.000000	13	0.000000	0.000000	0.000000	0	0	0	
467734	2014	0.140000	9.600000	7.160000	1.070000	0.530000	65.000000	23.000000	54	0.000000	0.000000	0.000000	0	0	0	
467937	2021	0.140000	9.700000	7.240000	1.050000	0.530000	65.000000	23.000000	56	0.000000	0.000000	0.000000	0	0	0	
468141	2029	0.140000	9.690000	7.240000	1.060000	0.530000	65.000000	23.000000	55	0.000000	0.000000	0.000000	0	0	0	
468328	2030	0.140000	9.620000	7.170000	1.070000	0.530000	65.000000	23.000000	11	0.000000	0.000000	0.000000	0	0	0	
468516	2023	0.140000	9.680000	7.220000	1.060000	0.530000	65.000000	23.000000	0	0.000000	0.000000	0.000000	0	0	0	
468734	2016	0.140000	9.870000	7.350000	1.070000	0.540000	65.000000	23.000000	12	0.000000	0.000000	0.000000	0	0	0	
468953	2019	0.140000	9.960000	7.390000	1.060000	0.540000	65.000000	23.000000	14	0.000000	0.000000	0.000000	0	0	0	
469141	2021	0.140000	10.170000	7.580000	1.050000	0.560000	65.000000	23.000000	14	0.000000	0.000000	0.000000	0	0	0	
469344	2028	0.140000	10.410000	7.750000	1.060000	0.560000	65.000000	23.000000	12	0.000000	0.000000	0.000000	0	0	0	
469547	2026	0.140000	10.280000	7.660000	1.070000	0.560000	65.000000	23.000000	12	0.000000	0.000000	0.000000	0	0	0	
469750	2025	0.140000	10.000000	7.490000	1.070000	0.550000	65.000000	23.000000	13	0.000000	0.000000	0.000000	0	0	0	
469953	2036	0.140000	10.270000	7.660000	1.070000	0.560000	65.000000	23.000000	9	0.000000	0.000000	0.000000	0	0	0	
470172	2030	0.140000	10.150000	7.590000	1.070000	0.550000	65.000000	23.000000	10	0.000000	0.000000	0.000000	0	0	0	
470359	2036	0.140000	10.030000	7.480000	1.050000	0.560000	65.000000	23.000000	15	0.000000	0.000000	0.000000	0	0	0	
470578	2044	0.140000	10.050000	7.500000	1.070000	0.560000	65.000000	23.000000	10	0.000000	0.000000	0.000000	0	0	0	
470766	2061	0.140000	10.150000	7.590000	1.070000	0.550000	65.000000	23.000000	11	0.000000	0.000000	0.000000	0	0	0	
470984	2054	0.140000	10.090000	7.540000	1.060000	0.560000	65.000000	23.000000	12	0.000000	0.000000	0.000000	0	0	0	
471172	2057	0.140000	10.270000	7.700000	1.070000	0.570000	65.000000	23.000000	11	0.000000	0.000000	0.000000	0	0	0	
471391	2057	0.140000	10.960000	8.380000	1.070000	0.590000	65.000000	23.000000	53	0.000000	0.000000	0.000000	0	0	0	
471594	2061	0.140000	11.140000	8.560000	1.060000	0.610000	65.000000	23.000000	54	0.000000	0.000000	0.000000	0	0	0	
471875	2082	0.140000	10.940000	8.450000	1.050000	0.620000	65.000000	23.000000	54	0.000000	0.000000	0.000000	0	0	0	
472094	2095	0.140000	10.910000	8.460000	1.070000	0.610000	65.000000	23.000000	53	0.000000	0.000000	0.000000	0	0	0	
472328	2102	0.140000	10.790000	8.170000	1.070000	0.590000	65.000000	23.000000	52	0.000000	0.000000	0.000000	0	0	0	
472516	2107	0.140000	10.680000	8.060000	1.060000	0.600000	65.000000	23.000000	55	0.000000	0.000000	0.000000	0	0	0	
472734	2113	0.140000	10.800000	8.130000	1.060000	0.590000	65.000000	24.000000	53	0.000000	0.000000	0.000000	0	0	0	
472937	2119	0.140000	10.830000	8.120000	1.060000	0.600000	65.000000	24.000000	55	0.000000	0.000000	0.000000	0	0	0	
473141	2133	0.140000	10.630000	7.970000	1.070000	0.590000	65.000000	24.000000	54	0.000000	0.000000	0.000000	0	0	0	
473328	2143	0.140000	10.580000	7.940000	1.060000	0.590000	65.000000	24.000000	53	0.000000	0.000000	0.000000	0	0	0	
473531	2177	0.140000	10.860000	8.230000	1.060000	0.590000	65.000000	24.000000	53	0.000000	0.000000	0.000000	0	0	0	
473750	2180	0.140000	10.430000	7.840000	1.050000	0.590000	65.000000	24.000000	55	0.000000	0.000000	0.000000	0	0	0	
473953	2162	0.140000	10.590000	7.950000	1.060000	0.590000	65.000000	24.000000	53	0.000000	0.000000	0.000000	0	0	0	
474156	2209	0.140000	10.740000	8.080000	1.070000	0.580000	65.000000	24.000000	10	0.000000	0.000000	0.000000	0	0	0	
474359	2206	0.140000	10.540000	7.930000	1.060000	0.580000	65.000000	24.000000	14	0.000000	0.000000	0.000000	0	0	0	
474609	2226	0.140000	10.450000	7.850000	1.060000	0.580000	65.000000	24.000000	13	0.000000	0.000000	0.000000	0	0	0	
474844	2251	0.140000	10.410000	7.810000	1.080000	0.570000	65.000000	24.000000	70	0.000000	0.000000	0.000000	0	0	0	
475062	2255	0.140000	10.510000	7.910000	1.050000	0.570000	65.000000	24.000000	71	0.000000	0.000000	0.000000	0	0	0	
475250	2273	0.140000	10.470000	7.870000	1.050000	0.570000	65.000000	24.000000	54	0.000000	0.000000	0.000000	0	0	0	
475469	2279	0.140000	10.410000	7.820000	1.060000	0.570000	65.000000	24.000000	54	0.000000	0.000000	0.000000	0	0	0	
475656	2287	0.140000	10.690000	8.030000	1.070000	0.570000	65.000000	24.000000	12	0.000000	0.000000	0.000000	0	0	0	
475859	2304	0.140000	10.690000	8.030000	1.070000	0.570000	65.000000	24.000000	12	0.000000	0.000000	0.000000	0	0	0	
476156	2330	0.140000	10.390000	7.860000	1.080000	0.560000	65.000000	24.000000	11	0.000000	0.000000	0.000000	0	0	0	
476344	2341	0.140000	10.650000	7.960000	1.070000	0.560000	65.000000	24.000000	11	0.000000	0.000000	0.000000	0	0	0	
476547	2356	0.140000	10.570000	7.920000	1.070000	0.560000	65.000000	24.000000	10	0.000000	0.000000	0.000000	0	0	0	
476766	2356	0.140000	10.270000	7.660000	1.060000	0.550000	65.000000	24.000000	12	0.000000	0.000000	0.000000	0	0	0	
476953	2362	0.140000	10.070000	7.490000	1.050000	0.540000	65.000000	24.000000	13	0.000000	0.000000	0.000000	0	0	0	
477156	2376	0.140000	10.210000	7.580000	1.050000	0.540000	65.000000	24.000000	13	0.000000	0.000000	0.000000	0	0	0	
477359	2379	0.140000	10.130000	7.570000	1.070000	0.530000	65.000000	24.000000	12	0.000000	0.000000	0.000000	0	0	0	
477562	2386	0.140000	9.920000	7.390000	1.060000	0.520000	65.000000	24.000000	12	0.000000	0.000000	0.000000	0	0	0	
477766	2390	0.140000	10.040000	7.460000	1.060000	0.530000	65.000000	24.000000	13	0.000000	0.000000	0.000000	0	0	0	
477953	2405	0.140000	10.070000	7.490000	1.080000	0.520000	65.000000	24.000000	13	0.000000	0.000000	0.000000	0	0	0	
478156	2424	0.140000	9.740000	7.220000	1.070000	0.510000	65.000000	24.000000	12	0.000000	0.000000	0.000000	0	0	0	
478359	2420	0.140000	9.650000	7.170000	1.070000	0.500000	65.000000	24.000000	11	0.000000	0.000000	0.000000	0	0	0	
478562	2422	0.140000	10.020000	7.440000	1.050000	0.520000	65.000000	24.000000	13	0.000000	0.000000	0.000000	0	0	0	
478766	2436	0.140000	10.110000	7.550000	1.060000	0.520000	65.000000	24.000000	11	0.000000	0.000000	0.000000	0	0	0	
478953	2434	0.140000	10.000000	7.460000	1.070000	0.510000	65.000000	24.000000	11	0.000000	0.000000	0.000000	0	0	0	
479156	2449	0.140000	9.780000	7.320000	1.080000	0.510000	65.000000	24.000000	11	0.000000	0.000000	0.000000	0	0	0	
479344	2452	0.140000	9.960000	7.420000	1.070000	0.510000	65.000000	24.000000	11	0.000000	0.000000	0.000000	0	0	0	
479547	2456	0.140000	10.020000	7.470000	1.070000	0.510000	65.000000	24.000000	11	0.000000	0.000000	0.000000	0	0	0	
479750	2471	0.140000	10.000000	7.390000	1.060000	0.510000	65.000000	24.000000	12	0.000000	0.000000	0.000000	0	0	0	
479937	2473	0.140000	9.660000	7.180000	1.060000	0.510000	65.000000	24.000000	12	0.000000	0.000000	0.000000	0	0	0	
480219	2482	0.140000	9.880000	7.350000	1.060000	0.500000	65.000000	24.000000	12	0.000000	0.000000	0.000000	0	0	0	
480422	2490	0.140000	9.740000	7.310000	1.080000	0.500000	65.000000	24.000000	11	0.000000	0.000000	0.000000	0	0	0	
480625	2496	0.140000	9.640000	7.160000	1.070000	0.500000	65.000000	24.000000	12	0.000000	0.000000	0.000000	0	0	0	
480844	2504	0.140000	9.630000	7.210000	1.080000	0.500000	65.000000	24.000000	11	0.000000	0.000000	0.000000	0	0	0	
481047	2508	0.140000	9.760000	7.320000	1.080000	0.500000	65.000000	24.000000	12	0.000000	0.000000	0.000000	0	0	0	
481234	2523	0.140000	9.640000	7.190000	1.070000	0.500000	65.000000	24.000000	13	0.000000	0.000000	0.000000	0	0	0	
481437	2522	0.140000	9.510000	7.080000	1.060000	0.500000	65.000000	24.000000	14	0.000000	0.000000	0.000000	0	0	0	
481641	2543	0.140000	9.580000	7.080000	1.070000	0.490000	65.000000	24.000000	12	0.000000	0.000000	0.000000	0	0	0	
481844	2538	0.140000	9.640000	7.160000	1.060000	0.490000	65.000000	24.000000	13	0.000000	0.000000	0.000000	0	0	0	
482031	2545	0.140000	9.300000	6.780000	1.070000	0.470000	65.000000	24.000000	11	0.000000	0.000000	0.000000	0	0	0	
482250	2547	0.140000	8.580000	6.340000	1.070000	0.450000	65.000000	24.000000	12	0.000000	0.000000	0.000000	0	0	0	
482437	2556	0.140000	8.480000	6.250000	1.070000	0.430000	65.000000	24.000000	10	0.000000	0.000000	0.000000	0	0	0	
482641	2539	0.140000	8.630000	6.370000	1.090000	0.430000	65.000000	24.000000	11	0.000000	0.000000	0.000000	0	0	0	
482844	2543	0.140000	8.540000	6.300000	1.070000	0.430000	65.000000	24.000000	11	0.000000	0.000000	0.000000	0	0	0	
483078	2533	0.140000	8.330000	6.160000	1.070000	0.440000	65.000000	24.000000	12	0.000000	0.000000	0.000000	0	0	0	
483266	2537	0.140000	8.380000	6.180000	1.080000	0.420000	65.000000	24.000000	10	0.000000	0.000000	0.000000	0	0	0	
483453	2536	0.140000	8.370000	6.140000	1.090000	0.420000	65.000000	24.000000	12	0.000000	0.000000	0.000000	0	0	0	
483687	2523	0.140000	8.300000	6.060000	1.070000	0.420000	65.000000	24.000000	12	0.000000	0.000000	0.000000	0	0	0	
483875	2524	0.140000	8.140000	5.940000	1.070000	0.410000	65.000000	24.000000	14	0.000000	0.000000	0.000000	0	0	0	
484094	2515	0.140000	7.990000	5.830000	1.070000	0.410000	65.000000	25.000000	14	0.000000	0.000000	0.000000	0	0	0	
484375	2501	0.140000	6.280000	4.220000	1.090000	0.320000	65.000000	24.000000	135	0.000000	0.000000	0.000000	0	0	0	
484609	2479	0.140000	5.930000	3.900000	1.080000	0.300000	65.000000	25.000000	118	0.000000	0.000000	0.000000	0	0	0	
484797	2471	0.140000	5.540000	3.530000	1.090000	0.280000	65.000000	25.000000	13	0.000000	0.000000	0.000000	0	0	0	
485016	2431	0.140000	5.410000	3.420000	1.080000	0.270000	65.000000	25.000000	0	0.000000	0.000000	0.000000	0	0	0	
485219	2415	0.140000	5.220000	3.290000	1.090000	0.270000	65.000000	25.000000	0	0.000000	0.000000	0.000000	0	0	0	
485437	2381	0.140000	5.110000	3.260000	1.090000	0.270000	65.000000	25.000000	0	0.000000	0.000000	0.000000	0	0	0	
485625	2327	0.140000	4.930000	3.140000	1.080000	0.270000	65.000000	25.000000	0	0.000000	0.000000	0.000000	0	0	0	
485828	2274	0.140000	4.810000	3.060000	1.090000	0.260000	65.000000	25.000000	0	0.000000	0.000000	0.000000	0	0	0	
486047	2259	0.140000	4.680000	2.970000	1.090000	0.260000	65.000000	25.000000	0	0.000000	0.000000	0.000000	0	0	0	
486266	2260	0.140000	4.680000	3.000000	1.080000	0.260000	65.000000	25.000000	0	0.000000	0.000000	0.000000	0	0	0	
486453	2216	0.140000	2.590000	1.110000	1.080000	0.260000	65.000000	25.000000	0	0.000000	0.000000	0.000000	0	0	0	
486703	2157	0.140000	0.000000	0.000000	1.130000	0.270000	65.000000	25.000000	0	0.000000	0.000000	0.000000	0	0	0	
486891	2099	0.140000	5.860000	3.820000	1.080000	0.270000	65.000000	25.000000	0	0.000000	0.000000	0.000000	0	0	0	
487094	2038	0.140000	5.690000	3.640000	1.070000	0.260000	65.000000	25.000000	248	0.000000	0.000000	0.000000	0	0	0	
487312	2051	0.140000	5.420000	3.430000	1.070000	0.250000	65.000000	25.000000	0	0.000000	0.000000	0.000000	0	0	0	
487500	1996	0.140000	5.440000	3.450000	1.090000	0.260000	65.000000	25.000000	0	0.000000	0.000000	0.000000	0	0	0	
487719	1959	0.140000	5.370000	3.420000	1.090000	0.270000	65.000000	25.000000	0	0.000000	0.000000	0.000000	0	0	0	
487906	1944	0.140000	5.410000	3.440000	1.080000	0.290000	65.000000	25.000000	0	0.000000	0.000000	0.000000	0	0	0	
488125	1916	0.140000	5.680000	3.650000	1.080000	0.300000	65.000000	25.000000	0	0.000000	0.000000	0.000000	0	0	0	
488312	1897	0.140000	5.680000	3.690000	1.080000	0.300000	65.000000	25.000000	0	0.000000	0.000000	0.000000	0	0	0	
488625	1872	0.140000	5.780000	3.780000	1.080000	0.300000	65.000000	25.000000	3	0.000000	0.000000	0.000000	0	0	0	
488844	1831	0.140000	5.540000	3.550000	1.080000	0.310000	65.000000	25.000000	6	0.000000	0.000000	0.000000	0	0	0	
489047	1822	0.140000	5.520000	3.570000	1.090000	0.310000	65.000000	25.000000	0	0.000000	0.000000	0.000000	0	0	0	
489250	1687	0.140000	0.000000	0.000000	1.110000	0.320000	65.000000	25.000000	135	0.000000	0.000000	0.000000	0	0	0	
489437	1432	0.140000	0.000000	0.000000	1.100000	0.340000	65.000000	25.000000	0	0.000000	0.000000	0.000000	0	0	0	
489641	1163	0.140000	5.490000	3.530000	1.090000	0.350000	65.000000	25.000000	254	0.000000	0.000000	0.000000	0	0	0	
489875	1027	0.140000	7.370000	5.430000	1.090000	0.380000	65.000000	25.000000	0	0.000000	0.000000	0.000000	0	0	0	
490094	1106	0.140000	7.520000	5.540000	1.090000	0.370000	65.000000	25.000000	0	0.000000	0.000000	0.000000	0	0	0	
490344	1173	0.140000	7.370000	5.400000	1.070000	0.370000	65.000000	25.000000	0	0.000000	0.000000	0.000000	0	0	0	
490562	1187	0.140000	6.990000	4.840000	1.090000	0.340000	65.000000	25.000000	0	0.000000	0.000000	0.000000	0	0	0	
490750	1155	0.140000	6.680000	4.710000	1.080000	0.340000	65.000000	25.000000	0	0.000000	0.000000	0.000000	0	0	0	
490953	1086	0.140000	5.930000	4.080000	1.080000	0.340000	65.000000	25.000000	0	0.000000	0.000000	0.000000	0	0	0	
491172	1051	0.140000	5.890000	4.040000	1.100000	0.330000	65.000000	25.000000	0	0.000000	0.000000	0.000000	0	0	0	
491359	993	0.140000	5.830000	4.000000	1.090000	0.340000	65.000000	25.000000	0	0.000000	0.000000	0.000000	0	0	0	
491578	901	0.140000	5.880000	4.050000	1.090000	0.360000	65.000000	25.000000	0	0.000000	0.000000	0.000000	0	0	0	
491812	858	0.140000	6.510000	4.570000	1.080000	0.400000	65.000000	25.000000	0	0.000000	0.000000	0.000000	0	0	0	
492031	918	0.140000	6.610000	4.640000	1.090000	0.400000	65.000000	25.000000	13	0.000000	0.000000	0.000000	0	0	0	
492234	924	0.140000	6.570000	4.630000	1.090000	0.390000	65.000000	25.000000	11	0.000000	0.000000	0.000000	0	0	0	
492453	933	0.140000	6.580000	4.640000	1.090000	0.400000	65.000000	25.000000	14	0.000000	0.000000	0.000000	0	0	0	
492656	1137	0.140000	6.990000	4.950000	1.060000	0.430000	65.000000	25.000000	12	0.000000	0.000000	0.000000	0	0	0	
492937	1239	0.140000	7.000000	4.980000	1.080000	0.430000	65.000000	25.000000	12	0.000000	0.000000	0.000000	0	0	0	
493141	1215	0.140000	7.500000	5.510000	1.080000	0.440000	65.000000	25.000000	55	0.000000	0.000000	0.000000	0	0	0	
493344	1211	0.140000	7.810000	5.790000	1.090000	0.450000	65.000000	25.000000	54	0.000000	0.000000	0.000000	0	0	0	
493547	1211	0.140000	7.840000	5.820000	1.070000	0.450000	65.000000	25.000000	72	0.000000	0.000000	0.000000	0	0	0	
493750	1224	0.140000	8.030000	5.960000	1.070000	0.460000	65.000000	25.000000	71	0.000000	0.000000	0.000000	0	0	0	
493953	1244	0.140000	8.380000	6.280000	1.070000	0.470000	65.000000	25.000000	71	0.000000	0.000000	0.000000	0	0	0	
494172	1254	0.140000	8.890000	6.730000	1.060000	0.500000	65.000000	25.000000	76	0.000000	0.000000	0.000000	0	0	0	
494406	1262	0.140000	9.330000	7.040000	1.080000	0.510000	65.000000	25.000000	70	0.000000	0.000000	0.000000	0	0	0	
494594	1292	0.140000	9.530000	7.160000	1.070000	0.520000	65.000000	25.000000	71	0.000000	0.000000	0.000000	0	0	0	
494797	1306	0.140000	9.750000	7.390000	1.080000	0.540000	65.000000	25.000000	71	0.000000	0.000000	0.000000	0	0	0	
495016	1331	0.140000	10.220000	7.760000	1.070000	0.560000	65.000000	25.000000	56	0.000000	0.000000	0.000000	0	0	0	
495203	1353	0.140000	10.300000	7.680000	1.060000	0.560000	65.000000	25.000000	53	0.000000	0.000000	0.000000	0	0	0	
495406	1387	0.140000	9.870000	7.490000	1.070000	0.550000	65.000000	25.000000	54	0.000000	0.000000	0.000000	0	0	0	
495609	1417	0.140000	9.930000	7.480000	1.080000	0.540000	65.000000	25.000000	55	0.000000	0.000000	0.000000	0	0	0	
495828	1443	0.140000	9.630000	7.250000	1.070000	0.540000	65.000000	25.000000	55	0.000000	0.000000	0.000000	0	0	0	
496031	1472	0.140000	9.470000	7.130000	1.070000	0.530000	65.000000	25.000000	54	0.000000	0.000000	0.000000	0	0	0	
496234	1505	0.140000	9.440000	7.080000	1.070000	0.520000	65.000000	25.000000	53	0.000000	0.000000	0.000000	0	0	0	
496422	1526	0.140000	9.590000	7.170000	1.060000	0.510000	65.000000	25.000000	56	0.000000	0.000000	0.000000	0	0	0	
496641	1552	0.140000	9.460000	7.030000	1.080000	0.500000	65.000000	25.000000	55	0.000000	0.000000	0.000000	0	0	0	
496828	1574	0.140000	9.490000	6.970000	1.070000	0.510000	65.000000	25.000000	53	0.000000	0.000000	0.000000	0	0	0	
497109	1606	0.140000	9.100000	6.810000	1.060000	0.500000	65.000000	25.000000	13	0.000000	0.000000	0.000000	0	0	0	
497344	1637	0.140000	10.170000	7.580000	1.070000	0.530000	66.000000	25.000000	14	0.000000	0.000000	0.000000	0	0	0	
497531	1672	0.140000	10.220000	7.620000	1.060000	0.550000	66.000000	25.000000	13	0.000000	0.000000	0.000000	0	0	0	
497734	1702	0.140000	10.470000	7.840000	1.060000	0.560000	66.000000	25.000000	11	0.000000	0.000000	0.000000	0	0	0	
497953	1733	0.140000	10.580000	7.940000	1.070000	0.570000	66.000000	25.000000	12	0.000000	0.000000	0.000000	0	0	0	
498172	1775	0.140000	10.470000	7.810000	1.060000	0.560000	66.000000	25.000000	11	0.000000	0.000000	0.000000	0	0	0	
498391	1807	0.140000	10.170000	7.500000	1.060000	0.560000	66.000000	25.000000	12	0.000000	0.000000	0.000000	0	0	0	
498594	1842	0.140000	9.790000	7.160000	1.060000	0.540000	66.000000	25.000000	13	0.000000	0.000000	0.000000	0	0	0	
498781	1870	0.140000	9.240000	6.860000	1.080000	0.520000	66.000000	25.000000	11	0.000000	0.000000	0.000000	0	0	0	
498984	1890	0.140000	8.600000	6.360000	1.060000	0.490000	66.000000	25.000000	13	0.000000	0.000000	0.000000	0	0	0	
499187	1907	0.140000	7.300000	5.120000	1.080000	0.420000	66.000000	25.000000	13	0.000000	0.000000	0.000000	0	0	0	
499406	1916	0.140000	6.990000	4.850000	1.070000	0.370000	66.000000	25.000000	14	0.000000	0.000000	0.000000	0	0	0	
499594	1912	0.140000	5.760000	3.760000	1.080000	0.320000	66.000000	25.000000	254	0.000000	0.000000	0.000000	0	0	0	
499812	1907	0.140000	5.280000	3.370000	1.080000	0.290000	66.000000	25.000000	254	0.000000	0.000000	0.000000	0	0	0	
500000	1888	0.140000	5.160000	3.300000	1.090000	0.290000	66.000000	25.000000	254	0.000000	0.000000	0.000000	0	0	0	
500203	1866	0.140000	5.070000	3.240000	1.090000	0.280000	66.000000	25.000000	254	0.000000	0.000000	0.000000	0	0	0	
500406	1903	0.140000	4.930000	3.140000	1.070000	0.280000	66.000000	25.000000	0	0.000000	0.000000	0.000000	0	0	0	
500609	1864	0.140000	4.800000	3.060000	1.070000	0.280000	66.000000	25.000000	0	0.000000	0.000000	0.000000	0	0	0	
500812	1881	0.140000	4.680000	2.960000	1.080000	0.280000	66.000000	25.000000	0	0.000000	0.000000	0.000000	0	0	0	
501000	1875	0.140000	4.680000	3.000000	1.080000	0.280000	66.000000	25.000000	0	0.000000	0.000000	0.000000	0	0	0	
501297	1863	0.140000	4.680000	2.980000	1.080000	0.280000	66.000000	25.000000	0	0.000000	0.000000	0.000000	0	0	0	
501484	1853	0.140000	4.640000	2.940000	1.090000	0.280000	66.000000	25.000000	0	0.000000	0.000000	0.000000	0	0	0	
501672	1857	0.140000	4.570000	2.910000	1.080000	0.290000	66.000000	25.000000	0	0.000000	0.000000	0.000000	0	0	0	
501875	1843	0.140000	4.530000	2.870000	1.080000	0.290000	66.000000	25.000000	0	0.000000	0.000000	0.000000	0	0	0	
502078	1845	0.140000	4.610000	2.920000	1.080000	0.290000	66.000000	25.000000	0	0.000000	0.000000	0.000000	0	0	0	
502281	1839	0.140000	4.620000	2.920000	1.080000	0.290000	66.000000	25.000000	0	0.000000	0.000000	0.000000	0	0	0	
502469	1831	0.140000	4.510000	2.860000	1.070000	0.290000	66.000000	25.000000	0	0.000000	0.000000	0.000000	0	0	0	
502672	1831	0.140000	4.650000	2.950000	1.080000	0.300000	66.000000	25.000000	0	0.000000	0.000000	0.000000	0	0	0	
502859	1817	0.140000	4.610000	2.930000	1.090000	0.290000	66.000000	25.000000	0	0.000000	0.000000	0.000000	0	0	0	
503062	1820	0.140000	4.550000	2.890000	1.090000	0.300000	66.000000	25.000000	0	0.000000	0.000000	0.000000	0	0	0	
503266	1817	0.140000	4.610000	2.930000	1.090000	0.290000	66.000000	25.000000	0	0.000000	0.000000	0.000000	0	0	0	
503469	1803	0.140000	4.670000	2.960000	1.070000	0.300000	66.000000	25.000000	0	0.000000	0.000000	0.000000	0	0	0	
503687	1797	0.140000	4.650000	2.960000	1.070000	0.300000	66.000000	25.000000	0	0.000000	0.000000	0.000000	0	0	0	
503875	1812	0.140000	4.680000	3.030000	1.070000	0.300000	66.000000	25.000000	0	0.000000	0.000000	0.000000	0	0	0	
504078	1807	0.140000	4.680000	3.000000	1.080000	0.300000	66.000000	25.000000	0	0.000000	0.000000	0.000000	0	0	0	
504328	1788	0.140000	4.680000	3.020000	1.080000	0.300000	66.000000	25.000000	253	0.000000	0.000000	0.000000	0	0	0	
504547	1806	0.140000	4.900000	3.140000	1.080000	0.300000	66.000000	25.000000	0	0.000000	0.000000	0.000000	0	0	0	
504719	1805	0.140000	4.820000	3.060000	1.080000	0.300000	66.000000	25.000000	0	0.000000	0.000000	0.000000	0	0	0	
504969	1777	0.140000	4.910000	3.150000	1.080000	0.300000	66.000000	25.000000	0	0.000000	0.000000	0.000000	0	0	0	
505156	1800	0.140000	4.960000	3.170000	1.080000	0.310000	66.000000	25.000000	254	0.000000	0.000000	0.000000	0	0	0	
505422	1789	0.140000	4.840000	3.100000	1.080000	0.310000	66.000000	26.000000	0	0.000000	0.000000	0.000000	0	0	0	
505656	1787	0.140000	5.000000	3.210000	1.080000	0.310000	66.000000	26.000000	58	0.000000	0.000000	0.000000	0	0	0	
505844	1782	0.140000	4.990000	3.180000	1.080000	0.310000	66.000000	26.000000	0	0.000000	0.000000	0.000000	0	0	0	
506078	1780	0.140000	5.020000	3.210000	1.070000	0.310000	66.000000	26.000000	34	0.000000	0.000000	0.000000	0	0	0	
506297	1783	0.140000	5.140000	3.280000	1.060000	0.310000	66.000000	26.000000	113	0.000000	0.000000	0.000000	0	0	0	
506500	1784	0.140000	5.110000	3.250000	1.070000	0.300000	66.000000	26.000000	0	0.000000	0.000000	0.000000	0	0	0	
506703	1778	0.140000	5.130000	3.270000	1.080000	0.310000	66.000000	26.000000	0	0.000000	0.000000	0.000000	0	0	0	
506891	1789	0.140000	5.220000	3.320000	1.070000	0.310000	66.000000	26.000000	0	0.000000	0.000000	0.000000	0	0	0	
507094	1773	0.140000	5.110000	3.250000	1.080000	0.310000	66.000000	26.000000	0	0.000000	0.000000	0.000000	0	0	0	
507312	1772	0.140000	5.200000	3.320000	1.070000	0.310000	66.000000	26.000000	19	0.000000	0.000000	0.000000	0	0	0	
507531	1775	0.140000	5.270000	3.360000	1.070000	0.310000	66.000000	26.000000	0	0.000000	0.000000	0.000000	0	0	0	
507719	1763	0.140000	5.200000	3.320000	1.070000	0.310000	66.000000	26.000000	0	0.000000	0.000000	0.000000	0	0	0	
507922	1771	0.140000	5.250000	3.340000	1.070000	0.310000	66.000000	26.000000	0	0.000000	0.000000	0.000000	0	0	0	
508109	1777	0.140000	5.270000	3.360000	1.070000	0.310000	66.000000	26.000000	0	0.000000	0.000000	0.000000	0	0	0	
508312	1768	0.140000	5.220000	3.330000	1.070000	0.310000	66.000000	26.000000	0	0.000000	0.000000	0.000000	0	0	0	
508516	1782	0.140000	5.210000	3.320000	1.070000	0.300000	66.000000	26.000000	0	0.000000	0.000000	0.000000	0	0	0	
508703	1770	0.140000	5.270000	3.360000	1.080000	0.310000	66.000000	26.000000	0	0.000000	0.000000	0.000000	0	0	0	
508891	1770	0.140000	5.150000	3.280000	1.080000	0.300000	66.000000	26.000000	252	0.000000	0.000000	0.000000	0	0	0	
509094	1772	0.140000	5.090000	3.250000	1.070000	0.300000	66.000000	26.000000	0	0.000000	0.000000	0.000000	0	0	0	
509312	1758	0.140000	5.250000	3.330000	1.070000	0.300000	66.000000	26.000000	0	0.000000	0.000000	0.000000	0	0	0	
509625	1751	0.140000	5.490000	3.530000	1.060000	0.320000	66.000000	26.000000	0	0.000000	0.000000	0.000000	0	0	0	
509812	1741	0.140000	5.620000	3.650000	1.060000	0.320000	66.000000	26.000000	0	0.000000	0.000000	0.000000	0	0	0	
510016	1763	0.140000	5.680000	3.680000	1.070000	0.320000	66.000000	26.000000	0	0.000000	0.000000	0.000000	0	0	0	
510219	1733	0.140000	5.660000	3.690000	1.080000	0.330000	66.000000	26.000000	0	0.000000	0.000000	0.000000	0	0	0	
510437	1723	0.140000	5.790000	3.790000	1.080000	0.330000	66.000000	26.000000	0	0.000000	0.000000	0.000000	0	0	0	
510625	1729	0.140000	5.750000	3.790000	1.070000	0.330000	66.000000	26.000000	0	0.000000	0.000000	0.000000	0	0	0	
510828	1711	0.140000	5.820000	3.830000	1.070000	0.320000	66.000000	26.000000	0	0.000000	0.000000	0.000000	0	0	0	
511031	1690	0.140000	5.890000	3.900000	1.080000	0.330000	66.000000	26.000000	0	0.000000	0.000000	0.000000	0	0	0	
511219	1704	0.140000	5.700000	3.710000	1.070000	0.310000	66.000000	26.000000	0	0.000000	0.000000	0.000000	0	0	0	
511437	1684	0.140000	5.640000	3.660000	1.070000	0.310000	66.000000	26.000000	0	0.000000	0.000000	0.000000	0	0	0	
511641	1530	0.140000	0.000000	0.000000	1.100000	0.330000	66.000000	26.000000	0	0.000000	0.000000	0.000000	0	0	0	
511844	1211	0.140000	0.000000	0.000000	1.100000	0.350000	66.000000	26.000000	0	0.000000	0.000000	0.000000	0	0	0	
512078	1003	0.140000	7.120000	5.070000	1.080000	0.390000	66.000000	26.000000	0	0.000000	0.000000	0.000000	0	0	0	
512281	1074	0.140000	7.260000	5.250000	1.070000	0.400000	66.000000	26.000000	0	0.000000	0.000000	0.000000	0	0	0	
512484	1166	0.140000	7.220000	5.180000	1.080000	0.380000	66.000000	26.000000	0	0.000000	0.000000	0.000000	0	0	0	
512687	1224	0.140000	6.440000	4.450000	1.070000	0.350000	66.000000	26.000000	0	0.000000	0.000000	0.000000	0	0	0	
512906	1233	0.140000	6.110000	4.200000	1.090000	0.340000	66.000000	26.000000	0	0.000000	0.000000	0.000000	0	0	0	
513109	1207	0.140000	5.940000	4.040000	1.070000	0.340000	66.000000	26.000000	0	0.000000	0.000000	0.000000	0	0	0	
513312	1170	0.140000	5.800000	3.970000	1.080000	0.330000	66.000000	26.000000	0	0.000000	0.000000	0.000000	0	0	0	
513547	1111	0.140000	5.750000	3.910000	1.080000	0.330000	66.000000	26.000000	0	0.000000	0.000000	0.000000	0	0	0	
513828	1033	0.140000	5.700000	3.930000	1.080000	0.340000	66.000000	26.000000	0	0.000000	0.000000	0.000000	0	0	0	
514016	962	0.140000	5.860000	4.050000	1.090000	0.350000	66.000000	26.000000	0	0.000000	0.000000	0.000000	0	0	0	
514203	895	0.140000	6.000000	4.140000	1.070000	0.370000	67.000000	26.000000	0	0.000000	0.000000	0.000000	0	0	0	
514406	882	0.140000	6.340000	4.380000	1.080000	0.370000	67.000000	26.000000	0	0.000000	0.000000	0.000000	0	0	0	
514594	901	0.140000	6.410000	4.460000	1.090000	0.370000	67.000000	26.000000	0	0.000000	0.000000	0.000000	0	0	0	
514812	903	0.140000	6.390000	4.440000	1.070000	0.390000	66.000000	26.000000	0	0.000000	0.000000	0.000000	0	0	0	
515000	894	0.140000	6.370000	4.450000	1.090000	0.380000	67.000000	26.000000	0	0.000000	0.000000	0.000000	0	0	0	
515187	890	0.140000	6.570000	4.580000	1.070000	0.390000	67.000000	26.000000	0	0.000000	0.000000	0.000000	0	0	0	
515406	899	0.140000	6.540000	4.560000	1.080000	0.390000	67.000000	26.000000	0	0.000000	0.000000	0.000000	0	0	0	
515594	889	0.140000	6.670000	4.680000	1.080000	0.390000	67.000000	26.000000	2	0.000000	0.000000	0.000000	0	0	0	
515781	888	0.140000	6.590000	4.650000	1.080000	0.400000	67.000000	26.000000	0	0.000000	0.000000	0.000000	0	0	0	
516000	905	0.140000	6.760000	4.780000	1.080000	0.410000	67.000000	26.000000	0	0.000000	0.000000	0.000000	0	0	0	
516187	928	0.140000	6.800000	4.820000	1.080000	0.400000	67.000000	26.000000	0	0.000000	0.000000	0.000000	0	0	0	
516391	914	0.140000	6.640000	4.670000	1.090000	0.390000	67.000000	26.000000	0	0.000000	0.000000	0.000000	0	0	0	
516609	913	0.140000	6.760000	4.760000	1.090000	0.390000	67.000000	26.000000	0	0.000000	0.000000	0.000000	0	0	0	
516797	922	0.140000	6.590000	4.630000	1.070000	0.390000	67.000000	26.000000	0	0.000000	0.000000	0.000000	0	0	0	
517016	917	0.140000	6.700000	4.690000	1.080000	0.380000	67.000000	26.000000	0	0.000000	0.000000	0.000000	0	0	0	
517219	919	0.140000	6.630000	4.640000	1.060000	0.400000	67.000000	26.000000	0	0.000000	0.000000	0.000000	0	0	0	
517422	908	0.140000	6.670000	4.660000	1.070000	0.400000	67.000000	26.000000	0	0.000000	0.000000	0.000000	0	0	0	
517656	917	0.140000	6.700000	4.710000	1.090000	0.390000	67.000000	26.000000	0	0.000000	0.000000	0.000000	0	0	0	
517922	916	0.140000	6.530000	4.550000	1.080000	0.400000	67.000000	26.000000	0	0.000000	0.000000	0.000000	0	0	0	
518125	910	0.140000	6.640000	4.650000	1.080000	0.390000	67.000000	26.000000	0	0.000000	0.000000	0.000000	0	0	0	
518328	910	0.140000	6.580000	4.600000	1.090000	0.390000	67.000000	26.000000	0	0.000000	0.000000	0.000000	0	0	0	
518547	920	0.140000	6.640000	4.650000	1.070000	0.400000	67.000000	26.000000	0	0.000000	0.000000	0.000000	0	0	0	
518734	917	0.140000	6.530000	4.570000	1.080000	0.400000	67.000000	26.000000	0	0.000000	0.000000	0.000000	0	0	0	
518937	906	0.140000	6.580000	4.600000	1.070000	0.400000	67.000000	26.000000	0	0.000000	0.000000	0.000000	0	0	0	
519141	909	0.140000	6.580000	4.600000	1.070000	0.390000	67.000000	26.000000	0	0.000000	0.000000	0.000000	0	0	0	
519328	885	0.140000	6.200000	4.320000	1.090000	0.350000	67.000000	26.000000	0	0.000000	0.000000	0.000000	0	0	0	
519547	823	0.140000	6.110000	4.200000	1.080000	0.360000	67.000000	26.000000	0	0.000000	0.000000	0.000000	0	0	0	
519766	790	0.140000	6.110000	4.240000	1.090000	0.360000	67.000000	26.000000	0	0.000000	0.000000	0.000000	0	0	0	
519953	750	0.140000	6.390000	4.480000	1.080000	0.390000	67.000000	26.000000	0	0.000000	0.000000	0.000000	0	0	0	
520156	767	0.140000	6.780000	4.820000	1.090000	0.400000	67.000000	26.000000	55	0.000000	0.000000	0.000000	0	0	0	
520344	790	0.140000	6.710000	4.750000	1.080000	0.400000	67.000000	26.000000	55	0.000000	0.000000	0.000000	0	0	0	
520531	809	0.140000	6.660000	4.680000	1.070000	0.410000	67.000000	26.000000	1	0.000000	0.000000	0.000000	0	0	0	
520750	812	0.140000	6.620000	4.650000	1.090000	0.400000	67.000000	26.000000	18	0.000000	0.000000	0.000000	0	0	0	
520937	816	0.140000	6.530000	4.550000	1.090000	0.390000	67.000000	26.000000	0	0.000000	0.000000	0.000000	0	0	0	
521156	803	0.140000	6.410000	4.440000	1.070000	0.400000	67.000000	26.000000	0	0.000000	0.000000	0.000000	0	0	0	
521328	792	0.140000	6.410000	4.460000	1.090000	0.400000	67.000000	26.000000	0	0.000000	0.000000	0.000000	0	0	0	
521531	799	0.140000	6.340000	4.400000	1.090000	0.400000	67.000000	26.000000	0	0.000000	0.000000	0.000000	0	0	0	
521719	794	0.140000	6.390000	4.440000	1.090000	0.400000	67.000000	26.000000	18	0.000000	0.000000	0.000000	0	0	0	
521984	803	0.140000	6.380000	4.450000	1.090000	0.390000	67.000000	26.000000	0	0.000000	0.000000	0.000000	0	0	0	
522187	796	0.140000	6.450000	4.500000	1.080000	0.410000	67.000000	26.000000	0	0.000000	0.000000	0.000000	0	0	0	
522406	807	0.140000	6.390000	4.440000	1.080000	0.400000	67.000000	26.000000	1	0.000000	0.000000	0.000000	0	0	0	
522625	807	0.140000	6.330000	4.390000	1.080000	0.400000	67.000000	26.000000	0	0.000000	0.000000	0.000000	0	0	0	
522812	802	0.140000	6.390000	4.460000	1.080000	0.400000	67.000000	26.000000	1	0.000000	0.000000	0.000000	0	0	0	
523047	785	0.140000	6.360000	4.440000	1.090000	0.400000	67.000000	26.000000	0	0.000000	0.000000	0.000000	0	0	0	
523281	810	0.140000	6.490000	4.520000	1.080000	0.410000	67.000000	26.000000	0	0.000000	0.000000	0.000000	0	0	0	
523500	807	0.140000	6.460000	4.490000	1.090000	0.390000	67.000000	26.000000	0	0.000000	0.000000	0.000000	0	0	0	
523687	797	0.140000	6.370000	4.440000	1.080000	0.410000	67.000000	26.000000	0	0.000000	0.000000	0.000000	0	0	0	
523922	805	0.140000	6.460000	4.490000	1.080000	0.410000	67.000000	26.000000	0	0.000000	0.000000	0.000000	0	0	0	
524141	805	0.140000	6.430000	4.460000	1.080000	0.410000	67.000000	27.000000	0	0.000000	0.000000	0.000000	0	0	0	
524328	790	0.140000	7.200000	5.160000	1.080000	0.450000	67.000000	27.000000	1	0.000000	0.000000	0.000000	0	0	0	
524531	787	0.140000	7.850000	5.820000	1.080000	0.520000	68.000000	27.000000	108	0.000000	0.000000	0.000000	0	0	0	
524734	946	0.140000	8.340000	6.300000	1.070000	0.510000	68.000000	27.000000	119	0.000000	0.000000	0.000000	0	0	0	
524922	1092	0.140000	7.870000	5.820000	1.090000	0.460000	68.000000	27.000000	0	0.000000	0.000000	0.000000	0	0	0	
525141	1181	0.140000	7.010000	4.970000	1.080000	0.420000	68.000000	27.000000	0	0.000000	0.000000	0.000000	0	0	0	
525359	1137	0.140000	6.770000	4.770000	1.070000	0.410000	68.000000	27.000000	0	0.000000	0.000000	0.000000	0	0	0	
525547	1063	0.140000	2.340000	0.860000	1.050000	0.440000	68.000000	27.000000	0	0.000000	0.000000	0.000000	0	0	0	
525766	966	0.140000	2.440000	0.870000	1.050000	0.560000	68.000000	27.000000	0	0.000000	0.000000	0.000000	0	0	0	
525984	1016	0.140000	10.470000	7.910000	1.060000	0.580000	68.000000	27.000000	0	0.000000	0.000000	0.000000	0	0	0	
526266	1225	0.140000	10.010000	7.570000	1.060000	0.540000	68.000000	27.000000	0	0.000000	0.000000	0.000000	0	0	0	
526453	1328	0.140000	9.190000	6.950000	1.070000	0.500000	68.000000	27.000000	0	0.000000	0.000000	0.000000	0	0	0	
526656	1413	0.140000	8.140000	6.000000	1.060000	0.490000	68.000000	27.000000	0	0.000000	0.000000	0.000000	0	0	0	
526859	1481	0.140000	8.020000	5.870000	1.070000	0.470000	68.000000	27.000000	0	0.000000	0.000000	0.000000	0	0	0	
527062	1549	0.140000	7.730000	5.600000	1.070000	0.440000	68.000000	27.000000	0	0.000000	0.000000	0.000000	0	0	0	
527266	1577	0.140000	6.900000	4.830000	1.090000	0.380000	68.000000	27.000000	0	0.000000	0.000000	0.000000	0	0	0	
527469	1593	0.140000	6.250000	4.230000	1.080000	0.340000	68.000000	27.000000	0	0.000000	0.000000	0.000000	0	0	0	
527672	1434	0.140000	0.000000	0.000000	1.090000	0.340000	68.000000	27.000000	0	0.000000	0.000000	0.000000	0	0	0	
527859	1139	0.140000	6.250000	4.210000	1.070000	0.340000	68.000000	27.000000	0	0.000000	0.000000	0.000000	0	0	0	
528094	923	0.140000	6.190000	4.250000	1.080000	0.350000	68.000000	27.000000	0	0.000000	0.000000	0.000000	0	0	0	
528328	920	0.140000	6.510000	4.610000	1.080000	0.370000	68.000000	27.000000	0	0.000000	0.000000	0.000000	0	0	0	
528516	902	0.140000	6.840000	4.830000	1.070000	0.380000	68.000000	27.000000	0	0.000000	0.000000	0.000000	0	0	0	
528719	902	0.140000	6.850000	4.820000	1.080000	0.370000	68.000000	27.000000	0	0.000000	0.000000	0.000000	0	0	0	
528984	877	0.140000	6.480000	4.510000	1.070000	0.360000	69.000000	27.000000	0	0.000000	0.000000	0.000000	0	0	0	
529219	822	0.140000	6.390000	4.440000	1.090000	0.360000	69.000000	27.000000	0	0.000000	0.000000	0.000000	0	0	0	
529406	801	0.140000	6.440000	4.470000	1.080000	0.390000	69.000000	27.000000	2	0.000000	0.000000	0.000000	0	0	0	
529609	780	0.140000	6.510000	4.600000	1.070000	0.430000	69.000000	27.000000	249	0.000000	0.000000	0.000000	0	0	0	
529844	793	0.140000	6.940000	4.940000	1.080000	0.430000	69.000000	27.000000	178	0.000000	0.000000	0.000000	0	0	0	
530031	802	0.140000	7.070000	5.040000	1.090000	0.430000	69.000000	27.000000	5	0.000000	0.000000	0.000000	0	0	0	
530219	817	0.140000	7.140000	5.100000	1.080000	0.430000	69.000000	27.000000	2	0.000000	0.000000	0.000000	0	0	0	
530484	813	0.140000	7.090000	5.060000	1.080000	0.430000	69.000000	27.000000	6	0.000000	0.000000	0.000000	0	0	0	
530703	814	0.140000	7.110000	5.080000	1.080000	0.430000	69.000000	27.000000	3	0.000000	0.000000	0.000000	0	0	0	
530891	807	0.140000	7.110000	5.080000	1.090000	0.430000	69.000000	27.000000	5	0.000000	0.000000	0.000000	0	0	0	
531109	806	0.140000	7.130000	5.090000	1.090000	0.430000	69.000000	27.000000	4	0.000000	0.000000	0.000000	0	0	0	
531328	803	0.140000	7.050000	5.020000	1.070000	0.440000	69.000000	27.000000	13	0.000000	0.000000	0.000000	0	0	0	
531516	806	0.140000	7.170000	5.130000	1.090000	0.430000	69.000000	27.000000	3	0.000000	0.000000	0.000000	0	0	0	
531703	811	0.140000	7.120000	5.090000	1.080000	0.430000	69.000000	27.000000	5	0.000000	0.000000	0.000000	0	0	0	
531922	803	0.140000	7.180000	5.140000	1.080000	0.440000	69.000000	27.000000	133	0.000000	0.000000	0.000000	0	0	0	
532141	812	0.140000	7.170000	5.130000	1.070000	0.440000	69.000000	27.000000	253	0.000000	0.000000	0.000000	0	0	0	
532328	813	0.140000	7.110000	5.080000	1.080000	0.440000	69.000000	27.000000	9	0.000000	0.000000	0.000000	0	0	0	
532531	800	0.140000	7.120000	5.090000	1.080000	0.430000	69.000000	27.000000	2	0.000000	0.000000	0.000000	0	0	0	
532750	811	0.140000	7.120000	5.090000	1.090000	0.420000	69.000000	27.000000	4	0.000000	0.000000	0.000000	0	0	0	
532953	799	0.140000	7.200000	5.160000	1.060000	0.440000	69.000000	27.000000	245	0.000000	0.000000	0.000000	0	0	0	
533172	808	0.140000	7.160000	5.120000	1.090000	0.430000	69.000000	28.000000	3	0.000000	0.000000	0.000000	0	0	0	
533391	803	0.140000	7.160000	5.120000	1.070000	0.430000	69.000000	28.000000	122	0.000000	0.000000	0.000000	0	0	0	
533594	803	0.140000	7.170000	5.130000	1.070000	0.440000	69.000000	28.000000	243	0.000000	0.000000	0.000000	0	0	0	
533812	819	0.140000	7.100000	5.060000	1.070000	0.450000	69.000000	28.000000	245	0.000000	0.000000	0.000000	0	0	0	
534031	849	0.140000	7.660000	5.630000	1.070000	0.500000	70.000000	28.000000	0	0.000000	0.000000	0.000000	0	0	0	
534234	894	0.140000	2.500000	1.020000	1.050000	0.540000	70.000000	28.000000	0	0.000000	0.000000	0.000000	0	0	0	
534437	1058	0.140000	9.760000	7.360000	1.070000	0.560000	70.000000	28.000000	0	0.000000	0.000000	0.000000	0	0	0	
534703	1390	0.140000	8.890000	6.650000	1.060000	0.490000	70.000000	28.000000	0	0.000000	0.000000	0.000000	0	0	0	
534891	1536	0.140000	7.370000	5.280000	1.070000	0.430000	70.000000	28.000000	0	0.000000	0.000000	0.000000	0	0	0	
535109	1439	0.140000	0.000000	0.000000	1.120000	0.360000	70.000000	28.000000	34	0.000000	0.000000	0.000000	0	0	0	
535297	1194	0.140000	7.010000	4.880000	1.120000	0.350000	70.000000	28.000000	0	0.000000	0.000000	0.000000	0	0	0	
535516	868	0.140000	6.970000	4.930000	1.080000	0.390000	70.000000	28.000000	0	0.000000	0.000000	0.000000	0	0	0	
535734	840	0.140000	7.230000	5.140000	1.080000	0.430000	70.000000	28.000000	3	0.000000	0.000000	0.000000	0	0	0	
535953	851	0.140000	7.620000	5.620000	1.070000	0.450000	70.000000	28.000000	253	0.000000	0.000000	0.000000	0	0	0	
536156	880	0.140000	7.610000	5.600000	1.070000	0.430000	70.000000	28.000000	0	0.000000	0.000000	0.000000	0	0	0	
536391	921	0.140000	9.840000	0.830000	1.060000	0.540000	70.000000	28.000000	0	0.000000	0.000000	0.000000	0	0	0	
536641	1183	0.140000	10.240000	7.740000	1.060000	0.540000	70.000000	28.000000	0	0.000000	0.000000	0.000000	0	0	0	
536828	1289	0.140000	9.110000	6.910000	1.070000	0.510000	70.000000	28.000000	0	0.000000	0.000000	0.000000	0	0	0	
537031	1257	0.140000	8.950000	6.730000	1.060000	0.510000	70.000000	28.000000	0	0.000000	0.000000	0.000000	0	0	0	
537234	1180	0.140000	8.990000	6.790000	1.080000	0.530000	70.000000	28.000000	0	0.000000	0.000000	0.000000	0	0	0	
537437	1125	0.140000	9.160000	6.950000	1.070000	0.550000	70.000000	28.000000	0	0.000000	0.000000	0.000000	0	0	0	
537641	1340	0.140000	6.630000	4.640000	1.080000	0.440000	70.000000	28.000000	254	0.000000	0.000000	0.000000	0	0	0	
537828	1463	0.140000	5.910000	4.020000	1.070000	0.350000	70.000000	28.000000	254	0.000000	0.000000	0.000000	0	0	0	
538031	1493	0.140000	5.970000	4.040000	1.070000	0.340000	70.000000	28.000000	254	0.000000	0.000000	0.000000	0	0	0	
538266	1504	0.140000	6.100000	4.060000	1.070000	0.330000	70.000000	28.000000	254	0.000000	0.000000	0.000000	0	0	0	
538453	1495	0.140000	5.700000	3.770000	1.070000	0.330000	70.000000	28.000000	254	0.000000	0.000000	0.000000	0	0	0	
538656	1456	0.140000	5.650000	3.740000	1.060000	0.320000	70.000000	28.000000	0	0.000000	0.000000	0.000000	0	0	0	
538969	1327	0.140000	5.560000	3.680000	1.060000	0.320000	70.000000	28.000000	0	0.000000	0.000000	0.000000	0	0	0	
539156	1197	0.140000	5.520000	3.700000	1.070000	0.320000	70.000000	28.000000	0	0.000000	0.000000	0.000000	0	0	0	
539359	1053	0.140000	5.600000	3.810000	1.080000	0.320000	70.000000	28.000000	0	0.000000	0.000000	0.000000	0	0	0	
539562	941	0.140000	5.570000	3.810000	1.070000	0.340000	70.000000	28.000000	0	0.000000	0.000000	0.000000	0	0	0	
539750	869	0.140000	5.660000	4.090000	1.080000	0.360000	70.000000	28.000000	0	0.000000	0.000000	0.000000	0	0	0	
539937	801	0.140000	6.100000	4.210000	1.080000	0.390000	70.000000	28.000000	0	0.000000	0.000000	0.000000	0	0	0	
540156	789	0.140000	6.390000	4.460000	1.070000	0.420000	70.000000	28.000000	0	0.000000	0.000000	0.000000	0	0	0	
540359	798	0.140000	6.540000	4.560000	1.090000	0.400000	70.000000	28.000000	0	0.000000	0.000000	0.000000	0	0	0	
540578	784	0.140000	6.510000	4.550000	1.080000	0.430000	70.000000	28.000000	92	0.000000	0.000000	0.000000	0	0	0	
540797	747	0.140000	2.400000	0.910000	1.070000	0.490000	70.000000	28.000000	0	0.000000	0.000000	0.000000	0	0	0	
541000	743	0.140000	8.710000	6.540000	1.080000	0.560000	70.000000	28.000000	0	0.000000	0.000000	0.000000	0	0	0	
541266	834	0.140000	9.380000	7.110000	1.070000	0.570000	70.000000	28.000000	11	0.000000	0.000000	0.000000	0	0	0	
541469	969	0.140000	8.600000	6.490000	1.080000	0.500000	70.000000	28.000000	13	0.000000	0.000000	0.000000	0	0	0	
541672	1028	0.140000	7.440000	5.480000	1.060000	0.460000	70.000000	29.000000	12	0.000000	0.000000	0.000000	0	0	0	
541859	1019	0.140000	7.150000	5.110000	1.070000	0.440000	70.000000	29.000000	13	0.000000	0.000000	0.000000	0	0	0	
542078	931	0.140000	7.060000	5.030000	1.080000	0.440000	70.000000	29.000000	0	0.000000	0.000000	0.000000	0	0	0	
542266	878	0.140000	7.270000	5.250000	1.070000	0.460000	70.000000	29.000000	0	0.000000	0.000000	0.000000	0	0	0	
542469	966	0.140000	7.260000	5.320000	1.080000	0.450000	70.000000	29.000000	0	0.000000	0.000000	0.000000	0	0	0	
542672	964	0.140000	7.310000	5.240000	1.070000	0.440000	70.000000	29.000000	0	0.000000	0.000000	0.000000	0	0	0	
542859	1024	0.140000	7.240000	5.270000	1.080000	0.420000	70.000000	29.000000	0	0.000000	0.000000	0.000000	0	0	0	
543125	1054	0.140000	6.790000	4.790000	1.070000	0.410000	70.000000	29.000000	0	0.000000	0.000000	0.000000	0	0	0	
543344	1097	0.140000	6.570000	4.570000	1.070000	0.390000	70.000000	29.000000	0	0.000000	0.000000	0.000000	0	0	0	
543547	1104	0.140000	6.470000	4.500000	1.070000	0.380000	70.000000	29.000000	0	0.000000	0.000000	0.000000	0	0	0	
543750	1133	0.140000	6.410000	4.400000	1.070000	0.380000	70.000000	29.000000	0	0.000000	0.000000	0.000000	0	0	0	
543953	1158	0.140000	6.350000	4.370000	1.080000	0.380000	70.000000	29.000000	0	0.000000	0.000000	0.000000	0	0	0	
544141	1166	0.140000	6.390000	4.410000	1.070000	0.380000	70.000000	29.000000	169	0.000000	0.000000	0.000000	0	0	0	
544344	1200	0.140000	6.520000	4.500000	1.070000	0.370000	70.000000	29.000000	0	0.000000	0.000000	0.000000	0	0	0	
544531	1199	0.140000	6.340000	4.350000	1.070000	0.360000	70.000000	29.000000	0	0.000000	0.000000	0.000000	0	0	0	
544734	1227	0.140000	6.170000	4.250000	1.060000	0.360000	70.000000	29.000000	0	0.000000	0.000000	0.000000	0	0	0	
544922	1229	0.140000	6.220000	4.280000	1.070000	0.360000	70.000000	29.000000	0	0.000000	0.000000	0.000000	0	0	0	
545125	1252	0.140000	6.150000	4.200000	1.070000	0.350000	70.000000	29.000000	0	0.000000	0.000000	0.000000	0	0	0	
545328	1234	0.140000	5.980000	4.070000	1.070000	0.350000	71.000000	29.000000	254	0.000000	0.000000	0.000000	0	0	0	
545547	1253	0.140000	6.070000	4.160000	1.060000	0.350000	70.000000	29.000000	254	0.000000	0.000000	0.000000	0	0	0	
545734	1281	0.140000	5.970000	4.080000	1.060000	0.350000	71.000000	29.000000	0	0.000000	0.000000	0.000000	0	0	0	
545984	1289	0.140000	5.970000	4.070000	1.070000	0.350000	71.000000	29.000000	0	0.000000	0.000000	0.000000	0	0	0	
546172	1267	0.140000	6.060000	4.150000	1.060000	0.350000	71.000000	29.000000	0	0.000000	0.000000	0.000000	0	0	0	
546359	1263	0.140000	6.140000	4.190000	1.070000	0.350000	71.000000	29.000000	0	0.000000	0.000000	0.000000	0	0	0	
546562	1227	0.140000	6.120000	4.170000	1.070000	0.340000	71.000000	29.000000	0	0.000000	0.000000	0.000000	0	0	0	
546750	1179	0.140000	6.180000	4.230000	1.070000	0.360000	71.000000	29.000000	0	0.000000	0.000000	0.000000	0	0	0	
546953	1118	0.140000	6.230000	4.280000	1.060000	0.380000	71.000000	29.000000	0	0.000000	0.000000	0.000000	0	0	0	
547250	1038	0.140000	6.470000	4.500000	1.070000	0.380000	71.000000	29.000000	0	0.000000	0.000000	0.000000	0	0	0	
547437	1005	0.140000	6.420000	4.450000	1.070000	0.370000	71.000000	29.000000	0	0.000000	0.000000	0.000000	0	0	0	
547641	968	0.140000	6.580000	4.580000	1.070000	0.390000	71.000000	29.000000	0	0.000000	0.000000	0.000000	0	0	0	
547844	923	0.140000	6.320000	4.340000	1.080000	0.380000	71.000000	29.000000	0	0.000000	0.000000	0.000000	0	0	0	
548016	887	0.140000	6.150000	4.260000	1.070000	0.390000	71.000000	29.000000	241	0.000000	0.000000	0.000000	0	0	0	
548250	864	0.140000	6.330000	4.410000	1.080000	0.380000	71.000000	29.000000	12	0.000000	0.000000	0.000000	0	0	0	
548437	833	0.140000	2.340000	0.860000	1.070000	0.400000	71.000000	29.000000	14	0.000000	0.000000	0.000000	0	0	0	
548625	842	0.140000	3.200000	1.400000	1.050000	0.600000	71.000000	29.000000	214	0.000000	0.000000	0.000000	0	0	0	
548844	1256	0.140000	12.800000	11.230000	1.050000	0.670000	71.000000	30.000000	0	0.000000	0.000000	0.000000	0	0	0	
549031	1537	0.140000	11.230000	8.820000	1.050000	0.600000	71.000000	30.000000	0	0.000000	0.000000	0.000000	0	0	0	
549234	1480	0.140000	11.130000	8.520000	1.050000	0.590000	71.000000	30.000000	0	0.000000	0.000000	0.000000	0	0	0	
549437	1302	0.140000	2.350000	0.850000	1.040000	0.650000	71.000000	30.000000	0	0.000000	0.000000	0.000000	0	0	0	
549641	1201	0.140000	11.650000	9.550000	1.050000	0.690000	71.000000	30.000000	0	0.000000	0.000000	0.000000	0	0	0	
549875	1118	0.140000	11.930000	9.910000	1.060000	0.730000	71.000000	30.000000	0	0.000000	0.000000	0.000000	0	0	0	
550078	1131	0.140000	12.040000	10.100000	1.060000	0.660000	71.000000	30.000000	0	0.000000	0.000000	0.000000	0	0	0	
550266	1400	0.140000	7.650000	5.620000	1.070000	0.520000	71.000000	30.000000	12	0.000000	0.000000	0.000000	0	0	0	
550469	1587	0.140000	6.480000	4.440000	1.070000	0.390000	71.000000	30.000000	0	0.000000	0.000000	0.000000	0	0	0	
550656	1423	0.140000	0.000000	0.000000	1.110000	0.370000	71.000000	30.000000	11	0.000000	0.000000	0.000000	0	0	0	
550875	1118	0.140000	6.680000	4.640000	1.070000	0.380000	71.000000	30.000000	14	0.000000	0.000000	0.000000	0	0	0	
551078	977	0.140000	7.120000	5.070000	1.070000	0.410000	71.000000	30.000000	12	0.000000	0.000000	0.000000	0	0	0	
551359	1086	0.140000	7.010000	5.040000	1.080000	0.390000	71.000000	30.000000	0	0.000000	0.000000	0.000000	0	0	0	
551562	1106	0.140000	6.790000	4.760000	1.080000	0.370000	71.000000	30.000000	0	0.000000	0.000000	0.000000	0	0	0	
551781	1115	0.140000	6.440000	4.430000	1.070000	0.360000	71.000000	30.000000	51	0.000000	0.000000	0.000000	0	0	0	
551969	1104	0.140000	5.780000	3.970000	1.080000	0.340000	71.000000	30.000000	53	0.000000	0.000000	0.000000	0	0	0	
552172	1034	0.140000	5.560000	3.800000	1.080000	0.320000	72.000000	30.000000	55	0.000000	0.000000	0.000000	0	0	0	
552406	973	0.140000	5.480000	3.710000	1.070000	0.320000	71.000000	30.000000	0	0.000000	0.000000	0.000000	0	0	0	
552594	870	0.140000	5.450000	3.700000	1.090000	0.320000	71.000000	30.000000	0	0.000000	0.000000	0.000000	0	0	0	
552797	748	0.140000	6.070000	4.170000	1.070000	0.350000	72.000000	30.000000	55	0.000000	0.000000	0.000000	0	0	0	
553016	710	0.140000	2.490000	1.010000	1.080000	0.420000	72.000000	30.000000	55	0.000000	0.000000	0.000000	0	0	0	
553219	744	0.140000	7.390000	5.450000	1.070000	0.470000	72.000000	30.000000	53	0.000000	0.000000	0.000000	0	0	0	
553437	826	0.140000	7.240000	5.340000	1.070000	0.440000	72.000000	30.000000	0	0.000000	0.000000	0.000000	0	0	0	
553641	824	0.140000	7.050000	5.030000	1.090000	0.410000	72.000000	30.000000	0	0.000000	0.000000	0.000000	0	0	0	
553844	798	0.140000	6.660000	4.690000	1.090000	0.400000	72.000000	30.000000	0	0.000000	0.000000	0.000000	0	0	0	
554031	763	0.140000	6.700000	4.730000	1.080000	0.410000	72.000000	30.000000	0	0.000000	0.000000	0.000000	0	0	0	
554250	756	0.140000	6.780000	4.800000	1.070000	0.440000	72.000000	30.000000	12	0.000000	0.000000	0.000000	0	0	0	
554469	819	0.140000	6.660000	4.670000	1.070000	0.420000	72.000000	30.000000	14	0.000000	0.000000	0.000000	0	0	0	
554672	815	0.140000	6.490000	4.540000	1.090000	0.410000	72.000000	30.000000	0	0.000000	0.000000	0.000000	0	0	0	
554859	802	0.140000	6.410000	4.460000	1.080000	0.410000	72.000000	30.000000	0	0.000000	0.000000	0.000000	0	0	0	
555047	813	0.140000	6.400000	4.450000	1.070000	0.420000	72.000000	30.000000	0	0.000000	0.000000	0.000000	0	0	0	
555266	798	0.140000	6.380000	4.410000	1.090000	0.410000	72.000000	30.000000	0	0.000000	0.000000	0.000000	0	0	0	
555562	794	0.140000	6.410000	4.460000	1.070000	0.430000	72.000000	30.000000	0	0.000000	0.000000	0.000000	0	0	0	
555750	800	0.140000	6.550000	4.550000	1.090000	0.410000	72.000000	30.000000	0	0.000000	0.000000	0.000000	0	0	0	
555937	790	0.140000	6.530000	4.530000	1.090000	0.420000	72.000000	30.000000	0	0.000000	0.000000	0.000000	0	0	0	
556141	801	0.140000	6.610000	4.630000	1.090000	0.410000	72.000000	30.000000	0	0.000000	0.000000	0.000000	0	0	0	
556359	803	0.140000	6.550000	4.590000	1.090000	0.410000	72.000000	30.000000	0	0.000000	0.000000	0.000000	0	0	0	
556609	803	0.140000	6.480000	4.520000	1.080000	0.410000	72.000000	30.000000	0	0.000000	0.000000	0.000000	0	0	0	
556828	808	0.140000	6.480000	4.520000	1.080000	0.410000	72.000000	30.000000	0	0.000000	0.000000	0.000000	0	0	0	
557031	809	0.140000	6.520000	4.540000	1.090000	0.400000	72.000000	30.000000	0	0.000000	0.000000	0.000000	0	0	0	
557219	810	0.140000	6.520000	4.540000	1.080000	0.410000	72.000000	30.000000	0	0.000000	0.000000	0.000000	0	0	0	
557406	809	0.140000	6.370000	4.430000	1.070000	0.420000	72.000000	30.000000	0	0.000000	0.000000	0.000000	0	0	0	
557594	797	0.140000	6.420000	4.470000	1.070000	0.420000	72.000000	30.000000	0	0.000000	0.000000	0.000000	0	0	0	
557812	805	0.140000	6.380000	4.450000	1.100000	0.400000	72.000000	30.000000	0	0.000000	0.000000	0.000000	0	0	0	
558062	799	0.140000	6.410000	4.480000	1.070000	0.420000	72.000000	30.000000	0	0.000000	0.000000	0.000000	0	0	0	
558266	799	0.140000	6.430000	4.500000	1.070000	0.420000	72.000000	30.000000	0	0.000000	0.000000	0.000000	0	0	0	
558469	807	0.140000	6.520000	4.540000	1.080000	0.410000	72.000000	30.000000	0	0.000000	0.000000	0.000000	0	0	0	
558672	806	0.140000	6.460000	4.510000	1.080000	0.410000	72.000000	30.000000	0	0.000000	0.000000	0.000000	0	0	0	
558859	805	0.140000	6.440000	4.470000	1.070000	0.420000	72.000000	30.000000	0	0.000000	0.000000	0.000000	0	0	0	
559078	803	0.140000	6.520000	4.570000	1.090000	0.410000	72.000000	30.000000	0	0.000000	0.000000	0.000000	0	0	0	
559297	805	0.140000	6.470000	4.500000	1.080000	0.400000	72.000000	30.000000	0	0.000000	0.000000	0.000000	0	0	0	
559547	813	0.140000	6.530000	4.550000	1.070000	0.410000	72.000000	30.000000	0	0.000000	0.000000	0.000000	0	0	0	
559844	800	0.140000	6.520000	4.540000	1.080000	0.400000	72.000000	30.000000	0	0.000000	0.000000	0.000000	0	0	0	
560031	793	0.140000	6.540000	4.560000	1.090000	0.400000	72.000000	30.000000	0	0.000000	0.000000	0.000000	0	0	0	
560234	799	0.140000	6.450000	4.480000	1.080000	0.410000	73.000000	30.000000	0	0.000000	0.000000	0.000000	0	0	0	
560437	803	0.140000	6.460000	4.490000	1.070000	0.420000	73.000000	30.000000	0	0.000000	0.000000	0.000000	0	0	0	
560641	804	0.140000	6.500000	4.510000	1.080000	0.410000	73.000000	30.000000	0	0.000000	0.000000	0.000000	0	0	0	
560859	810	0.140000	6.470000	4.500000	1.070000	0.420000	73.000000	31.000000	0	0.000000	0.000000	0.000000	0	0	0	
561062	804	0.140000	6.530000	4.550000	1.080000	0.410000	73.000000	31.000000	0	0.000000	0.000000	0.000000	0	0	0	
561250	804	0.140000	6.460000	4.490000	1.070000	0.420000	73.000000	31.000000	0	0.000000	0.000000	0.000000	0	0	0	
561516	802	0.140000	6.480000	4.500000	1.080000	0.410000	73.000000	31.000000	0	0.000000	0.000000	0.000000	0	0	0	
561719	804	0.140000	6.430000	4.500000	1.090000	0.400000	73.000000	31.000000	0	0.000000	0.000000	0.000000	0	0	0	
561906	808	0.140000	6.530000	4.570000	1.080000	0.400000	73.000000	31.000000	0	0.000000	0.000000	0.000000	0	0	0	
562125	814	0.140000	6.520000	4.520000	1.090000	0.400000	73.000000	31.000000	0	0.000000	0.000000	0.000000	0	0	0	
562359	809	0.140000	6.500000	4.530000	1.080000	0.400000	73.000000	31.000000	0	0.000000	0.000000	0.000000	0	0	0	
562562	805	0.140000	6.480000	4.500000	1.070000	0.410000	73.000000	31.000000	0	0.000000	0.000000	0.000000	0	0	0	
562812	798	0.140000	6.440000	4.470000	1.090000	0.400000	73.000000	31.000000	0	0.000000	0.000000	0.000000	0	0	0	
563078	792	0.140000	6.520000	4.540000	1.070000	0.420000	73.000000	31.000000	0	0.000000	0.000000	0.000000	0	0	0	
563297	807	0.140000	6.560000	4.580000	1.090000	0.410000	73.000000	31.000000	0	0.000000	0.000000	0.000000	0	0	0	
563531	799	0.140000	6.580000	4.580000	1.060000	0.420000	73.000000	31.000000	0	0.000000	0.000000	0.000000	0	0	0	
563781	807	0.140000	6.560000	4.560000	1.080000	0.400000	73.000000	31.000000	0	0.000000	0.000000	0.000000	0	0	0	
563984	808	0.140000	6.490000	4.500000	1.060000	0.420000	73.000000	31.000000	0	0.000000	0.000000	0.000000	0	0	0	
564266	808	0.140000	6.550000	4.550000	1.070000	0.410000	73.000000	31.000000	0	0.000000	0.000000	0.000000	0	0	0	
564469	807	0.140000	6.480000	4.490000	1.090000	0.410000	73.000000	31.000000	0	0.000000	0.000000	0.000000	0	0	0	
564687	798	0.140000	6.500000	4.550000	1.070000	0.420000	73.000000	31.000000	0	0.000000	0.000000	0.000000	0	0	0	
564891	799	0.140000	6.540000	4.560000	1.060000	0.420000	73.000000	31.000000	0	0.000000	0.000000	0.000000	0	0	0	
565094	801	0.140000	6.540000	4.600000	1.070000	0.420000	73.000000	31.000000	0	0.000000	0.000000	0.000000	0	0	0	
565312	806	0.140000	6.570000	4.580000	1.090000	0.410000	73.000000	31.000000	0	0.000000	0.000000	0.000000	0	0	0	
565500	807	0.140000	6.490000	4.520000	1.060000	0.410000	73.000000	31.000000	0	0.000000	0.000000	0.000000	0	0	0	
565719	804	0.140000	6.550000	4.570000	1.090000	0.410000	73.000000	31.000000	0	0.000000	0.000000	0.000000	0	0	0	
565906	806	0.140000	6.470000	4.500000	1.070000	0.410000	73.000000	31.000000	0	0.000000	0.000000	0.000000	0	0	0	
566125	802	0.140000	6.550000	4.570000	1.070000	0.400000	73.000000	31.000000	0	0.000000	0.000000	0.000000	0	0	0	
566344	799	0.140000	6.410000	4.440000	1.080000	0.410000	73.000000	31.000000	0	0.000000	0.000000	0.000000	0	0	0	
566578	796	0.140000	6.530000	4.530000	1.060000	0.420000	73.000000	31.000000	0	0.000000	0.000000	0.000000	0	0	0	
566812	800	0.140000	6.430000	4.460000	1.060000	0.420000	73.000000	31.000000	0	0.000000	0.000000	0.000000	0	0	0	
567094	803	0.140000	6.530000	4.550000	1.090000	0.400000	73.000000	31.000000	0	0.000000	0.000000	0.000000	0	0	0	
567312	804	0.140000	6.510000	4.510000	1.070000	0.410000	73.000000	31.000000	0	0.000000	0.000000	0.000000	0	0	0	
567516	794	0.140000	6.460000	4.490000	1.070000	0.410000	73.000000	31.000000	0	0.000000	0.000000	0.000000	0	0	0	
567734	792	0.140000	6.490000	4.530000	1.090000	0.410000	73.000000	31.000000	0	0.000000	0.000000	0.000000	0	0	0	
567922	798	0.140000	6.450000	4.520000	1.090000	0.400000	73.000000	31.000000	0	0.000000	0.000000	0.000000	0	0	0	
568125	802	0.140000	6.570000	4.590000	1.060000	0.420000	73.000000	31.000000	0	0.000000	0.000000	0.000000	0	0	0	
568359	810	0.140000	6.490000	4.510000	1.080000	0.410000	73.000000	31.000000	0	0.000000	0.000000	0.000000	0	0	0	
568656	801	0.140000	6.470000	4.500000	1.070000	0.410000	73.000000	31.000000	0	0.000000	0.000000	0.000000	0	0	0	
568906	799	0.140000	6.370000	4.410000	1.060000	0.410000	73.000000	31.000000	0	0.000000	0.000000	0.000000	0	0	0	
569125	795	0.140000	6.380000	4.420000	1.070000	0.400000	74.000000	31.000000	0	0.000000	0.000000	0.000000	0	0	0	
569328	797	0.140000	6.420000	4.450000	1.070000	0.420000	74.000000	31.000000	0	0.000000	0.000000	0.000000	0	0	0	
569547	804	0.140000	6.560000	4.560000	1.060000	0.420000	74.000000	31.000000	0	0.000000	0.000000	0.000000	0	0	0	
569750	800	0.140000	6.430000	4.460000	1.090000	0.410000	74.000000	31.000000	0	0.000000	0.000000	0.000000	0	0	0	
569937	802	0.140000	6.510000	4.530000	1.080000	0.400000	74.000000	31.000000	0	0.000000	0.000000	0.000000	0	0	0	
570172	803	0.140000	6.390000	4.430000	1.090000	0.400000	74.000000	31.000000	0	0.000000	0.000000	0.000000	0	0	0	
570406	799	0.140000	6.410000	4.440000	1.070000	0.410000	74.000000	32.000000	0	0.000000	0.000000	0.000000	0	0	0	
570625	791	0.140000	6.420000	4.430000	1.070000	0.420000	74.000000	32.000000	0	0.000000	0.000000	0.000000	0	0	0	
570828	793	0.140000	6.460000	4.490000	1.070000	0.420000	74.000000	32.000000	0	0.000000	0.000000	0.000000	0	0	0	
571031	800	0.140000	6.480000	4.530000	1.080000	0.410000	74.000000	32.000000	0	0.000000	0.000000	0.000000	0	0	0	
571219	800	0.140000	6.470000	4.480000	1.080000	0.400000	74.000000	32.000000	0	0.000000	0.000000	0.000000	0	0	0	
571406	791	0.140000	6.530000	4.550000	1.080000	0.410000	74.000000	32.000000	0	0.000000	0.000000	0.000000	0	0	0	
571609	799	0.140000	6.480000	4.490000	1.080000	0.410000	74.000000	32.000000	0	0.000000	0.000000	0.000000	0	0	0	
571797	799	0.140000	6.460000	4.490000	1.070000	0.410000	74.000000	32.000000	0	0.000000	0.000000	0.000000	0	0	0	
571984	797	0.140000	6.450000	4.480000	1.060000	0.420000	74.000000	32.000000	0	0.000000	0.000000	0.000000	0	0	0	
572203	800	0.140000	6.420000	4.450000	1.090000	0.400000	74.000000	32.000000	0	0.000000	0.000000	0.000000	0	0	0	
572391	793	0.140000	6.510000	4.530000	1.090000	0.410000	74.000000	32.000000	0	0.000000	0.000000	0.000000	0	0	0	
572594	790	0.140000	6.440000	4.470000	1.070000	0.430000	74.000000	32.000000	0	0.000000	0.000000	0.000000	0	0	0	
572859	793	0.140000	6.530000	4.570000	1.070000	0.430000	74.000000	32.000000	0	0.000000	0.000000	0.000000	0	0	0	
573062	800	0.140000	6.540000	4.540000	1.080000	0.410000	74.000000	32.000000	0	0.000000	0.000000	0.000000	0	0	0	
573250	802	0.140000	6.540000	4.580000	1.080000	0.410000	74.000000	32.000000	0	0.000000	0.000000	0.000000	0	0	0	
573453	795	0.140000	6.610000	4.620000	1.070000	0.420000	74.000000	32.000000	0	0.000000	0.000000	0.000000	0	0	0	
573656	803	0.140000	6.600000	4.570000	1.070000	0.420000	74.000000	32.000000	0	0.000000	0.000000	0.000000	0	0	0	
573844	800	0.140000	6.570000	4.590000	1.070000	0.420000	74.000000	32.000000	0	0.000000	0.000000	0.000000	0	0	0	
574062	802	0.140000	6.540000	4.560000	1.070000	0.420000	74.000000	32.000000	0	0.000000	0.000000	0.000000	0	0	0	
574266	801	0.140000	6.570000	4.590000	1.080000	0.410000	74.000000	32.000000	0	0.000000	0.000000	0.000000	0	0	0	
574437	809	0.140000	6.550000	4.550000	1.080000	0.410000	74.000000	32.000000	0	0.000000	0.000000	0.000000	0	0	0	
574641	804	0.140000	6.460000	4.490000	1.060000	0.410000	74.000000	32.000000	0	0.000000	0.000000	0.000000	0	0	0	
574859	806	0.140000	6.520000	4.540000	1.070000	0.420000	74.000000	32.000000	0	0.000000	0.000000	0.000000	0	0	0	
575125	797	0.140000	6.530000	4.550000	1.080000	0.400000	74.000000	32.000000	0	0.000000	0.000000	0.000000	0	0	0	
575359	798	0.140000	6.520000	4.540000	1.060000	0.410000	74.000000	32.000000	0	0.000000	0.000000	0.000000	0	0	0	
575578	802	0.140000	6.540000	4.560000	1.060000	0.410000	74.000000	32.000000	0	0.000000	0.000000	0.000000	0	0	0	
575781	808	0.140000	6.600000	4.620000	1.090000	0.400000	74.000000	32.000000	0	0.000000	0.000000	0.000000	0	0	0	
575984	798	0.140000	6.470000	4.500000	1.080000	0.410000	74.000000	32.000000	0	0.000000	0.000000	0.000000	0	0	0	
576172	801	0.140000	6.550000	4.570000	1.070000	0.410000	74.000000	32.000000	0	0.000000	0.000000	0.000000	0	0	0	
576359	803	0.140000	6.520000	4.540000	1.090000	0.410000	74.000000	32.000000	0	0.000000	0.000000	0.000000	0	0	0	
576562	808	0.140000	6.450000	4.480000	1.070000	0.410000	74.000000	33.000000	0	0.000000	0.000000	0.000000	0	0	0	
576750	810	0.140000	6.490000	4.520000	1.080000	0.400000	74.000000	33.000000	0	0.000000	0.000000	0.000000	0	0	0	
577047	801	0.140000	6.400000	4.440000	1.070000	0.410000	74.000000	33.000000	0	0.000000	0.000000	0.000000	0	0	0	
577266	802	0.140000	6.490000	4.500000	1.090000	0.400000	74.000000	33.000000	0	0.000000	0.000000	0.000000	0	0	0	
577453	802	0.140000	6.430000	4.460000	1.070000	0.420000	74.000000	33.000000	0	0.000000	0.000000	0.000000	0	0	0	
577734	803	0.140000	6.540000	4.540000	1.060000	0.420000	74.000000	33.000000	0	0.000000	0.000000	0.000000	0	0	0	
577953	804	0.140000	6.440000	4.470000	1.090000	0.400000	74.000000	33.000000	0	0.000000	0.000000	0.000000	0	0	0	
578172	798	0.140000	6.480000	4.510000	1.060000	0.420000	74.000000	33.000000	0	0.000000	0.000000	0.000000	0	0	0	
578406	803	0.140000	6.490000	4.520000	1.080000	0.400000	74.000000	33.000000	0	0.000000	0.000000	0.000000	0	0	0	
578625	804	0.140000	6.480000	4.510000	1.090000	0.400000	74.000000	33.000000	0	0.000000	0.000000	0.000000	0	0	0	
578812	801	0.140000	6.500000	4.510000	1.080000	0.410000	74.000000	33.000000	0	0.000000	0.000000	0.000000	0	0	0	
579016	806	0.140000	6.520000	4.540000	1.090000	0.400000	74.000000	33.000000	0	0.000000	0.000000	0.000000	0	0	0	
579219	796	0.140000	6.440000	4.450000	1.070000	0.420000	74.000000	33.000000	0	0.000000	0.000000	0.000000	0	0	0	
579437	796	0.140000	6.380000	4.420000	1.070000	0.420000	74.000000	33.000000	0	0.000000	0.000000	0.000000	0	0	0	
579641	793	0.140000	6.490000	4.500000	1.080000	0.410000	75.000000	33.000000	0	0.000000	0.000000	0.000000	0	0	0	
579828	798	0.140000	6.390000	4.410000	1.080000	0.400000	75.000000	33.000000	0	0.000000	0.000000	0.000000	0	0	0	
580047	802	0.140000	6.490000	4.490000	1.070000	0.420000	75.000000	33.000000	0	0.000000	0.000000	0.000000	0	0	0	
580266	802	0.140000	6.410000	4.440000	1.070000	0.410000	75.000000	33.000000	0	0.000000	0.000000	0.000000	0	0	0	
580437	801	0.140000	6.420000	4.450000	1.060000	0.410000	75.000000	33.000000	0	0.000000	0.000000	0.000000	0	0	0	
580656	800	0.140000	6.480000	4.510000	1.070000	0.410000	75.000000	33.000000	0	0.000000	0.000000	0.000000	0	0	0	
580859	790	0.140000	6.450000	4.450000	1.080000	0.410000	75.000000	33.000000	0	0.000000	0.000000	0.000000	0	0	0	
581047	803	0.140000	6.510000	4.530000	1.060000	0.420000	75.000000	33.000000	0	0.000000	0.000000	0.000000	0	0	0	
581328	800	0.140000	6.430000	4.460000	1.080000	0.400000	75.000000	33.000000	0	0.000000	0.000000	0.000000	0	0	0	
581562	793	0.140000	6.510000	4.500000	1.090000	0.410000	75.000000	33.000000	0	0.000000	0.000000	0.000000	0	0	0	
581750	798	0.140000	6.430000	4.460000	1.080000	0.410000	75.000000	33.000000	0	0.000000	0.000000	0.000000	0	0	0	
581953	788	0.140000	6.520000	4.540000	1.090000	0.400000	75.000000	33.000000	0	0.000000	0.000000	0.000000	0	0	0	
582141	798	0.140000	6.520000	4.540000	1.060000	0.420000	75.000000	33.000000	0	0.000000	0.000000	0.000000	0	0	0	
582344	797	0.140000	6.570000	4.550000	1.070000	0.420000	75.000000	33.000000	0	0.000000	0.000000	0.000000	0	0	0	
582562	806	0.140000	6.610000	4.590000	1.080000	0.410000	75.000000	33.000000	0	0.000000	0.000000	0.000000	0	0	0	
582766	801	0.140000	6.460000	4.490000	1.080000	0.410000	75.000000	33.000000	0	0.000000	0.000000	0.000000	0	0	0	
582984	795	0.140000	6.480000	4.520000	1.070000	0.410000	75.000000	33.000000	0	0.000000	0.000000	0.000000	0	0	0	
583172	798	0.140000	6.410000	4.440000	1.070000	0.420000	75.000000	33.000000	0	0.000000	0.000000	0.000000	0	0	0	
583375	792	0.140000	6.500000	4.530000	1.060000	0.430000	75.000000	33.000000	0	0.000000	0.000000	0.000000	0	0	0	
583594	799	0.160000	6.470000	4.500000	1.080000	0.400000	75.000000	33.000000	0	0.000000	0.000000	0.000000	0	0	0	
583797	801	0.140000	6.450000	4.480000	1.070000	0.420000	75.000000	33.000000	0	0.000000	0.000000	0.000000	0	0	0	
584000	807	0.160000	6.580000	4.560000	1.080000	0.400000	75.000000	33.000000	0	0.000000	0.000000	0.000000	0	0	0	
584187	803	0.140000	6.440000	4.490000	1.060000	0.420000	75.000000	33.000000	0	0.000000	0.000000	0.000000	0	0	0	
584391	804	0.140000	6.600000	4.570000	1.060000	0.420000	75.000000	33.000000	0	0.000000	0.000000	0.000000	0	0	0	
584609	799	0.160000	6.490000	4.480000	1.080000	0.410000	75.000000	33.000000	0	0.000000	0.000000	0.000000	0	0	0	
584812	802	0.140000	6.550000	4.530000	1.070000	0.420000	75.000000	33.000000	0	0.000000	0.000000	0.000000	0	0	0	
585000	806	0.140000	6.480000	4.500000	1.090000	0.400000	75.000000	33.000000	0	0.000000	0.000000	0.000000	0	0	0	
585203	795	0.140000	6.460000	4.470000	1.090000	0.400000	75.000000	33.000000	0	0.000000	0.000000	0.000000	0	0	0	
585484	800	0.140000	6.560000	4.540000	1.070000	0.420000	75.000000	33.000000	0	0.000000	0.000000	0.000000	0	0	0	
585687	806	0.140000	6.560000	4.540000	1.060000	0.420000	75.000000	33.000000	0	0.000000	0.000000	0.000000	0	0	0	
585891	806	0.140000	6.580000	4.560000	1.060000	0.420000	75.000000	33.000000	0	0.000000	0.000000	0.000000	0	0	0	
586078	799	0.140000	6.490000	4.480000	1.070000	0.420000	75.000000	33.000000	0	0.000000	0.000000	0.000000	0	0	0	
586281	802	0.160000	6.560000	4.580000	1.080000	0.400000	75.000000	33.000000	0	0.000000	0.000000	0.000000	0	0	0	
586484	804	0.160000	6.570000	4.550000	1.080000	0.410000	75.000000	33.000000	0	0.000000	0.000000	0.000000	0	0	0	
586687	804	0.160000	6.570000	4.570000	1.090000	0.410000	75.000000	33.000000	0	0.000000	0.000000	0.000000	0	0	0	
586891	798	0.160000	6.590000	4.590000	1.050000	0.420000	75.000000	33.000000	0	0.000000	0.000000	0.000000	0	0	0	
587094	803	0.160000	6.540000	4.530000	1.070000	0.420000	75.000000	33.000000	0	0.000000	0.000000	0.000000	0	0	0	
587312	803	0.160000	6.590000	4.610000	1.070000	0.420000	75.000000	33.000000	0	0.000000	0.000000	0.000000	0	0	0	
587516	813	0.160000	6.440000	4.470000	1.090000	0.400000	75.000000	33.000000	0	0.000000	0.000000	0.000000	0	0	0	
587719	799	0.160000	6.560000	4.580000	1.060000	0.420000	75.000000	33.000000	0	0.000000	0.000000	0.000000	0	0	0	
587906	799	0.160000	6.430000	4.460000	1.070000	0.420000	75.000000	33.000000	0	0.000000	0.000000	0.000000	0	0	0	
588109	806	0.160000	6.490000	4.500000	1.060000	0.410000	75.000000	33.000000	0	0.000000	0.000000	0.000000	0	0	0	
588328	798	0.160000	6.490000	4.520000	1.070000	0.420000	75.000000	34.000000	0	0.000000	0.000000	0.000000	0	0	0	
588516	801	0.140000	6.480000	4.510000	1.090000	0.400000	75.000000	34.000000	0	0.000000	0.000000	0.000000	0	0	0	
588719	796	0.160000	6.570000	4.550000	1.060000	0.420000	75.000000	34.000000	0	0.000000	0.000000	0.000000	0	0	0	
588953	797	0.160000	6.550000	4.540000	1.080000	0.410000	75.000000	34.000000	0	0.000000	0.000000	0.000000	0	0	0	
589156	801	0.160000	6.590000	4.570000	1.080000	0.410000	75.000000	34.000000	0	0.000000	0.000000	0.000000	0	0	0	
589359	807	0.160000	6.510000	4.520000	1.070000	0.430000	75.000000	34.000000	0	0.000000	0.000000	0.000000	0	0	0	
589625	812	0.160000	6.540000	4.540000	1.080000	0.420000	75.000000	34.000000	0	0.000000	0.000000	0.000000	0	0	0	
589844	813	0.160000	6.420000	4.430000	1.070000	0.410000	75.000000	34.000000	0	0.000000	0.000000	0.000000	0	0	0	
590031	803	0.160000	6.380000	4.410000	1.070000	0.400000	75.000000	34.000000	0	0.000000	0.000000	0.000000	0	0	0	
590234	800	0.160000	6.410000	4.420000	1.060000	0.390000	75.000000	34.000000	0	0.000000	0.000000	0.000000	0	0	0	
590453	791	0.160000	6.330000	4.380000	1.070000	0.400000	75.000000	34.000000	0	0.000000	0.000000	0.000000	0	0	0	
590656	789	0.160000	6.430000	4.460000	1.070000	0.390000	75.000000	34.000000	0	0.000000	0.000000	0.000000	0	0	0	
590875	790	0.160000	6.360000	4.380000	1.070000	0.400000	75.000000	34.000000	0	0.000000	0.000000	0.000000	0	0	0	
591062	791	0.160000	6.380000	4.430000	1.090000	0.380000	75.000000	34.000000	0	0.000000	0.000000	0.000000	0	0	0	
591266	799	0.160000	6.440000	4.450000	1.080000	0.390000	75.000000	34.000000	0	0.000000	0.000000	0.000000	0	0	0	
591469	810	0.160000	6.390000	4.410000	1.060000	0.410000	75.000000	34.000000	0	0.000000	0.000000	0.000000	0	0	0	
591672	802	0.160000	6.310000	4.370000	1.070000	0.400000	75.000000	34.000000	0	0.000000	0.000000	0.000000	0	0	0	
591891	806	0.160000	6.260000	4.330000	1.070000	0.410000	75.000000	34.000000	0	0.000000	0.000000	0.000000	0	0	0	
592094	797	0.160000	6.360000	4.400000	1.080000	0.400000	76.000000	34.000000	0	0.000000	0.000000	0.000000	0	0	0	
592297	805	0.160000	6.240000	4.320000	1.080000	0.400000	76.000000	34.000000	0	0.000000	0.000000	0.000000	0	0	0	
592516	789	0.160000	6.380000	4.420000	1.070000	0.420000	76.000000	34.000000	0	0.000000	0.000000	0.000000	0	0	0	
592719	794	0.160000	6.350000	4.390000	1.080000	0.410000	76.000000	34.000000	0	0.000000	0.000000	0.000000	0	0	0	
592937	797	0.160000	6.350000	4.370000	1.080000	0.410000	76.000000	34.000000	0	0.000000	0.000000	0.000000	0	0	0	
593141	800	0.160000	6.380000	4.420000	1.070000	0.410000	76.000000	34.000000	0	0.000000	0.000000	0.000000	0	0	0	
593344	800	0.160000	6.340000	4.380000	1.070000	0.410000	76.000000	34.000000	0	0.000000	0.000000	0.000000	0	0	0	
593531	810	0.160000	6.360000	4.400000	1.070000	0.410000	76.000000	34.000000	0	0.000000	0.000000	0.000000	0	0	0	
593797	802	0.160000	6.310000	4.350000	1.080000	0.410000	76.000000	34.000000	0	0.000000	0.000000	0.000000	0	0	0	
594016	801	0.160000	6.440000	4.450000	1.080000	0.410000	76.000000	34.000000	0	0.000000	0.000000	0.000000	0	0	0	
594219	807	0.160000	6.330000	4.330000	1.080000	0.400000	76.000000	34.000000	0	0.000000	0.000000	0.000000	0	0	0	
594437	807	0.160000	6.370000	4.410000	1.070000	0.400000	76.000000	34.000000	0	0.000000	0.000000	0.000000	0	0	0	
594641	797	0.160000	6.340000	4.370000	1.060000	0.410000	76.000000	34.000000	0	0.000000	0.000000	0.000000	0	0	0	
594859	798	0.160000	6.340000	4.380000	1.070000	0.400000	76.000000	34.000000	0	0.000000	0.000000	0.000000	0	0	0	
595047	802	0.160000	6.390000	4.410000	1.070000	0.390000	76.000000	34.000000	0	0.000000	0.000000	0.000000	0	0	0	
595250	795	0.160000	6.350000	4.390000	1.070000	0.410000	76.000000	34.000000	0	0.000000	0.000000	0.000000	0	0	0	
595453	801	0.160000	6.410000	4.450000	1.080000	0.410000	76.000000	34.000000	0	0.000000	0.000000	0.000000	0	0	0	
595641	800	0.160000	6.320000	4.350000	1.070000	0.390000	76.000000	34.000000	0	0.000000	0.000000	0.000000	0	0	0	
595859	802	0.160000	6.420000	4.430000	1.070000	0.400000	76.000000	34.000000	0	0.000000	0.000000	0.000000	0	0	0	
596047	802	0.160000	6.440000	4.440000	1.070000	0.390000	76.000000	34.000000	0	0.000000	0.000000	0.000000	0	0	0	
596234	801	0.160000	6.380000	4.420000	1.070000	0.390000	76.000000	34.000000	0	0.000000	0.000000	0.000000	0	0	0	
596484	807	0.160000	6.430000	4.440000	1.070000	0.410000	76.000000	35.000000	0	0.000000	0.000000	0.000000	0	0	0	
596719	799	0.160000	6.230000	4.330000	1.070000	0.400000	76.000000	35.000000	0	0.000000	0.000000	0.000000	0	0	0	
596922	799	0.160000	6.420000	4.430000	1.060000	0.410000	76.000000	35.000000	0	0.000000	0.000000	0.000000	0	0	0	
597109	799	0.160000	6.360000	4.400000	1.060000	0.410000	76.000000	35.000000	0	0.000000	0.000000	0.000000	0	0	0	
597406	803	0.160000	6.440000	4.470000	1.070000	0.400000	76.000000	35.000000	0	0.000000	0.000000	0.000000	0	0	0	
597625	804	0.160000	6.340000	4.370000	1.080000	0.400000	76.000000	35.000000	0	0.000000	0.000000	0.000000	0	0	0	
597859	805	0.160000	6.430000	4.450000	1.070000	0.410000	76.000000	35.000000	0	0.000000	0.000000	0.000000	0	0	0	
598172	800	0.160000	6.300000	4.410000	1.080000	0.400000	76.000000	35.000000	0	0.000000	0.000000	0.000000	0	0	0	
598406	799	0.160000	6.360000	4.400000	1.070000	0.400000	76.000000	35.000000	0	0.000000	0.000000	0.000000	0	0	0	
598594	807	0.160000	6.340000	4.360000	1.070000	0.400000	76.000000	35.000000	0	0.000000	0.000000	0.000000	0	0	0	