Ver. 4 7 real time data, pi¹tek, 11 wrzesieñ 2026 16:31:45
TEMPO	GIRI	LAMBDA	GAS	BENZ	PRESS	MAP	T.RID	T.GAS	LIV	SLOW	FAST	OX	MARKER	AUTOMARKER	ECUMARKER
218	808	0.220000	6.980000	4.940000	1.080000	0.410000	78.000000	48.000000	0	0.000000	0.000000	0.000000	0	0	0	
422	801	0.220000	6.860000	4.830000	1.080000	0.420000	78.000000	48.000000	0	0.000000	0.000000	0.000000	0	0	0	
609	803	0.220000	6.830000	4.800000	1.060000	0.440000	78.000000	48.000000	217	0.000000	0.000000	0.000000	0	0	0	
828	802	0.220000	6.880000	4.850000	1.070000	0.420000	78.000000	48.000000	0	0.000000	0.000000	0.000000	0	0	0	
1015	795	0.220000	6.870000	4.840000	1.060000	0.430000	78.000000	48.000000	0	0.000000	0.000000	0.000000	0	0	0	
1218	797	0.220000	6.950000	4.910000	1.060000	0.440000	78.000000	48.000000	183	0.000000	0.000000	0.000000	0	0	0	
1406	790	0.220000	6.930000	4.900000	1.060000	0.440000	78.000000	48.000000	157	0.000000	0.000000	0.000000	0	0	0	
1593	804	0.220000	7.030000	4.960000	1.060000	0.440000	78.000000	48.000000	161	0.000000	0.000000	0.000000	0	0	0	
1812	799	0.220000	6.940000	4.900000	1.070000	0.430000	78.000000	48.000000	0	0.000000	0.000000	0.000000	0	0	0	
2000	799	0.220000	6.900000	4.860000	1.060000	0.440000	78.000000	48.000000	0	0.000000	0.000000	0.000000	0	0	0	
2218	803	0.220000	7.030000	4.960000	1.080000	0.430000	78.000000	48.000000	0	0.000000	0.000000	0.000000	0	0	0	
2437	807	0.220000	6.970000	4.900000	1.070000	0.430000	78.000000	48.000000	0	0.000000	0.000000	0.000000	0	0	0	
2609	806	0.220000	6.890000	4.950000	1.070000	0.430000	78.000000	48.000000	0	0.000000	0.000000	0.000000	0	0	0	
2797	797	0.220000	6.910000	4.850000	1.080000	0.420000	78.000000	48.000000	0	0.000000	0.000000	0.000000	0	0	0	
3015	805	0.220000	6.880000	4.830000	1.060000	0.440000	78.000000	48.000000	6	0.000000	0.000000	0.000000	0	0	0	
3218	802	0.220000	6.990000	4.850000	1.070000	0.430000	78.000000	48.000000	0	0.000000	0.000000	0.000000	0	0	0	
3500	802	0.220000	6.890000	4.860000	1.060000	0.430000	78.000000	48.000000	25	0.000000	0.000000	0.000000	0	0	0	
3703	796	0.220000	6.950000	4.890000	1.080000	0.420000	78.000000	48.000000	0	0.000000	0.000000	0.000000	0	0	0	
3875	808	0.220000	6.880000	4.850000	1.070000	0.430000	78.000000	48.000000	0	0.000000	0.000000	0.000000	0	0	0	
4062	802	0.220000	6.900000	4.870000	1.070000	0.440000	78.000000	48.000000	239	0.000000	0.000000	0.000000	0	0	0	
4265	813	0.220000	6.960000	4.800000	1.070000	0.430000	78.000000	48.000000	0	0.000000	0.000000	0.000000	0	0	0	
4437	794	0.220000	6.860000	4.830000	1.060000	0.440000	78.000000	48.000000	246	0.000000	0.000000	0.000000	0	0	0	
4656	796	0.220000	6.980000	4.920000	1.060000	0.440000	78.000000	48.000000	23	0.000000	0.000000	0.000000	0	0	0	
4859	805	0.220000	6.900000	4.870000	1.080000	0.420000	78.000000	48.000000	0	0.000000	0.000000	0.000000	0	0	0	
5078	799	0.220000	7.020000	4.970000	1.070000	0.430000	78.000000	48.000000	0	0.000000	0.000000	0.000000	0	0	0	
5343	792	0.220000	6.910000	4.860000	1.060000	0.440000	80.000000	48.000000	2	0.000000	0.000000	0.000000	0	0	0	
5515	805	0.220000	7.020000	4.980000	1.060000	0.430000	80.000000	48.000000	0	0.000000	0.000000	0.000000	0	0	0	
5718	809	0.220000	6.950000	4.910000	1.070000	0.420000	80.000000	48.000000	0	0.000000	0.000000	0.000000	0	0	0	
5953	790	0.220000	6.900000	4.860000	1.080000	0.420000	80.000000	48.000000	0	0.000000	0.000000	0.000000	0	0	0	
6218	798	0.220000	6.890000	4.860000	1.080000	0.430000	80.000000	48.000000	0	0.000000	0.000000	0.000000	0	0	0	
6390	801	0.220000	6.980000	4.920000	1.070000	0.430000	80.000000	48.000000	0	0.000000	0.000000	0.000000	0	0	0	
6609	798	0.220000	7.000000	4.960000	1.060000	0.440000	80.000000	48.000000	153	0.000000	0.000000	0.000000	0	0	0	
6828	800	0.220000	6.990000	4.930000	1.060000	0.440000	80.000000	48.000000	126	0.000000	0.000000	0.000000	0	0	0	
7000	802	0.220000	7.030000	4.960000	1.060000	0.430000	80.000000	48.000000	0	0.000000	0.000000	0.000000	0	0	0	
7203	810	0.220000	6.860000	4.840000	1.070000	0.430000	80.000000	48.000000	0	0.000000	0.000000	0.000000	0	0	0	
7406	788	0.220000	6.870000	4.840000	1.060000	0.440000	80.000000	48.000000	0	0.000000	0.000000	0.000000	0	0	0	
7656	775	0.220000	7.030000	5.010000	1.070000	0.460000	80.000000	48.000000	0	0.000000	0.000000	0.000000	0	0	0	
7843	784	0.220000	7.020000	4.980000	1.050000	0.470000	80.000000	48.000000	0	0.000000	0.000000	0.000000	0	0	0	
8031	792	0.220000	8.030000	6.020000	1.070000	0.520000	80.000000	48.000000	0	0.000000	0.000000	0.000000	0	0	0	
8234	838	0.220000	8.390000	6.320000	1.060000	0.540000	80.000000	48.000000	0	0.000000	0.000000	0.000000	0	0	0	
8422	890	0.220000	8.440000	6.340000	1.070000	0.510000	80.000000	48.000000	5	0.000000	0.000000	0.000000	0	0	0	
8609	837	0.220000	8.420000	6.320000	1.070000	0.550000	80.000000	48.000000	1	0.000000	0.000000	0.000000	0	0	0	
8797	752	0.220000	2.530000	1.110000	1.050000	0.620000	80.000000	48.000000	7	0.000000	0.000000	0.000000	0	0	0	
9000	692	0.220000	2.370000	0.890000	1.070000	0.680000	80.000000	48.000000	3	0.000000	0.000000	0.000000	0	0	0	
9187	747	0.220000	11.390000	9.350000	1.050000	0.710000	80.000000	48.000000	0	0.000000	0.000000	0.000000	0	0	0	
9375	1113	0.220000	11.470000	9.250000	1.050000	0.620000	80.000000	48.000000	0	0.000000	0.000000	0.000000	0	0	0	
9578	1419	0.220000	9.630000	7.190000	1.060000	0.550000	80.000000	48.000000	0	0.000000	0.000000	0.000000	0	0	0	
9765	1388	0.220000	9.520000	7.060000	1.040000	0.550000	80.000000	48.000000	0	0.000000	0.000000	0.000000	0	0	0	
9937	1183	0.220000	9.700000	7.260000	1.060000	0.560000	80.000000	48.000000	0	0.000000	0.000000	0.000000	0	0	0	
10109	989	0.220000	2.400000	0.870000	1.060000	0.630000	80.000000	48.000000	0	0.000000	0.000000	0.000000	0	0	0	
10297	891	0.220000	2.490000	1.000000	1.050000	0.710000	80.000000	48.000000	7	0.000000	0.000000	0.000000	0	0	0	
10484	1145	0.220000	11.460000	9.340000	1.050000	0.660000	80.000000	48.000000	10	0.000000	0.000000	0.000000	0	0	0	
10672	1418	0.220000	10.780000	8.210000	1.050000	0.610000	80.000000	48.000000	10	0.000000	0.000000	0.000000	0	0	0	
10859	1447	0.220000	10.470000	7.880000	1.060000	0.590000	80.000000	48.000000	0	0.000000	0.000000	0.000000	0	0	0	
11062	1323	0.220000	10.780000	8.120000	1.050000	0.620000	80.000000	48.000000	0	0.000000	0.000000	0.000000	0	0	0	
11250	1134	0.220000	2.540000	0.820000	1.050000	0.690000	80.000000	48.000000	50	0.000000	0.000000	0.000000	0	0	0	
11515	1029	0.220000	12.130000	10.220000	1.060000	0.720000	80.000000	48.000000	122	0.000000	0.000000	0.000000	0	0	0	
11718	1084	0.220000	11.980000	10.000000	1.050000	0.720000	80.000000	48.000000	120	0.000000	0.000000	0.000000	0	0	0	
11906	1099	0.220000	11.660000	9.670000	1.060000	0.690000	80.000000	48.000000	68	0.000000	0.000000	0.000000	0	0	0	
12093	1111	0.220000	10.630000	8.060000	1.060000	0.650000	80.000000	48.000000	0	0.000000	0.000000	0.000000	0	0	0	
12281	1088	0.220000	10.430000	7.880000	1.060000	0.640000	80.000000	48.000000	0	0.000000	0.000000	0.000000	0	0	0	
12484	1182	0.220000	10.100000	7.620000	1.060000	0.600000	80.000000	48.000000	72	0.000000	0.000000	0.000000	0	0	0	
12672	1239	0.220000	9.890000	7.450000	1.070000	0.580000	80.000000	48.000000	105	0.000000	0.000000	0.000000	0	0	0	
12859	1310	0.220000	9.770000	7.340000	1.050000	0.570000	80.000000	48.000000	104	0.000000	0.000000	0.000000	0	0	0	
13047	1379	0.220000	9.340000	6.980000	1.060000	0.560000	80.000000	48.000000	105	0.000000	0.000000	0.000000	0	0	0	
13250	1462	0.220000	9.050000	6.730000	1.060000	0.530000	80.000000	48.000000	12	0.000000	0.000000	0.000000	0	0	0	
13437	1505	0.220000	9.520000	7.060000	1.040000	0.570000	80.000000	48.000000	0	0.000000	0.000000	0.000000	0	0	0	
13625	1581	0.220000	8.740000	6.480000	1.060000	0.530000	80.000000	48.000000	0	0.000000	0.000000	0.000000	0	0	0	
13812	1520	0.220000	7.890000	5.710000	1.110000	0.440000	80.000000	48.000000	71	0.000000	0.000000	0.000000	0	0	0	
14093	1188	0.220000	7.890000	5.710000	1.160000	0.380000	80.000000	48.000000	54	0.000000	0.000000	0.000000	0	0	0	
14437	1055	0.220000	7.290000	5.170000	1.060000	0.410000	80.000000	48.000000	0	0.000000	0.000000	0.000000	0	0	0	
14656	1107	0.220000	7.170000	5.110000	1.070000	0.390000	80.000000	48.000000	0	0.000000	0.000000	0.000000	0	0	0	
14875	1125	0.220000	6.930000	4.870000	1.070000	0.380000	80.000000	48.000000	0	0.000000	0.000000	0.000000	0	0	0	
15078	1074	0.220000	6.510000	4.540000	1.070000	0.370000	80.000000	48.000000	10	0.000000	0.000000	0.000000	0	0	0	
15328	915	0.220000	2.410000	0.920000	1.050000	0.440000	80.000000	48.000000	13	0.000000	0.000000	0.000000	0	0	0	
15531	940	0.220000	8.700000	0.870000	1.060000	0.530000	80.000000	48.000000	10	0.000000	0.000000	0.000000	0	0	0	
15843	943	0.220000	10.280000	7.780000	1.070000	0.590000	80.000000	48.000000	0	0.000000	0.000000	0.000000	0	0	0	
16109	966	0.220000	10.610000	8.010000	1.060000	0.590000	80.000000	48.000000	0	0.000000	0.000000	0.000000	0	0	0	
16359	989	0.220000	10.330000	7.820000	1.060000	0.580000	80.000000	48.000000	54	0.000000	0.000000	0.000000	0	0	0	
16609	1015	0.220000	9.850000	7.420000	1.050000	0.570000	80.000000	48.000000	54	0.000000	0.000000	0.000000	0	0	0	
16843	1041	0.220000	9.210000	6.970000	1.070000	0.570000	80.000000	48.000000	0	0.000000	0.000000	0.000000	0	0	0	
17125	1084	0.220000	9.300000	6.990000	1.070000	0.550000	80.000000	48.000000	0	0.000000	0.000000	0.000000	0	0	0	
17390	1115	0.220000	9.390000	7.010000	1.060000	0.550000	80.000000	48.000000	0	0.000000	0.000000	0.000000	0	0	0	
17625	1134	0.220000	9.590000	7.160000	1.060000	0.560000	80.000000	48.000000	12	0.000000	0.000000	0.000000	0	0	0	
17859	1159	0.200000	9.690000	7.270000	1.070000	0.560000	80.000000	48.000000	12	0.000000	0.000000	0.000000	0	0	0	
18187	1188	0.200000	11.180000	8.670000	1.050000	0.610000	80.000000	48.000000	0	0.000000	0.000000	0.000000	0	0	0	
18406	1227	0.200000	10.870000	8.290000	1.070000	0.610000	80.000000	48.000000	0	0.000000	0.000000	0.000000	0	0	0	
18625	1265	0.200000	2.320000	0.820000	1.050000	0.670000	80.000000	48.000000	56	0.000000	0.000000	0.000000	0	0	0	
18843	1312	0.200000	11.130000	8.690000	1.050000	0.670000	80.000000	48.000000	70	0.000000	0.000000	0.000000	0	0	0	
19062	1357	0.200000	11.220000	8.610000	1.060000	0.650000	80.000000	48.000000	70	0.000000	0.000000	0.000000	0	0	0	
19297	1403	0.200000	11.060000	8.440000	1.050000	0.640000	80.000000	48.000000	53	0.000000	0.000000	0.000000	0	0	0	
19562	1457	0.200000	10.570000	7.940000	1.040000	0.630000	80.000000	48.000000	0	0.000000	0.000000	0.000000	0	0	0	
19797	1505	0.200000	10.700000	8.110000	1.060000	0.610000	78.000000	48.000000	0	0.000000	0.000000	0.000000	0	0	0	
20047	1562	0.200000	10.490000	7.800000	1.040000	0.600000	78.000000	48.000000	11	0.000000	0.000000	0.000000	0	0	0	
20250	1584	0.200000	10.030000	7.400000	1.040000	0.560000	78.000000	48.000000	12	0.000000	0.000000	0.000000	0	0	0	
20468	1614	0.200000	9.590000	7.090000	1.050000	0.550000	78.000000	48.000000	12	0.000000	0.000000	0.000000	0	0	0	
20765	1650	0.200000	9.940000	7.340000	1.050000	0.550000	78.000000	48.000000	0	0.000000	0.000000	0.000000	0	0	0	
20984	1674	0.200000	10.020000	7.390000	1.040000	0.550000	78.000000	48.000000	0	0.000000	0.000000	0.000000	0	0	0	
21203	1699	0.200000	10.160000	7.510000	1.060000	0.550000	78.000000	48.000000	11	0.000000	0.000000	0.000000	0	0	0	
21422	1728	0.200000	10.230000	7.540000	1.050000	0.540000	78.000000	48.000000	10	0.000000	0.000000	0.000000	0	0	0	
21640	1765	0.200000	10.050000	7.410000	1.050000	0.540000	78.000000	48.000000	11	0.000000	0.000000	0.000000	0	0	0	
21875	1795	0.200000	10.110000	7.450000	1.050000	0.540000	78.000000	48.000000	0	0.000000	0.000000	0.000000	0	0	0	
22156	1837	0.200000	9.360000	6.880000	1.050000	0.510000	78.000000	48.000000	0	0.000000	0.000000	0.000000	0	0	0	
22359	1869	0.200000	2.570000	1.050000	1.040000	0.540000	78.000000	48.000000	0	0.000000	0.000000	0.000000	0	0	0	
22578	1912	0.200000	11.400000	9.060000	1.050000	0.620000	78.000000	48.000000	0	0.000000	0.000000	0.000000	0	0	0	
22812	1968	0.200000	12.150000	10.000000	1.040000	0.680000	78.000000	47.000000	0	0.000000	0.000000	0.000000	0	0	0	
23047	2016	0.200000	11.770000	9.510000	1.050000	0.680000	78.000000	47.000000	0	0.000000	0.000000	0.000000	0	0	0	
23265	2064	0.200000	11.750000	9.540000	1.050000	0.680000	78.000000	47.000000	0	0.000000	0.000000	0.000000	0	0	0	
23500	2129	0.200000	12.050000	10.020000	1.030000	0.690000	78.000000	47.000000	0	0.000000	0.000000	0.000000	0	0	0	
23718	2171	0.200000	12.300000	10.180000	1.010000	0.720000	78.000000	47.000000	12	0.000000	0.000000	0.000000	0	0	0	
23937	2240	0.200000	12.530000	10.630000	1.030000	0.720000	78.000000	47.000000	53	0.000000	0.000000	0.000000	0	0	0	
24156	2296	0.200000	12.650000	10.830000	1.020000	0.730000	78.000000	47.000000	53	0.000000	0.000000	0.000000	0	0	0	
24390	2354	0.200000	12.880000	11.340000	1.010000	0.760000	78.000000	47.000000	53	0.000000	0.000000	0.000000	0	0	0	
24625	2410	0.200000	13.380000	11.930000	1.020000	0.780000	78.000000	47.000000	10	0.000000	0.000000	0.000000	0	0	0	
24843	2477	0.200000	14.110000	12.560000	1.020000	0.810000	78.000000	47.000000	10	0.000000	0.000000	0.000000	0	0	0	
25078	2573	0.200000	15.070000	13.360000	1.020000	0.850000	78.000000	47.000000	9	0.000000	0.000000	0.000000	0	0	0	
25375	2668	0.200000	14.950000	13.240000	1.020000	0.850000	78.000000	47.000000	54	0.000000	0.000000	0.000000	0	0	0	
25593	2761	0.200000	14.930000	13.070000	1.020000	0.850000	78.000000	47.000000	52	0.000000	0.000000	0.000000	0	0	0	
25812	2831	0.200000	14.820000	13.110000	1.020000	0.830000	78.000000	47.000000	12	0.000000	0.000000	0.000000	0	0	0	
26047	2902	0.200000	14.000000	12.500000	1.020000	0.790000	78.000000	47.000000	11	0.000000	0.000000	0.000000	0	0	0	
26281	2776	0.200000	0.000000	0.000000	1.250000	0.460000	78.000000	47.000000	53	0.000000	0.000000	0.000000	0	0	0	
26515	2404	0.200000	0.000000	0.000000	1.380000	0.330000	78.000000	47.000000	14	0.000000	0.000000	0.000000	0	0	0	
26750	2076	0.200000	0.000000	0.000000	1.370000	0.330000	78.000000	47.000000	0	0.000000	0.000000	0.000000	0	0	0	
26984	1867	0.200000	5.760000	3.950000	1.220000	0.320000	78.000000	47.000000	0	0.000000	0.000000	0.000000	0	0	0	
27234	1953	0.200000	6.620000	4.450000	1.040000	0.340000	78.000000	47.000000	0	0.000000	0.000000	0.000000	0	0	0	
27453	1986	0.200000	6.640000	4.500000	1.050000	0.340000	77.000000	47.000000	0	0.000000	0.000000	0.000000	0	0	0	
27703	1942	0.200000	2.710000	1.170000	1.010000	0.600000	78.000000	47.000000	254	0.000000	0.000000	0.000000	0	0	0	
27953	1933	0.200000	12.230000	10.280000	1.040000	0.710000	77.000000	47.000000	3	0.000000	0.000000	0.000000	0	0	0	
28172	1977	0.200000	12.540000	10.640000	1.040000	0.750000	77.000000	47.000000	0	0.000000	0.000000	0.000000	0	0	0	
28390	1987	0.200000	12.580000	10.640000	1.040000	0.760000	77.000000	47.000000	0	0.000000	0.000000	0.000000	0	0	0	
28609	2041	0.200000	12.590000	10.900000	1.050000	0.770000	77.000000	47.000000	53	0.000000	0.000000	0.000000	0	0	0	
28843	2057	0.200000	12.670000	10.800000	1.030000	0.770000	77.000000	47.000000	53	0.000000	0.000000	0.000000	0	0	0	
29062	2088	0.200000	12.670000	10.930000	1.040000	0.760000	77.000000	47.000000	52	0.000000	0.000000	0.000000	0	0	0	
29312	2120	0.200000	12.880000	11.260000	1.020000	0.810000	77.000000	47.000000	0	0.000000	0.000000	0.000000	0	0	0	
29531	2140	0.200000	12.780000	11.210000	1.050000	0.780000	77.000000	47.000000	0	0.000000	0.000000	0.000000	0	0	0	
29750	2168	0.200000	13.150000	11.700000	1.040000	0.800000	77.000000	47.000000	0	0.000000	0.000000	0.000000	0	0	0	
30062	2221	0.200000	14.850000	13.040000	1.030000	0.860000	77.000000	47.000000	12	0.000000	0.000000	0.000000	0	0	0	
30265	2258	0.200000	15.790000	14.020000	1.030000	0.910000	77.000000	47.000000	12	0.000000	0.000000	0.000000	0	0	0	
30468	2291	0.200000	17.480000	15.740000	1.010000	0.970000	77.000000	47.000000	5	0.000000	0.000000	0.000000	0	0	0	
30703	2338	0.200000	17.270000	15.480000	1.030000	0.950000	77.000000	47.000000	0	0.000000	0.000000	0.000000	0	0	0	
30922	2389	0.200000	17.150000	15.420000	1.010000	0.970000	77.000000	47.000000	53	0.000000	0.000000	0.000000	0	0	0	
31125	2415	0.200000	17.210000	15.410000	1.030000	0.960000	77.000000	47.000000	52	0.000000	0.000000	0.000000	0	0	0	
31312	2458	0.200000	16.980000	15.240000	1.020000	0.960000	77.000000	47.000000	52	0.000000	0.000000	0.000000	0	0	0	
31500	2496	0.200000	17.060000	15.390000	1.030000	0.950000	77.000000	47.000000	52	0.000000	0.000000	0.000000	0	0	0	
31703	2529	0.200000	17.440000	15.700000	1.010000	0.970000	77.000000	47.000000	0	0.000000	0.000000	0.000000	0	0	0	
31890	2566	0.200000	17.700000	16.020000	1.030000	0.910000	77.000000	46.000000	0	0.000000	0.000000	0.000000	0	0	0	
32078	2616	0.200000	18.590000	17.290000	1.020000	0.960000	76.000000	46.000000	53	0.000000	0.000000	0.000000	0	0	0	
32265	2640	0.200000	2.330000	0.820000	1.030000	0.930000	77.000000	46.000000	53	0.000000	0.000000	0.000000	0	0	0	
32453	2676	0.200000	18.980000	17.550000	1.030000	0.940000	76.000000	46.000000	52	0.000000	0.000000	0.000000	0	0	0	
32656	2729	0.200000	19.200000	17.770000	1.010000	0.940000	76.000000	46.000000	52	0.000000	0.000000	0.000000	0	0	0	
32843	2766	0.200000	2.370000	0.860000	0.990000	0.940000	76.000000	46.000000	11	0.000000	0.000000	0.000000	0	0	0	
33031	2815	0.200000	19.120000	17.620000	1.020000	0.930000	76.000000	46.000000	9	0.000000	0.000000	0.000000	0	0	0	
33234	2844	0.200000	19.320000	17.890000	0.990000	0.970000	76.000000	46.000000	11	0.000000	0.000000	0.000000	0	0	0	
33422	2903	0.200000	19.270000	17.640000	1.020000	0.950000	76.000000	46.000000	52	0.000000	0.000000	0.000000	0	0	0	
33640	2932	0.200000	2.340000	0.820000	1.000000	0.960000	76.000000	46.000000	52	0.000000	0.000000	0.000000	0	0	0	
33828	2975	0.200000	19.590000	17.870000	1.000000	0.980000	76.000000	46.000000	52	0.000000	0.000000	0.000000	0	0	0	
34109	3029	0.200000	19.700000	17.940000	0.990000	0.990000	76.000000	46.000000	10	0.000000	0.000000	0.000000	0	0	0	
34312	3069	0.200000	19.350000	17.780000	1.010000	0.940000	76.000000	46.000000	10	0.000000	0.000000	0.000000	0	0	0	
34547	3125	0.200000	19.460000	17.820000	0.960000	1.000000	76.000000	46.000000	52	0.000000	0.000000	0.000000	0	0	0	
34812	3184	0.200000	19.200000	17.770000	1.030000	0.950000	76.000000	46.000000	52	0.000000	0.000000	0.000000	0	0	0	
35031	3230	0.200000	19.100000	17.670000	1.030000	0.950000	76.000000	46.000000	11	0.000000	0.000000	0.000000	0	0	0	
35265	3271	0.200000	19.330000	17.550000	1.000000	0.950000	76.000000	46.000000	10	0.000000	0.000000	0.000000	0	0	0	
35468	3302	0.200000	18.870000	17.170000	1.000000	0.950000	76.000000	46.000000	10	0.000000	0.000000	0.000000	0	0	0	
35687	3353	0.200000	18.900000	17.330000	1.010000	0.960000	76.000000	46.000000	11	0.000000	0.000000	0.000000	0	0	0	
35890	3390	0.200000	18.810000	17.320000	1.030000	0.940000	75.000000	46.000000	52	0.000000	0.000000	0.000000	0	0	0	
36125	3426	0.200000	18.910000	17.270000	0.990000	1.000000	75.000000	46.000000	9	0.000000	0.000000	0.000000	0	0	0	
36328	3477	0.200000	19.040000	17.130000	1.010000	0.960000	75.000000	46.000000	10	0.000000	0.000000	0.000000	0	0	0	
36531	3510	0.200000	18.890000	17.120000	1.020000	0.960000	75.000000	45.000000	11	0.000000	0.000000	0.000000	0	0	0	
36718	3546	0.200000	18.570000	17.080000	1.000000	1.010000	75.000000	45.000000	10	0.000000	0.000000	0.000000	0	0	0	
36922	3592	0.200000	17.330000	15.360000	1.000000	0.960000	75.000000	45.000000	52	0.000000	0.000000	0.000000	0	0	0	
37125	3623	0.200000	17.470000	15.260000	1.000000	0.950000	75.000000	45.000000	51	0.000000	0.000000	0.000000	0	0	0	
37328	3671	0.200000	17.350000	15.200000	1.010000	0.940000	75.000000	45.000000	51	0.000000	0.000000	0.000000	0	0	0	
37547	3390	0.200000	0.000000	0.000000	1.600000	0.380000	75.000000	45.000000	35	0.000000	0.000000	0.000000	0	0	0	
37734	3092	0.200000	0.000000	0.000000	1.690000	0.310000	75.000000	45.000000	0	0.000000	0.000000	0.000000	0	0	0	
37953	2759	0.200000	0.000000	0.000000	1.700000	0.290000	75.000000	45.000000	0	0.000000	0.000000	0.000000	0	0	0	
38140	2463	0.200000	0.000000	0.000000	1.700000	0.300000	75.000000	45.000000	0	0.000000	0.000000	0.000000	0	0	0	
38406	2053	0.200000	0.000000	0.000000	1.720000	0.290000	75.000000	45.000000	0	0.000000	0.000000	0.000000	0	0	0	
38625	1713	0.200000	0.000000	0.000000	1.710000	0.280000	75.000000	45.000000	0	0.000000	0.000000	0.000000	0	0	0	
38812	1613	0.200000	5.940000	4.140000	1.570000	0.310000	75.000000	45.000000	0	0.000000	0.000000	0.000000	0	0	0	
39000	1972	0.200000	5.660000	3.860000	1.390000	0.280000	74.000000	45.000000	0	0.000000	0.000000	0.000000	0	0	0	
39234	2074	0.200000	4.870000	3.200000	1.170000	0.240000	74.000000	45.000000	0	0.000000	0.000000	0.000000	0	0	0	
39453	2050	0.200000	4.840000	3.060000	1.080000	0.240000	74.000000	45.000000	0	0.000000	0.000000	0.000000	0	0	0	
39656	2028	0.200000	4.720000	2.980000	1.060000	0.260000	74.000000	45.000000	0	0.000000	0.000000	0.000000	0	0	0	
39859	2044	0.200000	5.890000	3.800000	1.070000	0.310000	74.000000	45.000000	0	0.000000	0.000000	0.000000	0	0	0	
40047	2003	0.200000	6.070000	4.020000	1.070000	0.320000	74.000000	45.000000	0	0.000000	0.000000	0.000000	0	0	0	
40265	2005	0.200000	6.160000	4.120000	1.060000	0.340000	74.000000	45.000000	1	0.000000	0.000000	0.000000	0	0	0	
40453	2012	0.200000	6.270000	4.220000	1.070000	0.340000	74.000000	45.000000	0	0.000000	0.000000	0.000000	0	0	0	
40656	2008	0.200000	6.320000	4.280000	1.070000	0.340000	74.000000	44.000000	0	0.000000	0.000000	0.000000	0	0	0	
40875	2010	0.200000	6.590000	4.500000	1.070000	0.360000	74.000000	44.000000	0	0.000000	0.000000	0.000000	0	0	0	
41125	1992	0.200000	7.740000	5.560000	1.070000	0.430000	74.000000	44.000000	0	0.000000	0.000000	0.000000	0	0	0	
41375	2003	0.200000	9.070000	6.710000	1.070000	0.500000	74.000000	44.000000	0	0.000000	0.000000	0.000000	0	0	0	
41562	2003	0.200000	9.900000	7.370000	1.070000	0.550000	74.000000	44.000000	0	0.000000	0.000000	0.000000	0	0	0	
41781	2008	0.200000	2.420000	0.920000	1.060000	0.570000	74.000000	44.000000	0	0.000000	0.000000	0.000000	0	0	0	
41968	2003	0.200000	11.260000	8.880000	1.060000	0.630000	74.000000	44.000000	0	0.000000	0.000000	0.000000	0	0	0	
42172	2015	0.200000	11.590000	9.500000	1.060000	0.690000	73.000000	44.000000	0	0.000000	0.000000	0.000000	0	0	0	
42390	2016	0.200000	11.600000	9.620000	1.060000	0.710000	73.000000	44.000000	0	0.000000	0.000000	0.000000	0	0	0	
42656	2028	0.200000	11.870000	10.060000	1.070000	0.720000	73.000000	44.000000	0	0.000000	0.000000	0.000000	0	0	0	
42859	2038	0.200000	12.070000	10.170000	1.070000	0.720000	73.000000	44.000000	0	0.000000	0.000000	0.000000	0	0	0	
43062	2044	0.200000	11.980000	10.130000	1.070000	0.720000	73.000000	44.000000	0	0.000000	0.000000	0.000000	0	0	0	
43281	2044	0.200000	12.060000	10.160000	1.060000	0.720000	73.000000	44.000000	0	0.000000	0.000000	0.000000	0	0	0	
43484	2053	0.200000	12.250000	10.490000	1.060000	0.720000	73.000000	44.000000	0	0.000000	0.000000	0.000000	0	0	0	
43687	2062	0.200000	12.200000	10.410000	1.070000	0.710000	73.000000	44.000000	0	0.000000	0.000000	0.000000	0	0	0	
43890	2074	0.200000	12.110000	10.280000	1.060000	0.710000	73.000000	44.000000	0	0.000000	0.000000	0.000000	0	0	0	
44078	2082	0.200000	11.350000	9.000000	1.070000	0.650000	73.000000	44.000000	0	0.000000	0.000000	0.000000	0	0	0	
44281	2080	0.200000	8.850000	6.630000	1.090000	0.550000	73.000000	43.000000	0	0.000000	0.000000	0.000000	0	0	0	
44484	2088	0.200000	8.820000	6.610000	1.070000	0.520000	73.000000	43.000000	0	0.000000	0.000000	0.000000	0	0	0	
44687	2085	0.200000	8.830000	6.590000	1.080000	0.510000	73.000000	43.000000	0	0.000000	0.000000	0.000000	0	0	0	
44890	2093	0.200000	9.230000	6.870000	1.070000	0.510000	73.000000	43.000000	0	0.000000	0.000000	0.000000	0	0	0	
45078	2097	0.200000	9.130000	6.810000	1.080000	0.510000	73.000000	43.000000	0	0.000000	0.000000	0.000000	0	0	0	
45265	2103	0.200000	9.090000	6.780000	1.060000	0.520000	72.000000	43.000000	0	0.000000	0.000000	0.000000	0	0	0	
45468	2103	0.200000	9.230000	6.900000	1.070000	0.510000	72.000000	43.000000	0	0.000000	0.000000	0.000000	0	0	0	
45656	2109	0.200000	9.360000	6.990000	1.070000	0.500000	72.000000	43.000000	0	0.000000	0.000000	0.000000	0	0	0	
45859	2114	0.200000	9.540000	7.070000	1.060000	0.520000	72.000000	43.000000	0	0.000000	0.000000	0.000000	0	0	0	
46078	2126	0.200000	9.230000	6.900000	1.070000	0.500000	72.000000	43.000000	0	0.000000	0.000000	0.000000	0	0	0	
46297	2133	0.200000	9.470000	7.040000	1.070000	0.500000	72.000000	43.000000	0	0.000000	0.000000	0.000000	0	0	0	
46500	2130	0.200000	9.160000	6.840000	1.070000	0.490000	72.000000	43.000000	0	0.000000	0.000000	0.000000	0	0	0	
46781	2140	0.200000	9.260000	6.930000	1.060000	0.500000	72.000000	43.000000	0	0.000000	0.000000	0.000000	0	0	0	
47015	2151	0.200000	9.400000	7.000000	1.060000	0.500000	72.000000	43.000000	0	0.000000	0.000000	0.000000	0	0	0	
47203	2154	0.200000	9.330000	6.970000	1.070000	0.490000	72.000000	43.000000	0	0.000000	0.000000	0.000000	0	0	0	
47406	2149	0.200000	9.080000	6.770000	1.060000	0.490000	72.000000	43.000000	0	0.000000	0.000000	0.000000	0	0	0	
47609	2155	0.200000	8.880000	6.630000	1.070000	0.470000	72.000000	43.000000	0	0.000000	0.000000	0.000000	0	0	0	
47812	2159	0.200000	8.730000	6.470000	1.060000	0.460000	72.000000	43.000000	0	0.000000	0.000000	0.000000	0	0	0	
48015	2162	0.200000	7.430000	5.330000	1.080000	0.410000	72.000000	42.000000	0	0.000000	0.000000	0.000000	0	0	0	
48250	2163	0.200000	7.000000	4.870000	1.090000	0.360000	72.000000	42.000000	0	0.000000	0.000000	0.000000	0	0	0	
48515	2168	0.200000	6.820000	4.720000	1.080000	0.340000	72.000000	42.000000	254	0.000000	0.000000	0.000000	0	0	0	
48718	2161	0.200000	6.580000	4.520000	1.070000	0.340000	71.000000	42.000000	2	0.000000	0.000000	0.000000	0	0	0	
48937	2163	0.200000	6.530000	4.440000	1.080000	0.340000	71.000000	42.000000	254	0.000000	0.000000	0.000000	0	0	0	
49125	2164	0.200000	6.480000	4.400000	1.080000	0.340000	71.000000	42.000000	254	0.000000	0.000000	0.000000	0	0	0	
49375	2171	0.200000	6.520000	4.430000	1.070000	0.340000	71.000000	42.000000	0	0.000000	0.000000	0.000000	0	0	0	
49562	2161	0.200000	6.460000	4.400000	1.070000	0.340000	71.000000	42.000000	0	0.000000	0.000000	0.000000	0	0	0	
49765	2165	0.200000	6.460000	4.400000	1.070000	0.340000	71.000000	42.000000	31	0.000000	0.000000	0.000000	0	0	0	
49968	2174	0.200000	6.610000	4.530000	1.080000	0.340000	71.000000	42.000000	0	0.000000	0.000000	0.000000	0	0	0	
50203	2158	0.200000	6.520000	4.450000	1.080000	0.340000	71.000000	42.000000	236	0.000000	0.000000	0.000000	0	0	0	
50422	2170	0.200000	6.520000	4.430000	1.080000	0.350000	71.000000	42.000000	235	0.000000	0.000000	0.000000	0	0	0	
50593	2162	0.200000	6.600000	4.520000	1.070000	0.350000	71.000000	42.000000	0	0.000000	0.000000	0.000000	0	0	0	
50812	2171	0.200000	6.640000	4.540000	1.080000	0.350000	71.000000	42.000000	0	0.000000	0.000000	0.000000	0	0	0	
51093	2174	0.200000	6.610000	4.520000	1.070000	0.350000	71.000000	42.000000	0	0.000000	0.000000	0.000000	0	0	0	
51281	2184	0.200000	7.050000	4.900000	1.070000	0.370000	71.000000	42.000000	0	0.000000	0.000000	0.000000	0	0	0	
51500	2179	0.200000	7.760000	5.580000	1.070000	0.440000	71.000000	42.000000	0	0.000000	0.000000	0.000000	0	0	0	
51703	2174	0.200000	9.180000	6.800000	1.060000	0.520000	71.000000	42.000000	0	0.000000	0.000000	0.000000	0	0	0	
51937	2183	0.200000	9.540000	7.100000	1.070000	0.530000	70.000000	42.000000	0	0.000000	0.000000	0.000000	0	0	0	
52187	2187	0.200000	9.620000	7.170000	1.070000	0.530000	70.000000	41.000000	0	0.000000	0.000000	0.000000	0	0	0	
52359	2189	0.200000	11.050000	8.450000	1.050000	0.600000	70.000000	41.000000	0	0.000000	0.000000	0.000000	0	0	0	
52562	2187	0.200000	10.900000	8.270000	1.060000	0.620000	70.000000	41.000000	0	0.000000	0.000000	0.000000	0	0	0	
52781	2194	0.200000	11.070000	8.530000	1.060000	0.630000	70.000000	41.000000	0	0.000000	0.000000	0.000000	0	0	0	
52968	2198	0.200000	11.080000	8.540000	1.050000	0.630000	70.000000	41.000000	0	0.000000	0.000000	0.000000	0	0	0	
53187	2200	0.200000	11.110000	8.720000	1.060000	0.640000	70.000000	41.000000	0	0.000000	0.000000	0.000000	0	0	0	
53375	2206	0.200000	11.290000	8.910000	1.070000	0.630000	70.000000	41.000000	0	0.000000	0.000000	0.000000	0	0	0	
53578	2212	0.200000	11.190000	8.790000	1.050000	0.640000	70.000000	41.000000	0	0.000000	0.000000	0.000000	0	0	0	
53750	2215	0.200000	11.250000	8.770000	1.060000	0.640000	70.000000	41.000000	0	0.000000	0.000000	0.000000	0	0	0	
53953	2212	0.200000	11.250000	8.870000	1.060000	0.640000	70.000000	41.000000	0	0.000000	0.000000	0.000000	0	0	0	
54187	2224	0.200000	11.330000	9.030000	1.070000	0.630000	70.000000	41.000000	0	0.000000	0.000000	0.000000	0	0	0	
54375	2227	0.170000	11.390000	9.000000	1.060000	0.640000	70.000000	41.000000	0	0.000000	0.000000	0.000000	0	0	0	
54578	2236	0.200000	11.310000	9.010000	1.060000	0.630000	70.000000	41.000000	0	0.000000	0.000000	0.000000	0	0	0	
54765	2238	0.200000	11.340000	9.080000	1.060000	0.630000	70.000000	41.000000	0	0.000000	0.000000	0.000000	0	0	0	
54968	2230	0.200000	11.400000	9.090000	1.060000	0.620000	70.000000	41.000000	0	0.000000	0.000000	0.000000	0	0	0	
55281	2257	0.170000	11.390000	8.950000	1.050000	0.620000	70.000000	41.000000	0	0.000000	0.000000	0.000000	0	0	0	
55484	2241	0.170000	11.370000	9.100000	1.060000	0.630000	70.000000	41.000000	0	0.000000	0.000000	0.000000	0	0	0	
55672	2249	0.170000	11.250000	8.870000	1.060000	0.620000	70.000000	41.000000	0	0.000000	0.000000	0.000000	0	0	0	
55875	2258	0.170000	11.270000	8.830000	1.060000	0.620000	70.000000	41.000000	0	0.000000	0.000000	0.000000	0	0	0	
56062	2241	0.170000	11.280000	8.890000	1.050000	0.620000	70.000000	40.000000	0	0.000000	0.000000	0.000000	0	0	0	
56265	2254	0.170000	11.370000	8.940000	1.060000	0.610000	70.000000	40.000000	0	0.000000	0.000000	0.000000	0	0	0	
56453	2267	0.170000	11.370000	8.940000	1.060000	0.610000	70.000000	40.000000	0	0.000000	0.000000	0.000000	0	0	0	
56687	2244	0.170000	11.250000	8.780000	1.060000	0.610000	70.000000	40.000000	0	0.000000	0.000000	0.000000	0	0	0	
56875	2251	0.170000	11.400000	8.920000	1.060000	0.610000	70.000000	40.000000	0	0.000000	0.000000	0.000000	0	0	0	
57062	2252	0.170000	11.320000	9.020000	1.060000	0.620000	70.000000	40.000000	0	0.000000	0.000000	0.000000	0	0	0	
57281	2233	0.170000	11.410000	9.120000	1.060000	0.620000	70.000000	40.000000	0	0.000000	0.000000	0.000000	0	0	0	
57484	2232	0.170000	11.390000	9.180000	1.060000	0.630000	70.000000	40.000000	0	0.000000	0.000000	0.000000	0	0	0	
57672	2234	0.170000	11.540000	9.310000	1.060000	0.630000	70.000000	40.000000	0	0.000000	0.000000	0.000000	0	0	0	
57859	2244	0.170000	11.540000	9.290000	1.050000	0.630000	70.000000	40.000000	0	0.000000	0.000000	0.000000	0	0	0	
58062	2232	0.170000	2.320000	0.820000	1.050000	0.660000	70.000000	40.000000	0	0.000000	0.000000	0.000000	0	0	0	
58265	2225	0.170000	12.020000	10.110000	1.060000	0.670000	70.000000	40.000000	0	0.000000	0.000000	0.000000	0	0	0	
58468	2227	0.170000	12.350000	10.500000	1.050000	0.690000	70.000000	40.000000	0	0.000000	0.000000	0.000000	0	0	0	
58656	2219	0.170000	13.150000	11.930000	1.060000	0.740000	70.000000	40.000000	0	0.000000	0.000000	0.000000	0	0	0	
58859	2192	0.170000	12.970000	11.530000	1.050000	0.760000	70.000000	40.000000	0	0.000000	0.000000	0.000000	0	0	0	
59062	2221	0.170000	12.890000	11.440000	1.050000	0.760000	69.000000	40.000000	0	0.000000	0.000000	0.000000	0	0	0	
59343	2230	0.170000	12.840000	11.570000	1.060000	0.750000	69.000000	40.000000	0	0.000000	0.000000	0.000000	0	0	0	
59562	2221	0.170000	12.960000	11.790000	1.060000	0.760000	69.000000	40.000000	0	0.000000	0.000000	0.000000	0	0	0	
59781	2221	0.170000	12.960000	11.790000	1.060000	0.760000	69.000000	40.000000	0	0.000000	0.000000	0.000000	0	0	0	
59984	2221	0.170000	13.100000	11.740000	1.060000	0.760000	69.000000	40.000000	0	0.000000	0.000000	0.000000	0	0	0	
60172	2227	0.170000	13.190000	11.880000	1.050000	0.760000	69.000000	40.000000	0	0.000000	0.000000	0.000000	0	0	0	
60390	2226	0.170000	13.230000	11.920000	1.060000	0.760000	69.000000	40.000000	13	0.000000	0.000000	0.000000	0	0	0	
60609	2223	0.170000	13.140000	11.820000	1.050000	0.760000	69.000000	40.000000	12	0.000000	0.000000	0.000000	0	0	0	
60797	2222	0.170000	12.920000	11.840000	1.070000	0.760000	69.000000	40.000000	11	0.000000	0.000000	0.000000	0	0	0	
61000	2227	0.170000	13.220000	12.060000	1.070000	0.760000	69.000000	40.000000	0	0.000000	0.000000	0.000000	0	0	0	
61172	2227	0.170000	13.250000	11.980000	1.060000	0.750000	69.000000	40.000000	0	0.000000	0.000000	0.000000	0	0	0	
61359	2223	0.170000	13.030000	11.810000	1.060000	0.750000	69.000000	40.000000	0	0.000000	0.000000	0.000000	0	0	0	
61547	2232	0.170000	13.180000	11.960000	1.060000	0.760000	69.000000	40.000000	0	0.000000	0.000000	0.000000	0	0	0	
61750	2231	0.170000	13.360000	12.100000	1.060000	0.750000	69.000000	40.000000	0	0.000000	0.000000	0.000000	0	0	0	
61953	2224	0.170000	13.300000	12.040000	1.060000	0.750000	69.000000	40.000000	0	0.000000	0.000000	0.000000	0	0	0	
62156	2229	0.170000	13.170000	11.900000	1.060000	0.750000	69.000000	40.000000	0	0.000000	0.000000	0.000000	0	0	0	
62359	2231	0.170000	13.350000	12.090000	1.040000	0.760000	69.000000	40.000000	0	0.000000	0.000000	0.000000	0	0	0	
62547	2221	0.170000	13.400000	12.140000	1.050000	0.760000	69.000000	40.000000	0	0.000000	0.000000	0.000000	0	0	0	
62812	2234	0.170000	13.150000	11.930000	1.070000	0.750000	68.000000	39.000000	0	0.000000	0.000000	0.000000	0	0	0	
63047	2238	0.170000	13.390000	12.180000	1.060000	0.760000	68.000000	39.000000	0	0.000000	0.000000	0.000000	0	0	0	
63250	2231	0.170000	13.530000	12.290000	1.060000	0.750000	68.000000	39.000000	0	0.000000	0.000000	0.000000	0	0	0	
63531	2235	0.170000	13.310000	12.100000	1.060000	0.760000	68.000000	39.000000	0	0.000000	0.000000	0.000000	0	0	0	
63750	2243	0.170000	13.470000	12.260000	1.050000	0.760000	68.000000	39.000000	0	0.000000	0.000000	0.000000	0	0	0	
63937	2240	0.170000	13.640000	12.390000	1.050000	0.760000	68.000000	39.000000	0	0.000000	0.000000	0.000000	0	0	0	
64140	2247	0.170000	13.460000	12.150000	1.060000	0.760000	68.000000	39.000000	0	0.000000	0.000000	0.000000	0	0	0	
64343	2241	0.170000	13.470000	12.210000	1.050000	0.770000	68.000000	39.000000	0	0.000000	0.000000	0.000000	0	0	0	
64547	2249	0.170000	13.470000	12.260000	1.060000	0.760000	68.000000	39.000000	0	0.000000	0.000000	0.000000	0	0	0	
64750	2249	0.170000	13.210000	12.040000	1.080000	0.740000	68.000000	39.000000	0	0.000000	0.000000	0.000000	0	0	0	
64937	2251	0.170000	13.050000	11.930000	1.080000	0.750000	68.000000	39.000000	0	0.000000	0.000000	0.000000	0	0	0	
65156	2251	0.170000	13.150000	11.890000	1.070000	0.750000	68.000000	39.000000	0	0.000000	0.000000	0.000000	0	0	0	
65343	2253	0.170000	13.320000	12.050000	1.070000	0.750000	68.000000	39.000000	0	0.000000	0.000000	0.000000	0	0	0	
65593	2254	0.170000	13.110000	11.850000	1.060000	0.750000	68.000000	39.000000	0	0.000000	0.000000	0.000000	0	0	0	
65797	2257	0.170000	13.630000	12.330000	1.030000	0.780000	68.000000	39.000000	0	0.000000	0.000000	0.000000	0	0	0	
65984	2261	0.170000	13.690000	12.430000	1.060000	0.770000	68.000000	39.000000	0	0.000000	0.000000	0.000000	0	0	0	
66203	2271	0.170000	13.610000	12.460000	1.060000	0.770000	68.000000	39.000000	0	0.000000	0.000000	0.000000	0	0	0	
66406	2270	0.170000	13.370000	12.250000	1.050000	0.770000	68.000000	39.000000	0	0.000000	0.000000	0.000000	0	0	0	
66593	2274	0.170000	13.490000	12.390000	1.070000	0.770000	67.000000	39.000000	0	0.000000	0.000000	0.000000	0	0	0	
66828	2275	0.170000	13.620000	12.460000	1.080000	0.770000	67.000000	39.000000	0	0.000000	0.000000	0.000000	0	0	0	
67015	2276	0.170000	13.670000	12.360000	1.060000	0.770000	67.000000	39.000000	0	0.000000	0.000000	0.000000	0	0	0	
67203	2282	0.170000	13.550000	12.300000	1.040000	0.780000	67.000000	39.000000	0	0.000000	0.000000	0.000000	0	0	0	
67406	2285	0.170000	13.670000	12.480000	1.060000	0.770000	67.000000	39.000000	0	0.000000	0.000000	0.000000	0	0	0	
67687	2287	0.170000	13.730000	12.420000	1.060000	0.780000	67.000000	38.000000	0	0.000000	0.000000	0.000000	0	0	0	
67890	2291	0.170000	13.490000	12.240000	1.060000	0.770000	67.000000	38.000000	0	0.000000	0.000000	0.000000	0	0	0	
68078	2293	0.170000	13.540000	12.390000	1.070000	0.780000	67.000000	38.000000	0	0.000000	0.000000	0.000000	0	0	0	
68281	2295	0.170000	13.650000	12.490000	1.060000	0.770000	67.000000	38.000000	0	0.000000	0.000000	0.000000	0	0	0	
68500	2300	0.170000	13.530000	12.420000	1.080000	0.780000	67.000000	38.000000	0	0.000000	0.000000	0.000000	0	0	0	
68687	2311	0.170000	2.410000	0.900000	1.060000	0.810000	67.000000	38.000000	0	0.000000	0.000000	0.000000	0	0	0	
68875	2312	0.170000	15.360000	13.760000	1.040000	0.880000	67.000000	38.000000	0	0.000000	0.000000	0.000000	0	0	0	
69078	2315	0.170000	16.090000	14.480000	1.030000	0.890000	67.000000	38.000000	0	0.000000	0.000000	0.000000	0	0	0	
69281	2324	0.170000	15.900000	14.290000	1.020000	0.930000	67.000000	38.000000	0	0.000000	0.000000	0.000000	0	0	0	
69484	2342	0.170000	15.480000	14.220000	1.040000	0.930000	67.000000	38.000000	0	0.000000	0.000000	0.000000	0	0	0	
69687	2339	0.170000	15.840000	14.470000	1.060000	0.910000	67.000000	38.000000	0	0.000000	0.000000	0.000000	0	0	0	
69906	2357	0.170000	16.120000	14.570000	1.020000	0.930000	67.000000	38.000000	0	0.000000	0.000000	0.000000	0	0	0	
70109	2356	0.170000	15.740000	14.220000	1.020000	0.930000	67.000000	38.000000	0	0.000000	0.000000	0.000000	0	0	0	
70297	2371	0.170000	15.470000	13.990000	1.030000	0.940000	67.000000	38.000000	0	0.000000	0.000000	0.000000	0	0	0	
70531	2375	0.170000	15.640000	14.150000	1.060000	0.910000	66.000000	38.000000	0	0.000000	0.000000	0.000000	0	0	0	
70718	2376	0.170000	15.470000	13.980000	1.050000	0.910000	66.000000	38.000000	0	0.000000	0.000000	0.000000	0	0	0	
70922	2391	0.170000	15.370000	13.830000	1.050000	0.900000	66.000000	38.000000	0	0.000000	0.000000	0.000000	0	0	0	
71125	2392	0.170000	15.080000	13.700000	1.070000	0.900000	66.000000	38.000000	0	0.000000	0.000000	0.000000	0	0	0	
71343	2391	0.170000	15.370000	13.820000	1.050000	0.900000	66.000000	38.000000	0	0.000000	0.000000	0.000000	0	0	0	
71547	2409	0.170000	15.080000	13.760000	1.050000	0.890000	66.000000	38.000000	0	0.000000	0.000000	0.000000	0	0	0	
71828	2413	0.170000	14.830000	13.390000	1.060000	0.890000	66.000000	38.000000	0	0.000000	0.000000	0.000000	0	0	0	
72031	2417	0.170000	15.070000	13.520000	1.060000	0.880000	66.000000	38.000000	0	0.000000	0.000000	0.000000	0	0	0	
72218	2424	0.170000	2.350000	0.850000	1.050000	0.870000	66.000000	38.000000	0	0.000000	0.000000	0.000000	0	0	0	
72422	2430	0.170000	13.300000	12.190000	1.040000	0.850000	66.000000	38.000000	0	0.000000	0.000000	0.000000	0	0	0	
72640	2440	0.170000	13.700000	12.520000	1.060000	0.820000	66.000000	37.000000	0	0.000000	0.000000	0.000000	0	0	0	
72843	2428	0.170000	13.970000	12.880000	1.070000	0.860000	66.000000	37.000000	0	0.000000	0.000000	0.000000	0	0	0	
73062	2437	0.170000	14.150000	12.860000	1.060000	0.820000	66.000000	37.000000	0	0.000000	0.000000	0.000000	0	0	0	
73265	2449	0.170000	13.830000	12.730000	1.070000	0.820000	66.000000	37.000000	0	0.000000	0.000000	0.000000	0	0	0	
73453	2445	0.170000	13.390000	12.230000	1.070000	0.800000	66.000000	37.000000	0	0.000000	0.000000	0.000000	0	0	0	
73672	2448	0.170000	13.430000	12.460000	1.060000	0.790000	66.000000	37.000000	0	0.000000	0.000000	0.000000	0	0	0	
73859	2452	0.170000	13.560000	12.350000	1.080000	0.770000	66.000000	37.000000	0	0.000000	0.000000	0.000000	0	0	0	
74078	2459	0.170000	13.430000	12.180000	1.040000	0.810000	66.000000	37.000000	0	0.000000	0.000000	0.000000	0	0	0	
74265	2458	0.170000	13.470000	12.450000	1.090000	0.780000	66.000000	37.000000	0	0.000000	0.000000	0.000000	0	0	0	
74484	2466	0.170000	13.710000	12.610000	1.080000	0.780000	65.000000	37.000000	0	0.000000	0.000000	0.000000	0	0	0	
74687	2471	0.170000	13.740000	12.490000	1.060000	0.780000	65.000000	37.000000	0	0.000000	0.000000	0.000000	0	0	0	
74875	2466	0.170000	13.460000	12.400000	1.100000	0.760000	65.000000	37.000000	0	0.000000	0.000000	0.000000	0	0	0	
75093	2479	0.170000	12.540000	11.190000	1.080000	0.710000	65.000000	37.000000	0	0.000000	0.000000	0.000000	0	0	0	
75281	2475	0.170000	12.760000	11.430000	1.070000	0.700000	65.000000	37.000000	0	0.000000	0.000000	0.000000	0	0	0	
75500	2477	0.170000	12.870000	11.470000	1.060000	0.710000	65.000000	37.000000	0	0.000000	0.000000	0.000000	0	0	0	
75703	2487	0.170000	12.680000	10.990000	1.070000	0.690000	65.000000	37.000000	0	0.000000	0.000000	0.000000	0	0	0	
75984	2483	0.170000	12.540000	10.930000	1.070000	0.670000	65.000000	37.000000	0	0.000000	0.000000	0.000000	0	0	0	
76187	2480	0.170000	12.610000	10.870000	1.080000	0.660000	65.000000	37.000000	0	0.000000	0.000000	0.000000	0	0	0	
76390	2474	0.170000	11.730000	9.850000	1.090000	0.620000	65.000000	37.000000	0	0.000000	0.000000	0.000000	0	0	0	
76578	2480	0.170000	11.600000	9.700000	1.080000	0.600000	65.000000	37.000000	0	0.000000	0.000000	0.000000	0	0	0	
76781	2485	0.170000	11.760000	9.840000	1.060000	0.610000	65.000000	37.000000	0	0.000000	0.000000	0.000000	0	0	0	
76968	2479	0.170000	11.570000	9.740000	1.080000	0.610000	65.000000	37.000000	0	0.000000	0.000000	0.000000	0	0	0	
77187	2480	0.170000	11.370000	9.300000	1.080000	0.590000	65.000000	37.000000	0	0.000000	0.000000	0.000000	0	0	0	
77406	2483	0.170000	11.500000	9.350000	1.070000	0.590000	65.000000	37.000000	0	0.000000	0.000000	0.000000	0	0	0	
77625	2478	0.170000	11.540000	9.380000	1.070000	0.590000	65.000000	37.000000	0	0.000000	0.000000	0.000000	0	0	0	
77843	2473	0.170000	11.480000	9.330000	1.090000	0.580000	65.000000	37.000000	0	0.000000	0.000000	0.000000	0	0	0	
78062	2476	0.170000	11.390000	9.290000	1.070000	0.590000	65.000000	37.000000	0	0.000000	0.000000	0.000000	0	0	0	
78250	2482	0.170000	11.530000	9.440000	1.070000	0.590000	65.000000	37.000000	0	0.000000	0.000000	0.000000	0	0	0	
78422	2475	0.170000	11.450000	9.340000	1.070000	0.590000	65.000000	37.000000	0	0.000000	0.000000	0.000000	0	0	0	
78656	2468	0.170000	11.390000	9.190000	1.080000	0.580000	65.000000	37.000000	0	0.000000	0.000000	0.000000	0	0	0	
78843	2475	0.170000	11.410000	9.240000	1.070000	0.590000	65.000000	37.000000	0	0.000000	0.000000	0.000000	0	0	0	
79047	2473	0.170000	11.350000	9.330000	1.080000	0.590000	65.000000	37.000000	0	0.000000	0.000000	0.000000	0	0	0	
79250	2470	0.170000	11.460000	9.250000	1.090000	0.580000	65.000000	37.000000	0	0.000000	0.000000	0.000000	0	0	0	
79422	2465	0.170000	11.320000	9.090000	1.070000	0.590000	65.000000	37.000000	0	0.000000	0.000000	0.000000	0	0	0	
79640	2474	0.170000	11.340000	9.170000	1.070000	0.590000	65.000000	37.000000	0	0.000000	0.000000	0.000000	0	0	0	
79828	2473	0.170000	11.480000	9.270000	1.060000	0.590000	65.000000	37.000000	0	0.000000	0.000000	0.000000	0	0	0	
80109	2467	0.170000	11.300000	9.080000	1.060000	0.590000	65.000000	37.000000	0	0.000000	0.000000	0.000000	0	0	0	
80328	2467	0.170000	11.370000	9.100000	1.070000	0.590000	65.000000	37.000000	0	0.000000	0.000000	0.000000	0	0	0	
80515	2471	0.170000	11.340000	9.180000	1.060000	0.590000	65.000000	36.000000	0	0.000000	0.000000	0.000000	0	0	0	
80734	2467	0.170000	11.180000	9.040000	1.090000	0.580000	65.000000	36.000000	0	0.000000	0.000000	0.000000	0	0	0	
80937	2469	0.170000	11.260000	9.000000	1.070000	0.590000	65.000000	36.000000	0	0.000000	0.000000	0.000000	0	0	0	
81172	2470	0.170000	11.290000	8.980000	1.080000	0.580000	65.000000	36.000000	0	0.000000	0.000000	0.000000	0	0	0	
81359	2473	0.170000	11.210000	9.030000	1.060000	0.600000	65.000000	36.000000	0	0.000000	0.000000	0.000000	0	0	0	
81562	2461	0.170000	11.380000	8.990000	1.070000	0.580000	65.000000	36.000000	0	0.000000	0.000000	0.000000	0	0	0	
81765	2458	0.170000	11.070000	8.590000	1.060000	0.580000	65.000000	36.000000	0	0.000000	0.000000	0.000000	0	0	0	
81968	2465	0.170000	11.070000	8.530000	1.070000	0.570000	65.000000	36.000000	0	0.000000	0.000000	0.000000	0	0	0	
82172	2457	0.170000	11.020000	8.520000	1.080000	0.560000	65.000000	36.000000	0	0.000000	0.000000	0.000000	0	0	0	
82359	2459	0.170000	10.830000	8.240000	1.070000	0.550000	65.000000	36.000000	0	0.000000	0.000000	0.000000	0	0	0	
82562	2454	0.170000	10.700000	8.100000	1.070000	0.550000	65.000000	36.000000	0	0.000000	0.000000	0.000000	0	0	0	
82765	2470	0.170000	9.220000	6.920000	1.080000	0.500000	65.000000	36.000000	0	0.000000	0.000000	0.000000	0	0	0	
82953	2444	0.170000	6.140000	4.180000	1.100000	0.390000	64.000000	36.000000	0	0.000000	0.000000	0.000000	0	0	0	
83172	2436	0.170000	5.890000	3.870000	1.090000	0.310000	64.000000	36.000000	0	0.000000	0.000000	0.000000	0	0	0	
83375	2425	0.170000	5.720000	3.670000	1.090000	0.290000	64.000000	36.000000	0	0.000000	0.000000	0.000000	0	0	0	
83578	2381	0.170000	5.380000	3.440000	1.090000	0.270000	64.000000	36.000000	254	0.000000	0.000000	0.000000	0	0	0	
83781	2396	0.170000	5.020000	3.200000	1.090000	0.250000	64.000000	36.000000	0	0.000000	0.000000	0.000000	0	0	0	
83968	2407	0.170000	0.000000	0.000000	1.130000	0.250000	64.000000	36.000000	0	0.000000	0.000000	0.000000	0	0	0	
84250	2390	0.170000	0.000000	0.000000	1.130000	0.270000	64.000000	36.000000	0	0.000000	0.000000	0.000000	0	0	0	
84437	2380	0.170000	0.000000	0.000000	1.130000	0.270000	64.000000	36.000000	0	0.000000	0.000000	0.000000	0	0	0	
84625	2376	0.170000	0.000000	0.000000	1.140000	0.260000	64.000000	36.000000	0	0.000000	0.000000	0.000000	0	0	0	
84843	2358	0.170000	0.000000	0.000000	1.130000	0.270000	64.000000	36.000000	0	0.000000	0.000000	0.000000	0	0	0	
85031	2352	0.170000	0.000000	0.000000	1.140000	0.260000	64.000000	36.000000	0	0.000000	0.000000	0.000000	0	0	0	
85218	2343	0.170000	0.000000	0.000000	1.140000	0.260000	64.000000	36.000000	0	0.000000	0.000000	0.000000	0	0	0	
85422	2332	0.170000	0.000000	0.000000	1.140000	0.260000	64.000000	36.000000	0	0.000000	0.000000	0.000000	0	0	0	
85609	2323	0.170000	0.000000	0.000000	1.140000	0.260000	64.000000	36.000000	0	0.000000	0.000000	0.000000	0	0	0	
85812	2317	0.170000	0.000000	0.000000	1.140000	0.260000	64.000000	36.000000	0	0.000000	0.000000	0.000000	0	0	0	
86000	2295	0.170000	0.000000	0.000000	1.140000	0.260000	64.000000	35.000000	0	0.000000	0.000000	0.000000	0	0	0	
86187	2294	0.170000	0.000000	0.000000	1.140000	0.260000	64.000000	35.000000	0	0.000000	0.000000	0.000000	0	0	0	
86375	2291	0.170000	0.000000	0.000000	1.140000	0.260000	64.000000	35.000000	0	0.000000	0.000000	0.000000	0	0	0	
86562	2272	0.170000	0.000000	0.000000	1.140000	0.260000	64.000000	35.000000	0	0.000000	0.000000	0.000000	0	0	0	
86750	2264	0.170000	0.000000	0.000000	1.140000	0.260000	64.000000	35.000000	0	0.000000	0.000000	0.000000	0	0	0	
86937	2261	0.170000	0.000000	0.000000	1.140000	0.260000	64.000000	35.000000	0	0.000000	0.000000	0.000000	0	0	0	
87156	2244	0.170000	0.000000	0.000000	1.140000	0.260000	64.000000	35.000000	0	0.000000	0.000000	0.000000	0	0	0	
87359	2241	0.170000	0.000000	0.000000	1.140000	0.260000	64.000000	35.000000	0	0.000000	0.000000	0.000000	0	0	0	
87562	2221	0.170000	0.000000	0.000000	1.140000	0.260000	64.000000	35.000000	0	0.000000	0.000000	0.000000	0	0	0	
87750	2216	0.170000	0.000000	0.000000	1.140000	0.260000	63.000000	35.000000	0	0.000000	0.000000	0.000000	0	0	0	
87953	2208	0.170000	0.000000	0.000000	1.140000	0.260000	63.000000	35.000000	0	0.000000	0.000000	0.000000	0	0	0	
88203	2196	0.170000	0.000000	0.000000	1.140000	0.260000	63.000000	35.000000	0	0.000000	0.000000	0.000000	0	0	0	
88390	2187	0.170000	0.000000	0.000000	1.140000	0.270000	63.000000	35.000000	0	0.000000	0.000000	0.000000	0	0	0	
88593	2170	0.160000	0.000000	0.000000	1.140000	0.270000	63.000000	35.000000	0	0.000000	0.000000	0.000000	0	0	0	
88797	2171	0.160000	0.000000	0.000000	1.140000	0.260000	63.000000	35.000000	0	0.000000	0.000000	0.000000	0	0	0	
88984	2164	0.160000	0.000000	0.000000	1.140000	0.260000	63.000000	35.000000	0	0.000000	0.000000	0.000000	0	0	0	
89187	2152	0.160000	0.000000	0.000000	1.140000	0.260000	63.000000	35.000000	0	0.000000	0.000000	0.000000	0	0	0	
89390	2140	0.160000	0.000000	0.000000	1.140000	0.260000	63.000000	35.000000	0	0.000000	0.000000	0.000000	0	0	0	
89593	2133	0.160000	0.000000	0.000000	1.140000	0.260000	63.000000	35.000000	0	0.000000	0.000000	0.000000	0	0	0	
89781	2125	0.160000	0.000000	0.000000	1.140000	0.260000	63.000000	35.000000	0	0.000000	0.000000	0.000000	0	0	0	
89984	2113	0.160000	0.000000	0.000000	1.140000	0.260000	63.000000	35.000000	0	0.000000	0.000000	0.000000	0	0	0	
90187	2104	0.160000	0.000000	0.000000	1.140000	0.260000	63.000000	35.000000	0	0.000000	0.000000	0.000000	0	0	0	
90375	2095	0.160000	0.000000	0.000000	1.140000	0.260000	63.000000	35.000000	0	0.000000	0.000000	0.000000	0	0	0	
90578	2088	0.160000	0.000000	0.000000	1.140000	0.260000	63.000000	35.000000	0	0.000000	0.000000	0.000000	0	0	0	
90750	2079	0.160000	0.000000	0.000000	1.140000	0.250000	63.000000	35.000000	0	0.000000	0.000000	0.000000	0	0	0	
90953	2067	0.160000	0.000000	0.000000	1.140000	0.260000	63.000000	35.000000	0	0.000000	0.000000	0.000000	0	0	0	
91172	2057	0.160000	0.000000	0.000000	1.140000	0.250000	63.000000	35.000000	0	0.000000	0.000000	0.000000	0	0	0	
91390	2045	0.160000	0.000000	0.000000	1.140000	0.250000	63.000000	35.000000	0	0.000000	0.000000	0.000000	0	0	0	
91593	2039	0.160000	0.000000	0.000000	1.140000	0.260000	63.000000	35.000000	0	0.000000	0.000000	0.000000	0	0	0	
91781	2026	0.160000	0.000000	0.000000	1.140000	0.260000	63.000000	35.000000	0	0.000000	0.000000	0.000000	0	0	0	
92000	2021	0.160000	0.000000	0.000000	1.140000	0.260000	63.000000	35.000000	0	0.000000	0.000000	0.000000	0	0	0	
92281	2006	0.160000	0.000000	0.000000	1.140000	0.260000	63.000000	35.000000	0	0.000000	0.000000	0.000000	0	0	0	
92453	1998	0.160000	0.000000	0.000000	1.140000	0.260000	63.000000	35.000000	0	0.000000	0.000000	0.000000	0	0	0	
92672	2021	0.160000	5.160000	3.270000	1.080000	0.250000	63.000000	35.000000	0	0.000000	0.000000	0.000000	0	0	0	
92859	1987	0.160000	5.010000	3.190000	1.070000	0.230000	63.000000	35.000000	0	0.000000	0.000000	0.000000	0	0	0	
93078	1977	0.160000	4.870000	3.090000	1.080000	0.240000	63.000000	35.000000	0	0.000000	0.000000	0.000000	0	0	0	
93281	1964	0.160000	4.710000	3.020000	1.070000	0.240000	63.000000	35.000000	0	0.000000	0.000000	0.000000	0	0	0	
93484	1967	0.160000	4.840000	3.070000	1.080000	0.260000	63.000000	35.000000	0	0.000000	0.000000	0.000000	0	0	0	
93687	1964	0.160000	4.940000	3.150000	1.080000	0.260000	63.000000	35.000000	0	0.000000	0.000000	0.000000	0	0	0	
93875	1960	0.160000	4.950000	3.150000	1.070000	0.260000	63.000000	35.000000	0	0.000000	0.000000	0.000000	0	0	0	
94062	1952	0.160000	5.040000	3.210000	1.080000	0.260000	63.000000	35.000000	0	0.000000	0.000000	0.000000	0	0	0	
94312	1940	0.160000	5.070000	3.230000	1.070000	0.270000	63.000000	35.000000	0	0.000000	0.000000	0.000000	0	0	0	
94531	1935	0.160000	5.090000	3.220000	1.080000	0.270000	63.000000	35.000000	0	0.000000	0.000000	0.000000	0	0	0	
94750	1926	0.160000	5.170000	3.260000	1.080000	0.270000	63.000000	34.000000	0	0.000000	0.000000	0.000000	0	0	0	
94937	1927	0.160000	4.890000	3.110000	1.080000	0.270000	63.000000	34.000000	0	0.000000	0.000000	0.000000	0	0	0	
95125	1916	0.160000	4.830000	3.080000	1.080000	0.270000	63.000000	34.000000	0	0.000000	0.000000	0.000000	0	0	0	
95312	1909	0.160000	4.890000	3.110000	1.090000	0.270000	63.000000	34.000000	0	0.000000	0.000000	0.000000	0	0	0	
95531	1917	0.160000	4.860000	3.080000	1.080000	0.270000	62.000000	34.000000	1	0.000000	0.000000	0.000000	0	0	0	
95734	1901	0.160000	4.840000	3.070000	1.090000	0.270000	62.000000	34.000000	0	0.000000	0.000000	0.000000	0	0	0	
95968	1906	0.160000	4.910000	3.130000	1.080000	0.270000	62.000000	34.000000	0	0.000000	0.000000	0.000000	0	0	0	
96187	1876	0.160000	4.920000	3.120000	1.080000	0.280000	62.000000	34.000000	0	0.000000	0.000000	0.000000	0	0	0	
96468	1881	0.160000	4.860000	3.100000	1.100000	0.270000	62.000000	34.000000	0	0.000000	0.000000	0.000000	0	0	0	
96672	1881	0.160000	4.990000	3.180000	1.070000	0.280000	62.000000	34.000000	0	0.000000	0.000000	0.000000	0	0	0	
96875	1873	0.160000	4.980000	3.170000	1.080000	0.280000	62.000000	34.000000	0	0.000000	0.000000	0.000000	0	0	0	
97062	1876	0.160000	4.920000	3.130000	1.080000	0.280000	62.000000	34.000000	0	0.000000	0.000000	0.000000	0	0	0	
97250	1858	0.160000	5.030000	3.210000	1.090000	0.280000	62.000000	34.000000	0	0.000000	0.000000	0.000000	0	0	0	
97468	1860	0.160000	5.110000	3.250000	1.080000	0.290000	62.000000	34.000000	0	0.000000	0.000000	0.000000	0	0	0	
97687	1855	0.160000	5.100000	3.250000	1.080000	0.290000	62.000000	34.000000	0	0.000000	0.000000	0.000000	0	0	0	
97890	1855	0.160000	5.490000	3.470000	1.070000	0.310000	62.000000	34.000000	0	0.000000	0.000000	0.000000	0	0	0	
98093	1876	0.160000	5.770000	3.740000	1.080000	0.330000	62.000000	34.000000	0	0.000000	0.000000	0.000000	0	0	0	
98297	1837	0.160000	5.850000	3.860000	1.080000	0.340000	62.000000	34.000000	0	0.000000	0.000000	0.000000	0	0	0	
98500	1832	0.160000	6.190000	4.120000	1.070000	0.340000	62.000000	34.000000	0	0.000000	0.000000	0.000000	0	0	0	
98703	1826	0.160000	6.450000	4.380000	1.070000	0.350000	62.000000	34.000000	0	0.000000	0.000000	0.000000	0	0	0	
98890	1831	0.160000	6.710000	4.610000	1.070000	0.360000	62.000000	34.000000	0	0.000000	0.000000	0.000000	0	0	0	
99093	1832	0.160000	7.180000	5.020000	1.050000	0.390000	62.000000	34.000000	11	0.000000	0.000000	0.000000	0	0	0	
99281	1832	0.160000	2.360000	0.860000	1.060000	0.470000	62.000000	34.000000	12	0.000000	0.000000	0.000000	0	0	0	
99500	1827	0.160000	9.050000	6.690000	1.070000	0.510000	62.000000	34.000000	11	0.000000	0.000000	0.000000	0	0	0	
99687	1832	0.160000	10.250000	7.640000	1.050000	0.540000	62.000000	34.000000	13	0.000000	0.000000	0.000000	0	0	0	
99875	1822	0.160000	10.810000	8.160000	1.060000	0.580000	62.000000	34.000000	11	0.000000	0.000000	0.000000	0	0	0	
100078	1830	0.160000	10.950000	8.370000	1.050000	0.590000	62.000000	34.000000	13	0.000000	0.000000	0.000000	0	0	0	
100281	1835	0.160000	11.810000	9.660000	1.060000	0.680000	62.000000	34.000000	12	0.000000	0.000000	0.000000	0	0	0	
100562	1842	0.160000	11.760000	9.870000	1.060000	0.720000	62.000000	34.000000	13	0.000000	0.000000	0.000000	0	0	0	
100750	1844	0.160000	11.820000	9.930000	1.060000	0.730000	62.000000	34.000000	11	0.000000	0.000000	0.000000	0	0	0	
100968	1850	0.160000	2.670000	1.170000	1.060000	0.730000	62.000000	34.000000	11	0.000000	0.000000	0.000000	0	0	0	
101187	1855	0.160000	11.430000	9.230000	1.070000	0.690000	62.000000	34.000000	12	0.000000	0.000000	0.000000	0	0	0	
101390	1840	0.160000	6.340000	4.380000	1.100000	0.480000	62.000000	34.000000	12	0.000000	0.000000	0.000000	0	0	0	
101593	1839	0.160000	6.530000	4.460000	1.090000	0.380000	62.000000	34.000000	254	0.000000	0.000000	0.000000	0	0	0	
101781	1838	0.160000	5.920000	3.900000	1.090000	0.340000	62.000000	34.000000	12	0.000000	0.000000	0.000000	0	0	0	
101968	1765	0.160000	5.550000	3.550000	1.110000	0.300000	62.000000	33.000000	0	0.000000	0.000000	0.000000	0	0	0	
102187	1544	0.160000	0.000000	0.000000	1.100000	0.330000	62.000000	33.000000	0	0.000000	0.000000	0.000000	0	0	0	
102406	1213	0.160000	0.000000	0.000000	1.110000	0.340000	62.000000	33.000000	0	0.000000	0.000000	0.000000	0	0	0	
102609	1001	0.160000	2.310000	0.820000	1.070000	0.360000	62.000000	33.000000	0	0.000000	0.000000	0.000000	0	0	0	
102812	1043	0.160000	7.010000	5.020000	1.070000	0.370000	62.000000	33.000000	0	0.000000	0.000000	0.000000	0	0	0	
103031	1089	0.160000	6.970000	4.950000	1.080000	0.360000	62.000000	33.000000	0	0.000000	0.000000	0.000000	0	0	0	
103218	1107	0.160000	6.820000	4.820000	1.080000	0.360000	62.000000	33.000000	0	0.000000	0.000000	0.000000	0	0	0	
103437	1113	0.160000	6.510000	4.610000	1.090000	0.340000	62.000000	33.000000	0	0.000000	0.000000	0.000000	0	0	0	
103640	1120	0.160000	6.350000	4.390000	1.080000	0.340000	62.000000	33.000000	0	0.000000	0.000000	0.000000	0	0	0	
103828	1104	0.160000	6.150000	4.240000	1.080000	0.340000	62.000000	33.000000	0	0.000000	0.000000	0.000000	0	0	0	
104047	1069	0.160000	6.000000	4.150000	1.090000	0.340000	62.000000	33.000000	0	0.000000	0.000000	0.000000	0	0	0	
104250	1018	0.160000	5.980000	4.140000	1.090000	0.340000	62.000000	33.000000	0	0.000000	0.000000	0.000000	0	0	0	
104437	964	0.160000	6.010000	4.130000	1.080000	0.340000	62.000000	33.000000	0	0.000000	0.000000	0.000000	0	0	0	
104750	897	0.160000	6.380000	4.440000	1.090000	0.370000	61.000000	33.000000	0	0.000000	0.000000	0.000000	0	0	0	
104953	891	0.160000	6.440000	4.490000	1.080000	0.400000	61.000000	33.000000	0	0.000000	0.000000	0.000000	0	0	0	
105172	901	0.160000	6.610000	4.650000	1.080000	0.390000	61.000000	33.000000	0	0.000000	0.000000	0.000000	0	0	0	
105390	905	0.160000	6.650000	4.660000	1.100000	0.390000	61.000000	33.000000	0	0.000000	0.000000	0.000000	0	0	0	
105593	900	0.160000	6.720000	4.760000	1.080000	0.390000	61.000000	33.000000	0	0.000000	0.000000	0.000000	0	0	0	
105797	910	0.160000	6.890000	4.780000	1.090000	0.390000	61.000000	33.000000	0	0.000000	0.000000	0.000000	0	0	0	
106000	910	0.160000	6.680000	4.730000	1.080000	0.390000	61.000000	33.000000	0	0.000000	0.000000	0.000000	0	0	0	
106203	924	0.160000	6.830000	4.840000	1.090000	0.380000	61.000000	33.000000	0	0.000000	0.000000	0.000000	0	0	0	
106406	921	0.160000	6.750000	4.770000	1.070000	0.400000	61.000000	33.000000	0	0.000000	0.000000	0.000000	0	0	0	
106593	915	0.160000	6.840000	4.830000	1.090000	0.390000	61.000000	33.000000	0	0.000000	0.000000	0.000000	0	0	0	
106797	924	0.160000	6.850000	4.840000	1.090000	0.380000	61.000000	33.000000	0	0.000000	0.000000	0.000000	0	0	0	
107015	931	0.160000	6.860000	4.850000	1.080000	0.380000	61.000000	33.000000	0	0.000000	0.000000	0.000000	0	0	0	
107203	950	0.160000	6.840000	4.870000	1.090000	0.370000	61.000000	33.000000	0	0.000000	0.000000	0.000000	0	0	0	
107422	918	0.160000	6.700000	4.720000	1.100000	0.370000	61.000000	33.000000	0	0.000000	0.000000	0.000000	0	0	0	
107640	903	0.160000	6.810000	4.810000	1.070000	0.390000	61.000000	33.000000	0	0.000000	0.000000	0.000000	0	0	0	
107875	911	0.160000	6.850000	4.840000	1.080000	0.390000	61.000000	33.000000	0	0.000000	0.000000	0.000000	0	0	0	
108062	908	0.160000	6.950000	4.910000	1.090000	0.390000	61.000000	33.000000	0	0.000000	0.000000	0.000000	0	0	0	
108250	919	0.160000	6.900000	4.890000	1.080000	0.390000	61.000000	33.000000	0	0.000000	0.000000	0.000000	0	0	0	
108437	917	0.160000	6.970000	4.930000	1.080000	0.380000	61.000000	33.000000	0	0.000000	0.000000	0.000000	0	0	0	
108687	967	0.160000	6.860000	4.890000	1.080000	0.380000	61.000000	33.000000	0	0.000000	0.000000	0.000000	0	0	0	
108968	1525	0.160000	6.880000	4.820000	1.060000	0.350000	61.000000	33.000000	0	0.000000	0.000000	0.000000	0	0	0	
109172	2072	0.160000	6.230000	4.150000	1.070000	0.320000	61.000000	33.000000	0	0.000000	0.000000	0.000000	0	0	0	
109390	2707	0.160000	5.680000	3.600000	1.050000	0.270000	61.000000	33.000000	0	0.000000	0.000000	0.000000	0	0	0	
109593	2600	0.160000	5.860000	3.760000	1.060000	0.270000	61.000000	33.000000	4	0.000000	0.000000	0.000000	0	0	0	
109781	2592	0.160000	2.380000	0.890000	1.040000	0.310000	61.000000	33.000000	0	0.000000	0.000000	0.000000	0	0	0	
110000	2560	0.160000	2.540000	1.000000	1.010000	0.630000	61.000000	33.000000	32	0.000000	0.000000	0.000000	0	0	0	
110203	2639	0.160000	15.710000	13.940000	1.010000	0.820000	61.000000	33.000000	52	0.000000	0.000000	0.000000	0	0	0	
110390	2665	0.160000	15.520000	13.850000	1.030000	0.850000	61.000000	33.000000	52	0.000000	0.000000	0.000000	0	0	0	
110593	2708	0.160000	15.820000	14.160000	1.030000	0.880000	61.000000	33.000000	53	0.000000	0.000000	0.000000	0	0	0	
110797	2741	0.160000	15.730000	14.130000	1.040000	0.880000	61.000000	33.000000	0	0.000000	0.000000	0.000000	0	0	0	
111000	2769	0.160000	16.130000	14.180000	1.020000	0.900000	61.000000	33.000000	0	0.000000	0.000000	0.000000	0	0	0	
111234	2800	0.160000	16.520000	14.790000	1.020000	0.920000	61.000000	33.000000	70	0.000000	0.000000	0.000000	0	0	0	
111453	2852	0.160000	16.720000	15.050000	1.010000	0.960000	61.000000	33.000000	70	0.000000	0.000000	0.000000	0	0	0	
111656	2894	0.160000	16.620000	15.130000	1.030000	0.930000	60.000000	33.000000	70	0.000000	0.000000	0.000000	0	0	0	
111843	2925	0.160000	17.190000	15.500000	1.030000	0.920000	60.000000	33.000000	70	0.000000	0.000000	0.000000	0	0	0	
112047	2962	0.160000	17.150000	15.540000	1.030000	0.930000	60.000000	33.000000	0	0.000000	0.000000	0.000000	0	0	0	
112250	3001	0.160000	17.230000	15.550000	1.020000	0.930000	60.000000	33.000000	0	0.000000	0.000000	0.000000	0	0	0	
112437	3024	0.160000	17.350000	15.430000	1.010000	0.930000	60.000000	33.000000	0	0.000000	0.000000	0.000000	0	0	0	
112640	3070	0.160000	17.530000	15.660000	1.000000	0.940000	60.000000	33.000000	0	0.000000	0.000000	0.000000	0	0	0	
112843	3121	0.160000	17.200000	15.590000	1.040000	0.930000	60.000000	33.000000	10	0.000000	0.000000	0.000000	0	0	0	
113125	3151	0.160000	17.050000	15.560000	1.030000	0.930000	60.000000	33.000000	10	0.000000	0.000000	0.000000	0	0	0	
113312	3182	0.160000	17.310000	15.700000	1.040000	0.930000	60.000000	33.000000	0	0.000000	0.000000	0.000000	0	0	0	
113515	3235	0.160000	17.430000	15.820000	1.010000	0.970000	60.000000	33.000000	0	0.000000	0.000000	0.000000	0	0	0	
113718	3269	0.160000	17.310000	15.630000	1.020000	0.930000	60.000000	33.000000	0	0.000000	0.000000	0.000000	0	0	0	
113906	3291	0.160000	17.330000	15.590000	1.010000	0.940000	60.000000	33.000000	0	0.000000	0.000000	0.000000	0	0	0	
114093	3331	0.160000	17.120000	15.700000	1.070000	0.920000	60.000000	33.000000	52	0.000000	0.000000	0.000000	0	0	0	
114297	3369	0.160000	17.270000	15.850000	1.040000	0.920000	60.000000	33.000000	51	0.000000	0.000000	0.000000	0	0	0	
114531	3406	0.160000	17.350000	15.800000	1.060000	0.910000	60.000000	33.000000	10	0.000000	0.000000	0.000000	0	0	0	
114734	3460	0.160000	17.080000	15.590000	1.040000	0.930000	60.000000	33.000000	10	0.000000	0.000000	0.000000	0	0	0	
114937	3489	0.160000	17.730000	15.860000	1.010000	0.940000	60.000000	33.000000	52	0.000000	0.000000	0.000000	0	0	0	
115125	3525	0.160000	18.280000	15.960000	1.010000	0.920000	60.000000	33.000000	52	0.000000	0.000000	0.000000	0	0	0	
115343	3553	0.160000	17.440000	15.840000	1.060000	0.930000	60.000000	33.000000	52	0.000000	0.000000	0.000000	0	0	0	
115531	3588	0.160000	17.320000	15.470000	1.010000	0.980000	60.000000	33.000000	52	0.000000	0.000000	0.000000	0	0	0	
115734	3412	0.160000	5.380000	3.550000	1.330000	0.550000	60.000000	33.000000	12	0.000000	0.000000	0.000000	0	0	0	
115937	3237	0.160000	0.000000	0.000000	1.530000	0.340000	60.000000	33.000000	13	0.000000	0.000000	0.000000	0	0	0	
116140	2879	0.160000	0.000000	0.000000	1.590000	0.290000	60.000000	33.000000	78	0.000000	0.000000	0.000000	0	0	0	
116359	2565	0.160000	0.000000	0.000000	1.590000	0.290000	60.000000	33.000000	107	0.000000	0.000000	0.000000	0	0	0	
116562	2403	0.160000	5.940000	4.110000	1.370000	0.300000	60.000000	33.000000	0	0.000000	0.000000	0.000000	0	0	0	
116750	2736	0.160000	6.800000	4.660000	1.060000	0.330000	60.000000	33.000000	0	0.000000	0.000000	0.000000	0	0	0	
116968	2596	0.160000	8.370000	6.450000	1.080000	0.440000	60.000000	33.000000	106	0.000000	0.000000	0.000000	0	0	0	
117234	2635	0.160000	11.860000	10.000000	1.070000	0.650000	60.000000	33.000000	0	0.000000	0.000000	0.000000	0	0	0	
117437	2641	0.160000	11.860000	10.010000	1.060000	0.690000	60.000000	33.000000	0	0.000000	0.000000	0.000000	0	0	0	
117656	2664	0.160000	11.780000	9.930000	1.060000	0.700000	60.000000	33.000000	0	0.000000	0.000000	0.000000	0	0	0	
117859	2660	0.160000	12.100000	10.230000	1.070000	0.700000	60.000000	33.000000	0	0.000000	0.000000	0.000000	0	0	0	
118062	2669	0.160000	12.040000	10.140000	1.060000	0.710000	60.000000	33.000000	0	0.000000	0.000000	0.000000	0	0	0	
118265	2668	0.160000	12.680000	10.980000	1.050000	0.740000	60.000000	33.000000	0	0.000000	0.000000	0.000000	0	0	0	
118484	2695	0.160000	12.670000	11.140000	1.060000	0.740000	60.000000	33.000000	22	0.000000	0.000000	0.000000	0	0	0	
118687	2702	0.160000	13.550000	12.290000	1.060000	0.790000	60.000000	33.000000	11	0.000000	0.000000	0.000000	0	0	0	
118875	2717	0.160000	2.320000	0.830000	1.070000	0.810000	60.000000	33.000000	10	0.000000	0.000000	0.000000	0	0	0	
119109	2720	0.160000	14.450000	13.170000	1.070000	0.810000	60.000000	33.000000	10	0.000000	0.000000	0.000000	0	0	0	
119328	2743	0.160000	15.210000	13.940000	1.030000	0.850000	60.000000	33.000000	11	0.000000	0.000000	0.000000	0	0	0	
119531	2752	0.160000	15.240000	13.750000	1.060000	0.850000	60.000000	33.000000	0	0.000000	0.000000	0.000000	0	0	0	
119765	2774	0.160000	15.440000	14.090000	1.070000	0.850000	60.000000	33.000000	0	0.000000	0.000000	0.000000	0	0	0	
119984	2784	0.160000	15.480000	14.340000	1.080000	0.850000	60.000000	32.000000	0	0.000000	0.000000	0.000000	0	0	0	
120172	2796	0.160000	15.450000	14.130000	1.060000	0.850000	60.000000	32.000000	0	0.000000	0.000000	0.000000	0	0	0	
120390	2819	0.160000	15.730000	14.360000	1.060000	0.860000	60.000000	32.000000	0	0.000000	0.000000	0.000000	0	0	0	
120593	2830	0.160000	15.850000	14.660000	1.080000	0.870000	60.000000	32.000000	0	0.000000	0.000000	0.000000	0	0	0	
120812	2851	0.160000	15.940000	14.690000	1.060000	0.870000	60.000000	32.000000	0	0.000000	0.000000	0.000000	0	0	0	
121015	2852	0.160000	15.940000	14.690000	1.080000	0.870000	60.000000	32.000000	0	0.000000	0.000000	0.000000	0	0	0	
121218	2877	0.160000	16.150000	14.910000	1.080000	0.880000	60.000000	32.000000	0	0.000000	0.000000	0.000000	0	0	0	
121484	2892	0.160000	16.740000	15.250000	1.040000	0.880000	60.000000	32.000000	11	0.000000	0.000000	0.000000	0	0	0	
121687	2907	0.160000	16.320000	14.770000	1.060000	0.880000	60.000000	32.000000	10	0.000000	0.000000	0.000000	0	0	0	
121906	2935	0.160000	16.160000	0.820000	1.090000	0.870000	60.000000	32.000000	9	0.000000	0.000000	0.000000	0	0	0	
122125	2944	0.160000	15.700000	14.330000	1.080000	0.880000	60.000000	32.000000	11	0.000000	0.000000	0.000000	0	0	0	
122312	2963	0.160000	15.920000	14.380000	1.080000	0.860000	60.000000	32.000000	10	0.000000	0.000000	0.000000	0	0	0	
122547	2981	0.160000	16.100000	14.550000	1.050000	0.890000	60.000000	32.000000	11	0.000000	0.000000	0.000000	0	0	0	
122750	2998	0.160000	15.780000	14.590000	1.080000	0.880000	60.000000	32.000000	11	0.000000	0.000000	0.000000	0	0	0	
122937	3004	0.160000	15.620000	14.490000	1.080000	0.880000	60.000000	32.000000	9	0.000000	0.000000	0.000000	0	0	0	
123125	3024	0.160000	16.200000	14.590000	1.090000	0.870000	60.000000	32.000000	11	0.000000	0.000000	0.000000	0	0	0	
123312	3042	0.160000	16.180000	14.690000	1.050000	0.880000	60.000000	32.000000	12	0.000000	0.000000	0.000000	0	0	0	
123515	3046	0.160000	15.780000	14.460000	1.060000	0.890000	60.000000	32.000000	9	0.000000	0.000000	0.000000	0	0	0	
123718	3062	0.160000	15.340000	13.960000	1.060000	0.900000	60.000000	32.000000	12	0.000000	0.000000	0.000000	0	0	0	
123937	3082	0.160000	15.440000	14.240000	1.080000	0.880000	60.000000	32.000000	11	0.000000	0.000000	0.000000	0	0	0	
124140	3108	0.160000	15.650000	14.340000	1.080000	0.900000	60.000000	32.000000	12	0.000000	0.000000	0.000000	0	0	0	
124375	3115	0.160000	15.400000	14.200000	1.090000	0.870000	60.000000	32.000000	11	0.000000	0.000000	0.000000	0	0	0	
124562	3130	0.160000	15.540000	14.170000	1.070000	0.890000	60.000000	32.000000	11	0.000000	0.000000	0.000000	0	0	0	
124750	3140	0.160000	15.780000	14.290000	1.100000	0.860000	59.000000	32.000000	0	0.000000	0.000000	0.000000	0	0	0	
124937	3175	0.160000	15.880000	14.330000	1.080000	0.860000	59.000000	32.000000	0	0.000000	0.000000	0.000000	0	0	0	
125156	3186	0.160000	15.790000	14.190000	1.070000	0.860000	59.000000	32.000000	0	0.000000	0.000000	0.000000	0	0	0	
125359	3194	0.160000	15.270000	14.120000	1.090000	0.870000	59.000000	32.000000	0	0.000000	0.000000	0.000000	0	0	0	
125625	3006	0.160000	0.000000	0.000000	1.410000	0.360000	59.000000	32.000000	135	0.000000	0.000000	0.000000	0	0	0	
125828	2659	0.160000	0.000000	0.000000	1.500000	0.300000	59.000000	32.000000	0	0.000000	0.000000	0.000000	0	0	0	
126031	2394	0.160000	0.000000	0.000000	1.500000	0.300000	59.000000	32.000000	0	0.000000	0.000000	0.000000	0	0	0	
126234	2060	0.160000	0.000000	0.000000	1.510000	0.300000	59.000000	32.000000	0	0.000000	0.000000	0.000000	0	0	0	
126468	1722	0.160000	0.000000	0.000000	1.520000	0.290000	59.000000	32.000000	0	0.000000	0.000000	0.000000	0	0	0	
126734	1428	0.160000	6.380000	4.610000	1.380000	0.340000	59.000000	32.000000	0	0.000000	0.000000	0.000000	0	0	0	
126937	1767	0.160000	5.980000	4.180000	1.190000	0.310000	59.000000	32.000000	0	0.000000	0.000000	0.000000	0	0	0	
127140	2374	0.160000	5.790000	3.750000	1.100000	0.270000	59.000000	32.000000	0	0.000000	0.000000	0.000000	0	0	0	
127328	2437	0.160000	5.590000	3.580000	1.100000	0.270000	59.000000	32.000000	0	0.000000	0.000000	0.000000	0	0	0	
127562	2397	0.160000	5.510000	3.530000	1.090000	0.270000	59.000000	31.000000	0	0.000000	0.000000	0.000000	0	0	0	
127750	2426	0.160000	5.520000	3.510000	1.090000	0.270000	59.000000	31.000000	124	0.000000	0.000000	0.000000	0	0	0	
127953	2409	0.160000	5.480000	3.490000	1.100000	0.270000	59.000000	31.000000	0	0.000000	0.000000	0.000000	0	0	0	
128172	2408	0.160000	5.320000	3.390000	1.100000	0.280000	59.000000	31.000000	0	0.000000	0.000000	0.000000	0	0	0	
128375	2405	0.160000	5.280000	3.370000	1.090000	0.280000	59.000000	31.000000	0	0.000000	0.000000	0.000000	0	0	0	
128578	2406	0.160000	5.460000	3.450000	1.090000	0.280000	59.000000	31.000000	0	0.000000	0.000000	0.000000	0	0	0	
128781	2398	0.160000	5.630000	3.620000	1.090000	0.300000	59.000000	31.000000	0	0.000000	0.000000	0.000000	0	0	0	
128984	2387	0.160000	7.150000	5.030000	1.090000	0.380000	59.000000	31.000000	163	0.000000	0.000000	0.000000	0	0	0	
129187	2383	0.160000	6.900000	4.830000	1.090000	0.390000	59.000000	31.000000	253	0.000000	0.000000	0.000000	0	0	0	
129375	2401	0.160000	2.330000	0.840000	1.080000	0.480000	59.000000	31.000000	0	0.000000	0.000000	0.000000	0	0	0	
129593	2394	0.160000	10.530000	7.950000	1.080000	0.570000	58.000000	31.000000	0	0.000000	0.000000	0.000000	0	0	0	
129906	2407	0.160000	10.500000	7.930000	1.080000	0.590000	58.000000	31.000000	0	0.000000	0.000000	0.000000	0	0	0	
130093	2404	0.160000	10.230000	7.700000	1.080000	0.590000	58.000000	31.000000	0	0.000000	0.000000	0.000000	0	0	0	
130297	2420	0.160000	10.420000	7.860000	1.080000	0.590000	58.000000	31.000000	0	0.000000	0.000000	0.000000	0	0	0	
130500	2411	0.160000	10.520000	7.990000	1.080000	0.590000	58.000000	31.000000	0	0.000000	0.000000	0.000000	0	0	0	
130703	2416	0.160000	10.700000	8.100000	1.070000	0.590000	58.000000	31.000000	0	0.000000	0.000000	0.000000	0	0	0	
130890	2418	0.160000	10.880000	8.300000	1.090000	0.580000	58.000000	31.000000	0	0.000000	0.000000	0.000000	0	0	0	
131078	2424	0.160000	10.740000	8.320000	1.100000	0.590000	58.000000	31.000000	0	0.000000	0.000000	0.000000	0	0	0	
131281	2425	0.160000	10.600000	8.020000	1.080000	0.580000	58.000000	31.000000	0	0.000000	0.000000	0.000000	0	0	0	
131484	2435	0.160000	10.270000	7.790000	1.080000	0.550000	58.000000	31.000000	0	0.000000	0.000000	0.000000	0	0	0	
131672	2429	0.160000	10.250000	7.870000	1.100000	0.540000	58.000000	31.000000	0	0.000000	0.000000	0.000000	0	0	0	
131875	2436	0.160000	9.060000	6.770000	1.090000	0.490000	58.000000	31.000000	0	0.000000	0.000000	0.000000	0	0	0	
132109	2436	0.160000	7.430000	5.390000	1.100000	0.390000	58.000000	31.000000	0	0.000000	0.000000	0.000000	0	0	0	
132312	2429	0.160000	7.450000	5.370000	1.090000	0.370000	58.000000	31.000000	0	0.000000	0.000000	0.000000	0	0	0	
132500	2432	0.160000	7.420000	5.360000	1.090000	0.360000	58.000000	31.000000	19	0.000000	0.000000	0.000000	0	0	0	
132718	2429	0.160000	7.470000	5.400000	1.090000	0.370000	58.000000	31.000000	0	0.000000	0.000000	0.000000	0	0	0	
132937	2429	0.160000	7.570000	5.480000	1.080000	0.370000	58.000000	31.000000	0	0.000000	0.000000	0.000000	0	0	0	
133140	2431	0.160000	7.630000	5.530000	1.090000	0.370000	58.000000	31.000000	0	0.000000	0.000000	0.000000	0	0	0	
133359	2421	0.160000	7.660000	5.610000	1.100000	0.370000	58.000000	31.000000	207	0.000000	0.000000	0.000000	0	0	0	
133531	2426	0.160000	7.640000	5.570000	1.100000	0.370000	58.000000	31.000000	253	0.000000	0.000000	0.000000	0	0	0	
133765	2418	0.160000	7.660000	5.600000	1.080000	0.370000	58.000000	31.000000	254	0.000000	0.000000	0.000000	0	0	0	
134031	2423	0.160000	7.760000	5.690000	1.100000	0.370000	58.000000	31.000000	0	0.000000	0.000000	0.000000	0	0	0	
134218	2416	0.160000	7.750000	5.640000	1.090000	0.370000	58.000000	31.000000	0	0.000000	0.000000	0.000000	0	0	0	
134453	2420	0.160000	7.700000	5.590000	1.100000	0.370000	58.000000	31.000000	0	0.000000	0.000000	0.000000	0	0	0	
134640	2413	0.160000	7.850000	5.710000	1.080000	0.380000	58.000000	31.000000	28	0.000000	0.000000	0.000000	0	0	0	
134828	2416	0.160000	7.820000	5.700000	1.100000	0.370000	58.000000	31.000000	0	0.000000	0.000000	0.000000	0	0	0	
135031	2423	0.160000	7.710000	5.630000	1.080000	0.380000	58.000000	31.000000	0	0.000000	0.000000	0.000000	0	0	0	
135218	2410	0.160000	7.770000	5.630000	1.080000	0.380000	58.000000	31.000000	0	0.000000	0.000000	0.000000	0	0	0	
135453	2406	0.160000	7.770000	5.700000	1.080000	0.380000	58.000000	31.000000	0	0.000000	0.000000	0.000000	0	0	0	
135640	2408	0.160000	7.810000	5.670000	1.080000	0.380000	58.000000	31.000000	0	0.000000	0.000000	0.000000	0	0	0	
135843	2407	0.160000	7.750000	5.640000	1.080000	0.380000	58.000000	31.000000	47	0.000000	0.000000	0.000000	0	0	0	
136047	2406	0.160000	7.830000	5.710000	1.090000	0.380000	58.000000	30.000000	0	0.000000	0.000000	0.000000	0	0	0	
136281	2402	0.160000	7.790000	5.700000	1.100000	0.370000	58.000000	30.000000	0	0.000000	0.000000	0.000000	0	0	0	
136468	2395	0.160000	7.700000	5.640000	1.090000	0.370000	58.000000	30.000000	32	0.000000	0.000000	0.000000	0	0	0	
136656	2401	0.160000	7.630000	5.530000	1.090000	0.370000	58.000000	30.000000	0	0.000000	0.000000	0.000000	0	0	0	
136875	2396	0.160000	7.760000	5.650000	1.080000	0.380000	58.000000	30.000000	254	0.000000	0.000000	0.000000	0	0	0	
137062	2400	0.160000	7.830000	5.720000	1.080000	0.380000	58.000000	30.000000	0	0.000000	0.000000	0.000000	0	0	0	
137281	2396	0.160000	7.760000	5.680000	1.080000	0.380000	58.000000	30.000000	0	0.000000	0.000000	0.000000	0	0	0	
137484	2396	0.160000	7.720000	5.630000	1.080000	0.380000	58.000000	30.000000	0	0.000000	0.000000	0.000000	0	0	0	
137672	2397	0.160000	7.770000	5.680000	1.090000	0.380000	58.000000	30.000000	0	0.000000	0.000000	0.000000	0	0	0	
137875	2394	0.160000	7.900000	5.730000	1.080000	0.380000	58.000000	30.000000	0	0.000000	0.000000	0.000000	0	0	0	
138140	2389	0.160000	7.720000	5.590000	1.080000	0.380000	58.000000	30.000000	0	0.000000	0.000000	0.000000	0	0	0	
138359	2399	0.160000	7.770000	5.610000	1.080000	0.380000	58.000000	30.000000	0	0.000000	0.000000	0.000000	0	0	0	
138562	2392	0.160000	7.880000	5.710000	1.090000	0.380000	58.000000	30.000000	0	0.000000	0.000000	0.000000	0	0	0	
138750	2388	0.160000	7.760000	5.650000	1.070000	0.390000	58.000000	30.000000	0	0.000000	0.000000	0.000000	0	0	0	
139000	2389	0.160000	7.730000	5.580000	1.080000	0.380000	58.000000	30.000000	0	0.000000	0.000000	0.000000	0	0	0	
139218	2393	0.160000	7.800000	5.660000	1.080000	0.380000	58.000000	30.000000	0	0.000000	0.000000	0.000000	0	0	0	
139437	2388	0.160000	7.780000	5.670000	1.080000	0.380000	58.000000	30.000000	0	0.000000	0.000000	0.000000	0	0	0	
139640	2384	0.160000	7.700000	5.580000	1.080000	0.380000	58.000000	30.000000	0	0.000000	0.000000	0.000000	0	0	0	
139843	2388	0.160000	7.810000	5.670000	1.090000	0.380000	58.000000	30.000000	0	0.000000	0.000000	0.000000	0	0	0	
140047	2386	0.160000	7.800000	5.710000	1.080000	0.390000	58.000000	30.000000	0	0.000000	0.000000	0.000000	0	0	0	
140265	2390	0.160000	7.850000	5.690000	1.080000	0.380000	58.000000	30.000000	0	0.000000	0.000000	0.000000	0	0	0	
140437	2385	0.160000	7.700000	5.590000	1.090000	0.380000	58.000000	30.000000	0	0.000000	0.000000	0.000000	0	0	0	
140640	2387	0.160000	7.770000	5.610000	1.090000	0.380000	58.000000	30.000000	230	0.000000	0.000000	0.000000	0	0	0	
140828	2381	0.160000	7.910000	5.760000	1.090000	0.390000	58.000000	30.000000	0	0.000000	0.000000	0.000000	0	0	0	
141047	2382	0.160000	7.950000	5.790000	1.080000	0.390000	58.000000	30.000000	0	0.000000	0.000000	0.000000	0	0	0	
141250	2384	0.160000	7.900000	5.750000	1.080000	0.390000	58.000000	30.000000	0	0.000000	0.000000	0.000000	0	0	0	
141437	2381	0.160000	7.910000	5.760000	1.080000	0.390000	58.000000	30.000000	0	0.000000	0.000000	0.000000	0	0	0	
141640	2374	0.160000	8.000000	5.840000	1.080000	0.390000	58.000000	30.000000	36	0.000000	0.000000	0.000000	0	0	0	
141828	2384	0.160000	8.570000	6.350000	1.080000	0.420000	58.000000	30.000000	0	0.000000	0.000000	0.000000	0	0	0	
142047	2363	0.160000	10.800000	8.060000	1.050000	0.530000	58.000000	30.000000	2	0.000000	0.000000	0.000000	0	0	0	
142343	2367	0.160000	10.970000	8.420000	1.070000	0.590000	58.000000	30.000000	0	0.000000	0.000000	0.000000	0	0	0	
142547	2388	0.160000	10.740000	8.160000	1.060000	0.590000	58.000000	30.000000	243	0.000000	0.000000	0.000000	0	0	0	
142765	2379	0.160000	10.900000	8.240000	1.060000	0.590000	58.000000	30.000000	0	0.000000	0.000000	0.000000	0	0	0	
142953	2381	0.140000	11.060000	8.520000	1.070000	0.620000	58.000000	30.000000	0	0.000000	0.000000	0.000000	0	0	0	
143140	2370	0.140000	11.610000	9.520000	1.070000	0.670000	58.000000	30.000000	0	0.000000	0.000000	0.000000	0	0	0	
143343	2382	0.160000	11.610000	9.700000	1.080000	0.670000	58.000000	30.000000	0	0.000000	0.000000	0.000000	0	0	0	
143547	2373	0.140000	11.960000	10.020000	1.060000	0.670000	58.000000	30.000000	0	0.000000	0.000000	0.000000	0	0	0	
143765	2380	0.140000	11.790000	10.060000	1.080000	0.670000	58.000000	30.000000	0	0.000000	0.000000	0.000000	0	0	0	
143968	2379	0.140000	11.810000	10.000000	1.080000	0.670000	58.000000	30.000000	0	0.000000	0.000000	0.000000	0	0	0	
144187	2377	0.140000	12.170000	10.340000	1.070000	0.670000	58.000000	30.000000	0	0.000000	0.000000	0.000000	0	0	0	
144406	2378	0.140000	12.230000	10.480000	1.070000	0.670000	58.000000	30.000000	0	0.000000	0.000000	0.000000	0	0	0	
144593	2373	0.140000	12.070000	10.320000	1.070000	0.700000	58.000000	30.000000	0	0.000000	0.000000	0.000000	0	0	0	
144828	2378	0.140000	12.210000	10.420000	1.080000	0.660000	58.000000	30.000000	0	0.000000	0.000000	0.000000	0	0	0	
145031	2371	0.140000	12.390000	10.750000	1.070000	0.670000	58.000000	30.000000	0	0.000000	0.000000	0.000000	0	0	0	
145250	2377	0.140000	12.340000	10.730000	1.070000	0.660000	58.000000	30.000000	11	0.000000	0.000000	0.000000	0	0	0	
145468	2391	0.140000	12.280000	10.610000	1.070000	0.680000	58.000000	29.000000	0	0.000000	0.000000	0.000000	0	0	0	
145687	2380	0.140000	2.280000	0.790000	1.090000	0.640000	58.000000	29.000000	0	0.000000	0.000000	0.000000	0	0	0	
145890	2383	0.140000	11.420000	9.390000	1.080000	0.600000	58.000000	29.000000	0	0.000000	0.000000	0.000000	0	0	0	
146078	2377	0.140000	10.910000	8.490000	1.080000	0.560000	58.000000	29.000000	0	0.000000	0.000000	0.000000	0	0	0	
146265	2387	0.140000	10.790000	8.290000	1.070000	0.550000	58.000000	29.000000	0	0.000000	0.000000	0.000000	0	0	0	
146562	2375	0.140000	10.880000	8.440000	1.070000	0.550000	58.000000	29.000000	0	0.000000	0.000000	0.000000	0	0	0	
146781	2369	0.140000	10.950000	8.460000	1.060000	0.550000	58.000000	29.000000	0	0.000000	0.000000	0.000000	0	0	0	
146968	2381	0.140000	10.860000	8.390000	1.060000	0.560000	58.000000	29.000000	0	0.000000	0.000000	0.000000	0	0	0	
147187	2368	0.140000	10.840000	8.340000	1.080000	0.550000	58.000000	29.000000	0	0.000000	0.000000	0.000000	0	0	0	
147359	2373	0.140000	10.840000	8.400000	1.070000	0.550000	58.000000	29.000000	0	0.000000	0.000000	0.000000	0	0	0	
147578	2362	0.140000	10.810000	8.310000	1.080000	0.540000	58.000000	29.000000	0	0.000000	0.000000	0.000000	0	0	0	
147765	2369	0.140000	10.800000	8.210000	1.060000	0.550000	58.000000	29.000000	0	0.000000	0.000000	0.000000	0	0	0	
147968	2365	0.140000	10.840000	8.370000	1.090000	0.550000	58.000000	29.000000	0	0.000000	0.000000	0.000000	0	0	0	
148172	2359	0.140000	10.970000	8.420000	1.070000	0.550000	58.000000	29.000000	0	0.000000	0.000000	0.000000	0	0	0	
148375	2359	0.140000	10.570000	8.150000	1.090000	0.540000	58.000000	29.000000	0	0.000000	0.000000	0.000000	0	0	0	
148625	2355	0.140000	9.600000	7.180000	1.090000	0.510000	58.000000	29.000000	0	0.000000	0.000000	0.000000	0	0	0	
148797	2355	0.140000	8.990000	6.740000	1.090000	0.460000	57.000000	29.000000	0	0.000000	0.000000	0.000000	0	0	0	
149078	2352	0.140000	8.730000	6.500000	1.080000	0.440000	58.000000	29.000000	0	0.000000	0.000000	0.000000	0	0	0	
149265	2345	0.140000	8.620000	6.460000	1.090000	0.440000	57.000000	29.000000	245	0.000000	0.000000	0.000000	0	0	0	
149453	2341	0.140000	8.880000	6.630000	1.070000	0.450000	57.000000	29.000000	0	0.000000	0.000000	0.000000	0	0	0	
149687	2341	0.140000	9.030000	6.750000	1.080000	0.450000	57.000000	29.000000	0	0.000000	0.000000	0.000000	0	0	0	
149875	2334	0.140000	8.930000	6.690000	1.090000	0.460000	57.000000	29.000000	0	0.000000	0.000000	0.000000	0	0	0	
150078	2335	0.140000	8.980000	6.730000	1.080000	0.470000	57.000000	29.000000	0	0.000000	0.000000	0.000000	0	0	0	
150312	2329	0.140000	9.240000	6.940000	1.080000	0.460000	57.000000	29.000000	0	0.000000	0.000000	0.000000	0	0	0	
150500	2325	0.140000	9.260000	6.960000	1.080000	0.460000	57.000000	29.000000	0	0.000000	0.000000	0.000000	0	0	0	
150765	2325	0.140000	10.390000	7.800000	1.070000	0.530000	57.000000	29.000000	0	0.000000	0.000000	0.000000	0	0	0	
150968	2313	0.140000	10.400000	7.870000	1.070000	0.540000	57.000000	29.000000	0	0.000000	0.000000	0.000000	0	0	0	
151156	2320	0.140000	10.730000	8.190000	1.080000	0.550000	57.000000	29.000000	0	0.000000	0.000000	0.000000	0	0	0	
151390	2318	0.140000	11.280000	9.200000	1.090000	0.610000	57.000000	29.000000	0	0.000000	0.000000	0.000000	0	0	0	
151609	2313	0.140000	11.430000	9.400000	1.080000	0.620000	57.000000	29.000000	0	0.000000	0.000000	0.000000	0	0	0	
151781	2315	0.140000	11.580000	9.630000	1.080000	0.630000	57.000000	28.000000	0	0.000000	0.000000	0.000000	0	0	0	
152015	2324	0.140000	11.770000	9.920000	1.080000	0.640000	57.000000	28.000000	0	0.000000	0.000000	0.000000	0	0	0	
152203	2315	0.140000	11.710000	9.830000	1.070000	0.650000	57.000000	28.000000	0	0.000000	0.000000	0.000000	0	0	0	
152390	2316	0.140000	11.600000	9.770000	1.090000	0.640000	57.000000	28.000000	0	0.000000	0.000000	0.000000	0	0	0	
152609	2314	0.140000	11.720000	9.840000	1.070000	0.630000	57.000000	28.000000	0	0.000000	0.000000	0.000000	0	0	0	
152781	2318	0.140000	11.730000	9.960000	1.100000	0.630000	57.000000	28.000000	0	0.000000	0.000000	0.000000	0	0	0	
153000	2312	0.140000	11.740000	9.780000	1.070000	0.640000	57.000000	28.000000	0	0.000000	0.000000	0.000000	0	0	0	
153218	2314	0.140000	12.060000	10.320000	1.080000	0.660000	57.000000	28.000000	0	0.000000	0.000000	0.000000	0	0	0	
153406	2313	0.140000	12.300000	10.540000	1.080000	0.660000	57.000000	28.000000	0	0.000000	0.000000	0.000000	0	0	0	
153625	2311	0.140000	11.720000	9.840000	1.090000	0.630000	57.000000	28.000000	0	0.000000	0.000000	0.000000	0	0	0	
153812	2312	0.140000	11.540000	9.490000	1.080000	0.630000	57.000000	28.000000	0	0.000000	0.000000	0.000000	0	0	0	
154047	2305	0.140000	11.570000	9.590000	1.070000	0.620000	57.000000	28.000000	0	0.000000	0.000000	0.000000	0	0	0	
154234	2305	0.140000	11.790000	9.940000	1.070000	0.630000	57.000000	28.000000	0	0.000000	0.000000	0.000000	0	0	0	
154453	2306	0.140000	11.670000	9.950000	1.090000	0.640000	57.000000	28.000000	0	0.000000	0.000000	0.000000	0	0	0	
154656	2305	0.140000	11.640000	9.730000	1.080000	0.630000	57.000000	28.000000	0	0.000000	0.000000	0.000000	0	0	0	
154953	2306	0.140000	11.960000	10.100000	1.080000	0.640000	57.000000	28.000000	0	0.000000	0.000000	0.000000	0	0	0	
155140	2306	0.140000	11.680000	9.950000	1.080000	0.640000	57.000000	28.000000	0	0.000000	0.000000	0.000000	0	0	0	
155343	2299	0.140000	11.690000	9.770000	1.070000	0.630000	57.000000	28.000000	0	0.000000	0.000000	0.000000	0	0	0	
155547	2302	0.140000	11.720000	9.870000	1.080000	0.630000	57.000000	28.000000	0	0.000000	0.000000	0.000000	0	0	0	
155765	2296	0.140000	11.790000	9.940000	1.070000	0.630000	57.000000	28.000000	0	0.000000	0.000000	0.000000	0	0	0	
155968	2302	0.140000	11.670000	9.760000	1.070000	0.630000	57.000000	28.000000	0	0.000000	0.000000	0.000000	0	0	0	
156156	2296	0.140000	11.740000	9.820000	1.080000	0.640000	57.000000	28.000000	0	0.000000	0.000000	0.000000	0	0	0	
156390	2292	0.140000	11.820000	9.920000	1.060000	0.630000	57.000000	28.000000	11	0.000000	0.000000	0.000000	0	0	0	
156562	2295	0.140000	11.690000	9.770000	1.060000	0.630000	57.000000	28.000000	0	0.000000	0.000000	0.000000	0	0	0	
156781	2296	0.140000	11.500000	9.720000	1.090000	0.630000	57.000000	28.000000	0	0.000000	0.000000	0.000000	0	0	0	
156984	2288	0.140000	11.620000	9.770000	1.070000	0.630000	57.000000	28.000000	0	0.000000	0.000000	0.000000	0	0	0	
157172	2290	0.140000	11.620000	9.900000	1.100000	0.630000	57.000000	28.000000	0	0.000000	0.000000	0.000000	0	0	0	
157375	2288	0.140000	11.650000	9.810000	1.070000	0.630000	57.000000	28.000000	0	0.000000	0.000000	0.000000	0	0	0	
157562	2281	0.140000	11.640000	9.760000	1.080000	0.630000	57.000000	28.000000	0	0.000000	0.000000	0.000000	0	0	0	
157765	2284	0.140000	11.810000	9.850000	1.070000	0.630000	57.000000	28.000000	0	0.000000	0.000000	0.000000	0	0	0	
157968	2277	0.140000	11.630000	9.790000	1.070000	0.630000	57.000000	28.000000	0	0.000000	0.000000	0.000000	0	0	0	
158187	2274	0.140000	11.600000	9.670000	1.090000	0.630000	57.000000	28.000000	0	0.000000	0.000000	0.000000	0	0	0	
158390	2275	0.140000	11.660000	9.780000	1.100000	0.620000	57.000000	28.000000	0	0.000000	0.000000	0.000000	0	0	0	
158562	2274	0.140000	11.690000	9.850000	1.060000	0.630000	57.000000	28.000000	0	0.000000	0.000000	0.000000	0	0	0	
158781	2267	0.140000	11.680000	9.690000	1.070000	0.630000	57.000000	28.000000	0	0.000000	0.000000	0.000000	0	0	0	
159062	2269	0.140000	11.680000	9.770000	1.090000	0.630000	57.000000	28.000000	0	0.000000	0.000000	0.000000	0	0	0	
159265	2257	0.140000	11.600000	9.840000	1.080000	0.630000	57.000000	28.000000	0	0.000000	0.000000	0.000000	0	0	0	
159484	2260	0.140000	11.660000	9.750000	1.080000	0.630000	57.000000	28.000000	0	0.000000	0.000000	0.000000	0	0	0	
159672	2258	0.140000	11.620000	9.680000	1.090000	0.630000	57.000000	28.000000	0	0.000000	0.000000	0.000000	0	0	0	
159859	2249	0.140000	11.620000	9.790000	1.090000	0.630000	57.000000	28.000000	0	0.000000	0.000000	0.000000	0	0	0	
160078	2246	0.140000	11.720000	9.800000	1.070000	0.620000	57.000000	28.000000	0	0.000000	0.000000	0.000000	0	0	0	
160281	2244	0.140000	11.270000	9.180000	1.080000	0.610000	57.000000	28.000000	0	0.000000	0.000000	0.000000	0	0	0	
160500	2227	0.140000	11.220000	8.910000	1.070000	0.600000	57.000000	28.000000	0	0.000000	0.000000	0.000000	0	0	0	
160718	2229	0.140000	10.930000	8.480000	1.070000	0.580000	57.000000	28.000000	0	0.000000	0.000000	0.000000	0	0	0	
160922	2225	0.140000	10.700000	8.160000	1.090000	0.560000	57.000000	28.000000	0	0.000000	0.000000	0.000000	0	0	0	
161140	2225	0.140000	10.520000	8.020000	1.090000	0.550000	57.000000	28.000000	0	0.000000	0.000000	0.000000	0	0	0	
161328	2221	0.140000	10.740000	8.190000	1.080000	0.560000	57.000000	28.000000	0	0.000000	0.000000	0.000000	0	0	0	
161515	2212	0.140000	10.570000	8.140000	1.090000	0.560000	57.000000	28.000000	0	0.000000	0.000000	0.000000	0	0	0	
161703	2209	0.140000	9.180000	6.910000	1.090000	0.510000	57.000000	28.000000	0	0.000000	0.000000	0.000000	0	0	0	
161906	2206	0.140000	7.120000	5.050000	1.110000	0.410000	57.000000	28.000000	0	0.000000	0.000000	0.000000	0	0	0	
162125	2186	0.140000	6.540000	4.520000	1.100000	0.350000	57.000000	28.000000	0	0.000000	0.000000	0.000000	0	0	0	
162328	2181	0.140000	6.450000	4.440000	1.100000	0.350000	57.000000	28.000000	0	0.000000	0.000000	0.000000	0	0	0	
162531	2163	0.140000	6.690000	4.640000	1.090000	0.350000	57.000000	28.000000	0	0.000000	0.000000	0.000000	0	0	0	
162750	2147	0.140000	6.720000	4.670000	1.090000	0.350000	57.000000	28.000000	0	0.000000	0.000000	0.000000	0	0	0	
162937	2147	0.140000	6.670000	4.630000	1.080000	0.360000	57.000000	28.000000	0	0.000000	0.000000	0.000000	0	0	0	
163218	2120	0.140000	6.770000	4.670000	1.080000	0.360000	57.000000	27.000000	0	0.000000	0.000000	0.000000	0	0	0	
163437	2113	0.140000	6.760000	4.680000	1.090000	0.350000	57.000000	27.000000	1	0.000000	0.000000	0.000000	0	0	0	
163656	2119	0.140000	6.670000	4.620000	1.090000	0.350000	57.000000	27.000000	0	0.000000	0.000000	0.000000	0	0	0	
163859	2103	0.140000	6.770000	4.690000	1.090000	0.350000	57.000000	27.000000	0	0.000000	0.000000	0.000000	0	0	0	
164078	2092	0.140000	6.950000	4.870000	1.090000	0.360000	57.000000	27.000000	0	0.000000	0.000000	0.000000	0	0	0	
164265	2083	0.140000	6.980000	4.880000	1.080000	0.370000	57.000000	27.000000	0	0.000000	0.000000	0.000000	0	0	0	
164468	2082	0.140000	6.950000	4.850000	1.090000	0.370000	57.000000	27.000000	0	0.000000	0.000000	0.000000	0	0	0	
164656	2067	0.140000	7.020000	4.900000	1.080000	0.380000	57.000000	27.000000	0	0.000000	0.000000	0.000000	0	0	0	
164859	2057	0.140000	7.080000	4.970000	1.080000	0.380000	57.000000	27.000000	0	0.000000	0.000000	0.000000	0	0	0	
165062	2057	0.140000	7.080000	4.990000	1.090000	0.380000	57.000000	27.000000	0	0.000000	0.000000	0.000000	0	0	0	
165265	2043	0.140000	7.140000	5.020000	1.080000	0.380000	57.000000	27.000000	0	0.000000	0.000000	0.000000	0	0	0	
165453	2040	0.140000	7.180000	5.030000	1.080000	0.380000	57.000000	27.000000	0	0.000000	0.000000	0.000000	0	0	0	
165640	2030	0.140000	7.130000	5.020000	1.080000	0.380000	57.000000	27.000000	0	0.000000	0.000000	0.000000	0	0	0	
165859	2017	0.140000	7.120000	5.000000	1.090000	0.380000	57.000000	27.000000	0	0.000000	0.000000	0.000000	0	0	0	
166078	2014	0.140000	7.190000	5.090000	1.090000	0.390000	57.000000	27.000000	0	0.000000	0.000000	0.000000	0	0	0	
166297	2005	0.140000	7.110000	4.970000	1.080000	0.380000	57.000000	27.000000	0	0.000000	0.000000	0.000000	0	0	0	
166484	1995	0.140000	6.790000	4.740000	1.090000	0.360000	57.000000	27.000000	0	0.000000	0.000000	0.000000	0	0	0	
166687	1991	0.140000	6.750000	4.650000	1.090000	0.350000	57.000000	27.000000	0	0.000000	0.000000	0.000000	0	0	0	
166890	1991	0.140000	6.770000	4.690000	1.080000	0.360000	57.000000	27.000000	0	0.000000	0.000000	0.000000	0	0	0	
167093	1975	0.140000	6.710000	4.630000	1.080000	0.360000	57.000000	27.000000	0	0.000000	0.000000	0.000000	0	0	0	
167359	1970	0.140000	6.780000	4.700000	1.080000	0.360000	57.000000	27.000000	0	0.000000	0.000000	0.000000	0	0	0	
167547	1971	0.140000	6.860000	4.750000	1.080000	0.360000	57.000000	27.000000	2	0.000000	0.000000	0.000000	0	0	0	
167765	1974	0.140000	6.790000	4.730000	1.090000	0.360000	57.000000	27.000000	0	0.000000	0.000000	0.000000	0	0	0	
167953	1963	0.140000	6.940000	4.850000	1.070000	0.370000	57.000000	27.000000	0	0.000000	0.000000	0.000000	0	0	0	
168156	1962	0.140000	7.080000	4.970000	1.080000	0.380000	57.000000	27.000000	0	0.000000	0.000000	0.000000	0	0	0	
168359	1956	0.140000	7.120000	5.020000	1.070000	0.380000	57.000000	27.000000	0	0.000000	0.000000	0.000000	0	0	0	
168547	1955	0.140000	7.090000	4.980000	1.080000	0.380000	57.000000	27.000000	0	0.000000	0.000000	0.000000	0	0	0	
168765	1944	0.140000	7.170000	5.050000	1.080000	0.380000	57.000000	27.000000	0	0.000000	0.000000	0.000000	0	0	0	
168953	1935	0.140000	7.210000	5.090000	1.080000	0.380000	57.000000	27.000000	0	0.000000	0.000000	0.000000	0	0	0	
169140	1933	0.140000	7.230000	5.080000	1.070000	0.390000	57.000000	27.000000	0	0.000000	0.000000	0.000000	0	0	0	
169343	1938	0.140000	7.260000	5.100000	1.080000	0.390000	57.000000	27.000000	0	0.000000	0.000000	0.000000	0	0	0	
169531	1928	0.140000	7.290000	5.140000	1.070000	0.390000	57.000000	27.000000	0	0.000000	0.000000	0.000000	0	0	0	
169734	1923	0.140000	7.270000	5.110000	1.090000	0.380000	57.000000	27.000000	0	0.000000	0.000000	0.000000	0	0	0	
169953	1921	0.140000	7.280000	5.170000	1.080000	0.390000	57.000000	27.000000	16	0.000000	0.000000	0.000000	0	0	0	
170156	1922	0.140000	7.380000	5.240000	1.080000	0.390000	57.000000	27.000000	0	0.000000	0.000000	0.000000	0	0	0	
170375	1919	0.140000	7.340000	5.180000	1.070000	0.390000	57.000000	27.000000	0	0.000000	0.000000	0.000000	0	0	0	
170578	1916	0.140000	7.370000	5.280000	1.080000	0.390000	57.000000	27.000000	0	0.000000	0.000000	0.000000	0	0	0	
170765	1916	0.140000	7.440000	5.340000	1.080000	0.400000	57.000000	27.000000	0	0.000000	0.000000	0.000000	0	0	0	
170968	1901	0.140000	7.370000	5.280000	1.080000	0.390000	57.000000	27.000000	2	0.000000	0.000000	0.000000	0	0	0	
171172	1909	0.140000	7.390000	5.290000	1.080000	0.400000	57.000000	27.000000	0	0.000000	0.000000	0.000000	0	0	0	
171437	1901	0.140000	7.510000	5.400000	1.070000	0.400000	57.000000	27.000000	0	0.000000	0.000000	0.000000	0	0	0	
171640	1898	0.140000	7.390000	5.290000	1.080000	0.390000	57.000000	27.000000	0	0.000000	0.000000	0.000000	0	0	0	
171859	1890	0.140000	7.500000	5.370000	1.070000	0.400000	57.000000	27.000000	203	0.000000	0.000000	0.000000	0	0	0	
172062	1896	0.140000	7.600000	5.470000	1.070000	0.400000	57.000000	27.000000	0	0.000000	0.000000	0.000000	0	0	0	
172265	1879	0.140000	7.550000	5.470000	1.080000	0.400000	57.000000	27.000000	0	0.000000	0.000000	0.000000	0	0	0	
172500	1881	0.140000	7.660000	5.520000	1.070000	0.400000	57.000000	27.000000	0	0.000000	0.000000	0.000000	0	0	0	
172687	1873	0.140000	7.790000	5.630000	1.080000	0.400000	57.000000	27.000000	8	0.000000	0.000000	0.000000	0	0	0	
172890	1879	0.140000	7.660000	5.540000	1.070000	0.410000	57.000000	27.000000	0	0.000000	0.000000	0.000000	0	0	0	
173093	1876	0.140000	7.720000	5.590000	1.080000	0.410000	57.000000	27.000000	0	0.000000	0.000000	0.000000	0	0	0	
173281	1864	0.140000	7.860000	5.720000	1.080000	0.410000	58.000000	27.000000	0	0.000000	0.000000	0.000000	0	0	0	
173484	1863	0.140000	7.870000	5.730000	1.080000	0.410000	57.000000	27.000000	0	0.000000	0.000000	0.000000	0	0	0	
173672	1861	0.140000	7.900000	5.720000	1.070000	0.420000	58.000000	27.000000	0	0.000000	0.000000	0.000000	0	0	0	
173875	1863	0.140000	8.060000	5.990000	1.070000	0.430000	58.000000	27.000000	0	0.000000	0.000000	0.000000	0	0	0	
174078	1858	0.140000	8.220000	6.020000	1.060000	0.430000	58.000000	27.000000	0	0.000000	0.000000	0.000000	0	0	0	
174265	1856	0.140000	8.260000	6.050000	1.070000	0.430000	58.000000	27.000000	0	0.000000	0.000000	0.000000	0	0	0	
174453	1857	0.140000	8.330000	6.110000	1.070000	0.440000	58.000000	27.000000	0	0.000000	0.000000	0.000000	0	0	0	
174640	1854	0.140000	8.460000	6.210000	1.070000	0.440000	58.000000	27.000000	0	0.000000	0.000000	0.000000	0	0	0	
174843	1852	0.140000	8.370000	6.130000	1.080000	0.430000	58.000000	27.000000	0	0.000000	0.000000	0.000000	0	0	0	
175047	1847	0.140000	8.350000	6.140000	1.090000	0.430000	58.000000	27.000000	0	0.000000	0.000000	0.000000	0	0	0	
175265	1848	0.140000	8.520000	6.260000	1.060000	0.440000	58.000000	27.000000	0	0.000000	0.000000	0.000000	0	0	0	
175531	1846	0.140000	8.470000	6.210000	1.080000	0.430000	58.000000	27.000000	0	0.000000	0.000000	0.000000	0	0	0	
175734	1836	0.140000	8.490000	6.260000	1.080000	0.440000	58.000000	27.000000	63	0.000000	0.000000	0.000000	0	0	0	
175922	1836	0.140000	8.570000	6.300000	1.060000	0.440000	58.000000	27.000000	0	0.000000	0.000000	0.000000	0	0	0	
176125	1835	0.140000	8.510000	6.250000	1.060000	0.440000	58.000000	26.000000	0	0.000000	0.000000	0.000000	0	0	0	
176328	1829	0.140000	8.570000	6.300000	1.060000	0.440000	58.000000	26.000000	0	0.000000	0.000000	0.000000	0	0	0	
176547	1820	0.140000	8.520000	6.290000	1.070000	0.440000	58.000000	26.000000	253	0.000000	0.000000	0.000000	0	0	0	
176765	1827	0.140000	8.440000	6.230000	1.080000	0.440000	58.000000	26.000000	233	0.000000	0.000000	0.000000	0	0	0	
176968	1830	0.140000	8.580000	6.310000	1.070000	0.440000	58.000000	26.000000	99	0.000000	0.000000	0.000000	0	0	0	
177172	1830	0.140000	8.460000	6.260000	1.070000	0.450000	58.000000	26.000000	0	0.000000	0.000000	0.000000	0	0	0	
177359	1825	0.140000	8.630000	6.380000	1.080000	0.440000	58.000000	26.000000	0	0.000000	0.000000	0.000000	0	0	0	
177578	1821	0.140000	8.730000	6.470000	1.070000	0.450000	58.000000	26.000000	0	0.000000	0.000000	0.000000	0	0	0	
177765	1821	0.140000	8.640000	6.390000	1.080000	0.450000	58.000000	26.000000	0	0.000000	0.000000	0.000000	0	0	0	
178015	1814	0.140000	8.660000	6.410000	1.070000	0.460000	58.000000	26.000000	0	0.000000	0.000000	0.000000	0	0	0	
178234	1816	0.140000	8.760000	6.500000	1.070000	0.450000	58.000000	26.000000	0	0.000000	0.000000	0.000000	0	0	0	
178422	1815	0.140000	8.620000	6.400000	1.070000	0.450000	58.000000	26.000000	0	0.000000	0.000000	0.000000	0	0	0	
178640	1817	0.140000	8.730000	6.450000	1.080000	0.450000	58.000000	26.000000	0	0.000000	0.000000	0.000000	0	0	0	
178828	1819	0.140000	8.780000	6.520000	1.070000	0.450000	58.000000	26.000000	0	0.000000	0.000000	0.000000	0	0	0	
179047	1815	0.140000	8.600000	6.350000	1.070000	0.450000	58.000000	26.000000	0	0.000000	0.000000	0.000000	0	0	0	
179234	1815	0.140000	8.660000	6.410000	1.070000	0.450000	58.000000	26.000000	0	0.000000	0.000000	0.000000	0	0	0	
179437	1809	0.140000	8.790000	6.530000	1.070000	0.450000	58.000000	26.000000	0	0.000000	0.000000	0.000000	0	0	0	
179734	1801	0.140000	8.710000	6.530000	1.060000	0.460000	58.000000	26.000000	252	0.000000	0.000000	0.000000	0	0	0	
179968	1815	0.140000	8.880000	6.640000	1.080000	0.460000	58.000000	26.000000	0	0.000000	0.000000	0.000000	0	0	0	
180203	1805	0.140000	8.810000	6.520000	1.060000	0.460000	58.000000	26.000000	0	0.000000	0.000000	0.000000	0	0	0	
180390	1800	0.140000	8.790000	6.500000	1.060000	0.460000	58.000000	26.000000	0	0.000000	0.000000	0.000000	0	0	0	
180578	1805	0.140000	8.880000	6.600000	1.060000	0.460000	58.000000	26.000000	0	0.000000	0.000000	0.000000	0	0	0	
180781	1811	0.140000	8.830000	6.590000	1.080000	0.460000	58.000000	26.000000	0	0.000000	0.000000	0.000000	0	0	0	
180984	1802	0.140000	8.740000	6.480000	1.080000	0.450000	58.000000	26.000000	0	0.000000	0.000000	0.000000	0	0	0	
181172	1800	0.140000	8.970000	6.690000	1.070000	0.460000	58.000000	26.000000	0	0.000000	0.000000	0.000000	0	0	0	
181375	1801	0.140000	8.690000	6.490000	1.070000	0.450000	58.000000	26.000000	0	0.000000	0.000000	0.000000	0	0	0	
181609	1792	0.140000	8.840000	6.570000	1.070000	0.450000	58.000000	26.000000	252	0.000000	0.000000	0.000000	0	0	0	
181797	1776	0.140000	8.830000	6.510000	1.080000	0.450000	58.000000	26.000000	41	0.000000	0.000000	0.000000	0	0	0	
182031	1791	0.140000	8.580000	6.370000	1.070000	0.450000	58.000000	26.000000	0	0.000000	0.000000	0.000000	0	0	0	
182234	1791	0.140000	8.730000	6.470000	1.080000	0.450000	58.000000	26.000000	0	0.000000	0.000000	0.000000	0	0	0	
182437	1784	0.140000	8.870000	6.600000	1.080000	0.450000	58.000000	26.000000	252	0.000000	0.000000	0.000000	0	0	0	
182625	1783	0.140000	8.730000	6.480000	1.070000	0.450000	58.000000	26.000000	0	0.000000	0.000000	0.000000	0	0	0	
182812	1779	0.140000	8.770000	6.510000	1.070000	0.450000	58.000000	26.000000	0	0.000000	0.000000	0.000000	0	0	0	
183031	1779	0.140000	8.800000	6.530000	1.070000	0.450000	58.000000	26.000000	0	0.000000	0.000000	0.000000	0	0	0	
183234	1776	0.140000	8.720000	6.460000	1.070000	0.450000	58.000000	26.000000	0	0.000000	0.000000	0.000000	0	0	0	
183422	1776	0.140000	8.730000	6.480000	1.070000	0.450000	58.000000	26.000000	0	0.000000	0.000000	0.000000	0	0	0	
183609	1783	0.140000	8.710000	6.530000	1.070000	0.450000	58.000000	26.000000	0	0.000000	0.000000	0.000000	0	0	0	
183906	1779	0.140000	8.640000	6.390000	1.080000	0.450000	58.000000	26.000000	0	0.000000	0.000000	0.000000	0	0	0	
184093	1779	0.140000	7.540000	5.430000	1.090000	0.400000	58.000000	26.000000	0	0.000000	0.000000	0.000000	0	0	0	
184312	1768	0.140000	6.490000	4.430000	1.090000	0.340000	58.000000	26.000000	254	0.000000	0.000000	0.000000	0	0	0	
184531	1760	0.140000	6.370000	4.320000	1.080000	0.310000	58.000000	26.000000	230	0.000000	0.000000	0.000000	0	0	0	
184734	1757	0.140000	6.240000	4.200000	1.090000	0.310000	58.000000	26.000000	0	0.000000	0.000000	0.000000	0	0	0	
184937	1734	0.140000	6.160000	4.120000	1.080000	0.310000	58.000000	26.000000	254	0.000000	0.000000	0.000000	0	0	0	
185140	1761	0.140000	6.080000	4.050000	1.090000	0.310000	58.000000	26.000000	234	0.000000	0.000000	0.000000	0	0	0	
185343	1741	0.140000	5.980000	3.990000	1.100000	0.310000	58.000000	26.000000	0	0.000000	0.000000	0.000000	0	0	0	
185578	1725	0.140000	0.000000	0.000000	1.110000	0.330000	58.000000	26.000000	0	0.000000	0.000000	0.000000	0	0	0	
185781	1705	0.140000	0.000000	0.000000	1.120000	0.330000	58.000000	26.000000	0	0.000000	0.000000	0.000000	0	0	0	
186000	1681	0.140000	0.000000	0.000000	1.120000	0.330000	58.000000	26.000000	0	0.000000	0.000000	0.000000	0	0	0	
186218	1654	0.140000	0.000000	0.000000	1.120000	0.330000	58.000000	26.000000	0	0.000000	0.000000	0.000000	0	0	0	
186422	1638	0.140000	0.000000	0.000000	1.120000	0.330000	58.000000	26.000000	0	0.000000	0.000000	0.000000	0	0	0	
186609	1606	0.140000	0.000000	0.000000	1.130000	0.330000	58.000000	26.000000	0	0.000000	0.000000	0.000000	0	0	0	
186781	1584	0.140000	0.000000	0.000000	1.120000	0.330000	58.000000	26.000000	0	0.000000	0.000000	0.000000	0	0	0	
187000	1557	0.140000	0.000000	0.000000	1.130000	0.320000	58.000000	26.000000	0	0.000000	0.000000	0.000000	0	0	0	
187172	1528	0.140000	0.000000	0.000000	1.120000	0.330000	58.000000	26.000000	0	0.000000	0.000000	0.000000	0	0	0	
187375	1508	0.140000	0.000000	0.000000	1.120000	0.330000	58.000000	26.000000	0	0.000000	0.000000	0.000000	0	0	0	
187578	1478	0.140000	0.000000	0.000000	1.120000	0.330000	58.000000	26.000000	0	0.000000	0.000000	0.000000	0	0	0	
187828	1440	0.140000	0.000000	0.000000	1.110000	0.340000	58.000000	26.000000	0	0.000000	0.000000	0.000000	0	0	0	
188093	1408	0.140000	0.000000	0.000000	1.110000	0.340000	58.000000	26.000000	0	0.000000	0.000000	0.000000	0	0	0	
188312	1209	0.140000	0.000000	0.000000	1.110000	0.340000	58.000000	26.000000	0	0.000000	0.000000	0.000000	0	0	0	
188515	906	0.140000	2.650000	1.170000	1.070000	0.380000	58.000000	26.000000	0	0.000000	0.000000	0.000000	0	0	0	
188734	956	0.140000	8.610000	6.470000	1.070000	0.440000	58.000000	26.000000	0	0.000000	0.000000	0.000000	0	0	0	
188953	973	0.140000	8.620000	6.540000	1.080000	0.430000	58.000000	26.000000	0	0.000000	0.000000	0.000000	0	0	0	
189156	981	0.140000	8.250000	6.240000	1.080000	0.400000	58.000000	26.000000	0	0.000000	0.000000	0.000000	0	0	0	
189359	952	0.140000	7.720000	5.730000	1.080000	0.390000	58.000000	26.000000	0	0.000000	0.000000	0.000000	0	0	0	
189578	996	0.140000	7.480000	5.530000	1.080000	0.380000	58.000000	26.000000	0	0.000000	0.000000	0.000000	0	0	0	
189781	1151	0.140000	7.450000	5.570000	1.080000	0.400000	58.000000	26.000000	0	0.000000	0.000000	0.000000	0	0	0	
189984	1579	0.140000	6.650000	4.610000	1.080000	0.360000	58.000000	26.000000	0	0.000000	0.000000	0.000000	0	0	0	
190187	1745	0.140000	6.140000	4.080000	1.070000	0.340000	58.000000	26.000000	0	0.000000	0.000000	0.000000	0	0	0	
190375	1712	0.140000	6.100000	4.040000	1.070000	0.340000	58.000000	26.000000	254	0.000000	0.000000	0.000000	0	0	0	
190609	1693	0.140000	6.140000	4.090000	1.080000	0.330000	58.000000	26.000000	0	0.000000	0.000000	0.000000	0	0	0	
190828	1680	0.140000	5.980000	3.980000	1.080000	0.320000	58.000000	26.000000	253	0.000000	0.000000	0.000000	0	0	0	
191031	1680	0.140000	5.930000	3.960000	1.060000	0.320000	58.000000	26.000000	0	0.000000	0.000000	0.000000	0	0	0	
191218	1677	0.140000	5.990000	4.010000	1.060000	0.320000	58.000000	26.000000	0	0.000000	0.000000	0.000000	0	0	0	
191406	1663	0.140000	5.940000	3.930000	1.070000	0.320000	58.000000	26.000000	245	0.000000	0.000000	0.000000	0	0	0	
191625	1658	0.140000	5.950000	3.970000	1.070000	0.310000	58.000000	26.000000	0	0.000000	0.000000	0.000000	0	0	0	
191828	1656	0.140000	5.960000	3.980000	1.060000	0.320000	58.000000	26.000000	160	0.000000	0.000000	0.000000	0	0	0	
192031	1653	0.140000	5.900000	3.930000	1.080000	0.310000	58.000000	26.000000	0	0.000000	0.000000	0.000000	0	0	0	
192312	1644	0.140000	5.980000	4.000000	1.060000	0.310000	58.000000	26.000000	0	0.000000	0.000000	0.000000	0	0	0	
192500	1639	0.140000	6.040000	4.000000	1.070000	0.320000	58.000000	26.000000	0	0.000000	0.000000	0.000000	0	0	0	
192703	1631	0.140000	6.030000	4.010000	1.060000	0.320000	58.000000	26.000000	0	0.000000	0.000000	0.000000	0	0	0	
192906	1634	0.140000	6.080000	4.040000	1.080000	0.320000	58.000000	26.000000	0	0.000000	0.000000	0.000000	0	0	0	
193093	1630	0.140000	6.070000	4.040000	1.080000	0.320000	58.000000	26.000000	0	0.000000	0.000000	0.000000	0	0	0	
193297	1621	0.140000	6.200000	4.150000	1.080000	0.330000	58.000000	26.000000	0	0.000000	0.000000	0.000000	0	0	0	
193484	1614	0.140000	6.160000	4.100000	1.070000	0.330000	58.000000	26.000000	0	0.000000	0.000000	0.000000	0	0	0	
193718	1615	0.140000	6.210000	4.170000	1.070000	0.330000	58.000000	26.000000	0	0.000000	0.000000	0.000000	0	0	0	
193922	1606	0.140000	6.250000	4.210000	1.080000	0.330000	58.000000	26.000000	0	0.000000	0.000000	0.000000	0	0	0	
194125	1607	0.140000	6.220000	4.150000	1.080000	0.330000	58.000000	26.000000	0	0.000000	0.000000	0.000000	0	0	0	
194343	1600	0.140000	6.330000	4.280000	1.070000	0.330000	58.000000	26.000000	159	0.000000	0.000000	0.000000	0	0	0	
194531	1587	0.140000	6.340000	4.280000	1.060000	0.340000	58.000000	26.000000	254	0.000000	0.000000	0.000000	0	0	0	
194718	1595	0.140000	6.360000	4.300000	1.070000	0.340000	58.000000	26.000000	0	0.000000	0.000000	0.000000	0	0	0	
194906	1589	0.140000	6.450000	4.390000	1.060000	0.340000	58.000000	26.000000	0	0.000000	0.000000	0.000000	0	0	0	
195125	1585	0.140000	6.350000	4.290000	1.060000	0.340000	58.000000	26.000000	0	0.000000	0.000000	0.000000	0	0	0	
195328	1588	0.140000	6.440000	4.380000	1.060000	0.340000	58.000000	26.000000	0	0.000000	0.000000	0.000000	0	0	0	
195547	1582	0.140000	6.440000	4.380000	1.060000	0.330000	58.000000	26.000000	0	0.000000	0.000000	0.000000	0	0	0	
195750	1573	0.140000	6.380000	4.340000	1.060000	0.340000	58.000000	26.000000	0	0.000000	0.000000	0.000000	0	0	0	
195937	1580	0.140000	6.450000	4.400000	1.070000	0.340000	58.000000	26.000000	0	0.000000	0.000000	0.000000	0	0	0	
196140	1576	0.140000	6.320000	4.290000	1.070000	0.340000	58.000000	26.000000	0	0.000000	0.000000	0.000000	0	0	0	
196437	1567	0.140000	6.350000	4.320000	1.070000	0.330000	58.000000	26.000000	0	0.000000	0.000000	0.000000	0	0	0	
196609	1564	0.140000	6.340000	4.290000	1.070000	0.330000	58.000000	26.000000	0	0.000000	0.000000	0.000000	0	0	0	
196812	1556	0.140000	6.380000	4.340000	1.070000	0.330000	58.000000	26.000000	0	0.000000	0.000000	0.000000	0	0	0	
197000	1554	0.140000	6.620000	4.530000	1.060000	0.350000	58.000000	26.000000	0	0.000000	0.000000	0.000000	0	0	0	
197187	1565	0.140000	6.940000	4.840000	1.060000	0.360000	58.000000	26.000000	0	0.000000	0.000000	0.000000	0	0	0	
197390	1560	0.140000	7.200000	5.050000	1.070000	0.370000	58.000000	26.000000	0	0.000000	0.000000	0.000000	0	0	0	
197625	1557	0.140000	7.260000	5.120000	1.070000	0.380000	58.000000	26.000000	0	0.000000	0.000000	0.000000	0	0	0	
197828	1560	0.140000	7.520000	5.420000	1.080000	0.390000	58.000000	26.000000	0	0.000000	0.000000	0.000000	0	0	0	
198015	1546	0.140000	7.640000	5.490000	1.070000	0.400000	58.000000	26.000000	0	0.000000	0.000000	0.000000	0	0	0	
198234	1556	0.140000	7.650000	5.550000	1.060000	0.400000	58.000000	25.000000	0	0.000000	0.000000	0.000000	0	0	0	
198422	1569	0.140000	7.740000	5.600000	1.060000	0.390000	58.000000	26.000000	0	0.000000	0.000000	0.000000	0	0	0	
198625	1549	0.140000	7.630000	5.500000	1.070000	0.390000	59.000000	25.000000	0	0.000000	0.000000	0.000000	0	0	0	
198828	1557	0.140000	7.800000	5.650000	1.080000	0.390000	58.000000	25.000000	0	0.000000	0.000000	0.000000	0	0	0	
199031	1572	0.140000	7.730000	5.610000	1.060000	0.400000	59.000000	25.000000	0	0.000000	0.000000	0.000000	0	0	0	
199234	1573	0.140000	7.680000	5.540000	1.070000	0.390000	58.000000	25.000000	0	0.000000	0.000000	0.000000	0	0	0	
199422	1555	0.140000	7.690000	5.550000	1.080000	0.400000	59.000000	25.000000	175	0.000000	0.000000	0.000000	0	0	0	
199640	1568	0.140000	7.720000	5.580000	1.080000	0.390000	59.000000	25.000000	0	0.000000	0.000000	0.000000	0	0	0	
199812	1573	0.140000	7.670000	5.540000	1.080000	0.390000	59.000000	25.000000	0	0.000000	0.000000	0.000000	0	0	0	
200015	1557	0.140000	7.620000	5.510000	1.070000	0.390000	59.000000	25.000000	0	0.000000	0.000000	0.000000	0	0	0	
200203	1562	0.140000	7.790000	5.690000	1.080000	0.390000	59.000000	25.000000	254	0.000000	0.000000	0.000000	0	0	0	
200484	1564	0.140000	7.550000	5.430000	1.080000	0.380000	59.000000	25.000000	0	0.000000	0.000000	0.000000	0	0	0	
200672	1557	0.140000	7.620000	5.510000	1.070000	0.390000	59.000000	25.000000	254	0.000000	0.000000	0.000000	0	0	0	
200890	1581	0.140000	7.690000	5.560000	1.070000	0.390000	59.000000	25.000000	0	0.000000	0.000000	0.000000	0	0	0	
201109	1567	0.140000	7.570000	5.450000	1.070000	0.390000	59.000000	25.000000	0	0.000000	0.000000	0.000000	0	0	0	
201312	1576	0.140000	7.650000	5.540000	1.070000	0.380000	59.000000	25.000000	0	0.000000	0.000000	0.000000	0	0	0	
201531	1586	0.140000	7.570000	5.470000	1.080000	0.380000	59.000000	25.000000	0	0.000000	0.000000	0.000000	0	0	0	
201718	1575	0.140000	7.570000	5.470000	1.070000	0.380000	59.000000	25.000000	253	0.000000	0.000000	0.000000	0	0	0	
201922	1583	0.140000	7.610000	5.500000	1.070000	0.390000	59.000000	25.000000	0	0.000000	0.000000	0.000000	0	0	0	
202125	1593	0.140000	7.490000	5.400000	1.070000	0.380000	59.000000	25.000000	0	0.000000	0.000000	0.000000	0	0	0	
202328	1580	0.140000	7.600000	5.520000	1.060000	0.380000	59.000000	25.000000	253	0.000000	0.000000	0.000000	0	0	0	
202547	1588	0.140000	7.560000	5.470000	1.060000	0.380000	59.000000	25.000000	0	0.000000	0.000000	0.000000	0	0	0	
202734	1588	0.140000	7.530000	5.430000	1.080000	0.370000	59.000000	25.000000	0	0.000000	0.000000	0.000000	0	0	0	
202953	1589	0.140000	7.590000	5.460000	1.070000	0.380000	59.000000	25.000000	254	0.000000	0.000000	0.000000	0	0	0	
203218	1599	0.140000	7.470000	5.380000	1.080000	0.380000	59.000000	25.000000	0	0.000000	0.000000	0.000000	0	0	0	
203422	1607	0.140000	7.540000	5.450000	1.060000	0.380000	59.000000	25.000000	0	0.000000	0.000000	0.000000	0	0	0	
203640	1623	0.140000	7.490000	5.380000	1.060000	0.380000	59.000000	25.000000	0	0.000000	0.000000	0.000000	0	0	0	
203843	1611	0.140000	7.510000	5.390000	1.060000	0.380000	59.000000	25.000000	0	0.000000	0.000000	0.000000	0	0	0	
204047	1620	0.140000	7.530000	5.390000	1.060000	0.380000	59.000000	25.000000	0	0.000000	0.000000	0.000000	0	0	0	
204234	1630	0.140000	7.410000	5.310000	1.060000	0.370000	59.000000	25.000000	0	0.000000	0.000000	0.000000	0	0	0	
204468	1629	0.140000	7.550000	5.430000	1.070000	0.370000	59.000000	25.000000	0	0.000000	0.000000	0.000000	0	0	0	
204750	1631	0.140000	7.390000	5.290000	1.070000	0.380000	59.000000	25.000000	0	0.000000	0.000000	0.000000	0	0	0	
204937	1647	0.140000	7.430000	5.340000	1.080000	0.370000	59.000000	25.000000	0	0.000000	0.000000	0.000000	0	0	0	
205156	1641	0.140000	7.410000	5.290000	1.060000	0.380000	59.000000	25.000000	11	0.000000	0.000000	0.000000	0	0	0	
205359	1644	0.140000	7.420000	5.310000	1.070000	0.370000	59.000000	25.000000	0	0.000000	0.000000	0.000000	0	0	0	
205547	1656	0.140000	7.480000	5.370000	1.070000	0.370000	59.000000	25.000000	0	0.000000	0.000000	0.000000	0	0	0	
205765	1648	0.140000	7.330000	5.250000	1.070000	0.370000	59.000000	25.000000	0	0.000000	0.000000	0.000000	0	0	0	
205968	1661	0.140000	7.400000	5.320000	1.070000	0.370000	59.000000	25.000000	0	0.000000	0.000000	0.000000	0	0	0	
206156	1659	0.140000	7.400000	5.290000	1.070000	0.370000	59.000000	25.000000	0	0.000000	0.000000	0.000000	0	0	0	
206343	1656	0.140000	7.390000	5.240000	1.070000	0.370000	59.000000	25.000000	254	0.000000	0.000000	0.000000	0	0	0	
206547	1671	0.140000	7.410000	5.330000	1.070000	0.370000	59.000000	25.000000	0	0.000000	0.000000	0.000000	0	0	0	
206750	1671	0.140000	7.380000	5.190000	1.060000	0.370000	59.000000	25.000000	12	0.000000	0.000000	0.000000	0	0	0	
206968	1679	0.140000	7.380000	5.190000	1.080000	0.370000	59.000000	25.000000	0	0.000000	0.000000	0.000000	0	0	0	
207172	1676	0.140000	7.400000	5.210000	1.060000	0.370000	59.000000	25.000000	0	0.000000	0.000000	0.000000	0	0	0	
207375	1676	0.140000	7.340000	5.160000	1.080000	0.370000	59.000000	25.000000	0	0.000000	0.000000	0.000000	0	0	0	
207578	1686	0.140000	7.280000	5.120000	1.080000	0.360000	59.000000	25.000000	0	0.000000	0.000000	0.000000	0	0	0	
207765	1676	0.140000	7.290000	5.140000	1.070000	0.360000	59.000000	25.000000	238	0.000000	0.000000	0.000000	0	0	0	
207968	1688	0.140000	7.240000	5.100000	1.080000	0.360000	59.000000	25.000000	0	0.000000	0.000000	0.000000	0	0	0	
208172	1686	0.140000	7.360000	5.140000	1.080000	0.360000	59.000000	25.000000	0	0.000000	0.000000	0.000000	0	0	0	
208390	1691	0.140000	7.200000	5.060000	1.070000	0.360000	59.000000	25.000000	0	0.000000	0.000000	0.000000	0	0	0	
208625	1685	0.140000	7.320000	5.130000	1.080000	0.360000	59.000000	25.000000	0	0.000000	0.000000	0.000000	0	0	0	
208890	1685	0.140000	7.260000	5.060000	1.070000	0.360000	59.000000	25.000000	117	0.000000	0.000000	0.000000	0	0	0	
209093	1685	0.140000	7.170000	5.030000	1.060000	0.360000	59.000000	25.000000	0	0.000000	0.000000	0.000000	0	0	0	
209281	1692	0.140000	7.320000	5.140000	1.080000	0.360000	59.000000	25.000000	0	0.000000	0.000000	0.000000	0	0	0	
209484	1690	0.140000	7.230000	5.060000	1.060000	0.360000	59.000000	25.000000	254	0.000000	0.000000	0.000000	0	0	0	
209703	1694	0.140000	7.200000	5.030000	1.080000	0.360000	59.000000	25.000000	0	0.000000	0.000000	0.000000	0	0	0	
209953	1689	0.140000	7.190000	5.040000	1.070000	0.360000	59.000000	25.000000	254	0.000000	0.000000	0.000000	0	0	0	
210172	1693	0.140000	7.110000	4.950000	1.080000	0.360000	59.000000	25.000000	0	0.000000	0.000000	0.000000	0	0	0	
210406	1701	0.140000	7.190000	5.030000	1.080000	0.370000	59.000000	25.000000	0	0.000000	0.000000	0.000000	0	0	0	
210593	1702	0.140000	7.140000	4.990000	1.060000	0.370000	59.000000	25.000000	0	0.000000	0.000000	0.000000	0	0	0	
210781	1696	0.140000	7.070000	4.930000	1.060000	0.360000	59.000000	25.000000	0	0.000000	0.000000	0.000000	0	0	0	
210968	1708	0.140000	7.220000	5.050000	1.070000	0.370000	59.000000	25.000000	0	0.000000	0.000000	0.000000	0	0	0	
211172	1691	0.140000	7.130000	4.990000	1.070000	0.360000	59.000000	25.000000	222	0.000000	0.000000	0.000000	0	0	0	
211375	1702	0.140000	7.050000	4.930000	1.080000	0.360000	59.000000	25.000000	0	0.000000	0.000000	0.000000	0	0	0	
211593	1701	0.140000	7.170000	5.030000	1.080000	0.360000	59.000000	25.000000	0	0.000000	0.000000	0.000000	0	0	0	
211812	1706	0.140000	7.150000	4.990000	1.060000	0.360000	59.000000	25.000000	0	0.000000	0.000000	0.000000	0	0	0	
211984	1707	0.140000	7.120000	4.990000	1.050000	0.370000	59.000000	25.000000	0	0.000000	0.000000	0.000000	0	0	0	
212218	1698	0.140000	7.240000	5.070000	1.070000	0.370000	59.000000	25.000000	0	0.000000	0.000000	0.000000	0	0	0	
212406	1705	0.140000	7.070000	4.920000	1.070000	0.360000	59.000000	25.000000	0	0.000000	0.000000	0.000000	0	0	0	
212609	1693	0.140000	7.190000	5.050000	1.060000	0.360000	59.000000	25.000000	254	0.000000	0.000000	0.000000	0	0	0	
212812	1695	0.140000	7.130000	4.970000	1.080000	0.360000	59.000000	25.000000	0	0.000000	0.000000	0.000000	0	0	0	
213109	1705	0.140000	7.110000	4.980000	1.060000	0.360000	59.000000	25.000000	0	0.000000	0.000000	0.000000	0	0	0	
213297	1694	0.140000	7.150000	5.020000	1.060000	0.360000	59.000000	25.000000	236	0.000000	0.000000	0.000000	0	0	0	
213500	1700	0.140000	7.030000	4.900000	1.070000	0.360000	59.000000	25.000000	0	0.000000	0.000000	0.000000	0	0	0	
213703	1699	0.140000	7.060000	4.930000	1.070000	0.360000	59.000000	25.000000	0	0.000000	0.000000	0.000000	0	0	0	
213906	1691	0.140000	7.160000	5.020000	1.070000	0.360000	59.000000	25.000000	9	0.000000	0.000000	0.000000	0	0	0	
214109	1700	0.140000	7.110000	4.980000	1.060000	0.360000	59.000000	25.000000	0	0.000000	0.000000	0.000000	0	0	0	
214343	1693	0.140000	7.150000	5.010000	1.080000	0.360000	59.000000	25.000000	252	0.000000	0.000000	0.000000	0	0	0	
214547	1698	0.140000	7.070000	4.940000	1.070000	0.360000	59.000000	25.000000	0	0.000000	0.000000	0.000000	0	0	0	
214765	1690	0.140000	7.100000	4.930000	1.060000	0.360000	59.000000	25.000000	0	0.000000	0.000000	0.000000	0	0	0	
214953	1692	0.140000	7.190000	5.040000	1.070000	0.360000	59.000000	25.000000	0	0.000000	0.000000	0.000000	0	0	0	
215187	1689	0.140000	7.060000	4.940000	1.060000	0.360000	59.000000	25.000000	0	0.000000	0.000000	0.000000	0	0	0	
215390	1689	0.140000	7.110000	4.970000	1.060000	0.360000	59.000000	25.000000	0	0.000000	0.000000	0.000000	0	0	0	
215578	1676	0.140000	7.140000	5.000000	1.070000	0.360000	59.000000	25.000000	0	0.000000	0.000000	0.000000	0	0	0	
215797	1689	0.140000	7.110000	4.980000	1.070000	0.360000	59.000000	25.000000	0	0.000000	0.000000	0.000000	0	0	0	
216015	1675	0.140000	7.200000	5.060000	1.060000	0.370000	59.000000	25.000000	131	0.000000	0.000000	0.000000	0	0	0	
216203	1678	0.140000	7.130000	5.000000	1.070000	0.360000	59.000000	25.000000	0	0.000000	0.000000	0.000000	0	0	0	
216422	1680	0.140000	7.040000	4.920000	1.070000	0.360000	59.000000	25.000000	0	0.000000	0.000000	0.000000	0	0	0	
216625	1669	0.140000	7.190000	5.080000	1.070000	0.370000	59.000000	25.000000	0	0.000000	0.000000	0.000000	0	0	0	
216812	1673	0.140000	7.180000	5.020000	1.080000	0.360000	59.000000	25.000000	0	0.000000	0.000000	0.000000	0	0	0	
217031	1665	0.140000	7.140000	5.060000	1.070000	0.370000	59.000000	25.000000	0	0.000000	0.000000	0.000000	0	0	0	
217312	1655	0.140000	7.220000	5.070000	1.070000	0.370000	59.000000	25.000000	0	0.000000	0.000000	0.000000	0	0	0	
217500	1666	0.140000	7.080000	4.960000	1.060000	0.370000	59.000000	25.000000	0	0.000000	0.000000	0.000000	0	0	0	
217703	1668	0.140000	7.320000	5.140000	1.080000	0.360000	59.000000	25.000000	0	0.000000	0.000000	0.000000	0	0	0	
217922	1660	0.140000	7.210000	5.080000	1.080000	0.360000	59.000000	25.000000	0	0.000000	0.000000	0.000000	0	0	0	
218125	1660	0.140000	7.190000	5.080000	1.070000	0.360000	59.000000	25.000000	0	0.000000	0.000000	0.000000	0	0	0	
218312	1647	0.140000	7.340000	5.190000	1.060000	0.370000	59.000000	25.000000	230	0.000000	0.000000	0.000000	0	0	0	
218500	1645	0.140000	7.220000	5.090000	1.070000	0.370000	59.000000	25.000000	254	0.000000	0.000000	0.000000	0	0	0	
218734	1649	0.140000	7.270000	5.130000	1.080000	0.360000	59.000000	25.000000	0	0.000000	0.000000	0.000000	0	0	0	
218937	1640	0.140000	7.260000	5.120000	1.060000	0.370000	59.000000	25.000000	254	0.000000	0.000000	0.000000	0	0	0	
219156	1649	0.140000	7.290000	5.150000	1.070000	0.370000	59.000000	25.000000	0	0.000000	0.000000	0.000000	0	0	0	
219390	1639	0.140000	7.310000	5.160000	1.070000	0.370000	59.000000	25.000000	0	0.000000	0.000000	0.000000	0	0	0	
219593	1638	0.140000	7.240000	5.110000	1.080000	0.370000	59.000000	25.000000	0	0.000000	0.000000	0.000000	0	0	0	
219812	1633	0.140000	7.330000	5.170000	1.070000	0.370000	59.000000	25.000000	0	0.000000	0.000000	0.000000	0	0	0	
220000	1644	0.140000	7.380000	5.200000	1.070000	0.370000	59.000000	25.000000	0	0.000000	0.000000	0.000000	0	0	0	
220203	1630	0.140000	7.240000	5.130000	1.070000	0.370000	59.000000	25.000000	0	0.000000	0.000000	0.000000	0	0	0	
220422	1634	0.140000	7.330000	5.200000	1.070000	0.370000	59.000000	25.000000	254	0.000000	0.000000	0.000000	0	0	0	
220609	1636	0.140000	7.300000	5.140000	1.060000	0.370000	59.000000	25.000000	0	0.000000	0.000000	0.000000	0	0	0	
220797	1623	0.140000	7.360000	5.190000	1.070000	0.370000	59.000000	25.000000	0	0.000000	0.000000	0.000000	0	0	0	
221000	1623	0.140000	7.370000	5.270000	1.070000	0.370000	59.000000	25.000000	254	0.000000	0.000000	0.000000	0	0	0	
221234	1623	0.140000	7.350000	5.180000	1.070000	0.370000	59.000000	25.000000	0	0.000000	0.000000	0.000000	0	0	0	
221500	1632	0.140000	7.410000	5.230000	1.060000	0.380000	59.000000	25.000000	0	0.000000	0.000000	0.000000	0	0	0	
221687	1615	0.140000	7.380000	5.210000	1.070000	0.370000	59.000000	25.000000	234	0.000000	0.000000	0.000000	0	0	0	
221906	1615	0.140000	7.420000	5.240000	1.080000	0.370000	59.000000	25.000000	34	0.000000	0.000000	0.000000	0	0	0	
222093	1625	0.140000	7.370000	5.200000	1.070000	0.380000	59.000000	25.000000	3	0.000000	0.000000	0.000000	0	0	0	
222281	1614	0.140000	7.380000	5.210000	1.060000	0.380000	59.000000	25.000000	0	0.000000	0.000000	0.000000	0	0	0	
222484	1603	0.140000	7.420000	5.300000	1.070000	0.380000	59.000000	25.000000	0	0.000000	0.000000	0.000000	0	0	0	
222703	1610	0.140000	7.350000	5.260000	1.060000	0.380000	59.000000	25.000000	14	0.000000	0.000000	0.000000	0	0	0	
222906	1594	0.140000	7.440000	5.360000	1.060000	0.370000	59.000000	25.000000	243	0.000000	0.000000	0.000000	0	0	0	
223093	1598	0.140000	7.440000	5.350000	1.070000	0.370000	59.000000	25.000000	0	0.000000	0.000000	0.000000	0	0	0	
223312	1605	0.140000	7.410000	5.300000	1.070000	0.380000	59.000000	25.000000	0	0.000000	0.000000	0.000000	0	0	0	
223500	1592	0.140000	7.460000	5.380000	1.080000	0.380000	59.000000	25.000000	0	0.000000	0.000000	0.000000	0	0	0	
223687	1581	0.140000	7.380000	5.280000	1.070000	0.370000	59.000000	25.000000	0	0.000000	0.000000	0.000000	0	0	0	
223875	1583	0.140000	7.360000	5.310000	1.070000	0.380000	59.000000	25.000000	0	0.000000	0.000000	0.000000	0	0	0	
224078	1583	0.140000	7.430000	5.340000	1.060000	0.380000	59.000000	25.000000	1	0.000000	0.000000	0.000000	0	0	0	
224281	1572	0.140000	7.350000	5.270000	1.080000	0.370000	59.000000	25.000000	254	0.000000	0.000000	0.000000	0	0	0	
224500	1586	0.140000	7.430000	5.370000	1.080000	0.380000	59.000000	25.000000	0	0.000000	0.000000	0.000000	0	0	0	
224703	1572	0.140000	7.450000	5.360000	1.050000	0.380000	59.000000	25.000000	0	0.000000	0.000000	0.000000	0	0	0	
224890	1560	0.140000	7.550000	5.430000	1.080000	0.380000	59.000000	25.000000	12	0.000000	0.000000	0.000000	0	0	0	
225109	1572	0.140000	7.520000	5.420000	1.080000	0.380000	59.000000	25.000000	9	0.000000	0.000000	0.000000	0	0	0	
225297	1563	0.140000	7.440000	5.350000	1.070000	0.380000	59.000000	25.000000	0	0.000000	0.000000	0.000000	0	0	0	
225593	1568	0.140000	7.610000	5.490000	1.070000	0.390000	59.000000	25.000000	0	0.000000	0.000000	0.000000	0	0	0	
225797	1557	0.140000	7.510000	5.420000	1.070000	0.390000	59.000000	25.000000	2	0.000000	0.000000	0.000000	0	0	0	
225984	1545	0.140000	7.680000	5.550000	1.080000	0.380000	59.000000	25.000000	254	0.000000	0.000000	0.000000	0	0	0	
226203	1558	0.140000	7.580000	5.480000	1.080000	0.380000	59.000000	25.000000	0	0.000000	0.000000	0.000000	0	0	0	
226437	1533	0.140000	7.660000	5.530000	1.070000	0.390000	59.000000	25.000000	41	0.000000	0.000000	0.000000	0	0	0	
226625	1535	0.140000	7.640000	5.510000	1.070000	0.390000	59.000000	25.000000	254	0.000000	0.000000	0.000000	0	0	0	
226828	1547	0.140000	7.660000	5.560000	1.090000	0.380000	59.000000	25.000000	5	0.000000	0.000000	0.000000	0	0	0	
227031	1536	0.140000	7.750000	5.590000	1.080000	0.400000	59.000000	25.000000	0	0.000000	0.000000	0.000000	0	0	0	
227218	1521	0.140000	7.990000	5.830000	1.050000	0.420000	59.000000	25.000000	246	0.000000	0.000000	0.000000	0	0	0	
227437	1538	0.140000	8.330000	6.130000	1.080000	0.420000	59.000000	25.000000	0	0.000000	0.000000	0.000000	0	0	0	
227625	1518	0.140000	8.220000	6.060000	1.080000	0.420000	59.000000	24.000000	0	0.000000	0.000000	0.000000	0	0	0	
227828	1502	0.140000	8.350000	6.170000	1.070000	0.430000	59.000000	25.000000	253	0.000000	0.000000	0.000000	0	0	0	
228031	1515	0.140000	8.280000	6.110000	1.070000	0.430000	59.000000	24.000000	254	0.000000	0.000000	0.000000	0	0	0	
228250	1528	0.140000	8.250000	6.060000	1.070000	0.440000	59.000000	25.000000	0	0.000000	0.000000	0.000000	0	0	0	
228468	1508	0.140000	8.260000	6.060000	1.060000	0.440000	59.000000	24.000000	178	0.000000	0.000000	0.000000	0	0	0	
228703	1516	0.140000	8.860000	6.600000	1.050000	0.470000	59.000000	24.000000	0	0.000000	0.000000	0.000000	0	0	0	
228906	1498	0.140000	10.240000	7.610000	1.070000	0.520000	59.000000	24.000000	0	0.000000	0.000000	0.000000	0	0	0	
229109	1489	0.140000	10.210000	7.710000	1.070000	0.560000	59.000000	24.000000	0	0.000000	0.000000	0.000000	0	0	0	
229297	1505	0.140000	10.530000	7.970000	1.070000	0.580000	59.000000	24.000000	0	0.000000	0.000000	0.000000	0	0	0	
229515	1514	0.140000	11.080000	8.510000	1.060000	0.610000	59.000000	24.000000	0	0.000000	0.000000	0.000000	0	0	0	
229781	1520	0.140000	11.030000	8.410000	1.070000	0.610000	59.000000	24.000000	0	0.000000	0.000000	0.000000	0	0	0	
229984	1529	0.140000	11.100000	8.560000	1.080000	0.610000	59.000000	24.000000	0	0.000000	0.000000	0.000000	0	0	0	
230203	1517	0.140000	11.030000	8.470000	1.070000	0.610000	59.000000	24.000000	0	0.000000	0.000000	0.000000	0	0	0	
230390	1519	0.140000	11.090000	8.420000	1.050000	0.620000	59.000000	24.000000	0	0.000000	0.000000	0.000000	0	0	0	
230578	1538	0.140000	11.010000	8.510000	1.050000	0.620000	59.000000	24.000000	0	0.000000	0.000000	0.000000	0	0	0	
230781	1550	0.140000	10.900000	8.320000	1.080000	0.610000	59.000000	24.000000	0	0.000000	0.000000	0.000000	0	0	0	
231000	1535	0.140000	10.880000	8.530000	1.060000	0.610000	59.000000	24.000000	0	0.000000	0.000000	0.000000	0	0	0	
231187	1537	0.140000	11.020000	8.400000	1.060000	0.610000	59.000000	24.000000	0	0.000000	0.000000	0.000000	0	0	0	
231390	1562	0.140000	10.960000	8.380000	1.070000	0.610000	59.000000	24.000000	0	0.000000	0.000000	0.000000	0	0	0	
231578	1547	0.140000	10.890000	8.350000	1.070000	0.600000	59.000000	24.000000	0	0.000000	0.000000	0.000000	0	0	0	
231781	1548	0.140000	10.770000	8.100000	1.070000	0.590000	59.000000	24.000000	0	0.000000	0.000000	0.000000	0	0	0	
231984	1560	0.140000	10.750000	8.120000	1.070000	0.580000	59.000000	24.000000	0	0.000000	0.000000	0.000000	0	0	0	
232203	1557	0.140000	10.100000	7.580000	1.070000	0.550000	59.000000	24.000000	0	0.000000	0.000000	0.000000	0	0	0	
232422	1547	0.140000	9.140000	6.870000	1.090000	0.520000	59.000000	24.000000	0	0.000000	0.000000	0.000000	0	0	0	
232609	1558	0.140000	8.830000	6.640000	1.080000	0.490000	59.000000	24.000000	0	0.000000	0.000000	0.000000	0	0	0	
232828	1564	0.140000	8.670000	6.460000	1.070000	0.470000	59.000000	24.000000	0	0.000000	0.000000	0.000000	0	0	0	
233031	1550	0.140000	8.540000	6.350000	1.080000	0.460000	59.000000	24.000000	243	0.000000	0.000000	0.000000	0	0	0	
233218	1548	0.140000	8.410000	6.230000	1.070000	0.450000	59.000000	24.000000	0	0.000000	0.000000	0.000000	0	0	0	
233422	1571	0.140000	8.050000	5.920000	1.070000	0.430000	59.000000	24.000000	0	0.000000	0.000000	0.000000	0	0	0	
233640	1547	0.140000	6.800000	4.760000	1.090000	0.360000	59.000000	24.000000	247	0.000000	0.000000	0.000000	0	0	0	
233906	1563	0.140000	6.720000	4.580000	1.060000	0.340000	59.000000	24.000000	0	0.000000	0.000000	0.000000	0	0	0	
234109	1553	0.140000	6.430000	4.390000	1.070000	0.340000	59.000000	24.000000	0	0.000000	0.000000	0.000000	0	0	0	
234297	1539	0.140000	6.280000	4.270000	1.070000	0.330000	59.000000	24.000000	254	0.000000	0.000000	0.000000	0	0	0	
234500	1538	0.140000	5.930000	3.990000	1.080000	0.300000	59.000000	24.000000	254	0.000000	0.000000	0.000000	0	0	0	
234703	1535	0.140000	5.770000	3.840000	1.070000	0.310000	59.000000	24.000000	190	0.000000	0.000000	0.000000	0	0	0	
234890	1529	0.140000	5.790000	3.860000	1.060000	0.310000	59.000000	24.000000	245	0.000000	0.000000	0.000000	0	0	0	
235078	1517	0.140000	5.700000	3.760000	1.070000	0.310000	59.000000	24.000000	254	0.000000	0.000000	0.000000	0	0	0	
235281	1519	0.140000	5.730000	3.800000	1.070000	0.300000	59.000000	24.000000	247	0.000000	0.000000	0.000000	0	0	0	
235500	1512	0.140000	5.710000	3.770000	1.080000	0.310000	59.000000	24.000000	86	0.000000	0.000000	0.000000	0	0	0	
235718	1502	0.140000	5.700000	3.760000	1.080000	0.310000	59.000000	24.000000	254	0.000000	0.000000	0.000000	0	0	0	
235922	1503	0.140000	5.590000	3.650000	1.070000	0.320000	59.000000	24.000000	254	0.000000	0.000000	0.000000	0	0	0	
236109	1498	0.140000	5.520000	3.660000	1.090000	0.310000	59.000000	24.000000	254	0.000000	0.000000	0.000000	0	0	0	
236328	1495	0.140000	5.650000	3.760000	1.080000	0.320000	60.000000	24.000000	10	0.000000	0.000000	0.000000	0	0	0	
236515	1490	0.140000	5.690000	3.770000	1.070000	0.330000	59.000000	24.000000	10	0.000000	0.000000	0.000000	0	0	0	
236703	1488	0.140000	5.700000	3.770000	1.070000	0.320000	59.000000	24.000000	0	0.000000	0.000000	0.000000	0	0	0	
236906	1485	0.140000	5.790000	3.840000	1.080000	0.330000	59.000000	24.000000	81	0.000000	0.000000	0.000000	0	0	0	
237109	1475	0.140000	5.720000	3.810000	1.080000	0.330000	60.000000	24.000000	0	0.000000	0.000000	0.000000	0	0	0	
237312	1470	0.140000	5.910000	3.930000	1.070000	0.340000	60.000000	24.000000	254	0.000000	0.000000	0.000000	0	0	0	
237515	1469	0.140000	5.950000	4.040000	1.080000	0.340000	60.000000	24.000000	254	0.000000	0.000000	0.000000	0	0	0	
237718	1472	0.140000	5.950000	4.030000	1.080000	0.340000	60.000000	24.000000	3	0.000000	0.000000	0.000000	0	0	0	
238047	1466	0.140000	6.260000	4.280000	1.070000	0.340000	60.000000	24.000000	18	0.000000	0.000000	0.000000	0	0	0	
238250	1463	0.140000	6.210000	4.240000	1.070000	0.340000	60.000000	24.000000	0	0.000000	0.000000	0.000000	0	0	0	
238484	1446	0.140000	6.450000	4.400000	1.070000	0.350000	60.000000	24.000000	254	0.000000	0.000000	0.000000	0	0	0	
238703	1463	0.140000	6.390000	4.360000	1.080000	0.340000	60.000000	24.000000	0	0.000000	0.000000	0.000000	0	0	0	
238937	1439	0.140000	6.540000	4.510000	1.070000	0.350000	60.000000	24.000000	247	0.000000	0.000000	0.000000	0	0	0	
239156	1446	0.140000	6.710000	4.640000	1.080000	0.360000	60.000000	24.000000	1	0.000000	0.000000	0.000000	0	0	0	
239343	1448	0.140000	6.820000	4.780000	1.070000	0.380000	60.000000	24.000000	0	0.000000	0.000000	0.000000	0	0	0	
239578	1449	0.140000	7.110000	5.000000	1.080000	0.380000	60.000000	24.000000	0	0.000000	0.000000	0.000000	0	0	0	
239797	1430	0.140000	7.120000	5.010000	1.060000	0.380000	60.000000	24.000000	254	0.000000	0.000000	0.000000	0	0	0	
239984	1443	0.140000	7.230000	5.130000	1.080000	0.380000	60.000000	24.000000	254	0.000000	0.000000	0.000000	0	0	0	
240187	1453	0.140000	7.260000	5.130000	1.080000	0.370000	60.000000	24.000000	0	0.000000	0.000000	0.000000	0	0	0	
240375	1565	0.140000	7.050000	4.940000	1.070000	0.340000	60.000000	24.000000	254	0.000000	0.000000	0.000000	0	0	0	
240578	1391	0.140000	0.000000	0.000000	1.110000	0.340000	60.000000	24.000000	0	0.000000	0.000000	0.000000	0	0	0	
240812	1123	0.140000	6.510000	4.570000	1.080000	0.360000	60.000000	24.000000	0	0.000000	0.000000	0.000000	0	0	0	
241031	1015	0.140000	7.000000	4.990000	1.090000	0.380000	60.000000	24.000000	0	0.000000	0.000000	0.000000	0	0	0	
241234	1091	0.140000	7.010000	5.070000	1.080000	0.380000	60.000000	24.000000	0	0.000000	0.000000	0.000000	0	0	0	
241453	1374	0.140000	7.010000	4.990000	1.090000	0.360000	60.000000	24.000000	0	0.000000	0.000000	0.000000	0	0	0	
241640	1774	0.140000	6.230000	4.180000	1.070000	0.340000	60.000000	24.000000	0	0.000000	0.000000	0.000000	0	0	0	
241843	1951	0.140000	5.820000	3.760000	1.070000	0.300000	60.000000	24.000000	0	0.000000	0.000000	0.000000	0	0	0	
242031	1844	0.140000	5.680000	3.650000	1.070000	0.290000	60.000000	24.000000	152	0.000000	0.000000	0.000000	0	0	0	
242312	1886	0.140000	5.600000	3.590000	1.080000	0.290000	60.000000	24.000000	0	0.000000	0.000000	0.000000	0	0	0	
242531	1881	0.140000	5.480000	3.480000	1.060000	0.290000	60.000000	24.000000	0	0.000000	0.000000	0.000000	0	0	0	
242718	1860	0.140000	5.370000	3.420000	1.070000	0.290000	60.000000	24.000000	0	0.000000	0.000000	0.000000	0	0	0	
242922	1853	0.140000	5.360000	3.400000	1.090000	0.280000	60.000000	24.000000	0	0.000000	0.000000	0.000000	0	0	0	
243109	1854	0.140000	5.390000	3.430000	1.080000	0.290000	60.000000	24.000000	0	0.000000	0.000000	0.000000	0	0	0	
243328	1865	0.140000	5.350000	3.400000	1.080000	0.290000	60.000000	24.000000	0	0.000000	0.000000	0.000000	0	0	0	
243515	1855	0.140000	5.340000	3.400000	1.080000	0.290000	60.000000	24.000000	0	0.000000	0.000000	0.000000	0	0	0	
243718	1843	0.140000	5.390000	3.430000	1.080000	0.290000	60.000000	24.000000	0	0.000000	0.000000	0.000000	0	0	0	
243922	1855	0.140000	5.570000	3.530000	1.070000	0.300000	60.000000	24.000000	0	0.000000	0.000000	0.000000	0	0	0	
244156	1864	0.140000	5.540000	3.540000	1.080000	0.310000	60.000000	24.000000	0	0.000000	0.000000	0.000000	0	0	0	
244359	1833	0.140000	5.600000	3.600000	1.080000	0.310000	60.000000	24.000000	0	0.000000	0.000000	0.000000	0	0	0	
244547	1849	0.140000	5.750000	3.690000	1.060000	0.310000	60.000000	24.000000	0	0.000000	0.000000	0.000000	0	0	0	
244765	1844	0.140000	5.790000	3.740000	1.070000	0.320000	60.000000	24.000000	0	0.000000	0.000000	0.000000	0	0	0	
244953	1833	0.140000	5.680000	3.690000	1.070000	0.320000	60.000000	24.000000	0	0.000000	0.000000	0.000000	0	0	0	
245187	1839	0.140000	5.840000	3.800000	1.060000	0.320000	60.000000	24.000000	0	0.000000	0.000000	0.000000	0	0	0	
245390	1839	0.140000	5.790000	3.760000	1.070000	0.320000	60.000000	24.000000	0	0.000000	0.000000	0.000000	0	0	0	
245593	1834	0.140000	5.780000	3.770000	1.080000	0.320000	60.000000	24.000000	0	0.000000	0.000000	0.000000	0	0	0	
245797	1837	0.140000	5.850000	3.810000	1.080000	0.320000	60.000000	24.000000	0	0.000000	0.000000	0.000000	0	0	0	
245984	1836	0.140000	5.790000	3.770000	1.070000	0.320000	60.000000	24.000000	137	0.000000	0.000000	0.000000	0	0	0	
246203	1835	0.140000	5.790000	3.760000	1.070000	0.320000	60.000000	24.000000	0	0.000000	0.000000	0.000000	0	0	0	
246468	1841	0.140000	5.850000	3.820000	1.080000	0.310000	60.000000	24.000000	0	0.000000	0.000000	0.000000	0	0	0	
246687	1839	0.140000	5.790000	3.730000	1.070000	0.310000	60.000000	24.000000	70	0.000000	0.000000	0.000000	0	0	0	
246906	1837	0.140000	5.790000	3.760000	1.070000	0.320000	60.000000	24.000000	0	0.000000	0.000000	0.000000	0	0	0	
247093	1843	0.140000	5.830000	3.770000	1.070000	0.320000	60.000000	24.000000	0	0.000000	0.000000	0.000000	0	0	0	
247281	1843	0.140000	5.770000	3.720000	1.060000	0.320000	60.000000	24.000000	0	0.000000	0.000000	0.000000	0	0	0	
247468	1839	0.140000	5.860000	3.780000	1.070000	0.320000	60.000000	24.000000	0	0.000000	0.000000	0.000000	0	0	0	
247672	1845	0.140000	5.800000	3.750000	1.070000	0.310000	60.000000	24.000000	0	0.000000	0.000000	0.000000	0	0	0	
247875	1844	0.140000	5.700000	3.670000	1.070000	0.310000	60.000000	24.000000	0	0.000000	0.000000	0.000000	0	0	0	
248078	1841	0.140000	5.750000	3.710000	1.080000	0.310000	60.000000	24.000000	0	0.000000	0.000000	0.000000	0	0	0	
248265	1845	0.140000	5.770000	3.740000	1.070000	0.310000	60.000000	24.000000	0	0.000000	0.000000	0.000000	0	0	0	
248484	1841	0.140000	5.620000	3.600000	1.080000	0.300000	60.000000	24.000000	0	0.000000	0.000000	0.000000	0	0	0	
248687	1823	0.140000	5.470000	3.500000	1.080000	0.300000	60.000000	24.000000	0	0.000000	0.000000	0.000000	0	0	0	
248875	1827	0.140000	5.450000	3.470000	1.080000	0.290000	60.000000	24.000000	0	0.000000	0.000000	0.000000	0	0	0	
249078	1841	0.140000	5.360000	3.390000	1.080000	0.290000	60.000000	24.000000	0	0.000000	0.000000	0.000000	0	0	0	
249265	1836	0.140000	5.360000	3.400000	1.080000	0.290000	60.000000	24.000000	0	0.000000	0.000000	0.000000	0	0	0	
249453	1842	0.140000	5.390000	3.430000	1.080000	0.290000	60.000000	24.000000	0	0.000000	0.000000	0.000000	0	0	0	
249656	1832	0.140000	5.310000	3.380000	1.080000	0.290000	60.000000	24.000000	0	0.000000	0.000000	0.000000	0	0	0	
249875	1825	0.140000	5.340000	3.390000	1.080000	0.290000	60.000000	24.000000	0	0.000000	0.000000	0.000000	0	0	0	
250078	1827	0.140000	5.380000	3.430000	1.070000	0.290000	60.000000	24.000000	0	0.000000	0.000000	0.000000	0	0	0	
250281	1835	0.140000	5.350000	3.400000	1.080000	0.290000	60.000000	24.000000	0	0.000000	0.000000	0.000000	0	0	0	
250562	1828	0.140000	5.350000	3.400000	1.070000	0.300000	60.000000	24.000000	0	0.000000	0.000000	0.000000	0	0	0	
250765	1832	0.140000	5.380000	3.440000	1.070000	0.300000	60.000000	24.000000	0	0.000000	0.000000	0.000000	0	0	0	
250968	1825	0.140000	5.370000	3.400000	1.070000	0.300000	60.000000	24.000000	0	0.000000	0.000000	0.000000	0	0	0	
251156	1833	0.140000	5.450000	3.480000	1.080000	0.300000	60.000000	24.000000	0	0.000000	0.000000	0.000000	0	0	0	
251390	1832	0.140000	5.590000	3.590000	1.070000	0.310000	60.000000	24.000000	0	0.000000	0.000000	0.000000	0	0	0	
251593	1831	0.140000	5.650000	3.660000	1.070000	0.330000	60.000000	24.000000	0	0.000000	0.000000	0.000000	0	0	0	
251797	1832	0.140000	5.850000	3.830000	1.080000	0.320000	60.000000	24.000000	0	0.000000	0.000000	0.000000	0	0	0	
251984	1829	0.140000	5.890000	3.870000	1.080000	0.320000	60.000000	24.000000	0	0.000000	0.000000	0.000000	0	0	0	
252172	1835	0.140000	5.880000	3.860000	1.070000	0.320000	60.000000	24.000000	0	0.000000	0.000000	0.000000	0	0	0	
252375	1840	0.140000	5.900000	3.890000	1.080000	0.320000	60.000000	24.000000	0	0.000000	0.000000	0.000000	0	0	0	
252593	1840	0.140000	5.860000	3.840000	1.070000	0.320000	60.000000	24.000000	0	0.000000	0.000000	0.000000	0	0	0	
252812	1848	0.140000	5.860000	3.800000	1.070000	0.310000	60.000000	24.000000	0	0.000000	0.000000	0.000000	0	0	0	
253031	1848	0.140000	5.900000	3.860000	1.070000	0.310000	60.000000	24.000000	0	0.000000	0.000000	0.000000	0	0	0	
253234	1857	0.140000	5.860000	3.800000	1.070000	0.310000	60.000000	24.000000	0	0.000000	0.000000	0.000000	0	0	0	
253422	1854	0.140000	5.890000	3.870000	1.070000	0.320000	60.000000	24.000000	0	0.000000	0.000000	0.000000	0	0	0	
253625	1864	0.140000	6.050000	4.010000	1.080000	0.320000	60.000000	24.000000	0	0.000000	0.000000	0.000000	0	0	0	
253828	1867	0.140000	6.150000	4.070000	1.070000	0.330000	60.000000	24.000000	0	0.000000	0.000000	0.000000	0	0	0	
254047	1878	0.140000	6.200000	4.170000	1.070000	0.330000	60.000000	24.000000	0	0.000000	0.000000	0.000000	0	0	0	
254250	1881	0.140000	6.380000	4.280000	1.080000	0.330000	60.000000	24.000000	0	0.000000	0.000000	0.000000	0	0	0	
254453	1876	0.140000	6.360000	4.260000	1.070000	0.330000	60.000000	24.000000	0	0.000000	0.000000	0.000000	0	0	0	
254734	1898	0.140000	6.260000	4.220000	1.080000	0.330000	60.000000	24.000000	0	0.000000	0.000000	0.000000	0	0	0	
254922	1901	0.140000	6.360000	4.300000	1.070000	0.330000	60.000000	24.000000	0	0.000000	0.000000	0.000000	0	0	0	
255125	1903	0.140000	6.310000	4.240000	1.070000	0.340000	60.000000	24.000000	0	0.000000	0.000000	0.000000	0	0	0	
255328	1903	0.140000	6.240000	4.210000	1.070000	0.340000	60.000000	24.000000	0	0.000000	0.000000	0.000000	0	0	0	
255531	1915	0.140000	6.310000	4.230000	1.070000	0.330000	60.000000	24.000000	0	0.000000	0.000000	0.000000	0	0	0	
255734	1923	0.140000	6.220000	4.160000	1.070000	0.330000	60.000000	24.000000	0	0.000000	0.000000	0.000000	0	0	0	
255922	1925	0.140000	5.880000	3.820000	1.070000	0.290000	60.000000	24.000000	0	0.000000	0.000000	0.000000	0	0	0	
256156	1906	0.140000	5.510000	3.510000	1.070000	0.280000	60.000000	24.000000	83	0.000000	0.000000	0.000000	0	0	0	
256343	1964	0.140000	5.250000	3.320000	1.080000	0.270000	60.000000	24.000000	0	0.000000	0.000000	0.000000	0	0	0	
256531	1915	0.140000	4.840000	3.080000	1.070000	0.260000	60.000000	24.000000	0	0.000000	0.000000	0.000000	0	0	0	
256718	1949	0.140000	4.690000	3.030000	1.070000	0.260000	60.000000	24.000000	0	0.000000	0.000000	0.000000	0	0	0	
256953	1953	0.140000	4.680000	2.970000	1.090000	0.260000	60.000000	24.000000	1	0.000000	0.000000	0.000000	0	0	0	
257140	1945	0.140000	4.630000	2.920000	1.070000	0.270000	60.000000	24.000000	0	0.000000	0.000000	0.000000	0	0	0	
257343	1956	0.140000	4.630000	2.920000	1.070000	0.260000	60.000000	24.000000	0	0.000000	0.000000	0.000000	0	0	0	
257547	1947	0.140000	4.580000	2.890000	1.070000	0.260000	60.000000	24.000000	0	0.000000	0.000000	0.000000	0	0	0	
257734	1950	0.140000	4.630000	2.930000	1.070000	0.270000	60.000000	24.000000	0	0.000000	0.000000	0.000000	0	0	0	
257937	1951	0.140000	4.530000	2.860000	1.090000	0.260000	60.000000	24.000000	0	0.000000	0.000000	0.000000	0	0	0	
258125	1937	0.140000	4.520000	2.860000	1.070000	0.270000	60.000000	24.000000	0	0.000000	0.000000	0.000000	0	0	0	
258312	1933	0.140000	4.600000	2.910000	1.080000	0.260000	60.000000	24.000000	0	0.000000	0.000000	0.000000	0	0	0	
258515	1945	0.140000	4.550000	2.880000	1.080000	0.270000	60.000000	24.000000	0	0.000000	0.000000	0.000000	0	0	0	
258797	1956	0.140000	4.470000	2.830000	1.080000	0.260000	60.000000	24.000000	0	0.000000	0.000000	0.000000	0	0	0	
259000	1949	0.140000	4.660000	2.940000	1.080000	0.270000	60.000000	24.000000	0	0.000000	0.000000	0.000000	0	0	0	
259187	1948	0.140000	4.650000	2.930000	1.080000	0.270000	60.000000	24.000000	0	0.000000	0.000000	0.000000	0	0	0	
259422	1951	0.140000	4.610000	2.910000	1.080000	0.270000	60.000000	24.000000	0	0.000000	0.000000	0.000000	0	0	0	
259672	1957	0.140000	4.680000	2.960000	1.080000	0.270000	60.000000	24.000000	0	0.000000	0.000000	0.000000	0	0	0	
259859	1947	0.140000	0.000000	0.000000	1.110000	0.280000	60.000000	24.000000	0	0.000000	0.000000	0.000000	0	0	0	
260078	1948	0.140000	0.000000	0.000000	1.120000	0.280000	60.000000	24.000000	0	0.000000	0.000000	0.000000	0	0	0	
260265	1942	0.140000	0.000000	0.000000	1.110000	0.290000	60.000000	24.000000	0	0.000000	0.000000	0.000000	0	0	0	
260484	1931	0.140000	0.000000	0.000000	1.120000	0.280000	60.000000	24.000000	0	0.000000	0.000000	0.000000	0	0	0	
260703	1933	0.140000	0.000000	0.000000	1.120000	0.280000	60.000000	24.000000	0	0.000000	0.000000	0.000000	0	0	0	
260922	1924	0.140000	0.000000	0.000000	1.120000	0.280000	60.000000	24.000000	0	0.000000	0.000000	0.000000	0	0	0	
261125	1913	0.140000	0.000000	0.000000	1.110000	0.290000	60.000000	24.000000	0	0.000000	0.000000	0.000000	0	0	0	
261312	1908	0.140000	0.000000	0.000000	1.120000	0.290000	60.000000	24.000000	0	0.000000	0.000000	0.000000	0	0	0	
261500	1902	0.140000	0.000000	0.000000	1.110000	0.280000	60.000000	24.000000	0	0.000000	0.000000	0.000000	0	0	0	
261687	1899	0.140000	0.000000	0.000000	1.110000	0.290000	60.000000	24.000000	0	0.000000	0.000000	0.000000	0	0	0	
261890	1906	0.140000	0.000000	0.000000	1.100000	0.290000	60.000000	24.000000	0	0.000000	0.000000	0.000000	0	0	0	
262078	1897	0.140000	0.000000	0.000000	1.110000	0.280000	60.000000	24.000000	0	0.000000	0.000000	0.000000	0	0	0	
262297	1892	0.140000	0.000000	0.000000	1.100000	0.290000	60.000000	24.000000	0	0.000000	0.000000	0.000000	0	0	0	
262500	1889	0.140000	0.000000	0.000000	1.100000	0.290000	60.000000	24.000000	0	0.000000	0.000000	0.000000	0	0	0	
262687	1886	0.140000	0.000000	0.000000	1.100000	0.290000	60.000000	24.000000	0	0.000000	0.000000	0.000000	0	0	0	
262984	1883	0.140000	0.000000	0.000000	1.090000	0.290000	60.000000	24.000000	0	0.000000	0.000000	0.000000	0	0	0	
263187	1881	0.140000	0.000000	0.000000	1.100000	0.290000	60.000000	24.000000	0	0.000000	0.000000	0.000000	0	0	0	
263375	1879	0.140000	0.000000	0.000000	1.100000	0.300000	60.000000	24.000000	0	0.000000	0.000000	0.000000	0	0	0	
263562	1879	0.140000	0.000000	0.000000	1.100000	0.290000	60.000000	24.000000	0	0.000000	0.000000	0.000000	0	0	0	
263750	1876	0.140000	0.000000	0.000000	1.110000	0.290000	60.000000	24.000000	0	0.000000	0.000000	0.000000	0	0	0	
263968	1878	0.140000	0.000000	0.000000	1.110000	0.290000	60.000000	24.000000	0	0.000000	0.000000	0.000000	0	0	0	
264140	1876	0.140000	0.000000	0.000000	1.100000	0.290000	60.000000	24.000000	0	0.000000	0.000000	0.000000	0	0	0	
264328	1870	0.140000	0.000000	0.000000	1.110000	0.290000	60.000000	24.000000	0	0.000000	0.000000	0.000000	0	0	0	
264515	1861	0.140000	0.000000	0.000000	1.100000	0.300000	60.000000	24.000000	0	0.000000	0.000000	0.000000	0	0	0	
264703	1870	0.140000	6.510000	4.370000	1.050000	0.300000	60.000000	24.000000	0	0.000000	0.000000	0.000000	0	0	0	
264906	1856	0.140000	6.330000	4.230000	1.070000	0.290000	60.000000	24.000000	45	0.000000	0.000000	0.000000	0	0	0	
265109	1897	0.140000	6.850000	4.670000	1.050000	0.320000	60.000000	24.000000	119	0.000000	0.000000	0.000000	0	0	0	
265359	1912	0.140000	7.200000	4.990000	1.050000	0.340000	60.000000	24.000000	102	0.000000	0.000000	0.000000	0	0	0	
265547	1874	0.140000	6.670000	4.550000	1.060000	0.340000	60.000000	24.000000	254	0.000000	0.000000	0.000000	0	0	0	
265765	1914	0.140000	6.730000	4.580000	1.060000	0.340000	60.000000	24.000000	0	0.000000	0.000000	0.000000	0	0	0	
265953	1929	0.140000	6.710000	4.540000	1.070000	0.340000	60.000000	24.000000	0	0.000000	0.000000	0.000000	0	0	0	
266218	1947	0.140000	6.550000	4.440000	1.050000	0.340000	60.000000	24.000000	0	0.000000	0.000000	0.000000	0	0	0	
266437	1949	0.140000	6.380000	4.310000	1.060000	0.340000	60.000000	24.000000	0	0.000000	0.000000	0.000000	0	0	0	
266609	1959	0.140000	6.390000	4.300000	1.060000	0.340000	60.000000	24.000000	0	0.000000	0.000000	0.000000	0	0	0	
266828	1965	0.140000	6.380000	4.240000	1.070000	0.330000	60.000000	24.000000	0	0.000000	0.000000	0.000000	0	0	0	
267093	1984	0.140000	6.200000	4.110000	1.070000	0.330000	60.000000	24.000000	179	0.000000	0.000000	0.000000	0	0	0	
267297	1992	0.140000	6.150000	4.070000	1.060000	0.320000	60.000000	24.000000	0	0.000000	0.000000	0.000000	0	0	0	
267500	2004	0.140000	6.100000	4.010000	1.060000	0.320000	60.000000	24.000000	0	0.000000	0.000000	0.000000	0	0	0	
267703	2014	0.140000	6.000000	3.920000	1.070000	0.310000	60.000000	24.000000	0	0.000000	0.000000	0.000000	0	0	0	
267922	2026	0.140000	5.950000	3.880000	1.060000	0.310000	60.000000	24.000000	0	0.000000	0.000000	0.000000	0	0	0	
268125	2030	0.140000	5.980000	3.910000	1.070000	0.310000	60.000000	24.000000	0	0.000000	0.000000	0.000000	0	0	0	
268328	2045	0.140000	5.950000	3.860000	1.070000	0.310000	60.000000	24.000000	0	0.000000	0.000000	0.000000	0	0	0	
268515	2055	0.140000	5.920000	3.830000	1.070000	0.310000	60.000000	24.000000	0	0.000000	0.000000	0.000000	0	0	0	
268734	2063	0.140000	5.960000	3.870000	1.060000	0.310000	60.000000	24.000000	0	0.000000	0.000000	0.000000	0	0	0	
268953	2074	0.140000	5.920000	3.860000	1.070000	0.310000	60.000000	24.000000	0	0.000000	0.000000	0.000000	0	0	0	
269156	2083	0.140000	5.910000	3.800000	1.050000	0.320000	60.000000	24.000000	0	0.000000	0.000000	0.000000	0	0	0	
269359	2091	0.140000	5.850000	3.750000	1.050000	0.310000	60.000000	24.000000	0	0.000000	0.000000	0.000000	0	0	0	
269547	2097	0.140000	5.860000	3.760000	1.060000	0.310000	60.000000	24.000000	0	0.000000	0.000000	0.000000	0	0	0	
269750	2102	0.140000	5.830000	3.740000	1.060000	0.300000	60.000000	24.000000	0	0.000000	0.000000	0.000000	0	0	0	
269953	2122	0.140000	5.780000	3.690000	1.060000	0.310000	60.000000	24.000000	0	0.000000	0.000000	0.000000	0	0	0	
270140	2122	0.140000	5.740000	3.650000	1.070000	0.300000	60.000000	24.000000	0	0.000000	0.000000	0.000000	0	0	0	
270359	2138	0.140000	5.770000	3.680000	1.060000	0.300000	60.000000	24.000000	0	0.000000	0.000000	0.000000	0	0	0	
270547	2133	0.140000	5.480000	3.460000	1.080000	0.290000	60.000000	24.000000	0	0.000000	0.000000	0.000000	0	0	0	
270750	2103	0.140000	5.040000	3.180000	1.070000	0.270000	60.000000	24.000000	135	0.000000	0.000000	0.000000	0	0	0	
270953	2172	0.140000	4.840000	3.060000	1.070000	0.250000	60.000000	24.000000	0	0.000000	0.000000	0.000000	0	0	0	
271218	2147	0.140000	4.700000	2.950000	1.080000	0.260000	60.000000	24.000000	0	0.000000	0.000000	0.000000	0	0	0	
271437	2126	0.140000	0.000000	0.000000	1.100000	0.250000	60.000000	24.000000	0	0.000000	0.000000	0.000000	0	0	0	
271640	2132	0.140000	0.000000	0.000000	1.110000	0.260000	60.000000	24.000000	0	0.000000	0.000000	0.000000	0	0	0	
271843	2137	0.140000	0.000000	0.000000	1.110000	0.270000	60.000000	24.000000	0	0.000000	0.000000	0.000000	0	0	0	
272062	2125	0.140000	0.000000	0.000000	1.110000	0.270000	60.000000	23.000000	0	0.000000	0.000000	0.000000	0	0	0	
272234	2129	0.140000	0.000000	0.000000	1.110000	0.270000	60.000000	24.000000	0	0.000000	0.000000	0.000000	0	0	0	
272437	2131	0.140000	0.000000	0.000000	1.110000	0.260000	60.000000	23.000000	0	0.000000	0.000000	0.000000	0	0	0	
272625	2132	0.140000	0.000000	0.000000	1.100000	0.260000	60.000000	24.000000	0	0.000000	0.000000	0.000000	0	0	0	
272843	2121	0.140000	0.000000	0.000000	1.110000	0.260000	60.000000	23.000000	0	0.000000	0.000000	0.000000	0	0	0	
273031	2124	0.140000	0.000000	0.000000	1.100000	0.260000	60.000000	23.000000	0	0.000000	0.000000	0.000000	0	0	0	
273250	2116	0.140000	0.000000	0.000000	1.100000	0.270000	60.000000	23.000000	0	0.000000	0.000000	0.000000	0	0	0	
273484	2105	0.140000	0.000000	0.000000	1.110000	0.260000	60.000000	23.000000	0	0.000000	0.000000	0.000000	0	0	0	
273672	2114	0.140000	0.000000	0.000000	1.110000	0.260000	60.000000	24.000000	0	0.000000	0.000000	0.000000	0	0	0	
273859	2097	0.140000	0.000000	0.000000	1.110000	0.260000	60.000000	23.000000	0	0.000000	0.000000	0.000000	0	0	0	
274047	2099	0.140000	0.000000	0.000000	1.100000	0.270000	60.000000	23.000000	0	0.000000	0.000000	0.000000	0	0	0	
274250	2095	0.140000	0.000000	0.000000	1.110000	0.260000	60.000000	23.000000	0	0.000000	0.000000	0.000000	0	0	0	
274437	2096	0.140000	0.000000	0.000000	1.110000	0.260000	60.000000	23.000000	0	0.000000	0.000000	0.000000	0	0	0	
274609	2091	0.140000	0.000000	0.000000	1.110000	0.260000	60.000000	23.000000	0	0.000000	0.000000	0.000000	0	0	0	
274797	2083	0.140000	0.000000	0.000000	1.110000	0.260000	60.000000	23.000000	0	0.000000	0.000000	0.000000	0	0	0	
274968	2082	0.140000	0.000000	0.000000	1.110000	0.260000	60.000000	23.000000	0	0.000000	0.000000	0.000000	0	0	0	
275250	2081	0.140000	0.000000	0.000000	1.110000	0.260000	60.000000	23.000000	0	0.000000	0.000000	0.000000	0	0	0	
275453	2071	0.140000	0.000000	0.000000	1.110000	0.260000	60.000000	23.000000	0	0.000000	0.000000	0.000000	0	0	0	
275640	2067	0.140000	0.000000	0.000000	1.110000	0.260000	60.000000	23.000000	0	0.000000	0.000000	0.000000	0	0	0	
275843	2066	0.140000	0.000000	0.000000	1.110000	0.260000	60.000000	23.000000	0	0.000000	0.000000	0.000000	0	0	0	
276062	2060	0.140000	0.000000	0.000000	1.110000	0.260000	60.000000	23.000000	0	0.000000	0.000000	0.000000	0	0	0	
276250	2058	0.140000	0.000000	0.000000	1.110000	0.260000	60.000000	23.000000	0	0.000000	0.000000	0.000000	0	0	0	
276453	2058	0.140000	0.000000	0.000000	1.110000	0.260000	60.000000	23.000000	0	0.000000	0.000000	0.000000	0	0	0	
276625	2054	0.140000	0.000000	0.000000	1.110000	0.260000	60.000000	23.000000	0	0.000000	0.000000	0.000000	0	0	0	
276812	2052	0.140000	0.000000	0.000000	1.110000	0.260000	60.000000	23.000000	0	0.000000	0.000000	0.000000	0	0	0	
277015	2042	0.140000	0.000000	0.000000	1.110000	0.260000	60.000000	23.000000	0	0.000000	0.000000	0.000000	0	0	0	
277218	2047	0.140000	0.000000	0.000000	1.110000	0.260000	60.000000	23.000000	0	0.000000	0.000000	0.000000	0	0	0	
277406	2044	0.140000	0.000000	0.000000	1.100000	0.270000	60.000000	23.000000	0	0.000000	0.000000	0.000000	0	0	0	
277593	2042	0.140000	0.000000	0.000000	1.110000	0.260000	60.000000	23.000000	0	0.000000	0.000000	0.000000	0	0	0	
277765	2040	0.140000	0.000000	0.000000	1.110000	0.260000	60.000000	23.000000	0	0.000000	0.000000	0.000000	0	0	0	
277953	2035	0.140000	0.000000	0.000000	1.110000	0.260000	60.000000	23.000000	0	0.000000	0.000000	0.000000	0	0	0	
278125	2033	0.140000	0.000000	0.000000	1.110000	0.260000	60.000000	23.000000	0	0.000000	0.000000	0.000000	0	0	0	
278328	2036	0.140000	0.000000	0.000000	1.110000	0.260000	60.000000	23.000000	0	0.000000	0.000000	0.000000	0	0	0	
278515	2036	0.140000	0.000000	0.000000	1.110000	0.260000	60.000000	23.000000	0	0.000000	0.000000	0.000000	0	0	0	
278718	2033	0.140000	0.000000	0.000000	1.110000	0.260000	60.000000	23.000000	0	0.000000	0.000000	0.000000	0	0	0	
278906	2030	0.140000	0.000000	0.000000	1.110000	0.260000	60.000000	23.000000	0	0.000000	0.000000	0.000000	0	0	0	
279203	2030	0.140000	0.000000	0.000000	1.110000	0.260000	60.000000	23.000000	0	0.000000	0.000000	0.000000	0	0	0	
279390	2026	0.140000	0.000000	0.000000	1.110000	0.260000	60.000000	23.000000	0	0.000000	0.000000	0.000000	0	0	0	
279578	2024	0.140000	0.000000	0.000000	1.100000	0.270000	60.000000	23.000000	0	0.000000	0.000000	0.000000	0	0	0	
279781	2026	0.140000	0.000000	0.000000	1.110000	0.260000	60.000000	23.000000	0	0.000000	0.000000	0.000000	0	0	0	
279953	2025	0.140000	0.000000	0.000000	1.110000	0.260000	60.000000	23.000000	0	0.000000	0.000000	0.000000	0	0	0	
280140	2022	0.140000	0.000000	0.000000	1.110000	0.260000	60.000000	23.000000	0	0.000000	0.000000	0.000000	0	0	0	
280359	2015	0.140000	0.000000	0.000000	1.110000	0.260000	60.000000	23.000000	0	0.000000	0.000000	0.000000	0	0	0	
280531	2012	0.140000	0.000000	0.000000	1.110000	0.260000	60.000000	23.000000	0	0.000000	0.000000	0.000000	0	0	0	
280750	2016	0.140000	0.000000	0.000000	1.110000	0.260000	60.000000	23.000000	0	0.000000	0.000000	0.000000	0	0	0	
280968	2014	0.140000	0.000000	0.000000	1.110000	0.260000	60.000000	23.000000	0	0.000000	0.000000	0.000000	0	0	0	
281125	2008	0.140000	0.000000	0.000000	1.110000	0.260000	60.000000	23.000000	0	0.000000	0.000000	0.000000	0	0	0	
281328	2004	0.140000	0.000000	0.000000	1.110000	0.260000	60.000000	23.000000	0	0.000000	0.000000	0.000000	0	0	0	
281531	2005	0.140000	0.000000	0.000000	1.110000	0.260000	60.000000	23.000000	0	0.000000	0.000000	0.000000	0	0	0	
281734	2007	0.140000	0.000000	0.000000	1.110000	0.260000	60.000000	23.000000	0	0.000000	0.000000	0.000000	0	0	0	
281922	2003	0.140000	0.000000	0.000000	1.110000	0.270000	60.000000	23.000000	0	0.000000	0.000000	0.000000	0	0	0	
282125	1994	0.140000	0.000000	0.000000	1.110000	0.260000	60.000000	23.000000	0	0.000000	0.000000	0.000000	0	0	0	
282297	1992	0.140000	0.000000	0.000000	1.100000	0.270000	60.000000	23.000000	0	0.000000	0.000000	0.000000	0	0	0	
282484	1990	0.140000	0.000000	0.000000	1.110000	0.260000	60.000000	23.000000	0	0.000000	0.000000	0.000000	0	0	0	
282687	1996	0.140000	0.000000	0.000000	1.110000	0.260000	60.000000	23.000000	0	0.000000	0.000000	0.000000	0	0	0	
282890	1990	0.140000	0.000000	0.000000	1.100000	0.260000	60.000000	23.000000	0	0.000000	0.000000	0.000000	0	0	0	
283156	1989	0.140000	0.000000	0.000000	1.100000	0.260000	60.000000	23.000000	0	0.000000	0.000000	0.000000	0	0	0	
283343	1989	0.140000	0.000000	0.000000	1.100000	0.270000	60.000000	23.000000	0	0.000000	0.000000	0.000000	0	0	0	
283578	1978	0.140000	0.000000	0.000000	1.100000	0.270000	60.000000	23.000000	0	0.000000	0.000000	0.000000	0	0	0	
283781	1973	0.140000	0.000000	0.000000	1.100000	0.270000	60.000000	23.000000	0	0.000000	0.000000	0.000000	0	0	0	
283984	1974	0.140000	0.000000	0.000000	1.100000	0.270000	60.000000	23.000000	0	0.000000	0.000000	0.000000	0	0	0	
284187	1979	0.140000	0.000000	0.000000	1.100000	0.270000	60.000000	23.000000	0	0.000000	0.000000	0.000000	0	0	0	
284359	1976	0.140000	0.000000	0.000000	1.100000	0.270000	60.000000	23.000000	0	0.000000	0.000000	0.000000	0	0	0	
284578	1963	0.140000	0.000000	0.000000	1.100000	0.280000	60.000000	23.000000	0	0.000000	0.000000	0.000000	0	0	0	
284750	1964	0.140000	0.000000	0.000000	1.100000	0.270000	60.000000	23.000000	0	0.000000	0.000000	0.000000	0	0	0	
284984	1977	0.140000	6.050000	3.910000	1.050000	0.270000	60.000000	23.000000	0	0.000000	0.000000	0.000000	0	0	0	
285172	1986	0.140000	5.820000	3.720000	1.050000	0.250000	60.000000	23.000000	0	0.000000	0.000000	0.000000	0	0	0	
285375	1994	0.140000	5.660000	3.580000	1.060000	0.250000	60.000000	23.000000	0	0.000000	0.000000	0.000000	0	0	0	
285578	1990	0.140000	5.580000	3.500000	1.060000	0.250000	60.000000	23.000000	0	0.000000	0.000000	0.000000	0	0	0	
285797	1995	0.140000	4.970000	3.100000	1.070000	0.250000	60.000000	23.000000	0	0.000000	0.000000	0.000000	0	0	0	
286000	2004	0.140000	4.880000	3.090000	1.070000	0.240000	60.000000	23.000000	170	0.000000	0.000000	0.000000	0	0	0	
286187	2005	0.140000	4.990000	3.150000	1.070000	0.250000	60.000000	23.000000	167	0.000000	0.000000	0.000000	0	0	0	
286406	2010	0.140000	5.260000	3.300000	1.060000	0.260000	60.000000	23.000000	0	0.000000	0.000000	0.000000	0	0	0	
286625	2021	0.140000	5.260000	3.300000	1.060000	0.260000	60.000000	23.000000	0	0.000000	0.000000	0.000000	0	0	0	
286843	2024	0.140000	5.250000	3.280000	1.080000	0.260000	60.000000	23.000000	0	0.000000	0.000000	0.000000	0	0	0	
287062	2040	0.140000	0.000000	0.000000	1.100000	0.270000	60.000000	23.000000	0	0.000000	0.000000	0.000000	0	0	0	
287375	2045	0.140000	0.000000	0.000000	1.100000	0.270000	60.000000	23.000000	0	0.000000	0.000000	0.000000	0	0	0	
287562	2047	0.140000	0.000000	0.000000	1.100000	0.270000	60.000000	23.000000	0	0.000000	0.000000	0.000000	0	0	0	
287797	2044	0.140000	0.000000	0.000000	1.100000	0.270000	60.000000	23.000000	0	0.000000	0.000000	0.000000	0	0	0	
287984	2051	0.140000	0.000000	0.000000	1.100000	0.270000	60.000000	23.000000	0	0.000000	0.000000	0.000000	0	0	0	
288203	2048	0.140000	0.000000	0.000000	1.100000	0.270000	60.000000	23.000000	0	0.000000	0.000000	0.000000	0	0	0	
288390	2050	0.140000	0.000000	0.000000	1.110000	0.260000	59.000000	23.000000	0	0.000000	0.000000	0.000000	0	0	0	
288578	2053	0.140000	0.000000	0.000000	1.110000	0.260000	60.000000	23.000000	0	0.000000	0.000000	0.000000	0	0	0	
288781	2058	0.140000	0.000000	0.000000	1.110000	0.260000	60.000000	23.000000	0	0.000000	0.000000	0.000000	0	0	0	
288968	2066	0.140000	0.000000	0.000000	1.110000	0.260000	59.000000	23.000000	0	0.000000	0.000000	0.000000	0	0	0	
289156	2072	0.140000	0.000000	0.000000	1.110000	0.260000	59.000000	23.000000	0	0.000000	0.000000	0.000000	0	0	0	
289343	2077	0.140000	0.000000	0.000000	1.110000	0.260000	59.000000	23.000000	0	0.000000	0.000000	0.000000	0	0	0	
289531	2081	0.140000	0.000000	0.000000	1.100000	0.270000	59.000000	23.000000	0	0.000000	0.000000	0.000000	0	0	0	
289703	2084	0.140000	0.000000	0.000000	1.110000	0.260000	59.000000	23.000000	0	0.000000	0.000000	0.000000	0	0	0	
289890	2093	0.140000	0.000000	0.000000	1.110000	0.260000	59.000000	23.000000	0	0.000000	0.000000	0.000000	0	0	0	
290062	2094	0.140000	0.000000	0.000000	1.110000	0.260000	59.000000	23.000000	0	0.000000	0.000000	0.000000	0	0	0	
290250	2101	0.140000	0.000000	0.000000	1.110000	0.260000	59.000000	23.000000	0	0.000000	0.000000	0.000000	0	0	0	
290453	2102	0.140000	0.000000	0.000000	1.110000	0.260000	59.000000	23.000000	0	0.000000	0.000000	0.000000	0	0	0	
290672	2119	0.140000	0.000000	0.000000	1.110000	0.260000	59.000000	23.000000	0	0.000000	0.000000	0.000000	0	0	0	
290843	2126	0.140000	0.000000	0.000000	1.100000	0.270000	59.000000	23.000000	0	0.000000	0.000000	0.000000	0	0	0	
291047	2123	0.140000	0.000000	0.000000	1.100000	0.260000	59.000000	23.000000	0	0.000000	0.000000	0.000000	0	0	0	
291328	2135	0.140000	0.000000	0.000000	1.110000	0.260000	59.000000	23.000000	0	0.000000	0.000000	0.000000	0	0	0	
291515	2136	0.140000	0.000000	0.000000	1.110000	0.260000	59.000000	23.000000	0	0.000000	0.000000	0.000000	0	0	0	
291703	2142	0.140000	0.000000	0.000000	1.110000	0.260000	59.000000	23.000000	0	0.000000	0.000000	0.000000	0	0	0	
291922	2146	0.140000	0.000000	0.000000	1.110000	0.260000	59.000000	23.000000	0	0.000000	0.000000	0.000000	0	0	0	
292109	2146	0.140000	0.000000	0.000000	1.100000	0.260000	59.000000	23.000000	0	0.000000	0.000000	0.000000	0	0	0	
292312	2154	0.140000	0.000000	0.000000	1.100000	0.260000	59.000000	23.000000	0	0.000000	0.000000	0.000000	0	0	0	
292531	2162	0.140000	0.000000	0.000000	1.110000	0.260000	59.000000	23.000000	0	0.000000	0.000000	0.000000	0	0	0	
292718	2155	0.140000	0.000000	0.000000	1.100000	0.260000	59.000000	23.000000	0	0.000000	0.000000	0.000000	0	0	0	
292922	2166	0.140000	0.000000	0.000000	1.100000	0.270000	59.000000	23.000000	0	0.000000	0.000000	0.000000	0	0	0	
293109	2173	0.140000	0.000000	0.000000	1.100000	0.260000	59.000000	23.000000	0	0.000000	0.000000	0.000000	0	0	0	
293312	2177	0.140000	0.000000	0.000000	1.110000	0.260000	59.000000	23.000000	0	0.000000	0.000000	0.000000	0	0	0	
293547	2185	0.140000	0.000000	0.000000	1.100000	0.260000	59.000000	23.000000	0	0.000000	0.000000	0.000000	0	0	0	
293734	2183	0.140000	0.000000	0.000000	1.110000	0.260000	59.000000	23.000000	0	0.000000	0.000000	0.000000	0	0	0	
293922	2187	0.140000	0.000000	0.000000	1.100000	0.270000	59.000000	23.000000	0	0.000000	0.000000	0.000000	0	0	0	
294125	2196	0.140000	0.000000	0.000000	1.110000	0.260000	59.000000	23.000000	0	0.000000	0.000000	0.000000	0	0	0	
294312	2198	0.140000	0.000000	0.000000	1.100000	0.270000	59.000000	23.000000	0	0.000000	0.000000	0.000000	0	0	0	
294500	2196	0.140000	0.000000	0.000000	1.110000	0.260000	59.000000	23.000000	0	0.000000	0.000000	0.000000	0	0	0	
294687	2198	0.140000	0.000000	0.000000	1.100000	0.270000	59.000000	23.000000	0	0.000000	0.000000	0.000000	0	0	0	
294875	2208	0.140000	0.000000	0.000000	1.100000	0.270000	59.000000	23.000000	0	0.000000	0.000000	0.000000	0	0	0	
295078	2209	0.140000	0.000000	0.000000	1.110000	0.260000	59.000000	23.000000	0	0.000000	0.000000	0.000000	0	0	0	
295359	2209	0.140000	0.000000	0.000000	1.100000	0.260000	59.000000	23.000000	0	0.000000	0.000000	0.000000	0	0	0	
295578	2209	0.140000	0.000000	0.000000	1.100000	0.270000	59.000000	23.000000	0	0.000000	0.000000	0.000000	0	0	0	
295765	2211	0.140000	0.000000	0.000000	1.110000	0.260000	59.000000	23.000000	0	0.000000	0.000000	0.000000	0	0	0	
295953	2200	0.140000	0.000000	0.000000	1.110000	0.260000	59.000000	23.000000	0	0.000000	0.000000	0.000000	0	0	0	
296140	2186	0.140000	0.000000	0.000000	1.110000	0.260000	59.000000	23.000000	0	0.000000	0.000000	0.000000	0	0	0	
296343	2185	0.140000	0.000000	0.000000	1.100000	0.270000	59.000000	23.000000	0	0.000000	0.000000	0.000000	0	0	0	
296562	2168	0.140000	0.000000	0.000000	1.110000	0.260000	59.000000	23.000000	0	0.000000	0.000000	0.000000	0	0	0	
296750	2149	0.140000	0.000000	0.000000	1.110000	0.260000	59.000000	23.000000	0	0.000000	0.000000	0.000000	0	0	0	
296968	2126	0.140000	0.000000	0.000000	1.110000	0.260000	59.000000	23.000000	0	0.000000	0.000000	0.000000	0	0	0	
297172	2103	0.140000	0.000000	0.000000	1.110000	0.260000	59.000000	23.000000	0	0.000000	0.000000	0.000000	0	0	0	
297375	2083	0.140000	0.000000	0.000000	1.110000	0.260000	59.000000	23.000000	0	0.000000	0.000000	0.000000	0	0	0	
297593	2068	0.140000	0.000000	0.000000	1.110000	0.260000	59.000000	23.000000	0	0.000000	0.000000	0.000000	0	0	0	
297781	2049	0.140000	0.000000	0.000000	1.110000	0.260000	59.000000	23.000000	0	0.000000	0.000000	0.000000	0	0	0	
298031	2029	0.140000	0.000000	0.000000	1.110000	0.260000	59.000000	23.000000	0	0.000000	0.000000	0.000000	0	0	0	
298218	2021	0.140000	0.000000	0.000000	1.110000	0.260000	59.000000	23.000000	0	0.000000	0.000000	0.000000	0	0	0	
298406	2005	0.140000	0.000000	0.000000	1.110000	0.260000	59.000000	23.000000	0	0.000000	0.000000	0.000000	0	0	0	
298609	2008	0.140000	0.000000	0.000000	1.110000	0.260000	59.000000	23.000000	0	0.000000	0.000000	0.000000	0	0	0	
298781	2015	0.140000	0.000000	0.000000	1.110000	0.260000	59.000000	23.000000	0	0.000000	0.000000	0.000000	0	0	0	
298968	2019	0.140000	0.000000	0.000000	1.110000	0.260000	59.000000	23.000000	0	0.000000	0.000000	0.000000	0	0	0	
299140	2033	0.140000	0.000000	0.000000	1.110000	0.260000	59.000000	23.000000	0	0.000000	0.000000	0.000000	0	0	0	
299406	2033	0.140000	0.000000	0.000000	1.110000	0.260000	59.000000	23.000000	0	0.000000	0.000000	0.000000	0	0	0	
299609	2042	0.140000	0.000000	0.000000	1.110000	0.260000	59.000000	23.000000	0	0.000000	0.000000	0.000000	0	0	0	
299797	2049	0.140000	0.000000	0.000000	1.110000	0.260000	59.000000	23.000000	0	0.000000	0.000000	0.000000	0	0	0	
299984	2048	0.140000	0.000000	0.000000	1.110000	0.260000	59.000000	23.000000	0	0.000000	0.000000	0.000000	0	0	0	
300172	2054	0.140000	0.000000	0.000000	1.110000	0.260000	59.000000	23.000000	0	0.000000	0.000000	0.000000	0	0	0	
300375	2059	0.140000	0.000000	0.000000	1.110000	0.260000	59.000000	23.000000	0	0.000000	0.000000	0.000000	0	0	0	
300547	2061	0.140000	0.000000	0.000000	1.110000	0.260000	59.000000	23.000000	0	0.000000	0.000000	0.000000	0	0	0	
300750	2063	0.140000	0.000000	0.000000	1.110000	0.260000	59.000000	23.000000	0	0.000000	0.000000	0.000000	0	0	0	
300953	2062	0.140000	0.000000	0.000000	1.100000	0.270000	59.000000	23.000000	0	0.000000	0.000000	0.000000	0	0	0	
301172	2070	0.140000	0.000000	0.000000	1.100000	0.270000	59.000000	23.000000	0	0.000000	0.000000	0.000000	0	0	0	
301390	2071	0.140000	0.000000	0.000000	1.100000	0.260000	59.000000	23.000000	0	0.000000	0.000000	0.000000	0	0	0	
301578	2072	0.140000	0.000000	0.000000	1.110000	0.260000	59.000000	23.000000	0	0.000000	0.000000	0.000000	0	0	0	
301797	2076	0.140000	0.000000	0.000000	1.110000	0.260000	59.000000	23.000000	0	0.000000	0.000000	0.000000	0	0	0	
301984	2077	0.140000	0.000000	0.000000	1.110000	0.260000	59.000000	23.000000	0	0.000000	0.000000	0.000000	0	0	0	
302172	2080	0.140000	0.000000	0.000000	1.110000	0.260000	59.000000	23.000000	0	0.000000	0.000000	0.000000	0	0	0	
302359	2083	0.140000	0.000000	0.000000	1.110000	0.260000	59.000000	23.000000	0	0.000000	0.000000	0.000000	0	0	0	
302531	2079	0.140000	0.000000	0.000000	1.110000	0.260000	59.000000	23.000000	0	0.000000	0.000000	0.000000	0	0	0	
302718	2082	0.140000	0.000000	0.000000	1.110000	0.260000	59.000000	23.000000	0	0.000000	0.000000	0.000000	0	0	0	
302922	2087	0.140000	0.000000	0.000000	1.110000	0.260000	59.000000	23.000000	0	0.000000	0.000000	0.000000	0	0	0	
303125	2082	0.140000	0.000000	0.000000	1.110000	0.260000	59.000000	23.000000	0	0.000000	0.000000	0.000000	0	0	0	
303390	2084	0.140000	0.000000	0.000000	1.110000	0.260000	59.000000	23.000000	0	0.000000	0.000000	0.000000	0	0	0	
303578	2082	0.140000	0.000000	0.000000	1.110000	0.260000	59.000000	23.000000	0	0.000000	0.000000	0.000000	0	0	0	
303765	2079	0.140000	0.000000	0.000000	1.110000	0.260000	59.000000	23.000000	0	0.000000	0.000000	0.000000	0	0	0	
303953	2082	0.140000	0.000000	0.000000	1.110000	0.260000	59.000000	23.000000	0	0.000000	0.000000	0.000000	0	0	0	
304140	2080	0.140000	0.000000	0.000000	1.110000	0.260000	59.000000	23.000000	0	0.000000	0.000000	0.000000	0	0	0	
304312	2077	0.140000	0.000000	0.000000	1.110000	0.270000	59.000000	23.000000	0	0.000000	0.000000	0.000000	0	0	0	
304500	2076	0.140000	0.000000	0.000000	1.110000	0.260000	59.000000	23.000000	0	0.000000	0.000000	0.000000	0	0	0	
304656	2074	0.140000	0.000000	0.000000	1.110000	0.260000	59.000000	23.000000	0	0.000000	0.000000	0.000000	0	0	0	
304859	2073	0.140000	0.000000	0.000000	1.110000	0.260000	59.000000	23.000000	0	0.000000	0.000000	0.000000	0	0	0	
305047	2070	0.140000	0.000000	0.000000	1.110000	0.260000	59.000000	23.000000	0	0.000000	0.000000	0.000000	0	0	0	
305234	2069	0.140000	0.000000	0.000000	1.110000	0.260000	59.000000	23.000000	0	0.000000	0.000000	0.000000	0	0	0	
305406	2071	0.140000	0.000000	0.000000	1.110000	0.260000	59.000000	23.000000	0	0.000000	0.000000	0.000000	0	0	0	
305625	2063	0.140000	0.000000	0.000000	1.110000	0.260000	59.000000	23.000000	0	0.000000	0.000000	0.000000	0	0	0	
305797	2063	0.140000	0.000000	0.000000	1.110000	0.260000	59.000000	23.000000	0	0.000000	0.000000	0.000000	0	0	0	
305984	2064	0.140000	0.000000	0.000000	1.110000	0.260000	59.000000	23.000000	0	0.000000	0.000000	0.000000	0	0	0	
306172	2058	0.140000	0.000000	0.000000	1.110000	0.260000	59.000000	23.000000	0	0.000000	0.000000	0.000000	0	0	0	
306406	2052	0.140000	0.000000	0.000000	1.110000	0.260000	59.000000	23.000000	0	0.000000	0.000000	0.000000	0	0	0	
306593	2051	0.140000	0.000000	0.000000	1.110000	0.260000	59.000000	23.000000	0	0.000000	0.000000	0.000000	0	0	0	
306765	2052	0.140000	0.000000	0.000000	1.110000	0.260000	59.000000	23.000000	0	0.000000	0.000000	0.000000	0	0	0	
306953	2050	0.140000	0.000000	0.000000	1.110000	0.260000	59.000000	23.000000	0	0.000000	0.000000	0.000000	0	0	0	
307218	2038	0.140000	0.000000	0.000000	1.110000	0.260000	59.000000	23.000000	0	0.000000	0.000000	0.000000	0	0	0	
307406	2037	0.140000	0.000000	0.000000	1.110000	0.260000	59.000000	23.000000	0	0.000000	0.000000	0.000000	0	0	0	
307609	2037	0.140000	0.000000	0.000000	1.110000	0.260000	59.000000	23.000000	0	0.000000	0.000000	0.000000	0	0	0	
307812	2036	0.140000	0.000000	0.000000	1.110000	0.260000	59.000000	23.000000	0	0.000000	0.000000	0.000000	0	0	0	
308000	2032	0.140000	0.000000	0.000000	1.110000	0.260000	59.000000	23.000000	0	0.000000	0.000000	0.000000	0	0	0	
308187	2028	0.140000	0.000000	0.000000	1.110000	0.260000	59.000000	23.000000	0	0.000000	0.000000	0.000000	0	0	0	
308390	2027	0.140000	0.000000	0.000000	1.110000	0.260000	59.000000	23.000000	0	0.000000	0.000000	0.000000	0	0	0	
308578	2026	0.140000	0.000000	0.000000	1.110000	0.260000	59.000000	23.000000	0	0.000000	0.000000	0.000000	0	0	0	
308781	2016	0.140000	0.000000	0.000000	1.110000	0.260000	59.000000	23.000000	0	0.000000	0.000000	0.000000	0	0	0	
308984	2007	0.140000	0.000000	0.000000	1.110000	0.260000	59.000000	23.000000	0	0.000000	0.000000	0.000000	0	0	0	
309187	1999	0.140000	0.000000	0.000000	1.110000	0.260000	59.000000	23.000000	0	0.000000	0.000000	0.000000	0	0	0	
309422	2026	0.140000	5.910000	3.770000	1.050000	0.250000	59.000000	23.000000	64	0.000000	0.000000	0.000000	0	0	0	
309609	2016	0.140000	5.730000	3.640000	1.040000	0.240000	59.000000	23.000000	0	0.000000	0.000000	0.000000	0	0	0	
309812	2008	0.140000	5.660000	3.560000	1.050000	0.240000	59.000000	23.000000	0	0.000000	0.000000	0.000000	0	0	0	
310031	2003	0.140000	5.530000	3.460000	1.050000	0.250000	59.000000	23.000000	0	0.000000	0.000000	0.000000	0	0	0	
310218	2005	0.140000	5.000000	3.160000	1.070000	0.250000	59.000000	23.000000	79	0.000000	0.000000	0.000000	0	0	0	
310422	1995	0.140000	4.900000	3.110000	1.060000	0.240000	59.000000	23.000000	0	0.000000	0.000000	0.000000	0	0	0	
310609	2001	0.140000	4.880000	3.080000	1.050000	0.250000	59.000000	23.000000	0	0.000000	0.000000	0.000000	0	0	0	
310828	2001	0.140000	4.980000	3.150000	1.050000	0.250000	59.000000	23.000000	0	0.000000	0.000000	0.000000	0	0	0	
311031	2005	0.140000	4.980000	3.150000	1.050000	0.250000	59.000000	23.000000	14	0.000000	0.000000	0.000000	0	0	0	
311297	2001	0.140000	5.000000	3.160000	1.060000	0.250000	59.000000	23.000000	190	0.000000	0.000000	0.000000	0	0	0	
311515	2001	0.140000	4.980000	3.150000	1.070000	0.250000	59.000000	23.000000	0	0.000000	0.000000	0.000000	0	0	0	
311703	2003	0.140000	4.800000	2.990000	1.060000	0.260000	59.000000	23.000000	0	0.000000	0.000000	0.000000	0	0	0	
311922	2005	0.140000	4.700000	2.980000	1.070000	0.250000	59.000000	23.000000	200	0.000000	0.000000	0.000000	0	0	0	
312125	2011	0.140000	4.690000	2.960000	1.070000	0.250000	59.000000	23.000000	3	0.000000	0.000000	0.000000	0	0	0	
312359	2007	0.140000	4.690000	2.940000	1.070000	0.250000	59.000000	23.000000	0	0.000000	0.000000	0.000000	0	0	0	
312547	2008	0.140000	4.610000	2.890000	1.070000	0.250000	58.000000	23.000000	0	0.000000	0.000000	0.000000	0	0	0	
312734	2006	0.140000	4.520000	2.850000	1.060000	0.260000	58.000000	23.000000	0	0.000000	0.000000	0.000000	0	0	0	
312937	2019	0.140000	4.550000	2.850000	1.070000	0.250000	59.000000	23.000000	0	0.000000	0.000000	0.000000	0	0	0	
313156	2006	0.140000	4.560000	2.860000	1.070000	0.250000	58.000000	23.000000	0	0.000000	0.000000	0.000000	0	0	0	
313359	2008	0.140000	4.530000	2.840000	1.070000	0.250000	58.000000	23.000000	0	0.000000	0.000000	0.000000	0	0	0	
313562	2012	0.140000	4.550000	2.860000	1.060000	0.260000	58.000000	23.000000	0	0.000000	0.000000	0.000000	0	0	0	
313765	2015	0.140000	4.960000	3.130000	1.060000	0.280000	58.000000	23.000000	0	0.000000	0.000000	0.000000	0	0	0	
314000	2010	0.140000	5.240000	3.300000	1.060000	0.300000	58.000000	23.000000	0	0.000000	0.000000	0.000000	0	0	0	
314187	2021	0.140000	5.280000	3.330000	1.050000	0.300000	58.000000	23.000000	0	0.000000	0.000000	0.000000	0	0	0	
314406	2014	0.140000	5.390000	3.390000	1.060000	0.290000	58.000000	23.000000	0	0.000000	0.000000	0.000000	0	0	0	
314593	2013	0.140000	5.340000	3.370000	1.070000	0.290000	58.000000	23.000000	161	0.000000	0.000000	0.000000	0	0	0	
314797	2020	0.140000	5.130000	3.240000	1.060000	0.290000	58.000000	23.000000	0	0.000000	0.000000	0.000000	0	0	0	
315000	2025	0.140000	5.260000	3.290000	1.060000	0.290000	58.000000	23.000000	0	0.000000	0.000000	0.000000	0	0	0	
315172	2035	0.140000	5.250000	3.290000	1.060000	0.290000	58.000000	23.000000	0	0.000000	0.000000	0.000000	0	0	0	
315437	2026	0.140000	5.180000	3.250000	1.060000	0.290000	58.000000	23.000000	0	0.000000	0.000000	0.000000	0	0	0	
315640	2040	0.140000	5.200000	3.270000	1.060000	0.290000	58.000000	23.000000	0	0.000000	0.000000	0.000000	0	0	0	
315843	2040	0.140000	5.280000	3.320000	1.070000	0.280000	58.000000	23.000000	0	0.000000	0.000000	0.000000	0	0	0	
316047	2041	0.140000	5.240000	3.270000	1.070000	0.290000	58.000000	23.000000	0	0.000000	0.000000	0.000000	0	0	0	
316234	2049	0.140000	5.190000	3.250000	1.060000	0.290000	58.000000	23.000000	0	0.000000	0.000000	0.000000	0	0	0	
316437	2045	0.140000	5.270000	3.300000	1.060000	0.290000	58.000000	23.000000	0	0.000000	0.000000	0.000000	0	0	0	
316625	2055	0.140000	5.310000	3.330000	1.060000	0.290000	58.000000	23.000000	0	0.000000	0.000000	0.000000	0	0	0	
316828	2058	0.140000	5.280000	3.320000	1.070000	0.290000	58.000000	23.000000	0	0.000000	0.000000	0.000000	0	0	0	
317031	2056	0.140000	5.540000	3.490000	1.060000	0.300000	58.000000	23.000000	0	0.000000	0.000000	0.000000	0	0	0	
317234	2076	0.140000	5.660000	3.570000	1.060000	0.300000	58.000000	23.000000	0	0.000000	0.000000	0.000000	0	0	0	
317437	2071	0.140000	5.650000	3.560000	1.060000	0.300000	58.000000	23.000000	0	0.000000	0.000000	0.000000	0	0	0	
317625	2064	0.140000	5.680000	3.590000	1.060000	0.310000	58.000000	23.000000	0	0.000000	0.000000	0.000000	0	0	0	
317843	2081	0.140000	5.780000	3.690000	1.070000	0.310000	58.000000	23.000000	0	0.000000	0.000000	0.000000	0	0	0	
318031	2080	0.140000	5.780000	3.690000	1.070000	0.320000	58.000000	23.000000	0	0.000000	0.000000	0.000000	0	0	0	
318234	2089	0.140000	5.740000	3.680000	1.070000	0.310000	58.000000	23.000000	0	0.000000	0.000000	0.000000	0	0	0	
318468	2088	0.140000	5.800000	3.710000	1.050000	0.310000	58.000000	23.000000	0	0.000000	0.000000	0.000000	0	0	0	
318672	2104	0.140000	5.790000	3.680000	1.060000	0.310000	58.000000	23.000000	0	0.000000	0.000000	0.000000	0	0	0	
318875	2094	0.140000	5.700000	3.610000	1.070000	0.300000	58.000000	23.000000	0	0.000000	0.000000	0.000000	0	0	0	
319078	2114	0.140000	5.630000	3.560000	1.070000	0.300000	58.000000	23.000000	0	0.000000	0.000000	0.000000	0	0	0	
319297	2113	0.140000	5.590000	3.530000	1.060000	0.300000	58.000000	23.000000	0	0.000000	0.000000	0.000000	0	0	0	
319547	2126	0.140000	5.440000	3.430000	1.060000	0.300000	58.000000	23.000000	0	0.000000	0.000000	0.000000	0	0	0	
319750	2109	0.140000	5.340000	3.340000	1.060000	0.290000	58.000000	23.000000	0	0.000000	0.000000	0.000000	0	0	0	
319953	2110	0.140000	5.420000	3.400000	1.070000	0.280000	58.000000	23.000000	0	0.000000	0.000000	0.000000	0	0	0	
320156	2145	0.140000	5.290000	3.330000	1.070000	0.280000	58.000000	23.000000	0	0.000000	0.000000	0.000000	0	0	0	
320359	2131	0.140000	5.200000	3.270000	1.070000	0.280000	58.000000	23.000000	0	0.000000	0.000000	0.000000	0	0	0	
320562	2136	0.140000	5.230000	3.280000	1.070000	0.280000	58.000000	23.000000	0	0.000000	0.000000	0.000000	0	0	0	
320781	2140	0.140000	5.330000	3.350000	1.070000	0.280000	58.000000	23.000000	0	0.000000	0.000000	0.000000	0	0	0	
320968	2142	0.140000	5.170000	3.250000	1.070000	0.280000	58.000000	23.000000	0	0.000000	0.000000	0.000000	0	0	0	
321172	2140	0.140000	5.250000	3.300000	1.070000	0.280000	58.000000	23.000000	0	0.000000	0.000000	0.000000	0	0	0	
321375	2150	0.140000	5.320000	3.340000	1.070000	0.280000	58.000000	23.000000	0	0.000000	0.000000	0.000000	0	0	0	
321578	2151	0.140000	5.280000	3.300000	1.070000	0.280000	58.000000	23.000000	0	0.000000	0.000000	0.000000	0	0	0	
321797	2156	0.140000	5.070000	3.200000	1.070000	0.280000	58.000000	23.000000	0	0.000000	0.000000	0.000000	0	0	0	
322000	2162	0.140000	5.260000	3.300000	1.070000	0.280000	58.000000	23.000000	0	0.000000	0.000000	0.000000	0	0	0	
322203	2158	0.140000	5.220000	3.280000	1.050000	0.280000	58.000000	23.000000	0	0.000000	0.000000	0.000000	0	0	0	
322406	2163	0.140000	5.190000	3.260000	1.070000	0.280000	58.000000	23.000000	0	0.000000	0.000000	0.000000	0	0	0	
322609	2160	0.140000	5.200000	3.280000	1.060000	0.280000	58.000000	23.000000	0	0.000000	0.000000	0.000000	0	0	0	
322812	2162	0.140000	5.270000	3.300000	1.070000	0.280000	58.000000	23.000000	0	0.000000	0.000000	0.000000	0	0	0	
322984	2166	0.140000	5.120000	3.240000	1.070000	0.280000	58.000000	23.000000	0	0.000000	0.000000	0.000000	0	0	0	
323218	2166	0.140000	5.170000	3.250000	1.070000	0.280000	58.000000	23.000000	0	0.000000	0.000000	0.000000	0	0	0	
323422	2173	0.140000	5.260000	3.300000	1.050000	0.290000	58.000000	23.000000	0	0.000000	0.000000	0.000000	0	0	0	
323734	2167	0.140000	5.180000	3.260000	1.070000	0.280000	58.000000	23.000000	0	0.000000	0.000000	0.000000	0	0	0	
323922	2164	0.140000	4.680000	2.980000	1.070000	0.260000	58.000000	23.000000	0	0.000000	0.000000	0.000000	0	0	0	
324125	2166	0.140000	4.570000	2.870000	1.070000	0.250000	58.000000	23.000000	0	0.000000	0.000000	0.000000	0	0	0	
324312	2176	0.140000	4.540000	2.850000	1.080000	0.250000	58.000000	23.000000	0	0.000000	0.000000	0.000000	0	0	0	
324531	2170	0.140000	4.440000	2.790000	1.060000	0.250000	58.000000	23.000000	0	0.000000	0.000000	0.000000	0	0	0	
324734	2164	0.140000	4.410000	2.750000	1.070000	0.250000	58.000000	23.000000	0	0.000000	0.000000	0.000000	0	0	0	
324906	2148	0.140000	4.440000	2.790000	1.070000	0.250000	58.000000	23.000000	0	0.000000	0.000000	0.000000	0	0	0	
325109	2147	0.140000	4.430000	2.780000	1.070000	0.250000	58.000000	23.000000	0	0.000000	0.000000	0.000000	0	0	0	
325312	2162	0.140000	4.180000	2.680000	1.070000	0.250000	58.000000	23.000000	0	0.000000	0.000000	0.000000	0	0	0	
325515	2151	0.140000	4.350000	2.740000	1.070000	0.250000	58.000000	23.000000	0	0.000000	0.000000	0.000000	0	0	0	
325703	2149	0.140000	4.410000	2.760000	1.070000	0.250000	58.000000	23.000000	0	0.000000	0.000000	0.000000	0	0	0	
325922	2142	0.140000	4.330000	2.720000	1.070000	0.250000	58.000000	23.000000	0	0.000000	0.000000	0.000000	0	0	0	
326125	2140	0.140000	4.300000	2.710000	1.070000	0.250000	58.000000	23.000000	0	0.000000	0.000000	0.000000	0	0	0	
326359	2141	0.140000	4.380000	2.750000	1.060000	0.250000	58.000000	23.000000	0	0.000000	0.000000	0.000000	0	0	0	
326562	2129	0.140000	4.330000	2.720000	1.070000	0.250000	58.000000	23.000000	0	0.000000	0.000000	0.000000	0	0	0	
326750	2126	0.140000	4.330000	2.720000	1.070000	0.260000	58.000000	23.000000	0	0.000000	0.000000	0.000000	0	0	0	
326968	2138	0.140000	4.330000	2.720000	1.070000	0.250000	58.000000	23.000000	0	0.000000	0.000000	0.000000	0	0	0	
327187	2136	0.140000	4.410000	2.750000	1.070000	0.250000	58.000000	23.000000	0	0.000000	0.000000	0.000000	0	0	0	
327422	2131	0.140000	4.340000	2.730000	1.060000	0.250000	58.000000	23.000000	0	0.000000	0.000000	0.000000	0	0	0	
327625	2131	0.140000	4.300000	2.710000	1.070000	0.260000	58.000000	23.000000	0	0.000000	0.000000	0.000000	0	0	0	
327906	2126	0.140000	4.350000	2.740000	1.060000	0.260000	58.000000	23.000000	0	0.000000	0.000000	0.000000	0	0	0	
328109	2122	0.140000	4.330000	2.720000	1.070000	0.250000	58.000000	23.000000	0	0.000000	0.000000	0.000000	0	0	0	
328312	2116	0.140000	4.190000	2.700000	1.080000	0.250000	58.000000	23.000000	0	0.000000	0.000000	0.000000	0	0	0	
328515	2113	0.140000	4.350000	2.740000	1.070000	0.250000	58.000000	23.000000	0	0.000000	0.000000	0.000000	0	0	0	
328718	2105	0.140000	4.340000	2.730000	1.070000	0.250000	58.000000	23.000000	0	0.000000	0.000000	0.000000	0	0	0	
328922	2098	0.140000	4.180000	2.680000	1.080000	0.250000	58.000000	23.000000	0	0.000000	0.000000	0.000000	0	0	0	
329093	2094	0.140000	4.190000	2.660000	1.070000	0.250000	58.000000	23.000000	0	0.000000	0.000000	0.000000	0	0	0	
329312	2097	0.140000	4.180000	2.670000	1.070000	0.250000	58.000000	23.000000	0	0.000000	0.000000	0.000000	0	0	0	
329500	2094	0.140000	4.210000	2.680000	1.060000	0.260000	58.000000	23.000000	0	0.000000	0.000000	0.000000	0	0	0	
329718	2086	0.140000	4.180000	2.660000	1.070000	0.250000	58.000000	23.000000	0	0.000000	0.000000	0.000000	0	0	0	
329922	2085	0.140000	4.180000	2.680000	1.080000	0.250000	58.000000	23.000000	0	0.000000	0.000000	0.000000	0	0	0	
330125	2082	0.140000	4.180000	2.660000	1.070000	0.250000	58.000000	23.000000	0	0.000000	0.000000	0.000000	0	0	0	
330359	2075	0.140000	4.180000	2.670000	1.070000	0.250000	58.000000	23.000000	0	0.000000	0.000000	0.000000	0	0	0	
330593	2068	0.140000	4.180000	2.680000	1.070000	0.250000	58.000000	23.000000	0	0.000000	0.000000	0.000000	0	0	0	
330812	2068	0.140000	4.180000	2.660000	1.070000	0.250000	58.000000	23.000000	0	0.000000	0.000000	0.000000	0	0	0	
331015	2058	0.140000	4.180000	2.650000	1.070000	0.250000	58.000000	23.000000	0	0.000000	0.000000	0.000000	0	0	0	
331203	2055	0.140000	4.320000	2.720000	1.050000	0.270000	58.000000	23.000000	0	0.000000	0.000000	0.000000	0	0	0	
331437	2053	0.140000	4.620000	2.920000	1.070000	0.280000	58.000000	23.000000	0	0.000000	0.000000	0.000000	0	0	0	
331640	2045	0.140000	4.680000	3.000000	1.070000	0.290000	58.000000	23.000000	0	0.000000	0.000000	0.000000	0	0	0	
331843	2049	0.140000	5.040000	3.180000	1.070000	0.300000	58.000000	23.000000	0	0.000000	0.000000	0.000000	0	0	0	
332125	2047	0.140000	5.350000	3.360000	1.060000	0.310000	58.000000	23.000000	57	0.000000	0.000000	0.000000	0	0	0	
332312	2063	0.140000	5.380000	3.390000	1.070000	0.310000	58.000000	23.000000	0	0.000000	0.000000	0.000000	0	0	0	
332500	2042	0.140000	5.490000	3.450000	1.070000	0.320000	58.000000	23.000000	0	0.000000	0.000000	0.000000	0	0	0	
332687	2050	0.140000	5.500000	3.450000	1.060000	0.320000	58.000000	23.000000	0	0.000000	0.000000	0.000000	0	0	0	
332890	2040	0.140000	5.560000	3.500000	1.080000	0.330000	58.000000	23.000000	0	0.000000	0.000000	0.000000	0	0	0	
333093	2048	0.140000	5.860000	3.760000	1.060000	0.330000	58.000000	23.000000	0	0.000000	0.000000	0.000000	0	0	0	
333297	2056	0.140000	5.950000	3.860000	1.050000	0.340000	58.000000	23.000000	0	0.000000	0.000000	0.000000	0	0	0	
333515	2051	0.140000	5.950000	3.880000	1.050000	0.340000	58.000000	23.000000	0	0.000000	0.000000	0.000000	0	0	0	
333734	2045	0.140000	6.080000	3.980000	1.070000	0.340000	58.000000	23.000000	1	0.000000	0.000000	0.000000	0	0	0	
333937	2057	0.140000	6.230000	4.130000	1.070000	0.340000	58.000000	23.000000	0	0.000000	0.000000	0.000000	0	0	0	
334125	2057	0.140000	6.170000	4.070000	1.070000	0.340000	58.000000	23.000000	0	0.000000	0.000000	0.000000	0	0	0	
334328	2055	0.140000	6.200000	4.110000	1.070000	0.340000	58.000000	23.000000	0	0.000000	0.000000	0.000000	0	0	0	
334531	2060	0.140000	6.260000	4.170000	1.050000	0.340000	58.000000	23.000000	4	0.000000	0.000000	0.000000	0	0	0	
334750	2062	0.140000	6.240000	4.140000	1.050000	0.340000	58.000000	23.000000	0	0.000000	0.000000	0.000000	0	0	0	
334953	2060	0.140000	6.250000	4.240000	1.060000	0.340000	58.000000	23.000000	0	0.000000	0.000000	0.000000	0	0	0	
335156	2063	0.140000	6.450000	4.330000	1.060000	0.340000	58.000000	23.000000	0	0.000000	0.000000	0.000000	0	0	0	
335359	2070	0.140000	6.420000	4.310000	1.070000	0.340000	58.000000	23.000000	0	0.000000	0.000000	0.000000	0	0	0	
335547	2073	0.140000	6.390000	4.300000	1.060000	0.340000	58.000000	23.000000	0	0.000000	0.000000	0.000000	0	0	0	
335750	2064	0.140000	6.450000	4.350000	1.050000	0.340000	58.000000	23.000000	1	0.000000	0.000000	0.000000	0	0	0	
335953	2073	0.140000	6.500000	4.380000	1.050000	0.340000	58.000000	23.000000	0	0.000000	0.000000	0.000000	0	0	0	
336234	2071	0.140000	6.480000	4.370000	1.060000	0.340000	58.000000	23.000000	228	0.000000	0.000000	0.000000	0	0	0	
336453	2077	0.140000	6.510000	4.440000	1.070000	0.340000	58.000000	23.000000	0	0.000000	0.000000	0.000000	0	0	0	
336656	2080	0.140000	6.480000	4.400000	1.070000	0.340000	58.000000	23.000000	0	0.000000	0.000000	0.000000	0	0	0	
336875	2080	0.140000	6.410000	4.320000	1.060000	0.340000	58.000000	23.000000	0	0.000000	0.000000	0.000000	0	0	0	
337062	2085	0.140000	6.470000	4.340000	1.080000	0.340000	58.000000	23.000000	0	0.000000	0.000000	0.000000	0	0	0	
337250	2088	0.140000	6.560000	4.440000	1.070000	0.340000	58.000000	23.000000	0	0.000000	0.000000	0.000000	0	0	0	
337468	2083	0.140000	6.490000	4.370000	1.070000	0.340000	58.000000	23.000000	36	0.000000	0.000000	0.000000	0	0	0	
337656	2088	0.140000	6.400000	4.290000	1.060000	0.340000	58.000000	23.000000	0	0.000000	0.000000	0.000000	0	0	0	
337859	2093	0.140000	6.520000	4.420000	1.050000	0.340000	58.000000	23.000000	0	0.000000	0.000000	0.000000	0	0	0	
338047	2088	0.140000	6.480000	4.400000	1.060000	0.340000	58.000000	23.000000	0	0.000000	0.000000	0.000000	0	0	0	
338250	2091	0.140000	6.470000	4.320000	1.060000	0.340000	58.000000	23.000000	0	0.000000	0.000000	0.000000	0	0	0	
338437	2088	0.140000	6.480000	4.360000	1.070000	0.340000	58.000000	23.000000	0	0.000000	0.000000	0.000000	0	0	0	
338625	2088	0.140000	6.470000	4.350000	1.060000	0.340000	58.000000	23.000000	0	0.000000	0.000000	0.000000	0	0	0	
338859	2082	0.140000	5.850000	3.750000	1.070000	0.290000	58.000000	23.000000	170	0.000000	0.000000	0.000000	0	0	0	
339078	2065	0.140000	5.380000	3.380000	1.070000	0.270000	58.000000	23.000000	0	0.000000	0.000000	0.000000	0	0	0	
339297	2089	0.140000	4.890000	3.080000	1.070000	0.240000	58.000000	23.000000	0	0.000000	0.000000	0.000000	0	0	0	
339484	2028	0.140000	4.680000	2.960000	1.070000	0.250000	58.000000	23.000000	0	0.000000	0.000000	0.000000	0	0	0	
339672	2028	0.140000	4.700000	2.960000	1.070000	0.250000	58.000000	23.000000	0	0.000000	0.000000	0.000000	0	0	0	
339890	2022	0.140000	4.680000	2.970000	1.060000	0.260000	58.000000	23.000000	0	0.000000	0.000000	0.000000	0	0	0	
340093	2010	0.140000	4.670000	2.940000	1.090000	0.250000	58.000000	23.000000	0	0.000000	0.000000	0.000000	0	0	0	
340359	1986	0.140000	0.000000	0.000000	1.100000	0.270000	58.000000	23.000000	0	0.000000	0.000000	0.000000	0	0	0	
340562	1967	0.140000	0.000000	0.000000	1.110000	0.270000	58.000000	23.000000	0	0.000000	0.000000	0.000000	0	0	0	
340781	1941	0.140000	0.000000	0.000000	1.100000	0.280000	58.000000	23.000000	0	0.000000	0.000000	0.000000	0	0	0	
340968	1924	0.140000	0.000000	0.000000	1.100000	0.290000	58.000000	23.000000	0	0.000000	0.000000	0.000000	0	0	0	
341156	1903	0.140000	0.000000	0.000000	1.090000	0.290000	58.000000	23.000000	0	0.000000	0.000000	0.000000	0	0	0	
341375	1895	0.140000	0.000000	0.000000	1.090000	0.290000	58.000000	23.000000	0	0.000000	0.000000	0.000000	0	0	0	
341562	1875	0.140000	0.000000	0.000000	1.100000	0.290000	58.000000	23.000000	0	0.000000	0.000000	0.000000	0	0	0	
341765	1844	0.140000	0.000000	0.000000	1.100000	0.300000	58.000000	23.000000	0	0.000000	0.000000	0.000000	0	0	0	
341968	1829	0.140000	0.000000	0.000000	1.100000	0.300000	58.000000	23.000000	0	0.000000	0.000000	0.000000	0	0	0	
342187	1801	0.140000	0.000000	0.000000	1.090000	0.310000	58.000000	23.000000	0	0.000000	0.000000	0.000000	0	0	0	
342375	1784	0.140000	0.000000	0.000000	1.090000	0.310000	58.000000	23.000000	0	0.000000	0.000000	0.000000	0	0	0	
342562	1775	0.140000	0.000000	0.000000	1.090000	0.310000	58.000000	23.000000	0	0.000000	0.000000	0.000000	0	0	0	
342797	1759	0.140000	0.000000	0.000000	1.080000	0.320000	58.000000	23.000000	0	0.000000	0.000000	0.000000	0	0	0	
343015	1725	0.140000	0.000000	0.000000	1.100000	0.320000	58.000000	23.000000	0	0.000000	0.000000	0.000000	0	0	0	
343203	1707	0.140000	0.000000	0.000000	1.090000	0.320000	58.000000	23.000000	0	0.000000	0.000000	0.000000	0	0	0	
343406	1686	0.140000	0.000000	0.000000	1.090000	0.330000	58.000000	23.000000	0	0.000000	0.000000	0.000000	0	0	0	
343609	1675	0.140000	0.000000	0.000000	1.080000	0.330000	58.000000	23.000000	0	0.000000	0.000000	0.000000	0	0	0	
343797	1649	0.140000	0.000000	0.000000	1.090000	0.330000	58.000000	23.000000	0	0.000000	0.000000	0.000000	0	0	0	
343984	1641	0.140000	0.000000	0.000000	1.090000	0.330000	58.000000	23.000000	0	0.000000	0.000000	0.000000	0	0	0	
344172	1632	0.140000	0.000000	0.000000	1.080000	0.330000	58.000000	23.000000	0	0.000000	0.000000	0.000000	0	0	0	
344468	1608	0.140000	0.000000	0.000000	1.090000	0.330000	58.000000	23.000000	0	0.000000	0.000000	0.000000	0	0	0	
344672	1609	0.140000	6.900000	4.760000	1.060000	0.320000	58.000000	23.000000	0	0.000000	0.000000	0.000000	0	0	0	
344875	1608	0.140000	6.710000	4.620000	1.060000	0.310000	58.000000	23.000000	3	0.000000	0.000000	0.000000	0	0	0	
345125	1583	0.140000	6.860000	4.720000	1.060000	0.320000	58.000000	23.000000	0	0.000000	0.000000	0.000000	0	0	0	
345328	1607	0.140000	6.830000	4.680000	1.050000	0.340000	58.000000	23.000000	0	0.000000	0.000000	0.000000	0	0	0	
345515	1584	0.140000	6.920000	4.800000	1.060000	0.340000	58.000000	23.000000	0	0.000000	0.000000	0.000000	0	0	0	
345750	1571	0.140000	6.450000	4.390000	1.060000	0.340000	58.000000	23.000000	0	0.000000	0.000000	0.000000	0	0	0	
345937	1580	0.140000	6.460000	4.370000	1.060000	0.340000	58.000000	23.000000	0	0.000000	0.000000	0.000000	0	0	0	
346140	1592	0.140000	6.380000	4.310000	1.070000	0.340000	58.000000	23.000000	0	0.000000	0.000000	0.000000	0	0	0	
346328	1585	0.140000	6.400000	4.340000	1.070000	0.340000	58.000000	23.000000	0	0.000000	0.000000	0.000000	0	0	0	
346531	1580	0.140000	6.320000	4.270000	1.060000	0.340000	58.000000	23.000000	0	0.000000	0.000000	0.000000	0	0	0	
346734	1592	0.140000	6.320000	4.260000	1.060000	0.340000	58.000000	23.000000	0	0.000000	0.000000	0.000000	0	0	0	
346922	1602	0.140000	6.340000	4.290000	1.060000	0.340000	58.000000	23.000000	0	0.000000	0.000000	0.000000	0	0	0	
347125	1603	0.140000	6.220000	4.180000	1.070000	0.330000	58.000000	23.000000	0	0.000000	0.000000	0.000000	0	0	0	
347328	1610	0.140000	6.240000	4.200000	1.080000	0.330000	58.000000	23.000000	0	0.000000	0.000000	0.000000	0	0	0	
347531	1608	0.140000	6.280000	4.190000	1.060000	0.340000	58.000000	23.000000	0	0.000000	0.000000	0.000000	0	0	0	
347718	1603	0.140000	6.230000	4.160000	1.070000	0.330000	58.000000	23.000000	0	0.000000	0.000000	0.000000	0	0	0	
347922	1603	0.140000	6.270000	4.240000	1.070000	0.330000	58.000000	23.000000	0	0.000000	0.000000	0.000000	0	0	0	
348140	1618	0.140000	6.230000	4.160000	1.070000	0.330000	58.000000	23.000000	0	0.000000	0.000000	0.000000	0	0	0	
348359	1624	0.140000	6.230000	4.190000	1.070000	0.330000	58.000000	23.000000	0	0.000000	0.000000	0.000000	0	0	0	
348640	1625	0.140000	6.210000	4.140000	1.060000	0.340000	58.000000	23.000000	0	0.000000	0.000000	0.000000	0	0	0	
348859	1637	0.140000	6.190000	4.140000	1.050000	0.330000	58.000000	23.000000	0	0.000000	0.000000	0.000000	0	0	0	
349062	1640	0.140000	6.220000	4.180000	1.060000	0.330000	58.000000	23.000000	0	0.000000	0.000000	0.000000	0	0	0	
349265	1632	0.140000	6.170000	4.110000	1.070000	0.340000	58.000000	23.000000	0	0.000000	0.000000	0.000000	0	0	0	
349453	1505	0.140000	6.190000	4.140000	1.070000	0.340000	58.000000	23.000000	0	0.000000	0.000000	0.000000	0	0	0	
349672	1384	0.140000	0.000000	0.000000	1.090000	0.350000	58.000000	22.000000	254	0.000000	0.000000	0.000000	0	0	0	
349890	1012	0.140000	6.700000	4.710000	1.070000	0.380000	58.000000	23.000000	0	0.000000	0.000000	0.000000	0	0	0	
350172	1044	0.140000	7.270000	5.270000	1.070000	0.400000	58.000000	22.000000	0	0.000000	0.000000	0.000000	0	0	0	
350390	1109	0.140000	7.340000	5.240000	1.080000	0.390000	58.000000	22.000000	0	0.000000	0.000000	0.000000	0	0	0	
350593	1136	0.140000	6.930000	4.890000	1.070000	0.370000	58.000000	23.000000	116	0.000000	0.000000	0.000000	0	0	0	
350781	1132	0.140000	6.510000	4.540000	1.070000	0.350000	58.000000	22.000000	234	0.000000	0.000000	0.000000	0	0	0	
350968	1105	0.140000	6.110000	4.200000	1.080000	0.340000	58.000000	23.000000	37	0.000000	0.000000	0.000000	0	0	0	
351156	1065	0.140000	6.020000	4.150000	1.080000	0.340000	58.000000	22.000000	114	0.000000	0.000000	0.000000	0	0	0	
351375	1027	0.140000	6.020000	4.150000	1.070000	0.350000	58.000000	22.000000	0	0.000000	0.000000	0.000000	0	0	0	
351609	968	0.140000	6.160000	4.230000	1.080000	0.360000	58.000000	22.000000	0	0.000000	0.000000	0.000000	0	0	0	
351781	927	0.140000	6.420000	4.450000	1.070000	0.380000	58.000000	22.000000	254	0.000000	0.000000	0.000000	0	0	0	
352000	895	0.140000	6.510000	4.520000	1.080000	0.390000	58.000000	22.000000	0	0.000000	0.000000	0.000000	0	0	0	
352203	889	0.140000	6.710000	4.700000	1.080000	0.390000	58.000000	22.000000	0	0.000000	0.000000	0.000000	0	0	0	
352406	901	0.140000	6.760000	4.740000	1.070000	0.400000	58.000000	22.000000	0	0.000000	0.000000	0.000000	0	0	0	
352593	900	0.140000	6.800000	4.780000	1.080000	0.400000	58.000000	22.000000	0	0.000000	0.000000	0.000000	0	0	0	
352890	909	0.140000	6.860000	4.850000	1.080000	0.400000	58.000000	22.000000	0	0.000000	0.000000	0.000000	0	0	0	
353109	916	0.140000	6.940000	4.900000	1.080000	0.400000	58.000000	22.000000	0	0.000000	0.000000	0.000000	0	0	0	
353297	916	0.140000	6.850000	4.820000	1.060000	0.410000	58.000000	22.000000	0	0.000000	0.000000	0.000000	0	0	0	
353531	905	0.140000	6.970000	4.950000	1.070000	0.400000	58.000000	22.000000	0	0.000000	0.000000	0.000000	0	0	0	
353734	915	0.140000	6.920000	4.900000	1.080000	0.400000	58.000000	22.000000	6	0.000000	0.000000	0.000000	0	0	0	
353922	913	0.140000	6.990000	4.950000	1.070000	0.400000	58.000000	22.000000	0	0.000000	0.000000	0.000000	0	0	0	
354093	912	0.140000	7.010000	4.970000	1.080000	0.390000	58.000000	22.000000	0	0.000000	0.000000	0.000000	0	0	0	
354297	928	0.140000	6.990000	4.950000	1.070000	0.390000	58.000000	22.000000	0	0.000000	0.000000	0.000000	0	0	0	
354500	925	0.140000	7.050000	5.000000	1.090000	0.390000	58.000000	22.000000	0	0.000000	0.000000	0.000000	0	0	0	
354703	920	0.140000	6.970000	4.930000	1.070000	0.400000	58.000000	22.000000	0	0.000000	0.000000	0.000000	0	0	0	
354890	919	0.140000	7.000000	4.960000	1.070000	0.400000	58.000000	22.000000	0	0.000000	0.000000	0.000000	0	0	0	
355156	918	0.140000	7.030000	4.980000	1.070000	0.390000	58.000000	22.000000	0	0.000000	0.000000	0.000000	0	0	0	
355390	915	0.140000	7.030000	4.990000	1.070000	0.400000	58.000000	22.000000	0	0.000000	0.000000	0.000000	0	0	0	
355593	919	0.140000	7.000000	4.960000	1.060000	0.400000	58.000000	22.000000	0	0.000000	0.000000	0.000000	0	0	0	
355797	919	0.140000	7.020000	4.970000	1.090000	0.380000	58.000000	22.000000	0	0.000000	0.000000	0.000000	0	0	0	
355984	928	0.140000	6.940000	4.920000	1.070000	0.380000	58.000000	22.000000	58	0.000000	0.000000	0.000000	0	0	0	
356187	924	0.140000	6.930000	4.890000	1.070000	0.390000	58.000000	22.000000	249	0.000000	0.000000	0.000000	0	0	0	
356375	923	0.140000	6.910000	4.880000	1.080000	0.380000	58.000000	22.000000	0	0.000000	0.000000	0.000000	0	0	0	
356609	943	0.140000	6.920000	4.880000	1.080000	0.370000	58.000000	22.000000	0	0.000000	0.000000	0.000000	0	0	0	
356828	979	0.140000	6.760000	4.760000	1.070000	0.360000	58.000000	22.000000	0	0.000000	0.000000	0.000000	0	0	0	
357093	980	0.140000	6.770000	4.730000	1.070000	0.360000	58.000000	22.000000	0	0.000000	0.000000	0.000000	0	0	0	
357328	976	0.140000	7.430000	5.420000	1.060000	0.450000	58.000000	22.000000	0	0.000000	0.000000	0.000000	0	0	0	
357531	1046	0.140000	7.890000	5.840000	1.060000	0.450000	58.000000	22.000000	0	0.000000	0.000000	0.000000	0	0	0	
357718	979	0.140000	7.760000	5.740000	1.070000	0.460000	58.000000	22.000000	251	0.000000	0.000000	0.000000	0	0	0	
357922	1026	0.140000	7.980000	5.990000	1.080000	0.450000	58.000000	22.000000	0	0.000000	0.000000	0.000000	0	0	0	
358125	997	0.140000	8.130000	6.050000	1.070000	0.440000	58.000000	22.000000	0	0.000000	0.000000	0.000000	0	0	0	
358328	1002	0.140000	7.990000	5.900000	1.080000	0.420000	58.000000	22.000000	0	0.000000	0.000000	0.000000	0	0	0	
358531	1018	0.140000	7.800000	5.750000	1.060000	0.430000	58.000000	22.000000	0	0.000000	0.000000	0.000000	0	0	0	
358734	1023	0.140000	7.780000	5.740000	1.070000	0.430000	58.000000	22.000000	0	0.000000	0.000000	0.000000	0	0	0	
358968	1104	0.140000	7.430000	5.460000	1.070000	0.380000	58.000000	22.000000	177	0.000000	0.000000	0.000000	0	0	0	
359172	1225	0.140000	7.050000	4.790000	1.070000	0.350000	58.000000	22.000000	241	0.000000	0.000000	0.000000	0	0	0	
359375	1283	0.140000	6.380000	4.370000	1.070000	0.340000	58.000000	22.000000	0	0.000000	0.000000	0.000000	0	0	0	
359578	1309	0.140000	6.600000	4.540000	1.070000	0.350000	58.000000	22.000000	0	0.000000	0.000000	0.000000	0	0	0	
359781	1313	0.140000	6.670000	4.620000	1.060000	0.350000	58.000000	23.000000	0	0.000000	0.000000	0.000000	0	0	0	
359984	1299	0.140000	6.630000	4.600000	1.070000	0.350000	58.000000	23.000000	0	0.000000	0.000000	0.000000	0	0	0	
360218	1248	0.140000	6.790000	4.750000	1.080000	0.340000	58.000000	23.000000	0	0.000000	0.000000	0.000000	0	0	0	
360406	1203	0.140000	6.810000	4.790000	1.070000	0.340000	58.000000	23.000000	0	0.000000	0.000000	0.000000	0	0	0	
360609	1148	0.140000	6.780000	4.760000	1.070000	0.350000	58.000000	23.000000	0	0.000000	0.000000	0.000000	0	0	0	
360797	1111	0.140000	6.840000	4.790000	1.080000	0.360000	58.000000	23.000000	0	0.000000	0.000000	0.000000	0	0	0	
361000	1079	0.140000	6.820000	4.790000	1.080000	0.360000	58.000000	23.000000	0	0.000000	0.000000	0.000000	0	0	0	
361297	1050	0.140000	6.900000	4.880000	1.080000	0.370000	58.000000	23.000000	0	0.000000	0.000000	0.000000	0	0	0	
361500	1024	0.140000	6.890000	4.880000	1.070000	0.370000	58.000000	23.000000	0	0.000000	0.000000	0.000000	0	0	0	
361703	1007	0.140000	6.950000	4.930000	1.070000	0.370000	58.000000	23.000000	0	0.000000	0.000000	0.000000	0	0	0	
361922	990	0.140000	6.940000	4.930000	1.080000	0.370000	58.000000	23.000000	0	0.000000	0.000000	0.000000	0	0	0	
362140	949	0.140000	6.970000	4.910000	1.070000	0.380000	59.000000	23.000000	0	0.000000	0.000000	0.000000	0	0	0	
362375	922	0.140000	7.150000	5.110000	1.080000	0.400000	59.000000	23.000000	0	0.000000	0.000000	0.000000	0	0	0	
362625	905	0.140000	7.190000	5.150000	1.070000	0.420000	59.000000	23.000000	0	0.000000	0.000000	0.000000	0	0	0	
362843	929	0.140000	7.480000	5.460000	1.070000	0.420000	59.000000	23.000000	3	0.000000	0.000000	0.000000	0	0	0	
363047	992	0.140000	7.230000	5.260000	1.070000	0.410000	59.000000	23.000000	0	0.000000	0.000000	0.000000	0	0	0	
363265	1044	0.140000	7.180000	5.140000	1.080000	0.390000	59.000000	23.000000	13	0.000000	0.000000	0.000000	0	0	0	
363468	1066	0.140000	7.030000	4.830000	1.070000	0.380000	59.000000	23.000000	0	0.000000	0.000000	0.000000	0	0	0	
363672	1064	0.140000	6.890000	4.880000	1.070000	0.370000	59.000000	23.000000	0	0.000000	0.000000	0.000000	0	0	0	
363890	1056	0.140000	6.800000	4.780000	1.060000	0.370000	59.000000	23.000000	0	0.000000	0.000000	0.000000	0	0	0	
364093	1042	0.140000	6.780000	4.740000	1.070000	0.350000	59.000000	23.000000	0	0.000000	0.000000	0.000000	0	0	0	
364297	1029	0.140000	6.730000	4.720000	1.080000	0.350000	59.000000	23.000000	0	0.000000	0.000000	0.000000	0	0	0	
364515	1007	0.140000	6.760000	4.740000	1.070000	0.360000	59.000000	23.000000	0	0.000000	0.000000	0.000000	0	0	0	
364718	989	0.140000	6.770000	4.750000	1.080000	0.360000	59.000000	23.000000	0	0.000000	0.000000	0.000000	0	0	0	
364922	972	0.140000	6.600000	4.600000	1.070000	0.370000	59.000000	23.000000	0	0.000000	0.000000	0.000000	0	0	0	
365109	942	0.140000	6.550000	4.490000	1.080000	0.350000	59.000000	23.000000	0	0.000000	0.000000	0.000000	0	0	0	
365297	900	0.140000	6.320000	4.360000	1.080000	0.350000	59.000000	23.000000	0	0.000000	0.000000	0.000000	0	0	0	
365593	789	0.140000	6.300000	4.350000	1.070000	0.370000	59.000000	23.000000	0	0.000000	0.000000	0.000000	0	0	0	
365797	757	0.140000	6.620000	4.640000	1.070000	0.390000	59.000000	23.000000	0	0.000000	0.000000	0.000000	0	0	0	
366000	755	0.140000	6.820000	4.820000	1.080000	0.420000	59.000000	23.000000	14	0.000000	0.000000	0.000000	0	0	0	
366234	787	0.140000	6.950000	4.950000	1.070000	0.430000	59.000000	23.000000	0	0.000000	0.000000	0.000000	0	0	0	
366468	821	0.140000	6.920000	4.930000	1.080000	0.410000	59.000000	23.000000	0	0.000000	0.000000	0.000000	0	0	0	
366687	816	0.140000	6.840000	4.810000	1.090000	0.400000	60.000000	23.000000	0	0.000000	0.000000	0.000000	0	0	0	
366890	809	0.140000	6.790000	4.780000	1.090000	0.400000	60.000000	23.000000	0	0.000000	0.000000	0.000000	0	0	0	
367078	807	0.140000	6.850000	4.840000	1.080000	0.410000	60.000000	23.000000	12	0.000000	0.000000	0.000000	0	0	0	
367312	801	0.140000	6.730000	4.750000	1.090000	0.400000	60.000000	23.000000	8	0.000000	0.000000	0.000000	0	0	0	
367531	803	0.140000	6.810000	4.810000	1.070000	0.410000	60.000000	23.000000	0	0.000000	0.000000	0.000000	0	0	0	
367734	806	0.140000	6.750000	4.750000	1.090000	0.400000	60.000000	23.000000	0	0.000000	0.000000	0.000000	0	0	0	
367937	802	0.140000	6.670000	4.680000	1.080000	0.410000	60.000000	23.000000	0	0.000000	0.000000	0.000000	0	0	0	
368140	811	0.140000	6.750000	4.750000	1.090000	0.390000	60.000000	23.000000	0	0.000000	0.000000	0.000000	0	0	0	
368359	806	0.140000	6.700000	4.710000	1.070000	0.410000	60.000000	23.000000	85	0.000000	0.000000	0.000000	0	0	0	
368562	803	0.140000	6.810000	4.780000	1.070000	0.410000	60.000000	23.000000	0	0.000000	0.000000	0.000000	0	0	0	
368781	812	0.140000	6.660000	4.690000	1.070000	0.400000	60.000000	23.000000	8	0.000000	0.000000	0.000000	0	0	0	
368984	806	0.140000	6.680000	4.690000	1.080000	0.410000	60.000000	23.000000	6	0.000000	0.000000	0.000000	0	0	0	
369172	799	0.140000	6.640000	4.650000	1.090000	0.400000	60.000000	23.000000	0	0.000000	0.000000	0.000000	0	0	0	
369375	804	0.140000	6.760000	4.760000	1.070000	0.410000	60.000000	23.000000	0	0.000000	0.000000	0.000000	0	0	0	
369578	804	0.140000	6.810000	4.810000	1.080000	0.410000	60.000000	23.000000	1	0.000000	0.000000	0.000000	0	0	0	
369875	810	0.140000	6.710000	4.710000	1.060000	0.410000	60.000000	23.000000	0	0.000000	0.000000	0.000000	0	0	0	
370078	807	0.140000	6.750000	4.750000	1.060000	0.410000	60.000000	23.000000	0	0.000000	0.000000	0.000000	0	0	0	
370297	810	0.140000	6.700000	4.710000	1.090000	0.400000	60.000000	23.000000	1	0.000000	0.000000	0.000000	0	0	0	
370500	806	0.140000	6.730000	4.760000	1.070000	0.410000	60.000000	23.000000	0	0.000000	0.000000	0.000000	0	0	0	
370687	802	0.140000	6.670000	4.700000	1.070000	0.410000	60.000000	23.000000	0	0.000000	0.000000	0.000000	0	0	0	
370875	808	0.140000	6.700000	4.750000	1.090000	0.390000	60.000000	23.000000	0	0.000000	0.000000	0.000000	0	0	0	
371078	804	0.140000	6.670000	4.700000	1.080000	0.400000	60.000000	23.000000	0	0.000000	0.000000	0.000000	0	0	0	
371265	805	0.140000	6.600000	4.640000	1.080000	0.400000	60.000000	23.000000	0	0.000000	0.000000	0.000000	0	0	0	
371500	812	0.140000	6.600000	4.630000	1.080000	0.390000	60.000000	23.000000	0	0.000000	0.000000	0.000000	0	0	0	
371687	793	0.140000	6.620000	4.630000	1.070000	0.410000	60.000000	23.000000	0	0.000000	0.000000	0.000000	0	0	0	
371875	803	0.140000	6.720000	4.720000	1.080000	0.400000	60.000000	24.000000	0	0.000000	0.000000	0.000000	0	0	0	
372093	808	0.140000	6.700000	4.710000	1.070000	0.410000	60.000000	24.000000	1	0.000000	0.000000	0.000000	0	0	0	
372312	802	0.140000	6.700000	4.700000	1.080000	0.400000	60.000000	24.000000	0	0.000000	0.000000	0.000000	0	0	0	
372500	806	0.140000	6.680000	4.690000	1.080000	0.400000	60.000000	24.000000	0	0.000000	0.000000	0.000000	0	0	0	
372703	801	0.140000	6.570000	4.580000	1.070000	0.410000	60.000000	24.000000	0	0.000000	0.000000	0.000000	0	0	0	
372906	800	0.140000	6.650000	4.660000	1.080000	0.400000	60.000000	24.000000	0	0.000000	0.000000	0.000000	0	0	0	
373093	805	0.140000	6.670000	4.680000	1.090000	0.400000	60.000000	24.000000	0	0.000000	0.000000	0.000000	0	0	0	
373328	804	0.140000	6.610000	4.630000	1.080000	0.400000	60.000000	24.000000	0	0.000000	0.000000	0.000000	0	0	0	
373531	808	0.140000	6.650000	4.660000	1.070000	0.390000	61.000000	24.000000	0	0.000000	0.000000	0.000000	0	0	0	
373703	804	0.140000	6.740000	4.720000	1.080000	0.410000	61.000000	24.000000	2	0.000000	0.000000	0.000000	0	0	0	
373984	796	0.140000	6.230000	4.310000	1.090000	0.400000	61.000000	24.000000	0	0.000000	0.000000	0.000000	0	0	0	
374203	789	0.140000	6.320000	4.360000	1.070000	0.420000	61.000000	24.000000	0	0.000000	0.000000	0.000000	0	0	0	
374406	796	0.140000	6.220000	4.300000	1.090000	0.400000	61.000000	24.000000	0	0.000000	0.000000	0.000000	0	0	0	
374593	786	0.140000	6.300000	4.380000	1.090000	0.400000	61.000000	24.000000	51	0.000000	0.000000	0.000000	0	0	0	
374812	779	0.140000	6.370000	4.420000	1.080000	0.420000	61.000000	24.000000	0	0.000000	0.000000	0.000000	0	0	0	
375015	788	0.140000	6.400000	4.450000	1.090000	0.420000	61.000000	24.000000	0	0.000000	0.000000	0.000000	0	0	0	
375203	786	0.140000	6.510000	4.530000	1.090000	0.410000	61.000000	24.000000	0	0.000000	0.000000	0.000000	0	0	0	
375390	799	0.140000	6.470000	4.480000	1.080000	0.420000	61.000000	24.000000	0	0.000000	0.000000	0.000000	0	0	0	
375609	801	0.140000	6.540000	4.580000	1.080000	0.410000	61.000000	24.000000	0	0.000000	0.000000	0.000000	0	0	0	
375812	799	0.140000	6.480000	4.530000	1.090000	0.410000	61.000000	24.000000	0	0.000000	0.000000	0.000000	0	0	0	
376000	798	0.140000	6.530000	4.550000	1.080000	0.410000	61.000000	24.000000	20	0.000000	0.000000	0.000000	0	0	0	
376234	802	0.140000	6.560000	4.570000	1.080000	0.410000	61.000000	24.000000	0	0.000000	0.000000	0.000000	0	0	0	
376468	798	0.140000	6.580000	4.590000	1.060000	0.420000	61.000000	24.000000	0	0.000000	0.000000	0.000000	0	0	0	
376656	800	0.140000	6.660000	4.670000	1.070000	0.410000	61.000000	24.000000	0	0.000000	0.000000	0.000000	0	0	0	
376859	798	0.140000	6.610000	4.620000	1.090000	0.400000	61.000000	24.000000	0	0.000000	0.000000	0.000000	0	0	0	
377062	804	0.140000	6.710000	4.720000	1.080000	0.410000	62.000000	24.000000	0	0.000000	0.000000	0.000000	0	0	0	
377250	803	0.140000	6.640000	4.650000	1.080000	0.410000	62.000000	24.000000	0	0.000000	0.000000	0.000000	0	0	0	
377437	804	0.140000	6.710000	4.720000	1.080000	0.410000	62.000000	24.000000	0	0.000000	0.000000	0.000000	0	0	0	
377640	801	0.140000	6.740000	4.740000	1.070000	0.410000	62.000000	24.000000	10	0.000000	0.000000	0.000000	0	0	0	
377797	797	0.140000	6.660000	4.670000	1.070000	0.410000	62.000000	24.000000	0	0.000000	0.000000	0.000000	0	0	0	
378078	802	0.140000	6.760000	4.760000	1.080000	0.410000	62.000000	24.000000	0	0.000000	0.000000	0.000000	0	0	0	
378297	804	0.140000	6.710000	4.710000	1.080000	0.400000	62.000000	24.000000	0	0.000000	0.000000	0.000000	0	0	0	
378500	806	0.140000	6.770000	4.770000	1.070000	0.410000	62.000000	25.000000	0	0.000000	0.000000	0.000000	0	0	0	
378734	806	0.140000	6.670000	4.670000	1.060000	0.410000	62.000000	25.000000	0	0.000000	0.000000	0.000000	0	0	0	
378937	803	0.140000	6.720000	4.720000	1.080000	0.410000	62.000000	25.000000	45	0.000000	0.000000	0.000000	0	0	0	
379140	800	0.140000	6.710000	4.710000	1.090000	0.400000	62.000000	25.000000	0	0.000000	0.000000	0.000000	0	0	0	
379343	809	0.140000	6.800000	4.780000	1.070000	0.410000	62.000000	25.000000	1	0.000000	0.000000	0.000000	0	0	0	
379531	801	0.140000	6.720000	4.730000	1.080000	0.400000	62.000000	25.000000	0	0.000000	0.000000	0.000000	0	0	0	
379734	801	0.140000	6.500000	4.520000	1.080000	0.410000	62.000000	25.000000	0	0.000000	0.000000	0.000000	0	0	0	
379922	795	0.140000	6.780000	4.780000	1.080000	0.400000	62.000000	25.000000	0	0.000000	0.000000	0.000000	0	0	0	
380140	797	0.140000	6.690000	4.700000	1.080000	0.410000	62.000000	25.000000	0	0.000000	0.000000	0.000000	0	0	0	
380328	804	0.140000	6.760000	4.760000	1.080000	0.400000	62.000000	25.000000	0	0.000000	0.000000	0.000000	0	0	0	
380547	800	0.140000	6.670000	4.680000	1.080000	0.410000	62.000000	25.000000	55	0.000000	0.000000	0.000000	0	0	0	
380765	798	0.140000	6.660000	4.670000	1.080000	0.410000	62.000000	25.000000	0	0.000000	0.000000	0.000000	0	0	0	
380984	796	0.140000	6.660000	4.670000	1.060000	0.410000	63.000000	25.000000	0	0.000000	0.000000	0.000000	0	0	0	
381172	801	0.140000	6.630000	4.640000	1.080000	0.410000	63.000000	25.000000	0	0.000000	0.000000	0.000000	0	0	0	
381359	800	0.140000	6.750000	4.750000	1.070000	0.420000	63.000000	25.000000	0	0.000000	0.000000	0.000000	0	0	0	
381562	794	0.140000	6.670000	4.680000	1.070000	0.420000	63.000000	25.000000	0	0.000000	0.000000	0.000000	0	0	0	
381750	799	0.140000	6.710000	4.740000	1.070000	0.420000	63.000000	25.000000	0	0.000000	0.000000	0.000000	0	0	0	
381937	802	0.140000	6.760000	4.740000	1.090000	0.400000	63.000000	25.000000	0	0.000000	0.000000	0.000000	0	0	0	
382218	797	0.140000	6.710000	4.700000	1.070000	0.420000	63.000000	25.000000	0	0.000000	0.000000	0.000000	0	0	0	
382422	799	0.140000	6.780000	4.760000	1.070000	0.420000	63.000000	25.000000	0	0.000000	0.000000	0.000000	0	0	0	
382609	797	0.140000	6.650000	4.640000	1.070000	0.420000	63.000000	25.000000	0	0.000000	0.000000	0.000000	0	0	0	
382797	804	0.140000	6.730000	4.730000	1.080000	0.410000	63.000000	25.000000	0	0.000000	0.000000	0.000000	0	0	0	
383000	801	0.140000	6.640000	4.650000	1.090000	0.400000	63.000000	25.000000	0	0.000000	0.000000	0.000000	0	0	0	
383187	806	0.140000	6.660000	4.670000	1.070000	0.410000	63.000000	25.000000	0	0.000000	0.000000	0.000000	0	0	0	
383406	801	0.140000	6.630000	4.640000	1.080000	0.410000	63.000000	25.000000	0	0.000000	0.000000	0.000000	0	0	0	
383625	794	0.140000	6.610000	4.620000	1.060000	0.420000	63.000000	25.000000	0	0.000000	0.000000	0.000000	0	0	0	
383828	799	0.140000	6.700000	4.700000	1.090000	0.400000	63.000000	25.000000	0	0.000000	0.000000	0.000000	0	0	0	
384031	801	0.140000	6.620000	4.630000	1.070000	0.420000	63.000000	25.000000	0	0.000000	0.000000	0.000000	0	0	0	
384218	804	0.140000	6.700000	4.700000	1.080000	0.410000	63.000000	25.000000	0	0.000000	0.000000	0.000000	0	0	0	
384422	796	0.140000	6.660000	4.670000	1.080000	0.410000	63.000000	25.000000	0	0.000000	0.000000	0.000000	0	0	0	
384609	792	0.140000	6.670000	4.660000	1.080000	0.410000	63.000000	25.000000	97	0.000000	0.000000	0.000000	0	0	0	
384843	799	0.140000	6.700000	4.720000	1.060000	0.420000	63.000000	25.000000	0	0.000000	0.000000	0.000000	0	0	0	
385078	802	0.140000	6.660000	4.670000	1.070000	0.420000	64.000000	25.000000	0	0.000000	0.000000	0.000000	0	0	0	
385312	796	0.140000	6.700000	4.690000	1.080000	0.410000	64.000000	25.000000	22	0.000000	0.000000	0.000000	0	0	0	
385562	807	0.140000	6.630000	4.640000	1.080000	0.410000	64.000000	25.000000	0	0.000000	0.000000	0.000000	0	0	0	