Piątek,14,Sierpień,2026,06:39:04:00009-VCID:1C3761778CABCE7337-515A,Wersja VCDS: AKP 23.3.1,Wersja danych: 20230601 DS346.2
047 906 033 L,,1.4l SIMOS3PA   00HS5401,

,Grupa A:,'001,,,,Grupa B:,'015,,,,Grupa C:,'016
,,Obroty silnika,Temperatura,Lambda,Bity binarnie,,Zliczanie,Zliczanie,Zliczanie, ,,Zliczanie, , , 
,CZAS,,,,,CZAS,,,,,CZAS,,,,
Znacznik,ZAPISU, /min,*C, %,,ZAPISU,,,,,ZAPISU,,,,
,0.27,992,19.5,0.0,10110110,0.54,0,0,0,aktywna,0.01,0, , ,aktywna
,1.16,992,19.5,0.0,10110110,1.47,0,0,0,aktywna,0.83,0, , ,aktywna
,2.07,960,19.5,0.0,10110110,2.43,0,0,0,aktywna,1.73,0, , ,aktywna
,3.01,1088,19.5,0.0,10100010,3.36,0,0,0,aktywna,2.70,0, , ,aktywna
,3.98,1056,19.5,0.0,10100010,4.30,0,0,0,aktywna,3.67,0, , ,aktywna
,4.92,1088,19.5,0.0,10100010,5.23,0,0,0,aktywna,4.63,0, , ,aktywna
,5.87,928,19.5,0.0,10100010,6.20,0,0,0,aktywna,5.52,0, , ,aktywna
,6.85,1280,19.5,0.0,10100010,7.18,0,0,0,aktywna,6.51,0, , ,aktywna
,7.86,1344,19.5,0.0,10110110,8.17,0,0,0,nieaktywna,7.51,0, , ,nieaktywna
,8.79,1312,19.5,0.0,10110110,9.12,0,0,0,nieaktywna,8.48,0, , ,nieaktywna
,9.73,1056,19.5,0.0,10110110,10.05,0,0,0,aktywna,9.44,0, , ,nieaktywna
,10.66,928,19.5,0.0,10110110,10.97,0,0,0,aktywna,10.35,0, , ,aktywna
,11.59,928,19.5,0.0,10110110,11.90,0,0,0,aktywna,11.27,0, , ,aktywna
,12.51,864,19.5,0.0,10100010,12.80,0,0,0,aktywna,12.21,0, , ,aktywna
,13.44,1024,19.5,0.0,10110110,13.78,0,0,0,aktywna,13.13,0, , ,nieaktywna
,14.44,928,19.5,0.0,10110110,14.77,0,0,0,aktywna,14.10,0, , ,aktywna
,15.42,960,19.5,0.0,10110110,15.72,0,0,0,aktywna,15.11,0, , ,aktywna
,16.32,896,19.5,0.0,10110110,16.63,0,0,0,aktywna,16.03,0, , ,aktywna
,17.29,928,19.5,0.0,10110110,17.61,0,0,0,aktywna,16.97,0, , ,aktywna
,18.23,928,21.0,0.0,10110110,18.54,0,0,0,aktywna,17.92,0, , ,aktywna
,19.17,928,21.0,0.0,10110110,19.48,0,0,0,aktywna,18.85,0, , ,aktywna
,20.08,992,21.0,0.0,10100010,20.39,0,0,0,aktywna,19.80,0, , ,aktywna
,21.00,896,21.0,0.0,10100010,21.30,0,0,0,aktywna,20.68,0, , ,aktywna
,21.94,1056,21.0,0.0,10100010,22.29,0,0,0,aktywna,21.63,0, , ,aktywna
,22.93,928,21.0,0.0,10100010,23.23,0,0,0,aktywna,22.64,0, , ,aktywna
,23.88,1120,21.0,0.0,10110110,24.19,0,0,0,aktywna,23.55,0, , ,aktywna
,24.86,1152,21.0,0.0,10100010,25.17,0,0,0,aktywna,24.53,0, , ,aktywna
,25.81,1216,21.0,0.0,10100010,26.14,0,0,0,aktywna,25.48,0, , ,aktywna
,26.79,1376,21.0,0.0,10110110,27.06,0,0,0,nieaktywna,26.47,0, , ,aktywna
,27.73,1504,21.0,0.0,10110110,28.09,0,0,0,nieaktywna,27.46,0, , ,nieaktywna
,28.71,1152,21.0,0.0,10110110,29.03,0,0,0,aktywna,28.39,0, , ,nieaktywna
,29.66,928,21.0,0.0,10110110,29.96,0,0,0,aktywna,29.33,0, , ,aktywna
,30.57,832,21.0,0.0,10100010,30.87,0,0,0,aktywna,30.27,0, , ,aktywna
,31.52,1184,21.0,0.0,10100010,31.84,0,0,0,aktywna,31.19,0, , ,aktywna
,32.50,1120,22.5,0.0,10101010,32.81,0,0,0,aktywna,32.16,0, , ,aktywna
,33.42,928,22.5,0.0,10101010,33.69,0,0,0,aktywna,33.11,0, , ,aktywna
,34.35,1184,22.5,0.0,10111110,34.69,0,0,0,aktywna,34.02,0, , ,aktywna
,35.28,960,22.5,0.0,10101010,35.60,0,0,0,aktywna,35.00,0, , ,aktywna
,36.24,1152,22.5,0.8,10101010,36.57,0,0,0,aktywna,35.93,0, , ,aktywna
,37.17,800,22.5,0.0,10101010,37.50,0,0,0,aktywna,36.87,0, , ,aktywna
,38.15,1152,22.5,0.0,10101010,38.48,0,0,0,aktywna,37.83,0, , ,aktywna
,39.17,1696,22.5,0.0,10101010,39.53,0,0,0,aktywna,38.81,0, , ,aktywna
,40.20,2240,22.5,0.0,10111100,40.52,0,0,0,nieaktywna,39.86,0, , ,aktywna
,41.23,1760,22.5,0.0,10101010,41.57,0,0,0,aktywna,40.89,0, , ,nieaktywna
,42.21,1280,22.5,0.0,10101010,42.55,0,0,0,aktywna,41.88,0, , ,aktywna
,43.26,1472,24.0,0.0,10101010,43.62,0,0,0,aktywna,42.86,0, , ,aktywna
,44.37,1696,24.0,0.0,10101010,44.75,0,0,0,aktywna,43.98,0, , ,aktywna
,45.49,1888,24.0,-10.5,10101010,45.85,0,0,0,aktywna,45.12,0, , ,aktywna
,46.56,2048,24.0,-13.3,10101000,46.90,0,0,0,aktywna,46.21,0, , ,aktywna
,47.58,2144,24.0,-8.2,10101000,47.90,0,0,0,aktywna,47.25,0, , ,aktywna
,48.57,2336,24.0,0.0,10101000,48.93,0,0,0,aktywna,48.23,0, , ,aktywna
,49.65,2304,24.0,0.0,10111100,49.96,0,0,0,nieaktywna,49.28,0, , ,aktywna
,50.61,1280,24.0,0.0,10111110,50.94,0,0,0,nieaktywna,50.26,0, , ,nieaktywna
,51.58,1120,24.0,-16.4,10111110,51.87,0,0,0,aktywna,51.25,0, , ,nieaktywna
,52.47,992,25.5,-13.7,10111110,52.76,0,0,0,aktywna,52.17,0, , ,aktywna
,53.40,992,25.5,-10.2,10111110,53.75,0,0,0,aktywna,53.12,0, , ,aktywna
,54.37,992,25.5,-8.6,10111110,54.72,0,0,0,aktywna,54.01,0, , ,aktywna
,55.34,928,25.5,-6.6,10111110,55.65,0,0,0,aktywna,55.02,0, , ,aktywna
,56.27,928,25.5,-4.3,10111110,56.58,0,0,0,aktywna,55.96,0, , ,aktywna
,57.20,928,25.5,-2.0,10111110,57.53,0,0,0,aktywna,56.88,0, , ,aktywna
,58.18,928,25.5,0.0,10111110,58.50,0,0,0,aktywna,57.85,0, , ,aktywna
,59.09,928,25.5,1.2,10111110,59.40,0,0,0,aktywna,58.80,0, , ,aktywna
,60.03,896,25.5,2.0,10111110,60.33,0,0,0,aktywna,59.72,0, , ,aktywna
,61.02,1504,25.5,0.0,10101010,61.40,0,0,0,aktywna,60.65,0, , ,aktywna
,61.98,800,27.0,0.0,10101010,62.29,0,0,0,aktywna,61.70,0, , ,aktywna
,63.03,1696,27.0,0.0,10101010,63.39,0,0,0,aktywna,62.64,0, , ,aktywna
,64.05,1184,27.0,0.0,10101010,64.36,0,0,0,aktywna,63.71,0, , ,nieaktywna
,65.01,1184,27.0,0.0,10101010,65.33,0,0,0,aktywna,64.70,0, , ,aktywna
,65.99,1408,27.0,0.0,10101010,66.31,0,0,0,aktywna,65.63,0, , ,aktywna
,67.05,1600,27.0,0.0,10101010,67.42,0,0,0,aktywna,66.68,0, , ,aktywna
,68.15,1824,27.0,-10.2,10101010,68.52,0,0,0,aktywna,67.79,0, , ,aktywna
,69.24,2016,27.0,-16.0,10101000,69.60,0,0,0,aktywna,68.89,0, , ,aktywna
,70.29,2208,28.5,-14.5,10101000,70.63,0,0,0,aktywna,69.95,0, , ,aktywna
,71.30,2336,28.5,-9.4,10101000,71.63,0,0,0,aktywna,70.96,0, , ,aktywna
,72.31,2464,28.5,-6.3,10101000,72.65,0,0,0,aktywna,71.97,0, , ,aktywna
,73.38,2144,28.5,0.0,10111100,73.69,0,0,0,nieaktywna,72.99,0, , ,aktywna
,74.32,1056,28.5,0.0,10111110,74.70,0,0,0,aktywna,73.99,0, , ,nieaktywna
,75.43,1792,28.5,-8.2,10101010,75.78,0,0,0,nieaktywna,75.06,0, , ,nieaktywna
,76.52,1792,28.5,-12.9,10101010,76.90,0,0,0,nieaktywna,76.16,0, , ,nieaktywna
,77.66,1856,28.5,-14.8,10101010,78.02,0,0,0,nieaktywna,77.27,0, , ,nieaktywna
,78.76,1888,28.5,-13.7,10101010,79.12,0,0,0,nieaktywna,78.40,0, , ,nieaktywna
,79.84,1920,30.0,-10.9,10111110,80.22,0,0,0,nieaktywna,79.48,0, , ,nieaktywna
,80.94,1888,30.0,-4.7,10111110,81.32,0,0,0,nieaktywna,80.58,0, , ,nieaktywna
,82.06,1856,30.0,-1.2,10111110,82.44,0,0,0,nieaktywna,81.69,0, , ,nieaktywna
,83.16,1856,30.0,0.4,10111110,83.52,0,0,0,nieaktywna,82.77,0, , ,nieaktywna
,84.25,1888,30.0,-0.4,10111110,84.62,0,0,0,nieaktywna,83.90,0, , ,nieaktywna
,85.29,1824,31.5,0.8,10111110,85.63,0,0,0,nieaktywna,84.97,0, , ,nieaktywna
,86.29,1696,31.5,2.7,10111110,86.66,0,0,0,nieaktywna,85.97,0, , ,nieaktywna
,87.34,1504,31.5,3.5,10111110,87.65,0,0,0,nieaktywna,87.03,0, , ,nieaktywna
,88.32,1280,31.5,6.6,10111110,88.63,0,0,0,nieaktywna,87.99,0, , ,nieaktywna
,89.24,1184,31.5,4.3,10111110,89.57,0,0,0,aktywna,88.94,0, , ,nieaktywna
,90.21,1152,31.5,5.5,10111110,90.53,0,0,0,aktywna,89.88,0, , ,aktywna
,91.16,1120,31.5,7.0,10111110,91.50,0,0,0,aktywna,90.84,0, , ,aktywna
,92.14,1120,31.5,7.8,10111110,92.45,0,0,0,aktywna,91.81,0, , ,aktywna
,93.12,1120,31.5,7.0,10101010,93.46,0,0,0,aktywna,92.79,0, , ,aktywna
,94.13,1248,31.5,0.0,10101010,94.44,0,0,0,aktywna,93.79,0, , ,aktywna
,95.10,1344,33.0,3.1,10101010,95.46,0,0,0,aktywna,94.77,0, , ,aktywna
,96.09,1504,33.0,0.0,10101010,96.44,0,0,0,aktywna,95.83,0, , ,aktywna
,97.14,1632,33.0,2.7,10101010,97.48,0,0,0,aktywna,96.80,0, , ,aktywna
,98.18,1728,33.0,-4.3,10111110,98.53,0,0,0,nieaktywna,97.83,0, , ,nieaktywna
,99.26,1600,33.0,-5.1,10111110,99.54,0,0,0,nieaktywna,98.89,0, , ,nieaktywna
,100.13,1504,33.0,-1.2,10111110,100.56,0,0,0,nieaktywna,99.86,0, , ,nieaktywna
,101.33,1472,34.5,2.7,10101010,101.69,0,0,0,aktywna,100.97,0, , ,aktywna
,102.38,1664,34.5,7.0,10101010,102.74,0,0,0,aktywna,102.04,0, , ,aktywna
,103.50,1760,34.5,4.7,10101010,103.86,0,0,0,nieaktywna,103.10,0, , ,aktywna
,104.57,1856,34.5,-3.9,10101010,104.94,0,0,0,nieaktywna,104.20,0, , ,nieaktywna
,105.66,1920,34.5,-7.0,10111110,106.04,0,0,0,nieaktywna,105.30,0, , ,nieaktywna
,106.77,1920,34.5,-3.5,10111110,107.11,0,0,0,nieaktywna,106.40,0, , ,nieaktywna
,107.80,1120,34.5,0.0,10111110,108.10,0,0,0,nieaktywna,107.49,0, , ,nieaktywna
,108.72,1056,34.5,0.0,10111110,109.03,0,0,0,aktywna,108.40,0, , ,aktywna
,109.62,896,36.0,-1.2,10111110,109.94,0,0,0,aktywna,109.33,0, , ,aktywna
,110.57,896,36.0,-0.8,10111110,110.89,0,0,0,aktywna,110.24,0, , ,aktywna
,111.48,896,36.0,0.4,10111110,111.79,0,0,0,aktywna,111.19,0, , ,aktywna
,112.41,896,36.0,2.0,10111110,112.71,0,0,0,aktywna,112.11,0, , ,aktywna
,113.30,896,36.0,3.5,10111110,113.61,0,0,0,aktywna,113.01,0, , ,aktywna
,114.23,896,36.0,0.0,10101010,114.61,0,0,0,aktywna,113.93,0, , ,aktywna
,115.33,1280,36.0,0.0,10101010,115.67,0,0,0,aktywna,114.98,0, , ,aktywna
,116.33,1536,36.0,0.0,10101010,116.66,0,0,0,aktywna,115.97,0, , ,aktywna
,117.38,1824,36.0,-1.6,10101010,117.74,0,0,0,aktywna,117.01,0, , ,aktywna
,118.48,1920,36.0,-9.0,10111110,118.84,0,0,0,nieaktywna,118.11,0, , ,nieaktywna
,119.54,1856,36.0,-13.3,10111110,119.92,0,0,0,nieaktywna,119.20,0, , ,nieaktywna
,120.63,1728,37.5,-7.0,10111110,121.00,0,0,0,nieaktywna,120.29,0, , ,nieaktywna
,121.67,1664,37.5,-2.3,10111110,122.02,0,0,0,nieaktywna,121.34,0, , ,nieaktywna
,122.71,1600,37.5,-0.4,10101010,123.07,0,0,0,aktywna,122.36,0, , ,nieaktywna
,123.77,1696,37.5,3.9,10101010,124.12,0,0,0,aktywna,123.40,0, , ,aktywna
,124.86,1824,37.5,0.0,10101010,125.22,0,0,0,aktywna,124.50,0, , ,aktywna
,125.93,2080,37.5,0.8,10101000,126.28,0,0,0,aktywna,125.59,0, , ,aktywna
,126.97,2368,37.5,2.0,10101000,127.31,0,0,0,aktywna,126.62,0, , ,aktywna
,128.05,1760,37.5,0.0,10111110,128.37,0,0,0,nieaktywna,127.68,0, , ,nieaktywna
,129.11,1696,39.0,0.0,10101010,129.44,0,0,0,aktywna,128.75,0, , ,nieaktywna
,130.18,1728,39.0,-2.7,10101010,130.54,0,0,0,aktywna,129.80,0, , ,aktywna
,131.27,1760,39.0,-4.3,10101010,131.67,0,0,0,aktywna,130.88,0, , ,aktywna
,132.41,1792,39.0,-3.9,10101010,132.76,0,0,0,aktywna,132.05,0, , ,aktywna
,133.51,1856,39.0,0.4,10101010,133.89,0,0,0,aktywna,133.14,0, , ,aktywna
,134.60,1952,39.0,1.2,10101010,134.97,0,0,0,aktywna,134.24,0, , ,aktywna
,135.68,1952,39.0,-0.4,10101010,136.04,0,0,0,aktywna,135.32,0, , ,aktywna
,136.75,2016,39.0,0.8,10101000,137.12,0,0,0,aktywna,136.40,0, , ,aktywna
,137.80,2112,39.0,0.0,10101000,138.15,0,0,0,aktywna,137.46,0, , ,aktywna
,138.83,2208,40.5,0.0,10101000,139.16,0,0,0,aktywna,138.49,0, , ,aktywna
,139.84,2304,40.5,0.8,11101000,140.17,0,0,0,aktywna,139.50,0, , ,aktywna
,140.84,2400,40.5,1.6,11101000,141.19,0,0,0,aktywna,140.48,0, , ,aktywna
,141.89,2464,40.5,0.0,11101000,142.22,0,0,0,nieaktywna,141.54,0, , ,aktywna
,142.86,1120,40.5,0.0,11111110,143.15,0,0,0,aktywna,142.54,0, , ,nieaktywna
,143.83,1760,40.5,0.0,11101010,144.16,0,0,0,nieaktywna,143.49,0, , ,nieaktywna
,144.91,1728,40.5,0.0,11101010,145.25,0,0,0,aktywna,144.53,0, , ,nieaktywna
,145.96,1696,40.5,-3.1,11101010,146.36,0,0,0,aktywna,145.61,0, , ,aktywna
,147.12,1728,40.5,-0.4,11101010,147.47,0,0,0,aktywna,146.74,0, , ,aktywna
,148.21,1728,42.0,2.0,11101010,148.61,0,0,0,aktywna,147.83,0, , ,aktywna
,149.34,1728,42.0,3.5,11101010,149.72,0,0,0,aktywna,148.99,0, , ,aktywna
,150.45,1760,42.0,3.1,11101010,150.85,0,0,0,aktywna,150.08,0, , ,aktywna
,151.60,1792,42.0,2.3,11101010,151.99,0,0,0,aktywna,151.22,0, , ,aktywna
,152.73,1792,42.0,1.2,11101010,153.11,0,0,0,aktywna,152.39,0, , ,aktywna
,153.85,1824,42.0,0.8,11101010,154.21,0,0,0,aktywna,153.47,0, , ,aktywna
,154.98,1824,42.0,0.4,11101010,155.36,0,0,0,aktywna,154.60,0, , ,aktywna
,156.12,1856,42.0,0.0,11101010,156.50,0,0,0,aktywna,155.74,0, , ,nieaktywna
,157.23,1920,42.0,-2.0,11101010,157.60,0,0,0,nieaktywna,156.86,0, , ,aktywna
,158.33,1952,43.5,0.0,11101010,158.68,0,0,0,nieaktywna,157.96,0, , ,nieaktywna
,159.40,1984,43.5,-2.0,11101010,159.76,0,0,0,aktywna,159.04,0, , ,aktywna
,160.48,2016,43.5,-2.0,11101000,160.83,0,0,0,aktywna,160.13,0, , ,aktywna
,161.51,2016,43.5,-0.4,11101000,161.87,0,0,0,aktywna,161.17,0, , ,aktywna
,162.60,2016,43.5,-5.9,11101000,162.97,0,0,0,aktywna,162.23,0, , ,aktywna
,163.69,2016,43.5,-3.5,11101000,164.03,0,0,0,aktywna,163.32,0, , ,aktywna
,164.75,1984,43.5,-2.3,11101000,165.11,0,0,0,aktywna,164.39,0, , ,aktywna
,165.81,1984,43.5,0.4,11101000,166.17,0,0,0,aktywna,165.45,0, , ,aktywna
,166.89,1952,43.5,2.0,11101010,167.25,0,0,0,aktywna,166.52,0, , ,aktywna
,167.98,1952,45.0,2.0,11101010,168.34,0,0,0,aktywna,167.62,0, , ,aktywna
,169.05,1920,45.0,2.0,11101010,169.41,0,0,0,aktywna,168.70,0, , ,aktywna
,170.13,1952,45.0,-12.1,11101010,170.48,0,0,0,aktywna,169.76,0, , ,aktywna
,171.20,1952,45.0,-6.3,11101010,171.55,0,0,0,aktywna,170.85,0, , ,aktywna
,172.26,1952,45.0,2.0,11101010,172.63,0,0,0,aktywna,171.91,0, , ,aktywna
,173.36,1920,45.0,3.1,11101010,173.71,0,0,0,aktywna,173.00,0, , ,aktywna
,174.44,1920,45.0,4.7,11101010,174.80,0,0,0,aktywna,174.08,0, , ,aktywna
,175.51,1920,45.0,6.3,11101010,175.89,0,0,0,aktywna,175.16,0, , ,aktywna
,176.62,1920,45.0,7.4,11101010,176.99,0,0,0,aktywna,176.24,0, , ,aktywna
,177.74,1920,45.0,7.4,11101010,178.12,0,0,0,aktywna,177.37,0, , ,aktywna
,178.87,1888,46.5,6.6,11101010,179.25,0,0,0,aktywna,178.49,0, , ,aktywna
,179.98,1888,46.5,6.3,11101010,180.35,0,0,0,aktywna,179.61,0, , ,aktywna
,181.09,1888,46.5,7.4,11101010,181.47,0,0,0,aktywna,180.73,0, , ,aktywna
,182.19,1888,46.5,7.8,11101010,182.55,0,0,0,aktywna,181.83,0, , ,aktywna
,183.29,1888,46.5,8.2,11101010,183.66,0,0,0,aktywna,182.92,0, , ,aktywna
,184.38,1888,46.5,10.9,11101010,184.74,0,0,0,aktywna,184.02,0, , ,aktywna
,185.47,1920,46.5,11.7,11101010,185.83,0,0,0,aktywna,185.10,0, , ,aktywna
,186.54,1920,46.5,10.5,11101010,186.91,0,0,0,aktywna,186.19,0, , ,aktywna
,187.62,1920,46.5,1.6,11101010,187.99,0,0,0,nieaktywna,187.27,0, , ,nieaktywna
,188.70,1952,46.5,2.0,11101010,189.08,0,0,0,nieaktywna,188.34,0, , ,nieaktywna
,189.82,1920,46.5,-0.8,11101010,190.19,0,0,0,aktywna,189.45,0, , ,aktywna
,190.91,1920,48.0,-2.3,11101010,191.28,0,0,0,aktywna,190.54,0, , ,aktywna
,192.00,1920,48.0,-3.5,11101010,192.37,0,0,0,aktywna,191.63,0, , ,aktywna
,193.10,1920,48.0,-2.7,11101010,193.47,0,0,0,aktywna,192.73,0, , ,aktywna
,194.19,1920,48.0,-0.8,11101010,194.57,0,0,0,aktywna,193.83,0, , ,aktywna
,195.30,1888,48.0,-1.2,11101010,195.66,0,0,0,aktywna,194.94,0, , ,aktywna
,196.38,1888,48.0,-2.7,11101010,196.74,0,0,0,aktywna,196.02,0, , ,aktywna
,197.48,1888,48.0,-2.3,11101010,197.85,0,0,0,aktywna,197.10,0, , ,aktywna
,198.60,1888,48.0,0.4,11101010,198.99,0,0,0,aktywna,198.23,0, , ,aktywna
,199.75,1888,48.0,2.0,11101010,200.11,0,0,0,aktywna,199.37,0, , ,aktywna
,200.86,1888,48.0,4.3,11101010,201.22,0,0,0,aktywna,200.48,0, , ,aktywna
,201.96,1888,48.0,6.3,11101010,202.32,0,0,0,aktywna,201.59,0, , ,aktywna
,203.04,1920,49.5,7.8,11101010,203.42,0,0,0,aktywna,202.68,0, , ,aktywna
,204.13,1920,49.5,8.2,11101010,204.48,0,0,0,nieaktywna,203.77,0, , ,nieaktywna
,205.22,1952,49.5,8.6,11101010,205.58,0,0,0,nieaktywna,204.85,0, , ,nieaktywna
,206.31,1984,49.5,2.0,11101010,206.67,0,0,0,nieaktywna,205.95,0, , ,nieaktywna
,207.38,1984,49.5,3.5,11101000,207.75,0,0,0,nieaktywna,207.03,0, , ,nieaktywna
,208.45,2016,49.5,3.9,11101000,208.80,0,0,0,aktywna,208.09,0, , ,nieaktywna
,209.49,2016,49.5,5.5,11101000,209.87,0,0,0,aktywna,209.14,0, , ,aktywna
,210.57,2048,49.5,5.5,11101000,210.92,0,0,0,aktywna,210.22,0, , ,aktywna
,211.62,2048,49.5,5.5,11101000,211.97,0,0,0,aktywna,211.27,0, , ,aktywna
,212.68,2048,49.5,5.1,11101000,213.03,0,0,0,aktywna,212.33,0, , ,aktywna
,213.73,2080,49.5,3.9,11101000,214.07,0,0,0,aktywna,213.37,0, , ,aktywna
,214.80,2080,49.5,3.1,11101000,215.14,0,0,0,aktywna,214.44,0, , ,aktywna
,215.81,2112,49.5,3.1,11101000,216.17,0,0,0,aktywna,215.47,0, , ,aktywna
,216.89,2112,51.0,3.1,11101000,217.23,0,0,0,nieaktywna,216.53,0, , ,aktywna
,217.91,2112,51.0,3.1,11101000,218.25,0,0,0,aktywna,217.57,0, , ,aktywna
,218.93,2144,51.0,2.7,11101000,219.28,0,0,0,aktywna,218.60,0, , ,aktywna
,219.96,2144,51.0,2.7,11101000,220.32,0,0,0,aktywna,219.63,0, , ,aktywna
,221.03,2144,51.0,1.2,11101000,221.37,0,0,0,aktywna,220.68,0, , ,aktywna
,222.07,2144,51.0,0.8,11101000,222.43,0,0,0,aktywna,221.72,0, , ,aktywna
,223.15,2144,51.0,0.8,11101000,223.51,0,0,0,aktywna,222.79,0, , ,aktywna
,224.22,2144,51.0,0.0,11101000,224.56,0,0,0,nieaktywna,223.87,0, , ,aktywna
,225.27,2112,51.0,-9.0,11101000,225.63,0,0,0,nieaktywna,224.91,0, , ,nieaktywna
,226.34,2080,52.5,-12.1,11101000,226.69,0,0,0,nieaktywna,225.99,0, , ,nieaktywna
,227.38,2080,52.5,-12.5,11101000,227.73,0,0,0,nieaktywna,227.03,0, , ,nieaktywna
,228.43,2016,52.5,-10.9,11101000,228.80,0,0,0,aktywna,228.08,0, , ,aktywna
,229.51,2016,52.5,-8.6,11101000,229.86,0,0,0,aktywna,229.15,0, , ,aktywna
,230.58,1984,52.5,-3.5,11101000,230.93,0,0,0,aktywna,230.22,0, , ,aktywna
,231.64,2016,52.5,3.5,11101000,231.98,0,0,0,aktywna,231.30,0, , ,aktywna
,232.69,2016,52.5,6.6,11101000,233.03,0,0,0,aktywna,232.34,0, , ,aktywna
,233.73,2016,52.5,8.2,11101000,234.10,0,0,0,aktywna,233.38,0, , ,aktywna
,234.82,2016,52.5,0.0,11101000,235.17,0,0,0,aktywna,234.46,0, , ,aktywna
,235.90,2016,52.5,-5.1,11101000,236.26,0,0,0,nieaktywna,235.53,0, , ,aktywna
,236.97,1984,54.0,-7.8,11101000,237.32,0,0,0,nieaktywna,236.61,0, , ,nieaktywna
,238.05,1984,54.0,-9.0,11101000,238.39,0,0,0,aktywna,237.69,0, , ,aktywna
,239.12,2016,54.0,-7.8,11101000,239.50,0,0,0,aktywna,238.74,0, , ,aktywna
,240.21,2016,54.0,-6.6,11101000,240.57,0,0,0,aktywna,239.85,0, , ,aktywna
,241.27,2048,54.0,-6.3,11101000,241.62,0,0,0,aktywna,240.94,0, , ,aktywna
,242.32,2048,54.0,-2.7,11101000,242.66,0,0,0,aktywna,241.97,0, , ,aktywna
,243.36,2080,54.0,-2.7,11101000,243.70,0,0,0,aktywna,243.01,0, , ,aktywna
,244.38,2112,54.0,-3.9,11101000,244.73,0,0,0,aktywna,244.05,0, , ,aktywna
,245.41,2144,54.0,-6.3,11101000,245.74,0,0,0,aktywna,245.06,0, , ,aktywna
,246.40,2176,54.0,-8.6,11101000,246.75,0,0,0,aktywna,246.07,0, , ,aktywna
,247.45,2176,54.0,-10.9,11101000,247.79,0,0,0,nieaktywna,247.10,0, , ,nieaktywna
,248.47,2208,54.0,-14.5,11101000,248.80,0,0,0,aktywna,248.12,0, , ,nieaktywna
,249.47,2240,54.0,-12.9,11101000,249.80,0,0,0,aktywna,249.13,0, , ,aktywna
,250.48,2304,54.0,0.8,11101000,250.81,0,0,0,aktywna,250.13,0, , ,aktywna
,251.46,2336,55.5,2.3,11101000,251.80,0,0,0,aktywna,251.13,0, , ,aktywna
,252.46,2400,55.5,2.7,11101000,252.81,0,0,0,aktywna,252.12,0, , ,aktywna
,253.49,2464,55.5,1.2,11101000,253.85,0,0,0,aktywna,253.16,0, , ,aktywna
,254.54,2528,55.5,-4.3,11101000,254.89,0,0,0,aktywna,254.20,0, , ,aktywna
,255.53,2592,55.5,-6.3,11101000,255.88,0,0,0,aktywna,255.22,0, , ,aktywna
,256.57,2688,55.5,-7.8,11101000,256.91,0,0,0,aktywna,256.22,0, , ,aktywna
,257.61,2720,55.5,0.0,11101000,257.93,0,0,0,aktywna,257.25,0, , ,aktywna
,258.63,1600,55.5,0.0,11111110,258.93,0,0,0,nieaktywna,258.30,0, , ,nieaktywna
,259.64,2080,55.5,0.0,11101000,260.00,0,0,0,nieaktywna,259.31,0, , ,nieaktywna
,260.67,2112,55.5,0.0,11101000,261.02,0,0,0,nieaktywna,260.34,0, , ,nieaktywna
,261.70,2144,55.5,0.0,11101000,262.03,0,0,0,aktywna,261.36,0, , ,nieaktywna
,262.71,2208,55.5,0.0,11101000,263.04,0,0,0,aktywna,262.37,0, , ,aktywna
,263.69,2240,55.5,-11.3,11101000,264.02,0,0,0,aktywna,263.38,0, , ,aktywna
,264.69,2272,55.5,-17.2,11101000,265.02,0,0,0,aktywna,264.35,0, , ,aktywna
,265.69,2304,55.5,-18.4,11101000,266.01,0,0,0,aktywna,265.36,0, , ,aktywna
,266.70,2368,55.5,-18.4,11101000,267.02,0,0,0,aktywna,266.37,0, , ,aktywna
,267.74,2368,57.0,-18.0,11101000,268.08,0,0,0,aktywna,267.38,0, , ,aktywna
,268.77,2432,57.0,0.0,11101000,269.13,0,0,0,aktywna,268.42,0, , ,aktywna
,269.87,2432,57.0,-8.6,11101000,270.22,0,0,0,aktywna,269.51,0, , ,aktywna
,270.92,2464,57.0,-12.1,11101000,271.26,0,0,0,aktywna,270.56,0, , ,aktywna
,271.99,2464,57.0,0.0,11101000,272.34,0,0,0,aktywna,271.63,0, , ,aktywna
,273.00,2432,57.0,-2.7,11101000,273.37,0,0,0,aktywna,272.67,0, , ,aktywna
,274.03,2432,57.0,-3.9,11101000,274.37,0,0,0,aktywna,273.70,0, , ,aktywna
,275.07,2400,57.0,-4.3,11101000,275.42,0,0,0,aktywna,274.71,0, , ,aktywna
,276.09,2432,57.0,-5.1,11101000,276.45,0,0,0,aktywna,275.75,0, , ,aktywna
,277.13,2432,57.0,-4.7,11101000,277.47,0,0,0,aktywna,276.79,0, , ,aktywna
,278.20,2432,57.0,-4.7,11101000,278.57,0,0,0,aktywna,277.84,0, , ,aktywna
,279.28,2432,58.5,-4.7,11101000,279.64,0,0,0,aktywna,278.92,0, , ,aktywna
,280.34,2432,58.5,-3.9,11101000,280.70,0,0,0,aktywna,279.98,0, , ,aktywna
,281.41,2432,58.5,-6.6,11101000,281.76,0,0,0,aktywna,281.06,0, , ,aktywna
,282.46,2432,58.5,-6.3,11101000,282.81,0,0,0,aktywna,282.11,0, , ,aktywna
,283.53,2432,58.5,-6.6,11101000,283.89,0,0,0,aktywna,283.17,0, , ,aktywna
,284.60,2432,58.5,-6.6,11101000,284.97,0,0,0,aktywna,284.24,0, , ,aktywna
,285.67,2432,58.5,-6.6,11101000,286.02,0,0,0,aktywna,285.33,0, , ,aktywna
,286.71,2432,58.5,-6.3,11101000,287.05,0,0,0,aktywna,286.37,0, , ,aktywna
,287.76,2432,58.5,-5.5,11101000,288.11,0,0,0,aktywna,287.39,0, , ,aktywna
,288.82,2432,58.5,-5.9,11101000,289.18,0,0,0,aktywna,288.45,0, , ,aktywna
,289.86,2432,58.5,-5.5,11101000,290.21,0,0,0,aktywna,289.51,0, , ,aktywna
,290.93,2432,60.0,-5.1,11101000,291.32,0,0,0,aktywna,290.58,0, , ,aktywna
,292.04,2432,60.0,-3.1,11101000,292.41,0,0,0,aktywna,291.69,0, , ,aktywna
,293.14,2432,60.0,-2.7,11101000,293.47,0,0,0,aktywna,292.77,0, , ,aktywna
,294.15,2432,60.0,-0.8,11101000,294.48,0,0,0,aktywna,293.81,0, , ,aktywna
,295.23,2432,60.0,-2.0,11101000,295.58,0,0,0,aktywna,294.85,0, , ,aktywna
,296.28,2432,60.0,-2.0,11101000,296.63,0,0,0,aktywna,295.93,0, , ,aktywna
,297.37,2432,60.0,-7.4,11101000,297.75,0,0,0,aktywna,296.99,0, , ,aktywna
,298.47,2464,60.0,-10.5,11101000,298.84,0,0,0,aktywna,298.11,0, , ,aktywna
,299.51,2464,60.0,-9.0,11101000,299.86,0,0,0,aktywna,299.17,0, , ,aktywna
,300.58,2464,61.5,-7.8,11101000,300.94,0,0,0,aktywna,300.21,0, , ,aktywna
,301.66,2464,60.0,-7.8,11101000,302.01,0,0,0,aktywna,301.29,0, , ,aktywna
,302.73,2464,61.5,-7.0,11101000,303.10,0,0,0,aktywna,302.37,0, , ,aktywna
,303.78,2496,61.5,-6.3,11101000,304.16,0,0,0,aktywna,303.44,0, , ,aktywna
,304.88,2496,61.5,-5.1,11101000,305.24,0,0,0,aktywna,304.52,0, , ,aktywna
,305.95,2464,61.5,-2.3,11101000,306.30,0,0,0,aktywna,305.59,0, , ,aktywna
,307.00,2464,61.5,-0.8,11101000,307.37,0,0,0,aktywna,306.65,0, , ,aktywna
,308.09,2464,61.5,0.4,11101000,308.45,0,0,0,aktywna,307.72,0, , ,aktywna
,309.15,2464,61.5,-3.9,11101000,309.50,0,0,0,aktywna,308.80,0, , ,aktywna
,310.24,2464,63.0,-5.9,11101000,310.62,0,0,0,aktywna,309.87,0, , ,aktywna
,311.35,2464,63.0,-6.3,11101000,311.69,0,0,0,aktywna,310.98,0, , ,aktywna
,312.40,2464,63.0,-5.9,11101000,312.75,0,0,0,aktywna,312.05,0, , ,aktywna
,313.47,2464,63.0,-5.5,11101000,313.81,0,0,0,aktywna,313.11,0, , ,aktywna
,314.52,2464,63.0,-5.9,11101000,314.87,0,0,0,aktywna,314.18,0, , ,aktywna
,315.57,2464,63.0,-6.3,11101000,315.92,0,0,0,aktywna,315.21,0, , ,aktywna
,316.66,2464,63.0,-6.3,11101000,317.02,0,0,0,aktywna,316.31,0, , ,aktywna
,317.72,2464,63.0,-9.4,11101000,318.08,0,0,0,aktywna,317.37,0, , ,aktywna
,318.83,2496,63.0,-10.2,11101000,319.19,0,0,0,aktywna,318.46,0, , ,aktywna
,319.89,2496,63.0,-10.5,11101000,320.23,0,0,0,aktywna,319.53,0, , ,aktywna
,320.90,2496,63.0,-10.5,11101000,321.23,0,0,0,aktywna,320.55,0, , ,aktywna
,321.95,2496,64.5,-10.2,11101000,322.29,0,0,0,aktywna,321.59,0, , ,aktywna
,322.99,2528,64.5,-9.8,11101000,323.32,0,0,0,aktywna,322.65,0, , ,aktywna
,324.03,2528,64.5,-9.0,11101000,324.38,0,0,0,aktywna,323.68,0, , ,aktywna
,325.08,2528,64.5,-7.4,11101000,325.43,0,0,0,aktywna,324.74,0, , ,aktywna
,326.12,2528,64.5,-7.4,11101000,326.46,0,0,0,aktywna,325.77,0, , ,aktywna
,327.17,2528,64.5,-6.6,11101000,327.52,0,0,0,aktywna,326.81,0, , ,aktywna
,328.22,2560,64.5,-7.0,11101000,328.56,0,0,0,aktywna,327.86,0, , ,aktywna
,329.26,2560,64.5,-8.2,11101000,329.61,0,0,0,aktywna,328.89,0, , ,aktywna
,330.29,2560,64.5,-7.0,11101000,330.64,0,0,0,aktywna,329.95,0, , ,aktywna
,331.36,2560,64.5,-6.6,11101000,331.68,0,0,0,aktywna,331.02,0, , ,aktywna
,332.35,2560,64.5,-6.6,11101000,332.68,0,0,0,aktywna,332.01,0, , ,aktywna
,333.40,2560,66.0,-5.9,11101000,333.75,0,0,0,aktywna,333.04,0, , ,aktywna
,334.42,2560,66.0,-4.7,11101000,334.78,0,0,0,aktywna,334.07,0, , ,aktywna
,335.48,2560,66.0,-3.9,11101000,335.84,0,0,0,aktywna,335.14,0, , ,aktywna
,336.55,2560,66.0,-4.7,11101000,336.88,0,0,0,aktywna,336.20,0, , ,aktywna
,337.55,2560,66.0,-5.5,11101000,337.89,0,0,0,aktywna,337.24,0, , ,aktywna
,338.57,2560,66.0,-6.3,11101000,338.90,0,0,0,aktywna,338.23,0, , ,aktywna
,339.57,2560,66.0,-5.9,11101000,339.90,0,0,0,aktywna,339.23,0, , ,aktywna
,340.59,2560,66.0,-7.8,11101000,340.92,0,0,0,aktywna,340.25,0, , ,aktywna
,341.63,2592,66.0,-9.0,11101000,341.98,0,0,0,aktywna,341.29,0, , ,aktywna
,342.66,2592,66.0,-10.2,11101000,342.97,0,0,0,aktywna,342.32,0, , ,aktywna
,343.67,2592,66.0,-9.4,11101000,344.01,0,0,0,aktywna,343.32,0, , ,aktywna
,344.67,2592,67.5,0.0,11101000,344.99,0,0,0,aktywna,344.34,0, , ,aktywna
,345.67,2592,67.5,0.0,11101000,346.01,0,0,0,aktywna,345.34,0, , ,aktywna
,346.68,2560,67.5,-6.3,11101000,347.02,0,0,0,aktywna,346.35,0, , ,aktywna
,347.72,2528,67.5,-6.3,11101000,348.07,0,0,0,aktywna,347.38,0, , ,aktywna
,348.78,2528,67.5,-3.9,11101000,349.14,0,0,0,aktywna,348.43,0, , ,aktywna
,349.83,2496,67.5,-2.0,11101000,350.16,0,0,0,aktywna,349.48,0, , ,aktywna
,350.86,2496,67.5,-0.8,11101000,351.21,0,0,0,aktywna,350.52,0, , ,aktywna
,351.87,2496,67.5,-1.6,11101000,352.21,0,0,0,aktywna,351.54,0, , ,aktywna
,352.90,2496,67.5,-2.7,11101000,353.27,0,0,0,aktywna,352.55,0, , ,aktywna
,353.93,2496,67.5,-2.7,11101000,354.28,0,0,0,aktywna,353.60,0, , ,aktywna
,354.93,2496,67.5,-2.3,11101000,355.28,0,0,0,aktywna,354.61,0, , ,aktywna
,355.97,2496,67.5,-2.0,11101000,356.33,0,0,0,aktywna,355.62,0, , ,aktywna
,357.02,2496,67.5,-2.3,11101000,357.33,0,0,0,aktywna,356.66,0, , ,aktywna
,358.01,2496,67.5,-2.3,11101000,358.36,0,0,0,aktywna,357.67,0, , ,aktywna
,359.06,2496,69.0,-2.0,11101000,359.40,0,0,0,aktywna,358.71,0, , ,aktywna
,360.08,2496,69.0,-2.3,11101000,360.42,0,0,0,aktywna,359.73,0, , ,aktywna
,361.10,2496,69.0,-2.3,11101000,361.43,0,0,0,aktywna,360.77,0, , ,aktywna
,362.12,2496,69.0,-2.7,11101000,362.46,0,0,0,aktywna,361.77,0, , ,aktywna
,363.17,2464,69.0,-2.7,11101000,363.54,0,0,0,aktywna,362.81,0, , ,aktywna
,364.26,2496,69.0,-2.3,11101000,364.62,0,0,0,aktywna,363.90,0, , ,aktywna
,365.31,2496,69.0,-2.3,11101000,365.68,0,0,0,aktywna,364.97,0, , ,aktywna
,366.38,2464,69.0,0.0,11101000,366.77,0,0,0,aktywna,366.04,0, , ,aktywna
,367.48,2432,69.0,-0.4,11101000,367.84,0,0,0,aktywna,367.11,0, , ,aktywna
,368.59,2432,69.0,-0.8,11101000,368.93,0,0,0,aktywna,368.22,0, , ,aktywna
,369.64,2400,69.0,-0.4,11101000,370.01,0,0,0,aktywna,369.29,0, , ,aktywna
,370.71,2400,69.0,-3.1,11101000,371.06,0,0,0,aktywna,370.33,0, , ,aktywna
,371.77,2368,69.0,-9.8,11101000,372.11,0,0,0,aktywna,371.41,0, , ,aktywna
,372.80,2336,69.0,-13.7,11101000,373.17,0,0,0,aktywna,372.44,0, , ,aktywna
,373.82,2304,70.5,-16.4,11101000,374.16,0,0,0,aktywna,373.49,0, , ,aktywna
,374.86,2208,70.5,-16.4,11111100,375.18,0,0,0,nieaktywna,374.50,0, , ,aktywna
,375.87,2176,70.5,0.0,11111100,376.19,0,0,0,nieaktywna,375.53,0, , ,nieaktywna
,376.87,2080,70.5,0.0,11111100,377.23,0,0,0,nieaktywna,376.54,0, , ,nieaktywna
,377.93,2016,70.5,0.0,11101000,378.32,0,0,0,nieaktywna,377.58,0, , ,nieaktywna
,379.06,1920,70.5,0.0,11101010,379.42,0,0,0,aktywna,378.69,0, , ,aktywna
,380.18,1856,70.5,-2.0,11101010,380.56,0,0,0,nieaktywna,379.81,0, , ,aktywna
,381.30,1856,70.5,0.0,11101010,381.68,0,0,0,nieaktywna,380.93,0, , ,nieaktywna
,382.42,1856,70.5,-5.5,11101010,382.78,0,0,0,aktywna,382.05,0, , ,nieaktywna
,383.50,1888,70.5,-8.6,11101010,383.87,0,0,0,aktywna,383.13,0, , ,aktywna
,384.59,1920,70.5,-11.3,11101010,384.95,0,0,0,aktywna,384.23,0, , ,aktywna
,385.67,1920,70.5,-12.5,11101010,386.02,0,0,0,aktywna,385.30,0, , ,aktywna
,386.75,1984,70.5,0.0,11101010,387.13,0,0,0,aktywna,386.40,0, , ,aktywna
,387.82,2016,70.5,0.0,11101000,388.16,0,0,0,aktywna,387.48,0, , ,aktywna
,388.85,2080,70.5,-5.5,11101000,389.19,0,0,0,aktywna,388.51,0, , ,aktywna
,389.88,2144,70.5,-7.8,11101000,390.21,0,0,0,aktywna,389.54,0, , ,nieaktywna
,390.87,2176,70.5,0.0,11101000,391.21,0,0,0,aktywna,390.54,0, , ,aktywna
,391.91,2208,70.5,0.8,11101000,392.23,0,0,0,aktywna,391.56,0, , ,aktywna
,392.91,2240,70.5,1.2,11101000,393.26,0,0,0,aktywna,392.58,0, , ,aktywna
,393.92,2240,70.5,2.0,11101000,394.24,0,0,0,aktywna,393.59,0, , ,aktywna
,394.92,2240,72.0,1.2,11101000,395.25,0,0,0,aktywna,394.59,0, , ,aktywna
,395.93,2240,72.0,-5.1,11101000,396.25,0,0,0,aktywna,395.60,0, , ,aktywna
,396.95,2240,72.0,-3.1,11101000,397.29,0,0,0,aktywna,396.62,0, , ,aktywna
,397.95,2272,72.0,0.0,11101000,398.29,0,0,0,aktywna,397.62,0, , ,aktywna
,398.93,2272,72.0,-0.4,11101000,399.27,0,0,0,aktywna,398.61,0, , ,aktywna
,399.93,2304,72.0,0.4,11101000,400.27,0,0,0,aktywna,399.59,0, , ,aktywna
,400.93,2304,72.0,0.4,11101000,401.25,0,0,0,aktywna,400.58,0, , ,aktywna
,401.96,2304,72.0,0.8,11101000,402.32,0,0,0,aktywna,401.61,0, , ,aktywna
,402.97,2336,72.0,1.2,11101000,403.33,0,0,0,aktywna,402.65,0, , ,aktywna
,404.03,2336,72.0,2.0,11101000,404.36,0,0,0,aktywna,403.69,0, , ,aktywna
,405.05,2336,73.5,2.0,11101000,405.39,0,0,0,aktywna,404.72,0, , ,aktywna
,406.09,2368,72.0,2.3,11101000,406.42,0,0,0,aktywna,405.73,0, , ,aktywna
,407.08,2368,72.0,0.8,11101000,407.41,0,0,0,aktywna,406.74,0, , ,aktywna
,408.09,2368,72.0,2.7,11101000,408.44,0,0,0,aktywna,407.75,0, , ,aktywna
,409.13,2368,72.0,2.7,11101000,409.50,0,0,0,aktywna,408.78,0, , ,aktywna
,410.19,2400,73.5,2.7,11101000,410.53,0,0,0,aktywna,409.88,0, , ,aktywna
,411.20,2400,73.5,2.7,11101000,411.56,0,0,0,aktywna,410.85,0, , ,aktywna
,412.29,2400,73.5,3.1,11101000,412.64,0,0,0,aktywna,411.93,0, , ,aktywna
,413.38,2400,73.5,3.5,11101000,413.74,0,0,0,aktywna,413.01,0, , ,aktywna
,414.47,2400,73.5,3.5,11101000,414.80,0,0,0,aktywna,414.11,0, , ,aktywna
,415.53,2400,73.5,3.9,11101000,415.86,0,0,0,aktywna,415.17,0, , ,aktywna
,416.61,2432,73.5,2.7,11101000,416.94,0,0,0,aktywna,416.22,0, , ,aktywna
,417.64,2432,73.5,2.3,11101000,417.99,0,0,0,aktywna,417.29,0, , ,aktywna
,418.66,2432,73.5,2.3,11101000,419.00,0,0,0,aktywna,418.32,0, , ,aktywna
,419.70,2432,73.5,2.7,11101000,420.04,0,0,0,aktywna,419.37,0, , ,aktywna
,420.73,2432,73.5,2.0,11101000,421.08,0,0,0,aktywna,420.37,0, , ,aktywna
,421.76,2464,73.5,1.2,11101000,422.09,0,0,0,aktywna,421.43,0, , ,aktywna
,422.78,2464,73.5,0.4,11101000,423.16,0,0,0,aktywna,422.43,0, , ,aktywna
,423.87,2464,73.5,0.0,11101000,424.22,0,0,0,aktywna,423.52,0, , ,aktywna
,424.92,2464,73.5,0.0,11101000,425.26,0,0,0,aktywna,424.57,0, , ,aktywna
,425.99,2464,73.5,0.4,11101000,426.34,0,0,0,aktywna,425.64,0, , ,aktywna
,427.05,2464,75.0,0.8,11101000,427.41,0,0,0,aktywna,426.70,0, , ,aktywna
,428.13,2464,75.0,0.8,11101000,428.48,0,0,0,aktywna,427.77,0, , ,aktywna
,429.19,2496,75.0,0.8,11101000,429.55,0,0,0,aktywna,428.83,0, , ,aktywna
,430.27,2496,75.0,1.6,11101000,430.63,0,0,0,aktywna,429.91,0, , ,aktywna
,431.34,2496,75.0,3.5,11101000,431.67,0,0,0,aktywna,430.99,0, , ,aktywna
,432.33,2496,75.0,4.3,11101000,432.69,0,0,0,aktywna,432.02,0, , ,aktywna
,433.41,2496,75.0,4.7,11101000,433.77,0,0,0,aktywna,433.05,0, , ,aktywna
,434.42,2496,75.0,5.1,11101000,434.74,0,0,0,aktywna,434.08,0, , ,aktywna
,435.44,2496,75.0,4.7,11101000,435.76,0,0,0,aktywna,435.09,0, , ,aktywna
,436.47,2496,75.0,4.7,11101000,436.79,0,0,0,aktywna,436.12,0, , ,aktywna
,437.54,2464,75.0,5.5,11101000,437.90,0,0,0,aktywna,437.14,0, , ,aktywna
,438.63,2496,75.0,3.9,11101000,438.99,0,0,0,aktywna,438.27,0, , ,aktywna
,439.67,2496,75.0,-3.5,11101000,440.02,0,0,0,aktywna,439.35,0, , ,aktywna
,440.71,2496,75.0,-7.0,11101000,441.03,0,0,0,aktywna,440.38,0, , ,aktywna
,441.73,2528,75.0,-8.2,11101000,442.06,0,0,0,aktywna,441.39,0, , ,aktywna
,442.76,2528,75.0,-7.0,11101000,443.10,0,0,0,aktywna,442.39,0, , ,aktywna
,443.79,2528,75.0,0.8,11101000,444.11,0,0,0,aktywna,443.44,0, , ,aktywna
,444.82,2528,75.0,5.1,11101000,445.16,0,0,0,aktywna,444.49,0, , ,aktywna
,445.87,2528,75.0,6.3,11101000,446.21,0,0,0,aktywna,445.52,0, , ,aktywna
,446.90,2528,75.0,5.5,11101000,447.24,0,0,0,aktywna,446.56,0, , ,aktywna
,447.95,2528,75.0,5.9,11101000,448.28,0,0,0,aktywna,447.61,0, , ,aktywna
,449.01,2528,75.0,5.1,11101000,449.35,0,0,0,aktywna,448.64,0, , ,aktywna
,450.05,2496,75.0,5.1,11101000,450.39,0,0,0,aktywna,449.69,0, , ,aktywna
,451.12,2528,75.0,4.7,11101000,451.44,0,0,0,aktywna,450.75,0, , ,aktywna
,452.14,2528,75.0,2.7,11101000,452.47,0,0,0,aktywna,451.82,0, , ,aktywna
,453.16,2496,75.0,2.3,11101000,453.49,0,0,0,aktywna,452.82,0, , ,aktywna
,454.17,2496,75.0,3.1,11101000,454.54,0,0,0,aktywna,453.83,0, , ,aktywna
,455.22,2496,75.0,3.1,11101000,455.54,0,0,0,aktywna,454.88,0, , ,aktywna
,456.24,2496,75.0,2.3,11101000,456.57,0,0,0,aktywna,455.88,0, , ,aktywna
,457.26,2496,75.0,2.7,11101000,457.61,0,0,0,aktywna,456.92,0, , ,aktywna
,458.27,2496,75.0,2.0,11101000,458.62,0,0,0,aktywna,457.94,0, , ,aktywna
,459.32,2496,75.0,3.1,11101000,459.68,0,0,0,aktywna,458.96,0, , ,aktywna
,460.38,2496,75.0,2.3,11101000,460.72,0,0,0,aktywna,460.02,0, , ,aktywna
,461.40,2496,75.0,2.3,11101000,461.76,0,0,0,aktywna,461.06,0, , ,aktywna
,462.42,2496,75.0,3.1,11101000,462.78,0,0,0,aktywna,462.09,0, , ,aktywna
,463.43,2528,75.0,2.7,11101000,463.78,0,0,0,aktywna,463.10,0, , ,aktywna
,464.45,2496,75.0,3.5,11101000,464.81,0,0,0,aktywna,464.11,0, , ,aktywna
,465.51,2496,75.0,3.1,11101000,465.83,0,0,0,aktywna,465.14,0, , ,aktywna
,466.53,2496,75.0,3.1,11101000,466.88,0,0,0,aktywna,466.19,0, , ,aktywna
,467.58,2496,75.0,3.9,11101000,467.92,0,0,0,aktywna,467.22,0, , ,aktywna
,468.64,2496,75.0,3.5,11101000,468.98,0,0,0,aktywna,468.27,0, , ,aktywna
,469.70,2496,75.0,3.5,11101000,470.03,0,0,0,aktywna,469.33,0, , ,aktywna
,470.74,2496,75.0,1.6,11101000,471.09,0,0,0,aktywna,470.38,0, , ,aktywna
,471.77,2496,75.0,1.2,11101000,472.10,0,0,0,aktywna,471.42,0, , ,aktywna
,472.77,2496,75.0,1.6,11101000,473.08,0,0,0,aktywna,472.45,0, , ,aktywna
,473.79,2496,75.0,0.0,11101000,474.14,0,0,0,aktywna,473.43,0, , ,aktywna
,474.84,2464,75.0,1.6,11101000,475.18,0,0,0,aktywna,474.49,0, , ,aktywna
,475.90,2464,75.0,2.0,11101000,476.26,0,0,0,aktywna,475.53,0, , ,aktywna
,476.95,2432,75.0,3.9,11101000,477.27,0,0,0,aktywna,476.62,0, , ,aktywna
,477.98,2400,75.0,1.2,11101000,478.31,0,0,0,aktywna,477.63,0, , ,aktywna
,479.02,2368,75.0,0.0,11101000,479.36,0,0,0,aktywna,478.67,0, , ,aktywna
,480.02,2336,75.0,-8.2,11111100,480.34,0,0,0,nieaktywna,479.69,0, , ,aktywna
,481.00,2304,75.0,0.0,11111100,481.34,0,0,0,nieaktywna,480.66,0, , ,nieaktywna
,481.99,2240,75.0,0.0,11111100,482.34,0,0,0,nieaktywna,481.66,0, , ,nieaktywna
,483.04,2176,75.0,0.0,11111100,483.37,0,0,0,nieaktywna,482.69,0, , ,nieaktywna
,484.02,2144,75.0,0.0,11111100,484.38,0,0,0,nieaktywna,483.70,0, , ,nieaktywna
,485.07,2080,75.0,0.0,11111100,485.42,0,0,0,nieaktywna,484.72,0, , ,nieaktywna
,486.11,2016,75.0,0.0,11111100,486.46,0,0,0,nieaktywna,485.76,0, , ,nieaktywna
,487.14,1984,75.0,0.0,11111110,487.49,0,0,0,nieaktywna,486.82,0, , ,nieaktywna
,488.19,1920,75.0,0.0,11111110,488.56,0,0,0,nieaktywna,487.83,0, , ,nieaktywna
,489.25,1856,75.0,0.0,11111110,489.60,0,0,0,nieaktywna,488.89,0, , ,nieaktywna
,490.28,1792,75.0,0.0,11111110,490.59,0,0,0,nieaktywna,489.94,0, , ,nieaktywna
,491.35,1760,75.0,0.0,11101010,491.71,0,0,0,aktywna,490.98,0, , ,nieaktywna
,492.44,1760,75.0,0.0,11101010,492.83,0,0,0,aktywna,492.08,0, , ,aktywna
,493.56,1728,75.0,-1.2,11101010,493.94,0,0,0,aktywna,493.20,0, , ,aktywna
,494.66,1728,75.0,-0.8,11101010,495.04,0,0,0,aktywna,494.32,0, , ,aktywna
,495.80,1728,75.0,-1.2,11101010,496.15,0,0,0,aktywna,495.40,0, , ,aktywna
,496.81,1504,75.0,0.0,11111110,497.13,0,0,0,nieaktywna,496.50,0, , ,aktywna
,497.74,1184,75.0,0.0,11111110,498.06,0,0,0,nieaktywna,497.44,0, , ,nieaktywna
,498.68,928,75.0,0.0,11111110,499.00,0,0,0,aktywna,498.38,0, , ,nieaktywna
,499.62,896,75.0,-1.6,11111110,499.94,0,0,0,aktywna,499.31,0, , ,aktywna
,500.56,896,75.0,-2.0,11111110,500.88,0,0,0,aktywna,500.26,0, , ,aktywna
,501.49,896,75.0,-1.6,11111110,501.82,0,0,0,aktywna,501.19,0, , ,aktywna
,502.44,896,75.0,-0.8,11111110,502.74,0,0,0,aktywna,502.11,0, , ,aktywna
,503.34,896,75.0,0.8,11111110,503.64,0,0,0,aktywna,503.04,0, , ,aktywna
,504.26,896,73.5,1.6,11111110,504.57,0,0,0,aktywna,503.94,0, , ,aktywna
,505.18,896,73.5,1.6,11111110,505.50,0,0,0,aktywna,504.87,0, , ,aktywna
,506.15,896,75.0,1.2,11111110,506.50,0,0,0,aktywna,505.81,0, , ,aktywna
,507.12,1024,73.5,1.6,11111110,507.42,0,0,0,nieaktywna,506.85,0, , ,nieaktywna
,508.08,928,75.0,0.0,11101010,508.39,0,0,0,aktywna,507.74,0, , ,aktywna
,508.99,1056,75.0,0.0,11101010,509.34,0,0,0,aktywna,508.66,0, , ,aktywna
,509.98,1184,75.0,0.0,11101010,510.32,0,0,0,aktywna,509.65,0, , ,aktywna
,511.05,1536,75.0,0.0,11101010,511.40,0,0,0,nieaktywna,510.69,0, , ,aktywna
,512.13,1792,75.0,-3.1,11101010,512.49,0,0,0,nieaktywna,511.75,0, , ,nieaktywna
,513.20,2048,75.0,-2.3,11101000,513.54,0,0,0,nieaktywna,512.87,0, , ,nieaktywna
,514.21,2272,75.0,-3.1,11101000,514.54,0,0,0,aktywna,513.88,0, , ,aktywna
,515.25,2496,75.0,-4.7,11101000,515.56,0,0,0,aktywna,514.90,0, , ,aktywna
,516.26,2720,73.5,-1.6,11101000,516.59,0,0,0,nieaktywna,515.91,0, , ,aktywna
,517.22,1312,75.0,0.0,11111110,517.59,0,0,0,nieaktywna,516.91,0, , ,nieaktywna
,518.31,1664,75.0,0.0,11101010,518.64,0,0,0,aktywna,517.94,0, , ,aktywna
,519.32,1664,73.5,-4.7,11101010,519.67,0,0,0,aktywna,518.96,0, , ,aktywna
,520.39,1728,73.5,0.0,11101010,520.78,0,0,0,aktywna,520.03,0, , ,aktywna
,521.51,1888,73.5,-4.3,11101010,521.87,0,0,0,aktywna,521.14,0, , ,aktywna
,522.60,2016,73.5,-5.9,11101000,522.94,0,0,0,aktywna,522.25,0, , ,aktywna
,523.63,2144,73.5,-5.1,11101000,523.98,0,0,0,aktywna,523.28,0, , ,aktywna
,524.66,2272,73.5,-0.8,11101000,525.02,0,0,0,aktywna,524.33,0, , ,aktywna
,525.73,2304,73.5,6.3,11101000,526.10,0,0,0,aktywna,525.36,0, , ,aktywna
,526.78,2368,73.5,9.8,11101000,527.14,0,0,0,aktywna,526.44,0, , ,aktywna
,527.88,2400,73.5,9.8,11101000,528.20,0,0,0,aktywna,527.49,0, , ,aktywna
,528.90,2400,73.5,8.6,11101000,529.24,0,0,0,aktywna,528.53,0, , ,aktywna
,529.96,2432,73.5,6.3,11101000,530.31,0,0,0,aktywna,529.59,0, , ,aktywna
,531.04,2432,75.0,6.6,11101000,531.39,0,0,0,aktywna,530.68,0, , ,aktywna
,532.10,2464,73.5,2.7,11101000,532.45,0,0,0,aktywna,531.74,0, , ,aktywna
,533.14,2464,73.5,1.6,11101000,533.48,0,0,0,aktywna,532.79,0, , ,aktywna
,534.17,2464,75.0,1.2,11101000,534.52,0,0,0,aktywna,533.82,0, , ,aktywna
,535.24,2464,75.0,0.8,11101000,535.59,0,0,0,aktywna,534.90,0, , ,aktywna
,536.29,2432,75.0,0.4,11101000,536.66,0,0,0,aktywna,535.94,0, , ,aktywna
,537.39,2432,75.0,0.4,11101000,537.76,0,0,0,aktywna,537.04,0, , ,aktywna
,538.43,2432,75.0,1.2,11101000,538.77,0,0,0,aktywna,538.09,0, , ,aktywna
,539.49,2432,75.0,-0.4,11101000,539.88,0,0,0,aktywna,539.13,0, , ,aktywna
,540.56,2368,75.0,-7.4,11101000,540.89,0,0,0,aktywna,540.22,0, , ,aktywna
,541.59,2336,75.0,-9.4,11101000,541.92,0,0,0,aktywna,541.23,0, , ,aktywna
,542.58,2272,75.0,-9.0,11101000,542.93,0,0,0,aktywna,542.25,0, , ,aktywna
,543.58,2240,75.0,-3.9,11101000,543.92,0,0,0,aktywna,543.24,0, , ,aktywna
,544.58,2208,75.0,-2.0,11101000,544.92,0,0,0,aktywna,544.26,0, , ,aktywna
,545.60,2208,75.0,4.3,11101000,545.94,0,0,0,aktywna,545.27,0, , ,aktywna
,546.61,2208,75.0,9.4,11101000,546.96,0,0,0,aktywna,546.28,0, , ,aktywna
,547.66,2240,75.0,2.0,11101000,547.99,0,0,0,aktywna,547.31,0, , ,aktywna
,548.66,2304,75.0,-1.2,11101000,549.01,0,0,0,aktywna,548.33,0, , ,aktywna
,549.71,2368,75.0,-3.5,11101000,550.09,0,0,0,aktywna,549.36,0, , ,aktywna
,550.79,2400,75.0,-3.1,11101000,551.13,0,0,0,aktywna,550.46,0, , ,aktywna
,551.83,2464,75.0,-3.1,11101000,552.19,0,0,0,aktywna,551.48,0, , ,aktywna
,552.91,2464,75.0,-2.3,11101000,553.24,0,0,0,aktywna,552.56,0, , ,aktywna
,553.94,2496,75.0,-3.5,11101000,554.31,0,0,0,aktywna,553.58,0, , ,aktywna
,555.00,2528,75.0,-3.9,11101000,555.35,0,0,0,aktywna,554.65,0, , ,aktywna
,556.03,2528,75.0,-0.4,11101000,556.36,0,0,0,aktywna,555.69,0, , ,aktywna
,557.03,2464,76.5,0.0,11101000,557.37,0,0,0,aktywna,556.71,0, , ,aktywna
,558.09,2400,76.5,4.7,11101000,558.45,0,0,0,aktywna,557.74,0, , ,aktywna
,559.13,2400,76.5,0.0,11101000,559.48,0,0,0,aktywna,558.77,0, , ,aktywna
,560.19,2432,76.5,-2.7,11101000,560.57,0,0,0,aktywna,559.83,0, , ,aktywna
,561.26,2464,76.5,-5.1,11101000,561.61,0,0,0,aktywna,560.92,0, , ,aktywna
,562.29,2496,76.5,-5.5,11101000,562.62,0,0,0,aktywna,561.96,0, , ,aktywna
,563.33,2528,76.5,-6.3,11101000,563.69,0,0,0,aktywna,562.99,0, , ,aktywna
,564.37,2560,76.5,-6.6,11101000,564.69,0,0,0,aktywna,564.03,0, , ,aktywna
,565.36,2560,76.5,-3.9,11101000,565.70,0,0,0,aktywna,565.03,0, , ,aktywna
,566.40,2560,76.5,-1.2,11101000,566.74,0,0,0,aktywna,566.03,0, , ,aktywna
,567.43,2560,76.5,-0.8,11101000,567.78,0,0,0,aktywna,567.08,0, , ,aktywna
,568.47,2528,76.5,-0.4,11101000,568.84,0,0,0,aktywna,568.11,0, , ,aktywna
,569.54,2560,76.5,0.4,11101000,569.86,0,0,0,aktywna,569.20,0, , ,aktywna
,570.58,2560,76.5,1.2,11101000,570.91,0,0,0,aktywna,570.22,0, , ,aktywna
,571.58,2560,76.5,2.7,11101000,571.91,0,0,0,aktywna,571.26,0, , ,aktywna
,572.62,2560,76.5,7.0,11101000,572.95,0,0,0,aktywna,572.28,0, , ,aktywna
,573.62,2560,76.5,7.4,11101000,573.95,0,0,0,aktywna,573.27,0, , ,aktywna
,574.66,2560,76.5,8.2,11101000,574.98,0,0,0,aktywna,574.30,0, , ,aktywna
,575.66,2560,76.5,8.2,11101000,576.01,0,0,0,aktywna,575.32,0, , ,aktywna
,576.68,2560,76.5,5.5,11101000,577.02,0,0,0,aktywna,576.35,0, , ,aktywna
,577.70,2560,76.5,5.1,11101000,578.04,0,0,0,aktywna,577.37,0, , ,aktywna
,578.72,2560,78.0,5.5,11101000,579.05,0,0,0,aktywna,578.39,0, , ,aktywna
,579.73,2560,76.5,5.5,11101000,580.07,0,0,0,aktywna,579.38,0, , ,aktywna
,580.77,2560,78.0,4.3,11101000,581.13,0,0,0,aktywna,580.42,0, , ,aktywna
,581.80,2560,76.5,3.9,11101000,582.15,0,0,0,aktywna,581.46,0, , ,aktywna
,582.86,2560,76.5,4.7,11101000,583.22,0,0,0,aktywna,582.50,0, , ,aktywna
,583.90,2560,76.5,5.9,11101000,584.23,0,0,0,aktywna,583.56,0, , ,aktywna
,584.93,2560,78.0,8.6,11101000,585.29,0,0,0,aktywna,584.58,0, , ,aktywna
,585.98,2528,78.0,9.4,11101000,586.32,0,0,0,aktywna,585.63,0, , ,aktywna
,586.99,2528,78.0,9.0,11101000,587.36,0,0,0,aktywna,586.66,0, , ,aktywna
,588.02,2528,78.0,6.3,11101000,588.38,0,0,0,aktywna,587.69,0, , ,aktywna
,589.07,2496,78.0,3.5,11101000,589.42,0,0,0,aktywna,588.72,0, , ,aktywna
,590.14,2496,78.0,2.3,11101000,590.47,0,0,0,aktywna,589.77,0, , ,aktywna
,591.16,2528,78.0,1.2,11101000,591.51,0,0,0,aktywna,590.80,0, , ,aktywna
,592.19,2560,78.0,0.8,11101000,592.54,0,0,0,aktywna,591.85,0, , ,aktywna
,593.22,2560,78.0,1.6,11101000,593.58,0,0,0,aktywna,592.87,0, , ,aktywna
,594.26,2592,76.5,3.1,11101000,594.60,0,0,0,aktywna,593.92,0, , ,aktywna
,595.26,2624,78.0,2.7,11101000,595.61,0,0,0,aktywna,594.93,0, , ,aktywna
,596.30,2688,78.0,2.7,11101000,596.64,0,0,0,aktywna,595.94,0, , ,aktywna
,597.33,2720,78.0,4.7,11101000,597.67,0,0,0,aktywna,596.99,0, , ,aktywna
,598.34,2720,78.0,1.6,11101000,598.68,0,0,0,aktywna,598.00,0, , ,aktywna
,599.37,2048,78.0,0.0,11111100,599.67,0,0,0,nieaktywna,599.02,0, , ,nieaktywna
,600.35,1888,78.0,0.0,11101010,600.69,0,0,0,nieaktywna,600.00,0, , ,nieaktywna
,601.42,1888,78.0,-8.2,11101010,601.78,0,0,0,aktywna,601.06,0, , ,aktywna
,602.50,1920,78.0,0.0,11101010,602.85,0,0,0,nieaktywna,602.14,0, , ,aktywna
,603.57,1952,78.0,-1.2,11101010,603.94,0,0,0,nieaktywna,603.22,0, , ,nieaktywna
,604.68,1984,78.0,0.0,11101010,605.04,0,0,0,nieaktywna,604.30,0, , ,nieaktywna
,605.74,1984,78.0,-1.6,11101000,606.10,0,0,0,aktywna,605.38,0, , ,aktywna
,606.81,2016,78.0,-2.7,11101000,607.17,0,0,0,aktywna,606.46,0, , ,aktywna
,607.88,2016,78.0,-3.5,11101000,608.25,0,0,0,aktywna,607.52,0, , ,aktywna
,608.95,2016,78.0,-6.3,11101000,609.31,0,0,0,aktywna,608.60,0, , ,aktywna
,610.02,2016,78.0,-11.3,11101000,610.38,0,0,0,aktywna,609.66,0, , ,aktywna
,611.11,2016,78.0,-14.1,11101000,611.46,0,0,0,aktywna,610.75,0, , ,aktywna
,612.18,2048,78.0,-15.6,11101000,612.53,0,0,0,aktywna,611.83,0, , ,aktywna
,613.21,2016,78.0,-14.1,11101000,613.58,0,0,0,aktywna,612.87,0, , ,aktywna
,614.30,2048,78.0,-13.3,11101000,614.67,0,0,0,aktywna,613.94,0, , ,aktywna
,615.38,2048,78.0,-9.4,11101000,615.74,0,0,0,aktywna,615.02,0, , ,aktywna
,616.45,2048,78.0,-5.9,11101000,616.78,0,0,0,aktywna,616.09,0, , ,aktywna
,617.48,2080,78.0,-1.6,11101000,617.82,0,0,0,aktywna,617.12,0, , ,aktywna
,618.52,2080,78.0,0.8,11101000,618.88,0,0,0,aktywna,618.18,0, , ,aktywna
,619.58,2080,78.0,1.6,11101000,619.94,0,0,0,aktywna,619.24,0, , ,aktywna
,620.65,2080,78.0,2.3,11101000,621.01,0,0,0,aktywna,620.31,0, , ,aktywna
,621.69,2080,78.0,1.6,11101000,622.05,0,0,0,aktywna,621.35,0, , ,aktywna
,622.76,2080,78.0,1.6,11101000,623.10,0,0,0,aktywna,622.40,0, , ,aktywna
,623.81,2080,76.5,0.4,11101000,624.15,0,0,0,aktywna,623.44,0, , ,aktywna
,624.85,2080,76.5,0.4,11101000,625.19,0,0,0,aktywna,624.49,0, , ,aktywna
,625.90,2080,76.5,-0.8,11101000,626.26,0,0,0,aktywna,625.56,0, , ,aktywna
,626.96,2080,76.5,-0.4,11101000,627.30,0,0,0,aktywna,626.61,0, , ,aktywna
,628.02,2080,76.5,0.4,11101000,628.38,0,0,0,aktywna,627.66,0, , ,aktywna
,629.06,2048,76.5,5.5,11101000,629.39,0,0,0,aktywna,628.73,0, , ,aktywna
,630.08,2080,76.5,10.9,11101000,630.43,0,0,0,aktywna,629.72,0, , ,aktywna
,631.12,2080,76.5,15.2,11101000,631.46,0,0,0,aktywna,630.77,0, , ,aktywna
,632.16,2080,76.5,12.5,11101000,632.51,0,0,0,nieaktywna,631.82,0, , ,nieaktywna
,633.19,2080,76.5,9.4,11101000,633.55,0,0,0,aktywna,632.85,0, , ,nieaktywna
,634.23,2080,76.5,9.0,11101000,634.57,0,0,0,aktywna,633.90,0, , ,aktywna
,635.28,2112,76.5,5.5,11101000,635.62,0,0,0,aktywna,634.93,0, , ,aktywna
,636.32,2144,78.0,5.5,11101000,636.67,0,0,0,aktywna,635.97,0, , ,aktywna
,637.33,2144,76.5,3.5,11101000,637.67,0,0,0,aktywna,637.00,0, , ,aktywna
,638.36,2176,76.5,3.5,11101000,638.72,0,0,0,aktywna,638.01,0, , ,aktywna
,639.41,2208,76.5,3.9,11101000,639.75,0,0,0,aktywna,639.07,0, , ,aktywna
,640.42,2240,76.5,2.7,11101000,640.74,0,0,0,aktywna,640.08,0, , ,aktywna
,641.41,2272,76.5,3.9,11101000,641.75,0,0,0,aktywna,641.08,0, , ,aktywna
,642.42,2272,76.5,4.3,11101000,642.75,0,0,0,aktywna,642.08,0, , ,aktywna
,643.42,2304,76.5,5.5,11101000,643.79,0,0,0,aktywna,643.08,0, , ,aktywna
,644.47,2336,76.5,5.5,11101000,644.82,0,0,0,aktywna,644.14,0, , ,aktywna
,645.51,2336,76.5,5.5,11101000,645.85,0,0,0,aktywna,645.16,0, , ,aktywna
,646.52,2368,76.5,5.5,11101000,646.87,0,0,0,aktywna,646.20,0, , ,aktywna
,647.54,2400,76.5,5.5,11101000,647.92,0,0,0,aktywna,647.18,0, , ,aktywna
,648.63,2400,76.5,4.3,11101000,648.99,0,0,0,aktywna,648.28,0, , ,aktywna
,649.73,2432,76.5,4.7,11101000,650.06,0,0,0,aktywna,649.35,0, , ,aktywna
,650.74,2464,76.5,3.5,11101000,651.10,0,0,0,aktywna,650.39,0, , ,aktywna
,651.76,2496,76.5,-3.5,11101000,652.12,0,0,0,aktywna,651.43,0, , ,aktywna
,652.80,2560,76.5,-1.2,11101000,653.15,0,0,0,aktywna,652.45,0, , ,aktywna
,653.81,2592,76.5,2.0,11101000,654.13,0,0,0,aktywna,653.49,0, , ,aktywna
,654.79,2624,76.5,1.2,11101000,655.12,0,0,0,aktywna,654.46,0, , ,aktywna
,655.79,2688,76.5,4.7,11101000,656.12,0,0,0,aktywna,655.46,0, , ,aktywna
,656.79,2752,76.5,2.7,11101000,657.13,0,0,0,aktywna,656.44,0, , ,aktywna
,657.81,2816,76.5,-0.8,11101000,658.18,0,0,0,nieaktywna,657.47,0, , ,aktywna
,658.83,1696,76.5,0.0,11111110,659.19,0,0,0,nieaktywna,658.54,0, , ,nieaktywna
,659.88,2176,76.5,0.0,11101000,660.22,0,0,0,aktywna,659.52,0, , ,aktywna
,660.92,2176,76.5,3.1,11101000,661.26,0,0,0,aktywna,660.57,0, , ,aktywna
,661.93,2176,76.5,9.0,11101000,662.28,0,0,0,aktywna,661.59,0, , ,aktywna
,662.95,2208,76.5,8.6,11101000,663.28,0,0,0,aktywna,662.62,0, , ,aktywna
,663.94,2272,78.0,5.1,11101000,664.27,0,0,0,aktywna,663.61,0, , ,aktywna
,664.95,2304,78.0,7.0,11101000,665.27,0,0,0,aktywna,664.62,0, , ,aktywna
,665.95,2336,78.0,0.0,11101000,666.27,0,0,0,aktywna,665.62,0, , ,aktywna
,666.95,2368,78.0,16.0,11101000,667.29,0,0,0,aktywna,666.61,0, , ,aktywna
,667.95,2368,78.0,22.3,11101000,668.27,0,0,0,aktywna,667.63,0, , ,aktywna
,668.99,2400,78.0,24.6,11101000,669.35,0,0,0,aktywna,668.64,0, , ,aktywna
,670.06,2432,78.0,20.3,11101000,670.42,0,0,0,aktywna,669.69,0, , ,aktywna
,671.10,2432,78.0,19.1,11101000,671.44,0,0,0,aktywna,670.76,0, , ,aktywna
,672.14,2432,78.0,18.4,11101000,672.48,0,0,0,aktywna,671.79,0, , ,aktywna
,673.21,2464,78.0,13.3,11101000,673.55,0,0,0,aktywna,672.83,0, , ,aktywna
,674.25,2464,78.0,7.8,11101000,674.60,0,0,0,aktywna,673.90,0, , ,aktywna
,675.27,2496,78.0,4.7,11101000,675.62,0,0,0,aktywna,674.93,0, , ,aktywna
,676.29,2496,78.0,2.3,11101000,676.64,0,0,0,aktywna,675.95,0, , ,aktywna
,677.30,2528,78.0,0.8,11101000,677.67,0,0,0,aktywna,676.97,0, , ,aktywna
,678.36,2528,78.0,1.6,11101000,678.71,0,0,0,aktywna,678.01,0, , ,aktywna
,679.43,2528,78.0,3.1,11101000,679.78,0,0,0,aktywna,679.05,0, , ,aktywna
,680.44,2528,78.0,2.7,11101000,680.79,0,0,0,aktywna,680.11,0, , ,aktywna
,681.48,2560,78.0,3.5,11101000,681.82,0,0,0,aktywna,681.14,0, , ,aktywna
,682.50,2560,78.0,4.3,11101000,682.83,0,0,0,aktywna,682.17,0, , ,aktywna
,683.50,2560,78.0,3.9,11101000,683.83,0,0,0,aktywna,683.17,0, , ,aktywna
,684.51,2560,78.0,4.3,11101000,684.83,0,0,0,aktywna,684.17,0, , ,aktywna
,685.52,2592,78.0,0.4,11101000,685.85,0,0,0,aktywna,685.18,0, , ,aktywna
,686.50,2592,78.0,-3.9,11101000,686.84,0,0,0,aktywna,686.17,0, , ,aktywna
,687.53,2592,78.0,-1.2,11101000,687.86,0,0,0,aktywna,687.18,0, , ,aktywna
,688.52,2592,78.0,-1.6,11101000,688.86,0,0,0,aktywna,688.19,0, , ,aktywna
,689.55,2560,78.0,-0.8,11101000,689.89,0,0,0,aktywna,689.21,0, , ,aktywna
,690.58,2560,78.0,1.2,11101000,690.92,0,0,0,aktywna,690.23,0, , ,aktywna
,691.59,2560,78.0,1.6,11101000,691.94,0,0,0,aktywna,691.25,0, , ,aktywna
,692.63,2560,78.0,1.2,11101000,692.96,0,0,0,aktywna,692.29,0, , ,aktywna
,693.66,2560,78.0,1.2,11101000,694.01,0,0,0,aktywna,693.31,0, , ,aktywna
,694.70,2560,78.0,2.0,11101000,695.03,0,0,0,aktywna,694.36,0, , ,aktywna
,695.72,2560,78.0,1.6,11101000,696.05,0,0,0,aktywna,695.37,0, , ,aktywna
,696.79,2528,78.0,2.0,11101000,697.13,0,0,0,aktywna,696.41,0, , ,aktywna
,697.79,2528,78.0,1.2,11101000,698.14,0,0,0,aktywna,697.47,0, , ,aktywna
,698.80,2528,78.0,1.2,11101000,699.17,0,0,0,aktywna,698.47,0, , ,aktywna
,699.86,2528,78.0,1.6,11101000,700.19,0,0,0,aktywna,699.51,0, , ,aktywna
,700.90,2528,78.0,1.2,11101000,701.24,0,0,0,aktywna,700.54,0, , ,aktywna
,701.91,2528,78.0,0.0,11101000,702.28,0,0,0,aktywna,701.58,0, , ,aktywna
,702.94,2528,78.0,3.9,11101000,703.26,0,0,0,aktywna,702.62,0, , ,aktywna
,703.91,2496,78.0,7.8,11101000,704.27,0,0,0,aktywna,703.58,0, , ,aktywna
,704.99,2528,78.0,6.6,11101000,705.32,0,0,0,aktywna,704.65,0, , ,aktywna
,706.02,2528,78.0,5.5,11101000,706.40,0,0,0,aktywna,705.68,0, , ,aktywna
,707.10,2528,78.0,8.6,11101000,707.44,0,0,0,aktywna,706.75,0, , ,aktywna
,708.13,2528,78.0,9.4,11101000,708.48,0,0,0,aktywna,707.79,0, , ,aktywna
,709.17,2528,78.0,9.8,11101000,709.52,0,0,0,aktywna,708.83,0, , ,aktywna
,710.20,2528,78.0,8.6,11101000,710.53,0,0,0,aktywna,709.86,0, , ,aktywna
,711.22,2496,78.0,4.3,11101000,711.59,0,0,0,aktywna,710.87,0, , ,aktywna
,712.28,2496,78.0,3.5,11101000,712.59,0,0,0,aktywna,711.93,0, , ,aktywna
,713.24,2496,78.0,2.0,11101000,713.58,0,0,0,aktywna,712.92,0, , ,aktywna
,714.27,2432,78.0,0.0,11111100,714.61,0,0,0,nieaktywna,713.94,0, , ,nieaktywna
,715.23,2432,78.0,0.0,11111100,715.56,0,0,0,nieaktywna,714.92,0, , ,nieaktywna
,716.21,2336,78.0,0.0,11111100,716.54,0,0,0,nieaktywna,715.89,0, , ,nieaktywna
,717.19,2272,78.0,0.0,11111100,717.54,0,0,0,nieaktywna,716.87,0, , ,nieaktywna
,718.23,2208,78.0,0.0,11111100,718.57,0,0,0,nieaktywna,717.88,0, , ,nieaktywna
,719.26,2176,78.0,0.0,11101000,719.60,0,0,0,aktywna,718.91,0, , ,nieaktywna
,720.27,2176,78.0,0.0,11101000,720.62,0,0,0,aktywna,719.93,0, , ,aktywna
,721.30,2208,78.0,2.7,11101000,721.65,0,0,0,aktywna,720.96,0, , ,aktywna
,722.34,2208,78.0,-1.6,11101000,722.67,0,0,0,aktywna,721.99,0, , ,aktywna
,723.35,2240,78.0,-3.9,11101000,723.68,0,0,0,aktywna,723.01,0, , ,aktywna
,724.34,2272,78.0,-7.4,11101000,724.67,0,0,0,aktywna,724.01,0, , ,aktywna
,725.33,2304,78.0,-10.2,11101000,725.69,0,0,0,aktywna,724.99,0, , ,aktywna
,726.35,2336,78.0,-11.3,11101000,726.69,0,0,0,aktywna,726.03,0, , ,aktywna
,727.41,2368,78.0,-10.2,11101000,727.80,0,0,0,aktywna,727.05,0, , ,aktywna
,728.49,2400,78.0,-8.2,11101000,728.84,0,0,0,aktywna,728.13,0, , ,aktywna
,729.55,2432,78.0,0.0,11101000,729.89,0,0,0,aktywna,729.19,0, , ,aktywna
,730.58,2464,78.0,-3.5,11101000,730.94,0,0,0,aktywna,730.24,0, , ,aktywna
,731.66,2496,78.0,-5.1,11101000,731.99,0,0,0,aktywna,731.30,0, , ,aktywna
,732.68,2496,78.0,-4.7,11101000,733.04,0,0,0,aktywna,732.36,0, , ,aktywna
,733.70,2528,78.0,-3.1,11101000,734.04,0,0,0,aktywna,733.36,0, , ,aktywna
,734.74,2528,78.0,-2.3,11101000,735.08,0,0,0,aktywna,734.39,0, , ,aktywna
,735.77,2528,78.0,-1.2,11101000,736.11,0,0,0,aktywna,735.42,0, , ,aktywna
,736.81,2560,78.0,4.3,11101000,737.16,0,0,0,aktywna,736.45,0, , ,aktywna
,737.85,2560,78.0,8.2,11101000,738.20,0,0,0,aktywna,737.50,0, , ,aktywna
,738.87,2560,78.0,10.5,11101000,739.22,0,0,0,aktywna,738.53,0, , ,aktywna
,739.89,2560,78.0,11.3,11101000,740.23,0,0,0,aktywna,739.56,0, , ,aktywna
,740.92,2560,78.0,6.6,11101000,741.26,0,0,0,aktywna,740.58,0, , ,aktywna
,741.94,2528,78.0,5.1,11101000,742.28,0,0,0,aktywna,741.60,0, , ,aktywna
,742.98,2528,78.0,2.0,11101000,743.32,0,0,0,aktywna,742.62,0, , ,aktywna
,744.02,2528,78.0,-2.7,11101000,744.37,0,0,0,aktywna,743.66,0, , ,aktywna
,745.04,2496,78.0,-3.1,11101000,745.40,0,0,0,aktywna,744.70,0, , ,aktywna
,746.06,2496,78.0,-3.1,11101000,746.40,0,0,0,aktywna,745.73,0, , ,aktywna
,747.13,2464,78.0,-4.3,11101000,747.51,0,0,0,aktywna,746.76,0, , ,aktywna
,748.22,2464,78.0,-5.1,11101000,748.57,0,0,0,aktywna,747.86,0, , ,aktywna
,749.25,2432,78.0,-0.4,11101000,749.59,0,0,0,aktywna,748.90,0, , ,aktywna
,750.28,2432,78.0,3.9,11101000,750.62,0,0,0,aktywna,749.93,0, , ,aktywna
,751.32,2432,78.0,3.9,11101000,751.68,0,0,0,aktywna,750.96,0, , ,aktywna
,752.37,2432,78.0,2.7,11101000,752.73,0,0,0,aktywna,752.01,0, , ,aktywna
,753.43,2400,78.0,2.3,11101000,753.79,0,0,0,aktywna,753.08,0, , ,aktywna
,754.50,2400,78.0,2.0,11101000,754.82,0,0,0,aktywna,754.14,0, , ,aktywna
,755.54,2400,78.0,1.2,11101000,755.88,0,0,0,aktywna,755.19,0, , ,aktywna
,756.52,2368,78.0,-6.3,11111100,756.85,0,0,0,nieaktywna,756.20,0, , ,nieaktywna
,757.51,2336,78.0,0.0,11111100,757.84,0,0,0,nieaktywna,757.18,0, , ,nieaktywna
,758.47,2304,78.0,0.0,11111100,758.79,0,0,0,nieaktywna,758.15,0, , ,nieaktywna
,759.44,2304,78.0,0.0,11101000,759.77,0,0,0,aktywna,759.12,0, , ,nieaktywna
,760.44,2272,78.0,0.0,11101000,760.79,0,0,0,aktywna,760.11,0, , ,aktywna
,761.47,2272,78.0,-4.7,11101000,761.81,0,0,0,aktywna,761.13,0, , ,aktywna
,762.50,2272,78.0,0.0,11101000,762.83,0,0,0,aktywna,762.16,0, , ,aktywna
,763.52,2304,78.0,0.0,11101000,763.86,0,0,0,aktywna,763.18,0, , ,aktywna
,764.51,2272,78.0,-4.3,11101000,764.84,0,0,0,aktywna,764.18,0, , ,aktywna
,765.51,2272,78.0,-5.9,11101000,765.84,0,0,0,aktywna,765.18,0, , ,aktywna
,766.52,2304,78.0,-5.1,11101000,766.88,0,0,0,aktywna,766.18,0, , ,aktywna
,767.57,2272,78.0,-6.6,11101000,767.90,0,0,0,aktywna,767.23,0, , ,aktywna
,768.58,2272,78.0,-7.0,11101000,768.89,0,0,0,aktywna,768.24,0, , ,aktywna
,769.55,2272,78.0,-7.4,11101000,769.89,0,0,0,aktywna,769.22,0, , ,aktywna
,770.54,2272,78.0,-7.0,11101000,770.88,0,0,0,aktywna,770.22,0, , ,aktywna
,771.55,2272,78.0,-4.7,11101000,771.89,0,0,0,aktywna,771.23,0, , ,aktywna
,772.55,2272,78.0,-5.1,11101000,772.90,0,0,0,aktywna,772.22,0, , ,aktywna
,773.56,2272,78.0,-5.1,11101000,773.89,0,0,0,aktywna,773.23,0, , ,aktywna
,774.58,2304,78.0,-4.7,11101000,774.92,0,0,0,aktywna,774.23,0, , ,aktywna
,775.58,2304,78.0,-5.1,11101000,775.90,0,0,0,aktywna,775.25,0, , ,aktywna
,776.58,2336,78.0,-3.5,11101000,776.92,0,0,0,aktywna,776.23,0, , ,aktywna
,777.59,2368,78.0,-3.9,11101000,777.92,0,0,0,aktywna,777.25,0, , ,aktywna
,778.59,2368,78.0,0.0,11101000,778.92,0,0,0,aktywna,778.25,0, , ,aktywna
,779.62,2336,78.0,6.6,11101000,779.95,0,0,0,aktywna,779.28,0, , ,aktywna
,780.62,2368,78.0,5.1,11101000,780.96,0,0,0,aktywna,780.28,0, , ,aktywna
,781.65,2368,78.0,0.0,11101000,781.98,0,0,0,aktywna,781.31,0, , ,aktywna
,782.63,2336,78.0,5.1,11101000,782.98,0,0,0,aktywna,782.31,0, , ,aktywna
,783.66,2368,78.0,8.2,11101000,784.00,0,0,0,aktywna,783.29,0, , ,aktywna
,784.67,2368,78.0,10.9,11101000,785.00,0,0,0,aktywna,784.33,0, , ,aktywna
,785.66,2368,78.0,9.0,11101000,786.01,0,0,0,aktywna,785.33,0, , ,aktywna
,786.71,2368,78.0,6.3,11101000,787.04,0,0,0,aktywna,786.35,0, , ,aktywna
,787.71,2368,78.0,5.9,11101000,788.05,0,0,0,aktywna,787.37,0, , ,aktywna
,788.74,2400,78.0,5.5,11101000,789.06,0,0,0,aktywna,788.40,0, , ,aktywna
,789.76,2400,78.0,3.5,11101000,790.11,0,0,0,aktywna,789.38,0, , ,aktywna
,790.82,2400,78.0,3.5,11101000,791.17,0,0,0,aktywna,790.44,0, , ,aktywna
,791.85,2400,78.0,3.5,11101000,792.18,0,0,0,aktywna,791.51,0, , ,aktywna
,792.88,2400,78.0,2.0,11101000,793.22,0,0,0,aktywna,792.54,0, , ,aktywna
,793.92,2400,78.0,1.6,11101000,794.26,0,0,0,aktywna,793.57,0, , ,aktywna
,794.93,2432,78.0,2.0,11101000,795.29,0,0,0,aktywna,794.59,0, , ,aktywna
,796.02,2400,78.0,5.5,11101000,796.37,0,0,0,aktywna,795.65,0, , ,aktywna
,797.03,2432,78.0,7.0,11101000,797.38,0,0,0,aktywna,796.70,0, , ,aktywna
,798.07,2400,78.0,3.5,11101000,798.43,0,0,0,aktywna,797.71,0, , ,aktywna
,799.09,2400,78.0,-0.4,11101000,799.41,0,0,0,aktywna,798.77,0, , ,aktywna
,800.08,2368,78.0,-1.2,11101000,800.40,0,0,0,aktywna,799.73,0, , ,aktywna
,801.14,2368,78.0,0.0,11101000,801.49,0,0,0,aktywna,800.77,0, , ,aktywna
,802.16,2368,78.0,3.9,11101000,802.51,0,0,0,aktywna,801.83,0, , ,aktywna
,803.19,2368,78.0,5.9,11101000,803.52,0,0,0,aktywna,802.84,0, , ,aktywna
,804.24,2368,78.0,5.1,11101000,804.59,0,0,0,aktywna,803.87,0, , ,aktywna
,805.29,2368,78.0,5.1,11101000,805.65,0,0,0,aktywna,804.93,0, , ,aktywna
,806.35,2336,78.0,4.7,11101000,806.69,0,0,0,aktywna,806.00,0, , ,aktywna
,807.36,2336,78.0,4.7,11101000,807.67,0,0,0,aktywna,807.02,0, , ,aktywna
,808.35,2336,78.0,3.9,11101000,808.70,0,0,0,aktywna,808.01,0, , ,aktywna
,809.38,2336,78.0,-0.4,11101000,809.70,0,0,0,nieaktywna,809.04,0, , ,aktywna
,810.34,2304,78.0,0.0,11111100,810.68,0,0,0,nieaktywna,810.01,0, , ,nieaktywna
,811.35,2208,78.0,0.0,11111100,811.69,0,0,0,nieaktywna,811.02,0, , ,nieaktywna
,812.35,2176,78.0,0.0,11111100,812.68,0,0,0,nieaktywna,812.01,0, , ,nieaktywna
,813.36,2144,78.0,0.0,11111100,813.69,0,0,0,nieaktywna,813.03,0, , ,nieaktywna
,814.38,2080,78.0,0.0,11111100,814.73,0,0,0,nieaktywna,814.03,0, , ,nieaktywna
,815.42,2048,78.0,0.0,11111100,815.75,0,0,0,nieaktywna,815.07,0, , ,nieaktywna
,816.35,960,78.0,0.0,11111110,816.70,0,0,0,nieaktywna,816.06,0, , ,nieaktywna
,817.34,928,78.0,0.0,11111110,817.65,0,0,0,aktywna,817.02,0, , ,aktywna
,818.26,928,78.0,0.0,11111110,818.58,0,0,0,aktywna,817.96,0, , ,aktywna
,819.19,896,78.0,-0.4,11111110,819.50,0,0,0,aktywna,818.88,0, , ,aktywna
,820.10,896,78.0,0.8,11111110,820.41,0,0,0,aktywna,819.79,0, , ,aktywna
,821.05,896,78.0,1.6,11111110,821.34,0,0,0,aktywna,820.73,0, , ,aktywna
,821.96,896,78.0,2.0,11111110,822.28,0,0,0,aktywna,821.65,0, , ,aktywna
,822.88,896,78.0,2.0,11111110,823.20,0,0,0,aktywna,822.57,0, , ,aktywna
,823.83,896,78.0,1.6,11111110,824.13,0,0,0,aktywna,823.50,0, , ,aktywna
,824.72,896,78.0,1.6,11111110,825.01,0,0,0,aktywna,824.41,0, , ,aktywna
,825.63,864,78.0,1.6,11111110,825.94,0,0,0,aktywna,825.32,0, , ,aktywna
,826.55,864,78.0,1.2,11111110,826.86,0,0,0,aktywna,826.23,0, , ,aktywna
,827.45,864,78.0,0.8,11111110,827.75,0,0,0,aktywna,827.15,0, , ,aktywna
,828.36,864,78.0,0.4,11111110,828.67,0,0,0,aktywna,828.05,0, , ,aktywna
,829.27,864,78.0,-0.4,11111110,829.59,0,0,0,aktywna,828.97,0, , ,aktywna
,830.20,896,78.0,0.0,11111110,830.50,0,0,0,aktywna,829.90,0, , ,aktywna
,831.12,896,78.0,-0.4,11111110,831.44,0,0,0,aktywna,830.81,0, , ,aktywna
,832.05,896,78.0,-0.4,11111110,832.35,0,0,0,aktywna,831.74,0, , ,aktywna
,832.95,896,78.0,0.0,11111110,833.23,0,0,0,aktywna,832.65,0, , ,aktywna
,833.84,768,78.0,-0.4,11111110,834.14,0,0,0,aktywna,833.52,0, , ,aktywna
,834.74,800,78.0,-1.2,11111110,835.04,0,0,0,aktywna,834.44,0, , ,aktywna
,835.62,800,78.0,-0.8,11111110,835.93,0,0,0,aktywna,835.33,0, , ,aktywna
,836.54,768,78.0,0.4,11111110,836.84,0,0,0,aktywna,836.23,0, , ,aktywna
,837.44,800,78.0,1.6,11111110,837.73,0,0,0,aktywna,837.14,0, , ,aktywna
,838.33,800,78.0,2.0,11111110,838.62,0,0,0,aktywna,838.03,0, , ,aktywna
,839.21,800,78.0,2.0,11111110,839.50,0,0,0,aktywna,838.92,0, , ,aktywna
,840.08,800,78.0,2.0,11111110,840.37,0,0,0,aktywna,839.80,0, , ,aktywna
,840.96,800,78.0,2.0,11111110,841.26,0,0,0,aktywna,840.67,0, , ,aktywna
,841.87,768,78.0,2.0,11111110,842.17,0,0,0,aktywna,841.57,0, , ,aktywna
,842.79,800,78.0,1.6,11111110,843.10,0,0,0,aktywna,842.48,0, , ,aktywna
,843.71,800,78.0,1.6,11111110,844.01,0,0,0,aktywna,843.40,0, , ,aktywna
,844.62,800,78.0,1.2,11111110,844.92,0,0,0,aktywna,844.32,0, , ,aktywna
,845.52,800,78.0,0.4,11111110,845.80,0,0,0,aktywna,845.21,0, , ,aktywna
,846.38,800,78.0,-0.4,11111110,846.67,0,0,0,aktywna,846.08,0, , ,aktywna
,847.26,768,78.0,-0.8,11111110,847.56,0,0,0,aktywna,846.95,0, , ,aktywna
,848.16,800,78.0,-1.2,11111110,848.46,0,0,0,aktywna,847.86,0, , ,aktywna
,849.06,768,78.0,-1.2,11111110,849.37,0,0,0,aktywna,848.76,0, , ,aktywna
,850.00,768,78.0,-1.2,11111110,850.30,0,0,0,aktywna,849.68,0, , ,aktywna
,850.89,800,78.0,-1.6,11111110,851.18,0,0,0,aktywna,850.59,0, , ,aktywna
,851.80,800,78.0,-1.6,11111110,852.10,0,0,0,aktywna,851.48,0, , ,aktywna
,852.68,768,78.0,-1.2,11111110,852.98,0,0,0,aktywna,852.39,0, , ,aktywna
,853.59,800,78.0,-0.8,11111110,853.88,0,0,0,aktywna,853.30,0, , ,aktywna
,858.95,800,78.0,-1.2,11111110,859.25,0,0,0,aktywna,858.65,0, , ,aktywna
,859.87,800,78.0,-1.6,11111110,860.17,0,0,0,aktywna,859.56,0, , ,aktywna
,860.78,800,78.0,-1.6,11111110,861.09,0,0,0,aktywna,860.46,0, , ,aktywna
,861.67,800,78.0,-2.3,11111110,861.96,0,0,0,aktywna,861.39,0, , ,aktywna
,862.56,800,78.0,0.0,11101010,862.93,0,0,0,aktywna,862.28,0, , ,aktywna
,863.62,2624,78.0,0.0,11101000,863.96,0,0,0,aktywna,863.27,0, , ,aktywna
,864.63,1312,78.0,0.0,11101010,864.93,0,0,0,aktywna,864.29,0, , ,aktywna
,865.65,1632,78.0,-2.3,11101010,866.03,0,0,0,aktywna,865.32,0, , ,aktywna
,866.72,1600,78.0,0.0,11111110,867.04,0,0,0,nieaktywna,866.41,0, , ,aktywna
,867.71,1184,78.0,0.0,11101010,868.04,0,0,0,aktywna,867.38,0, , ,nieaktywna
,868.68,1248,78.0,0.0,11101010,869.02,0,0,0,aktywna,868.36,0, , ,aktywna
,869.76,1504,78.0,0.0,11101010,870.12,0,0,0,aktywna,869.41,0, , ,aktywna
,870.78,1760,78.0,-4.3,11101010,871.16,0,0,0,aktywna,870.47,0, , ,aktywna
,871.89,1920,78.0,0.0,11101010,872.26,0,0,0,aktywna,871.52,0, , ,aktywna
,873.00,2016,78.0,0.0,11101000,873.32,0,0,0,aktywna,872.63,0, , ,aktywna
,874.04,1504,78.0,0.0,11111110,874.36,0,0,0,nieaktywna,873.69,0, , ,nieaktywna
,875.00,1088,78.0,0.0,11111110,875.33,0,0,0,nieaktywna,874.69,0, , ,nieaktywna
,875.96,928,78.0,0.0,11111110,876.29,0,0,0,aktywna,875.63,0, , ,nieaktywna
,876.90,928,78.0,-5.9,11101010,877.21,0,0,0,aktywna,876.59,0, , ,aktywna
,877.96,2016,78.0,0.0,11101000,878.32,0,0,0,aktywna,877.59,0, , ,aktywna
,879.00,2336,78.0,0.0,11101000,879.32,0,0,0,aktywna,878.67,0, , ,aktywna
,880.04,2624,78.0,0.0,11111100,880.38,0,0,0,nieaktywna,879.68,0, , ,aktywna
,881.11,1856,78.0,0.0,11101010,881.47,0,0,0,aktywna,880.73,0, , ,nieaktywna
,882.21,1888,78.0,0.0,11101010,882.59,0,0,0,aktywna,881.84,0, , ,aktywna
,883.31,2016,78.0,-5.1,11101000,883.67,0,0,0,aktywna,882.94,0, , ,aktywna
,884.35,2144,78.0,-8.2,11101000,884.68,0,0,0,aktywna,884.00,0, , ,aktywna
,885.35,2272,79.5,-9.4,11101000,885.69,0,0,0,aktywna,885.03,0, , ,aktywna
,886.33,2368,79.5,-7.0,11101000,886.69,0,0,0,aktywna,886.02,0, , ,aktywna
,887.38,2464,79.5,-5.1,11101000,887.69,0,0,0,aktywna,887.02,0, , ,aktywna
,888.39,2560,79.5,-3.1,11101000,888.73,0,0,0,nieaktywna,888.03,0, , ,aktywna
,889.41,1184,79.5,0.0,11111110,889.70,0,0,0,nieaktywna,889.10,0, , ,nieaktywna
,890.35,1056,79.5,0.0,11111110,890.68,0,0,0,nieaktywna,890.02,0, , ,aktywna
,891.31,960,79.5,0.0,11111110,891.63,0,0,0,aktywna,890.99,0, , ,nieaktywna
,892.27,928,79.5,-2.7,11111110,892.59,0,0,0,aktywna,891.95,0, , ,aktywna
,893.22,864,79.5,-2.7,11111110,893.53,0,0,0,aktywna,892.90,0, , ,aktywna
,894.16,896,79.5,-1.2,11111110,894.47,0,0,0,aktywna,893.84,0, , ,aktywna
,895.09,864,79.5,-0.8,11111110,895.40,0,0,0,aktywna,894.80,0, , ,aktywna
,896.03,864,79.5,-0.4,11111111,896.34,0,0,0,aktywna,895.71,0, , ,aktywna
,896.95,864,79.5,-1.6,11111111,897.27,0,0,0,aktywna,896.64,0, , ,aktywna
,897.88,896,79.5,-2.7,11111111,898.19,0,0,0,aktywna,897.58,0, , ,aktywna
,898.77,864,79.5,-2.3,11111111,899.06,0,0,0,aktywna,898.49,0, , ,aktywna
,899.69,896,79.5,-2.0,11111111,899.99,0,0,0,aktywna,899.37,0, , ,aktywna
,900.66,896,79.5,-1.6,11111111,900.97,0,0,0,aktywna,900.32,0, , ,aktywna
,901.61,896,79.5,-1.6,11111111,901.90,0,0,0,aktywna,901.29,0, , ,aktywna
,902.50,896,79.5,-1.6,11111111,902.80,0,0,0,aktywna,902.21,0, , ,aktywna
,903.41,864,79.5,-1.6,11111111,903.71,0,0,0,aktywna,903.10,0, , ,aktywna
,904.32,864,79.5,-1.6,11111111,904.66,0,0,0,aktywna,904.02,0, , ,aktywna
,905.26,896,79.5,-2.0,11111111,905.56,0,0,0,aktywna,904.95,0, , ,aktywna
,906.20,896,79.5,-2.0,11111111,906.50,0,0,0,aktywna,905.87,0, , ,aktywna
,907.10,896,79.5,-1.6,11111111,907.41,0,0,0,aktywna,906.80,0, , ,aktywna
,908.00,736,79.5,-1.6,11111111,908.30,0,0,0,aktywna,907.69,0, , ,aktywna
,908.91,800,79.5,-2.0,11111111,909.23,0,0,0,aktywna,908.60,0, , ,aktywna
,909.83,768,79.5,-2.7,11111111,910.13,0,0,0,aktywna,909.53,0, , ,aktywna
,910.74,768,79.5,-3.1,11111111,911.04,0,0,0,aktywna,910.44,0, , ,aktywna
,911.64,768,79.5,-3.1,11111111,911.94,0,0,0,aktywna,911.34,0, , ,aktywna
,912.54,768,79.5,-2.7,11111111,912.85,0,0,0,aktywna,912.23,0, , ,aktywna
,913.46,800,79.5,-3.1,11111111,913.75,0,0,0,aktywna,913.16,0, , ,aktywna
,914.35,800,79.5,-3.1,11111111,914.66,0,0,0,aktywna,914.05,0, , ,aktywna
,915.26,768,79.5,-3.5,11111111,915.55,0,0,0,aktywna,914.95,0, , ,aktywna
,916.14,768,79.5,-3.5,11111111,916.44,0,0,0,aktywna,915.84,0, , ,aktywna
,917.04,768,79.5,-3.5,11111111,917.35,0,0,0,aktywna,916.73,0, , ,aktywna
,917.98,800,79.5,-3.5,11111111,918.28,0,0,0,aktywna,917.66,0, , ,aktywna
,918.86,768,79.5,-3.9,11111111,919.15,0,0,0,aktywna,918.57,0, , ,aktywna
,919.75,768,79.5,-3.5,11111111,920.06,0,0,0,aktywna,919.45,0, , ,aktywna
,920.67,800,79.5,-3.5,11111111,920.97,0,0,0,aktywna,920.36,0, , ,aktywna
,927.01,800,79.5,-5.1,11111111,927.31,0,0,0,aktywna,926.71,0, , ,aktywna
,927.90,800,79.5,-5.1,11111111,928.20,0,0,0,aktywna,927.61,0, , ,aktywna
,928.80,768,79.5,-5.5,11111111,929.09,0,0,0,aktywna,928.50,0, , ,aktywna
,929.70,800,79.5,-5.5,11111111,930.00,0,0,0,aktywna,929.40,0, , ,aktywna
,930.59,768,79.5,-5.5,11111111,930.91,0,0,0,aktywna,930.29,0, , ,aktywna
,931.50,800,79.5,-5.5,11111111,931.80,0,0,0,aktywna,931.20,0, , ,aktywna
,932.41,800,79.5,-5.5,11111111,932.73,0,0,0,aktywna,932.10,0, , ,aktywna
,933.36,800,79.5,-5.1,11111111,933.64,0,0,0,aktywna,933.04,0, , ,aktywna
,934.23,800,79.5,-5.1,11111111,934.53,0,0,0,aktywna,933.93,0, , ,aktywna
,935.12,800,79.5,-5.5,11111111,935.42,0,0,0,aktywna,934.83,0, , ,aktywna
,936.04,800,79.5,-6.3,11111111,936.34,0,0,0,aktywna,935.73,0, , ,aktywna
,936.96,800,79.5,-5.9,10111111,937.25,0,0,0,aktywna,936.65,0, , ,aktywna
,937.86,800,79.5,-5.5,10111111,938.17,0,0,0,aktywna,937.56,0, , ,aktywna
,938.78,800,79.5,-4.7,10111111,939.08,0,0,0,aktywna,938.47,0, , ,aktywna
,939.67,768,81.0,-4.7,10111111,939.97,0,0,0,aktywna,939.38,0, , ,aktywna
,940.56,800,81.0,-4.7,10111111,940.86,0,0,0,aktywna,940.27,0, , ,aktywna
,941.47,800,81.0,-5.1,10111111,941.75,0,0,0,aktywna,941.17,0, , ,aktywna
,942.35,800,81.0,-4.7,10111111,942.66,0,0,0,aktywna,942.04,0, , ,aktywna
,943.23,800,81.0,-3.9,10111111,943.52,0,0,0,aktywna,942.94,0, , ,aktywna
,944.12,800,81.0,-3.9,10111111,944.42,0,0,0,aktywna,943.82,0, , ,aktywna
,945.02,800,81.0,-4.3,10111111,945.30,0,0,0,aktywna,944.71,0, , ,aktywna
,945.88,768,81.0,-4.7,10111111,946.18,0,0,0,aktywna,945.59,0, , ,aktywna
,946.78,800,81.0,-4.3,10111111,947.08,0,0,0,aktywna,946.48,0, , ,aktywna
,947.67,768,81.0,-5.1,10111111,947.96,0,0,0,aktywna,947.37,0, , ,aktywna
,948.56,800,81.0,-5.5,10111111,948.86,0,0,0,aktywna,948.27,0, , ,aktywna
,949.44,768,81.0,-5.5,10111111,949.72,0,0,0,aktywna,949.16,0, , ,aktywna
,950.31,800,81.0,-5.5,10111111,950.61,0,0,0,aktywna,950.01,0, , ,aktywna
,951.76,768,81.0,-5.5,10111111,952.24,0,0,0,aktywna,951.50,0, , ,aktywna
,952.84,800,81.0,-5.1,10111111,953.14,0,0,0,aktywna,952.52,0, , ,aktywna
,953.75,800,81.0,-5.5,10111111,954.04,0,0,0,aktywna,953.43,0, , ,aktywna
,954.67,768,81.0,-5.9,10111111,954.95,0,0,0,aktywna,954.35,0, , ,aktywna
,955.55,768,81.0,-5.9,10111111,955.84,0,0,0,aktywna,955.24,0, , ,aktywna
,956.44,768,81.0,-5.9,10111111,956.74,0,0,0,aktywna,956.14,0, , ,aktywna
,957.35,800,81.0,-5.5,10111111,957.66,0,0,0,aktywna,957.05,0, , ,aktywna
,958.28,768,81.0,-4.7,10111111,958.58,0,0,0,aktywna,957.98,0, , ,aktywna
,959.15,768,81.0,-5.5,10111111,959.45,0,0,0,aktywna,958.86,0, , ,aktywna
,960.04,800,81.0,-5.9,10111111,960.37,0,0,0,aktywna,959.75,0, , ,aktywna
,960.95,768,81.0,-6.3,10111111,961.24,0,0,0,aktywna,960.66,0, , ,aktywna
,961.85,768,82.5,-5.9,10111111,962.15,0,0,0,aktywna,961.56,0, , ,aktywna
,962.75,800,82.5,-5.1,10111111,963.05,0,0,0,aktywna,962.45,0, , ,aktywna
,963.67,768,82.5,-5.1,10111111,963.98,0,0,0,aktywna,963.36,0, , ,aktywna
,964.58,800,82.5,-5.5,10111111,964.87,0,0,0,aktywna,964.28,0, , ,aktywna
,965.45,768,82.5,-5.9,10111111,965.76,0,0,0,aktywna,965.16,0, , ,aktywna
,966.35,768,82.5,-5.5,10111111,966.65,0,0,0,aktywna,966.05,0, , ,aktywna
,967.26,800,82.5,-5.1,10111111,967.56,0,0,0,aktywna,966.95,0, , ,aktywna
,968.15,768,82.5,-5.1,10111111,968.44,0,0,0,aktywna,967.86,0, , ,aktywna
,969.03,800,82.5,-5.1,10111111,969.32,0,0,0,aktywna,968.74,0, , ,aktywna
,969.92,800,82.5,-5.1,10111111,970.22,0,0,0,aktywna,969.62,0, , ,aktywna
,970.82,800,82.5,-5.1,10111111,971.13,0,0,0,aktywna,970.52,0, , ,aktywna
,971.72,800,82.5,-5.5,10111111,972.02,0,0,0,aktywna,971.43,0, , ,aktywna
,972.62,800,82.5,-5.1,10111111,972.92,0,0,0,aktywna,972.31,0, , ,aktywna
,973.51,800,82.5,-4.7,10111111,973.83,0,0,0,aktywna,973.22,0, , ,aktywna
,974.42,800,82.5,-4.7,10111111,974.72,0,0,0,aktywna,974.12,0, , ,aktywna
,975.32,800,82.5,-5.1,10111111,975.63,0,0,0,aktywna,975.01,0, , ,aktywna
,976.26,800,82.5,-5.9,10111111,976.55,0,0,0,aktywna,975.95,0, , ,aktywna
,977.17,800,82.5,-5.9,10111111,977.46,0,0,0,aktywna,976.85,0, , ,aktywna
,978.07,800,82.5,-5.5,10111111,978.38,0,0,0,aktywna,977.77,0, , ,aktywna
,978.98,800,82.5,-5.1,10111111,979.28,0,0,0,aktywna,978.69,0, , ,aktywna
,979.89,800,82.5,-5.5,10111111,980.20,0,0,0,aktywna,979.59,0, , ,aktywna
,980.80,768,82.5,-5.9,10111111,981.09,0,0,0,aktywna,980.50,0, , ,aktywna
,981.70,768,82.5,-5.9,10111111,982.01,0,0,0,aktywna,981.41,0, , ,aktywna
,982.61,800,82.5,-5.9,10111111,982.91,0,0,0,aktywna,982.31,0, , ,aktywna
,983.51,768,82.5,-5.9,10111111,983.81,0,0,0,aktywna,983.22,0, , ,aktywna
,984.41,768,82.5,-5.9,10111111,984.71,0,0,0,aktywna,984.10,0, , ,aktywna
,985.33,800,82.5,-5.9,10111111,985.62,0,0,0,aktywna,985.03,0, , ,aktywna
,986.20,800,84.0,-5.5,10111111,986.51,0,0,0,aktywna,985.91,0, , ,aktywna
,987.11,800,84.0,-5.9,10111111,987.41,0,0,0,aktywna,986.81,0, , ,aktywna
,988.00,768,84.0,-6.3,10111111,988.29,0,0,0,aktywna,987.70,0, , ,aktywna
,988.89,768,84.0,-6.3,10111111,989.21,0,0,0,aktywna,988.59,0, , ,aktywna
,989.81,768,84.0,-5.9,10111111,990.11,0,0,0,aktywna,989.51,0, , ,aktywna
,990.70,800,84.0,-5.9,10111111,991.01,0,0,0,aktywna,990.41,0, , ,aktywna
,991.60,800,84.0,-6.3,10111111,991.90,0,0,0,aktywna,991.30,0, , ,aktywna
,992.48,768,84.0,-6.3,10111111,992.80,0,0,0,aktywna,992.19,0, , ,aktywna
,993.40,768,84.0,-6.3,10111111,993.69,0,0,0,aktywna,993.10,0, , ,aktywna
,994.30,800,84.0,-5.9,10111111,994.59,0,0,0,aktywna,994.01,0, , ,aktywna
,995.19,800,84.0,-5.9,10111111,995.48,0,0,0,aktywna,994.89,0, , ,aktywna
,996.09,768,84.0,-6.3,10111111,996.38,0,0,0,aktywna,995.78,0, , ,aktywna
,996.99,768,84.0,-6.3,10111111,997.29,0,0,0,aktywna,996.69,0, , ,aktywna
,997.90,800,84.0,-6.3,10111111,998.22,0,0,0,aktywna,997.59,0, , ,aktywna
,998.82,800,84.0,-6.3,10111111,999.12,0,0,0,aktywna,998.52,0, , ,aktywna
,999.70,800,84.0,-6.3,10111111,999.99,0,0,0,aktywna,999.41,0, , ,aktywna
,1000.59,768,84.0,-6.3,10111111,1000.89,0,0,0,aktywna,1000.28,0, , ,aktywna
,1001.49,800,84.0,-6.3,10111111,1001.80,0,0,0,aktywna,1001.18,0, , ,aktywna
,1002.39,800,84.0,-6.6,10111111,1002.68,0,0,0,aktywna,1002.09,0, , ,aktywna
,1003.28,800,84.0,-7.0,10111111,1003.58,0,0,0,aktywna,1002.98,0, , ,aktywna
,1004.18,800,84.0,-7.0,10111111,1004.48,0,0,0,aktywna,1003.87,0, , ,aktywna
,1005.09,768,84.0,-6.6,10111111,1005.39,0,0,0,aktywna,1004.79,0, , ,aktywna
,1005.99,800,84.0,-6.6,10111111,1006.31,0,0,0,aktywna,1005.68,0, , ,aktywna
,1006.95,800,84.0,-6.3,10111111,1007.25,0,0,0,aktywna,1006.63,0, , ,aktywna
,1007.84,800,84.0,-6.3,10111111,1008.14,0,0,0,aktywna,1007.55,0, , ,aktywna
,1008.71,800,84.0,-6.3,10111111,1009.01,0,0,0,aktywna,1008.42,0, , ,aktywna
,1009.59,800,84.0,-6.6,10111111,1009.90,0,0,0,aktywna,1009.30,0, , ,aktywna
,1010.50,800,84.0,-6.6,10111111,1010.81,0,0,0,aktywna,1010.20,0, , ,aktywna
,1011.40,800,85.5,-6.6,10111111,1011.70,0,0,0,aktywna,1011.10,0, , ,aktywna
,1012.32,800,85.5,-6.3,10111111,1012.63,0,0,0,aktywna,1012.01,0, , ,aktywna
,1013.23,800,85.5,-5.9,10111111,1013.53,0,0,0,aktywna,1012.93,0, , ,aktywna
,1014.16,800,85.5,-5.5,10111111,1014.46,0,0,0,aktywna,1013.85,0, , ,aktywna
,1015.08,800,85.5,-5.1,10111111,1015.39,0,0,0,aktywna,1014.78,0, , ,aktywna
,1015.98,800,85.5,-4.7,10111111,1016.27,0,0,0,aktywna,1015.68,0, , ,aktywna
,1016.87,800,85.5,-4.7,10111111,1017.17,0,0,0,aktywna,1016.58,0, , ,aktywna
,1017.77,768,85.5,-4.7,10111111,1018.07,0,0,0,aktywna,1017.46,0, , ,aktywna
,1018.67,800,85.5,-5.1,10111111,1018.97,0,0,0,aktywna,1018.38,0, , ,aktywna
,1019.55,800,85.5,-5.1,10111111,1019.84,0,0,0,aktywna,1019.25,0, , ,aktywna
,1020.47,800,85.5,-5.1,10111111,1020.77,0,0,0,aktywna,1020.15,0, , ,aktywna
,1021.37,800,85.5,-5.1,10111111,1021.67,0,0,0,aktywna,1021.06,0, , ,aktywna
,1022.27,768,85.5,-4.7,10111111,1022.56,0,0,0,aktywna,1021.97,0, , ,aktywna
,1023.23,928,85.5,-5.1,10101011,1023.57,0,0,0,aktywna,1022.89,0, , ,aktywna
,1024.22,1248,85.5,-5.1,10101011,1024.55,0,0,0,aktywna,1023.90,0, , ,aktywna
,1025.22,1376,85.5,-2.7,10101011,1025.57,0,0,0,aktywna,1024.88,0, , ,aktywna
,1026.25,1152,85.5,-5.9,10101011,1026.55,0,0,0,aktywna,1025.93,0, , ,aktywna
,1027.12,960,85.5,0.4,10101011,1027.43,0,0,0,aktywna,1026.86,0, , ,aktywna
,1028.08,1248,85.5,1.6,10111111,1028.52,0,0,0,aktywna,1027.76,0, , ,aktywna
,1029.31,1472,85.5,-4.3,10111111,1029.63,0,0,0,aktywna,1028.96,0, , ,aktywna
,1030.24,928,85.5,-5.5,10111111,1030.54,0,0,0,aktywna,1029.94,0, , ,aktywna
,1031.14,768,85.5,-9.0,10111111,1031.43,0,0,0,aktywna,1030.84,0, , ,aktywna
,1032.05,768,85.5,-9.8,10111111,1032.34,0,0,0,aktywna,1031.74,0, , ,aktywna
,1032.94,768,85.5,-7.8,10111111,1033.24,0,0,0,aktywna,1032.65,0, , ,aktywna
,1033.85,800,85.5,-5.9,10111111,1034.14,0,0,0,aktywna,1033.56,0, , ,aktywna
,1034.73,800,85.5,-5.1,10111111,1035.03,0,0,0,aktywna,1034.44,0, , ,aktywna
,1035.62,800,85.5,-5.1,10111111,1035.92,0,0,0,aktywna,1035.33,0, , ,aktywna
,1036.53,800,85.5,-5.5,10111111,1036.85,0,0,0,aktywna,1036.23,0, , ,aktywna
,1037.45,800,85.5,-5.9,10111111,1037.75,0,0,0,aktywna,1037.16,0, , ,aktywna
,1038.34,768,85.5,-6.3,10111111,1038.64,0,0,0,aktywna,1038.05,0, , ,aktywna
,1039.24,768,87.0,-6.6,10111111,1039.55,0,0,0,aktywna,1038.94,0, , ,aktywna
,1040.18,800,87.0,-6.6,10111111,1040.47,0,0,0,aktywna,1039.87,0, , ,aktywna
,1041.06,800,87.0,-6.3,10111111,1041.36,0,0,0,aktywna,1040.77,0, , ,aktywna
,1041.95,768,87.0,-5.5,10111111,1042.25,0,0,0,aktywna,1041.65,0, , ,aktywna
,1042.85,800,87.0,-5.5,10111111,1043.15,0,0,0,aktywna,1042.55,0, , ,aktywna
,1043.77,800,87.0,-5.5,10111111,1044.07,0,0,0,aktywna,1043.47,0, , ,aktywna
,1044.67,800,87.0,-5.9,10111111,1044.96,0,0,0,aktywna,1044.37,0, , ,aktywna
,1045.56,800,87.0,-6.3,10111111,1045.86,0,0,0,aktywna,1045.27,0, , ,aktywna
,1046.47,800,87.0,-5.9,10111111,1046.77,0,0,0,aktywna,1046.17,0, , ,aktywna
,1047.36,800,87.0,-5.9,10111111,1047.65,0,0,0,aktywna,1047.06,0, , ,aktywna
,1048.27,768,87.0,-5.9,10111111,1048.55,0,0,0,aktywna,1047.96,0, , ,aktywna
,1049.12,800,87.0,-5.5,10111111,1049.42,0,0,0,aktywna,1048.83,0, , ,aktywna
,1050.04,960,87.0,-4.7,10101011,1050.35,0,0,0,aktywna,1049.72,0, , ,aktywna
,1050.97,1024,87.0,-1.6,10101011,1051.29,0,0,0,aktywna,1050.67,0, , ,aktywna
,1051.90,896,87.0,-3.9,10111111,1052.23,0,0,0,aktywna,1051.59,0, , ,aktywna
,1052.82,736,87.0,-9.0,10111111,1053.15,0,0,0,aktywna,1052.53,0, , ,nieaktywna
,1053.76,800,87.0,-11.7,10111111,1054.05,0,0,0,aktywna,1053.45,0, , ,aktywna
,1054.69,1312,87.0,0.0,10101011,1055.03,0,0,0,aktywna,1054.33,0, , ,aktywna
,1055.67,1344,87.0,-5.1,10101011,1056.03,0,0,0,aktywna,1055.35,0, , ,aktywna
,1056.62,960,87.0,0.0,10111111,1056.93,0,0,0,nieaktywna,1056.35,0, , ,nieaktywna
,1057.56,800,87.0,0.0,10111111,1057.87,0,0,0,aktywna,1057.24,0, , ,aktywna
,1058.48,1024,87.0,0.0,10101011,1058.79,0,0,0,aktywna,1058.20,0, , ,aktywna
,1059.40,640,87.0,3.1,10101011,1059.71,0,0,0,aktywna,1059.10,0, , ,aktywna
,1060.35,1024,87.0,0.0,10101011,1060.65,0,0,0,aktywna,1060.05,0, , ,aktywna
,1061.26,864,87.0,-1.6,10111111,1061.57,0,0,0,aktywna,1060.96,0, , ,aktywna
,1062.17,896,87.0,-4.7,10111111,1062.50,0,0,0,aktywna,1061.88,0, , ,aktywna
,1063.11,896,87.0,-9.0,10101011,1063.41,0,0,0,aktywna,1062.81,0, , ,aktywna
,1064.07,1280,87.0,0.0,10101011,1064.40,0,0,0,aktywna,1063.75,0, , ,aktywna
,1065.02,864,87.0,3.9,10101011,1065.32,0,0,0,aktywna,1064.72,0, , ,aktywna
,1065.97,928,87.0,-2.0,10101011,1066.27,0,0,0,aktywna,1065.65,0, , ,aktywna
,1066.84,1024,88.5,3.1,10101011,1067.16,0,0,0,aktywna,1066.53,0, , ,aktywna
,1067.80,1312,88.5,0.0,10101011,1068.13,0,0,0,aktywna,1067.49,0, , ,aktywna
,1068.81,1600,88.5,0.0,10111111,1069.16,0,0,0,nieaktywna,1068.47,0, , ,aktywna
,1069.79,960,88.5,0.0,10101011,1070.13,0,0,0,aktywna,1069.43,0, , ,nieaktywna
,1070.76,1184,88.5,0.0,10101011,1071.12,0,0,0,aktywna,1070.43,0, , ,aktywna
,1071.80,1504,88.5,-5.9,10101011,1072.18,0,0,0,aktywna,1071.45,0, , ,aktywna
,1072.91,1856,88.5,-11.3,10101011,1073.26,0,0,0,aktywna,1072.55,0, , ,aktywna
,1073.95,2144,88.5,-14.8,10101001,1074.28,0,0,0,aktywna,1073.60,0, , ,aktywna
,1074.99,2432,88.5,-15.2,10101001,1075.33,0,0,0,nieaktywna,1074.64,0, , ,aktywna
,1076.00,1056,88.5,0.0,10101011,1076.39,0,0,0,aktywna,1075.67,0, , ,nieaktywna
,1077.11,1568,88.5,0.0,10101011,1077.48,0,0,0,aktywna,1076.76,0, , ,aktywna
,1078.15,1696,88.5,0.0,10101011,1078.53,0,0,0,aktywna,1077.81,0, , ,aktywna
,1079.27,1824,88.5,-7.4,10101011,1079.64,0,0,0,aktywna,1078.91,0, , ,aktywna
,1080.37,1920,88.5,-9.8,10101011,1080.73,0,0,0,aktywna,1080.00,0, , ,aktywna
,1081.44,2048,88.5,-8.2,10101001,1081.78,0,0,0,aktywna,1081.08,0, , ,aktywna
,1082.49,2112,88.5,-6.6,10101001,1082.82,0,0,0,aktywna,1082.14,0, , ,aktywna
,1083.51,2176,88.5,-5.1,10101001,1083.85,0,0,0,aktywna,1083.18,0, , ,aktywna
,1084.51,2272,88.5,-10.2,11101001,1084.87,0,0,0,aktywna,1084.18,0, , ,aktywna
,1085.55,2432,88.5,-12.9,11101001,1085.92,0,0,0,aktywna,1085.19,0, , ,aktywna
,1086.60,2560,88.5,-9.4,11101001,1086.94,0,0,0,aktywna,1086.27,0, , ,aktywna
,1087.59,2656,88.5,-8.2,11101001,1087.91,0,0,0,aktywna,1087.27,0, , ,aktywna
,1088.57,2624,88.5,0.0,11111101,1088.93,0,0,0,nieaktywna,1088.24,0, , ,aktywna
,1089.65,1920,88.5,0.0,11101011,1090.03,0,0,0,aktywna,1089.31,0, , ,nieaktywna
,1090.77,1952,88.5,0.0,11101011,1091.12,0,0,0,aktywna,1090.40,0, , ,aktywna
,1091.84,1984,88.5,-3.5,11101001,1092.19,0,0,0,aktywna,1091.48,0, , ,aktywna
,1092.90,2048,88.5,-5.5,11101001,1093.25,0,0,0,aktywna,1092.54,0, , ,aktywna
,1093.94,2112,88.5,-8.2,11101001,1094.29,0,0,0,aktywna,1093.58,0, , ,aktywna
,1095.00,2176,87.0,-10.2,11101001,1095.32,0,0,0,aktywna,1094.65,0, , ,aktywna
,1096.00,2208,87.0,-9.4,11101001,1096.35,0,0,0,aktywna,1095.66,0, , ,aktywna
,1097.03,2272,87.0,-9.8,11101001,1097.38,0,0,0,aktywna,1096.70,0, , ,aktywna
,1098.06,2336,87.0,-9.0,11101001,1098.39,0,0,0,aktywna,1097.70,0, , ,aktywna
,1099.11,2400,87.0,-8.2,11101001,1099.44,0,0,0,aktywna,1098.76,0, , ,aktywna
,1100.11,2464,87.0,-8.2,11101001,1100.45,0,0,0,aktywna,1099.77,0, , ,aktywna
,1101.13,2528,87.0,-7.0,11101001,1101.49,0,0,0,aktywna,1100.80,0, , ,aktywna
,1102.15,2592,87.0,-7.0,11101001,1102.49,0,0,0,aktywna,1101.81,0, , ,aktywna
,1103.20,2624,87.0,-5.5,11101001,1103.53,0,0,0,aktywna,1102.85,0, , ,aktywna
,1104.21,2688,87.0,-5.9,11101001,1104.55,0,0,0,aktywna,1103.88,0, , ,aktywna
,1105.23,2752,87.0,-5.9,11101001,1105.58,0,0,0,aktywna,1104.88,0, , ,aktywna
,1106.26,2752,87.0,0.0,11111101,1106.60,0,0,0,nieaktywna,1105.92,0, , ,aktywna
,1107.27,1312,87.0,0.0,11101011,1107.63,0,0,0,aktywna,1106.93,0, , ,nieaktywna
,1108.31,2144,85.5,0.0,11101001,1108.65,0,0,0,aktywna,1107.95,0, , ,aktywna
,1109.35,2080,87.0,-9.0,11101001,1109.67,0,0,0,aktywna,1109.00,0, , ,aktywna
,1110.39,2080,87.0,0.0,11101001,1110.72,0,0,0,aktywna,1110.03,0, , ,aktywna
,1111.40,2112,87.0,0.4,11101001,1111.74,0,0,0,aktywna,1111.06,0, , ,aktywna
,1112.43,2144,85.5,4.3,11101001,1112.76,0,0,0,aktywna,1112.10,0, , ,aktywna
,1113.46,2144,85.5,6.3,11101001,1113.82,0,0,0,aktywna,1113.12,0, , ,aktywna
,1114.49,2176,85.5,6.6,11101001,1114.81,0,0,0,aktywna,1114.16,0, , ,aktywna
,1115.49,2176,85.5,2.7,11101001,1115.83,0,0,0,aktywna,1115.15,0, , ,aktywna
,1116.51,2208,85.5,-4.7,11101001,1116.85,0,0,0,aktywna,1116.16,0, , ,aktywna
,1117.53,2240,85.5,-7.0,11101001,1117.87,0,0,0,aktywna,1117.19,0, , ,aktywna
,1118.52,2240,85.5,-7.0,11101001,1118.85,0,0,0,aktywna,1118.19,0, , ,aktywna
,1119.52,2272,85.5,0.0,11101001,1119.84,0,0,0,aktywna,1119.18,0, , ,aktywna
,1120.53,2272,85.5,2.0,11101001,1120.87,0,0,0,aktywna,1120.18,0, , ,aktywna
,1121.54,2272,85.5,0.4,11101001,1121.88,0,0,0,aktywna,1121.21,0, , ,aktywna
,1122.54,2304,85.5,-2.0,11101001,1122.88,0,0,0,aktywna,1122.22,0, , ,aktywna
,1123.56,2304,85.5,-3.1,11101001,1123.91,0,0,0,aktywna,1123.23,0, , ,aktywna
,1124.58,2336,85.5,-1.6,11101001,1124.90,0,0,0,aktywna,1124.23,0, , ,aktywna
,1125.59,2336,84.0,0.4,11101001,1125.94,0,0,0,aktywna,1125.24,0, , ,aktywna
,1126.60,2336,84.0,0.8,11101001,1126.95,0,0,0,aktywna,1126.27,0, , ,aktywna
,1127.64,2336,84.0,0.8,11101001,1127.97,0,0,0,aktywna,1127.30,0, , ,aktywna
,1128.67,2368,84.0,1.2,11101001,1129.02,0,0,0,aktywna,1128.33,0, , ,aktywna
,1129.71,2368,84.0,1.2,11101001,1130.07,0,0,0,aktywna,1129.38,0, , ,aktywna
,1130.76,2368,84.0,1.6,11101001,1131.12,0,0,0,aktywna,1130.42,0, , ,aktywna
,1131.82,2400,84.0,1.2,11101001,1132.15,0,0,0,aktywna,1131.49,0, , ,aktywna
,1132.86,2400,84.0,2.0,11101001,1133.24,0,0,0,aktywna,1132.53,0, , ,aktywna
,1133.88,2400,84.0,0.8,11101001,1134.24,0,0,0,aktywna,1133.55,0, , ,aktywna
,1134.95,2400,84.0,-3.1,11101001,1135.31,0,0,0,aktywna,1134.60,0, , ,aktywna
,1136.02,2432,82.5,-7.0,11101001,1136.33,0,0,0,aktywna,1135.67,0, , ,aktywna
,1137.03,2432,82.5,-7.8,11101001,1137.38,0,0,0,aktywna,1136.67,0, , ,aktywna
,1138.09,2432,82.5,-7.4,11101001,1138.44,0,0,0,aktywna,1137.73,0, , ,aktywna
,1139.15,2464,82.5,-6.6,11101001,1139.51,0,0,0,aktywna,1138.80,0, , ,aktywna
,1140.24,2464,82.5,-6.3,11101001,1140.59,0,0,0,aktywna,1139.87,0, , ,aktywna
,1141.28,2496,82.5,-6.3,11101001,1141.61,0,0,0,aktywna,1140.94,0, , ,aktywna
,1142.27,2496,82.5,-6.3,11101001,1142.59,0,0,0,aktywna,1141.96,0, , ,aktywna
,1143.30,2496,82.5,-5.5,11101001,1143.60,0,0,0,aktywna,1142.95,0, , ,aktywna
,1144.29,2496,82.5,-5.1,11101001,1144.63,0,0,0,aktywna,1143.94,0, , ,aktywna
,1145.30,2496,82.5,-2.3,11101001,1145.61,0,0,0,aktywna,1144.95,0, , ,aktywna
,1146.26,2496,82.5,-0.8,11101001,1146.62,0,0,0,aktywna,1145.92,0, , ,aktywna
,1147.33,2496,82.5,-1.2,11101001,1147.70,0,0,0,aktywna,1146.98,0, , ,aktywna
,1148.34,2496,82.5,-1.2,11101001,1148.70,0,0,0,aktywna,1148.02,0, , ,aktywna
,1149.38,2496,81.0,-1.2,11101001,1149.70,0,0,0,aktywna,1149.03,0, , ,aktywna
,1150.37,2496,81.0,-2.0,11101001,1150.72,0,0,0,aktywna,1150.03,0, , ,aktywna
,1151.42,2496,81.0,-0.8,11101001,1151.75,0,0,0,aktywna,1151.08,0, , ,aktywna
,1152.46,2496,81.0,-1.6,11101001,1152.83,0,0,0,aktywna,1152.12,0, , ,aktywna
,1153.55,2464,81.0,-1.6,11101001,1153.88,0,0,0,aktywna,1153.19,0, , ,aktywna
,1154.60,2496,81.0,-1.2,11101001,1154.96,0,0,0,aktywna,1154.26,0, , ,aktywna
,1155.69,2496,81.0,-0.8,11101001,1156.04,0,0,0,aktywna,1155.33,0, , ,aktywna
,1156.75,2496,81.0,-1.2,11101001,1157.08,0,0,0,aktywna,1156.39,0, , ,aktywna
,1157.76,2496,81.0,-0.8,11101001,1158.09,0,0,0,aktywna,1157.41,0, , ,aktywna
,1158.78,2496,81.0,-0.8,11101001,1159.15,0,0,0,aktywna,1158.42,0, , ,aktywna
,1159.86,2496,81.0,-0.4,11101001,1160.22,0,0,0,aktywna,1159.51,0, , ,aktywna
,1160.90,2496,81.0,0.8,11101001,1161.26,0,0,0,aktywna,1160.56,0, , ,aktywna
,1161.98,2496,81.0,2.7,11101001,1162.32,0,0,0,aktywna,1161.63,0, , ,aktywna
,1163.03,2528,81.0,2.7,11101001,1163.40,0,0,0,aktywna,1162.67,0, , ,aktywna
,1164.07,2496,79.5,4.3,11101001,1164.43,0,0,0,aktywna,1163.73,0, , ,aktywna
,1165.10,2528,79.5,4.3,11101001,1165.43,0,0,0,aktywna,1164.77,0, , ,aktywna
,1166.10,2496,79.5,3.1,11101001,1166.44,0,0,0,aktywna,1165.77,0, , ,aktywna
,1167.11,2496,79.5,3.1,11101001,1167.45,0,0,0,aktywna,1166.77,0, , ,aktywna
,1168.15,2528,79.5,3.1,11101001,1168.50,0,0,0,aktywna,1167.79,0, , ,aktywna
,1169.17,2496,79.5,2.7,11101001,1169.52,0,0,0,aktywna,1168.85,0, , ,aktywna
,1170.22,2496,79.5,3.1,11101001,1170.58,0,0,0,aktywna,1169.86,0, , ,aktywna
,1171.26,2496,79.5,2.7,11101001,1171.59,0,0,0,aktywna,1170.91,0, , ,aktywna
,1172.30,2496,79.5,2.3,11101000,1172.65,0,0,0,aktywna,1171.93,0, , ,aktywna
,1173.33,2496,79.5,2.3,11101000,1173.65,0,0,0,aktywna,1173.01,0, , ,aktywna
,1174.37,2496,79.5,5.1,11101001,1174.72,0,0,0,aktywna,1174.01,0, , ,aktywna
,1175.42,2464,79.5,5.1,11101000,1175.75,0,0,0,aktywna,1175.08,0, , ,aktywna
,1176.43,2464,79.5,0.0,11111100,1176.75,0,0,0,nieaktywna,1176.10,0, , ,aktywna
,1177.42,2400,79.5,0.0,11111100,1177.73,0,0,0,nieaktywna,1177.08,0, , ,nieaktywna
,1178.39,2368,79.5,0.0,11111100,1178.72,0,0,0,nieaktywna,1178.06,0, , ,nieaktywna
,1179.38,2304,79.5,0.0,11111100,1179.70,0,0,0,nieaktywna,1179.04,0, , ,nieaktywna
,1180.36,2240,79.5,0.0,11111100,1180.71,0,0,0,nieaktywna,1180.02,0, , ,nieaktywna
,1181.41,2208,79.5,0.0,11111100,1181.76,0,0,0,nieaktywna,1181.06,0, , ,nieaktywna
,1182.46,2144,78.0,0.0,11111100,1182.81,0,0,0,nieaktywna,1182.10,0, , ,nieaktywna
,1183.52,2112,78.0,0.0,11111100,1183.86,0,0,0,nieaktywna,1183.17,0, , ,nieaktywna
,1184.54,2048,78.0,0.0,11111100,1184.88,0,0,0,nieaktywna,1184.21,0, , ,nieaktywna
,1185.54,1984,78.0,0.0,11111100,1185.88,0,0,0,nieaktywna,1185.22,0, , ,nieaktywna
,1186.61,1920,78.0,0.0,11101010,1186.98,0,0,0,nieaktywna,1186.25,0, , ,nieaktywna
,1187.71,1920,78.0,0.0,11101010,1188.06,0,0,0,aktywna,1187.34,0, , ,nieaktywna
,1188.80,1888,78.0,-2.7,11101010,1189.18,0,0,0,aktywna,1188.43,0, , ,aktywna
,1189.93,1888,78.0,-2.7,11101010,1190.31,0,0,0,aktywna,1189.55,0, , ,aktywna
,1191.04,1888,78.0,-3.5,11101010,1191.40,0,0,0,aktywna,1190.67,0, , ,aktywna
,1192.15,1856,78.0,-4.3,11101010,1192.51,0,0,0,aktywna,1191.77,0, , ,aktywna
,1193.22,1824,78.0,-5.1,11101010,1193.58,0,0,0,nieaktywna,1192.87,0, , ,aktywna
,1194.31,1824,78.0,-5.1,11101010,1194.69,0,0,0,aktywna,1193.95,0, , ,nieaktywna
,1195.44,1792,78.0,-4.3,11101010,1195.78,0,0,0,aktywna,1195.07,0, , ,aktywna
,1196.50,1824,78.0,0.0,11101010,1196.88,0,0,0,aktywna,1196.14,0, , ,aktywna
,1197.65,1824,78.0,-1.2,11101010,1198.00,0,0,0,aktywna,1197.27,0, , ,aktywna
,1198.77,1856,78.0,-2.3,11101010,1199.11,0,0,0,aktywna,1198.38,0, , ,aktywna
,1199.87,1888,78.0,-3.9,11101010,1200.22,0,0,0,aktywna,1199.49,0, , ,aktywna
,1200.96,1920,78.0,-6.3,11101010,1201.31,0,0,0,aktywna,1200.60,0, , ,aktywna
,1202.03,1984,78.0,-7.4,11101010,1202.37,0,0,0,aktywna,1201.66,0, , ,aktywna
,1203.07,2016,78.0,-2.7,11101000,1203.42,0,0,0,aktywna,1202.73,0, , ,aktywna
,1204.14,2016,78.0,-3.5,11101000,1204.49,0,0,0,aktywna,1203.79,0, , ,aktywna
,1205.19,2048,78.0,-0.8,11101000,1205.53,0,0,0,aktywna,1204.84,0, , ,aktywna
,1206.25,2080,78.0,-2.0,11101000,1206.61,0,0,0,aktywna,1205.91,0, , ,aktywna
,1207.31,2080,78.0,1.6,11101000,1207.66,0,0,0,aktywna,1206.95,0, , ,aktywna
,1208.35,2080,78.0,6.6,11101000,1208.68,0,0,0,aktywna,1207.99,0, , ,aktywna
,1209.38,2112,78.0,1.6,11101000,1209.74,0,0,0,aktywna,1209.05,0, , ,aktywna
,1210.41,2144,78.0,-2.0,11101000,1210.75,0,0,0,aktywna,1210.06,0, , ,aktywna
,1211.48,2144,78.0,-4.3,11101000,1211.81,0,0,0,aktywna,1211.11,0, , ,aktywna
,1212.49,2176,78.0,-5.9,11101000,1212.81,0,0,0,aktywna,1212.14,0, , ,aktywna
,1213.51,2208,78.0,-6.6,11101000,1213.87,0,0,0,aktywna,1213.16,0, , ,aktywna
,1214.56,2240,78.0,-10.5,11101000,1214.90,0,0,0,aktywna,1214.21,0, , ,aktywna
,1215.55,2304,78.0,-13.7,11101000,1215.90,0,0,0,aktywna,1215.24,0, , ,aktywna
,1216.59,2336,78.0,-14.8,11101000,1216.93,0,0,0,aktywna,1216.22,0, , ,aktywna
,1217.63,2368,78.0,-15.6,11101000,1217.98,0,0,0,aktywna,1217.31,0, , ,aktywna
,1218.66,2432,78.0,-14.8,11101000,1219.00,0,0,0,aktywna,1218.33,0, , ,aktywna
,1219.69,2464,78.0,-14.5,11101000,1219.99,0,0,0,aktywna,1219.34,0, , ,aktywna
,1220.63,2496,78.0,-14.1,11101000,1220.99,0,0,0,aktywna,1220.31,0, , ,aktywna
,1221.68,2560,79.5,-13.3,11101000,1222.03,0,0,0,aktywna,1221.34,0, , ,aktywna
,1222.71,2592,79.5,-12.9,11101000,1223.05,0,0,0,aktywna,1222.37,0, , ,aktywna
,1223.71,2624,79.5,-2.3,11101000,1224.05,0,0,0,aktywna,1223.38,0, , ,aktywna
,1224.71,2624,79.5,-4.7,11101000,1225.06,0,0,0,aktywna,1224.37,0, , ,aktywna
,1225.73,2656,79.5,-0.4,11101000,1226.07,0,0,0,aktywna,1225.40,0, , ,aktywna
,1226.76,2656,79.5,2.7,11101000,1227.14,0,0,0,aktywna,1226.41,0, , ,aktywna
,1227.82,2656,79.5,3.5,11101001,1228.15,0,0,0,aktywna,1227.48,0, , ,aktywna
,1228.81,2656,79.5,3.5,11101000,1229.14,0,0,0,aktywna,1228.49,0, , ,aktywna
,1229.82,2656,79.5,3.5,11101000,1230.20,0,0,0,aktywna,1229.48,0, , ,aktywna
,1230.93,2656,79.5,0.8,11101000,1231.26,0,0,0,aktywna,1230.57,0, , ,aktywna
,1231.98,2624,79.5,0.4,11101001,1232.32,0,0,0,aktywna,1231.62,0, , ,aktywna
,1233.03,2624,79.5,0.4,11101001,1233.36,0,0,0,aktywna,1232.67,0, , ,aktywna
,1234.06,2624,79.5,0.0,11101001,1234.38,0,0,0,aktywna,1233.73,0, , ,aktywna
,1235.08,2592,79.5,-0.8,11101001,1235.41,0,0,0,aktywna,1234.73,0, , ,aktywna
,1236.12,2592,79.5,-3.5,11101001,1236.45,0,0,0,aktywna,1235.77,0, , ,aktywna
,1237.11,2560,79.5,-4.7,11101001,1237.46,0,0,0,aktywna,1236.78,0, , ,aktywna
,1238.15,2560,79.5,-7.4,11101001,1238.50,0,0,0,aktywna,1237.81,0, , ,aktywna
,1239.18,2560,79.5,-9.0,11101001,1239.52,0,0,0,aktywna,1238.84,0, , ,aktywna
,1240.21,2528,79.5,-9.0,11101001,1240.58,0,0,0,aktywna,1239.86,0, , ,aktywna
,1241.29,2528,79.5,-10.9,11101001,1241.62,0,0,0,aktywna,1240.94,0, , ,aktywna
,1242.30,2496,79.5,-13.3,11101001,1242.65,0,0,0,aktywna,1241.94,0, , ,aktywna
,1243.33,2496,81.0,-14.1,11101001,1243.66,0,0,0,aktywna,1242.98,0, , ,aktywna
,1244.35,2464,81.0,-14.5,11101001,1244.71,0,0,0,aktywna,1244.01,0, , ,aktywna
,1245.41,2464,81.0,-14.8,11101001,1245.78,0,0,0,aktywna,1245.07,0, , ,aktywna
,1246.46,2432,81.0,-15.2,11101001,1246.80,0,0,0,aktywna,1246.12,0, , ,aktywna
,1247.50,2432,81.0,-16.4,11101001,1247.85,0,0,0,aktywna,1247.16,0, , ,aktywna
,1248.54,2400,81.0,-16.0,11101001,1248.86,0,0,0,aktywna,1248.18,0, , ,aktywna
,1249.57,2400,81.0,-16.8,11101001,1249.89,0,0,0,aktywna,1249.22,0, , ,aktywna
,1250.56,2400,81.0,-16.8,11101001,1250.89,0,0,0,aktywna,1250.24,0, , ,aktywna
,1251.54,2368,81.0,-16.8,11101001,1251.87,0,0,0,aktywna,1251.23,0, , ,aktywna
,1252.56,2368,81.0,-17.2,11101001,1252.89,0,0,0,aktywna,1252.21,0, , ,aktywna
,1253.57,2336,81.0,-18.0,11101001,1253.92,0,0,0,aktywna,1253.23,0, , ,aktywna
,1254.61,2336,81.0,-17.2,11101001,1254.95,0,0,0,aktywna,1254.28,0, , ,aktywna
,1255.61,2336,81.0,-16.8,11101001,1255.93,0,0,0,aktywna,1255.26,0, , ,aktywna
,1256.59,2304,81.0,-16.4,11101001,1256.92,0,0,0,aktywna,1256.24,0, , ,aktywna
,1257.60,2304,81.0,-16.4,11101001,1257.92,0,0,0,aktywna,1257.26,0, , ,aktywna
,1258.60,2304,82.5,-16.4,11101001,1258.92,0,0,0,aktywna,1258.26,0, , ,aktywna
,1259.60,2304,81.0,-16.4,11101001,1259.94,0,0,0,aktywna,1259.26,0, , ,aktywna
,1260.60,2304,81.0,-16.8,11101001,1260.95,0,0,0,aktywna,1260.25,0, , ,aktywna
,1261.62,2304,81.0,-16.4,11101001,1261.97,0,0,0,aktywna,1261.27,0, , ,aktywna
,1262.62,2336,81.0,-16.8,11101001,1262.95,0,0,0,aktywna,1262.30,0, , ,aktywna
,1263.64,2336,81.0,-16.8,11101001,1263.95,0,0,0,aktywna,1263.28,0, , ,aktywna
,1264.62,2368,81.0,-16.4,11101001,1264.97,0,0,0,aktywna,1264.27,0, , ,aktywna
,1265.64,2400,81.0,-16.0,11101001,1265.98,0,0,0,aktywna,1265.29,0, , ,aktywna
,1266.65,2464,81.0,0.0,11101001,1267.00,0,0,0,aktywna,1266.32,0, , ,aktywna
,1267.72,2496,81.0,0.0,11101001,1268.02,0,0,0,aktywna,1267.37,0, , ,aktywna
,1268.71,2496,81.0,-1.2,11101001,1269.05,0,0,0,aktywna,1268.37,0, , ,aktywna
,1269.78,2528,81.0,1.2,11101001,1270.11,0,0,0,aktywna,1269.42,0, , ,aktywna
,1270.80,2560,81.0,-5.9,11101001,1271.14,0,0,0,nieaktywna,1270.44,0, , ,nieaktywna
,1271.81,2528,81.0,-2.0,11111101,1272.15,0,0,0,nieaktywna,1271.44,0, , ,nieaktywna
,1272.81,2528,82.5,0.0,11111101,1273.14,0,0,0,nieaktywna,1272.47,0, , ,nieaktywna
,1273.79,2528,82.5,0.0,11101001,1274.12,0,0,0,nieaktywna,1273.49,0, , ,nieaktywna
,1274.79,2560,81.0,-0.8,11101001,1275.13,0,0,0,nieaktywna,1274.45,0, , ,nieaktywna
,1275.79,2560,81.0,-2.3,11101001,1276.12,0,0,0,nieaktywna,1275.45,0, , ,nieaktywna
,1276.79,2560,81.0,-2.3,11101001,1277.10,0,0,0,nieaktywna,1276.44,0, , ,nieaktywna
,1277.77,2592,81.0,-4.3,11101001,1278.11,0,0,0,nieaktywna,1277.45,0, , ,nieaktywna
,1278.81,2592,81.0,-3.9,11101001,1279.14,0,0,0,nieaktywna,1278.47,0, , ,nieaktywna
,1279.85,2560,81.0,-3.9,11101001,1280.18,0,0,0,nieaktywna,1279.50,0, , ,nieaktywna
,1280.85,2592,81.0,-9.8,11101001,1281.16,0,0,0,nieaktywna,1280.52,0, , ,nieaktywna
,1281.84,2592,81.0,-12.1,11101001,1282.17,0,0,0,aktywna,1281.50,0, , ,aktywna
,1282.90,2592,81.0,-6.3,11101001,1283.22,0,0,0,aktywna,1282.53,0, , ,aktywna
,1283.92,2592,81.0,-2.0,11101001,1284.25,0,0,0,aktywna,1283.55,0, , ,aktywna
,1284.96,2624,81.0,2.7,11101001,1285.31,0,0,0,aktywna,1284.63,0, , ,aktywna
,1285.97,2624,81.0,7.0,11101001,1286.31,0,0,0,aktywna,1285.64,0, , ,aktywna
,1286.98,2624,81.0,9.4,11101001,1287.31,0,0,0,aktywna,1286.66,0, , ,aktywna
,1287.99,2624,81.0,9.4,11101001,1288.30,0,0,0,aktywna,1287.66,0, , ,aktywna
,1288.99,2656,81.0,7.0,11101001,1289.33,0,0,0,aktywna,1288.64,0, , ,aktywna
,1289.98,2656,81.0,6.6,11101001,1290.32,0,0,0,aktywna,1289.65,0, , ,aktywna
,1290.97,2656,81.0,1.6,11101001,1291.33,0,0,0,aktywna,1290.65,0, , ,aktywna
,1292.03,2656,81.0,0.0,11101001,1292.37,0,0,0,aktywna,1291.68,0, , ,aktywna
,1293.08,2656,81.0,-1.2,11101001,1293.40,0,0,0,aktywna,1292.73,0, , ,aktywna
,1294.11,2656,81.0,2.0,11101001,1294.44,0,0,0,aktywna,1293.76,0, , ,aktywna
,1295.12,2656,81.0,3.9,11101001,1295.44,0,0,0,aktywna,1294.80,0, , ,aktywna
,1296.09,2656,81.0,5.1,11101001,1296.43,0,0,0,aktywna,1295.76,0, , ,aktywna
,1297.13,2688,81.0,5.9,11101001,1297.47,0,0,0,aktywna,1296.79,0, , ,aktywna
,1298.13,2688,81.0,6.6,11101001,1298.49,0,0,0,aktywna,1297.79,0, , ,aktywna
,1299.19,2688,81.0,6.6,11101001,1299.53,0,0,0,aktywna,1298.84,0, , ,aktywna
,1300.20,2688,81.0,6.6,11101001,1300.54,0,0,0,aktywna,1299.86,0, , ,aktywna
,1301.22,2688,79.5,5.9,11101001,1301.56,0,0,0,aktywna,1300.89,0, , ,aktywna
,1302.24,2688,79.5,6.3,11101001,1302.57,0,0,0,aktywna,1301.90,0, , ,aktywna
,1303.27,2688,79.5,6.3,11101001,1303.62,0,0,0,aktywna,1302.92,0, , ,aktywna
,1304.32,2688,79.5,4.3,11101001,1304.65,0,0,0,aktywna,1303.99,0, , ,aktywna
,1305.32,2656,79.5,3.1,11101001,1305.66,0,0,0,aktywna,1304.97,0, , ,aktywna
,1306.36,2656,79.5,2.3,11101001,1306.68,0,0,0,aktywna,1306.00,0, , ,aktywna
,1307.36,2656,79.5,3.1,11101001,1307.69,0,0,0,aktywna,1307.03,0, , ,aktywna
,1308.38,2656,79.5,2.3,11101001,1308.74,0,0,0,aktywna,1308.03,0, , ,aktywna
,1309.42,2624,79.5,2.7,11101001,1309.77,0,0,0,aktywna,1309.08,0, , ,aktywna
,1310.45,2624,79.5,3.1,11101001,1310.78,0,0,0,aktywna,1310.11,0, , ,aktywna
,1311.45,2624,79.5,2.3,11101001,1311.79,0,0,0,aktywna,1311.12,0, , ,aktywna
,1312.47,2592,79.5,2.3,11101001,1312.81,0,0,0,aktywna,1312.11,0, , ,aktywna
,1313.49,2592,79.5,-2.3,11101001,1313.82,0,0,0,aktywna,1313.14,0, , ,aktywna
,1314.47,2528,79.5,-3.1,11101001,1314.83,0,0,0,nieaktywna,1314.15,0, , ,aktywna
,1315.50,2528,79.5,0.0,11111101,1315.82,0,0,0,nieaktywna,1315.14,0, , ,nieaktywna
,1316.47,2464,79.5,0.0,11111101,1316.82,0,0,0,nieaktywna,1316.13,0, , ,nieaktywna
,1317.47,2432,79.5,0.0,11111101,1317.80,0,0,0,nieaktywna,1317.15,0, , ,nieaktywna
,1318.45,2368,79.5,0.0,11111101,1318.78,0,0,0,nieaktywna,1318.13,0, , ,nieaktywna
,1319.43,2336,79.5,0.0,11111101,1319.75,0,0,0,nieaktywna,1319.11,0, , ,nieaktywna
,1320.43,2272,79.5,0.0,11111101,1320.76,0,0,0,nieaktywna,1320.09,0, , ,nieaktywna
,1321.44,2208,79.5,0.0,11111101,1321.75,0,0,0,nieaktywna,1321.09,0, , ,nieaktywna
,1322.41,2176,79.5,0.0,11111101,1322.75,0,0,0,nieaktywna,1322.09,0, , ,nieaktywna
,1323.44,2112,79.5,0.0,11111101,1323.78,0,0,0,nieaktywna,1323.10,0, , ,nieaktywna
,1324.47,2080,79.5,0.0,11111100,1324.83,0,0,0,nieaktywna,1324.11,0, , ,nieaktywna
,1325.54,2016,79.5,0.0,11111100,1325.90,0,0,0,nieaktywna,1325.19,0, , ,nieaktywna
,1326.61,1984,79.5,0.0,11111110,1326.97,0,0,0,nieaktywna,1326.26,0, , ,nieaktywna
,1327.64,1920,79.5,0.0,11111110,1328.00,0,0,0,nieaktywna,1327.31,0, , ,nieaktywna
,1328.72,1888,79.5,0.0,11111110,1329.07,0,0,0,nieaktywna,1328.36,0, , ,nieaktywna
,1329.75,1856,79.5,0.0,11101010,1330.09,0,0,0,nieaktywna,1329.40,0, , ,nieaktywna
,1330.80,1792,79.5,-5.9,11101010,1331.15,0,0,0,nieaktywna,1330.45,0, , ,nieaktywna
,1331.80,992,79.5,0.0,11111110,1332.11,0,0,0,nieaktywna,1331.51,0, , ,nieaktywna
,1332.81,1536,79.5,0.0,11111110,1333.14,0,0,0,nieaktywna,1332.47,0, , ,aktywna
,1333.83,2176,79.5,0.0,11111100,1334.17,0,0,0,nieaktywna,1333.49,0, , ,nieaktywna
,1334.83,2112,78.0,0.0,11111100,1335.17,0,0,0,nieaktywna,1334.49,0, , ,nieaktywna
,1335.89,2048,78.0,0.0,11111100,1336.26,0,0,0,nieaktywna,1335.53,0, , ,nieaktywna
,1336.97,1984,78.0,0.0,11111100,1337.32,0,0,0,nieaktywna,1336.61,0, , ,nieaktywna
,1338.03,1920,78.0,0.0,11111110,1338.39,0,0,0,nieaktywna,1337.67,0, , ,nieaktywna
,1339.12,1824,78.0,0.0,11111110,1339.46,0,0,0,nieaktywna,1338.75,0, , ,nieaktywna
,1340.18,1792,78.0,0.0,11111110,1340.55,0,0,0,nieaktywna,1339.83,0, , ,nieaktywna
,1341.27,1728,78.0,0.0,11101010,1341.64,0,0,0,nieaktywna,1340.89,0, , ,nieaktywna
,1342.32,1600,78.0,0.0,11111110,1342.64,0,0,0,nieaktywna,1342.01,0, , ,nieaktywna
,1343.29,1152,78.0,0.0,11111110,1343.57,0,0,0,nieaktywna,1342.97,0, , ,nieaktywna
,1344.26,2080,78.0,0.0,11111100,1344.61,0,0,0,nieaktywna,1343.92,0, , ,nieaktywna
,1345.29,2112,78.0,0.0,11101000,1345.63,0,0,0,nieaktywna,1344.95,0, , ,nieaktywna
,1346.32,2016,78.0,0.0,11101000,1346.67,0,0,0,nieaktywna,1345.98,0, , ,nieaktywna
,1347.38,1952,78.0,5.9,11101010,1347.76,0,0,0,nieaktywna,1347.02,0, , ,nieaktywna
,1348.48,1952,78.0,2.0,11101010,1348.85,0,0,0,aktywna,1348.11,0, , ,aktywna
,1349.58,1920,78.0,0.0,11101010,1349.95,0,0,0,aktywna,1349.21,0, , ,aktywna
,1350.66,1952,78.0,3.9,11101010,1351.03,0,0,0,aktywna,1350.31,0, , ,aktywna
,1351.74,1952,78.0,6.3,11101010,1352.12,0,0,0,aktywna,1351.38,0, , ,aktywna
,1352.83,1984,78.0,5.1,11101010,1353.21,0,0,0,aktywna,1352.47,0, , ,aktywna
,1353.91,2016,78.0,3.5,11101000,1354.27,0,0,0,aktywna,1353.57,0, , ,aktywna
,1354.98,2016,78.0,1.2,11101000,1355.32,0,0,0,aktywna,1354.63,0, , ,aktywna
,1356.01,2016,78.0,-0.8,11101000,1356.37,0,0,0,aktywna,1355.66,0, , ,aktywna
,1357.07,2048,78.0,-3.1,11101000,1357.43,0,0,0,aktywna,1356.72,0, , ,aktywna
,1358.14,2048,78.0,-0.8,11101000,1358.50,0,0,0,aktywna,1357.79,0, , ,aktywna
,1359.20,2080,78.0,-2.3,11101000,1359.54,0,0,0,aktywna,1358.83,0, , ,aktywna
,1360.24,2080,78.0,1.2,11101000,1360.57,0,0,0,aktywna,1359.87,0, , ,aktywna
,1361.29,2112,78.0,0.0,11101000,1361.62,0,0,0,aktywna,1360.92,0, , ,aktywna
,1362.30,2112,78.0,0.4,11101000,1362.63,0,0,0,aktywna,1361.95,0, , ,aktywna
,1363.32,2112,78.0,-1.6,11101000,1363.66,0,0,0,aktywna,1362.98,0, , ,aktywna
,1364.36,2080,78.0,-2.3,11101000,1364.71,0,0,0,aktywna,1364.00,0, , ,aktywna
,1365.41,2080,78.0,2.0,11101000,1365.77,0,0,0,aktywna,1365.07,0, , ,aktywna
,1366.47,2080,78.0,2.7,11101000,1366.81,0,0,0,aktywna,1366.11,0, , ,aktywna
,1367.51,2080,78.0,2.0,11101000,1367.84,0,0,0,aktywna,1367.14,0, , ,aktywna
,1368.53,2080,78.0,1.2,11101000,1368.86,0,0,0,aktywna,1368.19,0, , ,aktywna
,1369.57,2080,78.0,1.6,11101000,1369.93,0,0,0,aktywna,1369.21,0, , ,aktywna
,1370.65,2048,78.0,6.6,11101000,1371.01,0,0,0,aktywna,1370.29,0, , ,aktywna
,1371.71,2080,78.0,10.2,11101000,1372.06,0,0,0,aktywna,1371.36,0, , ,aktywna
,1372.73,2080,78.0,12.9,11101000,1373.07,0,0,0,aktywna,1372.40,0, , ,aktywna
,1373.77,2112,78.0,12.5,11101000,1374.11,0,0,0,aktywna,1373.44,0, , ,aktywna
,1374.80,2080,78.0,10.2,11101000,1375.13,0,0,0,aktywna,1374.45,0, , ,aktywna
,1375.81,2112,78.0,9.4,11101000,1376.16,0,0,0,aktywna,1375.48,0, , ,aktywna
,1376.85,2112,78.0,7.0,11101000,1377.19,0,0,0,aktywna,1376.51,0, , ,aktywna
,1377.88,2112,78.0,6.6,11101000,1378.22,0,0,0,aktywna,1377.53,0, , ,aktywna
,1378.92,2112,78.0,6.6,11101000,1379.27,0,0,0,aktywna,1378.57,0, , ,aktywna
,1379.98,2144,78.0,4.3,11101000,1380.32,0,0,0,aktywna,1379.63,0, , ,aktywna
,1380.97,2144,78.0,3.5,11101000,1381.32,0,0,0,aktywna,1380.65,0, , ,aktywna
,1382.01,2144,78.0,4.3,11101000,1382.35,0,0,0,aktywna,1381.67,0, , ,aktywna
,1383.06,2176,78.0,4.3,11101000,1383.40,0,0,0,aktywna,1382.73,0, , ,aktywna
,1384.07,2176,79.5,3.9,11101000,1384.40,0,0,0,aktywna,1383.74,0, , ,aktywna
,1385.08,2208,79.5,4.3,11101000,1385.43,0,0,0,aktywna,1384.74,0, , ,aktywna
,1386.10,2208,79.5,1.6,11101000,1386.45,0,0,0,aktywna,1385.77,0, , ,aktywna
,1387.11,2240,79.5,4.3,11101000,1387.45,0,0,0,aktywna,1386.78,0, , ,aktywna
,1388.13,2304,79.5,9.4,11101000,1388.45,0,0,0,aktywna,1387.79,0, , ,aktywna
,1389.11,2336,79.5,10.5,11101000,1389.48,0,0,0,aktywna,1388.77,0, , ,aktywna
,1390.19,2400,79.5,11.7,11101000,1390.50,0,0,0,aktywna,1389.83,0, , ,aktywna
,1391.20,2432,79.5,12.5,11101000,1391.58,0,0,0,aktywna,1390.87,0, , ,aktywna
,1392.33,2464,79.5,8.6,11101000,1392.63,0,0,0,aktywna,1391.94,0, , ,aktywna
,1393.33,2528,79.5,7.4,11101000,1393.67,0,0,0,aktywna,1392.97,0, , ,aktywna
,1394.35,2560,79.5,5.9,11101000,1394.68,0,0,0,aktywna,1394.00,0, , ,aktywna
,1395.37,2560,79.5,5.5,11101000,1395.69,0,0,0,aktywna,1395.02,0, , ,aktywna
,1396.33,2592,79.5,5.5,11101000,1396.67,0,0,0,aktywna,1396.01,0, , ,aktywna
,1397.34,2656,79.5,4.3,11101000,1397.68,0,0,0,aktywna,1397.00,0, , ,aktywna
,1398.35,2656,79.5,3.9,11101000,1398.69,0,0,0,aktywna,1398.01,0, , ,aktywna
,1399.40,2752,79.5,0.0,11101000,1399.74,0,0,0,aktywna,1399.03,0, , ,aktywna
,1400.39,2112,79.5,0.0,11111101,1400.76,0,0,0,nieaktywna,1400.06,0, , ,nieaktywna
,1401.42,1984,79.5,0.0,11101011,1401.75,0,0,0,nieaktywna,1401.07,0, , ,nieaktywna
,1402.46,2016,79.5,0.0,11101001,1402.81,0,0,0,aktywna,1402.12,0, , ,aktywna
,1403.49,2016,79.5,1.6,11101001,1403.84,0,0,0,aktywna,1403.15,0, , ,aktywna
,1404.56,2048,79.5,6.6,11101001,1404.91,0,0,0,aktywna,1404.20,0, , ,aktywna
,1405.62,2048,79.5,7.8,11101001,1405.95,0,0,0,aktywna,1405.27,0, , ,aktywna
,1406.64,2080,79.5,12.5,11101001,1406.99,0,0,0,aktywna,1406.30,0, , ,aktywna
,1407.70,2112,79.5,14.5,11101001,1408.05,0,0,0,aktywna,1407.35,0, , ,aktywna
,1408.73,2144,79.5,12.9,11101001,1409.05,0,0,0,aktywna,1408.40,0, , ,aktywna
,1409.74,2176,79.5,13.3,11101001,1410.07,0,0,0,aktywna,1409.40,0, , ,aktywna
,1410.75,2176,79.5,12.9,11101001,1411.10,0,0,0,aktywna,1410.41,0, , ,aktywna
,1411.80,2208,79.5,5.9,11101001,1412.15,0,0,0,aktywna,1411.44,0, , ,aktywna
,1412.83,2176,79.5,2.0,11101001,1413.16,0,0,0,aktywna,1412.49,0, , ,aktywna
,1413.85,2176,79.5,0.8,11101001,1414.19,0,0,0,aktywna,1413.50,0, , ,aktywna
,1414.90,2176,79.5,5.1,11101001,1415.23,0,0,0,aktywna,1414.55,0, , ,aktywna
,1415.91,2176,79.5,6.3,11101001,1416.26,0,0,0,aktywna,1415.57,0, , ,aktywna
,1416.94,2208,79.5,7.8,11101001,1417.28,0,0,0,aktywna,1416.60,0, , ,aktywna
,1417.97,2208,79.5,11.3,11101001,1418.30,0,0,0,aktywna,1417.63,0, , ,aktywna
,1419.00,2240,79.5,15.6,11101001,1419.33,0,0,0,aktywna,1418.65,0, , ,aktywna
,1419.97,2240,79.5,15.2,11101001,1420.31,0,0,0,aktywna,1419.65,0, , ,aktywna
,1420.97,2240,79.5,15.6,11101001,1421.32,0,0,0,aktywna,1420.64,0, , ,aktywna
,1422.00,2272,79.5,15.6,11101001,1422.33,0,0,0,aktywna,1421.65,0, , ,aktywna
,1423.00,2272,79.5,18.0,11101001,1423.36,0,0,0,aktywna,1422.67,0, , ,aktywna
,1424.02,2304,79.5,17.6,11101001,1424.36,0,0,0,aktywna,1423.70,0, , ,aktywna
,1425.04,2304,81.0,-0.4,11101001,1425.38,0,0,0,aktywna,1424.71,0, , ,aktywna
,1426.04,2304,79.5,0.4,11101001,1426.38,0,0,0,aktywna,1425.73,0, , ,aktywna
,1427.06,2304,79.5,2.3,11101001,1427.38,0,0,0,aktywna,1426.72,0, , ,aktywna
,1428.07,2304,79.5,10.2,11101001,1428.40,0,0,0,aktywna,1427.72,0, , ,aktywna
,1429.07,2336,79.5,14.5,11101001,1429.40,0,0,0,aktywna,1428.73,0, , ,aktywna
,1430.10,2368,79.5,16.8,11101001,1430.44,0,0,0,aktywna,1429.75,0, , ,aktywna
,1431.15,2400,79.5,18.8,11101001,1431.49,0,0,0,aktywna,1430.79,0, , ,aktywna
,1432.22,2400,79.5,19.1,11101001,1432.58,0,0,0,aktywna,1431.86,0, , ,aktywna
,1433.27,2432,79.5,16.0,11101001,1433.62,0,0,0,aktywna,1432.94,0, , ,aktywna
,1434.33,2496,79.5,6.3,11101001,1434.67,0,0,0,aktywna,1433.97,0, , ,aktywna
,1435.34,2560,79.5,-1.2,11101001,1435.68,0,0,0,aktywna,1435.00,0, , ,aktywna
,1436.36,2624,79.5,-4.3,11101001,1436.72,0,0,0,aktywna,1436.02,0, , ,aktywna
,1437.38,2688,79.5,-4.7,11101001,1437.71,0,0,0,aktywna,1437.05,0, , ,aktywna
,1438.36,2752,79.5,-0.8,11101001,1438.71,0,0,0,aktywna,1438.03,0, , ,aktywna
,1439.41,2784,79.5,7.4,11101001,1439.75,0,0,0,aktywna,1439.05,0, , ,aktywna
,1440.43,2816,79.5,5.5,11101001,1440.77,0,0,0,aktywna,1440.08,0, , ,aktywna
,1441.49,2848,79.5,1.2,11101001,1441.83,0,0,0,aktywna,1441.14,0, , ,aktywna
,1442.53,2880,79.5,-1.2,11101001,1442.89,0,0,0,aktywna,1442.18,0, , ,aktywna
,1443.61,2912,81.0,-2.0,11101001,1443.92,0,0,0,aktywna,1443.26,0, , ,aktywna
,1444.65,2944,79.5,-1.6,11101001,1444.92,0,0,0,aktywna,1444.33,0, , ,aktywna
,1445.83,2976,79.5,1.2,11101001,1446.12,0,0,0,aktywna,1445.38,0, , ,aktywna
,1446.67,2976,79.5,2.0,11101001,1446.93,0,0,0,aktywna,1446.39,0, , ,aktywna
,1447.74,3008,79.5,2.3,11101001,1448.10,0,0,0,aktywna,1447.27,0, , ,aktywna
,1448.70,2816,79.5,0.0,11111101,1449.03,0,0,0,nieaktywna,1448.37,0, , ,aktywna
,1449.76,1344,81.0,0.0,11101011,1450.09,0,0,0,aktywna,1449.38,0, , ,nieaktywna
,1450.74,2208,81.0,0.0,11101001,1451.08,0,0,0,aktywna,1450.42,0, , ,aktywna
,1451.76,2208,81.0,0.0,11101001,1452.08,0,0,0,aktywna,1451.42,0, , ,aktywna
,1452.77,2176,81.0,-1.6,11101001,1453.12,0,0,0,aktywna,1452.43,0, , ,aktywna
,1453.81,2176,81.0,-1.6,11101001,1454.13,0,0,0,aktywna,1453.47,0, , ,aktywna
,1454.81,2144,81.0,-2.0,11101001,1455.14,0,0,0,aktywna,1454.46,0, , ,aktywna
,1455.81,2144,81.0,-7.8,11101001,1456.14,0,0,0,aktywna,1455.46,0, , ,aktywna
,1456.81,2144,81.0,-11.7,11101001,1457.13,0,0,0,aktywna,1456.46,0, , ,aktywna
,1457.82,2144,81.0,-13.3,11101001,1458.15,0,0,0,aktywna,1457.47,0, , ,aktywna
,1458.80,2144,81.0,-14.8,11101001,1459.15,0,0,0,aktywna,1458.48,0, , ,aktywna
,1459.86,2144,81.0,-13.7,11101001,1460.22,0,0,0,aktywna,1459.50,0, , ,aktywna
,1460.95,2144,81.0,-12.5,11101001,1461.28,0,0,0,aktywna,1460.58,0, , ,aktywna
,1461.95,2176,81.0,-12.9,11101001,1462.28,0,0,0,aktywna,1461.61,0, , ,aktywna
,1462.94,2176,81.0,-13.7,11101001,1463.28,0,0,0,aktywna,1462.61,0, , ,aktywna
,1463.96,2176,81.0,-14.8,11101001,1464.30,0,0,0,aktywna,1463.62,0, , ,aktywna
,1464.95,2208,81.0,-9.4,11101001,1465.29,0,0,0,aktywna,1464.62,0, , ,aktywna
,1465.96,2208,81.0,-4.7,11101001,1466.31,0,0,0,aktywna,1465.62,0, , ,aktywna
,1466.98,2240,81.0,-5.1,11101001,1467.31,0,0,0,aktywna,1466.63,0, , ,aktywna
,1467.97,2240,81.0,-2.3,11101001,1468.32,0,0,0,aktywna,1467.64,0, , ,aktywna
,1468.98,2240,81.0,4.3,11101001,1469.31,0,0,0,aktywna,1468.65,0, , ,aktywna
,1469.96,2272,81.0,8.2,11101001,1470.30,0,0,0,aktywna,1469.64,0, , ,aktywna
,1470.98,2272,81.0,7.8,11101001,1471.31,0,0,0,aktywna,1470.65,0, , ,aktywna
,1471.96,2304,81.0,2.0,11101001,1472.31,0,0,0,aktywna,1471.63,0, , ,aktywna
,1472.96,2304,81.0,0.0,11101001,1473.29,0,0,0,aktywna,1472.62,0, , ,aktywna
,1473.96,2336,81.0,-1.2,11101001,1474.29,0,0,0,aktywna,1473.64,0, , ,aktywna
,1474.95,2336,81.0,-4.7,11101001,1475.28,0,0,0,aktywna,1474.64,0, , ,aktywna
,1475.98,2368,81.0,-9.0,11101001,1476.29,0,0,0,aktywna,1475.62,0, , ,aktywna
,1477.00,2400,81.0,-13.7,11101001,1477.34,0,0,0,aktywna,1476.63,0, , ,aktywna
,1478.01,2400,81.0,-12.1,11101001,1478.35,0,0,0,nieaktywna,1477.67,0, , ,aktywna
,1479.04,2432,81.0,-5.5,11101001,1479.37,0,0,0,nieaktywna,1478.70,0, , ,nieaktywna
,1480.05,2432,81.0,-5.5,11111101,1480.38,0,0,0,nieaktywna,1479.71,0, , ,nieaktywna
,1481.04,2432,79.5,0.0,11111101,1481.37,0,0,0,nieaktywna,1480.71,0, , ,nieaktywna
,1482.00,2432,81.0,0.0,11111101,1482.31,0,0,0,nieaktywna,1481.70,0, , ,nieaktywna
,1482.94,2400,81.0,0.0,11111101,1483.29,0,0,0,nieaktywna,1482.62,0, , ,nieaktywna
,1483.94,2400,81.0,0.0,11111101,1484.26,0,0,0,nieaktywna,1483.61,0, , ,nieaktywna
,1484.89,2368,81.0,0.0,11111101,1485.20,0,0,0,nieaktywna,1484.57,0, , ,nieaktywna
,1485.85,2336,81.0,0.0,11111101,1486.18,0,0,0,nieaktywna,1485.52,0, , ,nieaktywna
,1486.84,2304,79.5,0.0,11101001,1487.16,0,0,0,nieaktywna,1486.51,0, , ,nieaktywna
,1487.84,2272,81.0,-4.3,11101001,1488.17,0,0,0,aktywna,1487.50,0, , ,aktywna
,1488.82,2272,79.5,2.0,11101001,1489.15,0,0,0,aktywna,1488.50,0, , ,aktywna
,1489.81,2240,79.5,2.7,11101001,1490.14,0,0,0,aktywna,1489.48,0, , ,aktywna
,1490.82,2240,79.5,1.2,11101001,1491.15,0,0,0,aktywna,1490.49,0, , ,aktywna
,1491.81,2272,79.5,-1.6,11101001,1492.13,0,0,0,aktywna,1491.48,0, , ,aktywna
,1492.81,2304,79.5,-3.1,11101001,1493.15,0,0,0,aktywna,1492.46,0, , ,aktywna
,1493.80,2304,79.5,-3.1,11101001,1494.16,0,0,0,aktywna,1493.48,0, , ,aktywna
,1494.84,2336,79.5,-4.3,11101001,1495.19,0,0,0,aktywna,1494.49,0, , ,aktywna
,1495.89,2368,79.5,-4.7,11101001,1496.23,0,0,0,aktywna,1495.54,0, , ,aktywna
,1496.93,2400,79.5,-1.6,11101001,1497.25,0,0,0,aktywna,1496.58,0, , ,aktywna
,1497.94,2400,79.5,-0.4,11101001,1498.30,0,0,0,aktywna,1497.61,0, , ,aktywna
,1499.03,2432,79.5,0.4,11101000,1499.39,0,0,0,aktywna,1498.68,0, , ,aktywna
,1500.10,2432,79.5,0.0,11101001,1500.45,0,0,0,aktywna,1499.75,0, , ,aktywna
,1501.16,2464,79.5,0.8,11101000,1501.52,0,0,0,aktywna,1500.79,0, , ,aktywna
,1502.24,2464,79.5,1.2,11101000,1502.60,0,0,0,aktywna,1501.88,0, , ,aktywna
,1503.33,2464,79.5,2.7,11101000,1503.67,0,0,0,aktywna,1502.96,0, , ,aktywna
,1504.38,2464,79.5,7.4,11101000,1504.74,0,0,0,aktywna,1504.01,0, , ,aktywna
,1505.46,2496,79.5,10.2,11101000,1505.77,0,0,0,aktywna,1505.13,0, , ,aktywna
,1506.45,2496,79.5,0.0,11101000,1506.79,0,0,0,aktywna,1506.11,0, , ,aktywna
,1507.49,2496,79.5,-8.2,11101000,1507.86,0,0,0,nieaktywna,1507.14,0, , ,aktywna
,1508.56,2464,79.5,-5.9,11101000,1508.87,0,0,0,nieaktywna,1508.19,0, , ,nieaktywna
,1509.51,2464,79.5,-5.9,11101000,1509.84,0,0,0,nieaktywna,1509.20,0, , ,nieaktywna
,1510.54,2464,79.5,-2.0,11101000,1510.88,0,0,0,nieaktywna,1510.19,0, , ,nieaktywna
,1511.57,2432,79.5,-2.3,11111100,1511.90,0,0,0,nieaktywna,1511.23,0, , ,nieaktywna
,1512.56,2400,79.5,0.0,11111101,1512.87,0,0,0,nieaktywna,1512.25,0, , ,nieaktywna
,1513.52,2368,79.5,0.0,11111100,1513.85,0,0,0,nieaktywna,1513.19,0, , ,nieaktywna
,1514.51,2336,79.5,0.0,11111100,1514.83,0,0,0,nieaktywna,1514.18,0, , ,nieaktywna
,1515.48,2304,79.5,0.0,11101000,1515.80,0,0,0,aktywna,1515.17,0, , ,nieaktywna
,1516.47,2272,79.5,-2.7,11101001,1516.81,0,0,0,aktywna,1516.14,0, , ,aktywna
,1517.51,2272,79.5,-4.3,11101000,1517.84,0,0,0,aktywna,1517.16,0, , ,aktywna
,1518.51,2272,79.5,-2.3,11101000,1518.84,0,0,0,aktywna,1518.18,0, , ,aktywna
,1519.49,2272,79.5,4.3,11101000,1519.83,0,0,0,aktywna,1519.17,0, , ,aktywna
,1520.49,2272,79.5,7.4,11101000,1520.82,0,0,0,aktywna,1520.17,0, , ,aktywna
,1521.51,2304,79.5,2.0,11101000,1521.83,0,0,0,aktywna,1521.16,0, , ,aktywna
,1522.49,2304,79.5,-1.2,11101000,1522.84,0,0,0,aktywna,1522.17,0, , ,aktywna
,1523.52,2336,79.5,-3.5,11101000,1523.85,0,0,0,aktywna,1523.18,0, , ,aktywna
,1524.58,2368,79.5,-4.7,11101000,1524.95,0,0,0,aktywna,1524.21,0, , ,aktywna
,1525.68,2400,79.5,-5.1,11101000,1526.03,0,0,0,aktywna,1525.30,0, , ,aktywna
,1526.72,2400,78.0,-4.7,11101000,1527.08,0,0,0,aktywna,1526.38,0, , ,aktywna
,1527.76,2432,78.0,-3.9,11101000,1528.09,0,0,0,aktywna,1527.41,0, , ,aktywna
,1528.81,2432,78.0,-6.3,11101000,1529.15,0,0,0,aktywna,1528.44,0, , ,aktywna
,1529.87,2464,78.0,-3.9,11101000,1530.24,0,0,0,aktywna,1529.52,0, , ,aktywna
,1530.91,2496,78.0,-3.5,11101000,1531.25,0,0,0,aktywna,1530.60,0, , ,aktywna
,1531.95,2496,79.5,-1.2,11101000,1532.28,0,0,0,aktywna,1531.61,0, , ,aktywna
,1532.96,2496,79.5,-0.8,11101000,1533.29,0,0,0,aktywna,1532.62,0, , ,aktywna
,1533.98,2528,79.5,-0.8,11101000,1534.33,0,0,0,aktywna,1533.63,0, , ,aktywna
,1535.05,2528,79.5,-1.2,11101000,1535.39,0,0,0,aktywna,1534.69,0, , ,aktywna
,1536.10,2560,79.5,-2.0,11101000,1536.45,0,0,0,aktywna,1535.74,0, , ,aktywna
,1537.16,2560,79.5,-2.0,11101000,1537.51,0,0,0,aktywna,1536.80,0, , ,aktywna
,1538.19,2560,79.5,-2.3,11101000,1538.55,0,0,0,aktywna,1537.83,0, , ,aktywna
,1539.23,2592,79.5,-2.3,11101000,1539.54,0,0,0,aktywna,1538.88,0, , ,aktywna
,1540.21,2592,79.5,-2.7,11101000,1540.55,0,0,0,aktywna,1539.89,0, , ,aktywna
,1541.21,2592,79.5,0.8,11101000,1541.56,0,0,0,aktywna,1540.88,0, , ,aktywna
,1542.20,2592,79.5,2.3,11101000,1542.54,0,0,0,aktywna,1541.87,0, , ,aktywna
,1543.23,2592,79.5,2.3,11101000,1543.55,0,0,0,aktywna,1542.88,0, , ,aktywna
,1544.19,2624,79.5,9.0,11101000,1544.51,0,0,0,aktywna,1543.87,0, , ,aktywna
,1545.17,2592,79.5,11.7,11101000,1545.51,0,0,0,aktywna,1544.83,0, , ,aktywna
,1546.19,2592,79.5,0.0,11101000,1546.55,0,0,0,nieaktywna,1545.85,0, , ,aktywna
,1547.22,2560,79.5,-7.8,11101000,1547.53,0,0,0,nieaktywna,1546.89,0, , ,nieaktywna
,1548.22,2560,79.5,-7.8,11101000,1548.58,0,0,0,nieaktywna,1547.87,0, , ,nieaktywna
,1549.27,2528,79.5,-7.0,11101000,1549.61,0,0,0,nieaktywna,1548.95,0, , ,nieaktywna
,1550.26,2528,79.5,-9.4,11101000,1550.60,0,0,0,aktywna,1549.95,0, , ,nieaktywna
,1551.28,2496,79.5,-9.8,11101000,1551.62,0,0,0,aktywna,1550.93,0, , ,aktywna
,1552.33,2464,79.5,1.2,11101000,1552.69,0,0,0,aktywna,1551.98,0, , ,aktywna
,1553.38,2464,79.5,7.8,11101000,1553.72,0,0,0,aktywna,1553.04,0, , ,aktywna
,1554.45,2464,79.5,13.3,11101001,1554.77,0,0,0,aktywna,1554.10,0, , ,aktywna
,1555.47,2464,79.5,15.2,11101001,1555.84,0,0,0,aktywna,1555.11,0, , ,aktywna
,1556.54,2464,79.5,11.7,11101000,1556.90,0,0,0,aktywna,1556.20,0, , ,aktywna
,1557.60,2464,79.5,10.9,11101000,1557.97,0,0,0,aktywna,1557.25,0, , ,aktywna
,1558.72,2432,79.5,8.6,11101000,1559.09,0,0,0,aktywna,1558.35,0, , ,aktywna
,1559.86,2432,79.5,7.0,11101000,1560.20,0,0,0,aktywna,1559.47,0, , ,aktywna
,1560.89,2432,79.5,4.3,11101000,1561.25,0,0,0,aktywna,1560.54,0, , ,aktywna
,1561.93,2432,79.5,0.8,11101000,1562.27,0,0,0,aktywna,1561.60,0, , ,aktywna
,1562.95,2432,79.5,0.4,11101000,1563.28,0,0,0,aktywna,1562.60,0, , ,aktywna
,1563.97,2432,79.5,-3.5,11101000,1564.32,0,0,0,aktywna,1563.63,0, , ,aktywna
,1565.00,2400,79.5,-8.6,11101000,1565.36,0,0,0,nieaktywna,1564.67,0, , ,nieaktywna
,1566.04,2400,79.5,-10.2,11101000,1566.41,0,0,0,nieaktywna,1565.69,0, , ,nieaktywna
,1567.11,2400,79.5,-10.2,11101000,1567.45,0,0,0,nieaktywna,1566.75,0, , ,nieaktywna
,1568.07,2400,79.5,-9.8,11101000,1568.41,0,0,0,nieaktywna,1567.76,0, , ,nieaktywna
,1569.13,2368,79.5,-12.1,11101000,1569.48,0,0,0,aktywna,1568.77,0, , ,nieaktywna
,1570.18,2368,79.5,-11.7,11101000,1570.55,0,0,0,aktywna,1569.82,0, , ,aktywna
,1571.26,2368,79.5,-0.8,11101000,1571.60,0,0,0,aktywna,1570.88,0, , ,aktywna
,1572.24,2400,79.5,7.4,11101000,1572.56,0,0,0,aktywna,1571.92,0, , ,aktywna
,1573.23,2400,79.5,10.5,11101000,1573.58,0,0,0,aktywna,1572.89,0, , ,aktywna
,1574.30,2400,79.5,8.2,11101000,1574.66,0,0,0,aktywna,1573.93,0, , ,aktywna
,1575.41,2432,79.5,5.5,11101000,1575.77,0,0,0,aktywna,1575.05,0, , ,aktywna
,1576.48,2432,79.5,3.9,11101000,1576.84,0,0,0,aktywna,1576.12,0, , ,aktywna
,1577.53,2432,79.5,4.7,11101000,1577.89,0,0,0,aktywna,1577.20,0, , ,aktywna
,1578.62,2400,79.5,0.0,11101000,1578.96,0,0,0,aktywna,1578.25,0, , ,aktywna
,1579.62,2400,79.5,1.6,11101000,1579.95,0,0,0,aktywna,1579.29,0, , ,aktywna
,1580.60,2400,79.5,-3.9,11111100,1580.93,0,0,0,nieaktywna,1580.28,0, , ,nieaktywna
,1581.58,2336,79.5,0.0,11111100,1581.92,0,0,0,nieaktywna,1581.26,0, , ,nieaktywna
,1582.57,2272,79.5,0.0,11111100,1582.90,0,0,0,nieaktywna,1582.24,0, , ,nieaktywna
,1583.55,2240,79.5,0.0,11111100,1583.89,0,0,0,nieaktywna,1583.22,0, , ,nieaktywna
,1584.57,2176,79.5,0.0,11111100,1584.90,0,0,0,nieaktywna,1584.23,0, , ,nieaktywna
,1585.55,2144,79.5,0.0,11111100,1585.91,0,0,0,nieaktywna,1585.23,0, , ,nieaktywna
,1586.60,2080,79.5,0.0,11111100,1586.94,0,0,0,nieaktywna,1586.26,0, , ,nieaktywna
,1587.66,1984,79.5,0.0,11111100,1588.04,0,0,0,nieaktywna,1587.30,0, , ,nieaktywna
,1588.78,1920,79.5,0.0,11111110,1589.12,0,0,0,nieaktywna,1588.41,0, , ,nieaktywna
,1589.85,1920,79.5,0.0,11101010,1590.21,0,0,0,aktywna,1589.50,0, , ,nieaktywna
,1590.95,1824,78.0,0.0,11111110,1591.25,0,0,0,nieaktywna,1590.58,0, , ,aktywna
,1591.92,1216,79.5,0.0,11101010,1592.25,0,0,0,aktywna,1591.55,0, , ,nieaktywna
,1592.87,2368,78.0,0.0,11101000,1593.20,0,0,0,aktywna,1592.56,0, , ,nieaktywna
,1593.87,2368,78.0,0.0,11101000,1594.19,0,0,0,aktywna,1593.54,0, , ,aktywna
,1594.89,2400,78.0,7.0,11101000,1595.25,0,0,0,aktywna,1594.55,0, , ,aktywna
,1595.97,2464,78.0,7.4,11101000,1596.32,0,0,0,aktywna,1595.61,0, , ,aktywna
,1597.00,2496,78.0,7.4,11101000,1597.35,0,0,0,aktywna,1596.67,0, , ,aktywna
,1598.04,2528,78.0,8.2,11101000,1598.40,0,0,0,aktywna,1597.70,0, , ,aktywna
,1599.08,2560,78.0,9.0,11101000,1599.44,0,0,0,aktywna,1598.75,0, , ,aktywna
,1600.14,2592,78.0,9.0,11101000,1600.47,0,0,0,aktywna,1599.80,0, , ,aktywna
,1601.15,2656,78.0,9.8,11101000,1601.48,0,0,0,aktywna,1600.81,0, , ,aktywna
,1602.15,2656,78.0,10.2,11101000,1602.49,0,0,0,aktywna,1601.81,0, , ,aktywna
,1603.18,2720,78.0,10.2,11101000,1603.51,0,0,0,aktywna,1602.84,0, , ,aktywna
,1604.16,2720,78.0,10.9,11101000,1604.50,0,0,0,aktywna,1603.83,0, , ,aktywna
,1605.21,2752,78.0,12.1,11101000,1605.57,0,0,0,aktywna,1604.87,0, , ,aktywna
,1606.26,2784,78.0,12.1,11101000,1606.61,0,0,0,aktywna,1605.92,0, , ,aktywna
,1607.34,2816,78.0,12.5,11101000,1607.67,0,0,0,aktywna,1606.97,0, , ,aktywna
,1608.32,2016,78.0,0.0,11111100,1608.67,0,0,0,nieaktywna,1607.98,0, , ,nieaktywna
,1609.33,1312,78.0,0.0,11101010,1609.67,0,0,0,aktywna,1608.98,0, , ,nieaktywna
,1610.32,2144,78.0,-5.1,11101000,1610.66,0,0,0,aktywna,1610.00,0, , ,aktywna
,1611.32,2144,78.0,0.0,11101000,1611.67,0,0,0,aktywna,1611.00,0, , ,aktywna
,1612.34,2176,78.0,9.8,11101000,1612.68,0,0,0,aktywna,1612.01,0, , ,aktywna
,1613.38,2176,78.0,14.8,11101000,1613.73,0,0,0,aktywna,1613.02,0, , ,aktywna
,1614.42,2208,78.0,16.4,11101000,1614.76,0,0,0,aktywna,1614.07,0, , ,aktywna
,1615.47,2208,78.0,17.6,11101000,1615.82,0,0,0,aktywna,1615.11,0, , ,aktywna
,1616.51,2240,78.0,10.5,11101000,1616.85,0,0,0,aktywna,1616.17,0, , ,aktywna
,1617.54,2240,78.0,8.2,11101000,1617.87,0,0,0,aktywna,1617.19,0, , ,aktywna
,1618.55,2240,78.0,5.9,11101000,1618.88,0,0,0,aktywna,1618.21,0, , ,aktywna
,1619.53,2272,78.0,7.4,11101000,1619.86,0,0,0,aktywna,1619.20,0, , ,aktywna
,1620.55,2272,79.5,9.8,11101000,1620.88,0,0,0,aktywna,1620.21,0, , ,aktywna
,1621.56,2272,78.0,9.8,11101000,1621.89,0,0,0,aktywna,1621.23,0, , ,aktywna
,1622.58,2272,79.5,10.5,11101000,1622.93,0,0,0,aktywna,1622.22,0, , ,aktywna
,1623.59,2272,79.5,10.5,11101001,1623.93,0,0,0,aktywna,1623.26,0, , ,aktywna
,1624.57,2304,79.5,10.2,11101000,1624.90,0,0,0,aktywna,1624.25,0, , ,aktywna
,1625.59,2304,79.5,9.8,11101000,1625.92,0,0,0,aktywna,1625.25,0, , ,aktywna
,1626.60,2304,79.5,10.2,11101000,1626.93,0,0,0,aktywna,1626.25,0, , ,aktywna
,1627.62,2304,79.5,10.5,11101000,1627.95,0,0,0,aktywna,1627.28,0, , ,aktywna
,1628.62,2304,79.5,10.2,11101000,1628.96,0,0,0,aktywna,1628.29,0, , ,aktywna
,1629.65,2304,79.5,10.5,11101000,1630.02,0,0,0,aktywna,1629.30,0, , ,aktywna
,1630.71,2304,79.5,12.5,11101000,1631.04,0,0,0,aktywna,1630.37,0, , ,aktywna
,1631.71,2304,79.5,11.7,11101000,1632.04,0,0,0,aktywna,1631.36,0, , ,aktywna
,1632.71,2272,79.5,-2.0,11101000,1633.04,0,0,0,nieaktywna,1632.37,0, , ,aktywna
,1633.70,2240,79.5,-3.1,11101000,1634.03,0,0,0,nieaktywna,1633.38,0, , ,nieaktywna
,1634.70,2176,79.5,-0.4,11101000,1635.02,0,0,0,nieaktywna,1634.36,0, , ,nieaktywna
,1635.72,2144,79.5,0.0,11101000,1636.06,0,0,0,nieaktywna,1635.36,0, , ,nieaktywna
,1636.77,2080,79.5,1.6,11111100,1637.13,0,0,0,nieaktywna,1636.41,0, , ,nieaktywna
,1637.86,2048,79.5,0.0,11111100,1638.19,0,0,0,nieaktywna,1637.51,0, , ,nieaktywna
,1638.89,2016,79.5,0.0,11111100,1639.23,0,0,0,nieaktywna,1638.55,0, , ,nieaktywna
,1639.92,1984,79.5,0.0,11111110,1640.27,0,0,0,nieaktywna,1639.58,0, , ,nieaktywna
,1640.98,1952,79.5,0.0,11111110,1641.32,0,0,0,nieaktywna,1640.64,0, , ,nieaktywna
,1642.03,1920,79.5,0.0,11111110,1642.39,0,0,0,nieaktywna,1641.66,0, , ,nieaktywna
,1643.08,1856,79.5,0.0,11111110,1643.43,0,0,0,nieaktywna,1642.73,0, , ,nieaktywna
,1644.13,1824,79.5,0.0,11111110,1644.46,0,0,0,nieaktywna,1643.79,0, , ,nieaktywna
,1645.13,1760,79.5,0.0,11111110,1645.51,0,0,0,nieaktywna,1644.77,0, , ,nieaktywna
,1646.20,1728,79.5,0.0,11101010,1646.54,0,0,0,nieaktywna,1645.87,0, , ,nieaktywna
,1647.28,1696,79.5,-4.3,11101010,1647.63,0,0,0,nieaktywna,1646.92,0, , ,nieaktywna
,1648.34,1664,79.5,-3.1,11101010,1648.65,0,0,0,aktywna,1648.00,0, , ,aktywna
,1649.36,1632,79.5,-2.0,11101010,1649.67,0,0,0,aktywna,1649.00,0, , ,aktywna
,1650.37,1600,79.5,0.8,11101010,1650.71,0,0,0,aktywna,1650.01,0, , ,aktywna
,1651.42,1568,78.0,5.1,11101010,1651.77,0,0,0,aktywna,1651.05,0, , ,aktywna
,1652.51,1536,78.0,8.6,11101010,1652.86,0,0,0,aktywna,1652.16,0, , ,aktywna
,1653.52,1536,78.0,10.5,11101010,1653.84,0,0,0,aktywna,1653.19,0, , ,aktywna
,1654.60,1504,78.0,10.9,11101010,1654.87,0,0,0,aktywna,1654.29,0, , ,aktywna
,1655.42,1472,78.0,11.3,11101010,1655.87,0,0,0,aktywna,1655.15,0, , ,aktywna
,1656.57,1472,78.0,0.0,11101010,1656.87,0,0,0,aktywna,1656.17,0, , ,aktywna
,1657.61,1472,78.0,3.5,11101010,1658.01,0,0,0,aktywna,1657.21,0, , ,aktywna
,1658.63,1440,78.0,7.4,11101010,1658.99,0,0,0,aktywna,1658.32,0, , ,aktywna
,1659.74,1440,78.0,9.8,11101010,1660.13,0,0,0,aktywna,1659.36,0, , ,aktywna
,1660.88,1440,78.0,12.1,11101010,1661.25,0,0,0,aktywna,1660.51,0, , ,aktywna
,1661.99,1440,78.0,12.5,11101010,1662.36,0,0,0,aktywna,1661.61,0, , ,aktywna
,1663.00,1472,78.0,12.1,11101010,1663.38,0,0,0,aktywna,1662.65,0, , ,aktywna
,1663.98,1536,78.0,0.0,11111110,1664.30,0,0,0,nieaktywna,1663.66,0, , ,aktywna
,1664.99,1696,78.0,0.0,11101010,1665.34,0,0,0,nieaktywna,1664.62,0, , ,nieaktywna
,1666.05,1792,78.0,-3.1,11101010,1666.43,0,0,0,aktywna,1665.70,0, , ,nieaktywna
,1667.16,1792,78.0,0.4,11101010,1667.56,0,0,0,aktywna,1666.78,0, , ,aktywna
,1668.33,1792,78.0,3.1,11101010,1668.71,0,0,0,aktywna,1667.95,0, , ,aktywna
,1669.48,1792,78.0,7.4,11101010,1669.84,0,0,0,aktywna,1669.08,0, , ,aktywna
,1670.57,1824,78.0,3.5,11101010,1670.95,0,0,0,aktywna,1670.21,0, , ,aktywna
,1671.69,1856,78.0,7.4,11101010,1672.06,0,0,0,nieaktywna,1671.32,0, , ,nieaktywna
,1672.81,1888,78.0,10.9,11101010,1673.18,0,0,0,nieaktywna,1672.43,0, , ,nieaktywna
,1673.92,1888,78.0,12.9,11101010,1674.28,0,0,0,nieaktywna,1673.55,0, , ,nieaktywna
,1675.00,1920,78.0,12.9,11101010,1675.38,0,0,0,nieaktywna,1674.64,0, , ,nieaktywna
,1676.10,1920,78.0,12.9,11101010,1676.48,0,0,0,nieaktywna,1675.75,0, , ,nieaktywna
,1677.20,1952,78.0,10.9,11101010,1677.56,0,0,0,nieaktywna,1676.84,0, , ,aktywna
,1678.29,1984,78.0,10.5,11101010,1678.66,0,0,0,aktywna,1677.92,0, , ,aktywna
,1679.39,1984,78.0,10.2,11101000,1679.74,0,0,0,nieaktywna,1679.04,0, , ,nieaktywna
,1680.45,1984,78.0,9.8,11101000,1680.79,0,0,0,nieaktywna,1680.09,0, , ,nieaktywna
,1681.50,2016,78.0,9.4,11101000,1681.85,0,0,0,aktywna,1681.15,0, , ,aktywna
,1682.56,2016,78.0,8.6,11101000,1682.92,0,0,0,aktywna,1682.21,0, , ,aktywna
,1683.64,2016,78.0,8.6,11101000,1683.99,0,0,0,aktywna,1683.27,0, , ,aktywna
,1684.70,2016,78.0,7.8,11101000,1685.05,0,0,0,aktywna,1684.34,0, , ,aktywna
,1685.74,2016,78.0,8.2,11101000,1686.09,0,0,0,aktywna,1685.39,0, , ,aktywna
,1686.81,2048,78.0,7.8,11101000,1687.15,0,0,0,aktywna,1686.44,0, , ,aktywna
,1687.86,2048,78.0,9.4,11101000,1688.20,0,0,0,aktywna,1687.50,0, , ,aktywna
,1688.92,2048,78.0,9.8,11101000,1689.27,0,0,0,aktywna,1688.55,0, , ,aktywna
,1689.98,2048,78.0,9.8,11101000,1690.33,0,0,0,aktywna,1689.62,0, , ,aktywna
,1691.03,2048,78.0,9.0,11101000,1691.38,0,0,0,aktywna,1690.67,0, , ,aktywna
,1692.08,2048,78.0,8.2,11101000,1692.45,0,0,0,aktywna,1691.73,0, , ,aktywna
,1693.15,2048,78.0,8.2,11101000,1693.52,0,0,0,aktywna,1692.79,0, , ,aktywna
,1694.23,2048,78.0,9.0,11101000,1694.58,0,0,0,aktywna,1693.88,0, , ,aktywna
,1695.26,2016,78.0,7.8,11101000,1695.62,0,0,0,aktywna,1694.92,0, , ,aktywna
,1696.30,2016,78.0,6.3,11101000,1696.65,0,0,0,aktywna,1695.95,0, , ,aktywna
,1697.35,2016,78.0,5.9,11101000,1697.73,0,0,0,aktywna,1697.01,0, , ,aktywna
,1698.46,2016,78.0,5.1,11101000,1698.84,0,0,0,aktywna,1698.10,0, , ,aktywna
,1699.57,2016,78.0,0.0,11101000,1699.93,0,0,0,nieaktywna,1699.21,0, , ,aktywna
,1700.66,1952,78.0,-3.5,11101010,1701.04,0,0,0,nieaktywna,1700.29,0, , ,nieaktywna
,1701.77,1952,78.0,-8.2,11101010,1702.14,0,0,0,aktywna,1701.40,0, , ,nieaktywna
,1702.86,1920,78.0,-6.6,11101010,1703.21,0,0,0,aktywna,1702.49,0, , ,aktywna
,1703.93,1952,78.0,-5.9,11101010,1704.30,0,0,0,aktywna,1703.58,0, , ,aktywna
,1705.01,1984,78.0,2.3,11101010,1705.37,0,0,0,aktywna,1704.65,0, , ,aktywna
,1706.06,2016,78.0,10.2,11101000,1706.40,0,0,0,aktywna,1705.72,0, , ,aktywna
,1707.09,2080,78.0,8.2,11101000,1707.42,0,0,0,aktywna,1706.74,0, , ,aktywna
,1708.09,2144,78.0,5.9,11101000,1708.42,0,0,0,aktywna,1707.76,0, , ,aktywna
,1709.10,2208,78.0,5.1,11101000,1709.44,0,0,0,aktywna,1708.76,0, , ,aktywna
,1710.13,2272,78.0,5.5,11101000,1710.47,0,0,0,aktywna,1709.79,0, , ,aktywna
,1711.16,2304,78.0,7.0,11101000,1711.50,0,0,0,aktywna,1710.81,0, , ,aktywna
,1712.19,2336,78.0,6.6,11101000,1712.54,0,0,0,aktywna,1711.85,0, , ,aktywna
,1713.27,2368,78.0,5.5,11101000,1713.66,0,0,0,aktywna,1712.93,0, , ,aktywna
,1714.39,2400,79.5,3.5,11101000,1714.71,0,0,0,aktywna,1714.04,0, , ,aktywna
,1715.41,2464,78.0,2.7,11101000,1715.77,0,0,0,aktywna,1715.07,0, , ,aktywna
,1716.49,2464,78.0,1.6,11101000,1716.81,0,0,0,aktywna,1716.14,0, , ,aktywna
,1717.49,2496,78.0,2.3,11101000,1717.83,0,0,0,aktywna,1717.17,0, , ,aktywna
,1718.51,2528,78.0,3.5,11101000,1718.86,0,0,0,aktywna,1718.15,0, , ,aktywna
,1719.55,2592,78.0,0.8,11101000,1719.89,0,0,0,aktywna,1719.21,0, , ,aktywna
,1720.57,2624,78.0,-3.5,11101000,1720.93,0,0,0,aktywna,1720.23,0, , ,aktywna
,1721.67,2688,79.5,-4.3,11101000,1722.01,0,0,0,aktywna,1721.30,0, , ,aktywna
,1722.73,2752,79.5,-5.5,11101000,1723.08,0,0,0,aktywna,1722.37,0, , ,aktywna
,1723.75,2816,79.5,-6.6,11101000,1724.09,0,0,0,aktywna,1723.43,0, , ,aktywna
,1724.79,2880,78.0,-7.0,11101000,1725.13,0,0,0,aktywna,1724.45,0, , ,aktywna
,1725.93,2912,79.5,-6.3,11101000,1726.20,0,0,0,aktywna,1725.51,0, , ,aktywna
,1727.04,2976,79.5,-5.9,11101000,1727.39,0,0,0,nieaktywna,1726.57,0, , ,aktywna
,1728.09,1856,79.5,0.0,11111110,1728.49,0,0,0,nieaktywna,1727.72,0, , ,nieaktywna
,1729.14,2240,79.5,0.0,11101000,1729.47,0,0,0,aktywna,1728.82,0, , ,aktywna
,1730.14,2304,79.5,0.0,11101000,1730.46,0,0,0,aktywna,1729.80,0, , ,aktywna
,1731.14,2336,79.5,-6.6,11101000,1731.47,0,0,0,aktywna,1730.81,0, , ,aktywna
,1732.19,2400,79.5,-10.9,11101000,1732.54,0,0,0,aktywna,1731.82,0, , ,aktywna
,1733.22,2400,79.5,-12.1,11101000,1733.59,0,0,0,aktywna,1732.87,0, , ,aktywna
,1734.25,2432,79.5,0.0,11101000,1734.59,0,0,0,aktywna,1733.92,0, , ,aktywna
,1735.28,2432,79.5,-3.5,11101000,1735.65,0,0,0,aktywna,1734.94,0, , ,aktywna
,1736.37,2464,79.5,-3.1,11101000,1736.71,0,0,0,aktywna,1736.02,0, , ,aktywna
,1737.43,2464,79.5,-2.0,11101001,1737.78,0,0,0,aktywna,1737.07,0, , ,aktywna
,1738.50,2464,79.5,-3.1,11101001,1738.87,0,0,0,aktywna,1738.13,0, , ,aktywna
,1739.56,2464,79.5,-2.3,11101001,1739.92,0,0,0,aktywna,1739.21,0, , ,aktywna
,1740.62,2464,79.5,-2.3,11101001,1740.98,0,0,0,aktywna,1740.26,0, , ,aktywna
,1741.58,2496,79.5,-2.7,11101001,1741.88,0,0,0,aktywna,1741.28,0, , ,aktywna
,1742.55,2496,79.5,-3.1,11101001,1742.90,0,0,0,aktywna,1742.20,0, , ,aktywna
,1743.59,2496,79.5,-2.7,11101001,1743.91,0,0,0,aktywna,1743.24,0, , ,aktywna
,1744.61,2496,79.5,-4.3,11101001,1744.95,0,0,0,aktywna,1744.27,0, , ,aktywna
,1745.65,2528,79.5,-4.7,11101001,1746.01,0,0,0,aktywna,1745.30,0, , ,aktywna
,1746.69,2560,79.5,-4.3,11101000,1747.05,0,0,0,aktywna,1746.35,0, , ,aktywna
,1747.73,2560,79.5,-3.9,11101001,1748.08,0,0,0,aktywna,1747.38,0, , ,aktywna
,1748.75,2592,79.5,-4.3,11101001,1749.07,0,0,0,aktywna,1748.40,0, , ,aktywna
,1749.76,2592,79.5,-5.1,11101001,1750.10,0,0,0,aktywna,1749.43,0, , ,aktywna
,1750.79,2624,79.5,-3.9,11101001,1751.12,0,0,0,aktywna,1750.45,0, , ,aktywna
,1751.78,2624,79.5,-4.3,11101001,1752.11,0,0,0,aktywna,1751.44,0, , ,aktywna
,1752.76,2624,79.5,-4.3,11101001,1753.09,0,0,0,aktywna,1752.43,0, , ,aktywna
,1753.76,2624,79.5,-4.7,11101001,1754.09,0,0,0,aktywna,1753.42,0, , ,aktywna
,1754.77,2624,79.5,-2.0,11101001,1755.13,0,0,0,aktywna,1754.43,0, , ,aktywna
,1755.82,2624,79.5,4.3,11101001,1756.14,0,0,0,aktywna,1755.48,0, , ,aktywna
,1756.80,2624,79.5,7.4,11101001,1757.13,0,0,0,aktywna,1756.47,0, , ,aktywna
,1757.78,2624,79.5,7.0,11101001,1758.13,0,0,0,aktywna,1757.47,0, , ,aktywna
,1758.80,2624,79.5,8.2,11101001,1759.14,0,0,0,aktywna,1758.46,0, , ,aktywna
,1759.85,2656,79.5,8.6,11101001,1760.20,0,0,0,aktywna,1759.49,0, , ,aktywna
,1760.86,2656,79.5,8.2,11101001,1761.17,0,0,0,aktywna,1760.54,0, , ,aktywna
,1761.85,2688,79.5,8.6,11101001,1762.20,0,0,0,aktywna,1761.49,0, , ,aktywna
,1762.86,2720,79.5,8.6,11101001,1763.19,0,0,0,aktywna,1762.52,0, , ,aktywna
,1763.87,2720,79.5,4.7,11101001,1764.21,0,0,0,aktywna,1763.52,0, , ,aktywna
,1764.94,2752,79.5,4.7,11101001,1765.30,0,0,0,aktywna,1764.58,0, , ,aktywna
,1765.98,2720,79.5,5.9,11101001,1766.32,0,0,0,aktywna,1765.63,0, , ,aktywna
,1767.00,2720,79.5,5.1,11101001,1767.33,0,0,0,aktywna,1766.66,0, , ,aktywna
,1768.05,2656,79.5,2.0,11101001,1768.39,0,0,0,nieaktywna,1767.70,0, , ,aktywna
,1769.07,2624,79.5,-0.8,11101001,1769.43,0,0,0,aktywna,1768.73,0, , ,aktywna
,1770.14,2592,79.5,12.5,11101001,1770.47,0,0,0,aktywna,1769.79,0, , ,aktywna
,1771.14,2592,79.5,18.8,11101001,1771.47,0,0,0,aktywna,1770.79,0, , ,aktywna
,1772.17,2592,79.5,15.2,11101001,1772.50,0,0,0,aktywna,1771.82,0, , ,aktywna
,1773.15,2592,79.5,11.3,11101001,1773.50,0,0,0,aktywna,1772.81,0, , ,aktywna
,1774.15,2592,79.5,8.2,11101001,1774.51,0,0,0,aktywna,1773.82,0, , ,aktywna
,1775.19,2624,79.5,7.0,11101001,1775.52,0,0,0,aktywna,1774.86,0, , ,aktywna
,1776.18,2624,79.5,8.6,11101001,1776.52,0,0,0,aktywna,1775.86,0, , ,aktywna
,1777.23,2656,79.5,14.5,11101001,1777.57,0,0,0,aktywna,1776.88,0, , ,aktywna
,1778.27,2656,79.5,17.2,11101001,1778.61,0,0,0,aktywna,1777.91,0, , ,aktywna
,1779.27,2656,79.5,17.2,11101001,1779.62,0,0,0,aktywna,1778.93,0, , ,aktywna
,1780.30,2656,79.5,21.9,11101001,1780.66,0,0,0,aktywna,1779.96,0, , ,aktywna
,1781.34,2624,79.5,21.9,11101001,1781.69,0,0,0,aktywna,1781.01,0, , ,aktywna
,1782.37,2624,79.5,18.8,11101001,1782.73,0,0,0,aktywna,1782.02,0, , ,aktywna
,1783.41,2624,79.5,15.6,11101001,1783.75,0,0,0,aktywna,1783.07,0, , ,aktywna
,1784.44,2624,79.5,15.6,11101001,1784.79,0,0,0,aktywna,1784.09,0, , ,aktywna
,1785.48,2656,79.5,15.2,11101001,1785.82,0,0,0,aktywna,1785.14,0, , ,aktywna
,1786.51,2656,79.5,12.5,11101001,1786.85,0,0,0,aktywna,1786.15,0, , ,aktywna
,1787.53,2688,79.5,12.9,11101001,1787.85,0,0,0,aktywna,1787.18,0, , ,aktywna
,1788.54,2688,79.5,14.1,11101001,1788.87,0,0,0,aktywna,1788.20,0, , ,aktywna
,1789.57,2720,79.5,12.5,11101001,1789.91,0,0,0,aktywna,1789.23,0, , ,aktywna
,1790.58,2720,79.5,12.9,11101001,1790.91,0,0,0,aktywna,1790.25,0, , ,aktywna
,1791.60,2720,79.5,12.9,11101001,1791.95,0,0,0,aktywna,1791.26,0, , ,aktywna
,1792.62,2720,79.5,11.3,11101001,1792.97,0,0,0,aktywna,1792.28,0, , ,aktywna
,1793.63,2720,79.5,-0.4,11101001,1793.95,0,0,0,nieaktywna,1793.29,0, , ,aktywna
,1794.62,2656,79.5,-6.6,11101001,1794.95,0,0,0,nieaktywna,1794.27,0, , ,nieaktywna
,1795.59,2656,79.5,-8.2,11101001,1795.93,0,0,0,aktywna,1795.28,0, , ,nieaktywna
,1796.60,2624,79.5,-6.3,11101001,1796.92,0,0,0,aktywna,1796.28,0, , ,aktywna
,1797.59,2592,79.5,0.8,11101001,1797.92,0,0,0,aktywna,1797.24,0, , ,aktywna
,1798.60,2592,79.5,6.6,11101001,1798.95,0,0,0,aktywna,1798.26,0, , ,aktywna
,1799.63,2592,79.5,7.4,11101001,1799.97,0,0,0,aktywna,1799.27,0, , ,aktywna
,1800.63,2592,79.5,6.3,11101001,1800.99,0,0,0,aktywna,1800.31,0, , ,aktywna
,1801.64,2592,79.5,6.3,11101001,1801.99,0,0,0,aktywna,1801.33,0, , ,aktywna
,1802.64,2592,79.5,5.9,11101001,1802.95,0,0,0,aktywna,1802.33,0, , ,aktywna
,1803.61,2592,79.5,5.5,11101001,1803.94,0,0,0,aktywna,1803.26,0, , ,aktywna
,1804.64,2592,79.5,5.5,11101001,1804.95,0,0,0,aktywna,1804.29,0, , ,aktywna
,1805.64,2592,79.5,5.1,11101001,1805.95,0,0,0,aktywna,1805.29,0, , ,aktywna
,1806.64,2592,79.5,5.5,11101001,1806.95,0,0,0,aktywna,1806.29,0, , ,aktywna
,1807.64,2592,79.5,5.1,11101000,1807.96,0,0,0,aktywna,1807.29,0, , ,aktywna
,1808.63,2592,79.5,5.9,11101000,1808.97,0,0,0,aktywna,1808.28,0, , ,aktywna
,1809.63,2592,79.5,9.4,11101001,1809.98,0,0,0,aktywna,1809.29,0, , ,aktywna
,1810.66,2592,79.5,14.1,11101001,1810.99,0,0,0,aktywna,1810.31,0, , ,aktywna
,1811.68,2592,79.5,15.6,11101001,1812.01,0,0,0,aktywna,1811.34,0, , ,aktywna
,1812.67,2592,79.5,15.6,11101001,1813.01,0,0,0,aktywna,1812.36,0, , ,aktywna
,1813.69,2560,79.5,12.9,11101000,1814.03,0,0,0,aktywna,1813.34,0, , ,aktywna
,1814.73,2560,79.5,11.7,11101000,1815.08,0,0,0,aktywna,1814.39,0, , ,aktywna
,1815.74,2560,79.5,9.8,11101001,1816.07,0,0,0,aktywna,1815.41,0, , ,aktywna
,1816.78,2560,79.5,7.4,11101000,1817.11,0,0,0,aktywna,1816.43,0, , ,aktywna
,1817.78,2560,79.5,3.5,11101001,1818.11,0,0,0,aktywna,1817.45,0, , ,aktywna
,1818.78,2560,79.5,2.3,11101000,1819.12,0,0,0,aktywna,1818.45,0, , ,aktywna
,1819.82,2560,79.5,2.0,11101000,1820.15,0,0,0,aktywna,1819.46,0, , ,aktywna
,1820.85,2592,79.5,2.0,11101001,1821.18,0,0,0,aktywna,1820.50,0, , ,aktywna
,1821.86,2592,79.5,2.7,11101001,1822.20,0,0,0,aktywna,1821.53,0, , ,aktywna
,1822.86,2592,79.5,3.1,11101000,1823.21,0,0,0,aktywna,1822.53,0, , ,aktywna
,1823.90,2592,79.5,3.1,11101000,1824.23,0,0,0,aktywna,1823.55,0, , ,aktywna
,1824.90,2592,79.5,7.0,11101001,1825.22,0,0,0,aktywna,1824.58,0, , ,aktywna
,1825.89,2592,79.5,8.2,11101000,1826.20,0,0,0,aktywna,1825.55,0, , ,aktywna
,1826.87,2592,79.5,8.6,11101000,1827.20,0,0,0,aktywna,1826.53,0, , ,aktywna
,1827.88,2592,79.5,8.2,11101000,1828.22,0,0,0,aktywna,1827.54,0, , ,aktywna
,1828.87,2592,79.5,8.2,11101000,1829.20,0,0,0,aktywna,1828.53,0, , ,aktywna
,1829.88,2592,79.5,7.8,11101001,1830.24,0,0,0,aktywna,1829.54,0, , ,aktywna
,1830.91,2592,79.5,5.9,11101000,1831.26,0,0,0,aktywna,1830.59,0, , ,aktywna
,1831.94,2560,79.5,5.9,11101000,1832.26,0,0,0,aktywna,1831.61,0, , ,aktywna
,1832.95,2592,79.5,5.5,11101001,1833.27,0,0,0,aktywna,1832.61,0, , ,aktywna
,1833.99,2592,79.5,5.5,11101001,1834.35,0,0,0,aktywna,1833.63,0, , ,aktywna
,1835.02,2560,79.5,5.9,11101000,1835.38,0,0,0,aktywna,1834.70,0, , ,aktywna
,1836.10,2560,79.5,6.6,11101001,1836.45,0,0,0,aktywna,1835.74,0, , ,aktywna
,1837.11,2560,79.5,5.9,11101000,1837.45,0,0,0,aktywna,1836.78,0, , ,aktywna
,1838.11,2560,79.5,5.1,11101001,1838.45,0,0,0,aktywna,1837.77,0, , ,aktywna
,1839.11,2528,79.5,0.0,11111100,1839.43,0,0,0,nieaktywna,1838.79,0, , ,aktywna
,1840.07,2496,79.5,0.0,11111100,1840.39,0,0,0,nieaktywna,1839.75,0, , ,nieaktywna
,1841.05,2432,79.5,0.0,11111100,1841.37,0,0,0,nieaktywna,1840.71,0, , ,nieaktywna
,1842.03,2400,79.5,0.0,11111100,1842.36,0,0,0,nieaktywna,1841.70,0, , ,nieaktywna
,1842.99,2368,79.5,0.0,11111100,1843.33,0,0,0,nieaktywna,1842.67,0, , ,nieaktywna
,1843.98,2304,79.5,0.0,11111100,1844.31,0,0,0,nieaktywna,1843.65,0, , ,nieaktywna
,1844.98,2176,79.5,0.0,11111100,1845.32,0,0,0,nieaktywna,1844.64,0, , ,nieaktywna
,1846.00,2048,79.5,0.0,11111100,1846.34,0,0,0,nieaktywna,1845.66,0, , ,nieaktywna
,1847.04,1920,79.5,0.0,11111110,1847.39,0,0,0,nieaktywna,1846.70,0, , ,nieaktywna
,1848.04,1792,79.5,0.0,11111110,1848.37,0,0,0,nieaktywna,1847.73,0, , ,nieaktywna
,1849.08,1696,79.5,0.0,11111110,1849.41,0,0,0,nieaktywna,1848.72,0, , ,nieaktywna
,1850.07,1568,79.5,0.0,11111110,1850.38,0,0,0,nieaktywna,1849.76,0, , ,nieaktywna
,1851.01,1056,79.5,0.0,11111110,1851.33,0,0,0,aktywna,1850.70,0, , ,nieaktywna
,1851.94,992,79.5,0.0,11111110,1852.24,0,0,0,nieaktywna,1851.64,0, , ,nieaktywna
,1852.91,1824,79.5,0.0,11111110,1853.23,0,0,0,nieaktywna,1852.55,0, , ,nieaktywna
,1853.93,1728,79.5,0.0,11101010,1854.26,0,0,0,nieaktywna,1853.56,0, , ,nieaktywna
,1854.97,1728,79.5,0.0,11101010,1855.33,0,0,0,aktywna,1854.62,0, , ,nieaktywna
,1856.02,1696,79.5,0.0,11101010,1856.40,0,0,0,aktywna,1855.66,0, , ,aktywna
,1857.08,1760,79.5,-0.4,11101010,1857.45,0,0,0,aktywna,1856.74,0, , ,aktywna
,1858.20,1760,79.5,3.1,11101010,1858.59,0,0,0,aktywna,1857.82,0, , ,aktywna
,1859.33,1792,78.0,2.7,11101010,1859.69,0,0,0,aktywna,1858.98,0, , ,aktywna
,1860.40,1824,79.5,1.2,11101010,1860.78,0,0,0,aktywna,1860.04,0, , ,aktywna
,1861.52,1824,78.0,-0.4,11101010,1861.88,0,0,0,aktywna,1861.14,0, , ,aktywna
,1862.62,1824,78.0,-0.8,11101010,1863.00,0,0,0,aktywna,1862.26,0, , ,aktywna
,1863.74,1856,78.0,-1.6,11101010,1864.10,0,0,0,aktywna,1863.37,0, , ,aktywna
,1864.82,1856,78.0,-2.7,11101010,1865.19,0,0,0,aktywna,1864.47,0, , ,aktywna
,1865.94,1888,78.0,2.0,11101010,1866.30,0,0,0,aktywna,1865.58,0, , ,aktywna
,1867.01,1952,78.0,8.2,11101010,1867.36,0,0,0,aktywna,1866.66,0, , ,aktywna
,1868.08,1984,78.0,9.4,11101000,1868.42,0,0,0,aktywna,1867.71,0, , ,aktywna
,1869.11,2048,78.0,7.4,11101000,1869.46,0,0,0,aktywna,1868.76,0, , ,aktywna
,1870.18,2080,78.0,7.0,11101000,1870.55,0,0,0,aktywna,1869.84,0, , ,aktywna
,1871.23,2144,78.0,7.0,11101000,1871.56,0,0,0,aktywna,1870.90,0, , ,aktywna
,1872.22,2208,78.0,11.7,11101000,1872.54,0,0,0,aktywna,1871.89,0, , ,aktywna
,1873.21,2272,78.0,16.0,11101000,1873.55,0,0,0,aktywna,1872.88,0, , ,aktywna
,1874.21,2336,78.0,16.0,11101000,1874.55,0,0,0,aktywna,1873.87,0, , ,aktywna
,1875.22,2400,78.0,16.0,11101000,1875.57,0,0,0,aktywna,1874.87,0, , ,aktywna
,1876.28,2496,78.0,14.5,11101000,1876.63,0,0,0,aktywna,1875.95,0, , ,aktywna
,1877.31,2560,78.0,12.9,11101000,1877.66,0,0,0,aktywna,1876.98,0, , ,aktywna
,1878.37,2656,78.0,9.4,11101000,1878.71,0,0,0,aktywna,1878.01,0, , ,aktywna
,1879.43,2720,78.0,9.8,11101000,1879.81,0,0,0,aktywna,1879.08,0, , ,aktywna
,1880.51,2784,78.0,4.7,11101000,1880.83,0,0,0,aktywna,1880.15,0, , ,aktywna
,1881.50,2880,78.0,0.4,11101000,1881.85,0,0,0,aktywna,1881.17,0, , ,aktywna
,1882.53,2560,78.0,0.0,11111100,1882.89,0,0,0,nieaktywna,1882.21,0, , ,aktywna
,1883.46,1248,78.0,0.0,11101010,1883.79,0,0,0,aktywna,1883.16,0, , ,nieaktywna
,1884.48,2176,78.0,0.0,11101000,1884.82,0,0,0,aktywna,1884.13,0, , ,aktywna
,1885.52,2176,78.0,-1.2,11101000,1885.87,0,0,0,aktywna,1885.16,0, , ,aktywna
,1886.55,2208,78.0,-2.0,11101000,1886.90,0,0,0,aktywna,1886.21,0, , ,aktywna
,1887.58,2208,78.0,-2.3,11101000,1887.91,0,0,0,aktywna,1887.25,0, , ,aktywna
,1888.59,2208,78.0,-2.3,11101000,1888.94,0,0,0,aktywna,1888.24,0, , ,aktywna
,1889.60,2240,78.0,-3.9,11101000,1889.94,0,0,0,aktywna,1889.27,0, , ,aktywna
,1890.60,2272,78.0,-4.7,11101000,1890.95,0,0,0,aktywna,1890.27,0, , ,aktywna
,1891.61,2304,78.0,-3.9,11101000,1891.96,0,0,0,aktywna,1891.28,0, , ,aktywna
,1892.62,2336,78.0,-5.9,11101000,1892.97,0,0,0,aktywna,1892.30,0, , ,aktywna
,1893.64,2336,78.0,-6.3,11101000,1893.95,0,0,0,aktywna,1893.30,0, , ,aktywna
,1894.63,2368,78.0,-8.2,11101000,1894.99,0,0,0,aktywna,1894.30,0, , ,aktywna
,1895.69,2368,78.0,-7.4,11101000,1896.05,0,0,0,aktywna,1895.31,0, , ,aktywna
,1896.77,2400,78.0,-7.0,11101000,1897.10,0,0,0,aktywna,1896.41,0, , ,aktywna
,1897.84,2400,79.5,-7.0,11101000,1898.19,0,0,0,aktywna,1897.46,0, , ,aktywna
,1898.93,2400,79.5,-9.0,11101000,1899.31,0,0,0,aktywna,1898.55,0, , ,aktywna
,1900.03,2432,79.5,0.0,11101000,1900.36,0,0,0,aktywna,1899.68,0, , ,aktywna
,1901.06,2464,79.5,-3.5,11101000,1901.40,0,0,0,aktywna,1900.70,0, , ,aktywna
,1902.12,2464,79.5,-4.7,11101000,1902.47,0,0,0,aktywna,1901.76,0, , ,aktywna
,1903.20,2496,79.5,-4.7,11101000,1903.51,0,0,0,aktywna,1902.82,0, , ,aktywna
,1904.19,2496,79.5,-4.3,11101000,1904.54,0,0,0,aktywna,1903.85,0, , ,aktywna
,1905.24,2528,79.5,0.4,11101000,1905.61,0,0,0,aktywna,1904.90,0, , ,aktywna
,1906.27,2528,79.5,5.5,11101000,1906.60,0,0,0,aktywna,1905.93,0, , ,aktywna
,1907.29,2528,79.5,7.4,11101000,1907.63,0,0,0,aktywna,1906.95,0, , ,aktywna
,1908.33,2528,79.5,8.6,11101000,1908.67,0,0,0,aktywna,1908.00,0, , ,aktywna
,1909.37,2496,79.5,9.0,11101000,1909.73,0,0,0,aktywna,1909.03,0, , ,aktywna
,1910.41,2496,79.5,7.8,11101000,1910.74,0,0,0,aktywna,1910.07,0, , ,aktywna
,1911.45,2496,79.5,4.7,11101000,1911.81,0,0,0,aktywna,1911.10,0, , ,aktywna
,1912.51,2528,79.5,3.5,11101000,1912.85,0,0,0,aktywna,1912.15,0, , ,aktywna
,1913.54,2528,79.5,2.7,11101000,1913.87,0,0,0,aktywna,1913.20,0, , ,aktywna
,1914.58,2528,79.5,0.4,11101000,1914.92,0,0,0,aktywna,1914.23,0, , ,aktywna
,1915.63,2528,79.5,2.0,11101000,1915.97,0,0,0,aktywna,1915.28,0, , ,aktywna
,1916.64,2528,79.5,1.2,11101000,1916.97,0,0,0,aktywna,1916.31,0, , ,aktywna
,1917.66,2560,79.5,1.2,11101000,1918.03,0,0,0,aktywna,1917.31,0, , ,aktywna
,1918.71,2560,79.5,2.0,11101000,1919.07,0,0,0,aktywna,1918.37,0, , ,aktywna
,1919.76,2560,79.5,4.3,11101000,1920.10,0,0,0,aktywna,1919.42,0, , ,aktywna
,1920.77,2592,79.5,8.2,11101000,1921.13,0,0,0,aktywna,1920.43,0, , ,aktywna
,1921.82,2592,79.5,5.5,11101000,1922.17,0,0,0,aktywna,1921.46,0, , ,aktywna
,1922.84,2560,79.5,-3.5,11101000,1923.19,0,0,0,aktywna,1922.49,0, , ,aktywna
,1923.89,2560,79.5,-7.4,11101000,1924.24,0,0,0,aktywna,1923.54,0, , ,aktywna
,1924.94,2528,79.5,-10.2,11101000,1925.26,0,0,0,aktywna,1924.60,0, , ,aktywna
,1925.95,2528,79.5,-10.5,11101000,1926.28,0,0,0,aktywna,1925.60,0, , ,aktywna
,1926.96,2496,79.5,-7.0,11101000,1927.32,0,0,0,aktywna,1926.60,0, , ,aktywna
,1928.02,2464,79.5,-5.9,11101000,1928.36,0,0,0,aktywna,1927.67,0, , ,aktywna
,1929.05,2432,79.5,2.0,11101000,1929.40,0,0,0,aktywna,1928.70,0, , ,aktywna
,1930.14,2400,79.5,6.3,11101000,1930.48,0,0,0,aktywna,1929.78,0, , ,aktywna
,1931.15,2400,79.5,9.4,11101000,1931.52,0,0,0,aktywna,1930.83,0, , ,aktywna
,1932.21,2400,79.5,9.0,11101000,1932.57,0,0,0,aktywna,1931.85,0, , ,aktywna
,1933.27,2400,79.5,3.9,11101000,1933.64,0,0,0,aktywna,1932.92,0, , ,aktywna
,1934.36,2432,79.5,0.4,11101000,1934.73,0,0,0,aktywna,1933.99,0, , ,aktywna
,1935.43,2432,79.5,-2.0,11101000,1935.78,0,0,0,aktywna,1935.08,0, , ,aktywna
,1936.48,2464,79.5,0.0,11101000,1936.83,0,0,0,aktywna,1936.13,0, , ,aktywna
,1937.53,2464,79.5,-0.8,11101000,1937.88,0,0,0,aktywna,1937.19,0, , ,aktywna
,1938.56,2496,79.5,0.0,11101000,1938.92,0,0,0,aktywna,1938.24,0, , ,aktywna
,1939.61,2528,79.5,1.6,11101000,1939.96,0,0,0,aktywna,1939.25,0, , ,aktywna
,1940.66,2528,79.5,5.5,11101000,1941.00,0,0,0,aktywna,1940.31,0, , ,aktywna
,1941.69,2528,79.5,6.3,11101000,1942.05,0,0,0,aktywna,1941.34,0, , ,aktywna
,1942.74,2560,79.5,6.6,11101000,1943.10,0,0,0,aktywna,1942.40,0, , ,aktywna
,1943.79,2560,79.5,6.6,11101000,1944.13,0,0,0,aktywna,1943.45,0, , ,aktywna
,1944.84,2560,79.5,5.9,11101000,1945.19,0,0,0,aktywna,1944.49,0, , ,aktywna
,1945.89,2560,79.5,9.0,11101000,1946.21,0,0,0,aktywna,1945.54,0, , ,aktywna
,1946.93,2560,79.5,10.2,11101000,1947.27,0,0,0,aktywna,1946.57,0, , ,aktywna
,1947.94,2560,79.5,10.2,11101000,1948.27,0,0,0,aktywna,1947.59,0, , ,aktywna
,1948.95,2560,79.5,9.0,11101000,1949.30,0,0,0,aktywna,1948.61,0, , ,aktywna
,1949.99,2560,79.5,7.8,11101000,1950.34,0,0,0,aktywna,1949.64,0, , ,aktywna
,1951.03,2560,79.5,7.0,11101000,1951.38,0,0,0,aktywna,1950.67,0, , ,aktywna
,1952.07,2560,79.5,6.6,11101000,1952.42,0,0,0,aktywna,1951.73,0, , ,aktywna
,1953.11,2560,79.5,6.6,11101000,1953.45,0,0,0,aktywna,1952.76,0, , ,aktywna
,1954.13,2528,79.5,6.6,11101000,1954.47,0,0,0,aktywna,1953.79,0, , ,aktywna
,1955.14,2528,79.5,6.6,11101000,1955.48,0,0,0,aktywna,1954.81,0, , ,aktywna
,1956.17,2528,79.5,6.3,11101000,1956.53,0,0,0,aktywna,1955.82,0, , ,aktywna
,1957.22,2528,79.5,5.5,11101000,1957.55,0,0,0,aktywna,1956.88,0, , ,aktywna
,1958.23,2528,79.5,3.5,11101000,1958.58,0,0,0,aktywna,1957.88,0, , ,aktywna
,1959.27,2528,79.5,2.7,11101000,1959.63,0,0,0,aktywna,1958.93,0, , ,aktywna
,1960.35,2528,79.5,2.7,11101000,1960.70,0,0,0,aktywna,1959.99,0, , ,aktywna
,1961.41,2528,79.5,3.1,11101000,1961.75,0,0,0,aktywna,1961.04,0, , ,aktywna
,1962.40,2528,79.5,3.5,11101000,1962.75,0,0,0,aktywna,1962.08,0, , ,aktywna
,1963.47,2528,79.5,5.1,11101000,1963.81,0,0,0,aktywna,1963.10,0, , ,aktywna
,1964.52,2528,79.5,6.6,11101000,1964.86,0,0,0,aktywna,1964.16,0, , ,aktywna
,1965.53,2528,79.5,6.6,11101000,1965.89,0,0,0,aktywna,1965.19,0, , ,aktywna
,1966.60,2528,79.5,6.3,11101000,1966.96,0,0,0,aktywna,1966.24,0, , ,aktywna
,1967.67,2560,79.5,7.0,11101000,1968.03,0,0,0,aktywna,1967.32,0, , ,aktywna
,1968.73,2560,79.5,6.6,11101000,1969.06,0,0,0,aktywna,1968.37,0, , ,aktywna
,1969.71,2560,79.5,7.0,11101000,1970.07,0,0,0,aktywna,1969.39,0, , ,aktywna
,1970.75,2592,79.5,7.4,11101000,1971.06,0,0,0,aktywna,1970.43,0, , ,aktywna
,1971.74,2592,79.5,5.1,11101000,1972.10,0,0,0,aktywna,1971.41,0, , ,aktywna
,1972.79,2592,79.5,2.3,11101000,1973.13,0,0,0,aktywna,1972.43,0, , ,aktywna
,1973.76,2592,79.5,1.2,11101000,1974.09,0,0,0,aktywna,1973.44,0, , ,aktywna
,1974.78,2592,79.5,0.8,11101000,1975.11,0,0,0,aktywna,1974.43,0, , ,aktywna
,1975.81,2592,79.5,4.3,11101000,1976.15,0,0,0,aktywna,1975.45,0, , ,aktywna
,1976.83,2592,79.5,8.6,11101000,1977.14,0,0,0,aktywna,1976.50,0, , ,aktywna
,1977.82,2592,79.5,7.8,11101000,1978.18,0,0,0,aktywna,1977.48,0, , ,aktywna
,1978.86,2592,79.5,6.3,11101000,1979.19,0,0,0,aktywna,1978.51,0, , ,aktywna
,1979.86,2560,79.5,3.9,11101000,1980.20,0,0,0,aktywna,1979.52,0, , ,aktywna
,1980.89,2560,79.5,-1.2,11101000,1981.23,0,0,0,aktywna,1980.55,0, , ,aktywna
,1981.91,2560,79.5,-3.5,11101000,1982.23,0,0,0,aktywna,1981.58,0, , ,aktywna
,1982.92,2528,79.5,-4.3,11101000,1983.25,0,0,0,aktywna,1982.57,0, , ,aktywna
,1983.92,2496,79.5,-4.3,11101000,1984.25,0,0,0,aktywna,1983.59,0, , ,aktywna
,1984.89,2496,79.5,-4.3,11101000,1985.24,0,0,0,aktywna,1984.58,0, , ,aktywna
,1985.90,2496,79.5,-4.3,11101000,1986.25,0,0,0,aktywna,1985.56,0, , ,aktywna
,1986.92,2496,79.5,-2.0,11101000,1987.28,0,0,0,aktywna,1986.60,0, , ,aktywna
,1987.96,2496,79.5,-2.0,11101000,1988.30,0,0,0,aktywna,1987.61,0, , ,aktywna
,1988.95,2496,79.5,-2.0,11101000,1989.29,0,0,0,aktywna,1988.63,0, , ,aktywna
,1989.99,2496,79.5,1.2,11101000,1990.32,0,0,0,aktywna,1989.63,0, , ,aktywna
,1991.01,2496,79.5,6.3,11101000,1991.36,0,0,0,aktywna,1990.68,0, , ,aktywna
,1992.01,2496,79.5,7.0,11101000,1992.35,0,0,0,aktywna,1991.69,0, , ,aktywna
,1993.05,2528,79.5,7.4,11101000,1993.38,0,0,0,aktywna,1992.70,0, , ,aktywna
,1994.07,2528,79.5,7.0,11101000,1994.40,0,0,0,aktywna,1993.72,0, , ,aktywna
,1995.09,2528,79.5,7.0,11101000,1995.44,0,0,0,aktywna,1994.75,0, , ,aktywna
,1996.12,2528,79.5,8.2,11101000,1996.47,0,0,0,aktywna,1995.77,0, , ,aktywna
,1997.15,2528,79.5,2.7,11101000,1997.50,0,0,0,aktywna,1996.83,0, , ,aktywna
,1998.15,2496,79.5,4.3,11101000,1998.51,0,0,0,aktywna,1997.83,0, , ,aktywna
,1999.23,2464,79.5,6.3,11101000,1999.59,0,0,0,aktywna,1998.87,0, , ,aktywna
,2000.32,2464,79.5,8.6,11101000,2000.67,0,0,0,aktywna,1999.96,0, , ,aktywna
,2001.38,2432,79.5,8.2,11101000,2001.72,0,0,0,aktywna,2001.01,0, , ,aktywna
,2002.41,2432,79.5,8.2,11101000,2002.75,0,0,0,aktywna,2002.07,0, , ,aktywna
,2003.44,2400,79.5,8.2,11101000,2003.77,0,0,0,aktywna,2003.09,0, , ,aktywna
,2004.46,2432,79.5,8.2,11101000,2004.82,0,0,0,aktywna,2004.12,0, , ,aktywna
,2005.55,2432,79.5,7.8,11101000,2005.89,0,0,0,aktywna,2005.17,0, , ,aktywna
,2006.59,2464,79.5,5.9,11101000,2006.93,0,0,0,aktywna,2006.25,0, , ,aktywna
,2007.65,2432,79.5,5.5,11101000,2007.99,0,0,0,aktywna,2007.29,0, , ,aktywna
,2008.70,2432,79.5,5.9,11101000,2009.04,0,0,0,aktywna,2008.32,0, , ,aktywna
,2009.69,2400,79.5,5.9,11101000,2010.04,0,0,0,aktywna,2009.37,0, , ,aktywna
,2010.74,2368,79.5,5.5,11101000,2011.10,0,0,0,aktywna,2010.41,0, , ,aktywna
,2011.79,2336,79.5,12.1,11101000,2012.15,0,0,0,aktywna,2011.46,0, , ,aktywna
,2012.86,2304,79.5,10.2,11101000,2013.18,0,0,0,aktywna,2012.51,0, , ,aktywna
,2013.85,2272,79.5,2.3,11101000,2014.18,0,0,0,aktywna,2013.52,0, , ,aktywna
,2014.85,2272,79.5,-3.1,11101000,2015.19,0,0,0,aktywna,2014.52,0, , ,aktywna
,2015.85,2272,79.5,-5.5,11101000,2016.20,0,0,0,aktywna,2015.51,0, , ,aktywna
,2016.86,2304,79.5,-6.6,11101000,2017.20,0,0,0,aktywna,2016.52,0, , ,aktywna
,2017.86,2304,79.5,-8.2,11101000,2018.18,0,0,0,aktywna,2017.52,0, , ,aktywna
,2018.89,2336,79.5,-7.8,11101000,2019.22,0,0,0,aktywna,2018.52,0, , ,aktywna
,2019.90,2336,79.5,-7.4,11101000,2020.25,0,0,0,aktywna,2019.56,0, , ,aktywna
,2020.92,2368,79.5,-6.3,11101000,2021.24,0,0,0,aktywna,2020.61,0, , ,aktywna
,2021.93,2400,79.5,-5.5,11101000,2022.29,0,0,0,aktywna,2021.57,0, , ,aktywna
,2023.02,2432,79.5,-3.9,11101000,2023.36,0,0,0,aktywna,2022.66,0, , ,aktywna
,2024.04,2464,79.5,-3.5,11101000,2024.37,0,0,0,aktywna,2023.69,0, , ,aktywna
,2025.08,2464,79.5,-2.7,11101000,2025.43,0,0,0,aktywna,2024.74,0, , ,aktywna
,2026.15,2464,79.5,1.6,11101000,2026.49,0,0,0,aktywna,2025.80,0, , ,aktywna
,2027.23,2496,79.5,4.7,11101000,2027.59,0,0,0,aktywna,2026.86,0, , ,aktywna
,2028.30,2496,79.5,12.9,11101000,2028.65,0,0,0,aktywna,2027.94,0, , ,aktywna
,2029.35,2464,79.5,15.6,11101000,2029.73,0,0,0,aktywna,2029.01,0, , ,aktywna
,2030.44,2464,79.5,17.2,11101000,2030.80,0,0,0,aktywna,2030.10,0, , ,aktywna
,2031.51,2464,79.5,16.4,11101000,2031.87,0,0,0,aktywna,2031.16,0, , ,aktywna
,2032.59,2496,79.5,13.7,11101000,2032.95,0,0,0,aktywna,2032.23,0, , ,aktywna
,2033.61,2496,79.5,10.2,11101000,2033.91,0,0,0,aktywna,2033.30,0, , ,aktywna
,2034.63,2464,79.5,9.0,11101000,2034.98,0,0,0,aktywna,2034.26,0, , ,aktywna
,2035.69,2464,79.5,5.5,11101000,2036.06,0,0,0,aktywna,2035.34,0, , ,aktywna
,2036.74,2464,79.5,5.1,11101000,2037.11,0,0,0,aktywna,2036.38,0, , ,aktywna
,2037.83,2432,79.5,5.9,11101000,2038.17,0,0,0,aktywna,2037.47,0, , ,aktywna
,2038.85,2432,79.5,7.8,11101001,2039.19,0,0,0,aktywna,2038.51,0, , ,aktywna
,2039.90,2400,79.5,8.6,11101000,2040.28,0,0,0,aktywna,2039.56,0, , ,aktywna
,2040.94,2400,79.5,9.0,11101000,2041.26,0,0,0,aktywna,2040.61,0, , ,aktywna
,2041.91,2368,79.5,6.6,11101000,2042.23,0,0,0,aktywna,2041.58,0, , ,aktywna
,2042.88,2368,79.5,4.7,11101000,2043.22,0,0,0,aktywna,2042.56,0, , ,aktywna
,2043.92,2368,79.5,-0.8,11101000,2044.26,0,0,0,aktywna,2043.57,0, , ,aktywna
,2044.97,2368,79.5,-2.7,11101000,2045.32,0,0,0,aktywna,2044.62,0, , ,aktywna
,2046.02,2336,79.5,-3.9,11101000,2046.35,0,0,0,aktywna,2045.66,0, , ,aktywna
,2047.01,2304,79.5,-5.1,11101000,2047.34,0,0,0,aktywna,2046.67,0, , ,aktywna
,2048.03,2304,79.5,-4.7,11101000,2048.37,0,0,0,aktywna,2047.69,0, , ,aktywna
,2049.05,2272,79.5,-1.2,11101000,2049.37,0,0,0,aktywna,2048.71,0, , ,aktywna
,2050.06,2240,79.5,-0.4,11101000,2050.40,0,0,0,aktywna,2049.71,0, , ,aktywna
,2051.08,2208,79.5,-1.2,11101000,2051.43,0,0,0,aktywna,2050.74,0, , ,aktywna
,2052.13,2208,79.5,-1.6,11101000,2052.48,0,0,0,aktywna,2051.78,0, , ,aktywna
,2053.18,2208,79.5,-1.6,11101000,2053.52,0,0,0,aktywna,2052.82,0, , ,aktywna
,2054.19,2208,79.5,-2.3,11101000,2054.51,0,0,0,aktywna,2053.85,0, , ,aktywna
,2055.20,2208,79.5,-2.3,11101000,2055.55,0,0,0,aktywna,2054.86,0, , ,aktywna
,2056.22,2176,79.5,-0.4,11101000,2056.58,0,0,0,aktywna,2055.88,0, , ,aktywna
,2057.26,2144,79.5,-0.4,11101000,2057.60,0,0,0,aktywna,2056.91,0, , ,aktywna
,2058.31,2144,79.5,1.6,11101000,2058.66,0,0,0,aktywna,2057.97,0, , ,aktywna
,2059.34,2112,79.5,2.7,11111100,2059.70,0,0,0,nieaktywna,2058.99,0, , ,nieaktywna
,2060.39,2048,78.0,0.0,11111100,2060.74,0,0,0,nieaktywna,2060.04,0, , ,nieaktywna
,2061.44,2016,78.0,0.0,11111100,2061.80,0,0,0,nieaktywna,2061.07,0, , ,nieaktywna
,2062.51,1952,78.0,0.0,11111110,2062.87,0,0,0,nieaktywna,2062.14,0, , ,nieaktywna
,2063.62,1856,78.0,0.0,11111110,2063.97,0,0,0,nieaktywna,2063.24,0, , ,nieaktywna
,2064.68,1760,78.0,0.0,11111110,2065.01,0,0,0,nieaktywna,2064.32,0, , ,nieaktywna
,2065.73,1696,78.0,0.0,11111110,2066.06,0,0,0,nieaktywna,2065.36,0, , ,nieaktywna
,2066.81,1600,78.0,0.0,11111110,2067.16,0,0,0,nieaktywna,2066.43,0, , ,nieaktywna
,2067.83,1536,78.0,0.0,11111110,2068.18,0,0,0,nieaktywna,2067.48,0, , ,nieaktywna
,2068.87,1472,78.0,0.0,11111110,2069.18,0,0,0,nieaktywna,2068.54,0, , ,nieaktywna
,2069.81,1120,78.0,0.0,11111110,2070.14,0,0,0,nieaktywna,2069.51,0, , ,nieaktywna
,2070.77,992,78.0,0.0,11111110,2071.06,0,0,0,nieaktywna,2070.49,0, , ,nieaktywna
,2071.67,864,78.0,-1.2,11111110,2071.97,0,0,0,aktywna,2071.37,0, , ,nieaktywna
,2072.59,864,78.0,0.4,11111110,2072.90,0,0,0,aktywna,2072.30,0, , ,aktywna
,2073.51,896,78.0,3.1,11111110,2073.80,0,0,0,aktywna,2073.21,0, , ,aktywna
,2074.43,896,78.0,5.1,11111110,2074.75,0,0,0,aktywna,2074.12,0, , ,aktywna
,2075.36,896,78.0,6.6,11111110,2075.67,0,0,0,aktywna,2075.06,0, , ,aktywna
,2076.28,896,78.0,7.0,11111110,2076.59,0,0,0,aktywna,2075.99,0, , ,aktywna
,2077.21,896,78.0,7.0,11111110,2077.53,0,0,0,aktywna,2076.91,0, , ,aktywna
,2078.16,896,78.0,6.6,11111110,2078.46,0,0,0,aktywna,2077.84,0, , ,aktywna
,2079.07,896,78.0,6.6,11111110,2079.38,0,0,0,aktywna,2078.76,0, , ,aktywna
,2079.97,896,78.0,5.9,11111110,2080.27,0,0,0,aktywna,2079.67,0, , ,aktywna
,2080.92,896,78.0,5.9,11111110,2081.23,0,0,0,aktywna,2080.60,0, , ,aktywna
,2081.89,864,78.0,5.9,11111110,2082.19,0,0,0,aktywna,2081.57,0, , ,aktywna
,2082.78,896,78.0,4.7,11111110,2083.08,0,0,0,aktywna,2082.48,0, , ,aktywna
,2083.71,896,78.0,2.7,11111110,2084.03,0,0,0,aktywna,2083.39,0, , ,aktywna
,2084.63,800,78.0,2.3,11111110,2084.89,0,0,0,aktywna,2084.33,0, , ,nieaktywna
,2085.48,800,78.0,0.8,11111110,2085.77,0,0,0,aktywna,2085.18,0, , ,aktywna
,2086.37,768,78.0,0.4,11111110,2086.67,0,0,0,aktywna,2086.07,0, , ,aktywna
,2087.27,800,78.0,-0.4,11111110,2087.56,0,0,0,aktywna,2086.98,0, , ,aktywna
,2088.15,768,78.0,0.0,11111110,2088.46,0,0,0,aktywna,2087.86,0, , ,aktywna
,2089.07,800,78.0,1.2,11111110,2089.38,0,0,0,aktywna,2088.77,0, , ,aktywna
,2089.97,768,78.0,1.6,11111110,2090.26,0,0,0,aktywna,2089.67,0, , ,aktywna
,2090.86,800,78.0,0.8,11111110,2091.16,0,0,0,aktywna,2090.56,0, , ,aktywna
,2091.76,800,78.0,0.0,11111110,2092.06,0,0,0,aktywna,2091.44,0, , ,aktywna
,2092.65,800,78.0,0.0,11111110,2092.95,0,0,0,aktywna,2092.36,0, , ,aktywna
,2093.59,768,78.0,0.0,11111110,2093.89,0,0,0,aktywna,2093.25,0, , ,aktywna
,2094.50,768,78.0,0.4,11111110,2094.78,0,0,0,aktywna,2094.20,0, , ,aktywna
,2095.40,768,78.0,0.0,11111110,2095.71,0,0,0,aktywna,2095.10,0, , ,aktywna
,2096.33,800,78.0,-0.4,11111110,2096.63,0,0,0,aktywna,2096.01,0, , ,aktywna
,2097.21,768,78.0,-0.4,11111110,2097.50,0,0,0,aktywna,2096.92,0, , ,aktywna
,2098.09,800,78.0,-0.4,11111110,2098.39,0,0,0,aktywna,2097.80,0, , ,aktywna
,2098.98,800,78.0,0.0,11111110,2099.29,0,0,0,aktywna,2098.69,0, , ,aktywna
,2099.89,800,78.0,0.8,11111110,2100.19,0,0,0,aktywna,2099.60,0, , ,aktywna
,2100.78,800,78.0,0.8,11111110,2101.09,0,0,0,aktywna,2100.49,0, , ,aktywna
,2101.70,768,78.0,0.8,11111110,2102.00,0,0,0,aktywna,2101.40,0, , ,aktywna
,2102.58,768,78.0,1.2,11111110,2102.86,0,0,0,aktywna,2102.29,0, , ,aktywna
,2103.46,800,78.0,1.2,11111110,2103.76,0,0,0,aktywna,2103.17,0, , ,aktywna
,2104.37,800,78.0,1.6,11111110,2104.66,0,0,0,aktywna,2104.06,0, , ,aktywna
,2105.25,800,78.0,1.2,11111110,2105.58,0,0,0,aktywna,2104.95,0, , ,aktywna
,2106.18,800,78.0,0.8,11111110,2106.49,0,0,0,aktywna,2105.89,0, , ,aktywna
,2107.09,800,78.0,0.8,11111110,2107.40,0,0,0,aktywna,2106.79,0, , ,aktywna
,2108.03,768,78.0,1.2,11111110,2108.33,0,0,0,aktywna,2107.72,0, , ,aktywna
,2108.93,800,78.0,1.2,11111110,2109.22,0,0,0,aktywna,2108.63,0, , ,aktywna
,2109.82,800,78.0,1.6,11111110,2110.15,0,0,0,aktywna,2109.52,0, , ,aktywna
,2110.74,800,78.0,1.2,11111110,2111.05,0,0,0,aktywna,2110.46,0, , ,aktywna
,2111.64,800,78.0,1.2,11111110,2111.94,0,0,0,aktywna,2111.33,0, , ,aktywna
,2112.54,800,78.0,0.8,11111110,2112.83,0,0,0,aktywna,2112.23,0, , ,aktywna
,2113.45,800,78.0,0.8,11111110,2113.74,0,0,0,aktywna,2113.14,0, , ,aktywna
,2114.34,768,78.0,0.4,11111110,2114.63,0,0,0,aktywna,2114.04,0, , ,aktywna
,2115.23,768,78.0,0.4,11111110,2115.53,0,0,0,aktywna,2114.92,0, , ,aktywna
,2116.13,768,78.0,0.4,11111110,2116.43,0,0,0,aktywna,2115.83,0, , ,aktywna
,2117.04,768,78.0,0.8,11111110,2117.35,0,0,0,aktywna,2116.73,0, , ,aktywna
,2117.94,800,78.0,0.4,11111110,2118.23,0,0,0,aktywna,2117.64,0, , ,aktywna
,2118.83,800,78.0,-0.4,11111110,2119.13,0,0,0,aktywna,2118.53,0, , ,aktywna
,2119.72,768,78.0,-1.2,11111110,2120.01,0,0,0,aktywna,2119.42,0, , ,aktywna
,2120.61,800,78.0,-1.2,11111110,2120.91,0,0,0,aktywna,2120.31,0, , ,aktywna
,2121.51,800,78.0,-0.4,11111110,2121.80,0,0,0,aktywna,2121.21,0, , ,aktywna
,2122.41,768,78.0,-0.4,11111110,2122.70,0,0,0,aktywna,2122.10,0, , ,aktywna
,2123.27,768,78.0,-0.4,11111110,2123.58,0,0,0,aktywna,2122.99,0, , ,aktywna
,2124.19,768,78.0,0.0,11111110,2124.47,0,0,0,aktywna,2123.88,0, , ,aktywna
,2125.07,768,78.0,0.0,11111110,2125.35,0,0,0,aktywna,2124.76,0, , ,aktywna
,2125.94,800,78.0,0.0,11111110,2126.24,0,0,0,aktywna,2125.65,0, , ,aktywna
,2126.84,800,78.0,0.0,11111110,2127.12,0,0,0,aktywna,2126.54,0, , ,aktywna
,2127.72,800,78.0,-0.4,11111110,2128.01,0,0,0,aktywna,2127.42,0, , ,aktywna
,2128.59,800,78.0,-0.8,11111110,2128.88,0,0,0,aktywna,2128.31,0, , ,aktywna
,2129.49,800,78.0,-0.8,11111110,2129.80,0,0,0,aktywna,2129.18,0, , ,aktywna
,2130.42,768,78.0,-0.4,11111110,2130.72,0,0,0,aktywna,2130.11,0, , ,aktywna
,2131.33,768,78.0,0.0,11111110,2131.61,0,0,0,aktywna,2131.02,0, , ,aktywna
,2132.21,800,78.0,-0.4,11111110,2132.50,0,0,0,aktywna,2131.90,0, , ,aktywna
,2133.12,768,78.0,-1.2,11111110,2133.42,0,0,0,aktywna,2132.80,0, , ,aktywna
,2134.01,800,78.0,-1.2,11111110,2134.31,0,0,0,aktywna,2133.71,0, , ,aktywna
,2134.93,800,78.0,-0.8,11111110,2135.23,0,0,0,aktywna,2134.62,0, , ,aktywna
,2135.80,800,78.0,-0.8,11111110,2136.11,0,0,0,aktywna,2135.52,0, , ,aktywna
,2136.72,768,78.0,-0.4,11111110,2137.01,0,0,0,aktywna,2136.42,0, , ,aktywna
,2137.63,800,78.0,-0.4,11111110,2137.91,0,0,0,aktywna,2137.31,0, , ,aktywna
,2138.51,768,78.0,-0.4,11111110,2138.80,0,0,0,aktywna,2138.20,0, , ,aktywna
,2139.41,768,78.0,-0.4,11111110,2139.70,0,0,0,aktywna,2139.10,0, , ,aktywna
,2140.30,800,78.0,-0.4,11111110,2140.60,0,0,0,aktywna,2139.99,0, , ,aktywna
,2141.20,800,78.0,0.0,11111110,2141.50,0,0,0,aktywna,2140.90,0, , ,aktywna
,2142.08,800,79.5,-0.4,11111110,2142.40,0,0,0,aktywna,2141.81,0, , ,aktywna
,2143.05,992,78.0,0.0,11101010,2143.43,0,0,0,aktywna,2142.69,0, , ,aktywna
,2144.10,1312,79.5,0.0,11101010,2144.41,0,0,0,aktywna,2143.77,0, , ,aktywna
,2145.06,1504,79.5,0.0,11101010,2145.42,0,0,0,aktywna,2144.73,0, , ,aktywna
,2146.16,1632,79.5,0.0,11111110,2146.46,0,0,0,nieaktywna,2145.77,0, , ,aktywna
,2147.10,1280,79.5,0.0,11101010,2147.41,0,0,0,aktywna,2146.77,0, , ,nieaktywna
,2148.06,1408,79.5,0.0,11101010,2148.32,0,0,0,aktywna,2147.74,0, , ,aktywna
,2149.01,1600,79.5,-1.2,11101010,2149.38,0,0,0,aktywna,2148.68,0, , ,aktywna
,2150.12,1824,79.5,0.4,11101010,2150.49,0,0,0,aktywna,2149.74,0, , ,aktywna
,2151.24,1952,79.5,5.9,11101010,2151.61,0,0,0,aktywna,2150.86,0, , ,aktywna
,2152.29,2112,79.5,6.3,11101000,2152.61,0,0,0,aktywna,2151.97,0, , ,aktywna
,2153.28,2176,79.5,-1.2,11101001,2153.62,0,0,0,nieaktywna,2152.95,0, , ,aktywna
,2154.31,2176,79.5,-1.2,11111101,2154.64,0,0,0,nieaktywna,2153.96,0, , ,nieaktywna
,2155.37,2080,79.5,0.0,11101001,2155.71,0,0,0,nieaktywna,2155.00,0, , ,nieaktywna
,2156.41,2080,79.5,-5.5,11101001,2156.75,0,0,0,aktywna,2156.07,0, , ,aktywna
,2157.43,2080,79.5,-6.3,11111101,2157.76,0,0,0,nieaktywna,2157.09,0, , ,aktywna
,2158.46,2016,79.5,0.0,11111101,2158.83,0,0,0,nieaktywna,2158.10,0, , ,nieaktywna
,2159.54,1920,79.5,0.0,11101011,2159.90,0,0,0,nieaktywna,2159.20,0, , ,nieaktywna
,2160.61,1952,79.5,0.0,11101011,2160.99,0,0,0,aktywna,2160.26,0, , ,aktywna
,2161.70,2016,79.5,1.6,11101001,2162.03,0,0,0,aktywna,2161.35,0, , ,aktywna
,2162.71,2240,79.5,4.7,11101001,2163.06,0,0,0,aktywna,2162.38,0, , ,aktywna
,2163.77,2592,79.5,0.0,11101001,2164.11,0,0,0,aktywna,2163.43,0, , ,aktywna
,2164.81,2144,79.5,0.0,11111101,2165.10,0,0,0,nieaktywna,2164.45,0, , ,nieaktywna
,2165.81,1792,81.0,0.0,11101011,2166.18,0,0,0,aktywna,2165.42,0, , ,nieaktywna
,2166.92,1888,79.5,-3.1,11101011,2167.27,0,0,0,aktywna,2166.56,0, , ,aktywna
,2168.01,1952,79.5,-6.6,11101011,2168.36,0,0,0,aktywna,2167.64,0, , ,aktywna
,2169.07,2016,79.5,-5.5,11101001,2169.42,0,0,0,aktywna,2168.72,0, , ,aktywna
,2170.11,2080,79.5,2.3,11101001,2170.45,0,0,0,aktywna,2169.77,0, , ,aktywna
,2171.14,2176,79.5,5.5,11101001,2171.49,0,0,0,aktywna,2170.80,0, , ,aktywna
,2172.14,2240,79.5,6.3,11101001,2172.50,0,0,0,aktywna,2171.81,0, , ,aktywna
,2173.16,2304,81.0,-2.0,11101001,2173.50,0,0,0,aktywna,2172.84,0, , ,aktywna
,2174.16,2304,79.5,-6.6,11111101,2174.48,0,0,0,nieaktywna,2173.82,0, , ,nieaktywna
,2175.14,2304,79.5,0.0,11111101,2175.49,0,0,0,nieaktywna,2174.80,0, , ,nieaktywna
,2176.18,2272,79.5,0.0,11111101,2176.52,0,0,0,nieaktywna,2175.83,0, , ,nieaktywna
,2177.20,2272,79.5,0.0,11111101,2177.52,0,0,0,nieaktywna,2176.86,0, , ,nieaktywna
,2178.20,2272,79.5,0.0,11101001,2178.52,0,0,0,nieaktywna,2177.85,0, , ,nieaktywna
,2179.17,2336,79.5,-5.1,11101001,2179.51,0,0,0,nieaktywna,2178.84,0, , ,nieaktywna
,2180.15,2368,79.5,-2.3,11101001,2180.46,0,0,0,nieaktywna,2179.85,0, , ,nieaktywna
,2181.12,2400,79.5,-3.1,11101001,2181.45,0,0,0,nieaktywna,2180.77,0, , ,nieaktywna
,2182.14,2432,79.5,-2.0,11101001,2182.47,0,0,0,nieaktywna,2181.77,0, , ,nieaktywna
,2183.12,2464,79.5,-2.0,11101001,2183.46,0,0,0,nieaktywna,2182.79,0, , ,nieaktywna
,2184.15,2496,79.5,-3.1,11101001,2184.49,0,0,0,nieaktywna,2183.82,0, , ,nieaktywna
,2185.16,2464,79.5,0.0,11111101,2185.51,0,0,0,nieaktywna,2184.85,0, , ,nieaktywna
,2186.17,2432,79.5,0.0,10111101,2186.52,0,0,0,nieaktywna,2185.83,0, , ,nieaktywna
,2187.18,2400,79.5,0.0,10111101,2187.50,0,0,0,nieaktywna,2186.85,0, , ,nieaktywna
,2188.17,2304,79.5,0.0,10111101,2188.50,0,0,0,nieaktywna,2187.84,0, , ,nieaktywna
,2189.10,1024,79.5,0.0,10111110,2189.42,0,0,0,nieaktywna,2188.81,0, , ,nieaktywna
,2190.05,928,79.5,0.0,10111110,2190.35,0,0,0,aktywna,2189.73,0, , ,aktywna
,2190.96,896,79.5,0.0,10111110,2191.26,0,0,0,aktywna,2190.66,0, , ,aktywna
,2191.88,896,79.5,-0.8,10111110,2192.19,0,0,0,aktywna,2191.58,0, , ,aktywna
,2192.84,896,79.5,0.8,10111110,2193.15,0,0,0,aktywna,2192.52,0, , ,aktywna
,2193.73,896,79.5,1.6,10111110,2194.04,0,0,0,aktywna,2193.45,0, , ,aktywna
,2194.64,896,79.5,2.0,10111110,2194.96,0,0,0,aktywna,2194.33,0, , ,aktywna
,2195.57,896,79.5,2.3,10111111,2195.88,0,0,0,aktywna,2195.27,0, , ,aktywna
,2196.51,896,79.5,3.1,10111110,2196.81,0,0,0,aktywna,2196.20,0, , ,aktywna
,2197.42,896,79.5,3.5,10111110,2197.71,0,0,0,aktywna,2197.12,0, , ,aktywna
,2198.31,864,79.5,3.1,10111110,2198.61,0,0,0,aktywna,2198.03,0, , ,aktywna
,2199.18,768,79.5,2.7,10111110,2199.45,0,0,0,aktywna,2198.91,0, , ,nieaktywna
,2200.01,800,79.5,1.2,10111110,2200.31,0,0,0,aktywna,2199.73,0, , ,aktywna
,2200.90,800,79.5,0.8,10111110,2201.18,0,0,0,aktywna,2200.60,0, , ,aktywna
,2201.77,800,79.5,1.2,10111110,2202.08,0,0,0,aktywna,2201.46,0, , ,aktywna
,2202.68,768,79.5,1.6,10111110,2202.97,0,0,0,aktywna,2202.38,0, , ,aktywna
,2203.58,800,79.5,2.3,10111111,2203.89,0,0,0,aktywna,2203.28,0, , ,aktywna
,2204.51,800,79.5,2.3,10111110,2204.81,0,0,0,aktywna,2204.19,0, , ,aktywna
,2205.40,800,79.5,2.0,10111110,2205.70,0,0,0,aktywna,2205.10,0, , ,aktywna
,2206.31,800,79.5,2.0,10111110,2206.61,0,0,0,aktywna,2206.00,0, , ,aktywna
,2207.21,768,79.5,1.6,10111110,2207.50,0,0,0,aktywna,2206.91,0, , ,aktywna
,2208.11,800,79.5,0.0,10101010,2208.41,0,0,0,aktywna,2207.80,0, , ,aktywna
,2209.05,896,79.5,0.0,10101011,2209.36,0,0,0,aktywna,2208.76,0, , ,aktywna
,2209.96,1344,79.5,0.0,10101011,2210.32,0,0,0,nieaktywna,2209.67,0, , ,aktywna
,2211.01,1952,79.5,0.0,10111111,2211.31,0,0,0,nieaktywna,2210.66,0, , ,nieaktywna
,2211.96,1376,79.5,0.0,10101011,2212.27,0,0,0,aktywna,2211.64,0, , ,nieaktywna
,2213.00,1664,79.5,0.0,10101010,2213.38,0,0,0,aktywna,2212.64,0, , ,aktywna
,2214.10,2080,79.5,-1.2,10101000,2214.45,0,0,0,aktywna,2213.74,0, , ,aktywna
,2215.14,2464,79.5,-2.7,11101000,2215.49,0,0,0,aktywna,2214.78,0, , ,aktywna
,2216.19,2784,79.5,-1.2,11101000,2216.52,0,0,0,nieaktywna,2215.83,0, , ,aktywna
,2217.23,1536,79.5,0.0,11101010,2217.58,0,0,0,nieaktywna,2216.85,0, , ,nieaktywna
,2218.33,1856,79.5,0.0,11101010,2218.69,0,0,0,aktywna,2217.94,0, , ,aktywna
,2219.42,1920,79.5,4.3,11101010,2219.77,0,0,0,aktywna,2219.08,0, , ,aktywna
,2220.48,1984,79.5,9.4,11101000,2220.82,0,0,0,aktywna,2220.13,0, , ,aktywna
,2221.51,2048,79.5,12.9,11101000,2221.84,0,0,0,aktywna,2221.17,0, , ,aktywna
,2222.51,2112,79.5,14.5,11101000,2222.86,0,0,0,aktywna,2222.16,0, , ,aktywna
,2223.54,2176,79.5,11.3,11101001,2223.88,0,0,0,aktywna,2223.19,0, , ,aktywna
,2224.53,2240,79.5,11.7,11101001,2224.86,0,0,0,aktywna,2224.20,0, , ,aktywna
,2225.51,2304,79.5,9.0,11101001,2225.86,0,0,0,aktywna,2225.17,0, , ,aktywna
,2226.56,2336,79.5,8.6,11101001,2226.93,0,0,0,aktywna,2226.19,0, , ,aktywna
,2227.62,2368,79.5,6.3,11101001,2227.99,0,0,0,aktywna,2227.27,0, , ,aktywna
,2228.72,2400,79.5,4.7,11101001,2229.09,0,0,0,aktywna,2228.35,0, , ,aktywna
,2229.79,2432,79.5,4.7,11101001,2230.14,0,0,0,aktywna,2229.42,0, , ,aktywna
,2230.86,2496,79.5,4.3,11101001,2231.22,0,0,0,aktywna,2230.50,0, , ,aktywna
,2231.94,2560,79.5,4.3,11101001,2232.26,0,0,0,aktywna,2231.59,0, , ,aktywna
,2232.93,2592,79.5,1.2,11101001,2233.26,0,0,0,aktywna,2232.60,0, , ,aktywna
,2233.96,2656,79.5,2.0,11101001,2234.29,0,0,0,aktywna,2233.60,0, , ,aktywna
,2234.93,1952,79.5,0.0,11111111,2235.28,0,0,0,nieaktywna,2234.61,0, , ,nieaktywna
,2235.98,1952,79.5,0.0,11101011,2236.32,0,0,0,nieaktywna,2235.62,0, , ,nieaktywna
,2237.04,1888,79.5,-5.1,11101011,2237.42,0,0,0,aktywna,2236.68,0, , ,aktywna
,2238.15,1856,79.5,-8.2,11101011,2238.52,0,0,0,aktywna,2237.77,0, , ,aktywna
,2239.28,1856,79.5,-10.2,11101011,2239.65,0,0,0,aktywna,2238.91,0, , ,aktywna
,2240.40,1824,79.5,-9.8,11101011,2240.76,0,0,0,aktywna,2240.02,0, , ,aktywna
,2241.51,1792,79.5,-7.4,11101011,2241.91,0,0,0,aktywna,2241.13,0, , ,aktywna
,2242.64,1792,79.5,-3.1,11101011,2243.04,0,0,0,aktywna,2242.31,0, , ,aktywna
,2243.77,1760,79.5,1.2,11101011,2244.12,0,0,0,aktywna,2243.40,0, , ,aktywna
,2244.87,1760,79.5,2.7,11101011,2245.24,0,0,0,aktywna,2244.49,0, , ,aktywna
,2245.99,1824,79.5,7.0,11101011,2246.36,0,0,0,aktywna,2245.61,0, , ,aktywna
,2247.09,1824,79.5,0.0,11101011,2247.44,0,0,0,aktywna,2246.73,0, , ,aktywna
,2248.19,1824,79.5,-0.8,11101011,2248.56,0,0,0,aktywna,2247.80,0, , ,aktywna
,2249.30,1824,79.5,-0.4,11101011,2249.67,0,0,0,aktywna,2248.93,0, , ,aktywna
,2250.42,1856,79.5,2.3,11101011,2250.79,0,0,0,aktywna,2250.05,0, , ,aktywna
,2251.50,1856,79.5,8.6,11101011,2251.89,0,0,0,aktywna,2251.15,0, , ,aktywna
,2252.60,1888,79.5,8.6,11101011,2252.98,0,0,0,aktywna,2252.24,0, , ,aktywna
,2253.71,1920,79.5,7.0,11101011,2254.08,0,0,0,aktywna,2253.34,0, , ,aktywna
,2254.80,1952,79.5,5.1,11101011,2255.16,0,0,0,aktywna,2254.45,0, , ,aktywna
,2255.87,1952,79.5,5.5,11101011,2256.22,0,0,0,aktywna,2255.53,0, , ,aktywna
,2256.94,1984,79.5,6.3,11101001,2257.31,0,0,0,aktywna,2256.58,0, , ,aktywna
,2258.00,2016,79.5,5.1,11101001,2258.37,0,0,0,aktywna,2257.65,0, , ,aktywna
,2259.07,2048,79.5,5.5,11101001,2259.40,0,0,0,nieaktywna,2258.72,0, , ,aktywna
,2260.11,2080,79.5,5.1,11101001,2260.45,0,0,0,nieaktywna,2259.75,0, , ,nieaktywna
,2261.12,2080,79.5,5.9,11101001,2261.45,0,0,0,nieaktywna,2260.78,0, , ,nieaktywna
,2262.12,2112,79.5,5.9,11101001,2262.46,0,0,0,aktywna,2261.78,0, , ,aktywna
,2263.16,2112,79.5,4.7,11101001,2263.51,0,0,0,aktywna,2262.82,0, , ,aktywna
,2264.21,2144,79.5,2.7,11101001,2264.56,0,0,0,aktywna,2263.86,0, , ,aktywna
,2265.25,2144,79.5,0.4,11101001,2265.61,0,0,0,aktywna,2264.89,0, , ,aktywna
,2266.31,2144,79.5,-6.3,11101001,2266.66,0,0,0,aktywna,2265.96,0, , ,aktywna
,2267.34,2112,79.5,0.0,11101000,2267.67,0,0,0,nieaktywna,2267.00,0, , ,nieaktywna
,2268.36,2080,79.5,-1.2,11101001,2268.71,0,0,0,nieaktywna,2268.00,0, , ,nieaktywna
,2269.39,2080,79.5,1.2,11101001,2269.77,0,0,0,nieaktywna,2269.06,0, , ,nieaktywna
,2270.47,2016,79.5,1.2,11101001,2270.85,0,0,0,nieaktywna,2270.12,0, , ,nieaktywna
,2271.55,2016,79.5,4.7,11101001,2271.92,0,0,0,nieaktywna,2271.20,0, , ,nieaktywna
,2272.61,1984,79.5,1.6,11101000,2272.97,0,0,0,nieaktywna,2272.26,0, , ,nieaktywna
,2273.71,1952,79.5,-6.3,11101010,2274.07,0,0,0,aktywna,2273.33,0, , ,aktywna
,2274.80,1952,79.5,-9.4,11101010,2275.17,0,0,0,aktywna,2274.44,0, , ,aktywna
,2275.89,1952,79.5,-9.8,11101010,2276.27,0,0,0,aktywna,2275.52,0, , ,aktywna
,2277.01,1952,79.5,-7.4,11101010,2277.36,0,0,0,aktywna,2276.64,0, , ,aktywna
,2278.11,1920,79.5,-4.3,11101010,2278.48,0,0,0,aktywna,2277.74,0, , ,aktywna
,2279.20,1920,79.5,-3.5,11101010,2279.56,0,0,0,aktywna,2278.83,0, , ,aktywna
,2280.27,1920,79.5,-4.3,11101010,2280.64,0,0,0,aktywna,2279.92,0, , ,aktywna
,2281.36,1920,79.5,-2.7,11101010,2281.74,0,0,0,aktywna,2281.00,0, , ,aktywna
,2282.46,1920,79.5,-1.2,11101010,2282.84,0,0,0,aktywna,2282.10,0, , ,aktywna
,2283.55,1920,79.5,-1.6,11101010,2283.92,0,0,0,aktywna,2283.20,0, , ,aktywna
,2284.64,1888,79.5,-7.0,11101010,2285.02,0,0,0,aktywna,2284.28,0, , ,nieaktywna
,2285.79,1888,79.5,-2.3,11101010,2286.17,0,0,0,aktywna,2285.40,0, , ,aktywna
,2286.90,1888,79.5,1.6,11101010,2287.27,0,0,0,aktywna,2286.53,0, , ,aktywna
,2288.00,1920,79.5,10.2,11101010,2288.36,0,0,0,aktywna,2287.63,0, , ,aktywna
,2289.09,1952,79.5,14.8,11101010,2289.46,0,0,0,aktywna,2288.71,0, , ,aktywna
,2290.18,1984,79.5,15.2,11101000,2290.55,0,0,0,aktywna,2289.82,0, , ,aktywna
,2291.26,2016,79.5,0.0,11101000,2291.60,0,0,0,nieaktywna,2290.92,0, , ,aktywna
,2292.34,1984,79.5,6.3,11101000,2292.71,0,0,0,nieaktywna,2291.96,0, , ,nieaktywna
,2293.44,1984,79.5,0.0,11101010,2293.81,0,0,0,aktywna,2293.07,0, , ,nieaktywna
,2294.53,1952,79.5,-1.2,11101010,2294.88,0,0,0,aktywna,2294.16,0, , ,aktywna
,2295.61,1952,79.5,-2.7,11101010,2296.00,0,0,0,aktywna,2295.24,0, , ,aktywna
,2296.72,1984,78.0,2.7,11101010,2297.08,0,0,0,aktywna,2296.36,0, , ,aktywna
,2297.81,2016,79.5,8.6,11101000,2298.16,0,0,0,aktywna,2297.44,0, , ,aktywna
,2298.84,2048,79.5,11.7,11101000,2299.19,0,0,0,aktywna,2298.51,0, , ,aktywna
,2299.91,2080,78.0,12.1,11101000,2300.25,0,0,0,aktywna,2299.55,0, , ,aktywna
,2300.95,2112,79.5,0.0,11111100,2301.26,0,0,0,nieaktywna,2300.60,0, , ,aktywna
,2301.88,1056,78.0,0.0,11111110,2302.19,0,0,0,aktywna,2301.56,0, , ,nieaktywna
,2302.79,992,79.5,0.0,11111110,2303.06,0,0,0,nieaktywna,2302.52,0, , ,nieaktywna
,2303.68,928,79.5,0.0,11111110,2303.97,0,0,0,nieaktywna,2303.37,0, , ,nieaktywna
,2304.58,896,79.5,0.0,11111110,2304.91,0,0,0,aktywna,2304.27,0, , ,aktywna
,2305.53,896,79.5,0.8,11111110,2305.83,0,0,0,aktywna,2305.23,0, , ,aktywna
,2306.43,864,79.5,2.0,11111110,2306.74,0,0,0,aktywna,2306.14,0, , ,nieaktywna
,2307.39,896,79.5,2.3,11111110,2307.71,0,0,0,nieaktywna,2307.05,0, , ,aktywna
,2308.31,896,79.5,3.1,11111110,2308.62,0,0,0,aktywna,2308.03,0, , ,aktywna
,2309.25,896,79.5,2.7,11111110,2309.56,0,0,0,nieaktywna,2308.93,0, , ,aktywna
,2310.19,896,79.5,2.3,11111110,2310.50,0,0,0,aktywna,2309.87,0, , ,aktywna
,2311.08,896,79.5,2.3,11111110,2311.39,0,0,0,aktywna,2310.78,0, , ,aktywna
,2312.01,864,79.5,1.6,11111110,2312.30,0,0,0,nieaktywna,2311.69,0, , ,aktywna
,2312.90,896,79.5,2.0,11111110,2313.21,0,0,0,aktywna,2312.60,0, , ,aktywna
,2313.85,896,79.5,2.3,11111110,2314.16,0,0,0,aktywna,2313.53,0, , ,aktywna
,2314.79,896,79.5,2.3,11111110,2315.11,0,0,0,aktywna,2314.48,0, , ,aktywna
,2315.72,896,79.5,1.6,11111110,2316.04,0,0,0,aktywna,2315.42,0, , ,aktywna
,2316.71,960,79.5,1.6,10111111,2317.05,0,0,0,nieaktywna,2316.35,0, , ,aktywna
,2317.70,1728,79.5,3.5,10101011,2318.04,0,0,0,aktywna,2317.36,0, , ,nieaktywna
,2318.75,1664,79.5,4.7,10101011,2319.12,0,0,0,aktywna,2318.40,0, , ,aktywna
,2319.87,1696,79.5,5.9,10101011,2320.23,0,0,0,aktywna,2319.51,0, , ,aktywna
,2320.93,1856,79.5,0.0,10101011,2321.30,0,0,0,aktywna,2320.55,0, , ,aktywna
,2322.00,2144,79.5,-0.8,11101001,2322.35,0,0,0,aktywna,2321.66,0, , ,aktywna
,2323.04,2368,79.5,-1.2,11101001,2323.38,0,0,0,aktywna,2322.68,0, , ,aktywna
,2324.05,2688,79.5,-0.8,11101000,2324.40,0,0,0,aktywna,2323.71,0, , ,aktywna
,2325.07,1920,79.5,0.0,11111110,2325.37,0,0,0,nieaktywna,2324.73,0, , ,nieaktywna
,2326.08,1600,79.5,0.0,11101010,2326.47,0,0,0,nieaktywna,2325.69,0, , ,nieaktywna
,2327.24,1792,79.5,-2.3,11101010,2327.61,0,0,0,aktywna,2326.85,0, , ,aktywna
,2328.35,1888,78.0,0.0,11101010,2328.72,0,0,0,aktywna,2327.98,0, , ,aktywna
,2329.43,2016,78.0,2.0,11101000,2329.80,0,0,0,aktywna,2329.08,0, , ,aktywna
,2330.48,2112,79.5,3.5,11101000,2330.83,0,0,0,aktywna,2330.14,0, , ,aktywna
,2331.49,2176,78.0,0.0,11101000,2331.83,0,0,0,aktywna,2331.17,0, , ,aktywna
,2332.53,2176,78.0,-3.9,11101000,2332.88,0,0,0,aktywna,2332.18,0, , ,aktywna
,2333.55,2144,78.0,-4.7,11101000,2333.90,0,0,0,aktywna,2333.23,0, , ,aktywna
,2334.60,2144,78.0,-3.1,11101000,2334.94,0,0,0,nieaktywna,2334.25,0, , ,nieaktywna
,2335.64,2080,78.0,2.3,11101000,2335.99,0,0,0,nieaktywna,2335.30,0, , ,nieaktywna
,2336.72,2048,78.0,1.2,11101000,2337.07,0,0,0,nieaktywna,2336.35,0, , ,nieaktywna
,2337.82,1984,78.0,5.9,11101000,2338.18,0,0,0,nieaktywna,2337.44,0, , ,nieaktywna
,2338.91,1952,78.0,5.9,11101010,2339.28,0,0,0,nieaktywna,2338.55,0, , ,nieaktywna
,2339.96,1920,79.5,0.0,11111110,2340.29,0,0,0,nieaktywna,2339.64,0, , ,nieaktywna
,2340.91,1088,79.5,0.0,11111110,2341.23,0,0,0,aktywna,2340.58,0, , ,nieaktywna
,2341.85,1024,79.5,0.0,11111110,2342.16,0,0,0,nieaktywna,2341.55,0, , ,nieaktywna
,2342.77,864,79.5,0.0,11111110,2343.07,0,0,0,aktywna,2342.46,0, , ,nieaktywna
,2343.67,896,79.5,-0.8,11111110,2343.99,0,0,0,aktywna,2343.36,0, , ,aktywna
,2344.59,896,79.5,-0.8,11111110,2344.87,0,0,0,aktywna,2344.28,0, , ,aktywna
,2345.47,1248,79.5,-0.4,11111110,2345.90,0,0,0,nieaktywna,2345.18,0, , ,aktywna
,2346.61,1536,79.5,2.7,11101010,2346.92,0,0,0,aktywna,2346.30,0, , ,aktywna
,2347.64,1632,79.5,2.0,11101010,2347.98,0,0,0,nieaktywna,2347.28,0, , ,aktywna
,2348.72,1856,79.5,7.0,11101011,2349.10,0,0,0,nieaktywna,2348.35,0, , ,nieaktywna
,2349.78,2112,79.5,0.0,11101001,2350.13,0,0,0,nieaktywna,2349.45,0, , ,nieaktywna
,2350.82,2368,79.5,0.0,11101001,2351.15,0,0,0,aktywna,2350.47,0, , ,aktywna
,2351.83,2624,79.5,3.9,11101001,2352.18,0,0,0,aktywna,2351.49,0, , ,aktywna
,2352.85,2688,79.5,0.0,11111101,2353.19,0,0,0,nieaktywna,2352.51,0, , ,aktywna
,2353.96,1600,79.5,0.0,11101011,2354.31,0,0,0,nieaktywna,2353.57,0, , ,nieaktywna
,2355.04,1888,79.5,0.0,11101011,2355.39,0,0,0,aktywna,2354.67,0, , ,nieaktywna
,2356.12,1888,79.5,-3.5,11101011,2356.50,0,0,0,aktywna,2355.76,0, , ,aktywna
,2357.21,1856,79.5,-3.1,11101011,2357.57,0,0,0,nieaktywna,2356.86,0, , ,aktywna
,2358.29,1856,79.5,-5.5,11101011,2358.65,0,0,0,aktywna,2357.92,0, , ,nieaktywna
,2359.40,1888,79.5,-2.3,11101011,2359.77,0,0,0,aktywna,2359.02,0, , ,aktywna
,2360.50,1920,79.5,3.1,11101010,2360.86,0,0,0,aktywna,2360.13,0, , ,aktywna
,2361.59,1984,79.5,9.0,11101001,2361.93,0,0,0,aktywna,2361.22,0, , ,aktywna
,2362.65,2080,79.5,12.9,11101001,2362.99,0,0,0,aktywna,2362.29,0, , ,aktywna
,2363.67,2144,79.5,12.5,11101001,2364.01,0,0,0,aktywna,2363.34,0, , ,aktywna
,2364.68,2240,79.5,8.2,11101001,2365.01,0,0,0,aktywna,2364.35,0, , ,aktywna
,2365.68,2336,79.5,0.4,11101001,2366.04,0,0,0,aktywna,2365.35,0, , ,aktywna
,2366.73,2400,79.5,0.0,11111100,2367.06,0,0,0,nieaktywna,2366.40,0, , ,aktywna
,2367.65,1152,79.5,0.0,11101011,2368.02,0,0,0,aktywna,2367.34,0, , ,nieaktywna
,2368.72,1760,79.5,0.0,11101011,2369.10,0,0,0,aktywna,2368.38,0, , ,aktywna
,2369.80,1792,79.5,0.0,11101011,2370.17,0,0,0,aktywna,2369.44,0, , ,aktywna
,2370.90,1824,79.5,2.3,11101011,2371.27,0,0,0,aktywna,2370.53,0, , ,aktywna
,2371.99,1856,79.5,5.5,11101011,2372.36,0,0,0,aktywna,2371.64,0, , ,aktywna
,2373.10,1856,79.5,4.3,11101011,2373.48,0,0,0,aktywna,2372.73,0, , ,aktywna
,2374.23,1856,79.5,2.7,11101011,2374.60,0,0,0,aktywna,2373.85,0, , ,aktywna
,2375.34,1856,79.5,2.7,11101011,2375.71,0,0,0,aktywna,2374.98,0, , ,aktywna
,2376.44,1888,79.5,2.0,11101011,2376.82,0,0,0,aktywna,2376.07,0, , ,aktywna
,2377.54,1888,79.5,1.6,11101011,2377.91,0,0,0,aktywna,2377.20,0, , ,aktywna
,2378.64,1888,79.5,2.3,11101011,2379.01,0,0,0,aktywna,2378.28,0, , ,aktywna
,2379.74,1888,79.5,2.7,11101011,2380.09,0,0,0,aktywna,2379.38,0, , ,aktywna
,2380.82,1920,79.5,2.3,11101011,2381.18,0,0,0,aktywna,2380.45,0, , ,aktywna
,2381.92,1920,79.5,4.7,11101011,2382.28,0,0,0,aktywna,2381.55,0, , ,aktywna
,2382.99,1920,79.5,5.1,11101011,2383.37,0,0,0,aktywna,2382.64,0, , ,aktywna
,2384.11,1952,81.0,5.1,11101011,2384.49,0,0,0,aktywna,2383.74,0, , ,aktywna
,2385.21,1952,79.5,4.7,11101011,2385.58,0,0,0,aktywna,2384.85,0, , ,aktywna
,2386.30,1984,79.5,3.1,11101011,2386.66,0,0,0,aktywna,2385.96,0, , ,aktywna
,2387.39,1984,79.5,0.8,11101001,2387.73,0,0,0,aktywna,2387.03,0, , ,aktywna
,2388.44,1984,79.5,-6.3,11101001,2388.79,0,0,0,nieaktywna,2388.08,0, , ,aktywna
,2389.48,1920,79.5,-4.3,11111111,2389.80,0,0,0,nieaktywna,2389.14,0, , ,nieaktywna
,2390.49,1888,79.5,0.0,11111111,2390.84,0,0,0,nieaktywna,2390.16,0, , ,nieaktywna
,2391.50,1312,79.5,0.0,11111111,2391.85,0,0,0,nieaktywna,2391.20,0, , ,nieaktywna
,2392.48,1088,79.5,0.0,11111111,2392.81,0,0,0,nieaktywna,2392.16,0, , ,aktywna
,2393.46,960,79.5,0.0,11111111,2393.78,0,0,0,nieaktywna,2393.16,0, , ,nieaktywna
,2394.41,896,79.5,-0.8,11111111,2394.72,0,0,0,aktywna,2394.08,0, , ,aktywna
,2395.36,896,79.5,-0.4,11111111,2395.66,0,0,0,aktywna,2395.04,0, , ,aktywna
,2396.28,896,79.5,0.8,11111111,2396.58,0,0,0,aktywna,2395.96,0, , ,aktywna
,2397.25,896,81.0,1.6,11111111,2397.56,0,0,0,aktywna,2396.91,0, , ,aktywna
,2398.16,896,79.5,1.6,11111111,2398.48,0,0,0,aktywna,2397.86,0, , ,aktywna
,2399.08,864,79.5,0.8,11111111,2399.37,0,0,0,aktywna,2398.78,0, , ,aktywna
,2399.97,864,81.0,-1.2,11111111,2400.28,0,0,0,aktywna,2399.67,0, , ,aktywna
,2400.97,1376,81.0,0.4,11101011,2401.30,0,0,0,aktywna,2400.63,0, , ,aktywna
,2401.97,1376,79.5,3.9,11101011,2402.30,0,0,0,aktywna,2401.65,0, , ,aktywna
,2403.06,1504,81.0,0.0,11111111,2403.40,0,0,0,aktywna,2402.75,0, , ,aktywna
,2404.11,1536,81.0,-0.8,11111111,2404.46,0,0,0,nieaktywna,2403.75,0, , ,aktywna
,2405.18,1504,81.0,-5.1,11101011,2405.58,0,0,0,aktywna,2404.81,0, , ,aktywna
,2406.31,1504,81.0,-3.1,11101011,2406.65,0,0,0,aktywna,2405.95,0, , ,aktywna
,2407.38,1568,81.0,-3.9,11101011,2407.76,0,0,0,aktywna,2407.03,0, , ,aktywna
,2408.44,1568,81.0,-3.5,11101011,2408.79,0,0,0,aktywna,2408.10,0, , ,aktywna
,2409.51,1824,81.0,0.0,11101011,2409.87,0,0,0,aktywna,2409.17,0, , ,aktywna
,2410.59,2016,79.5,0.8,11101001,2410.93,0,0,0,aktywna,2410.23,0, , ,aktywna
,2411.60,2240,79.5,2.0,11101001,2411.94,0,0,0,aktywna,2411.26,0, , ,aktywna
,2412.60,2432,79.5,-1.6,11101001,2412.96,0,0,0,aktywna,2412.26,0, , ,aktywna
,2413.65,2624,79.5,2.3,11101001,2413.96,0,0,0,aktywna,2413.31,0, , ,aktywna
,2414.61,2688,81.0,0.0,11111101,2414.94,0,0,0,nieaktywna,2414.28,0, , ,aktywna
,2415.62,1216,79.5,0.0,11111111,2415.94,0,0,0,nieaktywna,2415.30,0, , ,nieaktywna
,2416.63,1856,79.5,0.0,11101011,2416.95,0,0,0,aktywna,2416.28,0, , ,nieaktywna
,2417.67,1760,79.5,-2.7,11101011,2418.01,0,0,0,aktywna,2417.32,0, , ,aktywna
,2418.71,1792,79.5,-2.3,11101010,2419.03,0,0,0,aktywna,2418.38,0, , ,aktywna
,2419.80,1792,79.5,-2.7,11101010,2420.17,0,0,0,aktywna,2419.43,0, , ,aktywna
,2420.89,1824,79.5,-3.5,11101010,2421.22,0,0,0,aktywna,2420.53,0, , ,aktywna
,2421.96,1824,79.5,-3.5,11101011,2422.32,0,0,0,aktywna,2421.58,0, , ,aktywna
,2423.08,1824,79.5,-3.5,11101011,2423.46,0,0,0,aktywna,2422.71,0, , ,aktywna
,2424.21,1888,79.5,3.1,11101011,2424.57,0,0,0,aktywna,2423.83,0, , ,aktywna
,2425.28,1920,79.5,4.3,11101011,2425.64,0,0,0,aktywna,2424.92,0, , ,aktywna
,2426.35,1920,79.5,-2.3,11101011,2426.72,0,0,0,aktywna,2426.00,0, , ,aktywna
,2427.47,1920,79.5,-6.6,11101011,2427.85,0,0,0,aktywna,2427.10,0, , ,aktywna
,2428.60,1952,79.5,0.8,11101011,2428.96,0,0,0,aktywna,2428.22,0, , ,aktywna
,2429.66,2016,79.5,0.0,11101001,2430.01,0,0,0,aktywna,2429.31,0, , ,aktywna
,2430.70,2112,79.5,3.5,11101001,2431.04,0,0,0,nieaktywna,2430.35,0, , ,nieaktywna
,2431.72,2208,79.5,2.7,11101001,2432.05,0,0,0,aktywna,2431.38,0, , ,aktywna
,2432.73,2272,79.5,2.7,11101001,2433.06,0,0,0,aktywna,2432.38,0, , ,aktywna
,2433.74,2368,79.5,0.0,11101001,2434.13,0,0,0,aktywna,2433.41,0, , ,aktywna
,2434.83,2464,79.5,4.3,11101001,2435.20,0,0,0,aktywna,2434.49,0, , ,aktywna
,2435.88,2400,79.5,-2.3,11111101,2436.24,0,0,0,nieaktywna,2435.54,0, , ,aktywna
,2436.89,2400,79.5,0.0,11111101,2437.22,0,0,0,nieaktywna,2436.57,0, , ,nieaktywna
,2437.85,2336,79.5,0.0,11111101,2438.18,0,0,0,nieaktywna,2437.53,0, , ,nieaktywna
,2438.84,2272,79.5,0.0,11111101,2439.17,0,0,0,nieaktywna,2438.51,0, , ,nieaktywna
,2439.83,2176,79.5,0.0,11101001,2440.16,0,0,0,nieaktywna,2439.50,0, , ,nieaktywna
,2440.84,2208,79.5,0.0,11101001,2441.16,0,0,0,aktywna,2440.50,0, , ,nieaktywna
,2441.82,2176,79.5,-5.1,11101001,2442.16,0,0,0,aktywna,2441.49,0, , ,aktywna
,2442.85,2176,79.5,-5.5,11101001,2443.19,0,0,0,aktywna,2442.49,0, , ,aktywna
,2443.87,2208,79.5,-5.9,11101001,2444.21,0,0,0,aktywna,2443.53,0, , ,aktywna
,2444.90,2208,79.5,-5.9,11101001,2445.25,0,0,0,aktywna,2444.56,0, , ,aktywna
,2445.93,2208,79.5,-3.9,11101001,2446.27,0,0,0,aktywna,2445.60,0, , ,aktywna
,2446.95,2208,79.5,-0.8,11101001,2447.30,0,0,0,aktywna,2446.61,0, , ,aktywna
,2447.95,2240,79.5,3.1,11101001,2448.28,0,0,0,aktywna,2447.64,0, , ,aktywna
,2448.94,2240,81.0,3.5,11101001,2449.28,0,0,0,aktywna,2448.60,0, , ,aktywna
,2449.96,2240,81.0,4.3,11101001,2450.29,0,0,0,aktywna,2449.62,0, , ,aktywna
,2450.95,2304,79.5,3.9,11101001,2451.30,0,0,0,nieaktywna,2450.62,0, , ,aktywna
,2451.94,1024,79.5,0.0,11111111,2452.28,0,0,0,nieaktywna,2451.63,0, , ,nieaktywna
,2452.91,1024,79.5,0.0,11111111,2453.18,0,0,0,nieaktywna,2452.57,0, , ,aktywna
,2453.78,960,81.0,0.0,11111111,2454.06,0,0,0,nieaktywna,2453.48,0, , ,nieaktywna
,2454.67,896,81.0,0.0,11111111,2454.97,0,0,0,aktywna,2454.37,0, , ,aktywna
,2455.56,896,79.5,1.6,11111111,2455.87,0,0,0,aktywna,2455.26,0, , ,aktywna
,2456.51,896,79.5,2.3,11111111,2456.83,0,0,0,aktywna,2456.19,0, , ,aktywna
,2457.48,896,81.0,2.0,11111111,2457.78,0,0,0,aktywna,2457.16,0, , ,aktywna
,2458.38,896,79.5,2.0,11111111,2458.68,0,0,0,aktywna,2458.07,0, , ,aktywna
,2459.25,864,81.0,1.6,11111111,2459.53,0,0,0,aktywna,2458.96,0, , ,aktywna
,2460.16,864,81.0,2.0,11111111,2460.47,0,0,0,aktywna,2459.83,0, , ,aktywna
,2461.09,896,81.0,2.7,11111111,2461.39,0,0,0,aktywna,2460.78,0, , ,aktywna
,2462.07,1056,81.0,2.7,11111111,2462.40,0,0,0,nieaktywna,2461.73,0, , ,aktywna
,2463.07,1952,81.0,0.0,11111111,2463.41,0,0,0,nieaktywna,2462.73,0, , ,nieaktywna
,2464.11,1856,81.0,0.0,11101011,2464.44,0,0,0,nieaktywna,2463.75,0, , ,nieaktywna
,2465.17,1824,81.0,0.0,11101011,2465.49,0,0,0,aktywna,2464.80,0, , ,nieaktywna
,2466.20,1824,81.0,-2.3,11101011,2466.57,0,0,0,aktywna,2465.85,0, , ,aktywna
,2467.29,1920,81.0,0.0,11101011,2467.64,0,0,0,aktywna,2466.92,0, , ,aktywna
,2468.34,2144,81.0,2.3,11101001,2468.68,0,0,0,aktywna,2468.00,0, , ,aktywna
,2469.39,2336,81.0,3.9,11101001,2469.76,0,0,0,aktywna,2469.03,0, , ,aktywna
,2470.41,2464,81.0,0.0,11111101,2470.80,0,0,0,nieaktywna,2470.09,0, , ,aktywna
,2471.46,1024,81.0,0.0,11111111,2471.77,0,0,0,aktywna,2471.13,0, , ,nieaktywna
,2472.44,928,81.0,0.0,11111111,2472.75,0,0,0,aktywna,2472.12,0, , ,nieaktywna
,2473.33,960,79.5,0.0,11111111,2473.64,0,0,0,aktywna,2473.04,0, , ,aktywna
,2474.24,896,79.5,-1.6,11111111,2474.55,0,0,0,aktywna,2473.95,0, , ,aktywna
,2475.16,864,79.5,-0.8,11111111,2475.49,0,0,0,aktywna,2474.86,0, , ,aktywna
,2476.11,896,79.5,0.0,11111111,2476.42,0,0,0,aktywna,2475.80,0, , ,aktywna
,2477.05,896,79.5,1.6,11111111,2477.35,0,0,0,aktywna,2476.73,0, , ,aktywna
,2477.98,896,79.5,2.0,11111111,2478.29,0,0,0,nieaktywna,2477.67,0, , ,aktywna
,2478.87,896,79.5,2.7,11111111,2479.17,0,0,0,nieaktywna,2478.57,0, , ,nieaktywna
,2479.77,896,79.5,2.3,11111111,2480.05,0,0,0,nieaktywna,2479.47,0, , ,nieaktywna
,2480.65,896,79.5,0.8,11111111,2480.95,0,0,0,nieaktywna,2480.34,0, , ,nieaktywna
,2481.53,736,79.5,0.0,11111111,2481.82,0,0,0,aktywna,2481.22,0, , ,aktywna
,2482.43,768,79.5,-0.4,11111111,2482.73,0,0,0,aktywna,2482.13,0, , ,aktywna
,2483.33,768,79.5,0.0,11111111,2483.64,0,0,0,aktywna,2483.03,0, , ,aktywna
,2484.23,768,79.5,0.8,10111111,2484.53,0,0,0,aktywna,2483.93,0, , ,aktywna
,2485.13,768,79.5,1.6,10111111,2485.43,0,0,0,aktywna,2484.83,0, , ,aktywna
,2486.02,768,79.5,1.6,10111111,2486.32,0,0,0,aktywna,2485.73,0, , ,aktywna
,2486.92,768,81.0,1.2,10111111,2487.22,0,0,0,aktywna,2486.62,0, , ,aktywna
,2487.81,768,81.0,1.2,10111111,2488.11,0,0,0,aktywna,2487.53,0, , ,aktywna
,2488.76,832,81.0,0.0,10101011,2489.10,0,0,0,aktywna,2488.41,0, , ,aktywna
,2489.74,1056,81.0,0.0,10101011,2490.07,0,0,0,aktywna,2489.44,0, , ,aktywna
,2490.71,1248,81.0,0.0,10101011,2491.12,0,0,0,nieaktywna,2490.39,0, , ,aktywna
,2491.85,2080,81.0,0.0,10111101,2492.22,0,0,0,nieaktywna,2491.49,0, , ,nieaktywna
,2492.83,1184,81.0,0.0,10111111,2493.14,0,0,0,aktywna,2492.52,0, , ,nieaktywna
,2493.78,1312,81.0,0.0,10101011,2494.14,0,0,0,aktywna,2493.44,0, , ,nieaktywna
,2494.83,1344,81.0,-3.9,10101011,2495.18,0,0,0,aktywna,2494.48,0, , ,aktywna
,2495.87,1376,81.0,-3.1,10111111,2496.22,0,0,0,aktywna,2495.52,0, , ,aktywna
,2496.90,1376,81.0,-4.3,10111111,2497.23,0,0,0,aktywna,2496.57,0, , ,aktywna
,2497.88,1312,81.0,-3.5,10111111,2498.23,0,0,0,nieaktywna,2497.55,0, , ,aktywna
,2498.89,1216,81.0,0.0,10111111,2499.22,0,0,0,nieaktywna,2498.55,0, , ,nieaktywna
,2499.87,1120,81.0,0.8,10111111,2500.17,0,0,0,aktywna,2499.56,0, , ,aktywna
,2500.77,1056,81.0,1.2,10101011,2501.09,0,0,0,aktywna,2500.48,0, , ,aktywna
,2501.77,1088,81.0,1.2,10101011,2502.09,0,0,0,aktywna,2501.41,0, , ,aktywna
,2502.71,1056,81.0,0.0,10101011,2503.04,0,0,0,aktywna,2502.40,0, , ,aktywna
,2503.68,1056,81.0,3.5,10101011,2504.00,0,0,0,aktywna,2503.37,0, , ,aktywna
,2504.67,1312,81.0,0.0,10111111,2505.11,0,0,0,aktywna,2504.32,0, , ,aktywna
,2505.76,1504,81.0,-0.8,10111111,2506.11,0,0,0,aktywna,2505.37,0, , ,aktywna
,2506.70,960,81.0,-2.3,10111111,2507.01,0,0,0,aktywna,2506.40,0, , ,nieaktywna
,2507.61,832,81.0,-3.1,10111111,2507.92,0,0,0,aktywna,2507.31,0, , ,aktywna
,2508.57,1184,81.0,0.0,10101011,2508.94,0,0,0,aktywna,2508.21,0, , ,aktywna
,2509.59,1184,81.0,0.0,10101011,2509.90,0,0,0,nieaktywna,2509.26,0, , ,nieaktywna
,2510.55,1760,81.0,0.0,10101011,2510.90,0,0,0,nieaktywna,2510.18,0, , ,nieaktywna
,2511.60,1312,81.0,0.0,10101011,2511.95,0,0,0,nieaktywna,2511.30,0, , ,nieaktywna
,2512.64,1312,81.0,0.0,10101011,2512.98,0,0,0,aktywna,2512.28,0, , ,aktywna
,2513.68,1408,81.0,4.3,10101011,2514.05,0,0,0,aktywna,2513.34,0, , ,aktywna
,2514.76,1440,81.0,-1.2,10111111,2515.11,0,0,0,aktywna,2514.40,0, , ,aktywna
,2515.79,1440,81.0,-2.7,10101011,2516.17,0,0,0,aktywna,2515.46,0, , ,aktywna
,2516.85,1472,81.0,-4.3,10101011,2517.32,0,0,0,aktywna,2516.57,0, , ,aktywna
,2518.00,1568,81.0,-5.9,10111111,2518.34,0,0,0,nieaktywna,2517.62,0, , ,aktywna
,2518.99,1056,81.0,0.0,10111111,2519.30,0,0,0,aktywna,2518.66,0, , ,nieaktywna
,2519.88,960,81.0,0.0,10111111,2520.18,0,0,0,aktywna,2519.59,0, , ,nieaktywna
,2520.81,896,81.0,0.0,10111111,2521.13,0,0,0,aktywna,2520.50,0, , ,aktywna
,2521.74,864,81.0,-1.6,10111111,2522.04,0,0,0,nieaktywna,2521.44,0, , ,nieaktywna
,2522.65,896,81.0,-1.2,10111111,2522.97,0,0,0,nieaktywna,2522.35,0, , ,nieaktywna
,2523.59,896,81.0,-0.8,10111111,2523.91,0,0,0,nieaktywna,2523.28,0, , ,nieaktywna
,2524.53,896,81.0,-0.8,10111111,2524.85,0,0,0,aktywna,2524.21,0, , ,nieaktywna
,2525.48,896,81.0,-1.6,10111111,2525.78,0,0,0,aktywna,2525.17,0, , ,aktywna
,2526.44,1280,81.0,0.8,10101011,2526.79,0,0,0,nieaktywna,2526.08,0, , ,aktywna
,2527.42,1056,81.0,0.0,10101011,2527.73,0,0,0,aktywna,2527.10,0, , ,nieaktywna
,2528.43,1184,81.0,0.0,10101011,2528.76,0,0,0,aktywna,2528.08,0, , ,aktywna
,2529.46,1408,81.0,0.0,10111111,2529.80,0,0,0,aktywna,2529.09,0, , ,aktywna
,2530.49,1216,81.0,-1.2,10111111,2530.78,0,0,0,nieaktywna,2530.16,0, , ,aktywna
,2531.36,736,82.5,-2.3,10111111,2531.65,0,0,0,nieaktywna,2531.07,0, , ,nieaktywna
,2532.25,800,82.5,-5.9,10111111,2532.53,0,0,0,nieaktywna,2531.94,0, , ,nieaktywna
,2533.11,768,82.5,-5.5,10111111,2533.41,0,0,0,nieaktywna,2532.81,0, , ,nieaktywna
,2534.03,800,82.5,-3.5,10111111,2534.32,0,0,0,nieaktywna,2533.73,0, , ,nieaktywna
,2534.90,768,82.5,-2.7,10111111,2535.21,0,0,0,aktywna,2534.61,0, , ,nieaktywna
,2535.85,960,82.5,2.0,10101011,2536.18,0,0,0,aktywna,2535.52,0, , ,aktywna
,2536.81,1152,82.5,0.0,10111111,2537.13,0,0,0,nieaktywna,2536.50,0, , ,aktywna
,2537.73,960,82.5,-1.2,10111111,2538.02,0,0,0,nieaktywna,2537.43,0, , ,nieaktywna
,2538.65,736,82.5,-2.3,10111111,2538.96,0,0,0,aktywna,2538.34,0, , ,aktywna
,2539.58,768,82.5,-3.1,10111111,2539.87,0,0,0,aktywna,2539.28,0, , ,aktywna
,2540.47,800,82.5,-2.3,10111111,2540.77,0,0,0,aktywna,2540.17,0, , ,aktywna
,2541.40,800,82.5,-1.6,10111111,2541.70,0,0,0,aktywna,2541.10,0, , ,aktywna
,2542.29,800,82.5,-1.6,10111111,2542.60,0,0,0,aktywna,2542.00,0, , ,aktywna
,2543.22,800,82.5,-0.4,10111111,2543.52,0,0,0,aktywna,2542.90,0, , ,aktywna
,2544.11,800,82.5,0.0,10111111,2544.40,0,0,0,aktywna,2543.81,0, , ,aktywna
,2545.01,800,82.5,-1.6,10111111,2545.33,0,0,0,aktywna,2544.70,0, , ,aktywna
,2545.93,800,82.5,-2.3,10111111,2546.24,0,0,0,aktywna,2545.64,0, , ,aktywna
,2546.88,800,82.5,0.8,10111111,2547.19,0,0,0,aktywna,2546.57,0, , ,aktywna
,2547.78,768,82.5,1.6,10111111,2548.08,0,0,0,aktywna,2547.48,0, , ,aktywna
,2548.70,800,82.5,-5.1,10111111,2548.98,0,0,0,aktywna,2548.38,0, , ,aktywna
,2549.58,800,82.5,-6.6,10111111,2549.87,0,0,0,aktywna,2549.28,0, , ,aktywna
,2550.47,800,82.5,-5.1,10111111,2550.77,0,0,0,aktywna,2550.16,0, , ,aktywna
,2551.37,800,82.5,-3.1,10111111,2551.68,0,0,0,aktywna,2551.08,0, , ,aktywna
,2552.28,800,82.5,-2.3,10111111,2552.57,0,0,0,aktywna,2551.98,0, , ,aktywna
,2553.17,800,82.5,-2.0,10111111,2553.46,0,0,0,aktywna,2552.88,0, , ,aktywna
,2554.06,800,82.5,-1.6,10111111,2554.36,0,0,0,aktywna,2553.76,0, , ,aktywna
,2554.96,800,82.5,-1.6,10111111,2555.26,0,0,0,aktywna,2554.65,0, , ,aktywna
,2555.86,800,82.5,-1.6,10111111,2556.15,0,0,0,aktywna,2555.58,0, , ,aktywna
,2556.75,800,82.5,-1.6,10111111,2557.05,0,0,0,aktywna,2556.45,0, , ,aktywna
,2557.68,800,82.5,-1.6,10111111,2557.98,0,0,0,aktywna,2557.37,0, , ,nieaktywna
,2558.60,800,82.5,-1.6,10111111,2558.92,0,0,0,aktywna,2558.29,0, , ,aktywna
