Czwartek,06,Sierpień,2026,13:44:47:00009-VCID:1C3761778CABCE7337-5178,Wersja VCDS: AKP 23.3.1,Wersja danych: 20230601 DS346.2
047 906 033 L,,1.4l SIMOS3PA   00HS5401,

,Grupa A:,'001,,,,Grupa B:,'002,,,,Grupa C:,'033
,,Obroty silnika,Temperatura,Lambda,Bity binarnie,,Obroty silnika,Obciążenie,Czas wtrysku,Ciśnienie rzecz.,,Lambda,Napięcie, , 
,CZAS,,,,,CZAS,,,,,CZAS,,,,
Znacznik,ZAPISU, /min,*C, %,,ZAPISU, /min, %, ms, mbar,ZAPISU, %, V,,
,0.54,0,36.0,0.0,10110110,0.01,0,0.0,0.00,989.4,0.27,0.0,1.48, , 
,1.34,0,36.0,0.0,10110110,0.80,0,0.0,0.00,989.4,1.06,0.0,1.48, , 
,2.16,0,36.0,0.0,10110110,1.62,0,0.0,0.00,989.4,1.90,0.0,1.48, , 
,2.96,0,36.0,0.0,10110110,2.42,0,0.0,0.00,989.4,2.69,0.0,1.48, , 
,3.75,0,36.0,0.0,10100010,3.22,0,0.0,0.00,989.4,3.49,0.0,1.48, , 
,4.59,192,36.0,0.0,10100010,4.03,224,94.5,48.41,989.4,4.31,0.0,1.48, , 
,5.41,192,36.0,0.0,10110110,4.86,192,100.0,46.35,989.4,5.14,0.0,1.48, , 
,7.42,0,36.0,0.0,10110110,5.68,192,98.8,41.20,989.4,5.94,0.0,1.48, , 
,8.22,0,36.0,0.0,10110110,7.69,0,0.0,41.20,989.4,7.96,0.0,1.48, , 
,9.05,256,36.0,0.0,10100010,8.50,0,0.0,41.20,989.4,8.78,0.0,1.48, , 
,9.96,1024,36.0,0.0,10110110,9.35,864,73.7,21.63,846.6,9.64,0.0,1.48, , 
,10.91,928,36.0,0.0,10110110,10.29,992,47.1,9.27,571.2,10.60,0.0,1.48, , 
,11.84,960,36.0,0.0,10110110,11.22,960,45.9,8.24,550.8,11.53,0.0,1.48, , 
,12.80,928,36.0,0.0,10110110,12.17,960,45.9,8.24,550.8,12.49,0.0,1.48, , 
,13.71,896,36.0,0.0,10110110,13.11,928,47.1,8.24,550.8,13.41,0.0,1.48, , 
,14.62,928,36.0,0.0,10110110,14.02,896,47.1,8.24,550.8,14.32,0.0,1.48, , 
,15.54,896,36.0,0.0,10110110,14.93,928,45.9,7.21,550.8,15.24,0.0,1.48, , 
,16.44,896,36.0,0.0,10110110,15.85,896,44.3,7.21,520.2,16.15,0.0,1.48, , 
,17.37,896,36.0,0.0,10110110,16.74,896,44.3,7.21,520.2,17.06,0.0,1.48, , 
,18.31,896,36.0,0.0,10110110,17.68,896,44.3,7.21,520.2,17.99,0.0,1.48, , 
,19.25,896,36.0,0.0,10110110,18.63,896,42.7,6.18,520.2,18.93,0.0,1.48, , 
,20.22,1248,36.0,0.0,10100010,19.55,896,42.7,6.18,499.8,19.86,0.0,1.48, , 
,21.34,1792,36.0,0.0,10100010,20.60,1664,42.7,6.18,479.4,20.96,0.0,1.48, , 
,22.45,1600,36.0,0.0,10100010,21.70,1824,31.0,4.12,377.4,22.10,0.0,1.48, , 
,23.47,1312,36.0,0.0,10100010,22.77,1504,35.3,5.15,418.2,23.13,0.0,1.48, , 
,24.49,1728,36.0,0.0,10100010,23.80,1376,41.2,6.18,479.4,24.14,0.0,1.48, , 
,25.52,1632,36.0,0.0,10100010,24.85,1792,32.5,4.12,397.8,25.19,0.0,1.48, , 
,26.54,1152,36.0,0.0,10100010,25.89,1504,32.5,4.12,397.8,26.22,0.0,1.48, , 
,27.45,1024,36.0,0.0,10100010,26.85,960,40.0,5.15,479.4,27.12,0.0,1.48, , 
,28.45,1376,36.0,0.0,10100010,27.76,1088,60.4,17.51,652.8,28.11,0.0,1.48, , 
,29.55,1632,36.0,0.0,10100010,28.84,1536,36.9,4.12,438.6,29.19,0.0,1.48, , 
,30.64,1632,36.0,0.0,10100010,29.92,1632,28.2,3.09,357.0,30.28,0.0,1.48, , 
,31.71,1568,36.0,0.0,10110110,31.01,1600,28.2,3.09,357.0,31.34,0.0,1.48, , 
,32.84,1504,36.0,0.0,10100010,32.05,1536,28.2,3.09,357.0,32.47,0.0,1.48, , 
,33.88,1472,36.0,0.0,10100010,33.23,1472,28.2,4.12,357.0,33.61,0.0,1.48, , 
,35.02,1600,36.0,0.0,10100010,34.29,1504,36.9,5.15,438.6,34.67,0.0,1.60, , 
,36.11,1760,36.0,0.0,10100010,35.40,1632,38.4,5.15,438.6,35.75,0.0,1.68, , 
,37.22,1792,36.0,0.0,10100010,36.50,1792,31.0,4.12,377.4,36.87,0.0,1.60, , 
,38.29,1728,37.5,2.0,10111110,37.58,1760,26.7,3.09,336.6,37.94,0.0,1.45, , 
,39.33,1664,37.5,8.2,10101010,38.65,1664,26.7,3.09,357.0,39.01,5.1,1.56, , 
,40.45,1792,37.5,14.1,10101010,39.70,1600,32.5,4.12,397.8,40.08,12.5,1.60, , 
,41.58,1824,37.5,9.4,10111110,40.84,1888,35.3,5.15,418.2,41.21,14.1,1.33, , 
,42.63,1728,37.5,5.1,10111110,41.93,1888,23.5,3.09,316.2,42.30,4.3,1.13, , 
,43.82,1504,37.5,8.6,10101010,43.00,1632,26.7,3.09,336.6,43.37,7.8,1.48, , 
,44.79,1504,37.5,11.3,10111110,44.13,1536,31.0,4.12,377.4,44.46,11.3,1.52, , 
,45.88,1536,37.5,11.3,10111110,45.17,1536,28.2,4.12,357.0,45.53,10.5,1.41, , 
,46.86,1472,37.5,10.9,10111110,46.21,1504,28.2,4.12,357.0,46.60,11.3,1.41, , 
,47.86,1248,37.5,8.2,10111110,47.20,1376,29.4,4.12,377.4,47.54,9.0,1.33, , 
,48.85,1152,39.0,8.6,10101010,48.20,1184,29.4,4.12,377.4,48.52,7.0,1.33, , 
,49.83,1312,39.0,10.2,10101010,49.17,1088,36.9,6.18,438.6,49.51,10.5,1.52, , 
,50.88,1536,39.0,13.3,10101010,50.16,1344,41.2,6.18,499.8,50.53,12.1,1.52, , 
,51.98,1824,39.0,15.6,10101010,51.23,1632,42.7,7.21,499.8,51.59,16.4,1.48, , 
,53.11,1952,39.0,6.3,10101010,52.36,1888,34.1,5.15,397.8,52.73,9.4,1.13, , 
,54.21,2080,39.0,3.9,10101000,53.48,1984,29.4,4.12,357.0,53.85,3.9,1.33, , 
,55.21,2144,39.0,5.1,10101000,54.54,2144,31.0,4.12,377.4,54.86,5.9,1.52, , 
,56.26,2240,39.0,0.0,10111100,55.55,2208,41.2,5.15,459.0,55.90,0.0,1.72, , 
,57.29,1376,39.0,0.0,10101010,56.61,2208,22.0,3.09,295.8,56.97,0.0,1.45, , 
,58.28,1408,40.5,0.0,10101010,57.63,1376,32.5,5.15,397.8,57.95,0.0,1.17, , 
,59.41,1536,40.5,0.0,10101010,58.61,1376,57.6,9.27,632.4,59.05,0.0,1.33, , 
,60.52,1728,40.5,5.9,10101010,59.77,1600,51.8,7.21,591.6,60.16,4.3,1.64, , 
,61.63,1792,40.5,10.5,10101010,60.91,1760,48.6,7.21,550.8,61.29,10.2,1.56, , 
,62.74,1888,40.5,0.0,10111110,61.99,1856,44.3,6.18,499.8,62.36,0.0,1.21, , 
,63.88,1408,40.5,-1.6,10111110,63.11,1856,23.5,3.09,316.2,63.50,-6.3,1.25, , 
,64.84,928,40.5,0.0,10111110,64.22,1120,29.4,4.12,377.4,64.52,-2.3,1.52, , 
,65.80,896,40.5,-1.2,10111110,65.16,896,38.4,5.15,459.0,65.47,0.0,1.17, , 
,66.73,1088,42.0,0.0,10101010,66.11,864,38.4,5.15,479.4,66.42,-1.6,1.48, , 
,67.81,1824,42.0,0.0,10101010,67.08,1696,79.6,15.45,846.6,67.45,0.0,0.08, , 
,68.82,2560,42.0,0.0,10101000,68.16,2016,56.1,8.24,612.0,68.48,0.0,0.00, , 
,69.79,1504,42.0,0.0,10101010,69.17,2080,0.0,0.00,336.6,69.49,0.0,2.38, , 
,70.88,1600,42.0,0.0,10101010,70.17,1440,78.4,13.39,867.0,70.51,0.0,0.00, , 
,72.04,1824,42.0,-2.3,10101010,71.27,1696,48.6,7.21,550.8,71.65,0.0,1.29, , 
,73.14,1984,42.0,-3.1,10101000,72.40,1888,44.3,6.18,499.8,72.78,-1.6,1.45, , 
,74.18,2080,42.0,-6.3,10101000,73.49,2016,36.9,4.12,418.2,73.85,-5.1,1.41, , 
,75.21,2144,42.0,-9.0,10101000,74.52,2112,35.3,4.12,418.2,74.86,-8.6,1.41, , 
,76.22,2176,43.5,-9.4,10101000,75.55,2144,34.1,4.12,397.8,75.89,-9.4,1.48, , 
,77.22,2112,43.5,-3.9,10101000,76.57,2176,23.5,3.09,295.8,76.90,-9.8,1.45, , 
,78.29,1984,43.5,-1.2,10101010,77.58,2080,19.2,2.06,275.4,77.94,-4.3,1.60, , 
,79.36,1888,43.5,-6.3,10101010,78.64,1952,19.2,2.06,275.4,78.99,-2.0,1.56, , 
,80.49,1792,43.5,-7.8,10101010,79.73,1856,22.0,2.06,295.8,80.09,-7.8,1.29, , 
,81.59,1760,43.5,-6.6,10101010,80.84,1760,23.5,3.09,316.2,81.22,-6.6,1.52, , 
,82.73,1696,43.5,-3.1,10101010,81.99,1696,31.0,4.12,397.8,82.36,-4.3,1.56, , 
,83.76,1696,43.5,-1.2,10101010,83.10,1696,32.5,4.12,397.8,83.43,-1.6,1.52, , 
,84.86,1728,45.0,-0.8,10101010,84.09,1696,32.5,4.12,397.8,84.48,-0.8,1.48, , 
,86.00,1760,45.0,-0.8,10101010,85.23,1728,31.0,4.12,397.8,85.63,-0.4,1.45, , 
,87.14,1760,45.0,-1.2,10101010,86.37,1728,31.0,4.12,377.4,86.73,-1.6,1.45, , 
,88.29,1696,45.0,-2.0,10111110,87.52,1728,31.0,4.12,377.4,87.90,-2.0,1.41, , 
,89.34,1632,45.0,-2.3,10101010,88.63,1664,26.7,3.09,336.6,88.99,-1.2,1.48, , 
,90.40,1632,45.0,0.0,10101010,89.71,1600,32.5,4.12,397.8,90.07,0.0,1.48, , 
,91.50,1888,45.0,0.0,10101010,90.79,1728,60.4,9.27,673.2,91.14,0.0,0.98, , 
,92.55,2080,45.0,-3.5,10101000,91.86,1984,62.0,8.24,673.2,92.21,0.0,1.09, , 
,93.57,2272,45.0,-3.1,10101000,92.89,2144,57.6,7.21,632.4,93.23,-3.5,1.48, , 
,94.53,2400,45.0,-1.6,10101000,93.89,2304,53.3,7.21,591.6,94.21,-1.6,1.52, , 
,95.60,2560,46.5,0.0,10101000,94.90,2464,51.8,7.21,550.8,95.25,-0.4,1.52, , 
,96.65,2720,46.5,1.2,10101000,95.95,2624,48.6,6.18,550.8,96.29,0.8,1.48, , 
,97.68,1312,46.5,0.0,10101010,96.99,2720,0.0,0.00,418.2,97.34,0.0,3.63, , 
,98.77,1792,46.5,0.0,10101010,98.05,1504,35.3,6.18,438.6,98.42,0.0,0.55, , 
,99.90,1760,46.5,-8.2,10101010,99.16,1760,31.0,4.12,377.4,99.53,-11.7,1.25, , 
,101.02,1792,46.5,0.0,10101010,100.25,1760,40.0,5.15,459.0,100.64,0.0,1.25, , 
,102.15,1856,46.5,2.0,10101010,101.39,1824,47.1,6.18,520.2,101.77,1.2,1.56, , 
,103.26,1888,46.5,1.6,10101010,102.52,1856,44.3,6.18,499.8,102.90,2.3,1.48, , 
,104.34,1952,46.5,1.2,10101010,103.62,1888,42.7,5.15,499.8,103.97,2.0,1.45, , 
,105.44,1952,48.0,0.0,10101010,104.71,1952,41.2,5.15,479.4,105.06,0.4,1.45, , 
,106.49,2016,48.0,-2.0,10101000,105.78,1984,40.0,5.15,459.0,106.14,-1.2,1.41, , 
,107.55,2048,48.0,-2.7,10101000,106.83,2016,38.4,4.12,459.0,107.19,-2.3,1.48, , 
,108.59,2048,48.0,0.0,10101000,107.90,2048,38.4,4.12,438.6,108.24,-3.5,1.45, , 
,109.65,2016,48.0,-8.2,10101000,108.94,2016,22.0,2.06,295.8,109.29,-7.4,1.09, , 
,110.71,2016,48.0,-6.3,10101000,110.00,2016,22.0,2.06,295.8,110.36,-9.0,1.45, , 
,111.78,1984,48.0,-0.8,10101000,111.06,1984,26.7,3.09,357.0,111.43,-1.6,1.52, , 
,112.86,1984,48.0,2.3,10101000,112.14,1952,29.4,3.09,377.4,112.50,2.0,1.56, , 
,113.93,1984,49.5,4.7,10101010,113.24,1984,34.1,4.12,397.8,113.58,3.9,1.56, , 
,115.01,1984,49.5,2.3,10101010,114.27,1984,34.1,4.12,397.8,114.64,3.9,1.41, , 
,116.12,1888,49.5,2.3,10101010,115.39,1952,22.0,2.06,295.8,115.76,0.8,1.45, , 
,117.20,1856,49.5,-5.9,10111110,116.48,1888,20.8,2.06,295.8,116.86,-3.1,1.13, , 
,118.28,1760,49.5,-6.3,10111110,117.55,1824,23.5,3.09,316.2,117.94,-6.6,1.45, , 
,119.31,1344,49.5,0.0,10111110,118.67,1728,25.1,3.09,336.6,119.00,-4.7,1.56, , 
,120.26,1088,49.5,0.0,10111110,119.62,960,35.3,5.15,438.6,119.94,0.0,1.91, , 
,121.18,896,49.5,0.0,10111110,120.57,960,31.0,4.12,397.8,120.88,0.0,0.74, , 
,122.11,864,49.5,-4.3,10111110,121.49,896,34.1,4.12,438.6,121.79,-3.5,1.25, , 
,123.02,864,49.5,-3.9,10111110,122.41,896,34.1,4.12,438.6,122.69,-3.9,1.52, , 
,123.93,896,49.5,-2.3,10111110,123.33,896,35.3,4.12,459.0,123.64,-2.7,1.56, , 
,124.82,864,51.0,-0.4,10111110,124.20,864,35.3,4.12,459.0,124.52,-0.8,1.56, , 
,125.71,864,51.0,1.6,10111110,125.12,896,35.3,4.12,459.0,125.43,1.2,1.56, , 
,126.61,864,51.0,3.1,10111110,126.00,896,35.3,4.12,459.0,126.31,2.7,1.56, , 
,127.51,896,51.0,4.7,10111110,126.92,896,35.3,4.12,459.0,127.22,4.3,1.56, , 
,128.44,896,51.0,6.3,10111110,127.82,896,35.3,4.12,459.0,128.13,5.9,1.56, , 
,129.35,896,51.0,7.4,10111110,128.75,896,35.3,4.12,438.6,129.05,7.0,1.52, , 
,130.29,896,51.0,5.9,10111110,129.66,864,35.3,4.12,459.0,129.97,7.8,1.48, , 
,131.20,896,51.0,5.5,10111110,130.59,896,35.3,4.12,438.6,130.90,5.5,1.48, , 
,132.13,896,51.0,5.9,10111110,131.52,896,35.3,4.12,459.0,131.83,5.9,1.48, , 
,133.03,864,51.0,5.9,10111110,132.43,896,35.3,4.12,459.0,132.73,5.9,1.48, , 
,133.93,896,51.0,5.9,10111110,133.33,864,35.3,4.12,459.0,133.63,5.9,1.48, , 
,134.86,800,52.5,3.9,10111110,134.23,896,35.3,4.12,459.0,134.55,3.9,1.48, , 
,135.76,800,52.5,3.5,10111110,135.17,832,35.3,4.12,459.0,135.47,3.9,1.45, , 
,136.68,800,52.5,3.5,10111110,136.06,800,35.3,4.12,459.0,136.38,3.1,1.48, , 
,137.56,832,52.5,3.5,10111110,136.96,832,35.3,4.12,459.0,137.25,3.5,1.48, , 
,138.46,800,52.5,2.0,10111110,137.86,800,35.3,4.12,459.0,138.17,2.0,1.48, , 
,139.36,800,52.5,2.3,10111110,138.77,832,36.9,4.12,479.4,139.07,2.3,1.48, , 
,140.30,832,52.5,2.3,10111110,139.69,800,36.9,4.12,479.4,139.99,2.3,1.48, , 
,141.19,832,52.5,2.7,10111110,140.60,832,36.9,4.12,479.4,140.90,2.7,1.52, , 
,142.09,800,52.5,2.7,10111110,141.49,832,36.9,4.12,479.4,141.78,2.7,1.48, , 
,143.01,800,52.5,2.3,10111110,142.39,832,36.9,4.12,479.4,142.70,2.7,1.48, , 
,143.94,800,52.5,2.3,10111110,143.32,800,36.9,4.12,479.4,143.62,2.3,1.48, , 
,144.84,800,54.0,-0.4,10111110,144.24,832,36.9,4.12,479.4,144.55,0.0,1.45, , 
,145.76,800,54.0,-0.4,10111110,145.16,800,36.9,4.12,479.4,145.45,-0.4,1.48, , 
,146.68,832,54.0,-0.4,10111110,146.07,800,36.9,4.12,479.4,146.38,-0.4,1.48, , 
,147.57,832,54.0,-0.4,10111110,146.96,832,36.9,4.12,479.4,147.26,0.0,1.48, , 
,148.48,832,54.0,0.0,10111110,147.87,800,36.9,4.12,479.4,148.18,-0.4,1.52, , 
,149.39,800,54.0,-0.4,10111110,148.79,832,36.9,4.12,479.4,149.09,-0.4,1.48, , 
,150.29,800,54.0,0.0,10111110,149.69,832,36.9,4.12,479.4,150.00,-0.4,1.48, , 
,151.22,832,54.0,0.0,10111110,150.61,800,36.9,4.12,479.4,150.90,0.0,1.48, , 
,152.11,800,54.0,0.4,10111110,151.51,832,36.9,4.12,479.4,151.82,0.0,1.52, , 
,152.99,832,54.0,0.4,10111110,152.41,832,38.4,4.12,479.4,152.71,0.8,1.52, , 
,153.87,800,54.0,0.0,10101010,153.28,832,36.9,4.12,479.4,153.56,0.0,1.45, , 
,154.93,2528,54.0,0.0,10101000,154.23,1408,85.5,14.42,948.6,154.60,0.0,0.35, , 
,155.99,1696,54.0,0.0,10101010,155.29,2240,63.5,8.24,693.6,155.66,0.0,1.25, , 
,157.00,2496,54.0,0.0,10111100,156.33,1984,72.2,10.30,775.2,156.66,0.0,1.02, , 
,157.94,1248,54.0,0.0,10101010,157.31,1728,0.0,0.00,357.0,157.61,0.0,3.79, , 
,158.94,1376,55.5,0.0,10101010,158.26,1408,31.0,4.12,397.8,158.60,0.0,0.78, , 
,160.00,1440,55.5,0.0,10101010,159.28,1408,38.4,5.15,459.0,159.62,0.0,0.86, , 
,161.00,1568,55.5,0.0,10101010,160.27,1472,53.3,8.24,612.0,160.62,0.0,0.90, , 
,162.08,1696,55.5,3.5,10101010,161.37,1600,48.6,6.18,571.2,161.73,2.3,1.60, , 
,163.23,1824,55.5,7.0,10101010,162.45,1728,45.9,6.18,550.8,162.84,6.3,1.56, , 
,164.34,1952,55.5,5.5,10101010,163.61,1888,41.2,5.15,479.4,163.99,5.9,1.41, , 
,165.40,2080,55.5,4.7,10101000,164.70,2016,44.3,5.15,520.2,165.04,5.5,1.45, , 
,166.44,2176,55.5,3.9,10101000,165.75,2112,42.7,5.15,479.4,166.10,3.9,1.45, , 
,167.44,2272,55.5,1.2,10101000,166.77,2208,40.0,5.15,459.0,167.11,1.2,1.45, , 
,168.44,2336,55.5,-3.5,10101000,167.76,2304,36.9,5.15,438.6,168.09,-1.2,1.33, , 
,169.46,2336,55.5,-4.7,10101000,168.78,2336,32.5,4.12,397.8,169.13,-4.7,1.48, , 
,170.51,2432,55.5,-3.9,10101000,169.80,2368,35.3,4.12,418.2,170.16,-4.3,1.56, , 
,171.55,2496,55.5,-2.3,10101000,170.86,2464,41.2,5.15,479.4,171.19,-2.7,1.56, , 
,172.63,2656,55.5,2.0,10101000,171.90,2592,47.1,6.18,520.2,172.26,0.0,1.56, , 
,173.66,1344,55.5,0.0,10111110,172.97,2688,0.0,0.00,438.6,173.35,0.0,3.55, , 
,174.78,1760,55.5,0.0,10101010,174.01,1184,40.0,8.24,479.4,174.39,0.0,0.55, , 
,175.84,1792,55.5,0.0,10101010,175.10,1792,44.3,6.18,499.8,175.45,0.0,1.37, , 
,176.89,1728,57.0,-5.5,10101010,176.19,1760,23.5,3.09,316.2,176.55,-3.1,1.33, , 
,177.90,1696,57.0,0.0,10111110,177.22,1728,23.5,2.06,316.2,177.57,-8.2,1.37, , 
,178.82,1056,57.0,0.0,10111110,178.22,1216,28.2,4.12,357.0,178.52,0.0,3.01, , 
,179.69,864,57.0,0.0,10111110,179.09,1024,31.0,4.12,418.2,179.38,0.0,0.63, , 
,180.57,896,57.0,-4.3,10111110,179.99,896,34.1,4.12,438.6,180.29,-2.0,0.98, , 
,181.47,896,57.0,-8.2,10111110,180.87,864,34.1,4.12,438.6,181.18,-7.4,1.33, , 
,182.36,864,57.0,-8.6,10111110,181.77,896,34.1,4.12,438.6,182.07,-8.6,1.48, , 
,183.29,896,57.0,-7.4,10111110,182.67,864,35.3,4.12,459.0,182.97,-7.8,1.56, , 
,184.23,1504,57.0,-8.2,10101010,183.61,896,35.3,4.12,459.0,183.93,-5.9,1.56, , 
,185.18,1472,57.0,0.0,10101010,184.56,1376,28.2,3.09,377.4,184.88,0.0,1.45, , 
,186.23,1760,57.0,0.0,10101010,185.51,1504,67.8,12.36,754.8,185.85,0.0,0.59, , 
,187.31,2112,57.0,-7.0,11101000,186.61,1888,72.2,11.33,775.2,186.97,0.0,1.02, , 
,188.34,2304,57.0,0.0,11101000,187.65,2208,62.0,7.21,673.2,188.00,0.0,1.64, , 
,189.34,2272,57.0,-2.7,11101000,188.67,2304,32.5,4.12,397.8,189.00,-0.8,1.45, , 
,190.32,2336,58.5,0.0,11101000,189.66,2304,31.0,4.12,377.4,189.99,0.0,1.37, , 
,191.39,2464,58.5,0.4,11101000,190.67,2368,42.7,5.15,479.4,191.01,0.0,1.52, , 
,192.38,2656,58.5,-0.8,11101000,191.73,2528,53.3,7.21,591.6,192.07,0.0,1.52, , 
,193.44,2912,58.5,-7.8,11101000,192.70,2720,63.5,9.27,673.2,193.04,-8.2,1.17, , 
,194.47,1664,58.5,0.0,11101010,193.77,2496,0.0,0.00,316.2,194.12,0.0,3.91, , 
,195.59,1952,58.5,0.0,11101010,194.83,1920,26.7,4.12,336.6,195.22,0.0,0.47, , 
,196.67,1984,58.5,-1.6,11101000,195.95,1984,44.3,6.18,520.2,196.31,-2.0,1.45, , 
,197.75,2048,58.5,-0.8,11101000,197.04,2016,44.3,5.15,499.8,197.40,-1.2,1.52, , 
,198.79,2048,58.5,-1.2,11101000,198.11,2048,41.2,5.15,479.4,198.46,-1.2,1.48, , 
,199.85,2080,58.5,0.0,11101000,199.12,2080,40.0,5.15,479.4,199.48,-2.3,1.45, , 
,200.86,2080,58.5,-8.6,11101000,200.18,2080,25.1,3.09,336.6,200.52,-8.6,1.09, , 
,201.91,2048,58.5,-9.0,11101000,201.21,2080,25.1,3.09,336.6,201.57,-8.6,1.37, , 
,202.97,2048,58.5,0.0,11101000,202.26,2048,25.1,3.09,336.6,202.63,-6.3,1.48, , 
,204.03,2080,60.0,2.3,11101000,203.33,2048,44.3,5.15,499.8,203.69,0.0,1.56, , 
,205.06,2112,60.0,4.7,11101000,204.37,2112,41.2,5.15,479.4,204.71,4.7,1.56, , 
,206.10,2176,60.0,6.6,11101000,205.42,2112,41.2,5.15,479.4,205.76,6.3,1.52, , 
,207.12,2176,60.0,9.0,11101000,206.44,2176,40.0,5.15,459.0,206.78,8.2,1.48, , 
,208.13,2240,60.0,11.7,11101000,207.46,2208,42.7,5.15,499.8,207.80,10.9,1.48, , 
,209.15,2272,60.0,12.1,11101000,208.48,2240,42.7,5.15,479.4,208.81,12.1,1.45, , 
,210.17,2304,60.0,10.9,11101000,209.50,2272,41.2,5.15,479.4,209.85,11.7,1.37, , 
,211.18,2336,60.0,10.5,11101000,210.51,2304,40.0,5.15,459.0,210.85,10.5,1.41, , 
,212.24,2368,60.0,7.8,11101000,211.54,2336,40.0,5.15,459.0,211.89,9.0,1.41, , 
,213.28,2368,60.0,6.6,11101000,212.59,2368,36.9,5.15,438.6,212.92,6.6,1.37, , 
,214.31,2400,60.0,6.3,11101000,213.62,2400,36.9,4.12,438.6,213.97,6.3,1.48, , 
,215.37,2432,60.0,5.5,11101000,214.67,2432,35.3,4.12,418.2,215.01,5.9,1.45, , 
,216.43,2432,61.5,4.7,11101000,215.70,2432,36.9,4.12,418.2,216.06,5.9,1.45, , 
,217.52,2432,61.5,-3.9,11101000,216.80,2432,28.2,3.09,336.6,217.15,-4.3,1.41, , 
,218.54,2432,61.5,-9.0,11101000,217.85,2432,23.5,3.09,295.8,218.20,-7.0,1.33, , 
,219.53,2368,61.5,-6.3,11101000,218.88,2368,19.2,2.06,275.4,219.20,-7.4,1.52, , 
,220.54,2304,61.5,-6.6,11101000,219.86,2336,19.2,2.06,275.4,220.21,-5.1,1.60, , 
,221.55,2272,61.5,-2.7,11101000,220.89,2304,19.2,2.06,275.4,221.22,-6.3,1.37, , 
,222.56,2208,61.5,-1.6,11101000,221.88,2240,19.2,2.06,275.4,222.22,-1.2,1.68, , 
,223.61,2144,61.5,-3.9,11101000,222.90,2176,17.6,2.06,244.8,223.25,-1.6,1.45, , 
,224.67,2112,63.0,-9.0,11101000,223.95,2144,23.5,3.09,316.2,224.31,-7.8,1.25, , 
,225.72,2112,63.0,-9.0,11101000,225.01,2112,25.1,3.09,336.6,225.36,-10.2,1.45, , 
,226.77,2112,63.0,-8.6,11101000,226.07,2112,34.1,4.12,418.2,226.40,-9.0,1.52, , 
,227.82,2080,63.0,-5.1,11101000,227.12,2080,32.5,3.09,397.8,227.48,-5.9,1.52, , 
,228.82,2080,63.0,-4.7,11101000,228.16,2080,35.3,4.12,418.2,228.49,-4.3,1.48, , 
,229.83,2080,63.0,-3.9,11101000,229.16,2080,34.1,4.12,418.2,229.49,-4.3,1.48, , 
,230.90,2080,63.0,-2.3,11101000,230.19,2080,36.9,4.12,438.6,230.55,-2.3,1.48, , 
,231.97,2112,63.0,-1.2,11101000,231.26,2080,36.9,4.12,438.6,231.61,-1.6,1.48, , 
,233.01,2112,63.0,-0.8,11101000,232.31,2112,35.3,4.12,438.6,232.66,-0.8,1.45, , 
,234.10,2112,63.0,-0.8,11101000,233.38,2112,35.3,4.12,438.6,233.73,-1.2,1.45, , 
,235.12,2112,63.0,-2.0,11101000,234.45,2112,35.3,4.12,418.2,234.78,-1.6,1.41, , 
,236.09,1152,63.0,0.0,11111110,235.48,2112,34.1,4.12,418.2,235.82,0.0,2.54, , 
,237.07,1056,64.5,0.0,11111110,236.40,992,34.1,5.15,438.6,236.73,0.0,1.80, , 
,237.98,896,64.5,0.0,11111110,237.36,960,28.2,4.12,397.8,237.68,0.0,0.74, , 
,238.92,864,64.5,-5.1,11111110,238.29,896,31.0,4.12,418.2,238.59,-3.9,1.17, , 
,239.81,896,64.5,-5.9,11111110,239.23,864,32.5,4.12,438.6,239.52,-5.9,1.48, , 
,240.78,864,64.5,-5.1,11111110,240.14,864,32.5,4.12,438.6,240.46,-5.5,1.52, , 
,241.72,992,64.5,-4.3,11111110,241.09,864,32.5,4.12,438.6,241.41,-4.7,1.52, , 
,242.64,1408,64.5,-3.9,11101010,242.03,1120,26.7,3.09,377.4,242.30,-4.3,1.52, , 
,243.67,1472,64.5,0.0,11101010,242.94,1408,36.9,5.15,459.0,243.24,0.0,1.21, , 
,244.74,1792,64.5,0.0,11101010,244.02,1568,76.9,13.39,846.6,244.39,0.0,0.63, , 
,245.78,2144,64.5,-4.3,11101000,245.10,1888,73.7,10.30,795.6,245.44,0.0,1.13, , 
,246.80,2400,64.5,-4.3,11101000,246.11,2240,66.3,8.24,714.0,246.45,-4.7,1.48, , 
,247.80,2432,64.5,0.0,11111100,247.13,2528,60.4,7.21,673.2,247.46,-1.6,1.56, , 
,248.84,1696,66.0,0.0,11101010,248.11,1824,0.0,0.00,336.6,248.48,0.0,3.79, , 
,249.93,1664,66.0,-7.4,11101010,249.21,1696,23.5,3.09,316.2,249.58,0.0,1.05, , 
,251.03,1696,66.0,0.0,11101010,250.29,1696,35.3,4.12,438.6,250.67,0.0,1.60, , 
,252.11,1760,66.0,3.1,11101010,251.38,1728,48.6,6.18,571.2,251.74,2.0,1.56, , 
,253.25,1824,66.0,3.9,11101010,252.50,1792,48.6,6.18,571.2,252.88,3.5,1.48, , 
,254.35,1888,66.0,5.5,11101010,253.62,1856,47.1,6.18,550.8,253.99,4.7,1.48, , 
,255.45,1920,66.0,6.3,11101010,254.73,1920,44.3,6.18,520.2,255.10,6.3,1.45, , 
,256.53,1984,66.0,5.9,11101010,255.82,1952,41.2,5.15,479.4,256.17,5.9,1.41, , 
,257.63,1984,66.0,4.3,11101010,256.91,1984,38.4,5.15,459.0,257.27,5.1,1.41, , 
,258.72,1984,66.0,-2.3,11101010,257.97,1984,31.0,3.09,397.8,258.35,0.8,1.21, , 
,259.76,1984,67.5,-3.1,11101010,259.07,1984,26.7,3.09,357.0,259.41,-3.1,1.45, , 
,260.84,1952,67.5,-4.7,11101010,260.13,1952,26.7,3.09,357.0,260.48,-4.3,1.45, , 
,261.93,1952,67.5,-5.1,11101010,261.21,1952,28.2,3.09,357.0,261.56,-5.1,1.52, , 
,263.02,1920,67.5,-5.1,11101010,262.28,1952,28.2,3.09,377.4,262.65,-4.7,1.52, , 
,264.13,1888,67.5,-7.0,11101010,263.40,1888,22.0,2.06,316.2,263.79,-7.8,1.37, , 
,265.20,1792,67.5,-6.3,11111110,264.50,1888,23.5,2.06,316.2,264.85,-5.9,1.48, , 
,266.24,1760,67.5,-8.2,11111110,265.53,1792,22.0,2.06,295.8,265.89,-7.4,1.52, , 
,267.23,1120,67.5,0.0,11111110,266.59,1760,23.5,2.06,316.2,266.91,0.0,1.80, , 
,268.13,992,67.5,0.0,11111110,267.54,1024,34.1,5.15,438.6,267.86,0.0,1.68, , 
,269.01,896,67.5,0.0,11111110,268.43,896,29.4,4.12,397.8,268.72,0.0,0.82, , 
,269.90,864,67.5,-3.1,11111110,269.30,896,31.0,4.12,418.2,269.60,-2.3,1.25, , 
,270.78,896,67.5,-3.5,11111110,270.21,864,32.5,4.12,438.6,270.49,-3.5,1.48, , 
,271.71,864,69.0,-2.3,11111110,271.09,864,34.1,4.12,438.6,271.41,-2.7,1.52, , 
,272.65,864,67.5,-0.8,11111110,272.01,896,34.1,4.12,438.6,272.34,-1.2,1.56, , 
,273.60,896,67.5,0.4,11111110,272.98,864,34.1,4.12,459.0,273.29,0.0,1.52, , 
,274.53,864,69.0,2.0,11101010,273.91,896,34.1,4.12,438.6,274.22,0.8,1.48, , 
,275.47,704,69.0,0.0,11101010,274.85,800,35.3,4.12,479.4,275.15,0.0,1.52, , 
,276.42,704,69.0,0.4,11101010,275.80,736,48.6,6.18,612.0,276.10,0.0,1.48, , 
,277.35,864,69.0,0.0,11101010,276.73,768,51.8,6.18,632.4,277.05,0.0,1.45, , 
,278.28,1152,69.0,0.0,11101010,277.68,960,69.4,11.33,775.2,277.99,0.0,0.90, , 
,279.31,1472,69.0,0.0,11101010,278.60,1216,78.4,11.33,887.4,278.93,0.0,1.09, , 
,280.40,1888,69.0,-4.3,11101010,279.67,1632,78.4,11.33,867.0,280.03,-2.3,1.45, , 
,281.44,2304,69.0,-7.4,11101000,280.78,2048,78.4,10.30,867.0,281.11,-7.0,1.41, , 
,282.46,2656,69.0,-8.6,11101000,281.79,2400,78.4,10.30,846.6,282.12,-8.6,1.48, , 
,283.49,1888,69.0,0.0,11101010,282.79,2432,0.0,0.00,418.2,283.13,0.0,3.75, , 
,284.58,1952,69.0,0.0,11101010,283.86,1920,84.3,14.42,928.2,284.22,0.0,0.70, , 
,285.61,2144,69.0,0.0,11101000,284.93,2016,88.6,13.39,948.6,285.26,0.0,0.86, , 
,286.61,2336,69.0,-12.1,11101000,285.95,2208,88.6,12.36,948.6,286.28,-11.3,1.17, , 
,287.63,2528,69.0,-15.6,11101000,286.96,2400,88.6,11.33,928.2,287.29,-15.2,1.45, , 
,288.65,2688,69.0,-15.6,11101000,287.95,2560,87.1,11.33,928.2,288.29,-16.4,1.56, , 
,289.63,1056,70.5,0.0,11111110,288.99,2240,0.0,0.00,316.2,289.36,0.0,3.79, , 
,290.53,1152,70.5,0.0,11111110,289.94,1024,31.0,4.12,397.8,290.22,0.0,1.91, , 
,291.57,1856,70.5,0.0,11111110,290.88,1728,0.0,0.00,316.2,291.22,0.0,2.93, , 
,292.65,1792,70.5,0.0,11101010,291.92,1824,20.8,3.09,295.8,292.27,0.0,1.17, , 
,293.73,1760,70.5,-1.6,11101010,292.99,1792,31.0,4.12,397.8,293.38,-3.1,1.41, , 
,294.84,1760,70.5,2.7,11101010,294.11,1760,38.4,4.12,459.0,294.48,1.6,1.60, , 
,295.95,1760,70.5,7.0,11101010,295.21,1760,38.4,4.12,459.0,295.59,5.5,1.60, , 
,297.05,1728,70.5,10.2,11101010,296.32,1728,38.4,5.15,459.0,296.69,9.4,1.52, , 
,298.14,1760,70.5,11.3,11101010,297.41,1728,38.4,5.15,459.0,297.79,10.9,1.41, , 
,299.23,1760,70.5,11.3,11101010,298.50,1728,41.2,5.15,499.8,298.86,10.9,1.48, , 
,300.31,1760,70.5,12.9,11101010,299.60,1760,44.3,6.18,520.2,299.96,12.9,1.41, , 
,301.40,1760,70.5,9.8,11101010,300.67,1760,44.3,6.18,520.2,301.03,9.8,1.37, , 
,302.51,1792,70.5,5.5,11101010,301.77,1792,45.9,6.18,550.8,302.12,8.6,1.37, , 
,303.58,1792,72.0,4.7,11101010,302.86,1792,42.7,6.18,520.2,303.21,4.7,1.41, , 
,304.68,1792,72.0,0.8,11101010,303.94,1792,41.2,6.18,499.8,304.32,1.2,1.37, , 
,305.80,1792,72.0,-3.5,11101010,305.02,1824,40.0,5.15,479.4,305.40,-0.4,1.37, , 
,306.91,1792,72.0,-8.2,11101010,306.15,1792,31.0,4.12,397.8,306.53,-5.9,1.33, , 
,308.03,1760,72.0,-10.5,11101010,307.29,1792,29.4,3.09,377.4,307.68,-10.2,1.41, , 
,309.11,1760,72.0,-8.2,11101010,308.38,1760,29.4,3.09,377.4,308.74,-9.0,1.56, , 
,310.20,1728,72.0,-7.4,11101010,309.48,1760,29.4,3.09,377.4,309.82,-8.2,1.52, , 
,311.29,1728,72.0,-6.6,11101010,310.58,1728,23.5,2.06,316.2,310.92,-5.9,1.41, , 
,312.41,1696,72.0,-7.0,11101010,311.68,1728,22.0,2.06,316.2,312.07,-6.6,1.48, , 
,313.48,1664,72.0,-7.4,11101010,312.76,1664,23.5,2.06,316.2,313.12,-7.8,1.45, , 
,314.61,1632,73.5,0.0,11101010,313.84,1632,23.5,2.06,336.6,314.23,-7.4,1.48, , 
,315.66,1632,72.0,2.3,11101010,314.97,1632,38.4,5.15,479.4,315.30,0.8,1.52, , 
,316.74,1664,73.5,4.7,11101010,316.01,1632,47.1,6.18,571.2,316.37,4.7,1.52, , 
,317.85,1696,73.5,6.3,11101010,317.11,1664,51.8,7.21,612.0,317.45,6.6,1.52, , 
,318.89,1728,73.5,3.9,11101010,318.20,1696,53.3,7.21,612.0,318.56,4.3,1.45, , 
,320.00,1760,73.5,4.7,11101010,319.28,1728,51.8,7.21,612.0,319.63,4.3,1.41, , 
,321.09,1792,73.5,2.3,11101010,320.37,1760,50.2,7.21,591.6,320.70,2.0,1.37, , 
,322.20,1824,73.5,2.7,11101010,321.45,1792,47.1,6.18,571.2,321.83,3.1,1.41, , 
,323.34,1824,73.5,2.7,11101010,322.59,1824,47.1,6.18,550.8,322.97,3.1,1.41, , 
,324.43,1856,73.5,2.7,11101010,323.70,1856,45.9,6.18,550.8,324.07,2.3,1.45, , 
,325.55,1888,73.5,2.3,11101010,324.80,1856,45.9,6.18,550.8,325.17,2.3,1.41, , 
,326.60,1856,73.5,0.0,11111110,325.91,1888,44.3,6.18,520.2,326.26,0.0,1.37, , 
,327.66,1824,73.5,-2.7,11111110,326.94,1856,20.8,2.06,295.8,327.29,-3.5,1.33, , 
,328.71,1760,75.0,0.0,11101010,328.00,1792,0.0,0.00,316.2,328.34,0.0,3.75, , 
,329.78,1728,75.0,0.0,11101010,329.05,1760,20.8,3.09,295.8,329.42,0.0,1.02, , 
,330.89,1696,75.0,-1.2,11101010,330.12,1728,29.4,3.09,377.4,330.54,-2.0,1.45, , 
,331.94,1696,75.0,0.0,11101010,331.24,1696,35.3,4.12,438.6,331.59,0.0,1.52, , 
,333.02,1728,75.0,1.2,11101010,332.30,1728,50.2,7.21,591.6,332.66,1.2,1.52, , 
,334.07,1760,75.0,0.0,11101010,333.36,1760,50.2,7.21,591.6,333.71,1.2,1.41, , 
,335.16,1760,75.0,-2.7,11101010,334.44,1760,31.0,4.12,397.8,334.82,-0.4,1.45, , 
,336.18,1760,75.0,-4.7,11101010,335.50,1760,28.2,3.09,377.4,335.84,-4.3,1.33, , 
,337.27,1760,75.0,-5.5,11101010,336.54,1760,29.4,3.09,377.4,336.90,-4.7,1.48, , 
,338.35,1760,75.0,-4.7,11101010,337.63,1760,32.5,4.12,397.8,338.00,-5.1,1.48, , 
,339.42,1760,75.0,-3.5,11101010,338.71,1760,34.1,4.12,418.2,339.06,-4.3,1.52, , 
,340.53,1760,75.0,-2.7,11101010,339.77,1760,32.5,4.12,418.2,340.15,-2.7,1.48, , 
,341.63,1728,75.0,-3.1,11101010,340.91,1728,26.7,3.09,357.0,341.27,-3.1,1.41, , 
,342.74,1728,75.0,-3.5,11101010,341.99,1728,26.7,3.09,357.0,342.36,-3.9,1.41, , 
,343.79,1728,75.0,-3.9,11101010,343.10,1728,28.2,3.09,357.0,343.46,-4.3,1.41, , 
,344.88,1728,76.5,-2.3,11101010,344.15,1728,29.4,3.09,377.4,344.51,-3.5,1.48, , 
,345.94,1728,76.5,-2.0,11101010,345.24,1728,29.4,4.12,397.8,345.60,-2.3,1.45, , 
,346.98,1760,76.5,0.0,11101010,346.25,1728,62.0,10.30,693.6,346.60,0.0,0.94, , 
,348.17,1792,76.5,-3.5,11101010,347.38,1792,31.0,4.12,397.8,347.77,0.0,1.41, , 
,349.33,1792,76.5,-5.9,11101010,348.57,1792,31.0,4.12,397.8,348.95,-5.5,1.37, , 
,350.34,1792,76.5,-6.6,11101010,349.69,1792,31.0,4.12,397.8,349.99,-6.3,1.45, , 
,351.37,1792,76.5,-4.7,11101010,350.65,1792,34.1,4.12,418.2,351.00,-5.9,1.56, , 
,352.53,1856,76.5,-0.4,11101010,351.76,1792,45.9,6.18,550.8,352.14,-2.0,1.56, , 
,353.65,1856,76.5,2.7,11101010,352.91,1824,48.6,6.18,571.2,353.28,2.3,1.52, , 
,354.76,1888,76.5,4.3,11101010,354.02,1856,47.1,6.18,571.2,354.38,3.9,1.45, , 
,355.86,1920,76.5,5.1,11101010,355.13,1888,45.9,6.18,550.8,355.50,5.5,1.41, , 
,356.95,1952,76.5,4.7,11101010,356.23,1920,44.3,6.18,520.2,356.60,4.3,1.37, , 
,358.03,1984,76.5,3.9,11101010,357.32,1952,44.3,6.18,520.2,357.67,4.3,1.41, , 
,359.10,1984,76.5,4.3,11101000,358.39,1984,42.7,6.18,499.8,358.75,4.3,1.41, , 
,360.17,1952,76.5,0.0,11101010,359.45,2016,34.1,3.09,438.6,359.81,0.0,1.48, , 
,361.23,1984,76.5,11.7,11111110,360.53,1952,16.1,2.06,244.8,360.88,7.8,1.41, , 
,362.32,1920,78.0,0.0,11101010,361.59,1952,17.6,2.06,275.4,361.95,0.0,1.68, , 
,363.40,1888,78.0,-2.3,11101010,362.68,1888,19.2,2.06,295.8,363.05,0.0,1.29, , 
,364.51,1856,78.0,-4.3,11101010,363.76,1856,23.5,3.09,316.2,364.14,-4.3,1.41, , 
,365.57,1856,78.0,-5.9,11101010,364.88,1856,25.1,3.09,336.6,365.22,-5.1,1.41, , 
,366.62,1856,78.0,-5.1,11111110,365.93,1856,22.0,2.06,316.2,366.26,-7.0,1.41, , 
,367.63,1792,78.0,0.0,11111110,367.00,1824,0.0,0.00,295.8,367.33,0.0,3.32, , 
,368.67,1728,78.0,0.0,11101010,367.97,1760,0.0,0.00,316.2,368.32,0.0,3.87, , 
,369.61,960,78.0,0.0,11111110,369.00,1440,0.0,0.00,336.6,369.31,0.0,3.13, , 
,370.55,896,78.0,0.0,11111110,369.93,896,32.5,4.12,438.6,370.25,0.0,1.17, , 
,371.45,896,78.0,0.0,11111110,370.86,864,29.4,4.12,418.2,371.14,0.0,0.98, , 
,372.35,896,78.0,-3.1,11111110,371.76,896,31.0,4.12,418.2,372.06,-2.7,1.37, , 
,373.26,896,78.0,-2.3,11111110,372.65,896,31.0,4.12,418.2,372.96,-2.7,1.48, , 
,374.20,864,78.0,-2.0,11111110,373.60,896,31.0,4.12,418.2,373.90,-2.0,1.52, , 
,375.10,896,78.0,-1.6,11111110,374.50,896,31.0,4.12,418.2,374.80,-1.6,1.48, , 
,375.96,896,78.0,-1.6,11111110,375.38,896,31.0,4.12,418.2,375.67,-1.6,1.48, , 
,376.86,896,78.0,-1.6,11111110,376.27,896,31.0,4.12,418.2,376.57,-1.2,1.45, , 
,377.81,896,78.0,-2.0,11111110,377.16,896,31.0,4.12,418.2,377.49,-1.6,1.45, , 
,378.79,896,78.0,-2.0,11111110,378.14,896,31.0,4.12,418.2,378.47,-2.0,1.45, , 
,379.74,896,78.0,-2.0,11111110,379.10,896,31.0,4.12,418.2,379.40,-2.0,1.48, , 
,380.69,864,78.0,-2.0,11111110,380.04,864,31.0,4.12,418.2,380.37,-2.0,1.48, , 
,381.61,896,78.0,-1.6,11111110,381.00,896,31.0,4.12,418.2,381.31,-1.6,1.48, , 
,382.51,896,78.0,-1.2,11111110,381.91,896,31.0,4.12,438.6,382.21,-1.6,1.48, , 
,383.44,1024,78.0,-1.6,11101010,382.84,896,31.0,4.12,418.2,383.15,-0.8,1.48, , 
,384.36,960,78.0,0.0,11101010,383.70,992,29.4,4.12,397.8,384.01,0.0,1.52, , 
,385.33,1184,78.0,0.0,11101010,384.67,1024,57.6,9.27,693.6,385.01,0.0,1.41, , 
,386.32,1376,78.0,0.0,11101010,385.66,1216,66.3,10.30,775.2,385.98,0.0,1.09, , 
,387.37,1504,78.0,0.0,11101010,386.72,1440,41.2,5.15,499.8,386.99,0.0,1.45, , 
,388.37,1728,78.0,0.0,11101010,387.71,1568,62.0,9.27,714.0,388.04,0.0,1.17, , 
,389.45,2016,78.0,-1.6,11101000,388.74,1824,62.0,8.24,714.0,389.09,-2.3,1.45, , 
,390.49,2208,78.0,-1.2,11101000,389.79,2080,60.4,8.24,693.6,390.15,-2.3,1.41, , 
,391.51,2464,78.0,-2.3,11101000,390.83,2304,59.2,8.24,652.8,391.16,-0.8,1.48, , 
,392.54,2368,78.0,0.0,11111100,391.85,2560,66.3,9.27,734.4,392.21,-4.3,1.33, , 
,393.55,1824,76.5,0.0,11101010,392.91,1760,0.0,0.00,316.2,393.21,0.0,3.83, , 
,394.62,1728,76.5,-2.3,11101010,393.90,1696,26.7,3.09,357.0,394.24,0.0,0.82, , 
,395.71,1760,76.5,0.0,11101010,395.02,1728,45.9,6.18,550.8,395.37,0.0,1.56, , 
,396.81,1824,76.5,1.2,11101010,396.09,1760,56.1,8.24,652.8,396.46,0.8,1.52, , 
,397.91,1888,76.5,2.7,11101010,397.18,1856,53.3,7.21,632.4,397.55,2.0,1.45, , 
,398.99,1952,76.5,3.9,11101010,398.27,1920,53.3,7.21,612.0,398.62,3.5,1.45, , 
,400.06,1984,76.5,1.2,11101010,399.34,1952,50.2,7.21,591.6,399.70,5.1,1.48, , 
,401.13,2048,76.5,-0.8,11101000,400.42,2016,59.2,8.24,673.2,400.79,-0.4,1.29, , 
,402.16,2144,76.5,-2.7,11101000,401.49,2080,60.4,8.24,693.6,401.82,-1.2,1.45, , 
,403.17,2208,76.5,-2.3,11101000,402.50,2176,59.2,8.24,673.2,402.83,-2.7,1.41, , 
,404.20,2272,76.5,-0.4,11101000,403.52,2208,57.6,8.24,652.8,403.86,-1.2,1.52, , 
,405.22,2304,76.5,0.4,11101000,404.53,2272,57.6,7.21,652.8,404.87,0.4,1.48, , 
,406.22,2368,76.5,1.2,11101000,405.54,2336,56.1,7.21,632.4,405.88,0.8,1.41, , 
,407.26,2400,76.5,0.8,11101000,406.55,2368,57.6,8.24,632.4,406.93,1.2,1.45, , 
,408.29,2432,76.5,1.2,11101000,407.61,2400,56.1,7.21,632.4,407.95,1.2,1.41, , 
,409.37,2464,76.5,-2.7,11101000,408.66,2432,56.1,8.24,632.4,409.01,0.8,1.41, , 
,410.43,2496,76.5,-3.9,11101000,409.74,2464,62.0,8.24,693.6,410.08,-3.9,1.41, , 
,411.45,2528,76.5,-3.9,11101000,410.76,2496,62.0,8.24,693.6,411.11,-3.9,1.41, , 
,412.48,2560,76.5,-3.1,11101000,411.81,2560,60.4,8.24,673.2,412.14,-3.1,1.48, , 
,413.51,2464,76.5,0.0,11111100,412.83,2560,28.2,2.06,357.0,413.15,0.0,1.76, , 
,414.48,2336,76.5,0.0,11111100,413.83,2432,17.6,2.06,244.8,414.16,0.0,1.60, , 
,415.51,2144,78.0,0.0,11111100,414.82,2272,0.0,0.00,244.8,415.15,0.0,3.91, , 
,416.56,1984,78.0,0.0,11111100,415.85,2112,0.0,0.00,244.8,416.21,0.0,3.98, , 
,417.62,1824,78.0,0.0,11111110,416.91,1952,0.0,0.00,244.8,417.26,0.0,3.95, , 
,418.53,800,78.0,0.0,11111110,417.95,1760,0.0,0.00,316.2,418.23,0.0,3.95, , 
,419.46,896,78.0,0.0,11111110,418.85,960,38.4,5.15,499.8,419.16,0.0,1.64, , 
,420.35,896,78.0,0.0,11111110,419.77,864,29.4,4.12,418.2,420.05,0.0,0.70, , 
,421.27,864,78.0,-5.9,11111110,420.65,896,29.4,4.12,418.2,420.97,-4.3,1.13, , 
,422.21,864,78.0,-6.6,11111110,421.58,896,31.0,3.09,418.2,421.89,-6.6,1.45, , 
,423.13,864,78.0,-5.5,11111110,422.51,896,31.0,3.09,418.2,422.83,-5.9,1.48, , 
,424.03,896,78.0,-4.3,11111110,423.42,864,31.0,3.09,418.2,423.72,-4.7,1.52, , 
,424.94,896,79.5,-3.1,11111110,424.34,864,31.0,4.12,418.2,424.64,-3.5,1.52, , 
,425.83,896,79.5,-2.7,11111110,425.23,896,31.0,4.12,418.2,425.53,-2.7,1.48, , 
,426.73,864,79.5,-2.3,11111110,426.14,896,31.0,4.12,438.6,426.44,-2.3,1.52, , 
,427.66,896,79.5,-2.3,11111110,427.03,896,31.0,4.12,438.6,427.34,-2.3,1.48, , 
,428.57,896,79.5,-2.3,11111110,427.97,864,31.0,4.12,438.6,428.27,-2.3,1.45, , 
,429.50,896,79.5,-1.2,11111110,428.87,864,32.5,4.12,438.6,429.21,-1.6,1.48, , 
,430.43,896,79.5,0.0,11111110,429.81,864,32.5,4.12,438.6,430.13,-0.4,1.48, , 
,431.38,768,79.5,0.4,11111111,430.77,864,29.4,4.12,418.2,431.07,0.4,1.45, , 
,432.27,800,79.5,0.8,11111111,431.67,768,32.5,4.12,459.0,431.98,0.4,1.45, , 
,433.20,800,79.5,0.8,11111111,432.58,800,34.1,4.12,459.0,432.90,0.8,1.45, , 
,434.11,800,79.5,1.2,11111111,433.52,800,32.5,4.12,459.0,433.83,1.2,1.48, , 
,435.03,800,79.5,2.0,11111111,434.41,800,32.5,4.12,459.0,434.72,1.6,1.45, , 
,435.93,800,79.5,3.5,11111111,435.33,800,32.5,4.12,459.0,435.63,3.1,1.52, , 
,436.82,800,79.5,3.9,11111111,436.24,800,32.5,4.12,459.0,436.52,3.9,1.45, , 
,437.71,800,79.5,3.5,11111111,437.12,800,31.0,4.12,438.6,437.42,3.9,1.41, , 
,438.59,800,79.5,2.3,11111111,437.99,800,31.0,4.12,438.6,438.28,3.1,1.37, , 
,439.48,768,79.5,2.0,11111111,438.89,800,31.0,4.12,438.6,439.19,2.0,1.41, , 
,440.39,800,79.5,2.3,11111110,439.78,800,32.5,4.12,438.6,440.08,2.3,1.45, , 
,441.32,768,79.5,2.3,11111110,440.69,800,32.5,4.12,438.6,441.00,2.3,1.41, , 
,442.21,768,79.5,2.0,11111110,441.62,800,32.5,4.12,438.6,441.91,2.0,1.41, , 
,443.11,768,79.5,1.6,11111110,442.51,800,31.0,4.12,438.6,442.81,1.6,1.41, , 
,444.02,768,79.5,1.6,11111110,443.41,800,31.0,4.12,438.6,443.72,1.6,1.41, , 
,444.91,768,79.5,1.2,11111110,444.31,800,32.5,4.12,438.6,444.61,1.6,1.41, , 
,445.80,800,79.5,1.6,11111110,445.21,800,32.5,4.12,438.6,445.50,1.6,1.45, , 
,446.70,768,78.0,2.0,11111110,446.10,768,31.0,4.12,438.6,446.40,1.6,1.45, , 
,447.59,768,78.0,1.6,11111110,447.00,800,32.5,4.12,438.6,447.31,1.6,1.41, , 
,448.51,768,78.0,2.0,11111110,447.91,768,32.5,4.12,438.6,448.20,2.0,1.45, , 
,449.44,800,78.0,2.0,11111110,448.82,800,32.5,4.12,438.6,449.14,2.0,1.45, , 
,450.35,768,78.0,2.0,11111110,449.74,768,32.5,4.12,459.0,450.04,2.0,1.45, , 
,451.25,768,78.0,2.3,11111110,450.65,768,32.5,4.12,438.6,450.95,2.3,1.41, , 
,452.15,800,78.0,2.0,11111110,451.55,800,32.5,4.12,459.0,451.84,2.3,1.45, , 
,453.07,768,78.0,2.0,11111110,452.46,800,32.5,4.12,438.6,452.76,2.0,1.41, , 
,454.01,800,78.0,1.6,11111110,453.39,800,32.5,4.12,459.0,453.70,1.6,1.41, , 
,454.92,800,78.0,1.6,11111110,454.32,800,32.5,4.12,459.0,454.61,1.6,1.45, , 
,455.81,800,78.0,1.2,11111110,455.22,800,32.5,4.12,459.0,455.51,1.2,1.41, , 
,456.70,800,79.5,1.2,11111110,456.10,800,32.5,4.12,459.0,456.39,1.2,1.45, , 
,457.59,800,79.5,1.6,11111110,457.00,768,34.1,4.12,459.0,457.29,1.6,1.45, , 
,458.49,768,79.5,2.3,11111110,457.89,800,32.5,4.12,459.0,458.19,2.0,1.45, , 
,459.39,768,79.5,2.7,11111110,458.80,800,32.5,4.12,459.0,459.10,2.3,1.45, , 
,460.28,800,79.5,2.7,11111110,459.69,800,32.5,4.12,459.0,459.99,2.7,1.41, , 
,461.20,800,79.5,2.0,11111110,460.59,800,32.5,4.12,459.0,460.89,2.0,1.37, , 
,462.11,768,79.5,1.6,11111110,461.50,768,32.5,4.12,459.0,461.81,1.6,1.41, , 
,463.00,768,79.5,0.8,11111110,462.41,768,32.5,4.12,459.0,462.70,1.2,1.37, , 
,463.89,800,79.5,0.4,11111111,463.29,800,32.5,4.12,459.0,463.60,0.8,1.41, , 
,464.79,800,79.5,0.0,11111111,464.19,800,32.5,4.12,459.0,464.49,0.0,1.41, , 
,465.69,768,79.5,0.4,10111111,465.10,768,32.5,4.12,459.0,465.39,0.4,1.45, , 
,466.58,800,79.5,1.2,10111111,465.98,768,32.5,4.12,459.0,466.29,0.8,1.45, , 
,467.49,768,79.5,1.6,10111111,466.89,768,32.5,4.12,459.0,467.19,1.6,1.48, , 
,468.38,800,79.5,2.3,10111111,467.79,800,32.5,4.12,459.0,468.09,2.0,1.45, , 
,469.28,800,79.5,2.0,10111111,468.67,800,32.5,4.12,459.0,468.98,2.3,1.41, , 
,470.18,768,79.5,0.0,10101011,469.59,800,32.5,4.12,459.0,469.90,2.0,1.41, , 
,471.24,1600,79.5,0.0,11101011,470.57,1568,81.2,13.39,928.2,470.92,0.0,0.82, , 
,472.32,1984,79.5,0.0,11101001,471.60,1120,84.3,13.39,969.0,471.99,0.0,0.82, , 
,473.33,1824,81.0,0.0,11111111,472.64,2336,87.1,12.36,948.6,472.99,0.0,1.25, , 
,474.41,1600,81.0,0.0,11101011,473.67,1408,72.2,15.45,754.8,474.00,0.0,0.47, , 
,475.41,1920,81.0,-3.9,11101011,474.72,1728,78.4,11.33,887.4,475.04,0.0,1.09, , 
,476.43,2208,81.0,-9.4,11101001,475.75,2016,73.7,9.27,826.2,476.10,-8.2,1.33, , 
,477.44,2432,81.0,0.0,11101001,476.78,2272,69.4,8.24,754.8,477.11,-9.4,1.48, , 
,478.49,2432,81.0,0.0,11101001,477.78,2464,36.9,4.12,459.0,478.12,0.0,1.64, , 
,479.49,2272,81.0,-4.7,11101001,478.82,2368,19.2,2.06,275.4,479.15,-5.5,1.37, , 
,480.49,2240,81.0,-8.6,11101001,479.82,2240,19.2,2.06,275.4,480.16,-8.2,1.13, , 
,481.49,2272,81.0,-0.4,11101001,480.81,2176,44.3,5.15,520.2,481.15,-3.1,1.64, , 
,482.48,2368,81.0,3.9,11101001,481.83,2272,42.7,5.15,499.8,482.16,3.1,1.56, , 
,483.54,2400,81.0,-2.0,11101001,482.86,2368,36.9,5.15,459.0,483.18,0.0,1.25, , 
,484.55,2336,81.0,-7.4,11101001,483.89,2368,29.4,4.12,377.4,484.22,-4.3,1.33, , 
,485.55,2240,81.0,-8.6,11101001,484.87,2336,20.8,2.06,295.8,485.22,-10.2,1.25, , 
,486.59,2208,81.0,-12.5,11101001,485.88,2272,22.0,2.06,316.2,486.23,-13.3,1.33, , 
,487.62,2304,81.0,-1.6,11101001,486.93,2272,42.7,5.15,499.8,487.28,-3.5,1.68, , 
,488.61,2304,81.0,0.0,11101001,487.95,2336,41.2,5.15,499.8,488.28,0.0,1.45, , 
,489.65,2176,81.0,4.3,11101001,488.95,2272,16.1,2.06,244.8,489.30,7.0,1.68, , 
,490.70,2048,81.0,0.0,11101001,489.99,2112,16.1,2.06,244.8,490.34,3.1,1.25, , 
,491.70,2144,81.0,0.0,11101001,491.05,2080,48.6,6.18,571.2,491.38,0.0,1.52, , 
,492.75,2400,81.0,-2.3,11101001,492.04,2240,65.1,8.24,734.4,492.39,-3.1,1.25, , 
,493.76,2656,81.0,-2.0,11101001,493.09,2464,62.0,8.24,693.6,493.44,-2.7,1.52, , 
,494.78,2880,81.0,-1.6,11101001,494.11,2720,57.6,7.21,652.8,494.45,1.6,1.56, , 
,495.85,1760,81.0,0.0,11101011,495.15,2944,0.0,0.00,520.2,495.50,0.0,3.59, , 
,496.93,1984,81.0,0.0,11101011,496.20,1984,42.7,6.18,499.8,496.57,0.0,1.45, , 
,497.98,2048,81.0,0.0,11101001,497.30,2016,57.6,7.21,673.2,497.64,0.4,1.45, , 
,499.02,2080,81.0,0.0,11101001,498.33,2048,35.3,4.12,438.6,498.67,-1.6,1.37, , 
,500.05,2208,81.0,-3.9,11101001,499.37,2112,62.0,8.24,693.6,499.71,-2.7,1.29, , 
,501.08,2336,81.0,-6.6,11101001,500.39,2240,67.8,9.27,754.8,500.72,-5.5,1.41, , 
,502.13,2464,81.0,-7.4,11101001,501.39,2368,69.4,8.24,775.2,501.77,-7.4,1.48, , 
,503.11,2624,81.0,-9.0,11101001,502.46,2528,72.2,9.27,795.6,502.77,-7.8,1.45, , 
,504.16,2784,81.0,-9.8,11101001,503.46,2656,79.6,10.30,867.0,503.81,-9.0,1.48, , 
,505.17,1984,81.0,0.0,11111111,504.49,2848,78.4,9.27,846.6,504.83,0.0,2.62, , 
,506.24,2112,81.0,0.0,11101001,505.58,1440,25.1,4.12,336.6,505.91,0.0,0.90, , 
,507.30,2112,81.0,-0.4,11101001,506.59,2080,54.5,7.21,632.4,506.95,0.0,1.52, , 
,508.37,2144,81.0,-0.8,11101001,507.66,2112,59.2,7.21,693.6,508.01,-1.6,1.37, , 
,509.38,2208,81.0,0.0,11101001,508.71,2144,79.6,12.36,867.0,509.04,0.0,1.02, , 
,510.38,2272,82.5,-7.8,11101001,509.71,2240,78.4,10.30,867.0,510.04,-6.3,1.37, , 
,511.37,2368,82.5,-10.5,11101001,510.71,2304,76.9,9.27,867.0,511.05,-9.8,1.41, , 
,512.38,2400,82.5,0.8,11101001,511.70,2368,65.1,8.24,734.4,512.05,0.0,1.52, , 
,513.43,2464,82.5,0.8,11101001,512.73,2432,57.6,7.21,652.8,513.10,1.2,1.45, , 
,514.47,2496,82.5,0.8,11101001,513.79,2464,60.4,8.24,673.2,514.12,-0.4,1.45, , 
,515.53,2560,82.5,-4.7,11101001,514.81,2528,59.2,8.24,652.8,515.17,-4.3,1.48, , 
,516.57,2624,82.5,-10.2,11101001,515.89,2592,69.4,9.27,754.8,516.24,-8.2,1.33, , 
,517.61,2752,82.5,-11.7,11101001,516.91,2688,79.6,10.30,887.4,517.26,-10.5,1.45, , 
,518.67,2848,82.5,-13.3,11101001,517.95,2752,87.1,11.33,928.2,518.30,-13.3,1.45, , 
,519.70,2240,82.5,0.0,11111101,519.01,2880,85.5,10.30,928.2,519.34,0.0,1.68, , 
,520.77,1792,82.5,0.0,11101011,520.08,1664,0.0,0.00,295.8,520.43,0.0,3.83, , 
,521.78,2144,82.5,0.0,11101001,521.11,2112,25.1,3.09,336.6,521.45,0.0,1.09, , 
,522.81,2144,82.5,-6.3,11101001,522.12,2144,65.1,9.27,734.4,522.46,0.0,1.09, , 
,523.81,2176,82.5,-10.9,11101001,523.14,2144,69.4,9.27,775.2,523.47,-10.2,1.41, , 
,524.83,2208,82.5,-11.3,11101001,524.15,2176,67.8,8.24,754.8,524.48,-11.3,1.52, , 
,525.85,2240,82.5,-10.9,11101001,525.17,2240,67.8,8.24,754.8,525.52,-11.3,1.48, , 
,526.87,2304,82.5,-9.8,11101001,526.19,2272,66.3,8.24,754.8,526.53,-10.5,1.56, , 
,527.88,2336,82.5,-7.0,11101001,527.20,2304,66.3,8.24,734.4,527.54,-7.4,1.45, , 
,528.90,2336,82.5,-5.9,11101001,528.22,2336,65.1,8.24,734.4,528.56,-6.6,1.45, , 
,529.92,2368,82.5,-6.6,11101001,529.24,2368,65.1,8.24,714.0,529.57,-6.3,1.48, , 
,530.92,2400,82.5,-5.9,11101001,530.25,2368,63.5,8.24,714.0,530.58,-6.3,1.45, , 
,531.96,2400,82.5,-5.9,11101001,531.27,2400,63.5,8.24,714.0,531.61,-5.9,1.45, , 
,533.04,2432,82.5,-6.3,11101001,532.32,2432,63.5,8.24,714.0,532.69,-5.9,1.45, , 
,534.10,2400,82.5,0.0,11101001,533.41,2432,48.6,5.15,571.2,533.74,0.0,1.60, , 
,535.13,2400,82.5,0.8,11101001,534.44,2400,17.6,2.06,275.4,534.81,0.8,1.45, , 
,536.13,2368,82.5,-2.0,11101001,535.45,2368,17.6,2.06,275.4,535.79,-1.2,1.48, , 
,537.12,2400,82.5,-9.8,11101001,536.47,2368,20.8,2.06,295.8,536.79,-10.2,1.09, , 
,538.15,2336,81.0,-3.9,11101001,537.45,2336,36.9,4.12,459.0,537.80,-5.1,1.60, , 
,539.15,2368,81.0,-0.4,11101001,538.48,2336,51.8,6.18,591.6,538.81,-2.0,1.52, , 
,540.15,2368,81.0,2.7,11101001,539.48,2368,54.5,7.21,632.4,539.82,2.0,1.52, , 
,541.17,2368,81.0,3.5,11101001,540.50,2368,54.5,7.21,612.0,540.84,3.1,1.45, , 
,542.19,2368,82.5,0.0,11101001,541.52,2368,53.3,7.21,612.0,541.85,3.9,1.41, , 
,543.17,2304,81.0,-7.4,11101001,542.52,2336,22.0,2.06,295.8,542.84,0.0,1.25, , 
,544.20,2304,81.0,-5.9,11101001,543.51,2336,20.8,2.06,275.4,543.85,-10.2,1.17, , 
,545.21,2272,81.0,-5.5,11101001,544.54,2272,34.1,4.12,418.2,544.88,-5.1,1.52, , 
,546.20,2240,81.0,0.4,11101001,545.54,2240,16.1,2.06,244.8,545.88,2.3,1.60, , 
,547.21,2240,81.0,0.0,11101001,546.55,2304,40.0,6.18,459.0,546.89,0.0,1.21, , 
,548.18,2272,81.0,-6.3,11101001,547.52,2240,72.2,10.30,795.6,547.85,-4.3,1.25, , 
,549.19,2304,81.0,-9.0,11101001,548.52,2272,72.2,9.27,795.6,548.86,-8.2,1.37, , 
,550.22,2336,81.0,-10.5,11101001,549.53,2304,72.2,9.27,795.6,549.87,-10.5,1.45, , 
,551.25,2400,81.0,-10.9,11101001,550.53,2368,71.0,9.27,795.6,550.91,-10.9,1.45, , 
,552.31,2432,81.0,0.0,11101001,551.61,2400,71.0,9.27,775.2,551.96,-9.8,1.52, , 
,553.36,2400,81.0,-3.9,11111101,552.65,2432,25.1,2.06,336.6,553.01,0.0,1.48, , 
,554.33,2368,81.0,0.0,11111101,553.69,2400,0.0,0.00,244.8,554.01,0.0,3.16, , 
,555.30,2336,81.0,0.0,11111101,554.64,2336,0.0,0.00,244.8,554.97,0.0,3.83, , 
,556.29,2272,81.0,0.0,11111101,555.63,2304,0.0,0.00,244.8,555.95,0.0,3.95, , 
,557.28,2240,81.0,0.0,11101001,556.63,2272,0.0,0.00,244.8,556.95,0.0,3.95, , 
,558.29,2240,81.0,0.0,11101001,557.62,2240,16.1,2.06,244.8,557.97,0.0,0.47, , 
,559.28,2240,81.0,0.0,11101001,558.63,2240,22.0,3.09,316.2,558.96,0.0,1.37, , 
,560.26,2272,81.0,0.8,11101001,559.61,2272,54.5,7.21,632.4,559.94,2.3,1.52, , 
,561.28,2336,81.0,1.2,11101001,560.60,2304,56.1,7.21,632.4,560.93,0.8,1.45, , 
,562.24,2400,81.0,3.5,11101001,561.60,2368,54.5,7.21,632.4,561.92,2.7,1.52, , 
,563.27,2432,81.0,2.3,11101001,562.59,2400,51.8,7.21,612.0,562.92,2.7,1.45, , 
,564.32,2464,81.0,3.9,11101001,563.61,2464,51.8,7.21,591.6,563.97,3.1,1.45, , 
,565.34,2496,81.0,2.3,11101001,564.67,2464,51.8,7.21,591.6,565.02,3.1,1.45, , 
,566.35,2496,81.0,1.2,11101001,565.69,2496,53.3,7.21,612.0,566.02,2.0,1.37, , 
,567.39,2528,81.0,0.0,11101001,566.68,2528,54.5,8.24,632.4,567.05,0.0,1.17, , 
,568.42,2560,81.0,-9.4,11101001,567.74,2528,79.6,11.33,887.4,568.08,-7.8,1.29, , 
,569.42,2560,81.0,-12.5,11101001,568.74,2560,84.3,11.33,907.8,569.08,-11.7,1.45, , 
,570.44,2592,79.5,0.0,11101001,569.76,2560,82.7,10.30,907.8,570.12,0.0,1.21, , 
,571.44,2560,79.5,0.8,11101001,570.77,2560,59.2,8.24,673.2,571.09,0.0,1.45, , 
,572.48,2560,79.5,1.2,11101001,571.79,2560,53.3,7.21,612.0,572.14,0.8,1.41, , 
,573.53,2560,79.5,0.8,11101001,572.83,2560,53.3,7.21,591.6,573.18,0.8,1.45, , 
,574.55,2560,81.0,0.8,11101001,573.86,2560,53.3,7.21,612.0,574.20,0.8,1.48, , 
,575.58,2592,79.5,0.8,11101001,574.87,2560,53.3,7.21,612.0,575.23,0.8,1.41, , 
,576.57,2592,79.5,2.0,11101001,575.91,2592,53.3,7.21,591.6,576.25,1.6,1.48, , 
,577.59,2592,79.5,1.2,11101001,576.94,2592,51.8,7.21,591.6,577.27,2.0,1.45, , 
,578.61,2624,79.5,2.7,11101001,577.92,2624,51.8,7.21,591.6,578.25,2.3,1.48, , 
,579.62,2624,79.5,2.3,11101001,578.95,2624,51.8,7.21,591.6,579.28,3.1,1.45, , 
,580.64,2624,79.5,2.7,11101001,579.96,2624,50.2,7.21,591.6,580.29,3.1,1.45, , 
,581.67,2624,79.5,2.7,11101001,580.97,2624,50.2,7.21,591.6,581.29,3.1,1.48, , 
,582.63,2592,79.5,0.0,11111101,581.99,2592,34.1,3.09,438.6,582.29,0.0,1.68, , 
,583.64,2528,79.5,0.0,11111101,582.96,2560,0.0,0.00,244.8,583.31,0.0,3.48, , 
,584.61,2496,79.5,0.0,11111101,583.99,2528,0.0,0.00,244.8,584.30,0.0,3.95, , 
,585.58,2464,81.0,0.0,11111101,584.94,2464,0.0,0.00,244.8,585.26,0.0,3.98, , 
,586.58,2432,79.5,0.0,11101001,585.91,2432,0.0,0.00,244.8,586.23,0.0,4.02, , 
,587.57,2400,79.5,-7.8,11101001,586.89,2400,17.6,2.06,275.4,587.22,0.0,0.82, , 
,588.63,2400,79.5,-3.5,11101001,587.91,2400,31.0,4.12,377.4,588.26,-2.7,1.60, , 
,589.63,2432,79.5,-6.3,11101001,588.96,2400,36.9,4.12,438.6,589.30,-3.1,1.48, , 
,590.66,2432,79.5,-8.2,11101001,589.97,2432,35.3,4.12,418.2,590.32,-8.2,1.37, , 
,591.72,2432,79.5,-8.2,11101001,591.01,2432,35.3,4.12,418.2,591.36,-8.2,1.52, , 
,592.76,2464,79.5,-4.7,11101001,592.08,2464,35.3,4.12,418.2,592.40,-6.3,1.56, , 
,593.82,2496,79.5,1.2,11101001,593.12,2464,45.9,6.18,520.2,593.48,-0.4,1.52, , 
,594.86,2528,79.5,4.3,11101001,594.17,2496,45.9,6.18,520.2,594.51,3.5,1.48, , 
,595.93,2528,79.5,6.6,11101001,595.23,2528,45.9,6.18,520.2,595.57,6.3,1.48, , 
,596.98,2528,79.5,2.3,11101001,596.28,2528,44.3,6.18,499.8,596.63,5.5,1.37, , 
,598.03,2496,79.5,-1.6,11101001,597.32,2528,31.0,4.12,377.4,597.68,-0.4,1.29, , 
,599.06,2496,79.5,-3.5,11101001,598.36,2496,29.4,3.09,357.0,598.70,-3.5,1.41, , 
,600.08,2464,79.5,-5.1,11101001,599.41,2464,29.4,3.09,377.4,599.73,-4.7,1.45, , 
,601.09,2432,79.5,0.0,11101001,600.41,2464,31.0,4.12,377.4,600.75,0.0,1.45, , 
,602.11,2432,79.5,1.6,11101001,601.43,2432,51.8,7.21,591.6,601.78,1.2,1.52, , 
,603.15,2400,79.5,2.7,11101001,602.44,2432,53.3,7.21,612.0,602.81,2.3,1.48, , 
,604.20,2400,79.5,-2.0,11101001,603.50,2400,59.2,8.24,652.8,603.84,-1.2,1.25, , 
,605.28,2400,79.5,-3.1,11101001,604.56,2400,59.2,8.24,673.2,604.92,-3.1,1.48, , 
,606.30,2400,79.5,-3.5,11101001,605.61,2400,57.6,7.21,652.8,605.98,-3.1,1.45, , 
,607.34,2400,79.5,-2.7,11101001,606.62,2400,57.6,8.24,652.8,607.00,-3.1,1.48, , 
,608.37,2400,79.5,-3.5,11101001,607.66,2400,57.6,8.24,652.8,608.05,-3.1,1.52, , 
,609.42,2400,79.5,-1.6,11101001,608.74,2400,57.6,7.21,652.8,609.10,-1.6,1.48, , 
,610.49,2400,79.5,-1.6,11101001,609.78,2400,57.6,8.24,652.8,610.11,-1.6,1.48, , 
,611.55,2400,79.5,-1.2,11101001,610.85,2400,56.1,7.21,652.8,611.20,-1.6,1.48, , 
,612.59,2432,79.5,-1.2,11101001,611.92,2400,56.1,7.21,632.4,612.26,-0.4,1.45, , 
,613.62,2400,79.5,0.0,11101001,612.94,2432,56.1,7.21,632.4,613.28,0.0,1.56, , 
,614.61,2400,81.0,0.8,11101001,613.94,2400,19.2,2.06,275.4,614.27,-0.4,1.48, , 
,615.65,2368,79.5,-6.6,11101001,614.96,2400,17.6,2.06,244.8,615.31,2.0,1.48, , 
,616.65,2336,79.5,-9.4,11101001,616.00,2368,22.0,2.06,295.8,616.32,-11.7,1.21, , 
,617.65,2368,79.5,-9.4,11101001,616.99,2336,45.9,6.18,520.2,617.31,-8.6,1.56, , 
,618.65,2368,79.5,-5.9,11101000,617.99,2368,59.2,7.21,673.2,618.32,-8.6,1.56, , 
,619.72,2368,79.5,0.0,11101001,618.99,2368,57.6,7.21,652.8,619.34,-3.1,1.56, , 
,620.78,2400,81.0,2.0,11101001,620.10,2400,56.1,7.21,632.4,620.45,1.2,1.45, , 
,621.79,2400,81.0,2.0,11101001,621.11,2400,56.1,7.21,632.4,621.47,2.3,1.48, , 
,622.83,2432,81.0,2.0,11101001,622.15,2400,54.5,7.21,632.4,622.49,2.0,1.41, , 
,623.91,2432,81.0,2.3,11101001,623.20,2432,54.5,7.21,632.4,623.54,2.3,1.45, , 
,624.94,2464,81.0,2.0,11101001,624.25,2432,54.5,7.21,632.4,624.60,2.0,1.48, , 
,625.98,2464,81.0,2.0,11101001,625.28,2432,53.3,7.21,612.0,625.62,2.3,1.45, , 
,627.03,2464,81.0,-0.4,11101001,626.32,2464,53.3,7.21,612.0,626.69,1.6,1.45, , 
,628.09,2464,81.0,0.4,11101001,627.39,2464,53.3,7.21,612.0,627.74,0.0,1.48, , 
,629.14,2464,81.0,0.0,11101001,628.43,2464,48.6,6.18,571.2,628.78,0.0,1.60, , 
,630.19,2432,81.0,-4.3,11101001,629.50,2464,28.2,3.09,357.0,629.84,-3.9,1.37, , 
,631.23,2432,81.0,-5.9,11101001,630.54,2432,28.2,3.09,357.0,630.90,-5.9,1.45, , 
,632.26,2400,81.0,-8.6,11101001,631.61,2400,28.2,3.09,357.0,631.94,-8.2,1.37, , 
,633.34,2368,81.0,-8.6,11101001,632.62,2400,31.0,3.09,377.4,632.96,-9.0,1.52, , 
,634.34,2336,81.0,-7.0,11101001,633.67,2368,31.0,4.12,397.8,634.00,-9.0,1.48, , 
,635.38,2336,81.0,0.4,11101001,634.68,2336,42.7,5.15,499.8,635.04,-3.9,1.56, , 
,636.41,2336,81.0,6.6,11101001,635.71,2336,47.1,6.18,571.2,636.05,4.3,1.56, , 
,637.42,2304,81.0,8.6,11101001,636.75,2336,47.1,6.18,550.8,637.09,8.6,1.45, , 
,638.45,2304,81.0,7.8,11101001,637.76,2304,47.1,7.21,550.8,638.11,9.0,1.41, , 
,639.47,2304,81.0,3.5,11101001,638.79,2304,54.5,7.21,632.4,639.13,4.3,1.33, , 
,640.49,2304,81.0,0.0,11101001,639.81,2304,54.5,7.21,632.4,640.15,-0.4,1.33, , 
,641.51,2336,81.0,-1.2,11101001,640.81,2336,56.1,7.21,632.4,641.17,-0.8,1.48, , 
,642.55,2336,81.0,-1.2,11101001,641.85,2336,56.1,7.21,632.4,642.18,-0.8,1.52, , 
,643.58,2336,81.0,0.0,11101001,642.89,2336,54.5,7.21,632.4,643.25,0.0,1.45, , 
,644.59,2368,81.0,-0.4,11101001,643.92,2368,54.5,7.21,632.4,644.25,-0.4,1.48, , 
,645.64,2368,81.0,0.4,11101001,644.94,2368,54.5,7.21,632.4,645.28,0.0,1.48, , 
,646.71,2400,81.0,0.8,11101001,645.98,2400,54.5,7.21,612.0,646.35,0.4,1.45, , 
,647.78,2432,81.0,0.4,11101001,647.07,2400,53.3,7.21,612.0,647.44,1.2,1.52, , 
,648.84,2432,81.0,0.4,11101001,648.12,2432,53.3,7.21,612.0,648.48,0.0,1.41, , 
,649.91,2464,81.0,1.2,11101001,649.19,2432,53.3,7.21,612.0,649.54,0.8,1.48, , 
,650.94,2464,81.0,1.2,11101001,650.24,2464,51.8,7.21,612.0,650.59,0.8,1.48, , 
,652.01,2464,82.5,1.6,11101001,651.29,2464,51.8,7.21,591.6,651.66,1.2,1.45, , 
,653.11,2464,81.0,0.8,11101001,652.38,2464,51.8,7.21,591.6,652.73,1.6,1.52, , 
,654.17,2432,81.0,1.6,11101001,653.46,2432,51.8,7.21,591.6,653.82,1.2,1.45, , 
,655.20,2432,81.0,0.4,11101001,654.51,2432,51.8,7.21,591.6,654.85,0.8,1.48, , 
,656.25,2432,81.0,0.8,11101001,655.56,2432,51.8,7.21,591.6,655.90,0.4,1.48, , 
,657.32,2432,81.0,0.8,11101001,656.60,2432,51.8,7.21,591.6,656.97,0.8,1.45, , 
,658.40,2432,81.0,1.2,11101001,657.68,2400,51.8,7.21,591.6,658.05,1.2,1.52, , 
,659.39,2400,81.0,1.2,11101001,658.74,2400,51.8,7.21,591.6,659.06,1.2,1.45, , 
,660.42,2400,81.0,1.2,11101001,659.72,2400,51.8,7.21,612.0,660.07,1.6,1.45, , 
,661.38,2368,81.0,2.3,11101001,660.74,2400,53.3,7.21,612.0,661.06,1.6,1.52, , 
,662.39,2368,81.0,0.4,11101001,661.73,2368,41.2,5.15,479.4,662.06,0.4,1.45, , 
,663.44,2368,81.0,0.0,11101001,662.74,2368,41.2,5.15,499.8,663.08,0.8,1.45, , 
,664.45,2336,81.0,-1.2,11101001,663.77,2368,42.7,5.15,499.8,664.10,-0.8,1.48, , 
,665.47,2336,81.0,-1.2,11101001,664.78,2336,41.2,5.15,499.8,665.12,-1.6,1.48, , 
,666.47,2336,81.0,-0.8,11101001,665.79,2336,41.2,5.15,499.8,666.13,-0.8,1.48, , 
,667.55,2336,81.0,-1.2,11101001,666.81,2336,41.2,5.15,479.4,667.17,-1.2,1.48, , 
,668.56,2336,81.0,-2.3,11101001,667.88,2336,38.4,5.15,459.0,668.23,-2.3,1.45, , 
,669.56,2336,81.0,-3.9,11101001,668.90,2336,38.4,5.15,459.0,669.24,-2.7,1.48, , 
,670.57,2304,81.0,-2.7,11101001,669.90,2336,22.0,2.06,295.8,670.24,-8.6,1.33, , 
,671.55,2272,81.0,-1.2,11101001,670.91,2304,17.6,2.06,244.8,671.22,-2.3,1.56, , 
,672.57,2208,82.5,0.0,11101001,671.88,2240,17.6,2.06,275.4,672.22,-2.7,1.37, , 
,673.58,2176,81.0,-6.6,11101001,672.91,2240,22.0,3.09,316.2,673.24,-7.4,1.25, , 
,674.60,2176,81.0,0.0,11101001,673.92,2176,42.7,5.15,499.8,674.26,0.0,1.33, , 
,675.63,2208,81.0,-5.1,11101001,674.94,2208,60.4,8.24,693.6,675.28,-5.1,1.41, , 
,676.64,2240,81.0,-4.7,11101001,675.97,2208,59.2,8.24,673.2,676.30,-5.1,1.52, , 
,677.65,2240,81.0,-3.1,11101001,676.98,2240,59.2,7.21,673.2,677.31,-3.9,1.48, , 
,678.66,2272,81.0,2.0,11101001,677.99,2240,53.3,7.21,612.0,678.32,0.0,1.52, , 
,679.67,2272,82.5,4.7,11101001,678.99,2272,51.8,7.21,591.6,679.32,4.7,1.56, , 
,680.69,2272,81.0,-4.7,11101001,680.01,2272,31.0,3.09,397.8,680.35,0.0,1.29, , 
,681.67,2272,82.5,2.7,11101001,681.03,2272,22.0,2.06,295.8,681.36,-10.5,1.21, , 
,682.66,2272,81.0,1.6,11101001,682.00,2240,16.1,2.06,244.8,682.34,7.0,1.80, , 
,683.65,2240,82.5,2.0,11101001,682.98,2240,16.1,2.06,244.8,683.31,2.0,1.45, , 
,684.65,2240,82.5,0.0,11111101,683.98,2240,16.1,2.06,244.8,684.31,3.9,1.56, , 
,685.62,2240,81.0,0.0,11111101,684.97,2240,0.0,0.00,275.4,685.29,0.0,3.83, , 
,686.63,2208,81.0,0.0,11111101,685.96,2208,0.0,0.00,244.8,686.30,0.0,3.91, , 
,687.65,2144,82.5,0.0,11111101,686.97,2176,0.0,0.00,244.8,687.31,0.0,3.95, , 
,688.66,2112,81.0,0.0,11111101,687.99,2144,0.0,0.00,244.8,688.32,0.0,3.91, , 
,689.70,2016,82.5,0.0,11111101,689.00,2080,0.0,0.00,244.8,689.35,0.0,3.91, , 
,690.77,1920,81.0,0.0,11111111,690.06,1984,0.0,0.00,244.8,690.40,0.0,3.95, , 
,691.85,1856,81.0,0.0,11111111,691.13,1888,0.0,0.00,275.4,691.48,0.0,3.95, , 
,692.88,1824,81.0,0.0,11111111,692.16,1856,0.0,0.00,295.8,692.51,0.0,3.95, , 
,693.99,1792,81.0,0.0,11101011,693.24,1792,19.2,3.09,295.8,693.59,0.0,1.29, , 
,695.04,1760,81.0,0.0,11101011,694.33,1792,22.0,3.09,316.2,694.67,0.8,1.45, , 
,696.15,1760,81.0,0.0,11101011,695.42,1760,28.2,3.09,377.4,695.79,-0.4,1.48, , 
,697.27,1760,81.0,-1.2,11101011,696.52,1760,28.2,3.09,377.4,696.90,-0.8,1.45, , 
,698.39,1760,81.0,-2.0,11101011,697.63,1760,28.2,3.09,377.4,698.00,-2.0,1.41, , 
,699.48,1728,81.0,-3.5,11101011,698.74,1760,28.2,3.09,377.4,699.09,-3.1,1.45, , 
,700.58,1728,81.0,-2.0,11101011,699.85,1728,36.9,4.12,459.0,700.21,-2.3,1.48, , 
,701.71,1728,81.0,1.2,11101011,700.95,1728,44.3,6.18,550.8,701.34,0.0,1.52, , 
,702.82,1728,81.0,3.9,11101011,702.07,1728,48.6,7.21,591.6,702.45,3.1,1.48, , 
,703.89,1696,81.0,5.5,11101011,703.19,1696,48.6,7.21,591.6,703.55,4.7,1.45, , 
,704.91,1664,81.0,7.0,11101011,704.24,1664,48.6,7.21,591.6,704.57,6.6,1.48, , 
,705.95,1632,81.0,6.6,11101011,705.25,1664,50.2,7.21,612.0,705.61,6.6,1.45, , 
,706.96,1600,81.0,5.5,11101011,706.30,1632,50.2,7.21,612.0,706.63,5.5,1.45, , 
,708.05,1568,81.0,4.7,11101011,707.34,1600,51.8,7.21,612.0,707.68,5.1,1.48, , 
,709.12,1536,81.0,0.0,11101011,708.39,1568,51.8,7.21,632.4,708.77,0.0,1.48, , 
,710.17,1536,81.0,-4.3,11101011,709.46,1568,66.3,9.27,775.2,709.83,-3.5,1.37, , 
,711.25,1536,81.0,0.0,11101011,710.56,1536,66.3,9.27,775.2,710.91,-5.1,1.48, , 
,712.36,1472,81.0,0.0,11111111,711.58,1536,31.0,3.09,418.2,712.00,0.0,1.72, , 
,713.41,1440,81.0,-3.9,11111111,712.69,1472,22.0,2.06,316.2,713.07,-2.3,1.37, , 
,714.47,1344,81.0,-2.3,11101011,713.74,1408,22.0,3.09,336.6,714.09,-3.5,1.48, , 
,715.53,1344,81.0,-2.7,11101011,714.83,1376,34.1,5.15,438.6,715.18,-3.1,1.45, , 
,716.57,1312,81.0,-1.2,11111111,715.89,1344,41.2,5.15,499.8,716.20,-1.6,1.52, , 
,717.55,992,81.0,0.0,11111111,716.91,1568,0.0,0.00,336.6,717.24,0.0,2.30, , 
,718.43,1024,81.0,0.0,11111111,717.86,1088,29.4,4.12,397.8,718.16,0.0,1.33, , 
,719.36,1344,81.0,0.0,11111111,718.74,1056,23.5,3.09,357.0,719.06,0.0,1.13, , 
,720.42,1920,81.0,0.0,11111111,719.69,1664,0.0,0.00,316.2,720.04,0.0,3.16, , 
,721.47,1824,81.0,0.0,11101011,720.77,1856,17.6,3.09,275.4,721.11,0.0,1.29, , 
,722.58,1792,81.0,-0.8,11101011,721.81,1792,23.5,3.09,336.6,722.19,-0.8,1.41, , 
,723.67,1824,81.0,0.0,11101011,722.96,1792,31.0,4.12,397.8,723.32,0.0,1.52, , 
,724.73,1984,81.0,-7.8,11101011,724.03,1888,76.9,11.33,867.0,724.38,0.0,0.94, , 
,725.76,2112,81.0,-13.3,11101001,725.08,2048,76.9,10.30,867.0,725.42,-11.7,1.37, , 
,726.76,2240,81.0,-15.2,11101001,726.10,2176,75.3,9.27,846.6,726.43,-14.8,1.52, , 
,727.82,2400,81.0,-12.9,11101001,727.11,2304,72.2,9.27,826.2,727.45,-14.1,1.52, , 
,728.83,2528,81.0,0.0,11101001,728.19,2432,72.2,9.27,795.6,728.52,-9.4,1.56, , 
,729.78,1120,81.0,0.0,11101011,729.16,2112,0.0,0.00,316.2,729.47,0.0,3.79, , 
,730.87,1856,81.0,0.0,11101011,730.12,1280,34.1,5.15,438.6,730.50,0.0,0.94, , 
,731.98,1888,81.0,1.6,11101011,731.25,1856,51.8,7.21,612.0,731.62,0.0,1.48, , 
,733.07,1920,81.0,2.3,11101011,732.34,1888,50.2,7.21,612.0,732.70,3.5,1.52, , 
,734.15,1984,81.0,3.9,11101011,733.44,1952,53.3,7.21,632.4,733.79,2.7,1.45, , 
,735.22,2048,81.0,1.6,11101001,734.52,2016,56.1,7.21,652.8,734.87,2.3,1.37, , 
,736.28,2080,81.0,0.8,11101001,735.57,2048,57.6,7.21,673.2,735.94,1.2,1.48, , 
,737.30,2144,81.0,0.8,11101001,736.62,2112,57.6,7.21,652.8,736.97,0.8,1.45, , 
,738.29,2176,81.0,0.0,11101001,737.62,2144,56.1,7.21,652.8,737.95,1.2,1.52, , 
,739.31,2240,81.0,0.0,11101001,738.63,2208,62.0,8.24,714.0,738.96,-2.0,1.33, , 
,740.30,2336,82.5,-7.8,11101001,739.65,2272,81.2,12.36,887.4,739.98,-5.9,1.25, , 
,741.34,2400,82.5,-11.3,11101001,740.64,2368,82.7,11.33,907.8,740.98,-10.5,1.41, , 
,742.35,2496,82.5,-12.1,11101001,741.68,2432,81.2,10.30,887.4,742.03,-12.1,1.52, , 
,743.37,2560,82.5,-10.9,11101001,742.68,2528,81.2,10.30,887.4,743.03,-12.1,1.48, , 
,744.38,2656,82.5,-10.5,11101001,743.72,2624,81.2,10.30,887.4,744.05,-10.5,1.48, , 
,745.38,2560,82.5,0.0,11111101,744.72,2688,81.2,10.30,887.4,745.05,-8.6,1.52, , 
,746.37,992,82.5,0.0,11101011,745.74,2048,0.0,0.00,316.2,746.06,0.0,3.87, , 
,747.47,2048,82.5,0.0,11101001,746.76,1440,32.5,5.15,418.2,747.12,0.0,0.70, , 
,748.53,2048,82.5,-1.6,11101001,747.82,2048,62.0,8.24,693.6,748.17,0.0,1.29, , 
,749.59,2080,82.5,-3.9,11101001,748.88,2080,66.3,8.24,754.8,749.25,-4.3,1.29, , 
,750.62,2112,82.5,-3.9,11101001,749.95,2080,66.3,8.24,754.8,750.29,-3.9,1.56, , 
,751.67,2144,82.5,-3.1,11101001,750.98,2112,65.1,8.24,734.4,751.32,-3.1,1.48, , 
,752.68,2176,82.5,-2.3,11101001,752.01,2144,65.1,8.24,734.4,752.35,-2.7,1.48, , 
,753.67,2176,82.5,-2.0,11101001,753.02,2176,65.1,8.24,734.4,753.34,-2.3,1.45, , 
,754.70,2208,82.5,-1.2,11101001,754.02,2208,63.5,8.24,714.0,754.36,-1.6,1.45, , 
,755.74,2208,82.5,-0.8,11101001,755.05,2208,63.5,8.24,714.0,755.41,-0.8,1.52, , 
,756.74,2240,82.5,-1.2,11101001,756.06,2240,63.5,8.24,714.0,756.39,-0.8,1.45, , 
,757.74,2272,82.5,0.0,11101001,757.08,2240,62.0,8.24,693.6,757.41,0.0,1.52, , 
,758.73,2272,82.5,4.7,11101001,758.08,2272,57.6,7.21,673.2,758.41,2.3,1.48, , 
,759.73,2304,82.5,6.6,11101001,759.07,2304,56.1,7.21,652.8,759.41,5.9,1.41, , 
,760.75,2304,82.5,6.6,11101001,760.08,2304,56.1,7.21,632.4,760.40,6.6,1.48, , 
,761.72,2336,82.5,6.6,11101001,761.07,2336,54.5,7.21,632.4,761.40,6.6,1.48, , 
,762.73,2336,82.5,7.8,11101001,762.04,2336,56.1,7.21,652.8,762.37,7.0,1.48, , 
,763.73,2368,82.5,5.1,11101001,763.06,2336,53.3,7.21,612.0,763.40,5.1,1.45, , 
,764.75,2368,82.5,5.1,11101001,764.06,2368,54.5,7.21,632.4,764.41,5.5,1.48, , 
,765.75,2368,82.5,4.7,11101001,765.09,2368,54.5,7.21,632.4,765.41,4.7,1.45, , 
,766.75,2400,82.5,3.5,11101001,766.09,2400,54.5,7.21,632.4,766.40,3.1,1.52, , 
,767.77,2400,82.5,2.7,11101001,767.06,2400,54.5,7.21,632.4,767.45,3.1,1.48, , 
,768.82,2400,82.5,3.5,11101001,768.13,2400,54.5,7.21,612.0,768.49,2.7,1.45, , 
,769.87,2400,82.5,3.9,11101001,769.18,2400,53.3,7.21,612.0,769.54,3.9,1.52, , 
,770.93,2432,82.5,2.7,11101001,770.22,2432,53.3,7.21,612.0,770.56,3.5,1.45, , 
,771.94,2432,82.5,0.8,11101001,771.26,2432,51.8,7.21,612.0,771.58,0.4,1.45, , 
,772.97,2432,82.5,0.8,11101001,772.27,2432,53.3,7.21,612.0,772.62,1.2,1.52, , 
,774.04,2432,82.5,0.8,11101001,773.32,2432,51.8,7.21,612.0,773.69,2.0,1.48, , 
,775.10,2464,82.5,1.2,11101001,774.39,2432,51.8,7.21,612.0,774.75,0.8,1.45, , 
,776.21,2464,82.5,0.8,11101001,775.46,2464,51.8,7.21,591.6,775.85,1.6,1.52, , 
,777.27,2464,82.5,1.2,11101001,776.57,2464,53.3,7.21,612.0,776.95,0.8,1.45, , 
,778.31,2496,82.5,0.4,11101001,777.59,2496,51.8,7.21,612.0,777.95,0.4,1.48, , 
,779.34,2496,82.5,0.8,11101001,778.66,2496,51.8,7.21,591.6,778.98,0.8,1.48, , 
,780.35,2496,82.5,1.2,11101001,779.66,2496,51.8,7.21,591.6,780.02,1.6,1.45, , 
,781.39,2528,82.5,2.0,11101001,780.72,2496,50.2,7.21,591.6,781.04,2.0,1.48, , 
,782.46,2528,82.5,2.3,11101001,781.75,2528,50.2,7.21,591.6,782.09,2.0,1.48, , 
,783.46,2528,82.5,2.3,11101001,782.79,2528,50.2,7.21,591.6,783.14,2.3,1.48, , 
,784.49,2528,82.5,2.0,11101001,783.79,2528,50.2,7.21,591.6,784.14,2.0,1.41, , 
,785.53,2560,82.5,2.7,11101001,784.83,2560,50.2,7.21,591.6,785.19,2.0,1.52, , 
,786.54,2560,82.5,4.3,11101001,785.88,2560,50.2,7.21,591.6,786.21,4.7,1.52, , 
,787.58,2592,82.5,5.5,11101001,786.90,2592,50.2,7.21,591.6,787.24,5.5,1.48, , 
,788.58,2592,82.5,6.6,11101001,787.92,2592,50.2,7.21,591.6,788.25,6.6,1.52, , 
,789.59,2592,82.5,6.3,11101001,788.92,2592,50.2,7.21,571.2,789.25,6.3,1.45, , 
,790.60,2592,82.5,6.6,11101001,789.95,2592,45.9,6.18,550.8,790.27,6.6,1.45, , 
,791.62,2624,82.5,6.3,11101001,790.94,2592,45.9,6.18,520.2,791.29,6.6,1.45, , 
,792.61,2624,82.5,2.3,11101001,791.95,2624,45.9,6.18,520.2,792.28,3.1,1.37, , 
,793.65,2624,82.5,0.8,11101001,792.95,2624,45.9,6.18,520.2,793.29,0.8,1.48, , 
,794.64,2624,82.5,5.5,11101001,793.98,2624,45.9,6.18,520.2,794.30,5.1,1.48, , 
,795.65,2624,82.5,6.6,11101001,794.98,2624,45.9,6.18,520.2,795.31,6.6,1.48, , 
,796.63,2624,82.5,8.6,11101001,795.97,2624,45.9,6.18,520.2,796.30,7.8,1.48, , 
,797.63,2560,82.5,0.0,11111101,796.96,2624,44.3,6.18,520.2,797.29,0.0,1.45, , 
,798.63,2528,82.5,0.0,11111101,797.96,2560,17.6,2.06,275.4,798.30,0.0,1.95, , 
,799.58,2464,82.5,0.0,11111101,798.95,2528,0.0,0.00,244.8,799.26,0.0,3.95, , 
,800.58,2400,82.5,0.0,11111101,799.92,2464,0.0,0.00,244.8,800.25,0.0,3.98, , 
,801.54,2368,82.5,0.0,11101001,800.89,2368,16.1,2.06,244.8,801.22,0.0,1.05, , 
,802.52,2304,82.5,9.0,11101001,801.86,2368,16.1,2.06,244.8,802.18,0.0,1.95, , 
,803.56,2272,82.5,4.3,11101001,802.87,2304,16.1,2.06,244.8,803.22,4.7,1.48, , 
,804.58,2208,82.5,5.9,11101001,803.89,2240,16.1,2.06,244.8,804.23,5.5,1.52, , 
,805.58,2176,82.5,1.6,11101001,804.90,2208,16.1,2.06,244.8,805.24,7.0,1.52, , 
,806.60,2176,82.5,0.0,11101001,805.92,2176,25.1,3.09,336.6,806.27,0.0,1.56, , 
,807.62,2176,82.5,-4.7,11101001,806.93,2176,71.0,10.30,795.6,807.28,0.0,1.17, , 
,808.63,2208,82.5,-7.4,11101001,807.96,2208,71.0,9.27,795.6,808.30,-7.4,1.45, , 
,809.64,2272,82.5,-8.2,11101001,808.98,2240,71.0,9.27,775.2,809.31,-7.8,1.52, , 
,810.65,2304,82.5,-8.2,11101001,809.98,2272,69.4,8.24,775.2,810.33,-7.4,1.52, , 
,811.67,2336,82.5,-8.2,11101001,811.00,2304,69.4,8.24,775.2,811.32,-8.2,1.41, , 
,812.69,2368,82.5,-5.9,11101001,812.00,2336,67.8,8.24,754.8,812.35,-7.8,1.48, , 
,813.67,2368,82.5,0.8,11101001,813.00,2368,53.3,7.21,612.0,813.37,-1.2,1.60, , 
,814.67,2368,82.5,0.0,11101001,813.99,2368,51.8,7.21,591.6,814.32,2.0,1.45, , 
,815.67,2368,82.5,-0.4,11101001,815.01,2368,20.8,2.06,295.8,815.34,-5.9,1.21, , 
,816.65,2336,82.5,-2.7,11101001,816.00,2336,17.6,2.06,244.8,816.33,2.7,1.60, , 
,817.64,2272,82.5,1.6,11101001,816.98,2304,17.6,2.06,244.8,817.31,2.3,1.45, , 
,818.66,2240,82.5,-3.1,11101001,817.98,2272,17.6,2.06,275.4,818.32,1.6,1.56, , 
,819.66,2208,82.5,4.3,11101001,818.99,2240,17.6,2.06,275.4,819.34,-5.1,1.17, , 
,820.69,2208,82.5,1.6,11101001,820.00,2208,16.1,2.06,244.8,820.34,4.3,1.52, , 
,821.71,2176,82.5,6.3,11101001,821.03,2208,16.1,2.06,244.8,821.37,7.4,1.48, , 
,822.75,2144,82.5,7.0,11101001,822.07,2176,16.1,2.06,244.8,822.40,3.5,1.33, , 
,823.77,2144,82.5,4.7,11101001,823.08,2144,16.1,2.06,244.8,823.42,6.3,1.56, , 
,824.82,2112,82.5,11.7,11101001,824.12,2112,16.1,2.06,244.8,824.46,5.9,1.41, , 
,825.89,2080,82.5,9.0,11101001,825.18,2112,14.9,2.06,244.8,825.55,13.3,1.72, , 
,826.92,2080,82.5,2.0,11101001,826.22,2080,14.9,2.06,244.8,826.56,16.0,1.68, , 
,827.95,2080,82.5,-0.4,11101001,827.26,2080,32.5,4.12,397.8,827.61,0.8,1.25, , 
,828.96,2080,82.5,-3.5,11101001,828.30,2080,36.9,4.12,459.0,828.63,-2.7,1.37, , 
,829.98,2080,82.5,-5.5,11101001,829.30,2080,38.4,4.12,459.0,829.63,-4.7,1.52, , 
,831.05,2048,82.5,-5.5,11101001,830.34,2080,38.4,5.15,479.4,830.70,-5.5,1.52, , 
,832.10,2048,82.5,-4.3,11101001,831.40,2048,38.4,4.12,479.4,831.75,-5.1,1.56, , 
,833.18,2016,82.5,0.8,11101001,832.46,2048,38.4,5.15,479.4,832.83,-2.0,1.56, , 
,834.24,2016,82.5,-1.6,11101001,833.55,2016,59.2,8.24,673.2,833.89,-2.7,1.37, , 
,835.29,2048,82.5,-5.5,11101001,834.59,2048,65.1,9.27,734.4,834.94,-3.9,1.45, , 
,836.38,2048,82.5,-9.8,11101001,835.64,2048,71.0,9.27,795.6,836.02,-7.8,1.41, , 
,837.42,2048,82.5,-11.3,11101001,836.73,2048,72.2,9.27,826.2,837.07,-10.5,1.48, , 
,838.48,2080,82.5,-11.3,11101001,837.78,2080,72.2,9.27,826.2,838.14,-11.7,1.48, , 
,839.54,2112,82.5,-9.0,11101001,838.84,2080,72.2,8.24,795.6,839.18,-10.9,1.48, , 
,840.57,2112,82.5,-9.0,11101001,839.89,2112,71.0,9.27,795.6,840.21,-9.0,1.48, , 
,841.59,2144,82.5,-7.8,11101001,840.93,2144,71.0,9.27,795.6,841.26,-8.6,1.48, , 
,842.61,2176,82.5,-7.4,11101001,841.94,2176,71.0,9.27,795.6,842.28,-7.4,1.45, , 
,843.61,2240,82.5,-5.9,11101001,842.95,2208,69.4,9.27,775.2,843.29,-7.0,1.52, , 
,844.59,2272,82.5,-1.6,11101001,843.93,2240,65.1,8.24,734.4,844.26,-2.7,1.56, , 
,845.58,2304,82.5,4.7,11101001,844.91,2272,56.1,7.21,632.4,845.23,2.7,1.52, , 
,846.59,2304,82.5,7.8,11101001,845.91,2304,53.3,7.21,612.0,846.25,6.3,1.48, , 
,847.65,2336,82.5,8.2,11101001,846.92,2336,51.8,7.21,591.6,847.27,7.8,1.41, , 
,848.71,2368,82.5,8.6,11101001,847.99,2336,51.8,7.21,591.6,848.34,8.6,1.45, , 
,849.71,2400,82.5,6.3,11101001,849.06,2368,50.2,7.21,591.6,849.40,5.9,1.45, , 
,850.79,2400,82.5,4.7,11101001,850.11,2400,50.2,7.21,591.6,850.44,3.9,1.41, , 
,851.84,2400,82.5,0.4,11101001,851.15,2400,40.0,5.15,479.4,851.51,2.3,1.37, , 
,852.87,2400,82.5,-2.3,11101001,852.20,2400,34.1,4.12,418.2,852.54,-1.2,1.41, , 
,853.94,2400,82.5,-3.5,11101001,853.22,2400,35.3,4.12,418.2,853.58,-3.1,1.45, , 
,854.99,2400,82.5,-9.4,11101001,854.27,2400,23.5,3.09,316.2,854.61,-6.3,1.37, , 
,856.01,2400,82.5,-8.2,11101001,855.34,2368,20.8,2.06,295.8,855.67,-12.5,1.21, , 
,856.96,2336,82.5,-12.1,11101001,856.31,2336,22.0,2.06,295.8,856.63,-10.5,1.60, , 
,857.99,2336,82.5,-15.2,11101001,857.31,2336,22.0,2.06,295.8,857.68,-10.2,1.60, , 
,859.00,2304,82.5,-10.9,11101001,858.31,2336,22.0,2.06,295.8,858.66,-16.0,1.29, , 
,859.99,2272,82.5,-14.5,11101001,859.34,2272,22.0,2.06,316.2,859.65,-13.3,1.60, , 
,861.01,2272,82.5,-15.6,11101001,860.32,2272,22.0,2.06,316.2,860.66,-9.8,1.68, , 
,861.99,2208,82.5,-11.7,11101001,861.34,2272,22.0,2.06,316.2,861.67,-15.2,1.41, , 
,863.00,2208,82.5,-13.3,11101001,862.33,2208,22.0,2.06,316.2,862.66,-10.2,1.72, , 
,864.01,2208,81.0,-15.6,11101001,863.35,2208,23.5,2.06,316.2,863.69,-15.2,1.45, , 
,865.02,2176,82.5,-9.4,11101001,864.34,2208,23.5,2.06,316.2,864.68,-15.2,1.45, , 
,866.08,2176,82.5,-7.8,11101001,865.36,2176,31.0,3.09,397.8,865.71,-8.2,1.60, , 
,867.08,2144,82.5,-4.3,11101001,866.42,2176,31.0,3.09,397.8,866.75,-4.7,1.52, , 
,868.10,2144,82.5,-1.6,11101001,867.41,2144,31.0,3.09,397.8,867.75,-3.5,1.45, , 
,869.13,2144,82.5,-0.4,11101001,868.44,2144,31.0,3.09,397.8,868.78,-0.8,1.48, , 
,870.19,2112,82.5,0.8,11101001,869.48,2112,31.0,4.12,397.8,869.82,0.8,1.48, , 
,871.22,2080,82.5,-0.4,11101001,870.54,2112,31.0,4.12,397.8,870.87,0.0,1.45, , 
,872.22,2080,82.5,1.6,11101001,871.55,2080,32.5,4.12,418.2,871.88,0.8,1.48, , 
,873.24,2080,82.5,8.6,11101001,872.57,2080,47.1,6.18,571.2,872.91,7.4,1.56, , 
,874.31,2080,82.5,11.7,11101001,873.60,2080,48.6,7.21,571.2,873.97,11.7,1.45, , 
,875.36,2048,81.0,-0.8,11101001,874.65,2080,28.2,3.09,377.4,875.01,0.0,1.48, , 
,876.42,1984,81.0,0.0,11101011,875.71,2048,26.7,3.09,357.0,876.06,-0.8,1.45, , 
,877.48,1984,81.0,7.8,11101011,876.76,2016,16.1,2.06,244.8,877.12,7.0,1.56, , 
,878.59,1920,82.5,0.0,11111111,877.84,1952,16.1,2.06,244.8,878.21,10.2,1.48, , 
,879.61,1888,81.0,0.0,11111111,878.93,1920,0.0,0.00,275.4,879.29,0.0,3.79, , 
,880.66,1856,81.0,0.0,11111111,879.96,1888,0.0,0.00,275.4,880.34,0.0,3.95, , 
,881.72,1792,81.0,0.0,11111111,881.01,1824,0.0,0.00,295.8,881.34,0.0,3.95, , 
,882.78,1728,81.0,0.0,11111111,882.07,1792,0.0,0.00,295.8,882.44,0.0,3.98, , 
,883.84,1664,81.0,0.0,11101011,883.13,1728,0.0,0.00,316.2,883.51,0.0,3.95, , 
,884.88,1664,81.0,0.0,11101011,884.19,1664,20.8,3.09,295.8,884.55,0.0,0.82, , 
,885.94,1664,81.0,-2.3,11101011,885.22,1664,22.0,2.06,316.2,885.59,-2.0,1.37, , 
,887.00,1632,81.0,-2.0,11101011,886.29,1664,22.0,2.06,316.2,886.64,-2.0,1.45, , 
,888.02,1632,81.0,-0.8,11101011,887.36,1632,22.0,2.06,316.2,887.69,-1.2,1.52, , 
,889.09,1600,81.0,1.2,11101011,888.37,1632,22.0,2.06,316.2,888.73,0.4,1.52, , 
,890.18,1600,81.0,2.0,11101011,889.47,1600,22.0,2.06,316.2,889.84,2.3,1.52, , 
,891.21,1568,81.0,1.6,11101011,890.55,1568,22.0,3.09,316.2,890.87,2.0,1.45, , 
,892.25,1568,81.0,-3.5,11101011,891.55,1568,22.0,3.09,316.2,891.87,0.4,1.41, , 
,893.31,1536,81.0,-5.5,11101011,892.60,1568,22.0,2.06,316.2,892.96,-5.1,1.37, , 
,894.28,1536,81.0,-2.3,11101011,893.62,1536,31.0,3.09,397.8,893.97,-2.7,1.52, , 
,895.29,1504,81.0,0.8,11101011,894.59,1536,36.9,4.12,459.0,894.92,-0.8,1.56, , 
,896.43,1504,81.0,3.9,11101011,895.68,1504,44.3,5.15,550.8,896.06,3.5,1.56, , 
,897.41,1536,81.0,5.1,11101011,896.72,1504,48.6,6.18,591.6,897.04,4.7,1.48, , 
,898.50,1504,81.0,5.5,11101011,897.76,1536,48.6,6.18,591.6,898.14,5.9,1.45, , 
,899.65,1536,81.0,4.7,11101011,898.88,1536,48.6,6.18,591.6,899.26,4.3,1.48, , 
,900.78,1536,81.0,4.3,11101011,900.03,1536,48.6,7.21,591.6,900.40,5.9,1.48, , 
,901.82,1536,81.0,4.3,11101011,901.14,1536,47.1,6.18,591.6,901.48,4.7,1.48, , 
,902.88,1536,81.0,4.3,11101011,902.19,1536,45.9,6.18,571.2,902.53,4.3,1.45, , 
,903.94,1568,81.0,4.3,11101011,903.24,1568,45.9,6.18,571.2,903.58,4.3,1.45, , 
,904.94,1600,81.0,4.3,11101011,904.28,1568,45.9,6.18,550.8,904.62,4.3,1.45, , 
,906.00,1600,81.0,3.1,11101011,905.28,1600,44.3,6.18,550.8,905.65,3.5,1.41, , 
,907.09,1632,81.0,3.5,11101011,906.35,1632,44.3,6.18,550.8,906.71,3.5,1.48, , 
,908.18,1664,81.0,3.9,11101011,907.43,1664,42.7,6.18,520.2,907.80,4.3,1.48, , 
,909.25,1696,81.0,3.1,11101011,908.55,1696,42.7,6.18,520.2,908.92,3.9,1.48, , 
,910.37,1696,81.0,2.7,11101011,909.64,1696,32.5,4.12,418.2,910.00,2.7,1.45, , 
,911.45,1728,81.0,2.3,11101011,910.72,1696,32.5,4.12,418.2,911.08,2.7,1.45, , 
,912.54,1728,81.0,2.7,11101011,911.83,1728,32.5,4.12,418.2,912.17,2.7,1.48, , 
,913.62,1728,81.0,2.7,11101011,912.93,1728,32.5,4.12,418.2,913.29,2.7,1.48, , 
,914.72,1728,81.0,2.3,11101011,913.98,1728,32.5,4.12,418.2,914.34,2.3,1.48, , 
,915.82,1728,81.0,1.6,11101011,915.07,1728,32.5,4.12,418.2,915.43,1.6,1.48, , 
,916.95,1728,81.0,1.2,11101011,916.22,1728,32.5,4.12,418.2,916.56,1.2,1.48, , 
,918.07,1728,81.0,1.2,11101011,917.33,1728,32.5,4.12,418.2,917.69,0.8,1.48, , 
,919.14,1760,81.0,0.8,11101011,918.44,1728,32.5,4.12,418.2,918.80,0.8,1.48, , 
,920.19,1760,81.0,0.0,11101011,919.48,1760,31.0,4.12,418.2,919.84,0.0,1.48, , 
,921.22,1728,81.0,2.0,11111111,920.53,1760,23.5,3.09,336.6,920.87,3.1,1.60, , 
,922.25,1728,81.0,0.0,11111111,921.55,1728,0.0,0.00,316.2,921.90,0.0,3.13, , 
,923.27,1696,81.0,0.0,11111111,922.58,1696,0.0,0.00,316.2,922.95,0.0,3.95, , 
,924.29,1664,81.0,0.0,11111111,923.63,1664,0.0,0.00,316.2,923.97,0.0,3.98, , 
,925.31,1632,81.0,0.0,11111111,924.64,1632,0.0,0.00,316.2,924.98,0.0,3.95, , 
,926.32,1568,81.0,0.0,11111111,925.67,1600,0.0,0.00,316.2,926.00,0.0,3.95, , 
,927.33,1536,81.0,0.0,11111111,926.64,1568,0.0,0.00,316.2,927.01,0.0,3.95, , 
,928.40,1504,81.0,0.0,11111111,927.66,1536,0.0,0.00,316.2,927.98,0.0,3.98, , 
,929.20,1472,81.0,0.0,11111111,928.67,1504,0.0,0.00,316.2,928.94,0.0,3.95, , 
,930.18,1440,81.0,0.0,11111111,929.47,1472,0.0,0.00,316.2,929.86,0.0,3.95, , 
,931.15,1440,81.0,0.0,11111111,930.49,1440,0.0,0.00,336.6,930.82,0.0,3.95, , 
,932.11,1408,81.0,0.0,11111111,931.49,1408,0.0,0.00,336.6,931.81,0.0,3.95, , 
,933.10,1344,81.0,0.0,11101011,932.43,1376,0.0,0.00,336.6,932.75,0.0,3.95, , 
,934.11,1344,81.0,0.0,11101011,933.45,1376,23.5,3.09,336.6,933.77,0.0,0.98, , 
,935.10,1344,81.0,-3.5,11101011,934.44,1344,25.1,3.09,357.0,934.77,-3.1,1.25, , 
,936.12,1344,81.0,-5.1,11101011,935.43,1344,25.1,3.09,357.0,935.76,-4.3,1.41, , 
,937.11,1344,81.0,-4.7,11101011,936.45,1344,25.1,3.09,357.0,936.76,-5.5,1.48, , 
,938.18,1344,81.0,0.0,11101011,937.46,1344,35.3,4.12,438.6,937.81,0.0,1.52, , 
,939.21,1376,81.0,-1.6,11101011,938.52,1376,45.9,6.18,571.2,938.85,0.0,1.45, , 
,940.24,1408,81.0,-7.8,11101011,939.53,1408,41.2,5.15,520.2,939.88,-5.5,1.33, , 
,941.23,1440,81.0,-9.8,11101011,940.61,1440,40.0,5.15,499.8,940.92,-9.4,1.41, , 
,942.31,1472,81.0,-9.8,11101011,941.69,1472,40.0,5.15,499.8,941.99,-9.8,1.52, , 
,943.47,1536,81.0,-3.9,11101011,942.75,1504,48.6,6.18,591.6,943.10,-5.5,1.60, , 
,944.51,1568,81.0,-2.0,11101011,943.83,1568,60.4,8.24,714.0,944.17,-2.0,1.48, , 
,945.62,1664,81.0,1.2,11101011,944.86,1600,60.4,8.24,714.0,945.24,0.4,1.52, , 
,946.72,1728,81.0,-0.8,11101011,945.99,1664,66.3,9.27,775.2,946.36,-0.4,1.48, , 
,947.82,1760,81.0,-0.8,11101011,947.08,1728,65.1,9.27,734.4,947.43,0.0,1.48, , 
,948.95,1824,81.0,0.8,11101011,948.20,1792,62.0,8.24,714.0,948.57,-0.4,1.48, , 
,950.06,1888,81.0,0.8,11101011,949.33,1856,60.4,8.24,693.6,949.68,0.8,1.45, , 
,951.16,1920,81.0,3.5,11101011,950.42,1888,59.2,8.24,693.6,950.79,2.0,1.52, , 
,952.27,1952,81.0,3.9,11101011,951.51,1952,57.6,8.24,673.2,951.88,3.5,1.52, , 
,953.35,1984,81.0,4.7,11101001,952.62,1984,57.6,8.24,673.2,952.98,4.7,1.45, , 
,954.40,2016,81.0,4.7,11101001,953.72,2016,56.1,7.21,652.8,954.06,4.3,1.45, , 
,955.46,2048,81.0,5.5,11101001,954.76,2048,56.1,7.21,652.8,955.09,5.5,1.48, , 
,956.49,2080,81.0,5.5,11101001,955.80,2048,54.5,7.21,632.4,956.13,5.9,1.52, , 
,957.57,2112,81.0,5.5,11101001,956.85,2112,54.5,7.21,632.4,957.20,5.1,1.45, , 
,958.60,2112,81.0,2.0,11101001,957.91,2112,56.1,7.21,652.8,958.25,2.3,1.52, , 
,959.66,2112,81.0,2.0,11101001,958.95,2112,54.5,7.21,632.4,959.29,1.6,1.45, , 
,960.70,2112,81.0,3.1,11101001,960.01,2112,54.5,7.21,632.4,960.35,3.1,1.52, , 
,961.76,2144,81.0,3.1,11101001,961.05,2112,53.3,7.21,632.4,961.41,3.5,1.45, , 
,962.79,2144,81.0,2.3,11101001,962.10,2144,53.3,7.21,632.4,962.46,3.1,1.52, , 
,963.84,2176,81.0,3.5,11101001,963.14,2144,53.3,7.21,612.0,963.51,3.5,1.45, , 
,964.84,2176,81.0,2.7,11101001,964.17,2176,47.1,6.18,550.8,964.51,0.0,1.64, , 
,965.87,2208,81.0,3.9,11101001,965.18,2176,44.3,6.18,520.2,965.52,3.9,1.52, , 
,966.91,2208,81.0,-3.1,11101001,966.21,2208,26.7,3.09,357.0,966.56,0.0,1.41, , 
,967.92,2208,81.0,-6.3,11101001,967.26,2208,23.5,3.09,316.2,967.57,-5.1,1.41, , 
,968.95,2208,81.0,-9.4,11101001,968.26,2208,23.5,3.09,316.2,968.61,-7.8,1.41, , 
,969.97,2176,81.0,-10.5,11101001,969.29,2208,23.5,3.09,316.2,969.63,-9.8,1.48, , 
,971.04,2176,81.0,-11.7,11101001,970.31,2176,23.5,2.06,316.2,970.67,-12.9,1.45, , 
,972.07,2144,81.0,-10.2,11101001,971.40,2176,26.7,3.09,357.0,971.73,-10.9,1.60, , 
,973.09,2144,81.0,-4.7,11101001,972.38,2144,34.1,4.12,418.2,972.74,-5.5,1.56, , 
,974.12,2144,81.0,-3.1,11101001,973.45,2144,34.1,4.12,418.2,973.78,-3.5,1.48, , 
,975.16,2144,81.0,2.0,11101001,974.47,2144,34.1,4.12,418.2,974.81,0.4,1.52, , 
,976.22,2144,81.0,6.6,11101001,975.54,2144,42.7,5.15,499.8,975.87,5.9,1.52, , 
,977.23,2144,81.0,10.9,11101001,976.54,2144,53.3,7.21,632.4,976.89,9.4,1.52, , 
,978.25,2176,81.0,11.3,11101001,977.59,2176,53.3,7.21,612.0,977.92,11.3,1.37, , 
,979.26,2176,81.0,11.3,11101001,978.59,2176,51.8,7.21,612.0,978.92,11.3,1.48, , 
,980.26,2208,81.0,8.2,11101001,979.60,2176,51.8,7.21,612.0,979.95,8.6,1.45, , 
,981.33,2208,81.0,8.6,11101001,980.63,2208,51.8,7.21,612.0,980.97,8.6,1.48, , 
,982.38,2208,81.0,6.3,11101001,981.67,2208,51.8,7.21,591.6,982.03,8.6,1.48, , 
,983.40,2208,81.0,5.9,11101001,982.71,2208,51.8,7.21,591.6,983.05,5.5,1.45, , 
,984.43,2208,81.0,6.6,11101001,983.76,2208,50.2,7.21,591.6,984.07,6.3,1.52, , 
,985.47,2240,81.0,3.9,11101001,984.78,2240,50.2,7.21,591.6,985.14,6.3,1.45, , 
,986.52,2208,81.0,4.7,11101001,985.81,2240,50.2,7.21,591.6,986.17,3.9,1.52, , 
,987.52,2208,81.0,0.0,11101001,986.87,2208,47.1,6.18,571.2,987.19,4.7,1.48, , 
,988.53,2176,81.0,-4.7,11101001,987.86,2176,25.1,3.09,336.6,988.20,-3.5,1.29, , 
,989.59,2112,81.0,-6.6,11101001,988.89,2144,23.5,3.09,336.6,989.24,-5.9,1.41, , 
,990.61,2080,81.0,-6.6,11101001,989.94,2112,25.1,3.09,336.6,990.28,-6.3,1.52, , 
,991.66,2080,81.0,-8.2,11101001,990.97,2080,28.2,3.09,357.0,991.31,-7.8,1.45, , 
,992.69,2048,81.0,-3.5,11101001,991.99,2080,48.6,6.18,571.2,992.34,-4.3,1.52, , 
,993.74,2048,81.0,0.8,11101001,993.03,2080,53.3,7.21,612.0,993.39,-0.8,1.52, , 
,994.76,2080,81.0,5.1,11101001,994.08,2080,51.8,7.21,612.0,994.41,3.5,1.52, , 
,995.81,2080,82.5,6.3,11101001,995.10,2080,51.8,7.21,612.0,995.45,6.6,1.41, , 
,996.86,2080,81.0,5.9,11101001,996.17,2080,51.8,7.21,612.0,996.53,5.9,1.45, , 
,997.88,2080,81.0,5.1,11101001,997.19,2080,51.8,7.21,612.0,997.52,5.5,1.45, , 
,998.88,2080,81.0,4.7,11101001,998.22,2080,51.8,7.21,612.0,998.55,4.7,1.45, , 
,999.92,2080,81.0,2.3,11101001,999.23,2080,50.2,7.21,591.6,999.57,2.3,1.48, , 
,1000.95,2080,82.5,2.7,11101001,1000.26,2080,50.2,7.21,591.6,1000.61,2.7,1.48, , 
,1002.02,2080,81.0,3.1,11101001,1001.30,2080,50.2,7.21,591.6,1001.66,3.1,1.52, , 
,1003.07,2048,82.5,2.0,11101001,1002.38,2080,50.2,7.21,591.6,1002.74,2.3,1.45, , 
,1004.14,2048,82.5,2.7,11101001,1003.42,2048,48.6,7.21,591.6,1003.78,2.7,1.52, , 
,1005.19,2080,82.5,2.7,11101001,1004.49,2048,48.6,6.18,591.6,1004.85,3.1,1.48, , 
,1006.26,2080,82.5,3.1,11101001,1005.54,2080,50.2,7.21,591.6,1005.90,2.7,1.48, , 
,1007.32,2080,82.5,2.3,11101001,1006.62,2080,48.6,6.18,591.6,1006.98,2.0,1.45, , 
,1008.37,2080,82.5,2.3,11101001,1007.67,2080,48.6,6.18,591.6,1008.01,1.6,1.52, , 
,1009.43,2080,82.5,3.1,11101001,1008.73,2080,48.6,6.18,571.2,1009.07,2.7,1.48, , 
,1010.49,2080,82.5,2.3,11101001,1009.79,2080,48.6,6.18,571.2,1010.13,2.3,1.48, , 
,1011.54,2112,82.5,0.0,11111101,1010.85,2080,48.6,6.18,571.2,1011.19,0.0,1.52, , 
,1012.59,2016,82.5,0.0,11111101,1011.89,2048,16.1,2.06,244.8,1012.24,0.0,2.42, , 
,1013.64,1952,82.5,0.0,11111111,1012.93,1984,0.0,0.00,244.8,1013.29,0.0,3.91, , 
,1014.77,1888,82.5,0.0,11101011,1014.01,1952,0.0,0.00,275.4,1014.38,0.0,3.95, , 
,1015.85,1856,82.5,0.0,11101011,1015.11,1856,17.6,2.06,275.4,1015.48,0.0,0.82, , 
,1016.97,1824,82.5,-1.6,11101011,1016.24,1824,25.1,3.09,357.0,1016.61,-1.6,1.45, , 
,1018.07,1824,82.5,1.2,11101011,1017.33,1824,36.9,5.15,459.0,1017.69,-1.2,1.52, , 
,1019.17,1824,82.5,-2.0,11101011,1018.45,1824,50.2,7.21,612.0,1018.81,0.4,1.45, , 
,1020.23,1824,82.5,0.0,11101011,1019.52,1824,51.8,7.21,612.0,1019.89,-2.7,1.48, , 
,1021.33,1856,82.5,-3.5,11101011,1020.59,1824,60.4,8.24,714.0,1020.96,-2.7,1.45, , 
,1022.45,1888,82.5,-3.1,11101011,1021.70,1856,59.2,8.24,693.6,1022.08,-4.7,1.45, , 
,1023.54,1920,82.5,-2.0,11101011,1022.81,1888,59.2,8.24,673.2,1023.17,-3.5,1.52, , 
,1024.65,1952,82.5,0.0,11101011,1023.91,1920,56.1,7.21,652.8,1024.27,-0.4,1.48, , 
,1025.75,1952,82.5,0.0,11101011,1025.02,1952,54.5,7.21,652.8,1025.38,0.8,1.45, , 
,1026.82,1952,82.5,0.8,11101011,1026.10,1952,41.2,5.15,499.8,1026.47,1.2,1.52, , 
,1027.91,1920,82.5,2.3,11101011,1027.19,1952,41.2,5.15,499.8,1027.54,1.6,1.52, , 
,1028.99,1920,82.5,4.7,11101011,1028.26,1920,42.7,6.18,520.2,1028.62,3.1,1.52, , 
,1030.11,1920,82.5,5.9,11101011,1029.36,1920,44.3,6.18,520.2,1029.73,6.3,1.45, , 
,1031.22,1920,82.5,3.9,11101011,1030.48,1920,45.9,6.18,550.8,1030.85,4.7,1.45, , 
,1032.30,1920,82.5,4.3,11101011,1031.58,1920,45.9,6.18,550.8,1031.94,3.9,1.48, , 
,1033.39,1888,82.5,-3.1,11101011,1032.66,1888,53.3,7.21,612.0,1033.02,1.6,1.41, , 
,1034.47,1888,82.5,-6.6,11101011,1033.75,1920,65.1,8.24,754.8,1034.11,-5.5,1.41, , 
,1035.54,1920,82.5,-7.8,11101011,1034.83,1920,65.1,8.24,754.8,1035.19,-7.4,1.52, , 
,1036.64,1920,82.5,-9.0,11101011,1035.90,1920,67.8,8.24,775.2,1036.27,-8.6,1.48, , 
,1037.72,1952,82.5,-9.0,11101011,1037.00,1920,72.2,9.27,826.2,1037.35,-10.9,1.48, , 
,1038.79,1952,82.5,-9.4,11101011,1038.07,1952,73.7,9.27,826.2,1038.44,-10.2,1.48, , 
,1039.89,1984,82.5,-8.6,11101011,1039.15,1952,72.2,9.27,826.2,1039.51,-8.6,1.45, , 
,1040.97,1984,82.5,-8.6,11101011,1040.24,1984,72.2,9.27,826.2,1040.60,-9.0,1.52, , 
,1042.03,1984,82.5,-7.0,11101001,1041.34,1984,72.2,9.27,826.2,1041.67,-6.6,1.48, , 
,1043.12,2048,82.5,-6.3,11101001,1042.39,2016,72.2,9.27,826.2,1042.74,-5.5,1.52, , 
,1044.16,2048,82.5,-4.7,11101001,1043.48,2048,71.0,9.27,795.6,1043.84,-6.6,1.48, , 
,1045.21,2080,82.5,-4.7,11101001,1044.52,2080,71.0,8.24,795.6,1044.87,-4.7,1.45, , 
,1046.28,2112,82.5,-4.3,11101001,1045.58,2080,72.2,9.27,826.2,1045.93,-4.3,1.52, , 
,1047.30,2144,82.5,-4.7,11101001,1046.60,2112,71.0,8.24,795.6,1046.94,-4.7,1.45, , 
,1048.34,2176,82.5,-3.1,11101001,1047.64,2144,71.0,9.27,795.6,1047.99,-3.9,1.48, , 
,1049.34,2208,82.5,-2.0,11101001,1048.66,2176,69.4,8.24,775.2,1048.99,-2.3,1.48, , 
,1050.38,2208,82.5,2.7,11101001,1049.68,2208,63.5,8.24,714.0,1050.03,1.2,1.52, , 
,1051.39,2240,82.5,5.9,11101001,1050.74,2240,59.2,8.24,673.2,1051.07,4.7,1.48, , 
,1052.39,2240,82.5,6.3,11101001,1051.71,2240,57.6,7.21,673.2,1052.06,5.9,1.41, , 
,1053.38,2272,82.5,6.6,11101001,1052.72,2240,57.6,8.24,673.2,1053.05,6.3,1.45, , 
,1054.40,2272,82.5,3.9,11101001,1053.72,2272,57.6,7.21,652.8,1054.06,6.3,1.45, , 
,1055.42,2304,82.5,4.7,11101001,1054.74,2272,57.6,7.21,652.8,1055.08,4.3,1.45, , 
,1056.47,2304,82.5,9.4,11101001,1055.77,2304,57.6,7.21,652.8,1056.14,5.9,1.60, , 
,1057.47,2304,82.5,12.5,11101001,1056.79,2304,45.9,6.18,550.8,1057.13,11.3,1.48, , 
,1058.48,2304,82.5,9.8,11101001,1057.82,2304,50.2,7.21,591.6,1058.14,10.9,1.33, , 
,1059.50,2304,82.5,3.5,11101001,1058.84,2304,57.6,8.24,652.8,1059.15,4.3,1.41, , 
,1060.51,2304,82.5,1.2,11101001,1059.82,2304,57.6,7.21,652.8,1060.16,3.1,1.48, , 
,1061.52,2336,82.5,-5.1,11101001,1060.84,2304,69.4,9.27,775.2,1061.20,-2.7,1.41, , 
,1062.54,2336,82.5,-10.2,11101001,1061.87,2336,81.2,11.33,907.8,1062.20,-9.4,1.41, , 
,1063.61,2368,82.5,-11.7,11101001,1062.88,2368,82.7,10.30,907.8,1063.22,-11.7,1.48, , 
,1064.65,2400,82.5,-12.5,11101001,1063.99,2400,82.7,10.30,907.8,1064.34,-12.5,1.48, , 
,1065.70,2464,82.5,-10.9,11101001,1065.00,2432,82.7,10.30,907.8,1065.34,-12.1,1.52, , 
,1066.76,2496,82.5,-9.8,11101001,1066.08,2464,81.2,10.30,887.4,1066.42,-10.2,1.45, , 
,1067.82,2528,82.5,-7.4,11101001,1067.10,2528,76.9,9.27,846.6,1067.46,-8.2,1.52, , 
,1068.83,2592,82.5,-6.3,11101001,1068.15,2560,73.7,9.27,826.2,1068.50,-6.3,1.52, , 
,1069.85,2624,82.5,-1.2,11101001,1069.17,2592,65.1,8.24,734.4,1069.52,-2.7,1.45, , 
,1070.87,2624,82.5,5.9,11101001,1070.18,2624,63.5,8.24,714.0,1070.52,2.3,1.52, , 
,1071.87,2656,82.5,10.2,11101001,1071.20,2624,53.3,7.21,612.0,1071.52,9.8,1.52, , 
,1072.86,2656,82.5,11.3,11101001,1072.20,2656,53.3,7.21,612.0,1072.54,11.7,1.45, , 
,1073.87,2656,82.5,12.9,11101001,1073.19,2656,51.8,7.21,591.6,1073.54,11.7,1.41, , 
,1074.86,2656,82.5,10.5,11101001,1074.20,2656,48.6,7.21,571.2,1074.52,10.5,1.45, , 
,1075.88,2656,82.5,6.3,11101001,1075.20,2656,38.4,5.15,459.0,1075.53,6.3,1.37, , 
,1076.91,2656,82.5,3.9,11101001,1076.23,2656,36.9,5.15,459.0,1076.56,4.7,1.41, , 
,1077.91,2656,82.5,-0.8,11101001,1077.26,2656,36.9,5.15,438.6,1077.57,0.0,1.41, , 
,1078.94,2624,82.5,-1.6,11101001,1078.26,2656,20.8,2.06,295.8,1078.59,-4.7,1.25, , 
,1079.92,2592,82.5,-8.6,11101001,1079.27,2624,19.2,2.06,275.4,1079.60,-1.6,1.64, , 
,1080.93,2592,82.5,-2.3,11101001,1080.26,2592,20.8,2.06,295.8,1080.59,-4.7,1.52, , 
,1081.95,2560,82.5,-2.3,11101001,1081.26,2560,35.3,4.12,438.6,1081.61,-1.6,1.45, , 
,1083.00,2560,82.5,1.2,11101001,1082.28,2560,44.3,6.18,520.2,1082.63,-1.2,1.52, , 
,1084.05,2560,82.5,5.5,11101001,1083.35,2560,45.9,6.18,520.2,1083.70,4.3,1.52, , 
,1085.08,2560,82.5,6.3,11101001,1084.39,2560,45.9,6.18,520.2,1084.74,6.6,1.41, , 
,1086.11,2560,82.5,7.0,11101001,1085.42,2560,45.9,6.18,520.2,1085.77,7.0,1.45, , 
,1087.14,2560,82.5,5.9,11101001,1086.45,2560,45.9,6.18,520.2,1086.80,6.3,1.45, , 
,1088.17,2560,82.5,5.9,11101001,1087.48,2560,45.9,6.18,550.8,1087.82,6.3,1.48, , 
,1089.19,2528,82.5,5.5,11101001,1088.51,2560,45.9,6.18,550.8,1088.86,5.9,1.41, , 
,1090.25,2528,82.5,5.1,11101001,1089.52,2528,45.9,6.18,550.8,1089.90,5.5,1.48, , 
,1091.28,2528,82.5,5.9,11101001,1090.58,2528,45.9,6.18,520.2,1090.91,5.9,1.52, , 
,1092.32,2528,82.5,7.0,11101001,1091.62,2528,47.1,6.18,550.8,1091.96,7.0,1.45, , 
,1093.40,2496,82.5,8.6,11101001,1092.70,2528,47.1,7.21,550.8,1093.04,8.6,1.48, , 
,1094.40,2496,82.5,8.6,11101001,1093.73,2496,48.6,7.21,571.2,1094.09,9.0,1.48, , 
,1095.41,2496,82.5,8.6,11101001,1094.74,2496,48.6,7.21,571.2,1095.07,8.2,1.45, , 
,1096.50,2464,82.5,8.6,11101001,1095.77,2496,48.6,7.21,571.2,1096.14,8.2,1.45, , 
,1097.54,2464,82.5,5.9,11101001,1096.85,2464,48.6,7.21,571.2,1097.20,7.4,1.48, , 
,1098.58,2432,82.5,2.7,11101001,1097.88,2432,48.6,7.21,571.2,1098.23,3.1,1.41, , 
,1099.60,2400,82.5,7.4,11101001,1098.92,2432,48.6,7.21,571.2,1099.27,6.3,1.52, , 
,1100.66,2400,82.5,9.0,11101001,1099.95,2400,50.2,7.21,591.6,1100.30,8.2,1.52, , 
,1101.67,2400,82.5,0.0,11101001,1101.02,2400,50.2,7.21,591.6,1101.35,9.0,1.45, , 
,1102.69,2400,82.5,8.6,11101001,1102.01,2400,62.0,8.24,693.6,1102.34,0.4,1.52, , 
,1103.78,2400,82.5,8.2,11101001,1103.04,2400,44.3,5.15,520.2,1103.39,0.0,1.84, , 
,1104.83,2368,82.5,8.2,11101001,1104.16,2368,26.7,3.09,336.6,1104.49,3.9,1.68, , 
,1105.83,2336,82.5,14.5,11101001,1105.17,2368,26.7,3.09,336.6,1105.49,14.8,1.56, , 
,1106.83,2336,82.5,16.0,11101001,1106.16,2336,26.7,3.09,357.0,1106.50,14.8,1.45, , 
,1107.82,2304,82.5,16.0,11101001,1107.16,2304,26.7,3.09,357.0,1107.49,16.0,1.48, , 
,1108.85,2272,82.5,15.2,11101001,1108.15,2304,26.7,3.09,357.0,1108.49,15.6,1.41, , 
,1109.86,2272,82.5,16.0,11101001,1109.19,2272,28.2,3.09,377.4,1109.52,16.4,1.45, , 
,1110.88,2240,82.5,9.8,11101001,1110.20,2272,31.0,3.09,397.8,1110.52,7.8,1.48, , 
,1111.92,2240,82.5,15.2,11101001,1111.22,2240,36.9,4.12,459.0,1111.57,14.1,1.56, , 
,1112.96,2240,82.5,19.9,11101001,1112.27,2240,40.0,5.15,479.4,1112.60,18.8,1.56, , 
,1113.97,2272,82.5,20.7,11101001,1113.29,2272,40.0,5.15,479.4,1113.63,21.1,1.41, , 
,1114.98,2272,82.5,18.8,11101001,1114.30,2272,40.0,5.15,479.4,1114.65,21.1,1.45, , 
,1115.98,2272,82.5,18.8,11101001,1115.30,2272,40.0,5.15,479.4,1115.64,18.8,1.45, , 
,1117.00,2272,82.5,15.6,11101001,1116.31,2272,40.0,5.15,479.4,1116.66,16.0,1.41, , 
,1118.00,2304,82.5,15.2,11101001,1117.32,2304,40.0,5.15,479.4,1117.65,15.2,1.48, , 
,1119.01,2304,82.5,12.5,11101001,1118.35,2304,40.0,5.15,479.4,1118.67,11.7,1.45, , 
,1120.05,2304,82.5,14.1,11101001,1119.36,2304,44.3,6.18,520.2,1119.70,13.7,1.52, , 
,1121.06,2304,82.5,9.8,11101001,1120.37,2304,56.1,8.24,632.4,1120.71,11.3,1.41, , 
,1122.09,2272,82.5,7.0,11101001,1121.40,2304,56.1,8.24,652.8,1121.75,7.0,1.41, , 
,1123.14,2272,82.5,6.6,11101001,1122.43,2272,56.1,8.24,652.8,1122.80,6.3,1.48, , 
,1124.16,2240,82.5,5.9,11101001,1123.47,2272,57.6,7.21,652.8,1123.80,5.9,1.45, , 
,1125.19,2208,82.5,5.1,11101001,1124.52,2240,57.6,8.24,652.8,1124.87,4.7,1.48, , 
,1126.22,2176,82.5,2.7,11101001,1125.53,2208,57.6,7.21,673.2,1125.87,3.5,1.45, , 
,1127.25,2176,82.5,1.6,11101001,1126.55,2176,59.2,8.24,673.2,1126.88,2.7,1.45, , 
,1128.26,2144,82.5,-3.1,11101001,1127.58,2176,72.2,9.27,795.6,1127.90,-2.0,1.45, , 
,1129.24,2144,82.5,-5.9,11101001,1128.59,2144,72.2,9.27,826.2,1128.91,-5.1,1.45, , 
,1130.28,2144,82.5,2.0,11101001,1129.57,2144,67.8,8.24,775.2,1129.93,0.0,1.52, , 
,1131.34,2112,82.5,3.9,11101001,1130.62,2112,59.2,7.21,673.2,1130.97,2.3,1.52, , 
,1132.38,2080,82.5,7.8,11101001,1131.69,2080,53.3,7.21,632.4,1132.03,6.3,1.52, , 
,1133.44,2048,82.5,8.2,11101001,1132.73,2048,54.5,7.21,632.4,1133.07,8.6,1.48, , 
,1134.51,2016,82.5,7.8,11101001,1133.79,2048,54.5,7.21,632.4,1134.16,7.8,1.45, , 
,1135.57,2016,82.5,7.4,11101001,1134.86,2016,54.5,7.21,632.4,1135.21,7.0,1.41, , 
,1136.63,2016,82.5,6.6,11101001,1135.91,2016,54.5,7.21,652.8,1136.27,7.0,1.52, , 
,1137.72,2016,82.5,6.6,11101001,1137.01,2016,54.5,7.21,652.8,1137.35,7.0,1.48, , 
,1138.79,2016,82.5,6.6,11101001,1138.08,2016,54.5,7.21,632.4,1138.45,6.3,1.48, , 
,1139.84,2048,82.5,6.6,11101001,1139.14,2048,54.5,7.21,632.4,1139.49,6.6,1.52, , 
,1140.88,2080,82.5,7.0,11101001,1140.19,2048,54.5,7.21,632.4,1140.52,6.6,1.48, , 
,1141.92,2080,82.5,7.4,11101001,1141.24,2080,54.5,7.21,632.4,1141.59,7.0,1.52, , 
,1142.94,2144,82.5,0.0,11101001,1142.28,2112,53.3,7.21,632.4,1142.61,7.4,1.45, , 
,1143.96,2144,82.5,-1.2,11101001,1143.27,2144,25.1,3.09,336.6,1143.62,0.0,1.56, , 
,1144.96,2112,82.5,-7.4,11101001,1144.29,2144,20.8,2.06,295.8,1144.60,-2.3,1.56, , 
,1145.99,2176,82.5,-0.8,11101001,1145.30,2176,20.8,2.06,295.8,1145.65,-7.8,1.29, , 
,1146.96,2176,82.5,-0.8,11111101,1146.32,2144,22.0,2.06,295.8,1146.63,0.0,1.76, , 
,1147.98,2144,82.5,0.0,11111101,1147.30,2176,0.0,0.00,244.8,1147.65,0.0,3.59, , 
,1148.98,2144,82.5,0.0,11111101,1148.32,2176,0.0,0.00,244.8,1148.65,0.0,3.95, , 
,1149.99,2144,82.5,0.0,11111101,1149.30,2144,0.0,0.00,244.8,1149.64,0.0,3.91, , 
,1151.00,2144,82.5,0.0,11111101,1150.32,2144,0.0,0.00,244.8,1150.66,0.0,3.95, , 
,1152.02,2176,82.5,0.0,11111101,1151.33,2144,0.0,0.00,244.8,1151.68,0.0,3.98, , 
,1153.04,2176,82.5,0.0,11111101,1152.37,2176,0.0,0.00,244.8,1152.71,0.0,3.95, , 
,1154.04,2176,82.5,0.0,11111101,1153.37,2176,0.0,0.00,244.8,1153.70,0.0,3.95, , 
,1155.04,2176,82.5,0.0,11111101,1154.36,2176,0.0,0.00,244.8,1154.70,0.0,3.91, , 
,1156.04,2176,82.5,0.0,11111101,1155.37,2176,0.0,0.00,244.8,1155.69,0.0,3.95, , 
,1157.06,2144,82.5,0.0,11111101,1156.37,2176,0.0,0.00,244.8,1156.72,0.0,3.91, , 
,1158.07,2080,82.5,0.0,11111101,1157.40,2144,0.0,0.00,244.8,1157.74,0.0,3.95, , 
,1159.15,1984,82.5,0.0,11111111,1158.42,2048,0.0,0.00,244.8,1158.77,0.0,3.91, , 
,1160.21,1888,82.5,0.0,11111111,1159.51,1952,0.0,0.00,244.8,1159.85,0.0,3.98, , 
,1161.26,1824,82.5,0.0,11111111,1160.58,1856,0.0,0.00,275.4,1160.92,0.0,3.95, , 
,1162.27,1760,82.5,0.0,11111111,1161.62,1824,0.0,0.00,295.8,1161.95,0.0,3.95, , 
,1163.28,1728,82.5,0.0,11111111,1162.60,1760,0.0,0.00,316.2,1162.92,0.0,3.98, , 
,1164.29,1696,82.5,0.0,11111111,1163.62,1728,0.0,0.00,316.2,1163.95,0.0,3.98, , 
,1165.27,1696,82.5,0.0,11111111,1164.62,1696,0.0,0.00,316.2,1164.93,0.0,3.98, , 
,1166.30,1664,81.0,0.0,11111111,1165.61,1664,0.0,0.00,316.2,1165.98,0.0,3.98, , 
,1167.32,1600,81.0,0.0,11111111,1166.64,1632,0.0,0.00,316.2,1166.98,0.0,3.98, , 
,1168.32,1568,81.0,0.0,11111111,1167.65,1600,0.0,0.00,316.2,1167.98,0.0,3.95, , 
,1169.40,1504,81.0,0.0,11111111,1168.64,1536,0.0,0.00,316.2,1168.96,0.0,3.98, , 
,1170.47,1472,81.0,0.0,11111111,1169.74,1472,0.0,0.00,316.2,1170.18,0.0,4.02, , 
,1171.46,1472,81.0,0.0,11101011,1170.77,1440,0.0,0.00,336.6,1171.09,0.0,3.98, , 
,1172.47,1440,81.0,0.0,11101011,1171.80,1440,29.4,4.12,377.4,1172.13,0.0,1.02, , 
,1173.51,1408,81.0,2.0,11111111,1172.82,1408,40.0,5.15,499.8,1173.18,0.8,1.52, , 
,1174.43,1088,81.0,0.0,11101011,1173.83,1568,0.0,0.00,397.8,1174.12,0.0,2.93, , 
,1175.54,1792,81.0,3.1,11101011,1174.81,1856,35.3,5.15,459.0,1175.16,0.0,1.25, , 
,1176.65,1792,81.0,6.6,11101011,1175.90,1792,38.4,5.15,479.4,1176.29,6.6,1.60, , 
,1177.68,1792,81.0,5.1,11101011,1176.99,1792,29.4,4.12,377.4,1177.35,5.5,1.41, , 
,1178.75,1792,81.0,5.1,11101011,1178.03,1792,29.4,4.12,377.4,1178.36,4.7,1.45, , 
,1179.87,1792,81.0,5.1,11101011,1179.14,1792,29.4,4.12,397.8,1179.50,4.7,1.48, , 
,1180.98,1760,81.0,7.0,11101011,1180.22,1760,29.4,4.12,397.8,1180.61,6.6,1.52, , 
,1182.05,1760,81.0,6.3,11101011,1181.32,1760,29.4,4.12,397.8,1181.67,6.3,1.48, , 
,1183.15,1760,81.0,6.6,11101011,1182.42,1760,29.4,4.12,397.8,1182.78,7.0,1.48, , 
,1184.28,1728,81.0,8.2,11101011,1183.53,1728,32.5,4.12,418.2,1183.91,8.2,1.52, , 
,1185.42,1728,81.0,8.6,11101011,1184.69,1728,32.5,4.12,418.2,1185.06,8.6,1.48, , 
,1186.57,1728,81.0,9.8,11101011,1185.81,1728,31.0,4.12,418.2,1186.16,9.4,1.48, , 
,1187.66,1728,81.0,9.8,11101011,1186.94,1728,34.1,5.15,438.6,1187.30,10.2,1.48, , 
,1188.77,1728,81.0,9.8,11101011,1188.02,1728,35.3,5.15,438.6,1188.41,10.9,1.48, , 
,1189.87,1760,81.0,10.5,11101011,1189.15,1728,40.0,5.15,479.4,1189.51,10.9,1.48, , 
,1190.97,1760,81.0,12.5,11101011,1190.25,1760,40.0,6.18,499.8,1190.59,11.3,1.52, , 
,1192.08,1792,81.0,10.9,11101011,1191.35,1760,41.2,6.18,499.8,1191.73,11.3,1.48, , 
,1193.16,1792,81.0,8.6,11101011,1192.45,1792,42.7,6.18,520.2,1192.83,9.0,1.45, , 
,1194.25,1824,81.0,7.0,11101011,1193.53,1792,41.2,6.18,520.2,1193.90,7.8,1.45, , 
,1195.31,1824,81.0,7.8,11101011,1194.61,1824,41.2,6.18,499.8,1194.97,7.0,1.48, , 
,1196.40,1856,81.0,6.6,11101011,1195.66,1856,47.1,7.21,571.2,1196.03,6.6,1.52, , 
,1197.55,1888,81.0,5.9,11101011,1196.78,1888,44.3,6.18,520.2,1197.16,6.3,1.52, , 
,1198.66,1920,81.0,5.5,11101011,1197.91,1888,41.2,6.18,499.8,1198.29,5.9,1.48, , 
,1199.77,1920,81.0,4.7,11101011,1199.02,1920,41.2,6.18,499.8,1199.40,4.7,1.45, , 
,1200.83,1920,81.0,4.7,11101011,1200.12,1920,40.0,5.15,499.8,1200.48,4.7,1.52, , 
,1201.91,1952,81.0,4.3,11101011,1201.19,1952,40.0,5.15,479.4,1201.55,4.3,1.48, , 
,1203.04,1952,81.0,3.1,11101011,1202.27,1952,40.0,5.15,479.4,1202.67,3.5,1.48, , 
,1204.11,1952,81.0,-1.6,11101011,1203.39,1952,26.7,3.09,357.0,1203.75,-2.3,1.33, , 
,1205.19,1920,81.0,0.4,11101011,1204.48,1920,23.5,3.09,336.6,1204.83,0.8,1.48, , 
,1206.27,1888,81.0,2.3,11101011,1205.55,1920,25.1,3.09,336.6,1205.91,3.1,1.52, , 
,1207.37,1888,81.0,2.7,11101011,1206.64,1888,25.1,3.09,357.0,1207.01,2.0,1.56, , 
,1208.49,1888,81.0,2.0,11101011,1207.74,1888,25.1,3.09,357.0,1208.10,2.3,1.48, , 
,1209.60,1856,81.0,2.7,11101011,1208.85,1856,26.7,3.09,357.0,1209.22,2.7,1.48, , 
,1210.71,1856,81.0,3.1,11101011,1209.95,1856,26.7,3.09,357.0,1210.34,2.7,1.52, , 
,1211.80,1824,81.0,1.6,11101011,1211.10,1856,26.7,3.09,357.0,1211.44,1.6,1.45, , 
,1212.90,1824,81.0,0.4,11101011,1212.17,1824,28.2,3.09,377.4,1212.52,0.8,1.48, , 
,1214.05,1824,81.0,3.5,11101011,1213.27,1824,28.2,3.09,377.4,1213.66,0.4,1.48, , 
,1215.15,1824,81.0,3.9,11101011,1214.44,1824,28.2,3.09,377.4,1214.79,3.9,1.48, , 
,1216.24,1792,81.0,5.9,11101011,1215.51,1792,28.2,3.09,377.4,1215.87,5.5,1.48, , 
,1217.34,1792,81.0,5.9,11101011,1216.62,1792,28.2,3.09,377.4,1216.98,5.9,1.48, , 
,1218.42,1792,81.0,5.5,11101011,1217.67,1792,29.4,3.09,377.4,1218.04,5.9,1.48, , 
,1219.53,1792,81.0,6.3,11101011,1218.79,1792,29.4,3.09,377.4,1219.15,5.5,1.48, , 
,1220.55,1792,81.0,5.9,11101011,1219.90,1792,29.4,3.09,377.4,1220.20,5.9,1.48, , 
,1221.58,1792,81.0,7.0,11101011,1220.91,1792,28.2,3.09,377.4,1221.23,7.0,1.48, , 
,1222.67,1792,81.0,7.8,11101011,1221.96,1792,29.4,3.09,377.4,1222.28,5.9,1.52, , 
,1223.77,1760,81.0,9.0,11101011,1223.04,1760,29.4,3.09,377.4,1223.42,8.6,1.48, , 
,1224.87,1760,81.0,9.4,11101011,1224.15,1792,29.4,3.09,377.4,1224.53,9.4,1.48, , 
,1225.95,1760,81.0,10.2,11101011,1225.23,1760,29.4,3.09,397.8,1225.59,9.8,1.48, , 
,1227.05,1760,81.0,10.5,11101011,1226.31,1760,29.4,3.09,397.8,1226.66,10.5,1.48, , 
,1228.17,1760,81.0,10.9,11101011,1227.43,1760,29.4,3.09,397.8,1227.80,10.5,1.48, , 
,1229.32,1760,81.0,9.4,11101011,1228.55,1760,29.4,4.12,397.8,1228.93,11.3,1.52, , 
,1230.43,1760,81.0,9.8,11101011,1229.67,1760,29.4,4.12,397.8,1230.04,9.4,1.48, , 
,1231.51,1760,81.0,9.0,11101011,1230.80,1760,29.4,4.12,377.4,1231.15,9.4,1.48, , 
,1232.60,1760,81.0,6.3,11101011,1231.86,1760,29.4,4.12,397.8,1232.25,8.2,1.45, , 
,1233.64,1760,81.0,5.9,11101011,1232.94,1760,29.4,3.09,397.8,1233.29,5.9,1.48, , 
,1234.72,1760,82.5,5.5,11101011,1234.00,1760,29.4,3.09,397.8,1234.38,5.5,1.48, , 
,1235.81,1760,81.0,5.5,11101011,1235.08,1760,29.4,3.09,377.4,1235.45,5.1,1.48, , 
,1236.92,1760,81.0,5.9,11101011,1236.19,1760,29.4,4.12,397.8,1236.54,5.5,1.48, , 
,1238.01,1760,81.0,5.1,11101011,1237.31,1760,29.4,3.09,397.8,1237.68,5.5,1.48, , 
,1239.07,1760,81.0,5.1,11101011,1238.37,1760,29.4,3.09,397.8,1238.70,5.1,1.48, , 
,1240.16,1760,81.0,6.3,11101011,1239.41,1760,29.4,3.09,397.8,1239.79,5.5,1.52, , 
,1241.21,1792,82.5,4.3,11101011,1240.48,1760,29.4,3.09,397.8,1240.87,4.3,1.45, , 
,1242.24,1792,82.5,2.7,11101011,1241.58,1792,29.4,3.09,377.4,1241.94,3.5,1.45, , 
,1243.31,1792,82.5,1.6,11101011,1242.62,1792,28.2,3.09,377.4,1243.00,2.0,1.45, , 
,1244.43,1792,82.5,0.8,11101011,1243.70,1792,29.4,3.09,377.4,1244.06,0.8,1.48, , 
,1245.52,1792,82.5,1.6,11101011,1244.79,1792,29.4,3.09,397.8,1245.15,0.8,1.52, , 
,1246.62,1792,82.5,2.0,11101011,1245.89,1792,29.4,3.09,397.8,1246.25,1.6,1.48, , 
,1247.71,1824,82.5,0.8,11101011,1247.00,1824,29.4,3.09,377.4,1247.37,1.2,1.45, , 
,1248.83,1824,82.5,1.2,11101011,1248.07,1824,28.2,3.09,377.4,1248.44,1.2,1.48, , 
,1249.96,1824,81.0,1.2,11111111,1249.21,1824,28.2,3.09,377.4,1249.59,2.7,1.48, , 
,1251.07,1792,82.5,0.0,11111111,1250.33,1792,20.8,2.06,295.8,1250.67,-2.3,1.29, , 
,1252.11,1760,82.5,0.0,11101011,1251.41,1760,0.0,0.00,295.8,1251.76,0.0,3.09, , 
,1253.11,1728,82.5,-2.0,11101011,1252.44,1760,19.2,2.06,295.8,1252.79,0.0,1.33, , 
,1254.19,1728,82.5,-0.8,11101011,1253.47,1728,22.0,2.06,316.2,1253.85,-2.3,1.48, , 
,1255.31,1696,82.5,1.2,11101011,1254.56,1728,22.0,2.06,316.2,1254.93,0.0,1.52, , 
,1256.36,1696,82.5,3.9,11101011,1255.66,1696,22.0,3.09,316.2,1256.01,2.3,1.56, , 
,1257.47,1696,82.5,6.6,11101011,1256.71,1696,29.4,3.09,377.4,1257.08,5.5,1.56, , 
,1258.53,1728,82.5,9.8,11101011,1257.82,1696,34.1,4.12,438.6,1258.16,9.4,1.52, , 
,1259.66,1728,82.5,6.3,11101011,1258.91,1728,34.1,4.12,418.2,1259.28,7.0,1.37, , 
,1260.72,1728,81.0,5.9,11101011,1260.02,1728,32.5,4.12,418.2,1260.38,6.3,1.45, , 
,1261.80,1728,82.5,5.5,11101011,1261.07,1728,32.5,4.12,418.2,1261.45,5.9,1.45, , 
,1262.88,1760,82.5,5.5,11101011,1262.17,1760,32.5,4.12,418.2,1262.53,5.5,1.48, , 
,1263.92,1728,82.5,4.3,11111111,1263.22,1760,26.7,3.09,357.0,1263.57,5.9,1.52, , 
,1264.94,1696,82.5,0.0,11111111,1264.25,1760,22.0,3.09,316.2,1264.59,0.0,1.45, , 
,1266.02,1664,82.5,0.0,11101011,1265.28,1696,20.8,3.09,316.2,1265.65,0.0,1.33, , 
,1267.12,1664,82.5,0.8,11101011,1266.39,1664,22.0,3.09,316.2,1266.77,0.8,1.52, , 
,1268.09,1664,82.5,1.6,11101011,1267.44,1664,22.0,3.09,316.2,1267.76,0.8,1.52, , 
,1269.19,1664,82.5,2.3,11101011,1268.46,1664,22.0,3.09,316.2,1268.83,2.3,1.52, , 
,1270.30,1664,82.5,4.7,11101011,1269.57,1664,23.5,3.09,336.6,1269.94,4.3,1.56, , 
,1271.38,1696,82.5,0.0,11101011,1270.67,1664,28.2,3.09,377.4,1271.02,5.9,1.52, , 
,1272.47,1728,82.5,3.1,11101011,1271.73,1696,53.3,7.21,632.4,1272.11,0.0,1.64, , 
,1273.56,1792,82.5,8.6,11101011,1272.85,1760,51.8,7.21,612.0,1273.22,6.3,1.60, , 
,1274.69,1856,82.5,6.3,11101011,1273.95,1824,59.2,8.24,693.6,1274.31,5.5,1.41, , 
,1275.83,1920,82.5,9.0,11101011,1275.06,1888,56.1,8.24,652.8,1275.45,7.0,1.45, , 
,1276.93,1984,82.5,5.5,11101011,1276.20,1952,59.2,8.24,673.2,1276.57,5.9,1.29, , 
,1278.00,2048,82.5,0.8,11101001,1277.28,2016,66.3,9.27,754.8,1277.65,2.3,1.45, , 
,1279.04,2144,82.5,0.0,11101001,1278.35,2080,65.1,8.24,754.8,1278.69,-0.4,1.45, , 
,1280.03,2176,82.5,0.8,11101001,1279.36,2144,65.1,8.24,734.4,1279.71,0.4,1.56, , 
,1281.06,2240,82.5,0.8,11101001,1280.38,2208,63.5,8.24,714.0,1280.72,1.2,1.48, , 
,1282.07,2304,82.5,3.5,11101001,1281.41,2272,62.0,8.24,714.0,1281.74,2.3,1.52, , 
,1283.11,2368,82.5,3.1,11101001,1282.41,2336,62.0,8.24,693.6,1282.76,3.9,1.52, , 
,1284.19,2432,82.5,3.9,11101001,1283.46,2400,60.4,8.24,693.6,1283.82,3.5,1.41, , 
,1285.25,2496,82.5,5.1,11101001,1284.53,2464,59.2,8.24,673.2,1284.91,4.3,1.52, , 
,1286.26,2560,82.5,5.5,11101001,1285.59,2528,59.2,8.24,673.2,1285.92,5.9,1.52, , 
,1287.28,2624,82.5,0.0,11101001,1286.60,2560,57.6,8.24,652.8,1286.95,6.3,1.41, , 
,1288.32,2688,82.5,-2.7,11101001,1287.62,2624,75.3,10.30,846.6,1287.96,-2.3,1.41, , 
,1289.34,2784,82.5,-9.4,11101001,1288.65,2720,81.2,11.33,887.4,1289.01,-6.3,1.37, , 
,1290.36,2880,82.5,0.0,11111101,1289.69,2816,87.1,11.33,948.6,1290.04,-11.7,1.48, , 
,1291.42,2176,82.5,0.0,11101001,1290.71,2336,0.0,0.00,295.8,1291.07,0.0,3.87, , 
,1292.46,2208,82.5,-3.5,11101001,1291.78,2176,28.2,3.09,377.4,1292.11,0.0,1.37, , 
,1293.47,2208,82.5,0.0,11101001,1292.81,2208,63.5,9.27,714.0,1293.15,0.0,1.05, , 
,1294.50,2144,82.5,0.0,11111101,1293.81,2240,88.6,14.42,969.0,1294.16,0.0,0.86, , 
,1295.51,2208,82.5,0.0,11111101,1294.83,2272,17.6,2.06,244.8,1295.17,0.0,2.93, , 
,1296.53,2080,82.5,0.0,11111101,1295.84,2176,0.0,0.00,244.8,1296.17,0.0,3.87, , 
,1297.59,2016,82.5,0.0,11111101,1296.89,2048,0.0,0.00,244.8,1297.25,0.0,3.87, , 
,1298.61,1984,84.0,0.0,11111111,1297.93,2016,0.0,0.00,244.8,1298.29,0.0,3.91, , 
,1299.69,1952,82.5,0.0,11101011,1298.97,1952,0.0,0.00,244.8,1299.34,0.0,3.95, , 
,1300.81,1888,82.5,0.0,11101011,1300.06,1920,16.1,2.06,244.8,1300.44,0.0,0.74, , 
,1301.92,1920,84.0,0.0,11101011,1301.17,1920,34.1,4.12,438.6,1301.55,0.0,1.52, , 
,1303.00,1920,84.0,-0.4,11101011,1302.29,1920,60.4,8.24,714.0,1302.65,-0.4,1.56, , 
,1304.08,1984,82.5,-4.3,11101011,1303.37,1952,71.0,10.30,795.6,1303.73,0.0,1.09, , 
,1305.17,2016,82.5,-6.6,11101001,1304.44,1984,72.2,9.27,826.2,1304.80,-5.9,1.48, , 
,1306.22,2048,82.5,-7.4,11101001,1305.52,2016,78.4,10.30,867.0,1305.87,-7.8,1.48, , 
,1307.29,2080,84.0,-5.9,11101001,1306.57,2048,76.9,9.27,867.0,1306.92,-7.0,1.48, , 
,1308.31,2112,82.5,-5.1,11101001,1307.62,2080,76.9,10.30,867.0,1307.97,-5.5,1.52, , 
,1309.37,2144,82.5,-1.6,11101001,1308.68,2112,72.2,9.27,826.2,1309.04,-3.1,1.48, , 
,1310.39,2144,82.5,0.0,11101001,1309.69,2144,62.0,8.24,714.0,1310.05,0.0,1.76, , 
,1311.43,2112,82.5,2.0,11101001,1310.72,2144,23.5,3.09,336.6,1311.07,2.3,1.60, , 
,1312.44,2112,82.5,7.4,11101001,1311.76,2112,44.3,5.15,520.2,1312.09,5.9,1.80, , 
,1313.48,2112,82.5,13.3,11101001,1312.80,2112,44.3,5.15,520.2,1313.14,11.7,1.64, , 
,1314.50,2080,82.5,17.2,11101001,1313.82,2080,44.3,6.18,520.2,1314.16,16.0,1.48, , 
,1315.55,2112,82.5,14.8,11101001,1314.85,2112,47.1,6.18,550.8,1315.19,18.8,1.33, , 
,1316.60,2112,84.0,9.4,11101001,1315.90,2112,62.0,8.24,714.0,1316.25,10.9,1.29, , 
,1317.62,2144,84.0,5.9,11101001,1316.92,2112,62.0,8.24,714.0,1317.27,7.0,1.37, , 
,1318.64,2144,82.5,5.1,11101001,1317.94,2144,62.0,8.24,714.0,1318.28,4.7,1.45, , 
,1319.69,2144,84.0,4.7,11101001,1319.00,2144,62.0,8.24,714.0,1319.35,5.1,1.52, , 
,1320.68,2176,82.5,5.5,11101001,1320.02,2176,62.0,8.24,714.0,1320.35,5.5,1.45, , 
,1321.69,2176,82.5,5.5,11101001,1321.01,2176,62.0,8.24,714.0,1321.35,5.1,1.52, , 
,1322.71,2176,82.5,5.9,11101001,1322.02,2176,62.0,8.24,714.0,1322.36,5.9,1.45, , 
,1323.74,2176,82.5,6.3,11101001,1323.03,2176,62.0,8.24,714.0,1323.39,6.3,1.52, , 
,1324.76,2176,84.0,5.5,11101001,1324.07,2176,62.0,8.24,714.0,1324.42,5.5,1.48, , 
,1325.77,2208,82.5,6.3,11101001,1325.09,2176,62.0,8.24,693.6,1325.43,6.3,1.45, , 
,1326.79,2208,82.5,5.9,11101001,1326.11,2176,62.0,8.24,693.6,1326.46,5.9,1.52, , 
,1327.83,2208,84.0,4.7,11101001,1327.13,2208,62.0,8.24,714.0,1327.49,5.9,1.45, , 
,1328.85,2240,84.0,1.2,11101001,1328.17,2208,67.8,9.27,775.2,1328.50,2.0,1.45, , 
,1329.87,2240,82.5,-0.8,11101001,1329.20,2240,69.4,8.24,775.2,1329.54,-0.4,1.48, , 
,1330.89,2240,82.5,-1.6,11101001,1330.21,2240,71.0,9.27,795.6,1330.55,-2.3,1.52, , 
,1331.89,2240,84.0,-2.0,11101001,1331.22,2240,71.0,9.27,795.6,1331.55,-1.6,1.48, , 
,1332.91,2272,82.5,-7.4,11101001,1332.23,2240,78.4,10.30,867.0,1332.56,-5.1,1.29, , 
,1333.93,2272,82.5,-12.1,11101001,1333.25,2272,85.5,11.33,928.2,1333.59,-10.9,1.48, , 
,1334.94,2304,84.0,-12.9,11101001,1334.26,2272,85.5,10.30,928.2,1334.60,-13.3,1.48, , 
,1335.95,2304,84.0,-13.3,11101001,1335.28,2304,84.3,11.33,928.2,1335.61,-12.9,1.52, , 
,1336.99,2336,84.0,-12.9,11101001,1336.30,2304,84.3,10.30,928.2,1336.64,-13.3,1.48, , 
,1337.98,2336,82.5,-12.9,11101001,1337.33,2336,84.3,10.30,928.2,1337.66,-12.9,1.45, , 
,1339.00,2368,84.0,-10.2,11101001,1338.33,2336,81.2,10.30,887.4,1338.67,-10.5,1.52, , 
,1340.02,2368,84.0,-7.4,11101001,1339.36,2368,79.6,10.30,887.4,1339.68,-9.0,1.52, , 
,1341.05,2368,84.0,-3.9,11101001,1340.35,2368,73.7,9.27,826.2,1340.70,-5.1,1.48, , 
,1342.09,2368,84.0,-3.1,11101001,1341.39,2368,72.2,9.27,795.6,1341.77,-3.1,1.48, , 
,1343.11,2368,84.0,-2.3,11101001,1342.44,2368,71.0,8.24,795.6,1342.78,-3.1,1.45, , 
,1344.17,2368,84.0,-3.1,11101001,1343.46,2368,71.0,9.27,795.6,1343.80,-2.7,1.41, , 
,1345.25,2336,84.0,-3.9,11101001,1344.54,2368,71.0,9.27,795.6,1344.89,-3.5,1.48, , 
,1346.24,2336,84.0,0.0,11101001,1345.58,2336,71.0,8.24,775.2,1345.91,0.0,1.72, , 
,1347.27,2304,84.0,11.3,11101001,1346.59,2304,50.2,6.18,591.6,1346.94,10.2,1.68, , 
,1348.27,2272,84.0,15.6,11101001,1347.60,2272,50.2,7.21,591.6,1347.93,14.8,1.56, , 
,1349.29,2240,84.0,16.8,11101001,1348.61,2240,51.8,7.21,591.6,1348.95,16.0,1.37, , 
,1350.32,2208,84.0,16.0,11101001,1349.62,2208,51.8,7.21,612.0,1349.97,16.4,1.41, , 
,1351.33,2176,84.0,11.3,11101001,1350.66,2176,53.3,7.21,612.0,1350.99,12.1,1.41, , 
,1352.35,2144,84.0,3.5,11101001,1351.66,2144,62.0,8.24,693.6,1352.01,5.9,1.33, , 
,1353.35,2112,84.0,2.0,11101001,1352.68,2144,62.0,8.24,693.6,1353.02,2.3,1.48, , 
,1354.39,2112,84.0,2.3,11101001,1353.67,2112,60.4,7.21,693.6,1354.03,1.6,1.48, , 
,1355.44,2080,84.0,3.1,11101001,1354.73,2112,60.4,8.24,693.6,1355.08,3.1,1.52, , 
,1356.48,2080,84.0,3.5,11101001,1355.78,2080,60.4,8.24,693.6,1356.13,3.1,1.45, , 
,1357.54,2080,84.0,0.8,11101001,1356.81,2080,62.0,8.24,714.0,1357.18,2.7,1.45, , 
,1358.58,2112,84.0,-4.7,11101001,1357.87,2080,69.4,9.27,795.6,1358.22,-2.7,1.37, , 
,1359.66,2112,84.0,-7.0,11101001,1358.93,2112,71.0,9.27,795.6,1359.28,-6.3,1.48, , 
,1360.70,2144,84.0,-5.1,11101001,1359.99,2112,71.0,8.24,795.6,1360.34,-5.5,1.52, , 
,1361.73,2176,84.0,-1.2,11101001,1361.05,2144,69.4,8.24,775.2,1361.39,-2.0,1.52, , 
,1362.74,2208,84.0,0.0,11101001,1362.07,2208,67.8,8.24,754.8,1362.39,0.0,1.76, , 
,1363.79,2240,84.0,10.9,11101001,1363.09,2240,51.8,6.18,591.6,1363.45,8.6,1.64, , 
,1364.80,2272,84.0,16.0,11101001,1364.12,2272,50.2,6.18,591.6,1364.45,14.5,1.56, , 
,1365.83,2304,84.0,17.6,11101001,1365.14,2304,41.2,5.15,479.4,1365.50,18.0,1.45, , 
,1366.85,2336,84.0,15.6,11101001,1366.15,2336,40.0,5.15,479.4,1366.50,16.4,1.37, , 
,1367.87,2400,84.0,11.7,11101001,1367.23,2368,38.4,5.15,459.0,1367.55,12.1,1.41, , 
,1368.86,2400,84.0,0.0,11111101,1368.22,2400,38.4,5.15,459.0,1368.54,0.0,1.33, , 
,1369.88,2432,84.0,0.0,11111101,1369.20,2432,16.1,2.06,244.8,1369.55,0.0,2.73, , 
,1370.86,2432,84.0,0.0,11111101,1370.20,2432,0.0,0.00,244.8,1370.54,0.0,3.95, , 
,1371.88,2432,84.0,0.0,11111101,1371.21,2432,0.0,0.00,244.8,1371.53,0.0,3.95, , 
,1372.85,2432,84.0,0.0,11111101,1372.19,2432,0.0,0.00,244.8,1372.51,0.0,3.91, , 
,1373.81,2432,84.0,0.0,11111101,1373.16,2432,0.0,0.00,244.8,1373.48,0.0,3.95, , 
,1374.84,2432,84.0,0.0,11111101,1374.16,2432,0.0,0.00,244.8,1374.49,0.0,4.02, , 
,1375.82,2432,84.0,0.0,11111101,1375.17,2432,0.0,0.00,244.8,1375.49,0.0,3.91, , 
,1376.82,2432,84.0,0.0,11111101,1376.14,2432,0.0,0.00,244.8,1376.48,0.0,3.98, , 
,1377.79,2432,84.0,0.0,11111101,1377.14,2432,0.0,0.00,244.8,1377.47,0.0,3.95, , 
,1378.78,2432,84.0,0.0,11111101,1378.12,2432,0.0,0.00,244.8,1378.45,0.0,3.91, , 
,1379.76,2432,82.5,0.0,11111101,1379.10,2432,0.0,0.00,244.8,1379.43,0.0,4.02, , 
,1380.75,2432,82.5,0.0,11111101,1380.08,2432,0.0,0.00,244.8,1380.42,0.0,4.02, , 
,1381.76,2432,82.5,0.0,11111101,1381.08,2432,0.0,0.00,244.8,1381.42,0.0,3.98, , 
,1382.74,2432,82.5,0.0,11111101,1382.09,2432,0.0,0.00,244.8,1382.43,0.0,3.95, , 
,1383.73,2432,82.5,0.0,11111101,1383.07,2432,0.0,0.00,244.8,1383.39,0.0,4.02, , 
,1384.75,2432,82.5,0.0,11111101,1384.06,2432,0.0,0.00,244.8,1384.39,0.0,3.95, , 
,1385.74,2432,82.5,0.0,11111101,1385.09,2432,0.0,0.00,244.8,1385.42,0.0,3.98, , 
,1386.72,2400,82.5,0.0,11111101,1386.06,2432,0.0,0.00,244.8,1386.40,0.0,4.02, , 
,1387.71,2400,82.5,0.0,11111101,1387.04,2400,0.0,0.00,244.8,1387.39,0.0,4.02, , 
,1388.69,2368,82.5,0.0,11111101,1388.04,2400,0.0,0.00,244.8,1388.36,0.0,4.02, , 
,1389.66,2336,82.5,0.0,11111101,1389.02,2368,0.0,0.00,244.8,1389.35,0.0,3.98, , 
,1390.66,2336,82.5,0.0,11111101,1389.99,2336,0.0,0.00,244.8,1390.33,0.0,4.02, , 
,1391.65,2304,82.5,0.0,11111101,1391.00,2304,0.0,0.00,244.8,1391.32,0.0,3.91, , 
,1392.64,2272,82.5,0.0,11111101,1391.97,2272,0.0,0.00,244.8,1392.30,0.0,4.02, , 
,1393.68,2240,81.0,0.0,11111101,1392.98,2240,0.0,0.00,244.8,1393.33,0.0,4.02, , 
,1394.66,2176,82.5,0.0,11111101,1393.99,2208,0.0,0.00,244.8,1394.32,0.0,4.02, , 
,1395.66,2144,81.0,0.0,11111101,1395.00,2176,0.0,0.00,244.8,1395.33,0.0,3.95, , 
,1396.69,2144,81.0,0.0,11101001,1396.00,2144,16.1,3.09,244.8,1396.36,0.0,1.68, , 
,1397.73,2112,81.0,1.6,11101001,1397.03,2112,25.1,3.09,336.6,1397.38,-0.8,1.45, , 
,1398.79,2144,81.0,6.6,11101001,1398.09,2112,42.7,5.15,499.8,1398.44,5.1,1.56, , 
,1399.80,2112,81.0,0.0,11101001,1399.11,2144,40.0,5.15,479.4,1399.46,9.4,1.60, , 
,1400.86,2112,81.0,2.0,11101001,1400.15,2112,22.0,2.06,295.8,1400.50,-2.3,1.45, , 
,1401.88,2080,81.0,0.4,11101001,1401.21,2144,19.2,2.06,295.8,1401.54,2.3,1.52, , 
,1402.93,2080,81.0,1.6,11101001,1402.21,2048,20.8,2.06,295.8,1402.56,-0.4,1.48, , 
,1403.99,2048,81.0,-0.8,11101001,1403.28,2016,20.8,2.06,295.8,1403.63,1.6,1.52, , 
,1405.03,2016,81.0,3.1,11101001,1404.34,2080,20.8,2.06,295.8,1404.68,0.0,1.41, , 
,1406.11,1952,81.0,-0.8,11101011,1405.40,1984,20.8,2.06,295.8,1405.75,0.0,1.48, , 
,1407.20,1984,81.0,0.0,11101011,1406.47,1952,20.8,2.06,295.8,1406.83,-1.6,1.41, , 
,1408.28,1952,81.0,-1.6,11101011,1407.56,1952,22.0,2.06,316.2,1407.93,-2.0,1.45, , 
,1409.38,1920,81.0,-0.4,11101011,1408.65,1920,22.0,2.06,316.2,1409.01,-1.2,1.48, , 
,1410.47,1888,79.5,0.4,11101011,1409.74,1920,23.5,3.09,316.2,1410.10,0.4,1.52, , 
,1411.59,1888,81.0,3.9,11101011,1410.84,1888,25.1,3.09,336.6,1411.21,3.9,1.56, , 
,1412.69,1856,81.0,6.6,11101011,1411.96,1856,25.1,3.09,357.0,1412.32,6.3,1.52, , 
,1413.80,1856,79.5,8.2,11101011,1413.06,1856,29.4,3.09,377.4,1413.43,7.8,1.45, , 
,1414.91,1856,79.5,3.5,11111111,1414.16,1824,23.5,3.09,336.6,1414.55,6.6,1.33, , 
,1415.97,1792,79.5,0.0,11111111,1415.27,1824,0.0,0.00,295.8,1415.63,0.0,3.44, , 
,1417.01,1728,79.5,0.0,11111111,1416.32,1760,0.0,0.00,316.2,1416.64,0.0,3.95, , 
,1418.03,1696,79.5,0.0,11111111,1417.37,1728,0.0,0.00,316.2,1417.70,0.0,3.98, , 
,1419.07,1664,79.5,0.0,11111111,1418.39,1696,0.0,0.00,316.2,1418.73,0.0,3.98, , 
,1420.11,1600,79.5,0.0,11111111,1419.39,1632,0.0,0.00,316.2,1419.74,0.0,3.98, , 
,1421.19,1600,79.5,0.0,11101011,1420.46,1600,0.0,0.00,316.2,1420.81,0.0,3.52, , 
,1422.32,1568,79.5,2.3,11101011,1421.56,1568,23.5,3.09,336.6,1421.92,0.0,1.13, , 
,1423.39,1568,79.5,3.5,11101011,1422.69,1568,29.4,3.09,397.8,1423.03,2.7,1.56, , 
,1424.45,1536,79.5,5.9,11101011,1423.76,1536,29.4,4.12,377.4,1424.10,5.5,1.52, , 
,1425.53,1536,79.5,8.2,11101011,1424.84,1536,28.2,4.12,377.4,1425.19,7.8,1.52, , 
,1426.62,1536,79.5,10.5,11101011,1425.90,1536,28.2,4.12,377.4,1426.25,10.2,1.52, , 
,1427.69,1536,79.5,10.5,11101011,1426.98,1536,29.4,4.12,377.4,1427.35,11.3,1.45, , 
,1428.82,1504,81.0,6.3,11101011,1428.06,1536,29.4,4.12,377.4,1428.43,7.4,1.37, , 
,1429.91,1536,79.5,5.9,11101011,1429.20,1536,29.4,4.12,397.8,1429.60,5.9,1.41, , 
,1430.99,1504,79.5,3.5,11101011,1430.20,1536,29.4,4.12,397.8,1430.59,2.7,1.45, , 
,1431.97,1504,79.5,4.7,11101011,1431.34,1504,40.0,5.15,499.8,1431.63,4.3,1.52, , 
,1432.99,1536,79.5,0.0,11101011,1432.32,1536,41.2,5.15,499.8,1432.66,5.9,1.52, , 
,1434.07,1536,79.5,0.0,11101011,1433.36,1536,45.9,6.18,571.2,1433.70,0.0,1.60, , 
,1435.14,1536,79.5,1.2,11101011,1434.40,1536,22.0,2.06,316.2,1434.77,0.0,1.48, , 
,1436.21,1504,79.5,2.3,11101011,1435.51,1536,23.5,3.09,336.6,1435.90,1.6,1.52, , 
,1437.26,1504,79.5,3.1,11101011,1436.54,1504,23.5,3.09,336.6,1436.90,2.3,1.52, , 
,1438.35,1504,79.5,3.1,11101011,1437.52,1504,25.1,3.09,336.6,1437.89,3.9,1.52, , 
,1439.32,1504,79.5,0.0,11101011,1438.64,1504,47.1,6.18,571.2,1438.94,0.0,1.60, , 
,1440.41,1536,79.5,1.6,11101011,1439.69,1504,59.2,8.24,693.6,1440.06,1.2,1.56, , 
,1441.49,1536,79.5,3.9,11101011,1440.77,1536,57.6,8.24,693.6,1441.11,2.7,1.52, , 
,1442.59,1568,81.0,7.0,11101011,1441.86,1568,56.1,7.21,673.2,1442.21,5.9,1.52, , 
,1443.67,1600,81.0,8.6,11101011,1442.96,1600,56.1,7.21,652.8,1443.30,8.6,1.48, , 
,1444.70,1632,81.0,9.0,11101011,1444.02,1600,54.5,8.24,652.8,1444.34,9.4,1.48, , 
,1445.80,1632,79.5,7.0,11101011,1445.07,1632,54.5,8.24,652.8,1445.42,7.0,1.48, , 
,1446.90,1664,79.5,7.8,11101011,1446.14,1632,53.3,7.21,632.4,1446.52,7.4,1.48, , 
,1448.01,1664,81.0,9.8,11101011,1447.26,1664,51.8,7.21,612.0,1447.65,9.4,1.52, , 
,1449.09,1696,81.0,10.9,11101011,1448.34,1664,51.8,7.21,612.0,1448.71,10.5,1.45, , 
,1450.16,1696,81.0,7.8,11101011,1449.47,1664,51.8,7.21,612.0,1449.81,8.2,1.48, , 
,1451.25,1728,81.0,7.8,11101011,1450.52,1696,50.2,7.21,612.0,1450.90,7.8,1.48, , 
,1452.30,1728,81.0,7.4,11101011,1451.60,1728,50.2,7.21,612.0,1451.94,7.8,1.48, , 
,1453.40,1760,81.0,0.0,11101011,1452.67,1728,50.2,7.21,591.6,1453.05,7.4,1.52, , 
,1454.48,1824,81.0,0.0,11101011,1453.75,1760,71.0,10.30,795.6,1454.12,0.0,1.25, , 
,1455.56,1856,81.0,-7.4,11101011,1454.83,1824,82.7,13.39,928.2,1455.20,-5.9,1.21, , 
,1456.65,1920,81.0,-10.2,11101011,1455.92,1888,82.7,11.33,928.2,1456.28,-9.0,1.52, , 
,1457.75,1984,81.0,-10.5,11101001,1457.03,1952,82.7,11.33,928.2,1457.40,-10.2,1.52, , 
,1458.78,2048,81.0,-9.8,11101001,1458.10,2016,81.2,11.33,907.8,1458.44,-10.2,1.52, , 
,1459.79,2080,81.0,-10.5,11101001,1459.13,2048,81.2,11.33,907.8,1459.46,-10.5,1.45, , 
,1460.81,2144,81.0,-10.9,11101001,1460.12,2112,79.6,10.30,887.4,1460.45,-10.9,1.52, , 
,1461.81,2176,81.0,-12.1,11101001,1461.15,2144,79.6,10.30,887.4,1461.47,-11.3,1.45, , 
,1462.83,2240,81.0,-10.2,11101001,1462.15,2208,79.6,10.30,887.4,1462.48,-10.9,1.52, , 
,1463.84,2240,81.0,0.0,11101001,1463.16,2240,73.7,10.30,826.2,1463.50,0.0,1.21, , 
,1464.84,2272,81.0,1.6,11101001,1464.17,2272,38.4,5.15,459.0,1464.51,0.0,1.60, , 
,1465.84,2272,81.0,3.5,11101001,1465.18,2272,48.6,7.21,571.2,1465.51,3.5,1.52, , 
,1466.84,2272,81.0,5.1,11101001,1466.17,2272,51.8,7.21,591.6,1466.51,5.1,1.52, , 
,1467.88,2304,81.0,3.9,11101001,1467.19,2272,53.3,7.21,612.0,1467.53,3.5,1.33, , 
,1468.88,2304,81.0,0.8,11101001,1468.20,2304,53.3,7.21,612.0,1468.55,1.6,1.41, , 
,1469.88,2336,81.0,-2.0,11101001,1469.21,2304,54.5,7.21,632.4,1469.53,-0.4,1.52, , 
,1470.88,2336,81.0,-0.4,11101001,1470.21,2336,56.1,7.21,652.8,1470.55,0.8,1.45, , 
,1471.89,2336,81.0,2.0,11101001,1471.21,2336,59.2,8.24,673.2,1471.55,-2.3,1.45, , 
,1472.93,2368,81.0,3.9,11101001,1472.23,2368,56.1,7.21,652.8,1472.57,2.7,1.56, , 
,1473.92,2368,81.0,5.9,11101001,1473.27,2368,57.6,7.21,652.8,1473.60,5.1,1.52, , 
,1474.91,2400,81.0,7.0,11101001,1474.24,2368,56.1,7.21,632.4,1474.55,7.0,1.45, , 
,1475.98,2400,81.0,9.4,11101001,1475.27,2400,56.1,7.21,632.4,1475.63,8.6,1.52, , 
,1477.00,2432,81.0,7.8,11101001,1476.31,2432,56.1,7.21,632.4,1476.65,8.2,1.45, , 
,1478.08,2432,82.5,4.3,11101001,1477.37,2432,54.5,7.21,632.4,1477.72,8.2,1.45, , 
,1479.16,2432,82.5,4.7,11101001,1478.45,2432,54.5,7.21,612.0,1478.82,5.1,1.48, , 
,1480.20,2464,82.5,4.7,11101001,1479.49,2464,54.5,7.21,632.4,1479.84,4.7,1.41, , 
,1481.28,2464,82.5,4.3,11101001,1480.57,2464,54.5,7.21,632.4,1480.93,4.3,1.48, , 
,1482.32,2496,82.5,4.3,11101001,1481.65,2464,54.5,7.21,612.0,1481.99,4.7,1.45, , 
,1483.37,2496,82.5,5.1,11101001,1482.65,2496,54.5,7.21,612.0,1483.00,4.7,1.45, , 
,1484.38,2496,82.5,5.5,11101001,1483.70,2496,54.5,7.21,612.0,1484.05,5.1,1.52, , 
,1485.40,2528,82.5,4.3,11101001,1484.72,2496,54.5,7.21,612.0,1485.07,4.3,1.45, , 
,1486.43,2528,82.5,4.7,11101001,1485.75,2528,53.3,7.21,612.0,1486.08,5.5,1.45, , 
,1487.46,2560,82.5,5.1,11101001,1486.77,2528,53.3,7.21,612.0,1487.11,5.1,1.45, , 
,1488.52,2560,82.5,5.9,11101001,1487.81,2560,54.5,7.21,612.0,1488.16,5.1,1.52, , 
,1489.58,2560,82.5,5.1,11101001,1488.88,2560,54.5,7.21,612.0,1489.24,5.5,1.41, , 
,1490.60,2592,82.5,5.9,11101001,1489.93,2592,53.3,7.21,612.0,1490.25,5.5,1.48, , 
,1491.59,2592,82.5,7.0,11101001,1490.93,2592,53.3,7.21,612.0,1491.26,6.6,1.52, , 
,1492.60,2624,82.5,8.6,11101001,1491.94,2592,50.2,7.21,591.6,1492.27,8.6,1.48, , 
,1493.58,2624,82.5,8.6,11101001,1492.92,2624,51.8,7.21,591.6,1493.25,8.6,1.41, , 
,1494.57,2624,82.5,9.0,11101001,1493.91,2624,51.8,7.21,591.6,1494.23,8.6,1.45, , 
,1495.57,2624,82.5,9.4,11101001,1494.90,2624,51.8,7.21,591.6,1495.24,9.4,1.52, , 
,1496.62,2656,82.5,9.0,11101001,1495.92,2624,50.2,7.21,591.6,1496.26,8.6,1.45, , 
,1497.64,2624,82.5,0.0,11111101,1496.94,2656,50.2,7.21,591.6,1497.28,0.0,1.52, , 
,1498.63,2560,82.5,0.0,11101001,1497.97,2624,17.6,2.06,275.4,1498.29,-2.0,1.29, , 
,1499.63,2592,82.5,3.5,11101001,1498.96,2592,48.6,6.18,571.2,1499.30,2.7,1.60, , 
,1500.59,2624,82.5,2.0,11101001,1499.95,2592,54.5,8.24,632.4,1500.27,1.2,1.33, , 
,1501.56,2624,82.5,3.5,11101001,1500.91,2624,54.5,7.21,632.4,1501.23,3.1,1.52, , 
,1502.56,2624,82.5,5.1,11101001,1501.90,2624,56.1,7.21,632.4,1502.22,5.1,1.48, , 
,1503.58,2624,82.5,5.5,11101001,1502.91,2624,56.1,7.21,632.4,1503.24,5.9,1.45, , 
,1504.59,2656,82.5,5.1,11101001,1503.93,2624,54.5,8.24,632.4,1504.26,5.1,1.45, , 
,1505.61,2656,82.5,5.1,11101001,1504.92,2656,56.1,7.21,632.4,1505.26,5.1,1.52, , 
,1506.65,2656,82.5,4.7,11101001,1505.97,2656,54.5,7.21,632.4,1506.32,4.7,1.45, , 
,1507.65,2656,82.5,4.7,11101001,1506.98,2656,54.5,7.21,632.4,1507.32,5.1,1.48, , 
,1508.70,2688,82.5,4.7,11101001,1507.98,2656,54.5,7.21,632.4,1508.35,4.7,1.52, , 
,1509.72,2656,82.5,5.1,11101001,1509.05,2656,54.5,7.21,632.4,1509.39,5.1,1.48, , 
,1510.74,2656,82.5,0.0,11101001,1510.06,2656,54.5,7.21,632.4,1510.40,4.7,1.41, , 
,1511.75,2592,82.5,0.0,11111101,1511.08,2624,19.2,2.06,275.4,1511.42,0.0,1.52, , 
,1512.74,2560,82.5,0.0,11111101,1512.08,2592,0.0,0.00,275.4,1512.41,0.0,3.87, , 
,1513.72,2496,84.0,0.0,11111101,1513.07,2528,0.0,0.00,244.8,1513.37,0.0,3.98, , 
,1514.68,2432,82.5,0.0,11111101,1514.04,2464,0.0,0.00,244.8,1514.35,0.0,3.91, , 
,1515.68,2336,82.5,0.0,11111101,1515.01,2400,0.0,0.00,244.8,1515.35,0.0,3.91, , 
,1516.69,960,82.5,0.0,11111111,1516.05,1824,0.0,0.00,275.4,1516.38,0.0,3.91, , 
,1517.56,960,82.5,0.0,11111111,1516.98,1024,28.2,4.12,397.8,1517.26,0.0,1.60, , 
,1518.51,928,82.5,0.0,11111111,1517.90,896,25.1,4.12,377.4,1518.20,0.0,0.66, , 
,1519.45,864,82.5,-0.8,11111111,1518.83,896,28.2,3.09,397.8,1519.15,-1.2,1.37, , 
,1520.39,896,82.5,1.6,11111111,1519.78,864,28.2,3.09,397.8,1520.09,0.8,1.56, , 
,1521.33,896,82.5,3.1,11111111,1520.72,896,28.2,3.09,397.8,1521.02,2.7,1.56, , 
,1522.26,896,82.5,3.9,11111111,1521.65,896,28.2,3.09,397.8,1521.95,3.5,1.52, , 
,1523.20,896,82.5,3.9,11111111,1522.57,896,28.2,3.09,397.8,1522.88,3.9,1.48, , 
,1524.15,896,82.5,4.3,11111111,1523.53,896,28.2,3.09,397.8,1523.84,3.9,1.48, , 
,1525.07,896,82.5,4.7,11111111,1524.45,896,28.2,3.09,397.8,1524.76,4.3,1.48, , 
,1526.00,896,82.5,5.1,11111111,1525.37,896,28.2,3.09,397.8,1525.67,4.7,1.52, , 
,1526.96,896,82.5,5.5,11111111,1526.33,896,28.2,4.12,397.8,1526.66,5.5,1.52, , 
,1527.88,1472,82.5,0.0,11101011,1527.26,864,26.7,3.09,397.8,1527.55,7.0,1.48, , 
,1528.90,2240,84.0,-4.7,11101001,1528.21,2304,22.0,3.09,316.2,1528.55,0.0,1.41, , 
,1529.89,2176,84.0,-6.6,11101001,1529.22,2208,20.8,2.06,295.8,1529.55,-7.8,1.37, , 
,1530.95,2144,82.5,-6.3,11101001,1530.23,2176,22.0,3.09,316.2,1530.59,-5.5,1.56, , 
,1531.98,2112,84.0,-5.5,11101001,1531.31,2144,23.5,3.09,316.2,1531.65,-6.3,1.52, , 
,1533.02,2080,82.5,3.5,11111101,1532.33,2112,22.0,2.06,316.2,1532.67,-9.4,1.33, , 
,1534.07,2048,82.5,0.0,11111101,1533.38,2048,0.0,0.00,244.8,1533.72,0.0,3.16, , 
,1535.11,1984,82.5,0.0,11111111,1534.41,2016,0.0,0.00,244.8,1534.77,0.0,3.91, , 
,1536.19,1952,82.5,0.0,11101011,1535.48,1952,16.1,2.06,244.8,1535.83,0.0,1.84, , 
,1537.27,1952,82.5,0.0,11101011,1536.54,1952,34.1,5.15,418.2,1536.90,0.0,1.45, , 
,1538.36,1984,82.5,-0.8,11101001,1537.64,1984,42.7,5.15,520.2,1538.00,-0.4,1.48, , 
,1539.44,2016,82.5,-3.5,11101001,1538.72,1984,40.0,5.15,499.8,1539.09,-1.6,1.45, , 
,1540.49,2016,82.5,-3.9,11101001,1539.80,2016,40.0,4.12,479.4,1540.15,-4.7,1.48, , 
,1541.55,2048,82.5,-0.8,11101001,1540.85,2048,40.0,5.15,479.4,1541.20,-1.6,1.52, , 
,1542.61,2080,82.5,0.4,11101001,1541.90,2048,38.4,4.12,479.4,1542.25,0.4,1.52, , 
,1543.69,2080,82.5,-5.1,11101001,1542.97,2080,26.7,3.09,357.0,1543.33,-4.3,1.33, , 
,1544.77,2048,82.5,-9.0,11101001,1544.05,2048,22.0,2.06,316.2,1544.40,-7.8,1.37, , 
,1545.81,2048,82.5,-9.0,11101001,1545.12,2048,22.0,2.06,316.2,1545.46,-9.0,1.52, , 
,1546.85,2048,82.5,-7.4,11101001,1546.16,2048,22.0,2.06,316.2,1546.51,-9.8,1.48, , 
,1547.88,2016,82.5,-7.0,11101001,1547.19,2048,22.0,2.06,316.2,1547.54,-7.0,1.48, , 
,1548.95,2016,81.0,-5.9,11101001,1548.22,2016,22.0,2.06,316.2,1548.58,-6.6,1.48, , 
,1550.03,2016,81.0,-5.5,11101001,1549.30,2016,23.5,2.06,336.6,1549.66,-6.6,1.48, , 
,1551.07,1408,81.0,0.0,11111111,1550.39,2016,25.1,3.09,336.6,1550.75,0.0,1.68, , 
,1552.00,1536,81.0,0.0,11111111,1551.36,960,26.7,4.12,377.4,1551.68,0.0,3.05, , 
,1553.01,2528,81.0,0.0,11111101,1552.34,1920,0.0,0.00,295.8,1552.68,0.0,3.71, , 
,1554.02,2400,81.0,0.0,11101001,1553.36,2464,0.0,0.00,244.8,1553.70,0.0,3.95, , 
,1555.00,2368,81.0,0.0,11101001,1554.34,2400,16.1,2.06,244.8,1554.68,0.0,0.82, , 
,1555.99,2304,81.0,3.1,11101001,1555.33,2336,16.1,2.06,244.8,1555.66,2.3,1.60, , 
,1556.98,2272,81.0,5.5,11101001,1556.31,2304,16.1,2.06,244.8,1556.65,5.9,1.64, , 
,1558.01,2208,81.0,8.6,11101001,1557.33,2240,16.1,2.06,244.8,1557.68,5.5,1.37, , 
,1559.02,2176,81.0,11.3,11101001,1558.34,2208,16.1,2.06,244.8,1558.68,11.3,1.56, , 
,1560.03,2144,81.0,11.7,11101001,1559.37,2176,16.1,2.06,244.8,1559.71,10.5,1.25, , 
,1561.03,2144,81.0,7.4,11101001,1560.38,2112,22.0,3.09,316.2,1560.71,7.0,1.29, , 
,1562.07,2176,81.0,7.0,11101001,1561.38,2144,34.1,4.12,418.2,1561.72,8.6,1.45, , 
,1563.10,2176,81.0,3.9,11101001,1562.41,2176,34.1,4.12,418.2,1562.75,4.3,1.37, , 
,1564.12,2208,81.0,0.8,11101001,1563.44,2208,31.0,4.12,397.8,1563.79,1.6,1.37, , 
,1565.15,2208,81.0,2.3,11101001,1564.46,2208,28.2,3.09,357.0,1564.80,-0.4,1.45, , 
,1566.15,2144,81.0,1.2,11101001,1565.49,2176,17.6,2.06,244.8,1565.82,1.6,1.52, , 
,1567.17,2144,81.0,5.1,11101001,1566.50,2144,17.6,2.06,275.4,1566.83,4.3,1.64, , 
,1568.21,2112,81.0,-3.9,11101001,1567.50,2144,20.8,2.06,295.8,1567.86,-1.6,1.33, , 
,1569.26,2112,81.0,-5.1,11101001,1568.56,2112,23.5,2.06,316.2,1568.92,-3.9,1.45, , 
,1570.28,2080,81.0,-8.2,11101001,1569.60,2112,23.5,2.06,316.2,1569.94,-7.0,1.45, , 
,1571.33,2176,81.0,3.9,11101001,1570.62,2112,51.8,6.18,612.0,1570.97,0.0,1.68, , 
,1572.33,2240,81.0,12.5,11101001,1571.68,2176,50.2,6.18,591.6,1572.01,9.4,1.68, , 
,1573.35,2304,81.0,18.0,11101001,1572.66,2272,48.6,6.18,571.2,1573.00,16.4,1.56, , 
,1574.31,2336,81.0,0.0,11101001,1573.66,2336,44.3,6.18,520.2,1573.98,0.0,1.60, , 
,1575.34,2336,81.0,2.0,11101001,1574.66,2336,25.1,3.09,336.6,1575.02,1.6,1.52, , 
,1576.37,2336,81.0,5.1,11101001,1575.69,2336,25.1,3.09,336.6,1576.01,2.3,1.56, , 
,1577.37,2368,81.0,7.0,11101001,1576.71,2336,31.0,4.12,397.8,1577.03,6.6,1.52, , 
,1578.36,2368,81.0,6.3,11101001,1577.71,2368,29.4,4.12,377.4,1578.04,7.4,1.45, , 
,1579.36,2368,81.0,6.6,11101001,1578.70,2368,29.4,4.12,377.4,1579.03,7.0,1.48, , 
,1580.34,2400,81.0,6.6,11101001,1579.68,2368,28.2,3.09,357.0,1580.00,6.6,1.45, , 
,1581.38,2400,81.0,5.5,11101001,1580.69,2400,28.2,3.09,357.0,1581.03,6.3,1.45, , 
,1582.42,2432,81.0,3.9,11101001,1581.74,2432,28.2,3.09,357.0,1582.08,3.9,1.48, , 
,1583.42,2432,81.0,4.3,11101001,1582.76,2432,28.2,3.09,357.0,1583.10,3.9,1.45, , 
,1584.48,2432,81.0,4.3,11101001,1583.76,2432,29.4,3.09,377.4,1584.09,4.7,1.48, , 
,1585.54,2432,81.0,4.3,11101001,1584.86,2432,28.2,3.09,357.0,1585.20,4.3,1.48, , 
,1586.54,2432,81.0,2.7,11101001,1585.88,2432,28.2,3.09,357.0,1586.21,4.7,1.45, , 
,1587.52,2400,81.0,1.6,11101001,1586.85,2432,19.2,2.06,275.4,1587.17,0.0,1.45, , 
,1588.47,1184,81.0,0.0,11111111,1587.87,2208,0.0,0.00,275.4,1588.18,0.0,3.55, , 
,1589.41,1024,81.0,0.0,11111111,1588.80,1024,28.2,4.12,397.8,1589.13,0.0,1.99, , 
,1590.30,896,82.5,0.0,11111111,1589.71,960,23.5,3.09,357.0,1590.01,0.0,0.63, , 
,1591.21,864,82.5,-1.2,11111111,1590.61,864,28.2,3.09,397.8,1590.91,-0.8,1.33, , 
,1592.10,864,81.0,0.4,11111111,1591.52,864,28.2,3.09,397.8,1591.82,-0.4,1.56, , 
,1593.05,864,82.5,2.0,11111111,1592.42,896,28.2,3.09,397.8,1592.74,1.6,1.56, , 
,1593.97,896,82.5,3.1,11111111,1593.36,896,28.2,3.09,397.8,1593.66,2.7,1.52, , 
,1594.88,896,82.5,4.3,11111111,1594.28,896,28.2,4.12,397.8,1594.58,3.9,1.52, , 
,1595.80,896,82.5,4.3,11111111,1595.19,896,28.2,4.12,418.2,1595.50,4.3,1.52, , 
,1596.74,1216,82.5,6.3,11101011,1596.12,896,28.2,4.12,397.8,1596.41,4.7,1.52, , 
,1597.85,1728,82.5,0.0,11101011,1597.09,1792,22.0,3.09,316.2,1597.48,9.0,1.56, , 
,1598.88,2080,82.5,0.0,11101001,1598.18,1856,62.0,9.27,714.0,1598.53,0.0,1.33, , 
,1599.90,2464,82.5,-6.6,11101001,1599.22,2176,73.7,10.30,826.2,1599.56,-2.0,1.45, , 
,1600.93,2176,82.5,0.0,11111101,1600.24,2592,82.7,10.30,907.8,1600.57,0.0,1.45, , 
,1602.02,1920,82.5,0.0,11101011,1601.28,1632,23.5,3.09,316.2,1601.65,0.0,0.51, , 
,1603.10,2016,82.5,-0.8,11101001,1602.39,1920,65.1,9.27,754.8,1602.75,-1.6,1.37, , 
,1604.10,2144,82.5,-4.3,11101001,1603.43,2048,69.4,9.27,775.2,1603.76,-2.0,1.52, , 
,1605.12,2304,82.5,-3.9,11101001,1604.43,2208,69.4,8.24,775.2,1604.76,-5.5,1.48, , 
,1606.19,2464,82.5,-2.0,11101001,1605.47,2368,69.4,8.24,775.2,1605.83,-2.7,1.48, , 
,1607.21,2624,82.5,0.8,11101001,1606.54,2496,69.4,9.27,775.2,1606.88,1.2,1.56, , 
,1608.24,2720,82.5,-3.9,11101001,1607.54,2656,67.8,9.27,754.8,1607.88,-2.0,1.41, , 
,1609.28,1664,82.5,0.0,11111111,1608.57,2656,0.0,0.00,418.2,1608.91,0.0,3.71, , 
,1610.28,1984,82.5,0.0,11101001,1609.60,1088,26.7,4.12,357.0,1609.94,0.0,2.19, , 
,1611.35,2016,82.5,0.0,11101001,1610.64,2016,34.1,4.12,418.2,1611.00,0.0,1.48, , 
,1612.42,2080,82.5,-1.2,11101001,1611.70,2048,57.6,8.24,673.2,1612.06,-1.2,1.48, , 
,1613.48,2112,82.5,-0.4,11101001,1612.79,2080,56.1,7.21,652.8,1613.13,-1.2,1.45, , 
,1614.56,2176,82.5,0.8,11101001,1613.84,2144,54.5,7.21,632.4,1614.20,0.4,1.52, , 
,1615.58,2208,82.5,0.8,11101001,1614.89,2176,54.5,7.21,632.4,1615.23,1.6,1.48, , 
,1616.59,2240,82.5,2.0,11101001,1615.93,2208,53.3,7.21,612.0,1616.25,1.2,1.45, , 
,1617.59,2272,82.5,1.6,11101001,1616.94,2272,53.3,7.21,612.0,1617.26,2.7,1.52, , 
,1618.59,2304,82.5,-2.3,11101001,1617.93,2272,51.8,7.21,612.0,1618.25,-1.6,1.33, , 
,1619.58,2336,82.5,0.0,11101001,1618.93,2336,51.8,7.21,612.0,1619.26,-3.9,1.45, , 
,1620.58,2304,82.5,9.4,11101001,1619.90,2336,20.8,2.06,295.8,1620.23,0.0,1.17, , 
,1621.61,2272,82.5,6.3,11101001,1620.93,2272,16.1,2.06,244.8,1621.26,1.2,1.45, , 
,1622.60,2240,82.5,1.2,11101001,1621.94,2272,16.1,2.06,244.8,1622.26,2.0,1.45, , 
,1623.61,2176,82.5,-7.0,11101001,1622.93,2240,17.6,2.06,275.4,1623.27,-4.3,1.09, , 
,1624.62,2176,82.5,0.0,11101001,1623.94,2208,22.0,2.06,295.8,1624.29,0.0,1.37, , 
,1625.63,2208,82.5,-1.2,11101001,1624.96,2176,48.6,6.18,571.2,1625.30,0.4,1.52, , 
,1626.64,2240,82.5,-2.7,11101001,1625.97,2208,56.1,7.21,632.4,1626.31,-2.3,1.48, , 
,1627.65,2304,82.5,-4.3,11101001,1626.97,2272,57.6,7.21,652.8,1627.31,-4.7,1.37, , 
,1628.68,2336,82.5,-2.3,11101001,1627.98,2304,59.2,8.24,673.2,1628.33,-3.9,1.52, , 
,1629.74,2400,82.5,0.0,11101001,1629.01,2368,54.5,7.21,632.4,1629.38,-0.8,1.52, , 
,1630.77,2432,82.5,0.8,11101001,1630.08,2400,54.5,7.21,632.4,1630.43,1.2,1.48, , 
,1631.80,2464,82.5,0.4,11101001,1631.13,2432,48.6,6.18,591.6,1631.46,0.0,1.56, , 
,1632.85,2464,82.5,-1.6,11101001,1632.14,2464,38.4,5.15,459.0,1632.49,-1.6,1.45, , 
,1633.88,2464,82.5,-2.3,11101001,1633.18,2464,40.0,5.15,459.0,1633.51,-1.6,1.48, , 
,1634.92,2464,82.5,0.0,11101001,1634.22,2464,38.4,5.15,459.0,1634.56,0.0,1.41, , 
,1635.93,2400,82.5,-7.0,11101001,1635.25,2432,19.2,2.06,275.4,1635.59,-3.9,1.56, , 
,1636.95,2464,82.5,-8.2,11101001,1636.27,2432,19.2,2.06,275.4,1636.61,-10.2,1.21, , 
,1637.94,2400,82.5,-4.7,11101001,1637.30,2400,35.3,4.12,418.2,1637.62,-5.1,1.68, , 
,1638.95,2432,82.5,-1.2,11101001,1638.26,2400,44.3,5.15,520.2,1638.61,-2.3,1.60, , 
,1639.99,2464,82.5,-0.8,11101001,1639.31,2432,54.5,7.21,612.0,1639.66,0.8,1.45, , 
,1640.98,2496,82.5,-2.0,11101001,1640.35,2464,57.6,8.24,652.8,1640.66,-1.6,1.52, , 
,1642.04,2560,82.5,-2.0,11101001,1641.34,2528,56.1,7.21,652.8,1641.69,-1.2,1.52, , 
,1643.04,2592,82.5,0.0,11101001,1642.37,2560,54.5,7.21,632.4,1642.72,-0.4,1.45, , 
,1644.07,2592,82.5,2.7,11101001,1643.37,2592,50.2,7.21,591.6,1643.73,3.5,1.52, , 
,1645.08,2592,82.5,0.4,11101001,1644.41,2592,36.9,5.15,438.6,1644.73,1.2,1.41, , 
,1646.06,2592,82.5,-1.2,11101001,1645.43,2592,35.3,5.15,438.6,1645.74,-0.4,1.45, , 
,1647.08,2592,82.5,-3.9,11101001,1646.41,2592,35.3,4.12,438.6,1646.73,-2.3,1.37, , 
,1648.08,2560,82.5,-4.3,11101001,1647.42,2560,20.8,2.06,295.8,1647.74,-7.8,1.33, , 
,1649.15,2528,82.5,-8.6,11101001,1648.45,2528,19.2,2.06,275.4,1648.80,-5.1,1.56, , 
,1650.18,2528,82.5,-3.9,11101001,1649.50,2528,32.5,4.12,397.8,1649.84,-4.3,1.64, , 
,1651.21,2528,82.5,-3.9,11101001,1650.55,2496,40.0,5.15,479.4,1650.88,-4.7,1.45, , 
,1652.21,2528,82.5,0.0,11101001,1651.55,2528,44.3,6.18,520.2,1651.90,-0.8,1.56, , 
,1653.20,2496,82.5,-7.4,11101001,1652.55,2528,20.8,2.06,295.8,1652.87,0.0,1.29, , 
,1654.29,2464,82.5,1.2,11101001,1653.56,2496,17.6,2.06,275.4,1653.92,-2.0,1.52, , 
,1655.36,2432,82.5,-1.6,11101001,1654.67,2464,19.2,2.06,275.4,1655.02,-4.7,1.37, , 
,1656.38,2464,82.5,0.0,11101001,1655.69,2432,40.0,5.15,479.4,1656.04,0.0,1.37, , 
,1657.41,2496,82.5,0.4,11101001,1656.72,2496,53.3,7.21,612.0,1657.06,-1.6,1.52, , 
,1658.45,2528,82.5,0.0,11101001,1657.75,2528,38.4,5.15,459.0,1658.09,-0.8,1.48, , 
,1659.50,2528,82.5,-0.8,11101001,1658.80,2528,38.4,5.15,459.0,1659.16,0.0,1.45, , 
,1660.54,2528,82.5,-2.3,11101001,1659.84,2528,36.9,5.15,459.0,1660.20,-2.7,1.41, , 
,1661.58,2528,82.5,0.0,11101001,1660.87,2528,32.5,4.12,397.8,1661.24,-2.7,1.52, , 
,1662.57,2144,82.5,0.0,11111101,1661.90,2528,60.4,9.27,693.6,1662.21,0.0,1.17, , 
,1663.53,1120,82.5,0.0,11101011,1662.87,1632,0.0,0.00,316.2,1663.17,0.0,3.87, , 
,1664.62,1920,82.5,-2.3,11101011,1663.89,1984,28.2,4.12,377.4,1664.26,0.0,0.63, , 
,1665.73,1888,82.5,-2.7,11101011,1665.00,1920,26.7,3.09,357.0,1665.36,-4.7,1.37, , 
,1666.85,1920,82.5,0.8,11101011,1666.11,1888,40.0,5.15,479.4,1666.48,-0.8,1.60, , 
,1667.93,1952,82.5,-2.0,11101011,1667.22,1920,45.9,6.18,550.8,1667.58,-0.8,1.41, , 
,1669.00,1984,82.5,-1.6,11101011,1668.29,1952,50.2,7.21,591.6,1668.66,-2.0,1.48, , 
,1670.10,2016,82.5,2.0,11101001,1669.38,1984,48.6,6.18,591.6,1669.75,0.8,1.56, , 
,1671.13,2048,82.5,4.3,11101001,1670.44,2048,47.1,6.18,571.2,1670.78,3.9,1.48, , 
,1672.19,2080,82.5,2.3,11101001,1671.49,2080,45.9,6.18,550.8,1671.83,2.3,1.41, , 
,1673.22,2112,82.5,-2.0,11101001,1672.53,2112,38.4,5.15,459.0,1672.88,-1.6,1.29, , 
,1674.27,2144,82.5,-4.7,11101001,1673.57,2112,35.3,4.12,438.6,1673.92,-3.9,1.41, , 
,1675.32,2144,82.5,-5.5,11101001,1674.62,2144,35.3,4.12,438.6,1674.98,-5.1,1.48, , 
,1676.37,2176,82.5,0.0,11111101,1675.67,2176,34.1,4.12,438.6,1676.02,-5.5,1.48, , 
,1677.44,2144,82.5,0.0,11111101,1676.73,2144,16.1,2.06,244.8,1677.09,0.0,1.52, , 
,1678.48,2112,82.5,0.0,11111101,1677.79,2144,0.0,0.00,244.8,1678.14,0.0,3.87, , 
,1679.52,2080,82.5,0.0,11111101,1678.82,2112,0.0,0.00,244.8,1679.17,0.0,3.91, , 
,1680.55,2016,82.5,0.0,11111101,1679.87,2048,0.0,0.00,244.8,1680.21,0.0,3.95, , 
,1681.61,1984,82.5,0.0,11101001,1680.90,2016,0.0,0.00,244.8,1681.26,0.0,3.95, , 
,1682.71,1952,82.5,0.0,11101011,1681.97,1920,16.1,2.06,244.8,1682.34,0.0,0.86, , 
,1683.79,1888,82.5,0.0,11101011,1683.07,1888,29.4,4.12,397.8,1683.43,0.0,1.37, , 
,1684.89,1888,82.5,0.0,11101011,1684.16,1888,59.2,9.27,673.2,1684.53,0.0,1.25, , 
,1685.98,1920,82.5,-8.6,11101011,1685.25,1888,71.0,10.30,826.2,1685.61,-7.4,1.33, , 
,1687.06,1920,82.5,-10.2,11101011,1686.35,1920,71.0,9.27,795.6,1686.71,-9.8,1.45, , 
,1688.15,1952,82.5,-10.5,11101011,1687.43,1952,71.0,9.27,795.6,1687.78,-10.2,1.52, , 
,1689.22,1952,82.5,-7.4,11101011,1688.50,1952,69.4,9.27,795.6,1688.86,-7.4,1.56, , 
,1690.30,1984,82.5,-5.5,11101001,1689.60,1984,69.4,9.27,775.2,1689.94,-5.9,1.52, , 
,1691.40,2016,82.5,-5.9,11101001,1690.67,1984,69.4,9.27,775.2,1691.03,-5.5,1.52, , 
,1692.42,2048,82.5,-5.1,11101001,1691.74,2016,67.8,9.27,775.2,1692.07,-4.7,1.45, , 
,1693.50,2080,82.5,-5.5,11101001,1692.79,2048,67.8,8.24,775.2,1693.14,-4.7,1.48, , 
,1694.54,2080,82.5,-4.7,11101001,1693.86,2080,67.8,9.27,775.2,1694.20,-5.1,1.45, , 
,1695.56,2112,82.5,-5.1,11101001,1694.88,2112,67.8,8.24,754.8,1695.22,-4.7,1.48, , 
,1696.62,2144,82.5,-5.5,11101001,1695.92,2112,66.3,9.27,754.8,1696.27,-5.5,1.45, , 
,1697.63,2176,82.5,-4.3,11101001,1696.97,2144,66.3,8.24,754.8,1697.30,-4.3,1.52, , 
,1698.63,2176,82.5,-1.6,11101001,1697.97,2176,62.0,8.24,714.0,1698.30,-2.7,1.48, , 
,1699.66,2176,82.5,-0.4,11101001,1698.97,2176,60.4,8.24,693.6,1699.31,-1.2,1.52, , 
,1700.66,2208,82.5,2.7,11101001,1699.98,2176,57.6,7.21,652.8,1700.31,2.0,1.48, , 
,1701.65,2208,82.5,3.1,11101001,1700.98,2208,57.6,8.24,652.8,1701.32,2.7,1.41, , 
,1702.69,2176,82.5,0.0,11101001,1702.00,2208,50.2,6.18,591.6,1702.34,0.0,1.64, , 
,1703.71,2176,82.5,-4.3,11101001,1703.02,2176,25.1,3.09,336.6,1703.36,-3.1,1.37, , 
,1704.73,2144,82.5,-5.1,11101001,1704.05,2144,26.7,3.09,357.0,1704.38,-5.9,1.45, , 
,1705.76,2112,82.5,-5.5,11101001,1705.08,2112,26.7,3.09,357.0,1705.43,-5.5,1.48, , 
,1706.82,2080,82.5,-6.6,11101001,1706.11,2112,26.7,3.09,357.0,1706.47,-5.9,1.48, , 
,1707.83,2080,82.5,-7.4,11101001,1707.15,2080,28.2,3.09,357.0,1707.48,-7.4,1.48, , 
,1708.90,2048,82.5,-7.4,11101001,1708.19,2048,28.2,3.09,377.4,1708.55,-7.8,1.52, , 
,1709.98,2048,82.5,-1.6,11101001,1709.27,2048,34.1,4.12,438.6,1709.62,-2.7,1.56, , 
,1711.07,2016,82.5,4.3,11101001,1710.34,2048,41.2,5.15,499.8,1710.70,2.3,1.56, , 
,1712.10,2016,82.5,7.8,11101001,1711.41,2016,41.2,5.15,499.8,1711.76,6.3,1.48, , 
,1713.15,2016,82.5,12.1,11101001,1712.44,2016,44.3,6.18,520.2,1712.78,10.5,1.48, , 
,1714.23,2048,82.5,12.9,11101001,1713.50,2016,47.1,7.21,571.2,1713.86,12.5,1.45, , 
,1715.29,2048,82.5,8.2,11101001,1714.59,2048,48.6,7.21,571.2,1714.94,8.6,1.25, , 
,1716.33,2048,82.5,8.6,11101001,1715.62,2048,50.2,7.21,591.6,1715.97,7.8,1.48, , 
,1717.37,1984,82.5,10.9,11101001,1716.66,2048,28.2,3.09,377.4,1717.01,0.0,1.48, , 
,1718.44,1984,82.5,17.2,11111101,1717.73,1984,14.9,2.06,224.4,1718.09,11.7,1.41, , 
,1719.48,1952,82.5,0.0,11111111,1718.79,1984,0.0,0.00,244.8,1719.13,0.0,3.09, , 
,1720.54,1920,82.5,0.0,11111111,1719.85,1952,0.0,0.00,275.4,1720.20,0.0,3.95, , 
,1721.60,1888,82.5,0.0,11111111,1720.89,1920,0.0,0.00,275.4,1721.23,0.0,3.95, , 
,1722.69,1824,82.5,0.0,11111111,1721.97,1856,0.0,0.00,295.8,1722.34,0.0,3.95, , 
,1723.77,1856,82.5,0.0,11101011,1723.03,1824,19.2,3.09,295.8,1723.40,0.0,2.27, , 
,1724.85,1824,82.5,0.0,11101011,1724.15,1792,41.2,6.18,499.8,1724.51,0.0,1.52, , 
,1725.97,1856,82.5,-1.2,11101011,1725.23,1824,62.0,9.27,714.0,1725.60,0.0,1.41, , 
,1727.08,1888,82.5,-5.5,11101011,1726.35,1856,65.1,8.24,734.4,1726.71,-5.1,1.37, , 
,1728.18,1920,82.5,-3.9,11101011,1727.45,1888,63.5,8.24,734.4,1727.81,-4.7,1.52, , 
,1729.26,1952,82.5,-2.0,11101011,1728.54,1920,63.5,8.24,714.0,1728.89,-2.3,1.52, , 
,1730.35,1984,82.5,-1.2,11101011,1729.61,1952,65.1,8.24,734.4,1729.97,-1.6,1.41, , 
,1731.41,2016,82.5,-3.1,11101001,1730.72,1984,66.3,9.27,754.8,1731.07,-2.3,1.48, , 
,1732.44,2048,82.5,-4.7,11101001,1731.75,2016,67.8,9.27,775.2,1732.10,-4.7,1.41, , 
,1733.47,2080,82.5,-5.5,11101001,1732.78,2048,67.8,8.24,754.8,1733.13,-4.7,1.52, , 
,1734.51,2112,82.5,-4.3,11101001,1733.83,2080,66.3,8.24,754.8,1734.18,-3.9,1.48, , 
,1735.59,2144,82.5,-4.7,11101001,1734.87,2112,66.3,8.24,754.8,1735.23,-4.7,1.52, , 
,1736.61,2176,82.5,-4.3,11101001,1735.94,2144,66.3,8.24,734.4,1736.27,-3.9,1.45, , 
,1737.62,2176,82.5,-3.9,11101001,1736.95,2176,65.1,8.24,734.4,1737.29,-4.3,1.52, , 
,1738.63,2208,82.5,-4.3,11101001,1737.96,2208,65.1,8.24,734.4,1738.30,-3.9,1.45, , 
,1739.65,2208,82.5,-4.3,11101001,1738.97,2208,65.1,8.24,734.4,1739.32,-3.9,1.48, , 
,1740.65,2240,81.0,-6.6,11101001,1739.98,2240,66.3,8.24,754.8,1740.32,-5.5,1.41, , 
,1741.65,2272,82.5,-9.0,11101001,1740.99,2240,71.0,9.27,795.6,1741.32,-9.0,1.41, , 
,1742.64,2272,82.5,-7.4,11101001,1741.99,2272,71.0,9.27,795.6,1742.32,-7.8,1.52, , 
,1743.64,2304,81.0,-6.3,11101001,1742.97,2304,69.4,8.24,775.2,1743.31,-6.6,1.52, , 
,1744.66,2304,81.0,3.5,11101001,1743.98,2304,54.5,6.18,632.4,1744.32,0.0,1.68, , 
,1745.64,2304,82.5,5.9,11101001,1744.99,2304,53.3,7.21,612.0,1745.32,5.1,1.52, , 
,1746.67,2304,81.0,6.6,11101001,1745.98,2304,53.3,7.21,612.0,1746.33,6.6,1.48, , 
,1747.68,2304,81.0,7.0,11101001,1747.00,2304,53.3,7.21,612.0,1747.35,7.0,1.48, , 
,1748.65,2336,82.5,4.7,11101001,1748.00,2336,53.3,7.21,612.0,1748.33,4.7,1.45, , 
,1749.69,2336,82.5,5.9,11101001,1749.00,2336,51.8,7.21,591.6,1749.33,5.1,1.41, , 
,1750.66,2304,81.0,0.0,11111101,1750.02,2336,36.9,4.12,459.0,1750.35,0.0,1.56, , 
,1751.65,2272,82.5,0.0,11111101,1750.97,2336,16.1,2.06,244.8,1751.31,0.0,2.81, , 
,1752.65,2240,82.5,0.0,11111101,1751.99,2272,0.0,0.00,244.8,1752.32,0.0,3.98, , 
,1753.66,2208,81.0,0.0,11111101,1752.99,2240,0.0,0.00,244.8,1753.31,0.0,3.98, , 
,1754.68,2176,81.0,0.0,11111101,1754.00,2208,0.0,0.00,244.8,1754.35,0.0,3.95, , 
,1755.67,2144,82.5,0.0,11111101,1755.01,2176,0.0,0.00,244.8,1755.34,0.0,3.91, , 
,1756.73,2112,82.5,0.0,11111101,1756.02,2144,0.0,0.00,244.8,1756.37,0.0,3.98, , 
,1757.76,2080,82.5,0.0,11111101,1757.07,2112,0.0,0.00,244.8,1757.41,0.0,3.95, , 
,1758.80,2048,81.0,0.0,11111101,1758.11,2080,0.0,0.00,244.8,1758.46,0.0,3.98, , 
,1759.83,2016,81.0,0.0,11101001,1759.13,2048,0.0,0.00,244.8,1759.48,0.0,3.98, , 
,1760.92,2016,81.0,0.0,11101001,1760.19,2016,14.9,2.06,224.4,1760.56,0.0,1.80, , 
,1761.99,1984,81.0,-0.8,11101001,1761.27,2016,20.8,3.09,295.8,1761.63,-1.2,1.25, , 
,1763.06,1984,81.0,-0.4,11101011,1762.35,1984,22.0,3.09,316.2,1762.70,-0.8,1.48, , 
,1764.15,1984,81.0,0.4,11101011,1763.42,1984,22.0,3.09,316.2,1763.78,0.0,1.52, , 
,1765.21,1952,81.0,0.0,11101011,1764.49,1952,25.1,3.09,336.6,1764.84,0.4,1.48, , 
,1766.28,1984,81.0,0.0,11101011,1765.56,1952,38.4,5.15,459.0,1765.92,-0.8,1.45, , 
,1767.38,2016,81.0,-0.4,11101001,1766.64,1984,57.6,8.24,673.2,1767.01,-0.8,1.48, , 
,1768.44,2048,81.0,2.0,11101001,1767.73,2016,56.1,7.21,652.8,1768.10,1.2,1.56, , 
,1769.49,2080,81.0,-0.4,11101001,1768.79,2048,62.0,8.24,693.6,1769.14,-0.4,1.33, , 
,1770.52,2112,81.0,-2.7,11101001,1769.82,2112,65.1,8.24,734.4,1770.15,-2.0,1.48, , 
,1771.56,2144,81.0,-4.3,11101001,1770.87,2144,65.1,8.24,734.4,1771.20,-4.3,1.37, , 
,1772.62,2144,81.0,-4.7,11101001,1771.91,2144,66.3,8.24,754.8,1772.26,-4.7,1.52, , 
,1773.62,2176,81.0,-4.7,11101001,1772.96,2144,66.3,8.24,734.4,1773.29,-4.7,1.45, , 
,1774.62,2176,81.0,-3.9,11101001,1773.96,2176,65.1,8.24,734.4,1774.29,-4.3,1.52, , 
,1775.65,2208,81.0,-3.9,11101001,1774.97,2176,65.1,8.24,734.4,1775.30,-3.1,1.48, , 
,1776.69,2208,81.0,1.6,11101001,1776.00,2208,59.2,7.21,693.6,1776.34,0.4,1.60, , 
,1777.70,2208,81.0,3.1,11101001,1777.03,2208,56.1,7.21,652.8,1777.38,3.5,1.48, , 
,1778.74,2208,81.0,3.9,11101001,1778.05,2208,56.1,8.24,652.8,1778.39,3.1,1.37, , 
,1779.73,2208,81.0,3.1,11101001,1779.08,2208,56.1,8.24,652.8,1779.41,3.5,1.52, , 
,1780.74,2208,81.0,2.7,11101001,1780.07,2208,54.5,7.21,632.4,1780.40,4.3,1.41, , 
,1781.75,2208,81.0,1.6,11101001,1781.06,2208,54.5,7.21,632.4,1781.40,2.0,1.45, , 
,1782.77,2208,81.0,0.8,11101001,1782.10,2208,56.1,7.21,632.4,1782.43,1.2,1.48, , 
,1783.78,2208,81.0,0.8,11101001,1783.11,2208,56.1,7.21,632.4,1783.44,0.4,1.45, , 
,1784.81,2208,81.0,1.2,11101001,1784.12,2208,54.5,7.21,632.4,1784.47,1.2,1.56, , 
,1785.80,2208,81.0,-1.6,11101001,1785.13,2208,54.5,7.21,632.4,1785.46,-0.8,1.45, , 
,1786.83,2176,81.0,-1.6,11101001,1786.14,2208,54.5,7.21,632.4,1786.48,-1.2,1.45, , 
,1787.83,2176,81.0,-1.6,11101001,1787.16,2176,54.5,7.21,632.4,1787.50,-1.2,1.52, , 
,1788.84,2144,81.0,0.0,11101001,1788.16,2176,54.5,7.21,632.4,1788.48,0.0,1.56, , 
,1789.88,2080,81.0,9.0,11101001,1789.20,2176,16.1,2.06,244.8,1789.54,9.4,1.68, , 
,1790.91,2016,81.0,12.5,11101001,1790.22,2048,14.9,2.06,244.8,1790.57,14.5,1.80, , 
,1791.96,1952,81.0,12.1,11101011,1791.25,1984,14.9,2.06,244.8,1791.60,12.1,1.41, , 
,1793.07,1888,81.0,-4.7,11101011,1792.33,1920,19.2,2.06,295.8,1792.70,-1.6,0.98, , 
,1794.13,1856,81.0,-8.2,11101011,1793.40,1888,20.8,2.06,295.8,1793.76,-8.2,1.29, , 
,1795.27,1792,81.0,-12.9,11101011,1794.49,1824,22.0,2.06,316.2,1794.87,-12.1,1.41, , 
,1796.32,1728,81.0,0.0,11111111,1795.62,1760,28.2,3.09,377.4,1796.00,-12.1,1.64, , 
,1797.29,1856,81.0,0.0,11101011,1796.62,1344,0.0,0.00,357.0,1796.96,0.0,3.44, , 
,1798.30,2176,82.5,-8.6,11101001,1797.62,2176,22.0,3.09,316.2,1797.96,0.0,1.05, , 
,1799.32,2176,81.0,-0.8,11101001,1798.63,2176,36.9,5.15,438.6,1798.97,-1.6,1.37, , 
,1800.31,2208,81.0,-2.3,11101001,1799.64,2176,48.6,6.18,571.2,1799.97,-0.8,1.48, , 
,1801.35,2208,81.0,-1.2,11101001,1800.66,2208,48.6,6.18,571.2,1801.00,-2.0,1.52, , 
,1802.36,2208,81.0,2.0,11101001,1801.68,2240,47.1,6.18,571.2,1802.02,1.2,1.52, , 
,1803.37,2208,81.0,0.0,11101001,1802.70,2240,42.7,6.18,520.2,1803.04,2.7,1.45, , 
,1804.38,2208,81.0,-7.0,11101001,1803.71,2240,23.5,3.09,336.6,1804.05,-6.3,1.29, , 
,1805.41,2176,81.0,-7.4,11101001,1804.72,2176,25.1,3.09,336.6,1805.06,-9.0,1.37, , 
,1806.45,2144,81.0,-8.6,11101001,1805.73,2176,25.1,3.09,336.6,1806.09,-8.6,1.52, , 
,1807.48,2112,81.0,-9.0,11101001,1806.79,2144,25.1,3.09,336.6,1807.12,-8.2,1.52, , 
,1808.55,2112,81.0,-7.0,11101001,1807.84,2112,26.7,3.09,357.0,1808.21,-9.0,1.52, , 
,1809.61,2080,81.0,-5.9,11101001,1808.91,2080,26.7,3.09,357.0,1809.27,-6.6,1.52, , 
,1810.63,2080,81.0,-6.3,11101001,1809.95,2080,26.7,3.09,357.0,1810.30,-6.3,1.45, , 
,1811.70,2048,81.0,-7.4,11101001,1810.98,2048,26.7,3.09,357.0,1811.35,-7.0,1.45, , 
,1812.75,2016,81.0,-8.2,11101001,1812.05,2048,26.7,3.09,357.0,1812.41,-7.8,1.48, , 
,1813.83,1984,81.0,-5.9,11101001,1813.11,2016,26.7,3.09,357.0,1813.47,-6.6,1.45, , 
,1814.90,1984,81.0,-3.5,11101011,1814.19,1984,25.1,3.09,336.6,1814.53,-5.5,1.52, , 
,1815.98,1952,81.0,-2.7,11101011,1815.25,1952,25.1,3.09,336.6,1815.61,-2.7,1.45, , 
,1817.06,1952,81.0,-3.1,11101011,1816.34,1952,26.7,3.09,357.0,1816.71,-2.7,1.45, , 
,1818.14,1920,81.0,-3.9,11101011,1817.43,1952,26.7,3.09,357.0,1817.79,-3.5,1.45, , 
,1819.26,1920,81.0,-4.3,11101011,1818.51,1920,26.7,3.09,357.0,1818.89,-3.9,1.45, , 
,1820.36,1888,81.0,-4.7,11101011,1819.62,1920,28.2,3.09,377.4,1820.00,-4.3,1.48, , 
,1821.46,1888,81.0,-4.3,11101011,1820.73,1888,28.2,3.09,377.4,1821.08,-4.3,1.52, , 
,1822.54,1856,81.0,-4.3,11101011,1821.82,1888,28.2,3.09,377.4,1822.17,-3.9,1.48, , 
,1823.66,1856,81.0,-3.9,11101011,1822.91,1856,29.4,3.09,377.4,1823.29,-3.9,1.48, , 
,1824.75,1856,81.0,-2.3,11101011,1824.03,1856,31.0,3.09,397.8,1824.40,-3.5,1.52, , 
,1825.85,1824,81.0,-0.8,11101011,1825.12,1856,31.0,4.12,397.8,1825.49,-1.2,1.52, , 
,1826.91,1824,81.0,-0.8,11101011,1826.19,1824,31.0,4.12,397.8,1826.55,-0.8,1.41, , 
,1828.02,1824,81.0,-0.4,11101011,1827.28,1824,31.0,4.12,397.8,1827.66,-0.4,1.45, , 
,1829.11,1824,81.0,-0.4,11101011,1828.41,1824,31.0,4.12,397.8,1828.75,0.0,1.48, , 
,1830.26,1824,81.0,-1.2,11101011,1829.50,1824,31.0,4.12,397.8,1829.87,-0.8,1.48, , 
,1831.30,1824,81.0,-2.0,11101011,1830.59,1824,19.2,2.06,295.8,1830.95,0.0,1.56, , 
,1832.32,1824,81.0,-1.2,11101011,1831.66,1824,20.8,2.06,295.8,1831.98,-2.0,1.33, , 
,1833.42,1792,81.0,-3.5,11101011,1832.70,1792,20.8,2.06,316.2,1833.03,-3.5,1.41, , 
,1834.53,1792,81.0,-2.3,11101011,1833.78,1792,22.0,3.09,316.2,1834.16,-2.7,1.52, , 
,1835.65,1792,81.0,-2.3,11101011,1834.91,1792,22.0,3.09,316.2,1835.27,-2.0,1.52, , 
,1836.73,1824,81.0,-3.5,11101011,1836.01,1792,22.0,3.09,316.2,1836.37,-3.1,1.45, , 
,1837.83,1824,81.0,-3.9,11101011,1837.11,1824,22.0,3.09,316.2,1837.46,-4.3,1.45, , 
,1838.91,1792,81.0,-2.0,11101011,1838.18,1824,23.5,3.09,336.6,1838.54,-2.7,1.52, , 
,1840.02,1824,81.0,-1.2,11101011,1839.27,1824,28.2,3.09,377.4,1839.65,-1.2,1.45, , 
,1841.10,1824,81.0,-1.6,11101011,1840.40,1824,29.4,3.09,397.8,1840.74,-1.6,1.45, , 
,1842.22,1824,81.0,-1.6,11101011,1841.48,1824,29.4,4.12,397.8,1841.86,-1.6,1.48, , 
,1843.36,1824,81.0,-2.0,11101011,1842.59,1824,29.4,3.09,397.8,1842.97,-2.0,1.48, , 
,1844.44,1824,81.0,-1.6,11101011,1843.74,1824,29.4,3.09,397.8,1844.09,-1.6,1.52, , 
,1845.51,1760,81.0,-1.6,11111111,1844.78,1824,29.4,4.12,377.4,1845.14,-2.0,1.45, , 
,1846.57,1632,81.0,0.0,11111111,1845.87,1760,20.8,2.06,295.8,1846.23,-3.5,1.45, , 
,1847.44,1472,81.0,0.0,11111111,1846.89,1600,0.0,0.00,316.2,1847.18,0.0,3.87, , 
,1848.45,1376,81.0,0.0,11111111,1847.78,1440,0.0,0.00,336.6,1848.13,0.0,3.98, , 
,1849.45,1344,81.0,0.0,11111111,1848.79,1376,0.0,0.00,336.6,1849.13,0.0,3.95, , 
,1850.36,960,81.0,0.0,11101011,1849.74,1088,23.5,4.12,336.6,1850.07,0.0,3.83, , 
,1851.43,1728,81.0,0.0,11101011,1850.67,1152,45.9,8.24,571.2,1851.04,0.0,0.98, , 
,1852.47,1792,81.0,0.0,11101011,1851.78,1728,60.4,9.27,693.6,1852.11,0.0,1.37, , 
,1853.57,1952,81.0,-5.9,11101011,1852.84,1856,67.8,9.27,775.2,1853.21,-3.9,1.33, , 
,1854.61,2048,81.0,-4.7,11101001,1853.91,1984,65.1,8.24,754.8,1854.25,-5.1,1.52, , 
,1855.64,2144,81.0,-2.0,11101001,1854.97,2080,63.5,8.24,714.0,1855.30,-3.5,1.52, , 
,1856.65,2208,81.0,4.7,11101001,1855.99,2176,53.3,7.21,632.4,1856.33,3.1,1.56, , 
,1857.67,2272,81.0,6.3,11101001,1857.00,2240,54.5,7.21,632.4,1857.33,6.3,1.48, , 
,1858.70,2336,81.0,7.8,11101001,1858.01,2304,53.3,7.21,612.0,1858.37,7.0,1.45, , 
,1859.72,2368,81.0,0.0,11101001,1859.04,2336,51.8,7.21,591.6,1859.37,8.6,1.45, , 
,1860.73,1408,81.0,0.0,11111111,1860.06,2368,0.0,0.00,357.0,1860.40,0.0,3.28, , 
,1861.73,1728,81.0,0.0,11101011,1861.07,960,25.1,4.12,357.0,1861.39,0.0,2.70, , 
,1862.85,1664,81.0,1.2,11101011,1862.11,1664,23.5,3.09,316.2,1862.47,0.0,1.45, , 
,1863.95,1632,81.0,0.4,11101011,1863.23,1664,26.7,3.09,377.4,1863.61,0.4,1.45, , 
,1865.01,1632,81.0,0.4,11101011,1864.32,1632,28.2,3.09,377.4,1864.66,0.4,1.48, , 
,1866.13,1600,81.0,2.0,11101011,1865.38,1632,29.4,4.12,377.4,1865.73,2.0,1.52, , 
,1867.14,1600,81.0,1.6,11101011,1866.46,1600,32.5,4.12,418.2,1866.80,2.3,1.45, , 
,1868.25,1600,82.5,-2.3,11101011,1867.51,1632,32.5,4.12,418.2,1867.88,-2.3,1.41, , 
,1869.31,1632,81.0,-2.7,11101011,1868.61,1632,32.5,4.12,418.2,1868.96,-2.7,1.48, , 
,1870.41,1600,82.5,-2.7,11101011,1869.68,1632,31.0,4.12,397.8,1870.04,-2.3,1.48, , 
,1871.49,1600,82.5,-7.4,11101011,1870.76,1600,20.8,2.06,316.2,1871.11,-7.0,1.33, , 
,1872.53,1600,82.5,-9.4,11101011,1871.83,1632,20.8,2.06,316.2,1872.19,-8.2,1.48, , 
,1873.61,1568,82.5,-9.8,11101011,1872.91,1568,22.0,2.06,316.2,1873.27,-11.3,1.45, , 
,1874.71,1568,82.5,-9.8,11111111,1873.97,1568,22.0,2.06,316.2,1874.33,-10.9,1.52, , 
,1875.77,1536,82.5,-7.0,11111111,1875.05,1568,22.0,2.06,316.2,1875.42,-7.4,1.52, , 
,1876.88,1536,82.5,-2.0,11111111,1876.13,1536,22.0,2.06,316.2,1876.51,-3.9,1.56, , 
,1877.79,1472,82.5,1.2,11101011,1877.23,1504,22.0,3.09,316.2,1877.51,1.6,1.56, , 
,1878.96,1504,82.5,2.3,11101011,1878.23,1504,22.0,3.09,316.2,1878.68,3.5,1.48, , 
,1879.86,1504,82.5,0.8,11101011,1879.22,1504,22.0,3.09,316.2,1879.49,0.4,1.37, , 
,1881.00,1504,82.5,-2.3,11101011,1880.30,1504,22.0,3.09,316.2,1880.59,-1.2,1.37, , 
,1881.99,1536,82.5,-3.9,11101011,1881.36,1504,22.0,3.09,316.2,1881.65,-3.1,1.41, , 
,1883.03,1536,82.5,-3.5,11101011,1882.35,1536,22.0,3.09,316.2,1882.67,-3.5,1.48, , 
,1884.10,1568,82.5,-3.1,11101011,1883.38,1536,23.5,3.09,336.6,1883.74,-2.7,1.48, , 
,1885.12,1568,82.5,-3.1,11101011,1884.44,1568,22.0,3.09,316.2,1884.78,-2.7,1.48, , 
,1886.13,1568,82.5,-2.3,11111111,1885.46,1600,22.0,2.06,316.2,1885.79,-2.7,1.48, , 
,1887.21,1600,82.5,3.9,11111111,1886.48,1600,22.0,3.09,316.2,1886.84,1.2,1.56, , 
,1888.27,1600,82.5,6.6,11111111,1887.54,1600,22.0,3.09,316.2,1887.90,6.3,1.52, , 
,1889.37,1632,82.5,7.8,11111111,1888.65,1632,22.0,3.09,316.2,1889.01,7.8,1.45, , 
,1890.38,1632,82.5,7.0,11111111,1889.71,1632,22.0,3.09,316.2,1890.03,9.0,1.41, , 
,1891.43,1632,82.5,7.4,11111111,1890.76,1632,22.0,3.09,316.2,1891.10,7.8,1.41, , 
,1892.45,1664,82.5,0.0,11111111,1891.76,1632,22.0,3.09,316.2,1892.09,0.0,1.45, , 
,1893.50,1664,82.5,0.0,11111111,1892.81,1664,0.0,0.00,316.2,1893.17,0.0,3.95, , 
,1894.50,1696,82.5,0.0,11101011,1893.83,1664,0.0,0.00,316.2,1894.17,0.0,3.63, , 
,1895.50,1696,82.5,0.0,11111111,1894.85,1664,19.2,3.09,295.8,1895.18,0.0,0.82, , 
,1896.58,1696,82.5,0.0,11111111,1895.89,1664,22.0,2.06,316.2,1896.22,-1.2,1.52, , 
,1897.61,1696,82.5,0.0,11111111,1896.94,1696,0.0,0.00,316.2,1897.26,0.0,3.83, , 
,1898.65,1696,82.5,0.0,11111111,1897.97,1696,0.0,0.00,316.2,1898.32,0.0,3.95, , 
,1899.68,1696,82.5,0.0,11111111,1899.00,1696,0.0,0.00,316.2,1899.34,0.0,3.95, , 
,1900.73,1664,82.5,0.0,11101011,1900.04,1664,0.0,0.00,316.2,1900.40,0.0,4.02, , 
,1901.79,1728,82.5,0.0,11101011,1901.10,1696,20.8,3.09,295.8,1901.43,0.0,0.90, , 
,1902.89,1760,82.5,-2.7,11101011,1902.16,1728,20.8,2.06,295.8,1902.53,-2.3,1.45, , 
,1904.02,1824,82.5,-3.5,11101011,1903.27,1760,20.8,2.06,295.8,1903.65,-3.1,1.41, , 
,1905.10,1856,82.5,-2.7,11111111,1904.41,1792,19.2,2.06,295.8,1904.77,0.0,1.64, , 
,1906.17,1856,82.5,0.0,11111111,1905.45,1856,20.8,2.06,295.8,1905.81,-3.1,1.52, , 
,1907.21,1856,82.5,0.0,11111111,1906.54,1856,0.0,0.00,295.8,1906.87,0.0,3.91, , 
,1908.23,1856,82.5,0.0,11111111,1907.55,1824,0.0,0.00,295.8,1907.89,0.0,3.95, , 
,1909.26,1856,82.5,0.0,10111111,1908.57,1856,0.0,0.00,295.8,1908.92,0.0,3.98, , 
,1910.27,1856,81.0,0.0,10111111,1909.60,1856,0.0,0.00,295.8,1909.93,0.0,3.98, , 
,1911.33,1888,82.5,0.0,10111111,1910.62,1888,0.0,0.00,295.8,1910.98,0.0,3.98, , 
,1912.40,1888,81.0,0.0,10111111,1911.69,1888,0.0,0.00,275.4,1912.04,0.0,3.95, , 
,1913.49,1824,81.0,0.0,10111111,1912.76,1888,0.0,0.00,275.4,1913.13,0.0,3.98, , 
,1914.52,1792,81.0,0.0,10111111,1913.82,1824,0.0,0.00,295.8,1914.19,0.0,3.98, , 
,1915.47,1792,81.0,0.0,10111111,1914.82,1792,0.0,0.00,295.8,1915.12,0.0,3.98, , 
,1916.54,1728,81.0,0.0,10111111,1915.83,1760,0.0,0.00,316.2,1916.18,0.0,3.98, , 
,1917.57,1696,81.0,0.0,10111111,1916.89,1728,0.0,0.00,316.2,1917.23,0.0,3.98, , 
,1918.58,1696,81.0,0.0,10111111,1917.90,1696,0.0,0.00,316.2,1918.25,0.0,3.98, , 
,1919.61,1696,81.0,0.0,10111111,1918.94,1696,0.0,0.00,316.2,1919.27,0.0,3.98, , 
,1920.62,1696,81.0,0.0,10111111,1919.94,1696,0.0,0.00,316.2,1920.27,0.0,3.98, , 
,1921.64,1728,81.0,0.0,10111111,1920.95,1696,0.0,0.00,316.2,1921.30,0.0,3.95, , 
,1922.65,1728,81.0,0.0,10111111,1921.97,1728,0.0,0.00,316.2,1922.33,0.0,3.95, , 
,1923.69,1760,81.0,0.0,10111111,1922.99,1728,0.0,0.00,316.2,1923.35,0.0,3.95, , 
,1924.70,1760,81.0,0.0,10111111,1924.04,1760,0.0,0.00,316.2,1924.37,0.0,3.98, , 
,1925.72,1760,81.0,0.0,10111111,1925.03,1760,0.0,0.00,316.2,1925.38,0.0,3.98, , 
,1926.75,1760,81.0,0.0,10111111,1926.07,1760,0.0,0.00,316.2,1926.41,0.0,3.98, , 
,1927.76,1760,81.0,0.0,10111111,1927.08,1760,0.0,0.00,316.2,1927.42,0.0,3.98, , 
,1928.80,1760,81.0,0.0,10111111,1928.11,1760,0.0,0.00,316.2,1928.47,0.0,3.98, , 
,1929.83,1760,81.0,0.0,10111111,1929.14,1760,0.0,0.00,316.2,1929.48,0.0,3.98, , 
,1930.85,1728,81.0,0.0,10111111,1930.17,1728,0.0,0.00,316.2,1930.51,0.0,3.95, , 
,1931.90,1696,81.0,0.0,10111111,1931.20,1728,0.0,0.00,316.2,1931.56,0.0,3.98, , 
,1932.90,1696,81.0,0.0,10111111,1932.23,1696,0.0,0.00,316.2,1932.56,0.0,3.98, , 
,1933.90,1664,81.0,0.0,10111111,1933.23,1664,0.0,0.00,316.2,1933.57,0.0,3.98, , 
,1934.92,1632,81.0,0.0,10111111,1934.22,1664,0.0,0.00,316.2,1934.56,0.0,3.98, , 
,1935.80,960,79.5,0.0,10111111,1935.21,1056,23.5,4.12,357.0,1935.50,0.0,3.87, , 
,1936.81,1696,79.5,0.0,10101011,1936.11,928,29.4,4.12,418.2,1936.45,0.0,1.05, , 
,1937.81,2176,79.5,6.3,10101001,1937.15,2240,16.1,2.06,244.8,1937.49,5.5,1.72, , 
,1938.84,2176,79.5,5.1,10101001,1938.15,2208,16.1,2.06,244.8,1938.50,9.4,1.64, , 
,1939.86,2208,79.5,2.7,10101001,1939.17,2208,16.1,2.06,244.8,1939.52,2.0,1.17, , 
,1940.90,2208,79.5,1.6,10101001,1940.21,2208,17.6,2.06,275.4,1940.55,3.5,1.56, , 
,1941.92,2208,79.5,-2.0,10101001,1941.25,2208,17.6,2.06,275.4,1941.60,2.3,1.60, , 
,1942.93,2208,79.5,5.1,10101001,1942.25,2240,17.6,2.06,275.4,1942.59,-3.9,1.13, , 
,1943.94,2176,79.5,-6.3,10101001,1943.25,2208,19.2,2.06,275.4,1943.59,-5.1,1.25, , 
,1944.96,2208,79.5,-7.4,10101001,1944.28,2208,19.2,2.06,295.8,1944.63,-6.6,1.48, , 
,1945.96,2240,79.5,-10.2,10101001,1945.29,2208,20.8,2.06,295.8,1945.64,-9.0,1.48, , 
,1946.98,2176,79.5,-9.0,10101001,1946.29,2208,20.8,2.06,295.8,1946.64,-10.5,1.45, , 
,1947.99,2208,79.5,-11.3,10101001,1947.32,2240,20.8,2.06,295.8,1947.64,-8.6,1.60, , 
,1949.02,2176,79.5,-10.2,10101001,1948.34,2176,20.8,2.06,295.8,1948.69,-11.7,1.45, , 
,1950.05,2240,79.5,-9.4,10101001,1949.37,2208,20.8,2.06,295.8,1949.71,-10.5,1.48, , 
,1951.05,2176,79.5,-10.2,10101001,1950.39,2176,20.8,2.06,295.8,1950.72,-9.4,1.48, , 
,1952.07,2208,79.5,-5.9,10101001,1951.38,2208,22.0,2.06,316.2,1951.72,-7.4,1.52, , 
,1953.04,2240,79.5,0.0,10101001,1952.39,2208,35.3,4.12,438.6,1952.72,0.0,1.60, , 
,1954.08,2336,79.5,3.1,10101001,1953.38,2272,48.6,6.18,571.2,1953.73,2.0,1.56, , 
,1955.09,1632,79.5,0.0,10111111,1954.40,2368,45.9,6.18,550.8,1954.73,0.0,2.23, , 
,1956.10,1792,79.5,0.0,10101011,1955.42,1120,23.5,4.12,357.0,1955.74,0.0,3.28, , 
,1957.17,1728,79.5,-0.8,10101011,1956.44,1728,25.1,3.09,336.6,1956.81,0.0,1.33, , 
,1958.24,1696,79.5,0.8,10111111,1957.53,1728,28.2,3.09,377.4,1957.87,-1.2,1.48, , 
,1959.28,1664,79.5,0.0,10111111,1958.60,1728,22.0,2.06,316.2,1958.94,0.8,1.52, , 
,1960.35,1568,79.5,0.0,10111111,1959.64,1632,0.0,0.00,316.2,1960.00,0.0,3.91, , 
,1961.26,1536,79.5,0.0,10111111,1960.66,1568,0.0,0.00,316.2,1960.97,0.0,3.95, , 
,1962.19,1472,79.5,0.0,10111111,1961.66,1504,0.0,0.00,316.2,1961.92,0.0,3.98, , 
,1963.21,1248,81.0,0.0,10111111,1962.59,1472,0.0,0.00,316.2,1962.91,0.0,3.98, , 
,1964.12,928,81.0,0.0,10111111,1963.51,896,28.2,4.12,377.4,1963.81,0.0,2.77, , 
,1965.05,896,81.0,0.0,10111111,1964.42,896,28.2,4.12,397.8,1964.74,0.0,0.90, , 
,1965.99,896,81.0,-0.4,10111111,1965.35,864,28.2,3.09,397.8,1965.65,-0.4,1.29, , 
,1966.86,896,81.0,0.4,10111111,1966.28,864,28.2,3.09,418.2,1966.56,0.0,1.52, , 
,1967.72,864,81.0,1.6,10111111,1967.16,896,29.4,3.09,397.8,1967.43,1.2,1.52, , 
,1968.64,864,81.0,2.7,10111111,1968.03,896,29.4,4.12,418.2,1968.33,2.3,1.52, , 
,1969.60,896,81.0,3.9,10111111,1968.97,896,29.4,4.12,418.2,1969.28,3.5,1.52, , 
,1970.53,896,81.0,4.7,10111111,1969.92,896,29.4,4.12,418.2,1970.22,4.7,1.52, , 
,1971.47,896,81.0,5.1,10111111,1970.84,896,29.4,4.12,418.2,1971.15,5.1,1.48, , 
,1972.43,1024,81.0,5.5,10111111,1971.78,896,29.4,4.12,418.2,1972.11,5.5,1.52, , 
,1973.36,992,81.0,3.9,10101011,1972.78,992,23.5,3.09,357.0,1973.10,3.1,1.41, , 
,1974.34,992,81.0,9.0,10101011,1973.72,1024,29.4,4.12,397.8,1974.03,6.6,1.56, , 
,1975.28,1088,81.0,0.0,10101011,1974.65,992,42.7,6.18,520.2,1974.96,0.0,1.56, , 
,1976.23,1280,81.0,0.0,10101011,1975.58,1152,47.1,6.18,591.6,1975.90,0.0,1.52, , 
,1977.39,1632,81.0,0.0,10101011,1976.65,1408,54.5,7.21,652.8,1977.02,0.0,1.21, , 
,1978.52,1984,81.0,-2.3,10101011,1977.76,1760,56.1,7.21,652.8,1978.14,-2.0,1.48, , 
,1979.58,2336,81.0,-3.9,10101001,1978.87,2080,60.4,8.24,693.6,1979.20,-2.3,1.45, , 
,1980.55,1792,81.0,0.0,10111111,1979.92,2464,63.5,8.24,714.0,1980.25,0.0,2.15, , 
,1981.62,1760,81.0,0.0,10101011,1980.87,1344,23.5,4.12,336.6,1981.26,0.0,2.81, , 
,1982.70,1920,81.0,0.0,10101011,1981.98,1824,41.2,6.18,499.8,1982.35,0.0,1.45, , 
,1983.75,2080,81.0,4.3,10101001,1983.06,1984,50.2,7.21,612.0,1983.41,3.1,1.60, , 
,1984.76,2240,81.0,5.9,10101001,1984.08,2144,48.6,6.18,571.2,1984.42,5.5,1.52, , 
,1985.77,2400,81.0,5.5,10101001,1985.10,2304,45.9,6.18,550.8,1985.44,7.8,1.45, , 
,1986.78,2592,81.0,-2.0,10101001,1986.11,2464,59.2,8.24,673.2,1986.46,0.8,1.29, , 
,1987.80,2528,81.0,0.0,11111101,1987.13,2656,63.5,8.24,714.0,1987.47,-3.9,1.48, , 
,1988.79,1344,81.0,0.0,11101011,1988.17,2016,0.0,0.00,316.2,1988.47,0.0,3.87, , 
,1989.84,2048,81.0,0.0,11101001,1989.15,1728,20.8,3.09,295.8,1989.49,0.0,0.63, , 
,1990.89,2144,81.0,0.0,11101001,1990.21,2112,34.1,4.12,418.2,1990.56,0.0,1.48, , 
,1991.90,2240,81.0,-3.5,11101001,1991.23,2176,72.2,11.33,795.6,1991.58,0.0,1.29, , 
,1992.90,2336,81.0,-8.2,11101001,1992.23,2272,76.9,10.30,867.0,1992.57,-6.3,1.33, , 
,1993.93,2432,81.0,-12.5,11101001,1993.24,2368,81.2,11.33,907.8,1993.56,-11.3,1.37, , 
,1995.00,2496,81.0,-13.7,11101001,1994.30,2432,82.7,11.33,907.8,1994.65,-13.7,1.52, , 
,1995.99,2592,81.0,-13.7,11101001,1995.34,2528,84.3,11.33,928.2,1995.67,-13.3,1.52, , 
,1997.00,2688,81.0,-13.7,11101001,1996.31,2624,87.1,11.33,948.6,1996.65,-13.7,1.45, , 
,1998.01,2784,81.0,-12.9,11101001,1997.33,2720,88.6,12.36,948.6,1997.66,-12.9,1.48, , 
,1999.05,2880,81.0,-13.3,11101001,1998.37,2816,88.6,12.36,969.0,1998.72,-13.3,1.48, , 
,2000.05,1600,81.0,0.0,11111111,1999.38,2656,0.0,0.00,357.0,1999.72,0.0,3.75, , 
,2001.10,2208,81.0,0.0,11101001,2000.41,1504,29.4,5.15,397.8,2000.75,0.0,0.74, , 
,2002.13,2208,82.5,-4.3,11101001,2001.44,2176,63.5,9.27,714.0,2001.78,0.0,1.09, , 
,2003.16,2240,82.5,-11.7,11101001,2002.47,2208,72.2,9.27,795.6,2002.81,-9.8,1.33, , 
,2004.16,2272,82.5,-15.2,11101001,2003.48,2240,76.9,9.27,867.0,2003.83,-14.1,1.48, , 
,2005.19,2304,82.5,-16.0,11101001,2004.50,2272,78.4,9.27,867.0,2004.85,-16.4,1.52, , 
,2006.17,2336,82.5,-14.8,11101001,2005.51,2304,76.9,9.27,846.6,2005.85,-15.2,1.56, , 
,2007.25,2368,82.5,-14.8,11101001,2006.51,2336,76.9,9.27,846.6,2006.86,-14.5,1.45, , 
,2008.31,2400,82.5,0.0,11101001,2007.65,2368,62.0,8.24,693.6,2007.99,0.0,1.41, , 
,2009.37,2400,82.5,-1.6,11101001,2008.68,2400,48.6,6.18,571.2,2009.00,-1.6,1.52, , 
,2010.45,2400,82.5,-3.5,11101001,2009.75,2400,47.1,6.18,550.8,2010.12,-2.7,1.41, , 
,2011.50,2400,82.5,-5.9,11101001,2010.80,2400,47.1,6.18,550.8,2011.16,-5.1,1.45, , 
,2012.53,2400,82.5,-5.9,11101001,2011.84,2400,48.6,6.18,571.2,2012.18,-6.6,1.52, , 
,2013.54,2400,82.5,-4.7,11101001,2012.89,2400,53.3,7.21,612.0,2013.22,-5.1,1.48, , 
,2014.59,2432,82.5,-3.1,11101001,2013.91,2400,53.3,7.21,612.0,2014.26,-3.9,1.52, , 
,2015.62,2432,82.5,-2.3,11101001,2014.92,2400,53.3,7.21,612.0,2015.26,-2.0,1.52, , 
,2016.70,2432,82.5,-0.8,11101001,2015.98,2432,53.3,7.21,612.0,2016.34,-2.0,1.45, , 
,2017.76,2432,82.5,0.0,11101001,2017.06,2432,51.8,7.21,612.0,2017.42,-0.4,1.52, , 
,2018.79,2464,82.5,0.0,11101001,2018.10,2464,51.8,7.21,591.6,2018.44,0.0,1.45, , 
,2019.85,2464,82.5,2.3,11101001,2019.15,2464,47.1,6.18,550.8,2019.49,2.0,1.48, , 
,2020.91,2464,82.5,0.4,11101001,2020.21,2464,47.1,6.18,571.2,2020.55,0.4,1.45, , 
,2021.94,2464,82.5,0.8,11101001,2021.24,2464,48.6,6.18,571.2,2021.58,0.8,1.45, , 
,2022.97,2464,82.5,0.4,11101001,2022.27,2464,48.6,7.21,571.2,2022.63,0.8,1.48, , 
,2023.99,2464,82.5,2.3,11101001,2023.32,2464,48.6,6.18,571.2,2023.66,1.6,1.48, , 
,2025.00,2464,82.5,2.3,11101001,2024.33,2464,48.6,7.21,571.2,2024.66,2.7,1.45, , 
,2026.07,2464,82.5,2.3,11101001,2025.35,2464,48.6,7.21,571.2,2025.70,2.0,1.48, , 
,2027.14,2464,82.5,1.6,11101001,2026.43,2464,48.6,7.21,571.2,2026.78,2.0,1.45, , 
,2028.20,2464,82.5,1.6,11101001,2027.50,2464,47.1,7.21,550.8,2027.85,1.6,1.48, , 
,2029.27,2496,82.5,1.2,11101001,2028.55,2464,48.6,7.21,571.2,2028.91,1.2,1.48, , 
,2030.35,2496,82.5,1.6,11101001,2029.63,2496,48.6,7.21,571.2,2029.99,1.6,1.48, , 
,2031.36,2496,82.5,2.7,11101001,2030.69,2496,48.6,7.21,571.2,2031.01,2.3,1.52, , 
,2032.40,2496,82.5,2.0,11101001,2031.72,2496,48.6,7.21,571.2,2032.05,2.3,1.48, , 
,2033.48,2464,82.5,1.6,11101001,2032.76,2464,48.6,7.21,571.2,2033.12,2.0,1.45, , 
,2034.44,2496,82.5,2.0,11101001,2033.81,2464,48.6,7.21,571.2,2034.12,2.0,1.52, , 
,2035.46,2496,82.5,1.6,11101001,2034.76,2496,48.6,7.21,571.2,2035.10,2.0,1.52, , 
,2036.45,2496,82.5,1.6,11101001,2035.80,2496,48.6,7.21,571.2,2036.13,1.6,1.48, , 
,2037.48,2496,82.5,1.2,11101001,2036.81,2496,48.6,7.21,571.2,2037.12,1.6,1.45, , 
,2038.53,2496,82.5,2.0,11101001,2037.85,2496,48.6,7.21,571.2,2038.17,1.6,1.52, , 
,2039.59,2496,82.5,2.7,11101001,2038.89,2496,48.6,7.21,571.2,2039.23,2.3,1.48, , 
,2040.64,2496,82.5,2.0,11101001,2039.94,2496,48.6,7.21,550.8,2040.29,2.0,1.45, , 
,2041.69,2496,82.5,2.0,11101001,2040.97,2496,47.1,7.21,550.8,2041.33,1.6,1.48, , 
,2042.69,2496,82.5,2.7,11101001,2042.04,2496,47.1,6.18,550.8,2042.35,2.7,1.52, , 
,2043.73,2496,84.0,1.6,11101001,2043.02,2496,47.1,6.18,550.8,2043.37,2.3,1.45, , 
,2044.79,2496,82.5,2.0,11101001,2044.09,2496,47.1,7.21,571.2,2044.46,2.0,1.48, , 
,2045.87,2496,82.5,2.0,11101001,2045.15,2496,47.1,7.21,550.8,2045.51,2.0,1.52, , 
,2046.91,2496,82.5,2.0,11101001,2046.21,2496,47.1,6.18,550.8,2046.55,2.0,1.48, , 
,2047.98,2464,82.5,2.0,11101001,2047.27,2496,47.1,7.21,550.8,2047.63,2.0,1.45, , 
,2049.00,2496,82.5,1.6,11101001,2048.31,2464,47.1,6.18,550.8,2048.66,2.0,1.52, , 
,2050.06,2464,82.5,1.2,11101001,2049.36,2496,47.1,6.18,550.8,2049.71,2.0,1.45, , 
,2051.15,2464,82.5,2.7,11101001,2050.44,2496,47.1,7.21,550.8,2050.78,1.6,1.52, , 
,2052.23,2464,82.5,5.9,11101001,2051.51,2464,47.1,6.18,550.8,2051.87,4.3,1.52, , 
,2053.32,2464,82.5,5.5,11101001,2052.61,2496,47.1,7.21,550.8,2052.97,5.5,1.45, , 
,2054.40,2496,82.5,5.5,11101001,2053.67,2496,47.1,7.21,550.8,2054.04,5.5,1.52, , 
,2055.47,2496,82.5,5.9,11101001,2054.76,2496,47.1,7.21,550.8,2055.12,6.6,1.48, , 
,2056.50,2496,82.5,5.9,11101001,2055.82,2496,47.1,7.21,550.8,2056.16,6.3,1.48, , 
,2057.56,2496,82.5,5.5,11101001,2056.85,2496,47.1,7.21,550.8,2057.21,5.1,1.48, , 
,2058.63,2496,82.5,4.7,11101001,2057.92,2496,47.1,7.21,550.8,2058.28,4.7,1.48, , 
,2059.62,2496,82.5,4.3,11101001,2058.95,2496,48.6,7.21,571.2,2059.28,4.3,1.45, , 
,2060.65,2496,82.5,5.1,11101001,2059.97,2496,47.1,7.21,550.8,2060.30,4.7,1.52, , 
,2061.64,2496,82.5,4.3,11101001,2060.96,2496,50.2,7.21,571.2,2061.28,3.9,1.48, , 
,2062.64,2496,82.5,4.7,11101001,2061.97,2496,50.2,7.21,571.2,2062.30,4.7,1.45, , 
,2063.66,2496,82.5,-5.5,11101001,2063.00,2496,62.0,9.27,693.6,2063.33,-4.3,1.21, , 
,2064.74,2528,82.5,-7.8,11101001,2064.03,2496,63.5,8.24,714.0,2064.37,-7.0,1.52, , 
,2065.74,2528,82.5,-7.8,11101001,2065.07,2528,63.5,8.24,714.0,2065.40,-7.8,1.56, , 
,2066.74,2560,82.5,-7.0,11101001,2066.04,2560,63.5,8.24,714.0,2066.40,-7.4,1.48, , 
,2067.79,2560,82.5,-6.6,11101001,2067.08,2560,62.0,8.24,693.6,2067.43,-6.6,1.48, , 
,2068.86,2592,82.5,-6.6,11101001,2068.15,2560,62.0,8.24,693.6,2068.51,-6.6,1.48, , 
,2069.87,2592,82.5,0.0,11101001,2069.20,2592,62.0,8.24,693.6,2069.53,-6.3,1.45, , 
,2070.90,2592,82.5,2.0,11101001,2070.22,2592,47.1,6.18,550.8,2070.56,1.6,1.60, , 
,2071.94,2592,82.5,4.3,11101001,2071.26,2592,47.1,6.18,550.8,2071.59,3.9,1.52, , 
,2072.95,2592,82.5,5.1,11101001,2072.27,2592,47.1,7.21,550.8,2072.60,5.1,1.48, , 
,2073.94,2592,82.5,4.3,11101001,2073.28,2592,48.6,7.21,571.2,2073.63,4.3,1.45, , 
,2074.96,2592,82.5,3.9,11101001,2074.26,2592,48.6,7.21,571.2,2074.61,4.3,1.48, , 
,2076.01,2592,82.5,3.9,11101001,2075.29,2592,48.6,7.21,571.2,2075.65,4.3,1.45, , 
,2077.03,2560,82.5,3.9,11101001,2076.36,2560,48.6,7.21,571.2,2076.68,3.9,1.52, , 
,2078.03,2560,82.5,4.7,11101001,2077.38,2560,47.1,6.18,550.8,2077.70,4.7,1.48, , 
,2079.06,2560,82.5,3.1,11101001,2078.38,2560,47.1,7.21,550.8,2078.72,3.9,1.41, , 
,2080.09,2496,82.5,-6.6,11101001,2079.40,2560,20.8,2.06,295.8,2079.74,0.0,1.17, , 
,2081.09,2464,82.5,-9.8,11101001,2080.44,2496,19.2,2.06,275.4,2080.75,-3.9,1.64, , 
,2082.15,2464,82.5,-7.0,11101001,2081.43,2464,19.2,2.06,275.4,2081.80,-9.4,1.33, , 
,2083.18,2400,82.5,-11.3,11101001,2082.50,2432,20.8,2.06,295.8,2082.84,-11.7,1.41, , 
,2084.22,2368,82.5,-13.3,11101001,2083.54,2368,20.8,2.06,295.8,2083.89,-12.5,1.52, , 
,2085.25,2336,82.5,-14.1,11101001,2084.56,2336,22.0,2.06,295.8,2084.92,-13.3,1.45, , 
,2086.26,2304,82.5,-13.7,11101001,2085.58,2304,22.0,2.06,316.2,2085.92,-14.8,1.45, , 
,2087.26,2272,82.5,-14.5,11101001,2086.60,2272,22.0,2.06,316.2,2086.92,-14.5,1.48, , 
,2088.27,2272,82.5,-5.1,11101001,2087.60,2272,31.0,3.09,397.8,2087.95,-8.6,1.64, , 
,2089.26,2272,82.5,2.3,11101001,2088.60,2272,50.2,6.18,591.6,2088.93,0.4,1.64, , 
,2090.26,2240,82.5,7.4,11101001,2089.61,2240,48.6,7.21,571.2,2089.94,6.3,1.56, , 
,2091.26,2208,82.5,9.8,11101001,2090.60,2208,45.9,7.21,550.8,2090.92,10.2,1.41, , 
,2092.27,2176,82.5,8.6,11101001,2091.60,2208,48.6,7.21,571.2,2091.93,9.4,1.41, , 
,2093.29,2112,82.5,0.0,11111101,2092.61,2176,47.1,7.21,571.2,2092.95,0.0,1.41, , 
,2094.30,2016,82.5,0.0,11111101,2093.63,2112,16.1,2.06,244.8,2093.96,0.0,1.72, , 
,2095.38,1920,82.5,0.0,11111111,2094.66,1984,0.0,0.00,244.8,2095.01,0.0,3.91, , 
,2096.42,1920,82.5,0.0,11101011,2095.72,1888,17.6,3.09,275.4,2096.08,0.0,1.05, , 
,2097.52,1856,82.5,0.0,11101011,2096.79,1856,40.0,6.18,479.4,2097.16,0.0,1.52, , 
,2098.60,1856,82.5,-1.6,11101011,2097.88,1856,51.8,7.21,612.0,2098.25,2.0,1.56, , 
,2099.70,1888,82.5,-5.1,11101011,2098.97,1888,63.5,9.27,734.4,2099.35,-5.1,1.33, , 
,2100.78,1952,82.5,0.0,11101011,2100.06,1920,62.0,8.24,714.0,2100.43,-5.5,1.52, , 
