Piątek,07,Sierpień,2026,13:48:01:00009-VCID:1C3761778CABCE7337-5178,Wersja VCDS: AKP 23.3.1,Wersja danych: 20230601 DS346.2
047 906 033 L,,1.4l SIMOS3PA   00HS5401,

,Grupa A:,'001,,,,Grupa B:,'002,,,,Grupa C:,'033
,,Obroty silnika,Temperatura,Lambda,Bity binarnie,,Obroty silnika,Obciążenie,Czas wtrysku,Ciśnienie rzecz.,,Lambda,Napięcie, , 
,CZAS,,,,,CZAS,,,,,CZAS,,,,
Znacznik,ZAPISU, /min,*C, %,,ZAPISU, /min, %, ms, mbar,ZAPISU, %, V,,
,0.59,800,61.5,-10.9,10111110,0.89,800,34.1,4.12,459.0,0.28,-10.9,1.41, , 
,1.50,832,61.5,-11.3,10111110,1.79,800,34.1,4.12,459.0,1.19,-11.3,1.45, , 
,2.39,800,61.5,-11.3,10111110,2.70,800,34.1,4.12,459.0,2.10,-11.3,1.48, , 
,3.30,1472,61.5,0.0,10101010,3.64,2016,35.3,4.12,438.6,2.98,0.0,1.48, , 
,4.34,1440,61.5,0.0,10101010,4.66,1408,44.3,6.18,520.2,3.99,0.0,1.21, , 
,5.45,1536,61.5,0.0,10101010,5.76,1472,48.6,7.21,571.2,5.12,0.0,1.09, , 
,6.40,1408,61.5,0.0,10101010,6.79,1536,50.2,7.21,591.6,6.08,0.0,1.21, , 
,7.52,1728,61.5,0.0,10111110,7.80,1120,31.0,4.12,418.2,7.16,0.0,0.94, , 
,8.44,1120,61.5,0.0,10101010,8.77,1184,59.2,9.27,693.6,8.12,0.0,3.05, , 
,9.41,1248,61.5,-6.3,10101010,9.75,1312,48.6,7.21,591.6,9.10,0.0,0.82, , 
,10.43,1408,61.5,-8.2,10101010,10.89,1472,48.6,6.18,571.2,10.11,-7.4,1.33, , 
,11.62,1568,61.5,-7.0,10101010,11.99,1632,44.3,6.18,520.2,11.24,-7.4,1.52, , 
,12.70,1760,61.5,0.0,10101010,13.03,1792,59.2,9.27,673.2,12.36,-6.3,1.56, , 
,13.76,1952,61.5,-4.7,10101010,14.12,2016,50.2,6.18,571.2,13.40,0.0,0.94, , 
,14.83,2144,61.5,-3.5,10101000,15.18,2208,45.9,6.18,520.2,14.48,-3.5,1.52, , 
,15.86,2272,61.5,-3.1,10101000,16.22,2336,48.6,6.18,520.2,15.50,-3.1,1.48, , 
,16.93,2464,61.5,0.0,10101000,17.27,2592,57.6,7.21,652.8,16.59,-3.5,1.45, , 
,17.90,1504,63.0,0.0,10111110,18.23,960,28.2,4.12,377.4,17.60,0.0,3.09, , 
,18.97,1632,63.0,0.0,10101010,19.35,1632,25.1,3.09,336.6,18.61,0.0,3.05, , 
,20.07,1632,63.0,-14.8,10101010,20.42,1632,25.1,3.09,336.6,19.71,0.0,0.70, , 
,21.13,1600,63.0,-17.6,10111110,21.49,1632,25.1,2.06,336.6,20.76,-14.8,1.37, , 
,22.20,1568,63.0,-18.4,10111110,22.51,1536,25.1,2.06,336.6,21.86,-17.6,1.52, , 
,23.14,1504,63.0,-17.2,10101010,23.56,1504,26.7,3.09,357.0,22.86,-16.8,1.60, , 
,24.25,1504,63.0,0.0,10101010,24.62,1504,42.7,6.18,499.8,23.98,0.0,1.37, , 
,25.34,1536,63.0,-3.9,10101010,25.68,1536,41.2,5.15,499.8,24.98,-3.5,1.25, , 
,26.41,1600,63.0,-7.0,10101010,26.76,1568,31.0,4.12,397.8,26.06,-5.1,1.45, , 
,27.48,1568,63.0,-9.8,10101010,27.82,1568,26.7,3.09,357.0,27.11,-9.4,1.41, , 
,28.51,1600,63.0,-7.4,10101010,28.87,1600,32.5,4.12,418.2,28.17,0.0,1.33, , 
,29.57,1600,63.0,-9.4,10101010,29.92,1632,34.1,4.12,418.2,29.20,-8.6,1.37, , 
,30.67,1696,63.0,-5.1,10101010,31.02,1696,35.3,4.12,438.6,30.30,-8.6,1.56, , 
,31.74,1696,63.0,-6.6,10101010,32.11,1696,34.1,4.12,418.2,31.37,-5.9,1.52, , 
,32.80,1696,63.0,0.0,10111110,33.18,1728,25.1,3.09,336.6,32.45,-6.6,1.48, , 
,33.89,1696,63.0,-7.4,10111110,34.23,1664,22.0,2.06,316.2,33.51,-5.1,1.25, , 
,34.92,1664,63.0,-12.5,10101010,35.26,1632,23.5,3.09,316.2,34.60,-10.9,1.25, , 
,35.95,1632,63.0,-8.2,10101010,36.30,1664,51.8,8.24,612.0,35.60,-8.6,1.45, , 
,36.99,1696,64.5,0.0,10101010,37.34,1696,36.9,4.12,459.0,36.66,0.0,1.37, , 
,38.05,1728,64.5,0.8,10101010,38.45,1728,35.3,4.12,438.6,37.68,1.2,1.56, , 
,39.17,1728,64.5,1.2,10101010,39.50,1728,35.3,4.12,438.6,38.81,1.2,1.48, , 
,40.25,1760,64.5,0.8,10101010,40.61,1760,34.1,4.12,418.2,39.88,1.6,1.48, , 
,41.36,1760,64.5,-1.2,10101010,41.71,1760,34.1,4.12,418.2,40.97,-0.4,1.41, , 
,42.40,1760,64.5,0.0,10101010,42.79,1792,40.0,5.15,479.4,42.05,0.0,1.52, , 
,43.48,1792,64.5,1.6,10101010,43.86,1824,36.9,4.12,459.0,43.12,1.2,1.52, , 
,44.59,1792,64.5,0.0,10111110,44.96,1792,22.0,3.09,316.2,44.21,0.0,1.48, , 
,45.69,1760,64.5,-8.2,10111110,46.05,1728,23.5,2.06,316.2,45.33,-7.8,1.17, , 
,46.75,1664,64.5,-8.6,10101010,47.08,1696,23.5,2.06,316.2,46.40,-7.8,1.48, , 
,47.81,1696,64.5,-3.5,10101010,48.15,1696,36.9,4.12,438.6,47.46,-3.9,1.52, , 
,48.91,1728,64.5,2.3,10101010,49.28,1728,35.3,4.12,438.6,48.53,0.4,1.64, , 
,50.00,1760,64.5,5.1,10101010,50.39,1760,35.3,4.12,438.6,49.65,3.9,1.56, , 
,51.16,1792,64.5,5.5,10101010,51.53,1792,34.1,4.12,418.2,50.78,5.5,1.45, , 
,52.30,1792,64.5,3.5,10101010,52.67,1824,31.0,4.12,397.8,51.92,3.9,1.37, , 
,53.42,1824,66.0,2.7,10101010,53.80,1824,31.0,4.12,397.8,53.05,3.1,1.45, , 
,54.51,1856,66.0,1.2,10101010,54.88,1856,32.5,3.09,397.8,54.17,1.6,1.37, , 
,55.62,1856,66.0,0.8,10101010,55.99,1856,31.0,3.09,397.8,55.25,1.2,1.45, , 
,56.72,1856,66.0,-5.5,10101010,57.09,1856,28.2,3.09,357.0,56.36,-5.5,1.41, , 
,57.82,1824,66.0,-6.6,10101010,58.18,1824,25.1,3.09,336.6,57.44,-4.7,1.48, , 
,58.82,1792,66.0,-9.4,10101010,59.19,1792,20.8,2.06,295.8,58.49,-8.2,1.37, , 
,59.92,1760,66.0,-9.4,10101010,60.27,1728,22.0,2.06,316.2,59.56,-9.8,1.41, , 
,60.98,1728,66.0,-12.1,10101010,61.33,1728,23.5,2.06,316.2,60.63,-10.5,1.45, , 
,62.07,1696,66.0,-13.3,10101010,62.42,1696,23.5,2.06,336.6,61.70,-13.3,1.45, , 
,63.16,1664,66.0,-13.3,10101010,63.51,1664,23.5,2.06,336.6,62.77,-13.7,1.48, , 
,64.23,1632,66.0,-14.5,10101010,64.59,1632,23.5,2.06,336.6,63.86,-14.5,1.45, , 
,65.29,1600,66.0,-14.1,10101010,65.63,1600,25.1,3.09,336.6,64.94,-14.8,1.48, , 
,66.38,1600,66.0,-14.5,10101010,66.78,1600,25.1,3.09,336.6,66.00,-14.1,1.52, , 
,67.46,1568,67.5,-13.7,10111110,67.79,1568,0.0,0.00,336.6,67.12,-14.1,1.48, , 
,68.45,1024,67.5,0.0,10111110,68.79,1120,29.4,4.12,397.8,68.13,0.0,2.50, , 
,69.39,960,67.5,0.0,10111110,69.72,928,29.4,4.12,397.8,69.09,0.0,0.90, , 
,70.33,928,67.5,-2.7,10111110,70.64,928,29.4,3.09,418.2,70.03,0.0,0.94, , 
,71.25,864,67.5,-8.2,10111110,71.57,896,31.0,3.09,418.2,70.96,-6.6,1.21, , 
,72.18,864,67.5,-9.4,10111110,72.48,864,31.0,3.09,418.2,71.88,-9.4,1.41, , 
,73.09,864,67.5,-9.4,10111110,73.39,896,31.0,3.09,418.2,72.79,-9.4,1.48, , 
,74.02,864,67.5,-9.8,10111110,74.33,896,31.0,3.09,418.2,73.69,-9.4,1.48, , 
,74.95,864,67.5,-10.2,10111110,75.24,864,31.0,3.09,418.2,74.63,-10.2,1.45, , 
,75.87,896,67.5,-10.9,10111110,76.16,864,31.0,3.09,418.2,75.56,-10.9,1.45, , 
,76.78,864,67.5,-11.7,10111110,77.07,864,32.5,3.09,438.6,76.48,-11.7,1.45, , 
,77.68,864,67.5,-11.7,10111110,77.99,864,32.5,3.09,438.6,77.38,-11.7,1.52, , 
,78.63,864,67.5,-10.9,10111110,78.93,896,32.5,3.09,438.6,78.30,-11.3,1.52, , 
,79.56,896,67.5,-10.5,10111110,79.86,864,32.5,4.12,438.6,79.25,-10.5,1.52, , 
,80.49,896,67.5,-10.5,10111110,80.80,896,32.5,4.12,438.6,80.19,-10.5,1.48, , 
,81.43,896,67.5,-10.5,10111110,81.74,896,32.5,4.12,438.6,81.11,-10.5,1.48, , 
,82.37,864,67.5,-10.2,10111110,82.68,800,31.0,3.09,418.2,82.06,-10.2,1.52, , 
,83.28,768,67.5,-10.5,10111110,83.56,800,35.3,4.12,459.0,82.98,-10.2,1.41, , 
,84.18,800,67.5,-10.9,10111110,84.49,800,34.1,4.12,459.0,83.86,-10.9,1.48, , 
,85.05,800,67.5,-10.5,10111110,85.36,800,32.5,4.12,459.0,84.76,-10.5,1.48, , 
,85.96,800,67.5,-10.5,10111110,86.27,800,34.1,4.12,459.0,85.67,-10.5,1.48, , 
,86.88,800,67.5,-10.5,10111110,87.19,800,34.1,4.12,459.0,86.57,-10.5,1.48, , 
,87.78,800,67.5,-9.8,10111110,88.08,800,34.1,4.12,459.0,87.49,-10.2,1.48, , 
,88.69,800,69.0,-9.4,10111110,88.97,800,32.5,4.12,438.6,88.38,-9.4,1.45, , 
,89.59,800,69.0,-9.8,10111110,89.88,800,32.5,4.12,459.0,89.29,-9.8,1.41, , 
,90.50,800,69.0,-10.2,10111110,90.82,800,34.1,4.12,459.0,90.20,-10.2,1.45, , 
,91.44,800,69.0,-10.9,10111110,91.75,800,34.1,4.12,459.0,91.12,-10.5,1.45, , 
,92.33,800,69.0,-11.3,10111110,92.64,800,34.1,4.12,459.0,92.05,-11.3,1.45, , 
,93.23,800,69.0,-10.9,10111110,93.52,800,34.1,4.12,459.0,92.94,-10.9,1.48, , 
,94.14,800,69.0,-10.5,10111110,94.45,800,34.1,4.12,459.0,93.83,-10.9,1.48, , 
,95.01,800,69.0,-10.5,10111110,95.33,800,34.1,4.12,459.0,94.74,-10.5,1.45, , 
,95.91,768,69.0,-11.3,10111110,96.21,800,34.1,4.12,459.0,95.61,-10.9,1.41, , 
,96.83,800,69.0,-11.3,10111110,97.14,800,34.1,4.12,459.0,96.52,-11.3,1.48, , 
,97.76,800,69.0,-11.3,10111110,98.05,800,34.1,4.12,459.0,97.47,-11.3,1.48, , 
,98.65,800,69.0,-10.9,10111110,98.94,800,34.1,4.12,459.0,98.35,-10.9,1.48, , 
,99.57,800,69.0,-10.9,10111110,99.88,800,34.1,4.12,459.0,99.26,-10.9,1.48, , 
,100.48,800,69.0,-10.9,10111110,100.78,800,34.1,4.12,459.0,100.18,-10.9,1.45, , 
,101.38,800,69.0,-11.3,10111110,101.69,800,34.1,4.12,459.0,101.08,-11.3,1.48, , 
,102.31,800,69.0,-11.7,10111110,102.61,800,34.1,4.12,459.0,102.01,-11.7,1.45, , 
,103.22,800,69.0,-11.3,10111110,103.53,800,34.1,4.12,459.0,102.91,-11.3,1.48, , 
,104.14,800,69.0,-11.3,10111110,104.44,768,34.1,4.12,459.0,103.84,-11.3,1.45, , 
,105.06,768,69.0,-11.3,10111110,105.36,800,35.3,4.12,479.4,104.75,-11.3,1.48, , 
,105.99,800,70.5,-11.3,10111110,106.29,800,35.3,4.12,479.4,105.68,-11.3,1.48, , 
,106.88,800,70.5,-11.3,10111110,107.18,800,34.1,4.12,459.0,106.59,-11.3,1.48, , 
,107.80,800,70.5,-10.9,10111110,108.10,800,34.1,4.12,459.0,107.50,-10.9,1.52, , 
,108.72,800,70.5,-10.2,10111110,109.02,800,34.1,4.12,459.0,108.40,-10.2,1.48, , 
,109.64,800,70.5,-10.5,10111110,109.96,768,34.1,4.12,459.0,109.33,-10.2,1.45, , 
,110.55,800,70.5,-10.5,10111110,110.86,800,34.1,4.12,459.0,110.25,-10.5,1.48, , 
,111.47,800,70.5,-10.5,10111110,111.77,800,35.3,4.12,459.0,111.17,-10.5,1.45, , 
,112.36,800,70.5,-10.2,10111110,112.65,800,34.1,4.12,459.0,112.06,-10.2,1.48, , 
,113.26,800,70.5,-10.5,10111110,113.56,800,34.1,4.12,459.0,112.96,-10.5,1.45, , 
,114.14,800,70.5,-10.5,10111110,114.46,800,34.1,4.12,459.0,113.84,-10.5,1.45, , 
,115.05,800,70.5,-10.5,10111110,115.35,800,34.1,4.12,459.0,114.76,-10.9,1.48, , 
,115.96,768,70.5,-10.5,10111110,116.26,800,34.1,4.12,459.0,115.65,-10.5,1.48, , 
,116.86,800,70.5,-10.5,10111110,117.16,768,35.3,4.12,479.4,116.55,-10.5,1.48, , 
,117.75,800,70.5,-10.2,10111110,118.07,800,34.1,4.12,459.0,117.46,-10.2,1.48, , 
,118.67,800,70.5,-10.2,10111110,118.95,800,34.1,4.12,459.0,118.37,-10.2,1.48, , 
,119.55,800,70.5,-10.5,10111110,119.85,800,34.1,4.12,459.0,119.27,-10.5,1.45, , 
,120.45,800,70.5,-10.5,10111110,120.75,800,34.1,4.12,459.0,120.16,-10.9,1.45, , 
,121.36,800,70.5,-10.5,10111110,121.68,800,34.1,4.12,459.0,121.05,-10.5,1.45, , 
,122.29,800,70.5,-11.3,10111110,122.60,800,34.1,4.12,459.0,121.99,-10.9,1.45, , 
,123.19,800,70.5,-11.7,10111110,123.49,800,34.1,4.12,459.0,122.89,-11.3,1.45, , 
,124.11,800,70.5,-12.1,10111110,124.41,800,34.1,4.12,459.0,123.80,-12.1,1.45, , 
,125.02,800,70.5,-12.5,10111110,125.34,800,34.1,4.12,459.0,124.71,-12.5,1.48, , 
,125.93,800,70.5,-12.1,10111110,126.24,800,34.1,4.12,459.0,125.63,-12.1,1.48, , 
,126.86,768,70.5,-12.1,10111110,127.19,800,35.3,4.12,479.4,126.56,-12.1,1.48, , 
,127.81,800,70.5,-11.3,10111110,128.12,800,34.1,4.12,459.0,127.51,-11.3,1.48, , 
,128.70,800,70.5,-11.3,10111110,128.99,800,34.1,4.12,459.0,128.42,-11.3,1.45, , 
,129.57,800,70.5,-11.3,10111110,129.87,800,34.1,4.12,459.0,129.29,-11.3,1.48, , 
,130.46,800,72.0,-11.7,10111110,130.76,800,34.1,4.12,459.0,130.17,-11.3,1.45, , 
,131.36,800,72.0,-11.7,10111110,131.65,800,34.1,4.12,459.0,131.06,-11.7,1.45, , 
,132.24,800,72.0,-12.1,10111110,132.54,800,34.1,4.12,459.0,131.95,-11.7,1.45, , 
,133.14,768,72.0,-12.1,10111110,133.46,800,34.1,4.12,459.0,132.84,-12.1,1.45, , 
,134.07,800,72.0,-12.1,10111110,134.37,800,34.1,4.12,459.0,133.77,-12.1,1.45, , 
,134.97,800,72.0,-11.7,10111110,135.29,800,34.1,4.12,459.0,134.67,-12.1,1.48, , 
,135.87,800,72.0,-11.7,10111110,136.17,800,34.1,4.12,459.0,135.59,-11.7,1.45, , 
,136.74,800,72.0,-11.7,10111110,137.03,800,34.1,4.12,459.0,136.45,-11.7,1.45, , 
,137.63,800,72.0,-11.3,10111110,137.93,800,35.3,4.12,459.0,137.33,-11.3,1.45, , 
,138.53,800,72.0,-11.3,10111110,138.81,800,35.3,4.12,479.4,138.22,-11.3,1.45, , 
,139.39,800,72.0,-11.3,10111110,139.69,800,34.1,4.12,459.0,139.09,-11.3,1.45, , 
,140.34,800,72.0,-11.7,10111110,140.65,800,34.1,4.12,459.0,140.02,-11.7,1.45, , 
,141.26,800,72.0,-11.7,10111110,141.55,800,34.1,4.12,459.0,140.95,-11.7,1.45, , 
,142.15,800,72.0,-11.3,10111110,142.44,800,34.1,4.12,459.0,141.85,-11.3,1.48, , 
,143.07,768,72.0,-10.9,10111110,143.37,768,35.3,4.12,479.4,142.76,-10.9,1.48, , 
,143.95,800,72.0,-10.9,10111110,144.26,800,35.3,4.12,459.0,143.67,-10.9,1.45, , 
,144.86,800,72.0,-10.9,10111110,145.18,800,34.1,4.12,459.0,144.55,-10.9,1.45, , 
,145.79,768,72.0,-11.3,10111110,146.11,800,35.3,4.12,479.4,145.49,-11.3,1.45, , 
,146.75,800,72.0,-11.3,10111110,147.07,800,34.1,4.12,459.0,146.43,-10.9,1.45, , 
,147.67,800,72.0,-11.3,10111110,147.95,768,34.1,4.12,459.0,147.37,-11.3,1.48, , 
,148.56,768,72.0,-10.9,10111110,148.85,800,34.1,4.12,459.0,148.26,-11.3,1.48, , 
,149.43,800,72.0,-10.9,10111110,149.75,768,34.1,4.12,479.4,149.14,-10.5,1.45, , 
,150.38,800,73.5,-10.9,10111110,150.68,800,34.1,4.12,459.0,150.07,-10.9,1.48, , 
,151.30,800,73.5,-10.9,10111110,151.62,800,34.1,4.12,459.0,150.99,-10.9,1.45, , 
,152.23,800,73.5,-11.7,10111110,152.53,800,35.3,4.12,479.4,151.93,-11.3,1.45, , 
,153.12,800,73.5,-11.7,10111110,153.41,800,34.1,4.12,459.0,152.82,-11.7,1.48, , 
,154.04,800,73.5,-11.3,10111110,154.33,800,34.1,4.12,459.0,153.73,-11.7,1.48, , 
,154.93,800,73.5,-11.7,10111110,155.23,800,34.1,4.12,459.0,154.63,-11.3,1.45, , 
,155.81,800,73.5,-11.7,10111110,156.10,800,35.3,4.12,479.4,155.51,-11.7,1.45, , 
,156.71,800,73.5,-11.3,10111110,157.01,800,34.1,4.12,459.0,156.40,-11.3,1.48, , 
,157.60,800,73.5,-10.9,10111110,157.90,800,34.1,4.12,459.0,157.32,-11.3,1.48, , 
,158.51,800,73.5,-10.9,10111110,158.80,800,34.1,4.12,459.0,158.20,-11.3,1.45, , 
,159.41,800,73.5,-11.3,10111110,159.71,800,34.1,4.12,459.0,159.11,-11.3,1.45, , 
,160.29,800,73.5,-12.1,10111110,160.59,800,34.1,4.12,459.0,160.01,-12.1,1.41, , 
,161.19,800,73.5,-12.9,10111110,161.49,800,34.1,4.12,459.0,160.88,-12.9,1.45, , 
,162.08,800,73.5,-13.3,10111110,162.39,800,34.1,4.12,459.0,161.78,-13.3,1.45, , 
,163.00,800,73.5,-12.9,10111110,163.29,800,34.1,4.12,459.0,162.68,-12.9,1.48, , 
,163.87,800,73.5,-12.1,10111110,164.16,800,34.1,4.12,459.0,163.59,-12.1,1.48, , 
,164.76,800,73.5,-12.1,10111110,165.05,800,34.1,4.12,459.0,164.48,-12.1,1.45, , 
,165.67,800,73.5,-12.1,10111110,165.95,800,34.1,4.12,459.0,165.37,-12.1,1.45, , 
,166.54,800,73.5,-12.1,10111110,166.83,800,34.1,4.12,459.0,166.24,-12.5,1.45, , 
,167.45,800,73.5,-12.1,10111110,167.74,800,34.1,4.12,479.4,167.14,-12.5,1.48, , 
,168.35,800,73.5,-12.1,10111110,168.66,768,34.1,4.12,459.0,168.04,-12.1,1.45, , 
,169.25,800,73.5,-12.5,10111110,169.56,800,34.1,4.12,459.0,168.96,-12.5,1.45, , 
,170.14,800,73.5,-12.5,10111110,170.43,800,34.1,4.12,459.0,169.85,-12.5,1.45, , 
,171.03,800,73.5,-12.1,10111110,171.31,800,34.1,4.12,459.0,170.73,-12.5,1.48, , 
,171.92,768,73.5,-12.5,10111110,172.22,800,34.1,4.12,459.0,171.62,-12.5,1.45, , 
,172.84,800,73.5,-12.1,10111110,173.12,800,34.1,4.12,459.0,172.54,-12.1,1.45, , 
,173.71,800,75.0,-12.1,10111110,174.01,800,34.1,4.12,479.4,173.41,-12.5,1.45, , 
,174.61,800,73.5,-12.1,10111110,174.92,800,34.1,4.12,459.0,174.30,-12.1,1.48, , 
,175.52,800,73.5,-12.1,10111110,175.82,800,35.3,4.12,479.4,175.21,-12.1,1.45, , 
,176.42,800,73.5,-12.1,10111110,176.72,800,35.3,4.12,479.4,176.12,-12.1,1.45, , 
,177.32,800,75.0,-12.1,10111110,177.61,800,34.1,4.12,459.0,177.04,-12.1,1.48, , 
,178.20,800,75.0,-12.1,10111110,178.49,800,34.1,4.12,459.0,177.92,-12.1,1.45, , 
,179.10,800,75.0,-11.7,10111110,179.39,800,34.1,4.12,479.4,178.80,-11.7,1.48, , 
,180.00,768,75.0,-11.7,10111110,180.29,800,35.3,4.12,479.4,179.69,-11.7,1.45, , 
,180.88,800,75.0,-11.7,10111110,181.17,768,34.1,4.12,459.0,180.59,-11.3,1.45, , 
,181.78,800,75.0,-11.3,10111110,182.07,800,34.1,4.12,459.0,181.48,-11.3,1.48, , 
,182.66,800,75.0,-11.7,10111110,182.96,800,34.1,4.12,459.0,182.37,-11.7,1.45, , 
,183.55,800,75.0,-11.7,10111110,183.85,800,34.1,4.12,459.0,183.25,-11.7,1.48, , 
,184.47,768,75.0,-12.1,10111110,184.78,800,34.1,4.12,479.4,184.16,-12.1,1.45, , 
,185.41,800,75.0,-12.1,10111110,185.71,768,34.1,4.12,479.4,185.10,-12.1,1.45, , 
,186.32,800,75.0,-12.1,10111110,186.61,800,34.1,4.12,459.0,186.01,-12.1,1.45, , 
,187.24,800,75.0,-12.1,10111110,187.54,768,34.1,4.12,459.0,186.94,-12.1,1.45, , 
,188.12,800,75.0,-12.1,10111110,188.43,768,34.1,4.12,459.0,187.84,-12.1,1.48, , 
,189.03,800,75.0,-12.5,10111110,189.33,768,34.1,4.12,459.0,188.73,-12.5,1.45, , 
,189.95,768,75.0,-13.3,10111110,190.25,768,34.1,4.12,479.4,189.65,-12.9,1.45, , 
,190.86,800,75.0,-13.3,10111110,191.17,768,34.1,4.12,459.0,190.55,-13.3,1.48, , 
,191.80,768,75.0,-12.5,10111110,192.10,768,34.1,4.12,479.4,191.47,-12.9,1.48, , 
,192.70,768,75.0,-12.1,10111110,193.00,800,34.1,4.12,479.4,192.40,-12.1,1.48, , 
,193.59,768,75.0,-11.7,10111110,193.87,800,34.1,4.12,459.0,193.29,-11.7,1.48, , 
,194.43,800,75.0,-11.7,10111110,194.73,800,34.1,4.12,459.0,194.15,-11.7,1.45, , 
,195.32,800,75.0,-11.7,10111110,195.63,800,34.1,4.12,459.0,195.02,-11.7,1.45, , 
,196.23,800,75.0,-11.7,10111110,196.52,800,34.1,4.12,459.0,195.93,-11.7,1.45, , 
,197.12,768,75.0,-11.7,10111110,197.41,800,34.1,4.12,459.0,196.82,-12.1,1.48, , 
,198.02,800,75.0,-11.3,10111110,198.33,800,34.1,4.12,459.0,197.71,-11.3,1.48, , 
,198.94,800,75.0,-10.9,10111110,199.24,800,34.1,4.12,459.0,198.64,-10.9,1.48, , 
,199.85,800,75.0,-10.9,10111110,200.13,800,34.1,4.12,459.0,199.54,-10.9,1.45, , 
,200.76,800,75.0,-11.7,10111110,201.05,800,34.1,4.12,459.0,200.44,-11.3,1.41, , 
,201.68,768,76.5,-12.9,10111110,201.97,800,34.1,4.12,459.0,201.36,-12.5,1.41, , 
,202.58,768,75.0,-12.9,10111110,202.89,800,34.1,4.12,479.4,202.28,-12.9,1.45, , 
,203.48,800,75.0,-12.9,10111110,203.76,800,34.1,4.12,459.0,203.20,-12.9,1.48, , 
,204.37,800,76.5,-12.9,10111110,204.66,800,34.1,4.12,459.0,204.07,-12.9,1.45, , 
,205.27,768,76.5,-13.7,10111110,205.57,800,34.1,4.12,459.0,204.97,-13.3,1.45, , 
,206.17,768,76.5,-13.3,10111110,206.46,768,34.1,4.12,459.0,205.86,-13.3,1.48, , 
,207.09,800,76.5,-12.9,10111110,207.39,800,34.1,4.12,459.0,206.78,-12.9,1.48, , 
,207.99,800,76.5,-12.5,10111110,208.30,800,34.1,3.09,459.0,207.69,-12.5,1.48, , 
,208.87,800,76.5,-12.1,10111110,209.17,800,34.1,4.12,459.0,208.57,-12.5,1.48, , 
,209.76,800,76.5,-12.5,10111110,210.07,800,34.1,4.12,459.0,209.47,-12.5,1.45, , 
,210.66,800,76.5,-12.9,10111110,210.98,800,34.1,4.12,459.0,210.37,-12.5,1.45, , 
,211.55,800,76.5,-12.5,10111110,211.86,800,34.1,4.12,459.0,211.26,-12.9,1.48, , 
,212.47,800,76.5,-12.1,10111110,212.78,800,34.1,4.12,459.0,212.16,-12.1,1.48, , 
,213.37,800,76.5,-12.5,10111110,213.66,768,34.1,3.09,459.0,213.07,-12.1,1.45, , 
,214.29,800,76.5,-12.9,10111110,214.60,800,34.1,3.09,459.0,213.97,-12.9,1.45, , 
,215.21,768,76.5,-13.3,10111110,215.50,800,34.1,4.12,459.0,214.90,-13.3,1.45, , 
,216.10,800,76.5,-12.9,10111110,216.40,800,34.1,4.12,459.0,215.80,-12.9,1.48, , 
,216.99,800,76.5,-13.3,10111110,217.28,800,34.1,4.12,459.0,216.70,-12.9,1.45, , 
,217.88,800,76.5,-13.3,10111110,218.18,800,34.1,4.12,459.0,217.57,-13.3,1.45, , 
,218.77,800,76.5,-13.3,10111110,219.07,768,34.1,4.12,459.0,218.48,-13.3,1.45, , 
,219.67,800,76.5,-13.3,10111110,219.97,800,32.5,3.09,459.0,219.37,-13.3,1.45, , 
,220.55,768,76.5,-13.7,10111110,220.87,800,34.1,3.09,459.0,220.26,-13.3,1.45, , 
,221.46,800,76.5,-14.1,10111110,221.75,768,34.1,3.09,459.0,221.16,-13.7,1.45, , 
,222.35,800,76.5,-13.7,10111110,222.64,800,34.1,3.09,459.0,222.06,-13.7,1.48, , 
,223.24,768,76.5,-13.7,10111110,223.55,800,34.1,4.12,459.0,222.94,-13.7,1.45, , 
,224.16,800,76.5,-13.3,10111110,224.45,800,34.1,4.12,459.0,223.85,-13.3,1.48, , 
,225.04,800,76.5,-12.5,10111110,225.35,800,34.1,4.12,459.0,224.75,-12.9,1.48, , 
,225.94,768,78.0,-12.5,10111110,226.24,800,34.1,4.12,479.4,225.65,-12.5,1.48, , 
,226.85,768,76.5,-12.5,10111110,227.16,800,34.1,4.12,459.0,226.55,-12.5,1.48, , 
,227.76,768,78.0,-12.1,10111110,228.04,800,34.1,4.12,479.4,227.46,-12.1,1.45, , 
,228.63,800,78.0,-11.7,10111110,228.94,800,34.1,4.12,479.4,228.32,-12.1,1.48, , 
,229.57,800,78.0,-11.3,10111110,229.88,800,34.1,4.12,459.0,229.27,-11.7,1.48, , 
,230.49,800,78.0,-11.3,10111110,230.79,800,34.1,4.12,459.0,230.18,-11.3,1.45, , 
,231.38,800,78.0,-11.3,10111110,231.68,800,34.1,4.12,459.0,231.08,-11.3,1.48, , 
,232.28,800,78.0,-11.3,10111110,232.57,800,34.1,4.12,459.0,231.97,-11.3,1.45, , 
,233.16,800,78.0,-11.7,10111110,233.46,800,34.1,4.12,459.0,232.87,-11.7,1.45, , 
,234.04,800,78.0,-12.1,10111110,234.35,800,32.5,3.09,459.0,233.76,-12.1,1.45, , 
,234.95,800,78.0,-12.5,10111110,235.24,800,34.1,3.09,459.0,234.65,-12.5,1.45, , 
,235.84,800,78.0,-12.9,10111110,236.14,800,34.1,3.09,459.0,235.56,-12.9,1.45, , 
,236.71,768,78.0,-12.9,10111110,237.00,800,34.1,4.12,459.0,236.42,-12.9,1.45, , 
,237.60,768,78.0,-12.5,10111110,237.90,800,34.1,4.12,459.0,237.31,-12.5,1.48, , 
,238.52,800,78.0,-11.7,10111110,238.82,800,34.1,4.12,459.0,238.21,-12.1,1.48, , 
,239.44,800,78.0,-11.3,10111110,239.75,800,34.1,4.12,459.0,239.13,-11.7,1.48, , 
,240.32,800,78.0,-11.3,10111110,240.63,800,34.1,4.12,459.0,240.04,-11.3,1.48, , 
,241.23,800,78.0,-10.9,10111110,241.53,800,34.1,4.12,459.0,240.93,-11.3,1.48, , 
,242.12,768,78.0,-10.5,10111110,242.42,800,34.1,4.12,459.0,241.82,-10.5,1.48, , 
,243.02,800,78.0,-10.2,10111110,243.33,800,34.1,4.12,459.0,242.71,-10.2,1.48, , 
,243.95,800,78.0,-10.5,10111110,244.24,800,34.1,4.12,459.0,243.65,-10.2,1.45, , 
,244.83,800,78.0,-10.5,10111110,245.15,800,32.5,4.12,459.0,244.54,-10.5,1.45, , 
,245.76,800,78.0,-10.9,10111110,246.04,768,32.5,4.12,459.0,245.46,-10.9,1.45, , 
,246.65,768,78.0,-11.3,10111110,246.95,768,32.5,4.12,459.0,246.35,-11.3,1.45, , 
,247.58,800,78.0,-11.7,10111110,247.89,800,32.5,4.12,459.0,247.26,-11.7,1.45, , 
,248.50,768,78.0,-11.7,10111110,248.84,768,34.1,4.12,459.0,248.20,-11.7,1.45, , 
,249.43,800,78.0,-11.7,10111110,249.73,800,32.5,4.12,459.0,249.13,-11.7,1.45, , 
,250.33,768,78.0,-11.7,10111110,250.63,800,34.1,4.12,459.0,250.04,-11.7,1.45, , 
,251.22,800,78.0,-11.7,10111110,251.53,768,34.1,4.12,459.0,250.93,-11.7,1.48, , 
,252.12,800,78.0,-10.9,10111110,252.42,800,32.5,4.12,459.0,251.82,-11.3,1.48, , 
,252.98,800,78.0,-10.5,10111110,253.27,800,32.5,4.12,459.0,252.70,-10.5,1.48, , 
,253.87,800,78.0,-10.5,10111110,254.16,800,34.1,4.12,459.0,253.57,-10.5,1.45, , 
,254.78,800,78.0,-10.5,10111110,255.08,800,32.5,4.12,459.0,254.47,-10.5,1.45, , 
,255.68,800,78.0,-10.5,10111110,255.99,800,32.5,4.12,459.0,255.38,-10.5,1.48, , 
,256.58,800,78.0,-10.5,10111110,256.88,800,32.5,4.12,459.0,256.29,-10.5,1.45, , 
,257.48,800,78.0,-11.7,10111110,257.77,800,32.5,3.09,459.0,257.18,-11.3,1.41, , 
,258.40,768,78.0,-12.9,10111110,258.70,800,32.5,3.09,459.0,258.08,-12.5,1.41, , 
,259.30,800,78.0,-13.3,10111110,259.60,768,34.1,3.09,459.0,258.99,-13.3,1.45, , 
,260.19,800,78.0,-13.3,10111110,260.50,768,34.1,3.09,459.0,259.89,-13.7,1.48, , 
,261.10,768,78.0,-12.9,10111110,261.41,768,34.1,4.12,459.0,260.81,-12.9,1.48, , 
,262.04,800,78.0,-12.1,10111110,262.34,800,34.1,4.12,459.0,261.72,-12.5,1.48, , 
,262.97,768,78.0,-11.7,10111110,263.28,768,34.1,4.12,459.0,262.66,-11.7,1.48, , 
,263.87,800,78.0,-11.7,10111110,264.17,800,34.1,4.12,459.0,263.57,-11.7,1.45, , 
,264.76,768,78.0,-11.7,10111110,265.05,800,34.1,4.12,459.0,264.46,-11.7,1.45, , 
,265.67,800,78.0,-11.7,10111110,265.96,800,34.1,4.12,459.0,265.36,-11.3,1.45, , 
,266.56,800,78.0,-11.3,10111110,266.85,800,34.1,4.12,459.0,266.26,-11.3,1.48, , 
,267.44,800,78.0,-11.3,10111110,267.75,800,34.1,4.12,459.0,267.15,-11.3,1.48, , 
,268.36,768,78.0,-11.3,10111110,268.66,800,34.1,4.12,459.0,268.05,-11.3,1.45, , 
,269.28,800,78.0,-11.7,10111110,269.58,800,32.5,4.12,459.0,268.97,-11.7,1.45, , 
,270.21,800,78.0,-11.7,10111110,270.52,800,34.1,4.12,459.0,269.90,-12.1,1.45, , 
,271.12,768,78.0,-11.7,10111110,271.43,800,34.1,4.12,459.0,270.82,-11.7,1.48, , 
,272.03,800,78.0,-11.7,10111110,272.33,768,34.1,4.12,459.0,271.73,-11.7,1.45, , 
,272.92,800,78.0,-11.7,10111110,273.22,800,32.5,3.09,459.0,272.63,-11.7,1.45, , 
,273.83,768,78.0,-11.7,10111110,274.14,800,34.1,3.09,459.0,273.53,-11.7,1.45, , 
,274.74,800,78.0,-11.3,10111110,275.04,800,34.1,4.12,459.0,274.44,-11.3,1.48, , 
,275.62,800,78.0,-11.7,10111110,275.92,800,32.5,4.12,459.0,275.33,-11.3,1.41, , 
,276.51,800,78.0,-12.1,10111110,276.81,800,32.5,4.12,459.0,276.21,-12.1,1.41, , 
,277.41,768,78.0,-12.5,10111110,277.72,768,32.5,4.12,459.0,277.11,-12.5,1.41, , 
,278.33,800,78.0,-12.5,10111110,278.63,768,32.5,4.12,459.0,278.03,-12.5,1.45, , 
,279.25,768,78.0,-12.5,10111110,279.54,800,32.5,4.12,459.0,278.94,-12.5,1.45, , 
,280.14,768,78.0,-12.5,10111110,280.44,800,34.1,3.09,459.0,279.85,-12.5,1.45, , 
,281.05,800,78.0,-12.5,10111110,281.36,800,32.5,3.09,459.0,280.74,-12.5,1.45, , 
,281.96,800,78.0,-12.9,10111110,282.28,800,34.1,3.09,459.0,281.66,-12.5,1.45, , 
,282.87,800,78.0,-12.9,10111110,283.16,800,34.1,3.09,459.0,282.57,-12.9,1.45, , 
,283.77,800,78.0,-13.3,10111110,284.08,800,34.1,4.12,459.0,283.47,-13.3,1.45, , 
,284.67,800,78.0,-12.9,10111110,284.97,800,34.1,4.12,459.0,284.39,-12.9,1.48, , 
,285.57,768,78.0,-12.5,10111110,285.87,768,34.1,4.12,459.0,285.29,-12.5,1.48, , 
,286.45,800,78.0,-12.5,10111110,286.75,800,32.5,4.12,459.0,286.16,-12.5,1.45, , 
,287.37,800,78.0,-12.5,10111110,287.65,800,34.1,4.12,459.0,287.06,-12.5,1.45, , 
,288.25,800,78.0,-12.5,10111110,288.56,800,32.5,3.09,459.0,287.94,-12.5,1.45, , 
,289.14,800,78.0,-12.1,10111110,289.44,800,32.5,3.09,459.0,288.86,-12.1,1.48, , 
,290.07,768,78.0,-12.1,10111110,290.37,768,32.5,3.09,459.0,289.75,-12.1,1.48, , 
,290.97,768,78.0,-12.1,10111110,291.28,768,32.5,3.09,459.0,290.67,-12.1,1.45, , 
,291.87,768,78.0,-12.9,10111110,292.18,768,32.5,3.09,459.0,291.57,-12.5,1.41, , 
,292.78,768,78.0,-13.3,10111110,293.09,768,32.5,3.09,459.0,292.48,-12.9,1.45, , 
,293.70,768,78.0,-13.3,10111110,294.00,800,32.5,3.09,459.0,293.39,-13.3,1.45, , 
,294.62,768,78.0,-13.3,10111110,294.92,768,32.5,3.09,459.0,294.30,-13.3,1.45, , 
,295.51,768,78.0,-12.9,10111110,295.80,768,34.1,3.09,459.0,295.21,-12.9,1.45, , 
,296.43,800,78.0,-12.5,10111110,296.74,800,32.5,3.09,459.0,296.12,-12.5,1.45, , 
,297.36,768,78.0,-12.5,10111110,297.67,800,34.1,3.09,459.0,297.04,-12.5,1.45, , 
,298.26,800,78.0,-12.5,10111110,298.54,800,32.5,3.09,459.0,297.97,-12.5,1.45, , 
,299.13,800,78.0,-12.5,10111110,299.43,800,32.5,3.09,459.0,298.83,-12.5,1.45, , 
,300.03,800,78.0,-12.5,10111110,300.32,768,34.1,4.12,459.0,299.73,-12.5,1.45, , 
,300.90,800,79.5,-12.5,10111110,301.20,768,32.5,4.12,459.0,300.62,-12.5,1.45, , 
,301.79,768,79.5,-12.9,10111110,302.09,768,34.1,3.09,459.0,301.49,-12.9,1.45, , 
,302.68,800,79.5,-13.3,10111110,302.98,800,32.5,3.09,459.0,302.38,-12.9,1.45, , 
,303.58,800,79.5,-13.3,10111110,303.88,768,34.1,3.09,459.0,303.27,-13.3,1.45, , 
,304.48,800,79.5,-14.1,10111110,304.78,800,34.1,3.09,459.0,304.19,-13.7,1.45, , 
,305.38,768,79.5,-13.7,10111110,305.69,800,34.1,3.09,459.0,305.07,-14.1,1.48, , 
,306.28,800,79.5,-13.3,10111110,306.58,800,34.1,4.12,459.0,305.99,-13.3,1.48, , 
,307.19,800,79.5,-12.9,10111110,307.49,800,32.5,3.09,459.0,306.88,-12.5,1.48, , 
,308.08,768,79.5,-13.3,10111110,308.40,800,32.5,3.09,459.0,307.79,-13.3,1.41, , 
,309.01,736,79.5,-16.4,10101010,309.29,896,56.1,9.27,673.2,308.70,-13.7,1.41, , 
,309.88,1472,79.5,0.0,10101010,310.19,1376,35.3,5.15,459.0,309.56,0.0,0.94, , 
,310.85,1184,79.5,-9.0,10111111,311.15,1120,22.0,2.06,336.6,310.52,-11.3,1.02, , 
,311.74,736,79.5,-19.5,10101011,312.03,672,50.2,7.21,612.0,311.44,-15.6,1.09, , 
,312.68,1280,79.5,0.0,10101011,313.02,1248,32.5,4.12,438.6,312.35,0.0,1.21, , 
,313.63,832,79.5,-7.4,10101011,313.94,960,41.2,5.15,520.2,313.33,-9.0,1.02, , 
,314.59,1184,79.5,-7.8,10101011,314.93,1312,50.2,7.21,612.0,314.27,-7.0,1.41, , 
,315.66,1568,79.5,0.0,10111111,315.93,1120,29.4,4.12,397.8,315.35,0.0,1.02, , 
,316.63,960,79.5,0.0,10101011,316.93,992,41.2,5.15,520.2,316.27,0.0,2.85, , 
,317.58,1056,79.5,0.0,10101011,317.92,1088,47.1,7.21,571.2,317.25,0.0,0.98, , 
,318.53,1184,79.5,0.0,10101011,318.85,1216,45.9,6.18,571.2,318.23,0.0,1.05, , 
,319.51,1312,79.5,-7.4,10101011,319.86,1312,42.7,5.15,520.2,319.18,-6.3,1.33, , 
,320.51,1440,79.5,-7.4,10101011,320.83,1504,45.9,5.15,550.8,320.20,-7.4,1.41, , 
,321.53,1600,79.5,-7.8,10101011,321.87,1632,47.1,6.18,571.2,321.17,-8.2,1.48, , 
,322.59,1760,79.5,0.0,10101011,322.96,1856,50.2,6.18,591.6,322.25,0.0,1.33, , 
,323.70,1920,79.5,-3.9,10101011,324.06,1984,42.7,5.15,520.2,323.33,-2.7,1.45, , 
,324.77,2048,79.5,-5.9,10101001,325.11,2080,42.7,5.15,499.8,324.40,-5.5,1.37, , 
,325.82,2176,81.0,-8.2,10101001,326.16,2208,40.0,5.15,479.4,325.47,-7.4,1.45, , 
,326.83,2272,79.5,-9.4,10101001,327.17,2336,47.1,6.18,550.8,326.50,-9.8,1.45, , 
,327.81,2432,79.5,-6.3,10101001,328.16,2496,51.8,7.21,591.6,327.49,-7.8,1.52, , 
,328.83,2624,81.0,-2.7,10101001,329.17,2688,48.6,6.18,550.8,328.49,-3.5,1.52, , 
,329.85,2816,79.5,-0.8,10101001,330.22,2848,35.3,4.12,438.6,329.50,-0.4,1.45, , 
,330.88,2496,81.0,0.0,10111101,331.23,1920,0.0,0.00,275.4,330.56,-2.0,1.45, , 
,331.86,1248,79.5,0.0,10101011,332.21,1760,23.5,3.09,336.6,331.55,0.0,3.79, , 
,332.95,1824,79.5,0.0,10101011,333.32,1824,25.1,3.09,336.6,332.58,0.0,0.27, , 
,334.05,1856,79.5,-10.9,10101011,334.44,1856,35.3,4.12,438.6,333.68,-8.6,1.29, , 
,335.19,1856,79.5,-10.5,10101011,335.55,1888,36.9,4.12,459.0,334.82,-10.9,1.52, , 
,336.29,1888,79.5,-7.8,10101011,336.65,1920,35.3,4.12,438.6,335.93,-6.6,1.52, , 
,337.39,1920,79.5,-8.6,10101011,337.75,1952,41.2,5.15,499.8,337.02,-8.2,1.48, , 
,338.46,1952,79.5,-4.3,10101011,338.82,1984,40.0,5.15,479.4,338.10,-5.9,1.56, , 
,339.54,1984,79.5,-3.9,10101001,339.90,2016,42.7,5.15,499.8,339.18,-3.9,1.45, , 
,340.59,2048,79.5,-0.8,10101001,340.94,2048,41.2,5.15,499.8,340.24,-0.8,1.52, , 
,341.63,2048,79.5,0.0,10101001,341.98,2048,22.0,2.06,316.2,341.28,0.0,1.37, , 
,342.68,2048,79.5,-14.8,10101001,343.03,2016,22.0,2.06,316.2,342.33,-11.7,1.13, , 
,343.71,2048,79.5,-16.0,10101001,344.07,2016,23.5,2.06,316.2,343.37,-16.4,1.37, , 
,344.77,2016,79.5,-18.8,10101001,345.14,2016,29.4,3.09,377.4,344.43,-18.8,1.52, , 
,345.83,2016,79.5,-16.8,10101001,346.19,2048,48.6,5.15,571.2,345.48,-19.9,1.64, , 
,346.90,2112,79.5,-10.2,10101000,347.25,2112,50.2,6.18,591.6,346.55,-12.5,1.64, , 
,347.91,2176,79.5,-5.5,10101001,348.25,2176,47.1,6.18,550.8,347.57,-7.0,1.56, , 
,348.90,2240,79.5,-1.2,10101001,349.23,2272,45.9,6.18,520.2,348.58,-3.5,1.52, , 
,349.88,2304,79.5,-0.4,10101001,350.23,2304,45.9,6.18,520.2,349.57,-0.4,1.41, , 
,350.89,2368,79.5,-0.4,10101001,351.24,2368,45.9,6.18,520.2,350.56,-0.4,1.41, , 
,351.92,2432,79.5,-2.0,10101001,352.24,2464,63.5,9.27,693.6,351.55,0.0,1.45, , 
,352.93,2560,79.5,-8.6,10101001,353.27,2592,71.0,9.27,775.2,352.59,-6.6,1.21, , 
,353.93,2464,79.5,0.0,11111101,354.28,1888,0.0,0.00,295.8,353.60,-11.3,1.45, , 
,354.84,960,79.5,0.0,11111111,355.20,1088,28.2,4.12,397.8,354.57,0.0,3.87, , 
,355.90,1888,79.5,0.0,11101011,356.25,1888,17.6,3.09,275.4,355.57,0.0,1.09, , 
,356.96,1856,79.5,0.0,11101011,357.33,1824,20.8,3.09,295.8,356.62,0.0,0.70, , 
,358.06,1824,79.5,-11.3,11101011,358.42,1856,23.5,2.06,316.2,357.70,-11.3,0.90, , 
,359.14,1792,79.5,-12.9,11101011,359.50,1792,29.4,3.09,377.4,358.78,-13.7,1.41, , 
,360.24,1824,79.5,0.0,11101011,360.60,1824,62.0,9.27,714.0,359.88,0.0,1.52, , 
,361.31,1856,79.5,0.0,11101011,361.68,1888,42.7,5.15,499.8,360.98,0.0,1.05, , 
,362.40,1888,79.5,-2.3,11101011,362.76,1888,40.0,5.15,479.4,362.06,-1.6,1.41, , 
,363.49,1920,79.5,-3.5,11101011,363.86,1920,38.4,5.15,479.4,363.13,-3.5,1.45, , 
,364.58,1920,79.5,-5.1,11101011,364.96,1920,36.9,4.12,459.0,364.22,-5.1,1.45, , 
,365.67,1952,79.5,-8.6,11101011,366.02,1952,34.1,4.12,438.6,365.31,-7.4,1.41, , 
,366.74,1952,79.5,-7.4,11101011,367.11,1920,26.7,3.09,357.0,366.39,-5.9,1.41, , 
,367.83,1952,79.5,-8.6,11101011,368.19,1952,53.3,7.21,612.0,367.46,-7.4,1.48, , 
,368.94,1952,79.5,0.0,11101010,369.30,1952,26.7,3.09,357.0,368.56,0.0,1.56, , 
,370.02,1952,79.5,-3.5,11101010,370.38,1952,38.4,5.15,459.0,369.67,-3.5,1.37, , 
,371.10,1952,79.5,0.0,11101011,371.47,1952,40.0,5.15,479.4,370.75,-1.2,1.60, , 
,372.21,1952,79.5,-0.8,11101010,372.56,1920,22.0,2.06,316.2,371.83,0.8,1.48, , 
,373.28,1920,79.5,-9.0,11101010,373.64,1920,23.5,2.06,336.6,372.91,-7.0,1.21, , 
,374.34,1920,79.5,-4.7,11101010,374.69,1888,26.7,3.09,357.0,373.98,-9.8,1.45, , 
,375.45,1888,79.5,-0.4,11101010,375.81,1888,29.4,3.09,377.4,375.07,-1.6,1.56, , 
,376.56,1888,79.5,-0.4,11101010,376.92,1888,36.9,4.12,438.6,376.18,0.0,1.48, , 
,377.68,1888,79.5,5.5,11101010,378.07,1888,44.3,5.15,520.2,377.30,2.7,1.60, , 
,378.77,1920,79.5,0.0,11101010,379.13,1920,50.2,6.18,591.6,378.41,0.0,1.64, , 
,379.85,1952,79.5,9.0,11101010,380.22,1952,54.5,7.21,632.4,379.50,7.4,1.64, , 
,380.94,1952,79.5,0.0,11101010,381.30,1952,35.3,4.12,438.6,380.59,0.0,1.52, , 
,382.03,1952,79.5,0.0,11101010,382.39,1920,19.2,2.06,295.8,381.67,0.0,1.60, , 
,383.12,1920,79.5,11.3,11101010,383.48,1920,16.1,2.06,244.8,382.75,0.0,2.27, , 
,384.21,1888,79.5,4.7,11101010,384.59,1856,20.8,2.06,295.8,383.84,1.2,1.21, , 
,385.33,1856,79.5,1.2,11101010,385.71,1856,32.5,4.12,397.8,384.97,-2.0,1.21, , 
,386.46,1856,79.5,1.6,11101010,386.84,1856,38.4,5.15,479.4,386.08,1.6,1.48, , 
,387.56,1856,79.5,2.3,11101010,387.92,1856,51.8,7.21,612.0,387.20,2.3,1.48, , 
,388.64,1888,79.5,0.8,11101010,389.00,1920,57.6,8.24,673.2,388.28,0.4,1.52, , 
,389.71,1952,79.5,-2.0,11101010,390.07,1952,50.2,7.21,591.6,389.35,-2.3,1.41, , 
,390.79,1984,79.5,-0.4,11101000,391.15,2016,50.2,7.21,591.6,390.45,-1.2,1.48, , 
,391.85,2048,79.5,0.0,11101000,392.20,2048,50.2,7.21,591.6,391.50,0.0,1.52, , 
,392.92,2048,79.5,-0.8,11101000,393.26,2048,51.8,7.21,591.6,392.55,-0.8,1.45, , 
,393.92,2080,79.5,-1.2,11101000,394.25,2080,50.2,7.21,591.6,393.59,-0.8,1.52, , 
,394.93,2112,78.0,-2.0,11101000,395.26,2112,50.2,7.21,591.6,394.59,-1.6,1.45, , 
,395.99,2144,79.5,-2.3,11101000,396.32,2144,50.2,7.21,591.6,395.61,-2.0,1.48, , 
,397.01,2176,78.0,-1.2,11101000,397.34,2176,50.2,7.21,591.6,396.67,-1.6,1.48, , 
,398.01,2176,78.0,-0.8,11101000,398.36,2208,53.3,7.21,612.0,397.68,-1.6,1.48, , 
,399.02,2208,79.5,-2.0,11101000,399.36,2240,54.5,7.21,632.4,398.71,-1.6,1.45, , 
,400.04,2240,79.5,0.0,11101000,400.35,2272,23.5,3.09,336.6,399.71,-2.7,1.45, , 
,401.03,2240,79.5,-8.6,11101000,401.36,2240,22.0,3.09,316.2,400.69,0.0,1.13, , 
,402.04,2240,79.5,0.0,11101000,402.38,2240,41.2,6.18,479.4,401.69,-12.9,1.21, , 
,403.07,2240,79.5,-1.6,11101000,403.41,2272,48.6,7.21,571.2,402.72,-1.2,1.41, , 
,404.08,2272,79.5,0.8,11101000,404.43,2304,48.6,6.18,571.2,403.74,0.0,1.52, , 
,405.14,2304,79.5,0.8,11101000,405.47,2336,47.1,6.18,550.8,404.78,1.2,1.48, , 
,406.17,2336,79.5,-0.4,11101000,406.50,2336,45.9,6.18,520.2,405.83,0.4,1.41, , 
,407.21,2368,79.5,-3.1,11101000,407.55,2368,45.9,6.18,520.2,406.87,-2.7,1.45, , 
,408.22,2400,79.5,-3.1,11101000,408.57,2400,44.3,6.18,520.2,407.87,-3.1,1.52, , 
,409.25,2400,79.5,-2.3,11101000,409.58,2432,44.3,6.18,520.2,408.92,-2.0,1.48, , 
,410.28,2432,79.5,-3.1,11101000,410.64,2432,44.3,6.18,520.2,409.94,-2.7,1.48, , 
,411.33,2432,79.5,-5.1,11101000,411.70,2432,38.4,5.15,459.0,410.99,-3.5,1.45, , 
,412.40,2464,79.5,-7.4,11101000,412.76,2464,36.9,5.15,438.6,412.06,-7.4,1.37, , 
,413.48,2464,79.5,-9.4,11101000,413.84,2464,36.9,4.12,438.6,413.12,-9.0,1.48, , 
,414.56,2464,79.5,-9.4,11101000,414.92,2464,35.3,4.12,438.6,414.21,-9.8,1.48, , 
,415.62,2464,79.5,-8.2,11101000,415.99,2464,34.1,4.12,418.2,415.27,-8.2,1.52, , 
,416.66,2432,79.5,-7.4,11101000,417.01,2432,32.5,4.12,397.8,416.31,-6.3,1.48, , 
,417.71,2432,79.5,-9.0,11101000,418.05,2432,31.0,4.12,377.4,417.35,-8.2,1.45, , 
,418.75,2432,79.5,-9.4,11101000,419.11,2432,29.4,3.09,377.4,418.41,-9.4,1.48, , 
,419.83,2400,79.5,-11.3,11101000,420.15,2400,25.1,3.09,336.6,419.44,-8.6,1.45, , 
,420.84,2368,79.5,-11.7,11101000,421.19,2368,25.1,3.09,316.2,420.52,-11.3,1.48, , 
,421.86,2368,79.5,-11.7,11101000,422.19,2336,26.7,3.09,336.6,421.55,-12.1,1.52, , 
,422.92,2336,79.5,-9.8,11101000,423.24,2336,26.7,3.09,357.0,422.55,-9.8,1.48, , 
,423.93,2304,79.5,-7.8,11101000,424.28,2304,31.0,3.09,377.4,423.60,-7.8,1.52, , 
,424.95,2304,79.5,-5.1,11101000,425.30,2304,31.0,4.12,397.8,424.62,-5.9,1.52, , 
,425.96,2304,79.5,-3.1,11101000,426.29,2304,34.1,4.12,418.2,425.62,-3.5,1.45, , 
,426.95,2304,79.5,0.8,11101001,427.27,2304,34.1,4.12,418.2,426.62,-0.4,1.52, , 
,427.96,2336,79.5,0.8,11101000,428.29,2304,32.5,4.12,397.8,427.62,0.8,1.48, , 
,428.96,2304,79.5,-1.2,11101000,429.28,2304,32.5,4.12,397.8,428.61,-0.4,1.41, , 
,429.96,2304,79.5,-1.6,11101000,430.31,2304,34.1,4.12,418.2,429.62,-0.8,1.45, , 
,430.99,2336,79.5,5.1,11101001,431.32,2336,50.2,7.21,591.6,430.66,2.0,1.64, , 
,431.99,2368,79.5,8.2,11101000,432.32,2368,50.2,7.21,571.2,431.66,7.4,1.45, , 
,432.98,2400,79.5,11.3,11101000,433.30,2400,48.6,7.21,571.2,432.65,9.8,1.45, , 
,434.00,2432,79.5,10.9,11101000,434.37,2432,47.1,7.21,550.8,433.67,10.9,1.45, , 
,435.10,2432,79.5,7.4,11101001,435.47,2464,47.1,7.21,550.8,434.75,10.2,1.37, , 
,436.13,2432,79.5,0.0,11111101,436.47,2400,17.6,2.06,244.8,435.80,0.0,1.41, , 
,437.13,2400,79.5,-1.6,11101001,437.49,2400,20.8,2.06,295.8,436.79,-3.1,1.45, , 
,438.16,2368,79.5,-10.5,11101001,438.51,2368,40.0,5.15,459.0,437.83,-10.2,1.17, , 
,439.19,2368,79.5,-3.9,11101001,439.54,2368,42.7,5.15,499.8,438.86,-5.9,1.68, , 
,440.21,2368,79.5,-0.4,11101000,440.55,2368,31.0,4.12,377.4,439.88,-0.4,1.60, , 
,441.20,2368,79.5,2.0,11101000,441.55,2368,28.2,3.09,357.0,440.86,-0.4,1.52, , 
,442.27,2368,79.5,-4.7,11101000,442.60,2368,26.7,3.09,357.0,441.89,-2.0,1.25, , 
,443.25,2336,79.5,-7.0,11101001,443.57,2368,26.7,3.09,357.0,442.92,-6.3,1.41, , 
,444.29,2336,79.5,-8.6,11101001,444.65,2336,26.7,3.09,357.0,443.91,-7.8,1.48, , 
,445.33,2336,79.5,-9.0,11101001,445.69,2336,26.7,3.09,357.0,445.00,-9.0,1.48, , 
,446.38,2336,79.5,-8.2,11101001,446.73,2304,22.0,2.06,316.2,446.02,-8.6,1.52, , 
,447.43,2336,79.5,-9.0,11101001,447.77,2272,19.2,2.06,275.4,447.08,-12.1,1.33, , 
,448.43,2272,79.5,-2.3,11101001,448.77,2240,16.1,2.06,244.8,448.09,-2.0,1.95, , 
,449.47,2208,79.5,-3.5,11101001,449.81,2208,16.1,2.06,244.8,449.11,-2.3,1.52, , 
,450.49,2176,79.5,-1.6,11101001,450.82,2176,19.2,2.06,275.4,450.15,-2.0,1.48, , 
,451.52,2144,79.5,-7.0,11101001,451.88,2112,20.8,2.06,295.8,451.18,-6.3,1.17, , 
,452.57,2112,79.5,-2.7,11111101,452.92,2080,0.0,0.00,244.8,452.23,-1.6,1.76, , 
,453.62,1984,79.5,0.0,11101001,453.97,2048,42.7,7.21,499.8,453.27,0.0,3.71, , 
,454.69,2016,79.5,0.4,11101001,455.04,2016,41.2,5.15,499.8,454.32,0.0,1.41, , 
,455.74,2048,79.5,0.8,11101001,456.09,2048,57.6,8.24,632.4,455.39,0.8,1.48, , 
,456.79,2080,81.0,0.0,11101001,457.15,2080,62.0,8.24,714.0,456.44,0.0,1.13, , 
,457.82,2144,79.5,-2.7,11101001,458.16,2144,62.0,8.24,693.6,457.49,-2.3,1.45, , 
,458.84,2176,79.5,-2.7,11101001,459.19,2208,60.4,8.24,673.2,458.50,-2.7,1.45, , 
,459.86,2240,79.5,0.0,11101000,460.20,2208,19.2,2.06,295.8,459.54,-2.0,1.52, , 
,460.87,2208,79.5,7.4,11101001,461.21,2144,16.1,2.06,244.8,460.54,0.0,1.88, , 
,461.89,2144,79.5,3.1,11101001,462.24,2144,22.0,3.09,316.2,461.56,3.1,1.56, , 
,462.93,2144,79.5,-3.5,11101001,463.26,2112,45.9,6.18,520.2,462.58,-3.1,1.25, , 
,463.93,2144,79.5,2.0,11101001,464.28,2144,59.2,8.24,673.2,463.60,0.0,1.56, , 
,464.96,2176,79.5,0.8,11101001,465.30,2208,57.6,8.24,652.8,464.62,0.4,1.41, , 
,466.00,2240,79.5,1.6,11101001,466.36,2240,56.1,7.21,652.8,465.65,0.4,1.48, , 
,467.02,2272,79.5,3.1,11101001,467.36,2304,54.5,8.24,632.4,466.68,2.7,1.45, , 
,468.02,2336,79.5,3.1,11101000,468.36,2336,54.5,7.21,612.0,467.69,3.1,1.48, , 
,469.05,2368,79.5,2.0,11101001,469.39,2368,54.5,8.24,632.4,468.74,2.0,1.52, , 
,470.08,2400,79.5,1.6,11101001,470.45,2400,56.1,7.21,632.4,469.72,1.2,1.33, , 
,471.16,2432,79.5,0.0,11101001,471.50,2432,35.3,4.12,438.6,470.82,0.4,1.48, , 
,472.19,2432,79.5,-0.8,11101001,472.53,2432,42.7,5.15,499.8,471.86,-0.8,1.45, , 
,473.23,2464,79.5,0.4,11101001,473.59,2432,48.6,7.21,571.2,472.87,0.0,1.48, , 
,474.29,2464,79.5,4.3,11101001,474.64,2464,48.6,7.21,550.8,473.94,3.1,1.56, , 
,475.29,2464,79.5,5.5,11101001,475.62,2496,47.1,7.21,550.8,474.98,5.9,1.45, , 
,476.29,2496,79.5,1.6,11101001,476.61,2496,47.1,6.18,550.8,475.94,4.7,1.41, , 
,477.28,2496,79.5,0.8,11101001,477.62,2496,45.9,6.18,550.8,476.93,0.8,1.45, , 
,478.27,2464,79.5,0.0,11111101,478.61,2432,17.6,2.06,244.8,477.95,0.0,1.52, , 
,479.26,2368,79.5,0.0,11111101,479.58,2368,0.0,0.00,244.8,478.95,0.0,1.64, , 
,480.23,2336,79.5,0.0,11111101,480.55,2336,0.0,0.00,244.8,479.92,0.0,3.95, , 
,481.22,2272,79.5,0.0,11111101,481.55,2208,16.1,3.09,244.8,480.89,0.0,4.02, , 
,482.24,2208,79.5,0.0,11101001,482.59,2176,17.6,2.06,275.4,481.89,0.0,0.86, , 
,483.26,2176,79.5,-10.2,11101001,483.59,2144,23.5,3.09,316.2,482.93,-10.9,0.78, , 
,484.28,2176,79.5,0.0,11101001,484.62,2176,59.2,8.24,673.2,483.94,0.0,1.48, , 
,485.28,2208,79.5,-3.5,11101001,485.61,2240,59.2,8.24,673.2,484.94,-3.1,1.41, , 
,486.30,2272,79.5,-4.7,11101001,486.64,2272,59.2,8.24,673.2,485.97,-4.3,1.52, , 
,487.28,2304,79.5,0.0,11101001,487.60,2304,22.0,3.09,295.8,486.96,-4.3,1.52, , 
,488.27,2272,79.5,0.4,11111101,488.61,2272,0.0,0.00,244.8,487.94,0.0,1.21, , 
,489.31,2240,79.5,0.0,11101001,489.64,2208,16.1,2.06,244.8,488.96,0.0,3.28, , 
,490.31,2208,79.5,-6.6,11101001,490.65,2176,29.4,3.09,377.4,489.97,0.0,0.98, , 
,491.33,2176,79.5,-9.8,11111101,491.70,2144,16.1,2.06,244.8,490.99,-7.8,1.37, , 
,492.36,2112,79.5,0.0,11111101,492.72,2112,16.1,2.06,244.8,492.03,-4.3,1.64, , 
,493.41,2080,79.5,0.0,11101001,493.77,2080,20.8,3.09,295.8,493.05,0.0,0.90, , 
,494.48,2048,79.5,-5.5,11101001,494.82,2048,22.0,3.09,316.2,494.13,-5.5,1.13, , 
,495.52,2048,79.5,-10.2,11101001,495.90,2016,23.5,3.09,316.2,495.17,-9.4,1.33, , 
,496.61,2016,79.5,-12.1,11101001,496.95,2016,26.7,3.09,357.0,496.26,-12.5,1.45, , 
,497.66,2016,79.5,-12.1,11101001,498.02,2016,44.3,5.15,520.2,497.31,-13.3,1.56, , 
,498.75,2048,79.5,-5.5,11101001,499.12,2048,29.4,3.09,397.8,498.40,-7.4,1.64, , 
,499.84,2016,79.5,0.0,11101001,500.20,2016,16.1,2.06,244.8,499.49,0.0,1.29, , 
,500.91,2016,79.5,0.8,11101001,501.27,1984,20.8,2.06,295.8,500.54,0.4,1.52, , 
,502.00,1984,79.5,-7.0,11101011,502.35,1952,25.1,3.09,336.6,501.63,-6.6,1.33, , 
,503.08,1856,79.5,1.6,11111111,503.43,1824,17.6,2.06,275.4,502.71,-8.6,1.41, , 
,504.15,1920,79.5,0.0,11111111,504.49,1856,0.0,0.00,295.8,503.80,0.0,1.76, , 
,505.18,1792,79.5,0.0,11101011,505.50,1792,23.5,4.12,316.2,504.84,0.0,3.87, , 
,506.24,1760,79.5,0.0,11101011,506.59,1760,38.4,5.15,479.4,505.87,0.0,0.74, , 
,507.30,1728,79.5,0.0,11101011,507.67,1728,69.4,11.33,795.6,506.95,0.4,1.52, , 
,508.41,1792,79.5,0.0,11101011,508.78,1824,51.8,7.21,612.0,508.02,0.0,1.21, , 
,509.49,1856,79.5,0.0,11101011,509.86,1920,66.3,9.27,754.8,509.14,0.4,1.52, , 
,510.58,1984,79.5,-4.3,11101011,510.93,2016,75.3,10.30,826.2,510.23,-2.7,1.37, , 
,511.63,2112,79.5,-7.4,11101001,511.98,2144,72.2,10.30,795.6,511.29,-6.6,1.45, , 
,512.66,2208,79.5,-10.5,11101001,513.01,2240,71.0,9.27,795.6,512.32,-9.8,1.45, , 
,513.68,2272,79.5,-11.3,11101001,514.02,2272,60.4,8.24,693.6,513.35,-11.3,1.52, , 
,514.68,2304,79.5,-3.1,11101001,515.04,2304,47.1,6.18,550.8,514.33,-6.3,1.60, , 
,515.69,2336,79.5,2.7,11101001,516.05,2336,48.6,7.21,571.2,515.36,1.6,1.56, , 
,516.72,2368,79.5,5.1,11101000,517.07,2368,48.6,7.21,571.2,516.39,5.5,1.48, , 
,517.72,2400,79.5,6.3,11101001,518.07,2400,48.6,7.21,571.2,517.40,5.9,1.41, , 
,518.80,2432,79.5,5.5,11101001,519.14,2432,47.1,7.21,550.8,518.43,5.9,1.41, , 
,519.83,2432,79.5,0.0,11101001,520.18,2432,22.0,3.09,295.8,519.47,3.1,1.45, , 
,520.87,2400,79.5,-9.4,11101001,521.20,2368,22.0,2.06,295.8,520.55,-6.6,1.05, , 
,521.85,2368,79.5,-14.5,11101001,522.20,2336,22.0,2.06,316.2,521.52,-13.3,1.29, , 
,522.87,2336,79.5,-16.0,11101001,523.20,2304,23.5,2.06,316.2,522.53,-15.6,1.48, , 
,523.87,2304,79.5,-18.4,11101001,524.20,2304,26.7,3.09,336.6,523.54,-17.6,1.52, , 
,524.88,2304,79.5,0.0,11101001,525.22,2336,51.8,7.21,591.6,524.54,-16.0,1.60, , 
,525.91,2368,79.5,0.0,11101001,526.26,2368,50.2,7.21,591.6,525.58,-1.6,1.41, , 
,526.93,2400,79.5,1.6,11101001,527.26,2432,48.6,7.21,571.2,526.57,1.2,1.52, , 
,527.96,2432,79.5,3.1,11101001,528.31,2432,48.6,7.21,571.2,527.61,3.1,1.52, , 
,529.00,2464,79.5,2.0,11101001,529.33,2464,48.6,7.21,550.8,528.66,2.3,1.45, , 
,530.06,2464,79.5,1.6,11101001,530.41,2496,48.6,7.21,550.8,529.69,2.0,1.45, , 
,531.06,2496,79.5,0.8,11101001,531.42,2528,48.6,7.21,571.2,530.74,1.2,1.48, , 
,532.09,2528,79.5,0.8,11101001,532.43,2528,47.1,6.18,550.8,531.76,0.8,1.45, , 
,533.13,2528,79.5,-1.2,11101001,533.48,2528,25.1,3.09,336.6,532.78,1.2,1.41, , 
,534.15,2496,79.5,-10.2,11101001,534.51,2464,20.8,2.06,275.4,533.79,-8.2,1.21, , 
,535.21,2432,79.5,-13.7,11101001,535.55,2400,23.5,3.09,316.2,534.83,-11.7,1.45, , 
,536.21,2400,79.5,0.0,11101001,536.53,2400,50.2,7.21,571.2,535.87,-14.8,1.48, , 
,537.23,2400,79.5,-1.6,11101001,537.58,2432,57.6,8.24,652.8,536.86,-0.8,1.45, , 
,538.29,2464,79.5,-3.1,11101001,538.64,2464,48.6,7.21,571.2,537.95,-3.1,1.37, , 
,539.35,2464,79.5,0.8,11101001,539.71,2464,29.4,3.09,397.8,539.00,-0.8,1.56, , 
,540.39,2464,79.5,0.0,11111101,540.72,2432,17.6,2.06,244.8,540.06,0.0,1.48, , 
,541.40,2432,79.5,0.0,11101001,541.75,2400,48.6,7.21,571.2,541.07,-2.3,1.41, , 
,542.46,2432,79.5,-0.4,11101001,542.82,2464,54.5,8.24,612.0,542.10,0.0,1.48, , 
,543.48,2464,79.5,0.0,11101001,543.83,2464,20.8,3.09,295.8,543.14,0.0,1.41, , 
,544.53,2432,79.5,-7.4,11101001,544.85,2432,19.2,2.06,275.4,544.16,-5.9,1.13, , 
,545.56,2400,79.5,-7.0,11101001,545.90,2368,17.6,2.06,244.8,545.21,-7.8,1.56, , 
,546.57,2336,79.5,-5.9,11101001,546.90,2336,16.1,2.06,244.8,546.24,-6.6,1.52, , 
,547.55,2304,79.5,-4.7,11101001,547.89,2304,17.6,2.06,244.8,547.22,-5.1,1.52, , 
,548.54,2272,79.5,-9.4,11101001,548.88,2272,34.1,5.15,397.8,548.21,-5.1,1.41, , 
,549.57,2304,79.5,0.0,11101001,549.91,2304,57.6,8.24,652.8,549.22,0.0,1.45, , 
,550.57,2336,79.5,-3.1,11101001,550.90,2336,57.6,8.24,652.8,550.25,-3.1,1.37, , 
,551.59,2368,79.5,-3.1,11101001,551.98,2400,63.5,9.27,693.6,551.23,-4.3,1.45, , 
,552.66,2432,79.5,0.0,11101001,552.99,2464,91.4,15.45,989.4,552.31,0.0,1.21, , 
,553.69,2560,79.5,-5.9,11101001,554.02,2592,91.4,13.39,989.4,553.33,-5.1,1.13, , 
,554.71,2656,79.5,-10.2,11101001,555.06,2688,90.2,13.39,969.0,554.38,-8.6,1.33, , 
,555.74,2720,79.5,-14.8,11101001,556.08,2752,82.7,10.30,887.4,555.40,-13.3,1.45, , 
,556.72,2784,79.5,0.0,11101001,557.06,2784,19.2,2.06,275.4,556.40,0.0,1.13, , 
,557.74,2752,79.5,0.0,11111101,558.06,2752,0.0,0.00,275.4,557.39,0.0,1.45, , 
,558.70,2688,79.5,0.0,11111101,559.00,2688,0.0,0.00,244.8,558.38,0.0,3.83, , 
,559.66,2656,79.5,0.0,11111101,560.00,2624,0.0,0.00,244.8,559.32,0.0,3.91, , 
,560.63,2592,81.0,0.0,11111101,560.96,2560,0.0,0.00,244.8,560.32,0.0,3.87, , 
,561.62,2528,81.0,0.0,11111101,561.93,2496,0.0,0.00,244.8,561.29,0.0,3.95, , 
,562.60,2464,81.0,0.0,11111101,562.94,2432,0.0,0.00,244.8,562.28,0.0,3.91, , 
,563.58,2400,81.0,0.0,11111101,563.90,2368,16.1,3.09,244.8,563.26,0.0,3.87, , 
,564.58,2368,81.0,0.0,11101001,564.93,2336,36.9,5.15,438.6,564.23,0.0,0.98, , 
,565.61,2368,81.0,-3.5,11101001,565.92,2368,35.3,5.15,418.2,565.28,-2.0,1.48, , 
,566.58,2368,79.5,-5.1,11101001,566.93,2368,35.3,4.12,418.2,566.24,-5.1,1.45, , 
,567.61,2368,81.0,-6.3,11101001,567.95,2368,35.3,4.12,418.2,567.28,-5.5,1.48, , 
,568.59,2368,79.5,-7.0,11101001,568.92,2368,35.3,4.12,418.2,568.28,-7.0,1.45, , 
,569.61,2368,81.0,-6.6,11101001,569.94,2368,29.4,4.12,377.4,569.26,-7.0,1.52, , 
,570.67,2336,81.0,-9.0,11101001,570.99,2336,23.5,3.09,316.2,570.32,-7.8,1.45, , 
,571.67,2336,79.5,-10.2,11101001,572.04,2336,34.1,4.12,418.2,571.32,-11.7,1.37, , 
,572.73,2336,81.0,0.0,11101001,573.04,2336,56.1,8.24,632.4,572.40,-6.6,1.60, , 
,573.72,2368,79.5,0.0,11101001,574.09,2400,57.6,8.24,652.8,573.38,-0.8,1.41, , 
,574.80,2432,79.5,0.0,11101001,575.14,2432,56.1,8.24,632.4,574.44,-0.4,1.45, , 
,575.80,2432,79.5,0.0,11101001,576.13,2432,20.8,3.09,295.8,575.47,0.0,1.52, , 
,576.81,2400,79.5,-7.0,11101001,577.13,2400,29.4,4.12,377.4,576.48,-4.7,1.25, , 
,577.80,2400,79.5,-3.1,11101001,578.14,2400,57.6,8.24,632.4,577.46,-5.1,1.52, , 
,578.82,2432,79.5,-0.8,11101001,579.19,2432,54.5,7.21,632.4,578.47,0.0,1.33, , 
,579.89,2464,79.5,0.0,11101001,580.22,2464,54.5,8.24,612.0,579.56,0.0,1.48, , 
,580.90,2496,79.5,2.3,11101001,581.25,2496,42.7,6.18,499.8,580.56,0.8,1.45, , 
,581.96,2496,79.5,0.4,11101001,582.29,2496,29.4,4.12,377.4,581.60,2.3,1.48, , 
,582.97,2496,79.5,-3.1,11101001,583.32,2496,31.0,4.12,377.4,582.63,-3.1,1.37, , 
,584.03,2496,79.5,-5.5,11101001,584.34,2496,31.0,4.12,377.4,583.66,-4.7,1.41, , 
,585.03,2496,79.5,-5.5,11101001,585.34,2496,29.4,3.09,377.4,584.69,-5.5,1.52, , 
,585.97,2496,79.5,-4.7,11101001,586.33,2496,29.4,3.09,357.0,585.66,-5.5,1.52, , 
,587.04,2464,79.5,-8.6,11101001,587.39,2432,20.8,2.06,295.8,586.70,-6.3,1.45, , 
,588.09,2432,79.5,-12.1,11101001,588.41,2400,20.8,2.06,295.8,587.72,-12.1,1.37, , 
,589.06,2400,79.5,-14.8,11101001,589.39,2368,23.5,3.09,316.2,588.75,-13.3,1.52, , 
,590.07,2368,79.5,-15.2,11101001,590.41,2368,36.9,4.12,459.0,589.73,-14.5,1.56, , 
,591.11,2368,81.0,-8.2,11101001,591.45,2368,36.9,5.15,438.6,590.76,-9.0,1.64, , 
,592.21,2400,79.5,-3.1,11101001,592.54,2400,41.2,5.15,479.4,591.83,-5.1,1.56, , 
,593.23,2400,79.5,0.0,11101001,593.58,2400,40.0,5.15,459.0,592.87,-1.6,1.52, , 
,594.28,2400,81.0,1.2,11101001,594.62,2432,31.0,4.12,377.4,593.92,1.2,1.45, , 
,595.31,2400,79.5,-2.7,11101001,595.64,2400,32.5,4.12,397.8,594.96,-2.0,1.37, , 
,596.32,2400,79.5,-2.3,11101001,596.65,2400,36.9,5.15,438.6,595.96,-2.3,1.48, , 
,597.36,2400,81.0,-1.6,11101001,597.70,2400,48.6,7.21,571.2,597.01,-2.0,1.48, , 
,598.39,2432,79.5,4.3,11101001,598.75,2432,47.1,7.21,550.8,598.06,2.7,1.56, , 
,599.41,2432,79.5,0.0,11111101,599.73,2432,17.6,2.06,244.8,599.09,0.0,1.48, , 
,600.39,2368,79.5,0.0,11101001,600.70,2368,16.1,2.06,244.8,600.05,0.4,1.64, , 
,601.35,2368,79.5,0.0,11101001,601.71,2336,56.1,8.24,632.4,601.02,0.0,1.05, , 
,602.39,2368,79.5,0.4,11101001,602.76,2368,54.5,8.24,612.0,602.06,0.0,1.48, , 
,603.42,2400,81.0,1.2,11101001,603.75,2432,50.2,7.21,591.6,603.07,1.2,1.48, , 
,604.41,2432,81.0,4.3,11101001,604.80,2432,44.3,6.18,499.8,604.08,2.7,1.52, , 
,605.49,2464,79.5,3.1,11101001,605.82,2464,36.9,5.15,438.6,605.15,3.5,1.41, , 
,606.56,2464,81.0,-1.6,11101001,606.93,2464,31.0,4.12,377.4,606.19,0.8,1.37, , 
,607.65,2464,79.5,-3.1,11101001,608.00,2464,31.0,4.12,377.4,607.30,-2.7,1.48, , 
,608.70,2464,81.0,-5.5,11101001,609.06,2464,31.0,4.12,377.4,608.35,-4.7,1.45, , 
,609.80,2464,81.0,-5.9,11101001,610.13,2432,17.6,2.06,275.4,609.43,-5.5,1.52, , 
,610.82,2432,81.0,-3.5,11101001,611.17,2400,17.6,2.06,244.8,610.46,-5.9,1.60, , 
,611.79,2368,81.0,-7.4,11101001,612.12,2368,20.8,2.06,295.8,611.49,-5.1,1.41, , 
,612.78,2336,81.0,-13.3,11101001,613.10,2336,20.8,2.06,295.8,612.44,-12.1,1.33, , 
,613.80,2336,81.0,-14.5,11101001,614.12,2304,34.1,4.12,397.8,613.44,-15.6,1.37, , 
,614.77,2304,81.0,0.0,11101001,615.11,2304,47.1,6.18,550.8,614.45,0.0,1.52, , 
,615.75,2304,81.0,3.9,11101001,616.09,2304,38.4,5.15,459.0,615.43,3.1,1.60, , 
,616.77,2304,81.0,3.5,11101001,617.11,2304,41.2,6.18,479.4,616.43,3.5,1.45, , 
,617.79,2304,81.0,5.5,11101001,618.12,2336,53.3,8.24,612.0,617.46,4.7,1.48, , 
,618.79,2336,81.0,4.3,11101001,619.14,2368,53.3,7.21,612.0,618.44,4.3,1.52, , 
,619.83,2368,81.0,1.6,11101001,620.18,2400,53.3,7.21,612.0,619.48,3.9,1.45, , 
,620.86,2400,81.0,2.0,11101001,621.22,2432,51.8,7.21,591.6,620.52,2.0,1.48, , 
,621.89,2432,81.0,1.2,11101001,622.24,2464,50.2,7.21,591.6,621.56,1.6,1.52, , 
,622.89,2496,81.0,1.2,11101001,623.21,2496,50.2,7.21,571.2,622.59,2.0,1.48, , 
,623.93,2528,79.5,2.7,11101001,624.28,2560,50.2,7.21,571.2,623.58,1.6,1.48, , 
,624.94,2560,81.0,3.5,11101001,625.30,2592,48.6,7.21,571.2,624.61,3.5,1.52, , 
,625.97,2592,81.0,3.1,11101001,626.32,2624,47.1,7.21,550.8,625.62,3.1,1.45, , 
,627.00,2624,81.0,3.5,11101001,627.33,2624,47.1,7.21,550.8,626.65,3.5,1.48, , 
,628.02,2656,81.0,4.3,11101001,628.38,2656,45.9,6.18,520.2,627.68,3.9,1.48, , 
,629.05,2688,81.0,3.1,11101001,629.40,2688,45.9,6.18,520.2,628.71,3.5,1.48, , 
,630.09,2688,81.0,2.3,11101001,630.42,2688,35.3,4.12,438.6,629.75,3.1,1.45, , 
,631.07,2688,81.0,0.0,11111101,631.41,2624,17.6,2.06,244.8,630.74,0.0,1.41, , 
,632.10,2592,81.0,0.0,11111101,632.41,2560,0.0,0.00,244.8,631.76,0.0,3.09, , 
,633.06,2528,81.0,0.0,11111101,633.38,2528,0.0,0.00,244.8,632.74,0.0,3.95, , 
,634.05,2464,81.0,0.0,11111101,634.39,2464,0.0,0.00,244.8,633.72,0.0,3.98, , 
,635.06,2432,81.0,0.0,11101001,635.40,2400,20.8,3.09,275.4,634.72,0.0,2.30, , 
,636.11,2400,81.0,-7.4,11101001,636.43,2400,34.1,4.12,418.2,635.75,0.0,0.90, , 
,637.08,2400,81.0,-2.7,11101001,637.46,2400,38.4,5.15,459.0,636.76,-3.1,1.60, , 
,638.14,2400,81.0,-3.5,11101001,638.50,2400,38.4,5.15,459.0,637.79,-2.0,1.52, , 
,639.14,2400,81.0,0.0,11101001,639.45,2400,48.6,7.21,571.2,638.81,-3.9,1.45, , 
,640.11,2400,81.0,0.8,11101001,640.44,2400,29.4,4.12,377.4,639.78,0.0,1.48, , 
,641.12,2400,81.0,-7.8,11101001,641.46,2400,20.8,2.06,295.8,640.77,-2.7,1.37, , 
,642.10,2368,81.0,-13.7,11101001,642.44,2336,38.4,5.15,459.0,641.78,-11.3,1.29, , 
,643.12,2336,81.0,0.4,11101001,643.47,2336,40.0,5.15,459.0,642.79,0.0,1.48, , 
,644.14,2336,81.0,-1.2,11101001,644.47,2368,36.9,5.15,459.0,643.80,-0.8,1.48, , 
,645.14,2368,79.5,-3.5,11101001,645.47,2336,17.6,2.06,275.4,644.80,-2.3,1.41, , 
,646.14,2336,81.0,0.0,11111101,646.48,2304,0.0,0.00,244.8,645.80,-3.1,1.60, , 
,647.15,2272,81.0,0.0,11111101,647.50,2240,0.0,0.00,244.8,646.81,0.0,3.95, , 
,648.15,2176,81.0,0.0,11111101,648.48,2112,0.0,0.00,244.8,647.82,0.0,3.98, , 
,649.18,2016,81.0,0.0,11111101,649.53,1952,0.0,0.00,244.8,648.83,0.0,3.98, , 
,650.18,1920,81.0,0.0,11111111,650.52,1920,0.0,0.00,275.4,649.86,0.0,3.98, , 
,651.23,1856,81.0,0.0,11111111,651.59,1824,0.0,0.00,295.8,650.87,0.0,3.98, , 
,652.23,1728,81.0,0.0,11111111,652.57,1664,0.0,0.00,316.2,651.89,0.0,3.98, , 
,653.24,1504,81.0,0.0,11111111,653.57,1440,0.0,0.00,336.6,652.89,0.0,3.98, , 
,654.20,1344,81.0,0.0,11111111,654.51,1312,0.0,0.00,336.6,653.89,0.0,3.95, , 
,655.13,1344,81.0,0.0,11111111,655.45,1312,23.5,3.09,336.6,654.83,0.0,3.95, , 
,656.09,1248,81.0,0.0,11101011,656.41,1248,41.2,6.18,499.8,655.78,0.0,1.17, , 
,657.12,1408,81.0,0.0,11111111,657.44,1408,0.0,0.00,336.6,656.74,0.0,1.33, , 
,658.07,1120,81.0,0.0,11101011,658.41,1728,36.9,5.15,479.4,657.77,0.0,2.85, , 
,659.10,1632,81.0,-1.6,11101011,659.45,1632,36.9,5.15,459.0,658.76,0.0,1.29, , 
,660.15,1664,81.0,0.0,11101011,660.49,1664,41.2,5.15,499.8,659.81,0.0,1.52, , 
,661.21,1696,79.5,3.1,11101011,661.55,1728,44.3,6.18,520.2,660.86,2.7,1.56, , 
,662.29,1792,81.0,2.7,11101011,662.68,1824,40.0,5.15,499.8,661.91,3.1,1.45, , 
,663.43,1856,79.5,-2.3,11101011,663.81,1888,25.1,3.09,336.6,663.06,1.2,1.41, , 
,664.54,1888,79.5,-8.6,11101011,664.90,1888,31.0,4.12,397.8,664.16,-6.6,1.33, , 
,665.64,1952,79.5,0.0,11101011,665.98,1984,51.8,7.21,612.0,665.27,-9.0,1.52, , 
,666.69,2048,81.0,-0.4,11101001,667.04,2080,56.1,8.24,632.4,666.34,-0.4,1.48, , 
,667.72,2144,79.5,0.4,11101001,668.06,2144,54.5,7.21,612.0,667.37,0.0,1.52, , 
,668.73,2208,79.5,0.4,11101001,669.06,2208,50.2,7.21,591.6,668.39,1.2,1.45, , 
,669.69,2240,79.5,0.0,11111101,670.03,2144,17.6,2.06,244.8,669.37,0.0,1.56, , 
,670.70,2144,79.5,1.6,11111101,671.05,2112,0.0,0.00,244.8,670.36,2.0,1.56, , 
,671.76,2016,79.5,0.0,11111101,672.11,1984,0.0,0.00,244.8,671.41,0.0,3.75, , 
,672.79,1824,79.5,0.0,11111111,673.12,1792,0.0,0.00,295.8,672.46,0.0,3.95, , 
,673.88,1728,79.5,0.0,11101011,674.25,1728,34.1,4.12,418.2,673.49,0.0,3.16, , 
,675.00,1696,79.5,0.0,11101011,675.37,1728,45.9,7.21,550.8,674.62,-0.4,1.48, , 
,676.11,1760,79.5,0.0,11101011,676.49,1824,59.2,8.24,693.6,675.73,0.0,1.41, , 
,677.23,1888,79.5,-2.3,11101011,677.61,1888,53.3,7.21,632.4,676.85,-2.3,1.45, , 
,678.31,1920,79.5,-0.8,11101011,678.68,1920,32.5,4.12,418.2,677.97,-0.8,1.52, , 
,679.39,1888,79.5,-3.9,11101011,679.76,1888,35.3,4.12,438.6,679.02,0.0,1.45, , 
,680.47,1920,79.5,0.0,11101011,680.83,1920,62.0,9.27,714.0,680.12,0.0,1.56, , 
,681.55,1984,79.5,-3.1,11101011,681.91,2016,59.2,8.24,673.2,681.19,-3.1,1.33, , 
,682.64,2016,79.5,-3.9,11101000,683.01,2016,60.4,8.24,693.6,682.27,-3.1,1.52, , 
,683.71,2048,79.5,-4.7,11101001,684.06,2048,62.0,8.24,714.0,683.36,-5.1,1.45, , 
,684.78,2080,79.5,-5.9,11101001,685.11,2080,60.4,8.24,693.6,684.42,-5.9,1.48, , 
,685.81,2080,79.5,0.0,11101001,686.15,2048,25.1,3.09,336.6,685.45,0.0,1.48, , 
,686.85,1984,79.5,0.0,11101011,687.20,2016,75.3,12.36,846.6,686.49,0.0,1.21, , 
,687.91,2080,79.5,0.0,11101001,688.26,2112,78.4,11.33,867.0,687.55,0.0,1.09, , 
,688.94,2208,79.5,-7.8,11101001,689.28,2240,78.4,11.33,867.0,688.60,-5.9,1.37, , 
,689.98,2336,79.5,-9.8,11101001,690.33,2368,75.3,10.30,826.2,689.61,-9.8,1.45, , 
,691.05,2464,81.0,-11.7,11101001,691.40,2496,71.0,9.27,775.2,690.70,-11.7,1.48, , 
,692.08,2560,79.5,-11.3,11101001,692.41,2592,66.3,8.24,734.4,691.74,-11.7,1.52, , 
,693.09,2656,79.5,-6.6,11101001,693.44,2656,65.1,8.24,714.0,692.74,-9.8,1.56, , 
,694.16,2752,79.5,-6.6,11101001,694.51,2784,73.7,10.30,795.6,693.80,-5.9,1.45, , 
,695.16,2464,79.5,0.0,11111101,695.54,1952,20.8,2.06,295.8,694.84,-7.4,1.48, , 
,696.23,2080,79.5,0.0,11101001,696.57,2080,78.4,12.36,867.0,695.88,0.0,1.64, , 
,697.24,2112,79.5,0.0,11101001,697.59,2144,87.1,14.42,948.6,696.92,0.0,0.90, , 
,698.26,2176,79.5,-11.3,11101001,698.60,2208,87.1,12.36,948.6,697.92,-7.8,1.17, , 
,699.28,2272,79.5,-15.2,11101001,699.61,2272,87.1,11.33,948.6,698.94,-14.5,1.41, , 
,700.31,2304,79.5,-16.4,11101001,700.62,2336,79.6,10.30,867.0,699.96,-17.6,1.48, , 
,701.30,2336,81.0,0.0,11101001,701.66,2368,57.6,8.24,652.8,700.94,0.0,1.17, , 
,702.32,2368,81.0,-1.2,11101001,702.64,2368,42.7,5.15,499.8,701.98,-1.6,1.45, , 
,703.31,2368,81.0,-0.8,11101001,703.65,2336,32.5,4.12,397.8,702.97,0.0,1.52, , 
,704.30,2336,81.0,-2.7,11101001,704.64,2336,23.5,3.09,336.6,703.98,-3.1,1.45, , 
,705.32,2272,81.0,-2.0,11101001,705.66,2272,16.1,2.06,244.8,704.97,-3.5,1.52, , 
,706.35,2240,81.0,0.0,11101001,706.67,2208,16.1,2.06,244.8,706.00,-1.2,1.56, , 
,707.34,2176,81.0,0.0,11101001,707.69,2208,34.1,4.12,418.2,706.99,0.0,1.37, , 
,708.38,2208,81.0,0.0,11101001,708.72,2240,73.7,11.33,795.6,708.04,0.0,1.41, , 
,709.39,2272,81.0,0.0,11101001,709.72,2304,82.7,12.36,907.8,709.05,0.0,1.13, , 
,710.42,2336,81.0,-9.4,11101001,710.76,2368,81.2,11.33,887.4,710.08,-7.8,1.29, , 
,711.43,2432,81.0,-12.1,11101001,711.77,2432,81.2,10.30,887.4,711.09,-10.9,1.52, , 
,712.47,2464,81.0,0.0,11101001,712.81,2464,44.3,6.18,520.2,712.12,0.0,1.48, , 
,713.51,2464,81.0,0.8,11101001,713.86,2464,42.7,6.18,499.8,713.16,0.0,1.60, , 
,714.59,2464,81.0,1.6,11101001,714.94,2464,42.7,6.18,499.8,714.22,1.6,1.48, , 
,715.68,2464,81.0,3.1,11101001,716.03,2464,42.7,6.18,499.8,715.32,1.6,1.48, , 
,716.76,2464,81.0,4.3,11101001,717.09,2464,42.7,6.18,499.8,716.40,4.3,1.48, , 
,717.81,2464,81.0,3.5,11101001,718.18,2464,41.2,6.18,479.4,717.44,4.3,1.45, , 
,718.90,2432,81.0,2.7,11101001,719.27,2432,42.7,6.18,499.8,718.55,2.7,1.45, , 
,719.95,2400,81.0,3.1,11101001,720.27,2400,50.2,7.21,591.6,719.62,3.1,1.48, , 
,720.91,2368,81.0,3.9,11101001,721.25,2400,53.3,7.21,612.0,720.59,4.3,1.41, , 
,721.96,2368,81.0,2.0,11101001,722.32,2368,54.5,8.24,612.0,721.60,2.3,1.45, , 
,722.99,2368,81.0,0.8,11101001,723.33,2368,47.1,7.21,550.8,722.66,0.0,1.45, , 
,724.02,2336,81.0,3.5,11101001,724.35,2336,44.3,6.18,520.2,723.68,3.5,1.48, , 
,725.07,2336,81.0,3.9,11101001,725.43,2336,44.3,6.18,520.2,724.69,3.9,1.48, , 
,726.10,2336,81.0,3.9,11101001,726.45,2336,44.3,6.18,520.2,725.78,4.3,1.45, , 
,727.13,2336,81.0,3.9,11101001,727.47,2336,45.9,6.18,520.2,726.77,3.9,1.48, , 
,728.13,2368,81.0,4.3,11101001,728.46,2368,44.3,6.18,520.2,727.80,4.3,1.48, , 
,729.14,2368,81.0,3.1,11101001,729.50,2368,44.3,6.18,520.2,728.81,3.9,1.45, , 
,730.20,2368,81.0,3.5,11101001,730.55,2368,44.3,6.18,520.2,729.86,3.5,1.52, , 
,731.24,2400,81.0,2.7,11101001,731.56,2400,29.4,3.09,377.4,730.90,3.5,1.48, , 
,732.22,2400,81.0,0.0,11111101,732.56,2368,17.6,2.06,244.8,731.89,0.0,1.45, , 
,733.21,2336,81.0,0.0,11101001,733.55,2304,19.2,2.06,275.4,732.88,0.0,2.62, , 
,734.22,2304,81.0,-4.3,11101001,734.57,2304,36.9,5.15,438.6,733.89,0.0,1.09, , 
,735.23,2304,81.0,0.0,11101001,735.55,2304,40.0,5.15,479.4,734.90,-0.8,1.60, , 
,736.24,2336,81.0,0.0,11101001,736.55,2336,45.9,6.18,520.2,735.91,0.8,1.52, , 
,737.24,2336,81.0,0.4,11101001,737.56,2336,53.3,8.24,612.0,736.91,1.6,1.52, , 
,738.28,2336,81.0,1.2,11101001,738.63,2368,54.5,8.24,632.4,737.90,0.8,1.52, , 
,739.32,2400,81.0,0.4,11101001,739.67,2400,54.5,8.24,632.4,738.97,0.4,1.41, , 
,740.35,2400,81.0,0.4,11101001,740.68,2432,54.5,8.24,632.4,740.03,0.8,1.52, , 
,741.34,2432,81.0,-2.0,11101001,741.68,2464,62.0,8.24,693.6,741.00,-0.4,1.48, , 
,742.36,2464,81.0,-5.9,11101001,742.72,2496,63.5,9.27,693.6,742.03,-5.1,1.37, , 
,743.36,2528,81.0,-8.6,11101001,743.70,2560,75.3,10.30,826.2,743.04,-7.4,1.45, , 
,744.39,2592,81.0,0.0,11101001,744.70,2624,63.5,9.27,714.0,744.05,-10.2,1.48, , 
,745.37,2624,81.0,0.0,11101001,745.70,2624,38.4,5.15,459.0,745.03,0.0,1.56, , 
,746.37,2624,81.0,-0.4,11101001,746.70,2624,36.9,5.15,459.0,746.04,0.0,1.48, , 
,747.40,2624,81.0,-1.6,11101001,747.73,2624,38.4,5.15,459.0,747.05,-1.6,1.45, , 
,748.44,2656,81.0,-2.0,11101001,748.78,2656,28.2,4.12,357.0,748.07,-2.0,1.48, , 
,749.48,2624,81.0,-6.6,11101001,749.83,2624,20.8,2.06,275.4,749.11,-5.1,1.37, , 
,750.52,2624,81.0,-10.5,11101001,750.85,2624,34.1,4.12,418.2,750.18,-9.8,1.48, , 
,751.51,2624,81.0,-9.0,11101001,751.86,2624,17.6,2.06,244.8,751.19,-6.6,1.56, , 
,752.50,2624,81.0,-3.9,11111101,752.83,2624,17.6,2.06,244.8,752.17,-5.5,1.60, , 
,753.48,2592,81.0,0.0,11111101,753.82,2560,0.0,0.00,244.8,753.16,0.0,1.56, , 
,754.46,2400,81.0,0.0,11111101,754.78,2368,0.0,0.00,244.8,754.13,0.0,3.98, , 
,755.45,2208,81.0,0.0,11111101,755.79,2144,0.0,0.00,244.8,755.11,0.0,4.02, , 
,756.48,2048,81.0,0.0,11111101,756.83,1984,0.0,0.00,244.8,756.13,0.0,3.95, , 
,757.50,1952,81.0,0.0,11111111,757.84,1920,0.0,0.00,275.4,757.17,0.0,3.98, , 
,758.55,1920,81.0,0.0,11111111,758.91,1920,0.0,0.00,275.4,758.20,0.0,3.91, , 
,759.62,1920,81.0,0.0,11111111,759.95,1920,0.0,0.00,275.4,759.27,0.0,3.98, , 
,760.66,1888,81.0,0.0,11111111,761.02,1888,0.0,0.00,275.4,760.31,0.0,3.98, , 
,761.74,1888,81.0,0.0,11111111,762.10,1888,0.0,0.00,275.4,761.37,0.0,3.98, , 
,762.82,1888,81.0,0.0,11101011,763.18,1920,47.1,8.24,550.8,762.46,0.0,3.95, , 
,763.91,1952,81.0,0.0,11101011,764.27,1984,47.1,6.18,571.2,763.55,0.0,1.45, , 
,764.97,2048,81.0,5.1,11101001,765.33,2080,44.3,6.18,550.8,764.62,3.9,1.60, , 
,765.99,2112,81.0,0.0,11101001,766.34,2144,23.5,3.09,336.6,765.66,2.7,1.37, , 
,767.02,2144,81.0,-7.8,11101001,767.38,2176,23.5,3.09,316.2,766.68,-7.8,1.17, , 
,768.05,2208,81.0,-10.9,11101001,768.40,2208,29.4,3.09,357.0,767.72,-10.5,1.41, , 
,769.06,2208,81.0,-9.8,11101001,769.40,2240,35.3,4.12,438.6,768.73,-10.5,1.60, , 
,770.10,2240,81.0,-7.8,11101001,770.43,2240,36.9,5.15,438.6,769.75,-8.6,1.60, , 
,771.09,2272,81.0,0.8,11101001,771.41,2304,44.3,6.18,520.2,770.76,-3.9,1.56, , 
,772.08,2336,81.0,4.7,11101001,772.42,2336,42.7,6.18,499.8,771.76,3.9,1.56, , 
,773.07,2336,81.0,0.0,11101001,773.40,2368,20.8,3.09,295.8,772.75,6.6,1.45, , 
,774.07,2336,81.0,-8.2,11101001,774.41,2336,16.1,2.06,244.8,773.73,-5.9,1.17, , 
,775.08,2304,81.0,0.0,11111101,775.42,2304,0.0,0.00,244.8,774.75,-2.0,1.64, , 
,776.06,2272,81.0,0.0,11111101,776.39,2240,0.0,0.00,244.8,775.73,0.0,3.95, , 
,777.03,2240,81.0,0.0,11101001,777.36,2208,16.1,3.09,244.8,776.71,0.0,3.98, , 
,778.02,2208,81.0,0.0,11111101,778.35,2176,0.0,0.00,244.8,777.68,0.0,1.45, , 
,779.01,2144,79.5,0.0,11111101,779.33,2144,0.0,0.00,244.8,778.68,0.0,3.95, , 
,780.00,2112,81.0,0.0,11111101,780.34,2080,0.0,0.00,244.8,779.67,0.0,3.98, , 
,781.01,2048,79.5,0.0,11111101,781.36,2016,0.0,0.00,244.8,780.67,0.0,3.95, , 
,782.04,1984,79.5,0.0,11111101,782.39,1984,0.0,0.00,244.8,781.70,0.0,3.98, , 
,783.07,1920,81.0,0.0,11111111,783.41,1920,0.0,0.00,275.4,782.71,0.0,3.95, , 
,784.12,1856,79.5,0.0,11101011,784.48,1856,17.6,2.06,275.4,783.77,0.0,3.24, , 
,785.20,1824,79.5,-4.3,11101011,785.55,1824,19.2,2.06,295.8,784.84,0.0,1.05, , 
,786.29,1792,79.5,-5.1,11101011,786.66,1792,38.4,6.18,459.0,785.92,-6.3,1.33, , 
,787.40,1824,81.0,1.2,11101011,787.76,1824,36.9,5.15,459.0,787.02,0.0,1.48, , 
,788.49,1856,79.5,1.6,11101011,788.85,1824,20.8,3.09,295.8,788.11,3.1,1.56, , 
,789.56,1824,79.5,-5.9,11111110,789.91,1792,0.0,0.00,295.8,789.22,-3.5,1.21, , 
,790.55,1760,79.5,0.0,11111111,790.89,1728,0.0,0.00,316.2,790.21,0.0,3.67, , 
,791.56,1696,79.5,0.0,11111110,791.91,1696,0.0,0.00,316.2,791.22,0.0,3.98, , 
,792.59,1472,79.5,0.0,11111110,792.92,992,25.1,4.12,357.0,792.29,0.0,3.95, , 
,793.52,1056,79.5,0.0,11111110,793.83,1376,22.0,3.09,336.6,793.22,0.0,3.44, , 
,794.51,2112,79.5,0.0,11111100,794.86,2080,0.0,0.00,244.8,794.16,0.0,0.59, , 
,795.56,2048,79.5,0.0,11101000,795.91,2016,17.6,2.06,275.4,795.21,0.0,2.62, , 
,796.64,2048,79.5,-3.5,11101000,796.98,2016,25.1,3.09,336.6,796.27,0.0,1.05, , 
,797.69,2016,79.5,0.0,11101000,798.03,2016,48.6,6.18,571.2,797.34,-5.5,1.45, , 
,798.73,2048,79.5,2.0,11101000,799.06,2048,45.9,6.18,550.8,798.38,1.2,1.52, , 
,799.75,2112,79.5,3.1,11101000,800.08,2144,44.3,6.18,520.2,799.40,3.1,1.52, , 
,800.73,2176,79.5,3.5,11101000,801.07,2176,42.7,6.18,499.8,800.40,3.1,1.45, , 
,801.75,2208,79.5,0.0,11101000,802.08,2208,23.5,3.09,316.2,801.41,4.3,1.48, , 
,802.75,2208,79.5,-7.0,11101000,803.09,2176,20.8,2.06,295.8,802.41,-3.9,1.21, , 
,803.75,2208,79.5,-5.1,11101000,804.07,2112,20.8,2.06,295.8,803.42,-10.2,1.33, , 
,804.76,2144,79.5,-10.2,11101000,805.10,2144,38.4,4.12,459.0,804.41,-10.9,1.48, , 
,805.79,2176,79.5,-4.7,11101000,806.13,2208,42.7,6.18,499.8,805.45,-6.6,1.64, , 
,806.80,2240,79.5,0.4,11101000,807.14,2272,40.0,5.15,479.4,806.48,-0.8,1.60, , 
,807.77,2304,79.5,2.3,11101000,808.10,2304,38.4,5.15,459.0,807.45,2.0,1.48, , 
,808.81,2336,79.5,1.6,11101000,809.16,2304,23.5,3.09,316.2,808.47,3.9,1.45, , 
,809.83,2304,79.5,-7.4,11101000,810.17,2272,19.2,2.06,275.4,809.49,-4.7,1.17, , 
,810.82,2272,79.5,-9.8,11101000,811.15,2272,20.8,2.06,295.8,810.50,-9.4,1.37, , 
,811.82,2240,79.5,0.0,11101000,812.16,2272,44.3,6.18,499.8,811.49,-13.7,1.37, , 
,812.84,2336,79.5,2.7,11101000,813.17,2336,44.3,6.18,499.8,812.52,2.3,1.60, , 
,813.82,2400,79.5,3.9,11101000,814.18,2400,41.2,6.18,479.4,813.49,3.9,1.48, , 
,814.88,2464,79.5,0.0,11101000,815.23,2496,66.3,10.30,734.4,814.52,3.9,1.45, , 
,815.88,2464,79.5,0.0,11111100,816.24,1952,0.0,0.00,316.2,815.54,0.0,1.37, , 
,816.97,1888,79.5,0.0,11101010,817.33,1888,40.0,6.18,479.4,816.60,0.0,3.67, , 
,818.08,1920,79.5,0.0,11101010,818.46,1952,76.9,12.36,867.0,817.71,0.0,1.48, , 
,819.18,2016,79.5,-3.5,11101000,819.53,2048,73.7,10.30,826.2,818.81,0.0,1.29, , 
,820.21,2112,79.5,-6.3,11101000,820.55,2144,72.2,10.30,826.2,819.86,-5.5,1.41, , 
,821.23,2176,79.5,-7.4,11101000,821.57,2208,57.6,7.21,652.8,820.89,-8.2,1.48, , 
,822.26,2208,79.5,0.0,11101000,822.59,2240,41.2,5.15,499.8,821.91,0.0,1.68, , 
,823.27,2240,79.5,1.6,11101000,823.59,2240,25.1,3.09,336.6,822.93,1.2,1.52, , 
,824.27,2240,79.5,5.1,11101001,824.61,2176,16.1,2.06,244.8,823.92,0.0,1.29, , 
,825.29,2176,79.5,3.1,11101000,825.64,2176,16.1,2.06,244.8,824.95,-1.6,1.33, , 
,826.32,2144,79.5,-5.9,11101001,826.67,2144,23.5,3.09,316.2,825.98,-0.8,1.45, , 
,827.37,2144,79.5,-6.6,11101001,827.72,2144,26.7,3.09,357.0,827.02,-6.3,1.48, , 
,828.44,2112,79.5,-8.6,11101001,828.79,2112,31.0,4.12,377.4,828.08,-7.8,1.45, , 
,829.51,2112,79.5,-7.4,11101001,829.86,2112,44.3,5.15,520.2,829.15,-9.0,1.56, , 
,830.54,2144,79.5,1.2,11101001,830.88,2144,47.1,6.18,571.2,830.20,-1.2,1.64, , 
,831.55,2176,79.5,6.3,11101001,831.88,2176,51.8,7.21,591.6,831.22,5.1,1.60, , 
,832.57,2208,79.5,7.4,11101001,832.91,2208,54.5,8.24,612.0,832.23,6.6,1.45, , 
,833.59,2240,79.5,6.6,11101001,833.93,2272,51.8,7.21,612.0,833.25,6.6,1.41, , 
,834.61,2272,79.5,7.0,11101001,834.93,2304,56.1,8.24,632.4,834.27,7.4,1.52, , 
,835.61,2336,79.5,0.8,11101001,835.94,2368,65.1,9.27,714.0,835.27,3.9,1.21, , 
,836.60,2432,79.5,0.0,11101001,836.94,2432,87.1,14.42,948.6,836.26,0.0,1.33, , 
,837.63,2496,79.5,-7.8,11101001,837.95,2560,84.3,12.36,928.2,837.29,-5.9,1.17, , 
,838.62,1664,79.5,0.0,11111111,838.91,1184,23.5,3.09,336.6,838.29,0.0,3.13, , 
,839.50,992,81.0,0.0,11111111,839.78,992,26.7,4.12,377.4,839.22,0.0,3.79, , 
,840.37,896,81.0,0.0,11111111,840.69,896,28.2,4.12,397.8,840.07,0.0,0.90, , 
,841.35,896,81.0,-0.8,11111111,841.63,896,28.2,3.09,397.8,841.04,0.0,0.94, , 
,842.25,896,81.0,-2.3,11111111,842.56,896,28.2,3.09,397.8,841.94,-2.3,1.41, , 
,843.19,896,81.0,-2.0,11111111,843.50,896,28.2,3.09,397.8,842.87,-2.3,1.48, , 
,844.10,864,81.0,-1.6,11111111,844.41,896,28.2,3.09,397.8,843.79,-1.6,1.52, , 
,845.03,864,81.0,-0.4,11111111,845.33,896,28.2,3.09,397.8,844.73,-0.8,1.52, , 
,845.95,864,81.0,0.8,11111111,846.28,896,28.2,3.09,397.8,845.64,0.4,1.52, , 
,846.89,864,81.0,1.6,11111111,847.18,896,28.2,3.09,397.8,846.59,1.2,1.52, , 
,847.78,896,81.0,2.0,11111111,848.07,896,28.2,3.09,397.8,847.48,2.0,1.48, , 
,848.70,896,81.0,2.0,11111111,849.00,896,28.2,3.09,397.8,848.39,2.0,1.48, , 
,849.60,896,81.0,1.2,11111111,849.92,896,28.2,3.09,397.8,849.30,1.6,1.45, , 
,850.55,896,81.0,0.8,11101011,850.90,1280,56.1,9.27,673.2,850.25,0.8,1.45, , 
,851.61,1664,81.0,0.8,11101011,852.00,1792,69.4,11.33,775.2,851.26,0.0,1.45, , 
,852.70,2048,81.0,0.0,11101001,853.04,2176,69.4,10.30,775.2,852.35,0.0,1.21, , 
,853.70,2368,82.5,-3.9,11101001,854.02,2496,75.3,10.30,826.2,853.36,-3.1,1.45, , 
,854.70,2752,81.0,-5.5,11101001,855.01,2848,66.3,8.24,734.4,854.36,-5.5,1.48, , 
,855.72,1856,81.0,0.0,11101011,856.07,1952,57.6,10.30,632.4,855.34,0.0,3.48, , 
,856.79,1984,81.0,0.0,11101011,857.16,2016,65.1,9.27,734.4,856.44,0.0,1.13, , 
,857.88,2112,81.0,0.0,11101001,858.22,2208,78.4,11.33,867.0,857.53,0.0,1.48, , 
,858.90,2272,81.0,0.0,11101001,859.24,2112,0.0,0.00,316.2,858.57,-4.7,1.41, , 
,859.89,1056,81.0,0.0,11111111,860.15,992,26.7,4.12,377.4,859.60,0.0,3.52, , 
,860.80,960,81.0,0.0,11111111,861.09,992,25.1,3.09,357.0,860.48,0.0,2.38, , 
,861.75,1280,81.0,0.0,11111111,862.10,1568,22.0,3.09,316.2,861.40,0.0,0.59, , 
,862.81,1856,79.5,0.0,11101011,863.15,1792,19.2,2.06,295.8,862.44,0.0,2.58, , 
,863.87,1760,79.5,0.0,11101011,864.21,1760,19.2,2.06,295.8,863.51,0.0,1.21, , 
,864.88,1728,79.5,-5.1,11101011,865.24,1728,20.8,2.06,295.8,864.54,0.8,1.60, , 
,865.95,1728,79.5,-7.0,11101011,866.29,1696,20.8,2.06,295.8,865.61,-6.6,1.45, , 
,867.00,1696,79.5,-8.6,11101011,867.34,1664,20.8,2.06,316.2,866.64,-8.6,1.45, , 
,868.08,1696,79.5,0.0,11101011,868.41,1696,60.4,10.30,673.2,867.69,-9.0,1.52, , 
,869.12,1856,79.5,0.0,11101011,869.47,1888,90.2,15.45,989.4,868.79,0.0,0.74, , 
,870.14,2016,81.0,0.0,11101001,870.48,2112,91.4,13.39,989.4,869.81,0.0,0.78, , 
,871.16,2272,79.5,-11.3,11101001,871.48,2304,91.4,13.39,989.4,870.82,-9.4,1.29, , 
,872.18,2464,79.5,-12.1,11101001,872.52,2528,91.4,13.39,989.4,871.82,-12.5,1.52, , 
,873.20,2656,81.0,-9.0,11101001,873.53,2720,91.4,13.39,989.4,872.86,-10.5,1.56, , 
,874.26,2880,81.0,-8.2,11101001,874.57,2496,0.0,0.00,316.2,873.90,-8.6,1.48, , 
,875.28,2240,81.0,0.0,11101001,875.60,2144,75.3,12.36,826.2,874.93,0.0,3.91, , 
,876.28,2208,81.0,0.0,11101001,876.60,2240,91.4,15.45,989.4,875.94,0.0,0.90, , 
,877.26,2304,81.0,-9.4,11101001,877.58,2336,91.4,13.39,989.4,876.94,-7.8,1.02, , 
,878.25,2400,81.0,-12.1,11101001,878.60,2400,91.4,13.39,989.4,877.91,-11.7,1.37, , 
,879.28,2464,81.0,-12.1,11101001,879.62,2496,91.4,13.39,989.4,878.94,-12.5,1.52, , 
,880.30,2560,81.0,-12.5,11101001,880.65,2560,90.2,12.36,969.0,879.97,-12.5,1.52, , 
,881.30,2592,81.0,-14.1,11101001,881.65,2592,88.6,12.36,948.6,880.98,-13.3,1.48, , 
,882.29,2624,81.0,0.0,11101001,882.62,2624,73.7,11.33,795.6,881.97,-15.2,1.45, , 
,883.30,2624,81.0,-7.8,11101001,883.65,2656,84.3,12.36,907.8,882.96,-5.5,1.13, , 
,884.32,2688,81.0,-13.7,11101001,884.67,2432,0.0,0.00,336.6,884.00,-12.1,1.37, , 
,885.32,1408,81.0,0.0,11111111,885.68,1280,26.7,4.12,357.0,884.98,0.0,3.79, , 
,886.39,2048,81.0,0.0,11101001,886.73,1984,20.8,3.09,295.8,886.04,0.0,1.05, , 
,887.45,1984,81.0,-8.6,11101001,887.81,1984,28.2,3.09,377.4,887.09,-8.2,0.98, , 
,888.52,1984,81.0,-10.2,11101011,888.90,1952,40.0,5.15,479.4,888.17,-10.9,1.48, , 
,889.64,1984,81.0,-5.9,11101011,889.98,1984,57.6,8.24,652.8,889.26,-7.8,1.64, , 
,890.67,1984,81.0,-2.7,11101001,891.01,2016,57.6,8.24,673.2,890.33,-3.9,1.56, , 
,891.74,2016,81.0,-0.4,11101001,892.09,2016,56.1,8.24,652.8,891.38,-1.6,1.56, , 
,892.80,2048,81.0,0.0,11101001,893.18,2048,56.1,7.21,652.8,892.44,-0.4,1.41, , 
,893.87,2080,81.0,0.0,11101001,894.21,2080,56.1,8.24,632.4,893.52,0.0,1.48, , 
,894.90,2080,81.0,0.0,11101001,895.26,2080,54.5,7.21,632.4,894.56,0.0,1.45, , 
,895.96,2080,81.0,0.0,11101001,896.31,2080,57.6,8.24,652.8,895.60,0.0,1.48, , 
,896.98,2112,81.0,-5.1,11101001,897.33,2112,66.3,9.27,754.8,896.64,-2.3,1.33, , 
,898.03,2112,82.5,-5.9,11101001,898.37,2144,66.3,8.24,754.8,897.70,-8.2,1.41, , 
,899.05,2144,82.5,-4.3,11101001,899.40,2176,66.3,8.24,754.8,898.71,-7.8,1.45, , 
,900.09,2176,81.0,-0.4,11101001,900.43,2208,67.8,8.24,754.8,899.75,-4.7,1.52, , 
,901.13,2208,81.0,0.8,11101001,901.48,2208,67.8,9.27,754.8,900.78,0.4,1.52, , 
,902.19,2240,82.5,2.7,11101001,902.53,2240,66.3,8.24,754.8,901.83,2.0,1.52, , 
,903.22,2240,81.0,2.3,11101001,903.55,2272,66.3,9.27,734.4,902.87,2.0,1.45, , 
,904.24,2272,81.0,0.4,11101001,904.58,2272,66.3,8.24,734.4,903.90,3.1,1.48, , 
,905.25,2272,81.0,0.8,11101001,905.58,2272,65.1,8.24,734.4,904.92,0.4,1.45, , 
,906.23,2272,82.5,1.6,11101001,906.57,2304,65.1,8.24,734.4,905.90,1.2,1.48, , 
,907.27,2304,81.0,2.0,11101001,907.63,2304,63.5,8.24,714.0,906.91,1.2,1.52, , 
,908.29,2304,81.0,2.0,11101001,908.62,2304,60.4,8.24,673.2,907.96,2.3,1.41, , 
,909.30,2336,81.0,6.6,11101001,909.65,2336,59.2,8.24,673.2,908.96,5.5,1.48, , 
,910.35,2368,81.0,7.0,11101001,910.70,2368,59.2,8.24,673.2,910.01,7.0,1.52, , 
,911.37,2368,81.0,6.6,11101001,911.68,2368,59.2,8.24,673.2,911.03,6.6,1.45, , 
,912.36,2368,81.0,6.6,11101001,912.69,2368,59.2,8.24,673.2,912.04,6.6,1.45, , 
,913.37,2368,81.0,6.3,11101001,913.70,2368,51.8,7.21,612.0,913.04,4.7,1.48, , 
,914.36,2368,81.0,10.9,11101001,914.69,2368,44.3,6.18,520.2,914.02,10.2,1.48, , 
,915.38,2336,81.0,10.2,11101001,915.71,2336,29.4,4.12,377.4,915.04,13.3,1.45, , 
,916.39,2304,81.0,2.7,11101001,916.73,2304,26.7,3.09,336.6,916.06,5.1,1.21, , 
,917.41,2272,81.0,-0.8,11101001,917.75,2272,40.0,5.15,479.4,917.07,0.4,1.37, , 
,918.43,2240,81.0,5.5,11101001,918.77,2240,48.6,6.18,571.2,918.08,4.3,1.68, , 
,919.43,2240,81.0,8.6,11101001,919.75,2240,57.6,8.24,652.8,919.10,8.6,1.60, , 
,920.42,2272,81.0,6.6,11101001,920.75,2272,62.0,8.24,693.6,920.08,9.4,1.41, , 
,921.44,2272,81.0,4.7,11101001,921.78,2304,60.4,8.24,693.6,921.08,4.7,1.37, , 
,922.44,2304,81.0,3.5,11101001,922.78,2304,60.4,8.24,693.6,922.10,4.3,1.52, , 
,923.47,2336,81.0,3.9,11101001,923.79,2336,59.2,8.24,673.2,923.14,3.9,1.45, , 
,924.46,2368,81.0,5.1,11101001,924.84,2368,59.2,8.24,673.2,924.12,4.7,1.48, , 
,925.54,2400,81.0,4.7,11101001,925.90,2400,59.2,8.24,673.2,925.20,5.5,1.52, , 
,926.60,2400,81.0,5.5,11101001,926.95,2432,59.2,8.24,652.8,926.24,5.1,1.45, , 
,927.68,2432,81.0,3.5,11101001,928.03,2464,42.7,5.15,499.8,927.31,5.5,1.45, , 
,928.73,2432,81.0,2.7,11101001,929.07,2432,36.9,5.15,438.6,928.37,0.0,1.68, , 
,929.77,2432,81.0,4.7,11101001,930.13,2432,35.3,5.15,438.6,929.40,4.3,1.56, , 
,930.81,2400,81.0,0.0,11101001,931.17,2400,22.0,3.09,295.8,930.50,5.1,1.48, , 
,931.88,2368,81.0,-8.6,11101001,932.23,2368,22.0,2.06,295.8,931.54,-5.5,1.21, , 
,932.93,2368,81.0,-9.8,11101001,933.28,2336,22.0,2.06,295.8,932.57,-12.1,1.33, , 
,933.95,2304,81.0,-11.7,11101001,934.29,2336,31.0,3.09,377.4,933.60,-10.2,1.60, , 
,934.95,2304,81.0,-3.9,11101001,935.29,2304,23.5,3.09,316.2,934.63,-8.2,1.72, , 
,935.93,2304,81.0,-3.5,11111101,936.27,2304,0.0,0.00,244.8,935.61,0.0,1.25, , 
,936.91,2272,81.0,0.0,11111101,937.24,2240,0.0,0.00,244.8,936.59,0.0,3.63, , 
,937.91,2240,81.0,0.0,11111101,938.25,2240,0.0,0.00,244.8,937.57,0.0,3.91, , 
,938.89,2240,81.0,0.0,11111101,939.22,2240,0.0,0.00,244.8,938.57,0.0,4.02, , 
,939.92,2208,81.0,0.0,11111101,940.25,2208,0.0,0.00,244.8,939.58,0.0,3.98, , 
,940.91,2208,81.0,0.0,11111101,941.25,2208,0.0,0.00,244.8,940.58,0.0,4.02, , 
,941.90,2176,81.0,0.0,11111101,942.24,2176,0.0,0.00,244.8,941.57,0.0,4.02, , 
,942.93,2144,81.0,0.0,11111101,943.28,2080,0.0,0.00,244.8,942.58,0.0,3.98, , 
,943.95,1984,81.0,0.0,11111111,944.27,1952,0.0,0.00,244.8,943.61,0.0,3.95, , 
,944.96,1856,81.0,0.0,11111111,945.31,1792,0.0,0.00,295.8,944.62,0.0,3.98, , 
,945.98,1696,81.0,0.0,11111111,946.34,1664,0.0,0.00,316.2,945.65,0.0,3.98, , 
,947.00,1568,81.0,0.0,11111111,947.40,1536,0.0,0.00,316.2,946.66,0.0,4.02, , 
,948.08,1504,79.5,0.0,11101011,948.43,1536,82.7,14.42,948.6,947.73,0.0,3.98, , 
,949.13,1568,79.5,0.0,11101011,949.47,1568,82.7,13.39,948.6,948.79,0.0,1.05, , 
,950.17,1600,79.5,-1.6,11101011,950.54,1728,0.0,0.00,612.0,949.80,0.0,1.33, , 
,951.19,1984,79.5,0.0,11101001,951.54,2176,73.7,11.33,795.6,950.85,0.0,3.32, , 
,952.21,2144,79.5,0.0,11101001,952.54,2144,91.4,15.45,989.4,951.88,0.0,1.09, , 
,953.22,2240,79.5,-5.9,11101001,953.57,2272,90.2,13.39,969.0,952.88,0.0,0.98, , 
,954.23,2336,79.5,-9.8,11101001,954.54,2368,91.4,13.39,989.4,953.90,-9.0,1.37, , 
,955.22,2432,79.5,-10.2,11101001,955.55,2464,91.4,13.39,989.4,954.87,-10.2,1.48, , 
,956.24,2560,79.5,-8.6,11101001,956.58,2592,91.4,13.39,969.0,955.90,-9.0,1.52, , 
,957.26,2656,79.5,-8.6,11101001,957.60,2688,76.9,8.24,887.4,956.91,-8.6,1.48, , 
,958.31,1696,79.5,0.0,11111111,958.65,1216,26.7,4.12,357.0,957.95,0.0,3.44, , 
,959.34,2048,79.5,0.0,11101001,959.69,2048,73.7,11.33,795.6,959.00,0.0,0.94, , 
,960.39,2080,79.5,0.0,11101001,960.72,2080,85.5,13.39,948.6,960.06,0.0,1.25, , 
,961.42,2112,79.5,-7.8,11101001,961.78,2112,85.5,12.36,948.6,961.05,-6.6,1.02, , 
,962.48,2144,79.5,-11.3,11101000,962.81,2176,85.5,11.33,928.2,962.12,-10.9,1.37, , 
,963.48,2176,79.5,0.0,11101001,963.82,2176,48.6,6.18,571.2,963.14,0.0,1.37, , 
,964.49,2176,79.5,6.3,11101001,964.83,2176,47.1,6.18,550.8,964.15,5.5,1.72, , 
,965.50,2176,79.5,10.5,11101001,965.83,2176,35.3,5.15,438.6,965.16,9.4,1.56, , 
,966.50,2176,79.5,4.3,11101001,966.82,2144,29.4,4.12,377.4,966.17,7.4,1.29, , 
,967.53,2144,79.5,0.4,11101001,967.88,2112,31.0,4.12,397.8,967.18,1.2,1.33, , 
,968.58,2112,79.5,-0.8,11101001,968.92,2112,29.4,3.09,377.4,968.24,-0.8,1.45, , 
,969.60,2048,79.5,0.0,11111101,969.94,2080,16.1,2.06,244.8,969.26,-3.9,1.37, , 
,970.66,2080,79.5,0.0,11111101,971.01,2048,0.0,0.00,244.8,970.30,0.0,2.15, , 
,971.68,2048,79.5,0.0,11111101,972.03,2016,0.0,0.00,244.8,971.34,0.0,3.91, , 
,972.73,2016,81.0,0.0,11111101,973.09,1984,0.0,0.00,244.8,972.37,0.0,3.98, , 
,973.80,1920,79.5,0.0,11101011,974.18,1952,23.5,3.09,316.2,973.45,0.0,3.98, , 
,974.93,1952,79.5,0.0,11101011,975.30,1952,60.4,8.24,693.6,974.55,0.0,0.98, , 
,976.04,1952,79.5,0.0,11101011,976.40,1984,75.3,11.33,846.6,975.68,0.4,1.52, , 
,977.14,2016,79.5,-2.0,11101001,977.49,2048,73.7,10.30,826.2,976.77,0.0,1.33, , 
,978.19,2048,79.5,-3.1,11101001,978.55,2080,71.0,9.27,795.6,977.84,-2.3,1.48, , 
,979.27,2080,79.5,0.0,11101001,979.63,2080,65.1,8.24,734.4,978.94,-2.7,1.45, , 
,980.32,2080,79.5,0.0,11101001,980.67,2080,65.1,8.24,734.4,979.98,0.0,1.52, , 
,981.35,2112,79.5,0.0,11101001,981.71,2112,56.1,7.21,652.8,981.01,0.0,1.45, , 
,982.39,2112,81.0,4.7,11101001,982.74,2112,56.1,8.24,652.8,982.06,3.9,1.60, , 
,983.42,2144,79.5,6.6,11101001,983.77,2144,56.1,8.24,652.8,983.09,6.3,1.52, , 
,984.47,2176,79.5,8.6,11101001,984.81,2176,56.1,8.24,652.8,984.13,7.8,1.41, , 
,985.50,2176,79.5,8.6,11101001,985.85,2176,57.6,8.24,652.8,985.16,8.2,1.45, , 
,986.54,2176,79.5,3.1,11101001,986.88,2176,63.5,9.27,714.0,986.19,4.3,1.33, , 
,987.58,2208,79.5,-1.2,11101001,987.92,2208,67.8,9.27,754.8,987.24,-0.4,1.37, , 
,988.58,2208,79.5,-3.9,11101001,988.91,2208,71.0,10.30,795.6,988.26,-3.1,1.45, , 
,989.59,2208,79.5,-5.9,11101001,989.92,2208,71.0,9.27,775.2,989.26,-4.7,1.52, , 
,990.59,2240,79.5,-3.9,11101001,990.93,2240,63.5,8.24,714.0,990.24,-5.5,1.52, , 
,991.58,2240,81.0,-2.3,11101001,991.91,2240,63.5,8.24,714.0,991.25,-3.1,1.45, , 
,992.60,2272,79.5,-2.7,11101001,992.92,2272,63.5,8.24,714.0,992.26,-2.3,1.52, , 
,993.58,2272,79.5,-2.3,11101001,993.91,2272,63.5,8.24,714.0,993.25,-2.3,1.48, , 
,994.58,2272,79.5,-2.3,11101001,994.91,2272,63.5,8.24,714.0,994.25,-2.3,1.48, , 
,995.57,2272,81.0,-2.3,11101001,995.91,2272,63.5,8.24,714.0,995.25,-2.3,1.52, , 
,996.58,2240,79.5,-2.3,11101001,996.91,2240,44.3,5.15,520.2,996.25,-2.7,1.41, , 
,997.56,2240,81.0,0.0,11101001,997.90,2240,29.4,4.12,377.4,997.25,0.0,1.68, , 
,998.59,2208,81.0,-2.7,11101001,998.92,2208,29.4,4.12,377.4,998.24,-2.0,1.41, , 
,999.59,2208,81.0,-3.9,11101001,999.93,2208,29.4,4.12,377.4,999.24,-3.9,1.45, , 
,1000.62,2208,81.0,-5.5,11101001,1000.96,2208,29.4,3.09,377.4,1000.27,-5.1,1.45, , 
,1001.65,2208,81.0,-7.0,11101001,1002.00,2208,29.4,3.09,377.4,1001.31,-7.0,1.48, , 
,1002.66,2208,81.0,-8.2,11101001,1003.02,2208,29.4,3.09,377.4,1002.32,-7.4,1.48, , 
,1003.70,2208,81.0,-6.3,11111101,1004.04,2176,16.1,2.06,244.8,1003.36,-7.4,1.52, , 
,1004.73,2144,81.0,0.0,11111101,1005.07,2144,0.0,0.00,244.8,1004.38,0.0,2.15, , 
,1005.76,2112,81.0,0.0,11111101,1006.10,2112,0.0,0.00,244.8,1005.42,0.0,3.98, , 
,1006.77,2080,81.0,0.0,11111101,1007.13,2080,0.0,0.00,244.8,1006.44,0.0,3.95, , 
,1007.82,2048,81.0,0.0,11111101,1008.17,2048,0.0,0.00,244.8,1007.47,0.0,3.95, , 
,1008.88,2016,81.0,0.0,11111101,1009.24,1984,0.0,0.00,244.8,1008.52,0.0,3.98, , 
,1009.96,1952,81.0,0.0,11111111,1010.31,1920,0.0,0.00,275.4,1009.60,0.0,3.95, , 
,1010.98,1888,81.0,0.0,11101011,1011.35,1888,17.6,3.09,275.4,1010.65,0.0,3.95, , 
,1012.09,1856,81.0,0.0,11101011,1012.46,1824,19.2,2.06,295.8,1011.73,0.0,0.55, , 
,1013.17,1792,81.0,-6.3,11101011,1013.53,1792,23.5,3.09,316.2,1012.82,-5.5,1.21, , 
,1014.29,1792,81.0,-3.9,11101011,1014.69,1760,25.1,3.09,336.6,1013.92,-4.7,1.52, , 
,1015.40,1728,81.0,-0.8,11101011,1015.77,1728,25.1,3.09,336.6,1015.06,-1.6,1.60, , 
,1016.51,1728,81.0,1.6,11101011,1016.84,1696,25.1,3.09,336.6,1016.13,1.2,1.56, , 
,1017.52,1696,81.0,3.1,11101011,1017.86,1664,22.0,3.09,316.2,1017.17,3.1,1.52, , 
,1018.61,1664,81.0,0.4,11101011,1018.96,1664,22.0,3.09,316.2,1018.24,1.6,1.29, , 
,1019.67,1632,81.0,-2.3,11101011,1020.02,1632,23.5,3.09,336.6,1019.30,-1.6,1.37, , 
,1020.72,1600,79.5,-3.1,11101011,1021.05,1600,23.5,3.09,316.2,1020.36,-3.5,1.45, , 
,1021.77,1568,81.0,-2.3,11101011,1022.14,1568,32.5,4.12,418.2,1021.41,-2.7,1.48, , 
,1022.88,1568,81.0,2.7,11111111,1023.25,1504,0.0,0.00,357.0,1022.51,0.8,1.60, , 
,1023.89,1056,79.5,0.0,11111111,1024.19,1088,25.1,4.12,377.4,1023.57,0.0,3.13, , 
,1024.86,1024,81.0,0.0,11111111,1025.16,960,23.5,3.09,336.6,1024.52,0.0,1.05, , 
,1025.79,864,81.0,0.0,11111111,1026.09,864,26.7,3.09,377.4,1025.48,0.0,1.13, , 
,1026.70,896,81.0,0.8,11111111,1026.98,896,26.7,3.09,397.8,1026.39,0.4,1.52, , 
,1027.59,896,81.0,1.6,11111111,1027.92,896,26.7,3.09,397.8,1027.28,1.2,1.48, , 
,1028.51,896,81.0,2.0,11111111,1028.81,896,26.7,3.09,377.4,1028.22,2.0,1.52, , 
,1029.42,896,81.0,2.0,11111111,1029.72,864,26.7,3.09,377.4,1029.11,2.3,1.48, , 
,1030.35,864,81.0,2.0,11111111,1030.65,864,28.2,3.09,397.8,1030.02,2.0,1.45, , 
,1031.25,896,81.0,2.3,11111111,1031.54,896,26.7,3.09,397.8,1030.95,2.0,1.52, , 
,1032.15,864,81.0,3.1,11111111,1032.44,896,26.7,3.09,397.8,1031.86,3.1,1.52, , 
,1033.06,896,81.0,3.5,11111111,1033.39,832,90.2,18.54,887.4,1032.74,3.5,1.48, , 
,1034.09,2016,81.0,0.0,11101001,1034.47,1664,54.5,8.24,652.8,1033.73,0.0,0.59, , 
,1035.08,1056,81.0,5.5,11101011,1035.39,1120,50.2,7.21,612.0,1034.76,1.2,1.56, , 
,1036.05,1216,81.0,5.5,11101011,1036.40,1376,57.6,9.27,673.2,1035.72,4.7,1.56, , 
,1037.21,1536,81.0,0.0,11101011,1037.58,1600,56.1,7.21,673.2,1036.85,0.0,1.37, , 
,1038.25,1728,81.0,0.0,11101011,1038.61,1792,41.2,5.15,499.8,1037.91,0.0,1.45, , 
,1039.35,1952,81.0,0.0,11101011,1039.72,2048,66.3,9.27,754.8,1038.98,0.0,1.52, , 
,1040.32,1248,81.0,0.0,11101011,1040.62,1088,44.3,8.24,520.2,1040.01,0.0,3.05, , 
,1041.38,1920,81.0,0.0,11101011,1041.76,1504,79.6,12.36,907.8,1041.00,0.0,0.23, , 
,1042.48,1664,81.0,0.0,11101011,1042.85,1696,75.3,11.33,867.0,1042.13,0.0,1.13, , 
,1043.57,1824,81.0,-2.7,11101011,1043.95,1888,72.2,10.30,826.2,1043.20,-2.7,1.48, , 
,1044.67,2016,81.0,-5.5,11101001,1045.01,2048,67.8,9.27,775.2,1044.33,-4.3,1.45, , 
,1045.69,2176,79.5,-5.5,11101001,1046.03,2208,66.3,9.27,734.4,1045.35,-5.9,1.48, , 
,1046.71,2304,79.5,-4.3,11101001,1047.06,2336,65.1,8.24,714.0,1046.37,-5.1,1.52, , 
,1047.74,2400,79.5,-2.3,11101001,1048.10,2432,59.2,8.24,652.8,1047.38,-2.7,1.52, , 
,1048.80,2496,79.5,1.2,11101001,1049.13,2528,59.2,8.24,673.2,1048.46,0.0,1.45, , 
,1049.81,2592,79.5,0.8,11101001,1050.14,2624,73.7,11.33,795.6,1049.48,2.0,1.45, , 
,1050.79,2720,79.5,0.0,11101001,1051.14,2752,75.3,10.30,826.2,1050.48,0.0,1.25, , 
,1051.80,2144,79.5,0.0,11111101,1052.07,1664,0.0,0.00,295.8,1051.46,0.0,1.60, , 
,1052.78,2016,79.5,0.0,11101001,1053.12,2016,23.5,3.09,316.2,1052.41,0.0,3.40, , 
,1053.85,1984,79.5,0.0,11101011,1054.21,1984,50.2,7.21,591.6,1053.48,0.0,1.05, , 
,1054.93,1984,81.0,3.1,11101011,1055.29,1984,53.3,7.21,612.0,1054.57,1.2,1.56, , 
,1055.99,2016,81.0,3.9,11101001,1056.34,2016,56.1,8.24,652.8,1055.64,3.5,1.48, , 
,1057.06,2016,81.0,2.0,11101001,1057.42,2048,59.2,8.24,673.2,1056.69,4.3,1.48, , 
,1058.12,2048,81.0,1.2,11101001,1058.48,2080,59.2,8.24,673.2,1057.76,1.2,1.41, , 
,1059.20,2080,81.0,0.4,11101001,1059.53,2112,59.2,8.24,673.2,1058.83,0.8,1.52, , 
,1060.21,2112,81.0,0.4,11101001,1060.57,2144,59.2,8.24,673.2,1059.86,0.0,1.48, , 
,1061.26,2144,81.0,0.0,11101001,1061.61,2144,59.2,8.24,673.2,1060.92,0.0,1.52, , 
,1062.27,2176,81.0,0.4,11101001,1062.62,2176,57.6,8.24,652.8,1061.94,0.4,1.48, , 
,1063.32,2176,81.0,1.6,11101001,1063.67,2208,57.6,8.24,652.8,1062.96,1.2,1.48, , 
,1064.36,2208,81.0,1.6,11101001,1064.69,2208,57.6,8.24,652.8,1064.01,2.3,1.45, , 
,1065.36,2240,81.0,3.1,11101001,1065.69,2240,56.1,8.24,652.8,1065.02,2.0,1.45, , 
,1066.36,2240,81.0,2.7,11101001,1066.69,2272,57.6,8.24,652.8,1066.02,3.5,1.52, , 
,1067.36,2272,81.0,-0.4,11101001,1067.69,2272,57.6,8.24,652.8,1067.02,-0.8,1.41, , 
,1068.37,2304,81.0,-0.8,11101001,1068.70,2304,72.2,10.30,795.6,1068.02,-0.4,1.52, , 
,1069.36,2336,81.0,-3.5,11101001,1069.68,2336,72.2,10.30,795.6,1069.03,0.0,1.25, , 
,1070.39,2368,81.0,-7.0,11101001,1070.71,2368,69.4,9.27,775.2,1070.02,-6.6,1.37, , 
,1071.42,2400,81.0,-9.8,11101001,1071.77,2432,69.4,9.27,754.8,1071.08,-8.6,1.48, , 
,1072.47,2432,81.0,-9.4,11101001,1072.84,2432,63.5,8.24,714.0,1072.12,-9.4,1.52, , 
,1073.55,2464,81.0,-3.5,11101001,1073.89,2464,54.5,7.21,632.4,1073.20,-7.0,1.52, , 
,1074.61,2432,81.0,2.7,11101001,1074.95,2432,50.2,7.21,571.2,1074.25,0.0,1.60, , 
,1075.67,2432,81.0,5.9,11101001,1076.01,2432,42.7,6.18,499.8,1075.31,5.9,1.52, , 
,1076.71,2400,81.0,6.3,11101001,1077.06,2400,42.7,6.18,499.8,1076.37,6.6,1.45, , 
,1077.74,2400,81.0,7.0,11101001,1078.07,2400,42.7,6.18,499.8,1077.40,6.3,1.45, , 
,1078.72,2368,81.0,3.1,11101001,1079.05,2368,44.3,6.18,520.2,1078.39,3.1,1.41, , 
,1079.76,2368,81.0,5.1,11101001,1080.09,2368,45.9,6.18,520.2,1079.41,4.3,1.48, , 
,1080.79,2368,81.0,7.0,11101001,1081.14,2368,45.9,6.18,520.2,1080.45,6.6,1.52, , 
,1081.84,2336,81.0,6.6,11101001,1082.18,2336,44.3,6.18,520.2,1081.48,6.6,1.45, , 
,1082.88,2336,81.0,7.0,11101001,1083.23,2336,44.3,6.18,520.2,1082.54,6.6,1.48, , 
,1083.89,2304,81.0,0.0,11101001,1084.20,2272,23.5,3.09,316.2,1083.55,0.0,1.41, , 
,1084.86,2176,81.0,-7.8,11111101,1085.18,2240,16.1,2.06,244.8,1084.53,-7.0,1.17, , 
,1085.87,2176,81.0,0.0,11111101,1086.20,2144,0.0,0.00,244.8,1085.52,0.0,2.34, , 
,1086.86,2080,81.0,0.0,11111101,1087.20,2048,0.0,0.00,244.8,1086.53,0.0,3.87, , 
,1087.90,1984,81.0,0.0,11111101,1088.25,1952,0.0,0.00,244.8,1087.54,0.0,3.91, , 
,1088.93,1888,81.0,0.0,11111111,1089.30,1824,0.0,0.00,295.8,1088.59,0.0,3.91, , 
,1089.97,1760,81.0,0.0,11111111,1090.26,1568,0.0,0.00,316.2,1089.63,0.0,3.95, , 
,1090.84,1216,81.0,0.0,11101011,1091.20,1664,25.1,4.12,357.0,1090.54,0.0,4.02, , 
,1091.94,1600,81.0,0.0,11101011,1092.31,1600,84.3,14.42,948.6,1091.55,0.0,0.74, , 
,1093.04,1600,81.0,0.0,11101011,1093.39,1632,87.1,14.42,989.4,1092.68,0.0,1.09, , 
,1094.11,1664,81.0,-6.3,11101011,1094.46,1664,88.6,13.39,989.4,1093.75,-6.3,1.05, , 
,1095.15,1696,81.0,-11.7,11101011,1095.52,1696,88.6,12.36,989.4,1094.83,-10.9,1.33, , 
,1096.26,1728,81.0,-15.2,11101011,1096.64,1728,88.6,12.36,989.4,1095.88,-14.5,1.45, , 
,1097.36,1760,81.0,-16.0,11101011,1097.72,1792,88.6,11.33,989.4,1096.99,-15.6,1.52, , 
,1098.45,1792,81.0,-16.0,11101011,1098.78,1792,88.6,12.36,989.4,1098.07,-16.0,1.45, , 
,1099.51,1824,81.0,-16.0,11101011,1099.89,1856,88.6,12.36,989.4,1099.15,-15.6,1.52, , 
,1100.64,1888,81.0,-16.4,11101011,1100.99,1920,90.2,12.36,989.4,1100.26,-16.0,1.52, , 
,1101.71,1952,81.0,-16.8,11101011,1102.07,1952,90.2,11.33,989.4,1101.36,-17.2,1.41, , 
,1102.79,2016,81.0,-17.2,11101001,1103.15,2016,90.2,12.36,989.4,1102.43,-16.8,1.45, , 
,1103.84,2080,81.0,-16.0,11101001,1104.20,2112,90.2,12.36,989.4,1103.50,-16.0,1.48, , 
,1104.90,2144,81.0,-16.0,11101001,1105.24,2176,90.2,12.36,989.4,1104.56,-15.6,1.48, , 
,1105.93,2240,81.0,-15.2,11101001,1106.28,2272,90.2,12.36,989.4,1105.59,-15.6,1.48, , 
,1106.93,2304,81.0,-14.8,11101001,1107.26,2304,87.1,11.33,948.6,1106.61,-15.2,1.45, , 
,1107.93,2336,81.0,-15.6,11101001,1108.29,2368,81.2,10.30,887.4,1107.60,-15.2,1.41, , 
,1108.98,2400,81.0,-13.3,11101001,1109.32,2432,75.3,10.30,846.6,1108.64,-14.8,1.52, , 
,1110.01,2464,81.0,0.0,11101001,1110.35,2432,25.1,3.09,336.6,1109.66,0.0,1.48, , 
,1111.04,2432,81.0,-4.7,11111101,1111.37,2368,0.0,0.00,244.8,1110.69,0.0,1.37, , 
,1112.01,2304,81.0,0.0,11111101,1112.34,2272,0.0,0.00,244.8,1111.69,0.0,3.28, , 
,1113.01,2112,82.5,0.0,11111101,1113.36,2048,0.0,0.00,244.8,1112.67,0.0,3.91, , 
,1114.06,1920,81.0,0.0,11111111,1114.42,1888,17.6,3.09,275.4,1113.72,0.0,3.95, , 
,1115.17,1824,82.5,0.0,11101011,1115.54,1824,66.3,10.30,754.8,1114.79,0.0,1.95, , 
,1116.28,1856,81.0,-3.1,11101011,1116.65,1856,69.4,9.27,775.2,1115.90,0.0,1.37, , 
,1117.39,1888,82.5,-5.1,11101011,1117.75,1888,72.2,10.30,826.2,1117.03,-4.7,1.41, , 
,1118.48,1920,81.0,-5.9,11101011,1118.84,1920,69.4,9.27,795.6,1118.11,-5.9,1.48, , 
,1119.58,1920,82.5,0.0,11101011,1119.94,1856,19.2,2.06,275.4,1119.21,0.0,1.45, , 
,1120.65,1888,82.5,10.9,11101011,1120.99,1856,19.2,2.06,275.4,1120.28,0.0,1.95, , 
,1121.71,1760,82.5,-2.7,11101011,1122.07,1728,20.8,2.06,295.8,1121.36,-2.7,1.33, , 
,1122.78,1696,82.5,-6.6,11101011,1123.14,1696,34.1,4.12,418.2,1122.43,-7.0,1.33, , 
,1123.85,1664,82.5,0.0,11101011,1124.20,1664,62.0,9.27,714.0,1123.51,0.0,1.68, , 
,1124.94,1696,82.5,-2.3,11101011,1125.31,1696,57.6,8.24,673.2,1124.55,0.0,1.25, , 
,1126.03,1696,82.5,0.0,11101011,1126.37,1696,23.5,3.09,336.6,1125.65,0.0,1.48, , 
,1127.09,1696,82.5,-0.8,11101011,1127.42,1696,38.4,5.15,459.0,1126.70,0.8,1.52, , 
,1128.15,1696,82.5,0.4,11101011,1128.49,1728,42.7,6.18,520.2,1127.79,-1.2,1.45, , 
,1129.18,1728,81.0,0.0,11101011,1129.53,1696,22.0,3.09,316.2,1128.84,0.8,1.52, , 
,1130.26,1696,82.5,-3.1,11101011,1130.59,1664,20.8,2.06,316.2,1129.90,0.0,1.41, , 
,1131.27,1632,82.5,-7.8,11101011,1131.62,1632,22.0,2.06,316.2,1130.93,-6.3,1.33, , 
,1132.34,1632,82.5,-11.3,11101011,1132.69,1600,22.0,2.06,316.2,1131.98,-11.3,1.33, , 
,1133.40,1600,81.0,-8.2,11101011,1133.75,1568,22.0,2.06,316.2,1133.06,-9.0,1.45, , 
,1134.46,1568,82.5,-4.7,11101011,1134.80,1536,23.5,2.06,336.6,1134.10,-9.0,1.52, , 
,1135.48,1536,82.5,1.2,11101011,1135.81,1536,35.3,4.12,438.6,1135.15,-2.7,1.60, , 
,1136.46,1536,81.0,3.1,11101011,1136.88,1536,32.5,4.12,438.6,1136.13,2.3,1.60, , 
,1137.59,1120,82.5,0.0,11101011,1137.94,2112,25.1,3.09,336.6,1137.21,0.0,2.66, , 
,1138.64,1952,82.5,0.0,11101011,1139.00,2016,20.8,2.06,295.8,1138.28,0.0,0.90, , 
,1139.72,1952,81.0,-3.9,11101011,1140.07,1952,34.1,4.12,418.2,1139.35,-4.7,1.29, , 
,1140.80,1984,81.0,2.7,11101011,1141.17,1984,41.2,5.15,499.8,1140.43,-0.4,1.64, , 
,1141.89,1984,81.0,6.3,11101001,1142.26,2016,34.1,4.12,438.6,1141.52,5.5,1.60, , 
,1142.98,2016,81.0,1.6,11101001,1143.34,1984,29.4,3.09,397.8,1142.63,3.1,1.25, , 
,1144.04,1984,81.0,-1.2,11101001,1144.40,1984,31.0,3.09,397.8,1143.70,-0.4,1.41, , 
,1145.12,1984,82.5,-0.8,11101001,1145.47,2016,47.1,6.18,550.8,1144.76,-2.0,1.45, , 
,1146.18,2048,81.0,4.3,11101001,1146.52,2048,48.6,6.18,571.2,1145.83,0.0,1.64, , 
,1147.23,2080,81.0,10.2,11101001,1147.57,2080,26.7,3.09,357.0,1146.88,9.0,1.64, , 
,1148.27,2048,81.0,-1.2,11101001,1148.63,2048,25.1,3.09,336.6,1147.92,0.0,1.56, , 
,1149.36,2016,81.0,-1.6,11101001,1149.70,2016,40.0,5.15,479.4,1149.01,-2.0,1.45, , 
,1150.38,2048,81.0,7.0,11101001,1150.75,2048,42.7,5.15,520.2,1150.04,3.5,1.72, , 
,1151.43,2080,82.5,11.7,11101001,1151.77,2112,42.7,6.18,499.8,1151.09,10.9,1.60, , 
,1152.49,2112,81.0,13.3,11101001,1152.84,2144,38.4,5.15,479.4,1152.13,13.7,1.52, , 
,1153.52,2144,81.0,11.7,11101001,1153.86,2144,28.2,4.12,357.0,1153.16,13.7,1.41, , 
,1154.54,2144,81.0,3.1,11101001,1154.89,2144,26.7,3.09,357.0,1154.21,5.5,1.17, , 
,1155.56,2112,81.0,-0.4,11101001,1155.90,2144,14.9,2.06,244.8,1155.23,1.2,1.37, , 
,1156.60,2048,81.0,8.6,11111101,1156.96,2016,16.1,2.06,244.8,1156.25,9.0,1.72, , 
,1157.67,1952,81.0,0.0,11111111,1158.04,1920,0.0,0.00,275.4,1157.32,9.0,1.52, , 
,1158.76,1856,81.0,0.0,11111111,1159.12,1824,19.2,3.09,275.4,1158.41,0.0,3.83, , 
,1159.82,1792,81.0,0.0,11101011,1160.15,1824,32.5,4.12,418.2,1159.45,0.0,1.33, , 
,1160.91,1824,81.0,7.4,11101011,1161.28,1824,40.0,5.15,499.8,1160.54,5.1,1.68, , 
,1162.01,1856,81.0,12.5,11101011,1162.39,1856,40.0,5.15,479.4,1161.64,11.7,1.60, , 
,1163.10,1888,81.0,14.1,11101011,1163.46,1888,36.9,5.15,459.0,1162.74,13.3,1.48, , 
,1164.19,1920,81.0,-0.4,11101011,1164.55,1920,41.2,5.15,499.8,1163.82,13.3,1.41, , 
,1165.26,1984,81.0,3.9,11101011,1165.63,2016,50.2,7.21,591.6,1164.90,1.6,1.48, , 
,1166.35,2016,81.0,0.0,11101001,1166.72,1952,16.1,2.06,244.8,1166.00,0.0,1.48, , 
,1167.43,1952,81.0,12.9,11101011,1167.79,1984,19.2,3.09,275.4,1167.07,10.2,1.99, , 
,1168.51,1952,81.0,-2.7,11101011,1168.88,1952,32.5,4.12,418.2,1168.15,-1.6,1.05, , 
,1169.59,1984,81.0,-1.6,11101011,1169.95,1984,48.6,6.18,571.2,1169.25,-3.5,1.48, , 
,1170.64,2016,81.0,-2.0,11101001,1170.98,2048,48.6,6.18,571.2,1170.29,-2.0,1.45, , 
,1171.68,2080,81.0,1.2,11101001,1172.03,2112,47.1,6.18,550.8,1171.32,0.4,1.56, , 
,1172.69,2144,81.0,2.7,11101001,1173.02,2176,45.9,6.18,550.8,1172.36,2.3,1.48, , 
,1173.70,2208,81.0,2.3,11101001,1174.03,2208,38.4,5.15,459.0,1173.36,2.7,1.48, , 
,1174.70,2240,81.0,1.6,11101001,1175.03,2240,32.5,4.12,418.2,1174.35,2.0,1.48, , 
,1175.69,2240,81.0,-6.3,11101001,1176.02,2240,25.1,3.09,336.6,1175.37,-3.1,1.21, , 
,1176.70,2240,81.0,-9.8,11101001,1177.03,2240,31.0,4.12,377.4,1176.35,-8.6,1.41, , 
,1177.69,2240,81.0,-9.4,11101001,1178.01,2272,34.1,4.12,418.2,1177.36,-9.4,1.56, , 
,1178.68,2272,81.0,-7.8,11101001,1179.01,2272,31.0,4.12,397.8,1178.34,-7.8,1.56, , 
,1179.69,2272,81.0,-6.3,11101001,1180.02,2272,28.2,3.09,357.0,1179.35,-7.8,1.45, , 
,1180.71,2272,81.0,-7.8,11101001,1181.05,2272,28.2,3.09,357.0,1180.37,-7.8,1.45, , 
,1181.72,2272,81.0,-9.8,11101001,1182.05,2272,35.3,4.12,438.6,1181.38,-9.4,1.48, , 
,1182.73,2304,81.0,-2.0,11101001,1183.06,2272,35.3,5.15,438.6,1182.38,-3.1,1.60, , 
,1183.74,2304,81.0,0.0,11101001,1184.10,2304,35.3,5.15,438.6,1183.40,-0.4,1.48, , 
,1184.83,2336,81.0,0.4,11101001,1185.16,2336,38.4,5.15,459.0,1184.47,0.4,1.52, , 
,1185.85,2336,81.0,5.1,11101001,1186.21,2336,41.2,6.18,499.8,1185.51,3.9,1.52, , 
,1186.91,2336,82.5,5.9,11101001,1187.26,2368,40.0,5.15,479.4,1186.55,5.5,1.45, , 
,1187.95,2368,82.5,5.9,11101001,1188.30,2400,50.2,7.21,571.2,1187.62,5.9,1.45, , 
,1189.03,2432,81.0,6.6,11101001,1189.37,2464,51.8,7.21,591.6,1188.68,7.0,1.41, , 
,1190.07,2496,81.0,4.3,11101001,1190.41,2528,51.8,7.21,591.6,1189.72,4.3,1.45, , 
,1191.08,2560,81.0,4.3,11101001,1191.40,2560,50.2,7.21,571.2,1190.75,3.5,1.41, , 
,1192.11,2592,81.0,4.3,11101001,1192.44,2592,48.6,7.21,571.2,1191.74,4.3,1.48, , 
,1193.16,2624,81.0,3.9,11101001,1193.51,2656,48.6,7.21,571.2,1192.80,5.1,1.52, , 
,1194.19,2656,81.0,4.3,11101001,1194.53,2688,48.6,7.21,550.8,1193.85,4.7,1.45, , 
,1195.22,2720,81.0,2.0,11101001,1195.56,2720,62.0,9.27,693.6,1194.89,5.1,1.48, , 
,1196.20,2592,81.0,0.0,11111101,1196.56,2112,0.0,0.00,295.8,1195.89,-3.1,1.37, , 
,1197.29,1984,81.0,0.0,11101001,1197.64,2016,69.4,10.30,775.2,1196.93,0.0,3.83, , 
,1198.34,2048,81.0,0.0,11101001,1198.70,2080,82.7,13.39,907.8,1197.98,0.0,1.33, , 
,1199.38,2112,82.5,-8.6,11101001,1199.73,2144,81.2,11.33,907.8,1199.04,-5.1,1.25, , 
,1200.41,2176,82.5,-12.5,11101001,1200.75,2208,81.2,11.33,907.8,1200.07,-11.3,1.41, , 
,1201.41,2240,82.5,-12.9,11101001,1201.75,2272,81.2,11.33,887.4,1201.08,-13.3,1.52, , 
,1202.42,2336,82.5,-12.9,11101001,1202.76,2368,79.6,11.33,887.4,1202.07,-12.9,1.48, , 
,1203.46,2400,82.5,-10.9,11101001,1203.82,2432,78.4,10.30,867.0,1203.11,-11.3,1.56, , 
,1204.54,2432,82.5,0.0,11101001,1204.90,2464,67.8,9.27,754.8,1204.17,0.0,1.37, , 
,1205.61,2496,82.5,-6.6,11101001,1205.93,2496,72.2,9.27,795.6,1205.26,-5.5,1.37, , 
,1206.63,2528,82.5,-9.8,11101001,1206.98,2560,56.1,7.21,652.8,1206.27,-8.6,1.45, , 
,1207.67,2560,82.5,1.6,11101001,1207.99,2560,47.1,6.18,550.8,1207.33,0.0,1.52, , 
,1208.68,2592,82.5,4.3,11101001,1209.03,2624,48.6,7.21,571.2,1208.35,3.1,1.56, , 
,1209.71,2624,82.5,2.7,11101001,1210.03,2528,0.0,0.00,357.0,1209.37,2.7,1.33, , 
,1210.68,1568,82.5,0.0,11111111,1211.04,1152,25.1,4.12,357.0,1210.39,0.0,3.71, , 
,1211.75,2016,82.5,0.0,11101001,1212.10,2016,35.3,5.15,438.6,1211.41,0.0,1.76, , 
,1212.79,2048,82.5,0.0,11101001,1213.14,2048,44.3,6.18,520.2,1212.45,0.0,1.33, , 
,1213.82,2048,82.5,0.0,11101001,1214.18,2080,60.4,8.24,693.6,1213.47,2.3,1.60, , 
,1214.89,2112,82.5,-3.5,11101001,1215.22,2080,45.9,6.18,571.2,1214.54,-4.3,1.29, , 
,1215.91,2112,82.5,-0.4,11101001,1216.27,2112,36.9,5.15,459.0,1215.55,0.0,1.60, , 
,1217.00,2112,82.5,-2.0,11101001,1217.33,2112,36.9,5.15,459.0,1216.63,-2.0,1.45, , 
,1217.99,2112,82.5,-2.7,11101001,1218.34,2112,36.9,5.15,459.0,1217.67,-2.3,1.45, , 
,1219.03,2144,82.5,-4.3,11101001,1219.38,2144,34.1,4.12,438.6,1218.69,-3.1,1.52, , 
,1220.11,2144,82.5,-7.8,11101001,1220.46,2112,20.8,2.06,295.8,1219.74,-5.1,1.41, , 
,1221.15,2112,82.5,-12.5,11101001,1221.49,2144,19.2,2.06,275.4,1220.81,-12.9,1.25, , 
,1222.21,2112,82.5,2.3,11101001,1222.56,2080,16.1,2.06,244.8,1221.85,-2.3,1.99, , 
,1223.26,2080,82.5,3.1,11101001,1223.61,2080,14.9,2.06,244.8,1222.91,8.2,1.88, , 
,1224.30,2048,82.5,4.7,11101001,1224.67,2048,14.9,2.06,244.8,1223.96,4.7,1.41, , 
,1225.35,2048,82.5,6.6,11101001,1225.71,2016,14.9,2.06,244.8,1225.02,6.3,1.41, , 
,1226.43,2016,82.5,8.6,11101001,1226.79,1984,14.9,2.06,244.8,1226.08,10.2,1.72, , 
,1227.51,1984,82.5,8.6,11101011,1227.87,1984,14.9,2.06,244.8,1227.15,17.2,1.84, , 
,1228.62,1952,82.5,9.4,11101011,1228.99,1920,16.1,2.06,244.8,1228.24,10.9,1.56, , 
,1229.75,1920,82.5,0.8,11111111,1230.09,1888,0.0,0.00,275.4,1229.37,8.2,1.37, , 
,1230.78,1888,82.5,0.0,11111111,1231.15,1856,0.0,0.00,295.8,1230.44,0.0,3.32, , 
,1231.84,1824,82.5,0.0,11111111,1232.18,1792,0.0,0.00,295.8,1231.51,0.0,3.91, , 
,1232.78,1760,81.0,0.0,11111111,1233.12,1760,0.0,0.00,316.2,1232.48,0.0,3.98, , 
,1233.77,1728,82.5,0.0,11111111,1234.14,1728,22.0,3.09,316.2,1233.45,0.0,3.98, , 
,1234.80,1696,82.5,0.0,11101011,1235.13,1696,20.8,3.09,295.8,1234.48,0.0,2.70, , 
,1235.81,1664,81.0,-1.6,11101011,1236.14,1664,48.6,8.24,571.2,1235.47,0.0,0.94, , 
,1236.86,1696,81.0,0.0,11101011,1237.23,1696,65.1,9.27,734.4,1236.51,0.0,1.37, , 
,1237.92,1728,81.0,-2.7,11101011,1238.26,1728,67.8,9.27,775.2,1237.58,-1.2,1.41, , 
,1238.98,1760,81.0,0.0,11111111,1239.33,1728,26.7,3.09,357.0,1238.62,-5.1,1.41, , 
,1240.04,1728,81.0,1.6,11111111,1240.37,1696,0.0,0.00,316.2,1239.70,0.0,1.64, , 
,1241.02,1696,81.0,0.0,11111111,1241.36,1664,0.0,0.00,316.2,1240.68,0.0,3.09, , 
,1242.02,1632,81.0,0.0,11111111,1242.35,1632,20.8,3.09,295.8,1241.68,0.0,3.98, , 
,1243.06,1632,81.0,0.0,11101011,1243.42,1632,20.8,3.09,316.2,1242.71,0.0,1.25, , 
,1244.17,1600,81.0,-3.5,11101011,1244.55,1600,31.0,4.12,397.8,1243.79,-5.1,1.17, , 
,1245.24,1600,81.0,0.0,11101011,1245.59,1600,40.0,5.15,499.8,1244.89,-0.4,1.60, , 
,1246.31,1600,81.0,0.0,11111111,1246.66,1600,22.0,3.09,316.2,1245.97,1.2,1.56, , 
,1247.30,1568,81.0,-0.4,11101011,1247.68,1632,32.5,4.12,418.2,1246.96,-0.4,1.45, , 
,1248.41,1568,81.0,0.0,11101011,1248.76,1568,36.9,5.15,479.4,1248.03,0.0,1.48, , 
,1249.51,1600,81.0,0.0,11101011,1249.85,1600,57.6,8.24,673.2,1249.13,2.0,1.56, , 
,1250.59,1600,81.0,-2.0,11101011,1250.96,1600,54.5,7.21,652.8,1250.23,-2.3,1.37, , 
,1251.68,1632,81.0,0.0,11101011,1252.02,1632,35.3,4.12,438.6,1251.33,0.0,1.52, , 
,1252.70,1632,81.0,-0.4,11101011,1253.05,1600,35.3,4.12,438.6,1252.37,-0.4,1.48, , 
,1253.76,1600,81.0,0.0,11101011,1254.11,1600,42.7,6.18,520.2,1253.41,-0.8,1.48, , 
,1254.80,1632,81.0,2.7,11101011,1255.13,1632,42.7,6.18,520.2,1254.47,2.0,1.56, , 
,1255.86,1632,81.0,4.7,11101011,1256.19,1632,34.1,4.12,438.6,1255.50,4.3,1.52, , 
,1256.88,1632,81.0,4.7,11101011,1257.25,1632,26.7,3.09,357.0,1256.52,5.9,1.48, , 
,1257.93,1632,81.0,1.6,11101011,1258.27,1600,35.3,5.15,459.0,1257.60,0.4,1.33, , 
,1259.00,1600,81.0,0.8,11101011,1259.32,1632,47.1,7.21,571.2,1258.65,1.2,1.45, , 
,1260.01,1632,81.0,0.0,11101011,1260.36,1632,47.1,6.18,571.2,1259.66,0.0,1.48, , 
,1261.03,1632,81.0,0.0,11101011,1261.38,1632,38.4,4.12,499.8,1260.69,0.0,1.56, , 
,1262.10,1632,81.0,0.0,11111111,1262.44,1600,22.0,3.09,316.2,1261.74,0.0,1.56, , 
,1263.13,1600,81.0,-3.9,11101011,1263.50,1600,26.7,3.09,357.0,1262.77,-3.1,1.37, , 
,1264.21,1600,81.0,-0.8,11101011,1264.56,1600,36.9,5.15,459.0,1263.84,-1.6,1.56, , 
,1265.25,1600,81.0,0.0,11101011,1265.60,1600,45.9,6.18,550.8,1264.90,0.0,1.56, , 
,1266.33,1632,81.0,1.6,11101011,1266.70,1600,29.4,3.09,397.8,1265.96,1.2,1.52, , 
,1267.40,1600,81.0,-0.8,11111111,1267.74,1632,22.0,3.09,316.2,1267.06,0.0,1.52, , 
,1268.47,1600,81.0,-2.0,11111111,1268.80,1568,22.0,3.09,316.2,1268.11,-3.1,1.41, , 
,1269.52,1504,81.0,-0.8,11111111,1269.89,1504,20.8,3.09,316.2,1269.19,-1.2,1.52, , 
,1270.51,1536,81.0,-0.8,11101011,1270.86,1504,23.5,3.09,336.6,1270.22,-1.2,1.48, , 
,1271.55,1504,81.0,-1.2,11101011,1271.91,1504,23.5,3.09,336.6,1271.26,-1.2,1.45, , 
,1272.77,1504,81.0,-2.7,11101011,1273.21,1504,23.5,3.09,336.6,1272.35,-2.7,1.41, , 
,1274.13,1472,79.5,-3.9,11101011,1274.41,1472,23.5,3.09,336.6,1273.67,-2.7,1.48, , 
,1275.12,1472,79.5,-3.9,11101011,1275.53,1472,28.2,3.09,377.4,1274.82,-4.3,1.48, , 
,1276.21,1472,81.0,-3.9,11101011,1276.55,1440,28.2,3.09,377.4,1275.90,-3.1,1.48, , 
,1277.25,1440,81.0,-5.1,11101011,1277.58,1440,28.2,3.09,377.4,1276.91,-4.7,1.45, , 
,1278.25,1440,81.0,-6.3,11101011,1278.58,1440,31.0,4.12,397.8,1277.90,-5.5,1.45, , 
,1279.27,1440,81.0,-5.5,11101011,1279.64,1440,34.1,4.12,438.6,1278.93,-5.5,1.52, , 
,1280.31,1440,81.0,-5.9,11101011,1280.66,1440,25.1,3.09,336.6,1279.98,-5.5,1.52, , 
,1281.33,1408,79.5,-7.4,11101011,1281.68,1440,22.0,2.06,316.2,1281.00,-7.4,1.48, , 
,1282.36,1408,81.0,-11.7,11101011,1282.67,1408,22.0,2.06,316.2,1282.01,-10.5,1.37, , 
,1283.39,1376,81.0,-9.0,11101011,1283.76,1408,29.4,4.12,397.8,1283.02,-10.5,1.48, , 
,1284.44,1408,81.0,0.0,11101011,1284.73,1440,87.1,15.45,989.4,1284.13,-3.1,1.68, , 
,1285.42,1472,79.5,0.0,11101011,1285.73,1504,87.1,14.42,989.4,1285.06,0.0,0.70, , 
,1286.45,1536,79.5,0.0,11101011,1286.80,1600,87.1,13.39,989.4,1286.09,0.0,0.90, , 
,1287.51,1632,79.5,-10.2,11101011,1287.87,1664,88.6,12.36,989.4,1287.16,-8.6,1.25, , 
,1288.59,1728,79.5,-14.8,11101011,1288.98,1760,88.6,11.33,989.4,1288.23,-12.9,1.37, , 
,1289.71,1824,79.5,-16.8,11101011,1290.08,1856,90.2,12.36,989.4,1289.36,-16.4,1.48, , 
,1290.79,1920,79.5,-16.8,11101011,1291.16,1952,90.2,11.33,989.4,1290.44,-16.0,1.56, , 
,1291.86,2016,81.0,-14.5,11101001,1292.21,2016,35.3,3.09,459.0,1291.50,-14.5,1.56, , 
,1292.92,2080,81.0,0.0,11111101,1293.26,2048,0.0,0.00,244.8,1292.56,0.0,1.56, , 
,1293.95,2016,81.0,0.0,11111101,1294.31,1984,0.0,0.00,244.8,1293.61,0.0,3.20, , 
,1295.03,1984,79.5,0.0,11111101,1295.37,1984,0.0,0.00,244.8,1294.67,0.0,3.91, , 
,1296.07,1952,79.5,0.0,11111111,1296.43,1952,0.0,0.00,244.8,1295.71,0.0,3.95, , 
,1297.12,1952,79.5,0.0,11111111,1297.47,1952,0.0,0.00,275.4,1296.77,0.0,3.91, , 
,1298.18,1952,81.0,0.0,11111111,1298.53,1920,0.0,0.00,275.4,1297.81,0.0,3.91, , 
,1299.24,1920,81.0,0.0,11111111,1299.61,1920,0.0,0.00,275.4,1298.89,0.0,3.91, , 
,1300.28,1856,79.5,0.0,11111111,1300.58,1792,0.0,0.00,295.8,1299.94,0.0,3.95, , 
,1301.25,1696,79.5,0.0,11111111,1301.60,1664,0.0,0.00,316.2,1300.90,0.0,3.95, , 
,1302.31,1568,79.5,0.0,11111111,1302.62,1568,0.0,0.00,316.2,1301.97,0.0,3.95, , 
,1303.30,1536,81.0,0.0,11111111,1303.61,1536,0.0,0.00,316.2,1302.97,0.0,3.98, , 
,1304.47,1472,79.5,0.0,11111111,1304.76,1472,0.0,0.00,336.6,1304.03,0.0,3.98, , 
,1305.46,1440,79.5,0.0,11111111,1305.78,1408,0.0,0.00,336.6,1305.10,0.0,3.98, , 
,1306.42,1376,79.5,0.0,11111111,1306.72,1344,0.0,0.00,336.6,1306.09,0.0,3.98, , 
,1307.35,1312,79.5,0.0,11111111,1307.69,1312,0.0,0.00,336.6,1307.04,0.0,3.95, , 
,1308.31,1280,79.5,0.0,11111111,1308.65,1248,23.5,3.09,336.6,1307.99,0.0,3.98, , 
,1309.26,1280,79.5,0.0,11111111,1309.57,1152,25.1,3.09,357.0,1308.97,0.0,1.33, , 
,1310.20,864,79.5,0.0,11111111,1310.50,896,28.2,3.09,397.8,1309.89,0.0,1.17, , 
,1311.16,992,79.5,-0.8,11111111,1311.52,1248,22.0,3.09,336.6,1310.82,-0.8,1.41, , 
,1312.18,1632,79.5,0.0,11111111,1312.51,1632,0.0,0.00,336.6,1311.86,0.0,1.56, , 
,1313.21,1600,79.5,0.0,11111111,1313.55,1600,0.0,0.00,316.2,1312.85,0.0,3.95, , 
,1314.15,960,79.5,0.0,11111111,1314.51,960,29.4,5.15,418.2,1313.85,0.0,3.98, , 
,1315.13,960,79.5,0.0,11111111,1315.45,896,26.7,3.09,377.4,1314.83,0.0,1.76, , 
,1316.04,864,79.5,0.0,11111111,1316.35,864,28.2,3.09,397.8,1315.75,0.0,0.70, , 
,1316.97,864,79.5,0.0,11111111,1317.28,896,29.4,4.12,418.2,1316.67,-0.4,1.45, , 
,1317.87,864,79.5,2.0,11111111,1318.19,896,28.2,4.12,418.2,1317.58,1.2,1.56, , 
,1318.78,896,79.5,3.9,11111111,1319.08,896,28.2,4.12,397.8,1318.48,3.5,1.56, , 
,1319.70,896,79.5,4.7,11111110,1320.00,896,28.2,4.12,397.8,1319.39,4.3,1.52, , 
,1320.60,896,79.5,4.7,11111110,1320.90,896,28.2,4.12,397.8,1320.30,4.7,1.48, , 
,1321.54,896,79.5,4.7,11111110,1321.86,896,28.2,4.12,397.8,1321.22,4.7,1.45, , 
,1322.46,896,79.5,5.1,11111111,1322.76,896,28.2,4.12,397.8,1322.15,5.1,1.48, , 
,1323.40,896,79.5,5.1,11111111,1323.72,928,28.2,4.12,397.8,1323.08,5.1,1.48, , 
,1324.31,896,79.5,8.2,11101010,1324.61,960,40.0,6.18,499.8,1323.99,6.6,1.48, , 
,1325.26,1216,79.5,0.0,11101010,1325.59,1216,53.3,8.24,632.4,1324.93,0.0,1.60, , 
,1326.28,1408,79.5,0.0,11101010,1326.63,1504,51.8,7.21,632.4,1325.92,0.0,1.48, , 
,1327.38,1664,79.5,3.5,11101011,1327.76,1792,62.0,9.27,714.0,1327.01,2.0,1.56, , 
,1328.49,2048,79.5,-2.0,11101001,1328.84,2176,66.3,9.27,734.4,1328.13,0.0,1.21, , 
,1329.51,2432,79.5,-4.3,11101000,1329.85,2528,66.3,9.27,734.4,1329.16,-4.3,1.41, , 
,1330.52,1984,79.5,0.0,11111111,1330.86,1504,0.0,0.00,316.2,1330.18,0.0,1.56, , 
,1331.55,1728,79.5,0.0,11101010,1331.89,1728,26.7,3.09,357.0,1331.19,0.0,3.59, , 
,1332.59,1792,79.5,0.0,11101010,1332.93,1824,50.2,7.21,591.6,1332.24,0.0,1.25, , 
,1333.66,1888,79.5,4.7,11101010,1334.03,1920,45.9,6.18,550.8,1333.30,2.7,1.60, , 
,1334.76,1984,79.5,7.4,11101010,1335.11,2016,42.7,6.18,520.2,1334.40,7.4,1.56, , 
,1335.79,2080,79.5,7.8,11101000,1336.13,2080,42.7,6.18,499.8,1335.45,8.2,1.45, , 
,1336.85,2144,79.5,3.9,11101000,1337.19,2176,41.2,6.18,499.8,1336.49,7.0,1.41, , 
,1337.87,2208,79.5,3.1,11101001,1338.21,2240,40.0,5.15,479.4,1337.52,3.9,1.45, , 
,1338.88,2272,79.5,-1.6,11101000,1339.22,2272,29.4,4.12,377.4,1338.54,2.3,1.45, , 
,1339.90,2304,79.5,-6.6,11101000,1340.23,2336,31.0,4.12,397.8,1339.56,-5.5,1.33, , 
,1340.90,2368,79.5,-7.4,11101000,1341.24,2368,31.0,4.12,397.8,1340.56,-7.4,1.48, , 
,1341.90,2400,79.5,-5.5,11101001,1342.24,2432,32.5,4.12,397.8,1341.56,-6.6,1.56, , 
,1342.92,2464,79.5,-3.1,11101001,1343.27,2496,42.7,6.18,499.8,1342.58,-4.3,1.48, , 
,1343.95,2560,79.5,1.2,11101001,1344.30,2560,47.1,6.18,550.8,1343.60,-0.8,1.52, , 
,1344.97,2656,79.5,5.5,11101001,1345.29,2656,50.2,7.21,591.6,1344.63,3.9,1.56, , 
,1345.95,2752,79.5,5.1,11101001,1346.29,2784,48.6,7.21,571.2,1345.61,4.7,1.37, , 
,1347.00,2848,79.5,6.3,11101001,1347.35,2880,45.9,6.18,520.2,1346.62,5.5,1.45, , 
,1348.03,1952,79.5,0.0,11111111,1348.34,1472,0.0,0.00,316.2,1347.68,0.0,3.36, , 
,1349.00,992,79.5,0.0,11111111,1349.29,896,25.1,3.09,357.0,1348.67,0.0,3.87, , 
,1349.96,928,79.5,0.0,11111111,1350.28,1024,25.1,3.09,357.0,1349.60,0.0,1.25, , 
,1350.86,960,79.5,0.0,11111111,1351.17,928,25.1,3.09,377.4,1350.55,0.0,1.09, , 
,1351.79,928,81.0,-0.8,11111111,1352.11,928,25.1,3.09,377.4,1351.49,-1.2,1.45, , 
,1352.71,928,81.0,-0.4,11111111,1353.00,896,25.1,3.09,377.4,1352.41,-0.4,1.48, , 
,1353.57,864,81.0,-0.4,11111111,1353.89,864,25.1,3.09,377.4,1353.29,-0.4,1.45, , 
,1354.50,864,81.0,0.0,11111111,1354.80,864,26.7,3.09,377.4,1354.19,-0.4,1.48, , 
,1355.40,896,81.0,0.4,11111111,1355.70,896,26.7,3.09,377.4,1355.09,0.4,1.48, , 
,1356.29,896,81.0,0.4,11111111,1356.60,896,26.7,3.09,377.4,1355.99,0.4,1.48, , 
,1357.21,864,81.0,0.8,11111111,1357.52,864,26.7,3.09,397.8,1356.90,0.8,1.48, , 
,1358.14,896,81.0,1.2,11111111,1358.45,896,26.7,3.09,397.8,1357.83,1.2,1.48, , 
,1359.06,896,81.0,1.2,11111111,1359.36,864,26.7,3.09,397.8,1358.75,1.2,1.45, , 
,1360.01,896,81.0,1.6,11111111,1360.32,896,26.7,3.09,397.8,1359.68,1.6,1.48, , 
,1360.92,864,81.0,2.3,11111111,1361.22,896,26.7,3.09,397.8,1360.62,2.0,1.52, , 
,1361.83,864,81.0,2.0,11111111,1362.14,896,26.7,3.09,397.8,1361.53,2.3,1.45, , 
,1362.73,864,81.0,1.2,11111111,1363.03,896,26.7,3.09,397.8,1362.45,1.6,1.41, , 
,1363.63,864,82.5,1.2,11111111,1363.95,864,28.2,3.09,397.8,1363.32,1.2,1.45, , 
,1364.57,896,82.5,1.2,11111111,1364.88,864,28.2,4.12,397.8,1364.26,1.2,1.45, , 
,1365.50,864,81.0,0.8,11111111,1365.79,896,28.2,4.12,397.8,1365.20,0.8,1.45, , 
,1366.41,864,82.5,2.0,11111111,1366.71,896,28.2,4.12,397.8,1366.10,1.6,1.52, , 
,1367.33,800,82.5,2.0,11111111,1367.60,768,36.9,5.15,459.0,1367.02,2.3,1.45, , 
,1368.30,1888,82.5,0.0,11101011,1368.66,1952,65.1,10.30,734.4,1367.94,0.0,1.68, , 
,1369.26,1376,82.5,0.0,11101011,1369.62,1664,67.8,10.30,775.2,1368.97,0.0,1.41, , 
,1370.32,2272,82.5,0.0,11111101,1370.70,1664,0.0,0.00,357.0,1369.97,-5.1,1.37, , 
,1371.38,1280,82.5,0.0,11101011,1371.75,1344,41.2,6.18,520.2,1371.04,0.0,3.67, , 
,1372.48,1440,81.0,0.0,11101011,1372.86,1536,56.1,8.24,673.2,1372.09,-0.4,1.45, , 
,1373.57,1728,81.0,-0.8,11101011,1373.94,1792,51.8,7.21,612.0,1373.22,-1.2,1.45, , 
,1374.65,1952,81.0,0.8,11101011,1375.00,2016,44.3,6.18,550.8,1374.30,1.2,1.56, , 
,1375.69,2112,81.0,0.0,11101001,1376.04,2144,47.1,6.18,571.2,1375.34,0.4,1.45, , 
,1376.71,2272,81.0,1.2,11101001,1377.05,2336,50.2,7.21,591.6,1376.38,0.4,1.52, , 
,1377.77,2464,81.0,1.2,11101001,1378.10,2560,51.8,8.24,591.6,1377.41,1.6,1.48, , 
,1378.78,2688,81.0,2.0,11101001,1379.13,2784,56.1,8.24,632.4,1378.44,1.2,1.41, , 
,1379.90,2976,81.0,0.0,11101001,1380.25,2816,0.0,0.00,336.6,1379.49,0.0,1.37, , 
,1380.97,1888,81.0,0.0,11101011,1381.31,2016,26.7,4.12,357.0,1380.60,0.0,3.75, , 
,1382.01,1984,81.0,-3.1,11101011,1382.36,2016,38.4,5.15,479.4,1381.66,0.0,0.59, , 
,1383.05,2048,81.0,-0.8,11101001,1383.39,2048,40.0,5.15,479.4,1382.70,-1.6,1.48, , 
,1384.04,2112,79.5,0.0,11101001,1384.41,2112,53.3,7.21,612.0,1383.72,0.0,1.56, , 
,1385.09,2208,81.0,-1.2,11101001,1385.44,2208,50.2,7.21,591.6,1384.75,-1.6,1.52, , 
,1386.12,2304,81.0,1.6,11101001,1386.46,2304,47.1,7.21,550.8,1385.79,0.8,1.52, , 
,1387.13,2336,81.0,3.5,11101001,1387.48,2368,44.3,6.18,520.2,1386.80,3.9,1.48, , 
,1388.14,2400,81.0,3.5,11101001,1388.50,2400,44.3,6.18,520.2,1387.81,3.5,1.48, , 
,1389.20,2464,81.0,2.7,11101001,1389.54,2464,42.7,6.18,499.8,1388.86,3.1,1.45, , 
,1390.27,2528,81.0,2.0,11101001,1390.60,2528,42.7,6.18,499.8,1389.90,2.0,1.45, , 
,1391.29,2560,81.0,1.2,11101001,1391.62,2592,42.7,6.18,499.8,1390.95,0.8,1.48, , 
,1392.31,2592,81.0,2.3,11101001,1392.66,2624,45.9,6.18,520.2,1391.96,1.2,1.52, , 
,1393.32,2688,81.0,0.8,11101001,1393.65,2752,62.0,9.27,693.6,1393.00,4.3,1.45, , 
,1394.32,2816,81.0,-6.3,11101001,1394.65,2880,81.2,13.39,887.4,1393.99,-3.9,1.41, , 
,1395.27,2976,81.0,-3.9,11101001,1395.58,2976,50.2,5.15,612.0,1394.99,0.0,1.21, , 
,1396.25,2048,81.0,0.0,11111101,1396.57,1536,0.0,0.00,316.2,1395.90,0.0,3.48, , 
,1397.20,2016,81.0,0.0,11101001,1397.55,2176,16.1,2.06,244.8,1396.87,0.0,3.91, , 
,1398.23,2144,81.0,0.0,11101001,1398.59,2112,16.1,2.06,244.8,1397.88,0.0,1.02, , 
,1399.27,2112,81.0,2.0,11101001,1399.61,2080,22.0,3.09,316.2,1398.94,5.5,1.60, , 
,1400.32,2048,81.0,-5.9,11101001,1400.68,2080,23.5,3.09,316.2,1399.97,-4.3,1.29, , 
,1401.35,2080,81.0,-7.8,11101001,1401.70,2080,41.2,5.15,499.8,1401.02,-8.2,1.41, , 
,1402.39,2080,81.0,-6.6,11101001,1402.74,2080,45.9,6.18,550.8,1402.04,-6.3,1.56, , 
,1403.47,2112,82.5,-4.3,11101001,1403.82,2112,45.9,6.18,550.8,1403.10,-5.1,1.52, , 
,1404.50,2144,81.0,1.2,11101001,1404.84,2144,45.9,6.18,550.8,1404.15,0.4,1.52, , 
,1405.53,2144,81.0,4.3,11101001,1405.87,2176,44.3,6.18,520.2,1405.18,3.9,1.52, , 
,1406.54,2176,81.0,3.1,11101001,1406.87,2176,28.2,3.09,377.4,1406.20,3.1,1.41, , 
,1407.54,2176,82.5,-5.1,11101001,1407.89,2176,19.2,2.06,275.4,1407.20,0.0,1.37, , 
,1408.60,2144,81.0,-2.3,11101001,1408.94,2080,19.2,2.06,275.4,1408.24,-7.8,1.29, , 
,1409.63,2080,82.5,-2.3,11111101,1410.01,2080,0.0,0.00,244.8,1409.28,-2.3,1.68, , 
,1410.69,2016,82.5,0.0,11111101,1411.03,2016,0.0,0.00,244.8,1410.36,0.0,3.63, , 
,1411.73,1984,82.5,0.0,11111111,1412.08,1984,16.1,3.09,244.8,1411.37,0.0,3.91, , 
,1412.80,1920,82.5,0.0,11101011,1413.16,1920,22.0,3.09,316.2,1412.43,0.0,1.37, , 
,1413.87,1920,82.5,0.0,11101011,1414.24,1952,60.4,9.27,693.6,1413.51,0.0,1.29, , 
,1414.96,1984,81.0,-2.0,11101001,1415.32,2016,60.4,8.24,693.6,1414.59,0.0,1.33, , 
,1416.03,2048,81.0,-3.5,11101001,1416.39,2048,50.2,6.18,591.6,1415.68,-3.1,1.41, , 
,1417.08,2080,82.5,2.0,11101001,1417.42,2112,41.2,5.15,499.8,1416.73,0.0,1.60, , 
,1418.13,2112,81.0,0.0,11101001,1418.50,2080,19.2,2.06,295.8,1417.77,0.4,1.45, , 
,1419.19,2080,81.0,-0.8,11101001,1419.54,2048,17.6,2.06,275.4,1418.84,-3.5,1.41, , 
,1420.27,2016,81.0,-1.2,11101001,1420.63,2016,17.6,2.06,275.4,1419.90,-2.7,1.33, , 
,1421.36,2016,81.0,-3.1,11101001,1421.68,1984,17.6,2.06,275.4,1420.99,-1.6,1.52, , 
,1422.41,1984,81.0,-5.1,11101011,1422.76,1984,19.2,2.06,295.8,1422.04,-3.1,1.56, , 
,1423.49,1952,81.0,-5.9,11101011,1423.86,1888,20.8,2.06,295.8,1423.13,-8.2,1.29, , 
,1424.60,1888,81.0,-10.2,11101011,1424.98,1856,22.0,2.06,316.2,1424.24,-9.0,1.45, , 
,1425.73,1856,81.0,-10.5,11101011,1426.11,1856,22.0,2.06,316.2,1425.36,-10.9,1.52, , 
,1426.82,1856,81.0,-10.2,11101011,1427.20,1856,25.1,3.09,357.0,1426.47,-9.8,1.52, , 
,1427.94,1824,81.0,-6.6,11101011,1428.30,1824,29.4,3.09,377.4,1427.57,-8.2,1.60, , 
,1429.05,1824,81.0,-2.3,11101011,1429.43,1824,28.2,3.09,377.4,1428.68,-3.1,1.52, , 
,1430.18,1824,81.0,0.0,11101011,1430.55,1824,28.2,3.09,377.4,1429.80,-0.8,1.48, , 
,1431.32,1824,81.0,-1.2,11101011,1431.68,1824,28.2,3.09,377.4,1430.93,-1.2,1.41, , 
,1432.41,1824,81.0,-1.2,11101011,1432.80,1824,28.2,3.09,377.4,1432.05,-1.6,1.48, , 
,1433.54,1856,81.0,2.0,11101011,1433.93,1856,45.9,6.18,550.8,1433.17,0.4,1.52, , 
,1434.66,1888,81.0,8.6,11101011,1435.02,1920,50.2,7.21,591.6,1434.29,6.3,1.52, , 
,1435.74,1952,81.0,0.0,11101011,1436.09,1920,19.2,2.06,275.4,1435.37,0.0,1.45, , 
,1436.82,1920,81.0,0.0,11111111,1437.18,1920,0.0,0.00,275.4,1436.46,1.2,1.56, , 
,1437.90,1888,81.0,0.0,11111111,1438.23,1856,0.0,0.00,275.4,1437.55,0.0,3.79, , 
,1438.93,1856,81.0,0.0,11111111,1439.27,1824,0.0,0.00,295.8,1438.57,0.0,3.98, , 
,1439.97,1824,81.0,0.0,11101011,1440.34,1792,20.8,3.09,295.8,1439.61,0.0,3.98, , 
,1441.03,1792,81.0,0.0,11101011,1441.39,1792,29.4,4.12,397.8,1440.68,0.0,0.74, , 
,1442.13,1824,81.0,0.0,11101011,1442.51,1824,31.0,4.12,397.8,1441.74,-0.8,1.52, , 
,1443.28,1856,81.0,0.4,11101011,1443.65,1856,29.4,4.12,397.8,1442.90,0.4,1.48, , 
,1444.39,1888,81.0,0.0,11101011,1444.76,1888,29.4,3.09,377.4,1444.03,0.4,1.45, , 
,1445.49,1920,81.0,-1.2,11101011,1445.86,1920,26.7,3.09,357.0,1445.13,-0.8,1.45, , 
,1446.57,1952,81.0,-4.7,11101011,1446.94,1952,26.7,3.09,357.0,1446.22,-3.9,1.41, , 
,1447.66,1952,81.0,-5.1,11101011,1448.02,2048,16.1,2.06,244.8,1447.29,-5.1,1.45, , 
,1448.71,1984,81.0,0.0,11111101,1449.05,1952,0.0,0.00,275.4,1448.37,-3.9,1.29, , 
,1449.73,1920,81.0,0.0,11111111,1450.10,1920,0.0,0.00,275.4,1449.39,0.0,3.79, , 
,1450.82,1888,81.0,0.0,11111111,1451.17,1888,0.0,0.00,275.4,1450.46,0.0,3.98, , 
,1451.84,1888,81.0,0.0,11111111,1452.19,1856,0.0,0.00,295.8,1451.51,0.0,3.98, , 
,1452.90,1856,81.0,0.0,11111111,1453.25,1856,0.0,0.00,295.8,1452.56,0.0,4.02, , 
,1453.95,1824,81.0,0.0,11101011,1454.30,1824,19.2,3.09,275.4,1453.62,0.0,3.71, , 
,1454.94,1824,81.0,0.0,11111111,1455.29,1824,0.0,0.00,295.8,1454.61,0.0,0.98, , 
,1456.03,1792,81.0,0.0,11111111,1456.37,1792,0.0,0.00,316.2,1455.63,0.0,3.87, , 
,1457.08,1760,81.0,0.0,11111111,1457.43,1760,0.0,0.00,316.2,1456.74,0.0,3.91, , 
,1458.16,1760,81.0,0.0,11101011,1458.52,1760,31.0,4.12,397.8,1457.79,0.0,3.98, , 
,1459.20,1792,81.0,0.0,11101011,1459.56,1856,32.5,3.09,438.6,1458.83,0.0,1.41, , 
,1460.31,1792,81.0,1.6,11111111,1460.68,1792,0.0,0.00,295.8,1459.93,0.0,1.68, , 
,1461.43,1792,81.0,0.0,11111111,1461.81,1792,20.8,3.09,295.8,1461.04,0.0,3.28, , 
,1462.57,1760,79.5,0.0,11101011,1462.93,1824,65.1,10.30,754.8,1462.19,0.0,1.72, , 
,1463.65,1888,79.5,0.0,11101011,1464.02,1920,62.0,9.27,714.0,1463.28,0.0,1.56, , 
,1464.73,1984,79.5,2.7,11101011,1465.07,1984,59.2,8.24,673.2,1464.37,2.0,1.56, , 
,1465.79,2048,79.5,5.5,11101001,1466.15,2080,57.6,8.24,652.8,1465.43,4.7,1.52, , 
,1466.84,2080,79.5,0.0,11111101,1467.18,2080,16.1,2.06,244.8,1466.49,0.0,1.48, , 
,1467.88,2048,79.5,0.0,11111101,1468.21,2048,0.0,0.00,244.8,1467.53,3.1,1.64, , 
,1468.91,2016,79.5,0.0,11111101,1469.23,2016,0.0,0.00,244.8,1468.57,0.0,3.83, , 
,1469.96,1984,79.5,0.0,11101011,1470.31,1984,26.7,4.12,357.0,1469.58,0.0,3.95, , 
,1471.03,2016,79.5,0.0,11101001,1471.38,2048,54.5,8.24,632.4,1470.67,0.0,1.09, , 
,1472.08,2080,79.5,5.5,11101001,1472.42,2112,54.5,7.21,632.4,1471.73,3.5,1.60, , 
,1473.10,2144,79.5,7.4,11101001,1473.46,2176,51.8,7.21,612.0,1472.74,7.0,1.52, , 
,1474.14,2240,79.5,8.6,11101001,1474.47,2240,48.6,7.21,571.2,1473.81,8.2,1.45, , 
,1475.14,2304,79.5,7.8,11101001,1475.47,2304,48.6,7.21,571.2,1474.80,9.8,1.52, , 
,1476.14,2368,79.5,8.6,11101001,1476.45,2400,72.2,11.33,795.6,1475.79,7.8,1.45, , 
,1477.12,2464,79.5,0.0,11101001,1477.46,2496,88.6,14.42,948.6,1476.79,0.0,1.60, , 
,1478.14,2400,79.5,0.0,11111101,1478.48,1920,0.0,0.00,316.2,1477.80,1.2,1.52, , 
,1479.11,960,79.5,0.0,11101011,1479.45,2112,75.3,12.36,846.6,1478.79,0.0,3.63, , 
,1480.14,2048,79.5,0.0,11101001,1480.48,2016,79.6,12.36,887.4,1479.79,0.0,1.21, , 
,1481.16,2080,79.5,0.0,11101001,1481.50,2080,81.2,12.36,907.8,1480.83,0.0,1.56, , 
,1482.17,2144,79.5,1.6,11101001,1482.50,2144,81.2,12.36,907.8,1481.84,1.2,1.52, , 
,1483.20,2176,79.5,-6.6,11101001,1483.53,2208,79.6,11.33,887.4,1482.85,1.6,1.48, , 
,1484.22,2240,79.5,0.0,11101001,1484.56,2240,25.1,3.09,336.6,1483.87,0.0,1.33, , 
,1485.23,2240,79.5,-3.1,11101001,1485.57,2240,23.5,3.09,336.6,1484.90,-1.6,1.37, , 
,1486.28,2208,79.5,-6.6,11101001,1486.62,2240,23.5,3.09,316.2,1485.93,-5.9,1.37, , 
,1487.30,2208,79.5,-9.0,11101001,1487.65,2208,22.0,3.09,316.2,1486.96,-8.2,1.45, , 
,1488.32,2208,79.5,-0.8,11111101,1488.66,2208,0.0,0.00,244.8,1487.99,-10.5,1.45, , 
,1489.33,2176,81.0,0.0,11111101,1489.66,2176,0.0,0.00,244.8,1488.99,0.0,3.13, , 
,1490.33,2144,81.0,0.0,11101001,1490.66,2144,16.1,2.06,244.8,1489.98,0.0,3.98, , 
,1491.36,2144,81.0,0.0,11101001,1491.70,2144,16.1,2.06,244.8,1490.99,0.0,1.09, , 
,1492.39,2112,81.0,3.9,11111101,1492.71,2112,16.1,2.06,244.8,1492.05,3.1,1.56, , 
,1493.42,2112,81.0,0.0,11111101,1493.75,2080,0.0,0.00,244.8,1493.07,0.0,2.62, , 
,1494.45,2048,81.0,0.0,11111101,1494.81,1984,0.0,0.00,244.8,1494.11,0.0,4.06, , 
,1495.50,1856,81.0,0.0,11111111,1495.87,1856,0.0,0.00,295.8,1495.17,0.0,4.02, , 
,1496.59,1856,81.0,0.0,11101011,1496.93,1856,50.2,8.24,571.2,1496.22,0.0,3.44, , 
,1497.68,1856,81.0,0.0,11101011,1498.06,1888,67.8,10.30,775.2,1497.32,0.0,1.29, , 
,1498.81,1920,81.0,-1.6,11101011,1499.18,1920,67.8,9.27,775.2,1498.44,-0.8,1.45, , 
,1499.90,1952,81.0,0.0,11101011,1500.26,1952,53.3,8.24,591.6,1499.55,-2.3,1.48, , 
,1500.98,1984,81.0,0.0,11101001,1501.34,2016,59.2,8.24,693.6,1500.62,0.0,1.29, , 
,1502.10,2048,81.0,0.0,11111101,1502.47,1920,16.1,2.06,244.8,1501.71,0.0,1.60, , 
,1503.19,1952,81.0,0.0,11101011,1503.54,1984,25.1,3.09,336.6,1502.82,0.0,3.01, , 
,1504.27,1952,81.0,0.0,11101011,1504.62,1952,40.0,5.15,479.4,1503.90,0.0,1.33, , 
,1505.35,1952,81.0,2.0,11101011,1505.71,1952,40.0,5.15,479.4,1504.98,1.2,1.52, , 
,1506.45,1984,81.0,1.6,11101011,1506.81,1984,62.0,9.27,693.6,1506.09,2.7,1.45, , 
,1507.50,2016,81.0,-1.2,11101001,1507.86,2016,62.0,8.24,714.0,1507.16,-1.2,1.41, , 
,1508.55,2048,79.5,-3.5,11101001,1508.90,2048,60.4,8.24,693.6,1508.21,-3.1,1.45, , 
,1509.62,2080,79.5,-1.2,11101001,1509.96,2080,57.6,8.24,652.8,1509.26,-3.1,1.56, , 
,1510.67,2112,81.0,0.4,11101001,1511.01,2112,51.8,7.21,591.6,1510.32,0.0,1.48, , 
,1511.71,2112,79.5,5.1,11101001,1512.07,2112,50.2,7.21,591.6,1511.35,3.5,1.52, , 
,1512.76,2144,81.0,4.7,11101001,1513.10,2144,50.2,7.21,591.6,1512.43,4.3,1.41, , 
,1513.82,2144,79.5,5.1,11101001,1514.18,2144,50.2,7.21,591.6,1513.46,5.1,1.48, , 
,1514.85,2176,81.0,5.5,11101001,1515.18,2176,50.2,7.21,591.6,1514.52,5.1,1.45, , 
,1515.85,2176,81.0,5.5,11101001,1516.19,2176,50.2,7.21,591.6,1515.51,4.7,1.48, , 
,1516.87,2176,81.0,5.9,11101001,1517.21,2176,48.6,7.21,571.2,1516.53,5.9,1.48, , 
,1517.90,2208,81.0,0.0,11111101,1518.25,2176,19.2,2.06,275.4,1517.56,6.6,1.48, , 
,1518.93,2144,79.5,0.0,11111101,1519.26,2144,0.0,0.00,244.8,1518.60,0.4,1.52, , 
,1519.93,2144,81.0,0.0,11111101,1520.29,2144,0.0,0.00,244.8,1519.59,0.0,3.79, , 
,1520.98,2112,81.0,0.0,11101001,1521.33,2080,44.3,6.18,520.2,1520.64,0.0,3.55, , 
,1522.00,2112,81.0,0.0,11101001,1522.35,2144,54.5,8.24,632.4,1521.67,0.0,1.41, , 
,1523.02,2144,81.0,3.1,11101001,1523.35,2144,53.3,7.21,612.0,1522.69,2.0,1.56, , 
,1524.05,2176,81.0,4.3,11101001,1524.40,2176,51.8,7.21,612.0,1523.70,3.5,1.52, , 
,1525.09,2176,81.0,4.7,11101001,1525.42,2176,50.2,7.21,591.6,1524.75,4.7,1.45, , 
,1526.11,2176,81.0,0.0,11101001,1526.45,2176,19.2,2.06,275.4,1525.76,5.5,1.52, , 
,1527.12,2176,81.0,0.0,11111101,1527.46,2144,0.0,0.00,244.8,1526.79,0.0,1.64, , 
,1528.16,2112,81.0,0.0,11101001,1528.49,2112,19.2,2.06,275.4,1527.79,0.0,3.87, , 
,1529.20,2112,81.0,0.0,11101001,1529.55,2112,22.0,3.09,316.2,1528.85,0.0,0.90, , 
,1530.21,2080,81.0,-5.9,11101001,1530.55,2080,38.4,5.15,459.0,1529.88,-5.5,1.37, , 
,1531.23,2080,79.5,-3.1,11101001,1531.58,2080,41.2,5.15,499.8,1530.88,-4.3,1.60, , 
,1532.30,2080,81.0,-0.8,11101001,1532.64,2080,41.2,5.15,479.4,1531.93,-1.2,1.56, , 
,1533.30,2112,81.0,3.5,11101001,1533.65,2112,45.9,6.18,550.8,1532.97,1.6,1.52, , 
,1534.35,2112,81.0,7.4,11101001,1534.70,2112,45.9,6.18,550.8,1534.01,6.3,1.52, , 
,1535.38,2112,81.0,6.6,11101001,1535.73,2112,44.3,6.18,520.2,1535.05,7.0,1.45, , 
,1536.40,2112,81.0,7.0,11101001,1536.74,2112,44.3,6.18,520.2,1536.06,7.0,1.45, , 
,1537.44,2112,81.0,4.3,11101001,1537.79,2112,25.1,3.09,336.6,1537.08,6.6,1.41, , 
,1538.47,2112,81.0,-7.4,11101001,1538.81,2080,20.8,2.06,295.8,1538.13,0.0,1.17, , 
,1539.50,2080,79.5,-8.6,11101001,1539.84,2080,20.8,2.06,295.8,1539.15,-7.8,1.45, , 
,1540.52,2048,81.0,-8.2,11101001,1540.88,2048,20.8,2.06,295.8,1540.17,-10.5,1.48, , 
,1541.56,2016,81.0,-7.0,11101001,1541.90,2016,20.8,2.06,295.8,1541.22,-8.2,1.41, , 
,1542.61,2016,79.5,-4.3,11101001,1542.96,1984,20.8,2.06,316.2,1542.27,-3.1,1.60, , 
,1543.69,1984,81.0,-3.1,11101011,1544.05,1984,20.8,2.06,295.8,1543.33,-3.9,1.41, , 
,1544.75,1984,81.0,-1.2,11101001,1545.10,1952,22.0,2.06,316.2,1544.41,-3.5,1.56, , 
,1545.80,1984,81.0,0.8,11111101,1546.16,1952,17.6,2.06,275.4,1545.47,-2.3,1.52, , 
,1546.87,1920,81.0,0.0,11111111,1547.22,1888,0.0,0.00,275.4,1546.50,0.0,2.58, , 
,1547.87,1856,81.0,0.0,11111111,1548.23,1824,0.0,0.00,295.8,1547.55,0.0,3.95, , 
,1548.96,1792,81.0,0.0,11111111,1549.31,1760,0.0,0.00,295.8,1548.60,0.0,3.95, , 
,1549.98,1728,81.0,0.0,11111111,1550.32,1696,0.0,0.00,316.2,1549.65,0.0,3.98, , 
,1550.98,1632,81.0,0.0,11111111,1551.30,1600,0.0,0.00,316.2,1550.67,0.0,3.98, , 
,1552.00,1568,81.0,0.0,11111111,1552.33,1536,0.0,0.00,316.2,1551.64,0.0,3.95, , 
,1552.92,1376,79.5,0.0,11111111,1553.23,896,26.7,5.15,377.4,1552.60,0.0,3.98, , 
,1553.82,960,81.0,0.0,11111111,1554.13,1120,23.5,3.09,357.0,1553.55,0.0,3.13, , 
,1554.86,1824,81.0,0.0,11111111,1555.19,1760,0.0,0.00,316.2,1554.54,0.0,0.74, , 
,1555.88,1728,79.5,0.0,11101011,1556.22,1728,63.5,11.33,693.6,1555.55,0.0,3.63, , 
,1556.93,1760,81.0,0.0,11101011,1557.29,1792,78.4,12.36,887.4,1556.58,0.0,1.13, , 
,1558.01,1856,79.5,-4.3,11101011,1558.37,1856,85.5,12.36,948.6,1557.64,0.0,1.29, , 
,1559.10,1920,81.0,-9.0,11101011,1559.46,1984,87.1,12.36,969.0,1558.73,-7.4,1.33, , 
,1560.17,2048,79.5,-12.1,11101001,1560.50,2080,87.1,12.36,948.6,1559.83,-10.9,1.52, , 
,1561.19,2144,79.5,-12.9,11101001,1561.52,2144,85.5,12.36,948.6,1560.86,-12.9,1.48, , 
,1562.20,2208,79.5,-14.1,11101001,1562.53,2240,85.5,11.33,948.6,1561.85,-13.7,1.52, , 
,1563.19,2304,81.0,-14.1,11101001,1563.50,2272,48.6,3.09,612.0,1562.86,-14.5,1.52, , 
,1564.18,2240,79.5,0.0,11111101,1564.52,2240,16.1,2.06,244.8,1563.84,0.0,1.88, , 
,1565.18,2272,79.5,0.0,11101001,1565.51,2240,56.1,8.24,632.4,1564.85,1.6,1.37, , 
,1566.17,2272,79.5,-1.2,11101001,1566.51,2304,59.2,8.24,673.2,1565.84,0.0,1.45, , 
,1567.18,2336,79.5,-3.1,11101001,1567.51,2336,57.6,8.24,652.8,1566.84,-2.3,1.45, , 
,1568.17,2336,79.5,0.0,11101001,1568.50,2336,22.0,3.09,295.8,1567.84,0.0,1.56, , 
,1569.17,2304,79.5,-7.4,11101001,1569.49,2304,19.2,2.06,275.4,1568.84,-5.1,1.21, , 
,1570.18,2304,79.5,-7.4,11101001,1570.53,2272,19.2,2.06,275.4,1569.84,-9.8,1.33, , 
,1571.19,2240,79.5,-9.8,11101001,1571.52,2240,20.8,2.06,295.8,1570.86,-9.4,1.52, , 
,1572.17,2208,79.5,-9.8,11101001,1572.50,2176,17.6,2.06,275.4,1571.85,-11.7,1.45, , 
,1573.18,2208,79.5,-2.3,11101001,1573.52,2176,17.6,2.06,275.4,1572.84,-1.2,2.07, , 
,1574.20,2144,79.5,-0.4,11111101,1574.55,2112,0.0,0.00,244.8,1573.85,-2.0,1.56, , 
,1575.21,2048,79.5,0.0,11101001,1575.57,2080,26.7,4.12,336.6,1574.88,0.0,3.36, , 
,1576.26,2048,79.5,1.2,11101001,1576.61,2048,59.2,8.24,673.2,1575.92,0.0,1.29, , 
,1577.31,2048,79.5,0.0,11101001,1577.66,2112,23.5,3.09,316.2,1576.97,0.0,1.33, , 
,1578.36,2016,79.5,0.0,11101001,1578.72,2016,40.0,5.15,479.4,1578.01,0.0,1.45, , 
,1579.40,1984,79.5,0.4,11101001,1579.76,1984,40.0,5.15,479.4,1579.06,0.0,1.52, , 
,1580.46,1952,79.5,0.0,11111111,1580.82,1888,17.6,2.06,275.4,1580.12,0.0,1.48, , 
,1581.49,1792,79.5,0.0,11111111,1581.84,1696,0.0,0.00,316.2,1581.19,9.4,1.84, , 
,1582.50,1568,79.5,0.0,11111111,1582.81,1536,0.0,0.00,316.2,1582.17,0.0,3.83, , 
,1583.53,1504,79.5,0.0,11101011,1583.84,1504,23.5,4.12,336.6,1583.13,0.0,3.98, , 
,1584.57,1472,79.5,0.0,11111111,1584.93,1440,23.5,3.09,336.6,1584.27,0.0,0.86, , 
,1585.63,1344,79.5,-5.9,11111111,1585.95,1312,22.0,3.09,336.6,1585.29,-5.9,1.21, , 
,1586.60,1248,79.5,-7.4,11111111,1586.92,1216,22.0,3.09,336.6,1586.28,-7.4,1.41, , 
,1587.57,1216,79.5,-5.5,11101011,1587.88,1184,38.4,6.18,479.4,1587.26,-6.3,1.56, , 
,1588.53,1184,79.5,0.0,11101011,1588.86,1184,35.3,4.12,459.0,1588.18,0.0,1.52, , 
,1589.64,1472,81.0,0.0,11111111,1589.96,1568,22.0,3.09,316.2,1589.18,0.0,1.52, , 
,1590.67,1568,81.0,-2.0,11101011,1590.98,1568,23.5,3.09,336.6,1590.30,-1.6,1.45, , 
,1591.71,1568,81.0,-3.1,11101011,1592.07,1568,41.2,6.18,499.8,1591.34,-3.1,1.41, , 
,1592.79,1600,81.0,1.2,11101011,1593.13,1632,41.2,6.18,499.8,1592.44,0.0,1.52, , 
,1593.81,1664,81.0,5.1,11101011,1594.18,1728,40.0,6.18,499.8,1593.47,3.5,1.56, , 
,1594.90,1760,81.0,0.0,11101011,1595.23,1792,56.1,8.24,652.8,1594.53,5.9,1.52, , 
,1595.96,1888,81.0,0.0,11101011,1596.33,1952,54.5,8.24,632.4,1595.59,-1.2,1.41, , 
,1597.02,2016,81.0,0.0,11101001,1597.38,2016,28.2,3.09,377.4,1596.67,0.0,1.56, , 
,1598.07,2016,81.0,-4.7,11101001,1598.43,2048,35.3,4.12,438.6,1597.71,-3.1,1.37, , 
,1599.15,2080,81.0,-4.7,11101001,1599.49,2080,32.5,4.12,418.2,1598.79,-4.3,1.52, , 
,1600.18,2112,81.0,-3.5,11101001,1600.53,2144,32.5,4.12,418.2,1599.84,-6.6,1.41, , 
,1601.20,2176,81.0,-4.7,11101001,1601.53,2208,32.5,4.12,397.8,1600.87,-4.3,1.48, , 
,1602.23,2208,81.0,-8.6,11101001,1602.57,2272,19.2,2.06,275.4,1601.88,-6.6,1.41, , 
,1603.24,2272,81.0,-2.7,11101001,1603.57,2208,19.2,2.06,275.4,1602.91,-5.5,1.41, , 
,1604.26,2240,81.0,-5.9,11101001,1604.60,2272,19.2,2.06,275.4,1603.92,-3.1,1.56, , 
,1605.28,2240,81.0,-3.1,11101001,1605.62,2240,19.2,2.06,275.4,1604.93,-6.6,1.41, , 
,1606.30,2240,81.0,-2.3,11101001,1606.62,2272,20.8,2.06,275.4,1605.95,2.0,1.68, , 
,1607.28,2272,79.5,-1.2,11101001,1607.61,2272,48.6,5.15,571.2,1606.95,-1.6,1.33, , 
,1608.27,2336,79.5,0.0,11101001,1608.61,2400,79.6,11.33,867.0,1607.93,0.0,1.80, , 
,1609.27,2368,79.5,0.0,11111101,1609.60,1920,0.0,0.00,316.2,1608.94,0.0,1.33, , 
,1610.25,992,79.5,0.0,11111111,1610.60,1248,25.1,3.09,357.0,1609.92,0.0,3.83, , 
,1611.35,1824,79.5,0.0,11101011,1611.70,1856,23.5,3.09,336.6,1610.99,0.0,1.05, , 
,1612.45,1792,79.5,5.1,11101011,1612.81,1792,31.0,4.12,397.8,1612.09,3.1,1.60, , 
,1613.55,1824,79.5,12.9,11101011,1613.89,1824,42.7,5.15,520.2,1613.17,8.6,1.64, , 
,1614.60,1728,79.5,0.0,11101011,1614.99,1824,19.2,2.06,295.8,1614.27,0.0,1.80, , 
,1615.69,1760,81.0,6.3,11101011,1616.05,1792,19.2,2.06,295.8,1615.36,3.1,1.21, , 
,1616.77,1760,81.0,3.9,11101011,1617.15,1792,29.4,3.09,397.8,1616.40,4.3,1.45, , 
,1617.88,1792,81.0,0.0,11101011,1618.25,1824,69.4,9.27,775.2,1617.49,0.0,1.68, , 
,1619.00,1856,81.0,2.0,11101011,1619.37,1888,67.8,9.27,775.2,1618.63,0.0,1.60, , 
,1620.10,1920,81.0,5.1,11101011,1620.44,1984,60.4,7.21,693.6,1619.73,3.9,1.56, , 
,1621.16,2016,81.0,0.0,11101001,1621.50,2016,53.3,6.18,632.4,1620.81,10.2,1.60, , 
,1622.22,2016,81.0,13.3,11101001,1622.56,2048,56.1,7.21,652.8,1621.86,11.3,1.76, , 
,1623.23,2048,81.0,18.4,11101001,1623.58,2080,56.1,8.24,632.4,1622.89,17.2,1.52, , 
,1624.25,2112,81.0,20.7,11101001,1624.57,2112,54.5,8.24,632.4,1623.91,20.3,1.48, , 
,1625.27,2144,81.0,21.9,11101001,1625.60,2144,53.3,8.24,612.0,1624.92,21.5,1.37, , 
,1626.29,2176,81.0,1.6,11101001,1626.64,2176,51.8,7.21,591.6,1625.95,1.6,1.45, , 
,1627.33,2208,81.0,0.8,11101001,1627.65,2208,51.8,7.21,591.6,1626.98,1.6,1.45, , 
,1628.32,2240,81.0,1.6,11101001,1628.66,2240,51.8,7.21,591.6,1627.99,1.6,1.45, , 
,1629.34,2240,81.0,1.6,11101001,1629.67,2272,50.2,7.21,591.6,1629.01,1.6,1.48, , 
,1630.35,2304,81.0,1.2,11101001,1630.71,2304,50.2,7.21,591.6,1630.01,0.8,1.41, , 
,1631.37,2336,81.0,1.2,11101001,1631.70,2304,48.6,7.21,571.2,1631.05,1.2,1.52, , 
,1632.38,2336,81.0,0.8,11101001,1632.72,2336,50.2,7.21,571.2,1632.04,1.6,1.52, , 
,1633.37,2336,81.0,0.0,11101001,1633.73,2336,40.0,6.18,479.4,1633.04,0.0,1.45, , 
,1634.42,2336,81.0,0.4,11101001,1634.75,2368,42.7,6.18,499.8,1634.07,0.0,1.48, , 
,1635.42,2368,81.0,0.4,11101001,1635.75,2368,42.7,6.18,499.8,1635.09,0.4,1.52, , 
,1636.38,2400,81.0,-0.4,11101001,1636.73,2400,41.2,6.18,479.4,1636.06,0.0,1.45, , 
,1637.39,2400,81.0,-5.5,11101001,1637.75,2400,28.2,3.09,357.0,1637.07,-2.7,1.37, , 
,1638.45,2400,81.0,-8.6,11101001,1638.80,2400,29.4,4.12,377.4,1638.07,-8.6,1.41, , 
,1639.44,2368,81.0,-6.3,11101001,1639.79,2400,38.4,5.15,459.0,1639.11,-7.4,1.60, , 
,1640.45,2400,81.0,-4.3,11101001,1640.81,2400,50.2,7.21,571.2,1640.11,-5.1,1.52, , 
,1641.52,2432,81.0,-1.2,11101001,1641.88,2432,56.1,8.24,632.4,1641.19,-1.6,1.52, , 
,1642.58,2464,81.0,-2.3,11101001,1642.93,2464,56.1,8.24,632.4,1642.21,-2.3,1.45, , 
,1643.61,2496,81.0,-1.6,11101001,1643.96,2496,54.5,7.21,612.0,1643.28,-2.3,1.52, , 
,1644.65,2528,81.0,-2.0,11101001,1645.00,2528,53.3,7.21,612.0,1644.30,-1.6,1.48, , 
,1645.66,2528,81.0,0.0,11111101,1645.99,2496,19.2,2.06,275.4,1645.34,0.0,1.52, , 
,1646.65,2496,81.0,0.0,11111101,1646.98,2464,0.0,0.00,244.8,1646.33,-2.0,1.52, , 
,1647.65,2400,81.0,0.0,11111101,1647.98,2400,0.0,0.00,244.8,1647.31,0.0,3.83, , 
,1648.66,2336,81.0,0.0,11111101,1648.98,2336,0.0,0.00,244.8,1648.32,0.0,4.02, , 
,1649.64,2272,81.0,0.0,11111101,1649.97,2240,0.0,0.00,244.8,1649.31,0.0,3.95, , 
,1650.63,2208,81.0,0.0,11111101,1650.97,2176,0.0,0.00,244.8,1650.29,0.0,4.02, , 
,1651.65,2144,81.0,0.0,11101001,1652.01,2112,14.9,2.06,244.8,1651.31,0.0,4.02, , 
,1652.69,2080,81.0,0.0,11101001,1653.04,2048,16.1,2.06,244.8,1652.35,0.0,0.59, , 
,1655.85,1984,81.0,0.4,11101011,1656.22,1984,51.8,7.21,612.0,1655.50,0.0,1.45, , 
,1656.92,2016,81.0,0.4,11101001,1657.28,2016,51.8,7.21,612.0,1656.57,0.0,1.45, , 
,1657.98,2048,81.0,1.6,11101001,1658.33,2048,48.6,7.21,591.6,1657.63,0.8,1.52, , 
,1659.00,2080,81.0,4.3,11101001,1659.35,2080,38.4,4.12,499.8,1658.67,4.3,1.48, , 
,1660.06,2016,81.0,0.0,11111101,1660.42,2016,16.1,2.06,244.8,1659.72,0.0,1.56, , 
,1661.12,1984,81.0,0.0,11111101,1661.47,1984,0.0,0.00,244.8,1660.77,0.0,2.03, , 
,1662.17,1920,81.0,0.0,11101011,1662.55,1920,16.1,2.06,244.8,1661.82,0.0,3.95, , 
,1663.30,1888,81.0,0.0,11101011,1663.67,1888,26.7,3.09,357.0,1662.92,0.0,0.51, , 
,1664.41,1888,81.0,-3.9,11101011,1664.78,1888,31.0,4.12,397.8,1664.04,-3.9,1.37, , 
,1665.51,1920,81.0,-4.7,11101011,1665.89,1888,38.4,5.15,479.4,1665.14,-4.7,1.48, , 
,1666.64,1920,81.0,0.4,11101011,1667.01,1920,44.3,6.18,520.2,1666.26,-2.0,1.60, , 
,1667.75,1952,81.0,4.3,11101011,1668.12,1920,26.7,3.09,357.0,1667.38,3.5,1.56, , 
,1668.85,1920,81.0,-4.3,11101011,1669.21,1920,23.5,3.09,316.2,1668.49,0.0,1.25, , 
,1669.98,1888,81.0,-7.4,11101011,1670.35,1888,23.5,3.09,336.6,1669.60,-5.5,1.41, , 
,1671.09,1824,81.0,-4.3,11101011,1671.47,1856,19.2,2.06,275.4,1670.72,-8.6,1.45, , 
,1672.23,1792,81.0,-2.7,11101011,1672.61,1792,19.2,2.06,295.8,1671.85,-4.3,1.52, , 
,1673.29,1760,81.0,-3.9,11101011,1673.67,1760,31.0,4.12,397.8,1672.96,-5.5,1.48, , 
,1674.39,1792,81.0,-2.0,11101011,1674.76,1792,45.9,6.18,550.8,1674.01,-2.3,1.60, , 
,1675.47,1792,81.0,3.5,11101011,1675.85,1792,44.3,6.18,550.8,1675.08,1.2,1.60, , 
,1676.59,1792,81.0,6.3,11101011,1676.95,1824,44.3,6.18,520.2,1676.21,5.5,1.48, , 
,1677.68,1824,81.0,5.9,11101011,1678.03,1472,0.0,0.00,377.4,1677.30,6.3,1.45, , 
,1678.72,1216,81.0,0.0,11101011,1679.05,2208,23.5,3.09,336.6,1678.36,0.0,3.59, , 
,1679.73,2304,81.0,0.0,11101001,1680.07,2240,17.6,2.06,275.4,1679.38,0.0,0.98, , 
,1680.73,2272,81.0,-4.7,11101001,1681.07,2208,20.8,2.06,295.8,1680.41,-5.9,1.29, , 
,1681.76,2208,81.0,-12.5,11101001,1682.12,2144,20.8,2.06,295.8,1681.42,-10.5,1.29, , 
,1682.79,2144,81.0,-12.1,11101001,1683.15,2112,22.0,2.06,316.2,1682.46,-13.7,1.41, , 
,1683.86,2112,81.0,-14.8,11101001,1684.19,2080,23.5,3.09,316.2,1683.51,-14.1,1.48, , 
,1684.88,2048,81.0,-12.1,11101001,1685.22,2080,32.5,4.12,418.2,1684.53,-14.1,1.60, , 
,1685.90,2048,81.0,-9.0,11101001,1686.26,2080,36.9,4.12,459.0,1685.55,-10.2,1.56, , 
,1686.96,2080,81.0,-2.7,11101001,1687.31,2080,35.3,4.12,438.6,1686.62,-3.1,1.68, , 
,1688.01,2080,81.0,-3.1,11101001,1688.35,2080,34.1,4.12,418.2,1687.65,-3.1,1.45, , 
,1689.07,2080,81.0,-1.6,11101001,1689.42,2112,38.4,5.15,459.0,1688.71,-3.5,1.45, , 
,1690.12,2144,81.0,-1.6,11101001,1690.45,2144,29.4,4.12,397.8,1689.77,-1.6,1.45, , 
,1691.13,2144,81.0,-5.1,11101001,1691.45,2176,25.1,3.09,336.6,1690.79,-5.1,1.33, , 
,1692.16,2176,81.0,-7.4,11101001,1692.50,2176,25.1,3.09,336.6,1691.81,-6.6,1.37, , 
,1693.17,2176,81.0,-7.8,11101001,1693.52,2176,26.7,3.09,357.0,1692.84,-7.8,1.52, , 
,1694.22,2176,81.0,-8.6,11101001,1694.56,2208,31.0,4.12,377.4,1693.87,-8.6,1.48, , 
,1695.21,2208,81.0,-8.2,11101001,1695.55,2208,28.2,3.09,357.0,1694.89,-8.2,1.52, , 
,1696.20,2240,81.0,-10.2,11101001,1696.53,2240,28.2,3.09,357.0,1695.88,-9.0,1.48, , 
,1697.17,2240,81.0,-10.5,11101001,1697.51,2272,26.7,3.09,357.0,1696.86,-10.5,1.45, , 
,1698.20,2272,81.0,-9.4,11101001,1698.53,2304,26.7,3.09,357.0,1697.86,-10.5,1.52, , 
,1699.22,2304,81.0,-8.6,11101001,1699.54,2336,26.7,3.09,336.6,1698.86,-8.6,1.52, , 
,1700.23,2336,81.0,-7.8,11101001,1700.57,2368,51.8,7.21,591.6,1699.89,-8.6,1.41, , 
,1701.27,2464,81.0,0.0,11101001,1701.60,2528,76.9,11.33,846.6,1700.93,0.0,1.56, , 
,1702.28,2688,81.0,-4.3,11101001,1702.62,2496,0.0,0.00,336.6,1701.94,-3.5,1.29, , 
,1703.26,1504,81.0,0.0,11111111,1703.61,1600,28.2,4.12,377.4,1702.97,0.0,3.79, , 
,1704.31,2048,81.0,0.0,11101001,1704.67,1984,38.4,5.15,479.4,1703.96,0.0,0.82, , 
,1705.38,1984,81.0,0.4,11101001,1705.73,1984,36.9,5.15,459.0,1705.03,-0.8,1.45, , 
,1706.44,2016,81.0,-0.4,11101001,1706.81,2016,36.9,5.15,459.0,1706.08,0.4,1.48, , 
,1707.50,2016,81.0,-0.8,11101001,1707.85,2048,35.3,5.15,438.6,1707.16,0.4,1.48, , 
,1708.56,2112,81.0,0.0,11101001,1708.92,1984,14.9,2.06,244.8,1708.21,-2.3,1.37, , 
,1709.66,2016,81.0,11.3,11101001,1710.00,1984,14.9,2.06,244.8,1709.29,8.6,1.68, , 
,1710.71,1984,81.0,9.8,11111111,1711.08,1952,0.0,0.00,244.8,1710.36,6.3,1.29, , 
,1711.79,1920,81.0,0.0,11111111,1712.13,1920,0.0,0.00,275.4,1711.43,0.0,3.71, , 
,1712.84,1856,81.0,0.0,11111111,1713.18,1920,17.6,3.09,275.4,1712.48,0.0,3.95, , 
,1713.89,1856,81.0,0.0,11101011,1714.26,1856,22.0,3.09,316.2,1713.53,0.0,1.37, , 
,1715.00,1856,81.0,-2.3,11101011,1715.37,1856,32.5,4.12,418.2,1714.63,-1.6,1.41, , 
,1716.12,1856,81.0,-1.2,11101011,1716.50,1888,44.3,6.18,520.2,1715.75,-2.0,1.48, , 
,1717.23,1920,81.0,4.3,11101011,1717.59,1920,47.1,7.21,571.2,1716.88,2.7,1.60, , 
,1718.32,1920,81.0,6.3,11101011,1718.67,1952,35.3,5.15,438.6,1717.96,6.6,1.52, , 
,1719.40,1952,81.0,0.0,11101011,1719.77,1952,35.3,5.15,438.6,1719.04,2.7,1.33, , 
,1720.48,1952,81.0,0.0,11101011,1720.85,1952,60.4,9.27,693.6,1720.12,0.8,1.48, , 
,1721.53,2016,81.0,-3.9,11101001,1721.88,2048,63.5,8.24,714.0,1721.19,0.0,1.33, , 
,1722.61,2080,81.0,-5.1,11101001,1722.94,2080,56.1,7.21,652.8,1722.26,-4.3,1.45, , 
,1723.62,2112,81.0,-3.9,11101001,1723.96,2112,53.3,7.21,612.0,1723.28,-5.1,1.56, , 
,1724.65,2144,81.0,-1.6,11101001,1724.99,2144,40.0,5.15,479.4,1724.30,-2.3,1.48, , 
,1725.70,2144,81.0,-2.7,11101001,1726.04,2144,40.0,5.15,479.4,1725.35,-3.1,1.45, , 
,1726.74,2144,81.0,-3.9,11101001,1727.07,2144,36.9,5.15,459.0,1726.39,-3.5,1.48, , 
,1727.77,2144,81.0,-6.3,11101001,1728.12,2144,29.4,3.09,377.4,1727.44,-5.1,1.45, , 
,1728.83,2112,81.0,-4.7,11101001,1729.16,2112,29.4,3.09,377.4,1728.48,-9.0,1.45, , 
,1729.86,2112,81.0,-6.3,11101001,1730.19,2112,31.0,3.09,397.8,1729.50,-5.9,1.48, , 
,1730.86,2112,81.0,-0.8,11101001,1731.19,2112,32.5,4.12,397.8,1730.52,-2.0,1.56, , 
,1731.87,2112,81.0,0.0,11101001,1732.20,2112,45.9,5.15,550.8,1731.53,-1.2,1.48, , 
,1732.89,2112,81.0,6.3,11101001,1733.24,2144,45.9,6.18,550.8,1732.55,4.7,1.68, , 
,1733.96,2144,81.0,11.3,11101001,1734.32,2144,40.0,5.15,479.4,1733.60,9.8,1.60, , 
,1735.04,2144,81.0,9.4,11101001,1735.39,2144,36.9,5.15,438.6,1734.68,10.5,1.41, , 
,1736.08,2144,81.0,-3.1,11101001,1736.42,2144,34.1,4.12,418.2,1735.73,-2.3,1.41, , 
,1737.10,2112,81.0,0.0,11111101,1737.45,2144,16.1,2.06,244.8,1736.77,-5.5,1.37, , 
,1738.15,2048,81.0,0.0,11111101,1738.51,1824,0.0,0.00,275.4,1737.80,0.8,1.52, , 
,1739.15,928,81.0,0.0,11111111,1739.47,1056,28.2,4.12,397.8,1738.84,0.0,3.87, , 
,1740.10,992,81.0,0.0,11111111,1740.42,928,25.1,3.09,357.0,1739.78,0.0,1.25, , 
,1741.05,928,81.0,0.0,11111111,1741.38,960,25.1,3.09,377.4,1740.74,0.0,0.74, , 
,1741.99,864,81.0,-4.3,11111111,1742.29,896,26.7,3.09,397.8,1741.68,-3.5,1.25, , 
,1742.89,896,81.0,-3.5,11111111,1743.17,864,26.7,3.09,377.4,1742.60,-3.9,1.48, , 
,1743.79,896,81.0,-3.1,11111111,1744.10,896,26.7,3.09,377.4,1743.46,-3.1,1.48, , 
,1744.71,896,81.0,-2.3,11111111,1745.02,896,26.7,3.09,377.4,1744.42,-2.3,1.48, , 
,1745.62,896,81.0,-2.0,11111111,1745.93,896,26.7,3.09,377.4,1745.32,-2.0,1.48, , 
,1746.54,896,81.0,-2.0,11111111,1746.85,896,26.7,3.09,377.4,1746.25,-2.0,1.45, , 
,1747.45,896,81.0,-1.6,11111111,1747.75,864,26.7,3.09,397.8,1747.16,-2.0,1.48, , 
,1748.39,864,81.0,-2.0,11111111,1748.69,864,26.7,3.09,397.8,1748.07,-1.6,1.45, , 
,1749.30,864,81.0,-2.3,11111111,1749.61,896,26.7,3.09,397.8,1748.99,-2.3,1.45, , 
,1750.23,896,81.0,-2.7,11111111,1750.56,896,26.7,3.09,397.8,1749.92,-2.3,1.45, , 
,1751.20,896,81.0,-2.7,11111111,1751.51,896,26.7,3.09,397.8,1750.89,-2.7,1.45, , 
,1752.14,896,82.5,-3.1,11111111,1752.45,896,26.7,3.09,377.4,1751.82,-3.1,1.45, , 
,1753.05,896,82.5,-2.7,11111111,1753.35,896,26.7,3.09,377.4,1752.74,-2.7,1.48, , 
,1753.96,864,82.5,-2.7,11111111,1754.27,864,26.7,3.09,397.8,1753.65,-2.7,1.45, , 
,1754.86,896,82.5,-2.7,11111111,1755.16,896,26.7,3.09,397.8,1754.56,-2.7,1.48, , 
,1755.77,864,82.5,-2.7,11111111,1756.06,864,26.7,3.09,397.8,1755.46,-2.7,1.45, , 
,1756.66,896,82.5,-2.3,11111111,1756.96,864,26.7,3.09,397.8,1756.36,-2.7,1.48, , 
,1757.60,896,82.5,-2.3,11111111,1757.91,864,28.2,3.09,397.8,1757.30,-2.3,1.48, , 
,1758.51,896,82.5,-3.1,11111111,1758.83,864,28.2,3.09,397.8,1758.21,-2.7,1.41, , 
,1759.43,896,82.5,-3.5,11111111,1759.73,896,28.2,3.09,397.8,1759.14,-3.5,1.41, , 
,1760.35,896,82.5,-4.3,11111111,1760.67,896,28.2,3.09,397.8,1760.05,-4.3,1.45, , 
,1761.27,896,82.5,-3.1,11111111,1761.56,896,28.2,3.09,397.8,1760.97,-3.1,1.45, , 
,1762.14,896,82.5,-3.1,11111111,1762.44,896,28.2,3.09,397.8,1761.85,-3.1,1.48, , 
,1763.04,896,82.5,-2.7,11111111,1763.38,896,28.2,3.09,397.8,1762.74,-2.7,1.48, , 
,1764.00,896,82.5,-3.1,11111111,1764.31,896,28.2,3.09,397.8,1763.68,-3.1,1.45, , 
,1764.91,768,82.5,-3.1,11111111,1765.20,768,28.2,3.09,418.2,1764.61,-3.1,1.45, , 
,1765.80,768,81.0,-3.5,11111111,1766.09,800,28.2,3.09,418.2,1765.50,-3.5,1.45, , 
,1766.72,800,81.0,0.0,11101011,1767.08,1504,59.2,9.27,714.0,1766.40,-2.7,1.48, , 
,1767.77,1472,81.0,0.8,11101011,1768.08,1216,60.4,9.27,714.0,1767.42,0.0,1.29, , 
,1768.73,1376,81.0,0.0,11111111,1769.09,1504,23.5,3.09,336.6,1768.37,0.0,1.48, , 
,1769.76,1152,81.0,-1.2,11111111,1770.07,960,25.1,3.09,357.0,1769.43,0.0,1.48, , 
,1770.67,800,81.0,-4.3,10111111,1770.95,736,28.2,3.09,397.8,1770.38,-2.7,1.25, , 
,1771.55,768,81.0,-8.6,10111111,1771.85,800,31.0,3.09,438.6,1771.24,-7.8,1.21, , 
,1772.45,768,81.0,-7.8,10111111,1772.75,800,31.0,4.12,438.6,1772.16,-8.6,1.52, , 
,1773.35,800,81.0,-5.9,10111111,1773.65,800,31.0,4.12,438.6,1773.04,-6.6,1.56, , 
,1774.24,800,81.0,-4.3,10111111,1774.54,800,29.4,3.09,438.6,1773.95,-4.7,1.56, , 
,1775.14,800,81.0,-2.7,10111111,1775.43,800,29.4,4.12,438.6,1774.84,-3.5,1.52, , 
,1776.04,800,81.0,-2.3,10111111,1776.35,800,29.4,3.09,418.2,1775.73,-2.3,1.52, , 
,1776.96,768,81.0,-2.7,10111111,1777.27,768,29.4,3.09,438.6,1776.65,-2.3,1.48, , 
,1777.86,768,81.0,-2.7,10111111,1778.16,800,29.4,4.12,438.6,1777.56,-2.7,1.48, , 
,1778.72,800,81.0,-2.7,10111111,1779.01,800,29.4,3.09,418.2,1778.44,-2.7,1.48, , 
,1779.61,800,81.0,-2.3,10111111,1779.91,800,29.4,3.09,418.2,1779.31,-2.7,1.48, , 
,1780.51,768,81.0,-2.3,10111111,1780.82,800,29.4,3.09,418.2,1780.21,-2.3,1.48, , 
,1781.42,768,82.5,-2.0,10111111,1781.72,800,29.4,4.12,438.6,1781.13,-2.3,1.48, , 
,1782.34,800,82.5,-1.6,10111111,1782.66,800,28.2,3.09,418.2,1782.03,-1.6,1.48, , 
,1783.26,800,82.5,-1.6,10111111,1783.57,800,29.4,4.12,418.2,1782.95,-1.6,1.48, , 
,1784.17,800,82.5,-1.6,10111111,1784.47,800,29.4,3.09,418.2,1783.88,-1.6,1.48, , 
,1785.06,800,82.5,-2.0,10111111,1785.35,800,29.4,3.09,418.2,1784.77,-2.0,1.45, , 
,1785.96,768,82.5,-2.0,10111111,1786.26,768,29.4,3.09,418.2,1785.65,-2.0,1.48, , 
,1786.88,768,82.5,-1.6,10111111,1787.17,800,29.4,3.09,418.2,1786.57,-1.6,1.52, , 
,1787.76,800,82.5,-1.6,10111111,1788.06,800,29.4,3.09,418.2,1787.46,-1.2,1.48, , 
,1788.64,800,82.5,-1.6,10111111,1788.93,768,29.4,3.09,418.2,1788.35,-1.6,1.48, , 
,1789.54,800,82.5,-1.6,10111111,1789.85,768,29.4,3.09,418.2,1789.25,-2.0,1.48, , 
,1790.46,800,82.5,-1.6,10111111,1790.77,800,29.4,4.12,418.2,1790.16,-2.0,1.48, , 
,1791.37,768,82.5,-1.2,10111111,1791.67,768,29.4,4.12,438.6,1791.06,-1.2,1.52, , 
,1792.25,800,82.5,-0.8,10111111,1792.54,800,29.4,4.12,418.2,1791.96,-0.8,1.52, , 
,1793.17,768,82.5,-1.2,10111111,1793.48,768,31.0,4.12,438.6,1792.87,-0.8,1.45, , 
,1794.08,800,82.5,-1.6,10111111,1794.36,800,29.4,3.09,418.2,1793.78,-1.6,1.45, , 
,1794.96,800,82.5,-2.3,10111111,1795.26,800,29.4,3.09,418.2,1794.65,-2.0,1.45, , 
,1795.87,768,82.5,-3.9,10111111,1796.17,768,31.0,4.12,438.6,1795.56,-3.5,1.41, , 
,1796.76,800,82.5,-3.5,10111111,1797.06,768,29.4,3.09,418.2,1796.47,-3.9,1.48, , 
,1797.69,736,82.5,-3.5,10101011,1797.97,768,35.3,4.12,479.4,1797.38,-3.9,1.48, , 
,1798.58,1056,82.5,-2.0,10101011,1798.89,1088,26.7,3.09,377.4,1798.26,-0.4,1.60, , 
,1799.51,1024,82.5,-4.3,10101011,1799.83,1024,28.2,3.09,397.8,1799.20,-6.3,1.33, , 
,1800.40,960,82.5,-5.1,10101011,1800.71,896,34.1,4.12,438.6,1800.10,-5.1,1.45, , 
,1801.39,1408,82.5,0.0,10101011,1801.70,1248,48.6,7.21,591.6,1801.03,0.0,1.52, , 
,1802.32,640,84.0,0.0,10101011,1802.63,864,65.1,9.27,795.6,1802.00,0.0,1.56, , 
,1803.27,1216,84.0,-0.8,10101011,1803.67,1376,56.1,8.24,673.2,1802.94,0.0,1.37, , 
,1804.37,1824,84.0,0.0,10101011,1804.71,1600,0.0,0.00,397.8,1804.01,0.0,1.29, , 
,1805.33,1088,84.0,0.0,10111111,1805.61,992,28.2,4.12,377.4,1805.02,0.0,3.52, , 
,1806.24,896,84.0,0.0,10111111,1806.54,864,26.7,3.09,397.8,1805.92,0.0,1.13, , 
,1807.16,832,84.0,0.0,10101011,1807.46,768,40.0,5.15,520.2,1806.85,0.0,0.74, , 
,1808.08,800,84.0,0.0,10101011,1808.38,832,53.3,7.21,673.2,1807.77,0.0,1.56, , 
,1809.01,896,84.0,-0.4,10101011,1809.30,928,59.2,8.24,714.0,1808.68,0.0,1.48, , 
,1809.97,1024,84.0,0.0,10101011,1810.30,1088,62.0,9.27,734.4,1809.65,0.0,1.52, , 
,1810.94,1216,84.0,0.0,10101011,1811.27,1280,67.8,10.30,795.6,1810.63,0.0,1.41, , 
,1812.02,1440,84.0,-3.9,10101011,1812.38,1568,63.5,9.27,734.4,1811.59,-2.7,1.37, , 
,1813.10,1824,84.0,0.0,10101011,1813.47,1920,81.2,12.36,907.8,1812.73,0.0,1.48, , 
,1814.11,1312,84.0,0.0,10111111,1814.45,1056,28.2,4.12,397.8,1813.79,0.0,1.33, , 
,1815.12,1312,84.0,0.0,10101011,1815.45,1344,41.2,6.18,499.8,1814.80,0.0,1.72, , 
,1816.14,1376,84.0,0.0,10101011,1816.49,1440,62.0,9.27,734.4,1815.78,0.0,1.37, , 
,1817.03,1504,84.0,-3.5,10101011,1817.38,1536,59.2,8.24,693.6,1816.75,-3.1,1.29, , 
,1818.06,1600,84.0,-2.3,10101011,1818.42,1664,56.1,8.24,673.2,1817.72,-2.7,1.52, , 
,1819.14,1696,84.0,-0.4,10101011,1819.48,1728,54.5,8.24,652.8,1818.79,-1.6,1.56, , 
,1820.22,1792,84.0,1.2,10101011,1820.58,1824,51.8,7.21,612.0,1819.84,1.2,1.52, , 
,1821.33,1856,84.0,1.2,10101011,1821.71,1888,42.7,6.18,520.2,1820.96,1.2,1.52, , 
,1822.45,1888,84.0,2.0,10101011,1822.82,1888,44.3,6.18,550.8,1822.07,2.3,1.52, , 
,1823.56,1952,84.0,0.0,10101011,1823.92,1952,44.3,6.18,520.2,1823.20,1.2,1.45, , 
,1824.64,1984,84.0,-1.2,10101011,1824.99,2016,59.2,8.24,673.2,1824.28,-1.2,1.45, , 
,1825.66,2080,84.0,-9.4,10101001,1826.00,2112,66.3,8.24,754.8,1825.33,-6.6,1.33, , 
,1826.69,1344,85.5,0.0,11111111,1827.05,1056,32.5,5.15,418.2,1826.34,0.0,2.46, , 
,1827.73,1504,84.0,0.0,11101011,1828.07,1504,35.3,5.15,459.0,1827.41,0.0,1.29, , 
,1828.77,1504,84.0,-4.7,11101011,1829.12,1504,51.8,7.21,612.0,1828.50,-4.7,1.29, , 
,1829.84,1536,84.0,0.0,11101011,1830.20,1568,75.3,11.33,867.0,1829.47,0.0,1.37, , 
,1830.95,1632,84.0,-5.1,11101011,1831.33,1664,72.2,10.30,846.6,1830.58,0.0,1.13, , 
,1832.07,1696,85.5,-7.4,11101011,1832.44,1728,72.2,10.30,826.2,1831.68,-7.0,1.45, , 
,1833.20,1792,84.0,-5.9,11101011,1833.58,1792,71.0,9.27,795.6,1832.82,-5.5,1.48, , 
,1834.31,1856,85.5,-3.9,11101011,1834.68,1856,69.4,8.24,775.2,1833.96,-7.4,1.52, , 
,1835.40,1888,85.5,-3.1,11101011,1835.77,1920,67.8,8.24,775.2,1835.04,-3.5,1.52, , 
,1836.49,1952,85.5,0.0,11101011,1836.84,1952,32.5,3.09,418.2,1836.14,-2.0,1.52, , 
,1837.59,1952,84.0,1.2,11101011,1837.96,1952,59.2,8.24,693.6,1837.21,0.0,1.64, , 
,1838.69,1984,85.5,2.3,11101001,1839.05,1984,57.6,7.21,673.2,1838.32,0.0,1.56, , 
,1839.75,2016,84.0,7.8,11101001,1840.11,2016,50.2,7.21,612.0,1839.41,5.5,1.60, , 
,1840.82,2048,84.0,12.5,11101001,1841.17,2048,51.8,7.21,612.0,1840.46,10.5,1.56, , 
,1841.85,2080,84.0,13.3,11101001,1842.20,2048,50.2,7.21,591.6,1841.52,14.1,1.45, , 
,1842.90,2080,85.5,14.1,11101001,1843.24,2080,45.9,6.18,550.8,1842.56,13.3,1.45, , 
,1843.94,2080,84.0,0.0,11101001,1844.29,2080,44.3,6.18,520.2,1843.60,13.7,1.41, , 
,1845.00,2112,85.5,-1.2,11101001,1845.36,2112,42.7,6.18,499.8,1844.65,-0.8,1.48, , 
,1846.07,2080,84.0,-3.5,11101001,1846.44,2080,26.7,3.09,377.4,1845.71,-3.1,1.41, , 
,1847.13,2048,84.0,-6.3,11101001,1847.46,2080,19.2,2.06,275.4,1846.78,-5.9,1.41, , 
,1848.19,2016,84.0,-7.0,11101001,1848.54,2016,20.8,2.06,295.8,1847.82,-8.2,1.56, , 
,1849.26,1984,84.0,-11.7,11101011,1849.62,1984,45.9,6.18,550.8,1848.90,-11.3,1.29, , 
,1850.34,1984,84.0,-0.8,11101011,1850.70,1984,41.2,5.15,499.8,1849.98,0.0,1.41, , 
,1851.42,1984,84.0,-4.3,11101001,1851.78,1984,28.2,3.09,377.4,1851.06,-2.3,1.41, , 
,1852.48,1952,84.0,-11.3,11101011,1852.86,1952,28.2,3.09,357.0,1852.13,-11.3,1.25, , 
,1853.60,1920,84.0,-13.7,11101011,1853.96,1920,29.4,3.09,377.4,1853.23,-13.3,1.45, , 
,1854.66,1920,84.0,-11.7,11101011,1855.02,1888,28.2,3.09,377.4,1854.30,-13.7,1.56, , 
,1855.75,1920,84.0,-2.3,11111111,1856.09,1856,19.2,2.06,295.8,1855.37,-9.0,1.68, , 
,1856.81,1792,84.0,0.0,11111111,1857.16,1760,0.0,0.00,316.2,1856.44,0.0,2.03, , 
,1857.84,1696,84.0,0.0,11111111,1858.19,1632,0.0,0.00,316.2,1857.51,0.0,3.95, , 
,1858.86,1568,84.0,0.0,11111111,1859.21,1568,22.0,3.09,316.2,1858.52,0.0,3.95, , 
,1859.94,1568,84.0,0.0,11101011,1860.29,1600,82.7,13.39,948.6,1859.57,0.0,2.34, , 
,1861.01,1664,84.0,0.0,11101011,1861.37,1696,87.1,14.42,989.4,1860.67,0.0,0.94, , 
,1862.08,1760,84.0,-8.2,11101011,1862.45,1792,88.6,12.36,989.4,1861.70,-7.0,0.98, , 
,1863.20,1856,84.0,-14.8,11101011,1863.56,1888,88.6,11.33,989.4,1862.82,-13.7,1.33, , 
,1864.29,1984,84.0,0.0,11101011,1864.66,2016,85.5,12.36,948.6,1863.93,-16.0,1.52, , 
,1865.36,2048,84.0,0.0,11101001,1865.70,2080,47.1,6.18,571.2,1865.00,-7.0,1.25, , 
,1866.38,2112,84.0,0.4,11101001,1866.71,2112,47.1,6.18,571.2,1866.04,0.0,1.56, , 
,1867.41,2112,84.0,1.6,11101001,1867.76,2144,44.3,6.18,550.8,1867.06,1.2,1.48, , 
,1868.44,2144,84.0,0.0,11101001,1868.78,2144,41.2,5.15,499.8,1868.09,0.4,1.45, , 
,1869.48,2144,84.0,-2.3,11101001,1869.81,2144,40.0,5.15,479.4,1869.14,-1.2,1.45, , 
,1870.50,2176,84.0,0.8,11101001,1870.83,2176,71.0,11.33,775.2,1870.15,-0.8,1.56, , 
,1871.51,2240,84.0,0.0,11101001,1871.84,2240,79.6,11.33,887.4,1871.17,0.0,0.98, , 
,1872.53,2304,84.0,-10.2,11101001,1872.86,2336,84.3,11.33,928.2,1872.18,-7.8,1.41, , 
,1873.52,2400,84.0,-15.2,11101001,1873.86,2432,87.1,11.33,948.6,1873.18,-13.3,1.45, , 
,1874.52,2496,84.0,-16.8,11101001,1874.86,2528,84.3,11.33,928.2,1874.20,-16.8,1.48, , 
,1875.55,2560,84.0,-15.2,11101001,1875.89,2592,81.2,10.30,887.4,1875.21,-15.6,1.56, , 
,1876.55,2624,84.0,-14.1,11101001,1876.91,2688,88.6,11.33,969.0,1876.22,-13.7,1.56, , 
,1877.56,2720,84.0,-14.1,11101001,1877.93,2752,88.6,12.36,969.0,1877.22,-12.9,1.48, , 
,1878.61,2848,84.0,-14.1,11101001,1878.94,2880,88.6,12.36,969.0,1878.28,-14.5,1.41, , 
,1879.60,2848,84.0,0.0,11111101,1879.93,2400,0.0,0.00,295.8,1879.28,-14.1,1.48, , 
,1880.61,1344,84.0,0.0,11101011,1880.98,1472,25.1,4.12,357.0,1880.28,0.0,3.91, , 
,1881.64,2176,84.0,0.0,11101001,1881.98,2208,16.1,2.06,244.8,1881.32,0.0,0.63, , 
,1882.65,2176,84.0,0.4,11101001,1882.99,2144,16.1,2.06,244.8,1882.32,0.8,1.52, , 
,1883.68,2144,84.0,3.5,11101001,1884.02,2112,14.9,2.06,244.8,1883.33,-2.3,1.37, , 
,1884.71,2112,84.0,3.9,11111101,1885.05,2080,0.0,0.00,244.8,1884.38,10.5,1.99, , 
,1885.74,2080,82.5,0.0,11111101,1886.07,2048,0.0,0.00,244.8,1885.39,0.0,3.20, , 
,1886.80,2016,84.0,0.0,11111101,1887.14,1984,0.0,0.00,244.8,1886.43,0.0,3.91, , 
,1887.87,1952,84.0,0.0,11101011,1888.24,2016,51.8,9.27,591.6,1887.51,0.0,3.98, , 
,1888.95,1952,84.0,0.0,11101011,1889.31,1984,73.7,11.33,826.2,1888.59,0.0,1.05, , 
,1890.04,2016,84.0,-3.1,11101001,1890.41,2016,62.0,8.24,714.0,1889.67,0.0,1.33, , 
,1891.14,2016,82.5,0.0,11101001,1891.50,2016,28.2,3.09,357.0,1890.76,0.0,1.68, , 
,1892.20,2016,82.5,0.0,11111101,1892.56,2016,0.0,0.00,244.8,1891.85,0.0,1.48, , 
,1893.24,1952,82.5,0.0,11101011,1893.58,1952,16.1,2.06,244.8,1892.91,0.0,3.48, , 
,1894.30,1920,82.5,0.0,11101011,1894.65,1920,16.1,2.06,244.8,1893.93,0.0,0.78, , 
,1895.38,1888,82.5,2.0,11101011,1895.75,1888,17.6,2.06,275.4,1895.02,0.0,1.68, , 
,1896.46,1856,82.5,-2.0,11101011,1896.84,1856,26.7,3.09,357.0,1896.11,1.2,1.45, , 
,1897.56,1856,82.5,-1.2,11101011,1897.93,1856,34.1,4.12,438.6,1897.20,-2.3,1.37, , 
,1898.65,1856,82.5,-2.3,11101011,1899.02,1856,31.0,4.12,418.2,1898.30,-1.6,1.48, , 
,1899.74,1856,82.5,-3.1,11101011,1900.11,1856,32.5,4.12,418.2,1899.36,-3.5,1.45, , 
,1900.86,1856,82.5,-2.3,11101011,1901.21,1856,32.5,4.12,418.2,1900.49,-3.1,1.52, , 
,1901.95,1856,82.5,0.0,11101011,1902.31,1856,41.2,5.15,520.2,1901.58,0.0,1.56, , 
,1903.05,1856,82.5,0.0,11101011,1903.40,1856,20.8,3.09,295.8,1902.68,0.0,1.56, , 
,1904.13,1856,82.5,-6.6,11101011,1904.50,1824,22.0,2.06,316.2,1903.76,-4.7,1.33, , 
,1905.24,1824,82.5,-6.6,11101011,1905.58,1824,29.4,3.09,397.8,1904.85,-5.9,1.52, , 
,1906.30,1824,82.5,-5.5,11101011,1906.65,1824,32.5,4.12,418.2,1905.93,-5.1,1.56, , 
,1907.40,1824,82.5,-2.3,11101011,1907.79,1824,42.7,6.18,520.2,1907.02,-4.3,1.60, , 
,1908.54,1824,82.5,3.9,11101011,1908.90,1824,48.6,7.21,591.6,1908.18,2.3,1.60, , 
,1909.64,1824,82.5,7.0,11101011,1910.02,1856,47.1,7.21,571.2,1909.27,6.6,1.52, , 
,1910.75,1856,82.5,7.4,11101011,1911.12,1856,48.6,7.21,591.6,1910.40,9.4,1.48, , 
,1911.86,1856,82.5,7.4,11101011,1912.22,1856,48.6,7.21,591.6,1911.49,7.4,1.37, , 
,1912.97,1856,81.0,0.0,11101011,1913.34,1824,19.2,2.06,295.8,1912.59,7.0,1.41, , 
,1914.06,1856,82.5,0.0,11111111,1914.40,1824,0.0,0.00,295.8,1913.72,0.0,1.52, , 
,1915.14,1792,82.5,0.0,11111111,1915.44,1792,0.0,0.00,295.8,1914.76,0.0,3.79, , 
,1916.17,1760,81.0,0.0,11111111,1916.51,1728,0.0,0.00,316.2,1915.79,0.0,3.98, , 
,1917.23,1696,81.0,0.0,11111111,1917.58,1664,0.0,0.00,316.2,1916.86,0.0,3.95, , 
,1918.27,1568,81.0,0.0,11111111,1918.59,1536,0.0,0.00,316.2,1917.92,0.0,3.95, , 
,1919.27,1504,81.0,0.0,11111111,1919.53,1472,0.0,0.00,316.2,1918.90,0.0,3.98, , 
,1920.08,1536,81.0,0.0,11101011,1920.44,1472,38.4,6.18,479.4,1919.82,0.0,3.98, , 
,1921.36,1472,81.0,0.4,11101011,1921.79,1472,44.3,6.18,550.8,1920.90,0.0,1.17, , 
,1922.47,1504,81.0,4.7,11101011,1922.77,1504,42.7,6.18,550.8,1922.06,3.9,1.60, , 
,1923.53,1504,81.0,6.6,11101011,1923.85,1504,44.3,6.18,550.8,1923.20,6.3,1.52, , 
,1924.58,1536,81.0,7.4,11101011,1924.94,1536,29.4,4.12,397.8,1924.22,7.8,1.48, , 
,1925.70,1536,81.0,2.3,11101011,1926.05,1504,22.0,3.09,316.2,1925.31,4.7,1.37, , 
,1926.76,1504,81.0,-4.3,11101011,1927.03,1504,20.8,2.06,316.2,1926.31,-2.0,1.25, , 
,1927.77,1504,81.0,-6.3,11101011,1928.03,1472,20.8,2.06,316.2,1927.49,-8.2,1.33, , 
,1928.80,1504,81.0,-5.1,11101011,1929.23,1504,38.4,4.12,479.4,1928.34,-2.3,1.48, , 
,1929.91,1504,81.0,0.0,11101011,1930.24,1536,75.3,10.30,867.0,1929.50,0.0,1.80, , 
,1930.95,1536,81.0,0.0,11101011,1931.30,1568,79.6,11.33,907.8,1930.58,0.0,1.60, , 
,1931.98,1600,81.0,1.2,11101011,1932.32,1600,78.4,11.33,907.8,1931.64,0.4,1.52, , 
,1933.03,1632,81.0,0.0,11111111,1933.38,1632,28.2,3.09,377.4,1932.67,0.0,1.56, , 
,1934.04,1568,81.0,0.0,11111111,1934.40,1536,22.0,3.09,316.2,1933.69,0.0,2.15, , 
,1935.12,1536,81.0,2.7,11111111,1935.46,1536,22.0,3.09,316.2,1934.80,4.7,1.41, , 
,1936.09,1504,81.0,1.6,11111111,1936.36,1472,22.0,3.09,316.2,1935.83,2.0,1.41, , 
,1937.00,1440,81.0,-0.4,11111111,1937.36,1440,22.0,3.09,336.6,1936.63,0.4,1.41, , 
,1938.02,1216,81.0,-0.8,11111111,1938.32,992,25.1,3.09,357.0,1937.71,0.0,1.45, , 
,1938.95,896,81.0,0.0,11111111,1939.25,896,28.2,3.09,397.8,1938.64,0.0,1.48, , 
,1939.88,896,81.0,0.4,11111111,1940.19,896,28.2,3.09,397.8,1939.57,0.0,1.52, , 
,1940.81,896,81.0,1.2,11111111,1941.11,896,28.2,4.12,397.8,1940.51,0.8,1.52, , 
,1941.71,896,81.0,2.3,11111111,1942.02,896,28.2,4.12,397.8,1941.40,2.0,1.56, , 
,1942.62,896,81.0,2.0,11111111,1942.93,896,28.2,3.09,397.8,1942.32,2.3,1.48, , 
,1943.55,896,81.0,1.2,11111111,1943.86,896,28.2,3.09,397.8,1943.23,1.6,1.45, , 
,1944.50,896,81.0,0.8,11111111,1944.82,896,28.2,3.09,397.8,1944.18,0.8,1.48, , 
,1945.44,896,81.0,0.8,11111111,1945.75,896,28.2,3.09,397.8,1945.13,0.8,1.48, , 
,1946.39,896,81.0,0.4,11111111,1946.70,896,26.7,3.09,397.8,1946.07,0.8,1.48, , 
,1947.45,1472,81.0,-2.0,11101011,1947.85,1376,25.1,3.09,336.6,1947.04,0.0,1.48, , 
,1948.70,1536,81.0,-0.4,11101011,1949.07,1536,54.5,8.24,632.4,1948.29,0.0,1.52, , 
,1949.76,1792,81.0,0.0,11101011,1950.11,1952,69.4,10.30,775.2,1949.42,0.0,1.09, , 
,1950.76,2240,81.0,-5.1,11101001,1951.11,2336,73.7,10.30,826.2,1950.44,-3.9,1.25, , 
,1951.79,2624,81.0,-9.0,11101001,1952.14,2752,65.1,8.24,734.4,1951.45,-8.2,1.41, , 
,1952.87,1760,81.0,0.0,11111111,1953.22,1312,25.1,4.12,336.6,1952.48,0.0,3.32, , 
,1953.97,1824,81.0,0.0,11101011,1954.34,1760,28.2,3.09,377.4,1953.59,0.0,1.95, , 
,1955.08,1760,81.0,-2.7,11101011,1955.46,1760,25.1,3.09,357.0,1954.71,-2.3,1.37, , 
,1956.14,1792,81.0,0.0,11101011,1956.52,1824,47.1,6.18,571.2,1955.80,0.0,1.45, , 
,1957.24,1888,81.0,0.0,11101011,1957.60,1920,51.8,7.21,612.0,1956.88,0.0,1.56, , 
,1958.28,1984,81.0,0.0,11101001,1958.63,2048,59.2,8.24,673.2,1957.94,0.0,1.41, , 
,1959.29,2112,81.0,-0.8,11101001,1959.65,2144,56.1,7.21,632.4,1958.95,-0.8,1.52, , 
,1960.35,2240,81.0,2.0,11101001,1960.68,2240,45.9,6.18,550.8,1960.01,0.8,1.52, , 
,1961.35,2304,81.0,3.1,11101001,1961.71,2304,45.9,6.18,550.8,1961.01,0.0,1.64, , 
,1962.41,2368,81.0,4.3,11101001,1962.79,2368,44.3,6.18,520.2,1962.06,3.9,1.56, , 
,1963.50,2432,81.0,4.3,11101001,1963.85,2432,42.7,6.18,499.8,1963.15,4.7,1.45, , 
,1964.56,2464,81.0,3.1,11101001,1964.92,2496,42.7,6.18,499.8,1964.22,3.5,1.45, , 
,1965.62,2528,81.0,0.4,11101001,1965.96,2560,41.2,6.18,499.8,1965.26,1.2,1.41, , 
,1966.68,2560,81.0,-2.0,11101001,1967.04,2560,36.9,4.12,459.0,1966.32,-0.8,1.45, , 
,1967.73,2560,81.0,0.0,11101001,1968.05,2560,17.6,2.06,244.8,1967.39,0.0,1.33, , 
,1968.71,2496,81.0,2.0,11111101,1969.04,2464,0.0,0.00,244.8,1968.39,-2.0,1.64, , 
,1969.69,2400,81.0,0.0,11111101,1970.02,2368,0.0,0.00,244.8,1969.35,0.0,3.52, , 
,1970.66,2304,81.0,0.0,11111101,1970.99,2240,17.6,3.09,244.8,1970.34,0.0,3.98, , 
,1971.67,2272,81.0,0.0,11101001,1972.00,2240,22.0,3.09,295.8,1971.32,0.0,0.59, , 
,1972.69,2240,81.0,-6.6,11101001,1973.02,2272,44.3,6.18,520.2,1972.34,-7.4,1.25, , 
,1973.68,2272,81.0,-0.4,11101001,1974.03,2304,29.4,3.09,377.4,1973.35,-2.0,1.60, , 
,1974.69,2272,81.0,-4.7,11101001,1975.02,2272,19.2,2.06,275.4,1974.36,0.0,1.41, , 
,1975.68,2304,81.0,-11.3,11101001,1976.01,2240,23.5,3.09,316.2,1975.35,-8.6,1.29, , 
,1976.70,2272,81.0,-10.2,11101001,1977.05,2272,34.1,4.12,418.2,1976.35,-11.3,1.52, , 
,1977.69,2272,81.0,-6.6,11101001,1978.02,2272,32.5,4.12,397.8,1977.38,-7.4,1.64, , 
,1978.65,2272,81.0,-5.1,11101001,1979.01,2272,32.5,4.12,418.2,1978.33,-6.3,1.52, , 
,1979.71,2304,81.0,-2.0,11101001,1980.05,2304,40.0,5.15,479.4,1979.36,-3.1,1.52, , 
,1980.72,2336,81.0,1.2,11101001,1981.05,2336,38.4,5.15,459.0,1980.37,1.2,1.52, , 
,1981.70,2368,81.0,-0.4,11101001,1982.03,2368,36.9,5.15,438.6,1981.38,0.4,1.41, , 
,1982.74,2400,82.5,-1.6,11101001,1983.09,2400,35.3,4.12,438.6,1982.42,-1.6,1.45, , 
,1983.76,2432,81.0,-3.9,11101001,1984.11,2464,35.3,4.12,438.6,1983.42,-3.5,1.48, , 
,1984.78,2432,81.0,0.0,11101001,1985.13,2432,17.6,2.06,244.8,1984.45,-4.7,1.45, , 
,1985.80,2368,82.5,-1.2,11101001,1986.12,2368,16.1,2.06,244.8,1985.46,-4.7,1.45, , 
,1986.80,2368,81.0,-5.5,11101001,1987.11,2336,19.2,2.06,275.4,1986.45,0.4,1.52, , 
,1987.77,2304,81.0,-10.9,11101001,1988.09,2336,20.8,2.06,295.8,1987.44,-6.3,1.48, , 
,1988.78,2304,82.5,-11.3,11101001,1989.10,2272,28.2,3.09,357.0,1988.43,-11.7,1.29, , 
,1989.77,2304,82.5,0.0,11101001,1990.11,2336,57.6,8.24,652.8,1989.45,-11.3,1.56, , 
,1990.77,2400,82.5,0.0,11101001,1991.09,2400,44.3,6.18,520.2,1990.45,-3.5,1.25, , 
,1991.78,2432,82.5,0.0,11101001,1992.12,2432,42.7,6.18,499.8,1991.43,0.8,1.52, , 
,1992.82,2496,82.5,0.0,11101001,1993.16,2496,40.0,5.15,479.4,1992.48,0.0,1.48, , 
,1993.83,2528,81.0,-0.4,11101001,1994.17,2528,38.4,5.15,459.0,1993.49,-0.4,1.48, , 
,1994.86,2560,82.5,-1.2,11101001,1995.18,2560,35.3,4.12,438.6,1994.52,-1.2,1.45, , 
,1995.83,1696,82.5,0.0,11111111,1996.15,1248,0.0,0.00,336.6,1995.54,0.0,2.97, , 
,1996.80,992,82.5,0.0,11111111,1997.06,992,25.1,4.12,377.4,1996.45,0.0,3.71, , 
,1997.68,928,82.5,0.0,11111111,1998.01,960,25.1,3.09,377.4,1997.36,0.0,0.98, , 
,1998.63,960,82.5,-1.2,11111111,1998.94,928,25.1,3.09,377.4,1998.33,0.0,1.02, , 
,1999.54,864,82.5,-2.3,11111111,1999.85,896,26.7,3.09,377.4,1999.24,-2.7,1.41, , 
,2000.48,864,82.5,-0.4,11111111,2000.79,896,26.7,3.09,377.4,2000.16,-1.2,1.56, , 
,2001.44,896,82.5,0.8,11111111,2001.75,896,26.7,3.09,377.4,2001.12,0.4,1.52, , 
,2002.34,896,82.5,1.6,11111111,2002.66,896,26.7,3.09,377.4,2002.05,1.6,1.48, , 
,2003.27,896,82.5,2.3,11111111,2003.58,864,26.7,3.09,377.4,2002.97,2.3,1.48, , 
,2004.18,896,82.5,2.7,11111111,2004.47,896,26.7,3.09,377.4,2003.87,2.7,1.48, , 
,2005.08,864,82.5,2.7,11111111,2005.40,896,26.7,3.09,377.4,2004.77,2.7,1.45, , 
,2006.11,1568,82.5,0.0,11101011,2006.45,1568,54.5,8.24,652.8,2005.76,0.0,1.60, , 
,2007.16,1600,82.5,0.0,11101011,2007.50,1632,67.8,10.30,795.6,2006.82,0.0,1.48, , 
,2008.20,1696,82.5,-3.1,11101011,2008.50,1504,0.0,0.00,438.6,2007.85,-2.0,1.37, , 
,2009.15,1184,82.5,0.0,11111111,2009.46,1152,23.5,3.09,357.0,2008.81,0.0,3.40, , 
,2010.05,960,82.5,0.0,11111111,2010.33,864,23.5,3.09,357.0,2009.74,0.0,0.94, , 
,2010.94,864,82.5,0.0,11111111,2011.23,896,26.7,3.09,397.8,2010.64,0.0,0.94, , 
,2011.86,896,82.5,-2.0,11111111,2012.16,864,26.7,3.09,397.8,2011.54,-0.8,1.25, , 
,2012.76,896,82.5,-3.1,11111111,2013.07,864,28.2,3.09,397.8,2012.46,-2.7,1.41, , 
,2013.71,864,82.5,-2.7,11111111,2014.00,896,28.2,3.09,397.8,2013.40,-3.1,1.48, , 
,2014.59,864,82.5,-2.0,11111111,2014.90,896,28.2,3.09,397.8,2014.30,-2.0,1.52, , 
,2015.54,896,82.5,-0.8,11111111,2015.85,864,28.2,3.09,397.8,2015.23,-1.2,1.48, , 
,2016.45,896,82.5,-0.4,11111111,2016.75,864,28.2,3.09,397.8,2016.15,-0.4,1.48, , 
,2017.36,896,82.5,0.4,11111111,2017.66,896,28.2,4.12,418.2,2017.05,0.0,1.48, , 
,2018.29,896,82.5,0.8,11111111,2018.60,896,28.2,4.12,397.8,2017.96,0.4,1.52, , 
,2019.21,896,82.5,0.8,11111111,2019.51,864,28.2,3.09,397.8,2018.91,0.8,1.52, , 
,2020.13,864,82.5,0.8,11101011,2020.41,864,29.4,4.12,418.2,2019.81,0.8,1.48, , 
,2021.04,896,82.5,-0.8,11101011,2021.34,896,28.2,3.09,397.8,2020.72,-1.2,1.41, , 
,2021.94,928,82.5,-3.1,11101011,2022.27,928,28.2,3.09,397.8,2021.66,-2.7,1.41, , 
,2022.84,928,82.5,-5.1,11101011,2023.14,960,29.4,3.09,397.8,2022.55,-4.7,1.45, , 
,2023.74,992,82.5,-3.1,11101011,2024.01,992,31.0,4.12,418.2,2023.46,-4.7,1.52, , 
,2024.65,1024,82.5,-2.0,11111111,2024.96,1056,25.1,3.09,377.4,2024.32,-1.6,1.60, , 
,2025.59,1024,82.5,-5.1,11111111,2025.89,960,25.1,3.09,377.4,2025.28,-5.1,1.41, , 
,2026.58,1280,82.5,0.0,11101011,2026.94,1632,44.3,6.18,550.8,2026.19,0.0,1.56, , 
,2027.69,1312,82.5,0.0,11101011,2028.01,1248,26.7,3.09,377.4,2027.36,0.0,1.52, , 
,2028.67,1376,82.5,-2.3,11111111,2029.00,1344,23.5,3.09,336.6,2028.34,-0.4,1.45, , 
,2029.63,1056,82.5,-2.0,11111111,2029.91,960,25.1,3.09,357.0,2029.34,-2.7,1.41, , 
,2030.51,896,82.5,-3.9,11111111,2030.82,864,28.2,3.09,397.8,2030.20,-3.1,1.37, , 
,2031.40,864,82.5,-5.5,11111111,2031.72,896,29.4,3.09,418.2,2031.11,-5.5,1.45, , 
,2032.31,896,82.5,-4.7,11101011,2032.61,864,31.0,3.09,418.2,2032.02,-5.1,1.52, , 
,2033.25,960,82.5,-2.0,11101011,2033.57,1088,32.5,4.12,438.6,2032.91,-3.5,1.56, , 
,2034.19,1152,82.5,-1.2,11101011,2034.50,1216,41.2,6.18,520.2,2033.88,-1.6,1.56, , 
,2035.21,1344,82.5,-1.2,11111111,2035.53,1440,0.0,0.00,336.6,2034.82,0.0,1.41, , 
,2036.17,1024,82.5,0.0,11111111,2036.46,992,26.7,3.09,377.4,2035.88,0.0,2.85, , 
,2037.03,896,82.5,0.0,11111111,2037.33,736,23.5,3.09,377.4,2036.72,0.0,1.25, , 
,2037.90,800,82.5,0.0,11111111,2038.21,800,29.4,4.12,438.6,2037.60,0.0,0.98, , 
,2038.81,800,82.5,-2.0,11111111,2039.11,800,28.2,3.09,418.2,2038.51,-0.8,1.29, , 
,2039.71,768,82.5,-4.7,11111111,2040.01,768,28.2,3.09,418.2,2039.40,-3.9,1.37, , 
,2040.60,800,82.5,-4.7,11111111,2040.88,800,29.4,3.09,418.2,2040.31,-5.1,1.48, , 
,2041.46,800,82.5,-3.5,11111111,2041.76,800,28.2,3.09,418.2,2041.16,-3.9,1.56, , 
,2042.37,800,82.5,-2.0,11111111,2042.69,768,28.2,3.09,418.2,2042.07,-2.7,1.56, , 
,2043.30,800,82.5,-1.2,10111111,2043.58,800,29.4,3.09,418.2,2042.99,-1.6,1.52, , 
,2044.16,800,82.5,-0.4,10111111,2044.45,768,28.2,3.09,418.2,2043.88,-0.8,1.52, , 
,2045.08,800,82.5,-0.4,10111111,2045.38,768,28.2,3.09,418.2,2044.77,-0.4,1.48, , 
,2046.01,768,82.5,-0.8,10111111,2046.31,768,29.4,3.09,418.2,2045.68,-0.8,1.48, , 
,2046.91,768,82.5,-1.2,10111111,2047.21,800,28.2,3.09,418.2,2046.61,-1.2,1.48, , 
,2047.80,800,82.5,-1.6,10111111,2048.09,800,28.2,3.09,418.2,2047.50,-1.6,1.48, , 
,2048.70,768,84.0,-2.0,10111111,2049.01,800,28.2,3.09,418.2,2048.41,-2.0,1.48, , 
,2049.61,800,82.5,-1.6,10111111,2049.90,800,28.2,3.09,418.2,2049.31,-1.6,1.48, , 
,2050.52,800,84.0,-1.2,10111111,2050.81,768,28.2,3.09,418.2,2050.22,-1.2,1.52, , 
,2051.40,800,84.0,-1.2,10111111,2051.70,800,28.2,3.09,418.2,2051.11,-1.2,1.48, , 
,2052.29,768,84.0,-2.0,10111111,2052.60,768,28.2,3.09,418.2,2052.00,-1.6,1.45, , 
,2053.23,768,84.0,-3.1,10111111,2053.54,800,28.2,3.09,418.2,2052.90,-2.7,1.45, , 
,2054.14,800,84.0,-3.1,10111111,2054.45,768,28.2,3.09,418.2,2053.85,-3.1,1.48, , 
,2055.07,800,84.0,-2.7,10111111,2055.39,800,28.2,3.09,418.2,2054.76,-2.7,1.52, , 
,2056.01,800,84.0,-1.6,10111111,2056.31,768,28.2,3.09,418.2,2055.70,-2.0,1.52, , 
,2056.91,800,84.0,-1.6,10111111,2057.21,768,28.2,3.09,418.2,2056.60,-1.6,1.52, , 
,2057.82,800,84.0,-1.2,10111111,2058.13,768,28.2,3.09,418.2,2057.52,-1.2,1.52, , 
,2058.73,800,84.0,-0.8,10111111,2059.04,800,28.2,3.09,418.2,2058.42,-0.8,1.52, , 
,2059.66,800,84.0,-1.2,10111111,2059.95,800,28.2,3.09,418.2,2059.35,-1.2,1.48, , 
,2060.56,768,84.0,-2.7,10111111,2060.86,800,28.2,3.09,418.2,2060.26,-2.3,1.41, , 
,2061.45,800,84.0,-3.9,10111111,2061.74,800,28.2,3.09,418.2,2061.15,-3.9,1.45, , 
,2062.33,768,84.0,-4.3,10111111,2062.62,800,28.2,3.09,418.2,2062.03,-4.3,1.48, , 
,2063.23,800,84.0,-3.9,10111111,2063.53,768,28.2,3.09,418.2,2062.93,-3.9,1.52, , 
,2064.15,768,84.0,-2.7,10111111,2064.46,768,29.4,3.09,418.2,2063.84,-3.1,1.52, , 
,2065.07,800,84.0,-1.6,10111111,2065.37,800,28.2,3.09,418.2,2064.77,-2.0,1.56, , 
,2065.98,768,84.0,-1.6,10111111,2066.30,800,28.2,3.09,418.2,2065.67,-1.6,1.52, , 
,2066.89,800,84.0,-1.6,10111111,2067.19,800,28.2,3.09,418.2,2066.60,-1.6,1.48, , 
,2067.78,800,84.0,-2.3,10111111,2068.07,800,28.2,3.09,418.2,2067.48,-2.0,1.45, , 
,2068.68,800,84.0,-2.7,10111111,2068.97,800,28.2,3.09,418.2,2068.37,-2.7,1.48, , 
,2069.56,800,84.0,-3.9,10111111,2069.88,768,28.2,3.09,418.2,2069.27,-3.5,1.45, , 
,2070.45,800,84.0,-4.3,10111111,2070.74,768,28.2,3.09,418.2,2070.16,-4.3,1.48, , 
,2071.32,768,85.5,-4.3,10111111,2071.61,768,28.2,3.09,418.2,2071.02,-4.3,1.48, , 
,2072.22,800,85.5,-3.9,10111111,2072.53,768,29.4,3.09,418.2,2071.91,-4.3,1.52, , 
,2073.11,768,85.5,-3.5,10111111,2073.43,768,29.4,3.09,418.2,2072.82,-3.5,1.52, , 
,2074.04,768,85.5,-3.1,10111111,2074.34,800,29.4,3.09,418.2,2073.73,-3.1,1.52, , 
,2074.96,768,85.5,-2.3,10111111,2075.26,800,28.2,3.09,418.2,2074.65,-2.7,1.52, , 
,2075.86,800,85.5,-2.0,10111111,2076.16,800,28.2,3.09,418.2,2075.57,-2.0,1.48, , 
,2076.77,800,85.5,-2.3,10111111,2077.06,800,28.2,3.09,418.2,2076.46,-2.3,1.48, , 
,2077.65,800,85.5,-2.7,10111111,2077.96,768,29.4,3.09,418.2,2077.36,-2.3,1.48, , 
,2078.56,800,85.5,-3.1,10111111,2078.85,768,28.2,3.09,418.2,2078.26,-2.7,1.48, , 
,2079.46,800,85.5,-3.5,10111111,2079.75,768,28.2,3.09,418.2,2079.15,-3.1,1.48, , 
,2080.36,800,85.5,-3.9,10111111,2080.66,800,29.4,3.09,418.2,2080.05,-3.9,1.48, , 
,2081.25,768,85.5,-3.9,10111111,2081.55,800,29.4,3.09,418.2,2080.96,-3.9,1.48, , 
,2082.15,768,85.5,-3.5,10111111,2082.45,800,28.2,3.09,418.2,2081.85,-3.5,1.52, , 
,2083.07,800,85.5,-3.5,10111111,2083.39,800,28.2,3.09,418.2,2082.76,-3.5,1.48, , 
,2084.01,800,85.5,-4.3,10111111,2084.32,800,28.2,3.09,418.2,2083.68,-3.9,1.45, , 
,2084.92,800,85.5,-5.1,10111111,2085.21,768,29.4,3.09,418.2,2084.62,-5.1,1.45, , 
,2085.81,800,85.5,-4.7,10111111,2086.11,768,28.2,3.09,418.2,2085.51,-5.1,1.48, , 
,2086.71,800,85.5,-4.7,10111111,2087.02,800,28.2,3.09,418.2,2086.41,-4.7,1.52, , 
,2087.61,768,85.5,-5.1,10111111,2087.90,768,29.4,3.09,418.2,2087.32,-5.1,1.48, , 
,2088.48,768,85.5,-4.7,10111111,2088.77,800,28.2,3.09,418.2,2088.19,-4.7,1.52, , 
,2089.37,800,85.5,-4.7,10111111,2089.66,800,28.2,3.09,418.2,2089.06,-4.7,1.48, , 
,2090.27,800,85.5,-4.7,10111111,2090.57,800,28.2,3.09,418.2,2089.96,-4.7,1.48, , 
,2091.14,800,85.5,-4.7,10111111,2091.43,768,28.2,3.09,418.2,2090.86,-4.7,1.48, , 
,2092.03,800,85.5,-5.1,10111111,2092.33,800,28.2,3.09,418.2,2091.73,-4.7,1.48, , 
,2092.91,768,85.5,-5.1,10111111,2093.20,768,29.4,3.09,418.2,2092.62,-5.1,1.48, , 
,2093.79,800,87.0,-4.7,10111111,2094.10,800,29.4,3.09,418.2,2093.49,-4.7,1.52, , 
,2094.69,768,85.5,-4.7,10111111,2094.98,768,29.4,3.09,418.2,2094.39,-4.7,1.48, , 
,2095.57,768,87.0,-4.7,10111111,2095.87,768,29.4,3.09,438.6,2095.28,-4.7,1.48, , 
,2096.45,800,87.0,-4.7,10111111,2096.75,800,29.4,3.09,418.2,2096.16,-4.7,1.52, , 
,2097.34,768,87.0,-4.7,10111111,2097.65,800,28.2,3.09,418.2,2097.05,-4.7,1.48, , 
,2098.25,768,87.0,-5.1,10111111,2098.54,768,29.4,3.09,418.2,2097.96,-5.1,1.48, , 
,2099.13,768,87.0,-5.5,10111111,2099.42,800,29.4,3.09,418.2,2098.84,-5.5,1.48, , 
,2100.00,800,87.0,-5.5,10111111,2100.30,768,29.4,3.09,418.2,2099.71,-5.5,1.48, , 
,2100.89,800,87.0,-5.5,10111111,2101.19,768,29.4,3.09,418.2,2100.60,-5.5,1.52, , 
,2101.79,800,87.0,-5.1,10111111,2102.09,768,29.4,3.09,418.2,2101.49,-5.1,1.52, , 
,2102.69,800,87.0,-5.1,10111111,2102.99,768,29.4,3.09,418.2,2102.39,-5.1,1.48, , 
,2103.59,768,87.0,-5.5,10111111,2103.88,768,29.4,3.09,418.2,2103.27,-5.5,1.48, , 
,2104.48,800,87.0,-5.5,10111111,2104.78,800,28.2,3.09,418.2,2104.18,-5.5,1.48, , 
,2105.38,800,87.0,-5.9,10111111,2105.68,800,29.4,3.09,418.2,2105.08,-5.9,1.48, , 
,2106.26,800,87.0,-5.9,10111111,2106.55,800,29.4,3.09,418.2,2105.97,-5.5,1.48, , 
,2107.16,768,87.0,-5.9,10111111,2107.46,768,29.4,3.09,418.2,2106.83,-5.5,1.48, , 
,2108.05,800,87.0,-5.5,10111111,2108.35,800,29.4,3.09,418.2,2107.75,-5.5,1.52, , 
,2108.92,800,87.0,-5.5,10111111,2109.22,768,29.4,3.09,438.6,2108.63,-5.5,1.48, , 
,2109.82,800,87.0,-5.5,10111111,2110.15,768,29.4,3.09,418.2,2109.52,-5.5,1.48, , 
,2110.74,800,87.0,-5.5,10111111,2111.04,768,29.4,3.09,418.2,2110.44,-5.5,1.48, , 
,2111.64,768,87.0,-5.9,10111111,2111.95,800,29.4,3.09,438.6,2111.34,-5.9,1.48, , 
,2112.54,768,87.0,-5.9,10111111,2112.84,800,29.4,3.09,418.2,2112.24,-5.9,1.48, , 
,2113.42,800,87.0,-5.9,10111111,2113.72,768,29.4,3.09,418.2,2113.14,-5.9,1.48, , 
,2114.34,768,87.0,-5.9,10111111,2114.64,800,29.4,3.09,438.6,2114.03,-5.9,1.52, , 
,2115.24,800,87.0,-5.9,10111111,2115.53,768,29.4,3.09,438.6,2114.93,-5.9,1.48, , 
,2116.13,800,87.0,-5.9,10111111,2116.42,768,29.4,3.09,418.2,2115.83,-5.9,1.52, , 
,2117.01,768,87.0,-5.9,10111111,2117.32,768,29.4,3.09,438.6,2116.71,-5.9,1.48, , 
,2117.93,800,87.0,-5.9,10111111,2118.24,800,29.4,3.09,418.2,2117.64,-5.9,1.52, , 
,2118.84,768,88.5,-6.3,10111111,2119.14,800,29.4,3.09,418.2,2118.54,-5.9,1.48, , 
,2119.75,768,87.0,-6.3,10111111,2120.04,800,29.4,3.09,438.6,2119.45,-6.3,1.48, , 
,2120.65,800,88.5,-7.8,10101011,2120.97,832,34.1,4.12,459.0,2120.34,-6.6,1.48, , 
,2121.62,1120,88.5,-7.0,10101011,2121.96,1152,25.1,3.09,357.0,2121.27,-6.3,1.60, , 
,2122.63,1152,88.5,-11.3,10101011,2122.95,1120,25.1,3.09,357.0,2122.31,-10.2,1.41, , 
,2123.53,1024,88.5,-12.9,10101011,2123.84,928,26.7,3.09,377.4,2123.27,-12.9,1.48, , 
,2124.40,736,88.5,-12.9,10111111,2124.71,768,31.0,3.09,438.6,2124.13,-13.3,1.52, , 
,2125.32,768,88.5,-10.5,10111111,2125.62,768,31.0,3.09,438.6,2125.01,-11.3,1.60, , 
,2126.23,768,88.5,-9.4,10111111,2126.54,768,36.9,4.12,479.4,2125.92,-9.8,1.52, , 
,2127.19,1568,88.5,0.0,10101011,2127.50,1472,0.0,0.00,377.4,2126.86,0.0,1.72, , 
,2128.12,960,88.5,0.0,10111111,2128.42,896,28.2,4.12,397.8,2127.82,0.0,3.01, , 
,2129.05,704,88.5,0.0,10111111,2129.34,768,31.0,4.12,438.6,2128.73,0.0,1.02, , 
,2129.94,800,88.5,0.0,10111111,2130.25,800,29.4,4.12,438.6,2129.64,0.0,0.59, , 
,2130.86,800,88.5,-4.3,10111111,2131.17,800,29.4,3.09,418.2,2130.56,-2.7,1.17, , 
,2131.82,1280,88.5,0.0,10101011,2132.18,1728,40.0,5.15,499.8,2131.49,0.0,1.37, , 
,2132.88,1472,88.5,-3.1,10101011,2133.26,1472,40.0,5.15,499.8,2132.53,-4.7,1.29, , 
,2133.92,1216,88.5,0.0,10111111,2134.24,1024,23.5,4.12,357.0,2133.60,0.0,1.37, , 
,2134.88,864,88.5,0.0,10101011,2135.15,896,44.3,6.18,571.2,2134.56,0.0,2.07, , 
,2135.79,1312,88.5,0.0,10101011,2136.11,1248,42.7,5.15,550.8,2135.47,0.0,1.05, , 
,2136.72,1024,88.5,-0.4,10101011,2137.03,992,50.2,7.21,632.4,2136.43,-2.7,1.52, , 
,2137.64,1056,88.5,0.8,10101011,2137.96,1216,36.9,5.15,479.4,2137.33,0.8,1.52, , 
,2138.59,1088,88.5,-0.4,10101011,2138.91,928,35.3,4.12,479.4,2138.26,-0.8,1.45, , 
,2139.53,800,88.5,-1.2,10101011,2139.83,800,35.3,4.12,499.8,2139.21,0.0,1.52, , 
,2140.42,864,88.5,-3.5,10101011,2140.73,864,35.3,4.12,479.4,2140.13,-2.7,1.41, , 
,2141.41,960,88.5,-2.0,10101011,2141.72,928,34.1,4.12,459.0,2141.06,-2.0,1.52, , 
,2142.36,1024,88.5,-4.3,10101011,2142.68,960,32.5,4.12,438.6,2142.07,-3.1,1.45, , 
,2143.32,1056,88.5,-5.1,10101011,2143.63,1088,28.2,3.09,397.8,2143.02,-5.1,1.48, , 
,2144.24,1088,88.5,-8.2,10111111,2144.56,1120,25.1,3.09,357.0,2143.93,-6.6,1.45, , 
,2145.20,1120,88.5,-9.4,10111111,2145.49,1024,25.1,3.09,357.0,2144.88,-10.2,1.41, , 
,2146.10,864,88.5,-10.2,10111111,2146.41,864,28.2,3.09,397.8,2145.79,-10.2,1.48, , 
,2146.99,896,90.0,-9.4,10111111,2147.28,896,28.2,3.09,418.2,2146.71,-9.8,1.52, , 
,2147.88,800,90.0,-7.4,10101011,2148.18,960,31.0,4.12,438.6,2147.58,-7.8,1.56, , 
,2148.86,1056,90.0,-6.6,10101011,2149.16,1120,28.2,3.09,397.8,2148.54,-5.9,1.56, , 
,2149.80,1280,90.0,-6.3,10101011,2150.13,1312,28.2,3.09,377.4,2149.49,-6.6,1.52, , 
,2150.84,1664,90.0,0.0,10101011,2151.20,1824,76.9,12.36,867.0,2150.49,-8.2,1.45, , 
,2151.85,2560,90.0,0.0,10101001,2152.21,2336,0.0,0.00,336.6,2151.52,0.0,0.94, , 
,2152.89,1312,90.0,0.0,10111111,2153.21,1184,23.5,4.12,336.6,2152.56,0.0,3.79, , 
,2153.85,1376,90.0,0.0,10111111,2154.19,1344,23.5,3.09,336.6,2153.52,0.0,2.11, , 
,2154.78,1024,90.0,0.0,10111111,2155.08,928,25.1,3.09,377.4,2154.50,0.0,0.86, , 
,2155.70,896,90.0,-2.0,10111111,2156.03,896,28.2,3.09,397.8,2155.39,-0.8,1.25, , 
,2156.66,896,90.0,-5.9,10111111,2156.96,864,28.2,3.09,397.8,2156.35,-4.7,1.25, , 
,2157.56,864,90.0,-7.8,10111111,2157.87,864,29.4,3.09,418.2,2157.26,-7.4,1.37, , 
,2158.47,896,90.0,-7.4,10111111,2158.77,896,28.2,3.09,418.2,2158.17,-7.4,1.48, , 
,2159.35,800,90.0,-6.6,10111111,2159.64,768,28.2,3.09,418.2,2159.07,-7.0,1.56, , 
,2160.25,768,90.0,-5.9,10101011,2160.53,864,47.1,7.21,571.2,2159.94,-5.9,1.56, , 
,2161.28,2016,90.0,0.0,10101001,2161.62,1664,31.0,4.12,397.8,2160.91,0.0,1.33, , 
,2162.32,1440,90.0,-5.9,10101011,2162.70,1472,35.3,4.12,459.0,2161.97,-4.3,1.29, , 
,2163.43,2080,90.0,0.0,10101001,2163.73,1664,54.5,7.21,652.8,2163.06,0.0,0.63, , 
,2164.46,1568,90.0,-7.0,10101011,2164.80,1792,66.3,9.27,775.2,2164.09,-3.9,1.37, , 
,2165.47,2400,90.0,0.0,10101001,2165.83,2304,0.0,0.00,357.0,2165.14,0.0,1.09, , 
,2166.47,1472,90.0,0.0,10101011,2166.80,1504,72.2,11.33,846.6,2166.13,0.0,3.67, , 
,2167.51,1632,90.0,0.0,10101011,2167.88,1760,73.7,10.30,846.6,2167.14,0.0,0.90, , 
,2168.59,1984,91.5,-10.9,10101011,2168.93,2080,65.1,8.24,754.8,2168.24,-7.8,1.33, , 
