Poniedzia³ek,21,Wrzesieñ,2026,06:33:46:00009-VCID:1C3761778CABCE7337-5178,Wersja VCDS: AKP 23.3.1,Wersja danych: 20230601 DS346.2
047 906 033 L,,1.4l SIMOS3PA   00HS5401,

,Grupa A:,'001,,,,Grupa B:,'002,,,,Grupa C:,'032
,,Obroty silnika,Temperatura,Lambda,Bity binarnie,,Obroty silnika,Obci¹¿enie,Czas wtrysku,Ciœnienie rzecz.,,Lambda,Lambda, , 
,CZAS,,,,,CZAS,,,,,CZAS,,,,
Znacznik,ZAPISU, /min,*C, %,,ZAPISU, /min, %, ms, mbar,ZAPISU, %, %,,
,0.01,0,13.5,0.0,10110110,0.27,0,0.0,0.00,989.4,0.53,99.2,0.0, , 
,0.80,0,13.5,0.0,10110110,1.06,0,0.0,0.00,989.4,1.33,99.2,0.0, , 
,1.59,0,13.5,0.0,10110110,1.87,0,0.0,0.00,989.4,2.15,99.2,0.0, , 
,2.43,0,13.5,0.0,10110110,2.69,0,0.0,0.00,989.4,2.95,99.2,0.0, , 
,3.22,0,13.5,0.0,10110110,3.48,0,0.0,0.00,989.4,3.75,99.2,0.0, , 
,4.02,0,13.5,0.0,10110110,4.29,0,0.0,0.00,989.4,4.56,99.2,0.0, , 
,4.83,0,13.5,0.0,10110110,5.10,0,0.0,0.00,989.4,5.36,99.2,0.0, , 
,5.63,0,13.5,0.0,10110110,5.90,0,0.0,0.00,989.4,6.18,99.2,0.0, , 
,6.44,0,13.5,0.0,10110110,6.70,0,0.0,0.00,989.4,6.98,99.2,0.0, , 
,7.25,0,13.5,0.0,10110110,7.52,0,0.0,0.00,989.4,7.78,99.2,0.0, , 
,8.05,0,13.5,0.0,10110110,8.32,0,0.0,0.00,989.4,8.58,99.2,0.0, , 
,8.85,0,13.5,0.0,10110110,9.11,0,0.0,0.00,989.4,9.38,99.2,0.0, , 
,9.65,0,13.5,0.0,10110110,9.93,0,0.0,0.00,989.4,10.19,99.2,0.0, , 
,10.46,0,13.5,0.0,10110110,10.73,0,0.0,0.00,989.4,11.01,99.2,0.0, , 
,11.29,0,13.5,0.0,10110110,11.56,0,0.0,0.00,989.4,11.83,99.2,0.0, , 
,12.10,0,13.5,0.0,10110110,12.36,0,0.0,0.00,989.4,12.63,99.2,0.0, , 
,12.90,0,13.5,0.0,10110110,13.18,0,0.0,0.00,989.4,13.44,99.2,0.0, , 
,13.71,0,13.5,0.0,10110110,13.97,0,0.0,0.00,989.4,14.24,99.2,0.0, , 
,14.50,0,13.5,0.0,10110110,14.77,0,0.0,0.00,989.4,15.03,99.2,0.0, , 
,15.30,0,13.5,0.0,10110110,15.57,0,0.0,0.00,989.4,15.83,99.2,0.0, , 
,16.10,0,13.5,0.0,10110110,16.36,0,0.0,0.00,989.4,16.63,99.2,0.0, , 
,16.89,0,13.5,0.0,10110110,17.16,0,0.0,0.00,989.4,17.43,99.2,0.0, , 
,17.70,0,13.5,0.0,10110110,17.98,0,0.0,0.00,989.4,18.26,99.2,0.0, , 
,18.53,0,13.5,0.0,10110110,18.80,0,0.0,0.00,989.4,19.06,99.2,0.0, , 
,19.33,0,13.5,0.0,10110110,19.60,0,0.0,0.00,989.4,19.86,99.2,0.0, , 
,20.13,0,13.5,0.0,10110110,20.39,0,0.0,0.00,989.4,20.66,99.2,0.0, , 
,20.92,0,13.5,0.0,10110110,21.19,0,0.0,0.00,989.4,21.45,99.2,0.0, , 
,21.73,0,13.5,0.0,10110110,22.00,0,0.0,0.00,989.4,22.27,99.2,0.0, , 
,22.54,0,13.5,0.0,10110110,22.82,0,0.0,0.00,989.4,23.08,99.2,0.0, , 
,23.35,0,13.5,0.0,10110110,23.61,0,0.0,0.00,989.4,23.88,99.2,0.0, , 
,24.14,0,13.5,0.0,10110110,24.41,0,0.0,0.00,989.4,24.68,99.2,0.0, , 
,24.94,0,13.5,0.0,10110110,25.21,0,0.0,0.00,989.4,25.47,99.2,0.0, , 
,25.74,0,13.5,0.0,10110110,26.00,0,0.0,0.00,989.4,26.27,99.2,0.0, , 
,26.53,160,13.5,0.0,10110110,26.80,160,100.0,90.64,989.4,27.12,99.2,0.0, , 
,27.42,1216,13.5,0.0,10110110,27.85,1472,60.4,15.45,652.8,28.18,0.0,0.0, , 
,28.51,1312,13.5,0.0,10110110,28.84,1216,45.9,11.33,499.8,29.14,0.0,0.0, , 
,29.46,1088,13.5,0.0,10110110,29.78,1120,51.8,12.36,571.2,30.09,0.0,0.0, , 
,30.41,1056,13.5,0.0,10110110,30.72,1056,51.8,12.36,571.2,31.04,0.0,0.0, , 
,31.34,1056,13.5,0.0,10110110,31.68,1056,51.8,11.33,571.2,31.99,0.0,0.0, , 
,32.29,1056,13.5,0.0,10110110,32.61,1056,50.2,11.33,571.2,32.92,0.0,0.0, , 
,33.24,1056,13.5,0.0,10110110,33.54,1056,50.2,10.30,571.2,33.84,0.0,0.0, , 
,34.17,1056,13.5,0.0,10110110,34.49,1056,48.6,10.30,550.8,34.80,0.0,0.0, , 
,35.11,1056,13.5,0.0,10110110,35.44,1056,48.6,9.27,550.8,35.75,0.0,0.0, , 
,36.06,1024,13.5,0.0,10110110,36.37,1056,47.1,9.27,550.8,36.70,0.0,0.0, , 
,37.02,1056,13.5,0.0,10110110,37.34,1024,47.1,9.27,520.2,37.68,0.0,0.0, , 
,37.98,1024,13.5,0.0,10110110,38.31,1024,47.1,9.27,520.2,38.64,0.0,0.0, , 
,38.96,1024,13.5,0.0,10110110,39.29,1024,47.1,8.24,520.2,39.60,0.0,0.0, , 
,39.92,1056,13.5,0.0,10100010,40.25,1152,40.0,7.21,459.0,40.56,0.0,0.0, , 
,40.87,1088,13.5,0.0,10100010,41.18,1056,42.7,8.24,499.8,41.49,0.0,0.0, , 
,41.80,1024,13.5,0.0,10100010,42.13,1120,60.4,15.45,652.8,42.46,0.0,0.0, , 
,42.79,1376,13.5,0.0,10100010,43.12,1376,50.2,9.27,550.8,43.44,0.0,0.0, , 
,43.76,960,13.5,0.0,10100010,44.07,896,62.0,16.48,673.2,44.35,0.0,0.0, , 
,44.67,1024,15.0,0.0,10100010,44.99,1088,44.3,7.21,499.8,45.29,0.0,0.0, , 
,45.61,1216,13.5,0.0,10110110,45.93,1216,38.4,6.18,438.6,46.24,0.0,0.0, , 
,46.58,1312,15.0,0.0,10110110,46.92,1184,36.9,6.18,438.6,47.25,0.0,0.0, , 
,47.54,992,15.0,0.0,10110110,47.87,992,44.3,7.21,499.8,48.20,0.0,0.0, , 
,48.53,992,15.0,0.0,10110110,48.85,1024,42.7,7.21,499.8,49.15,0.0,0.0, , 
,49.47,1024,15.0,0.0,10110110,49.77,992,45.9,11.33,499.8,50.09,0.0,0.0, , 
,50.41,1120,15.0,0.0,10100010,50.74,1088,56.1,13.39,612.0,51.07,0.0,0.0, , 
,51.39,1248,15.0,0.0,10100010,51.69,1120,50.2,10.30,571.2,51.99,0.0,0.0, , 
,52.31,960,15.0,0.0,10100010,52.67,1280,41.2,4.12,479.4,52.98,0.0,0.0, , 
,53.27,1024,15.0,0.0,10100010,53.58,928,47.1,9.27,520.2,53.89,0.0,0.0, , 
,54.20,864,15.0,0.0,10100010,54.51,864,54.5,9.27,612.0,54.81,0.0,0.0, , 
,55.09,928,15.0,0.0,10100010,55.39,992,57.6,10.30,632.4,55.70,0.0,0.0, , 
,56.04,1184,15.0,0.0,10100010,56.35,1312,62.0,11.33,652.8,56.75,0.0,0.0, , 
,57.11,1696,16.5,0.0,10100010,57.48,1920,67.8,10.30,693.6,57.84,0.0,0.0, , 
,58.17,2176,16.5,0.0,10110100,58.53,2112,25.1,3.09,316.2,58.86,0.0,0.0, , 
,59.18,1248,16.5,0.0,10100010,59.48,1184,56.1,18.54,591.6,59.81,0.0,0.0, , 
,60.15,1248,16.5,0.0,10100010,60.50,1248,56.1,10.30,612.0,60.81,0.0,0.0, , 
,61.15,1344,16.5,0.0,10100010,61.49,1408,57.6,10.30,612.0,61.93,0.0,0.0, , 
,62.25,1536,16.5,0.0,10101010,62.64,1600,56.1,8.24,612.0,63.01,0.0,0.0, , 
,63.39,1728,16.5,0.0,10101010,63.77,1792,51.8,8.24,550.8,64.13,0.0,0.0, , 
,64.47,1920,16.5,0.0,10101010,64.83,1984,65.1,10.30,652.8,65.17,0.0,0.0, , 
,65.51,2144,18.0,0.0,10101000,65.86,2208,66.3,10.30,673.2,66.18,0.0,0.0, , 
,66.52,2336,18.0,-3.1,10101000,66.86,2400,62.0,9.27,632.4,67.19,0.0,0.0, , 
,67.53,2528,18.0,-3.1,10101000,67.85,2592,57.6,8.24,591.6,68.15,0.0,0.0, , 
,68.48,1888,18.0,0.0,10111110,68.83,1184,38.4,11.33,438.6,69.14,0.0,0.0, , 
,69.47,1216,18.0,0.0,10111110,69.78,1184,35.3,5.15,418.2,70.10,0.0,0.0, , 
,70.41,1152,18.0,-3.1,10111110,70.73,1120,36.9,5.15,438.6,71.04,0.0,0.0, , 
,71.35,1056,18.0,-4.3,10111110,71.66,1024,40.0,5.15,459.0,71.92,0.0,0.0, , 
,72.23,992,18.0,-2.3,10111110,72.55,960,42.7,6.18,499.8,72.85,0.0,0.0, , 
,73.18,960,18.0,0.8,10111110,73.49,960,41.2,6.18,479.4,73.79,0.0,0.0, , 
,74.13,960,19.5,2.7,10111110,74.44,960,41.2,6.18,479.4,74.72,0.0,0.0, , 
,75.02,960,19.5,3.5,10111110,75.34,960,41.2,6.18,479.4,75.67,0.0,0.0, , 
,75.99,960,19.5,3.5,10111110,76.30,960,41.2,6.18,479.4,76.61,0.0,0.0, , 
,76.92,960,19.5,3.1,10111110,77.23,960,41.2,6.18,479.4,77.54,0.0,0.0, , 
,77.83,960,19.5,2.3,10111110,78.13,960,38.4,5.15,459.0,78.42,0.0,0.0, , 
,78.75,992,19.5,0.0,10101010,79.11,1376,66.3,17.51,693.6,79.51,0.0,0.0, , 
,79.86,1408,19.5,0.0,10101010,80.14,896,63.5,11.33,673.2,80.47,0.0,0.0, , 
,80.80,1376,19.5,0.0,10101010,81.08,1440,67.8,16.48,714.0,81.45,0.0,0.0, , 
,81.82,1952,19.5,0.0,10101010,82.17,2144,53.3,3.09,591.6,82.56,0.0,0.0, , 
,82.88,1216,21.0,0.0,10101010,83.21,1184,41.2,6.18,459.0,83.54,0.0,0.0, , 
,83.86,1216,21.0,0.0,10101010,84.20,1280,75.3,21.63,775.2,84.55,0.0,0.0, , 
,84.99,1472,21.0,0.0,10101010,85.34,1568,63.5,11.33,673.2,85.70,0.0,0.0, , 
,86.04,1728,21.0,-7.0,10101010,86.40,1792,59.2,9.27,632.4,86.76,0.0,0.0, , 
,87.12,1984,21.0,-14.1,10101010,87.47,2016,50.2,6.18,520.2,87.83,0.0,0.0, , 
,88.15,2144,21.0,-11.3,10101000,88.47,2208,44.3,6.18,479.4,88.80,0.0,0.0, , 
,89.15,2336,21.0,-4.7,10101000,89.49,2400,42.7,6.18,459.0,89.85,0.0,0.0, , 
,90.18,2496,21.0,-3.1,10101000,90.51,2432,0.0,0.00,316.2,90.82,0.0,0.0, , 
,91.17,1120,22.5,0.0,10111110,91.49,1184,36.9,6.18,438.6,91.79,0.0,0.0, , 
,92.09,1152,22.5,0.0,10111110,92.42,1184,34.1,5.15,418.2,92.79,0.0,0.0, , 
,93.14,1728,22.5,-9.4,10101010,93.50,1696,28.2,4.12,357.0,93.87,0.0,0.0, , 
,94.25,1760,22.5,-10.5,10101010,94.59,1728,28.2,4.12,336.6,94.94,0.0,0.0, , 
,95.33,1792,22.5,-9.4,10101010,95.73,1792,26.7,3.09,336.6,96.10,0.0,0.0, , 
,96.48,1824,22.5,-7.0,10101010,96.87,1856,26.7,3.09,316.2,97.25,0.0,0.0, , 
,97.59,1856,22.5,-3.1,10111110,97.94,1856,26.7,3.09,316.2,98.31,0.0,0.0, , 
,98.69,1824,22.5,0.8,10111110,99.06,1824,26.7,4.12,336.6,99.43,0.0,0.0, , 
,99.79,1824,24.0,4.3,10111110,100.15,1792,28.2,4.12,336.6,100.52,0.0,0.0, , 
,100.88,1824,24.0,5.9,10111110,101.25,1824,28.2,4.12,336.6,101.61,0.0,0.0, , 
,101.97,1824,24.0,6.3,10111110,102.33,1824,26.7,4.12,336.6,102.67,0.0,0.0, , 
,103.03,1856,24.0,5.9,10111110,103.40,1856,26.7,4.12,336.6,103.78,0.0,0.0, , 
,104.16,1792,24.0,5.5,10111110,104.52,1728,28.2,4.12,357.0,104.84,0.0,0.0, , 
,105.20,1664,24.0,7.4,10111110,105.54,1600,31.0,5.15,377.4,105.89,0.0,0.0, , 
,106.24,1472,24.0,9.0,10111110,106.57,1376,32.5,5.15,397.8,106.88,0.0,0.0, , 
,107.17,1024,24.0,9.4,10111110,107.46,1024,40.0,6.18,459.0,107.78,0.0,0.0, , 
,108.10,1024,24.0,9.8,10111110,108.42,1024,36.9,6.18,459.0,108.74,0.0,0.0, , 
,109.05,992,24.0,7.0,10111110,109.40,960,40.0,6.18,459.0,109.67,0.0,0.0, , 
,109.99,960,25.5,5.1,10111110,110.29,928,41.2,6.18,479.4,110.58,0.0,0.0, , 
,110.89,960,25.5,5.1,10111110,111.22,1024,38.4,6.18,459.0,111.52,0.0,0.0, , 
,111.88,1696,25.5,4.7,10101010,112.24,1696,29.4,4.12,357.0,112.57,0.0,0.0, , 
,112.95,1728,25.5,7.0,10101010,113.32,1824,36.9,6.18,418.2,113.69,0.0,0.0, , 
,114.06,1888,25.5,5.9,10101010,114.43,1952,32.5,5.15,377.4,114.77,0.0,0.0, , 
,115.12,2016,25.5,3.5,10101000,115.47,2080,35.3,5.15,397.8,115.82,0.0,0.0, , 
,116.16,2144,25.5,2.7,10101000,116.49,2176,26.7,4.12,316.2,116.83,0.0,0.0, , 
,117.16,2176,25.5,-2.7,10111100,117.50,2208,22.0,3.09,275.4,117.82,0.0,0.0, , 
,118.15,2176,25.5,-5.5,10111100,118.48,2176,22.0,3.09,275.4,118.83,0.0,0.0, , 
,119.19,2112,25.5,-0.8,10111100,119.53,2080,22.0,3.09,275.4,119.88,0.0,0.0, , 
,120.23,2016,27.0,1.2,10101000,120.60,2048,23.5,3.09,295.8,120.92,0.0,0.0, , 
,121.27,2144,27.0,5.9,10101000,121.61,2208,34.1,5.15,377.4,121.95,0.0,0.0, , 
,122.28,2304,27.0,13.3,10101000,122.63,2368,45.9,7.21,479.4,122.97,0.0,0.0, , 
,123.30,2528,27.0,0.0,10111100,123.66,1920,0.0,0.00,316.2,123.96,0.0,0.0, , 
,124.26,1184,27.0,0.0,10101010,124.60,1760,29.4,4.12,377.4,124.94,0.0,0.0, , 
,125.31,1856,27.0,-4.3,10101010,125.69,1824,40.0,6.18,459.0,126.05,0.0,0.0, , 
,126.42,1920,27.0,-2.3,10101010,126.79,1824,0.0,0.00,336.6,127.08,0.0,0.0, , 
,127.39,1120,27.0,0.0,10111110,127.71,1184,36.9,6.18,438.6,128.01,0.0,0.0, , 
,128.35,1152,27.0,0.0,10111110,128.65,1088,34.1,5.15,418.2,128.96,0.0,0.0, , 
,129.31,1056,27.0,-5.1,10111110,129.65,960,36.9,5.15,438.6,129.96,0.0,0.0, , 
,130.27,960,27.0,-5.5,10111110,130.58,928,38.4,5.15,459.0,130.89,0.0,0.0, , 
,131.21,896,27.0,-3.1,10111110,131.49,896,40.0,5.15,479.4,131.79,0.0,0.0, , 
,132.11,896,28.5,-0.8,10111110,132.43,896,38.4,5.15,459.0,132.76,0.0,0.0, , 
,133.06,928,28.5,1.2,10111110,133.41,992,36.9,5.15,459.0,133.79,0.0,0.0, , 
,134.18,1408,28.5,4.3,10101010,134.46,1440,53.3,12.36,571.2,134.78,0.0,0.0, , 
,135.14,1568,28.5,0.0,10101010,135.47,1664,71.0,12.36,734.4,135.84,0.0,0.0, , 
,136.21,1888,28.5,0.0,10101010,136.55,2016,76.9,12.36,775.2,136.88,0.0,0.0, , 
,137.21,2240,28.5,-0.8,10101000,137.54,2336,63.5,9.27,652.8,137.88,0.0,0.0, , 
,138.20,2496,28.5,0.0,10101000,138.55,2560,50.2,7.21,520.2,138.88,0.0,0.0, , 
,139.20,2688,28.5,0.8,10101000,139.54,2752,47.1,7.21,499.8,139.88,0.0,0.0, , 
,140.22,2048,28.5,0.0,10111100,140.55,1248,32.5,5.15,397.8,140.89,0.0,0.0, , 
,141.20,1056,28.5,0.0,10111110,141.51,1088,35.3,5.15,438.6,141.84,0.0,0.0, , 
,142.16,1088,30.0,-1.6,10111110,142.49,1056,35.3,5.15,438.6,142.80,0.0,0.0, , 
,143.11,960,30.0,-5.1,10111110,143.42,896,38.4,5.15,459.0,143.73,0.0,0.0, , 
,144.07,864,30.0,-2.3,10111110,144.39,896,40.0,5.15,479.4,144.70,0.0,0.0, , 
,145.01,896,30.0,0.8,10111110,145.33,928,40.0,5.15,479.4,145.63,0.0,0.0, , 
,145.92,896,30.0,3.1,10111110,146.25,896,40.0,5.15,479.4,146.57,0.0,0.0, , 
,146.86,896,30.0,3.9,10111110,147.17,928,38.4,5.15,479.4,147.47,0.0,0.0, , 
,147.77,896,30.0,3.9,10111110,148.08,896,38.4,5.15,459.0,148.38,0.0,0.0, , 
,148.69,896,30.0,3.5,10111110,149.01,896,38.4,5.15,459.0,149.31,0.0,0.0, , 
,149.61,864,30.0,3.9,10111110,149.93,896,38.4,5.15,459.0,150.24,0.0,0.0, , 
,150.56,896,30.0,3.1,10111110,150.88,896,36.9,5.15,459.0,151.17,0.0,0.0, , 
,151.49,896,31.5,2.7,10111110,151.80,896,36.9,5.15,459.0,152.12,0.0,0.0, , 
,152.44,864,31.5,2.3,10111110,152.74,896,36.9,5.15,459.0,153.04,0.0,0.0, , 
,153.34,864,31.5,2.3,10111110,153.65,864,38.4,5.15,459.0,153.93,0.0,0.0, , 
,154.24,896,31.5,3.1,10111110,154.54,864,38.4,5.15,459.0,154.84,0.0,0.0, , 
,155.14,896,31.5,3.5,10111110,155.45,864,34.1,5.15,438.6,155.76,0.0,0.0, , 
,156.07,864,31.5,2.7,10111110,156.36,832,35.3,5.15,459.0,156.67,0.0,0.0, , 
,156.97,864,31.5,1.2,10111110,157.29,864,36.9,5.15,459.0,157.58,0.0,0.0, , 
,157.88,864,31.5,-1.2,10111110,158.18,864,36.9,5.15,459.0,158.49,0.0,0.0, , 
,158.81,832,33.0,-0.4,10111110,159.10,832,36.9,5.15,459.0,159.38,0.0,0.0, , 
,159.67,864,33.0,1.6,10111110,159.98,864,36.9,5.15,459.0,160.30,0.0,0.0, , 
,160.59,864,33.0,2.7,10111110,160.89,832,36.9,5.15,459.0,161.20,0.0,0.0, , 
,161.49,864,33.0,3.5,10111110,161.81,864,36.9,5.15,459.0,162.12,0.0,0.0, , 
,162.43,864,33.0,3.9,10111110,162.71,864,38.4,5.15,459.0,163.01,0.0,0.0, , 
,163.31,864,33.0,3.9,10111110,163.59,864,36.9,5.15,459.0,163.91,0.0,0.0, , 
,164.22,864,33.0,3.5,10111110,164.53,864,36.9,5.15,459.0,164.85,0.0,0.0, , 
,165.16,864,33.0,2.7,10111110,165.47,864,36.9,5.15,459.0,165.78,0.0,0.0, , 
,166.10,864,33.0,2.7,10111110,166.39,864,36.9,5.15,459.0,166.70,0.0,0.0, , 
,167.03,864,33.0,2.7,10111110,167.34,864,38.4,5.15,459.0,167.65,0.0,0.0, , 
,167.95,864,33.0,3.1,10111110,168.26,864,36.9,5.15,459.0,168.56,0.0,0.0, , 
,168.86,864,34.5,3.1,10111110,169.17,864,36.9,5.15,459.0,169.49,0.0,0.0, , 
,169.79,864,34.5,3.1,10111110,170.09,864,36.9,5.15,459.0,170.41,0.0,0.0, , 
,170.72,864,34.5,3.1,10111110,171.03,864,38.4,5.15,459.0,171.35,0.0,0.0, , 
,171.64,864,34.5,3.9,10111110,171.95,864,38.4,5.15,459.0,172.26,0.0,0.0, , 
,172.56,864,34.5,3.5,10111110,172.87,864,38.4,5.15,459.0,173.17,0.0,0.0, , 
,173.49,864,34.5,3.1,10111110,173.78,864,38.4,5.15,459.0,174.09,0.0,0.0, , 
,174.39,864,34.5,2.7,10111110,174.70,864,38.4,5.15,479.4,175.00,0.0,0.0, , 
,175.31,864,34.5,2.7,10111110,175.62,864,36.9,5.15,459.0,175.90,0.0,0.0, , 
,176.21,864,34.5,2.7,10111110,176.53,864,36.9,5.15,459.0,176.84,0.0,0.0, , 
,177.15,832,34.5,2.7,10111110,177.46,864,38.4,5.15,479.4,177.77,0.0,0.0, , 
,178.08,864,34.5,3.5,10111110,178.39,864,38.4,5.15,459.0,178.70,0.0,0.0, , 
,179.01,864,34.5,3.5,10111110,179.30,864,38.4,5.15,459.0,179.58,0.0,0.0, , 
,179.89,832,34.5,3.1,10111110,180.21,864,38.4,5.15,479.4,180.51,0.0,0.0, , 
,180.80,864,36.0,3.5,10111110,181.11,864,36.9,5.15,459.0,181.42,0.0,0.0, , 
,181.73,832,36.0,3.1,10111110,182.02,832,41.2,6.18,499.8,182.35,0.0,0.0, , 
,182.66,1472,36.0,0.0,10101010,183.03,1504,47.1,7.21,550.8,183.35,0.0,0.0, , 
,183.65,832,36.0,0.0,10101010,183.95,1120,63.5,8.24,714.0,184.27,0.0,0.0, , 
,184.63,1536,36.0,0.0,10101010,184.97,1696,0.0,0.00,438.6,185.30,0.0,0.0, , 
,185.61,1184,36.0,0.0,10101010,185.94,1024,36.9,5.15,459.0,186.27,0.0,0.0, , 
,186.57,1024,36.0,0.0,10101010,186.89,1056,45.9,7.21,550.8,187.23,0.0,0.0, , 
,187.56,1152,36.0,0.0,10101010,187.89,1216,53.3,8.24,591.6,188.23,0.0,0.0, , 
,188.58,1344,36.0,3.1,10101010,188.89,1408,57.6,9.27,632.4,189.31,0.0,0.0, , 
,189.67,1568,36.0,10.9,10101010,190.03,1664,60.4,10.30,652.8,190.37,0.0,0.0, , 
,190.75,1824,36.0,9.8,10101010,191.10,1920,54.5,8.24,591.6,191.47,0.0,0.0, , 
,191.81,2080,36.0,0.0,10101000,192.14,2112,67.8,10.30,693.6,192.48,0.0,0.0, , 
,192.82,2304,36.0,0.8,10101000,193.15,2400,40.0,2.06,459.0,193.47,0.0,0.0, , 
,193.79,1088,36.0,0.0,10111110,194.12,1152,38.4,6.18,459.0,194.44,0.0,0.0, , 
,194.75,1152,36.0,0.0,10111110,195.06,1056,32.5,5.15,418.2,195.35,0.0,0.0, , 
,195.64,992,36.0,-6.6,10111110,195.95,960,35.3,5.15,438.6,196.25,0.0,0.0, , 
,196.55,960,36.0,-10.9,10111110,196.85,928,36.9,5.15,459.0,197.15,0.0,0.0, , 
,197.46,896,36.0,-9.8,10111110,197.76,896,38.4,5.15,479.4,198.06,0.0,0.0, , 
,198.37,896,36.0,-6.6,10111110,198.67,864,38.4,5.15,479.4,198.97,0.0,0.0, , 
,199.26,896,36.0,-4.3,10111110,199.57,864,40.0,5.15,479.4,199.85,0.0,0.0, , 
,200.15,896,36.0,-1.2,10111110,200.46,896,40.0,5.15,479.4,200.76,0.0,0.0, , 
,201.06,896,37.5,2.3,10101010,201.41,864,92.9,22.66,948.6,201.73,0.0,0.0, , 
,202.05,896,37.5,0.0,10101010,202.32,896,84.3,15.45,887.4,202.60,0.0,0.0, , 
,202.91,1056,37.5,0.0,10101010,203.24,1184,91.4,17.51,948.6,203.55,0.0,0.0, , 
,203.88,1376,37.5,0.0,10101010,204.31,1472,92.9,16.48,948.6,204.67,0.0,0.0, , 
,205.04,1728,37.5,0.0,10101010,205.42,1920,91.4,15.45,928.2,205.77,0.0,0.0, , 
,206.09,2176,37.5,-5.1,11101000,206.43,2272,85.5,13.39,867.0,206.77,0.0,0.0, , 
,207.12,2496,37.5,-3.1,11101000,207.48,2336,0.0,0.00,336.6,207.84,0.0,0.0, , 
,208.16,1024,37.5,0.0,11101010,208.55,1632,31.0,4.12,377.4,208.92,0.0,0.0, , 
,209.28,1632,37.5,0.0,11101010,209.62,1664,72.2,12.36,754.8,209.97,0.0,0.0, , 
,210.32,1760,37.5,0.0,11101010,210.70,1792,71.0,11.33,754.8,211.08,0.0,0.0, , 
,211.45,1856,39.0,0.0,11101010,211.81,1856,36.9,4.12,438.6,212.18,0.0,0.0, , 
,212.51,1856,39.0,0.0,11101010,212.88,1856,35.3,4.12,418.2,213.24,0.0,0.0, , 
,213.61,1888,39.0,0.0,11101010,213.98,1888,48.6,7.21,520.2,214.34,0.0,0.0, , 
,214.70,1856,39.0,1.6,11101010,215.06,1888,45.9,6.18,499.8,215.42,0.0,0.0, , 
,215.77,1920,39.0,0.8,11101010,216.14,1920,35.3,5.15,418.2,216.52,0.0,0.0, , 
,216.89,1888,39.0,-0.8,11101010,217.25,1888,35.3,5.15,418.2,217.61,0.0,0.0, , 
,217.98,1888,39.0,0.8,11101010,218.34,1888,35.3,5.15,418.2,218.69,0.0,0.0, , 
,219.05,1888,39.0,2.3,11101010,219.45,1888,35.3,5.15,418.2,219.83,0.0,0.0, , 
,220.22,1888,39.0,4.3,11101010,220.59,1856,36.9,5.15,438.6,220.95,0.0,0.0, , 
,221.33,1856,40.5,5.5,11101010,221.68,1856,36.9,5.15,438.6,222.06,0.0,0.0, , 
,222.42,1824,40.5,6.3,11101010,222.80,1824,38.4,5.15,438.6,223.19,0.0,0.0, , 
,223.58,1824,40.5,6.3,11101010,223.94,1824,38.4,5.15,459.0,224.31,0.0,0.0, , 
,224.66,1792,40.5,6.6,11101010,225.03,1792,48.6,7.21,520.2,225.39,0.0,0.0, , 
,225.78,1824,40.5,9.0,11101010,226.14,1856,51.8,8.24,571.2,226.51,0.0,0.0, , 
,226.89,1696,40.5,0.0,11111110,227.21,1024,35.3,5.15,438.6,227.51,0.0,0.0, , 
,227.81,1184,40.5,0.0,11111110,228.13,1152,31.0,4.12,397.8,228.43,0.0,0.0, , 
,228.79,992,40.5,-1.2,11111110,229.11,960,34.1,4.12,438.6,229.41,0.0,0.0, , 
,229.72,928,40.5,-3.5,11111110,230.05,928,36.9,5.15,459.0,230.36,0.0,0.0, , 
,230.68,896,40.5,-2.7,11111110,230.99,896,38.4,5.15,459.0,231.29,0.0,0.0, , 
,231.60,896,40.5,-0.4,11111110,231.90,896,36.9,5.15,459.0,232.22,0.0,0.0, , 
,232.52,864,42.0,1.6,11111110,232.82,896,36.9,5.15,459.0,233.14,0.0,0.0, , 
,233.48,1408,42.0,3.9,11101010,233.84,1376,32.5,5.15,397.8,234.17,0.0,0.0, , 
,234.51,1376,42.0,5.9,11101010,234.82,1440,41.2,6.18,479.4,235.14,0.0,0.0, , 
,235.50,1504,42.0,9.0,11101010,235.86,1568,40.0,6.18,459.0,236.21,0.0,0.0, , 
,236.59,1632,42.0,7.4,11111110,236.95,1664,28.2,4.12,357.0,237.32,0.0,0.0, , 
,237.66,1696,42.0,5.5,11111110,238.04,1664,26.7,4.12,336.6,238.39,0.0,0.0, , 
,238.73,1632,42.0,4.7,11111110,239.07,1600,28.2,4.12,357.0,239.42,0.0,0.0, , 
,239.76,1632,42.0,0.0,11101010,240.12,1664,56.1,10.30,612.0,240.49,0.0,0.0, , 
,240.86,1856,42.0,0.0,11101010,241.21,1984,69.4,10.30,714.0,241.57,0.0,0.0, , 
,241.90,2208,43.5,2.0,11101000,242.25,2272,69.4,11.33,714.0,242.57,0.0,0.0, , 
,242.93,2496,43.5,5.5,11101000,243.27,2368,0.0,0.00,336.6,243.64,0.0,0.0, , 
,243.95,1024,43.5,0.0,11111110,244.31,1472,35.3,5.15,438.6,244.66,0.0,0.0, , 
,245.03,1728,43.5,0.0,11101010,245.39,1728,31.0,4.12,377.4,245.77,0.0,0.0, , 
,246.17,1728,43.5,-3.5,11101010,246.54,1760,47.1,7.21,520.2,246.89,0.0,0.0, , 
,247.26,1792,43.5,0.0,11101010,247.65,1824,67.8,10.30,714.0,248.03,0.0,0.0, , 
,248.38,1888,43.5,3.1,11101010,248.75,1984,69.4,10.30,714.0,249.11,0.0,0.0, , 
,249.47,2080,43.5,5.1,11101000,249.80,2112,66.3,10.30,693.6,250.16,0.0,0.0, , 
,250.52,2208,43.5,7.4,11101000,250.85,2240,67.8,10.30,714.0,251.18,0.0,0.0, , 
,251.51,2336,43.5,7.4,11101000,251.82,2368,66.3,10.30,673.2,252.18,0.0,0.0, , 
,252.55,2464,43.5,6.3,11101000,252.90,2496,62.0,9.27,652.8,253.24,0.0,0.0, , 
,253.56,2272,43.5,0.0,11111100,253.93,1536,0.0,0.00,357.0,254.26,0.0,0.0, , 
,254.56,1248,43.5,0.0,11111110,254.90,1728,0.0,0.00,336.6,255.25,0.0,0.0, , 
,255.61,1856,43.5,0.0,11101010,255.94,1824,23.5,3.09,316.2,256.33,0.0,0.0, , 
,256.66,1824,43.5,0.0,11101010,257.05,1792,35.3,5.15,418.2,257.43,0.0,0.0, , 
,257.83,1792,43.5,5.1,11101010,258.19,1792,54.5,8.24,591.6,258.54,0.0,0.0, , 
,258.93,1824,43.5,7.4,11101010,259.31,1824,54.5,8.24,591.6,259.68,0.0,0.0, , 
,260.07,1824,43.5,7.4,11101010,260.44,1856,53.3,8.24,591.6,260.81,0.0,0.0, , 
,261.17,1888,43.5,6.6,11101010,261.53,1888,53.3,8.24,591.6,261.89,0.0,0.0, , 
,262.26,1920,43.5,5.5,11101010,262.60,1920,51.8,7.21,571.2,262.96,0.0,0.0, , 
,263.34,1952,45.0,4.7,11101010,263.72,1952,48.6,7.21,550.8,264.07,0.0,0.0, , 
,264.43,1984,45.0,5.5,11101010,264.79,1984,48.6,7.21,550.8,265.16,0.0,0.0, , 
,265.50,2016,45.0,5.9,11101000,265.84,2016,45.9,6.18,520.2,266.18,0.0,0.0, , 
,266.55,2016,45.0,6.6,11101000,266.91,2016,45.9,7.21,520.2,267.28,0.0,0.0, , 
,267.63,2048,45.0,7.0,11101000,267.99,2048,45.9,6.18,520.2,268.32,0.0,0.0, , 
,268.67,2048,45.0,7.0,11101000,269.03,2080,45.9,7.21,499.8,269.39,0.0,0.0, , 
,269.74,2080,45.0,7.8,11101000,270.07,2080,45.9,6.18,499.8,270.43,0.0,0.0, , 
,270.77,2112,45.0,7.8,11101000,271.09,2112,44.3,6.18,499.8,271.45,0.0,0.0, , 
,271.80,2112,45.0,8.2,11101000,272.13,2112,44.3,6.18,499.8,272.49,0.0,0.0, , 
,272.80,2144,45.0,7.4,11101000,273.15,2144,45.9,7.21,499.8,273.48,0.0,0.0, , 
,273.84,2176,46.5,7.8,11101000,274.19,2176,44.3,6.18,499.8,274.54,0.0,0.0, , 
,274.86,2176,46.5,7.8,11101000,275.20,2208,48.6,7.21,520.2,275.52,0.0,0.0, , 
,275.90,2208,46.5,7.4,11101000,276.25,2208,47.1,7.21,520.2,276.58,0.0,0.0, , 
,276.93,2240,46.5,7.8,11101000,277.25,2240,47.1,7.21,520.2,277.58,0.0,0.0, , 
,277.91,2272,46.5,7.8,11101000,278.27,2272,45.9,6.18,499.8,278.60,0.0,0.0, , 
,278.94,2272,46.5,7.8,11101000,279.30,2240,45.9,6.18,499.8,279.63,0.0,0.0, , 
,279.95,2240,46.5,8.2,11101000,280.29,2240,45.9,7.21,499.8,280.62,0.0,0.0, , 
,280.98,2272,46.5,6.3,11101000,281.33,2272,45.9,7.21,499.8,281.66,0.0,0.0, , 
,281.99,2272,46.5,6.3,11101000,282.35,2272,44.3,6.18,499.8,282.69,0.0,0.0, , 
,283.04,2304,46.5,5.9,11101000,283.35,2304,44.3,6.18,499.8,283.70,0.0,0.0, , 
,284.04,2272,46.5,6.3,11101000,284.39,2304,45.9,7.21,499.8,284.73,0.0,0.0, , 
,285.07,2304,46.5,5.9,11101000,285.42,2304,44.3,7.21,499.8,285.77,0.0,0.0, , 
,286.12,2304,46.5,5.9,11101000,286.46,2304,44.3,6.18,499.8,286.81,0.0,0.0, , 
,287.13,2304,46.5,5.5,11101000,287.52,2304,44.3,6.18,479.4,287.85,0.0,0.0, , 
,288.19,2304,46.5,4.7,11101000,288.55,2304,42.7,6.18,479.4,288.90,0.0,0.0, , 
,289.22,2336,46.5,4.7,11101000,289.54,2336,42.7,6.18,479.4,289.91,0.0,0.0, , 
,290.27,2336,46.5,4.7,11101000,290.59,2336,44.3,6.18,479.4,290.95,0.0,0.0, , 
,291.29,2336,48.0,4.7,11101000,291.64,2336,42.7,6.18,479.4,291.98,0.0,0.0, , 
,292.33,2336,48.0,4.7,11101000,292.66,2336,42.7,6.18,479.4,292.99,0.0,0.0, , 
,293.33,2336,48.0,4.3,11101000,293.68,2336,42.7,6.18,479.4,294.01,0.0,0.0, , 
,294.34,2336,48.0,4.3,11101000,294.68,2336,41.2,6.18,459.0,295.04,0.0,0.0, , 
,295.41,2336,48.0,4.7,11101000,295.75,2336,41.2,6.18,459.0,296.09,0.0,0.0, , 
,296.44,2336,48.0,4.3,11101000,296.78,2336,41.2,6.18,459.0,297.12,0.0,0.0, , 
,297.48,2336,48.0,4.7,11101000,297.85,2336,42.7,6.18,479.4,298.18,0.0,0.0, , 
,298.49,2368,48.0,5.9,11101000,298.85,2368,51.8,8.24,550.8,299.19,0.0,0.0, , 
,299.53,2368,48.0,6.6,11101000,299.88,2368,54.5,8.24,591.6,300.24,0.0,0.0, , 
,300.59,2400,48.0,5.9,11101000,300.95,2400,54.5,8.24,591.6,301.31,0.0,0.0, , 
,301.64,2400,48.0,4.7,11101000,301.97,2432,53.3,8.24,571.2,302.33,0.0,0.0, , 
,302.66,2432,48.0,3.1,11101000,303.00,2432,51.8,8.24,571.2,303.32,0.0,0.0, , 
,303.69,2432,48.0,1.6,11101000,304.04,2432,44.3,6.18,479.4,304.39,0.0,0.0, , 
,304.71,2368,49.5,0.0,11111100,305.02,1696,0.0,0.00,336.6,305.34,0.0,0.0, , 
,305.67,1120,49.5,0.0,11111110,306.00,1536,28.2,4.12,377.4,306.32,0.0,0.0, , 
,306.69,1824,49.5,0.0,11101010,307.07,1792,29.4,4.12,377.4,307.45,0.0,0.0, , 
,307.78,1792,49.5,-2.3,11101010,308.08,1792,31.0,4.12,397.8,308.43,0.0,0.0, , 
,308.79,1760,49.5,1.2,11101010,309.19,1760,36.9,5.15,438.6,309.54,0.0,0.0, , 
,309.90,1760,49.5,0.0,11101010,310.28,1760,53.3,8.24,591.6,310.62,0.0,0.0, , 
,310.95,1760,49.5,0.0,11101010,311.32,1760,38.4,5.15,459.0,311.68,0.0,0.0, , 
,312.05,1760,49.5,0.8,11101010,312.42,1760,36.9,5.15,438.6,312.80,0.0,0.0, , 
,313.16,1760,49.5,2.7,11101010,313.53,1728,38.4,5.15,459.0,313.89,0.0,0.0, , 
,314.25,1728,49.5,4.3,11101010,314.63,1728,40.0,6.18,459.0,314.99,0.0,0.0, , 
,315.34,1728,49.5,4.7,11101010,315.71,1728,53.3,7.21,591.6,316.08,0.0,0.0, , 
,316.44,1728,49.5,-9.4,11101010,316.81,1728,44.3,5.15,520.2,317.18,0.0,0.0, , 
,317.55,1728,49.5,-10.2,11101010,317.93,1728,38.4,5.15,459.0,318.31,0.0,0.0, , 
,318.67,1728,51.0,-10.9,11101010,319.02,1728,40.0,5.15,459.0,319.40,0.0,0.0, , 
,319.76,1728,51.0,-4.7,11101010,320.14,1728,44.3,6.18,520.2,320.49,0.0,0.0, , 
,320.86,1728,51.0,-3.1,11101010,321.24,1728,51.8,7.21,591.6,321.60,0.0,0.0, , 
,321.98,1728,51.0,-2.3,11101010,322.33,1728,51.8,7.21,591.6,322.70,0.0,0.0, , 
,323.05,1728,51.0,-0.4,11101010,323.42,1760,50.2,7.21,571.2,323.80,0.0,0.0, , 
,324.19,1760,51.0,-2.7,11101010,324.56,1760,50.2,7.21,571.2,324.94,0.0,0.0, , 
,325.30,1760,51.0,-5.5,11101010,325.69,1760,50.2,6.18,571.2,326.06,0.0,0.0, , 
,326.43,1760,51.0,-7.8,11101010,326.81,1760,45.9,6.18,520.2,327.18,0.0,0.0, , 
,327.54,1760,51.0,-7.4,11101010,327.91,1760,35.3,4.12,438.6,328.26,0.0,0.0, , 
,328.62,1728,51.0,-3.9,11101010,328.98,1728,25.1,3.09,336.6,329.32,0.0,0.0, , 
,329.69,1696,51.0,-14.1,11101010,330.09,1696,25.1,3.09,336.6,330.44,0.0,0.0, , 
,330.81,1664,51.0,-21.1,11101010,331.20,1664,26.7,3.09,357.0,331.58,0.0,0.0, , 
,331.93,1664,51.0,-21.9,11101010,332.28,1664,26.7,3.09,357.0,332.64,0.0,0.0, , 
,332.98,1632,51.0,-22.7,11101010,333.35,1632,28.2,3.09,357.0,333.70,0.0,0.0, , 
,334.06,1600,51.0,-22.3,11101010,334.42,1600,25.1,2.06,336.6,334.79,0.0,0.0, , 
,335.16,1600,52.5,-23.0,11101010,335.49,1600,25.1,2.06,336.6,335.84,0.0,0.0, , 
,336.19,1568,52.5,-22.7,11101010,336.56,1568,25.1,2.06,336.6,336.92,0.0,0.0, , 
,337.24,1568,52.5,-21.9,11101010,337.59,1536,25.1,2.06,336.6,337.95,0.0,0.0, , 
,338.30,1536,52.5,-20.3,11101010,338.66,1536,26.7,3.09,336.6,339.03,0.0,0.0, , 
,339.39,1536,52.5,-18.4,11101010,339.79,1504,28.2,3.09,357.0,340.12,0.0,0.0, , 
,340.45,1504,52.5,-16.0,11101010,340.86,1536,26.7,3.09,357.0,341.22,0.0,0.0, , 
,341.49,1504,52.5,-15.6,11101010,341.89,1504,26.7,3.09,357.0,342.28,0.0,0.0, , 
,342.57,1504,52.5,-16.0,11101010,342.91,1504,25.1,3.09,336.6,343.29,0.0,0.0, , 
,343.68,1504,52.5,-18.0,11101010,344.05,1536,25.1,3.09,336.6,344.42,0.0,0.0, , 
,344.77,1536,52.5,-17.6,11101010,345.13,1536,25.1,3.09,336.6,345.49,0.0,0.0, , 
,345.87,1536,52.5,-18.0,11101010,346.20,1536,26.7,3.09,336.6,346.57,0.0,0.0, , 
,346.91,1536,52.5,-15.6,11111110,347.27,1568,26.7,3.09,357.0,347.64,0.0,0.0, , 
,347.98,1568,52.5,-14.1,11111110,348.33,1568,26.7,3.09,357.0,348.69,0.0,0.0, , 
,349.05,1536,52.5,-12.9,11111110,349.39,1568,26.7,3.09,357.0,349.73,0.0,0.0, , 
,350.10,1568,52.5,-11.3,11111110,350.51,1536,26.7,3.09,357.0,350.85,0.0,0.0, , 
,351.21,1408,52.5,-9.4,11111110,351.55,1376,28.2,3.09,357.0,351.91,0.0,0.0, , 
,352.23,1248,52.5,-10.5,11111110,352.54,1184,29.4,3.09,377.4,352.86,0.0,0.0, , 
,353.18,1056,52.5,-9.0,11111110,353.48,992,32.5,4.12,418.2,353.79,0.0,0.0, , 
,354.06,992,52.5,-5.9,11111110,354.36,1024,34.1,4.12,438.6,354.67,0.0,0.0, , 
,355.00,1024,52.5,-7.0,11111110,355.33,1024,32.5,4.12,418.2,355.64,0.0,0.0, , 
,355.96,1120,52.5,-7.4,11111110,356.28,1344,26.7,3.09,357.0,356.57,0.0,0.0, , 
,356.89,1056,52.5,-10.5,11111110,357.19,1024,32.5,4.12,418.2,357.53,0.0,0.0, , 
,357.83,992,52.5,-9.4,11111110,358.09,992,34.1,4.12,438.6,358.40,0.0,0.0, , 
,358.76,960,52.5,-8.6,11111110,359.12,992,32.5,4.12,418.2,359.47,0.0,0.0, , 
,359.77,992,52.5,-7.4,11101010,360.08,1216,34.1,4.12,418.2,360.43,0.0,0.0, , 
,360.76,2304,52.5,-6.6,11101000,361.10,2336,20.8,2.06,275.4,361.45,0.0,0.0, , 
,361.77,2368,52.5,0.0,11101000,362.11,2400,53.3,8.24,571.2,362.44,0.0,0.0, , 
,362.78,2592,54.0,0.0,11101000,363.12,2688,71.0,11.33,734.4,363.47,0.0,0.0, , 
,363.82,2112,52.5,0.0,11111100,364.14,1440,26.7,4.12,357.0,364.50,0.0,0.0, , 
,364.88,1888,54.0,0.0,11101010,365.24,1888,67.8,14.42,714.0,365.59,0.0,0.0, , 
,365.93,2016,52.5,0.0,11101000,366.28,2144,84.3,14.42,867.0,366.61,0.0,0.0, , 
,366.95,2240,52.5,0.0,11101000,367.28,2336,84.3,13.39,867.0,367.61,0.0,0.0, , 
,367.95,2464,52.5,0.0,11101000,368.30,2528,90.2,14.42,907.8,368.61,0.0,0.0, , 
,368.92,2688,52.5,-11.7,11101000,369.27,2752,87.1,12.36,887.4,369.60,0.0,0.0, , 
,369.95,2304,52.5,0.0,11111100,370.32,1664,0.0,0.00,336.6,370.64,0.0,0.0, , 
,370.97,2144,52.5,0.0,11101000,371.31,2080,25.1,4.12,316.2,371.65,0.0,0.0, , 
,372.01,2112,52.5,0.0,11101000,372.36,2080,63.5,9.27,673.2,372.68,0.0,0.0, , 
,373.02,2144,52.5,0.0,11101000,373.36,2176,71.0,11.33,754.8,373.70,0.0,0.0, , 
,374.02,2208,52.5,0.0,11101000,374.35,2240,76.9,12.36,795.6,374.68,0.0,0.0, , 
,375.02,2272,52.5,-8.6,11101000,375.35,2336,81.2,12.36,846.6,375.70,0.0,0.0, , 
,376.02,2368,52.5,0.0,11101000,376.37,2432,91.4,15.45,928.2,376.71,0.0,0.0, , 
,377.04,2464,52.5,-13.7,11101000,377.39,2528,91.4,12.36,928.2,377.74,0.0,0.0, , 
,378.08,2560,52.5,-19.5,11101000,378.39,2624,90.2,11.33,928.2,378.74,0.0,0.0, , 
,379.08,2656,52.5,-20.7,11101000,379.40,2688,79.6,9.27,846.6,379.74,0.0,0.0, , 
,380.07,1664,52.5,0.0,11111110,380.39,1056,29.4,4.12,377.4,380.68,0.0,0.0, , 
,381.02,2112,54.0,0.0,11101000,381.39,2016,35.3,6.18,397.8,381.75,0.0,0.0, , 
,382.09,2048,54.0,0.0,11101000,382.44,2048,71.0,11.33,754.8,382.78,0.0,0.0, , 
,383.13,2048,54.0,-5.1,11101000,383.47,2080,76.9,12.36,826.2,383.80,0.0,0.0, , 
,384.14,2112,54.0,-9.4,11101000,384.48,2112,85.5,12.36,887.4,384.82,0.0,0.0, , 
,385.18,2144,54.0,-17.2,11101000,385.52,2144,87.1,11.33,907.8,385.85,0.0,0.0, , 
,386.18,2176,54.0,-24.2,11101000,386.52,2176,87.1,10.30,907.8,386.85,0.0,0.0, , 
,387.21,2208,54.0,-21.9,11101000,387.56,2240,84.3,10.30,887.4,387.89,0.0,0.0, , 
,388.22,2240,54.0,-19.1,11101000,388.55,2272,84.3,11.33,867.0,388.89,0.0,0.0, , 
,389.24,2304,54.0,-18.0,11101000,389.59,2304,84.3,10.30,867.0,389.93,0.0,0.0, , 
,390.27,2336,54.0,-16.8,11101000,390.61,2336,84.3,11.33,867.0,390.95,0.0,0.0, , 
,391.32,2368,54.0,0.0,11101000,391.64,2368,78.4,12.36,826.2,391.95,0.0,0.0, , 
,392.30,2400,54.0,-7.8,11101000,392.64,2400,78.4,11.33,795.6,392.98,0.0,0.0, , 
,393.34,2432,54.0,0.0,11101000,393.69,2432,65.1,9.27,693.6,394.06,0.0,0.0, , 
,394.40,2432,55.5,0.0,11101000,394.76,2432,51.8,7.21,571.2,395.11,0.0,0.0, , 
,395.46,2432,55.5,-4.7,11101000,395.84,2432,50.2,6.18,550.8,396.20,0.0,0.0, , 
,396.56,2432,55.5,-7.8,11101000,396.90,2432,50.2,6.18,550.8,397.24,0.0,0.0, , 
,397.59,2432,55.5,-10.5,11101000,397.96,2432,50.2,6.18,550.8,398.36,0.0,0.0, , 
,398.70,2432,55.5,-10.5,11101000,399.04,2432,50.2,6.18,550.8,399.39,0.0,0.0, , 
,399.73,2400,55.5,-9.0,11101000,400.08,2400,51.8,6.18,571.2,400.41,0.0,0.0, , 
,400.79,2400,55.5,-8.2,11101000,401.16,2400,53.3,7.21,571.2,401.54,0.0,0.0, , 
,401.86,2400,55.5,-7.8,11101000,402.20,2400,53.3,7.21,591.6,402.57,0.0,0.0, , 
,402.92,2400,55.5,-6.6,11101000,403.27,2400,53.3,7.21,591.6,403.64,0.0,0.0, , 
,403.98,2400,55.5,-6.6,11101000,404.34,2400,53.3,7.21,571.2,404.70,0.0,0.0, , 
,405.04,2400,55.5,-6.6,11101000,405.38,2400,53.3,7.21,571.2,405.75,0.0,0.0, , 
,406.09,2432,55.5,-6.6,11101000,406.43,2432,51.8,7.21,571.2,406.80,0.0,0.0, , 
,407.15,2432,57.0,-7.4,11101000,407.50,2432,53.3,6.18,571.2,407.86,0.0,0.0, , 
,408.24,2432,57.0,-9.8,11101000,408.61,2432,51.8,6.18,571.2,408.93,0.0,0.0, , 
,409.27,2432,57.0,-9.8,11101000,409.64,2432,51.8,7.21,571.2,409.99,0.0,0.0, , 
,410.35,2432,57.0,-8.6,11101000,410.71,2432,51.8,6.18,571.2,411.05,0.0,0.0, , 
,411.40,2432,57.0,-8.2,11101000,411.76,2432,51.8,7.21,571.2,412.13,0.0,0.0, , 
,412.48,2432,57.0,-7.8,11101000,412.83,2432,53.3,7.21,571.2,413.19,0.0,0.0, , 
,413.53,2432,57.0,-7.8,11101000,413.90,2432,53.3,7.21,571.2,414.26,0.0,0.0, , 
,414.62,2432,57.0,-7.8,11101000,414.95,2432,53.3,7.21,591.6,415.32,0.0,0.0, , 
,415.68,2432,57.0,-7.4,11101000,416.04,2432,57.6,7.21,632.4,416.39,0.0,0.0, , 
,416.71,2432,57.0,-5.5,11101000,417.07,2432,63.5,8.24,673.2,417.41,0.0,0.0, , 
,417.80,2432,57.0,-3.5,11101000,418.19,2432,63.5,9.27,673.2,418.53,0.0,0.0, , 
,418.89,2464,57.0,-1.2,11101000,419.24,2464,63.5,9.27,673.2,419.59,0.0,0.0, , 
,419.94,2464,57.0,0.0,11101000,420.33,2464,62.0,9.27,673.2,420.68,0.0,0.0, , 
,421.02,2464,57.0,0.0,11101000,421.34,2496,62.0,9.27,652.8,421.68,0.0,0.0, , 
,422.01,2496,57.0,-0.4,11101000,422.36,2496,59.2,8.24,632.4,422.72,0.0,0.0, , 
,423.08,2496,57.0,-2.0,11101000,423.40,2496,56.1,8.24,612.0,423.76,0.0,0.0, , 
,424.09,2496,57.0,-4.7,11101000,424.43,2496,56.1,7.21,612.0,424.76,0.0,0.0, , 
,425.12,2496,57.0,-6.6,11101000,425.43,2496,56.1,7.21,612.0,425.77,0.0,0.0, , 
,426.10,2496,58.5,-8.6,11101000,426.45,2496,56.1,7.21,612.0,426.78,0.0,0.0, , 
,427.11,2496,58.5,0.0,11101000,427.43,2496,47.1,6.18,520.2,427.79,0.0,0.0, , 
,428.13,2496,58.5,-4.3,11101000,428.49,2496,56.1,7.21,612.0,428.85,0.0,0.0, , 
,429.21,2496,58.5,-7.0,11101000,429.57,2496,63.5,8.24,673.2,429.89,0.0,0.0, , 
,430.23,2496,58.5,-4.3,11101000,430.59,2496,63.5,9.27,673.2,430.92,0.0,0.0, , 
,431.28,2496,58.5,-2.7,11101000,431.63,2496,63.5,9.27,673.2,431.98,0.0,0.0, , 
,432.32,2528,58.5,-1.6,11101000,432.67,2528,63.5,9.27,673.2,433.00,0.0,0.0, , 
,433.35,2528,58.5,-0.8,11101000,433.69,2528,63.5,9.27,673.2,434.04,0.0,0.0, , 
,434.40,2528,58.5,-0.8,11101000,434.75,2528,63.5,9.27,673.2,435.10,0.0,0.0, , 
,435.47,2528,58.5,-0.4,11101000,435.82,2528,62.0,9.27,673.2,436.17,0.0,0.0, , 
,436.51,2560,58.5,-1.2,11101000,436.86,2560,63.5,9.27,673.2,437.19,0.0,0.0, , 
,437.54,2560,58.5,-1.2,11101000,437.87,2560,62.0,9.27,673.2,438.22,0.0,0.0, , 
,438.55,2560,58.5,-1.2,11101000,438.86,2560,54.5,7.21,591.6,439.20,0.0,0.0, , 
,439.55,2560,58.5,-6.6,11101000,439.88,2560,54.5,7.21,591.6,440.21,0.0,0.0, , 
,440.55,2560,58.5,-6.6,11101000,440.86,2560,53.3,7.21,591.6,441.20,0.0,0.0, , 
,441.54,2560,58.5,-8.2,11101000,441.89,2560,54.5,7.21,591.6,442.21,0.0,0.0, , 
,442.56,2560,58.5,-8.6,11101000,442.92,2560,54.5,7.21,591.6,443.27,0.0,0.0, , 
,443.62,2560,58.5,-7.8,11101000,443.96,2560,54.5,7.21,591.6,444.32,0.0,0.0, , 
,444.67,2560,60.0,-7.4,11101000,445.02,2560,54.5,7.21,591.6,445.38,0.0,0.0, , 
,445.72,2560,60.0,-7.8,11101000,446.06,2560,54.5,7.21,591.6,446.39,0.0,0.0, , 
,446.73,2560,60.0,-7.0,11101000,447.07,2528,54.5,7.21,591.6,447.42,0.0,0.0, , 
,447.76,2528,60.0,-6.3,11101000,448.09,2528,54.5,7.21,591.6,448.43,0.0,0.0, , 
,448.77,2528,60.0,-6.3,11101000,449.14,2528,54.5,7.21,591.6,449.48,0.0,0.0, , 
,449.84,2528,60.0,-6.3,11101000,450.18,2528,54.5,7.21,591.6,450.52,0.0,0.0, , 
,450.86,2528,60.0,-4.7,11101000,451.21,2528,54.5,7.21,591.6,451.56,0.0,0.0, , 
,451.90,2528,60.0,-4.3,11101000,452.25,2528,54.5,7.21,591.6,452.60,0.0,0.0, , 
,452.95,2528,60.0,-4.7,11101000,453.29,2528,54.5,7.21,591.6,453.63,0.0,0.0, , 
,453.99,2528,60.0,-7.4,11101000,454.35,2528,62.0,8.24,673.2,454.71,0.0,0.0, , 
,455.07,2528,60.0,-0.8,11101000,455.43,2560,65.1,9.27,693.6,455.77,0.0,0.0, , 
,456.13,2560,60.0,1.6,11101000,456.48,2560,65.1,9.27,693.6,456.82,0.0,0.0, , 
,457.17,2560,60.0,1.6,11101000,457.53,2560,65.1,9.27,693.6,457.87,0.0,0.0, , 
,458.23,2560,60.0,1.6,11101000,458.57,2592,63.5,9.27,693.6,458.90,0.0,0.0, , 
,459.25,2592,60.0,2.3,11101000,459.56,2592,63.5,9.27,673.2,459.90,0.0,0.0, , 
,460.24,2592,60.0,-0.8,11101000,460.59,2592,53.3,7.21,591.6,460.93,0.0,0.0, , 
,461.28,2592,60.0,-4.7,11101000,461.61,2592,53.3,7.21,591.6,461.94,0.0,0.0, , 
,462.28,2592,60.0,-6.6,11101000,462.60,2592,54.5,7.21,591.6,462.96,0.0,0.0, , 
,463.31,2592,60.0,-7.8,11101000,463.65,2592,54.5,7.21,591.6,463.99,0.0,0.0, , 
,464.34,2592,60.0,-7.8,11101000,464.68,2592,54.5,7.21,591.6,465.03,0.0,0.0, , 
,465.34,2592,61.5,-7.8,11101000,465.69,2592,54.5,7.21,591.6,466.02,0.0,0.0, , 
,466.34,2592,61.5,-7.4,11101000,466.69,2592,54.5,7.21,591.6,467.01,0.0,0.0, , 
,467.35,2592,61.5,-7.4,11101000,467.70,2592,54.5,7.21,591.6,468.04,0.0,0.0, , 
,468.39,2592,61.5,-7.0,11101000,468.70,2592,54.5,7.21,591.6,469.01,0.0,0.0, , 
,469.36,2592,61.5,-5.1,11101000,469.69,2592,54.5,7.21,612.0,470.01,0.0,0.0, , 
,470.36,2592,61.5,-4.7,11101000,470.70,2592,56.1,7.21,612.0,471.05,0.0,0.0, , 
,471.37,2592,61.5,-4.3,11101000,471.71,2592,56.1,7.21,612.0,472.06,0.0,0.0, , 
,472.40,2592,61.5,-3.9,11101000,472.75,2592,56.1,7.21,612.0,473.07,0.0,0.0, , 
,473.43,2592,61.5,-3.5,11101000,473.75,2592,56.1,7.21,612.0,474.08,0.0,0.0, , 
,474.43,2592,61.5,-3.5,11101000,474.78,2592,56.1,7.21,612.0,475.11,0.0,0.0, , 
,475.46,2592,61.5,-3.9,11101000,475.80,2592,56.1,7.21,612.0,476.13,0.0,0.0, , 
,476.47,2592,61.5,-3.9,11101000,476.78,2592,56.1,7.21,612.0,477.12,0.0,0.0, , 
,477.45,2592,61.5,-3.5,11101000,477.79,2560,23.5,2.06,316.2,478.13,0.0,0.0, , 
,478.47,2528,61.5,0.0,11101000,478.80,2528,19.2,2.06,275.4,479.12,0.0,0.0, , 
,479.44,2496,63.0,-24.2,11101000,479.78,2496,22.0,2.06,295.8,480.12,0.0,0.0, , 
,480.47,2464,63.0,-29.3,11101000,480.80,2464,40.0,4.12,459.0,481.14,0.0,0.0, , 
,481.48,2464,63.0,-13.7,11101000,481.81,2432,41.2,5.15,459.0,482.14,0.0,0.0, , 
,482.50,2432,61.5,-8.2,11101000,482.83,2432,51.8,6.18,571.2,483.18,0.0,0.0, , 
,483.52,2432,63.0,-2.0,11101000,483.87,2432,51.8,7.21,571.2,484.21,0.0,0.0, , 
,484.59,2432,63.0,-2.0,11101000,484.97,2432,56.1,8.24,612.0,485.33,0.0,0.0, , 
,485.68,2432,63.0,-0.8,11101000,486.02,2432,54.5,7.21,612.0,486.39,0.0,0.0, , 
,486.72,2432,63.0,-1.6,11101000,487.08,2432,54.5,8.24,612.0,487.43,0.0,0.0, , 
,487.78,2432,63.0,0.0,11101000,488.13,2432,28.2,3.09,357.0,488.48,0.0,0.0, , 
,488.85,2400,63.0,0.0,11101000,489.24,2368,23.5,2.06,295.8,489.57,0.0,0.0, , 
,489.90,2336,63.0,-21.1,11101000,490.24,2336,23.5,2.06,316.2,490.57,0.0,0.0, , 
,490.91,2304,63.0,-10.9,11101000,491.26,2272,31.0,3.09,377.4,491.61,0.0,0.0, , 
,491.94,2240,63.0,-3.9,11101000,492.26,2208,32.5,3.09,397.8,492.60,0.0,0.0, , 
,492.95,2144,63.0,3.5,11101000,493.30,2144,48.6,5.15,550.8,493.65,0.0,0.0, , 
,493.99,2112,63.0,0.0,11101000,494.33,2080,63.5,6.18,693.6,494.66,0.0,0.0, , 
,494.99,2080,63.0,10.5,11101000,495.34,2080,63.5,7.21,693.6,495.70,0.0,0.0, , 
,496.06,2048,63.0,18.8,11101000,496.41,2048,65.1,8.24,714.0,496.75,0.0,0.0, , 
,497.11,2048,63.0,27.3,11101000,497.46,2048,65.1,9.27,714.0,497.82,0.0,0.0, , 
,498.18,2080,63.0,29.7,11101000,498.53,2080,63.5,9.27,693.6,498.87,0.0,0.0, , 
,499.22,2048,63.0,0.0,11101000,499.55,2048,36.9,3.09,438.6,499.90,0.0,0.0, , 
,500.25,2016,63.0,9.8,11101000,500.60,2080,32.5,3.09,397.8,500.96,0.0,0.0, , 
,501.30,2080,63.0,12.1,11101000,501.65,2080,32.5,3.09,397.8,501.99,0.0,0.0, , 
,502.33,2112,63.0,0.0,11101000,502.66,2112,45.9,4.12,520.2,502.99,0.0,0.0, , 
,503.32,2144,63.0,11.3,11101000,503.65,2144,44.3,5.15,520.2,504.00,0.0,0.0, , 
,504.33,2176,63.0,0.0,11101000,504.66,2176,25.1,2.06,316.2,504.99,0.0,0.0, , 
,505.32,2176,63.0,-1.2,11101000,505.66,2176,26.7,2.06,336.6,506.00,0.0,0.0, , 
,506.33,2176,63.0,3.9,11101000,506.68,2176,26.7,3.09,336.6,507.02,0.0,0.0, , 
,507.37,2144,63.0,-4.3,11111100,507.71,2144,17.6,2.06,275.4,508.06,0.0,0.0, , 
,508.41,2176,63.0,0.0,11101000,508.76,2144,73.7,9.27,795.6,509.12,0.0,0.0, , 
,509.45,2144,63.0,0.0,11101000,509.80,2144,78.4,9.27,826.2,510.14,0.0,0.0, , 
,510.47,2176,63.0,4.7,11101000,510.81,2176,78.4,10.30,846.6,511.16,0.0,0.0, , 
,511.50,2208,63.0,9.0,11101000,511.83,2208,66.3,6.18,714.0,512.16,0.0,0.0, , 
,512.47,2240,63.0,5.1,11101000,512.80,2240,75.3,9.27,795.6,513.14,0.0,0.0, , 
,513.47,2240,63.0,5.1,11101000,513.80,2240,75.3,9.27,795.6,514.14,0.0,0.0, , 
,514.48,2272,63.0,11.7,11101000,514.82,2272,75.3,10.30,795.6,515.16,0.0,0.0, , 
,515.49,2304,63.0,14.5,11101000,515.83,2304,75.3,10.30,795.6,516.16,0.0,0.0, , 
,516.50,2336,63.0,16.8,11101000,516.81,2336,72.2,10.30,754.8,517.13,0.0,0.0, , 
,517.49,2368,63.0,19.5,11101000,517.83,2368,79.6,9.27,846.6,518.16,0.0,0.0, , 
,518.54,2368,64.5,3.1,11101000,518.93,2400,81.2,10.30,846.6,519.29,0.0,0.0, , 
,519.62,2400,63.0,5.5,11101000,519.96,2400,81.2,11.33,846.6,520.32,0.0,0.0, , 
,520.66,2432,64.5,5.9,11101000,521.02,2464,79.6,10.30,846.6,521.40,0.0,0.0, , 
,521.75,2464,63.0,0.0,11101000,522.08,2528,23.5,1.03,316.2,522.42,0.0,0.0, , 
,522.74,2464,64.5,0.0,11111100,523.08,2400,0.0,0.00,275.4,523.45,0.0,0.0, , 
,523.78,2368,64.5,0.0,11111100,524.11,2368,0.0,0.00,244.8,524.43,0.0,0.0, , 
,524.75,2304,64.5,0.0,11111100,525.07,2304,0.0,0.00,275.4,525.40,0.0,0.0, , 
,525.74,2240,64.5,0.0,11111100,526.08,2208,0.0,0.00,275.4,526.41,0.0,0.0, , 
,526.76,2144,64.5,0.0,11111100,527.09,2144,0.0,0.00,275.4,527.43,0.0,0.0, , 
,527.78,2080,64.5,0.0,11111100,528.12,2080,0.0,0.00,275.4,528.47,0.0,0.0, , 
,528.81,2016,64.5,0.0,11111100,529.17,1984,0.0,0.00,275.4,529.50,0.0,0.0, , 
,529.84,1952,64.5,0.0,11111110,530.21,1920,0.0,0.00,275.4,530.58,0.0,0.0, , 
,530.93,1856,64.5,0.0,11111110,531.27,1824,0.0,0.00,316.2,531.59,0.0,0.0, , 
,531.93,1760,64.5,0.0,11111110,532.26,1344,0.0,0.00,357.0,532.58,0.0,0.0, , 
,532.92,1056,64.5,0.0,11111110,533.24,1088,31.0,5.15,418.2,533.61,0.0,0.0, , 
,533.94,1792,64.5,0.0,11111110,534.27,2144,0.0,0.00,275.4,534.62,0.0,0.0, , 
,534.98,2080,64.5,0.0,11101000,535.33,2048,17.6,3.09,275.4,535.67,0.0,0.0, , 
,536.01,2016,64.5,0.0,11101000,536.38,2016,25.1,3.09,336.6,536.74,0.0,0.0, , 
,537.10,2016,64.5,-16.4,11101000,537.46,1984,20.8,2.06,295.8,537.82,0.0,0.0, , 
,538.18,1952,64.5,-26.2,11111110,538.55,1952,0.0,0.00,275.4,538.89,0.0,0.0, , 
,539.25,1888,64.5,0.0,11111110,539.57,1856,0.0,0.00,295.8,539.95,0.0,0.0, , 
,540.32,1792,64.5,0.0,11111110,540.69,1728,0.0,0.00,336.6,541.03,0.0,0.0, , 
,541.38,1696,64.5,0.0,11111110,541.68,1408,0.0,0.00,357.0,542.02,0.0,0.0, , 
,542.34,992,64.5,0.0,11111110,542.67,1024,32.5,5.15,438.6,543.02,0.0,0.0, , 
,543.37,1440,64.5,0.0,11101010,543.74,1440,90.2,17.51,989.4,544.17,0.0,0.0, , 
,544.51,1504,63.0,0.0,11101010,544.85,1536,91.4,16.48,989.4,545.22,0.0,0.0, , 
,545.57,1600,63.0,0.0,11101010,545.92,1664,92.9,15.45,989.4,546.27,0.0,0.0, , 
,546.63,1728,63.0,-14.1,11101010,546.99,1760,92.9,12.36,989.4,547.32,0.0,0.0, , 
,547.69,1792,63.0,-22.3,11101010,548.06,1856,92.9,11.33,989.4,548.42,0.0,0.0, , 
,548.76,1920,63.0,-25.4,11101010,549.13,1952,94.5,11.33,989.4,549.47,0.0,0.0, , 
,549.81,2016,63.0,-25.8,11101000,550.15,2048,94.5,11.33,989.4,550.50,0.0,0.0, , 
,550.82,2112,63.0,-24.6,11101000,551.17,2144,94.5,12.36,989.4,551.50,0.0,0.0, , 
,551.83,2208,63.0,-22.7,11101000,552.16,2240,94.5,12.36,989.4,552.49,0.0,0.0, , 
,552.81,2304,63.0,-19.5,11101000,553.16,2336,96.1,13.39,989.4,553.53,0.0,0.0, , 
,553.86,2432,63.0,-16.8,11101000,554.20,2464,94.5,13.39,989.4,554.57,0.0,0.0, , 
,554.91,2528,63.0,-15.6,11101000,555.22,2560,94.5,13.39,969.0,555.54,0.0,0.0, , 
,555.88,2656,63.0,-14.8,11101000,556.21,2688,94.5,13.39,969.0,556.53,0.0,0.0, , 
,556.85,2752,63.0,-15.2,11101000,557.19,2784,94.5,13.39,969.0,557.54,0.0,0.0, , 
,557.88,2848,63.0,-16.4,11101000,558.19,2880,81.2,7.21,887.4,558.52,0.0,0.0, , 
,558.88,1792,63.0,0.0,11111110,559.19,1248,26.7,4.12,357.0,559.52,0.0,0.0, , 
,559.86,2144,63.0,0.0,11101000,560.20,2144,25.1,4.12,336.6,560.54,0.0,0.0, , 
,560.91,2112,63.0,0.0,11101000,561.25,2144,63.5,9.27,693.6,561.57,0.0,0.0, , 
,561.92,2144,63.0,-1.6,11101000,562.26,2144,62.0,9.27,673.2,562.61,0.0,0.0, , 
,562.95,2176,63.0,-1.6,11101000,563.28,2176,66.3,9.27,714.0,563.62,0.0,0.0, , 
,563.96,2176,63.0,-4.3,11101000,564.33,2208,69.4,9.27,734.4,564.66,0.0,0.0, , 
,564.99,2208,63.0,-7.4,11101000,565.34,2208,71.0,9.27,754.8,565.69,0.0,0.0, , 
,566.03,2240,64.5,-9.0,11101000,566.38,2240,73.7,10.30,775.2,566.74,0.0,0.0, , 
,567.09,2272,64.5,-4.3,11101000,567.44,2272,72.2,10.30,775.2,567.77,0.0,0.0, , 
,568.11,2272,64.5,-3.5,11101000,568.44,2304,72.2,10.30,754.8,568.80,0.0,0.0, , 
,569.13,2304,64.5,-2.0,11101000,569.47,2304,71.0,10.30,754.8,569.79,0.0,0.0, , 
,570.14,2336,64.5,-1.6,11101000,570.46,2336,66.3,9.27,714.0,570.80,0.0,0.0, , 
,571.14,2336,64.5,0.0,11101000,571.50,2336,63.5,9.27,693.6,571.84,0.0,0.0, , 
,572.18,2336,64.5,3.1,11101000,572.54,2368,63.5,9.27,693.6,572.89,0.0,0.0, , 
,573.24,2368,64.5,3.9,11101000,573.58,2368,62.0,9.27,673.2,573.96,0.0,0.0, , 
,574.30,2368,64.5,4.7,11101000,574.66,2368,65.1,9.27,693.6,574.98,0.0,0.0, , 
,575.30,2368,64.5,-3.1,11101000,575.63,2400,71.0,10.30,754.8,575.97,0.0,0.0, , 
,576.33,2400,64.5,-6.6,11101000,576.69,2400,72.2,10.30,754.8,577.05,0.0,0.0, , 
,577.39,2432,64.5,-9.0,11101000,577.74,2432,72.2,9.27,754.8,578.08,0.0,0.0, , 
,578.44,2432,64.5,-8.2,11101000,578.80,2464,71.0,10.30,754.8,579.16,0.0,0.0, , 
,579.52,2464,64.5,0.0,11101000,579.87,2464,62.0,9.27,673.2,580.23,0.0,0.0, , 
,580.59,2464,64.5,-1.6,11101000,580.95,2464,62.0,9.27,673.2,581.31,0.0,0.0, , 
,581.65,2496,66.0,-2.0,11101000,581.99,2496,63.5,9.27,673.2,582.32,0.0,0.0, , 
,582.65,2496,66.0,-2.7,11101000,583.00,2496,63.5,9.27,673.2,583.34,0.0,0.0, , 
,583.68,2528,66.0,-4.3,11101000,584.03,2528,67.8,9.27,714.0,584.38,0.0,0.0, , 
,584.71,2528,66.0,-5.5,11101000,585.03,2528,69.4,9.27,734.4,585.35,0.0,0.0, , 
,585.71,2560,66.0,-6.3,11101000,586.07,2560,69.4,10.30,734.4,586.40,0.0,0.0, , 
,586.75,2560,66.0,-6.6,11101000,587.10,2560,71.0,10.30,754.8,587.45,0.0,0.0, , 
,587.78,2592,66.0,-7.4,11101000,588.13,2592,69.4,9.27,734.4,588.48,0.0,0.0, , 
,588.81,2624,66.0,-5.1,11101000,589.14,2624,67.8,9.27,714.0,589.46,0.0,0.0, , 
,589.79,2624,66.0,0.0,11101000,590.11,2624,53.3,7.21,591.6,590.44,0.0,0.0, , 
,590.78,2624,66.0,-2.3,11101000,591.11,2624,53.3,7.21,591.6,591.45,0.0,0.0, , 
,591.78,2624,66.0,-5.5,11101000,592.11,2624,53.3,7.21,591.6,592.43,0.0,0.0, , 
,592.76,2624,66.0,-7.0,11101000,593.10,2624,53.3,7.21,591.6,593.46,0.0,0.0, , 
,593.78,2624,66.0,-7.0,11101000,594.10,2624,53.3,7.21,591.6,594.43,0.0,0.0, , 
,594.75,2592,66.0,-9.0,11101000,595.11,2592,53.3,7.21,591.6,595.45,0.0,0.0, , 
,595.79,2592,66.0,-8.6,11101000,596.14,2592,53.3,7.21,591.6,596.49,0.0,0.0, , 
,596.84,2592,66.0,-7.8,11101000,597.18,2592,53.3,7.21,591.6,597.53,0.0,0.0, , 
,597.88,2592,66.0,-5.1,11101000,598.23,2592,53.3,7.21,591.6,598.58,0.0,0.0, , 
,598.93,2592,66.0,-5.1,11101000,599.27,2592,34.1,4.12,397.8,599.61,0.0,0.0, , 
,599.96,2560,66.0,0.0,11101000,600.32,2528,25.1,3.09,316.2,600.67,0.0,0.0, , 
,601.00,2528,66.0,-16.4,11101000,601.32,2496,23.5,2.06,295.8,601.68,0.0,0.0, , 
,602.04,2496,66.0,-22.3,11101000,602.40,2496,41.2,6.18,479.4,602.76,0.0,0.0, , 
,603.11,2464,67.5,0.0,11101000,603.46,2464,54.5,7.21,612.0,603.83,0.0,0.0, , 
,604.18,2464,67.5,-2.0,11101000,604.54,2464,50.2,6.18,571.2,604.90,0.0,0.0, , 
,605.25,2464,67.5,-2.7,11101000,605.60,2464,47.1,6.18,550.8,605.95,0.0,0.0, , 
,606.31,2464,67.5,-3.1,11101000,606.66,2432,36.9,5.15,438.6,606.98,0.0,0.0, , 
,607.30,2432,67.5,0.0,11111100,607.62,2400,19.2,2.06,275.4,607.95,0.0,0.0, , 
,608.27,2368,67.5,0.0,11111100,608.59,2368,0.0,0.00,244.8,608.92,0.0,0.0, , 
,609.25,2336,67.5,0.0,11111100,609.56,2304,0.0,0.00,244.8,609.89,0.0,0.0, , 
,610.23,2272,67.5,0.0,11111100,610.58,2240,0.0,0.00,275.4,610.93,0.0,0.0, , 
,611.26,2176,67.5,0.0,11111100,611.60,2112,0.0,0.00,244.8,611.96,0.0,0.0, , 
,612.31,2048,67.5,0.0,11111100,612.67,2016,0.0,0.00,275.4,613.03,0.0,0.0, , 
,613.38,1920,67.5,0.0,11111110,613.73,1888,0.0,0.00,295.8,614.07,0.0,0.0, , 
,614.45,1792,67.5,0.0,11111110,614.81,1760,0.0,0.00,316.2,615.17,0.0,0.0, , 
,615.52,1696,67.5,0.0,11111110,615.83,1696,0.0,0.00,336.6,616.15,0.0,0.0, , 
,616.48,1664,67.5,0.0,11111110,616.82,1504,0.0,0.00,336.6,617.14,0.0,0.0, , 
,617.43,928,67.5,0.0,11111110,617.72,960,36.9,6.18,479.4,618.08,0.0,0.0, , 
,618.42,1920,67.5,0.0,11101010,618.79,1952,19.2,2.06,275.4,619.16,0.0,0.0, , 
,619.53,1888,67.5,0.0,11101010,619.91,1888,56.1,9.27,632.4,620.27,0.0,0.0, , 
,620.61,1856,67.5,0.0,11101010,620.98,1856,44.3,6.18,520.2,621.36,0.0,0.0, , 
,621.74,1824,67.5,-1.2,11101010,622.11,1792,0.0,0.00,418.2,622.42,0.0,0.0, , 
,622.76,1056,67.5,0.0,11111110,623.07,1184,29.4,4.12,397.8,623.38,0.0,0.0, , 
,623.67,992,67.5,0.0,11111110,623.98,928,28.2,4.12,397.8,624.28,0.0,0.0, , 
,624.61,960,67.5,-1.2,11111110,624.88,992,28.2,3.09,397.8,625.18,0.0,0.0, , 
,625.48,928,67.5,-5.5,11111110,625.79,928,29.4,3.09,397.8,626.10,0.0,0.0, , 
,626.41,896,67.5,-7.0,11111110,626.70,896,29.4,3.09,418.2,627.03,0.0,0.0, , 
,627.35,896,67.5,-7.0,11111110,627.64,896,29.4,3.09,418.2,627.95,0.0,0.0, , 
,628.27,896,67.5,-6.6,11111110,628.58,896,29.4,3.09,418.2,628.88,0.0,0.0, , 
,629.17,896,67.5,-5.9,11111110,629.49,864,29.4,3.09,397.8,629.82,0.0,0.0, , 
,630.15,896,67.5,-5.9,11111110,630.46,896,29.4,3.09,397.8,630.76,0.0,0.0, , 
,631.09,896,67.5,-4.3,11111110,631.41,896,29.4,3.09,418.2,631.72,0.0,0.0, , 
,632.02,896,67.5,-5.5,11111110,632.32,896,29.4,3.09,418.2,632.62,0.0,0.0, , 
,632.92,896,67.5,-5.5,11111110,633.22,896,29.4,3.09,397.8,633.51,0.0,0.0, , 
,633.83,896,67.5,-4.7,11111110,634.15,928,29.4,3.09,397.8,634.50,0.0,0.0, , 
,634.84,1152,67.5,0.0,11101010,635.18,1120,34.1,4.12,438.6,635.50,0.0,0.0, , 
,635.80,1152,67.5,-2.3,11101010,636.11,1216,42.7,6.18,520.2,636.45,0.0,0.0, , 
,636.77,1280,67.5,0.0,11101010,637.11,1376,67.8,11.33,775.2,637.38,0.0,0.0, , 
,637.70,1536,67.5,0.0,11101010,638.05,1600,69.4,10.30,775.2,638.40,0.0,0.0, , 
,638.76,1792,67.5,0.0,11101010,639.12,1920,69.4,9.27,775.2,639.47,0.0,0.0, , 
,639.82,2112,67.5,-2.0,11101000,640.17,2208,73.7,10.30,795.6,640.50,0.0,0.0, , 
,640.86,2432,67.5,-5.1,11101000,641.18,2528,76.9,10.30,795.6,641.53,0.0,0.0, , 
,641.88,2752,67.5,-8.6,11101000,642.24,2848,84.3,11.33,867.0,642.55,0.0,0.0, , 
,642.91,1984,67.5,0.0,11111110,643.27,1728,25.1,4.12,336.6,643.64,0.0,0.0, , 
,644.02,1856,67.5,0.0,11101010,644.39,1856,45.9,6.18,550.8,644.75,0.0,0.0, , 
,645.11,1888,67.5,0.0,11101010,645.46,1920,63.5,9.27,693.6,645.82,0.0,0.0, , 
,646.18,2016,67.5,0.0,11101000,646.52,2080,72.2,10.30,775.2,646.85,0.0,0.0, , 
,647.20,2144,67.5,-5.5,11101000,647.53,2208,72.2,9.27,775.2,647.86,0.0,0.0, , 
,648.19,2304,67.5,-4.3,11101000,648.52,2336,71.0,9.27,754.8,648.84,0.0,0.0, , 
,649.17,2432,67.5,-1.6,11101000,649.50,2464,67.8,9.27,734.4,649.83,0.0,0.0, , 
,650.15,2560,67.5,0.0,11101000,650.48,2560,54.5,7.21,612.0,650.80,0.0,0.0, , 
,651.12,2624,67.5,-0.8,11101000,651.47,2624,50.2,7.21,571.2,651.81,0.0,0.0, , 
,652.15,2688,67.5,-1.2,11101000,652.48,2688,50.2,6.18,550.8,652.82,0.0,0.0, , 
,653.19,2720,67.5,0.0,11111100,653.54,2208,0.0,0.00,295.8,653.87,0.0,0.0, , 
,654.19,1088,67.5,0.0,11111110,654.52,1312,29.4,5.15,377.4,654.87,0.0,0.0, , 
,655.24,1952,66.0,0.0,11101010,655.60,1920,25.1,3.09,336.6,655.98,0.0,0.0, , 
,656.34,1888,67.5,-14.1,11101010,656.72,1888,31.0,3.09,397.8,657.09,0.0,0.0, , 
,657.47,1856,66.0,0.0,11101010,657.83,1856,44.3,6.18,520.2,658.20,0.0,0.0, , 
,658.58,1888,66.0,-0.4,11101010,658.96,1888,38.4,4.12,459.0,659.31,0.0,0.0, , 
,659.69,1856,66.0,0.0,11101010,660.06,1856,34.1,4.12,418.2,660.44,0.0,0.0, , 
,660.81,1824,67.5,-4.7,11101010,661.18,1824,40.0,5.15,479.4,661.54,0.0,0.0, , 
,661.92,1824,67.5,-4.3,11101010,662.28,1824,38.4,4.12,459.0,662.66,0.0,0.0, , 
,663.03,1728,67.5,0.0,11111110,663.34,1152,26.7,4.12,377.4,663.68,0.0,0.0, , 
,664.02,1152,67.5,0.0,11111110,664.35,1088,26.7,4.12,357.0,664.64,0.0,0.0, , 
,664.95,960,67.5,0.0,11111110,665.25,960,29.4,4.12,397.8,665.56,0.0,0.0, , 
,665.89,960,67.5,-4.3,11111110,666.19,928,28.2,3.09,397.8,666.49,0.0,0.0, , 
,666.82,896,67.5,-7.0,11111110,667.13,960,29.4,3.09,397.8,667.44,0.0,0.0, , 
,667.74,1440,67.5,-10.2,11101010,668.07,2240,19.2,2.06,275.4,668.42,0.0,0.0, , 
,668.77,2176,67.5,-19.5,11101000,669.12,2144,34.1,3.09,397.8,669.46,0.0,0.0, , 
,669.78,2112,67.5,-19.9,11101000,670.13,2144,51.8,5.15,571.2,670.46,0.0,0.0, , 
,670.79,2176,67.5,-12.1,11101000,671.14,2208,38.4,4.12,459.0,671.49,0.0,0.0, , 
,671.82,2240,67.5,-8.6,11101000,672.15,2272,56.1,8.24,632.4,672.49,0.0,0.0, , 
,672.84,2400,67.5,-2.7,11101000,673.19,2496,73.7,10.30,775.2,673.50,0.0,0.0, , 
,673.83,2688,67.5,-6.6,11101000,674.15,2752,72.2,10.30,775.2,674.48,0.0,0.0, , 
,674.81,2176,67.5,0.0,11111100,675.17,1632,23.5,4.12,316.2,675.56,0.0,0.0, , 
,675.91,1824,69.0,0.0,11101010,676.26,1824,69.4,11.33,754.8,676.62,0.0,0.0, , 
,676.99,1824,67.5,0.0,11101010,677.34,1888,78.4,12.36,867.0,677.71,0.0,0.0, , 
,678.05,1952,67.5,-8.2,11101010,678.40,1984,79.6,11.33,867.0,678.74,0.0,0.0, , 
,679.07,2112,67.5,-13.3,11101000,679.44,2112,79.6,10.30,867.0,679.78,0.0,0.0, , 
,680.12,2176,67.5,-16.8,11101000,680.47,2240,81.2,10.30,867.0,680.80,0.0,0.0, , 
,681.12,2304,67.5,-19.1,11101000,681.46,2336,88.6,11.33,928.2,681.80,0.0,0.0, , 
,682.15,2400,67.5,-19.9,11101000,682.51,2432,88.6,11.33,928.2,682.89,0.0,0.0, , 
,683.26,2528,67.5,-19.1,11101000,683.59,2560,87.1,11.33,928.2,683.93,0.0,0.0, , 
,684.26,2624,67.5,0.0,11101000,684.60,2624,73.7,11.33,775.2,684.94,0.0,0.0, , 
,685.29,2688,67.5,-8.6,11101000,685.64,2720,87.1,12.36,907.8,685.99,0.0,0.0, , 
,686.32,2752,67.5,0.0,11101000,686.67,2304,0.0,0.00,316.2,687.00,0.0,0.0, , 
,687.39,1952,67.5,0.0,11101010,687.75,1888,28.2,4.12,357.0,688.13,0.0,0.0, , 
,688.49,1856,67.5,0.0,11101010,688.84,1888,88.6,15.45,948.6,689.21,0.0,0.0, , 
,689.57,1856,67.5,0.0,11101010,689.94,1856,88.6,14.42,969.0,690.30,0.0,0.0, , 
,690.66,1888,67.5,-14.8,11101010,691.04,1920,91.4,12.36,989.4,691.41,0.0,0.0, , 
,691.77,1920,67.5,-23.8,11101010,692.12,1920,91.4,11.33,989.4,692.49,0.0,0.0, , 
,692.85,1920,69.0,-26.6,11101010,693.20,1920,91.4,11.33,989.4,693.57,0.0,0.0, , 
,693.92,1952,69.0,-26.6,11101010,694.27,1952,91.4,11.33,989.4,694.63,0.0,0.0, , 
,694.98,1984,69.0,-25.8,11101010,695.34,1984,92.9,11.33,989.4,695.72,0.0,0.0, , 
,696.07,1984,69.0,-24.6,11101010,696.41,1984,91.4,10.30,969.0,696.76,0.0,0.0, , 
,697.13,1984,69.0,-21.5,11101000,697.47,1984,90.2,11.33,969.0,697.83,0.0,0.0, , 
,698.17,2016,69.0,-19.5,11101000,698.52,2016,90.2,11.33,969.0,698.87,0.0,0.0, , 
,699.21,2048,69.0,-18.8,11101000,699.56,2048,88.6,11.33,948.6,699.92,0.0,0.0, , 
,700.26,2080,69.0,-18.8,11101000,700.60,2080,76.9,11.33,846.6,700.93,0.0,0.0, , 
,701.27,2112,69.0,-5.9,11101000,701.62,2112,69.4,9.27,754.8,701.98,0.0,0.0, , 
,702.33,2112,69.0,-5.9,11101000,702.68,2112,62.0,8.24,693.6,703.04,0.0,0.0, , 
,703.39,2112,70.5,-8.2,11101000,703.75,2080,54.5,7.21,612.0,704.11,0.0,0.0, , 
,704.47,2080,70.5,-9.8,11101000,704.83,2048,54.5,7.21,632.4,705.17,0.0,0.0, , 
,705.52,2048,70.5,-10.9,11101000,705.86,2048,57.6,7.21,652.8,706.21,0.0,0.0, , 
,706.56,2048,70.5,-11.3,11101000,706.91,2016,57.6,7.21,652.8,707.26,0.0,0.0, , 
,707.61,2016,70.5,-10.9,11101000,707.96,2016,57.6,7.21,652.8,708.30,0.0,0.0, , 
,708.67,2016,70.5,-9.4,11101000,709.03,2016,57.6,7.21,652.8,709.38,0.0,0.0, , 
,709.74,2016,70.5,-8.6,11101000,710.08,2016,62.0,8.24,693.6,710.45,0.0,0.0, , 
,710.80,2016,70.5,-4.3,11101000,711.14,2016,63.5,9.27,714.0,711.48,0.0,0.0, , 
,711.85,2016,70.5,-2.3,11101000,712.21,2016,66.3,9.27,734.4,712.57,0.0,0.0, , 
,712.94,2016,70.5,-2.7,11101000,713.29,2016,66.3,9.27,734.4,713.66,0.0,0.0, , 
,714.01,2016,70.5,-2.7,11101000,714.36,2048,62.0,8.24,693.6,714.71,0.0,0.0, , 
,715.05,2048,70.5,-3.5,11101000,715.40,2048,60.4,8.24,673.2,715.75,0.0,0.0, , 
,716.10,2016,70.5,-4.3,11101000,716.44,2016,60.4,8.24,673.2,716.79,0.0,0.0, , 
,717.15,2016,70.5,-7.0,11101000,717.50,2016,53.3,7.21,612.0,717.84,0.0,0.0, , 
,718.19,2016,72.0,-9.8,11101000,718.53,2016,54.5,7.21,612.0,718.88,0.0,0.0, , 
,719.24,2016,72.0,-11.3,11101000,719.59,2016,54.5,7.21,632.4,719.94,0.0,0.0, , 
,720.30,2016,72.0,-12.1,11101000,720.65,2016,51.8,7.21,591.6,721.00,0.0,0.0, , 
,721.36,2016,72.0,0.0,11101000,721.70,1984,36.9,5.15,459.0,722.06,0.0,0.0, , 
,722.43,1984,70.5,-12.9,11101010,722.79,1952,26.7,3.09,336.6,723.16,0.0,0.0, , 
,723.51,1920,72.0,-24.6,11101010,723.89,1920,28.2,2.06,357.0,724.28,0.0,0.0, , 
,724.65,1888,72.0,-27.3,11101010,725.03,1888,32.5,3.09,418.2,725.41,0.0,0.0, , 
,725.79,1888,72.0,-21.5,11101010,726.17,1888,36.9,4.12,459.0,726.55,0.0,0.0, , 
,726.90,1888,72.0,-13.7,11101010,727.28,1888,45.9,5.15,520.2,727.63,0.0,0.0, , 
,727.99,1888,72.0,0.0,11101010,728.35,1888,57.6,8.24,652.8,728.71,0.0,0.0, , 
,729.08,1920,72.0,-4.3,11101010,729.43,1952,54.5,7.21,632.4,729.80,0.0,0.0, , 
,730.17,1952,72.0,0.0,11101010,730.53,1920,26.7,3.09,357.0,730.90,0.0,0.0, , 
,731.27,1920,72.0,-14.5,11101010,731.64,1888,26.7,3.09,357.0,732.00,0.0,0.0, , 
,732.36,1888,72.0,-21.9,11101010,732.73,1888,28.2,3.09,357.0,733.10,0.0,0.0, , 
,733.48,1888,72.0,-24.2,11101010,733.86,1888,40.0,4.12,479.4,734.23,0.0,0.0, , 
,734.58,1888,72.0,-17.6,11101010,734.95,1888,36.9,3.09,459.0,735.33,0.0,0.0, , 
,735.69,1888,72.0,-5.9,11101010,736.05,1920,26.7,3.09,357.0,736.41,0.0,0.0, , 
,736.75,1920,72.0,-20.3,11101010,737.09,1888,17.6,2.06,275.4,737.46,0.0,0.0, , 
,737.81,1888,72.0,-30.1,11101010,738.16,1888,17.6,1.03,275.4,738.53,0.0,0.0, , 
,738.91,1856,72.0,-30.1,11101010,739.28,1856,28.2,2.06,357.0,739.65,0.0,0.0, , 
,740.03,1856,72.0,-22.3,11101010,740.41,1888,44.3,5.15,520.2,740.77,0.0,0.0, , 
,741.13,1920,72.0,0.0,11101010,741.49,1952,54.5,7.21,632.4,741.85,0.0,0.0, , 
,742.22,1984,72.0,-4.7,11101010,742.56,1984,51.8,6.18,591.6,742.92,0.0,0.0, , 
,743.27,2016,72.0,-6.3,11101000,743.62,2048,50.2,6.18,571.2,743.97,0.0,0.0, , 
,744.32,2080,72.0,-7.0,11101000,744.66,2080,48.6,6.18,571.2,745.01,0.0,0.0, , 
,745.37,2112,72.0,-6.6,11101000,745.73,2112,48.6,6.18,571.2,746.08,0.0,0.0, , 
,746.43,2144,72.0,0.0,11101000,746.76,2144,25.1,3.09,336.6,747.11,0.0,0.0, , 
,747.45,2112,72.0,-14.1,11101000,747.79,2080,19.2,2.06,275.4,748.13,0.0,0.0, , 
,748.47,2080,72.0,-27.3,11111100,748.82,2080,0.0,0.00,244.8,749.17,0.0,0.0, , 
,749.52,2016,72.0,0.0,11111100,749.86,2016,0.0,0.00,244.8,750.22,0.0,0.0, , 
,750.56,1984,72.0,0.0,11111110,750.93,1952,0.0,0.00,244.8,751.28,0.0,0.0, , 
,751.61,1920,72.0,0.0,11111110,751.97,1888,0.0,0.00,275.4,752.31,0.0,0.0, , 
,752.66,1856,72.0,0.0,11111110,753.00,1824,0.0,0.00,295.8,753.36,0.0,0.0, , 
,753.66,1792,72.0,0.0,11111110,754.00,1760,0.0,0.00,316.2,754.36,0.0,0.0, , 
,754.70,1728,72.0,0.0,11111110,755.03,1696,0.0,0.00,316.2,755.39,0.0,0.0, , 
,755.72,1664,72.0,0.0,11101010,756.08,1632,22.0,4.12,316.2,756.45,0.0,0.0, , 
,756.79,1632,72.0,0.0,11101010,757.14,1632,38.4,5.15,479.4,757.50,0.0,0.0, , 
,757.87,1600,72.0,-0.8,11101010,758.25,1632,22.0,3.09,316.2,758.60,0.0,0.0, , 
,758.96,1600,72.0,-10.2,11101010,759.30,1600,22.0,2.06,316.2,759.66,0.0,0.0, , 
,760.00,1568,72.0,-16.0,11101010,760.34,1536,22.0,2.06,316.2,760.69,0.0,0.0, , 
,761.04,1536,72.0,-20.7,11101010,761.43,1536,36.9,4.12,459.0,761.78,0.0,0.0, , 
,762.10,1472,72.0,0.0,11111110,762.42,1024,26.7,4.12,377.4,762.80,0.0,0.0, , 
,763.18,1888,72.0,0.0,11101010,763.55,1920,25.1,3.09,336.6,763.91,0.0,0.0, , 
,764.26,1920,72.0,0.0,11101010,764.62,1920,42.7,6.18,520.2,764.99,0.0,0.0, , 
,765.36,1952,72.0,-2.3,11101010,765.73,1952,38.4,5.15,459.0,766.11,0.0,0.0, , 
,766.46,1952,72.0,-4.3,11101010,766.81,1952,36.9,4.12,438.6,767.17,0.0,0.0, , 
,767.53,1984,70.5,-6.3,11101010,767.89,1984,34.1,4.12,418.2,768.25,0.0,0.0, , 
,768.61,1984,72.0,-11.3,11101010,768.97,1984,25.1,3.09,336.6,769.32,0.0,0.0, , 
,769.67,1952,72.0,-19.1,11101010,770.04,1952,22.0,2.06,316.2,770.42,0.0,0.0, , 
,770.79,1952,70.5,-9.4,11101010,771.15,1952,31.0,3.09,397.8,771.52,0.0,0.0, , 
,771.87,1952,70.5,1.2,11101010,772.23,1984,40.0,4.12,479.4,772.59,0.0,0.0, , 
,772.95,1984,70.5,7.0,11101000,773.30,2016,47.1,5.15,550.8,773.64,0.0,0.0, , 
,773.98,2080,70.5,16.4,11101000,774.34,2080,47.1,6.18,550.8,774.69,0.0,0.0, , 
,775.01,2144,70.5,21.5,11101000,775.36,2144,45.9,6.18,550.8,775.70,0.0,0.0, , 
,776.04,2208,70.5,25.4,11101000,776.38,2240,47.1,6.18,550.8,776.72,0.0,0.0, , 
,777.06,2272,70.5,26.6,11101000,777.41,2304,51.8,7.21,591.6,777.75,0.0,0.0, , 
,778.10,2368,70.5,27.0,11101000,778.42,2400,53.3,7.21,591.6,778.79,0.0,0.0, , 
,779.17,2464,70.5,-1.2,11101000,779.52,2496,53.3,7.21,612.0,779.87,0.0,0.0, , 
,780.23,2528,70.5,-2.3,11101000,780.58,2560,54.5,7.21,612.0,780.93,0.0,0.0, , 
,781.26,2624,70.5,-3.5,11101000,781.60,2656,53.3,7.21,612.0,781.93,0.0,0.0, , 
,782.29,2720,70.5,-4.7,11101000,782.65,2752,51.8,7.21,571.2,783.01,0.0,0.0, , 
,783.35,2784,70.5,-5.1,11101000,783.67,2816,0.0,0.00,438.6,784.01,0.0,0.0, , 
,784.39,1696,70.5,0.0,11111110,784.72,1152,25.1,4.12,357.0,785.02,0.0,0.0, , 
,785.37,1888,70.5,0.0,11101010,785.73,1984,17.6,2.06,244.8,786.08,0.0,0.0, , 
,786.43,2016,70.5,-14.8,11101000,786.78,2016,35.3,4.12,438.6,787.14,0.0,0.0, , 
,787.49,2016,70.5,0.0,11101000,787.82,2048,53.3,8.24,612.0,788.16,0.0,0.0, , 
,788.50,2080,70.5,0.0,11101000,788.85,2080,60.4,8.24,673.2,789.19,0.0,0.0, , 
,789.53,2080,70.5,0.0,11111100,789.88,2048,17.6,2.06,275.4,790.22,0.0,0.0, , 
,790.57,2080,70.5,0.0,11101000,790.94,2080,71.0,11.33,775.2,791.29,0.0,0.0, , 
,791.63,2112,70.5,0.0,11101000,791.96,2144,71.0,11.33,775.2,792.29,0.0,0.0, , 
,792.63,2208,72.0,-5.9,11101000,792.96,2208,71.0,9.27,775.2,793.29,0.0,0.0, , 
,793.62,2272,70.5,-9.8,11101000,793.98,2304,76.9,10.30,826.2,794.34,0.0,0.0, , 
,794.68,2368,70.5,-12.9,11101000,795.00,2400,78.4,10.30,846.6,795.35,0.0,0.0, , 
,795.72,2432,70.5,-12.9,11101000,796.07,2464,79.6,10.30,846.6,796.42,0.0,0.0, , 
,796.77,2528,70.5,-12.5,11101000,797.10,2560,78.4,10.30,846.6,797.43,0.0,0.0, , 
,797.77,2592,70.5,-10.2,11101000,798.10,2624,76.9,10.30,826.2,798.44,0.0,0.0, , 
,798.79,2688,70.5,-8.6,11101000,799.16,2688,76.9,10.30,826.2,799.50,0.0,0.0, , 
,799.84,2752,70.5,-5.9,11101000,800.16,2784,73.7,10.30,795.6,800.50,0.0,0.0, , 
,800.88,1824,70.5,0.0,11111110,801.17,1280,0.0,0.00,336.6,801.53,0.0,0.0, , 
,801.87,1952,72.0,0.0,11101010,802.24,2080,23.5,3.09,316.2,802.59,0.0,0.0, , 
,802.95,2112,72.0,0.0,11101000,803.31,2112,53.3,7.21,612.0,803.66,0.0,0.0, , 
,804.01,2144,72.0,-2.3,11101000,804.37,2144,63.5,9.27,693.6,804.71,0.0,0.0, , 
,805.05,2176,72.0,0.0,11101000,805.37,2208,65.1,9.27,714.0,805.71,0.0,0.0, , 
,806.04,2240,72.0,0.8,11101000,806.39,2240,63.5,9.27,693.6,806.73,0.0,0.0, , 
,807.07,2272,72.0,2.0,11101000,807.40,2272,63.5,9.27,693.6,807.73,0.0,0.0, , 
,808.08,2304,72.0,3.1,11101000,808.45,2336,60.4,9.27,673.2,808.81,0.0,0.0, , 
,809.17,2336,72.0,3.9,11101000,809.51,2368,56.1,8.24,632.4,809.89,0.0,0.0, , 
,810.22,2368,72.0,3.1,11101000,810.55,2400,51.8,7.21,591.6,810.90,0.0,0.0, , 
,811.26,2400,72.0,-1.6,11101000,811.63,2400,50.2,7.21,571.2,811.95,0.0,0.0, , 
,812.31,2432,72.0,-3.9,11101000,812.69,2432,48.6,6.18,550.8,813.05,0.0,0.0, , 
,813.41,2432,72.0,-3.1,11101000,813.76,2432,45.9,6.18,520.2,814.09,0.0,0.0, , 
,814.43,2432,72.0,0.0,11101000,814.77,2432,22.0,3.09,295.8,815.11,0.0,0.0, , 
,815.47,2400,72.0,-14.8,11101000,815.80,2400,19.2,2.06,275.4,816.13,0.0,0.0, , 
,816.48,2400,72.0,-25.0,11101000,816.83,2400,19.2,2.06,275.4,817.15,0.0,0.0, , 
,817.48,2368,72.0,-30.1,11101000,817.82,2336,20.8,2.06,295.8,818.15,0.0,0.0, , 
,818.49,2336,73.5,-29.3,11101000,818.80,2336,20.8,2.06,295.8,819.13,0.0,0.0, , 
,819.46,2304,72.0,-27.7,11101000,819.79,2304,22.0,2.06,295.8,820.15,0.0,0.0, , 
,820.50,2304,72.0,-24.2,11101000,820.84,2272,29.4,3.09,357.0,821.17,0.0,0.0, , 
,821.51,2272,73.5,-17.6,11101000,821.85,2272,35.3,4.12,418.2,822.18,0.0,0.0, , 
,822.54,2272,72.0,-8.2,11101000,822.88,2272,36.9,4.12,438.6,823.21,0.0,0.0, , 
,823.58,2272,72.0,-2.7,11101000,823.91,2272,40.0,5.15,459.0,824.24,0.0,0.0, , 
,824.55,2272,72.0,0.0,11101000,824.88,2272,41.2,5.15,479.4,825.21,0.0,0.0, , 
,825.56,2272,72.0,1.2,11101000,825.89,2240,42.7,6.18,499.8,826.22,0.0,0.0, , 
,826.56,2240,72.0,1.2,11101000,826.90,2240,47.1,6.18,550.8,827.26,0.0,0.0, , 
,827.62,2240,72.0,1.6,11101000,827.97,2208,48.6,6.18,550.8,828.30,0.0,0.0, , 
,828.64,2208,72.0,-1.6,11101000,828.98,2208,47.1,6.18,550.8,829.33,0.0,0.0, , 
,829.67,2208,72.0,-3.5,11101000,830.02,2208,54.5,8.24,612.0,830.35,0.0,0.0, , 
,830.68,2208,72.0,0.0,11101000,831.01,2208,62.0,9.27,693.6,831.35,0.0,0.0, , 
,831.69,2208,72.0,-1.6,11101000,832.03,2208,60.4,8.24,673.2,832.39,0.0,0.0, , 
,832.73,2208,72.0,-4.7,11101000,833.08,2208,45.9,6.18,520.2,833.44,0.0,0.0, , 
,833.78,2176,72.0,-4.7,11101000,834.13,2176,53.3,7.21,612.0,834.46,0.0,0.0, , 
,834.79,2176,72.0,-7.4,11101000,835.13,2176,57.6,8.24,652.8,835.46,0.0,0.0, , 
,835.80,2176,72.0,-5.1,11101000,836.13,2176,63.5,8.24,693.6,836.47,0.0,0.0, , 
,836.80,2176,72.0,-2.3,11101000,837.14,2176,67.8,9.27,754.8,837.49,0.0,0.0, , 
,837.83,2176,72.0,-2.7,11101000,838.17,2176,67.8,9.27,754.8,838.50,0.0,0.0, , 
,838.85,2208,72.0,-2.7,11101000,839.19,2208,67.8,9.27,754.8,839.53,0.0,0.0, , 
,839.88,2208,72.0,-3.1,11101000,840.21,2208,59.2,7.21,673.2,840.55,0.0,0.0, , 
,840.89,2208,72.0,-0.4,11101000,841.24,2208,57.6,8.24,652.8,841.58,0.0,0.0, , 
,841.92,2208,72.0,-2.0,11101000,842.27,2208,57.6,8.24,652.8,842.59,0.0,0.0, , 
,842.93,2208,72.0,-3.1,11101000,843.27,2208,59.2,8.24,652.8,843.62,0.0,0.0, , 
,843.97,2208,72.0,-2.7,11101000,844.31,2208,59.2,8.24,652.8,844.67,0.0,0.0, , 
,845.02,2208,72.0,-3.5,11101000,845.36,2208,56.1,7.21,632.4,845.71,0.0,0.0, , 
,846.04,2208,73.5,0.0,11101000,846.37,2208,41.2,5.15,479.4,846.72,0.0,0.0, , 
,847.05,2208,72.0,-3.1,11101000,847.38,2208,41.2,5.15,479.4,847.70,0.0,0.0, , 
,848.04,2208,73.5,0.0,11101000,848.38,2208,26.7,3.09,336.6,848.72,0.0,0.0, , 
,849.06,2176,73.5,-12.9,11101000,849.41,2176,26.7,3.09,357.0,849.75,0.0,0.0, , 
,850.09,2144,73.5,-18.8,11101000,850.43,2144,26.7,3.09,357.0,850.77,0.0,0.0, , 
,851.09,2144,73.5,-23.0,11101000,851.46,2144,25.1,2.06,336.6,851.81,0.0,0.0, , 
,852.17,2112,73.5,-25.8,11101000,852.51,2112,25.1,2.06,336.6,852.86,0.0,0.0, , 
,853.22,2112,73.5,-29.3,11101000,853.56,2112,34.1,3.09,418.2,853.91,0.0,0.0, , 
,854.26,2080,73.5,-18.8,11101000,854.61,2080,38.4,4.12,459.0,854.96,0.0,0.0, , 
,855.30,2080,73.5,-10.9,11101000,855.64,2080,35.3,4.12,438.6,856.00,0.0,0.0, , 
,856.35,2048,73.5,0.0,11101000,856.69,2080,22.0,2.06,316.2,857.04,0.0,0.0, , 
,857.38,2048,73.5,-20.7,11101000,857.71,2048,22.0,2.06,295.8,858.05,0.0,0.0, , 
,858.40,2016,73.5,-27.0,11101000,858.76,2016,22.0,2.06,316.2,859.10,0.0,0.0, , 
,859.45,1984,73.5,-28.9,11101000,859.81,1984,20.8,2.06,295.8,860.17,0.0,0.0, , 
,860.55,1952,73.5,-26.6,11101010,860.90,1952,22.0,2.06,316.2,861.27,0.0,0.0, , 
,861.62,1920,73.5,-23.0,11101010,861.98,1920,32.5,3.09,397.8,862.35,0.0,0.0, , 
,862.71,1920,73.5,-13.3,11101010,863.07,1920,45.9,5.15,520.2,863.44,0.0,0.0, , 
,863.80,1920,73.5,-5.5,11101010,864.16,1920,57.6,8.24,652.8,864.52,0.0,0.0, , 
,864.89,1920,73.5,0.0,11101010,865.26,1920,71.0,10.30,775.2,865.62,0.0,0.0, , 
,865.99,1952,73.5,-5.9,11101010,866.34,1952,76.9,10.30,846.6,866.70,0.0,0.0, , 
,867.07,1984,73.5,-11.7,11101000,867.41,1984,81.2,11.33,887.4,867.76,0.0,0.0, , 
,868.13,2016,73.5,-13.7,11101000,868.48,2048,81.2,10.30,887.4,868.84,0.0,0.0, , 
,869.19,2048,73.5,0.0,11101000,869.54,2048,75.3,11.33,846.6,869.88,0.0,0.0, , 
,870.21,2080,73.5,-7.4,11101000,870.55,2112,75.3,10.30,826.2,870.88,0.0,0.0, , 
,871.21,2112,73.5,0.0,11101000,871.55,2112,41.2,5.15,499.8,871.90,0.0,0.0, , 
,872.26,2080,72.0,-2.7,11101000,872.60,2080,32.5,4.12,418.2,872.95,0.0,0.0, , 
,873.32,2080,73.5,-8.6,11101000,873.67,2048,25.1,3.09,336.6,874.03,0.0,0.0, , 
,874.38,2048,73.5,-18.4,11101000,874.72,2016,22.0,2.06,316.2,875.06,0.0,0.0, , 
,875.42,2016,73.5,-28.1,11101000,875.79,2016,14.9,1.03,244.8,876.13,0.0,0.0, , 
,876.48,1984,73.5,-32.0,11101010,876.85,1952,16.1,1.03,244.8,877.20,0.0,0.0, , 
,877.57,1920,73.5,-30.1,11101010,877.91,1920,17.6,1.03,275.4,878.27,0.0,0.0, , 
,878.63,1888,73.5,-27.0,11101010,878.98,1888,19.2,1.03,295.8,879.34,0.0,0.0, , 
,879.71,1856,73.5,-19.1,11101010,880.08,1856,29.4,2.06,377.4,880.45,0.0,0.0, , 
,880.83,1856,73.5,0.0,11101010,881.20,1824,51.8,5.15,612.0,881.59,0.0,0.0, , 
,881.97,1856,73.5,0.0,11101010,882.31,1856,71.0,8.24,775.2,882.69,0.0,0.0, , 
,883.06,1888,73.5,7.4,11101010,883.42,1888,66.3,8.24,754.8,883.80,0.0,0.0, , 
,884.16,1888,72.0,16.8,11101010,884.54,1888,66.3,9.27,754.8,884.90,0.0,0.0, , 
,885.26,1920,73.5,0.0,11101010,885.62,1888,36.9,3.09,438.6,885.99,0.0,0.0, , 
,886.35,1888,73.5,9.8,11101010,886.70,1888,36.9,4.12,459.0,887.08,0.0,0.0, , 
,887.45,1888,73.5,17.6,11101010,887.82,1888,38.4,4.12,459.0,888.19,0.0,0.0, , 
,888.56,1888,72.0,22.3,11101010,888.93,1888,40.0,5.15,479.4,889.30,0.0,0.0, , 
,889.66,1920,72.0,0.0,11101010,890.02,1920,66.3,7.21,734.4,890.37,0.0,0.0, , 
,890.74,1920,73.5,4.3,11101010,891.10,1920,69.4,9.27,775.2,891.45,0.0,0.0, , 
,891.81,1952,72.0,12.1,11101010,892.18,1952,69.4,9.27,754.8,892.52,0.0,0.0, , 
,892.88,1984,72.0,18.0,11101000,893.22,2016,67.8,9.27,754.8,893.58,0.0,0.0, , 
,893.93,2016,72.0,0.0,11101000,894.27,2016,53.3,6.18,612.0,894.61,0.0,0.0, , 
,894.95,2016,72.0,11.3,11101000,895.31,2016,57.6,7.21,652.8,895.66,0.0,0.0, , 
,896.01,2048,72.0,18.4,11101000,896.36,2048,57.6,7.21,652.8,896.71,0.0,0.0, , 
,897.07,2048,72.0,23.8,11101000,897.42,2048,57.6,8.24,652.8,897.78,0.0,0.0, , 
,898.14,2048,72.0,25.0,11101000,898.49,2080,53.3,7.21,612.0,898.83,0.0,0.0, , 
,899.18,2080,72.0,-5.1,11101000,899.52,2080,53.3,7.21,612.0,899.88,0.0,0.0, , 
,900.22,2080,72.0,-5.9,11101000,900.58,2080,54.5,7.21,612.0,900.93,0.0,0.0, , 
,901.28,2080,72.0,-6.6,11101000,901.62,2080,32.5,4.12,418.2,901.96,0.0,0.0, , 
,902.31,2080,72.0,-6.3,11101000,902.67,2080,25.1,3.09,336.6,903.03,0.0,0.0, , 
,903.38,2048,72.0,-16.8,11101000,903.74,2048,41.2,6.18,499.8,904.09,0.0,0.0, , 
,904.44,2048,72.0,-4.3,11101000,904.79,2048,42.7,5.15,499.8,905.15,0.0,0.0, , 
,905.50,2048,72.0,0.0,11101000,905.86,2048,26.7,3.09,357.0,906.22,0.0,0.0, , 
,906.57,2048,72.0,-11.7,11101000,906.91,2048,23.5,3.09,336.6,907.26,0.0,0.0, , 
,907.64,2016,72.0,0.0,11101000,908.01,2048,47.1,6.18,550.8,908.36,0.0,0.0, , 
,908.71,2048,72.0,0.0,11101000,909.05,2048,31.0,4.12,397.8,909.40,0.0,0.0, , 
,909.75,2048,72.0,-9.4,11101000,910.10,2048,29.4,3.09,377.4,910.45,0.0,0.0, , 
,910.80,2048,73.5,-14.8,11101000,911.15,2048,38.4,4.12,459.0,911.50,0.0,0.0, , 
,911.86,2048,72.0,0.0,11101000,912.20,2080,57.6,8.24,652.8,912.56,0.0,0.0, , 
,912.92,2080,72.0,-2.0,11101000,913.26,2080,57.6,8.24,652.8,913.61,0.0,0.0, , 
,913.95,2112,72.0,-3.9,11101000,914.31,2144,56.1,7.21,632.4,914.64,0.0,0.0, , 
,914.97,2144,72.0,-5.5,11101000,915.32,2176,56.1,7.21,632.4,915.64,0.0,0.0, , 
,915.97,2176,72.0,-6.6,11101000,916.31,2208,56.1,7.21,632.4,916.66,0.0,0.0, , 
,917.00,2208,72.0,-8.2,11101000,917.37,2176,56.1,7.21,632.4,917.71,0.0,0.0, , 
,918.06,2208,72.0,-8.6,11101000,918.40,2176,56.1,7.21,632.4,918.74,0.0,0.0, , 
,919.08,2176,72.0,-7.4,11101000,919.43,2176,59.2,8.24,673.2,919.76,0.0,0.0, , 
,920.10,2176,72.0,-4.7,11101000,920.44,2176,59.2,8.24,652.8,920.77,0.0,0.0, , 
,921.11,2176,72.0,0.0,11101000,921.44,2176,53.3,7.21,612.0,921.77,0.0,0.0, , 
,922.12,2144,72.0,-5.9,11101000,922.47,2144,56.1,7.21,632.4,922.83,0.0,0.0, , 
,923.16,2112,72.0,-7.8,11101000,923.52,2112,57.6,7.21,652.8,923.88,0.0,0.0, , 
,924.22,2112,72.0,-9.0,11101000,924.56,2080,54.5,7.21,632.4,924.92,0.0,0.0, , 
,925.26,2080,72.0,0.0,11101000,925.61,2048,23.5,3.09,316.2,925.97,0.0,0.0, , 
,926.32,2016,72.0,-16.4,11101000,926.68,2016,17.6,2.06,275.4,927.03,0.0,0.0, , 
,927.39,1952,72.0,0.0,11101010,927.76,1952,57.6,9.27,652.8,928.11,0.0,0.0, , 
,928.48,1952,72.0,0.0,11101010,928.85,1952,63.5,9.27,714.0,929.20,0.0,0.0, , 
,929.58,1952,72.0,-2.7,11101010,929.94,1952,65.1,9.27,714.0,930.30,0.0,0.0, , 
,930.64,1952,72.0,-3.5,11101010,931.01,1952,66.3,9.27,734.4,931.37,0.0,0.0, , 
,931.75,1984,72.0,-4.7,11101010,932.11,1984,66.3,9.27,734.4,932.47,0.0,0.0, , 
,932.82,1984,72.0,-4.3,11101000,933.16,2016,67.8,9.27,754.8,933.52,0.0,0.0, , 
,933.89,2016,72.0,-6.3,11101000,934.24,2048,72.2,10.30,795.6,934.59,0.0,0.0, , 
,934.95,2048,72.0,-12.5,11101000,935.29,2080,78.4,10.30,867.0,935.62,0.0,0.0, , 
,935.98,2080,73.5,-14.5,11101000,936.33,2080,79.6,10.30,867.0,936.67,0.0,0.0, , 
,937.04,2112,72.0,0.0,11101000,937.40,2144,69.4,10.30,754.8,937.75,0.0,0.0, , 
,938.08,2144,73.5,-3.5,11101000,938.43,2144,69.4,10.30,754.8,938.79,0.0,0.0, , 
,939.16,2176,73.5,-5.5,11101000,939.51,2176,69.4,9.27,754.8,939.84,0.0,0.0, , 
,940.19,2208,73.5,-9.4,11101000,940.53,2208,73.7,10.30,826.2,940.88,0.0,0.0, , 
,941.21,2240,73.5,-9.0,11101000,941.54,2240,69.4,9.27,754.8,941.86,0.0,0.0, , 
,942.20,2240,73.5,-5.9,11101000,942.54,2240,67.8,9.27,754.8,942.87,0.0,0.0, , 
,943.21,2272,73.5,-3.9,11101000,943.54,2272,60.4,8.24,673.2,943.87,0.0,0.0, , 
,944.21,2272,73.5,-1.6,11101000,944.54,2272,60.4,8.24,673.2,944.89,0.0,0.0, , 
,945.23,2272,73.5,-0.8,11101000,945.58,2304,59.2,8.24,673.2,945.90,0.0,0.0, , 
,946.23,2304,73.5,-2.0,11101000,946.58,2304,56.1,8.24,632.4,946.91,0.0,0.0, , 
,947.23,2304,73.5,-3.5,11101000,947.56,2304,56.1,8.24,632.4,947.92,0.0,0.0, , 
,948.27,2304,73.5,-4.7,11101000,948.61,2304,56.1,7.21,632.4,948.94,0.0,0.0, , 
,949.28,2304,73.5,-5.1,11101000,949.61,2304,50.2,6.18,591.6,949.95,0.0,0.0, , 
,950.31,2304,73.5,0.0,11101000,950.65,2304,53.3,7.21,591.6,950.98,0.0,0.0, , 
,951.33,2304,73.5,-2.0,11101000,951.65,2304,45.9,6.18,520.2,952.00,0.0,0.0, , 
,952.34,2304,73.5,-3.1,11101000,952.67,2304,29.4,4.12,377.4,953.00,0.0,0.0, , 
,953.34,2272,73.5,-4.3,11101000,953.68,2272,35.3,4.12,418.2,954.01,0.0,0.0, , 
,954.34,2272,73.5,-8.2,11101000,954.68,2272,29.4,3.09,377.4,955.01,0.0,0.0, , 
,955.35,2240,73.5,-19.1,11101000,955.68,2208,20.8,2.06,295.8,956.01,0.0,0.0, , 
,956.35,2208,73.5,-27.7,11101000,956.67,2176,22.0,2.06,295.8,957.00,0.0,0.0, , 
,957.36,2176,73.5,-30.1,11101000,957.70,2176,29.4,3.09,377.4,958.04,0.0,0.0, , 
,958.36,2144,73.5,-19.9,11101000,958.69,2144,42.7,5.15,499.8,959.04,0.0,0.0, , 
,959.38,2144,73.5,-10.5,11101000,959.71,2176,50.2,6.18,571.2,960.04,0.0,0.0, , 
,960.36,2144,73.5,-4.3,11101000,960.71,2176,51.8,7.21,591.6,961.04,0.0,0.0, , 
,961.39,2176,73.5,-0.4,11101000,961.74,2176,53.3,7.21,612.0,962.08,0.0,0.0, , 
,962.42,2176,73.5,0.4,11101000,962.78,2176,54.5,7.21,612.0,963.11,0.0,0.0, , 
,963.45,2176,73.5,0.8,11101000,963.79,2176,54.5,7.21,612.0,964.12,0.0,0.0, , 
,964.45,2176,73.5,0.8,11101000,964.80,2176,62.0,9.27,693.6,965.14,0.0,0.0, , 
,965.48,2208,73.5,0.8,11101000,965.83,2208,65.1,9.27,714.0,966.16,0.0,0.0, , 
,966.48,2208,73.5,-0.4,11101000,966.83,2208,65.1,9.27,714.0,967.18,0.0,0.0, , 
,967.51,2240,73.5,-0.8,11101000,967.88,2240,63.5,9.27,714.0,968.21,0.0,0.0, , 
,968.55,2240,73.5,0.0,11101000,968.86,2240,62.0,9.27,693.6,969.19,0.0,0.0, , 
,969.52,2272,73.5,0.0,11101000,969.85,2272,59.2,8.24,673.2,970.18,0.0,0.0, , 
,970.51,2272,73.5,0.0,11101000,970.84,2272,59.2,8.24,652.8,971.18,0.0,0.0, , 
,971.51,2272,73.5,-0.8,11101000,971.85,2272,54.5,7.21,612.0,972.17,0.0,0.0, , 
,972.53,1408,73.5,0.0,11111110,972.84,960,26.7,4.12,377.4,973.17,0.0,0.0, , 
,973.53,1184,73.5,0.0,11111110,973.85,1152,23.5,3.09,336.6,974.14,0.0,0.0, , 
,974.46,1024,73.5,0.0,11111110,974.73,992,25.1,3.09,357.0,975.09,0.0,0.0, , 
,975.41,960,73.5,-4.7,11111110,975.72,960,26.7,3.09,377.4,976.03,0.0,0.0, , 
,976.35,896,75.0,-9.4,11111110,976.67,896,28.2,3.09,397.8,976.99,0.0,0.0, , 
,977.30,896,73.5,-9.8,11111110,977.61,896,28.2,3.09,397.8,977.94,0.0,0.0, , 
,978.26,896,73.5,-9.8,11111110,978.57,896,26.7,3.09,397.8,978.87,0.0,0.0, , 
,979.17,896,73.5,-9.8,11111110,979.47,896,26.7,3.09,397.8,979.80,0.0,0.0, , 
,980.11,864,75.0,-10.2,11111110,980.43,864,26.7,3.09,377.4,980.72,0.0,0.0, , 
,981.01,896,73.5,-10.2,11111110,981.31,896,28.2,3.09,397.8,981.61,0.0,0.0, , 
,981.92,896,75.0,-10.5,11111110,982.22,896,28.2,3.09,397.8,982.52,0.0,0.0, , 
,982.85,864,75.0,-10.5,11111110,983.15,864,28.2,3.09,397.8,983.45,0.0,0.0, , 
,983.77,864,75.0,-10.9,11111110,984.07,896,28.2,3.09,397.8,984.37,0.0,0.0, , 
,984.69,864,75.0,-11.7,11111110,985.00,864,28.2,3.09,397.8,985.31,0.0,0.0, , 
,985.63,864,75.0,-12.5,11111110,985.93,864,29.4,3.09,418.2,986.21,0.0,0.0, , 
,986.52,896,75.0,-13.3,11111110,986.83,864,29.4,3.09,418.2,987.13,0.0,0.0, , 
,987.45,896,75.0,-12.9,11111110,987.77,864,29.4,3.09,418.2,988.07,0.0,0.0, , 
,988.36,864,75.0,-12.9,11111110,988.68,864,29.4,3.09,418.2,988.98,0.0,0.0, , 
,989.31,864,75.0,-12.5,11111110,989.61,896,29.4,3.09,418.2,989.91,0.0,0.0, , 
,990.22,896,75.0,-12.9,11111110,990.52,832,26.7,3.09,397.8,990.82,0.0,0.0, , 
,991.10,768,75.0,-12.9,11111110,991.38,800,32.5,3.09,438.6,991.68,0.0,0.0, , 
,991.99,800,75.0,-12.9,11111110,992.28,800,31.0,3.09,438.6,992.58,0.0,0.0, , 
,992.88,800,76.5,-12.9,11111110,993.16,800,31.0,3.09,438.6,993.45,0.0,0.0, , 
,993.74,800,76.5,-12.9,11111110,994.04,768,31.0,3.09,438.6,994.34,0.0,0.0, , 
,994.63,800,76.5,-12.5,11111110,994.92,768,31.0,3.09,438.6,995.22,0.0,0.0, , 
,995.52,800,76.5,-12.5,11111110,995.80,800,31.0,3.09,438.6,996.12,0.0,0.0, , 
,996.41,800,76.5,-12.1,11111110,996.72,800,31.0,3.09,438.6,997.03,0.0,0.0, , 
,997.33,800,76.5,-12.1,11111110,997.62,800,31.0,3.09,438.6,997.93,0.0,0.0, , 
,998.23,800,76.5,-12.1,11111110,998.56,800,31.0,3.09,438.6,998.87,0.0,0.0, , 
,999.17,800,76.5,-12.5,11111110,999.46,800,29.4,3.09,418.2,999.75,0.0,0.0, , 
,1000.05,768,76.5,-12.1,11111110,1000.37,768,31.0,3.09,438.6,1000.67,0.0,0.0, , 
,1000.97,800,76.5,-11.7,11111110,1001.26,800,31.0,3.09,438.6,1001.56,0.0,0.0, , 
,1001.87,800,76.5,-11.3,11111110,1002.16,800,31.0,3.09,438.6,1002.47,0.0,0.0, , 
,1002.77,800,76.5,-11.3,11111110,1003.07,800,31.0,3.09,438.6,1003.37,0.0,0.0, , 
,1003.68,800,76.5,-10.9,11111110,1004.00,800,31.0,3.09,438.6,1004.31,0.0,0.0, , 
,1004.61,800,76.5,-10.5,11111110,1004.91,800,31.0,3.09,438.6,1005.23,0.0,0.0, , 
,1005.56,800,76.5,-10.5,11111110,1005.86,800,31.0,3.09,418.2,1006.16,0.0,0.0, , 
,1006.45,800,76.5,-10.2,11111110,1006.74,768,31.0,3.09,438.6,1007.02,0.0,0.0, , 
,1007.31,800,76.5,-10.9,11111110,1007.61,800,31.0,3.09,438.6,1007.92,0.0,0.0, , 
,1008.24,768,76.5,-11.3,11111110,1008.55,768,31.0,3.09,438.6,1008.85,0.0,0.0, , 
,1009.15,800,76.5,-11.3,11111110,1009.46,800,31.0,3.09,438.6,1009.77,0.0,0.0, , 
,1010.06,800,76.5,-11.3,11111110,1010.37,800,31.0,3.09,438.6,1010.67,0.0,0.0, , 
,1010.97,768,76.5,-11.3,11111110,1011.27,800,31.0,3.09,438.6,1011.58,0.0,0.0, , 
,1011.90,800,76.5,-11.3,11111110,1012.19,800,31.0,3.09,438.6,1012.47,0.0,0.0, , 
,1012.77,768,76.5,-10.9,11111110,1013.06,800,31.0,3.09,438.6,1013.36,0.0,0.0, , 
,1013.65,800,76.5,-10.9,11111110,1013.95,768,31.0,3.09,438.6,1014.27,0.0,0.0, , 
,1014.56,800,76.5,-10.5,11111110,1014.86,800,31.0,3.09,438.6,1015.15,0.0,0.0, , 
,1015.43,800,76.5,0.0,11101010,1015.71,1216,65.1,10.30,754.8,1016.08,0.0,0.0, , 
,1016.46,1824,76.5,-5.5,11101010,1016.81,1760,45.9,6.18,550.8,1017.20,0.0,0.0, , 
,1017.55,1664,76.5,-3.5,11101010,1017.92,1632,50.2,7.21,591.6,1018.36,0.0,0.0, , 
,1018.72,1600,76.5,-4.7,11101010,1019.06,1728,40.0,5.15,479.4,1019.44,0.0,0.0, , 
,1019.80,1952,76.5,0.0,11101010,1020.14,2144,48.6,7.21,571.2,1020.48,0.0,0.0, , 
,1020.81,1568,76.5,0.0,11111110,1021.16,992,28.2,4.12,377.4,1021.49,0.0,0.0, , 
,1021.80,1248,76.5,0.0,11101010,1022.14,1568,66.3,10.30,754.8,1022.47,0.0,0.0, , 
,1022.75,1408,75.0,0.0,11101010,1023.10,1568,78.4,12.36,887.4,1023.47,0.0,0.0, , 
,1023.85,1760,75.0,0.0,11101010,1024.21,1824,29.4,4.12,397.8,1024.55,0.0,0.0, , 
,1024.89,1792,75.0,-6.3,11101010,1025.24,1760,20.8,2.06,295.8,1025.61,0.0,0.0, , 
,1025.97,1792,75.0,0.0,11101010,1026.33,1824,25.1,3.09,357.0,1026.70,0.0,0.0, , 
,1027.10,1792,75.0,0.0,11101010,1027.44,1824,75.3,13.39,846.6,1027.81,0.0,0.0, , 
,1028.15,2112,75.0,0.0,11101000,1028.51,2240,79.6,12.36,867.0,1028.85,0.0,0.0, , 
,1029.20,2400,75.0,0.0,11101000,1029.53,2528,88.6,14.42,928.2,1029.87,0.0,0.0, , 
,1030.20,2304,75.0,0.0,11111100,1030.58,1696,22.0,3.09,316.2,1030.95,0.0,0.0, , 
,1031.34,1920,75.0,0.0,11101010,1031.69,1824,76.9,12.36,846.6,1032.05,0.0,0.0, , 
,1032.41,1952,75.0,0.0,11101010,1032.76,2048,87.1,14.42,948.6,1033.09,0.0,0.0, , 
,1033.44,2144,75.0,-10.2,11101000,1033.79,2208,87.1,12.36,948.6,1034.13,0.0,0.0, , 
,1034.46,2304,73.5,-16.8,11101000,1034.79,2368,87.1,11.33,928.2,1035.14,0.0,0.0, , 
,1035.47,2496,75.0,-18.0,11101000,1035.82,2528,85.5,10.30,907.8,1036.14,0.0,0.0, , 
,1036.48,2656,73.5,-17.2,11101000,1036.81,2528,0.0,0.00,418.2,1037.19,0.0,0.0, , 
,1037.50,1472,75.0,0.0,11111110,1037.81,1024,26.7,4.12,377.4,1038.14,0.0,0.0, , 
,1038.45,1088,75.0,0.0,11111110,1038.79,1024,25.1,4.12,357.0,1039.07,0.0,0.0, , 
,1039.43,960,75.0,0.0,11111110,1039.80,992,26.7,3.09,377.4,1040.15,0.0,0.0, , 
,1040.51,992,75.0,-5.9,11111110,1040.81,960,25.1,3.09,357.0,1041.14,0.0,0.0, , 
,1041.46,896,75.0,-10.5,11111110,1041.76,896,28.2,3.09,397.8,1042.06,0.0,0.0, , 
,1042.37,864,75.0,-10.9,11111110,1042.70,896,26.7,3.09,377.4,1043.00,0.0,0.0, , 
,1043.30,896,75.0,-11.3,11111110,1043.60,864,28.2,3.09,397.8,1043.91,0.0,0.0, , 
,1044.24,896,75.0,-10.9,11111110,1044.54,896,29.4,3.09,397.8,1044.84,0.0,0.0, , 
,1045.16,864,75.0,-10.5,11111110,1045.48,864,28.2,3.09,397.8,1045.82,0.0,0.0, , 
,1046.11,864,76.5,-10.9,11111110,1046.41,896,28.2,3.09,397.8,1046.73,0.0,0.0, , 
,1047.04,864,75.0,-11.3,11111110,1047.36,864,28.2,3.09,397.8,1047.67,0.0,0.0, , 
,1047.97,864,76.5,-12.1,11111110,1048.27,864,29.4,3.09,418.2,1048.60,0.0,0.0, , 
,1048.91,896,76.5,-12.5,11111110,1049.21,896,29.4,3.09,397.8,1049.53,0.0,0.0, , 
,1049.81,864,76.5,-12.9,11111110,1050.10,864,29.4,3.09,418.2,1050.40,0.0,0.0, , 
,1050.69,896,76.5,-12.9,11111110,1051.00,864,29.4,3.09,418.2,1051.31,0.0,0.0, , 
,1051.61,864,76.5,-13.3,11111110,1051.92,896,29.4,3.09,418.2,1052.24,0.0,0.0, , 
,1052.51,960,76.5,-13.7,11111110,1052.81,960,26.7,3.09,377.4,1053.14,0.0,0.0, , 
,1053.44,896,76.5,0.0,11101010,1053.72,896,51.8,8.24,632.4,1054.07,0.0,0.0, , 
,1054.39,1024,76.5,0.0,11101010,1054.72,1024,34.1,4.12,438.6,1055.05,0.0,0.0, , 
,1055.39,1056,76.5,-5.9,11101010,1055.70,1056,31.0,4.12,418.2,1056.02,0.0,0.0, , 
,1056.33,1088,78.0,-7.8,11101010,1056.65,1120,32.5,4.12,418.2,1056.98,0.0,0.0, , 
,1057.31,1120,78.0,-9.0,11101010,1057.64,1152,31.0,4.12,418.2,1057.96,0.0,0.0, , 
,1058.29,1152,78.0,-10.5,11101010,1058.61,1184,29.4,3.09,397.8,1058.92,0.0,0.0, , 
,1059.24,1184,78.0,-12.9,11111110,1059.60,1248,25.1,3.09,357.0,1059.93,0.0,0.0, , 
,1060.26,1152,78.0,-13.7,11111110,1060.54,1024,26.7,3.09,357.0,1060.86,0.0,0.0, , 
,1061.15,864,78.0,-14.5,11111110,1061.46,896,29.4,3.09,418.2,1061.79,0.0,0.0, , 
,1062.09,864,78.0,-15.6,11111110,1062.39,864,29.4,3.09,418.2,1062.68,0.0,0.0, , 
,1063.01,896,78.0,-15.2,11111110,1063.33,864,31.0,3.09,418.2,1063.62,0.0,0.0, , 
,1063.93,768,78.0,-13.3,11111110,1064.22,768,31.0,3.09,438.6,1064.52,0.0,0.0, , 
,1064.82,800,78.0,-12.1,11111110,1065.13,800,31.0,3.09,438.6,1065.41,0.0,0.0, , 
,1065.72,800,78.0,-11.7,11111110,1066.02,800,31.0,3.09,438.6,1066.32,0.0,0.0, , 
,1066.64,800,78.0,-11.7,11111110,1066.94,800,31.0,3.09,438.6,1067.25,0.0,0.0, , 
,1067.56,800,78.0,-11.3,11111110,1067.86,800,31.0,3.09,438.6,1068.16,0.0,0.0, , 
,1068.45,800,78.0,-10.9,11111110,1068.75,800,31.0,3.09,438.6,1069.05,0.0,0.0, , 
,1069.37,800,78.0,-10.5,11111110,1069.68,800,29.4,3.09,418.2,1069.98,0.0,0.0, , 
,1070.28,1088,78.0,0.0,11101010,1070.66,1376,44.3,6.18,550.8,1071.00,0.0,0.0, , 
,1071.33,1376,78.0,-2.7,11101010,1071.65,1216,47.1,6.18,571.2,1071.98,0.0,0.0, , 
,1072.32,992,78.0,-6.6,11101010,1072.62,1056,38.4,5.15,499.8,1072.92,0.0,0.0, , 
,1073.25,1088,78.0,-4.3,11111110,1073.57,1088,26.7,3.09,377.4,1073.88,0.0,0.0, , 
,1074.23,992,78.0,-5.1,11111110,1074.53,960,28.2,3.09,397.8,1074.85,0.0,0.0, , 
,1075.15,864,78.0,-10.2,11111110,1075.46,896,29.4,3.09,418.2,1075.77,0.0,0.0, , 
,1076.07,896,78.0,-12.9,11111110,1076.37,896,29.4,3.09,418.2,1076.67,0.0,0.0, , 
,1076.98,736,78.0,0.0,11101010,1077.30,1024,60.4,9.27,734.4,1077.59,0.0,0.0, , 
,1077.93,1056,78.0,0.0,11101010,1078.27,1248,72.2,12.36,826.2,1078.65,0.0,0.0, , 
,1079.00,1792,78.0,0.0,11101010,1079.33,2048,62.0,9.27,693.6,1079.65,0.0,0.0, , 
,1079.99,1376,78.0,0.0,11111110,1080.29,1216,36.9,6.18,459.0,1080.62,0.0,0.0, , 
,1080.93,1312,78.0,0.0,11101010,1081.24,1312,78.4,13.39,907.8,1081.54,0.0,0.0, , 
,1081.89,1504,78.0,0.0,11101010,1082.23,1600,75.3,11.33,867.0,1082.58,0.0,0.0, , 
,1082.96,1824,78.0,-5.5,11101010,1083.33,1984,78.4,11.33,867.0,1083.69,0.0,0.0, , 
,1084.04,2208,78.0,-14.5,11101000,1084.36,2336,81.2,10.30,867.0,1084.71,0.0,0.0, , 
,1085.05,2560,78.0,-13.3,11101000,1085.38,2624,76.9,10.30,826.2,1085.72,0.0,0.0, , 
,1086.05,2848,76.5,-8.2,11101000,1086.39,2688,0.0,0.00,377.4,1086.75,0.0,0.0, , 
,1087.12,1504,76.5,0.0,11111110,1087.43,1376,26.7,4.12,377.4,1087.80,0.0,0.0, , 
,1088.19,1824,76.5,0.0,11101010,1088.58,1856,35.3,5.15,438.6,1088.94,0.0,0.0, , 
,1089.31,1888,76.5,0.0,11101010,1089.66,1888,62.0,9.27,693.6,1090.03,0.0,0.0, , 
,1090.38,1984,76.5,-0.8,11101010,1090.75,2016,59.2,8.24,673.2,1091.12,0.0,0.0, , 
,1091.46,2048,76.5,-0.8,11101000,1091.82,2112,57.6,8.24,652.8,1092.16,0.0,0.0, , 
,1092.51,2144,76.5,-0.4,11101000,1092.86,2176,60.4,8.24,673.2,1093.18,0.0,0.0, , 
,1093.52,2240,76.5,1.2,11101000,1093.86,2272,60.4,9.27,673.2,1094.20,0.0,0.0, , 
,1094.57,2336,76.5,3.1,11101000,1094.90,2368,62.0,9.27,693.6,1095.23,0.0,0.0, , 
,1095.58,2400,76.5,2.7,11101000,1095.94,2432,62.0,9.27,673.2,1096.28,0.0,0.0, , 
,1096.64,2496,76.5,2.7,11101000,1096.99,2528,62.0,9.27,673.2,1097.35,0.0,0.0, , 
,1097.69,2592,76.5,2.3,11101000,1098.03,2624,63.5,9.27,693.6,1098.36,0.0,0.0, , 
,1098.70,2688,76.5,2.0,11101000,1099.06,2752,66.3,9.27,714.0,1099.40,0.0,0.0, , 
,1099.76,2816,75.0,0.8,11101000,1100.12,2848,67.8,10.30,734.4,1100.49,0.0,0.0, , 
,1100.84,2912,76.5,0.0,11101000,1101.18,2944,66.3,9.27,714.0,1101.52,0.0,0.0, , 
,1101.85,2304,76.5,0.0,11111100,1102.21,1760,19.2,3.09,295.8,1102.56,0.0,0.0, , 
,1102.91,2176,76.5,0.0,11101000,1103.25,2144,57.6,9.27,652.8,1103.58,0.0,0.0, , 
,1103.93,2176,76.5,0.0,11101000,1104.27,2176,67.8,9.27,754.8,1104.61,0.0,0.0, , 
,1104.94,2240,76.5,0.0,11101000,1105.28,2240,79.6,11.33,867.0,1105.61,0.0,0.0, , 
,1105.94,2272,76.5,-10.2,11101000,1106.27,2304,76.9,10.30,846.6,1106.61,0.0,0.0, , 
,1106.94,2336,76.5,-3.5,11101000,1107.29,2368,69.4,9.27,754.8,1107.61,0.0,0.0, , 
,1107.95,2400,76.5,3.5,11101000,1108.31,2400,67.8,9.27,734.4,1108.67,0.0,0.0, , 
,1109.02,2432,78.0,8.2,11101000,1109.38,2432,67.8,9.27,734.4,1109.75,0.0,0.0, , 
,1110.10,2464,78.0,10.2,11101000,1110.49,2496,66.3,9.27,734.4,1110.82,0.0,0.0, , 
,1111.17,2528,78.0,10.5,11101000,1111.53,2528,66.3,9.27,714.0,1111.87,0.0,0.0, , 
,1112.21,2560,78.0,7.8,11101000,1112.53,2560,65.1,9.27,714.0,1112.87,0.0,0.0, , 
,1113.18,2592,78.0,9.8,11101000,1113.51,2624,63.5,9.27,714.0,1113.84,0.0,0.0, , 
,1114.18,2656,78.0,7.8,11101000,1114.53,2656,63.5,9.27,693.6,1114.87,0.0,0.0, , 
,1115.20,2688,78.0,9.0,11101000,1115.56,2688,63.5,9.27,693.6,1115.89,0.0,0.0, , 
,1116.23,2720,78.0,9.0,11101000,1116.57,2720,62.0,9.27,693.6,1116.92,0.0,0.0, , 
,1117.28,2752,78.0,7.0,11101000,1117.61,2752,62.0,9.27,673.2,1117.95,0.0,0.0, , 
,1118.31,2784,78.0,7.8,11101000,1118.67,2784,63.5,9.27,693.6,1119.01,0.0,0.0, , 
,1119.38,2848,78.0,5.1,11101000,1119.73,2848,62.0,9.27,673.2,1120.07,0.0,0.0, , 
,1120.40,2304,78.0,0.0,11111100,1120.77,1760,0.0,0.00,295.8,1121.08,0.0,0.0, , 
,1121.44,1632,78.0,0.0,11101010,1121.77,2176,22.0,3.09,295.8,1122.09,0.0,0.0, , 
,1122.44,2144,78.0,-11.7,11101000,1122.78,2144,34.1,4.12,418.2,1123.11,0.0,0.0, , 
,1123.45,2144,78.0,0.0,11101000,1123.78,2144,63.5,9.27,714.0,1124.12,0.0,0.0, , 
,1124.45,2144,78.0,0.4,11101000,1124.78,2176,65.1,9.27,734.4,1125.10,0.0,0.0, , 
,1125.46,2176,78.0,0.0,11101000,1125.81,2176,67.8,9.27,754.8,1126.15,0.0,0.0, , 
,1126.49,2208,78.0,0.4,11101000,1126.85,2208,66.3,9.27,734.4,1127.17,0.0,0.0, , 
,1127.51,2240,78.0,-0.4,11101000,1127.85,2240,66.3,9.27,734.4,1128.20,0.0,0.0, , 
,1128.53,2272,78.0,0.8,11101000,1128.87,2272,66.3,9.27,734.4,1129.21,0.0,0.0, , 
,1129.53,2304,78.0,0.4,11101000,1129.87,2304,66.3,9.27,734.4,1130.18,0.0,0.0, , 
,1130.52,2304,78.0,1.2,11101000,1130.89,2336,66.3,9.27,734.4,1131.24,0.0,0.0, , 
,1131.58,2336,78.0,2.3,11101000,1131.91,2336,65.1,9.27,714.0,1132.25,0.0,0.0, , 
,1132.58,2368,79.5,2.3,11101000,1132.94,2368,62.0,9.27,693.6,1133.30,0.0,0.0, , 
,1133.63,2400,78.0,3.5,11101000,1133.97,2400,54.5,8.24,632.4,1134.34,0.0,0.0, , 
,1134.65,2400,78.0,0.4,11101000,1135.01,2400,54.5,8.24,632.4,1135.36,0.0,0.0, , 
,1135.71,2400,78.0,0.0,11101000,1136.04,2400,54.5,8.24,612.0,1136.40,0.0,0.0, , 
,1136.74,2400,78.0,-0.4,11101000,1137.12,2400,54.5,7.21,612.0,1137.45,0.0,0.0, , 
,1137.82,2432,79.5,-1.6,11101000,1138.18,2432,51.8,7.21,591.6,1138.51,0.0,0.0, , 
,1138.87,2400,79.5,-2.7,11101000,1139.21,2432,50.2,7.21,571.2,1139.56,0.0,0.0, , 
,1139.90,2432,79.5,-2.3,11101000,1140.27,2432,50.2,7.21,571.2,1140.64,0.0,0.0, , 
,1141.00,2432,79.5,-2.3,11101000,1141.35,2432,50.2,7.21,571.2,1141.70,0.0,0.0, , 
,1142.04,2432,78.0,-2.0,11101000,1142.39,2432,51.8,7.21,591.6,1142.76,0.0,0.0, , 
,1143.13,2432,79.5,-2.3,11101000,1143.46,2400,50.2,7.21,571.2,1143.82,0.0,0.0, , 
,1144.18,2400,79.5,-3.9,11101000,1144.50,2432,48.6,6.18,571.2,1144.83,0.0,0.0, , 
,1145.18,2432,78.0,-2.0,11101000,1145.55,2432,47.1,6.18,550.8,1145.92,0.0,0.0, , 
,1146.25,2400,78.0,-1.2,11101000,1146.61,2400,42.7,6.18,499.8,1146.97,0.0,0.0, , 
,1147.32,2400,78.0,-1.6,11101000,1147.67,2400,41.2,5.15,479.4,1148.01,0.0,0.0, , 
,1148.34,2400,78.0,0.8,11101000,1148.69,2400,45.9,6.18,520.2,1149.03,0.0,0.0, , 
,1149.35,2400,78.0,2.7,11101000,1149.71,2400,50.2,7.21,571.2,1150.06,0.0,0.0, , 
,1150.41,2400,78.0,0.8,11101000,1150.77,2400,50.2,7.21,571.2,1151.09,0.0,0.0, , 
,1151.44,2400,78.0,0.8,11101000,1151.83,2400,48.6,7.21,571.2,1152.18,0.0,0.0, , 
,1152.49,2368,79.5,0.4,11101000,1152.84,2400,50.2,7.21,571.2,1153.22,0.0,0.0, , 
,1153.54,2368,78.0,-0.4,11101000,1153.87,2368,56.1,8.24,632.4,1154.22,0.0,0.0, , 
,1154.56,2368,79.5,1.2,11101000,1154.95,2368,59.2,9.27,652.8,1155.31,0.0,0.0, , 
,1155.70,2368,78.0,3.9,11101000,1156.04,2368,60.4,9.27,673.2,1156.34,0.0,0.0, , 
,1156.66,2368,78.0,4.3,11101000,1157.00,2368,60.4,9.27,673.2,1157.34,0.0,0.0, , 
,1157.71,2400,78.0,4.3,11101000,1158.10,2400,60.4,9.27,673.2,1158.41,0.0,0.0, , 
,1158.78,2400,78.0,4.3,11101000,1159.11,2400,62.0,9.27,693.6,1159.47,0.0,0.0, , 
,1159.79,2400,78.0,1.2,11101000,1160.18,2400,62.0,9.27,693.6,1160.51,0.0,0.0, , 
,1160.85,2400,78.0,0.8,11101000,1161.17,2400,63.5,9.27,693.6,1161.52,0.0,0.0, , 
,1161.87,2400,79.5,0.4,11101000,1162.23,2400,63.5,9.27,693.6,1162.59,0.0,0.0, , 
,1162.93,2400,78.0,1.2,11101000,1163.29,2400,63.5,9.27,693.6,1163.62,0.0,0.0, , 
,1163.97,2400,79.5,0.8,11101000,1164.30,2432,63.5,9.27,714.0,1164.71,0.0,0.0, , 
,1165.05,2432,79.5,0.4,11101000,1165.39,2432,63.5,9.27,714.0,1165.74,0.0,0.0, , 
,1166.09,2432,79.5,0.4,11101000,1166.43,2432,63.5,9.27,714.0,1166.77,0.0,0.0, , 
,1167.13,2432,79.5,0.4,11101000,1167.51,2432,63.5,9.27,714.0,1167.85,0.0,0.0, , 
,1168.22,2464,79.5,-0.4,11101000,1168.55,2464,63.5,9.27,693.6,1168.89,0.0,0.0, , 
,1169.26,2464,79.5,0.4,11101000,1169.61,2464,62.0,9.27,693.6,1169.96,0.0,0.0, , 
,1170.32,2464,79.5,1.2,11101000,1170.68,2464,62.0,9.27,693.6,1171.03,0.0,0.0, , 
,1171.35,2496,79.5,1.2,11101000,1171.69,2496,62.0,9.27,693.6,1172.01,0.0,0.0, , 
,1172.36,2496,79.5,1.2,11101000,1172.69,2496,62.0,9.27,693.6,1173.04,0.0,0.0, , 
,1173.37,2496,79.5,2.3,11101000,1173.72,2496,62.0,9.27,673.2,1174.05,0.0,0.0, , 
,1174.41,2496,79.5,3.9,11101000,1174.75,2528,57.6,8.24,652.8,1175.10,0.0,0.0, , 
,1175.47,2496,79.5,2.3,11101000,1175.80,2496,53.3,7.21,591.6,1176.12,0.0,0.0, , 
,1176.48,2496,79.5,0.4,11101001,1176.81,2496,45.9,6.18,520.2,1177.14,0.0,0.0, , 
,1177.49,2496,79.5,-0.4,11101000,1177.82,2496,44.3,6.18,499.8,1178.18,0.0,0.0, , 
,1178.54,2496,79.5,-0.4,11101000,1178.87,2496,44.3,6.18,499.8,1179.23,0.0,0.0, , 
,1179.57,2496,78.0,-1.2,11101000,1179.93,2464,45.9,6.18,520.2,1180.29,0.0,-0.4, , 
,1180.64,2464,79.5,1.6,11101000,1180.98,2464,47.1,6.18,550.8,1181.36,0.0,-0.4, , 
,1181.72,2464,79.5,0.8,11101000,1182.06,2464,45.9,6.18,520.2,1182.44,0.0,-0.4, , 
,1182.79,2432,79.5,-0.4,11101000,1183.15,2432,42.7,5.15,479.4,1183.50,0.0,-0.4, , 
,1183.86,2432,79.5,-1.6,11101000,1184.23,2432,42.7,6.18,499.8,1184.61,0.0,-0.4, , 
,1184.95,2432,79.5,-2.0,11101000,1185.32,2432,42.7,5.15,499.8,1185.69,0.0,-0.4, , 
,1186.04,2400,79.5,-1.2,11101000,1186.40,2400,41.2,5.15,479.4,1186.76,0.0,-0.4, , 
,1187.11,2400,79.5,-0.8,11101000,1187.44,2400,41.2,5.15,479.4,1187.77,0.0,-0.4, , 
,1188.12,2368,79.5,-0.8,11101000,1188.47,2368,41.2,5.15,479.4,1188.81,0.0,-0.4, , 
,1189.19,2368,79.5,-1.2,11101000,1189.53,2368,36.9,5.15,438.6,1189.88,0.0,-0.4, , 
,1190.20,2336,79.5,-3.5,11101000,1190.56,2336,31.0,4.12,397.8,1190.88,0.0,-0.4, , 
,1191.23,2272,79.5,-12.9,11111100,1191.55,2272,0.0,0.00,244.8,1191.88,0.0,-0.4, , 
,1192.22,2272,79.5,0.0,11111100,1192.57,2240,0.0,0.00,244.8,1192.89,0.0,-0.4, , 
,1193.23,2208,79.5,0.0,11111100,1193.57,2176,0.0,0.00,244.8,1193.90,0.0,-0.4, , 
,1194.25,2144,79.5,0.0,11111100,1194.58,2112,0.0,0.00,244.8,1194.91,0.0,-0.4, , 
,1195.27,2080,79.5,0.0,11111100,1195.61,2080,0.0,0.00,244.8,1195.96,0.0,-0.4, , 
,1196.32,2048,79.5,0.0,11111101,1196.67,2016,0.0,0.00,244.8,1197.01,0.0,-0.4, , 
,1197.33,1984,79.5,0.0,11111110,1197.69,1952,0.0,0.00,244.8,1198.03,0.0,-0.4, , 
,1198.39,1920,79.5,0.0,11111110,1198.75,1920,0.0,0.00,275.4,1199.09,0.0,-0.4, , 
,1199.44,1888,79.5,0.0,11111110,1199.76,1856,0.0,0.00,275.4,1200.13,0.0,-0.4, , 
,1200.47,1824,79.5,0.0,11111110,1200.82,1824,0.0,0.00,295.8,1201.16,0.0,-0.4, , 
,1201.55,1792,79.5,0.0,11111110,1201.88,1760,0.0,0.00,316.2,1202.22,0.0,-0.4, , 
,1202.58,1760,79.5,0.0,11111110,1202.94,1728,0.0,0.00,316.2,1203.27,0.0,-0.4, , 
,1203.60,1696,78.0,0.0,11111110,1203.95,1696,0.0,0.00,316.2,1204.27,0.0,-0.4, , 
,1204.63,1696,79.5,0.0,11101010,1204.97,1728,32.5,5.15,397.8,1205.30,0.0,-0.4, , 
,1205.67,1664,78.0,0.0,11101010,1206.04,1696,69.4,11.33,775.2,1206.44,0.0,-0.4, , 
,1206.83,1696,78.0,0.0,11101010,1207.15,1696,0.0,0.00,612.0,1207.48,0.0,0.0, , 
,1207.79,1056,78.0,0.0,11111110,1208.13,1216,26.7,4.12,377.4,1208.45,0.0,0.0, , 
,1208.79,992,78.0,0.0,11111110,1209.10,896,23.5,3.09,357.0,1209.41,0.0,0.0, , 
,1209.71,896,78.0,0.0,11111110,1210.01,896,28.2,4.12,397.8,1210.33,0.0,0.0, , 
,1210.64,896,78.0,-2.3,11111110,1210.93,896,28.2,3.09,397.8,1211.23,0.0,0.0, , 
,1211.54,896,78.0,-3.1,11111110,1211.85,896,28.2,3.09,397.8,1212.16,0.0,0.0, , 
,1212.44,896,78.0,-2.7,11101010,1212.77,1152,29.4,4.12,397.8,1213.15,0.0,-0.4, , 
,1213.52,1536,78.0,-4.7,11101010,1213.87,1536,23.5,3.09,336.6,1214.18,0.0,-0.4, , 
,1214.49,1536,78.0,-9.4,11101010,1214.85,1504,23.5,3.09,336.6,1215.24,0.0,-0.4, , 
,1215.56,1504,78.0,-13.3,11101010,1215.82,1504,25.1,3.09,336.6,1216.09,0.0,0.0, , 
,1216.35,1472,78.0,-13.7,11101010,1216.62,1472,25.1,3.09,357.0,1217.04,0.0,0.0, , 
,1217.36,1472,78.0,-14.5,11101010,1217.75,1472,25.1,3.09,357.0,1218.02,0.0,0.0, , 
,1218.38,1440,78.0,-15.2,11101010,1218.75,1440,26.7,3.09,357.0,1219.09,0.0,0.0, , 
,1219.42,1408,78.0,-14.1,11101010,1219.79,1408,26.7,3.09,357.0,1220.13,0.0,0.0, , 
,1220.48,1408,78.0,-11.7,11101010,1220.84,1408,35.3,4.12,459.0,1221.16,0.0,0.0, , 
,1221.51,1440,78.0,0.0,11101010,1221.82,1408,53.3,8.24,632.4,1222.16,0.0,0.0, , 
,1222.47,1440,78.0,0.8,11101010,1222.82,1440,51.8,7.21,632.4,1223.22,0.0,0.0, , 
,1223.66,1472,78.0,-2.7,11101010,1224.12,1504,56.1,8.24,652.8,1224.44,0.0,-0.4, , 
,1224.82,1536,78.0,-2.0,11101010,1225.17,1536,54.5,7.21,652.8,1225.52,0.0,-0.4, , 
,1225.88,1568,78.0,-3.1,11101010,1226.22,1568,62.0,9.27,714.0,1226.61,0.0,-0.4, , 
,1226.99,1600,78.0,0.8,11101010,1227.34,1632,63.5,9.27,734.4,1227.70,0.0,-0.4, , 
,1228.03,1664,78.0,2.3,11101010,1228.43,1696,60.4,9.27,693.6,1228.80,0.0,-0.4, , 
,1229.14,1728,78.0,2.3,11101010,1229.49,1760,59.2,9.27,693.6,1229.84,0.0,-0.4, , 
,1230.19,1792,78.0,1.6,11101010,1230.57,1824,57.6,8.24,673.2,1230.95,0.0,-0.4, , 
,1231.32,1856,78.0,2.0,11101010,1231.70,1856,56.1,8.24,652.8,1232.07,0.0,-0.4, , 
,1232.45,1888,78.0,0.8,11101010,1232.82,1888,56.1,8.24,652.8,1233.19,0.0,-0.4, , 
,1233.55,1920,78.0,-1.6,11101010,1233.90,1952,62.0,9.27,693.6,1234.24,0.0,-0.4, , 
,1234.60,1984,76.5,2.0,11101000,1234.96,2016,63.5,9.27,714.0,1235.31,0.0,-0.4, , 
,1235.65,2048,76.5,0.4,11101000,1235.99,2048,62.0,9.27,693.6,1236.34,0.0,-0.4, , 
,1236.68,2080,76.5,0.8,11101000,1237.02,2112,62.0,9.27,693.6,1237.37,0.0,-0.4, , 
,1237.72,2144,76.5,0.4,11101000,1238.08,2144,60.4,9.27,673.2,1238.42,0.0,-0.4, , 
,1238.76,2176,76.5,0.8,11101000,1239.10,2176,60.4,9.27,673.2,1239.44,0.0,-0.4, , 
,1239.79,2208,76.5,0.4,11101000,1240.13,2240,59.2,8.24,673.2,1240.48,0.0,-0.4, , 
,1240.82,2272,76.5,0.8,11101000,1241.16,2272,63.5,9.27,714.0,1241.51,0.0,-0.4, , 
,1241.82,2304,76.5,-0.8,11101000,1242.16,2336,65.1,9.27,714.0,1242.52,0.0,-0.4, , 
,1242.90,2368,76.5,-0.8,11101000,1243.26,2368,65.1,9.27,714.0,1243.57,0.0,-0.4, , 
,1243.93,2400,76.5,0.0,11101000,1244.28,2432,67.8,10.30,734.4,1244.63,0.0,-0.4, , 
,1244.98,2464,76.5,-2.3,11101000,1245.33,2496,69.4,10.30,754.8,1245.65,0.0,-0.4, , 
,1246.00,2528,76.5,-3.5,11101000,1246.34,2560,69.4,10.30,754.8,1246.69,0.0,-0.4, , 
,1247.01,2592,76.5,-3.5,11101000,1247.33,2592,67.8,10.30,734.4,1247.65,0.0,-0.4, , 
,1248.00,2656,76.5,-2.3,11101000,1248.35,2656,67.8,10.30,734.4,1248.70,0.0,-0.4, , 
,1249.05,2688,76.5,-1.2,11101000,1249.42,2720,66.3,9.27,714.0,1249.77,0.0,-0.4, , 
,1250.13,2752,76.5,-2.3,11101000,1250.46,2752,65.1,9.27,714.0,1250.83,0.0,-0.4, , 
,1251.17,2784,76.5,0.4,11101000,1251.52,2816,65.1,9.27,714.0,1251.87,0.0,-0.4, , 
,1252.24,2848,76.5,1.6,11101000,1252.62,2848,63.5,9.27,693.6,1252.92,0.0,-0.4, , 
,1253.27,2176,76.5,0.0,11111100,1253.64,1632,0.0,0.00,295.8,1253.95,0.0,0.0, , 
,1254.34,1472,76.5,0.0,11101010,1254.67,2176,29.4,4.12,377.4,1255.01,0.0,-0.4, , 
,1255.36,2144,76.5,0.0,11101000,1255.71,2112,54.5,8.24,632.4,1256.06,0.0,-0.4, , 
,1256.41,2112,76.5,-0.8,11101000,1256.76,2144,56.1,8.24,632.4,1257.11,0.0,-0.4, , 
,1257.46,2144,76.5,-2.7,11101000,1257.81,2144,56.1,8.24,632.4,1258.14,0.0,-0.4, , 
,1258.48,2144,76.5,-3.5,11101000,1258.81,2144,75.3,11.33,846.6,1259.16,0.0,-0.4, , 
,1259.49,2144,76.5,0.0,11101000,1259.82,2176,85.5,13.39,928.2,1260.15,0.0,-0.4, , 
,1260.49,2176,76.5,-12.9,11101000,1260.83,2208,85.5,11.33,928.2,1261.17,0.0,-0.4, , 
,1261.52,2208,76.5,-16.8,11101000,1261.84,2208,85.5,11.33,928.2,1262.19,0.0,-0.4, , 
,1262.54,2240,76.5,-18.4,11101000,1262.86,2240,81.2,9.27,887.4,1263.19,0.0,-0.4, , 
,1263.52,2240,78.0,0.0,11101000,1263.87,2240,72.2,10.30,795.6,1264.20,0.0,-0.4, , 
,1264.55,2240,78.0,-5.9,11101000,1264.90,2240,72.2,10.30,795.6,1265.25,0.0,-0.4, , 
,1265.58,2240,78.0,-7.0,11101000,1265.91,2240,72.2,10.30,795.6,1266.24,0.0,-0.4, , 
,1266.59,2240,78.0,-5.9,11101000,1266.92,2240,72.2,10.30,795.6,1267.25,0.0,-0.4, , 
,1267.57,2240,78.0,-5.1,11101000,1267.91,2240,72.2,10.30,795.6,1268.24,0.0,-0.4, , 
,1268.58,2208,78.0,-5.1,11101000,1268.91,2208,72.2,10.30,795.6,1269.25,0.0,-0.4, , 
,1269.59,2208,78.0,-5.9,11101000,1269.93,2208,72.2,10.30,795.6,1270.28,0.0,-0.4, , 
,1270.61,2176,78.0,-5.9,11101000,1270.95,2176,72.2,10.30,795.6,1271.28,0.0,-0.4, , 
,1271.63,2176,78.0,-5.9,11101000,1271.97,2176,73.7,10.30,826.2,1272.30,0.0,-1.2, , 
,1272.63,2144,78.0,-7.4,11101000,1272.98,2144,76.9,10.30,846.6,1273.31,0.0,-1.2, , 
,1273.68,2144,78.0,-10.2,11101000,1274.03,2112,78.4,10.30,867.0,1274.38,0.0,-1.2, , 
,1274.72,2112,78.0,-10.5,11101000,1275.05,2112,78.4,10.30,867.0,1275.40,0.0,-1.2, , 
,1275.76,2080,78.0,-9.8,11101000,1276.10,2080,78.4,10.30,867.0,1276.45,0.0,-1.2, , 
,1276.79,2080,78.0,-10.2,11101000,1277.14,2048,78.4,10.30,867.0,1277.49,0.0,-2.0, , 
,1277.84,2048,78.0,-8.6,11101000,1278.19,2048,78.4,10.30,867.0,1278.54,0.0,-2.0, , 
,1278.92,2016,78.0,-10.2,11101000,1279.27,2016,79.6,10.30,887.4,1279.64,0.0,-2.0, , 
,1279.98,2016,78.0,-10.2,11101000,1280.34,2016,82.7,11.33,907.8,1280.68,0.0,-2.0, , 
,1281.07,2016,78.0,-14.1,11101000,1281.41,1984,85.5,11.33,948.6,1281.77,0.0,-2.0, , 
,1282.13,1984,78.0,-14.5,11101000,1282.50,1984,79.6,10.30,887.4,1282.84,0.0,-2.0, , 
,1283.21,1952,78.0,-10.5,11101010,1283.59,1952,79.6,10.30,887.4,1283.97,0.0,-2.0, , 
,1284.32,1952,78.0,-9.4,11101010,1284.69,1952,85.5,11.33,948.6,1285.04,0.0,-2.0, , 
,1285.40,1920,79.5,-13.3,11101010,1285.77,1920,87.1,11.33,948.6,1286.14,0.0,-2.0, , 
,1286.49,1920,79.5,-13.3,11101010,1286.85,1920,87.1,11.33,948.6,1287.22,0.0,-2.0, , 
,1287.58,1920,79.5,-13.7,11101010,1287.95,1920,87.1,12.36,948.6,1288.32,0.0,-2.0, , 
,1288.68,1920,79.5,-13.3,11101011,1289.06,1920,87.1,11.33,948.6,1289.41,0.0,-2.0, , 
,1289.77,1920,79.5,-13.3,11101010,1290.13,1920,87.1,11.33,948.6,1290.52,0.0,-2.0, , 
,1290.88,1920,79.5,-13.3,11101010,1291.24,1920,87.1,11.33,948.6,1291.61,0.0,-2.0, , 
,1291.96,1920,79.5,-13.7,11101010,1292.33,1920,87.1,11.33,948.6,1292.68,0.0,-2.0, , 
,1293.04,1952,79.5,-13.7,11101011,1293.40,1952,87.1,11.33,948.6,1293.77,0.0,-2.0, , 
,1294.13,1952,79.5,-13.7,11101011,1294.49,1984,87.1,11.33,948.6,1294.85,0.0,-2.0, , 
,1295.21,1984,79.5,-13.7,11101001,1295.57,1984,87.1,11.33,948.6,1295.92,0.0,-2.0, , 
,1296.27,2016,79.5,-13.3,11101000,1296.64,2048,87.1,11.33,948.6,1297.00,0.0,-2.0, , 
,1297.35,2048,81.0,-13.7,11101001,1297.69,2080,87.1,11.33,948.6,1298.02,0.0,-2.0, , 
,1298.36,2112,79.5,-14.1,11101001,1298.71,2144,69.4,9.27,775.2,1299.04,0.0,-2.0, , 
,1299.39,2144,79.5,-0.4,11101001,1299.72,2176,65.1,9.27,714.0,1300.06,0.0,-2.0, , 
,1300.40,2176,79.5,1.2,11101001,1300.74,2208,63.5,9.27,714.0,1301.08,0.0,-2.0, , 
,1301.41,2240,79.5,2.7,11101001,1301.75,2240,63.5,9.27,693.6,1302.08,0.0,-2.0, , 
,1302.42,2272,79.5,1.6,11101001,1302.76,2272,54.5,7.21,612.0,1303.11,0.0,-2.0, , 
,1303.43,2304,81.0,0.4,11101001,1303.78,2304,51.8,7.21,591.6,1304.14,0.0,-2.0, , 
,1304.47,2336,81.0,0.4,11101001,1304.81,2368,40.0,5.15,479.4,1305.14,0.0,-2.0, , 
,1305.48,2368,81.0,0.4,11101001,1305.86,2368,38.4,5.15,459.0,1306.23,0.0,-2.0, , 
,1306.57,2400,81.0,-1.2,11101001,1306.87,2400,32.5,4.12,418.2,1307.19,0.0,-2.0, , 
,1307.55,2432,81.0,0.0,11101001,1307.90,2432,20.8,2.06,295.8,1308.25,0.0,-2.0, , 
,1308.59,2432,79.5,-18.4,11101001,1308.93,2464,20.8,2.06,295.8,1309.29,0.0,-2.0, , 
,1309.64,2464,81.0,-24.6,11101001,1309.99,2464,20.8,2.06,295.8,1310.35,0.0,-2.0, , 
,1310.72,2464,79.5,-28.5,11101001,1311.08,2464,20.8,2.06,295.8,1311.41,0.0,-2.0, , 
,1311.78,2464,79.5,-27.0,11101001,1312.11,2464,20.8,2.06,295.8,1312.45,0.0,-2.0, , 
,1312.80,2496,79.5,-25.0,11101001,1313.15,2464,20.8,2.06,275.4,1313.52,0.0,-2.0, , 
,1313.88,2496,81.0,-24.6,11101001,1314.18,2496,20.8,2.06,275.4,1314.54,0.0,-2.0, , 
,1314.90,2496,81.0,-23.0,11101001,1315.25,2496,20.8,2.06,275.4,1315.58,0.0,-2.0, , 
,1315.90,2496,79.5,-22.7,11101000,1316.25,2464,20.8,2.06,275.4,1316.56,0.0,-2.0, , 
,1316.88,2496,79.5,-23.0,11101001,1317.26,2464,19.2,2.06,275.4,1317.60,0.0,-2.0, , 
,1317.97,2464,79.5,-23.8,11101001,1318.31,2464,19.2,2.06,275.4,1318.65,0.0,-2.0, , 
,1318.99,2464,79.5,-23.4,11101001,1319.33,2464,19.2,2.06,275.4,1319.66,0.0,-2.0, , 
,1320.01,2432,79.5,-24.2,11101001,1320.34,2432,20.8,2.06,275.4,1320.67,0.0,-2.0, , 
,1321.01,2432,79.5,-22.3,11101001,1321.37,2432,28.2,3.09,357.0,1321.70,0.0,-2.0, , 
,1322.06,2432,79.5,-12.1,11101001,1322.40,2432,42.7,5.15,499.8,1322.72,0.0,-2.0, , 
,1323.07,2432,81.0,-2.7,11101001,1323.41,2464,47.1,6.18,550.8,1323.78,0.0,-2.0, , 
,1324.13,2464,79.5,4.3,11101001,1324.50,2464,47.1,7.21,550.8,1324.84,0.0,-2.0, , 
,1325.16,2496,79.5,7.8,11101000,1325.50,2496,53.3,8.24,612.0,1325.85,0.0,-2.0, , 
,1326.19,2528,79.5,9.0,11101001,1326.52,2528,53.3,8.24,612.0,1326.88,0.0,-2.0, , 
,1327.23,2528,79.5,8.6,11101000,1327.59,2560,51.8,8.24,591.6,1327.95,0.0,-2.0, , 
,1328.30,2560,79.5,3.5,11101000,1328.65,2560,51.8,7.21,591.6,1328.98,0.0,-2.0, , 
,1329.35,2560,79.5,1.2,11101000,1329.69,2592,51.8,7.21,591.6,1330.03,0.0,-2.0, , 
,1330.36,2592,79.5,-0.8,11101000,1330.67,2592,51.8,7.21,591.6,1331.00,0.0,-2.0, , 
,1331.35,2592,79.5,-1.6,11101000,1331.70,2624,50.2,7.21,571.2,1332.02,0.0,-2.0, , 
,1332.35,2624,79.5,-2.0,11101000,1332.69,2624,50.2,7.21,571.2,1333.01,0.0,-2.0, , 
,1333.36,2624,79.5,0.4,11101000,1333.69,2624,32.5,4.12,397.8,1334.03,0.0,-2.0, , 
,1334.37,2624,79.5,-1.6,11101000,1334.70,2624,32.5,4.12,397.8,1335.03,0.0,-2.0, , 
,1335.36,2624,79.5,-2.0,11101000,1335.67,2592,20.8,2.06,295.8,1335.99,0.0,-2.0, , 
,1336.32,2592,79.5,-14.1,11101000,1336.66,2592,20.8,2.06,275.4,1337.02,0.0,-2.0, , 
,1337.36,2560,79.5,-21.5,11101000,1337.70,2560,20.8,2.06,275.4,1338.06,0.0,-2.0, , 
,1338.40,2528,79.5,-25.4,11101000,1338.73,2528,22.0,2.06,295.8,1339.07,0.0,-2.0, , 
,1339.43,2528,79.5,-26.6,11101000,1339.77,2496,22.0,2.06,295.8,1340.12,0.0,-2.0, , 
,1340.45,2496,79.5,-27.7,11101000,1340.81,2496,22.0,2.06,295.8,1341.14,0.0,-2.0, , 
,1341.49,2464,79.5,-25.4,11101000,1341.86,2464,22.0,2.06,295.8,1342.20,0.0,-2.0, , 
,1342.55,2432,79.5,-22.7,11101000,1342.91,2432,22.0,2.06,295.8,1343.23,0.0,-2.0, , 
,1343.60,2432,78.0,-21.5,11101000,1343.95,2432,23.5,2.06,316.2,1344.33,0.0,-2.0, , 
,1344.68,2400,78.0,-18.0,11101000,1345.05,2400,35.3,4.12,418.2,1345.37,0.0,-2.0, , 
,1345.71,2400,78.0,-9.4,11101000,1346.02,2400,29.4,3.09,377.4,1346.40,0.0,-2.0, , 
,1346.77,2368,79.5,-6.6,11101000,1347.11,2368,28.2,3.09,357.0,1347.45,0.0,-2.0, , 
,1347.77,2368,79.5,-13.3,11111100,1348.10,2336,0.0,0.00,244.8,1348.43,0.0,-2.0, , 
,1348.75,2304,78.0,0.0,11111100,1349.09,2304,0.0,0.00,244.8,1349.42,0.0,-2.0, , 
,1349.75,2272,78.0,0.0,11111100,1350.08,2240,0.0,0.00,244.8,1350.41,0.0,-2.0, , 
,1350.75,2208,78.0,0.0,11111100,1351.07,2208,0.0,0.00,244.8,1351.41,0.0,-2.0, , 
,1351.75,2176,78.0,0.0,11111100,1352.08,2176,0.0,0.00,244.8,1352.40,0.0,-2.0, , 
,1352.74,2144,78.0,0.0,11111100,1353.09,2112,0.0,0.00,244.8,1353.43,0.0,-2.0, , 
,1353.78,2080,78.0,0.0,11111100,1354.13,2080,0.0,0.00,244.8,1354.49,0.0,-2.0, , 
,1354.86,2048,78.0,0.0,11111100,1355.20,2016,0.0,0.00,244.8,1355.54,0.0,-2.0, , 
,1355.89,1984,78.0,0.0,11111110,1356.23,1952,0.0,0.00,244.8,1356.59,0.0,-2.0, , 
,1356.95,1920,78.0,0.0,11111110,1357.30,1888,0.0,0.00,275.4,1357.64,0.0,-2.0, , 
,1358.01,1824,78.0,0.0,11111110,1358.32,1792,0.0,0.00,295.8,1358.67,0.0,-2.0, , 
,1359.01,1760,78.0,0.0,11111110,1359.34,1728,0.0,0.00,316.2,1359.69,0.0,-2.0, , 
,1360.01,1696,78.0,0.0,11111110,1360.36,1664,0.0,0.00,316.2,1360.68,0.0,-2.0, , 
,1360.99,1632,78.0,0.0,11111110,1361.31,1632,0.0,0.00,316.2,1361.64,0.0,-2.0, , 
,1361.99,1600,78.0,0.0,11111110,1362.31,1568,0.0,0.00,316.2,1362.60,0.0,-2.0, , 
,1362.92,1120,78.0,0.0,11111110,1363.24,864,38.4,8.24,479.4,1363.60,0.0,0.0, , 
,1363.92,1056,78.0,0.0,11111110,1364.24,1248,23.5,3.09,336.6,1364.61,0.0,-2.0, , 
,1364.96,1920,78.0,0.0,11111110,1365.33,1888,17.6,3.09,275.4,1365.68,0.0,-2.0, , 
,1366.03,1856,76.5,0.0,11101010,1366.40,1856,19.2,2.06,275.4,1366.77,0.0,-2.0, , 
,1367.13,1824,78.0,-10.5,11101010,1367.51,1824,22.0,2.06,316.2,1367.88,0.0,-2.0, , 
,1368.26,1824,78.0,-12.1,11101010,1368.63,1792,26.7,3.09,357.0,1369.02,0.0,-2.0, , 
,1369.37,1792,78.0,-12.9,11101010,1369.74,1792,26.7,3.09,357.0,1370.11,0.0,-2.0, , 
,1370.48,1760,76.5,-12.9,11101010,1370.83,1760,26.7,3.09,357.0,1371.19,0.0,-2.0, , 
,1371.56,1760,76.5,-12.1,11101010,1371.90,1760,28.2,3.09,357.0,1372.28,0.0,-2.0, , 
,1372.62,1728,76.5,-9.8,11101010,1372.98,1728,28.2,3.09,377.4,1373.34,0.0,-2.0, , 
,1373.72,1728,76.5,-5.5,11101010,1374.09,1728,31.0,4.12,397.8,1374.48,0.0,-3.1, , 
,1374.83,1728,76.5,0.0,11101010,1375.19,1728,32.5,4.12,397.8,1375.53,0.0,-3.1, , 
,1375.91,1728,76.5,2.7,11101010,1376.27,1696,25.1,3.09,336.6,1376.62,0.0,-3.1, , 
,1376.95,1696,76.5,-0.8,11101010,1377.32,1696,23.5,3.09,336.6,1377.69,0.0,-3.1, , 
,1378.06,1696,76.5,-5.9,11101010,1378.43,1664,23.5,3.09,336.6,1378.77,0.0,-3.1, , 
,1379.15,1664,76.5,-7.8,11101010,1379.51,1664,23.5,3.09,336.6,1379.87,0.0,-3.1, , 
,1380.23,1632,76.5,-9.0,11101010,1380.59,1632,26.7,3.09,357.0,1380.97,0.0,-3.1, , 
,1381.32,1632,76.5,-7.0,11101010,1381.68,1632,28.2,3.09,377.4,1382.03,0.0,-3.1, , 
,1382.41,1632,76.5,-5.1,11101010,1382.74,1632,26.7,3.09,357.0,1383.09,0.0,-3.1, , 
,1383.44,1600,76.5,-1.6,11101010,1383.79,1600,28.2,3.09,377.4,1384.14,0.0,-3.5, , 
,1384.49,1600,75.0,1.2,11101010,1384.86,1600,28.2,3.09,377.4,1385.22,0.0,-3.5, , 
,1385.56,1600,75.0,2.0,11101010,1385.93,1600,32.5,4.12,418.2,1386.30,0.0,-3.5, , 
,1386.64,1600,76.5,0.0,11101010,1387.01,1600,42.7,6.18,520.2,1387.37,0.0,-3.5, , 
,1387.67,1472,75.0,0.0,11111110,1387.98,1024,28.2,4.12,377.4,1388.30,0.0,0.0, , 
,1388.61,1312,75.0,0.0,11101010,1388.97,1696,23.5,3.09,316.2,1389.30,0.0,-3.5, , 
,1389.65,2016,75.0,-9.4,11101000,1390.01,2016,19.2,2.06,275.4,1390.36,0.0,-3.5, , 
,1390.72,2016,75.0,-14.5,11101000,1391.07,1984,22.0,2.06,316.2,1391.43,0.0,-3.5, , 
,1391.80,1952,75.0,-18.4,11101010,1392.15,1920,23.5,2.06,316.2,1392.53,0.0,-3.5, , 
,1392.91,1920,75.0,-19.9,11101010,1393.27,1920,25.1,2.06,336.6,1393.64,0.0,-3.5, , 
,1394.00,1888,75.0,-19.5,11101010,1394.36,1888,25.1,2.06,336.6,1394.73,0.0,-3.5, , 
,1395.09,1856,75.0,-18.4,11101010,1395.48,1856,25.1,2.06,336.6,1395.85,0.0,-3.5, , 
,1396.23,1856,75.0,-18.8,11111110,1396.58,1824,20.8,2.06,295.8,1396.90,0.0,-3.5, , 
,1397.21,1792,75.0,0.0,11111110,1397.54,1760,0.0,0.00,316.2,1397.90,0.0,-3.5, , 
,1398.21,1696,75.0,0.0,11111110,1398.55,1664,0.0,0.00,316.2,1398.88,0.0,-3.5, , 
,1399.23,1600,75.0,0.0,11111110,1399.56,1600,0.0,0.00,316.2,1399.89,0.0,-3.5, , 
,1400.27,1568,75.0,0.0,11111110,1400.64,1536,0.0,0.00,336.6,1400.91,0.0,-3.5, , 
,1401.22,1280,75.0,0.0,11111110,1401.51,864,29.4,6.18,397.8,1401.80,0.0,0.0, , 
,1402.11,960,75.0,0.0,11111110,1402.41,928,31.0,4.12,418.2,1402.72,0.0,0.0, , 
,1403.02,928,75.0,0.0,11111110,1403.33,928,31.0,4.12,418.2,1403.65,0.0,0.0, , 
,1403.97,928,75.0,-2.0,11111110,1404.27,928,29.4,4.12,418.2,1404.59,0.0,0.0, , 
,1404.90,928,75.0,-2.3,11111110,1405.23,928,29.4,4.12,418.2,1405.54,0.0,0.0, , 
,1405.85,896,75.0,-2.0,11111110,1406.17,896,29.4,4.12,418.2,1406.49,0.0,0.0, , 
,1406.80,896,75.0,-2.3,11111110,1407.13,896,29.4,4.12,418.2,1407.43,0.0,0.0, , 
,1407.73,896,75.0,-3.1,11111110,1408.02,896,28.2,3.09,397.8,1408.34,0.0,0.0, , 
,1408.66,896,75.0,-3.9,11111110,1408.97,896,28.2,3.09,397.8,1409.26,0.0,0.0, , 
,1409.56,896,75.0,-4.7,11111110,1409.88,896,28.2,3.09,397.8,1410.19,0.0,0.0, , 
,1410.51,896,75.0,-5.5,11111110,1410.83,896,28.2,3.09,397.8,1411.14,0.0,0.0, , 
,1411.44,896,75.0,-8.6,11101010,1411.78,1184,41.2,6.18,499.8,1412.14,0.0,-3.5, , 
,1412.49,1600,75.0,-0.8,11101010,1412.84,1408,42.7,6.18,520.2,1413.16,0.0,0.0, , 
,1413.49,1280,75.0,-1.2,11101010,1413.81,1344,50.2,6.18,591.6,1414.12,0.0,0.0, , 
,1414.42,1440,75.0,-4.3,11101010,1414.81,1472,45.9,6.18,550.8,1415.16,0.0,-3.5, , 
,1415.49,1568,75.0,-1.2,11101010,1415.83,1632,48.6,6.18,571.2,1416.20,0.0,-3.5, , 
,1416.54,1728,75.0,-0.8,11101010,1416.91,1760,36.9,5.15,459.0,1417.29,0.0,-3.5, , 
,1417.67,1856,75.0,1.6,11101010,1418.03,1888,47.1,6.18,571.2,1418.38,0.0,-3.5, , 
,1418.75,1952,75.0,0.0,11101010,1419.09,1984,26.7,3.09,357.0,1419.47,0.0,-3.5, , 
,1419.84,1984,75.0,-9.4,11101010,1420.20,1952,23.5,2.06,316.2,1420.55,0.0,-3.5, , 
,1420.90,1984,75.0,0.0,11101000,1421.26,2016,40.0,5.15,479.4,1421.60,0.0,-3.5, , 
,1421.97,2112,75.0,0.8,11101000,1422.29,2112,44.3,6.18,520.2,1422.65,0.0,-3.5, , 
,1423.00,2208,75.0,2.7,11101000,1423.33,2272,48.6,6.18,550.8,1423.65,0.0,-3.5, , 
,1423.99,2368,75.0,3.5,11101000,1424.35,2432,47.1,7.21,550.8,1424.70,0.0,-3.5, , 
,1425.04,2528,75.0,3.9,11101000,1425.37,2592,54.5,7.21,612.0,1425.71,0.0,-3.5, , 
,1426.07,2720,75.0,5.5,11101000,1426.41,2816,50.2,6.18,591.6,1426.73,0.0,-3.5, , 
,1427.08,1984,75.0,0.0,11111100,1427.43,1472,0.0,0.00,336.6,1427.75,0.0,0.0, , 
,1428.08,1280,75.0,0.0,11111110,1428.44,1472,23.5,4.12,336.6,1428.80,0.0,-3.5, , 
,1429.15,1728,75.0,0.0,11101010,1429.51,1728,22.0,3.09,316.2,1429.86,0.0,-3.5, , 
,1430.21,1696,75.0,0.0,11101010,1430.58,1664,25.1,3.09,336.6,1430.92,0.0,-3.5, , 
,1431.25,1664,73.5,-5.5,11101010,1431.60,1664,32.5,4.12,418.2,1431.97,0.0,-3.5, , 
,1432.31,1664,73.5,-4.3,11101010,1432.64,1696,48.6,6.18,571.2,1432.99,0.0,-3.5, , 
,1433.34,1760,75.0,0.0,11101010,1433.72,1792,60.4,8.24,693.6,1434.10,0.0,-3.5, , 
,1434.49,1856,75.0,0.4,11101010,1434.86,1888,66.3,9.27,734.4,1435.22,0.0,-3.5, , 
,1435.57,1952,75.0,0.4,11101010,1435.94,2016,63.5,9.27,714.0,1436.27,0.0,-3.5, , 
,1436.62,2080,75.0,2.7,11101000,1436.97,2112,63.5,9.27,714.0,1437.29,0.0,-3.5, , 
,1437.65,2176,75.0,5.5,11101000,1437.99,2208,63.5,9.27,714.0,1438.33,0.0,-3.5, , 
,1438.66,2272,75.0,5.9,11101000,1438.98,2304,63.5,9.27,693.6,1439.31,0.0,-3.5, , 
,1439.63,2368,75.0,6.3,11101000,1439.98,2400,62.0,9.27,693.6,1440.36,0.0,-3.5, , 
,1440.69,2464,75.0,7.8,11101000,1441.00,2496,60.4,9.27,673.2,1441.32,0.0,-3.5, , 
,1441.66,2592,75.0,8.2,11101000,1441.98,2624,59.2,9.27,652.8,1442.33,0.0,-3.5, , 
,1442.67,2656,75.0,8.2,11101000,1443.00,2720,56.1,8.24,632.4,1443.33,0.0,-3.5, , 
,1443.69,2752,75.0,6.3,11101000,1444.04,2784,54.5,8.24,612.0,1444.41,0.0,-3.5, , 
,1444.76,2816,75.0,0.0,11111100,1445.09,2368,0.0,0.00,295.8,1445.40,0.0,-3.5, , 
,1445.74,1376,75.0,0.0,11111110,1446.05,992,26.7,4.12,377.4,1446.34,0.0,0.0, , 
,1446.70,1856,75.0,0.0,11101010,1447.05,2016,16.1,2.06,244.8,1447.39,0.0,-3.5, , 
,1447.74,2016,75.0,-14.1,11101000,1448.10,2016,31.0,4.12,397.8,1448.45,0.0,-3.5, , 
,1448.81,2016,75.0,0.0,11101000,1449.16,2016,54.5,7.21,632.4,1449.50,0.0,-3.5, , 
,1449.86,2048,75.0,-1.6,11101000,1450.20,2080,53.3,7.21,612.0,1450.55,0.0,-3.5, , 
,1450.89,2080,75.0,-1.6,11101000,1451.24,2112,53.3,7.21,612.0,1451.56,0.0,-3.5, , 
,1451.89,2112,75.0,-2.3,11101000,1452.25,2144,53.3,7.21,612.0,1452.60,0.0,-3.5, , 
,1452.96,2144,75.0,-3.1,11101000,1453.30,2176,51.8,7.21,591.6,1453.63,0.0,-3.5, , 
,1453.97,2176,76.5,-0.4,11101000,1454.31,2208,51.8,7.21,591.6,1454.66,0.0,-3.5, , 
,1454.99,2208,76.5,0.4,11101000,1455.34,2240,50.2,7.21,591.6,1455.69,0.0,-3.5, , 
,1456.04,2240,76.5,1.2,11101000,1456.37,2272,48.6,6.18,571.2,1456.71,0.0,-3.5, , 
,1457.06,2272,76.5,5.1,11101000,1457.39,2272,47.1,6.18,550.8,1457.72,0.0,-3.5, , 
,1458.04,2304,76.5,5.5,11101000,1458.37,2304,47.1,6.18,550.8,1458.71,0.0,-3.5, , 
,1459.05,2304,76.5,5.9,11101000,1459.39,2336,50.2,7.21,571.2,1459.73,0.0,-3.5, , 
,1460.07,2336,76.5,5.1,11101000,1460.43,2368,53.3,7.21,612.0,1460.76,0.0,-3.5, , 
,1461.11,2368,76.5,0.0,11101000,1461.47,2368,36.9,4.12,438.6,1461.83,0.0,-3.5, , 
,1462.17,2368,76.5,1.2,11101000,1462.50,2400,35.3,5.15,438.6,1462.81,0.0,-3.5, , 
,1463.13,2368,76.5,1.6,11101000,1463.47,2368,35.3,5.15,438.6,1463.81,0.0,-3.5, , 
,1464.17,2368,76.5,2.3,11101000,1464.50,2368,35.3,5.15,438.6,1464.85,0.0,-3.5, , 
,1465.18,2368,76.5,4.3,11101000,1465.53,2368,36.9,5.15,438.6,1465.91,0.0,-3.5, , 
,1466.28,2368,76.5,5.9,11101000,1466.63,2368,35.3,5.15,438.6,1467.00,0.0,-3.5, , 
,1467.33,2368,76.5,5.9,11101000,1467.66,2368,36.9,5.15,438.6,1467.98,0.0,-3.5, , 
,1468.34,2368,76.5,5.1,11101000,1468.70,2368,35.3,5.15,438.6,1469.03,0.0,-3.5, , 
,1469.36,2368,76.5,5.1,11101000,1469.68,2368,36.9,5.15,438.6,1470.00,0.0,-3.5, , 
,1470.33,2368,76.5,5.5,11101000,1470.65,2400,36.9,5.15,438.6,1470.99,0.0,-3.5, , 
,1471.32,2400,76.5,5.9,11101000,1471.65,2400,38.4,5.15,459.0,1472.01,0.0,-3.5, , 
,1472.36,2400,76.5,7.0,11101000,1472.69,2400,42.7,6.18,499.8,1473.05,0.0,-3.5, , 
,1473.40,2432,76.5,8.6,11101000,1473.75,2400,44.3,6.18,499.8,1474.12,0.0,-3.5, , 
,1474.48,2432,76.5,8.2,11101000,1474.83,2432,42.7,6.18,499.8,1475.20,0.0,-3.5, , 
,1475.56,2432,76.5,7.4,11101000,1475.91,2464,44.3,6.18,499.8,1476.29,0.0,-3.5, , 
,1476.68,2464,76.5,5.9,11101000,1477.04,2464,44.3,6.18,499.8,1477.40,0.0,-3.5, , 
,1477.75,2464,76.5,5.1,11101000,1478.10,2496,42.7,6.18,499.8,1478.47,0.0,-3.5, , 
,1478.79,2496,76.5,3.9,11101000,1479.15,2496,42.7,6.18,499.8,1479.50,0.0,-3.5, , 
,1479.84,2528,76.5,3.1,11101000,1480.18,2528,42.7,6.18,499.8,1480.52,0.0,-3.5, , 
,1480.85,2528,76.5,1.6,11101000,1481.21,2560,42.7,6.18,499.8,1481.57,0.0,-3.1, , 
,1481.90,2560,76.5,2.3,11101000,1482.25,2560,41.2,5.15,479.4,1482.59,0.0,-3.1, , 
,1482.91,2560,76.5,3.5,11101000,1483.25,2592,41.2,5.15,479.4,1483.58,0.0,-3.1, , 
,1483.92,2592,76.5,3.5,11101000,1484.27,2592,42.7,6.18,499.8,1484.60,0.0,-3.1, , 
,1484.94,2624,76.5,3.9,11101000,1485.26,2624,44.3,6.18,499.8,1485.59,0.0,-3.1, , 
,1485.93,2624,76.5,5.9,11101000,1486.26,2624,44.3,6.18,499.8,1486.60,0.0,-3.1, , 
,1486.94,2656,76.5,6.3,11101000,1487.26,2656,48.6,7.21,550.8,1487.60,0.0,-3.1, , 
,1487.97,2656,76.5,5.5,11101000,1488.31,2688,50.2,7.21,571.2,1488.65,0.0,-3.1, , 
,1488.98,2688,76.5,4.7,11101000,1489.34,2688,51.8,7.21,591.6,1489.68,0.0,-3.1, , 
,1490.03,2720,76.5,4.3,11101000,1490.37,2720,51.8,7.21,591.6,1490.72,0.0,-3.1, , 
,1491.07,2752,76.5,3.1,11101000,1491.43,2752,51.8,7.21,591.6,1491.77,0.0,-3.1, , 
,1492.13,2752,76.5,4.3,11101000,1492.46,2784,59.2,8.24,652.8,1492.80,0.0,-3.1, , 
,1493.14,2784,76.5,7.0,11101000,1493.44,2816,72.2,10.30,775.2,1493.78,0.0,-3.1, , 
,1494.12,2848,78.0,-1.6,11101000,1494.47,2880,78.4,11.33,846.6,1494.82,0.0,-2.7, , 
,1495.20,2912,76.5,-4.3,11101000,1495.58,2912,82.7,11.33,887.4,1495.90,0.0,-2.7, , 
,1496.25,2208,78.0,0.0,11111100,1496.54,1696,0.0,0.00,295.8,1496.95,0.0,0.0, , 
,1497.28,2240,78.0,0.0,11101000,1497.63,2176,47.1,7.21,520.2,1497.97,0.0,-2.7, , 
,1498.30,2176,78.0,0.0,11101000,1498.64,2208,85.5,14.42,928.2,1498.98,0.0,-2.7, , 
,1499.31,2208,78.0,0.0,11101000,1499.64,2208,88.6,13.39,948.6,1499.97,0.0,-2.7, , 
,1500.29,2240,78.0,-13.3,11101000,1500.64,2240,88.6,12.36,969.0,1500.97,0.0,-2.7, , 
,1501.30,2240,78.0,-16.8,11101000,1501.62,2240,88.6,11.33,969.0,1501.96,0.0,-2.7, , 
,1502.30,2272,78.0,-17.2,11101000,1502.63,2272,88.6,11.33,969.0,1502.96,0.0,-2.7, , 
,1503.29,2272,78.0,0.0,11101000,1503.63,2272,88.6,12.36,969.0,1503.96,0.0,-2.7, , 
,1504.29,2272,78.0,-12.5,11101000,1504.63,2272,90.2,12.36,969.0,1504.96,0.0,-2.7, , 
,1505.29,2272,78.0,-15.6,11101000,1505.63,2240,90.2,12.36,969.0,1505.97,0.0,-2.7, , 
,1506.31,2240,78.0,-15.2,11101000,1506.62,2240,90.2,12.36,969.0,1506.97,0.0,-2.7, , 
,1507.30,2240,78.0,-15.2,11101000,1507.63,2240,90.2,12.36,969.0,1507.96,0.0,-2.7, , 
,1508.30,2240,78.0,-14.8,11101000,1508.64,2240,90.2,12.36,969.0,1508.98,0.0,-2.7, , 
,1509.32,2240,78.0,-14.8,11101000,1509.66,2240,90.2,12.36,969.0,1510.00,0.0,-2.7, , 
,1510.32,2240,78.0,-14.1,11101000,1510.67,2240,90.2,12.36,969.0,1511.01,0.0,-2.7, , 
,1511.36,2240,78.0,-14.5,11101000,1511.70,2240,90.2,12.36,969.0,1512.05,0.0,-2.7, , 
,1512.38,2240,78.0,-13.7,11101000,1512.73,2240,90.2,12.36,969.0,1513.06,0.0,-2.7, , 
,1513.41,2240,78.0,-13.7,11101000,1513.75,2272,90.2,12.36,969.0,1514.08,0.0,-2.7, , 
,1514.41,2272,78.0,-13.7,11101000,1514.74,2272,90.2,12.36,969.0,1515.08,0.0,-2.7, , 
,1515.40,2272,78.0,-14.1,11101000,1515.73,2304,90.2,12.36,969.0,1516.05,0.0,-2.7, , 
,1516.38,2304,79.5,-14.1,11101000,1516.70,2304,90.2,12.36,969.0,1517.05,0.0,-2.7, , 
,1517.39,2336,79.5,-13.7,11101000,1517.72,2336,90.2,12.36,969.0,1518.05,0.0,-2.7, , 
,1518.38,2368,79.5,-13.7,11101000,1518.70,2368,90.2,12.36,969.0,1519.03,0.0,-2.7, , 
,1519.39,2400,79.5,-14.1,11101000,1519.74,2432,90.2,12.36,969.0,1520.10,0.0,-2.7, , 
,1520.47,2464,79.5,-13.7,11101000,1520.78,2496,88.6,11.33,948.6,1521.14,0.0,-2.7, , 
,1521.48,2528,79.5,-12.5,11101001,1521.82,2528,72.2,10.30,795.6,1522.18,0.0,-2.7, , 
,1522.53,2560,79.5,0.4,11101001,1522.86,2592,62.0,8.24,693.6,1523.20,0.0,-2.7, , 
,1523.53,2592,79.5,1.6,11101001,1523.86,2624,54.5,8.24,612.0,1524.19,0.0,-2.7, , 
,1524.52,2624,79.5,0.0,11111101,1524.87,2624,19.2,2.06,275.4,1525.20,0.0,-2.7, , 
,1525.53,2656,79.5,0.0,11111101,1525.86,2656,0.0,0.00,244.8,1526.19,0.0,-2.7, , 
,1526.53,2624,79.5,0.0,11111101,1526.87,2624,0.0,0.00,244.8,1527.21,0.0,-2.7, , 
,1527.55,2624,79.5,0.0,11101001,1527.89,2624,17.6,2.06,244.8,1528.23,0.0,-2.7, , 
,1528.57,2624,79.5,-14.5,11101001,1528.91,2624,17.6,2.06,244.8,1529.25,0.0,-2.7, , 
,1529.59,2624,79.5,-23.4,11101001,1529.93,2624,17.6,1.03,244.8,1530.28,0.0,-2.7, , 
,1530.61,2656,79.5,-28.1,11101001,1530.94,2624,17.6,1.03,244.8,1531.25,0.0,-2.7, , 
,1531.59,2624,79.5,-27.0,11101001,1531.92,2656,19.2,2.06,275.4,1532.27,0.0,-2.7, , 
,1532.62,2656,79.5,-19.1,11101001,1532.97,2656,31.0,3.09,377.4,1533.30,0.0,-2.7, , 
,1533.63,2624,79.5,-10.2,11101001,1533.95,2624,34.1,4.12,418.2,1534.31,0.0,-2.7, , 
,1534.65,2624,79.5,0.4,11101001,1535.00,2624,41.2,5.15,479.4,1535.33,0.0,-2.7, , 
,1535.68,2624,79.5,9.0,11101001,1536.02,2624,48.6,7.21,550.8,1536.36,0.0,-2.7, , 
,1536.69,2624,79.5,10.2,11101001,1537.00,2624,53.3,8.24,591.6,1537.33,0.0,-2.7, , 
,1537.64,2592,79.5,9.0,11101001,1537.97,2592,56.1,8.24,632.4,1538.29,0.0,-2.7, , 
,1538.65,2592,79.5,10.5,11101000,1538.97,2592,56.1,8.24,632.4,1539.29,0.0,-2.7, , 
,1539.64,2592,79.5,10.9,11101001,1539.98,2592,57.6,9.27,652.8,1540.33,0.0,-2.7, , 
,1540.65,2592,79.5,7.8,11101001,1540.97,2592,60.4,9.27,673.2,1541.32,0.0,-2.7, , 
,1541.67,2592,79.5,6.3,11101000,1542.02,2592,60.4,9.27,673.2,1542.34,0.0,-2.7, , 
,1542.69,2592,79.5,5.1,11101001,1543.03,2592,60.4,9.27,673.2,1543.35,0.0,-2.7, , 
,1543.70,2592,79.5,5.1,11101000,1544.05,2624,62.0,9.27,693.6,1544.39,0.0,-2.7, , 
,1544.73,2624,79.5,4.3,11101000,1545.07,2624,62.0,9.27,693.6,1545.41,0.0,-2.7, , 
,1545.74,2656,79.5,3.9,11101001,1546.09,2656,62.0,9.27,693.6,1546.43,0.0,-2.7, , 
,1546.76,2656,79.5,6.3,11101000,1547.12,2656,62.0,9.27,693.6,1547.48,0.0,-2.7, , 
,1547.81,2656,79.5,6.3,11101000,1548.13,2688,62.0,9.27,673.2,1548.49,0.0,-2.7, , 
,1548.81,2688,79.5,6.3,11101001,1549.13,2688,60.4,9.27,673.2,1549.48,0.0,-2.7, , 
,1549.82,2688,79.5,7.0,11101000,1550.15,2688,53.3,7.21,612.0,1550.50,0.0,-2.7, , 
,1550.82,2720,79.5,4.7,11101000,1551.19,2688,47.1,6.18,550.8,1551.53,0.0,-2.7, , 
,1551.87,2720,79.5,2.7,11101001,1552.21,2720,47.1,6.18,550.8,1552.53,0.0,-2.7, , 
,1552.87,2720,79.5,2.3,11101000,1553.21,2720,45.9,6.18,520.2,1553.55,0.0,-2.7, , 
,1553.89,2720,79.5,0.0,11101001,1554.23,2720,22.0,3.09,295.8,1554.57,0.0,-2.7, , 
,1554.91,2720,79.5,-12.1,11101000,1555.24,2720,22.0,2.06,295.8,1555.57,0.0,-2.7, , 
,1555.91,2720,79.5,-15.6,11101001,1556.23,2688,22.0,2.06,295.8,1556.58,0.0,-2.7, , 
,1556.92,2688,79.5,-17.6,11101001,1557.27,2688,23.5,2.06,316.2,1557.62,0.0,-2.7, , 
,1557.96,2656,79.5,-19.5,11101001,1558.29,2656,22.0,2.06,316.2,1558.63,0.0,-2.7, , 
,1558.98,2656,79.5,-16.4,11101001,1559.33,2624,23.5,2.06,316.2,1559.68,0.0,-2.7, , 
,1560.01,2624,79.5,-12.1,11101001,1560.35,2624,25.1,2.06,316.2,1560.70,0.0,-2.7, , 
,1561.05,2592,79.5,-10.2,11101001,1561.37,2592,40.0,5.15,479.4,1561.72,0.0,-2.7, , 
,1562.05,2592,79.5,-2.3,11101001,1562.39,2592,44.3,6.18,499.8,1562.73,0.0,-2.7, , 
,1563.06,2592,79.5,4.3,11101001,1563.41,2592,44.3,6.18,499.8,1563.76,0.0,-2.7, , 
,1564.11,2592,79.5,8.6,11101000,1564.42,2592,45.9,6.18,520.2,1564.76,0.0,-2.7, , 
,1565.09,2592,79.5,7.4,11101001,1565.44,2592,45.9,6.18,520.2,1565.76,0.0,-2.7, , 
,1566.11,2592,79.5,7.0,11101000,1566.43,2560,45.9,6.18,520.2,1566.78,0.0,-2.7, , 
,1567.13,2592,79.5,6.6,11101001,1567.45,2592,53.3,7.21,591.6,1567.79,0.0,-2.7, , 
,1568.12,2592,79.5,5.1,11101001,1568.47,2592,54.5,8.24,612.0,1568.80,0.0,-2.7, , 
,1569.12,2592,79.5,4.7,11101000,1569.44,2592,60.4,9.27,673.2,1569.76,0.0,-2.7, , 
,1570.08,2624,79.5,2.0,11101001,1570.39,2624,72.2,10.30,775.2,1570.72,0.0,-2.7, , 
,1571.05,2624,79.5,0.4,11101000,1571.39,2624,71.0,10.30,775.2,1571.72,0.0,-2.7, , 
,1572.05,2656,79.5,-0.4,11101000,1572.39,2656,71.0,10.30,775.2,1572.71,0.0,-2.7, , 
,1573.04,2656,79.5,-0.4,11101000,1573.40,2656,71.0,10.30,775.2,1573.75,0.0,-2.7, , 
,1574.09,2688,79.5,0.0,11101001,1574.43,2688,57.6,8.24,652.8,1574.78,0.0,-2.7, , 
,1575.12,2656,79.5,1.6,11101000,1575.45,2688,56.1,8.24,632.4,1575.80,0.0,-2.7, , 
,1576.14,2688,79.5,3.1,11101000,1576.50,2688,56.1,8.24,632.4,1576.84,0.0,-2.7, , 
,1577.18,2688,79.5,6.3,11101001,1577.53,2688,57.6,8.24,632.4,1577.88,0.0,-2.7, , 
,1578.24,2656,79.5,8.6,11101000,1578.59,2656,56.1,8.24,632.4,1578.91,0.0,-2.7, , 
,1579.24,2656,79.5,8.6,11101000,1579.60,2688,57.6,8.24,632.4,1579.94,0.0,-2.7, , 
,1580.24,2656,79.5,8.2,11101001,1580.57,2656,56.1,8.24,632.4,1580.93,0.0,-2.7, , 
,1581.29,2656,79.5,7.4,11101000,1581.64,2656,56.1,8.24,632.4,1581.95,0.0,-2.7, , 
,1582.29,2656,81.0,7.4,11101001,1582.60,2656,57.6,8.24,652.8,1582.95,0.0,-2.7, , 
,1583.30,2656,79.5,7.0,11101001,1583.63,2656,59.2,9.27,652.8,1583.97,0.0,-2.0, , 
,1584.29,2656,79.5,6.3,11101001,1584.65,2656,59.2,9.27,652.8,1584.98,0.0,-2.0, , 
,1585.31,2656,79.5,6.6,11101000,1585.65,2656,59.2,9.27,652.8,1586.01,0.0,-2.0, , 
,1586.34,2656,79.5,6.3,11101001,1586.68,2656,59.2,9.27,652.8,1587.04,0.0,-2.0, , 
,1587.39,2656,79.5,5.9,11101001,1587.74,2688,57.6,8.24,652.8,1588.05,0.0,-2.0, , 
,1588.36,2688,79.5,4.7,11101001,1588.68,2688,54.5,8.24,612.0,1589.03,0.0,-2.0, , 
,1589.38,2688,79.5,2.3,11101001,1589.70,2688,51.8,7.21,591.6,1590.05,0.0,-1.6, , 
,1590.39,2720,79.5,0.8,11101001,1590.74,2688,31.0,3.09,397.8,1591.08,0.0,-1.6, , 
,1591.41,2688,79.5,0.0,11101001,1591.74,2688,17.6,2.06,244.8,1592.05,0.0,-1.6, , 
,1592.37,2656,79.5,0.0,11111101,1592.69,2624,0.0,0.00,244.8,1593.02,0.0,-1.6, , 
,1593.34,2592,79.5,0.0,11111101,1593.66,2592,0.0,0.00,244.8,1593.97,0.0,-1.6, , 
,1594.29,2560,79.5,0.0,11111101,1594.63,2560,17.6,3.09,244.8,1594.95,0.0,-1.6, , 
,1595.30,2496,79.5,0.0,11101001,1595.64,2496,17.6,2.06,244.8,1595.98,0.0,-1.6, , 
,1596.33,2464,79.5,-18.0,11101001,1596.69,2464,19.2,2.06,275.4,1597.04,0.0,-1.6, , 
,1597.41,2432,79.5,-22.3,11101001,1597.76,2400,31.0,3.09,377.4,1598.11,0.0,-1.6, , 
,1598.48,2432,79.5,-17.6,11101001,1598.83,2432,51.8,6.18,591.6,1599.16,0.0,-1.6, , 
,1599.51,2400,79.5,-9.0,11101001,1599.87,2400,51.8,6.18,591.6,1600.21,0.0,-1.6, , 
,1600.54,2432,79.5,-3.5,11101001,1600.90,2432,51.8,7.21,591.6,1601.25,0.0,-1.6, , 
,1601.60,2432,79.5,-1.2,11101001,1601.96,2400,40.0,5.15,479.4,1602.31,0.0,-1.6, , 
,1602.65,2432,79.5,2.0,11101001,1603.00,2400,36.9,5.15,438.6,1603.35,0.0,-1.6, , 
,1603.68,2400,79.5,3.1,11101001,1604.02,2400,36.9,5.15,438.6,1604.36,0.0,-1.6, , 
,1604.73,2400,79.5,2.7,11101001,1605.06,2400,38.4,5.15,459.0,1605.41,0.0,-1.6, , 
,1605.76,2400,79.5,2.3,11101001,1606.12,2400,38.4,5.15,459.0,1606.51,0.0,-1.6, , 
,1606.85,2400,79.5,1.6,11101001,1607.18,2400,38.4,5.15,459.0,1607.54,0.0,-1.6, , 
,1607.90,2400,79.5,0.8,11101000,1608.24,2400,36.9,5.15,438.6,1608.59,0.0,-1.6, , 
,1608.94,2400,79.5,0.8,11101001,1609.31,2432,38.4,5.15,459.0,1609.68,0.0,-1.6, , 
,1610.04,2432,79.5,0.4,11101001,1610.40,2432,36.9,5.15,438.6,1610.76,0.0,-1.6, , 
,1611.13,2432,79.5,0.8,11101001,1611.47,2432,36.9,5.15,438.6,1611.81,0.0,-1.6, , 
,1612.18,2432,79.5,-0.4,11101001,1612.55,2432,36.9,5.15,438.6,1612.90,0.0,-1.6, , 
,1613.29,2464,79.5,0.4,11101001,1613.64,2464,36.9,5.15,438.6,1613.98,0.0,-1.6, , 
,1614.33,2464,79.5,0.0,11101000,1614.69,2464,36.9,5.15,438.6,1615.05,0.0,-1.6, , 
,1615.41,2464,79.5,0.4,11101000,1615.74,2464,36.9,5.15,438.6,1616.08,0.0,-1.6, , 
,1616.42,2464,79.5,2.0,11101001,1616.79,2432,36.9,5.15,438.6,1617.15,0.0,-1.6, , 
,1617.53,2432,79.5,0.4,11101000,1617.90,2432,38.4,5.15,459.0,1618.24,0.0,-1.6, , 
,1618.61,2432,79.5,0.8,11101001,1618.94,2432,40.0,5.15,459.0,1619.29,0.0,-1.6, , 
,1619.66,2432,79.5,0.8,11101000,1620.05,2432,38.4,5.15,459.0,1620.43,0.0,-1.6, , 
,1620.78,2432,79.5,0.8,11101000,1621.11,2400,41.2,5.15,479.4,1621.46,0.0,-1.6, , 
,1621.82,2400,79.5,2.7,11101000,1622.16,2400,45.9,6.18,520.2,1622.55,0.0,-1.6, , 
,1622.92,2368,79.5,4.3,11101000,1623.32,2368,45.9,6.18,520.2,1623.72,0.0,-1.6, , 
,1624.10,2368,79.5,3.5,11101000,1624.47,2368,42.7,6.18,499.8,1624.85,0.0,-1.6, , 
,1625.25,2368,79.5,1.2,11101000,1625.58,2368,36.9,5.15,438.6,1625.94,0.0,-1.6, , 
,1626.28,2368,79.5,-1.6,11101000,1626.60,2368,32.5,4.12,397.8,1626.96,0.0,-1.6, , 
,1627.31,2368,79.5,-5.1,11101000,1627.70,2368,31.0,4.12,377.4,1628.04,0.0,-1.6, , 
,1628.40,2368,79.5,-2.0,11101000,1628.73,2368,32.5,4.12,397.8,1629.07,0.0,-1.6, , 
,1629.43,2336,79.5,-2.0,11101000,1629.79,2336,32.5,4.12,397.8,1630.14,0.0,-1.6, , 
,1630.51,2336,79.5,-1.6,11101000,1630.86,2336,32.5,4.12,397.8,1631.19,0.0,-1.6, , 
,1631.52,2336,79.5,3.5,11101000,1631.85,2336,34.1,4.12,418.2,1632.20,0.0,-1.6, , 
,1632.55,2336,79.5,5.9,11101000,1632.88,2304,41.2,6.18,479.4,1633.22,0.0,-1.6, , 
,1633.56,2336,79.5,5.1,11101000,1633.89,2336,54.5,7.21,632.4,1634.24,0.0,-1.6, , 
,1634.58,2336,79.5,9.8,11101000,1634.91,2336,54.5,7.21,612.0,1635.24,0.0,-1.6, , 
,1635.56,2336,79.5,11.7,11101000,1635.88,2336,53.3,7.21,612.0,1636.21,0.0,-1.6, , 
,1636.58,2368,79.5,10.9,11101000,1636.91,2368,42.7,6.18,499.8,1637.25,0.0,-1.6, , 
,1637.61,2336,79.5,10.5,11101000,1637.93,2336,41.2,5.15,479.4,1638.27,0.0,-1.6, , 
,1638.60,2368,79.5,7.4,11101000,1638.94,2368,40.0,5.15,479.4,1639.27,0.0,-1.6, , 
,1639.60,2336,79.5,5.1,11101000,1639.93,2336,29.4,4.12,377.4,1640.28,0.0,-1.6, , 
,1640.61,2336,79.5,1.6,11101000,1640.94,2336,36.9,5.15,438.6,1641.27,0.0,-1.6, , 
,1641.65,2336,79.5,3.9,11101000,1641.99,2336,42.7,6.18,499.8,1642.33,0.0,-1.6, , 
,1642.69,2336,79.5,7.0,11101000,1643.00,2336,45.9,6.18,520.2,1643.33,0.0,-1.6, , 
,1643.69,2368,79.5,9.8,11101000,1644.02,2368,45.9,6.18,520.2,1644.38,0.0,-1.6, , 
,1644.73,2368,79.5,9.0,11101000,1645.10,2368,45.9,6.18,520.2,1645.48,0.0,-1.6, , 
,1645.80,2368,79.5,8.6,11101000,1646.14,2368,47.1,6.18,550.8,1646.52,0.0,-1.6, , 
,1646.92,2400,79.5,6.3,11101000,1647.25,2400,50.2,7.21,571.2,1647.58,0.0,-1.6, , 
,1647.94,2400,79.5,3.5,11101000,1648.30,2400,50.2,7.21,591.6,1648.64,0.0,-1.6, , 
,1648.98,2400,78.0,3.5,11101000,1649.36,2400,50.2,7.21,571.2,1649.73,0.0,-1.6, , 
,1650.11,2432,79.5,3.1,11101000,1650.45,2432,50.2,7.21,571.2,1650.80,0.0,-1.6, , 
,1651.15,2432,78.0,3.5,11101000,1651.53,2464,50.2,7.21,571.2,1651.90,0.0,-1.6, , 
,1652.25,2464,79.5,4.3,11101000,1652.60,2464,48.6,7.21,571.2,1652.93,0.0,-1.6, , 
,1653.28,2464,79.5,2.3,11101000,1653.65,2496,48.6,7.21,550.8,1654.01,0.0,-1.6, , 
,1654.37,2496,79.5,3.1,11101000,1654.72,2496,48.6,6.18,550.8,1655.06,0.0,-1.6, , 
,1655.39,2496,78.0,2.7,11101000,1655.73,2464,48.6,7.21,550.8,1656.05,0.0,-1.6, , 
,1656.36,2496,78.0,2.7,11101000,1656.70,2496,48.6,7.21,550.8,1657.07,0.0,-1.6, , 
,1657.43,2496,78.0,2.0,11101000,1657.79,2496,48.6,7.21,550.8,1658.16,0.0,-1.6, , 
,1658.51,2464,78.0,2.7,11101000,1658.87,2464,48.6,7.21,550.8,1659.23,0.0,-1.6, , 
,1659.62,2464,79.5,2.3,11101000,1659.99,2464,48.6,7.21,550.8,1660.34,0.0,-1.6, , 
,1660.71,2464,79.5,2.3,11101000,1661.06,2464,42.7,6.18,499.8,1661.41,0.0,-1.6, , 
,1661.76,2432,79.5,1.2,11101000,1662.09,2432,35.3,5.15,418.2,1662.43,0.0,-1.6, , 
,1662.79,2432,79.5,-1.2,11101000,1663.13,2432,35.3,4.12,418.2,1663.48,0.0,-1.6, , 
,1663.84,2400,78.0,-1.6,11101000,1664.20,2400,35.3,4.12,418.2,1664.55,0.0,-1.6, , 
,1664.90,2368,78.0,-3.5,11101000,1665.24,2368,20.8,2.06,295.8,1665.56,0.0,-1.6, , 
,1665.88,2336,79.5,-14.8,11101000,1666.23,2336,20.8,2.06,275.4,1666.56,0.0,-1.6, , 
,1666.90,2304,79.5,-21.5,11101000,1667.23,2304,19.2,2.06,275.4,1667.56,0.0,-1.6, , 
,1667.88,2272,79.5,-25.0,11101000,1668.21,2272,19.2,2.06,275.4,1668.53,0.0,-1.6, , 
,1668.86,2240,78.0,-28.1,11101000,1669.19,2240,19.2,2.06,275.4,1669.52,0.0,-1.6, , 
,1669.86,2208,79.5,-28.5,11101000,1670.20,2176,19.2,2.06,275.4,1670.54,0.0,-1.6, , 
,1670.88,2144,79.5,-27.3,11101000,1671.21,2112,19.2,2.06,275.4,1671.57,0.0,-1.6, , 
,1671.92,2080,79.5,-25.8,11101000,1672.26,2080,16.1,1.03,244.8,1672.63,0.0,-1.6, , 
,1672.97,2048,79.5,-30.5,11101000,1673.34,2016,16.1,1.03,244.8,1673.69,0.0,-1.6, , 
,1674.04,1984,79.5,-30.1,11101000,1674.41,1984,16.1,1.03,244.8,1674.76,0.0,-1.6, , 
,1675.13,1952,78.0,-30.5,11101010,1675.48,1952,16.1,1.03,244.8,1675.85,0.0,-1.6, , 
,1676.21,1920,79.5,-29.3,11101010,1676.57,1920,17.6,1.03,275.4,1676.96,0.0,-1.6, , 
,1677.32,1888,78.0,-27.0,11111110,1677.68,1888,0.0,0.00,295.8,1678.02,0.0,-1.6, , 
,1678.36,1856,78.0,0.0,11111110,1678.71,1856,0.0,0.00,295.8,1679.05,0.0,-1.6, , 
,1679.38,1824,78.0,0.0,11111110,1679.70,1824,0.0,0.00,295.8,1680.04,0.0,-1.6, , 
,1680.43,1792,78.0,0.0,11111110,1680.78,1760,22.0,3.09,316.2,1681.12,0.0,-1.6, , 
,1681.46,1760,78.0,0.0,11101010,1681.84,1760,23.5,3.09,316.2,1682.20,0.0,-1.6, , 
,1682.56,1728,78.0,-2.3,11101010,1682.93,1728,32.5,4.12,418.2,1683.29,0.0,-1.6, , 
,1683.58,1088,78.0,0.0,11111110,1683.91,1088,31.0,5.15,418.2,1684.25,0.0,0.0, , 
,1684.62,1536,78.0,0.0,11101010,1684.96,2176,17.6,2.06,244.8,1685.29,0.0,-1.6, , 
,1685.65,2080,78.0,-13.7,11101000,1686.00,2112,20.8,2.06,295.8,1686.33,0.0,-1.6, , 
,1686.66,2080,78.0,-16.4,11101000,1687.01,2048,28.2,3.09,377.4,1687.36,0.0,-1.6, , 
,1687.69,2048,78.0,0.0,11101000,1688.03,2048,47.1,6.18,571.2,1688.38,0.0,-1.6, , 
,1688.74,2048,78.0,1.2,11101000,1689.09,2048,47.1,6.18,571.2,1689.45,0.0,-1.6, , 
,1689.81,2080,78.0,2.0,11101000,1690.17,2080,47.1,6.18,550.8,1690.53,0.0,-1.6, , 
,1690.87,2080,78.0,1.2,11101000,1691.22,2080,47.1,6.18,550.8,1691.58,0.0,-1.6, , 
,1691.94,2048,78.0,1.2,11101000,1692.28,2048,48.6,6.18,571.2,1692.64,0.0,-1.6, , 
,1692.99,2048,78.0,0.4,11101000,1693.34,2048,41.2,5.15,499.8,1693.71,0.0,-1.6, , 
,1694.06,2016,78.0,-1.2,11101000,1694.41,2016,41.2,5.15,479.4,1694.76,0.0,-1.6, , 
,1695.12,1984,78.0,-1.2,11101000,1695.51,1984,42.7,5.15,499.8,1695.87,0.0,-1.6, , 
,1696.23,1984,78.0,-0.4,11101010,1696.61,1952,45.9,6.18,550.8,1696.96,0.0,-1.6, , 
,1697.31,1952,78.0,-1.2,11101010,1697.67,1952,54.5,7.21,632.4,1698.04,0.0,-1.6, , 
,1698.40,1952,78.0,-1.6,11101010,1698.76,1952,54.5,7.21,632.4,1699.13,0.0,-1.6, , 
,1699.49,1952,78.0,-2.7,11101010,1699.84,1984,48.6,6.18,571.2,1700.20,0.0,-1.6, , 
,1700.56,1952,78.0,0.0,11101010,1700.92,1952,47.1,7.21,571.2,1701.27,0.0,-1.6, , 
,1701.63,1952,78.0,-0.8,11101010,1701.98,1952,48.6,6.18,571.2,1702.34,0.0,-1.6, , 
,1702.72,1952,78.0,-0.4,11101010,1703.09,1952,48.6,6.18,571.2,1703.47,0.0,-1.6, , 
,1703.82,1952,78.0,0.4,11101010,1704.19,1952,47.1,6.18,571.2,1704.56,0.0,-1.6, , 
,1704.92,1984,76.5,0.0,11101010,1705.28,1984,48.6,6.18,571.2,1705.65,0.0,-1.6, , 
,1705.98,1984,76.5,0.8,11101010,1706.34,1984,47.1,6.18,550.8,1706.70,0.0,-1.6, , 
,1707.05,1984,76.5,0.8,11101000,1707.41,2016,47.1,6.18,550.8,1707.75,0.0,-1.6, , 
,1708.10,2016,78.0,0.4,11101000,1708.46,2016,45.9,6.18,550.8,1708.81,0.0,-1.6, , 
,1709.16,2016,78.0,2.0,11101000,1709.51,2016,45.9,6.18,550.8,1709.87,0.0,-1.6, , 
,1710.22,2016,76.5,0.0,11101000,1710.57,2016,29.4,3.09,377.4,1710.93,0.0,-1.6, , 
,1711.28,2016,78.0,-6.3,11101000,1711.63,2016,29.4,3.09,377.4,1712.00,0.0,-1.6, , 
,1712.34,1984,78.0,-8.2,11101000,1712.70,1984,31.0,3.09,397.8,1713.06,0.0,-1.6, , 
,1713.42,1984,78.0,-8.2,11101010,1713.77,1984,44.3,5.15,520.2,1714.11,0.0,-1.6, , 
,1714.46,1984,78.0,-2.7,11101000,1714.80,1984,44.3,6.18,520.2,1715.15,0.0,-1.6, , 
,1715.53,1984,78.0,0.4,11101000,1715.89,1984,42.7,5.15,499.8,1716.25,0.0,-1.6, , 
,1716.61,1984,78.0,0.8,11101000,1716.95,1984,41.2,5.15,499.8,1717.31,0.0,-1.6, , 
,1717.67,1984,76.5,0.0,11101000,1718.03,1984,26.7,3.09,357.0,1718.39,0.0,-1.6, , 
,1718.74,1984,78.0,-8.2,11101010,1719.09,1952,35.3,4.12,438.6,1719.47,0.0,-1.6, , 
,1719.82,1952,78.0,-5.5,11101010,1720.18,1952,40.0,5.15,479.4,1720.55,0.0,-1.6, , 
,1720.91,1952,78.0,-3.9,11101010,1721.26,1952,41.2,5.15,499.8,1721.63,0.0,-1.6, , 
,1721.98,1952,78.0,2.0,11101010,1722.34,1952,42.7,6.18,499.8,1722.71,0.0,-1.6, , 
,1723.06,1952,78.0,4.3,11101010,1723.42,1952,42.7,6.18,520.2,1723.78,0.0,-1.6, , 
,1724.13,1952,78.0,4.7,11101010,1724.48,1952,44.3,6.18,520.2,1724.86,0.0,-1.6, , 
,1725.20,1984,78.0,5.1,11101010,1725.57,1984,45.9,6.18,550.8,1725.96,0.0,-1.6, , 
,1726.30,1984,78.0,4.3,11101010,1726.66,1984,50.2,7.21,591.6,1727.00,0.0,-1.6, , 
,1727.36,2016,78.0,2.7,11101000,1727.72,2016,51.8,7.21,612.0,1728.07,0.0,-1.6, , 
,1728.43,2016,78.0,0.8,11101000,1728.78,2016,51.8,7.21,612.0,1729.14,0.0,-1.6, , 
,1729.49,2016,78.0,0.0,11101000,1729.84,2016,51.8,7.21,612.0,1730.19,0.0,-1.6, , 
,1730.53,2048,78.0,-0.4,11101000,1730.89,2048,42.7,5.15,499.8,1731.25,0.0,-1.6, , 
,1731.60,2016,78.0,0.4,11101000,1731.94,2016,40.0,5.15,479.4,1732.29,0.0,-1.6, , 
,1732.66,2016,78.0,1.6,11101000,1733.00,2016,38.4,5.15,479.4,1733.36,0.0,-1.6, , 
,1733.71,1984,78.0,-3.1,11101000,1734.06,1984,26.7,3.09,357.0,1734.42,0.0,-1.6, , 
,1734.79,1952,78.0,-10.2,11101010,1735.16,1952,38.4,4.12,459.0,1735.51,0.0,-1.6, , 
,1735.88,1920,78.0,-4.3,11101010,1736.23,1920,41.2,5.15,499.8,1736.60,0.0,-1.6, , 
,1736.96,1920,78.0,-2.0,11101010,1737.32,1920,41.2,5.15,499.8,1737.69,0.0,-1.6, , 
,1738.05,1920,78.0,1.2,11101010,1738.40,1920,41.2,5.15,499.8,1738.77,0.0,-1.6, , 
,1739.13,1920,78.0,3.1,11101010,1739.48,1920,41.2,5.15,499.8,1739.85,0.0,-1.6, , 
,1740.20,1952,78.0,2.7,11101010,1740.57,1952,40.0,5.15,479.4,1740.94,0.0,-1.6, , 
,1741.29,1952,78.0,2.0,11101010,1741.65,1952,38.4,5.15,479.4,1742.01,0.0,-1.6, , 
,1742.37,1984,78.0,2.0,11101010,1742.73,1984,38.4,5.15,459.0,1743.09,0.0,-1.6, , 
,1743.44,2016,78.0,2.3,11101000,1743.78,2016,42.7,5.15,520.2,1744.15,0.0,-1.6, , 
,1744.51,2048,78.0,3.1,11101000,1744.86,2080,50.2,7.21,591.6,1745.21,0.0,-1.6, , 
,1745.55,2080,78.0,2.0,11101000,1745.88,2112,50.2,6.18,571.2,1746.21,0.0,-1.6, , 
,1746.55,2144,78.0,2.7,11101000,1746.91,2144,48.6,6.18,571.2,1747.28,0.0,-1.6, , 
,1747.62,2176,78.0,3.9,11101000,1747.96,2176,48.6,6.18,571.2,1748.30,0.0,-1.6, , 
,1748.65,2208,78.0,3.1,11101000,1748.99,2208,51.8,7.21,591.6,1749.33,0.0,-1.6, , 
,1749.68,2240,78.0,2.0,11101000,1750.01,2272,59.2,8.24,673.2,1750.35,0.0,-1.6, , 
,1750.68,2304,78.0,5.5,11101000,1751.02,2304,66.3,9.27,734.4,1751.39,0.0,-1.6, , 
,1751.73,2336,78.0,5.1,11101000,1752.08,2368,67.8,10.30,754.8,1752.46,0.0,-1.6, , 
,1752.80,2400,78.0,1.6,11101000,1753.17,2400,72.2,10.30,775.2,1753.51,0.0,-1.6, , 
,1753.87,2464,78.0,-2.0,11101000,1754.23,2464,71.0,10.30,775.2,1754.59,0.0,-1.6, , 
,1754.93,2528,78.0,-0.4,11101000,1755.27,2528,69.4,10.30,754.8,1755.62,0.0,-1.6, , 
,1755.97,2592,78.0,0.4,11101000,1756.30,2592,67.8,9.27,734.4,1756.63,0.0,-1.6, , 
,1756.96,2624,78.0,2.3,11101000,1757.31,2656,63.5,9.27,693.6,1757.65,0.0,-1.6, , 
,1757.99,2688,78.0,4.7,11101000,1758.31,2688,63.5,9.27,693.6,1758.64,0.0,-1.6, , 
,1758.98,2720,78.0,5.5,11101000,1759.32,2752,62.0,9.27,693.6,1759.66,0.0,-1.6, , 
,1760.00,2784,78.0,0.4,11101000,1760.35,2784,73.7,10.30,795.6,1760.70,0.0,-1.6, , 
,1761.04,2848,78.0,-2.3,11101000,1761.41,2880,73.7,10.30,795.6,1761.77,0.0,-1.6, , 
,1762.15,2912,78.0,-3.5,11101000,1762.43,2944,73.7,10.30,775.2,1762.90,0.0,-1.6, , 
,1763.37,2976,78.0,-2.7,11101000,1763.81,3008,72.2,10.30,775.2,1764.10,0.0,-1.6, , 
,1764.45,3040,78.0,0.8,11101000,1764.81,3072,66.3,9.27,714.0,1765.17,0.0,-1.6, , 
,1765.53,3104,78.0,4.7,11101000,1765.86,3104,62.0,9.27,673.2,1766.23,0.0,-1.6, , 
,1766.62,3136,78.0,7.0,11101000,1766.98,3168,59.2,9.27,652.8,1767.33,0.0,-1.6, , 
,1767.69,3168,78.0,7.8,11101000,1768.02,3200,42.7,5.15,499.8,1768.32,0.0,-1.6, , 
,1768.68,2304,78.0,0.0,11111100,1769.07,1792,0.0,0.00,275.4,1769.39,0.0,0.0, , 
,1769.71,1088,78.0,0.0,11101010,1770.06,1632,29.4,4.12,377.4,1770.40,0.0,-1.6, , 
,1770.74,2336,78.0,0.0,11101000,1771.06,2368,19.2,2.06,275.4,1771.40,0.0,-1.6, , 
,1771.73,2336,78.0,-17.2,11101000,1772.10,2336,35.3,4.12,438.6,1772.47,0.0,-1.6, , 
,1772.80,2336,78.0,-8.6,11101000,1773.14,2336,51.8,6.18,591.6,1773.49,0.0,-1.6, , 
,1773.85,2336,78.0,-6.3,11101000,1774.20,2336,62.0,8.24,693.6,1774.56,0.0,-1.6, , 
,1774.91,2336,78.0,1.6,11101000,1775.24,2336,63.5,9.27,693.6,1775.58,0.0,-1.6, , 
,1775.93,2368,78.0,5.1,11101000,1776.27,2368,63.5,9.27,714.0,1776.62,0.0,-1.6, , 
,1776.95,2368,78.0,5.5,11101000,1777.31,2368,66.3,10.30,734.4,1777.64,0.0,-1.6, , 
,1777.98,2368,78.0,3.1,11101000,1778.31,2400,69.4,10.30,754.8,1778.68,0.0,-1.6, , 
,1779.06,2400,79.5,0.8,11101000,1779.39,2400,69.4,10.30,754.8,1779.73,0.0,-1.6, , 
,1780.07,2432,78.0,0.4,11101000,1780.42,2432,67.8,10.30,754.8,1780.78,0.0,-1.6, , 
,1781.13,2432,79.5,0.8,11101000,1781.49,2432,67.8,10.30,754.8,1781.83,0.0,-1.6, , 
,1782.21,2464,79.5,1.2,11101000,1782.54,2464,69.4,10.30,754.8,1782.90,0.0,-1.6, , 
,1783.27,2464,79.5,0.4,11101000,1783.63,2464,67.8,10.30,754.8,1783.98,0.0,-1.6, , 
,1784.33,2496,79.5,0.8,11101000,1784.66,2496,67.8,10.30,754.8,1784.99,0.0,-1.6, , 
,1785.32,2496,79.5,1.6,11101000,1785.64,2496,67.8,9.27,734.4,1786.00,0.0,-1.6, , 
,1786.34,2496,79.5,1.6,11101000,1786.70,2496,66.3,10.30,734.4,1787.04,0.0,-1.6, , 
,1787.38,2528,79.5,3.9,11101000,1787.70,2528,60.4,9.27,673.2,1788.04,0.0,-1.6, , 
,1788.37,2528,79.5,6.6,11101001,1788.71,2528,62.0,9.27,693.6,1789.06,0.0,-1.6, , 
,1789.41,2528,79.5,6.6,11101000,1789.73,2528,65.1,9.27,714.0,1790.06,0.0,-1.6, , 
,1790.42,2528,79.5,5.1,11101000,1790.77,2528,63.5,9.27,714.0,1791.10,0.0,-1.6, , 
,1791.43,2528,79.5,4.7,11101000,1791.79,2528,63.5,9.27,693.6,1792.14,0.0,-1.6, , 
,1792.48,2528,79.5,4.3,11101000,1792.85,2528,63.5,9.27,714.0,1793.19,0.0,-1.6, , 
,1793.52,2528,79.5,4.3,11101000,1793.87,2528,63.5,9.27,714.0,1794.22,0.0,-1.6, , 
,1794.57,2528,79.5,2.3,11101000,1794.91,2528,63.5,9.27,714.0,1795.24,0.0,-1.6, , 
,1795.57,2528,79.5,2.3,11101000,1795.92,2528,63.5,9.27,714.0,1796.27,0.0,-1.6, , 
,1796.61,2528,79.5,2.7,11101000,1796.96,2560,63.5,9.27,693.6,1797.30,0.0,-1.6, , 
,1797.63,2560,79.5,2.7,11101000,1797.97,2560,62.0,9.27,693.6,1798.32,0.0,-1.6, , 
,1798.64,2592,79.5,3.9,11101000,1798.98,2592,53.3,8.24,612.0,1799.33,0.0,-1.6, , 
,1799.66,2592,79.5,2.0,11101001,1799.97,2592,41.2,6.18,479.4,1800.29,0.0,-1.6, , 
,1800.62,2624,79.5,0.8,11101001,1800.95,2624,41.2,5.15,479.4,1801.29,0.0,-1.6, , 
,1801.64,2624,79.5,-0.4,11101001,1801.97,2624,41.2,5.15,479.4,1802.30,0.0,-1.6, , 
,1802.65,2624,79.5,-1.2,11101001,1803.00,2624,42.7,6.18,499.8,1803.35,0.0,-1.6, , 
,1803.70,2624,79.5,0.0,11101001,1804.02,2624,44.3,6.18,499.8,1804.33,0.0,-1.6, , 
,1804.66,2624,79.5,2.0,11101001,1804.99,2624,50.2,7.21,571.2,1805.32,0.0,-1.6, , 
,1805.64,2624,79.5,2.7,11101001,1805.98,2592,53.3,7.21,612.0,1806.33,0.0,-1.6, , 
,1806.65,2592,79.5,2.7,11101001,1807.00,2592,60.4,9.27,673.2,1807.32,0.0,-1.6, , 
,1807.64,2592,79.5,5.1,11101001,1807.99,2592,62.0,9.27,673.2,1808.31,0.0,-1.6, , 
,1808.66,2592,79.5,4.3,11101000,1808.98,2592,69.4,10.30,754.8,1809.34,0.0,-1.6, , 
,1809.68,2592,79.5,-0.4,11101001,1810.02,2592,71.0,10.30,775.2,1810.34,0.0,-1.6, , 
,1810.70,2592,79.5,-2.7,11101001,1811.02,2592,72.2,10.30,795.6,1811.33,0.0,-1.6, , 
,1811.65,2592,79.5,-3.1,11101001,1811.97,2624,72.2,10.30,775.2,1812.30,0.0,-1.6, , 
,1812.65,2624,79.5,-2.7,11101001,1812.98,2624,72.2,10.30,775.2,1813.32,0.0,-1.6, , 
,1813.64,2624,79.5,0.0,11101001,1813.97,2624,65.1,9.27,714.0,1814.28,0.0,-1.6, , 
,1814.61,2656,79.5,0.8,11101001,1814.94,2656,65.1,9.27,714.0,1815.26,0.0,-1.6, , 
,1815.62,2656,79.5,2.7,11101001,1815.95,2656,54.5,8.24,612.0,1816.29,0.0,-1.6, , 
,1816.64,2656,79.5,3.5,11101001,1816.97,2656,54.5,7.21,612.0,1817.29,0.0,-1.6, , 
,1817.68,2656,79.5,2.3,11101001,1818.04,2656,54.5,8.24,612.0,1818.40,0.0,-1.6, , 
,1818.75,2656,79.5,1.6,11101001,1819.09,2624,54.5,7.21,612.0,1819.44,0.0,-1.6, , 
,1819.79,2624,79.5,1.6,11101001,1820.13,2624,54.5,7.21,612.0,1820.47,0.0,-1.6, , 
,1820.83,2624,79.5,1.2,11101001,1821.17,2624,47.1,6.18,550.8,1821.50,0.0,-1.6, , 
,1821.84,2624,79.5,1.6,11101001,1822.17,2624,47.1,6.18,520.2,1822.50,0.0,-1.6, , 
,1822.83,2592,79.5,2.0,11101001,1823.17,2592,47.1,6.18,550.8,1823.51,0.0,-1.6, , 
,1823.85,2592,81.0,1.6,11101001,1824.17,2592,47.1,6.18,550.8,1824.52,0.0,-1.6, , 
,1824.85,2592,79.5,1.6,11101001,1825.18,2592,47.1,6.18,550.8,1825.50,0.0,-1.6, , 
,1825.83,2624,79.5,1.6,11101001,1826.17,2624,47.1,6.18,550.8,1826.52,0.0,-1.6, , 
,1826.85,2624,81.0,1.6,11101001,1827.19,2624,44.3,6.18,520.2,1827.52,0.0,-1.6, , 
,1827.85,2624,81.0,0.0,11101001,1828.17,2624,32.5,4.12,397.8,1828.49,0.0,-1.6, , 
,1828.81,2624,81.0,-2.0,11101001,1829.15,2592,34.1,4.12,418.2,1829.48,0.0,-1.6, , 
,1829.84,2592,81.0,-2.7,11101001,1830.18,2624,34.1,4.12,418.2,1830.51,0.0,-1.6, , 
,1830.85,2592,81.0,-2.7,11101001,1831.19,2592,34.1,4.12,418.2,1831.51,0.0,-1.6, , 
,1831.83,2592,81.0,-4.3,11101001,1832.16,2592,31.0,4.12,377.4,1832.51,0.0,-1.6, , 
,1832.84,2592,81.0,-4.7,11101001,1833.19,2592,31.0,4.12,397.8,1833.54,0.0,-1.6, , 
,1833.86,2592,81.0,-4.3,11101001,1834.19,2560,31.0,4.12,397.8,1834.52,0.0,-1.6, , 
,1834.86,2560,81.0,-3.5,11101001,1835.20,2528,31.0,4.12,397.8,1835.54,0.0,-1.6, , 
,1835.89,2528,81.0,-3.1,11101001,1836.23,2528,31.0,4.12,397.8,1836.59,0.0,-1.6, , 
,1836.93,2496,81.0,-1.2,11101001,1837.28,2496,32.5,4.12,397.8,1837.64,0.0,-1.6, , 
,1838.00,2464,81.0,-1.6,11101001,1838.34,2464,32.5,4.12,397.8,1838.68,0.0,-1.6, , 
,1839.02,2464,81.0,0.0,11101001,1839.36,2464,35.3,4.12,418.2,1839.73,0.0,-1.6, , 
,1840.08,2432,81.0,2.7,11101001,1840.43,2432,38.4,5.15,459.0,1840.76,0.0,-1.6, , 
,1841.13,2432,79.5,3.5,11101001,1841.46,2400,41.2,5.15,479.4,1841.81,0.0,-1.6, , 
,1842.18,2400,81.0,3.5,11101001,1842.53,2400,42.7,6.18,499.8,1842.88,0.0,-1.6, , 
,1843.19,2400,81.0,3.9,11101001,1843.50,2400,42.7,6.18,499.8,1843.83,0.0,-1.6, , 
,1844.17,2368,81.0,6.3,11101001,1844.53,2368,45.9,6.18,520.2,1844.90,0.0,-1.6, , 
,1845.26,2368,81.0,6.3,11101001,1845.59,2368,53.3,8.24,612.0,1845.93,0.0,-1.6, , 
,1846.29,2368,79.5,7.8,11101001,1846.62,2368,59.2,9.27,652.8,1846.99,0.0,-1.6, , 
,1847.34,2368,79.5,7.8,11101001,1847.67,2368,63.5,9.27,714.0,1847.99,0.0,-1.6, , 
,1848.33,2400,79.5,5.9,11101001,1848.68,2400,63.5,9.27,714.0,1849.00,0.0,-1.6, , 
,1849.33,2400,79.5,5.1,11101001,1849.67,2400,63.5,9.27,693.6,1850.00,0.0,-1.6, , 
,1850.37,2400,79.5,6.3,11101001,1850.73,2400,62.0,9.27,693.6,1851.08,0.0,-1.6, , 
,1851.44,2432,79.5,5.9,11101001,1851.78,2432,47.1,6.18,550.8,1852.14,0.0,-1.6, , 
,1852.50,2400,81.0,0.8,11101001,1852.85,2400,36.9,5.15,438.6,1853.17,0.0,-1.6, , 
,1853.50,2400,79.5,1.2,11101001,1853.83,2400,38.4,5.15,459.0,1854.22,0.0,-1.6, , 
,1854.60,2368,81.0,1.6,11101001,1854.99,2400,47.1,6.18,550.8,1855.30,0.0,-1.6, , 
,1855.62,2368,79.5,6.3,11101001,1855.95,2368,59.2,9.27,673.2,1856.28,0.0,-1.6, , 
,1856.60,2400,79.5,8.2,11101001,1856.95,2400,62.0,9.27,693.6,1857.28,0.0,-1.6, , 
,1857.61,2400,79.5,7.8,11101001,1857.95,2400,62.0,9.27,693.6,1858.29,0.0,-1.6, , 
,1858.66,2400,79.5,6.6,11101001,1858.98,2432,63.5,9.27,693.6,1859.35,0.0,-1.6, , 
,1859.71,2432,79.5,5.5,11101001,1860.07,2432,60.4,9.27,673.2,1860.40,0.0,-1.6, , 
,1860.77,2464,79.5,5.5,11101001,1861.09,2464,59.2,9.27,652.8,1861.46,0.0,-1.6, , 
,1861.84,2464,79.5,7.0,11101001,1862.21,2464,54.5,8.24,612.0,1862.58,0.0,-1.6, , 
,1862.93,2464,79.5,0.0,11101001,1863.28,2464,28.2,3.09,357.0,1863.62,0.0,-1.6, , 
,1863.98,2432,79.5,-3.1,11101001,1864.34,2432,28.2,4.12,357.0,1864.71,0.0,-1.6, , 
,1865.04,2432,79.5,-5.5,11101001,1865.39,2432,29.4,4.12,377.4,1865.75,0.0,-1.6, , 
,1866.10,2400,79.5,-6.3,11101001,1866.44,2400,38.4,5.15,459.0,1866.78,0.0,-1.6, , 
,1867.10,2400,79.5,-3.9,11101001,1867.41,2400,36.9,5.15,438.6,1867.75,0.0,-1.6, , 
,1868.07,2368,79.5,-2.3,11101001,1868.39,2368,38.4,5.15,438.6,1868.74,0.0,-1.6, , 
,1869.07,2368,79.5,1.2,11101001,1869.44,2368,38.4,5.15,459.0,1869.78,0.0,-1.6, , 
,1870.14,2368,79.5,1.2,11101001,1870.47,2368,29.4,4.12,377.4,1870.79,0.0,-1.6, , 
,1871.13,2336,79.5,-0.8,11101001,1871.46,2336,35.3,5.15,438.6,1871.78,0.0,-1.6, , 
,1872.11,2304,79.5,1.2,11101001,1872.45,2304,35.3,4.12,438.6,1872.78,0.0,-1.6, , 
,1873.11,2304,79.5,-5.9,11101001,1873.44,2272,17.6,2.06,244.8,1873.77,0.0,-1.6, , 
,1874.11,2272,79.5,0.0,11111101,1874.45,2240,0.0,0.00,244.8,1874.79,0.0,-1.6, , 
,1875.13,2208,79.5,0.0,11111101,1875.46,2208,0.0,0.00,244.8,1875.79,0.0,-1.6, , 
,1876.13,2176,79.5,0.0,11101001,1876.46,2144,16.1,2.06,244.8,1876.79,0.0,-1.6, , 
,1877.13,2112,79.5,-9.4,11101001,1877.48,2112,23.5,3.09,336.6,1877.83,0.0,-1.6, , 
,1878.19,2112,79.5,-11.3,11101001,1878.54,2112,34.1,4.12,418.2,1878.89,0.0,-1.6, , 
,1879.25,2112,79.5,-6.6,11101001,1879.59,2112,42.7,5.15,499.8,1879.96,0.0,-1.6, , 
,1880.31,2080,79.5,-4.3,11101001,1880.67,2080,29.4,4.12,377.4,1881.01,0.0,-1.6, , 
,1881.36,2080,79.5,-4.7,11101001,1881.70,2080,29.4,3.09,377.4,1882.06,0.0,-1.6, , 
,1882.41,2048,79.5,-8.2,11111101,1882.75,2016,16.1,2.06,244.8,1883.10,0.0,-1.6, , 
,1883.45,2016,79.5,0.0,11111101,1883.79,2016,0.0,0.00,244.8,1884.15,0.0,-1.6, , 
,1884.51,1984,79.5,0.0,11111111,1884.88,1952,0.0,0.00,244.8,1885.21,0.0,-1.6, , 
,1885.55,1952,79.5,0.0,11111111,1885.92,1920,0.0,0.00,275.4,1886.28,0.0,-1.6, , 
,1886.63,1888,79.5,0.0,11111111,1886.96,1888,0.0,0.00,275.4,1887.30,0.0,-1.6, , 
,1887.64,1856,79.5,0.0,11111111,1888.01,1856,0.0,0.00,295.8,1888.38,0.0,-1.6, , 
,1888.75,1824,79.5,0.0,11111111,1889.06,1792,0.0,0.00,316.2,1889.36,0.0,-1.6, , 
,1889.70,1760,79.5,0.0,11111111,1890.01,1760,0.0,0.00,316.2,1890.35,0.0,-1.6, , 
,1890.71,1728,79.5,0.0,11111110,1891.04,1696,0.0,0.00,316.2,1891.39,0.0,-1.6, , 
,1891.73,1664,79.5,0.0,11111110,1892.11,1632,0.0,0.00,336.6,1892.39,0.0,0.0, , 
,1892.69,832,79.5,0.0,11111110,1892.98,960,35.3,6.18,479.4,1893.28,0.0,0.0, , 
,1893.57,928,79.5,0.0,11111110,1893.86,928,29.4,4.12,397.8,1894.18,0.0,0.0, , 
,1894.49,928,79.5,0.0,11111110,1894.80,928,29.4,4.12,418.2,1895.10,0.0,0.0, , 
,1895.42,928,79.5,0.4,11111110,1895.77,1056,26.7,3.09,377.4,1896.09,0.0,0.0, , 
,1896.44,1568,79.5,0.4,11111110,1896.77,2016,20.8,3.09,295.8,1897.11,0.0,-1.6, , 
,1897.45,2272,79.5,0.0,11101000,1897.79,2208,17.6,2.06,244.8,1898.12,0.0,-1.6, , 
,1898.45,2208,79.5,-11.7,11101000,1898.79,2176,16.1,2.06,244.8,1899.12,0.0,-1.6, , 
,1899.47,2144,79.5,-17.6,11101000,1899.82,2144,19.2,2.06,275.4,1900.16,0.0,-1.6, , 
,1900.50,2112,78.0,-19.1,11101000,1900.85,2080,22.0,2.06,295.8,1901.18,0.0,-1.6, , 
,1901.51,2080,78.0,-21.1,11101000,1901.86,2048,22.0,2.06,316.2,1902.22,0.0,-1.6, , 
,1902.57,2048,78.0,-21.5,11101000,1902.92,2048,25.1,2.06,336.6,1903.28,0.0,-1.6, , 
,1903.65,2016,78.0,-21.5,11101000,1904.00,2016,25.1,2.06,336.6,1904.36,0.0,-1.6, , 
,1904.70,2016,78.0,-19.5,11101000,1905.06,2016,25.1,2.06,336.6,1905.43,0.0,-1.6, , 
,1905.77,1984,78.0,-17.2,11101000,1906.11,1984,26.7,3.09,357.0,1906.46,0.0,-1.6, , 
,1906.80,2016,78.0,-14.8,11101000,1907.16,2016,26.7,3.09,357.0,1907.51,0.0,-1.6, , 
,1907.87,2016,78.0,-12.1,11101000,1908.24,2016,26.7,3.09,357.0,1908.60,0.0,-1.6, , 
,1908.95,2016,78.0,-9.8,11101000,1909.30,2016,26.7,3.09,357.0,1909.66,0.0,-1.6, , 
,1910.01,2048,78.0,-8.2,11101000,1910.36,2048,26.7,3.09,357.0,1910.71,0.0,-1.6, , 
,1911.07,2048,78.0,-9.0,11101000,1911.40,2080,40.0,5.15,479.4,1911.74,0.0,-1.6, , 
,1912.06,2112,78.0,-4.3,11101000,1912.41,2144,48.6,6.18,571.2,1912.74,0.0,-1.6, , 
,1913.07,2208,78.0,1.2,11101000,1913.39,2240,53.3,7.21,612.0,1913.74,0.0,-1.6, , 
,1914.09,2336,78.0,4.3,11101000,1914.46,2336,48.6,7.21,571.2,1914.81,0.0,-1.6, , 
,1915.16,2400,78.0,3.1,11101000,1915.51,2432,38.4,5.15,459.0,1915.88,0.0,-1.6, , 
,1916.20,2496,76.5,4.3,11101000,1916.54,2528,45.9,6.18,520.2,1916.87,0.0,-1.6, , 
,1917.20,2592,76.5,6.3,11101000,1917.55,2624,45.9,6.18,520.2,1917.88,0.0,-1.6, , 
,1918.22,2688,76.5,5.9,11101000,1918.60,2752,50.2,7.21,571.2,1918.93,0.0,-1.6, , 
,1919.29,2816,76.5,5.1,11101000,1919.64,2880,60.4,9.27,673.2,1919.99,0.0,-1.6, , 
,1920.31,2432,76.5,0.0,11111100,1920.65,1920,0.0,0.00,295.8,1920.96,0.0,0.0, , 
,1921.29,1760,76.5,0.0,11101010,1921.63,2368,53.3,7.21,612.0,1921.96,0.0,-1.6, , 
,1922.29,2272,76.5,0.0,11101000,1922.62,2272,54.5,7.21,612.0,1922.95,0.0,-1.6, , 
,1923.30,2336,76.5,1.6,11101000,1923.62,2336,53.3,7.21,612.0,1924.00,0.0,-1.6, , 
,1924.35,2400,76.5,3.5,11101000,1924.70,2432,51.8,7.21,591.6,1925.05,0.0,-1.6, , 
,1925.41,2496,76.5,3.9,11101000,1925.75,2528,51.8,7.21,591.6,1926.09,0.0,-1.6, , 
,1926.41,2592,76.5,2.3,11101000,1926.74,2624,53.3,7.21,591.6,1927.06,0.0,-1.6, , 
,1927.39,2656,76.5,2.3,11101000,1927.74,2688,51.8,7.21,591.6,1928.08,0.0,-1.6, , 
,1928.43,2720,76.5,2.7,11101000,1928.78,2752,51.8,7.21,571.2,1929.13,0.0,-1.6, , 
,1929.46,2784,76.5,2.0,11101000,1929.80,2816,53.3,7.21,591.6,1930.16,0.0,-1.6, , 
,1930.53,2848,76.5,1.6,11101000,1930.87,2880,57.6,8.24,632.4,1931.21,0.0,-1.6, , 
,1931.53,2880,76.5,4.3,11101000,1931.88,2912,47.1,5.15,571.2,1932.20,0.0,-1.6, , 
,1932.55,2016,76.5,0.0,11111100,1932.90,1504,0.0,0.00,316.2,1933.23,0.0,0.0, , 
,1933.61,1632,78.0,0.0,11101010,1933.94,2208,20.8,3.09,295.8,1934.28,0.0,-1.6, , 
,1934.61,2176,78.0,-10.2,11101000,1934.96,2144,29.4,3.09,377.4,1935.30,0.0,-1.6, , 
,1935.65,2144,76.5,0.0,11101000,1935.98,2144,47.1,6.18,550.8,1936.33,0.0,-1.6, , 
,1936.68,2144,78.0,-2.0,11101000,1937.01,2144,67.8,10.30,734.4,1937.35,0.0,-1.6, , 
,1937.70,2176,76.5,-3.9,11101000,1938.05,2176,73.7,10.30,826.2,1938.39,0.0,-1.6, , 
,1938.74,2208,78.0,-5.9,11101000,1939.07,2208,73.7,10.30,826.2,1939.39,0.0,-1.6, , 
,1939.71,2240,78.0,-6.6,11101000,1940.05,2240,73.7,10.30,795.6,1940.38,0.0,-1.6, , 
,1940.71,2272,78.0,-4.3,11101000,1941.03,2272,73.7,10.30,795.6,1941.36,0.0,-1.6, , 
,1941.69,2272,78.0,-4.3,11101000,1942.02,2272,73.7,10.30,795.6,1942.34,0.0,-1.6, , 
,1942.68,2304,78.0,-2.0,11101000,1943.02,2304,73.7,10.30,795.6,1943.35,0.0,-1.6, , 
,1943.68,2304,78.0,-2.0,11101000,1944.01,2304,73.7,10.30,795.6,1944.34,0.0,-1.6, , 
,1944.69,2304,78.0,-2.0,11101000,1945.01,2304,73.7,10.30,795.6,1945.35,0.0,-1.6, , 
,1945.68,2304,78.0,-2.3,11101000,1946.03,2304,73.7,10.30,795.6,1946.38,0.0,-1.6, , 
,1946.70,2304,78.0,-2.3,11101000,1947.04,2304,73.7,10.30,795.6,1947.37,0.0,-1.6, , 
,1947.72,2304,78.0,-2.3,11101000,1948.05,2304,73.7,10.30,795.6,1948.38,0.0,-1.6, , 
,1948.71,2304,78.0,-2.7,11101000,1949.05,2304,72.2,10.30,795.6,1949.40,0.0,-1.6, , 
,1949.75,2336,78.0,-1.6,11101000,1950.09,2336,72.2,10.30,795.6,1950.43,0.0,-1.6, , 
,1950.77,2336,78.0,-2.0,11101000,1951.11,2336,72.2,10.30,795.6,1951.46,0.0,-1.6, , 
,1951.77,2336,78.0,0.0,11101000,1952.11,2368,63.5,9.27,714.0,1952.43,0.0,-1.6, , 
,1952.78,2368,78.0,4.3,11101000,1953.11,2368,65.1,9.27,714.0,1953.49,0.0,-1.6, , 
,1953.81,2368,78.0,7.0,11101000,1954.19,2400,63.5,9.27,714.0,1954.55,0.0,-1.6, , 
,1954.89,2400,78.0,9.0,11101000,1955.27,2432,60.4,9.27,673.2,1955.63,0.0,-1.6, , 
,1955.97,2432,78.0,10.9,11101000,1956.33,2432,59.2,9.27,673.2,1956.67,0.0,-1.6, , 
,1957.04,2464,78.0,11.3,11101000,1957.43,2464,60.4,9.27,673.2,1957.78,0.0,-1.6, , 
,1958.11,2464,78.0,9.4,11101000,1958.46,2464,59.2,9.27,652.8,1958.81,0.0,-1.6, , 
,1959.16,2464,78.0,9.0,11101000,1959.52,2464,60.4,9.27,673.2,1959.87,0.0,-1.6, , 
,1960.21,2464,78.0,6.6,11101000,1960.56,2464,60.4,9.27,673.2,1960.92,0.0,-1.6, , 
,1961.27,2464,78.0,6.6,11101000,1961.60,2496,59.2,9.27,652.8,1961.91,0.0,-1.6, , 
,1962.25,2496,78.0,6.3,11101000,1962.60,2496,59.2,9.27,652.8,1962.91,0.0,-1.6, , 
,1963.24,2496,78.0,4.7,11101000,1963.56,2496,59.2,9.27,652.8,1963.90,0.0,-1.6, , 
,1964.27,2496,78.0,5.5,11101000,1964.60,2496,59.2,9.27,652.8,1964.95,0.0,-1.6, , 
,1965.28,2528,78.0,4.7,11101000,1965.65,2496,59.2,9.27,652.8,1965.98,0.0,-1.6, , 
,1966.32,2528,78.0,4.3,11101000,1966.67,2528,48.6,7.21,571.2,1967.02,0.0,-1.6, , 
,1967.37,2528,78.0,1.2,11101000,1967.72,2528,48.6,7.21,550.8,1968.07,0.0,-1.6, , 
,1968.41,2528,78.0,-0.8,11101000,1968.75,2528,48.6,6.18,550.8,1969.09,0.0,-1.6, , 
,1969.44,2528,78.0,-0.8,11101000,1969.78,2560,48.6,7.21,571.2,1970.14,0.0,-1.6, , 
,1970.49,2560,79.5,-0.8,11101000,1970.83,2560,48.6,7.21,550.8,1971.15,0.0,-1.6, , 
,1971.50,2560,79.5,-0.4,11101000,1971.85,2560,48.6,6.18,550.8,1972.18,0.0,-1.6, , 
,1972.52,2592,79.5,0.0,11101000,1972.83,2592,48.6,6.18,550.8,1973.18,0.0,-1.6, , 
,1973.52,2592,79.5,0.0,11101000,1973.85,2592,47.1,7.21,550.8,1974.19,0.0,-1.6, , 
,1974.52,2592,79.5,-0.4,11101000,1974.87,2592,48.6,7.21,550.8,1975.23,0.0,-1.6, , 
,1975.57,2624,79.5,0.8,11101000,1975.89,2624,47.1,6.18,550.8,1976.22,0.0,-1.6, , 
,1976.55,2624,79.5,1.2,11101000,1976.88,2624,47.1,6.18,550.8,1977.19,0.0,-1.6, , 
,1977.52,2624,79.5,1.2,11101000,1977.84,2624,48.6,7.21,571.2,1978.18,0.0,-1.6, , 
,1978.53,2624,79.5,0.4,11101000,1978.87,2592,62.0,9.27,673.2,1979.20,0.0,-1.6, , 
,1979.54,2624,79.5,-0.8,11101000,1979.86,2624,72.2,10.30,775.2,1980.19,0.0,-1.6, , 
,1980.53,2656,79.5,-2.7,11101000,1980.88,2624,72.2,10.30,775.2,1981.24,0.0,-1.6, , 
,1981.60,2656,79.5,-2.7,11101000,1981.94,2656,66.3,9.27,734.4,1982.28,0.0,-1.6, , 
,1982.60,2656,79.5,0.8,11101000,1982.94,2656,62.0,9.27,673.2,1983.28,0.0,-1.6, , 
,1983.61,2688,78.0,3.9,11101000,1983.95,2656,54.5,7.21,612.0,1984.29,0.0,-1.6, , 
,1984.60,2688,79.5,0.0,11101000,1984.93,2656,26.7,3.09,357.0,1985.25,0.0,-1.6, , 
,1985.58,2656,79.5,-10.9,11101000,1985.91,2656,19.2,2.06,275.4,1986.24,0.0,-1.6, , 
,1986.57,2624,79.5,-22.3,11101000,1986.89,2624,19.2,2.06,275.4,1987.21,0.0,-1.6, , 
,1987.56,2592,79.5,-29.3,11101000,1987.88,2592,19.2,1.03,275.4,1988.23,0.0,-1.6, , 
,1988.58,2560,79.5,-28.9,11101000,1988.91,2560,22.0,2.06,295.8,1989.25,0.0,-1.6, , 
,1989.59,2560,79.5,-19.9,11101001,1989.94,2560,35.3,4.12,418.2,1990.30,0.0,-1.6, , 
,1990.63,2560,79.5,-7.0,11101000,1990.97,2560,41.2,5.15,479.4,1991.32,0.0,-1.6, , 
,1991.66,2560,79.5,2.7,11101000,1992.00,2560,50.2,7.21,571.2,1992.34,0.0,-1.6, , 
,1992.68,2560,79.5,7.8,11101000,1993.02,2560,51.8,8.24,591.6,1993.35,0.0,-1.6, , 
,1993.70,2592,79.5,10.2,11101000,1994.03,2592,51.8,8.24,591.6,1994.37,0.0,-1.6, , 
,1994.72,2592,79.5,10.2,11101000,1995.04,2592,51.8,8.24,591.6,1995.37,0.0,-1.6, , 
,1995.71,2592,79.5,8.6,11101000,1996.04,2592,51.8,8.24,591.6,1996.39,0.0,-1.6, , 
,1996.72,2592,79.5,6.3,11101000,1997.06,2592,53.3,8.24,591.6,1997.38,0.0,-1.6, , 
,1997.69,2592,79.5,9.0,11101000,1998.03,2592,54.5,8.24,612.0,1998.36,0.0,-1.6, , 
,1998.70,2592,79.5,7.4,11101000,1999.03,2592,56.1,8.24,632.4,1999.38,0.0,-1.6, , 
,1999.70,2592,79.5,10.5,11101000,2000.05,2592,56.1,8.24,632.4,2000.38,0.0,-1.6, , 
,2000.73,2592,79.5,11.3,11101000,2001.06,2592,57.6,8.24,632.4,2001.41,0.0,-1.6, , 
,2001.73,2592,79.5,12.9,11101001,2002.06,2592,54.5,8.24,612.0,2002.41,0.0,-1.6, , 
,2002.74,2592,79.5,12.1,11101000,2003.07,2592,56.1,8.24,632.4,2003.41,0.0,-1.6, , 
,2003.75,2592,79.5,11.7,11101000,2004.10,2592,56.1,8.24,632.4,2004.41,0.0,-1.6, , 
,2004.76,2592,79.5,11.3,11101000,2005.09,2592,56.1,8.24,632.4,2005.43,0.0,-1.6, , 
,2005.78,2592,79.5,10.5,11101000,2006.12,2592,54.5,7.21,612.0,2006.47,0.0,-1.6, , 
,2006.79,2592,79.5,9.4,11101000,2007.12,2592,53.3,7.21,591.6,2007.46,0.0,-1.6, , 
,2007.78,2592,79.5,9.0,11101000,2008.13,2592,53.3,7.21,612.0,2008.45,0.0,-1.6, , 
,2008.78,2592,79.5,9.4,11101001,2009.13,2592,53.3,7.21,612.0,2009.46,0.0,-1.6, , 
,2009.81,2592,79.5,9.4,11101001,2010.16,2592,53.3,7.21,612.0,2010.49,0.0,-1.6, , 
,2010.83,2592,79.5,9.8,11101001,2011.16,2592,42.7,6.18,499.8,2011.49,0.0,-1.6, , 
,2011.81,2560,79.5,9.4,11101001,2012.16,2560,38.4,5.15,459.0,2012.49,0.0,-1.6, , 
,2012.81,2560,79.5,8.6,11101001,2013.16,2560,40.0,5.15,459.0,2013.52,0.0,-1.6, , 
,2013.85,2560,79.5,8.6,11101001,2014.18,2560,40.0,5.15,459.0,2014.53,0.0,-1.6, , 
,2014.88,2560,79.5,7.8,11101001,2015.23,2560,40.0,5.15,459.0,2015.58,0.0,-1.6, , 
,2015.95,2560,79.5,8.2,11101000,2016.30,2560,40.0,5.15,459.0,2016.64,0.0,-1.6, , 
,2016.98,2560,79.5,11.3,11101001,2017.31,2560,40.0,5.15,459.0,2017.67,0.0,-1.6, , 
,2018.02,2560,79.5,12.1,11101001,2018.35,2560,40.0,5.15,459.0,2018.69,0.0,-1.6, , 
,2019.02,2560,79.5,10.9,11101001,2019.34,2560,41.2,6.18,479.4,2019.69,0.0,-1.6, , 
,2020.04,2560,79.5,12.5,11101001,2020.36,2592,45.9,6.18,520.2,2020.68,0.0,-1.6, , 
,2020.99,2592,79.5,15.6,11101001,2021.30,2592,45.9,6.18,520.2,2021.61,0.0,-1.6, , 
,2021.94,2624,79.5,14.5,11101001,2022.25,2624,38.4,5.15,459.0,2022.58,0.0,-1.6, , 
,2022.92,2624,79.5,12.9,11101001,2023.26,2624,38.4,5.15,438.6,2023.59,0.0,-1.6, , 
,2023.93,2624,79.5,10.9,11101000,2024.25,2624,38.4,5.15,459.0,2024.58,0.0,-1.6, , 
,2024.92,2592,79.5,10.5,11101001,2025.27,2624,41.2,5.15,479.4,2025.61,0.0,-1.6, , 
,2025.96,2592,79.5,10.9,11101001,2026.29,2592,42.7,6.18,499.8,2026.61,0.0,-1.6, , 
,2026.96,2592,79.5,12.5,11101001,2027.27,2592,45.9,6.18,520.2,2027.61,0.0,-1.6, , 
,2027.94,2560,79.5,14.1,11101001,2028.28,2560,51.8,7.21,571.2,2028.62,0.0,-1.6, , 
,2028.96,2560,81.0,12.5,11101001,2029.31,2560,53.3,7.21,612.0,2029.65,0.0,-1.6, , 
,2030.00,2528,79.5,14.1,11101001,2030.34,2528,57.6,8.24,632.4,2030.69,0.0,-1.6, , 
,2031.03,2528,79.5,15.6,11101001,2031.38,2528,59.2,9.27,652.8,2031.71,0.0,-1.6, , 
,2032.04,2496,79.5,16.8,11101001,2032.36,2496,59.2,9.27,652.8,2032.69,0.0,-1.6, , 
,2033.00,2496,79.5,16.4,11101001,2033.36,2496,59.2,9.27,652.8,2033.72,0.0,-1.6, , 
,2034.08,2496,79.5,14.1,11101001,2034.43,2464,59.2,9.27,652.8,2034.77,0.0,-1.6, , 
,2035.12,2464,79.5,14.1,11101001,2035.51,2464,59.2,9.27,652.8,2035.87,0.0,-1.6, , 
,2036.18,2464,79.5,13.7,11101001,2036.53,2464,59.2,9.27,673.2,2036.86,0.0,-1.6, , 
,2037.21,2464,79.5,0.0,11101001,2037.56,2432,23.5,3.09,316.2,2037.90,0.0,-1.6, , 
,2038.25,2432,81.0,-6.6,11101001,2038.58,2400,22.0,2.06,295.8,2038.91,0.0,-1.6, , 
,2039.23,2368,79.5,-12.9,11101001,2039.57,2368,28.2,3.09,357.0,2039.89,0.0,-1.6, , 
,2040.23,2368,79.5,-7.8,11101001,2040.57,2368,41.2,5.15,479.4,2040.89,0.0,-1.6, , 
,2041.23,2336,79.5,0.0,11101001,2041.56,2368,53.3,7.21,612.0,2041.90,0.0,-1.6, , 
,2042.24,2368,79.5,6.3,11101001,2042.55,2368,54.5,7.21,632.4,2042.86,0.0,-1.6, , 
,2043.18,2400,79.5,11.3,11101001,2043.56,2400,54.5,8.24,612.0,2043.89,0.0,-1.6, , 
,2044.22,2400,79.5,14.5,11101001,2044.56,2400,53.3,8.24,612.0,2044.90,0.0,-1.6, , 
,2045.25,2400,79.5,16.4,11101001,2045.63,2400,53.3,8.24,612.0,2045.97,0.0,-1.6, , 
,2046.31,2400,79.5,16.4,11101001,2046.65,2400,44.3,5.15,520.2,2046.99,0.0,-1.6, , 
,2047.33,2400,79.5,2.3,11101001,2047.64,2400,36.9,4.12,438.6,2048.00,0.0,-1.6, , 
,2048.33,2368,79.5,5.1,11101001,2048.67,2368,36.9,5.15,438.6,2049.01,0.0,-1.6, , 
,2049.34,2368,79.5,7.4,11101001,2049.68,2368,38.4,5.15,459.0,2050.01,0.0,-1.6, , 
,2050.37,2336,79.5,9.4,11101001,2050.73,2336,38.4,5.15,459.0,2051.10,0.0,-1.6, , 
,2051.43,2336,79.5,9.4,11101001,2051.76,2336,38.4,5.15,459.0,2052.10,0.0,-1.6, , 
,2052.43,2336,79.5,10.2,11101001,2052.77,2336,42.7,6.18,499.8,2053.12,0.0,-1.6, , 
,2053.47,2368,79.5,9.8,11101001,2053.86,2368,54.5,8.24,632.4,2054.20,0.0,-1.6, , 
,2054.58,2400,79.5,12.1,11101001,2054.95,2432,60.4,9.27,673.2,2055.32,0.0,-1.6, , 
,2055.66,2464,79.5,14.5,11101001,2055.99,2464,60.4,9.27,673.2,2056.35,0.0,-1.6, , 
,2056.70,2496,79.5,15.2,11101001,2057.06,2496,59.2,9.27,652.8,2057.41,0.0,-1.6, , 
,2057.75,2496,79.5,15.2,11101001,2058.09,2496,59.2,9.27,652.8,2058.44,0.0,-1.6, , 
,2058.77,2528,79.5,15.2,11101001,2059.13,2496,59.2,9.27,652.8,2059.48,0.0,-1.6, , 
,2059.83,2496,81.0,14.5,11101001,2060.17,2496,59.2,9.27,652.8,2060.52,0.0,-1.6, , 
,2060.85,2496,79.5,14.5,11101001,2061.19,2496,59.2,9.27,652.8,2061.52,0.0,-1.6, , 
,2061.88,2464,81.0,14.8,11101001,2062.23,2464,59.2,9.27,673.2,2062.58,0.0,-1.6, , 
,2062.93,2464,79.5,14.1,11101001,2063.28,2432,60.4,9.27,673.2,2063.62,0.0,-1.6, , 
,2063.95,2432,79.5,13.7,11101001,2064.30,2432,60.4,9.27,673.2,2064.65,0.0,-1.6, , 
,2065.00,2432,81.0,12.9,11101001,2065.35,2400,60.4,9.27,673.2,2065.69,0.0,-1.6, , 
,2066.01,2400,79.5,12.9,11101001,2066.35,2400,56.1,8.24,632.4,2066.71,0.0,-1.6, , 
,2067.03,2400,79.5,13.3,11101001,2067.41,2400,54.5,8.24,632.4,2067.74,0.0,-1.6, , 
,2068.06,2368,79.5,12.5,11101001,2068.40,2368,45.9,6.18,520.2,2068.74,0.0,-1.6, , 
,2069.09,2368,79.5,11.7,11101001,2069.45,2368,47.1,6.18,550.8,2069.79,0.0,-1.6, , 
,2070.13,2368,79.5,10.2,11101001,2070.47,2368,47.1,6.18,550.8,2070.81,0.0,-1.6, , 
,2071.14,2368,79.5,9.8,11101001,2071.50,2368,47.1,6.18,550.8,2071.85,0.0,-1.6, , 
,2072.18,2368,79.5,9.4,11101001,2072.52,2336,51.8,7.21,591.6,2072.89,0.0,-1.6, , 
,2073.23,2336,81.0,9.0,11101001,2073.58,2336,54.5,8.24,632.4,2073.91,0.0,-1.6, , 
,2074.24,2336,79.5,11.3,11101001,2074.57,2336,56.1,8.24,632.4,2074.89,0.0,-1.6, , 
,2075.25,2336,81.0,13.7,11101001,2075.59,2336,56.1,8.24,632.4,2075.92,0.0,-1.6, , 
,2076.28,2336,81.0,13.7,11101001,2076.62,2336,56.1,8.24,632.4,2076.97,0.0,-1.6, , 
,2077.30,2368,79.5,14.1,11101001,2077.63,2336,56.1,8.24,632.4,2077.97,0.0,-1.6, , 
,2078.31,2368,79.5,14.1,11101001,2078.64,2368,56.1,8.24,632.4,2078.97,0.0,-1.6, , 
,2079.29,2368,81.0,13.7,11101001,2079.62,2368,56.1,8.24,632.4,2079.95,0.0,-1.6, , 
,2080.28,2400,81.0,14.1,11101001,2080.65,2400,56.1,8.24,632.4,2081.00,0.0,-1.6, , 
,2081.37,2432,81.0,12.5,11101001,2081.73,2432,47.1,7.21,550.8,2082.09,0.0,-1.6, , 
,2082.47,2432,81.0,11.7,11101001,2082.85,2464,44.3,6.18,520.2,2083.21,0.0,-1.6, , 
,2083.59,2464,81.0,10.9,11101001,2083.94,2464,44.3,6.18,520.2,2084.32,0.0,-1.6, , 
,2084.67,2464,81.0,10.2,11101001,2085.03,2432,40.0,5.15,459.0,2085.38,0.0,-1.6, , 
,2085.70,2432,81.0,0.0,11101001,2086.06,2432,22.0,2.06,295.8,2086.40,0.0,-1.6, , 
,2086.73,2400,81.0,-9.4,11101001,2087.08,2400,20.8,2.06,295.8,2087.40,0.0,-1.6, , 
,2087.73,2368,81.0,-16.0,11101001,2088.06,2336,20.8,2.06,295.8,2088.39,0.0,-1.6, , 
,2088.73,2336,81.0,-19.1,11101001,2089.07,2304,22.0,2.06,295.8,2089.40,0.0,-1.6, , 
,2089.74,2304,81.0,0.0,11101001,2090.08,2304,44.3,5.15,520.2,2090.41,0.0,-1.6, , 
,2090.75,2304,81.0,5.1,11101001,2091.11,2304,44.3,6.18,520.2,2091.45,0.0,-1.6, , 
,2091.78,2304,81.0,7.0,11101001,2092.12,2304,28.2,4.12,357.0,2092.47,0.0,-1.6, , 
,2092.79,2304,81.0,2.0,11101001,2093.12,2272,28.2,3.09,357.0,2093.46,0.0,-1.6, , 
,2093.80,2272,79.5,-3.1,11101001,2094.14,2272,19.2,2.06,275.4,2094.47,0.0,-1.6, , 
,2094.81,2240,81.0,-12.9,11111101,2095.15,2208,17.6,2.06,244.8,2095.48,0.0,-1.6, , 
,2095.82,2208,81.0,0.0,11111101,2096.17,2176,0.0,0.00,244.8,2096.50,0.0,-1.6, , 
,2096.84,2144,81.0,0.0,11111101,2097.17,2144,0.0,0.00,244.8,2097.51,0.0,-1.6, , 
,2097.84,2112,81.0,0.0,11111101,2098.18,2080,0.0,0.00,244.8,2098.51,0.0,-1.6, , 
,2098.86,2048,81.0,0.0,11111101,2099.22,2016,0.0,0.00,244.8,2099.58,0.0,-1.6, , 
,2099.93,1984,81.0,0.0,11111101,2100.30,1952,0.0,0.00,244.8,2100.66,0.0,-1.6, , 
,2101.03,1920,81.0,0.0,11111111,2101.38,1920,0.0,0.00,275.4,2101.72,0.0,-1.6, , 
,2102.09,1888,81.0,0.0,11111111,2102.43,1888,0.0,0.00,295.8,2102.78,0.0,-1.6, , 
,2103.15,1856,81.0,0.0,11111111,2103.49,1856,0.0,0.00,295.8,2103.84,0.0,-1.6, , 
,2104.17,1824,81.0,0.0,11101011,2104.54,1824,19.2,3.09,295.8,2104.92,0.0,-1.6, , 
,2105.25,1824,81.0,0.0,11101011,2105.60,1824,19.2,2.06,295.8,2105.97,0.0,-1.6, , 
,2106.32,1792,79.5,-10.5,11101011,2106.67,1824,20.8,2.06,316.2,2107.04,0.0,-1.6, , 
,2107.36,1792,79.5,-12.9,11111111,2107.69,1408,0.0,0.00,336.6,2108.02,0.0,0.0, , 
,2108.32,1088,79.5,0.0,11111111,2108.63,1152,26.7,4.12,377.4,2108.94,0.0,0.0, , 
,2109.25,1088,79.5,0.0,11111111,2109.56,1056,23.5,3.09,336.6,2109.86,0.0,0.0, , 
,2110.17,928,79.5,0.0,11111111,2110.47,896,26.7,3.09,377.4,2110.79,0.0,0.0, , 
,2111.10,896,79.5,-1.2,11111111,2111.40,896,26.7,3.09,397.8,2111.70,0.0,0.0, , 
,2112.02,896,79.5,-0.4,11111111,2112.32,896,26.7,3.09,397.8,2112.61,0.0,0.0, , 
,2112.93,896,79.5,0.4,11111110,2113.25,896,26.7,3.09,377.4,2113.55,0.0,0.0, , 
,2113.87,896,79.5,0.8,11111111,2114.17,896,26.7,3.09,397.8,2114.49,0.0,0.0, , 
,2114.79,896,79.5,0.4,11111110,2115.11,896,26.7,3.09,377.4,2115.45,0.0,0.0, , 
,2115.76,896,79.5,0.4,11111110,2116.06,896,26.7,3.09,377.4,2116.36,0.0,0.0, , 
,2116.65,864,79.5,-0.4,11111110,2116.94,864,26.7,3.09,377.4,2117.23,0.0,0.0, , 
,2117.53,896,79.5,-0.8,11111110,2117.84,864,26.7,3.09,377.4,2118.14,0.0,0.0, , 
,2118.44,864,79.5,-1.6,11111110,2118.77,864,26.7,3.09,397.8,2119.09,0.0,0.0, , 
,2119.38,896,79.5,-2.7,11111110,2119.68,896,28.2,3.09,397.8,2119.99,0.0,0.0, , 
,2120.28,896,79.5,-3.5,11111111,2120.59,896,26.7,3.09,397.8,2120.89,-0.8,0.0, , 
,2121.18,896,79.5,-4.3,11111111,2121.47,896,26.7,3.09,397.8,2121.78,-0.8,0.0, , 
,2122.07,896,79.5,-4.3,11111111,2122.39,896,26.7,3.09,397.8,2122.69,-0.8,0.0, , 
,2122.99,896,79.5,-3.1,11111111,2123.29,864,26.7,3.09,397.8,2123.58,-0.8,0.0, , 
,2123.89,896,79.5,-2.7,11111111,2124.21,864,26.7,3.09,397.8,2124.52,-0.8,0.0, , 
,2124.81,896,79.5,-2.7,11111111,2125.12,896,26.7,3.09,397.8,2125.42,-0.8,0.0, , 
,2125.71,864,79.5,-2.3,11111111,2126.02,896,28.2,3.09,397.8,2126.34,-1.6,0.0, , 
,2126.63,864,79.5,-2.3,11111111,2126.92,896,28.2,3.09,397.8,2127.23,-0.8,0.0, , 
,2127.54,896,79.5,-2.7,11111111,2127.84,896,28.2,3.09,397.8,2128.18,-0.8,0.0, , 
,2128.49,864,79.5,-2.7,11111111,2128.78,864,28.2,3.09,397.8,2129.07,-1.6,0.0, , 
,2129.37,864,79.5,-2.7,11111111,2129.66,896,28.2,3.09,397.8,2129.98,-1.6,0.0, , 
,2130.28,864,79.5,-2.7,11111111,2130.60,896,29.4,3.09,397.8,2130.91,-1.6,0.0, , 
,2131.21,896,79.5,-2.7,11111111,2131.51,832,26.7,3.09,377.4,2131.79,-1.6,0.0, , 
,2132.07,768,79.5,-2.3,11111111,2132.36,768,29.4,4.12,418.2,2132.67,-1.6,0.0, , 
,2132.96,800,79.5,-2.0,11111111,2133.26,800,29.4,4.12,418.2,2133.56,-1.6,0.0, , 
,2133.86,800,79.5,-2.3,11111111,2134.16,768,29.4,4.12,418.2,2134.46,-1.6,0.0, , 
,2134.74,800,79.5,-2.0,11111111,2135.04,768,29.4,3.09,418.2,2135.36,-1.6,0.0, , 
,2135.66,800,79.5,-2.0,11111111,2135.96,768,29.4,4.12,418.2,2136.25,-1.6,0.0, , 
,2136.55,800,79.5,-2.0,11111111,2136.84,800,28.2,3.09,418.2,2137.15,-1.6,0.0, , 
,2137.44,960,79.5,0.0,11101011,2137.75,1184,36.9,5.15,479.4,2138.08,-1.6,0.0, , 
,2138.40,1120,79.5,1.2,11101011,2138.71,1056,38.4,5.15,479.4,2139.04,-1.6,0.0, , 
,2139.31,992,79.5,3.5,11101011,2139.62,960,41.2,6.18,520.2,2139.92,-1.6,0.0, , 
,2140.19,960,79.5,2.3,11101011,2140.50,1024,42.7,5.15,550.8,2140.84,-0.8,0.0, , 
,2141.17,1280,79.5,0.0,11101011,2141.50,1440,53.3,8.24,632.4,2141.81,-0.8,-1.6, , 
,2142.16,1856,79.5,0.0,11101011,2142.47,1760,0.0,0.00,397.8,2142.79,-1.6,0.0, , 
,2143.11,992,79.5,0.0,11111111,2143.42,1120,29.4,4.12,397.8,2143.76,-1.6,0.0, , 
,2144.07,1152,79.5,0.0,11101011,2144.38,1152,36.9,5.15,479.4,2144.69,-0.8,0.0, , 
,2145.02,1216,79.5,-1.6,11101011,2145.34,1248,34.1,4.12,438.6,2145.68,-1.6,0.0, , 
,2146.01,1312,79.5,-0.8,11101011,2146.37,1312,28.2,3.09,377.4,2146.70,-1.6,0.0, , 
,2147.04,1344,79.5,-2.3,11101010,2147.37,1344,28.2,3.09,377.4,2147.70,-1.6,0.0, , 
,2148.04,1376,79.5,-5.5,11111110,2148.48,1472,23.5,3.09,336.6,2148.77,-1.6,0.0, , 
,2149.11,1408,79.5,-10.5,11111110,2149.42,1280,23.5,3.09,336.6,2149.72,-1.6,0.0, , 
,2150.03,896,79.5,-10.5,11111110,2150.37,864,29.4,4.12,418.2,2150.68,-1.6,0.0, , 
,2150.99,864,79.5,-10.9,11111110,2151.29,896,31.0,3.09,418.2,2151.59,-1.6,0.0, , 
,2151.91,896,78.0,-9.0,11111110,2152.24,896,31.0,3.09,418.2,2152.54,-1.6,0.0, , 
,2152.83,896,78.0,-6.3,11111110,2153.16,896,29.4,4.12,418.2,2153.45,-1.6,0.0, , 
,2153.75,896,78.0,-3.5,11111110,2154.06,896,31.0,4.12,418.2,2154.36,-1.6,0.0, , 
,2154.69,896,78.0,-2.0,11111110,2155.00,896,29.4,4.12,418.2,2155.30,-1.6,0.0, , 
,2155.59,896,78.0,-1.6,11111110,2155.89,896,29.4,4.12,418.2,2156.22,-1.6,0.0, , 
,2156.53,832,78.0,-1.2,11111110,2156.82,800,28.2,3.09,397.8,2157.10,-1.6,0.0, , 
,2157.42,768,78.0,-1.6,11111110,2157.72,800,29.4,4.12,418.2,2158.01,-1.6,0.0, , 
,2158.30,800,78.0,-2.3,11111110,2158.60,800,29.4,4.12,438.6,2158.89,-1.6,0.0, , 
,2159.20,800,78.0,-2.3,11111110,2159.52,800,31.0,4.12,438.6,2159.82,-1.6,0.0, , 
,2160.10,800,78.0,-2.3,11111110,2160.38,800,29.4,4.12,418.2,2160.69,-1.6,0.0, , 
,2161.00,800,78.0,-2.3,11111110,2161.28,800,29.4,4.12,418.2,2161.58,-1.6,0.0, , 
,2161.88,800,78.0,-2.3,11111110,2162.18,768,29.4,4.12,418.2,2162.47,-1.6,0.0, , 
,2162.78,800,78.0,-2.7,11111110,2163.10,768,29.4,4.12,418.2,2163.40,-1.6,0.0, , 
,2163.70,800,78.0,-2.7,11111110,2164.01,800,29.4,4.12,418.2,2164.30,-1.6,0.0, , 
,2164.59,800,78.0,-2.7,11111110,2164.90,800,29.4,3.09,418.2,2165.19,-1.6,0.0, , 
,2165.49,768,78.0,-3.1,11111110,2165.79,800,29.4,4.12,418.2,2166.07,-1.6,0.0, , 
,2166.35,800,78.0,-3.1,11111110,2166.64,800,29.4,3.09,418.2,2166.94,-2.3,0.0, , 
,2167.25,800,78.0,-3.5,11111110,2167.54,768,29.4,3.09,418.2,2167.84,-2.3,0.0, , 
,2168.13,768,78.0,-3.5,11111110,2168.42,800,29.4,4.12,418.2,2168.74,-1.6,0.0, , 
,2169.05,800,78.0,-3.5,11111110,2169.35,768,28.2,3.09,418.2,2169.65,-1.6,0.0, , 
,2169.97,800,78.0,-3.9,11111110,2170.27,800,29.4,3.09,418.2,2170.57,-1.6,0.0, , 
,2170.88,992,78.0,0.0,11101010,2171.19,1152,36.9,5.15,479.4,2171.51,-1.6,0.0, , 
,2171.82,896,78.0,2.3,11101010,2172.09,768,44.3,6.18,571.2,2172.39,-1.6,0.0, , 
,2172.70,800,78.0,0.0,11101010,2173.04,960,45.9,6.18,591.6,2173.36,-1.6,0.0, , 
,2173.70,1216,78.0,0.0,11111110,2174.02,1344,23.5,3.09,336.6,2174.35,-1.6,0.0, , 
,2174.63,1312,78.0,-4.3,11111110,2174.94,1152,23.5,3.09,357.0,2175.24,-1.6,0.0, , 
,2175.56,928,78.0,-6.3,11111110,2175.86,864,29.4,4.12,418.2,2176.17,-1.6,0.0, , 
,2176.48,768,78.0,-9.8,10111110,2176.77,768,31.0,3.09,438.6,2177.07,-1.6,0.0, , 
,2177.39,800,78.0,-10.2,10111110,2177.71,800,32.5,4.12,459.0,2178.01,-1.6,0.0, , 
,2178.31,768,78.0,-8.2,10111110,2178.60,800,31.0,4.12,438.6,2178.89,-1.6,0.0, , 
,2179.20,800,78.0,-5.9,10111110,2179.50,800,31.0,4.12,438.6,2179.82,-1.6,0.0, , 
,2180.12,800,78.0,-3.9,10111110,2180.41,800,31.0,4.12,438.6,2180.72,-1.6,0.0, , 
,2181.02,800,78.0,-3.1,10111110,2181.31,800,31.0,4.12,438.6,2181.60,-1.6,0.0, , 
,2181.92,800,78.0,-3.1,10111110,2182.22,800,29.4,4.12,438.6,2182.51,-1.6,0.0, , 
,2182.80,800,79.5,-3.1,10111110,2183.10,800,31.0,4.12,438.6,2183.40,-1.6,0.0, , 
,2183.70,800,78.0,-3.5,10111110,2183.99,800,31.0,4.12,438.6,2184.29,-1.6,0.0, , 
,2184.59,768,79.5,-3.5,10111110,2184.89,768,31.0,4.12,438.6,2185.19,-1.6,0.0, , 
,2185.49,800,78.0,-3.5,10111110,2185.79,800,31.0,4.12,438.6,2186.07,-1.6,0.0, , 
,2186.39,800,78.0,-3.5,10111110,2186.69,800,31.0,4.12,438.6,2187.00,-1.6,0.0, , 
,2187.28,800,79.5,-3.1,10111110,2187.57,800,29.4,4.12,418.2,2187.86,-1.6,0.0, , 
,2188.16,800,79.5,-3.5,10111110,2188.48,800,29.4,4.12,438.6,2188.77,-1.6,0.0, , 
,2189.07,800,79.5,-3.9,10111110,2189.36,768,29.4,3.09,418.2,2189.67,-1.6,0.0, , 
,2189.97,800,79.5,-3.9,10111110,2190.27,800,29.4,3.09,418.2,2190.56,-1.6,0.0, , 
,2190.86,800,79.5,-4.3,10111110,2191.17,768,31.0,4.12,438.6,2191.46,-1.6,0.0, , 
,2191.77,800,79.5,-4.7,10111110,2192.07,800,31.0,4.12,438.6,2192.36,-1.6,0.0, , 
,2192.66,768,79.5,-4.7,10111110,2192.96,800,31.0,4.12,438.6,2193.26,-1.6,0.0, , 
,2193.56,768,79.5,-4.3,10111110,2193.86,800,31.0,4.12,438.6,2194.16,-1.6,0.0, , 
,2194.45,800,79.5,-3.9,10111110,2194.76,800,29.4,3.09,418.2,2195.05,-1.6,0.0, , 
,2195.35,800,79.5,-3.9,10111110,2195.63,800,29.4,3.09,418.2,2195.93,-1.6,0.0, , 
,2196.23,800,79.5,-4.3,10111110,2196.53,768,29.4,3.09,418.2,2196.83,-1.6,0.0, , 
,2197.13,800,79.5,-4.3,10111111,2197.45,800,31.0,4.12,438.6,2197.74,-1.6,0.0, , 
,2198.04,800,79.5,-4.3,10111111,2198.34,768,29.4,4.12,438.6,2198.65,-1.6,0.0, , 
,2198.93,800,79.5,-3.9,10111111,2199.24,800,31.0,4.12,438.6,2199.54,-1.6,0.0, , 
,2199.85,768,81.0,-3.5,10111111,2200.15,800,29.4,4.12,418.2,2200.44,-1.6,0.0, , 
,2200.74,800,79.5,-3.5,10111111,2201.05,800,29.4,4.12,418.2,2201.34,-1.6,0.0, , 
,2201.66,800,79.5,-3.5,10111111,2201.95,800,29.4,3.09,418.2,2202.27,-1.6,0.0, , 
,2202.57,800,79.5,-3.9,10111111,2202.86,768,29.4,3.09,418.2,2203.14,-1.6,0.0, , 
,2203.43,800,79.5,-3.5,10111111,2203.74,800,29.4,4.12,418.2,2204.04,-1.6,0.0, , 
,2204.34,800,79.5,-3.5,10111111,2204.65,768,31.0,4.12,438.6,2204.93,-1.6,0.0, , 
,2205.25,800,79.5,-3.9,10111111,2205.55,768,31.0,4.12,438.6,2205.83,-1.6,0.0, , 
,2206.14,800,79.5,-3.9,10111111,2206.46,768,29.4,4.12,438.6,2206.78,-1.6,0.0, , 
,2207.08,768,79.5,-4.3,10111111,2207.38,768,31.0,4.12,438.6,2207.68,-1.6,0.0, , 
,2207.98,768,79.5,-3.9,10111111,2208.28,800,31.0,4.12,438.6,2208.58,-1.6,0.0, , 
,2208.88,768,81.0,-3.9,10111111,2209.18,800,31.0,4.12,438.6,2209.49,-1.6,0.0, , 
,2209.79,800,81.0,-3.5,10111111,2210.09,768,29.4,3.09,438.6,2210.37,-1.6,0.0, , 
,2210.66,768,81.0,-3.5,10111111,2210.96,768,31.0,4.12,438.6,2211.27,-1.6,0.0, , 
,2211.56,800,81.0,-3.5,10111111,2211.86,768,31.0,4.12,438.6,2212.18,-1.6,0.0, , 
,2212.47,800,81.0,-3.1,10111111,2212.77,768,29.4,4.12,438.6,2213.08,-1.6,0.0, , 
,2213.38,768,81.0,-3.5,10111111,2213.67,768,29.4,4.12,438.6,2213.96,-1.6,0.0, , 
,2214.26,768,81.0,-3.9,10111111,2214.57,800,29.4,4.12,438.6,2214.86,-1.6,0.0, , 
,2215.16,768,81.0,-4.7,10111111,2215.46,768,29.4,3.09,438.6,2215.76,-1.6,0.0, , 
,2216.06,768,81.0,-5.1,10111111,2216.35,800,31.0,4.12,438.6,2216.65,-1.6,0.0, , 
,2216.95,768,81.0,-5.1,10111111,2217.25,768,31.0,3.09,438.6,2217.55,-1.6,0.0, , 
,2217.86,800,81.0,-5.5,10111111,2218.16,800,31.0,3.09,438.6,2218.47,-1.6,0.0, , 
,2218.76,800,81.0,-5.9,10111111,2219.07,768,31.0,4.12,438.6,2219.36,-1.6,0.0, , 
,2219.67,768,81.0,-6.3,10111111,2219.97,768,31.0,4.12,438.6,2220.27,-1.6,0.0, , 
,2220.57,768,81.0,-5.9,10111111,2220.85,768,31.0,4.12,438.6,2221.15,-1.6,0.0, , 
,2221.47,800,81.0,-5.9,10111111,2221.76,768,31.0,4.12,438.6,2222.06,-1.6,0.0, , 
,2222.36,800,81.0,-5.5,10111111,2222.66,768,31.0,4.12,438.6,2222.96,-1.6,0.0, , 
,2223.26,800,81.0,-5.1,10111111,2223.57,768,29.4,3.09,438.6,2223.87,-1.6,0.0, , 
,2224.17,800,81.0,-4.7,10111111,2224.46,768,31.0,4.12,438.6,2224.76,-1.6,0.0, , 
,2225.05,800,81.0,-4.7,10111111,2225.34,768,29.4,3.09,438.6,2225.64,-1.6,0.0, , 
,2225.94,800,81.0,-5.1,10111111,2226.24,800,29.4,3.09,418.2,2226.55,-1.6,0.0, , 
,2226.85,928,81.0,-7.0,10101011,2227.17,1120,38.4,5.15,499.8,2227.50,-0.8,0.0, , 
,2227.83,1376,81.0,0.0,10111111,2228.14,1440,22.0,3.09,316.2,2228.46,-1.6,0.0, , 
,2228.81,1344,81.0,-10.2,10111111,2229.12,1184,22.0,2.06,316.2,2229.42,-1.6,0.0, , 
,2229.72,832,81.0,-10.2,10111111,2230.04,736,29.4,4.12,418.2,2230.32,-1.6,0.0, , 
,2230.61,800,81.0,-12.1,10111111,2230.90,800,32.5,3.09,459.0,2231.20,-1.6,0.0, , 
,2231.50,800,81.0,-12.1,10101011,2231.82,832,36.9,4.12,479.4,2232.12,-1.6,0.0, , 
,2232.43,1280,81.0,-10.5,10101011,2232.74,1440,45.9,6.18,571.2,2233.09,-0.8,-1.6, , 
,2233.45,1568,81.0,0.0,10101011,2233.84,1472,54.5,7.21,652.8,2234.17,-0.8,0.0, , 
,2234.55,1440,82.5,-4.7,10101011,2234.88,1696,73.7,11.33,846.6,2235.24,0.0,-1.6, , 
,2235.58,2240,81.0,0.4,10101001,2235.91,2240,0.0,0.00,377.4,2236.28,-0.8,-1.6, , 
,2236.57,1152,81.0,0.0,10111111,2236.88,1056,28.2,4.12,377.4,2237.25,-0.8,-1.6, , 
,2237.59,1536,82.5,0.0,10101011,2237.94,1408,45.9,6.18,550.8,2238.38,-0.8,0.0, , 
,2238.73,1536,82.5,0.4,10101011,2239.08,1568,41.2,5.15,499.8,2239.44,-0.8,-1.6, , 
,2239.83,1664,81.0,2.3,10101011,2240.18,1696,32.5,4.12,418.2,2240.54,-0.8,-1.6, , 
,2240.90,1728,82.5,-1.2,10101011,2241.25,1728,22.0,3.09,316.2,2241.58,-0.8,-1.6, , 
,2241.91,1696,81.0,-7.4,10111111,2242.29,1696,22.0,2.06,316.2,2242.64,-1.6,-1.6, , 
,2243.00,1568,81.0,-12.1,10111111,2243.32,1536,22.0,2.06,316.2,2243.78,-1.6,-1.6, , 
,2244.13,1472,81.0,-12.1,10111111,2244.45,1440,23.5,3.09,336.6,2244.81,-1.6,0.0, , 
,2245.13,1408,81.0,0.8,10101011,2245.47,1440,25.1,3.09,336.6,2245.80,-1.6,0.0, , 
,2246.18,1440,81.0,3.1,10101011,2246.52,1408,35.3,4.12,459.0,2246.83,-0.8,0.0, , 
,2247.14,1440,81.0,8.2,10101011,2247.41,1472,48.6,6.18,591.6,2247.77,-0.8,-1.6, , 
,2248.14,1536,82.5,10.9,10101011,2248.49,1568,48.6,6.18,591.6,2248.88,-0.8,-1.6, , 
,2249.26,1664,82.5,17.2,10101011,2249.62,1696,47.1,6.18,571.2,2250.01,-0.8,-1.6, , 
,2250.39,1824,82.5,21.1,10101011,2250.76,1856,26.7,3.09,357.0,2251.09,0.0,-1.6, , 
,2251.42,1888,82.5,9.4,10101011,2251.79,1920,17.6,2.06,275.4,2252.15,0.0,-1.6, , 
,2252.53,1888,82.5,-9.0,10101011,2252.87,1888,17.6,2.06,275.4,2253.24,0.0,-1.6, , 
,2253.61,1888,82.5,-12.9,10101011,2253.96,1920,25.1,2.06,336.6,2254.33,0.0,-1.6, , 
,2254.69,1920,82.5,-0.4,10101011,2255.04,1952,32.5,3.09,397.8,2255.40,0.0,-1.6, , 
,2255.76,1984,82.5,5.9,10101001,2256.12,2016,25.1,2.06,336.6,2256.47,0.0,-1.6, , 
,2256.83,1984,82.5,0.8,10101001,2257.17,1984,14.9,1.03,244.8,2257.53,0.0,-1.6, , 
,2257.88,1984,82.5,-11.3,10111111,2258.24,1920,0.0,0.00,275.4,2258.58,0.0,-1.6, , 
,2258.91,1856,82.5,0.0,10111111,2259.28,1856,19.2,2.06,295.8,2259.64,0.0,-1.6, , 
,2260.00,1856,82.5,0.0,10101011,2260.37,1824,34.1,3.09,438.6,2260.74,0.0,-1.6, , 
,2261.11,1856,82.5,0.0,10101011,2261.46,1952,42.7,4.12,520.2,2261.82,0.0,-1.6, , 
,2262.17,2048,82.5,16.8,10101001,2262.50,2144,36.9,5.15,459.0,2262.82,0.0,-1.6, , 
,2263.16,2208,82.5,11.7,10101001,2263.51,2240,28.2,4.12,357.0,2263.83,0.0,-1.6, , 
,2264.18,2304,82.5,7.0,10101001,2264.48,2368,41.2,5.15,499.8,2264.83,0.0,-1.6, , 
,2265.14,2496,82.5,3.9,10101001,2265.46,2208,0.0,0.00,316.2,2265.85,-1.6,-1.6, , 
,2266.16,1184,82.5,0.0,10101011,2266.47,1344,25.1,4.12,357.0,2266.81,-0.8,-1.6, , 
,2267.15,1696,82.5,0.0,10101011,2267.53,1760,26.7,3.09,357.0,2267.90,-0.8,-1.6, , 
,2268.26,1760,82.5,-3.1,10101011,2268.65,1760,23.5,3.09,336.6,2269.02,-0.8,-1.6, , 
,2269.40,1792,82.5,-6.3,10101011,2269.78,1792,23.5,3.09,336.6,2270.16,0.0,-1.6, , 
,2270.54,1824,82.5,-9.4,10101011,2270.93,1824,23.5,3.09,336.6,2271.32,0.0,-1.6, , 
,2271.70,1856,82.5,-13.3,10101011,2272.08,1856,22.0,2.06,316.2,2272.43,0.0,-1.6, , 
,2272.80,1888,82.5,-16.4,10101011,2273.17,1888,20.8,2.06,316.2,2273.53,0.0,-1.6, , 
,2273.89,1920,82.5,-15.6,10101011,2274.25,1920,20.8,2.06,295.8,2274.60,0.0,-1.6, , 
,2274.97,1952,82.5,-14.1,10101011,2275.32,1952,19.2,2.06,295.8,2275.69,0.0,-1.6, , 
,2276.03,1984,82.5,-12.5,10101011,2276.38,1984,19.2,2.06,275.4,2276.74,0.0,-1.6, , 
,2277.09,2016,82.5,-15.2,10101001,2277.45,2016,16.1,1.03,275.4,2277.79,0.0,-1.6, , 
,2278.15,2048,82.5,-17.6,10101001,2278.51,2016,0.0,0.00,244.8,2278.83,-1.6,-1.6, , 
,2279.12,1216,82.5,0.0,10111111,2279.44,832,31.0,5.15,418.2,2279.73,-1.6,0.0, , 
,2280.05,928,82.5,0.0,10111111,2280.38,928,28.2,3.09,397.8,2280.70,-1.6,0.0, , 
,2281.02,896,82.5,0.0,10111111,2281.33,864,29.4,3.09,418.2,2281.63,-1.6,0.0, , 
,2281.94,864,82.5,5.5,10111111,2282.25,896,31.0,3.09,418.2,2282.55,-1.6,0.0, , 
,2282.87,896,82.5,14.5,10111111,2283.16,896,29.4,3.09,418.2,2283.46,-1.6,0.0, , 
,2283.77,928,82.5,0.0,10111111,2284.10,896,29.4,4.12,418.2,2284.40,-1.6,0.0, , 
,2284.71,928,82.5,2.3,10111111,2285.02,896,28.2,4.12,397.8,2285.33,-1.6,0.0, , 
,2285.63,896,82.5,3.1,10111111,2285.95,928,28.2,4.12,397.8,2286.24,-1.6,0.0, , 
,2286.54,896,82.5,3.1,10111111,2286.86,896,28.2,4.12,397.8,2287.16,-1.6,0.0, , 
,2287.46,896,82.5,2.3,10111111,2287.77,896,28.2,4.12,397.8,2288.10,-1.6,0.0, , 
,2288.38,896,82.5,1.6,10111111,2288.68,896,26.7,3.09,397.8,2288.98,-1.6,0.0, , 
,2289.29,896,82.5,0.4,10111111,2289.59,896,26.7,3.09,397.8,2289.91,-1.6,0.0, , 
,2290.24,896,82.5,-0.4,10111111,2290.56,896,26.7,3.09,397.8,2290.85,-1.6,0.0, , 
,2291.16,896,82.5,-1.2,10111111,2291.49,896,26.7,3.09,397.8,2291.81,-1.6,0.0, , 
,2292.11,896,82.5,-1.6,10111111,2292.43,896,26.7,3.09,397.8,2292.75,-1.6,0.0, , 
,2293.05,896,82.5,-2.7,10111111,2293.34,896,26.7,3.09,397.8,2293.64,-1.6,0.0, , 
,2293.94,896,82.5,-3.5,10111111,2294.24,896,26.7,3.09,397.8,2294.53,-1.6,0.0, , 
,2294.85,864,82.5,-3.9,10111111,2295.17,896,28.2,3.09,397.8,2295.48,-1.6,0.0, , 
,2295.76,864,82.5,-4.3,10111111,2296.06,896,28.2,3.09,397.8,2296.35,-1.6,0.0, , 
,2296.64,864,82.5,-4.3,10111111,2296.94,896,28.2,3.09,397.8,2297.26,-1.6,0.0, , 
,2297.57,896,82.5,-4.7,10111111,2297.86,864,28.2,3.09,397.8,2298.15,-1.6,0.0, , 
,2298.44,896,82.5,-4.7,10111111,2298.74,864,28.2,3.09,397.8,2299.06,-1.6,0.0, , 
,2299.35,864,82.5,-4.7,10111111,2299.63,864,28.2,3.09,397.8,2299.95,-1.6,0.0, , 
,2300.26,896,82.5,-4.7,10111111,2300.55,896,28.2,3.09,397.8,2300.86,-1.6,0.0, , 
,2301.17,896,82.5,-4.3,10111111,2301.49,896,28.2,3.09,397.8,2301.81,-1.6,0.0, , 
,2302.12,896,82.5,-3.9,10111111,2302.44,896,28.2,3.09,397.8,2302.74,-1.6,0.0, , 
,2303.06,864,82.5,-3.5,10111111,2303.37,896,28.2,3.09,397.8,2303.67,-1.6,0.0, , 
,2303.98,864,82.5,-4.7,10111111,2304.32,864,28.2,3.09,397.8,2304.63,-2.3,0.0, , 
,2304.95,736,84.0,-5.5,10111111,2305.22,768,29.4,4.12,418.2,2305.51,-1.6,0.0, , 
,2305.81,800,82.5,-6.3,10111111,2306.10,800,29.4,4.12,438.6,2306.39,-1.6,0.0, , 
,2306.68,768,82.5,-6.6,10111111,2306.98,800,31.0,4.12,438.6,2307.29,-1.6,0.0, , 
,2307.61,800,82.5,-6.6,10111111,2307.90,800,29.4,3.09,418.2,2308.20,-1.6,0.0, , 
,2308.50,800,82.5,-6.3,10111111,2308.79,768,29.4,3.09,418.2,2309.10,-1.6,0.0, , 
,2309.42,800,82.5,-5.9,10111111,2309.72,768,29.4,3.09,418.2,2310.02,-1.6,0.0, , 
,2310.32,800,82.5,-5.5,10111111,2310.63,800,29.4,3.09,418.2,2310.94,-1.6,0.0, , 
,2311.24,768,82.5,-5.1,10111111,2311.54,768,29.4,3.09,438.6,2311.84,-1.6,0.0, , 
,2312.14,800,82.5,-4.7,10111111,2312.43,800,29.4,3.09,418.2,2312.73,-1.6,0.0, , 
,2313.02,768,82.5,-4.3,10111111,2313.33,768,29.4,4.12,418.2,2313.62,-1.6,0.0, , 
,2313.94,768,82.5,-3.9,10111111,2314.25,800,29.4,4.12,438.6,2314.55,-1.6,0.0, , 
,2314.83,800,82.5,-3.9,10111111,2315.12,800,29.4,3.09,418.2,2315.42,-1.6,0.0, , 
,2315.72,768,82.5,-3.9,10111111,2316.01,768,29.4,3.09,438.6,2316.31,-1.6,0.0, , 
,2316.59,768,82.5,-3.9,10111111,2316.88,800,29.4,3.09,418.2,2317.18,-1.6,0.0, , 
,2317.48,800,82.5,-3.9,10111111,2317.78,800,29.4,3.09,418.2,2318.07,-1.6,0.0, , 
,2318.38,768,82.5,-4.3,10111111,2318.69,800,29.4,4.12,438.6,2318.98,-1.6,0.0, , 
,2319.27,800,82.5,-3.9,10111111,2319.59,800,29.4,4.12,418.2,2319.88,-1.6,0.0, , 
,2320.17,768,81.0,-3.9,10111111,2320.47,800,29.4,4.12,438.6,2320.75,-1.6,0.0, , 
,2321.04,768,81.0,-3.9,10111111,2321.35,768,29.4,3.09,418.2,2321.65,-1.6,0.0, , 
,2321.95,768,81.0,-3.5,10111111,2322.24,768,29.4,4.12,438.6,2322.54,-1.6,0.0, , 
,2322.84,768,81.0,-3.1,10111111,2323.14,768,29.4,3.09,438.6,2323.45,-1.6,0.0, , 
,2323.75,800,81.0,-3.1,10111111,2324.04,800,29.4,4.12,418.2,2324.35,-1.6,0.0, , 
,2324.63,768,82.5,-3.1,10111111,2324.93,768,29.4,4.12,418.2,2325.23,-1.6,0.0, , 
,2325.52,800,81.0,-3.1,10111111,2325.83,768,29.4,4.12,438.6,2326.14,-1.6,0.0, , 
,2326.43,768,81.0,-3.1,10111111,2326.73,768,29.4,4.12,418.2,2327.03,-1.6,0.0, , 
,2327.33,768,81.0,-2.7,10111111,2327.61,800,29.4,4.12,418.2,2327.90,-1.6,0.0, , 
,2328.20,768,81.0,-2.7,10111111,2328.48,768,29.4,4.12,438.6,2328.77,-1.6,0.0, , 
,2329.07,800,81.0,-2.7,10111111,2329.37,768,29.4,4.12,438.6,2329.68,-1.6,0.0, , 
,2329.97,768,81.0,-3.1,10111111,2330.28,768,31.0,4.12,438.6,2330.58,-1.6,0.0, , 
,2330.87,800,81.0,-3.1,10111111,2331.17,800,29.4,4.12,438.6,2331.48,-1.6,0.0, , 
,2331.76,768,81.0,-3.5,10111111,2332.07,768,31.0,4.12,438.6,2332.37,-1.6,0.0, , 
,2332.67,800,81.0,-3.5,10111111,2332.98,800,29.4,4.12,438.6,2333.27,-1.6,0.0, , 
,2333.58,800,81.0,-3.9,10111111,2333.87,800,29.4,4.12,418.2,2334.16,-1.6,0.0, , 
,2334.47,768,81.0,-4.7,10111111,2334.77,768,29.4,4.12,438.6,2335.08,-1.6,0.0, , 
,2335.39,800,81.0,-4.7,10111111,2335.68,768,29.4,3.09,418.2,2335.98,-1.6,0.0, , 
,2336.28,768,81.0,-4.3,10111111,2336.57,768,31.0,4.12,438.6,2336.86,-1.6,0.0, , 
,2337.16,800,81.0,-3.9,10111111,2337.45,800,29.4,3.09,418.2,2337.76,-1.6,0.0, , 
,2338.07,768,81.0,-3.9,10111111,2338.36,768,36.9,5.15,479.4,2338.68,-1.6,0.0, , 
,2338.98,1184,81.0,0.0,10101011,2339.29,1184,31.0,4.12,418.2,2339.63,-1.6,0.0, , 
,2339.96,1056,81.0,-3.9,10101011,2340.23,992,34.1,4.12,438.6,2340.55,-1.6,0.0, , 
,2340.89,960,81.0,-4.7,10101011,2341.17,992,40.0,5.15,499.8,2341.45,-1.6,0.0, , 
,2341.77,960,82.5,-2.3,10101011,2342.09,1088,42.7,5.15,520.2,2342.44,-0.8,0.0, , 
,2342.80,1376,82.5,0.0,10101011,2343.18,1632,63.5,9.27,734.4,2343.53,0.0,-1.6, , 
,2343.88,2080,82.5,0.0,10111101,2344.16,1536,0.0,0.00,377.4,2344.43,-1.6,0.0, , 
,2344.76,1024,82.5,0.0,10111111,2345.07,1024,28.2,4.12,397.8,2345.39,-1.6,0.0, , 
,2345.74,1216,82.5,0.0,10111111,2346.06,1216,20.8,3.09,316.2,2346.36,-1.6,0.0, , 
,2346.65,1184,82.5,0.0,10111111,2346.96,1152,20.8,2.06,316.2,2347.28,-1.6,0.0, , 
,2347.61,1184,82.5,-11.7,10101011,2347.93,1152,32.5,4.12,418.2,2348.26,-0.8,0.0, , 
,2348.60,1248,82.5,0.0,10101011,2348.95,1344,65.1,10.30,754.8,2349.36,-0.8,0.0, , 
,2349.69,1568,82.5,0.0,10101011,2350.05,1696,75.3,11.33,867.0,2350.40,0.0,-1.6, , 
,2350.76,1984,82.5,-5.9,10101011,2351.10,2144,84.3,11.33,928.2,2351.45,0.0,-1.6, , 
,2351.78,2432,82.5,-12.5,10101001,2352.12,2528,81.2,10.30,887.4,2352.47,0.0,-1.6, , 
,2352.83,1696,82.5,0.0,10111111,2353.20,1312,31.0,5.15,397.8,2353.53,-0.8,-1.6, , 
,2353.87,1696,82.5,0.0,10101011,2354.23,1728,50.2,7.21,591.6,2354.60,-0.8,-1.6, , 
,2354.99,1792,82.5,0.4,10101011,2355.36,1792,48.6,7.21,571.2,2355.73,0.0,-1.6, , 
,2356.11,1856,82.5,1.6,10101011,2356.47,1888,45.9,6.18,550.8,2356.83,0.0,-1.6, , 
,2357.18,1952,82.5,2.3,10101011,2357.54,1984,42.7,6.18,520.2,2357.90,0.0,-1.6, , 
,2358.25,1984,82.5,1.6,10101001,2358.59,2016,29.4,4.12,377.4,2358.95,0.0,-1.6, , 
,2359.30,2016,82.5,-5.1,10101001,2359.64,2016,28.2,3.09,377.4,2359.99,0.0,-1.6, , 
,2360.33,2016,82.5,-3.5,10101001,2360.68,2048,29.4,3.09,377.4,2361.03,0.0,-1.6, , 
,2361.38,2048,82.5,-1.2,10101001,2361.73,2048,29.4,3.09,377.4,2362.07,0.0,-1.6, , 
,2362.43,2048,82.5,-2.0,10101001,2362.78,2048,35.3,4.12,438.6,2363.14,0.0,-1.6, , 
,2363.50,2080,82.5,5.5,10101001,2363.87,2080,35.3,4.12,438.6,2364.20,0.0,-1.6, , 
,2364.54,2080,82.5,9.0,10101001,2364.90,2080,35.3,4.12,438.6,2365.27,0.0,-1.6, , 
,2365.64,2080,82.5,10.9,10101001,2365.99,2112,36.9,4.12,438.6,2366.36,0.0,-1.6, , 
,2366.71,2080,82.5,13.7,10101001,2367.04,2112,38.4,5.15,479.4,2367.41,0.0,-1.6, , 
,2367.76,2112,82.5,14.1,10101001,2368.08,2112,38.4,5.15,459.0,2368.42,0.0,-1.6, , 
,2368.74,2144,82.5,13.3,10101001,2369.11,2112,36.9,5.15,459.0,2369.46,0.0,-1.6, , 
,2369.82,2144,82.5,13.3,10101001,2370.19,2112,28.2,3.09,377.4,2370.53,0.0,-1.6, , 
,2370.89,2112,82.5,3.5,10101001,2371.22,2112,23.5,3.09,316.2,2371.55,0.0,-1.6, , 
,2371.88,2080,82.5,-5.5,10101001,2372.25,2080,26.7,3.09,357.0,2372.60,0.0,-1.6, , 
,2372.97,2080,82.5,-3.1,10101001,2373.30,2080,38.4,4.12,459.0,2373.65,0.0,-1.6, , 
,2373.99,2080,82.5,9.0,10101001,2374.34,2080,45.9,5.15,550.8,2374.69,0.0,-1.6, , 
,2375.04,2112,82.5,16.4,10101001,2375.39,2144,54.5,7.21,632.4,2375.73,0.0,-1.6, , 
,2376.06,2208,82.5,19.5,10101001,2376.39,2208,53.3,7.21,612.0,2376.73,0.0,-1.6, , 
,2377.06,2240,82.5,23.4,10101001,2377.39,2272,45.9,6.18,520.2,2377.73,0.0,-1.6, , 
,2378.07,2272,82.5,27.7,11101001,2378.42,2304,42.7,6.18,499.8,2378.75,0.0,-1.6, , 
,2379.10,2304,82.5,28.5,11101001,2379.42,2336,34.1,4.12,418.2,2379.74,0.0,-1.6, , 
,2380.09,2304,82.5,0.0,11101001,2380.44,2304,20.8,2.06,295.8,2380.77,0.0,-1.6, , 
,2381.12,2272,82.5,-5.5,11101001,2381.46,2272,20.8,2.06,295.8,2381.82,0.0,-1.6, , 
,2382.15,2240,82.5,-3.5,11101001,2382.49,2240,22.0,2.06,295.8,2382.83,0.0,-1.6, , 
,2383.16,2208,82.5,-3.9,11101001,2383.50,2208,25.1,2.06,336.6,2383.84,0.0,-1.6, , 
,2384.19,2208,82.5,7.0,11101001,2384.52,2176,40.0,4.12,479.4,2384.87,0.0,-1.6, , 
,2385.23,2176,84.0,22.3,11101001,2385.55,2176,40.0,4.12,479.4,2385.89,0.0,-1.6, , 
,2386.23,2208,82.5,30.1,11101001,2386.58,2208,40.0,5.15,479.4,2386.91,0.0,-1.6, , 
,2387.24,2240,82.5,30.9,11101001,2387.57,2272,51.8,6.18,612.0,2387.92,0.0,-1.6, , 
,2388.28,2304,82.5,30.9,11101001,2388.60,2336,50.2,7.21,591.6,2388.95,0.0,-1.6, , 
,2389.31,2368,82.5,30.5,11101001,2389.67,2400,45.9,6.18,550.8,2390.04,0.0,-1.6, , 
,2390.42,2464,82.5,29.3,11101001,2390.78,2464,44.3,6.18,499.8,2391.12,0.0,-1.6, , 
,2391.47,2496,82.5,27.0,11101001,2391.79,2496,41.2,6.18,499.8,2392.14,0.0,-1.6, , 
,2392.48,2528,82.5,19.5,11101001,2392.82,2528,42.7,6.18,499.8,2393.19,0.0,-1.6, , 
,2393.55,2560,82.5,8.2,11101001,2393.87,2592,40.0,5.15,459.0,2394.21,0.0,-1.6, , 
,2394.53,2560,82.5,1.2,11101001,2394.87,2592,36.9,5.15,438.6,2395.20,0.0,-1.6, , 
,2395.51,2592,82.5,-3.1,11101001,2395.84,2592,34.1,4.12,418.2,2396.18,0.0,-1.6, , 
,2396.52,2592,82.5,-5.1,11101001,2396.87,2624,28.2,3.09,357.0,2397.22,0.0,-1.6, , 
,2397.53,2464,82.5,0.0,11111101,2397.87,1984,0.0,0.00,275.4,2398.19,-1.6,-1.6, , 
,2398.55,1792,82.5,0.0,11101011,2398.92,1856,26.7,4.12,357.0,2399.30,0.0,-1.6, , 
,2399.65,1888,82.5,0.0,11101011,2400.03,1856,47.1,6.18,571.2,2400.40,0.0,-1.6, , 
,2400.78,1888,82.5,0.0,11101011,2401.14,1888,29.4,4.12,377.4,2401.51,0.0,-1.6, , 
,2401.87,1856,82.5,-3.9,11101011,2402.24,1856,28.2,3.09,377.4,2402.62,0.0,-1.6, , 
,2402.99,1856,82.5,-5.5,11101011,2403.38,1856,25.1,3.09,357.0,2403.75,0.0,-1.6, , 
,2404.12,1856,82.5,-7.8,11101011,2404.47,1824,23.5,3.09,336.6,2404.85,0.0,-1.6, , 
,2405.24,1824,82.5,-6.6,11101011,2405.62,1792,23.5,3.09,336.6,2406.00,0.0,-1.6, , 
,2406.36,1792,82.5,-8.6,11101011,2406.73,1792,25.1,3.09,336.6,2407.11,0.0,-1.6, , 
,2407.49,1792,82.5,-4.3,11101011,2407.85,1792,23.5,3.09,336.6,2408.21,-1.6,0.0, , 
,2408.50,992,82.5,0.0,11111111,2408.82,1056,29.4,4.12,397.8,2409.15,-1.6,0.0, , 
,2409.48,1152,82.5,0.0,11111111,2409.81,1056,23.5,3.09,336.6,2410.12,-1.6,0.0, , 
,2410.42,896,82.5,0.0,11111111,2410.74,864,26.7,3.09,377.4,2411.04,-1.6,0.0, , 
,2411.36,896,82.5,1.2,11111111,2411.66,864,28.2,3.09,397.8,2411.96,-1.6,0.0, , 
,2412.28,896,82.5,3.9,11111111,2412.59,896,26.7,3.09,397.8,2412.89,-1.6,0.0, , 
,2413.21,896,82.5,6.6,11111111,2413.51,896,28.2,3.09,397.8,2413.81,-1.6,0.0, , 
,2414.11,896,82.5,8.2,11111111,2414.43,896,26.7,3.09,397.8,2414.74,-1.6,0.0, , 
,2415.06,896,82.5,0.0,11111111,2415.37,896,26.7,3.09,397.8,2415.67,-1.6,0.0, , 
,2415.98,896,82.5,0.4,11111111,2416.29,896,26.7,3.09,377.4,2416.61,-1.6,0.0, , 
,2416.92,896,82.5,0.4,11111111,2417.23,896,26.7,3.09,397.8,2417.54,-1.6,0.0, , 
,2417.86,896,82.5,0.4,11111111,2418.16,896,26.7,3.09,397.8,2418.46,-1.6,0.0, , 
,2418.79,896,82.5,0.4,11111111,2419.11,896,26.7,3.09,377.4,2419.41,-1.6,0.0, , 
,2419.71,896,82.5,0.0,11111111,2420.01,864,26.7,3.09,377.4,2420.32,-1.6,0.0, , 
,2420.63,896,82.5,-0.4,11111111,2420.96,896,26.7,3.09,377.4,2421.27,-1.6,0.0, , 
,2421.59,896,82.5,-1.2,10111111,2421.90,896,26.7,3.09,397.8,2422.23,-1.6,0.0, , 
,2422.53,896,82.5,-0.8,10111111,2422.82,896,26.7,3.09,397.8,2423.13,-1.6,0.0, , 
,2423.43,896,82.5,-1.2,10111111,2423.72,896,26.7,3.09,397.8,2424.01,-1.6,0.0, , 
,2424.31,864,82.5,-1.2,10111111,2424.61,896,26.7,3.09,397.8,2424.90,-1.6,0.0, , 
,2425.20,896,82.5,-0.8,10111111,2425.51,896,28.2,3.09,397.8,2425.82,-1.6,0.0, , 
,2426.14,896,82.5,-0.4,10111111,2426.45,896,26.7,3.09,397.8,2426.76,-1.6,0.0, , 
,2427.06,896,82.5,-0.4,10111111,2427.37,896,26.7,3.09,397.8,2427.66,-1.6,0.0, , 
,2427.96,896,82.5,0.0,10111111,2428.26,896,26.7,3.09,397.8,2428.56,-1.6,0.0, , 
,2428.87,896,82.5,0.0,10111111,2429.17,864,26.7,3.09,397.8,2429.50,-1.6,0.0, , 
,2429.81,896,82.5,0.0,10111111,2430.12,864,28.2,3.09,397.8,2430.43,-1.6,0.0, , 
,2430.73,896,82.5,0.0,10111111,2431.04,896,26.7,3.09,397.8,2431.36,-1.6,0.0, , 
,2431.66,896,82.5,0.0,10111111,2431.96,896,26.7,3.09,397.8,2432.25,-1.6,0.0, , 
,2432.54,896,82.5,0.4,10111111,2432.86,864,26.7,3.09,397.8,2433.16,-1.6,0.0, , 
,2433.46,864,82.5,0.4,10111111,2433.77,864,25.1,3.09,377.4,2434.09,-2.3,0.0, , 
,2434.36,736,82.5,0.0,10111111,2434.66,768,29.4,4.12,418.2,2434.96,-1.6,0.0, , 
,2435.26,800,84.0,-0.4,10111111,2435.56,768,29.4,3.09,418.2,2435.86,-1.6,0.0, , 
,2436.17,800,82.5,-0.4,10111111,2436.47,768,28.2,3.09,418.2,2436.75,-2.3,0.0, , 
,2437.05,800,82.5,0.0,10111111,2437.34,800,28.2,4.12,418.2,2437.65,-1.6,0.0, , 
,2437.94,800,82.5,0.4,10111111,2438.23,800,28.2,4.12,418.2,2438.54,-1.6,0.0, , 
,2438.82,768,82.5,0.8,10111111,2439.12,768,28.2,4.12,418.2,2439.43,-1.6,0.0, , 
,2439.73,800,82.5,0.8,10111111,2440.04,800,28.2,4.12,418.2,2440.34,-1.6,0.0, , 
,2440.64,768,82.5,0.4,10111111,2440.95,768,29.4,4.12,418.2,2441.26,-1.6,0.0, , 
,2441.55,800,82.5,0.0,10111111,2441.86,768,29.4,4.12,418.2,2442.15,-1.6,0.0, , 
,2442.45,800,82.5,0.0,10111111,2442.76,768,28.2,3.09,418.2,2443.05,-1.6,0.0, , 
,2443.35,800,82.5,0.0,10111111,2443.66,768,28.2,3.09,418.2,2443.96,-2.3,0.0, , 
,2444.26,768,82.5,0.0,10111111,2444.56,768,28.2,3.09,418.2,2444.85,-1.6,0.0, , 
,2445.16,768,82.5,0.0,10111111,2445.46,768,29.4,4.12,418.2,2445.76,-1.6,0.0, , 
,2446.05,800,82.5,-0.4,10111111,2446.36,768,28.2,4.12,418.2,2446.65,-2.3,0.0, , 
,2446.95,768,82.5,-0.4,10111111,2447.25,800,29.4,4.12,418.2,2447.54,-1.6,0.0, , 
,2447.84,800,82.5,0.0,10111111,2448.14,768,29.4,4.12,418.2,2448.45,-1.6,0.0, , 
,2448.76,800,82.5,0.0,10111111,2449.06,768,29.4,4.12,418.2,2449.36,-1.6,0.0, , 
,2449.65,800,82.5,0.0,10111111,2449.95,800,28.2,3.09,418.2,2450.25,-1.6,0.0, , 
,2450.55,800,82.5,0.0,10111111,2450.85,800,28.2,3.09,418.2,2451.16,-2.3,0.0, , 
,2451.46,768,82.5,0.0,10111111,2451.75,768,28.2,3.09,418.2,2452.05,-1.6,0.0, , 
,2452.34,800,82.5,-0.4,10111111,2452.65,800,28.2,4.12,418.2,2452.95,-1.6,0.0, , 
,2453.25,768,82.5,-0.8,10111111,2453.54,800,29.4,4.12,418.2,2453.84,-1.6,0.0, , 
,2454.14,800,82.5,-0.8,10111111,2454.45,800,29.4,4.12,418.2,2454.75,-2.3,0.0, , 
,2455.05,800,82.5,-0.8,10111111,2455.35,800,29.4,4.12,418.2,2455.66,-2.3,0.0, , 
,2455.96,768,82.5,-1.2,10111111,2456.26,768,29.4,3.09,418.2,2456.57,-1.6,0.0, , 
,2456.87,768,82.5,-1.2,10111111,2457.19,768,29.4,3.09,418.2,2457.48,-1.6,0.0, , 
,2457.78,768,82.5,-1.2,10111111,2458.09,800,29.4,4.12,418.2,2458.39,-1.6,0.0, , 
,2458.68,768,82.5,-1.2,10111111,2458.98,800,29.4,4.12,418.2,2459.26,-1.6,0.0, , 
,2459.55,800,82.5,-1.6,10111111,2459.85,768,29.4,4.12,418.2,2460.15,-1.6,0.0, , 
,2460.45,800,82.5,-2.3,10111111,2460.73,768,29.4,4.12,418.2,2461.04,-1.6,0.0, , 
,2461.34,800,82.5,-2.3,10111111,2461.65,800,29.4,4.12,438.6,2461.95,-1.6,0.0, , 
,2462.26,800,82.5,-2.7,10111111,2462.56,800,29.4,4.12,438.6,2462.87,-1.6,0.0, , 
,2463.19,768,81.0,-3.1,10111111,2463.48,768,29.4,4.12,438.6,2463.78,-1.6,0.0, , 
,2464.08,768,82.5,-3.1,10111111,2464.37,800,29.4,4.12,438.6,2464.64,-1.6,0.0, , 
,2464.94,800,82.5,-3.1,10111111,2465.23,800,29.4,4.12,438.6,2465.54,-1.6,0.0, , 
,2465.84,800,82.5,-3.1,10111111,2466.13,800,29.4,4.12,438.6,2466.43,-1.6,0.0, , 
,2466.72,800,82.5,-2.7,10111111,2467.01,768,29.4,4.12,438.6,2467.31,-1.6,0.0, , 
,2467.60,800,82.5,-2.7,10111111,2467.93,800,29.4,4.12,418.2,2468.24,-1.6,0.0, , 
,2468.53,800,82.5,-2.7,10111111,2468.83,768,29.4,4.12,438.6,2469.13,-1.6,0.0, , 
,2469.43,768,82.5,-2.7,10111111,2469.73,768,29.4,4.12,438.6,2470.04,-1.6,0.0, , 
,2470.33,800,82.5,-2.7,10111111,2470.63,800,29.4,4.12,418.2,2470.93,-1.6,0.0, , 
,2471.23,800,82.5,-2.7,10111111,2471.53,800,29.4,4.12,418.2,2471.83,-1.6,0.0, , 
,2472.13,800,82.5,-2.7,10111111,2472.43,800,29.4,4.12,438.6,2472.73,-1.6,0.0, , 
,2473.02,800,82.5,-2.3,10111111,2473.31,800,29.4,4.12,438.6,2473.62,-1.6,0.0, , 
,2473.93,768,82.5,-2.3,10111111,2474.23,800,29.4,4.12,438.6,2474.52,-1.6,0.0, , 
,2474.83,800,82.5,-2.7,10111111,2475.12,768,29.4,4.12,418.2,2475.41,-1.6,0.0, , 
,2475.71,768,82.5,-2.7,10111111,2476.02,768,29.4,4.12,438.6,2476.32,-1.6,0.0, , 
,2476.62,768,82.5,-2.7,10111111,2476.91,800,31.0,4.12,438.6,2477.21,-1.6,0.0, , 
,2477.52,800,82.5,-3.1,10111111,2477.82,768,29.4,3.09,418.2,2478.13,-1.6,0.0, , 
,2478.44,800,82.5,-3.1,10111111,2478.73,768,29.4,4.12,438.6,2479.02,-1.6,0.0, , 
,2479.32,800,82.5,-3.1,10111111,2479.63,800,29.4,4.12,438.6,2479.92,-1.6,0.0, , 
,2480.22,768,82.5,-2.7,10111111,2480.51,768,29.4,4.12,438.6,2480.82,-1.6,0.0, , 
,2481.11,768,82.5,-2.7,10111111,2481.39,800,29.4,4.12,438.6,2481.68,-1.6,0.0, , 
,2481.98,800,82.5,-2.7,10111111,2482.27,800,29.4,4.12,418.2,2482.58,-1.6,0.0, , 
,2482.88,800,82.5,-3.1,10111111,2483.18,800,29.4,4.12,438.6,2483.48,-1.6,0.0, , 
,2483.78,768,82.5,-3.5,10111111,2484.07,800,31.0,4.12,438.6,2484.38,-1.6,0.0, , 
,2484.67,800,84.0,-3.5,10111111,2484.98,800,31.0,4.12,438.6,2485.28,-1.6,0.0, , 
,2485.58,800,84.0,-3.1,10111111,2485.89,800,29.4,4.12,438.6,2486.18,-1.6,0.0, , 
,2486.48,800,84.0,-3.1,10111111,2486.78,800,31.0,4.12,438.6,2487.08,-1.6,0.0, , 
,2487.37,800,84.0,-3.1,10111111,2487.67,768,29.4,4.12,438.6,2487.98,-1.6,0.0, , 
,2488.30,800,84.0,-3.1,10111111,2488.59,800,29.4,4.12,438.6,2488.89,-1.6,0.0, , 
,2489.19,768,84.0,-3.1,10111111,2489.50,768,31.0,4.12,438.6,2489.80,-1.6,0.0, , 
,2490.09,800,84.0,-3.5,10111111,2490.39,768,29.4,4.12,438.6,2490.69,-1.6,0.0, , 
,2490.98,800,84.0,-3.5,10111111,2491.29,800,29.4,4.12,438.6,2491.59,-1.6,0.0, , 
,2491.90,800,84.0,-3.9,10111111,2492.22,768,31.0,4.12,438.6,2492.52,-1.6,0.0, , 
,2492.82,800,84.0,-3.5,10111111,2493.13,800,29.4,3.09,438.6,2493.44,-1.6,0.0, , 
,2493.73,768,84.0,-3.5,10111111,2494.04,800,29.4,4.12,438.6,2494.33,-1.6,0.0, , 
,2494.62,768,84.0,-3.5,10111111,2494.93,768,31.0,4.12,438.6,2495.23,-1.6,0.0, , 
,2495.53,800,84.0,-3.5,10111111,2495.83,768,31.0,4.12,438.6,2496.12,-1.6,0.0, , 
,2496.42,768,84.0,-3.5,10111111,2496.73,768,31.0,4.12,438.6,2497.03,-1.6,0.0, , 
,2497.33,800,84.0,-3.5,10111111,2497.62,768,31.0,4.12,438.6,2497.92,-1.6,0.0, , 
,2498.24,800,84.0,-3.1,10111111,2498.53,768,29.4,4.12,438.6,2498.83,-1.6,0.0, , 
,2499.13,768,84.0,-3.1,10111111,2499.43,768,31.0,4.12,438.6,2499.74,-1.6,0.0, , 
,2500.05,800,84.0,-3.1,10111111,2500.36,800,31.0,4.12,438.6,2500.67,-1.6,0.0, , 
,2500.97,768,84.0,-3.5,10111111,2501.25,800,31.0,4.12,438.6,2501.54,-1.6,0.0, , 
,2501.86,800,84.0,-3.5,10111111,2502.15,800,31.0,4.12,438.6,2502.46,-1.6,0.0, , 
,2502.76,768,84.0,-3.5,10111111,2503.05,800,31.0,4.12,438.6,2503.35,-1.6,0.0, , 
,2503.65,800,84.0,-3.9,10111111,2503.95,800,31.0,4.12,438.6,2504.25,-1.6,0.0, , 
,2504.53,768,84.0,-4.3,10111111,2504.82,768,31.0,4.12,438.6,2505.13,-1.6,0.0, , 
,2505.43,800,85.5,-4.3,10111111,2505.72,800,31.0,4.12,438.6,2506.02,-1.6,0.0, , 
,2506.32,800,85.5,-3.9,10111111,2506.62,800,31.0,4.12,438.6,2506.92,-1.6,0.0, , 
,2507.21,800,84.0,-3.9,10111111,2507.53,800,29.4,4.12,438.6,2507.83,-1.6,0.0, , 
,2508.14,800,84.0,-3.9,10111111,2508.46,768,31.0,4.12,438.6,2508.76,-1.6,0.0, , 
,2509.06,768,84.0,-3.9,10111111,2509.35,768,31.0,4.12,438.6,2509.65,-1.6,0.0, , 
,2509.95,768,84.0,-3.9,10111111,2510.25,800,31.0,4.12,438.6,2510.54,-1.6,0.0, , 
,2510.84,800,84.0,-4.3,10111111,2511.14,768,29.4,4.12,438.6,2511.44,-1.6,0.0, , 
,2511.73,768,84.0,-4.7,10111111,2512.04,800,31.0,4.12,438.6,2512.35,-1.6,0.0, , 
,2512.66,768,85.5,-5.1,10111111,2512.97,800,29.4,4.12,438.6,2513.25,-1.6,0.0, , 
,2513.54,800,84.0,-5.1,10111111,2513.84,800,29.4,3.09,438.6,2514.14,-1.6,0.0, , 
,2514.43,768,85.5,-5.1,10111111,2514.74,768,29.4,3.09,438.6,2515.04,-1.6,0.0, , 
,2515.33,800,85.5,-4.3,10111111,2515.62,800,29.4,4.12,438.6,2515.93,-1.6,0.0, , 
,2516.24,800,85.5,-4.3,10111111,2516.55,768,29.4,3.09,438.6,2516.84,-1.6,0.0, , 
,2517.15,800,85.5,-4.3,10111111,2517.45,768,29.4,4.12,438.6,2517.75,-1.6,0.0, , 
,2518.03,800,85.5,-3.9,10111111,2518.32,800,29.4,4.12,418.2,2518.62,-1.6,0.0, , 
,2518.93,800,85.5,-3.9,10111111,2519.24,800,29.4,4.12,438.6,2519.54,-1.6,0.0, , 
,2519.84,768,85.5,-3.5,10111111,2520.15,800,29.4,4.12,438.6,2520.46,-1.6,0.0, , 
,2520.75,768,85.5,-3.5,10111111,2521.03,800,29.4,4.12,438.6,2521.33,-1.6,0.0, , 
,2521.63,800,85.5,-3.5,10111111,2521.93,800,29.4,3.09,438.6,2522.24,-1.6,0.0, , 
,2522.54,800,85.5,-3.5,10111111,2522.84,768,29.4,3.09,438.6,2523.14,-1.6,0.0, , 
,2523.45,800,85.5,-3.1,10111111,2523.75,768,29.4,4.12,438.6,2524.05,-1.6,0.0, , 
,2524.35,768,85.5,-3.5,10111111,2524.65,800,29.4,4.12,418.2,2524.95,-1.6,0.0, , 
,2525.25,768,85.5,-3.9,10111111,2525.56,800,29.4,4.12,438.6,2525.85,-1.6,0.0, , 
,2526.15,800,85.5,-3.9,10111111,2526.44,768,29.4,3.09,418.2,2526.75,-1.6,0.0, , 
,2527.04,768,85.5,-3.9,10111111,2527.35,800,29.4,3.09,418.2,2527.65,-1.6,0.0, , 
,2527.95,800,85.5,-3.9,10111111,2528.24,768,29.4,3.09,438.6,2528.54,-1.6,0.0, , 
,2528.85,800,85.5,-3.5,10111111,2529.15,800,29.4,3.09,418.2,2529.46,-1.6,0.0, , 
,2529.77,800,85.5,-3.5,10111111,2530.08,800,29.4,3.09,418.2,2530.37,-1.6,0.0, , 
,2530.67,800,85.5,-3.5,10111111,2530.97,800,29.4,3.09,418.2,2531.27,-1.6,0.0, , 
,2531.58,800,85.5,-4.3,10111111,2531.88,768,29.4,3.09,438.6,2532.17,-1.6,0.0, , 
,2532.47,800,85.5,-4.3,10111111,2532.77,800,29.4,3.09,418.2,2533.08,-1.6,0.0, , 
,2533.37,800,85.5,-4.3,10111111,2533.69,800,29.4,4.12,438.6,2533.97,-1.6,0.0, , 
,2534.25,768,85.5,-4.3,10111111,2534.54,800,29.4,3.09,418.2,2534.85,-1.6,0.0, , 
,2535.16,768,85.5,-4.3,10111111,2535.44,768,29.4,3.09,438.6,2535.73,-1.6,0.0, , 
,2536.03,768,85.5,-4.3,10111111,2536.33,768,29.4,3.09,418.2,2536.63,-1.6,0.0, , 
,2536.92,768,85.5,-4.7,10111111,2537.23,800,29.4,3.09,438.6,2537.53,-1.6,0.0, , 
,2537.83,768,85.5,-4.7,10111111,2538.13,800,29.4,3.09,418.2,2538.43,-1.6,0.0, , 
,2538.73,800,85.5,-4.3,10111111,2539.03,800,29.4,4.12,438.6,2539.32,-1.6,0.0, , 
,2539.62,800,85.5,-4.3,10111111,2539.91,800,29.4,3.09,418.2,2540.19,-1.6,0.0, , 
,2540.47,800,85.5,-4.3,10111111,2540.77,800,29.4,3.09,418.2,2541.07,-1.6,0.0, , 
,2541.38,800,85.5,-4.3,10111111,2541.68,800,29.4,3.09,418.2,2541.99,-1.6,0.0, , 
,2542.29,800,85.5,-3.5,10111111,2542.59,800,29.4,3.09,418.2,2542.88,-1.6,0.0, , 
,2543.19,800,85.5,-3.1,10111111,2543.48,800,29.4,3.09,418.2,2543.78,-1.6,0.0, , 
,2544.08,800,85.5,-3.1,10111111,2544.37,800,29.4,3.09,418.2,2544.68,-1.6,0.0, , 
,2544.98,800,85.5,-2.7,10111111,2545.27,800,29.4,4.12,418.2,2545.57,-2.3,0.0, , 
,2545.86,768,85.5,-2.3,10111111,2546.14,800,29.4,4.12,418.2,2546.43,-1.6,0.0, , 
,2546.73,768,85.5,-2.3,10111111,2547.03,768,29.4,4.12,418.2,2547.34,-1.6,0.0, , 
,2547.64,800,85.5,-2.7,10111111,2547.94,800,29.4,4.12,418.2,2548.22,-1.6,0.0, , 
,2548.52,768,85.5,-2.7,10111111,2548.83,800,29.4,3.09,418.2,2549.13,-1.6,0.0, , 
,2549.43,768,85.5,-2.7,10111111,2549.73,800,29.4,3.09,438.6,2550.03,-1.6,0.0, , 
,2550.33,800,85.5,-2.7,10111111,2550.63,800,29.4,3.09,418.2,2550.93,-1.6,0.0, , 
,2551.23,800,87.0,-3.1,10111111,2551.53,800,29.4,3.09,418.2,2551.84,-1.6,0.0, , 
,2552.14,800,87.0,-3.5,10111111,2552.42,768,29.4,3.09,418.2,2552.73,-1.6,0.0, , 
,2553.03,768,87.0,-3.5,10111111,2553.31,768,29.4,4.12,418.2,2553.60,-1.6,0.0, , 
,2553.90,800,87.0,-3.5,10111111,2554.19,800,29.4,3.09,438.6,2554.49,-1.6,0.0, , 
,2554.80,768,87.0,-3.5,10111111,2555.10,800,29.4,3.09,418.2,2555.41,-1.6,0.0, , 
,2555.69,800,87.0,-3.1,10111111,2555.98,768,29.4,3.09,418.2,2556.28,-1.6,0.0, , 
,2556.57,768,87.0,-3.1,10111111,2556.88,800,29.4,3.09,418.2,2557.18,-1.6,0.0, , 
,2557.47,768,87.0,-3.1,10111111,2557.76,768,29.4,4.12,438.6,2558.06,-1.6,0.0, , 
,2558.34,800,87.0,-3.1,10111111,2558.63,800,29.4,4.12,418.2,2558.93,-1.6,0.0, , 
,2559.23,800,87.0,-3.1,10111111,2559.53,800,29.4,4.12,438.6,2559.83,-1.6,0.0, , 
,2560.14,768,87.0,-2.7,10111111,2560.43,800,29.4,3.09,418.2,2560.73,-1.6,0.0, , 
,2561.02,800,87.0,-3.1,10111111,2561.34,768,29.4,3.09,438.6,2561.64,-1.6,0.0, , 
,2561.92,768,87.0,-3.5,10111111,2562.22,800,29.4,3.09,418.2,2562.52,-1.6,0.0, , 
,2562.83,800,87.0,-3.5,10111111,2563.14,768,29.4,4.12,438.6,2563.44,-1.6,0.0, , 
,2563.74,800,87.0,-3.5,10111111,2564.04,800,29.4,4.12,438.6,2564.34,-1.6,0.0, , 
,2564.64,800,87.0,-3.9,10111111,2564.93,800,29.4,4.12,418.2,2565.23,-1.6,0.0, , 
,2565.54,768,87.0,-3.5,10111111,2565.84,768,29.4,4.12,438.6,2566.14,-1.6,0.0, , 
,2566.45,800,87.0,-3.1,10111111,2566.75,800,29.4,4.12,438.6,2567.04,-1.6,0.0, , 
,2567.34,800,87.0,-3.5,10111111,2567.63,800,29.4,4.12,418.2,2567.93,-1.6,0.0, , 
,2568.22,800,87.0,-3.9,10111111,2568.50,800,29.4,3.09,438.6,2568.78,-1.6,0.0, , 
,2569.07,800,87.0,-3.9,10111111,2569.37,800,29.4,3.09,438.6,2569.68,-1.6,0.0, , 
,2569.99,768,87.0,-3.9,10111111,2570.29,800,29.4,4.12,438.6,2570.59,-1.6,0.0, , 
,2570.89,800,87.0,-3.5,10111111,2571.19,800,29.4,4.12,418.2,2571.48,-1.6,0.0, , 
,2571.80,800,87.0,-3.5,10111111,2572.09,768,29.4,4.12,438.6,2572.39,-1.6,0.0, , 
,2572.70,800,87.0,-3.9,10111111,2572.99,800,29.4,4.12,438.6,2573.30,-1.6,0.0, , 
,2573.60,768,87.0,-3.9,10111111,2573.91,768,29.4,4.12,438.6,2574.22,-1.6,0.0, , 
,2574.52,800,87.0,-3.5,10111111,2574.81,800,29.4,3.09,418.2,2575.10,-1.6,0.0, , 
,2575.42,800,87.0,-4.3,10111111,2575.71,800,29.4,3.09,418.2,2576.01,-1.6,0.0, , 
,2576.32,768,87.0,-3.9,10111111,2576.63,768,29.4,3.09,438.6,2576.93,-1.6,0.0, , 
,2577.23,800,87.0,-3.9,10111111,2577.52,800,29.4,4.12,438.6,2577.83,-1.6,0.0, , 
,2578.13,800,87.0,-3.9,10111111,2578.43,768,29.4,4.12,438.6,2578.73,-1.6,0.0, , 
,2579.02,800,87.0,-3.5,10111111,2579.32,800,29.4,4.12,438.6,2579.63,-1.6,0.0, , 
,2579.92,800,87.0,-3.5,10111111,2580.23,768,29.4,4.12,418.2,2580.52,-1.6,0.0, , 
,2580.83,768,87.0,-3.5,10111111,2581.14,768,29.4,4.12,438.6,2581.44,-1.6,0.0, , 
,2581.73,800,87.0,-3.9,10111111,2582.03,800,29.4,3.09,418.2,2582.33,-1.6,0.0, , 
,2582.62,768,87.0,-4.3,10111111,2582.92,800,29.4,3.09,438.6,2583.22,-1.6,0.0, , 
,2583.53,800,87.0,-4.3,10111111,2583.82,800,29.4,3.09,438.6,2584.13,-1.6,0.0, , 
,2584.43,800,87.0,-4.3,10111111,2584.73,768,29.4,3.09,438.6,2585.02,-1.6,0.0, , 
,2585.32,800,87.0,-3.9,10111111,2585.63,800,29.4,4.12,438.6,2585.93,-1.6,0.0, , 
,2586.25,800,87.0,-3.9,10111111,2586.56,768,29.4,4.12,438.6,2586.85,-1.6,0.0, , 
,2587.15,768,87.0,-3.9,10111111,2587.45,800,29.4,4.12,438.6,2587.73,-1.6,0.0, , 
,2588.05,768,87.0,-3.5,10111111,2588.33,768,29.4,4.12,438.6,2588.62,-1.6,0.0, , 
,2588.92,800,87.0,-3.9,10111111,2589.23,800,29.4,3.09,418.2,2589.52,-1.6,0.0, , 
,2589.83,800,87.0,-3.5,10111111,2590.12,800,29.4,3.09,418.2,2590.43,-1.6,0.0, , 
,2590.74,800,87.0,-3.1,10111111,2591.05,800,29.4,3.09,418.2,2591.34,-1.6,0.0, , 
,2591.65,768,87.0,-2.7,10111111,2591.95,800,29.4,4.12,438.6,2592.24,-1.6,0.0, , 
,2592.54,768,87.0,-2.7,10111111,2592.84,768,29.4,4.12,438.6,2593.14,-1.6,0.0, , 
,2593.44,800,87.0,-2.3,10111111,2593.74,768,29.4,4.12,438.6,2594.04,-1.6,0.0, , 
,2594.33,768,87.0,-2.7,10111111,2594.63,768,29.4,4.12,438.6,2594.93,-1.6,0.0, , 
,2595.23,800,87.0,-2.3,10111111,2595.53,800,29.4,4.12,418.2,2595.82,-1.6,0.0, , 
,2596.13,800,87.0,-2.3,10111111,2596.43,800,29.4,4.12,418.2,2596.74,-1.6,0.0, , 
,2597.03,768,87.0,-2.3,10111111,2597.33,800,29.4,4.12,418.2,2597.63,-1.6,0.0, , 
,2597.93,800,87.0,-2.3,10111111,2598.23,768,29.4,3.09,418.2,2598.53,-1.6,0.0, , 
,2598.84,800,87.0,-2.3,10111111,2599.14,800,29.4,3.09,418.2,2599.44,-1.6,0.0, , 
,2599.73,800,87.0,-2.7,10111111,2600.05,800,29.4,4.12,418.2,2600.33,-1.6,0.0, , 
,2600.62,768,87.0,-3.1,10111111,2600.93,800,29.4,4.12,418.2,2601.22,-1.6,0.0, , 
,2601.52,800,87.0,-3.1,10111111,2601.82,768,28.2,3.09,418.2,2602.11,-1.6,0.0, , 
,2602.40,768,87.0,-3.1,10111111,2602.70,768,29.4,3.09,418.2,2603.01,-1.6,0.0, , 
,2603.32,768,87.0,-2.7,10111111,2603.63,768,29.4,3.09,418.2,2603.92,-1.6,0.0, , 
,2604.21,800,87.0,-2.7,10111111,2604.51,800,29.4,3.09,418.2,2604.81,-1.6,0.0, , 
,2605.11,800,87.0,-3.1,10111111,2605.39,800,29.4,3.09,418.2,2605.68,-1.6,0.0, , 
,2605.98,800,87.0,-2.7,10111111,2606.28,800,29.4,3.09,418.2,2606.58,-1.6,0.0, , 
,2606.88,800,87.0,-2.7,10111111,2607.19,768,29.4,4.12,418.2,2607.48,-1.6,0.0, , 
,2607.78,800,87.0,-2.7,10111111,2608.08,768,29.4,4.12,418.2,2608.37,-1.6,0.0, , 
,2608.66,800,87.0,-2.3,10111111,2608.95,768,29.4,3.09,418.2,2609.25,-1.6,0.0, , 
,2609.54,768,87.0,-2.3,10111111,2609.85,800,29.4,3.09,418.2,2610.16,-1.6,0.0, , 
,2610.45,768,87.0,-2.3,10111111,2610.75,800,28.2,3.09,418.2,2611.04,-1.6,0.0, , 
,2611.34,768,87.0,-2.3,10111111,2611.64,768,29.4,3.09,418.2,2611.94,-1.6,0.0, , 
,2612.23,800,87.0,-2.7,10111111,2612.53,800,29.4,3.09,418.2,2612.83,-1.6,0.0, , 
,2613.13,768,87.0,-2.7,10111111,2613.43,768,29.4,3.09,418.2,2613.74,-2.3,0.0, , 
,2614.04,768,88.5,-2.7,10111111,2614.34,768,29.4,4.12,418.2,2614.63,-1.6,0.0, , 
,2614.93,768,87.0,-2.7,10111111,2615.23,768,29.4,3.09,418.2,2615.53,-1.6,0.0, , 
,2615.83,768,87.0,-2.7,10111111,2616.13,800,29.4,4.12,418.2,2616.44,-1.6,0.0, , 
,2616.73,768,87.0,-2.7,10111111,2617.02,768,29.4,3.09,418.2,2617.33,-1.6,0.0, , 
,2617.62,768,88.5,-3.1,10111111,2617.91,768,29.4,3.09,438.6,2618.20,-1.6,0.0, , 
,2618.50,800,88.5,-2.7,10111111,2618.80,800,29.4,3.09,418.2,2619.09,-1.6,0.0, , 
,2619.40,800,88.5,-2.7,10111111,2619.70,800,29.4,4.12,418.2,2620.01,-1.6,0.0, , 
,2620.31,800,88.5,-2.3,10111111,2620.61,800,29.4,4.12,418.2,2620.90,-1.6,0.0, , 
,2621.20,800,88.5,-2.3,10111111,2621.50,800,29.4,4.12,418.2,2621.79,-1.6,0.0, , 
,2622.10,800,88.5,-2.7,10111111,2622.41,768,29.4,3.09,418.2,2622.72,-1.6,0.0, , 
,2623.01,800,88.5,-2.7,10111111,2623.31,800,29.4,4.12,438.6,2623.61,-1.6,0.0, , 
,2623.91,800,88.5,-2.7,10111111,2624.22,768,29.4,3.09,418.2,2624.51,-1.6,0.0, , 
,2624.82,800,88.5,-2.7,10111111,2625.16,768,29.4,3.09,438.6,2625.45,-1.6,0.0, , 
,2625.75,768,88.5,-2.3,10111111,2626.05,768,29.4,4.12,438.6,2626.34,-1.6,0.0, , 
,2626.64,768,88.5,-2.3,10111111,2626.95,768,29.4,3.09,418.2,2627.26,-1.6,0.0, , 
,2627.56,800,88.5,-2.3,10111111,2627.86,800,29.4,4.12,438.6,2628.15,-1.6,0.0, , 
,2628.45,768,88.5,-2.3,10111111,2628.75,800,29.4,4.12,438.6,2629.03,-1.6,0.0, , 
,2629.32,768,88.5,-2.7,10111111,2629.62,768,29.4,4.12,418.2,2629.92,-1.6,0.0, , 
,2630.21,800,88.5,-2.7,10111111,2630.51,800,28.2,3.09,418.2,2630.81,-1.6,0.0, , 
,2631.11,864,88.5,0.0,10101011,2631.43,1312,53.3,8.24,652.8,2631.80,-0.8,0.0, , 
,2632.12,1312,88.5,-4.3,10101011,2632.43,1248,51.8,7.21,632.4,2632.79,-0.8,0.0, , 
,2633.12,1120,88.5,-3.9,10101011,2633.45,1280,48.6,6.18,612.0,2633.73,-0.8,0.0, , 
,2634.12,1600,88.5,-3.1,10101011,2634.49,1728,38.4,5.15,479.4,2634.86,0.0,-1.6, , 
,2635.22,1920,88.5,-3.1,10101011,2635.56,1984,28.2,3.09,377.4,2635.90,0.0,-1.6, , 
,2636.25,2048,88.5,-6.3,10101001,2636.57,1920,0.0,0.00,295.8,2636.89,-1.6,0.0, , 
,2637.23,992,88.5,0.0,10111111,2637.56,1024,28.2,4.12,397.8,2637.86,-1.6,0.0, , 
,2638.20,1088,88.5,0.0,10101011,2638.52,1184,26.7,3.09,377.4,2638.84,-1.6,0.0, , 
,2639.16,1280,88.5,0.0,10111111,2639.47,1312,22.0,3.09,336.6,2639.78,-1.6,0.0, , 
,2640.10,1184,88.5,-2.0,10111111,2640.42,1088,25.1,3.09,357.0,2640.73,-1.6,0.0, , 
,2641.05,896,88.5,-1.6,10111111,2641.34,896,28.2,3.09,397.8,2641.63,-1.6,0.0, , 
,2641.94,800,88.5,0.0,10101011,2642.22,672,40.0,5.15,520.2,2642.51,-1.6,0.0, , 
,2642.83,896,88.5,0.0,10101011,2643.10,800,40.0,5.15,520.2,2643.41,-1.6,0.0, , 
,2643.73,704,88.5,-3.1,10101011,2644.05,736,48.6,6.18,632.4,2644.35,-1.6,0.0, , 
,2644.65,768,88.5,-8.2,10101011,2644.94,832,42.7,5.15,571.2,2645.25,-1.6,0.0, , 
,2645.55,928,88.5,-7.8,10111111,2645.83,896,28.2,3.09,397.8,2646.14,-1.6,0.0, , 
,2646.43,896,88.5,-7.4,10111111,2646.75,896,29.4,3.09,418.2,2647.06,-1.6,0.0, , 
,2647.37,896,88.5,-5.1,10111111,2647.70,896,29.4,4.12,418.2,2648.00,-1.6,0.0, , 
,2648.29,896,88.5,-3.5,10111111,2648.61,896,28.2,3.09,397.8,2648.89,-1.6,0.0, , 
,2649.20,896,88.5,-1.6,10101011,2649.52,1024,29.4,4.12,397.8,2649.83,-1.6,0.0, , 
,2650.14,1088,88.5,0.0,10101011,2650.46,1152,25.1,3.09,357.0,2650.78,-1.6,0.0, , 
,2651.10,1280,88.5,0.0,10111111,2651.42,1216,23.5,3.09,336.6,2651.74,-1.6,0.0, , 
,2652.04,1024,88.5,-3.1,10111111,2652.36,960,26.7,3.09,377.4,2652.67,-1.6,0.0, , 
,2652.98,864,88.5,-2.7,10111111,2653.28,896,28.2,3.09,397.8,2653.59,-1.6,0.0, , 
,2653.91,896,88.5,-1.6,10111111,2654.24,896,28.2,3.09,397.8,2654.56,-1.6,0.0, , 
,2654.86,832,88.5,0.4,10101011,2655.18,896,38.4,5.15,499.8,2655.52,-0.8,0.0, , 
,2655.86,1312,88.5,0.0,10101011,2656.17,1216,45.9,6.18,571.2,2656.50,-0.8,0.0, , 
,2656.81,1440,88.5,0.0,10111111,2657.12,1536,23.5,3.09,336.6,2657.44,-1.6,0.0, , 
,2657.72,960,88.5,0.0,10111111,2658.02,1024,29.4,4.12,418.2,2658.33,-1.6,0.0, , 
,2658.63,1024,88.5,0.0,10111111,2658.94,960,23.5,3.09,357.0,2659.24,-1.6,0.0, , 
,2659.57,864,88.5,0.0,10111111,2659.88,896,28.2,3.09,397.8,2660.20,-1.6,0.0, , 
,2660.51,896,88.5,-2.7,10101011,2660.82,1024,32.5,4.12,438.6,2661.13,-1.6,0.0, , 
,2661.44,1216,88.5,0.4,10101011,2661.75,1216,29.4,4.12,418.2,2662.07,-1.6,0.0, , 
,2662.40,1280,88.5,-2.3,10111111,2662.71,1280,22.0,3.09,336.6,2663.03,-1.6,0.0, , 
,2663.34,1152,88.5,-5.1,10111111,2663.66,1184,23.5,3.09,336.6,2664.01,-1.6,0.0, , 
,2664.32,1216,88.5,-3.1,10111111,2664.63,1408,25.1,3.09,357.0,2665.04,-1.6,0.0, , 
,2665.48,1472,88.5,-3.9,10111111,2665.82,1344,23.5,3.09,336.6,2666.14,-1.6,0.0, , 
,2666.47,1216,88.5,-8.6,10101011,2666.79,1376,35.3,4.12,459.0,2667.15,-0.8,0.0, , 
,2667.48,1280,88.5,-9.0,10101011,2667.81,1248,47.1,6.18,591.6,2668.14,-0.8,0.0, , 
,2668.50,1696,88.5,0.0,10101011,2668.83,2112,85.5,13.39,948.6,2669.15,0.0,-1.6, , 
,2669.50,1920,88.5,0.0,10111111,2669.80,1504,28.2,4.12,357.0,2670.18,-0.8,0.0, , 
,2670.45,1472,88.5,0.0,10101011,2670.79,1504,51.8,7.21,632.4,2671.16,-0.8,-1.6, , 
,2671.53,1664,88.5,0.8,10101011,2671.91,1760,59.2,8.24,693.6,2672.27,0.0,-1.6, , 
,2672.63,1888,88.5,0.0,10101011,2672.98,1920,31.0,4.12,397.8,2673.35,0.0,-1.6, , 
,2673.71,1984,88.5,-2.3,10101011,2674.07,1984,41.2,5.15,499.8,2674.43,0.0,-1.6, , 
,2674.77,2048,88.5,-0.8,10101001,2675.12,1920,0.0,0.00,295.8,2675.43,-1.6,0.0, , 
,2675.74,992,88.5,0.0,10111111,2676.07,1088,28.2,4.12,397.8,2676.40,-1.6,0.0, , 
,2676.73,1216,88.5,0.0,10111111,2677.05,1344,20.8,3.09,316.2,2677.36,-1.6,0.0, , 
,2677.69,1312,88.5,0.0,10111111,2678.01,1280,23.5,3.09,336.6,2678.34,-1.6,0.0, , 
,2678.66,1312,88.5,-0.8,10101011,2679.01,1280,38.4,5.15,479.4,2679.37,-0.8,0.0, , 
,2679.71,1344,88.5,-6.6,10101011,2680.07,1344,51.8,7.21,632.4,2680.45,-0.8,0.0, , 
,2680.78,1440,88.5,-3.9,10101011,2681.18,1440,54.5,7.21,652.8,2681.49,-0.8,-1.6, , 
,2681.86,1536,88.5,0.0,10101011,2682.20,1568,45.9,6.18,571.2,2682.57,-0.8,-1.6, , 
,2682.95,1632,88.5,1.2,10101011,2683.28,1600,0.0,0.00,377.4,2683.60,-1.6,0.0, , 
,2683.92,1024,88.5,0.0,10111111,2684.23,1056,26.7,4.12,377.4,2684.55,-1.6,0.0, , 
,2684.82,1024,88.5,0.0,10111111,2685.14,960,23.5,3.09,357.0,2685.45,-1.6,0.0, , 
,2685.73,896,88.5,0.0,10111111,2686.03,896,26.7,3.09,397.8,2686.36,-1.6,0.0, , 
,2686.67,896,88.5,-1.2,10111111,2686.98,896,26.7,3.09,397.8,2687.30,-1.6,0.0, , 
,2687.59,896,88.5,-0.8,10101011,2687.91,1248,32.5,4.12,438.6,2688.24,-1.6,0.0, , 
,2688.59,1248,88.5,-0.4,10101011,2688.92,1248,29.4,4.12,397.8,2689.26,-0.8,0.0, , 
,2689.59,1280,88.5,0.0,10101011,2689.92,1312,65.1,10.30,754.8,2690.26,-0.8,0.0, , 
,2690.57,1440,88.5,0.0,10101011,2691.00,1472,76.9,11.33,887.4,2691.32,-0.8,-1.6, , 
,2691.70,1600,88.5,0.0,10101011,2692.06,1632,62.0,9.27,734.4,2692.43,-0.8,-1.6, , 
,2692.75,1728,88.5,0.0,10101011,2693.11,1728,32.5,4.12,438.6,2693.47,-0.8,-1.6, , 
,2693.82,1760,88.5,0.0,10111111,2694.18,1760,19.2,2.06,295.8,2694.54,-1.6,-1.6, , 
,2694.89,1728,88.5,-9.8,10101011,2695.26,1760,31.0,4.12,397.8,2695.63,-0.8,-1.6, , 
,2696.02,1792,88.5,-3.1,10101011,2696.38,1792,45.9,6.18,550.8,2696.74,0.0,-1.6, , 
,2697.11,1824,88.5,-1.2,10101011,2697.47,1888,51.8,7.21,612.0,2697.83,0.0,-1.6, , 
,2698.18,1952,87.0,1.2,10101011,2698.56,1984,48.6,7.21,591.6,2698.92,0.0,-1.6, , 
,2699.28,2016,87.0,3.9,10101001,2699.65,2048,47.1,6.18,571.2,2700.00,0.0,-1.6, , 
,2700.36,2080,87.0,3.5,10101001,2700.69,2112,45.9,6.18,550.8,2701.04,0.0,-1.6, , 
,2701.39,2176,87.0,3.5,10101001,2701.72,2208,44.3,6.18,520.2,2702.06,0.0,-1.6, , 
,2702.40,2240,87.0,3.1,10101001,2702.74,2240,41.2,5.15,479.4,2703.07,0.0,-1.6, , 
,2703.41,2272,87.0,0.8,10101001,2703.74,2304,25.1,3.09,336.6,2704.08,0.0,-1.6, , 
,2704.40,1408,87.0,0.0,10111111,2704.67,992,25.1,4.12,357.0,2704.98,-1.6,0.0, , 
,2705.32,1120,87.0,0.0,10111111,2705.62,1120,23.5,4.12,357.0,2705.93,-1.6,0.0, , 
,2706.21,1024,87.0,0.0,10111111,2706.52,960,22.0,3.09,336.6,2706.81,-1.6,0.0, , 
,2707.11,896,87.0,0.0,10111111,2707.41,896,26.7,3.09,377.4,2707.71,-1.6,0.0, , 
,2708.03,896,87.0,-0.8,10111111,2708.34,896,26.7,3.09,397.8,2708.64,-1.6,0.0, , 
,2708.97,896,87.0,0.0,10111111,2709.28,896,25.1,3.09,377.4,2709.58,-1.6,0.0, , 
,2709.89,896,87.0,1.2,10111111,2710.20,896,25.1,3.09,377.4,2710.51,-1.6,0.0, , 
,2710.82,896,87.0,2.0,10111111,2711.14,896,25.1,3.09,377.4,2711.45,-1.6,0.0, , 
,2711.76,896,87.0,2.3,10111111,2712.09,896,25.1,3.09,377.4,2712.41,-1.6,0.0, , 
,2712.71,896,87.0,2.3,10111111,2713.02,896,25.1,3.09,377.4,2713.34,-1.6,0.0, , 
,2713.65,864,87.0,2.3,10111111,2713.93,896,25.1,3.09,377.4,2714.23,-1.6,0.0, , 
,2714.55,864,87.0,1.2,10111111,2714.85,864,25.1,3.09,377.4,2715.16,-1.6,0.0, , 
,2715.46,896,87.0,0.4,10111111,2715.77,896,25.1,3.09,377.4,2716.09,-1.6,0.0, , 
,2716.39,896,87.0,0.0,10111111,2716.70,864,25.1,3.09,377.4,2717.01,-1.6,0.0, , 
,2717.32,896,87.0,0.4,10111111,2717.67,896,25.1,3.09,377.4,2718.02,-0.8,0.0, , 
,2718.36,1344,87.0,-1.6,10101011,2718.70,1312,29.4,4.12,397.8,2719.02,-1.6,0.0, , 
,2719.34,1312,87.0,3.1,10101011,2719.68,1312,29.4,4.12,397.8,2720.00,-1.6,0.0, , 
,2720.31,1280,87.0,2.0,10101011,2720.63,1280,23.5,3.09,357.0,2720.94,-1.6,0.0, , 
,2721.27,1248,87.0,-3.5,10111111,2721.60,1248,22.0,3.09,336.6,2721.92,-1.6,0.0, , 
,2722.27,1184,85.5,-5.9,10111111,2722.58,1184,23.5,3.09,336.6,2722.90,-1.6,0.0, , 
,2723.23,1152,85.5,-3.5,10101011,2723.59,1120,35.3,5.15,438.6,2723.92,-0.8,0.0, , 
,2724.26,1120,85.5,0.0,10101011,2724.59,1120,53.3,8.24,652.8,2724.90,-0.8,0.0, , 
,2725.21,1152,85.5,0.0,10101011,2725.52,1184,69.4,10.30,826.2,2725.85,-0.8,0.0, , 
,2726.18,1248,85.5,0.0,10101011,2726.53,1248,40.0,5.15,499.8,2726.88,-0.8,0.0, , 
,2727.23,1280,85.5,2.7,10101011,2727.58,1280,35.3,5.15,459.0,2727.92,-0.8,0.0, , 
,2728.28,1312,85.5,3.9,10101011,2728.61,1344,34.1,5.15,438.6,2728.94,-0.8,0.0, , 
,2729.27,1376,85.5,5.1,10101011,2729.59,1376,35.3,5.15,459.0,2729.92,-0.8,0.0, , 
,2730.26,1408,85.5,5.1,10101011,2730.63,1408,35.3,5.15,459.0,2730.95,-0.8,0.0, , 
,2731.27,1440,85.5,5.1,10101011,2731.59,1440,35.3,5.15,459.0,2731.97,-0.8,0.0, , 
,2732.32,1472,85.5,4.3,10101011,2732.78,1472,38.4,5.15,479.4,2733.23,-0.8,-1.6, , 
,2733.55,1504,85.5,4.3,10101011,2733.90,1504,36.9,5.15,479.4,2734.25,-0.8,-1.6, , 
,2734.57,1536,85.5,4.3,10101011,2734.94,1536,36.9,5.15,459.0,2735.29,-0.8,-1.6, , 
,2735.63,1600,85.5,6.3,10101011,2736.00,1600,35.3,5.15,459.0,2736.36,-0.8,-1.6, , 
,2736.70,1632,85.5,6.6,10101011,2737.03,1632,35.3,5.15,438.6,2737.38,-0.8,-1.6, , 
,2737.74,1632,85.5,7.0,10101011,2738.10,1664,34.1,5.15,438.6,2738.45,-0.8,-1.6, , 
,2738.82,1664,85.5,6.6,10101011,2739.16,1664,28.2,4.12,377.4,2739.49,-0.8,-1.6, , 
,2739.85,1696,85.5,2.3,10101011,2740.22,1696,25.1,3.09,357.0,2740.59,-0.8,-1.6, , 
,2740.96,1696,84.0,-0.8,10101011,2741.36,1696,25.1,3.09,357.0,2741.71,-0.8,-1.6, , 
,2742.06,1696,84.0,-2.7,10101011,2742.43,1696,25.1,3.09,336.6,2742.82,-0.8,-1.6, , 
,2743.17,1696,84.0,-0.4,10101011,2743.56,1696,25.1,3.09,336.6,2743.91,-1.6,-1.6, , 
,2744.26,1696,84.0,-2.3,10101011,2744.60,1696,22.0,2.06,316.2,2744.99,-1.6,-1.6, , 
,2745.36,1664,84.0,-2.7,10111111,2745.72,1632,22.0,2.06,316.2,2746.08,-1.6,-1.6, , 
,2746.44,1664,84.0,-3.5,10111111,2746.77,1600,22.0,2.06,316.2,2747.13,-1.6,-1.6, , 
,2747.46,1568,84.0,2.0,10111111,2747.83,1568,22.0,3.09,316.2,2748.16,-1.6,-1.6, , 
,2748.47,1536,84.0,5.1,10111111,2748.86,1504,22.0,3.09,316.2,2749.12,-1.6,-1.6, , 
,2749.39,1472,84.0,6.6,10111111,2749.65,1472,22.0,3.09,336.6,2750.04,-1.6,0.0, , 
,2750.38,1344,84.0,6.6,10111111,2750.70,1152,23.5,3.09,336.6,2751.00,-1.6,0.0, , 
,2751.30,960,84.0,4.3,10111111,2751.60,928,26.7,3.09,377.4,2751.91,-1.6,0.0, , 
,2752.21,896,84.0,3.9,10111111,2752.53,928,28.2,4.12,397.8,2752.86,-1.6,0.0, , 
,2753.18,960,84.0,3.1,10111111,2753.48,928,26.7,3.09,377.4,2753.80,-1.6,0.0, , 
,2754.10,928,84.0,2.3,10111111,2754.42,896,26.7,3.09,377.4,2754.70,-1.6,0.0, , 
,2755.05,1184,84.0,0.0,10101011,2755.40,1440,47.1,7.21,571.2,2755.75,-0.8,-1.6, , 
,2756.10,1856,84.0,0.0,10101011,2756.46,1568,73.7,11.33,846.6,2756.77,-0.8,-1.6, , 
,2757.08,1216,84.0,0.0,10111111,2757.39,1120,31.0,5.15,418.2,2757.76,-1.6,0.0, , 
,2758.11,1088,84.0,0.0,10111111,2758.40,896,22.0,3.09,336.6,2758.69,-2.3,0.0, , 
,2758.97,736,84.0,0.0,10111111,2759.27,896,34.1,4.12,459.0,2759.58,-1.6,0.0, , 
,2759.86,896,84.0,-4.3,10111111,2760.19,896,28.2,3.09,397.8,2760.50,-0.8,0.0, , 
,2760.83,1440,85.5,0.0,10101011,2761.13,1216,36.9,5.15,479.4,2761.46,-0.8,0.0, , 
,2761.82,1312,84.0,2.3,10101011,2762.12,1376,62.0,10.30,734.4,2762.53,-0.8,0.0, , 
,2762.87,1568,84.0,0.0,10101011,2763.21,1664,56.1,8.24,652.8,2763.55,-0.8,-1.6, , 
,2763.94,1760,84.0,0.0,10101011,2764.28,1792,31.0,4.12,397.8,2764.64,0.0,-1.6, , 
,2765.00,1856,84.0,-1.2,10101011,2765.36,1888,26.7,3.09,357.0,2765.72,0.0,-1.6, , 
,2766.07,1920,84.0,-4.7,10101011,2766.45,1952,26.7,3.09,357.0,2766.79,0.0,-1.6, , 
,2767.15,1984,84.0,-6.6,10101001,2767.52,2016,32.5,4.12,418.2,2767.87,0.0,-1.6, , 
,2768.22,2080,84.0,-0.4,10101001,2768.55,2144,32.5,4.12,397.8,2768.89,0.0,-1.6, , 
,2769.21,2144,84.0,-0.4,10101001,2769.57,2176,23.5,3.09,316.2,2769.91,0.0,-1.6, , 
,2770.24,2208,84.0,0.0,10101001,2770.57,2304,66.3,9.27,734.4,2770.92,0.0,-1.6, , 
,2771.27,2528,84.0,0.0,10101001,2771.59,2656,72.2,10.30,795.6,2771.91,0.0,-1.6, , 
,2772.24,2400,84.0,0.0,10111101,2772.59,1888,0.0,0.00,295.8,2772.96,-0.8,-1.6, , 
,2773.32,1792,84.0,0.0,10101011,2773.68,1824,26.7,3.09,357.0,2774.05,0.0,-1.6, , 
,2774.41,1824,84.0,0.4,10101011,2774.77,1824,29.4,4.12,397.8,2775.12,0.0,-1.6, , 
,2775.49,1856,84.0,3.1,10101011,2775.87,1888,42.7,6.18,520.2,2776.25,0.0,-1.6, , 
,2776.61,1920,84.0,7.4,10101011,2776.96,1920,44.3,6.18,520.2,2777.33,0.0,-1.6, , 
,2777.69,1984,84.0,10.2,10101011,2778.03,1984,41.2,6.18,499.8,2778.39,0.0,-1.6, , 
,2778.74,2016,84.0,7.0,10101001,2779.08,2016,23.5,3.09,316.2,2779.42,0.0,-1.6, , 
,2779.77,2016,84.0,-4.7,10101001,2780.11,2016,23.5,3.09,336.6,2780.45,0.0,-1.6, , 
,2780.80,2016,84.0,-9.0,10101001,2781.15,2016,36.9,4.12,459.0,2781.51,0.0,-1.6, , 
,2781.86,2048,84.0,1.2,10101001,2782.21,2048,38.4,5.15,479.4,2782.57,0.0,-1.6, , 
,2782.93,2048,84.0,4.7,10101001,2783.29,2080,38.4,5.15,459.0,2783.64,0.0,-1.6, , 
,2783.97,2080,84.0,7.4,10101001,2784.33,2080,36.9,5.15,459.0,2784.67,0.0,-1.6, , 
,2785.02,2112,84.0,10.2,10101001,2785.35,2112,41.2,5.15,499.8,2785.70,0.0,-1.6, , 
,2786.05,2144,84.0,10.5,10101001,2786.39,2176,42.7,6.18,499.8,2786.73,0.0,-1.6, , 
,2787.07,2208,84.0,10.2,10101001,2787.41,2208,41.2,5.15,499.8,2787.75,0.0,-1.6, , 
,2788.09,2208,84.0,-0.8,10101001,2788.45,2240,41.2,5.15,479.4,2788.78,0.0,-1.6, , 
,2789.13,2240,84.0,0.0,10101001,2789.46,2240,41.2,5.15,499.8,2789.80,0.0,-1.6, , 
,2790.15,2272,84.0,0.4,10101001,2790.50,2304,40.0,5.15,479.4,2790.84,0.0,-1.6, , 
,2791.20,2304,84.0,0.4,11101001,2791.52,2336,45.9,6.18,520.2,2791.86,0.0,-1.6, , 
,2792.19,2368,84.0,0.4,11101001,2792.55,2400,50.2,7.21,591.6,2792.93,0.0,-1.6, , 
,2793.29,2432,84.0,2.7,11101001,2793.63,2464,48.6,7.21,571.2,2793.98,0.0,-1.6, , 
,2794.30,2496,82.5,3.1,11101001,2794.63,2272,0.0,0.00,316.2,2794.93,-1.6,-1.6, , 
,2795.26,1312,82.5,0.0,11111111,2795.58,1088,25.1,4.12,357.0,2795.91,-1.6,-1.6, , 
,2796.23,1792,82.5,0.0,11101011,2796.56,1792,19.2,2.06,295.8,2796.90,-1.6,-1.6, , 
,2797.25,1760,82.5,-6.3,11101011,2797.61,1760,20.8,2.06,295.8,2797.97,-0.8,-1.6, , 
,2798.33,1760,82.5,-6.6,11101011,2798.69,1728,28.2,3.09,377.4,2799.05,-0.8,-1.6, , 
,2799.41,1728,82.5,-3.9,11101011,2799.75,1728,28.2,3.09,377.4,2800.11,-0.8,-1.6, , 
,2800.49,1728,82.5,-2.7,11101011,2800.83,1728,28.2,3.09,377.4,2801.16,-0.8,-1.6, , 
,2801.49,1728,82.5,-0.4,11101011,2801.84,1728,32.5,4.12,418.2,2802.19,-0.8,-1.6, , 
,2802.57,1728,82.5,3.1,11101011,2802.93,1728,34.1,5.15,438.6,2803.31,-0.8,-1.6, , 
,2803.65,1728,82.5,5.9,11101011,2804.03,1728,34.1,5.15,438.6,2804.40,-0.8,-1.6, , 
,2804.79,1728,82.5,5.9,11101011,2805.17,1728,32.5,5.15,418.2,2805.53,-0.8,-1.6, , 
,2805.89,1728,82.5,5.5,11101011,2806.26,1728,32.5,4.12,418.2,2806.64,-0.8,-1.6, , 
,2806.99,1728,82.5,4.7,11101011,2807.36,1728,32.5,4.12,418.2,2807.71,-0.8,-1.6, , 
,2808.08,1728,82.5,3.9,11101011,2808.44,1728,32.5,4.12,418.2,2808.79,-0.8,-1.6, , 
,2809.15,1728,84.0,3.1,11111111,2809.51,1728,22.0,3.09,316.2,2809.86,-0.8,-1.6, , 
,2810.22,1696,82.5,0.4,11111111,2810.55,1696,0.0,0.00,316.2,2810.90,-1.6,-1.6, , 
,2811.23,1600,82.5,0.0,11111111,2811.56,1568,0.0,0.00,316.2,2811.97,-1.6,-1.6, , 
,2812.30,1408,82.5,0.0,11111111,2812.59,1344,0.0,0.00,336.6,2812.90,-1.6,0.0, , 
,2813.23,1280,82.5,0.0,10111111,2813.55,1248,22.0,3.09,336.6,2813.86,-1.6,0.0, , 
,2814.17,1184,82.5,0.0,10111111,2814.49,1056,25.1,3.09,357.0,2814.80,-1.6,0.0, , 
,2815.10,864,82.5,0.0,10111111,2815.41,896,28.2,4.12,397.8,2815.70,-1.6,0.0, , 
,2815.99,896,82.5,1.6,10111111,2816.30,896,28.2,4.12,397.8,2816.61,-1.6,0.0, , 
,2816.92,896,82.5,3.1,10111111,2817.24,928,28.2,4.12,397.8,2817.56,-1.6,0.0, , 
,2817.85,896,82.5,4.3,10111111,2818.17,896,26.7,4.12,397.8,2818.48,-1.6,0.0, , 
,2818.79,896,82.5,5.1,10111111,2819.10,896,26.7,4.12,397.8,2819.44,-1.6,0.0, , 
,2819.73,896,82.5,4.7,10111111,2820.06,896,26.7,4.12,397.8,2820.35,-1.6,0.0, , 
,2820.67,896,82.5,3.9,10111111,2820.96,864,28.2,4.12,397.8,2821.25,-1.6,0.0, , 
,2821.55,896,82.5,0.0,10101011,2821.88,928,62.0,10.30,714.0,2822.23,-0.8,0.0, , 
,2822.53,992,82.5,0.0,10101011,2822.86,1056,63.5,9.27,754.8,2823.17,-0.8,0.0, , 
,2823.52,1152,82.5,-3.9,10101011,2823.83,1184,48.6,6.18,612.0,2824.17,-0.8,0.0, , 
,2824.50,1248,82.5,0.4,10101011,2824.81,1280,36.9,5.15,479.4,2825.13,-0.8,0.0, , 
,2825.47,1312,82.5,2.3,10101011,2825.82,1344,35.3,5.15,459.0,2826.17,-0.8,0.0, , 
,2826.52,1376,82.5,2.7,10101011,2826.86,1376,40.0,5.15,499.8,2827.17,-0.8,0.0, , 
,2827.53,1408,82.5,1.6,10101011,2827.90,1440,40.0,5.15,499.8,2828.17,-0.8,0.0, , 
,2828.44,1472,82.5,2.0,10101011,2828.80,1504,38.4,5.15,479.4,2829.16,-0.8,-1.6, , 
,2829.52,1568,82.5,2.3,10101011,2829.88,1600,36.9,5.15,459.0,2830.23,-0.8,-1.6, , 
,2830.58,1664,82.5,5.1,10101011,2830.92,1728,53.3,8.24,632.4,2831.29,0.0,-1.6, , 
,2831.66,1888,82.5,0.8,10101011,2832.00,2016,63.5,9.27,714.0,2832.34,0.0,-1.6, , 
,2832.68,2176,82.5,0.4,10101001,2833.01,2272,65.1,9.27,734.4,2833.35,0.0,-1.6, , 
,2833.70,2432,82.5,2.7,11101001,2834.02,2528,59.2,9.27,673.2,2834.36,0.0,-1.6, , 
,2834.70,1760,82.5,0.0,11111111,2835.02,1248,23.5,3.09,336.6,2835.33,-1.6,0.0, , 
,2835.70,1696,82.5,0.0,11101011,2836.06,1632,23.5,3.09,316.2,2836.38,-0.8,-1.6, , 
,2836.72,1632,82.5,-2.3,11101011,2837.07,1632,29.4,4.12,397.8,2837.44,-0.8,-1.6, , 
,2837.78,1632,82.5,0.8,11101011,2838.08,1536,0.0,0.00,357.0,2838.42,-1.6,0.0, , 
,2838.73,1024,82.5,0.0,11111111,2839.03,1088,28.2,4.12,377.4,2839.35,-1.6,0.0, , 
,2839.68,1056,82.5,0.0,11111111,2839.96,992,22.0,3.09,336.6,2840.26,-1.6,0.0, , 
,2840.57,832,82.5,0.0,11111111,2840.87,864,28.2,3.09,397.8,2841.17,-1.6,0.0, , 
,2841.48,896,82.5,-0.8,11111111,2841.81,896,26.7,3.09,397.8,2842.12,-1.6,0.0, , 
,2842.44,896,82.5,-0.8,11111111,2842.73,896,26.7,3.09,397.8,2843.05,-1.6,0.0, , 
,2843.36,896,82.5,-0.4,11111111,2843.67,896,26.7,3.09,397.8,2843.96,-1.6,0.0, , 
,2844.25,896,82.5,0.0,10111111,2844.56,896,26.7,3.09,397.8,2844.86,-1.6,0.0, , 
,2845.17,896,82.5,0.0,10111111,2845.48,896,26.7,3.09,397.8,2845.80,-1.6,0.0, , 
,2846.08,864,82.5,-0.4,10111111,2846.37,896,28.2,4.12,397.8,2846.66,-1.6,0.0, , 
,2846.96,864,82.5,-0.8,10111111,2847.27,800,25.1,3.09,377.4,2847.55,-2.3,0.0, , 
,2847.84,768,82.5,-1.2,10111111,2848.13,768,28.2,3.09,418.2,2848.42,-1.6,0.0, , 
,2848.73,768,82.5,0.0,10101011,2849.06,1120,50.2,7.21,612.0,2849.38,-0.8,0.0, , 
,2849.71,1184,84.0,0.0,10101011,2850.04,1152,53.3,8.24,652.8,2850.36,-0.8,0.0, , 
,2850.68,1152,84.0,-3.1,10101011,2851.01,1312,51.8,7.21,612.0,2851.35,-0.8,-1.6, , 
,2851.72,1728,84.0,0.0,10101011,2852.07,1920,50.2,6.18,591.6,2852.41,0.0,-1.6, , 
,2852.77,2272,84.0,-0.4,10101001,2853.11,2464,48.6,7.21,571.2,2853.47,0.0,-1.6, , 
,2853.76,1600,84.0,0.0,11111111,2854.08,1216,0.0,0.00,336.6,2854.37,-1.6,0.0, , 
,2854.67,1024,84.0,0.0,11111111,2854.99,1056,26.7,4.12,377.4,2855.33,-1.6,0.0, , 
,2855.62,960,84.0,0.0,10111111,2855.93,960,23.5,3.09,357.0,2856.23,-1.6,0.0, , 
,2856.54,896,84.0,-0.8,10111111,2856.84,864,26.7,3.09,397.8,2857.15,-1.6,0.0, , 
,2857.46,896,84.0,-0.4,10111111,2857.77,896,26.7,3.09,397.8,2858.07,-1.6,0.0, , 
,2858.37,896,84.0,0.0,10111111,2858.67,896,26.7,3.09,397.8,2858.97,-1.6,0.0, , 
,2859.28,896,84.0,0.8,10111111,2859.59,864,26.7,3.09,397.8,2859.90,-1.6,0.0, , 
,2860.21,864,84.0,1.6,10111111,2860.51,864,28.2,4.12,397.8,2860.80,-1.6,0.0, , 
,2861.10,864,84.0,0.0,10101011,2861.41,896,45.9,6.18,571.2,2861.71,-1.6,0.0, , 
,2862.06,928,84.0,0.0,10101011,2862.37,1024,56.1,8.24,673.2,2862.67,-0.8,0.0, , 
,2863.01,1184,84.0,0.0,10101011,2863.36,1280,69.4,11.33,826.2,2863.68,-0.8,0.0, , 
,2864.04,1504,84.0,0.0,10101011,2864.40,1568,78.4,12.36,907.8,2864.75,-0.8,-1.6, , 
,2865.11,1792,84.0,0.0,10101011,2865.47,1824,38.4,5.15,479.4,2865.84,0.0,-1.6, , 
,2866.20,1888,84.0,0.4,10101011,2866.57,1888,35.3,5.15,438.6,2866.94,0.0,-1.6, , 
,2867.29,1952,84.0,0.8,10101011,2867.65,1952,38.4,5.15,479.4,2868.00,0.0,-1.6, , 
,2868.33,2048,84.0,-0.8,10101001,2868.66,2144,54.5,7.21,632.4,2868.99,0.0,-1.6, , 
,2869.32,2304,84.0,-2.0,11101001,2869.68,2368,63.5,9.27,714.0,2870.03,0.0,-1.6, , 
,2870.36,2592,84.0,0.4,11101001,2870.67,2688,67.8,10.30,754.8,2871.01,0.0,-1.6, , 
,2871.34,2464,84.0,0.0,11111101,2871.69,1952,0.0,0.00,295.8,2872.03,-1.6,-1.6, , 
,2872.41,1824,84.0,0.0,11101011,2872.76,1824,26.7,3.09,357.0,2873.13,0.0,-1.6, , 
,2873.49,1856,84.0,-2.0,11101011,2873.86,1856,31.0,4.12,397.8,2874.23,0.0,-1.6, , 
,2874.60,1856,84.0,-1.2,11101011,2874.98,1888,42.7,6.18,520.2,2875.35,0.0,-1.6, , 
,2875.72,1952,84.0,0.8,11101011,2876.07,1952,41.2,5.15,499.8,2876.43,0.0,-1.6, , 
,2876.80,1984,82.5,2.0,11101001,2877.14,2016,40.0,5.15,479.4,2877.51,0.0,-1.6, , 
,2877.88,2016,84.0,0.4,11101001,2878.23,2048,36.9,5.15,459.0,2878.59,0.0,-1.6, , 
,2878.94,2080,84.0,0.0,11101001,2879.30,2080,38.4,5.15,459.0,2879.64,0.0,-1.6, , 
,2879.98,2112,84.0,-0.4,11101001,2880.33,2112,36.9,5.15,459.0,2880.67,0.0,-1.6, , 
,2880.99,2144,84.0,0.0,11101001,2881.35,2176,36.9,5.15,438.6,2881.70,0.0,-1.6, , 
,2882.04,2208,84.0,-1.2,11101001,2882.38,2208,36.9,5.15,459.0,2882.72,0.0,-1.6, , 
,2883.05,2208,84.0,-0.4,11101001,2883.40,2240,36.9,5.15,438.6,2883.74,0.0,-1.6, , 
,2884.09,2240,84.0,-2.0,11101001,2884.43,2240,35.3,5.15,438.6,2884.77,0.0,-1.6, , 
,2885.10,2272,84.0,-1.6,11101001,2885.44,2272,34.1,4.12,418.2,2885.77,0.0,-1.6, , 
,2886.12,2272,84.0,0.0,11101001,2886.48,2304,34.1,4.12,418.2,2886.81,0.0,-1.6, , 
,2887.15,2304,84.0,1.2,11101001,2887.49,2272,34.1,4.12,418.2,2887.81,0.0,-1.6, , 
,2888.14,2272,84.0,2.7,11101001,2888.47,2272,35.3,5.15,438.6,2888.80,0.0,-1.6, , 
,2889.14,2304,84.0,1.2,11101001,2889.48,2272,34.1,5.15,418.2,2889.81,0.0,-1.6, , 
,2890.13,2304,84.0,0.8,11101001,2890.47,2272,34.1,4.12,418.2,2890.80,0.0,-1.6, , 
,2891.14,2272,84.0,0.4,11101001,2891.47,2304,34.1,4.12,418.2,2891.80,0.0,-1.6, , 
,2892.12,1760,84.0,0.0,11111111,2892.45,1312,0.0,0.00,336.6,2892.73,-1.6,0.0, , 
,2893.06,1056,84.0,0.0,11111111,2893.36,1152,25.1,4.12,377.4,2893.68,-1.6,0.0, , 
,2893.98,1056,84.0,0.0,11111111,2894.32,992,22.0,3.09,336.6,2894.64,-1.6,0.0, , 
,2894.93,864,84.0,0.0,11111111,2895.24,864,26.7,3.09,377.4,2895.56,-1.6,0.0, , 
,2895.86,896,84.0,0.0,11111111,2896.18,896,26.7,3.09,377.4,2896.49,-1.6,0.0, , 
,2896.79,896,82.5,1.2,11111111,2897.11,896,26.7,3.09,377.4,2897.42,-1.6,0.0, , 
,2897.71,896,84.0,2.0,11111111,2898.03,896,26.7,3.09,377.4,2898.36,-1.6,0.0, , 
,2898.66,896,84.0,2.7,11111111,2898.99,896,26.7,3.09,377.4,2899.32,-1.6,0.0, , 
,2899.64,896,84.0,3.5,11111111,2899.94,896,26.7,3.09,377.4,2900.26,-1.6,0.0, , 
,2900.56,864,84.0,3.5,10111111,2900.87,896,26.7,3.09,377.4,2901.18,-1.6,0.0, , 
,2901.47,864,84.0,3.1,10111111,2901.77,896,25.1,3.09,377.4,2902.06,-1.6,0.0, , 
,2902.35,896,84.0,2.7,10111111,2902.66,896,26.7,3.09,377.4,2902.96,-1.6,0.0, , 
,2903.27,896,84.0,2.3,10111111,2903.57,896,26.7,3.09,397.8,2903.88,-1.6,0.0, , 
,2904.20,896,84.0,2.3,10111111,2904.52,896,26.7,3.09,377.4,2904.81,-1.6,0.0, , 
,2905.10,864,84.0,2.0,10111111,2905.41,864,26.7,4.12,397.8,2905.70,-1.6,0.0, , 
,2906.00,896,84.0,1.6,10111111,2906.29,864,28.2,4.12,397.8,2906.59,-1.6,0.0, , 
,2906.88,864,84.0,1.6,10111111,2907.18,896,28.2,3.09,397.8,2907.48,-1.6,0.0, , 
,2907.79,896,84.0,1.6,10111111,2908.12,896,28.2,3.09,397.8,2908.44,-1.6,0.0, , 
,2908.78,896,84.0,1.2,10101011,2909.11,1472,36.9,5.15,479.4,2909.47,0.0,-1.6, , 
,2909.82,1984,84.0,-1.6,10101011,2910.18,1984,25.1,3.09,336.6,2910.54,0.0,-1.6, , 
,2910.89,1984,84.0,-4.3,10101001,2911.23,2016,38.4,5.15,459.0,2911.58,0.0,-1.6, , 
,2911.92,2080,85.5,-0.8,10101001,2912.26,2112,45.9,6.18,550.8,2912.59,0.0,-1.6, , 
,2912.92,2176,84.0,0.4,10101001,2913.25,1920,0.0,0.00,316.2,2913.56,-1.6,0.0, , 
,2913.89,1024,84.0,0.0,10111111,2914.19,1056,26.7,4.12,377.4,2914.49,-1.6,0.0, , 
,2914.83,1056,84.0,0.0,10111111,2915.09,992,23.5,3.09,336.6,2915.40,-1.6,0.0, , 
,2915.72,896,84.0,0.0,10111111,2916.01,864,26.7,3.09,377.4,2916.34,-1.6,0.0, , 
,2916.65,896,84.0,-0.8,10111111,2916.95,864,26.7,3.09,397.8,2917.27,-1.6,0.0, , 
,2917.58,896,84.0,0.8,10111111,2917.87,864,28.2,4.12,397.8,2918.19,-1.6,0.0, , 
,2918.48,864,84.0,3.1,10111111,2918.79,864,29.4,4.12,418.2,2919.10,-1.6,0.0, , 
,2919.41,864,84.0,4.7,10111111,2919.70,864,29.4,4.12,418.2,2920.00,-1.6,0.0, , 
,2920.32,864,84.0,4.7,10111111,2920.64,896,29.4,4.12,418.2,2920.95,-1.6,0.0, , 
,2921.29,896,84.0,4.7,10111111,2921.61,896,28.2,4.12,397.8,2921.91,-1.6,0.0, , 
,2922.20,896,84.0,3.9,10111111,2922.52,896,28.2,4.12,397.8,2922.83,-1.6,0.0, , 
,2923.12,832,82.5,2.7,10111111,2923.43,768,26.7,3.09,397.8,2923.73,-2.3,0.0, , 
,2924.03,768,82.5,1.6,10111111,2924.31,800,29.4,4.12,438.6,2924.60,-1.6,0.0, , 
,2924.91,800,82.5,1.2,10111111,2925.19,800,29.4,4.12,418.2,2925.48,-1.6,0.0, , 
,2925.78,800,82.5,1.6,10111111,2926.08,800,29.4,4.12,418.2,2926.39,-1.6,0.0, , 
,2926.68,800,82.5,2.0,10111111,2926.97,800,28.2,4.12,418.2,2927.27,-1.6,0.0, , 
,2927.55,768,82.5,2.3,10111111,2927.84,800,29.4,4.12,418.2,2928.15,-1.6,0.0, , 
,2928.45,800,82.5,2.3,10111111,2928.74,800,28.2,4.12,418.2,2929.04,-1.6,0.0, , 
,2929.35,800,82.5,2.7,10111111,2929.66,800,29.4,4.12,418.2,2929.96,-1.6,0.0, , 
,2930.25,800,82.5,3.1,10111111,2930.55,800,28.2,4.12,418.2,2930.86,-1.6,0.0, , 
,2931.17,800,82.5,0.0,10101011,2931.53,1248,67.8,11.33,795.6,2931.85,-0.8,-1.6, , 
,2932.24,1664,84.0,0.0,10101011,2932.61,1664,59.2,9.27,693.6,2932.87,-0.8,-1.6, , 
,2933.21,1568,84.0,-0.4,10101011,2933.57,1856,54.5,7.21,652.8,2933.90,0.0,-1.6, , 
,2934.27,2304,84.0,0.8,10101001,2934.65,2176,0.0,0.00,336.6,2935.02,-1.6,-1.6, , 
,2935.30,1120,84.0,0.0,10111111,2935.64,992,26.7,4.12,377.4,2935.96,-1.6,0.0, , 
,2936.26,1120,84.0,0.0,10101011,2936.53,1472,23.5,3.09,336.6,2936.83,-1.6,0.0, , 
,2937.17,1472,84.0,0.0,10101011,2937.53,1536,22.0,3.09,336.6,2937.93,-1.6,-1.6, , 
,2938.22,1504,84.0,-5.9,10101011,2938.48,1504,22.0,3.09,316.2,2938.75,-1.6,-1.6, , 
,2939.02,1472,84.0,-8.2,10101011,2939.43,1472,23.5,3.09,336.6,2939.76,-1.6,0.0, , 
,2940.16,1472,84.0,-9.8,10101011,2940.51,1472,23.5,3.09,336.6,2940.90,-1.6,0.0, , 
,2941.25,1408,82.5,-8.6,10101011,2941.61,1408,22.0,2.06,316.2,2941.96,-1.6,0.0, , 
,2942.29,1376,84.0,-12.9,10111111,2942.62,1344,22.0,2.06,336.6,2942.94,-1.6,0.0, , 
,2943.27,1088,82.5,-10.5,10111111,2943.55,928,25.1,3.09,377.4,2943.84,-1.6,0.0, , 
,2944.14,896,82.5,-9.0,10111111,2944.43,864,29.4,3.09,418.2,2944.78,-1.6,0.0, , 
,2945.07,1024,82.5,-4.7,10101011,2945.42,960,32.5,4.12,438.6,2945.75,-1.6,0.0, , 
,2946.07,992,82.5,2.3,10101011,2946.42,992,31.0,4.12,418.2,2946.72,-1.6,0.0, , 
,2947.03,1152,82.5,2.3,10111111,2947.36,1184,23.5,3.09,336.6,2947.67,-1.6,0.0, , 
,2947.96,1024,82.5,3.5,10111111,2948.25,960,26.7,3.09,377.4,2948.55,-1.6,0.0, , 
,2948.86,896,82.5,4.7,10111111,2949.15,896,26.7,3.09,397.8,2949.44,-2.3,0.0, , 
,2949.72,832,82.5,5.5,10111111,2950.04,832,26.7,3.09,397.8,2950.35,-1.6,0.0, , 
,2950.65,1056,82.5,0.0,10101011,2950.98,1184,35.3,5.15,459.0,2951.30,-0.8,0.0, , 
,2951.64,1376,84.0,0.0,10101011,2951.98,1440,62.0,9.27,734.4,2952.32,-0.8,0.0, , 
,2952.72,1280,84.0,0.0,10101011,2953.08,1664,72.2,11.33,826.2,2953.44,0.0,-1.6, , 
,2953.81,1760,84.0,0.0,10111111,2954.11,1248,0.0,0.00,357.0,2954.43,-1.6,0.0, , 
,2954.76,1152,84.0,0.0,10101011,2955.08,1216,35.3,5.15,459.0,2955.40,-1.6,0.0, , 
,2955.74,1216,84.0,0.0,10101011,2956.07,1216,29.4,4.12,418.2,2956.40,-1.6,0.0, , 
,2956.72,1248,84.0,-0.8,10111111,2957.04,1216,23.5,3.09,336.6,2957.36,-1.6,0.0, , 
,2957.68,1184,84.0,-2.7,10101011,2958.03,1184,26.7,3.09,377.4,2958.36,-1.6,0.0, , 
,2958.67,1152,84.0,0.8,10101011,2959.00,1152,25.1,3.09,357.0,2959.31,-1.6,0.0, , 
,2959.63,1120,84.0,-0.4,10101011,2959.95,1120,23.5,3.09,357.0,2960.26,-1.6,0.0, , 
,2960.57,1056,84.0,-2.0,10111111,2960.91,1024,25.1,3.09,357.0,2961.21,-1.6,0.0, , 
,2961.54,960,84.0,-1.2,10111111,2961.82,992,25.1,3.09,357.0,2962.12,-1.6,0.0, , 
,2962.41,928,84.0,0.0,10111111,2962.71,928,25.1,3.09,377.4,2963.02,-1.6,0.0, , 
,2963.33,896,84.0,1.2,10111111,2963.64,896,26.7,3.09,397.8,2963.98,-1.6,0.0, , 
,2964.27,864,84.0,2.7,10111111,2964.57,832,28.2,4.12,397.8,2964.87,-1.6,0.0, , 
,2965.18,832,84.0,3.5,10101011,2965.49,832,35.3,5.15,479.4,2965.81,-1.6,0.0, , 
,2966.13,896,84.0,7.8,10101011,2966.43,896,35.3,5.15,479.4,2966.73,-1.6,0.0, , 
,2967.05,928,84.0,5.1,10101011,2967.34,928,32.5,4.12,438.6,2967.66,-1.6,0.0, , 
,2967.98,1120,84.0,5.9,10111111,2968.30,1152,23.5,3.09,357.0,2968.63,-1.6,0.0, , 
,2968.90,992,84.0,4.7,10111111,2969.22,896,26.7,3.09,377.4,2969.52,-1.6,0.0, , 
,2969.83,864,84.0,5.1,10111111,2970.13,864,31.0,4.12,418.2,2970.43,-1.6,0.0, , 
,2970.73,864,84.0,5.5,10111111,2971.03,928,31.0,4.12,438.6,2971.34,-1.6,0.0, , 
,2971.65,928,84.0,7.0,10111111,2971.97,832,26.7,3.09,377.4,2972.27,-2.3,0.0, , 
,2972.58,768,84.0,7.8,10111111,2972.88,768,31.0,4.12,438.6,2973.20,-1.6,0.0, , 
,2973.53,1120,84.0,0.0,10101011,2973.84,1312,42.7,6.18,550.8,2974.18,-0.8,0.0, , 
,2974.46,1408,84.0,0.0,10101011,2974.80,1568,34.1,4.12,438.6,2975.13,-1.6,0.0, , 
,2975.42,768,84.0,0.0,10111111,2975.72,832,36.9,5.15,499.8,2976.01,-1.6,0.0, , 
,2976.31,800,84.0,0.0,10111111,2976.61,768,29.4,4.12,438.6,2976.88,-1.6,0.0, , 
,2977.19,736,84.0,0.0,10111111,2977.45,736,34.1,5.15,459.0,2977.73,-1.6,0.0, , 
,2978.03,768,84.0,0.0,10111111,2978.35,768,34.1,4.12,479.4,2978.64,-1.6,0.0, , 
,2978.95,736,84.0,1.6,10111111,2979.27,736,35.3,5.15,479.4,2979.54,-1.6,0.0, , 
,2979.83,768,84.0,2.3,10111111,2980.12,768,36.9,5.15,499.8,2980.41,-1.6,0.0, , 
,2980.71,800,84.0,3.1,10111111,2981.01,800,34.1,5.15,479.4,2981.31,-1.6,0.0, , 
,2981.60,800,84.0,4.3,10111111,2981.92,800,34.1,5.15,479.4,2982.24,-1.6,0.0, , 
,2982.55,800,84.0,5.9,10111111,2982.84,800,34.1,5.15,479.4,2983.15,-1.6,0.0, , 
,2983.44,736,84.0,7.4,10111111,2983.71,704,38.4,6.18,499.8,2984.02,-1.6,0.0, , 
,2984.31,800,84.0,6.6,10111111,2984.61,800,35.3,5.15,479.4,2984.90,-1.6,0.0, , 
,2985.20,800,84.0,5.1,10111111,2985.50,768,34.1,4.12,479.4,2985.79,-1.6,0.0, , 
,2986.11,800,84.0,5.5,10111111,2986.39,800,34.1,5.15,479.4,2986.68,-1.6,0.0, , 
,2986.98,800,84.0,5.9,10111111,2987.27,800,34.1,4.12,459.0,2987.58,-1.6,0.0, , 
,2987.87,800,84.0,6.6,10111111,2988.18,800,32.5,4.12,459.0,2988.48,-1.6,0.0, , 
,2988.79,800,84.0,7.4,10111111,2989.10,832,32.5,4.12,459.0,2989.40,-1.6,0.0, , 
,2989.69,800,84.0,6.3,10111111,2990.00,800,31.0,4.12,438.6,2990.29,-1.6,0.0, , 
,2990.58,800,84.0,4.7,10111111,2990.88,800,31.0,4.12,438.6,2991.18,-1.6,0.0, , 
,2991.49,800,84.0,2.7,10111111,2991.78,800,31.0,4.12,438.6,2992.10,-1.6,0.0, , 
,2992.42,800,84.0,2.3,10111111,2992.70,800,32.5,4.12,438.6,2993.00,-1.6,0.0, , 
,2993.31,800,84.0,3.1,10111111,2993.61,800,32.5,4.12,438.6,2993.90,-1.6,0.0, , 
,2994.20,800,84.0,4.7,10111111,2994.50,800,29.4,4.12,438.6,2994.80,-1.6,0.0, , 
,2995.12,800,84.0,3.9,10111111,2995.41,800,28.2,4.12,418.2,2995.72,-1.6,0.0, , 
,2996.01,800,84.0,3.1,10111111,2996.31,768,28.2,4.12,418.2,2996.60,-1.6,0.0, , 
,2996.90,800,84.0,2.3,10111111,2997.20,800,28.2,4.12,418.2,2997.50,-1.6,0.0, , 
,2997.80,800,84.0,-0.4,10111111,2998.09,800,28.2,3.09,397.8,2998.39,-1.6,0.0, , 
,2998.68,800,84.0,-2.0,10111111,2998.98,800,26.7,3.09,397.8,2999.28,-1.6,0.0, , 
,2999.57,800,84.0,-2.3,10111111,2999.88,800,28.2,3.09,397.8,3000.18,-1.6,0.0, , 
,3000.48,800,85.5,-2.0,10111111,3000.77,800,28.2,3.09,397.8,3001.07,-1.6,0.0, , 
