Wtorek,22,Wrzesieñ,2026,06:36:00:00009-VCID:1C3761778CABCE7337-5178,Wersja VCDS: AKP 23.3.1,Wersja danych: 20230601 DS346.2
047 906 033 L,,1.4l SIMOS3PA   00HS5401,

,Grupa A:,'001,,,,Grupa B:,'002,,,,Grupa C:,'032
,,Obroty silnika,Temperatura,Lambda,Bity binarnie,,Obroty silnika,Obci¹¿enie,Czas wtrysku,Ciœnienie rzecz.,,Lambda,Lambda, , 
,CZAS,,,,,CZAS,,,,,CZAS,,,,
Znacznik,ZAPISU, /min,*C, %,,ZAPISU, /min, %, ms, mbar,ZAPISU, %, %,,
,0.01,0,13.5,0.0,10110110,0.27,0,0.0,0.00,989.4,0.54,99.2,0.0, , 
,0.80,0,13.5,0.0,10110110,1.06,0,0.0,0.00,989.4,1.34,99.2,0.0, , 
,1.62,0,13.5,0.0,10110110,1.90,0,0.0,0.00,989.4,2.16,99.2,0.0, , 
,2.43,0,13.5,0.0,10110110,2.69,0,0.0,0.00,989.4,2.96,99.2,0.0, , 
,3.22,0,13.5,0.0,10110110,3.49,0,0.0,0.00,989.4,3.75,99.2,0.0, , 
,4.02,0,13.5,0.0,10110110,4.28,0,0.0,0.00,989.4,4.55,99.2,0.0, , 
,4.82,0,13.5,0.0,10110110,5.08,0,0.0,0.00,989.4,5.35,99.2,0.0, , 
,5.61,0,13.5,0.0,10110110,5.88,0,0.0,0.00,989.4,6.15,99.2,0.0, , 
,6.41,0,13.5,0.0,10110110,6.68,0,0.0,0.00,989.4,6.94,99.2,0.0, , 
,7.21,0,13.5,0.0,10110110,7.47,0,0.0,0.00,989.4,7.74,99.2,0.0, , 
,8.00,0,13.5,0.0,10110110,8.27,0,0.0,0.00,989.4,8.54,99.2,0.0, , 
,8.81,0,13.5,0.0,10110110,9.09,0,0.0,0.00,989.4,9.37,99.2,0.0, , 
,9.65,192,13.5,0.0,10110110,9.91,192,100.0,90.64,989.4,10.25,0.0,0.0, , 
,10.59,1344,13.5,0.0,10110110,10.94,1376,45.9,11.33,520.2,11.27,0.0,0.0, , 
,11.57,1152,13.5,0.0,10110110,11.88,1088,50.2,12.36,550.8,12.19,0.0,0.0, , 
,12.52,1088,13.5,0.0,10110110,12.84,1088,50.2,12.36,571.2,13.15,0.0,0.0, , 
,13.46,1056,13.5,0.0,10110110,13.78,1056,50.2,11.33,571.2,14.09,0.0,0.0, , 
,14.43,1056,13.5,0.0,10110110,14.75,1056,50.2,11.33,571.2,15.09,0.0,0.0, , 
,15.41,1056,13.5,0.0,10110110,15.72,1056,48.6,10.30,550.8,16.03,0.0,0.0, , 
,16.36,1056,13.5,0.0,10110110,16.69,1056,48.6,10.30,550.8,17.01,0.0,0.0, , 
,17.32,1056,13.5,0.0,10110110,17.65,1056,47.1,9.27,520.2,17.94,0.0,0.0, , 
,18.26,1056,13.5,0.0,10110110,18.57,1024,47.1,9.27,550.8,18.89,0.0,0.0, , 
,19.21,1056,13.5,0.0,10110110,19.53,1024,47.1,9.27,520.2,19.85,0.0,0.0, , 
,20.15,1024,13.5,0.0,10110110,20.46,1056,45.9,8.24,499.8,20.77,0.0,0.0, , 
,21.09,1056,13.5,0.0,10110110,21.43,1024,44.3,8.24,499.8,21.72,0.0,0.0, , 
,22.05,1024,13.5,0.0,10110110,22.38,1024,44.3,8.24,499.8,22.68,0.0,0.0, , 
,23.01,1024,13.5,0.0,10110110,23.31,1056,44.3,8.24,499.8,23.63,0.0,0.0, , 
,23.98,1024,13.5,0.0,10110110,24.29,1024,44.3,7.21,499.8,24.59,0.0,0.0, , 
,24.91,1024,13.5,0.0,10110110,25.24,1024,42.7,7.21,499.8,25.54,0.0,0.0, , 
,25.84,1024,13.5,0.0,10110110,26.16,1024,41.2,7.21,479.4,26.50,0.0,0.0, , 
,26.85,1024,13.5,0.0,10110110,27.17,1024,41.2,7.21,479.4,27.44,0.0,0.0, , 
,27.78,992,13.5,0.0,10110110,28.12,992,40.0,6.18,459.0,28.41,0.0,0.0, , 
,28.72,1088,15.0,0.0,10100010,29.05,1184,41.2,6.18,459.0,29.37,0.0,0.0, , 
,29.66,832,15.0,0.0,10100010,29.97,1056,56.1,9.27,612.0,30.30,0.0,0.0, , 
,30.60,1056,15.0,0.0,10100010,30.91,864,53.3,13.39,591.6,31.22,0.0,0.0, , 
,31.53,864,15.0,0.0,10100010,31.82,960,57.6,8.24,632.4,32.13,0.0,0.0, , 
,32.44,1152,15.0,0.0,10110110,32.75,1184,38.4,5.15,438.6,33.10,0.0,0.0, , 
,33.41,1152,15.0,0.0,10110110,33.72,1088,38.4,6.18,438.6,34.03,0.0,0.0, , 
,34.34,1088,15.0,0.0,10110110,34.62,992,41.2,6.18,459.0,34.92,0.0,0.0, , 
,35.19,992,15.0,0.0,10110110,35.51,1024,41.2,6.18,479.4,35.81,0.0,0.0, , 
,36.12,1024,15.0,0.0,10110110,36.47,992,38.4,6.18,459.0,36.79,0.0,0.0, , 
,37.10,992,15.0,0.0,10100010,37.40,1120,48.6,9.27,550.8,37.74,0.0,0.0, , 
,38.03,928,15.0,0.0,10100010,38.36,1024,54.5,8.24,612.0,38.82,0.0,0.0, , 
,39.15,1376,16.5,0.0,10100010,39.49,1312,40.0,6.18,459.0,39.83,0.0,0.0, , 
,40.13,1312,16.5,0.0,10100010,40.45,1216,44.3,7.21,499.8,40.78,0.0,0.0, , 
,41.08,1024,16.5,0.0,10100010,41.39,992,53.3,9.27,591.6,41.70,0.0,0.0, , 
,42.03,960,16.5,0.0,10100010,42.36,1024,60.4,12.36,652.8,42.68,0.0,0.0, , 
,42.98,1312,16.5,0.0,10100010,43.29,1440,57.6,9.27,632.4,43.65,0.0,0.0, , 
,43.99,1664,16.5,0.0,10100010,44.35,1760,48.6,7.21,520.2,44.72,0.0,0.0, , 
,45.09,1920,16.5,0.0,10100010,45.44,1984,41.2,6.18,459.0,45.81,0.0,0.0, , 
,46.16,2016,16.5,0.0,10100000,46.52,2048,35.3,5.15,397.8,46.88,0.0,0.0, , 
,47.23,2016,16.5,-5.9,10101000,47.57,2016,34.1,4.12,377.4,47.94,0.0,0.0, , 
,48.30,1984,18.0,-5.9,10101000,48.65,2016,34.1,4.12,397.8,48.99,0.0,0.0, , 
,49.33,2112,18.0,0.0,10101000,49.68,2176,44.3,7.21,479.4,50.00,0.0,0.0, , 
,50.35,2304,18.0,0.0,10101000,50.69,2368,40.0,6.18,438.6,51.05,0.0,0.0, , 
,51.39,2496,18.0,2.3,10101000,51.74,2304,0.0,0.00,336.6,52.05,0.0,0.0, , 
,52.38,1216,18.0,0.0,10101010,52.72,1408,35.3,6.18,418.2,53.05,0.0,0.0, , 
,53.39,1376,18.0,0.0,10101010,53.73,1376,47.1,8.24,520.2,54.06,0.0,0.0, , 
,54.51,1440,18.0,0.0,10101010,54.86,1504,50.2,9.27,571.2,55.25,0.0,0.0, , 
,55.60,1600,18.0,-1.2,10101010,55.93,1632,45.9,7.21,499.8,56.30,0.0,0.0, , 
,56.67,1696,18.0,-3.1,10101010,57.05,1728,44.3,7.21,499.8,57.44,0.0,0.0, , 
,57.83,1792,19.5,-6.6,10101010,58.22,1792,42.7,6.18,459.0,58.58,0.0,0.0, , 
,58.93,1856,19.5,0.0,10101010,59.29,1888,45.9,7.21,499.8,59.66,0.0,0.0, , 
,60.03,1920,19.5,-7.0,10101010,60.42,1952,35.3,4.12,397.8,60.80,0.0,0.0, , 
,61.17,1952,19.5,-8.6,10101010,61.53,1920,35.3,5.15,418.2,61.90,0.0,0.0, , 
,62.24,1952,19.5,-2.0,10101010,62.60,2016,38.4,5.15,418.2,62.94,0.0,0.0, , 
,63.29,2048,19.5,-1.2,10101000,63.60,1472,0.0,0.00,377.4,63.89,0.0,0.0, , 
,64.23,1280,19.5,0.0,10111110,64.54,1280,34.1,6.18,418.2,64.84,0.0,0.0, , 
,65.16,1248,21.0,-1.6,10111110,65.48,1152,34.1,5.15,397.8,65.79,0.0,0.0, , 
,66.10,1056,21.0,-6.3,10111110,66.37,1024,38.4,5.15,438.6,66.69,0.0,0.0, , 
,67.03,960,21.0,-4.7,10111110,67.32,992,38.4,5.15,459.0,67.62,0.0,0.0, , 
,67.91,960,21.0,-2.7,10111110,68.24,960,40.0,6.18,459.0,68.55,0.0,0.0, , 
,68.88,960,21.0,0.0,10111110,69.20,960,40.0,6.18,459.0,69.54,0.0,0.0, , 
,69.86,928,21.0,4.3,10101010,70.19,1152,53.3,16.48,571.2,70.57,0.0,0.0, , 
,70.94,1632,21.0,0.0,10101010,71.22,1536,69.4,12.36,714.0,71.52,0.0,0.0, , 
,71.89,1440,21.0,0.0,10101010,72.24,1664,66.3,11.33,693.6,72.60,0.0,0.0, , 
,72.95,2016,21.0,0.0,10101000,73.32,2112,40.0,2.06,459.0,73.63,0.0,0.0, , 
,73.97,1248,21.0,0.0,10101010,74.30,1152,42.7,7.21,479.4,74.61,0.0,0.0, , 
,74.94,1248,22.5,0.0,10101010,75.25,1312,71.0,8.24,775.2,75.62,0.0,0.0, , 
,75.98,1504,22.5,0.0,10101010,76.33,1568,60.4,10.30,632.4,76.69,0.0,0.0, , 
,77.06,1760,22.5,-4.3,10101010,77.44,1824,57.6,8.24,612.0,77.80,0.0,0.0, , 
,78.16,1984,22.5,-10.9,10101010,78.52,2048,47.1,6.18,499.8,78.87,0.0,0.0, , 
,79.22,2208,22.5,-8.6,10101000,79.56,2240,44.3,6.18,479.4,79.91,0.0,0.0, , 
,80.24,2368,22.5,-1.6,10101000,80.58,2432,45.9,6.18,479.4,80.93,0.0,0.0, , 
,81.26,2528,22.5,0.0,10111100,81.57,1792,0.0,0.00,336.6,81.88,0.0,0.0, , 
,82.20,1152,22.5,0.0,10111110,82.56,1280,34.1,5.15,418.2,82.91,0.0,0.0, , 
,83.29,1728,24.0,-6.3,10101010,83.64,1760,28.2,4.12,336.6,84.00,0.0,0.0, , 
,84.40,1760,24.0,-10.2,10101010,84.77,1792,26.7,4.12,336.6,85.12,0.0,0.0, , 
,85.48,1824,24.0,-12.1,10101010,85.85,1824,26.7,3.09,336.6,86.22,0.0,0.0, , 
,86.57,1856,24.0,-9.4,10101010,86.94,1888,25.1,3.09,316.2,87.29,0.0,0.0, , 
,87.64,1888,24.0,-7.0,10111110,88.01,1888,25.1,3.09,316.2,88.38,0.0,0.0, , 
,88.74,1888,24.0,-2.3,10111110,89.12,1888,25.1,3.09,316.2,89.48,0.0,0.0, , 
,89.85,1856,24.0,2.0,10111110,90.23,1856,25.1,4.12,316.2,90.60,0.0,0.0, , 
,90.96,1824,24.0,5.1,10111110,91.33,1856,26.7,4.12,336.6,91.69,0.0,0.0, , 
,92.07,1856,25.5,5.9,10111110,92.41,1856,26.7,4.12,336.6,92.78,0.0,0.0, , 
,93.15,1856,25.5,5.9,10111110,93.52,1856,26.7,4.12,336.6,93.88,0.0,0.0, , 
,94.21,1856,25.5,6.3,10111110,94.57,1856,25.1,4.12,316.2,94.93,0.0,0.0, , 
,95.27,1760,25.5,6.3,10111110,95.64,1696,29.4,4.12,357.0,96.01,0.0,0.0, , 
,96.39,1568,25.5,9.4,10111110,96.80,1472,31.0,5.15,377.4,97.14,0.0,0.0, , 
,97.48,1312,25.5,10.5,10111110,97.81,1248,32.5,5.15,397.8,98.15,0.0,0.0, , 
,98.47,1184,25.5,9.4,10111110,98.81,1184,34.1,5.15,418.2,99.13,0.0,0.0, , 
,99.45,1184,25.5,8.2,10111110,99.78,1216,34.1,5.15,397.8,100.09,0.0,0.0, , 
,100.39,1152,25.5,8.6,10111110,100.72,1088,36.9,5.15,438.6,101.03,0.0,0.0, , 
,101.35,1024,27.0,8.6,10111110,101.68,1024,40.0,6.18,459.0,102.00,0.0,0.0, , 
,102.33,1024,27.0,8.2,10111110,102.65,1088,38.4,6.18,459.0,102.95,0.0,0.0, , 
,103.26,1120,27.0,5.1,10101010,103.58,1120,40.0,6.18,479.4,103.92,0.0,0.0, , 
,104.25,1184,27.0,7.0,10101010,104.58,1216,42.7,7.21,479.4,104.93,0.0,0.0, , 
,105.28,1280,27.0,9.4,10101010,105.63,1312,48.6,8.24,550.8,105.97,0.0,0.0, , 
,106.30,1408,27.0,9.4,10101010,106.75,1472,40.0,6.18,459.0,107.19,0.0,0.0, , 
,107.55,1536,27.0,2.7,10101010,107.89,1568,31.0,4.12,377.4,108.25,0.0,0.0, , 
,108.60,1600,27.0,0.0,10111110,108.94,1568,29.4,4.12,377.4,109.26,0.0,0.0, , 
,109.56,1536,27.0,-0.8,10111110,109.83,1472,31.0,4.12,377.4,110.19,0.0,0.0, , 
,110.53,1376,27.0,2.0,10111110,110.85,1280,32.5,5.15,397.8,111.14,0.0,0.0, , 
,111.48,1312,28.5,4.3,10111110,111.81,1344,31.0,4.12,377.4,112.13,0.0,0.0, , 
,112.46,1376,28.5,4.3,10101010,112.82,1376,34.1,5.15,397.8,113.13,0.0,0.0, , 
,113.59,1472,28.5,5.9,10101010,113.88,1504,32.5,5.15,397.8,114.26,0.0,0.0, , 
,114.62,1568,28.5,5.9,10101010,114.95,1600,34.1,5.15,397.8,115.29,0.0,0.0, , 
,115.61,1696,28.5,8.6,10101010,116.01,1728,32.5,5.15,397.8,116.35,0.0,0.0, , 
,116.65,1600,28.5,0.0,10111110,116.93,1056,35.3,5.15,418.2,117.23,0.0,0.0, , 
,117.54,1216,28.5,0.0,10111110,117.85,1184,32.5,5.15,397.8,118.16,0.0,0.0, , 
,118.48,1120,28.5,-2.3,10111110,118.80,1088,34.1,5.15,418.2,119.07,0.0,0.0, , 
,119.37,960,28.5,-5.1,10111110,119.67,992,36.9,5.15,459.0,120.01,0.0,0.0, , 
,120.32,992,28.5,-3.9,10111110,120.63,960,36.9,5.15,438.6,120.95,0.0,0.0, , 
,121.26,960,28.5,-2.7,10111110,121.55,960,36.9,5.15,438.6,121.86,0.0,0.0, , 
,122.16,928,28.5,-1.2,10111110,122.47,928,36.9,5.15,459.0,122.80,0.0,0.0, , 
,123.12,928,30.0,0.8,10111110,123.44,928,35.3,5.15,438.6,123.76,0.0,0.0, , 
,124.06,896,30.0,1.6,10111110,124.37,864,36.9,5.15,459.0,124.67,0.0,0.0, , 
,124.99,896,30.0,3.1,10111110,125.32,896,36.9,5.15,459.0,125.64,0.0,0.0, , 
,125.94,896,30.0,5.5,10111110,126.23,896,35.3,5.15,459.0,126.54,0.0,0.0, , 
,126.84,864,30.0,4.7,10111110,127.16,864,32.5,5.15,418.2,127.46,0.0,0.0, , 
,127.75,864,30.0,0.8,10111110,128.05,864,34.1,5.15,438.6,128.36,0.0,0.0, , 
,128.67,864,30.0,-1.2,10111110,128.97,864,35.3,5.15,438.6,129.27,0.0,0.0, , 
,129.58,864,30.0,0.4,10111110,129.90,896,35.3,5.15,438.6,130.21,0.0,0.0, , 
,130.52,864,30.0,2.7,10111110,130.82,896,51.8,13.39,550.8,131.16,0.0,0.0, , 
,131.54,1632,30.0,0.0,10101010,131.84,960,81.2,17.51,846.6,132.23,0.0,0.0, , 
,132.58,1792,31.5,0.0,10101010,132.93,2144,59.2,2.06,652.8,133.32,0.0,0.0, , 
,133.66,1312,31.5,0.0,10101010,133.97,1344,67.8,12.36,714.0,134.34,0.0,0.0, , 
,134.67,1504,31.5,0.0,10101010,135.02,1632,48.6,6.18,571.2,135.40,0.0,0.0, , 
,135.75,1728,31.5,0.0,10101010,136.15,1760,28.2,3.09,336.6,136.48,0.0,0.0, , 
,136.86,1792,31.5,-19.1,10111110,137.21,1824,26.7,3.09,336.6,137.57,0.0,0.0, , 
,137.94,1760,31.5,-17.6,10111110,138.30,1728,28.2,3.09,357.0,138.67,0.0,0.0, , 
,139.00,1632,31.5,-2.7,10111110,139.38,1568,29.4,4.12,357.0,139.64,0.0,0.0, , 
,139.99,1408,31.5,0.4,10111110,140.32,1344,31.0,4.12,377.4,140.63,0.0,0.0, , 
,140.96,1280,31.5,3.9,10111110,141.29,1248,31.0,4.12,397.8,141.61,0.0,0.0, , 
,141.93,1216,33.0,4.7,10101010,142.25,1216,35.3,5.15,418.2,142.58,0.0,0.0, , 
,142.92,1312,33.0,0.0,10101010,143.26,1344,69.4,12.36,734.4,143.52,0.0,0.0, , 
,143.89,1568,33.0,0.0,10101010,144.24,1728,76.9,13.39,795.6,144.61,0.0,0.0, , 
,144.97,1952,33.0,0.0,10101010,145.32,2080,69.4,10.30,714.0,145.64,0.0,0.0, , 
,146.00,2304,33.0,-0.4,10101000,146.35,2400,62.0,9.27,652.8,146.68,0.0,0.0, , 
,147.05,1920,33.0,0.0,10111110,147.36,1216,32.5,5.15,397.8,147.68,0.0,0.0, , 
,148.05,1696,33.0,0.0,10101010,148.41,1664,28.2,4.12,357.0,148.79,0.0,0.0, , 
,149.14,1664,33.0,-4.3,10101010,149.48,1664,48.6,8.24,550.8,149.85,0.0,0.0, , 
,150.22,1728,33.0,0.0,10101010,150.60,1792,67.8,10.30,714.0,150.96,0.0,0.0, , 
,151.32,1856,33.0,-1.2,10101010,151.69,1920,59.2,9.27,632.4,152.06,0.0,0.0, , 
,152.40,1984,33.0,-0.8,10101000,152.74,2048,51.8,7.21,571.2,153.09,0.0,0.0, , 
,153.42,2048,33.0,0.0,11101000,153.77,2080,47.1,7.21,520.2,154.11,0.0,0.0, , 
,154.47,2112,34.5,2.3,11101000,154.80,2144,51.8,7.21,550.8,155.13,0.0,0.0, , 
,155.47,2208,34.5,4.7,11101000,155.81,2208,51.8,7.21,550.8,156.12,0.0,0.0, , 
,156.46,2272,34.5,6.3,11101000,156.80,2304,50.2,7.21,520.2,157.15,0.0,0.0, , 
,157.49,2336,34.5,5.9,11101000,157.83,2368,47.1,7.21,499.8,158.19,0.0,0.0, , 
,158.57,2432,34.5,3.9,11101000,158.91,2432,41.2,6.18,459.0,159.27,0.0,0.0, , 
,159.64,2464,34.5,4.7,11101000,159.96,2464,53.3,8.24,571.2,160.32,0.0,0.0, , 
,160.66,2528,34.5,8.6,11101000,161.01,2560,59.2,9.27,612.0,161.33,0.0,0.0, , 
,161.67,2272,34.5,0.0,11111100,162.03,1568,0.0,0.00,377.4,162.34,0.0,0.0, , 
,162.70,1216,36.0,0.0,11111110,163.02,1696,26.7,4.12,336.6,163.40,0.0,0.0, , 
,163.76,1824,36.0,-9.4,11101010,164.12,1824,25.1,3.09,316.2,164.48,0.0,0.0, , 
,164.82,1792,36.0,-10.9,11101010,165.21,1792,29.4,4.12,377.4,165.55,0.0,0.0, , 
,165.93,1792,36.0,-3.9,11101010,166.27,1792,36.9,5.15,438.6,166.60,0.0,0.0, , 
,166.97,1792,36.0,2.3,11101010,167.34,1792,36.9,5.15,438.6,167.69,0.0,0.0, , 
,168.02,1792,36.0,5.9,11101010,168.40,1792,36.9,5.15,438.6,168.75,0.0,0.0, , 
,169.12,1792,36.0,7.0,11111110,169.53,1792,26.7,4.12,336.6,169.90,0.0,0.0, , 
,170.27,1760,36.0,2.3,11111110,170.64,1728,28.2,4.12,357.0,171.01,0.0,0.0, , 
,171.38,1632,36.0,4.3,11111110,171.76,1632,28.2,4.12,357.0,172.13,0.0,0.0, , 
,172.51,1600,37.5,7.4,11111110,172.83,1568,29.4,4.12,357.0,173.19,0.0,0.0, , 
,173.52,1568,37.5,9.4,11101010,173.92,1568,28.2,4.12,357.0,174.24,0.0,0.0, , 
,174.60,1472,37.5,10.5,11111110,174.93,1408,29.4,4.12,377.4,175.25,0.0,0.0, , 
,175.57,1312,37.5,8.6,11111110,175.91,1248,31.0,4.12,377.4,176.22,0.0,0.0, , 
,176.56,1248,37.5,5.9,11111110,176.87,1248,31.0,4.12,377.4,177.19,0.0,0.0, , 
,177.51,1184,37.5,6.3,11111110,177.84,1184,31.0,4.12,397.8,178.14,0.0,0.0, , 
,178.45,1216,37.5,0.0,11111110,178.76,1216,35.3,4.12,438.6,179.10,0.0,0.0, , 
,179.37,992,39.0,0.0,11111110,179.67,1024,40.0,6.18,479.4,180.03,0.0,0.0, , 
,180.39,1568,39.0,0.0,11101010,180.77,1600,71.0,15.45,734.4,181.11,0.0,0.0, , 
,181.48,1696,39.0,0.0,11101010,181.81,1760,78.4,13.39,795.6,182.18,0.0,0.0, , 
,182.54,1888,39.0,0.0,11101010,182.90,1952,79.6,12.36,826.2,183.26,0.0,0.0, , 
,183.63,2048,39.0,0.8,11101000,183.98,2112,75.3,11.33,775.2,184.32,0.0,0.0, , 
,184.64,2208,39.0,2.0,11101000,184.97,2240,73.7,11.33,754.8,185.32,0.0,0.0, , 
,185.66,2368,39.0,4.3,11101000,186.01,2400,75.3,12.36,754.8,186.37,0.0,0.0, , 
,186.71,2496,39.0,5.5,11101000,187.03,2560,72.2,11.33,734.4,187.37,0.0,0.0, , 
,187.70,2656,39.0,6.6,11101000,188.01,2688,81.2,13.39,795.6,188.35,0.0,0.0, , 
,188.70,2784,39.0,3.5,11101000,189.05,2848,81.2,10.30,795.6,189.39,0.0,0.0, , 
,189.73,1952,40.5,0.0,11111110,190.04,1344,29.4,4.12,377.4,190.38,0.0,0.0, , 
,190.72,2080,40.5,0.0,11101000,191.07,2080,60.4,10.30,652.8,191.40,0.0,0.0, , 
,191.74,2080,40.5,0.0,11101000,192.09,2112,66.3,10.30,693.6,192.43,0.0,0.0, , 
,192.77,2144,40.5,0.0,11101000,193.11,2144,29.4,3.09,357.0,193.46,0.0,0.0, , 
,193.79,2144,40.5,0.0,11101000,194.12,2176,54.5,8.24,591.6,194.44,0.0,0.0, , 
,194.79,2176,40.5,0.0,11101000,195.13,2176,62.0,9.27,652.8,195.46,0.0,0.0, , 
,195.80,2208,40.5,3.5,11101000,196.14,2240,62.0,9.27,652.8,196.47,0.0,0.0, , 
,196.82,2240,40.5,5.5,11101000,197.16,2272,60.4,9.27,632.4,197.50,0.0,0.0, , 
,197.84,2304,40.5,5.5,11101000,198.16,2304,59.2,9.27,632.4,198.51,0.0,0.0, , 
,198.85,2336,40.5,3.9,11101000,199.19,2336,51.8,7.21,550.8,199.54,0.0,0.0, , 
,199.86,2336,40.5,2.0,11101000,200.19,2336,40.0,5.15,459.0,200.54,0.0,0.0, , 
,200.87,2336,42.0,0.0,11101000,201.20,2336,38.4,5.15,438.6,201.53,0.0,0.0, , 
,201.85,2336,42.0,1.2,11101000,202.19,2336,36.9,5.15,418.2,202.53,0.0,0.0, , 
,202.88,2336,42.0,3.1,11101000,203.23,2304,36.9,5.15,418.2,203.56,0.0,0.0, , 
,203.88,2304,42.0,4.7,11101000,204.22,2304,36.9,5.15,418.2,204.54,0.0,0.0, , 
,204.90,2304,42.0,3.1,11101000,205.23,2304,32.5,4.12,377.4,205.58,0.0,0.0, , 
,205.92,2272,42.0,3.9,11101000,206.28,2272,31.0,4.12,377.4,206.62,0.0,0.0, , 
,206.95,2240,42.0,1.2,11101000,207.28,2240,22.0,3.09,295.8,207.62,0.0,0.0, , 
,207.96,2240,42.0,0.8,11101000,208.30,2240,28.2,4.12,336.6,208.65,0.0,0.0, , 
,208.97,2208,42.0,4.7,11101000,209.32,2208,44.3,7.21,499.8,209.65,0.0,0.0, , 
,209.99,2208,43.5,9.8,11101000,210.33,2208,44.3,6.18,479.4,210.68,0.0,0.0, , 
,211.00,2208,43.5,12.1,11101000,211.34,2208,48.6,7.21,520.2,211.66,0.0,0.0, , 
,211.99,2240,43.5,10.5,11101000,212.34,2240,42.7,6.18,479.4,212.67,0.0,0.0, , 
,213.00,2240,43.5,7.4,11101000,213.34,2240,40.0,6.18,459.0,213.67,0.0,0.0, , 
,214.02,2240,43.5,7.0,11101000,214.34,2240,41.2,6.18,459.0,214.68,0.0,0.0, , 
,215.01,2240,43.5,6.6,11101000,215.35,2240,41.2,6.18,459.0,215.68,0.0,0.0, , 
,216.03,2240,43.5,6.6,11101000,216.37,2240,41.2,6.18,479.4,216.71,0.0,0.0, , 
,217.05,2240,43.5,7.4,11101000,217.40,2240,44.3,6.18,479.4,217.73,0.0,0.0, , 
,218.06,2240,43.5,9.4,11101000,218.42,2240,50.2,7.21,550.8,218.76,0.0,0.0, , 
,219.11,2272,43.5,8.6,11101000,219.44,2272,50.2,7.21,550.8,219.78,0.0,0.0, , 
,220.12,2272,43.5,8.2,11101000,220.44,2272,48.6,7.21,550.8,220.78,0.0,0.0, , 
,221.11,2304,43.5,7.4,11101000,221.45,2304,53.3,8.24,571.2,221.76,0.0,0.0, , 
,222.08,2336,45.0,8.2,11101000,222.41,2336,59.2,9.27,632.4,222.74,0.0,0.0, , 
,223.10,2368,45.0,7.8,11101000,223.41,2368,59.2,9.27,612.0,223.76,0.0,0.0, , 
,224.07,2400,45.0,4.7,11101000,224.45,2400,48.6,7.21,520.2,224.79,0.0,0.0, , 
,225.10,2400,45.0,3.5,11101000,225.45,2400,50.2,7.21,550.8,225.81,0.0,0.0, , 
,226.15,2432,45.0,7.4,11101000,226.50,2432,48.6,7.21,520.2,226.88,0.0,0.0, , 
,227.23,2432,45.0,8.2,11101000,227.59,2432,47.1,7.21,499.8,227.94,0.0,0.0, , 
,228.29,2432,45.0,8.2,11101000,228.60,2464,45.9,7.21,499.8,228.97,0.0,0.0, , 
,229.33,2464,45.0,9.0,11101000,229.68,2464,44.3,6.18,479.4,230.07,0.0,0.0, , 
,230.39,2464,45.0,8.2,11101000,230.74,2464,42.7,6.18,479.4,231.09,0.0,0.0, , 
,231.47,2464,45.0,8.6,11101000,231.83,2464,42.7,6.18,479.4,232.17,0.0,0.0, , 
,232.54,2464,45.0,8.2,11101000,232.88,2464,42.7,6.18,459.0,233.24,0.0,0.0, , 
,233.56,2464,45.0,7.4,11101000,233.90,2464,42.7,6.18,459.0,234.26,0.0,0.0, , 
,234.64,2464,46.5,7.8,11101000,235.00,2464,42.7,6.18,459.0,235.35,0.0,0.0, , 
,235.69,2496,46.5,7.8,11101000,236.03,2464,42.7,6.18,479.4,236.39,0.0,0.0, , 
,236.77,2464,46.5,8.2,11101000,237.14,2464,42.7,6.18,459.0,237.51,0.0,0.0, , 
,237.87,2496,46.5,8.6,11101000,238.23,2496,41.2,6.18,459.0,238.58,0.0,0.0, , 
,238.94,2464,46.5,5.5,11101000,239.30,2496,35.3,5.15,397.8,239.67,0.0,0.0, , 
,239.99,2464,46.5,5.9,11101000,240.37,2464,34.1,5.15,397.8,240.72,0.0,0.0, , 
,241.07,2464,46.5,6.6,11101000,241.41,2432,34.1,5.15,397.8,241.76,0.0,0.0, , 
,242.11,2432,46.5,7.4,11101000,242.48,2432,35.3,5.15,397.8,242.85,0.0,0.0, , 
,243.19,2432,46.5,7.8,11101000,243.53,2400,35.3,5.15,418.2,243.86,0.0,0.0, , 
,244.20,2400,46.5,7.8,11101000,244.53,2400,34.1,5.15,397.8,244.87,0.0,0.0, , 
,245.23,2400,46.5,8.2,11101000,245.54,2400,35.3,5.15,397.8,245.90,0.0,0.0, , 
,246.26,2400,46.5,9.4,11101000,246.63,2368,35.3,5.15,397.8,246.99,0.0,0.0, , 
,247.34,2400,46.5,8.6,11101000,247.73,2368,35.3,5.15,418.2,248.03,0.0,0.0, , 
,248.38,2400,48.0,9.4,11101000,248.76,2400,35.3,5.15,418.2,249.15,0.0,0.0, , 
,249.53,2400,48.0,9.4,11101000,249.87,2400,35.3,5.15,397.8,250.24,0.0,0.0, , 
,250.61,2432,48.0,9.0,11101000,250.99,2432,35.3,5.15,397.8,251.34,0.0,0.0, , 
,251.72,2432,48.0,8.2,11101000,252.10,2464,32.5,5.15,377.4,252.44,0.0,0.0, , 
,252.78,2464,48.0,7.8,11101000,253.11,2496,32.5,4.12,377.4,253.45,0.0,0.0, , 
,253.80,2496,48.0,7.8,11101000,254.12,2528,31.0,4.12,377.4,254.46,0.0,0.0, , 
,254.80,2528,48.0,8.2,11101000,255.15,2528,29.4,4.12,357.0,255.49,0.0,0.0, , 
,255.86,2528,48.0,5.5,11101000,256.23,2560,22.0,3.09,275.4,256.56,0.0,0.0, , 
,256.91,2560,48.0,3.1,11111100,257.26,2528,20.8,3.09,275.4,257.57,0.0,0.0, , 
,257.90,2528,48.0,0.0,11111100,258.25,2528,0.0,0.00,275.4,258.57,0.0,0.0, , 
,258.93,2496,48.0,0.0,11101000,259.30,2496,19.2,3.09,275.4,259.64,0.0,0.0, , 
,259.99,2464,48.0,0.0,11101000,260.35,2496,20.8,3.09,275.4,260.68,0.0,0.0, , 
,261.02,2496,48.0,-3.1,11101000,261.36,2496,22.0,3.09,295.8,261.69,0.0,0.0, , 
,261.99,2496,48.0,1.6,11101000,262.35,2496,28.2,4.12,336.6,262.68,0.0,0.0, , 
,263.04,2528,48.0,9.0,11101000,263.38,2528,36.9,5.15,418.2,263.71,0.0,0.0, , 
,264.07,2528,48.0,12.9,11101000,264.43,2560,41.2,6.18,459.0,264.76,0.0,0.0, , 
,265.12,2592,48.0,14.8,11101000,265.48,2592,44.3,7.21,479.4,265.85,0.0,0.0, , 
,266.19,2624,48.0,14.8,11101000,266.53,2624,44.3,7.21,479.4,266.87,0.0,0.0, , 
,267.18,2656,49.5,14.1,11101000,267.52,2656,50.2,8.24,550.8,267.89,0.0,0.0, , 
,268.24,2688,49.5,12.9,11101000,268.58,2720,59.2,9.27,612.0,268.92,0.0,0.0, , 
,269.25,2752,49.5,0.0,11101000,269.56,2784,67.8,9.27,693.6,269.91,0.0,0.0, , 
,270.23,2816,49.5,0.0,11101000,270.59,2848,87.1,14.42,867.0,270.92,0.0,0.0, , 
,271.26,2560,49.5,0.0,11111100,271.60,1920,0.0,0.00,316.2,271.94,0.0,0.0, , 
,272.28,1760,49.5,0.0,11101010,272.62,2176,29.4,4.12,357.0,272.96,0.0,0.0, , 
,273.31,2208,49.5,0.0,11101000,273.64,2240,78.4,12.36,795.6,273.96,0.0,0.0, , 
,274.31,2240,49.5,0.0,11101000,274.64,2272,76.9,11.33,775.2,274.98,0.0,0.0, , 
,275.32,2272,49.5,3.1,11101000,275.67,2304,75.3,11.33,775.2,275.99,0.0,0.0, , 
,276.34,2304,49.5,5.1,11101000,276.66,2336,75.3,11.33,775.2,277.00,0.0,0.0, , 
,277.33,2336,49.5,5.5,11101000,277.66,2368,73.7,11.33,754.8,278.02,0.0,0.0, , 
,278.35,2368,49.5,6.3,11101000,278.67,2400,73.7,11.33,754.8,279.01,0.0,0.0, , 
,279.35,2400,49.5,6.3,11101000,279.70,2432,66.3,10.30,693.6,280.07,0.0,0.0, , 
,280.41,2432,49.5,1.6,11101000,280.74,2432,57.6,8.24,612.0,281.07,0.0,0.0, , 
,281.44,2432,49.5,3.9,11101000,281.78,2432,57.6,8.24,612.0,282.12,0.0,0.0, , 
,282.49,2432,49.5,4.7,11101000,282.84,2464,57.6,8.24,612.0,283.20,0.0,0.0, , 
,283.53,2464,49.5,5.5,11101000,283.87,2464,59.2,9.27,632.4,284.23,0.0,0.0, , 
,284.59,2464,49.5,5.9,11101000,284.94,2464,59.2,9.27,632.4,285.28,0.0,0.0, , 
,285.60,2496,51.0,0.0,11101000,285.91,2496,73.7,10.30,754.8,286.24,0.0,0.0, , 
,286.57,2528,51.0,3.5,11101000,286.94,2528,72.2,11.33,754.8,287.28,0.0,0.0, , 
,287.64,2560,51.0,5.9,11101000,287.99,2560,72.2,11.33,734.4,288.32,0.0,0.0, , 
,288.66,2560,51.0,5.9,11101000,289.00,2592,67.8,10.30,714.0,289.33,0.0,0.0, , 
,289.68,2592,51.0,4.3,11101000,290.02,2592,63.5,9.27,673.2,290.33,0.0,0.0, , 
,290.66,2592,51.0,4.7,11101000,290.98,2624,62.0,9.27,652.8,291.36,0.0,0.0, , 
,291.69,2624,51.0,4.7,11101000,292.02,2624,57.6,8.24,612.0,292.38,0.0,0.0, , 
,292.72,2624,51.0,4.3,11101000,293.08,2624,56.1,8.24,591.6,293.41,0.0,0.0, , 
,293.76,2624,51.0,5.5,11101000,294.09,2624,57.6,9.27,612.0,294.42,0.0,0.0, , 
,294.77,2624,51.0,6.6,11101000,295.09,2624,66.3,10.30,693.6,295.42,0.0,0.0, , 
,295.77,2624,51.0,7.0,11101000,296.11,2656,66.3,10.30,693.6,296.44,0.0,0.0, , 
,296.76,2656,52.5,0.0,11101000,297.10,2656,50.2,7.21,550.8,297.44,0.0,0.0, , 
,297.80,2656,52.5,2.3,11101000,298.16,2656,51.8,7.21,550.8,298.49,0.0,0.0, , 
,298.83,2656,52.5,4.7,11101000,299.20,2656,50.2,7.21,550.8,299.56,0.0,0.0, , 
,299.91,2656,52.5,6.3,11101000,300.28,2656,51.8,7.21,550.8,300.64,0.0,0.0, , 
,300.99,2656,52.5,5.9,11101000,301.36,2656,50.2,7.21,550.8,301.72,0.0,0.0, , 
,302.08,2656,52.5,6.3,11101000,302.44,2656,51.8,7.21,550.8,302.78,0.0,0.0, , 
,303.16,2656,52.5,5.9,11101000,303.52,2656,51.8,7.21,550.8,303.88,0.0,0.0, , 
,304.24,2656,52.5,5.5,11101000,304.61,2656,50.2,7.21,550.8,304.95,0.0,0.0, , 
,305.28,2656,52.5,5.9,11101000,305.61,2656,51.8,7.21,550.8,305.95,0.0,0.0, , 
,306.30,2656,52.5,5.9,11101000,306.65,2656,50.2,7.21,550.8,307.01,0.0,0.0, , 
,307.35,2624,52.5,5.5,11101000,307.69,2624,50.2,7.21,550.8,308.02,0.0,0.0, , 
,308.36,2624,52.5,5.5,11101000,308.72,2624,51.8,7.21,550.8,309.06,0.0,0.0, , 
,309.41,2624,52.5,5.9,11101000,309.75,2624,50.2,7.21,550.8,310.09,0.0,0.0, , 
,310.42,2624,54.0,5.5,11101000,310.77,2624,51.8,7.21,571.2,311.11,0.0,0.0, , 
,311.42,2624,54.0,5.5,11101000,311.76,2624,51.8,7.21,550.8,312.12,0.0,0.0, , 
,312.46,2624,54.0,5.5,11101000,312.83,2624,51.8,7.21,550.8,313.16,0.0,0.0, , 
,313.48,2624,54.0,5.5,11101000,313.81,2624,51.8,7.21,571.2,314.14,0.0,0.0, , 
,314.48,2624,54.0,5.1,11101000,314.84,2624,51.8,7.21,571.2,315.17,0.0,0.0, , 
,315.52,2592,54.0,5.9,11101000,315.86,2592,51.8,7.21,571.2,316.19,0.0,0.0, , 
,316.50,2592,54.0,6.3,11101000,316.84,2592,51.8,7.21,571.2,317.19,0.0,0.0, , 
,317.54,2592,54.0,5.9,11101000,317.89,2592,51.8,7.21,571.2,318.24,0.0,0.0, , 
,318.58,2592,54.0,5.9,11101000,318.92,2592,51.8,7.21,571.2,319.27,0.0,0.0, , 
,319.58,2592,54.0,5.5,11101000,319.92,2592,53.3,7.21,571.2,320.26,0.0,0.0, , 
,320.62,2592,54.0,5.1,11101000,320.97,2592,53.3,7.21,571.2,321.29,0.0,0.0, , 
,321.65,2592,54.0,4.7,11101000,322.00,2592,57.6,8.24,612.0,322.33,0.0,0.0, , 
,322.65,2592,54.0,7.0,11101000,323.00,2592,62.0,9.27,652.8,323.33,0.0,0.0, , 
,323.67,2592,54.0,7.0,11101000,324.01,2592,66.3,10.30,693.6,324.36,0.0,0.0, , 
,324.70,2624,54.0,6.6,11101000,325.04,2624,66.3,10.30,693.6,325.38,0.0,0.0, , 
,325.71,2624,55.5,5.9,11101000,326.03,2624,65.1,10.30,693.6,326.37,0.0,0.0, , 
,326.70,2624,55.5,5.1,11101000,327.03,2624,62.0,9.27,652.8,327.36,0.0,0.0, , 
,327.70,2624,55.5,5.5,11101000,328.04,2624,62.0,9.27,652.8,328.37,0.0,0.0, , 
,328.73,2624,55.5,5.5,11101000,329.07,2656,60.4,9.27,652.8,329.42,0.0,0.0, , 
,329.76,2656,55.5,5.5,11101000,330.12,2656,60.4,9.27,652.8,330.48,0.0,0.0, , 
,330.84,2656,55.5,5.5,11101000,331.16,2656,57.6,8.24,612.0,331.48,0.0,0.0, , 
,331.81,2656,55.5,5.1,11101000,332.14,2656,54.5,8.24,591.6,332.46,0.0,0.0, , 
,332.82,2656,55.5,5.9,11101000,333.20,2656,54.5,8.24,591.6,333.56,0.0,0.0, , 
,333.91,2656,55.5,6.3,11101000,334.26,2656,54.5,8.24,591.6,334.63,0.0,0.0, , 
,335.00,2656,55.5,6.6,11101000,335.32,2656,54.5,8.24,591.6,335.67,0.0,0.0, , 
,336.00,2656,55.5,6.6,11101000,336.36,2656,54.5,8.24,591.6,336.70,0.0,0.0, , 
,337.04,2656,55.5,6.6,11101000,337.40,2656,56.1,8.24,591.6,337.78,0.0,0.0, , 
,338.14,2656,55.5,7.0,11101000,338.51,2656,56.1,8.24,591.6,338.87,0.0,0.0, , 
,339.21,2656,57.0,6.6,11101000,339.56,2656,56.1,8.24,612.0,339.91,0.0,0.0, , 
,340.24,2656,57.0,6.6,11101000,340.58,2688,65.1,9.27,693.6,340.91,0.0,0.0, , 
,341.25,2688,57.0,2.0,11101000,341.58,2688,59.2,8.24,632.4,341.90,0.0,0.0, , 
,342.24,2688,57.0,4.7,11101000,342.59,2688,59.2,8.24,632.4,342.95,0.0,0.0, , 
,343.29,2688,57.0,5.5,11101000,343.64,2688,59.2,9.27,632.4,343.96,0.0,0.0, , 
,344.32,2688,57.0,6.3,11101000,344.66,2688,59.2,8.24,632.4,344.98,0.0,0.0, , 
,345.29,2688,57.0,5.9,11101000,345.63,2688,59.2,8.24,632.4,345.96,0.0,0.0, , 
,346.31,2688,57.0,5.9,11101000,346.65,2688,57.6,8.24,632.4,346.98,0.0,0.0, , 
,347.32,2688,57.0,5.1,11101000,347.69,2688,57.6,8.24,632.4,348.02,0.0,0.0, , 
,348.34,2688,57.0,5.1,11101000,348.69,2688,57.6,8.24,612.0,349.04,0.0,0.0, , 
,349.37,2688,57.0,4.7,11101000,349.70,2688,56.1,8.24,612.0,350.05,0.0,0.0, , 
,350.39,2688,57.0,4.7,11101000,350.72,2688,54.5,8.24,591.6,351.06,0.0,0.0, , 
,351.41,2688,57.0,4.7,11101000,351.76,2688,53.3,7.21,591.6,352.10,0.0,0.0, , 
,352.46,2688,57.0,5.5,11101000,352.78,2688,54.5,7.21,591.6,353.13,0.0,0.0, , 
,353.48,2688,57.0,5.9,11101000,353.83,2688,54.5,8.24,591.6,354.18,0.0,0.0, , 
,354.53,2688,57.0,5.9,11101000,354.88,2688,54.5,8.24,591.6,355.20,0.0,0.0, , 
,355.54,2688,57.0,5.9,11101000,355.85,2688,54.5,8.24,591.6,356.18,0.0,0.0, , 
,356.54,2688,57.0,5.9,11101000,356.88,2688,56.1,8.24,591.6,357.21,0.0,0.0, , 
,357.56,2688,57.0,5.9,11101000,357.90,2688,54.5,8.24,591.6,358.22,0.0,0.0, , 
,358.57,2688,58.5,5.5,11101000,358.91,2688,54.5,8.24,591.6,359.25,0.0,0.0, , 
,359.59,2688,58.5,5.9,11101000,359.94,2688,54.5,8.24,591.6,360.27,0.0,0.0, , 
,360.62,2688,58.5,5.5,11101000,360.95,2656,59.2,8.24,632.4,361.30,0.0,0.0, , 
,361.64,2688,58.5,7.0,11101000,361.98,2688,57.6,8.24,632.4,362.35,0.0,0.0, , 
,362.67,2688,58.5,6.3,11101000,363.00,2688,59.2,8.24,632.4,363.34,0.0,0.0, , 
,363.70,2688,58.5,6.3,11101000,364.06,2688,59.2,8.24,632.4,364.40,0.0,0.0, , 
,364.74,2688,58.5,5.9,11101000,365.05,2688,59.2,8.24,632.4,365.37,0.0,0.0, , 
,365.74,2688,58.5,4.7,11101000,366.08,2688,59.2,8.24,632.4,366.42,0.0,0.0, , 
,366.76,2688,58.5,2.0,11101000,367.11,2688,59.2,8.24,632.4,367.46,0.0,0.0, , 
,367.82,2688,58.5,0.0,11101000,368.16,2688,59.2,8.24,632.4,368.51,0.0,0.0, , 
,368.85,2688,58.5,0.0,11101000,369.17,2688,45.9,6.18,499.8,369.52,0.0,0.0, , 
,369.86,2688,58.5,0.8,11101000,370.19,2688,47.1,6.18,520.2,370.55,0.0,0.0, , 
,370.91,2656,58.5,2.0,11101000,371.23,2656,45.9,6.18,499.8,371.59,0.0,0.0, , 
,371.95,2656,58.5,2.3,11101000,372.29,2656,45.9,6.18,520.2,372.64,0.0,0.0, , 
,373.00,2624,58.5,2.0,11101000,373.34,2624,42.7,6.18,479.4,373.68,0.0,0.0, , 
,374.02,2624,58.5,0.8,11101000,374.34,2592,28.2,4.12,357.0,374.69,0.0,0.0, , 
,375.01,2592,58.5,-2.3,11101000,375.37,2560,22.0,3.09,295.8,375.71,0.0,0.0, , 
,376.04,2560,58.5,-2.3,11111100,376.38,2528,19.2,2.06,275.4,376.69,0.0,0.0, , 
,377.01,2496,60.0,0.0,11111100,377.37,2464,0.0,0.00,275.4,377.70,0.0,0.0, , 
,378.02,2432,60.0,0.0,11111100,378.34,2400,0.0,0.00,275.4,378.67,0.0,0.0, , 
,379.00,2368,60.0,0.0,11111100,379.31,2336,0.0,0.00,275.4,379.64,0.0,0.0, , 
,379.97,2272,60.0,0.0,11111100,380.30,2272,19.2,3.09,244.8,380.63,0.0,0.0, , 
,380.97,2208,60.0,0.0,11101000,381.32,2176,22.0,3.09,295.8,381.65,0.0,0.0, , 
,382.00,2112,60.0,0.0,11101000,382.36,2112,48.6,8.24,550.8,382.69,0.0,0.0, , 
,383.02,2080,60.0,0.0,11101000,383.36,2048,62.0,9.27,673.2,383.72,0.0,0.0, , 
,384.07,2048,60.0,1.2,11101000,384.44,2016,67.8,10.30,734.4,384.78,0.0,0.0, , 
,385.13,2016,60.0,2.7,11101000,385.48,2016,71.0,10.30,754.8,385.85,0.0,0.0, , 
,386.19,2016,60.0,3.1,11101000,386.55,2016,65.1,9.27,714.0,386.92,0.0,0.0, , 
,387.27,2048,60.0,2.3,11101000,387.62,2048,62.0,8.24,673.2,387.97,0.0,0.0, , 
,388.31,2048,60.0,0.0,11101000,388.67,2048,51.8,7.21,591.6,389.02,0.0,0.0, , 
,389.36,2048,60.0,1.6,11101000,389.71,2048,62.0,9.27,673.2,390.06,0.0,0.0, , 
,390.41,2112,60.0,2.0,11101000,390.75,2144,63.5,9.27,673.2,391.08,0.0,0.0, , 
,391.41,2176,60.0,2.0,11101000,391.75,2208,62.0,9.27,673.2,392.09,0.0,0.0, , 
,392.43,2240,60.0,2.7,11101000,392.78,2240,60.4,9.27,652.8,393.13,0.0,0.0, , 
,393.47,2304,60.0,3.1,11101000,393.81,2304,60.4,9.27,652.8,394.15,0.0,0.0, , 
,394.50,2336,60.0,3.5,11101000,394.88,2368,65.1,10.30,693.6,395.22,0.0,0.0, , 
,395.59,2368,60.0,2.7,11101000,395.94,2400,65.1,9.27,693.6,396.27,0.0,0.0, , 
,396.62,2400,60.0,2.0,11101000,396.95,2432,66.3,10.30,714.0,397.30,0.0,0.0, , 
,397.65,2432,60.0,2.0,11101000,398.02,2432,67.8,10.30,714.0,398.35,0.0,0.0, , 
,398.69,2432,60.0,1.6,11101000,399.02,2464,67.8,10.30,714.0,399.39,0.0,0.0, , 
,399.76,2464,60.0,2.3,11101000,400.11,2464,72.2,11.33,754.8,400.43,0.0,0.0, , 
,400.79,2496,60.0,2.0,11101000,401.12,2496,72.2,10.30,754.8,401.46,0.0,0.0, , 
,401.80,2528,60.0,1.6,11101000,402.15,2528,72.2,11.33,754.8,402.51,0.0,0.0, , 
,402.86,2528,60.0,0.8,11101000,403.20,2560,72.2,11.33,754.8,403.54,0.0,0.0, , 
,403.89,2560,60.0,0.8,11101000,404.24,2592,72.2,10.30,754.8,404.57,0.0,0.0, , 
,404.90,2592,60.0,0.8,11101000,405.25,2592,72.2,10.30,754.8,405.58,0.0,0.0, , 
,405.90,2624,60.0,0.4,11101000,406.22,2624,72.2,10.30,754.8,406.56,0.0,0.0, , 
,406.90,2624,60.0,0.4,11101000,407.25,2656,71.0,10.30,754.8,407.60,0.0,0.0, , 
,407.94,2656,60.0,0.8,11101000,408.30,2656,71.0,10.30,734.4,408.63,0.0,0.0, , 
,408.96,2688,60.0,1.2,11101000,409.28,2688,57.6,7.21,632.4,409.63,0.0,0.0, , 
,409.94,2656,60.0,0.0,11101000,410.27,2688,51.8,7.21,571.2,410.62,0.0,0.0, , 
,410.97,2656,60.0,0.4,11101000,411.28,2656,51.8,7.21,571.2,411.63,0.0,0.0, , 
,411.95,2656,61.5,0.8,11101000,412.29,2656,51.8,7.21,571.2,412.63,0.0,0.0, , 
,412.97,2656,60.0,0.8,11101000,413.31,2656,51.8,7.21,571.2,413.64,0.0,0.0, , 
,413.98,2656,60.0,0.8,11101000,414.32,2656,53.3,7.21,571.2,414.68,0.0,0.0, , 
,415.04,2656,61.5,1.6,11101000,415.39,2656,53.3,7.21,591.6,415.73,0.0,0.0, , 
,416.08,2656,61.5,1.2,11101000,416.42,2656,53.3,7.21,591.6,416.77,0.0,0.0, , 
,417.12,2656,61.5,1.6,11101000,417.46,2656,53.3,7.21,591.6,417.82,0.0,0.0, , 
,418.18,2656,61.5,2.0,11101000,418.52,2656,53.3,7.21,591.6,418.88,0.0,0.0, , 
,419.21,2656,61.5,1.6,11101000,419.56,2624,53.3,7.21,591.6,419.91,0.0,0.0, , 
,420.25,2624,61.5,1.2,11101000,420.61,2624,53.3,7.21,591.6,420.95,0.0,0.0, , 
,421.29,2624,61.5,2.0,11101000,421.65,2624,59.2,8.24,632.4,421.99,0.0,0.0, , 
,422.32,2656,61.5,0.4,11101000,422.68,2656,63.5,9.27,673.2,423.04,0.0,0.0, , 
,423.40,2656,61.5,-0.4,11101000,423.76,2656,63.5,9.27,673.2,424.12,0.0,0.0, , 
,424.48,2656,61.5,-0.4,11101000,424.84,2656,63.5,9.27,673.2,425.20,0.0,0.0, , 
,425.55,2656,61.5,-0.4,11101000,425.90,2656,63.5,9.27,673.2,426.25,0.0,0.0, , 
,426.61,2656,61.5,-0.8,11101000,426.95,2656,63.5,9.27,673.2,427.30,0.0,0.0, , 
,427.65,2688,61.5,-1.2,11101000,428.00,2688,63.5,9.27,673.2,428.36,0.0,0.0, , 
,428.71,2688,61.5,-1.2,11101000,429.04,2688,62.0,9.27,673.2,429.39,0.0,0.0, , 
,429.72,2688,63.0,-1.6,11101000,430.04,2688,62.0,9.27,673.2,430.38,0.0,0.0, , 
,430.73,2688,61.5,-1.6,11101000,431.08,2688,60.4,9.27,652.8,431.40,0.0,0.0, , 
,431.75,2688,63.0,-1.2,11101000,432.10,2688,62.0,8.24,652.8,432.43,0.0,0.0, , 
,432.76,2688,63.0,-1.2,11101000,433.12,2688,62.0,9.27,652.8,433.47,0.0,0.0, , 
,433.80,2688,63.0,-1.2,11101000,434.13,2688,60.4,9.27,652.8,434.45,0.0,0.0, , 
,434.79,2688,63.0,-1.6,11101000,435.13,2688,54.5,7.21,591.6,435.48,0.0,0.0, , 
,435.82,2688,63.0,-1.2,11101000,436.15,2688,54.5,7.21,591.6,436.50,0.0,0.0, , 
,436.85,2688,63.0,-0.8,11101000,437.16,2688,54.5,7.21,591.6,437.48,0.0,0.0, , 
,437.85,2688,63.0,-0.8,11101000,438.17,2688,54.5,7.21,591.6,438.50,0.0,0.0, , 
,438.85,2688,63.0,-0.8,11101000,439.18,2688,54.5,7.21,591.6,439.48,0.0,0.0, , 
,439.81,2688,63.0,-0.4,11101000,440.16,2688,54.5,7.21,591.6,440.48,0.0,0.0, , 
,440.84,2688,63.0,-0.8,11101000,441.20,2688,54.5,8.24,591.6,441.54,0.0,0.0, , 
,441.90,2688,63.0,-0.4,11101000,442.23,2688,59.2,8.24,632.4,442.58,0.0,0.0, , 
,442.93,2688,63.0,-0.8,11101000,443.28,2688,59.2,8.24,652.8,443.61,0.0,0.0, , 
,443.94,2688,63.0,-1.6,11101000,444.28,2688,59.2,8.24,652.8,444.62,0.0,0.0, , 
,444.98,2688,63.0,-1.6,11101000,445.32,2688,59.2,8.24,632.4,445.67,0.0,0.0, , 
,445.99,2688,63.0,-1.6,11101000,446.33,2688,59.2,8.24,632.4,446.66,0.0,0.0, , 
,446.96,2688,63.0,0.0,11101000,447.28,2688,50.2,7.21,571.2,447.63,0.0,0.0, , 
,447.96,2656,63.0,-0.8,11101000,448.30,2656,47.1,6.18,520.2,448.64,0.0,0.0, , 
,448.98,2656,63.0,-0.4,11101000,449.34,2656,47.1,6.18,520.2,449.70,0.0,0.0, , 
,450.06,2656,63.0,-0.4,11101000,450.40,2624,42.7,6.18,479.4,450.75,0.0,0.0, , 
,451.08,2592,63.0,0.0,11101000,451.40,2592,25.1,3.09,316.2,451.73,0.0,0.0, , 
,452.08,2592,63.0,-1.2,11101000,452.42,2592,34.1,5.15,397.8,452.77,0.0,0.0, , 
,453.12,2560,64.5,0.0,11101000,453.47,2560,38.4,5.15,438.6,453.82,0.0,0.0, , 
,454.16,2560,64.5,0.0,11101000,454.50,2560,44.3,6.18,499.8,454.84,0.0,0.0, , 
,455.18,2528,64.5,0.0,11101000,455.51,2528,44.3,6.18,499.8,455.85,0.0,0.0, , 
,456.19,2528,64.5,0.4,11101000,456.51,2528,44.3,6.18,499.8,456.86,0.0,0.0, , 
,457.23,2528,64.5,1.2,11101000,457.60,2528,44.3,6.18,499.8,457.95,0.0,0.0, , 
,458.29,2496,64.5,0.4,11101000,458.63,2528,44.3,6.18,499.8,458.98,0.0,0.0, , 
,459.34,2496,64.5,0.8,11101000,459.70,2528,45.9,6.18,499.8,460.05,0.0,0.0, , 
,460.40,2496,64.5,0.8,11101000,460.72,2496,50.2,7.21,571.2,461.08,0.0,0.0, , 
,461.39,2496,64.5,0.4,11101000,461.71,2496,54.5,8.24,591.6,462.05,0.0,0.0, , 
,462.37,2496,64.5,-0.4,11101000,462.71,2496,53.3,7.21,591.6,463.06,0.0,0.0, , 
,463.39,2496,64.5,-0.4,11101000,463.74,2496,57.6,8.24,632.4,464.07,0.0,0.0, , 
,464.42,2496,64.5,0.4,11101000,464.78,2496,63.5,9.27,673.2,465.13,0.0,0.0, , 
,465.46,2528,64.5,-0.4,11101000,465.78,2528,63.5,9.27,673.2,466.12,0.0,0.0, , 
,466.49,2528,64.5,-0.8,11101000,466.83,2528,56.1,8.24,612.0,467.16,0.0,0.0, , 
,467.50,2528,64.5,0.0,11101000,467.84,2496,22.0,2.06,295.8,468.16,0.0,0.0, , 
,468.50,2496,64.5,-1.2,11101000,468.85,2464,19.2,2.06,244.8,469.20,0.0,0.0, , 
,469.54,2464,64.5,-5.1,11111100,469.88,2432,17.6,2.06,244.8,470.21,0.0,0.0, , 
,470.57,2400,64.5,0.0,11111100,470.88,2368,0.0,0.00,275.4,471.20,0.0,0.0, , 
,471.54,2336,64.5,0.0,11111100,471.85,2336,0.0,0.00,244.8,472.17,0.0,0.0, , 
,472.49,2304,64.5,0.0,11111100,472.80,2272,0.0,0.00,275.4,473.13,0.0,0.0, , 
,473.47,2240,64.5,0.0,11111100,473.82,2208,0.0,0.00,244.8,474.14,0.0,0.0, , 
,474.47,2176,64.5,0.0,11111100,474.81,2176,0.0,0.00,244.8,475.15,0.0,0.0, , 
,475.49,2080,64.5,0.0,11111100,475.83,2048,0.0,0.00,275.4,476.19,0.0,0.0, , 
,476.56,1952,64.5,0.0,11111110,476.92,1888,0.0,0.00,275.4,477.27,0.0,0.0, , 
,477.59,1792,64.5,0.0,11111110,477.94,1760,0.0,0.00,316.2,478.27,0.0,0.0, , 
,478.61,1696,64.5,0.0,11111110,478.94,1632,0.0,0.00,336.6,479.29,0.0,0.0, , 
,479.61,1568,64.5,0.0,11111110,479.96,1536,0.0,0.00,336.6,480.23,0.0,0.0, , 
,480.61,1472,64.5,0.0,11111110,480.92,1440,0.0,0.00,357.0,481.25,0.0,0.0, , 
,481.57,1376,64.5,0.0,11111110,481.91,1312,25.1,4.12,357.0,482.24,0.0,0.0, , 
,482.56,1280,64.5,0.0,11111110,482.90,1248,25.1,4.12,357.0,483.23,0.0,0.0, , 
,483.57,1184,64.5,0.0,11111110,483.90,960,29.4,4.12,397.8,484.25,0.0,0.0, , 
,484.56,992,64.5,4.3,11111110,484.85,1024,28.2,4.12,397.8,485.13,0.0,0.0, , 
,485.42,928,64.5,3.9,11111110,485.74,864,31.0,4.12,418.2,486.03,0.0,0.0, , 
,486.35,896,64.5,4.3,11111110,486.64,896,32.5,4.12,438.6,486.95,0.0,0.0, , 
,487.25,896,64.5,4.3,11111110,487.56,896,32.5,4.12,438.6,487.86,0.0,0.0, , 
,488.18,896,64.5,4.3,11111110,488.48,896,31.0,4.12,418.2,488.78,0.0,0.0, , 
,489.08,896,64.5,4.3,11111110,489.40,896,31.0,4.12,418.2,489.69,0.0,0.0, , 
,489.99,896,64.5,3.9,11111110,490.31,896,31.0,4.12,418.2,490.63,0.0,0.0, , 
,490.92,896,64.5,3.5,11111110,491.22,896,31.0,4.12,418.2,491.53,0.0,0.0, , 
,491.85,896,64.5,3.1,11111110,492.16,896,31.0,4.12,418.2,492.47,0.0,0.0, , 
,492.78,896,64.5,2.3,11111110,493.10,896,31.0,4.12,418.2,493.38,0.0,0.0, , 
,493.67,896,64.5,2.3,11111110,493.97,896,31.0,4.12,418.2,494.27,0.0,0.0, , 
,494.57,896,64.5,2.3,11111110,494.87,864,31.0,4.12,418.2,495.17,0.0,0.0, , 
,495.49,896,64.5,2.3,11111110,495.80,864,31.0,4.12,418.2,496.10,0.0,0.0, , 
,496.39,896,64.5,2.3,11111110,496.70,896,31.0,4.12,418.2,497.00,0.0,0.0, , 
,497.30,896,64.5,2.3,11111110,497.58,864,31.0,4.12,418.2,497.86,0.0,0.0, , 
,498.17,864,64.5,2.0,11111110,498.48,896,31.0,4.12,418.2,498.79,0.0,0.0, , 
,499.08,864,64.5,2.0,11111110,499.38,864,31.0,4.12,418.2,499.70,0.0,0.0, , 
,500.02,896,66.0,2.0,11111110,500.32,864,31.0,4.12,418.2,500.62,0.0,0.0, , 
,500.93,896,66.0,2.0,11111110,501.22,896,31.0,4.12,418.2,501.52,0.0,0.0, , 
,501.82,896,66.0,3.1,11111110,502.10,864,31.0,4.12,418.2,502.39,0.0,0.0, , 
,502.69,896,66.0,2.3,11111110,502.97,864,31.0,4.12,418.2,503.26,0.0,0.0, , 
,503.56,896,66.0,2.3,11111110,503.86,864,31.0,4.12,418.2,504.16,0.0,0.0, , 
,504.47,832,66.0,2.3,11111110,504.79,768,29.4,4.12,418.2,505.08,0.0,0.0, , 
,505.37,768,66.0,1.6,11111110,505.66,800,32.5,4.12,438.6,505.95,0.0,0.0, , 
,506.27,800,66.0,0.8,11111110,506.57,800,31.0,4.12,438.6,506.85,0.0,0.0, , 
,507.14,800,66.0,0.8,11111110,507.45,800,32.5,4.12,438.6,507.77,0.0,0.0, , 
,508.08,800,66.0,1.6,11111110,508.37,800,32.5,4.12,438.6,508.67,0.0,0.0, , 
,508.99,800,66.0,2.0,11111110,509.29,800,32.5,4.12,438.6,509.57,0.0,0.0, , 
,509.88,800,66.0,2.0,11111110,510.19,800,32.5,4.12,438.6,510.50,0.0,0.0, , 
,510.80,800,66.0,2.0,11111110,511.10,800,32.5,4.12,438.6,511.40,0.0,0.0, , 
,511.71,800,66.0,2.0,11111110,512.02,800,32.5,4.12,438.6,512.33,0.0,0.0, , 
,512.63,800,66.0,2.3,11111110,512.94,800,32.5,4.12,438.6,513.24,0.0,0.0, , 
,513.53,800,66.0,2.3,11111110,513.82,800,32.5,4.12,438.6,514.14,0.0,0.0, , 
,514.43,800,66.0,2.0,11111110,514.71,832,32.5,4.12,438.6,515.00,0.0,0.0, , 
,515.29,800,66.0,2.3,11111110,515.59,800,32.5,4.12,438.6,515.91,0.0,0.0, , 
,516.20,800,66.0,1.2,11111110,516.51,800,32.5,4.12,438.6,516.82,0.0,0.0, , 
,517.10,800,66.0,0.8,11111110,517.38,800,32.5,4.12,438.6,517.67,0.0,0.0, , 
,517.96,800,66.0,0.4,11111110,518.25,800,32.5,4.12,438.6,518.55,0.0,0.0, , 
,518.84,800,66.0,0.4,11111110,519.14,800,32.5,4.12,438.6,519.45,0.0,0.0, , 
,519.76,800,66.0,0.0,11111110,520.05,800,32.5,4.12,438.6,520.34,0.0,0.0, , 
,520.64,800,66.0,-0.4,11111110,520.93,800,32.5,4.12,438.6,521.23,0.0,0.0, , 
,521.55,800,66.0,-0.8,11111110,521.86,800,32.5,4.12,438.6,522.18,0.0,0.0, , 
,522.49,800,66.0,-0.8,11111110,522.78,800,32.5,4.12,438.6,523.08,0.0,0.0, , 
,523.37,800,66.0,-1.2,11111110,523.70,800,32.5,4.12,438.6,524.03,0.0,0.0, , 
,524.33,800,66.0,-1.2,11111110,524.62,800,32.5,4.12,438.6,524.91,0.0,0.0, , 
,525.22,800,66.0,-1.2,11111110,525.53,800,32.5,4.12,438.6,525.83,0.0,0.0, , 
,526.14,800,66.0,-0.8,11111110,526.44,800,34.1,4.12,459.0,526.75,0.0,0.0, , 
,527.04,800,66.0,-0.4,11111110,527.34,800,34.1,4.12,459.0,527.63,0.0,0.0, , 
,527.93,800,66.0,0.4,11111110,528.23,800,32.5,4.12,459.0,528.55,0.0,0.0, , 
,528.86,800,66.0,1.6,11111110,529.15,800,32.5,4.12,459.0,529.45,0.0,0.0, , 
,529.77,800,66.0,2.0,11111110,530.07,800,34.1,4.12,459.0,530.37,0.0,0.0, , 
,530.66,800,66.0,1.6,11111110,530.97,800,32.5,4.12,438.6,531.28,0.0,0.0, , 
,531.57,800,66.0,1.6,11111110,531.88,800,32.5,4.12,438.6,532.17,0.0,0.0, , 
,532.47,800,66.0,1.2,11111110,532.78,800,32.5,4.12,438.6,533.09,0.0,0.0, , 
,533.39,800,66.0,0.8,11111110,533.69,800,32.5,4.12,459.0,533.99,0.0,0.0, , 
,534.28,800,66.0,0.4,11111110,534.58,768,34.1,4.12,459.0,534.87,0.0,0.0, , 
,535.17,800,66.0,0.0,11111110,535.49,800,32.5,4.12,459.0,535.78,0.0,0.0, , 
,536.07,800,66.0,0.0,11111110,536.36,800,32.5,4.12,438.6,536.67,0.0,0.0, , 
,536.97,800,66.0,0.0,11111110,537.26,800,34.1,4.12,459.0,537.56,0.0,0.0, , 
,537.86,800,66.0,-0.4,11111110,538.15,800,34.1,4.12,459.0,538.46,0.0,0.0, , 
,538.74,800,66.0,-0.4,11111110,539.05,768,34.1,4.12,459.0,539.34,0.0,0.0, , 
,539.64,800,66.0,0.0,11111110,539.94,800,34.1,4.12,459.0,540.25,0.0,0.0, , 
,540.56,800,66.0,0.0,11111110,540.87,800,34.1,4.12,459.0,541.17,0.0,0.0, , 
,541.46,800,66.0,-0.4,11111110,541.76,800,34.1,4.12,459.0,542.08,0.0,0.0, , 
,542.38,800,66.0,-0.4,11111110,542.67,800,34.1,4.12,459.0,542.98,0.0,0.0, , 
,543.27,800,66.0,0.0,11111110,543.58,800,34.1,4.12,459.0,543.87,0.0,0.0, , 
,544.18,800,66.0,0.0,11111110,544.46,800,34.1,4.12,459.0,544.76,0.0,0.0, , 
,545.04,800,66.0,0.4,11111110,545.35,800,34.1,4.12,459.0,545.66,0.0,0.0, , 
,545.96,800,66.0,0.0,11111110,546.25,800,34.1,4.12,459.0,546.56,0.0,0.0, , 
,546.88,800,66.0,-0.4,11111110,547.17,768,34.1,4.12,459.0,547.48,0.0,0.0, , 
,547.80,800,66.0,-0.4,11111110,548.10,800,34.1,4.12,459.0,548.39,0.0,0.0, , 
,548.69,800,66.0,-0.4,11111110,548.99,800,34.1,4.12,459.0,549.28,0.0,0.0, , 
,549.59,800,66.0,0.0,11111110,549.90,800,34.1,4.12,459.0,550.20,0.0,0.0, , 
,550.52,800,66.0,0.0,11111110,550.81,800,34.1,4.12,459.0,551.11,0.0,0.0, , 
,551.40,800,66.0,-0.4,11111110,551.70,800,34.1,4.12,459.0,552.03,0.0,0.0, , 
,552.34,800,66.0,-0.4,11111110,552.65,800,34.1,4.12,459.0,552.94,0.0,0.0, , 
,553.23,800,66.0,-0.4,11111110,553.53,800,34.1,4.12,459.0,553.83,0.0,0.0, , 
,554.15,800,66.0,-0.4,11111110,554.45,800,34.1,4.12,459.0,554.77,0.0,0.0, , 
,555.07,800,66.0,-0.8,11111110,555.35,800,34.1,4.12,459.0,555.66,0.0,0.0, , 
,555.95,800,66.0,-1.2,10111110,556.25,800,34.1,4.12,459.0,556.55,0.0,0.0, , 
,556.86,800,66.0,-1.2,10111110,557.17,800,35.3,4.12,459.0,557.46,0.0,0.0, , 
,557.76,800,66.0,-0.8,10111110,558.07,800,34.1,4.12,459.0,558.36,0.0,0.0, , 
,558.67,800,66.0,-0.4,10111110,558.97,832,34.1,4.12,459.0,559.26,0.0,0.0, , 
,559.56,800,66.0,-0.8,10111110,559.87,800,34.1,4.12,459.0,560.14,0.0,0.0, , 
,560.44,832,66.0,-1.2,10111110,560.75,800,34.1,4.12,459.0,561.05,0.0,0.0, , 
,561.35,800,66.0,-1.6,10111110,561.64,800,34.1,4.12,459.0,561.95,0.0,0.0, , 
,562.28,800,67.5,-0.8,10111110,562.59,800,34.1,4.12,459.0,562.90,0.0,0.0, , 
,563.19,800,67.5,-1.2,10111110,563.49,800,34.1,4.12,459.0,563.80,0.0,0.0, , 
,564.11,800,67.5,-1.2,10111110,564.41,800,34.1,4.12,459.0,564.69,0.0,0.0, , 
,564.99,800,67.5,-1.2,10111110,565.28,832,34.1,4.12,459.0,565.58,0.0,0.0, , 
,565.88,800,67.5,-0.4,10111110,566.20,800,34.1,4.12,459.0,566.52,0.0,0.0, , 
,566.83,800,67.5,-0.4,10111110,567.12,800,34.1,4.12,459.0,567.42,0.0,0.0, , 
,567.73,800,67.5,-0.8,10111110,568.02,800,34.1,4.12,459.0,568.33,0.0,0.0, , 
,568.63,800,67.5,-0.8,10111110,568.93,800,35.3,4.12,459.0,569.22,0.0,0.0, , 
,569.51,800,67.5,-0.4,10111110,569.83,800,34.1,4.12,459.0,570.12,0.0,0.0, , 
,570.43,832,67.5,-0.4,10111110,570.73,768,35.3,5.15,459.0,571.02,0.0,0.0, , 
,571.34,800,67.5,-0.4,10111110,571.64,800,34.1,4.12,459.0,571.94,0.0,0.0, , 
,572.23,800,67.5,-0.4,10111110,572.54,800,34.1,4.12,459.0,572.82,0.0,0.0, , 
,573.12,800,67.5,-0.8,10111110,573.43,768,34.1,4.12,459.0,573.74,0.0,0.0, , 
,574.03,768,67.5,-1.6,10111110,574.33,800,34.1,4.12,459.0,574.65,0.0,0.0, , 
,574.96,800,67.5,-2.0,10111110,575.27,800,34.1,4.12,459.0,575.56,0.0,0.0, , 
,575.88,800,67.5,-1.6,10111110,576.19,800,35.3,4.12,459.0,576.50,0.0,0.0, , 
,576.81,800,67.5,-1.2,10111110,577.12,800,34.1,4.12,459.0,577.42,0.0,0.0, , 
,577.73,800,67.5,-0.8,10111110,578.05,800,34.1,4.12,459.0,578.37,0.0,0.0, , 
,578.68,800,67.5,-0.8,10111110,578.99,800,34.1,4.12,459.0,579.27,0.0,0.0, , 
,579.58,800,67.5,-0.8,10111110,579.90,800,34.1,4.12,459.0,580.21,0.0,0.0, , 
,580.49,800,67.5,-1.2,10111110,580.80,800,34.1,4.12,459.0,581.12,0.0,0.0, , 
,581.44,800,67.5,-1.2,10111110,581.75,800,34.1,4.12,459.0,582.04,0.0,0.0, , 
,582.34,800,67.5,-1.2,10111110,582.67,800,34.1,4.12,459.0,582.96,0.0,0.0, , 
,583.26,800,67.5,-1.2,10111110,583.56,800,34.1,4.12,459.0,583.87,0.0,0.0, , 
,584.17,800,67.5,-1.2,10111110,584.47,768,34.1,4.12,459.0,584.78,0.0,0.0, , 
,585.08,800,69.0,-1.2,10111110,585.37,800,34.1,4.12,459.0,585.68,0.0,0.0, , 
,585.97,800,69.0,-1.6,10111110,586.28,800,34.1,4.12,459.0,586.58,0.0,0.0, , 
,586.89,800,69.0,-2.3,10111110,587.20,832,34.1,4.12,459.0,587.50,0.0,0.0, , 
,587.80,800,69.0,-2.3,10111110,588.12,800,34.1,4.12,459.0,588.42,0.0,0.0, , 
,588.73,800,69.0,-2.3,10111110,589.03,800,34.1,4.12,459.0,589.34,0.0,0.0, , 
,589.67,800,69.0,0.0,10111110,589.97,800,34.1,4.12,459.0,590.26,0.0,0.0, , 
,590.56,768,69.0,-0.4,10111110,590.85,800,35.3,4.12,459.0,591.16,0.0,0.0, , 
,591.47,800,69.0,0.0,10111110,591.78,800,34.1,4.12,459.0,592.08,0.0,0.0, , 
,592.40,800,69.0,0.0,10111110,592.70,800,34.1,4.12,459.0,593.03,0.0,0.0, , 
,593.33,800,69.0,0.0,10111110,593.61,800,35.3,4.12,459.0,593.92,0.0,0.0, , 
,594.23,800,69.0,0.0,10111110,594.50,800,34.1,4.12,459.0,594.79,0.0,0.0, , 
,595.09,800,69.0,0.0,10111110,595.41,800,34.1,4.12,459.0,595.70,0.0,0.0, , 
,596.01,800,69.0,-0.4,10111110,596.31,768,35.3,4.12,459.0,596.62,0.0,0.0, , 
,596.94,832,69.0,0.4,10111110,597.24,800,35.3,4.12,459.0,597.55,0.0,0.0, , 
,597.84,800,69.0,0.4,10111110,598.16,800,35.3,4.12,459.0,598.47,0.0,0.0, , 
,598.76,800,69.0,0.4,10111110,599.04,768,35.3,4.12,459.0,599.33,0.0,0.0, , 
,599.65,800,69.0,0.4,10111110,599.95,800,34.1,4.12,459.0,600.26,0.0,0.0, , 
,600.54,768,69.0,0.0,10111110,600.83,800,35.3,4.12,479.4,601.13,0.0,0.0, , 
,601.41,800,69.0,0.0,10111110,601.71,800,35.3,4.12,459.0,602.02,0.0,0.0, , 
,602.33,800,69.0,0.4,10111110,602.64,800,35.3,4.12,459.0,602.96,0.0,0.0, , 
,603.27,800,69.0,0.4,10111110,603.58,800,34.1,4.12,459.0,603.88,0.0,0.0, , 
,604.17,800,69.0,0.4,10111110,604.47,800,34.1,4.12,459.0,604.79,0.0,0.0, , 
,605.08,800,69.0,0.4,10111110,605.38,800,35.3,4.12,479.4,605.70,0.0,0.0, , 
,606.01,800,70.5,0.8,10111110,606.29,800,34.1,4.12,459.0,606.60,0.0,0.0, , 
,606.89,800,70.5,0.8,10111110,607.21,800,34.1,4.12,459.0,607.49,0.0,0.0, , 
,607.80,800,70.5,1.2,10111110,608.11,800,34.1,4.12,459.0,608.41,0.0,0.0, , 
,608.69,800,70.5,1.2,10111110,609.00,800,34.1,4.12,459.0,609.31,0.0,0.0, , 
,609.61,800,70.5,1.2,10111110,609.91,800,34.1,4.12,459.0,610.19,0.0,0.0, , 
,610.49,800,70.5,1.2,10111110,610.80,800,34.1,4.12,459.0,611.08,0.0,0.0, , 
,611.39,800,70.5,1.2,10111110,611.72,800,34.1,4.12,459.0,612.02,0.0,0.0, , 
,612.31,800,70.5,0.8,10111110,612.60,800,34.1,4.12,459.0,612.89,0.0,0.0, , 
,613.19,800,70.5,1.2,10111110,613.49,800,35.3,4.12,479.4,613.79,0.0,0.0, , 
,614.08,800,70.5,1.6,10111110,614.37,800,35.3,4.12,459.0,614.66,0.0,0.0, , 
,614.97,800,70.5,1.6,10111110,615.29,800,34.1,4.12,459.0,615.58,0.0,0.0, , 
,615.88,800,70.5,1.2,10111110,616.18,800,34.1,4.12,459.0,616.48,0.0,0.0, , 
,616.77,800,70.5,0.8,10111110,617.08,800,34.1,4.12,459.0,617.40,0.0,0.0, , 
,617.68,800,70.5,1.2,10111110,617.99,800,34.1,4.12,459.0,618.28,0.0,0.0, , 
,618.60,800,70.5,1.2,10111110,618.91,832,34.1,4.12,459.0,619.20,0.0,0.0, , 
,619.51,800,70.5,0.8,10111110,619.80,800,34.1,4.12,459.0,620.09,0.0,0.0, , 
,620.40,800,70.5,1.2,10111110,620.71,800,34.1,4.12,459.0,621.00,0.0,0.0, , 
,621.30,800,70.5,0.8,10111110,621.61,768,34.1,4.12,459.0,621.93,0.0,0.0, , 
,622.23,800,70.5,0.8,10111110,622.55,800,34.1,4.12,459.0,622.84,0.0,0.0, , 
,623.15,800,70.5,0.0,10111110,623.44,800,34.1,4.12,459.0,623.74,0.0,0.0, , 
,624.03,800,70.5,0.0,10111110,624.33,800,34.1,4.12,459.0,624.63,0.0,0.0, , 
,624.93,800,70.5,0.4,10111110,625.24,800,34.1,4.12,459.0,625.55,0.0,0.0, , 
,625.84,800,70.5,0.8,10111110,626.15,800,34.1,4.12,459.0,626.44,0.0,0.0, , 
,626.74,800,70.5,1.2,10111110,627.03,800,34.1,4.12,459.0,627.33,0.0,0.0, , 
,627.62,800,70.5,0.8,10111110,627.90,800,34.1,4.12,459.0,628.21,0.0,0.0, , 
,628.51,800,70.5,0.8,10111110,628.80,800,34.1,4.12,459.0,629.10,0.0,0.0, , 
,629.39,800,70.5,0.8,10111110,629.70,800,34.1,4.12,459.0,630.02,0.0,0.0, , 
,630.32,800,70.5,1.2,10111110,630.62,800,34.1,4.12,459.0,630.92,0.0,0.0, , 
,631.22,800,72.0,1.2,10111110,631.54,800,34.1,4.12,459.0,631.84,0.0,0.0, , 
,632.17,800,72.0,0.8,10111110,632.50,800,34.1,4.12,459.0,632.80,0.0,0.0, , 
,633.10,800,72.0,0.4,10111110,633.39,800,34.1,4.12,459.0,633.69,0.0,0.0, , 
,633.98,800,72.0,0.4,10111110,634.29,800,34.1,4.12,459.0,634.59,0.0,0.0, , 
,634.88,800,72.0,0.0,10111110,635.17,800,34.1,4.12,459.0,635.48,0.0,0.0, , 
,635.79,800,72.0,0.8,10111110,636.08,800,34.1,4.12,459.0,636.40,0.0,0.0, , 
,636.68,800,72.0,0.4,10111110,636.98,768,34.1,4.12,459.0,637.29,0.0,0.0, , 
,637.57,800,72.0,0.8,10111110,637.88,768,34.1,4.12,459.0,638.17,0.0,0.0, , 
,638.46,800,72.0,0.4,10111110,638.76,800,34.1,4.12,459.0,639.05,0.0,0.0, , 
,639.34,800,72.0,0.4,10111110,639.65,800,34.1,4.12,459.0,639.94,0.0,0.0, , 
,640.26,768,72.0,0.4,10111110,640.56,800,34.1,4.12,459.0,640.86,0.0,0.0, , 
,641.16,800,72.0,0.4,10111110,641.46,800,34.1,4.12,459.0,641.75,0.0,0.0, , 
,642.04,800,72.0,0.4,10111110,642.34,800,34.1,4.12,459.0,642.65,0.0,0.0, , 
,642.95,800,72.0,0.4,10111110,643.27,800,34.1,4.12,459.0,643.56,0.0,0.0, , 
,643.86,800,72.0,0.0,10111110,644.16,768,34.1,4.12,459.0,644.45,0.0,0.0, , 
,644.76,800,72.0,0.4,10111110,645.04,800,34.1,4.12,459.0,645.34,0.0,0.0, , 
,645.65,800,72.0,0.8,10111110,645.95,800,34.1,4.12,459.0,646.28,0.0,0.0, , 
,646.58,800,72.0,0.4,10111110,646.87,800,34.1,4.12,459.0,647.17,0.0,0.0, , 
,647.47,800,72.0,0.4,10111110,647.77,800,34.1,4.12,459.0,648.06,0.0,0.0, , 
,648.36,800,72.0,0.4,10111110,648.65,800,32.5,4.12,459.0,648.94,0.0,0.0, , 
,649.25,800,72.0,0.0,10111110,649.54,800,34.1,4.12,459.0,649.84,0.0,0.0, , 
,650.14,800,73.5,0.0,10111110,650.44,800,34.1,4.12,459.0,650.73,0.0,0.0, , 
,651.02,800,73.5,-0.4,10111110,651.33,800,34.1,4.12,459.0,651.63,0.0,0.0, , 
,651.95,800,73.5,0.0,10111110,652.27,800,34.1,4.12,459.0,652.57,0.0,0.0, , 
,652.87,800,73.5,0.0,10111110,653.17,800,34.1,4.12,459.0,653.48,0.0,0.0, , 
,653.76,800,73.5,0.0,10111110,654.04,768,34.1,4.12,459.0,654.32,0.0,0.0, , 
,654.62,800,73.5,0.0,10111110,654.92,800,34.1,4.12,459.0,655.22,0.0,0.0, , 
,655.51,800,73.5,0.0,10111110,655.81,800,34.1,4.12,459.0,656.14,0.0,0.0, , 
,656.44,800,73.5,0.0,10111110,656.73,800,34.1,4.12,459.0,657.03,0.0,0.0, , 
,657.35,800,73.5,0.0,10111110,657.63,768,34.1,4.12,459.0,657.93,0.0,0.0, , 
,658.24,800,73.5,0.0,10111110,658.54,800,34.1,4.12,459.0,658.85,0.0,0.0, , 
,659.14,800,73.5,0.4,10111110,659.44,800,34.1,4.12,459.0,659.73,0.0,0.0, , 
,660.03,800,73.5,0.0,10111110,660.32,768,34.1,4.12,459.0,660.62,0.0,0.0, , 
,660.90,800,73.5,-0.4,10111110,661.19,800,34.1,4.12,459.0,661.49,0.0,0.0, , 
,661.77,800,73.5,-0.4,10111110,662.08,800,34.1,4.12,459.0,662.38,0.0,0.0, , 
,662.68,800,73.5,-0.4,10111110,662.97,800,34.1,4.12,459.0,663.27,0.0,0.0, , 
,663.56,800,73.5,0.0,10111110,663.86,768,35.3,5.15,479.4,664.17,0.0,0.0, , 
,664.48,800,73.5,0.4,10111110,664.76,768,34.1,4.12,479.4,665.04,0.0,0.0, , 
,665.35,800,73.5,0.4,10111110,665.64,768,34.1,4.12,459.0,665.93,0.0,0.0, , 
,666.23,768,73.5,0.0,10111110,666.52,800,35.3,4.12,459.0,666.83,0.0,0.0, , 
,667.13,800,73.5,0.0,10111110,667.45,800,35.3,4.12,479.4,667.74,0.0,0.0, , 
,668.02,800,73.5,0.0,10111110,668.31,768,34.1,4.12,459.0,668.61,0.0,0.0, , 
,668.94,832,73.5,0.4,10111110,669.25,832,35.3,4.12,479.4,669.56,0.0,0.0, , 
,669.85,800,73.5,-2.7,10111110,670.15,800,32.5,4.12,459.0,670.44,0.0,0.0, , 
,670.73,800,73.5,-11.3,10111110,671.02,800,32.5,3.09,438.6,671.32,0.0,0.0, , 
,671.62,800,73.5,-19.1,10111110,671.93,768,32.5,3.09,459.0,672.22,0.0,0.0, , 
,672.53,768,73.5,-22.3,10111110,672.85,800,34.1,3.09,459.0,673.17,0.0,0.0, , 
,673.47,768,73.5,-23.0,10111110,673.77,800,34.1,3.09,459.0,674.06,0.0,0.0, , 
,674.36,800,73.5,-23.4,10111110,674.66,800,34.1,3.09,459.0,674.96,0.0,0.0, , 
,675.26,800,75.0,-23.0,10111110,675.55,800,34.1,3.09,459.0,675.86,0.0,0.0, , 
,676.16,800,75.0,-22.3,10111110,676.46,800,34.1,3.09,479.4,676.76,0.0,0.0, , 
,677.05,800,75.0,-20.3,10111110,677.36,800,34.1,3.09,459.0,677.65,0.0,0.0, , 
,677.95,800,75.0,-18.4,10111110,678.27,800,34.1,3.09,459.0,678.58,0.0,0.0, , 
,678.88,800,75.0,-16.8,10111110,679.17,800,34.1,3.09,459.0,679.47,0.0,0.0, , 
,679.77,800,75.0,-15.6,10111110,680.06,800,34.1,4.12,459.0,680.35,0.0,0.0, , 
,680.65,800,75.0,-14.8,10111110,680.95,800,32.5,3.09,459.0,681.27,0.0,0.0, , 
,681.59,800,75.0,-14.5,10111110,681.88,800,34.1,4.12,459.0,682.18,0.0,0.0, , 
,682.47,800,75.0,-14.1,10111110,682.76,800,34.1,4.12,459.0,683.05,0.0,0.0, , 
,683.36,800,75.0,-14.1,10111110,683.65,800,34.1,4.12,459.0,683.94,0.0,0.0, , 
,684.25,800,75.0,-13.7,10111110,684.57,800,32.5,4.12,459.0,684.87,0.0,0.0, , 
,685.17,800,75.0,-13.7,10111110,685.48,800,32.5,4.12,459.0,685.77,0.0,0.0, , 
,686.07,800,75.0,-13.7,10111110,686.36,800,32.5,3.09,459.0,686.67,0.0,0.0, , 
,686.98,800,75.0,-14.1,10111110,687.28,800,32.5,3.09,438.6,687.57,0.0,0.0, , 
,687.87,800,75.0,-14.5,10111110,688.15,800,32.5,3.09,459.0,688.46,0.0,0.0, , 
,688.74,768,75.0,-14.5,10111110,689.04,768,34.1,4.12,459.0,689.35,0.0,0.0, , 
,689.67,800,75.0,-14.5,10111110,689.97,800,32.5,3.09,459.0,690.26,0.0,0.0, , 
,690.55,768,75.0,-14.8,10111110,690.86,800,34.1,4.12,459.0,691.15,0.0,0.0, , 
,691.44,800,75.0,-14.8,10111110,691.73,800,32.5,3.09,459.0,692.04,0.0,0.0, , 
,692.34,768,75.0,-14.8,10111110,692.64,800,34.1,4.12,459.0,692.94,0.0,0.0, , 
,693.24,800,75.0,-14.5,10111110,693.54,800,32.5,3.09,438.6,693.84,0.0,0.0, , 
,694.15,800,75.0,-14.1,10111110,694.43,800,32.5,3.09,459.0,694.75,0.0,0.0, , 
,695.04,800,75.0,-14.5,10111110,695.34,800,32.5,3.09,438.6,695.63,0.0,0.0, , 
,695.92,768,75.0,-14.5,10111110,696.24,800,32.5,3.09,459.0,696.55,0.0,0.0, , 
,696.85,800,75.0,-14.8,10111110,697.16,800,32.5,3.09,459.0,697.48,0.0,0.0, , 
,697.77,800,75.0,-14.8,10111110,698.07,800,32.5,4.12,459.0,698.36,0.0,0.0, , 
,698.67,800,75.0,-14.8,10111110,698.98,800,32.5,4.12,459.0,699.26,0.0,0.0, , 
,699.55,800,75.0,-15.2,10111110,699.85,800,32.5,3.09,438.6,700.17,0.0,0.0, , 
,700.48,800,75.0,-15.2,10111110,700.77,800,32.5,3.09,438.6,701.07,0.0,0.0, , 
,701.37,800,75.0,-16.0,10111110,701.67,800,32.5,3.09,459.0,701.99,0.0,0.0, , 
,702.29,768,76.5,-16.0,10111110,702.59,800,32.5,3.09,459.0,702.90,0.0,0.0, , 
,703.20,800,76.5,-16.0,10111110,703.51,800,32.5,3.09,459.0,703.80,0.0,0.0, , 
,704.09,800,76.5,-16.0,10111110,704.38,800,32.5,3.09,459.0,704.68,0.0,0.0, , 
,704.98,800,76.5,-16.0,10111110,705.28,800,32.5,3.09,459.0,705.58,0.0,0.0, , 
,705.88,800,76.5,-16.0,10111110,706.19,768,32.5,3.09,459.0,706.49,0.0,0.0, , 
,706.79,800,76.5,-15.6,10111110,707.08,800,32.5,3.09,459.0,707.37,0.0,0.0, , 
,707.66,800,76.5,-15.6,10111110,707.97,800,32.5,3.09,459.0,708.29,0.0,0.0, , 
,708.59,768,76.5,-16.0,10111110,708.88,768,32.5,3.09,459.0,709.19,0.0,0.0, , 
,709.49,768,76.5,-18.0,10101010,709.79,768,35.3,4.12,479.4,710.11,0.0,0.0, , 
,710.44,928,76.5,-21.5,10101010,710.75,896,29.4,3.09,418.2,711.07,0.0,0.0, , 
,711.38,576,76.5,0.0,10100010,711.69,832,47.1,6.18,612.0,712.00,0.0,0.0, , 
,712.32,864,76.5,0.0,10101010,712.59,640,40.0,5.15,499.8,712.88,0.0,0.0, , 
,713.18,800,76.5,0.0,10101010,713.49,832,41.2,5.15,550.8,713.78,0.0,0.0, , 
,714.09,896,76.5,0.0,10111110,714.38,896,31.0,4.12,418.2,714.68,0.0,0.0, , 
,714.98,896,76.5,-5.1,10111110,715.27,896,31.0,4.12,418.2,715.57,0.0,0.0, , 
,715.87,896,76.5,-10.5,10111110,716.16,864,29.4,3.09,418.2,716.46,0.0,0.0, , 
,718.58,800,76.5,-19.9,10111110,718.86,800,34.1,3.09,459.0,719.15,0.0,0.0, , 
,719.45,800,76.5,-18.8,10111110,719.76,800,32.5,3.09,459.0,720.06,0.0,0.0, , 
,720.38,1056,76.5,0.0,10101010,720.72,1600,44.3,6.18,550.8,721.05,0.0,0.0, , 
,721.40,1312,76.5,-7.0,10101010,721.68,992,50.2,8.24,612.0,721.97,0.0,0.0, , 
,722.28,832,76.5,0.0,10101010,722.57,960,51.8,7.21,632.4,722.90,0.0,0.0, , 
,723.23,1152,76.5,0.0,10111110,723.54,1312,25.1,3.09,357.0,723.86,0.0,0.0, , 
,724.20,1248,76.5,-10.9,10111110,724.53,1120,26.7,3.09,357.0,724.86,0.0,0.0, , 
,725.18,896,76.5,-14.1,10111110,725.49,896,31.0,3.09,418.2,725.81,0.0,0.0, , 
,726.10,896,76.5,-19.1,10111110,726.40,896,31.0,3.09,438.6,726.71,0.0,0.0, , 
,727.05,864,78.0,-19.9,10111110,727.35,832,34.1,3.09,459.0,727.67,0.0,0.0, , 
,727.96,768,78.0,0.0,10101010,728.29,960,42.7,6.18,550.8,728.57,0.0,0.0, , 
,728.87,960,78.0,-10.9,10101010,729.16,992,36.9,4.12,479.4,729.50,0.0,0.0, , 
,729.84,1056,78.0,-12.1,10101010,730.18,1088,32.5,4.12,438.6,730.52,0.0,0.0, , 
,730.85,1216,78.0,-19.1,10101010,731.19,1312,44.3,5.15,550.8,731.51,0.0,0.0, , 
,731.82,1504,78.0,-18.0,10101010,732.15,1600,44.3,5.15,550.8,732.48,0.0,0.0, , 
,732.75,992,76.5,0.0,10111110,733.10,1120,32.5,5.15,438.6,733.43,0.0,0.0, , 
,733.71,1056,78.0,0.0,10111110,734.00,960,26.7,3.09,377.4,734.31,0.0,0.0, , 
,734.60,864,78.0,0.0,10111110,734.92,896,31.0,4.12,418.2,735.24,0.0,0.0, , 
,735.52,896,78.0,-12.1,10111110,735.83,832,36.9,4.12,479.4,736.17,0.0,0.0, , 
,736.49,1120,78.0,0.0,10101010,736.80,1056,47.1,7.21,591.6,737.11,0.0,0.0, , 
,737.43,864,78.0,0.0,10101010,737.75,928,51.8,7.21,652.8,738.09,0.0,0.0, , 
,738.38,992,78.0,0.0,10101010,738.72,992,34.1,4.12,459.0,739.08,0.0,0.0, , 
,739.37,992,78.0,-11.7,10101010,739.68,1024,32.5,4.12,438.6,740.02,0.0,0.0, , 
,740.30,992,78.0,-15.6,10101010,740.65,992,29.4,3.09,397.8,741.00,0.0,0.0, , 
,741.32,960,78.0,-18.4,10111110,741.64,960,29.4,3.09,397.8,741.94,0.0,0.0, , 
,742.27,928,78.0,-18.8,10111110,742.58,896,31.0,3.09,418.2,742.88,0.0,0.0, , 
,743.18,864,78.0,-18.8,10111110,743.46,832,32.5,3.09,438.6,743.75,0.0,0.0, , 
,744.06,832,78.0,-18.8,10111110,744.36,800,35.3,4.12,479.4,744.67,0.0,0.0, , 
,744.98,832,78.0,-18.8,10111110,745.27,832,38.4,4.12,499.8,745.57,0.0,0.0, , 
,745.86,832,78.0,-19.1,10111110,746.15,800,40.0,4.12,520.2,746.46,0.0,0.0, , 
,746.76,800,78.0,-21.5,10101010,747.06,800,38.4,4.12,499.8,747.36,0.0,0.0, , 
,747.69,800,78.0,-20.3,10101010,748.00,800,51.8,7.21,632.4,748.30,0.0,0.0, , 
,748.62,832,78.0,-12.9,10101010,748.92,864,50.2,6.18,632.4,749.23,0.0,0.0, , 
,749.54,864,78.0,-15.6,10101010,749.84,896,47.1,5.15,591.6,750.14,0.0,0.0, , 
,750.47,864,78.0,-16.8,10111110,750.76,960,34.1,4.12,459.0,751.05,0.0,0.0, , 
,751.36,928,78.0,0.0,10111110,751.66,928,31.0,4.12,418.2,751.98,0.0,0.0, , 
,752.28,896,78.0,-9.8,10111110,752.59,896,34.1,4.12,459.0,752.88,0.0,0.0, , 
,753.19,1056,78.0,-17.2,10101010,753.51,1088,35.3,4.12,459.0,753.82,0.0,0.0, , 
,754.14,832,78.0,-15.6,10101010,754.43,640,48.6,7.21,612.0,754.70,0.0,0.0, , 
,754.97,832,78.0,0.0,10101010,755.32,1152,45.9,6.18,571.2,755.62,0.0,0.0, , 
,755.97,1440,78.0,0.0,10101010,756.31,1344,36.9,5.15,459.0,756.64,0.0,0.0, , 
,756.98,1248,78.0,-6.6,10101010,757.30,1216,45.9,6.18,550.8,757.63,0.0,0.0, , 
,757.97,1088,78.0,-9.0,10101010,758.29,1056,51.8,6.18,612.0,758.58,0.0,0.0, , 
,758.89,928,78.0,-11.7,10101010,759.18,864,60.4,9.27,714.0,759.48,0.0,0.0, , 
,759.79,864,78.0,0.0,10101010,760.08,896,62.0,7.21,734.4,760.40,0.0,0.0, , 
,760.74,960,78.0,-15.6,10101010,761.06,992,67.8,10.30,775.2,761.36,0.0,0.0, , 
,761.67,1088,78.0,0.0,10101010,761.99,1152,72.2,11.33,846.6,762.31,0.0,0.0, , 
,762.67,1280,79.5,-9.0,10101010,763.04,1376,67.8,9.27,795.6,763.43,0.0,0.0, , 
,763.84,1504,78.0,-12.1,10101010,764.19,1568,63.5,8.24,734.4,764.55,0.0,0.0, , 
,764.92,1664,78.0,-12.9,10101010,765.27,1728,67.8,9.27,775.2,765.62,0.0,0.0, , 
,765.97,1824,78.0,0.0,10101010,766.36,1792,28.2,3.09,377.4,766.75,0.0,0.0, , 
,767.10,1728,78.0,-10.2,10101010,767.46,1664,25.1,3.09,336.6,767.80,0.0,0.0, , 
,768.16,1600,78.0,-18.4,10101010,768.50,1568,32.5,3.09,418.2,768.85,0.0,0.0, , 
,769.20,1536,78.0,-12.5,10101010,769.55,1504,34.1,4.12,438.6,769.82,0.0,0.0, , 
,770.08,1472,78.0,-12.1,10101010,770.42,1472,42.7,5.15,520.2,770.86,0.0,0.0, , 
,771.13,1504,78.0,0.0,10101010,771.51,1536,63.5,9.27,734.4,771.88,0.0,0.0, , 
,772.23,1632,78.0,-1.2,10101010,772.59,1696,60.4,8.24,693.6,772.95,0.0,0.0, , 
,773.31,1792,78.0,-3.5,10101010,773.69,1824,54.5,7.21,632.4,774.07,0.0,0.0, , 
,774.44,1888,78.0,-5.5,10101010,774.82,1888,36.9,4.12,459.0,775.14,0.0,0.0, , 
,775.51,1856,78.0,-2.7,10101010,775.87,1824,31.0,4.12,397.8,776.26,0.0,0.0, , 
,776.61,1760,78.0,-6.3,10101010,776.98,1760,34.1,4.12,418.2,777.32,0.0,0.0, , 
,777.67,1728,78.0,-5.9,10101010,778.03,1728,41.2,5.15,499.8,778.39,0.0,0.0, , 
,778.80,1760,78.0,-5.9,10101010,779.15,1760,41.2,5.15,499.8,779.51,0.0,0.0, , 
,779.80,1216,78.0,0.0,10111110,780.13,1024,32.5,5.15,418.2,780.46,0.0,0.0, , 
,780.78,1088,78.0,0.0,10111110,781.06,992,25.1,3.09,357.0,781.37,0.0,0.0, , 
,781.67,864,78.0,0.0,10111110,781.98,896,29.4,4.12,418.2,782.27,0.0,0.0, , 
,782.57,896,78.0,-6.6,10111110,782.87,896,29.4,3.09,418.2,783.18,0.0,0.0, , 
,783.52,960,78.0,-14.1,10101010,783.86,896,35.3,3.09,459.0,784.17,0.0,0.0, , 
,784.49,928,78.0,-13.3,10101010,784.83,960,47.1,6.18,571.2,785.15,0.0,0.0, , 
,785.46,1056,78.0,0.0,10101010,785.78,1088,57.6,8.24,693.6,786.09,0.0,0.0, , 
,786.41,1280,78.0,0.0,10101010,786.73,1312,59.2,8.24,693.6,787.07,0.0,0.0, , 
,787.40,1536,78.0,0.0,10101010,787.75,1568,82.7,13.39,928.2,788.11,0.0,0.0, , 
,788.47,1824,78.0,0.0,10101010,788.84,1920,63.5,9.27,734.4,789.18,0.0,0.0, , 
,789.51,2048,78.0,-2.0,10101000,789.84,2144,59.2,8.24,673.2,790.16,0.0,0.0, , 
,790.50,2272,78.0,-3.9,10101000,790.87,2368,62.0,8.24,693.6,791.20,0.0,0.0, , 
,791.55,2496,78.0,-3.5,10101000,791.87,2592,81.2,12.36,867.0,792.22,0.0,0.0, , 
,792.59,2848,78.0,-6.3,11101000,792.92,2784,0.0,0.00,479.4,793.30,0.0,0.0, , 
,793.63,1632,78.0,0.0,11101010,794.00,1920,23.5,3.09,336.6,794.38,0.0,0.0, , 
,794.76,1824,78.0,0.0,11101010,795.12,1824,28.2,3.09,357.0,795.49,0.0,0.0, , 
,795.83,1824,78.0,0.0,11101010,796.19,1856,48.6,6.18,571.2,796.56,0.0,0.0, , 
,796.92,1920,78.0,-1.6,11101010,797.27,1920,48.6,6.18,591.6,797.63,0.0,0.0, , 
,797.99,1984,78.0,0.0,11101010,798.33,2016,53.3,7.21,632.4,798.68,0.0,0.0, , 
,799.03,2080,78.0,-7.0,11101000,799.38,2112,51.8,6.18,612.0,799.73,0.0,0.0, , 
,800.06,2144,78.0,-9.8,11101000,800.40,2176,36.9,4.12,459.0,800.74,0.0,0.0, , 
,801.08,2144,78.0,0.0,11101000,801.43,2144,16.1,2.06,244.8,801.78,0.0,0.0, , 
,802.11,2112,78.0,-27.3,11101000,802.45,2112,22.0,2.06,295.8,802.78,0.0,0.0, , 
,803.13,2112,78.0,-30.1,11101000,803.49,2080,29.4,3.09,377.4,803.83,0.0,0.0, , 
,804.18,2080,78.0,-20.3,11101000,804.54,2080,42.7,5.15,499.8,804.88,0.0,0.0, , 
,805.23,2112,78.0,-13.7,11101000,805.56,2144,54.5,7.21,612.0,805.88,0.0,0.0, , 
,806.21,2176,78.0,-10.9,11101000,806.55,2208,59.2,7.21,673.2,806.89,0.0,0.0, , 
,807.22,2272,78.0,-7.4,11101000,807.56,2272,54.5,7.21,612.0,807.89,0.0,0.0, , 
,808.22,2304,78.0,-6.6,11101000,808.56,2304,35.3,4.12,438.6,808.89,0.0,0.0, , 
,809.23,2304,78.0,0.0,11101000,809.56,2272,20.8,2.06,275.4,809.89,0.0,0.0, , 
,810.23,2240,78.0,-23.0,11101000,810.57,2240,19.2,2.06,275.4,810.90,0.0,0.0, , 
,811.23,2208,78.0,-30.9,11101000,811.57,2208,40.0,4.12,459.0,811.91,0.0,0.0, , 
,812.25,2208,78.0,-17.2,11101000,812.59,2176,44.3,5.15,520.2,812.93,0.0,0.0, , 
,813.25,2208,78.0,-9.0,11101000,813.61,2208,45.9,6.18,520.2,813.96,0.0,0.0, , 
,814.31,2208,78.0,-5.1,11101000,814.64,2240,45.9,6.18,550.8,814.99,0.0,0.0, , 
,815.33,2240,78.0,-3.5,11101000,815.65,2240,44.3,6.18,520.2,815.98,0.0,0.0, , 
,816.31,2240,78.0,-3.1,11101000,816.65,2240,44.3,6.18,499.8,816.98,0.0,0.0, , 
,817.31,2272,78.0,-4.3,11101000,817.66,2272,41.2,5.15,499.8,818.00,0.0,0.0, , 
,818.34,2240,78.0,-5.1,11101000,818.67,2272,41.2,5.15,499.8,819.01,0.0,0.0, , 
,819.34,2240,78.0,-5.9,11101000,819.70,2272,42.7,5.15,499.8,820.03,0.0,0.0, , 
,820.37,2272,78.0,-5.5,11101000,820.70,2272,50.2,6.18,591.6,821.03,0.0,0.0, , 
,821.36,2304,78.0,-6.3,11101000,821.69,2304,48.6,6.18,571.2,822.03,0.0,0.0, , 
,822.38,2304,78.0,0.0,11101000,822.71,2336,63.5,9.27,714.0,823.06,0.0,0.0, , 
,823.44,2368,78.0,-2.7,11101000,823.81,2400,60.4,8.24,673.2,824.16,0.0,0.0, , 
,824.52,2432,78.0,-3.5,11101000,824.87,2464,60.4,8.24,673.2,825.25,0.0,0.0, , 
,825.60,2496,78.0,-2.7,11101000,825.94,2496,59.2,8.24,652.8,826.31,0.0,0.0, , 
,826.64,2528,78.0,-1.6,11101000,827.00,2560,63.5,9.27,693.6,827.35,0.0,0.0, , 
,827.68,2592,78.0,0.0,11101000,828.04,2624,63.5,9.27,693.6,828.37,0.0,0.0, , 
,828.73,2624,78.0,0.4,11101000,829.07,2656,63.5,9.27,693.6,829.43,0.0,0.0, , 
,829.79,2656,78.0,0.8,11101000,830.13,2688,57.6,7.21,652.8,830.47,0.0,0.0, , 
,830.81,2688,79.5,-1.6,11101000,831.18,2688,51.8,7.21,591.6,831.50,0.0,0.0, , 
,831.85,2688,78.0,-4.3,11101000,832.18,2656,51.8,7.21,591.6,832.53,0.0,0.0, , 
,832.88,2656,79.5,-4.7,11101000,833.22,2656,45.9,5.15,520.2,833.58,0.0,0.0, , 
,833.91,2624,79.5,-5.1,11101000,834.26,2560,26.7,3.09,336.6,834.60,0.0,0.0, , 
,834.95,2496,79.5,-7.0,11101000,835.27,2464,42.7,5.15,479.4,835.60,0.0,0.0, , 
,835.97,2432,79.5,-4.7,11101000,836.34,2432,56.1,7.21,632.4,836.68,0.0,0.0, , 
,837.04,2400,79.5,-2.7,11101000,837.38,2368,56.1,7.21,632.4,837.72,0.0,0.0, , 
,838.06,2368,79.5,-1.6,11101000,838.44,2368,57.6,8.24,652.8,838.78,0.0,0.0, , 
,839.13,2336,79.5,-2.7,11101000,839.47,2336,57.6,8.24,652.8,839.81,0.0,0.0, , 
,840.14,2304,79.5,-2.7,11101000,840.49,2304,60.4,8.24,693.6,840.82,0.0,0.0, , 
,841.15,2304,79.5,-0.8,11101000,841.49,2304,62.0,8.24,693.6,841.84,0.0,0.0, , 
,842.19,2304,79.5,0.4,11101000,842.52,2304,63.5,9.27,714.0,842.86,0.0,0.0, , 
,843.21,2304,79.5,0.0,11101000,843.56,2304,63.5,9.27,714.0,843.89,0.0,0.0, , 
,844.23,2304,79.5,0.0,11101000,844.56,2304,67.8,10.30,754.8,844.89,0.0,0.0, , 
,845.22,2304,79.5,-5.5,11101000,845.56,2336,73.7,10.30,795.6,845.90,0.0,0.0, , 
,846.24,2336,79.5,-7.4,11101000,846.57,2368,73.7,10.30,795.6,846.90,0.0,0.0, , 
,847.24,2400,79.5,-6.6,11101001,847.56,2400,72.2,10.30,795.6,847.90,0.0,0.0, , 
,848.26,2432,79.5,-5.1,11101001,848.60,2432,69.4,9.27,754.8,848.95,0.0,0.0, , 
,849.30,2464,79.5,-2.7,11101001,849.65,2464,66.3,9.27,734.4,849.99,0.0,0.0, , 
,850.34,2496,79.5,0.4,11101001,850.67,2496,63.5,9.27,693.6,851.01,0.0,0.0, , 
,851.34,2528,79.5,2.3,11101001,851.66,2560,63.5,9.27,693.6,852.02,0.0,0.0, , 
,852.35,2560,79.5,2.0,11101001,852.71,2560,51.8,7.21,591.6,853.04,0.0,0.0, , 
,853.40,2560,79.5,-2.0,11101001,853.74,2560,51.8,7.21,591.6,854.10,0.0,0.0, , 
,854.43,2560,79.5,-3.9,11101001,854.77,2560,53.3,7.21,591.6,855.13,0.0,0.0, , 
,855.47,2560,79.5,-5.5,11101001,855.82,2560,56.1,7.21,632.4,856.15,0.0,0.0, , 
,856.49,2560,81.0,-4.7,11101001,856.83,2560,56.1,7.21,632.4,857.16,0.0,0.0, , 
,857.51,2592,81.0,-3.5,11101001,857.82,2592,57.6,8.24,652.8,858.15,0.0,0.0, , 
,858.49,2592,81.0,-1.2,11101001,858.82,2624,60.4,8.24,673.2,859.15,0.0,0.0, , 
,859.46,2624,81.0,2.0,11101001,859.80,2624,60.4,8.24,673.2,860.13,0.0,0.0, , 
,860.48,2656,81.0,2.7,11101001,860.82,2656,62.0,9.27,693.6,861.16,0.0,0.0, , 
,861.52,2688,81.0,2.7,11101001,861.84,2688,51.8,7.21,591.6,862.16,0.0,0.0, , 
,862.51,2624,81.0,0.0,11111101,862.86,2144,0.0,0.00,316.2,863.18,0.0,0.0, , 
,863.55,1696,81.0,0.0,11101011,863.93,1856,22.0,3.09,316.2,864.27,0.0,0.0, , 
,864.64,1824,81.0,0.0,11101011,865.01,1792,31.0,4.12,397.8,865.35,0.0,0.0, , 
,865.73,1760,81.0,0.0,11101011,866.09,1760,56.1,8.24,652.8,866.44,0.0,0.0, , 
,866.80,1760,81.0,-1.6,11101011,867.15,1760,66.3,10.30,754.8,867.51,0.0,0.0, , 
,867.89,1760,81.0,-2.3,11101011,868.28,1760,69.4,10.30,775.2,868.64,0.0,0.0, , 
,869.00,1824,81.0,-6.6,11101011,869.35,1824,71.0,9.27,795.6,869.72,0.0,0.0, , 
,870.10,1824,81.0,-5.9,11101011,870.48,1856,69.4,9.27,775.2,870.87,0.0,0.0, , 
,871.23,1856,81.0,-3.9,11101011,871.59,1856,66.3,9.27,754.8,871.95,0.0,0.0, , 
,872.32,1888,81.0,-2.0,11101011,872.70,1888,66.3,9.27,754.8,873.06,0.0,0.0, , 
,873.42,1920,81.0,0.0,11101011,873.78,1920,41.2,5.15,499.8,874.15,0.0,0.0, , 
,874.51,1888,81.0,-2.3,11101011,874.85,1888,48.6,6.18,591.6,875.22,0.0,0.0, , 
,875.59,1920,81.0,-3.5,11101011,875.95,1888,44.3,5.15,550.8,876.31,0.0,0.0, , 
,876.66,1888,81.0,0.0,11101011,877.01,1888,25.1,3.09,336.6,877.38,0.0,0.0, , 
,877.75,1856,81.0,-12.1,11101011,878.12,1856,25.1,3.09,336.6,878.47,0.0,0.0, , 
,878.83,1824,82.5,-21.9,11111111,879.16,1824,20.8,2.06,295.8,879.54,0.0,0.0, , 
,879.87,1760,82.5,0.0,11111111,880.20,1728,0.0,0.00,316.2,880.54,0.0,0.0, , 
,880.85,1664,82.5,0.0,11111111,881.18,1664,0.0,0.00,316.2,881.54,0.0,0.0, , 
,881.90,1600,82.5,0.0,11101011,882.26,1600,69.4,11.33,795.6,882.64,0.0,0.0, , 
,883.01,1696,82.5,0.0,11101011,883.37,1696,69.4,10.30,795.6,883.70,0.0,0.0, , 
,884.06,1728,81.0,-2.7,11101011,884.44,1760,66.3,9.27,754.8,884.81,0.0,0.0, , 
,885.19,1824,82.5,0.0,11101011,885.55,1824,32.5,3.09,418.2,885.88,0.0,0.0, , 
,886.25,1792,82.5,0.0,11111111,886.64,1792,20.8,2.06,295.8,887.03,0.0,0.0, , 
,887.36,1760,82.5,0.0,11111111,887.72,1728,0.0,0.00,316.2,888.08,0.0,0.0, , 
,888.44,1696,82.5,0.0,11111111,888.80,1696,0.0,0.00,316.2,889.12,0.0,0.0, , 
,889.47,1664,82.5,0.0,11111111,889.82,1632,0.0,0.00,316.2,890.14,0.0,0.0, , 
,890.52,1600,82.5,0.0,11101011,890.88,1632,22.0,3.09,316.2,891.23,0.0,0.0, , 
,891.56,1632,82.5,0.0,11101011,891.90,1632,22.0,3.09,316.2,892.24,0.0,0.0, , 
,892.59,1632,81.0,-9.0,11101011,892.91,1632,31.0,4.12,397.8,893.30,0.0,0.0, , 
,893.67,1664,81.0,-4.7,11101011,894.02,1664,41.2,5.15,499.8,894.38,0.0,0.0, , 
,894.77,1696,81.0,-2.0,11101011,895.14,1696,47.1,6.18,571.2,895.50,0.0,0.0, , 
,895.85,1728,81.0,-0.4,11101011,896.22,1760,45.9,6.18,550.8,896.60,0.0,0.0, , 
,896.99,1792,81.0,0.0,11101011,897.37,1792,44.3,6.18,550.8,897.75,0.0,0.0, , 
,898.11,1824,81.0,-0.8,11101011,898.48,1856,42.7,6.18,520.2,898.85,0.0,0.0, , 
,899.23,1888,81.0,-1.6,11101011,899.61,1888,40.0,5.15,479.4,899.99,0.0,0.0, , 
,900.33,1888,81.0,-2.0,11101011,900.70,1888,34.1,4.12,438.6,901.06,0.0,0.0, , 
,901.40,1888,81.0,-7.8,11101011,901.78,1888,22.0,2.06,316.2,902.16,0.0,0.0, , 
,902.52,1888,81.0,-18.8,11101011,902.87,1856,20.8,2.06,295.8,903.26,0.0,0.0, , 
,903.61,1856,81.0,-25.8,11101011,903.95,1856,19.2,2.06,295.8,904.33,0.0,0.0, , 
,904.69,1856,81.0,-30.1,11101011,905.04,1824,19.2,1.03,275.4,905.39,0.0,0.0, , 
,905.77,1792,81.0,-29.3,11101011,906.10,1792,19.2,2.06,295.8,906.42,0.0,0.0, , 
,906.78,1792,81.0,-26.6,11101011,907.16,1760,20.8,2.06,295.8,907.53,0.0,0.0, , 
,907.88,1728,81.0,-21.5,11101011,908.24,1728,29.4,3.09,377.4,908.60,0.0,0.0, , 
,908.96,1728,81.0,-10.9,11101011,909.34,1728,32.5,4.12,418.2,909.71,0.0,0.0, , 
,910.08,1728,81.0,-4.3,11101011,910.46,1728,34.1,4.12,438.6,910.83,0.0,0.0, , 
,911.22,1728,81.0,0.4,11101011,911.57,1728,47.1,7.21,571.2,911.95,0.0,0.0, , 
,912.32,1728,79.5,3.1,11101011,912.68,1760,53.3,8.24,612.0,913.06,0.0,0.0, , 
,913.44,1792,79.5,3.5,11101011,913.84,1792,65.1,9.27,734.4,914.20,0.0,0.0, , 
,914.58,1824,79.5,-4.3,11101011,914.91,1824,67.8,10.30,775.2,915.25,0.0,0.0, , 
,915.60,1856,79.5,0.8,11101011,915.97,1888,67.8,9.27,775.2,916.32,0.0,0.0, , 
,916.69,1920,79.5,-3.1,11101011,917.05,1920,76.9,10.30,867.0,917.40,0.0,0.0, , 
,917.77,1984,79.5,-2.3,11101001,918.14,1984,75.3,10.30,846.6,918.50,0.0,0.0, , 
,918.86,2048,79.5,0.0,11101001,919.20,2048,75.3,10.30,826.2,919.55,0.0,0.0, , 
,919.91,2112,79.5,2.3,11101001,920.25,2112,73.7,10.30,826.2,920.59,0.0,0.0, , 
,920.92,2176,79.5,4.7,11101001,921.27,2176,71.0,9.27,795.6,921.61,0.0,0.0, , 
,921.93,2240,79.5,8.6,11101001,922.28,2240,66.3,9.27,734.4,922.62,0.0,0.0, , 
,922.95,2304,81.0,12.9,11101001,923.27,2304,66.3,9.27,734.4,923.60,0.0,0.0, , 
,923.94,2336,79.5,13.7,11101001,924.27,2368,60.4,8.24,673.2,924.60,0.0,0.0, , 
,924.97,2400,79.5,14.8,11101001,925.34,2400,41.2,5.15,479.4,925.65,0.0,0.0, , 
,926.01,2400,79.5,14.1,11101001,926.36,2400,36.9,5.15,438.6,926.74,0.0,0.0, , 
,927.10,2432,79.5,13.7,11101001,927.44,2432,38.4,5.15,459.0,927.79,0.0,0.0, , 
,928.16,2432,79.5,2.7,11101001,928.54,2432,35.3,4.12,418.2,928.90,0.0,0.0, , 
,929.24,2400,79.5,0.0,11101001,929.59,2400,26.7,3.09,357.0,929.91,0.0,0.0, , 
,930.25,2400,79.5,-7.0,11111101,930.57,2400,17.6,2.06,244.8,930.89,0.0,0.0, , 
,931.22,2304,79.5,0.0,11111101,931.55,2272,0.0,0.00,244.8,931.87,0.0,0.0, , 
,932.21,2176,79.5,0.0,11111101,932.57,2112,0.0,0.00,244.8,932.92,0.0,0.0, , 
,933.29,2048,79.5,0.0,11111101,933.64,2048,16.1,3.09,244.8,934.00,0.0,0.0, , 
,934.34,2016,79.5,0.0,11101001,934.70,2048,28.2,4.12,377.4,935.06,0.0,0.0, , 
,935.40,2016,79.5,-3.9,11101001,935.73,2016,34.1,4.12,418.2,936.10,0.0,0.0, , 
,936.44,2016,79.5,-3.1,11101001,936.80,2016,22.0,2.06,316.2,937.14,0.0,0.0, , 
,937.48,2016,79.5,-7.4,11101001,937.85,2016,42.7,5.15,499.8,938.21,0.0,0.0, , 
,938.59,2016,79.5,0.0,11101001,938.94,2048,51.8,6.18,612.0,939.28,0.0,0.0, , 
,939.62,2048,79.5,1.2,11101001,939.98,2048,26.7,3.09,357.0,940.31,0.0,0.0, , 
,940.66,2016,79.5,0.0,11101000,941.00,2016,19.2,2.06,275.4,941.36,0.0,0.0, , 
,941.70,2048,79.5,0.0,11101001,942.05,2048,51.8,7.21,591.6,942.39,0.0,0.0, , 
,942.74,2080,79.5,0.0,11101001,943.11,2112,72.2,10.30,795.6,943.44,0.0,0.0, , 
,943.76,2144,79.5,-1.6,11101000,944.12,2176,75.3,10.30,826.2,944.43,0.0,0.0, , 
,944.76,2208,79.5,0.0,11101000,945.12,2208,42.7,5.15,499.8,945.46,0.0,0.0, , 
,945.80,2208,79.5,0.0,11111100,946.14,2144,17.6,2.06,244.8,946.47,0.0,0.0, , 
,946.81,2176,79.5,0.0,11111100,947.15,2144,0.0,0.00,244.8,947.48,0.0,0.0, , 
,947.83,2080,79.5,0.0,11101000,948.16,2144,60.4,9.27,673.2,948.48,0.0,0.0, , 
,948.82,2176,79.5,0.0,11101000,949.17,2208,88.6,14.42,948.6,949.49,0.0,0.0, , 
,949.80,2272,79.5,0.0,11101000,950.16,2304,91.4,13.39,989.4,950.50,0.0,0.0, , 
,950.86,2400,79.5,-10.2,11101000,951.21,2464,91.4,13.39,989.4,951.56,0.0,0.0, , 
,951.90,2528,79.5,-12.5,11101000,952.21,2560,91.4,13.39,989.4,952.54,0.0,0.0, , 
,952.89,2656,79.5,-12.1,11101000,953.26,2720,91.4,13.39,989.4,953.58,0.0,0.0, , 
,953.91,2304,79.5,0.0,11111100,954.25,1792,20.8,3.09,295.8,954.60,0.0,0.0, , 
,954.93,2464,79.5,0.0,11101000,955.30,2144,84.3,13.39,907.8,955.64,0.0,0.0, , 
,955.97,2208,79.5,0.0,11101000,956.29,2240,91.4,14.42,989.4,956.63,0.0,0.0, , 
,956.96,2272,79.5,-12.1,11101000,957.32,2304,91.4,12.36,989.4,957.65,0.0,0.0, , 
,958.04,2368,79.5,-14.5,11101000,958.35,2400,91.4,12.36,989.4,958.70,0.0,0.0, , 
,959.04,2400,79.5,0.0,11111100,959.37,2368,19.2,2.06,275.4,959.69,0.0,0.0, , 
,960.01,2400,79.5,0.0,11111100,960.33,2368,0.0,0.00,244.8,960.67,0.0,0.0, , 
,960.99,2368,79.5,0.0,11111100,961.31,2336,0.0,0.00,244.8,961.62,0.0,0.0, , 
,961.94,2336,79.5,0.0,11111100,962.26,2336,0.0,0.00,244.8,962.61,0.0,0.0, , 
,962.95,2304,79.5,0.0,11111100,963.26,2272,0.0,0.00,244.8,963.59,0.0,0.0, , 
,963.93,2240,79.5,0.0,11111100,964.26,2240,16.1,3.09,244.8,964.61,0.0,0.0, , 
,964.94,2208,79.5,0.0,11101000,965.27,2240,31.0,4.12,397.8,965.62,0.0,0.0, , 
,965.95,2240,79.5,0.0,11101000,966.28,2240,48.6,6.18,550.8,966.63,0.0,0.0, , 
,966.96,2272,79.5,0.0,11101000,967.29,2272,56.1,7.21,632.4,967.63,0.0,0.0, , 
,967.96,2272,79.5,1.6,11101000,968.30,2272,59.2,8.24,673.2,968.64,0.0,0.0, , 
,968.97,2304,79.5,4.7,11101000,969.30,2304,59.2,8.24,673.2,969.62,0.0,0.0, , 
,969.97,2304,79.5,0.0,11101000,970.33,2336,75.3,11.33,826.2,970.70,0.0,0.0, , 
,971.04,2368,79.5,-5.5,11101000,971.36,2368,85.5,12.36,907.8,971.72,0.0,0.0, , 
,972.08,2400,79.5,-12.5,11101000,972.45,2432,84.3,11.33,907.8,972.80,0.0,0.0, , 
,973.15,2464,79.5,-12.1,11101000,973.50,2464,84.3,11.33,907.8,973.84,0.0,0.0, , 
,974.17,2496,79.5,0.0,11101000,974.50,2496,75.3,10.30,826.2,974.86,0.0,0.0, , 
,975.20,2528,79.5,0.4,11101000,975.53,2528,56.1,6.18,652.8,975.87,0.0,0.0, , 
,976.21,2528,79.5,0.0,11101000,976.52,2528,20.8,2.06,275.4,976.85,0.0,0.0, , 
,977.18,2496,79.5,-10.2,11101000,977.53,2464,17.6,2.06,244.8,977.90,0.0,0.0, , 
,978.23,2432,79.5,-21.1,11101000,978.58,2400,17.6,1.03,244.8,978.89,0.0,0.0, , 
,979.23,2368,79.5,-25.8,11101000,979.57,2400,28.2,2.06,357.0,979.90,0.0,0.0, , 
,980.24,2336,79.5,-17.6,11101000,980.59,2336,45.9,5.15,520.2,980.91,0.0,0.0, , 
,981.24,2336,79.5,-10.9,11101000,981.60,2336,59.2,7.21,673.2,981.97,0.0,0.0, , 
,982.30,2336,79.5,-5.1,11101000,982.65,2336,65.1,9.27,714.0,982.97,0.0,0.0, , 
,983.30,2336,79.5,1.2,11101000,983.62,2336,63.5,9.27,714.0,983.99,0.0,0.0, , 
,984.32,2336,79.5,3.5,11101000,984.69,2336,63.5,9.27,714.0,985.03,0.0,0.0, , 
,985.39,2336,79.5,-0.8,11101000,985.73,2368,78.4,12.36,846.6,986.08,0.0,0.0, , 
,986.42,2368,79.5,-5.9,11101000,986.75,2368,82.7,11.33,887.4,987.11,0.0,0.0, , 
,987.49,2400,79.5,0.0,11101000,987.80,2368,45.9,6.18,520.2,988.13,0.0,0.0, , 
,988.46,2368,79.5,0.0,11101000,988.80,2368,45.9,6.18,520.2,989.13,0.0,0.0, , 
,989.46,2368,79.5,0.0,11101000,989.80,2336,23.5,3.09,316.2,990.15,0.0,0.0, , 
,990.51,2304,78.0,-5.5,11101000,990.86,2304,54.5,7.21,612.0,991.22,0.0,0.0, , 
,991.54,2304,78.0,-3.5,11101000,991.89,2304,60.4,8.24,673.2,992.21,0.0,0.0, , 
,992.56,2304,79.5,0.0,11101000,992.88,2304,50.2,7.21,591.6,993.20,0.0,0.0, , 
,993.55,2304,78.0,-2.3,11101000,993.89,2304,51.8,7.21,591.6,994.22,0.0,0.0, , 
,994.56,2304,79.5,-3.9,11101000,994.87,2304,53.3,7.21,612.0,995.20,0.0,0.0, , 
,995.54,2336,79.5,-6.3,11101000,995.87,2336,59.2,8.24,652.8,996.22,0.0,0.0, , 
,996.55,2304,78.0,0.0,11101000,996.87,2304,29.4,4.12,377.4,997.21,0.0,0.0, , 
,997.56,2304,79.5,-3.9,11101000,997.87,2304,29.4,4.12,377.4,998.22,0.0,0.0, , 
,998.56,2272,79.5,-5.5,11101000,998.90,2272,28.2,3.09,357.0,999.23,0.0,0.0, , 
,999.58,2272,79.5,-6.6,11101000,999.92,2272,34.1,4.12,418.2,1000.24,0.0,0.0, , 
,1000.57,2272,78.0,-2.3,11101000,1000.92,2240,40.0,5.15,459.0,1001.26,0.0,0.0, , 
,1001.60,2272,79.5,1.6,11101000,1001.93,2240,44.3,6.18,520.2,1002.26,0.0,0.0, , 
,1002.61,2240,79.5,3.9,11101000,1002.94,2240,44.3,6.18,520.2,1003.28,0.0,0.0, , 
,1003.63,2240,79.5,2.3,11101000,1003.95,2240,29.4,4.12,377.4,1004.29,0.0,0.0, , 
,1004.64,2240,79.5,0.4,11101000,1004.97,2240,41.2,5.15,479.4,1005.32,0.0,0.0, , 
,1005.65,2240,79.5,0.0,11101000,1006.00,2240,42.7,5.15,499.8,1006.33,0.0,0.0, , 
,1006.68,2240,79.5,0.4,11101000,1007.03,2240,28.2,3.09,357.0,1007.35,0.0,0.0, , 
,1007.68,2208,79.5,-7.8,11101000,1008.03,2176,19.2,2.06,275.4,1008.39,0.0,0.0, , 
,1008.72,2176,79.5,-21.1,11101000,1009.05,2144,19.2,2.06,275.4,1009.37,0.0,0.0, , 
,1009.72,2144,78.0,-11.7,11101000,1010.07,2112,32.5,3.09,397.8,1010.41,0.0,0.0, , 
,1010.77,2112,79.5,0.4,11101000,1011.11,2112,59.2,6.18,673.2,1011.44,0.0,0.0, , 
,1011.79,2144,78.0,5.1,11101000,1012.14,2112,75.3,9.27,826.2,1012.50,0.0,0.0, , 
,1012.82,2144,79.5,3.1,11101000,1013.18,2144,79.6,10.30,887.4,1013.51,0.0,0.0, , 
,1013.85,2176,78.0,0.0,11101000,1014.20,2176,85.5,11.33,928.2,1014.54,0.0,0.0, , 
,1014.89,2208,78.0,-7.0,11101000,1015.22,2240,87.1,12.36,948.6,1015.57,0.0,0.0, , 
,1015.91,2272,78.0,-10.5,11101000,1016.25,2272,87.1,11.33,948.6,1016.58,0.0,0.0, , 
,1016.90,2304,78.0,-10.9,11101000,1017.24,2304,87.1,11.33,948.6,1017.57,0.0,0.0, , 
,1017.92,2336,78.0,-10.9,11101000,1018.25,2336,87.1,11.33,948.6,1018.59,0.0,0.0, , 
,1018.93,2368,78.0,-10.9,11101000,1019.33,2368,87.1,11.33,928.2,1019.64,0.0,0.0, , 
,1019.98,2400,78.0,0.0,11101000,1020.31,2400,59.2,8.24,673.2,1020.68,0.0,0.0, , 
,1021.03,2400,78.0,0.0,11101000,1021.36,2400,26.7,3.09,357.0,1021.70,0.0,0.0, , 
,1022.06,2400,78.0,-3.1,11101000,1022.39,2368,26.7,3.09,357.0,1022.73,0.0,0.0, , 
,1023.06,2368,78.0,-4.7,11101000,1023.40,2336,32.5,4.12,397.8,1023.75,0.0,0.0, , 
,1024.09,2336,78.0,-4.3,11101000,1024.40,2336,57.6,8.24,652.8,1024.71,0.0,0.0, , 
,1025.07,2336,78.0,-0.4,11101000,1025.41,2368,71.0,10.30,775.2,1025.75,0.0,0.0, , 
,1026.09,2368,78.0,-3.5,11101000,1026.43,2368,72.2,10.30,795.6,1026.74,0.0,0.0, , 
,1027.10,2400,78.0,-6.3,11101000,1027.45,2400,76.9,10.30,846.6,1027.81,0.0,0.0, , 
,1028.19,2432,78.0,-9.0,11101000,1028.54,2432,78.4,11.33,867.0,1028.90,0.0,0.0, , 
,1029.22,2464,78.0,-5.5,11101000,1029.57,2464,78.4,10.30,846.6,1029.93,0.0,0.0, , 
,1030.28,2496,78.0,-5.1,11101000,1030.62,2496,69.4,9.27,754.8,1030.98,0.0,0.0, , 
,1031.32,2528,78.0,0.0,11101000,1031.69,2528,63.5,8.24,693.6,1032.04,0.0,0.0, , 
,1032.38,2528,78.0,5.1,11101000,1032.72,2560,62.0,9.27,693.6,1033.07,0.0,0.0, , 
,1033.39,2560,78.0,8.2,11101000,1033.72,2560,45.9,6.18,520.2,1034.05,0.0,0.0, , 
,1034.39,2560,78.0,2.0,11101000,1034.73,2560,44.3,6.18,520.2,1035.11,0.0,0.0, , 
,1035.46,2560,78.0,3.9,11101000,1035.80,2560,42.7,6.18,499.8,1036.14,0.0,0.0, , 
,1036.50,2560,79.5,5.9,11101000,1036.84,2560,26.7,3.09,357.0,1037.17,0.0,0.0, , 
,1037.51,2528,78.0,-6.3,11101000,1037.87,2528,19.2,2.06,275.4,1038.20,0.0,0.0, , 
,1038.57,2496,79.5,-16.8,11101000,1038.92,2464,17.6,2.06,244.8,1039.27,0.0,0.0, , 
,1039.61,2464,79.5,-16.0,11101000,1039.95,2464,17.6,1.03,244.8,1040.32,0.0,0.0, , 
,1040.69,2432,78.0,-11.7,11101000,1041.02,2432,17.6,1.03,244.8,1041.38,0.0,0.0, , 
,1041.69,2400,79.5,-10.5,11101000,1042.03,2368,17.6,1.03,244.8,1042.36,0.0,0.0, , 
,1042.69,2336,79.5,-11.7,11101000,1043.02,2336,17.6,1.03,244.8,1043.35,0.0,0.0, , 
,1043.69,2336,79.5,-10.2,11101000,1044.01,2304,17.6,1.03,275.4,1044.33,0.0,0.0, , 
,1044.66,2304,79.5,-2.3,11101000,1044.99,2304,19.2,1.03,275.4,1045.33,0.0,0.0, , 
,1045.65,2272,78.0,-0.4,11101000,1045.98,2272,19.2,1.03,275.4,1046.31,0.0,0.0, , 
,1046.66,2240,79.5,1.2,11101000,1046.99,2240,22.0,2.06,316.2,1047.32,0.0,0.0, , 
,1047.66,2240,78.0,0.0,11101000,1047.99,2240,48.6,5.15,571.2,1048.32,0.0,0.0, , 
,1048.68,2240,78.0,21.5,11101000,1049.01,2240,48.6,6.18,571.2,1049.33,0.0,0.0, , 
,1049.65,2240,78.0,0.0,11101000,1049.99,2240,17.6,2.06,244.8,1050.32,0.0,0.0, , 
,1050.66,2240,78.0,0.8,11101000,1050.99,2240,22.0,2.06,316.2,1051.32,0.0,0.0, , 
,1051.67,2240,78.0,15.2,11101000,1052.02,2240,40.0,4.12,479.4,1052.35,0.0,0.0, , 
,1052.70,2240,78.0,28.1,11101000,1053.03,2240,41.2,5.15,479.4,1053.35,0.0,0.0, , 
,1053.69,2272,79.5,30.5,11101000,1054.02,2272,40.0,5.15,479.4,1054.35,0.0,0.0, , 
,1054.66,2272,78.0,30.1,11101000,1054.99,2272,50.2,7.21,571.2,1055.33,0.0,0.0, , 
,1055.66,2240,78.0,7.8,11101000,1055.99,2272,56.1,6.18,632.4,1056.32,0.0,0.0, , 
,1056.66,2272,78.0,23.4,11101000,1057.00,2272,66.3,8.24,734.4,1057.33,0.0,0.0, , 
,1057.67,2272,78.0,30.5,11101000,1057.98,2272,66.3,9.27,734.4,1058.31,0.0,0.0, , 
,1058.65,2272,78.0,30.1,11101000,1058.99,2272,66.3,9.27,734.4,1059.32,0.0,0.0, , 
,1059.64,2272,78.0,29.3,11101000,1059.97,2272,66.3,10.30,734.4,1060.31,0.0,0.0, , 
,1060.62,2272,78.0,19.5,11101000,1060.95,2272,60.4,9.27,673.2,1061.28,0.0,0.0, , 
,1061.62,2272,78.0,2.3,11101000,1061.96,2272,54.5,7.21,612.0,1062.29,0.0,0.0, , 
,1062.62,2240,78.0,-2.0,11101000,1062.97,2240,56.1,7.21,632.4,1063.30,0.0,0.0, , 
,1063.64,2240,78.0,-4.7,11101000,1063.98,2208,69.4,9.27,754.8,1064.32,0.0,0.0, , 
,1064.68,2208,78.0,-5.1,11101000,1065.03,2208,69.4,9.27,754.8,1065.38,0.0,0.0, , 
,1065.72,2208,78.0,-6.6,11101000,1066.05,2240,73.7,10.30,826.2,1066.40,0.0,0.0, , 
,1066.72,2208,78.0,-7.4,11101000,1067.05,2240,73.7,10.30,826.2,1067.38,0.0,0.0, , 
,1067.72,2240,78.0,-7.8,11101000,1068.05,2240,73.7,10.30,795.6,1068.37,0.0,0.0, , 
,1068.69,2272,78.0,-4.7,11101000,1069.02,2240,69.4,9.27,754.8,1069.35,0.0,0.0, , 
,1069.68,2272,78.0,-2.7,11101000,1070.02,2272,69.4,9.27,754.8,1070.35,0.0,0.0, , 
,1070.71,2272,78.0,-1.2,11101000,1071.03,2304,67.8,10.30,754.8,1071.36,0.0,0.0, , 
,1071.69,2304,78.0,0.4,11101000,1072.04,2336,65.1,9.27,714.0,1072.37,0.0,0.0, , 
,1072.73,2336,78.0,1.2,11101000,1073.03,2336,63.5,9.27,714.0,1073.36,0.0,0.0, , 
,1073.69,2336,78.0,2.3,11101000,1074.05,2368,62.0,9.27,693.6,1074.37,0.0,0.0, , 
,1074.71,2368,78.0,0.0,11101000,1075.07,2368,47.1,6.18,550.8,1075.38,0.0,0.0, , 
,1075.71,2336,78.0,0.0,11101000,1076.06,2336,20.8,2.06,295.8,1076.37,0.0,0.0, , 
,1076.71,2336,78.0,-14.8,11101000,1077.05,2304,19.2,2.06,275.4,1077.41,0.0,0.0, , 
,1077.76,2304,78.0,-22.7,11101000,1078.07,2272,34.1,3.09,418.2,1078.41,0.0,0.0, , 
,1078.74,2272,78.0,-18.4,11101000,1079.08,2272,53.3,6.18,591.6,1079.42,0.0,0.0, , 
,1079.73,2272,78.0,-14.1,11101000,1080.07,2272,59.2,7.21,673.2,1080.41,0.0,0.0, , 
,1080.73,2304,78.0,-0.4,11101000,1081.07,2304,54.5,7.21,612.0,1081.43,0.0,0.0, , 
,1081.76,2304,78.0,3.5,11101000,1082.10,2304,50.2,6.18,571.2,1082.43,0.0,0.0, , 
,1082.77,2304,78.0,7.4,11101000,1083.10,2304,36.9,5.15,438.6,1083.44,0.0,0.0, , 
,1083.77,2304,78.0,6.3,11101000,1084.12,2304,48.6,6.18,571.2,1084.44,0.0,0.0, , 
,1084.77,2304,78.0,8.6,11101000,1085.12,2304,47.1,6.18,550.8,1085.45,0.0,0.0, , 
,1085.77,2304,78.0,9.4,11101000,1086.09,2304,45.9,6.18,550.8,1086.44,0.0,0.0, , 
,1086.76,2304,78.0,0.0,11101000,1087.10,2304,26.7,3.09,357.0,1087.42,0.0,0.0, , 
,1087.75,2304,78.0,-5.1,11101000,1088.09,2272,28.2,3.09,357.0,1088.40,0.0,0.0, , 
,1088.73,2272,78.0,-4.3,11101000,1089.06,2272,36.9,5.15,438.6,1089.39,0.0,0.0, , 
,1089.72,2272,78.0,-4.7,11101000,1090.06,2240,38.4,5.15,459.0,1090.39,0.0,0.0, , 
,1090.73,2240,78.0,-5.5,11101000,1091.07,2240,36.9,5.15,438.6,1091.40,0.0,0.0, , 
,1091.75,2240,78.0,-5.9,11101000,1092.08,2240,40.0,5.15,479.4,1092.42,0.0,0.0, , 
,1092.75,2240,78.0,-4.3,11101000,1093.10,2240,41.2,5.15,479.4,1093.43,0.0,0.0, , 
,1093.78,2240,78.0,-2.7,11101000,1094.10,2240,42.7,6.18,499.8,1094.43,0.0,0.0, , 
,1094.77,2240,78.0,-2.7,11101000,1095.10,2240,47.1,6.18,550.8,1095.45,0.0,0.0, , 
,1095.77,2240,78.0,-2.3,11101000,1096.10,2240,53.3,7.21,612.0,1096.45,0.0,0.0, , 
,1096.81,2240,78.0,-3.1,11101000,1097.11,2240,54.5,7.21,612.0,1097.45,0.0,0.0, , 
,1097.79,2240,78.0,-2.3,11101000,1098.13,2272,59.2,8.24,673.2,1098.48,0.0,0.0, , 
,1098.83,2272,78.0,-2.3,11101000,1099.16,2272,44.3,6.18,520.2,1099.49,0.0,0.0, , 
,1099.82,2240,78.0,-2.0,11101000,1100.15,2240,53.3,7.21,612.0,1100.49,0.0,0.0, , 
,1100.83,2240,78.0,-1.2,11101000,1101.16,2272,53.3,7.21,612.0,1101.51,0.0,0.0, , 
,1101.83,2272,78.0,0.0,11101000,1102.15,2272,41.2,5.15,479.4,1102.49,0.0,0.0, , 
,1102.83,2240,78.0,-3.1,11101000,1103.15,2240,0.0,0.00,336.6,1103.46,0.0,0.0, , 
,1103.77,1344,78.0,0.0,11111110,1104.09,1056,26.7,4.12,377.4,1104.39,0.0,0.0, , 
,1104.71,1088,78.0,0.0,11111110,1105.03,1088,26.7,4.12,377.4,1105.34,0.0,0.0, , 
,1105.66,1088,78.0,0.0,11111110,1105.97,1056,25.1,3.09,357.0,1106.28,0.0,0.0, , 
,1106.57,992,78.0,-3.1,11111110,1106.84,992,25.1,3.09,357.0,1107.16,0.0,0.0, , 
,1107.47,928,78.0,-5.5,11111110,1107.78,928,25.1,3.09,377.4,1108.08,0.0,0.0, , 
,1108.41,896,78.0,-6.3,11111110,1108.72,896,25.1,3.09,377.4,1109.01,0.0,0.0, , 
,1109.31,896,78.0,-6.3,11111110,1109.60,896,25.1,3.09,377.4,1109.89,0.0,0.0, , 
,1110.19,864,78.0,-7.0,11111110,1110.52,864,26.7,3.09,377.4,1110.82,0.0,0.0, , 
,1111.12,864,78.0,-7.0,11111110,1111.43,864,26.7,3.09,377.4,1111.75,0.0,0.0, , 
,1112.06,896,78.0,-7.0,11111110,1112.36,864,26.7,3.09,377.4,1112.65,0.0,0.0, , 
,1112.96,896,78.0,-5.9,11111110,1113.26,896,26.7,3.09,397.8,1113.56,0.0,0.0, , 
,1113.88,896,78.0,-5.9,11111110,1114.19,896,26.7,3.09,377.4,1114.49,0.0,0.0, , 
,1114.79,896,79.5,-6.6,11111110,1115.10,896,26.7,3.09,377.4,1115.39,0.0,0.0, , 
,1115.71,864,79.5,-7.0,11111110,1115.99,928,26.7,3.09,377.4,1116.30,0.0,0.0, , 
,1116.61,1376,79.5,-8.2,11111110,1116.93,1248,26.7,3.09,357.0,1117.26,0.0,0.0, , 
,1117.57,960,79.5,-5.1,11111110,1117.86,928,28.2,3.09,397.8,1118.15,0.0,0.0, , 
,1118.49,928,79.5,-3.1,11111110,1118.77,960,28.2,3.09,397.8,1119.13,0.0,0.0, , 
,1119.41,960,79.5,-3.9,11111110,1119.73,928,26.7,3.09,377.4,1120.04,0.0,0.0, , 
,1120.34,896,79.5,-4.3,11111110,1120.65,896,28.2,3.09,397.8,1120.98,0.0,0.0, , 
,1121.29,928,79.5,-4.3,11111111,1121.61,928,26.7,3.09,377.4,1121.91,0.0,0.0, , 
,1122.21,896,79.5,-4.3,11111111,1122.49,896,26.7,3.09,397.8,1122.78,0.0,0.0, , 
,1123.08,896,79.5,-3.9,11111111,1123.37,896,26.7,3.09,397.8,1123.67,0.0,0.0, , 
,1123.95,864,79.5,-3.9,11111111,1124.26,864,26.7,3.09,397.8,1124.56,0.0,0.0, , 
,1124.86,864,79.5,-5.1,11111111,1125.16,864,28.2,3.09,397.8,1125.47,0.0,0.0, , 
,1125.79,896,79.5,-5.5,11111111,1126.10,896,28.2,3.09,397.8,1126.39,0.0,0.0, , 
,1126.69,896,79.5,-5.9,11111111,1127.01,896,28.2,3.09,397.8,1127.32,0.0,0.0, , 
,1127.62,896,79.5,-5.1,11111111,1127.94,896,28.2,3.09,397.8,1128.24,0.0,0.0, , 
,1128.54,896,79.5,-5.1,11101011,1128.83,992,34.1,4.12,438.6,1129.14,0.0,0.0, , 
,1129.47,1088,79.5,-3.1,11101011,1129.78,896,35.3,4.12,479.4,1130.10,0.0,0.0, , 
,1130.40,928,79.5,-0.4,11101011,1130.70,928,36.9,4.12,479.4,1131.00,0.0,0.0, , 
,1131.33,960,79.5,-2.7,11111111,1131.65,1184,26.7,3.09,377.4,1131.96,0.0,0.0, , 
,1132.28,1344,79.5,-5.1,11111111,1132.60,1344,25.1,3.09,336.6,1132.91,0.0,0.0, , 
,1133.21,1120,79.5,-8.6,11111111,1133.52,992,26.7,3.09,377.4,1133.80,0.0,0.0, , 
,1134.11,896,79.5,-8.6,11111111,1134.41,896,31.0,3.09,418.2,1134.70,0.0,0.0, , 
,1135.00,896,79.5,-8.2,11111111,1135.31,896,31.0,3.09,418.2,1135.62,0.0,0.0, , 
,1135.92,896,79.5,-7.4,11111111,1136.22,896,29.4,3.09,418.2,1136.52,0.0,0.0, , 
,1136.81,896,79.5,-7.4,11111111,1137.13,896,29.4,3.09,418.2,1137.42,0.0,0.0, , 
,1137.73,896,79.5,-7.0,11111111,1138.03,896,31.0,4.12,418.2,1138.35,0.0,0.0, , 
,1138.65,832,79.5,-6.3,11111111,1138.95,768,28.2,3.09,418.2,1139.25,0.0,0.0, , 
,1139.55,800,79.5,-6.3,11111111,1139.84,800,31.0,4.12,438.6,1140.15,0.0,0.0, , 
,1140.44,800,79.5,-6.3,11111110,1140.73,800,28.2,3.09,418.2,1141.04,0.0,0.0, , 
,1141.36,800,79.5,-6.3,11111111,1141.66,800,29.4,3.09,418.2,1141.96,0.0,0.0, , 
,1142.28,800,79.5,-6.3,11111110,1142.58,800,29.4,3.09,418.2,1142.88,0.0,0.0, , 
,1143.19,800,79.5,-5.9,11111110,1143.49,800,29.4,3.09,418.2,1143.78,0.0,0.0, , 
,1144.09,768,79.5,-5.9,11111110,1144.38,800,29.4,3.09,418.2,1144.68,0.0,0.0, , 
,1144.98,800,79.5,-5.9,11111110,1145.28,800,29.4,3.09,418.2,1145.58,0.0,0.0, , 
,1145.87,768,79.5,-5.9,11111110,1146.17,800,29.4,3.09,418.2,1146.46,0.0,0.0, , 
,1146.76,800,79.5,-5.9,11111110,1147.06,768,29.4,3.09,418.2,1147.36,0.0,0.0, , 
,1147.68,800,79.5,-5.9,11111110,1147.98,800,29.4,3.09,418.2,1148.28,0.0,0.0, , 
,1148.59,800,79.5,-5.5,11111110,1148.89,768,29.4,3.09,418.2,1149.19,0.0,0.0, , 
,1149.48,800,79.5,-5.9,11111110,1149.78,768,29.4,3.09,418.2,1150.10,0.0,0.0, , 
,1150.40,800,79.5,-5.9,11111110,1150.70,768,29.4,3.09,418.2,1150.99,0.0,0.0, , 
,1151.29,800,79.5,-5.5,11111110,1151.60,800,29.4,3.09,418.2,1151.89,0.0,0.0, , 
,1152.18,800,79.5,-5.5,11111110,1152.48,800,29.4,3.09,418.2,1152.78,0.0,0.0, , 
,1153.06,768,79.5,-1.6,11111110,1153.36,800,29.4,3.09,418.2,1153.66,0.0,0.0, , 
,1153.95,800,79.5,-2.0,11111110,1154.25,800,29.4,3.09,418.2,1154.54,0.0,0.0, , 
,1154.84,800,79.5,-3.1,11111110,1155.14,800,28.2,3.09,418.2,1155.43,0.0,0.0, , 
,1155.72,800,79.5,-3.9,11111110,1156.02,768,29.4,3.09,418.2,1156.31,0.0,0.0, , 
,1156.61,800,79.5,-4.3,11111110,1156.91,800,29.4,4.12,418.2,1157.20,0.0,0.0, , 
,1157.50,800,79.5,-4.3,11111110,1157.79,800,29.4,3.09,418.2,1158.10,0.0,0.0, , 
,1158.39,800,79.5,-4.7,11111110,1158.70,800,29.4,3.09,418.2,1159.00,0.0,0.0, , 
,1159.30,768,79.5,-5.1,11111110,1159.60,768,29.4,3.09,418.2,1159.89,0.0,0.0, , 
,1160.20,768,79.5,-5.5,11111110,1160.50,800,29.4,3.09,418.2,1160.80,0.0,0.0, , 
,1161.09,800,78.0,-5.5,11111110,1161.38,768,29.4,3.09,418.2,1161.68,0.0,0.0, , 
,1161.97,800,78.0,-6.3,11111110,1162.26,768,29.4,3.09,418.2,1162.56,0.0,0.0, , 
,1162.86,768,78.0,-7.0,11111110,1163.18,800,29.4,3.09,418.2,1163.49,0.0,0.0, , 
,1163.79,768,78.0,-7.0,11111110,1164.10,768,29.4,3.09,418.2,1164.40,0.0,0.0, , 
,1164.70,800,78.0,-7.0,11111110,1165.01,800,29.4,3.09,418.2,1165.31,0.0,0.0, , 
,1165.61,800,78.0,-7.0,11111110,1165.90,800,29.4,3.09,418.2,1166.20,0.0,0.0, , 
,1166.51,800,78.0,-6.6,11111110,1166.82,800,29.4,3.09,418.2,1167.12,-0.8,0.0, , 
,1167.43,768,78.0,-6.6,11111110,1167.74,800,29.4,3.09,418.2,1168.04,-1.6,0.0, , 
,1168.34,800,78.0,-7.0,11111110,1168.65,800,29.4,3.09,418.2,1168.95,-1.6,0.0, , 
,1169.25,768,78.0,-7.0,11111110,1169.55,768,29.4,3.09,418.2,1169.84,-2.3,0.0, , 
,1170.18,800,78.0,-6.3,11111110,1170.45,800,29.4,3.09,418.2,1170.76,-2.3,0.0, , 
,1171.05,768,78.0,-6.6,11111110,1171.34,768,29.4,3.09,418.2,1171.64,-2.3,0.0, , 
,1171.94,768,78.0,-6.6,11111110,1172.23,768,29.4,3.09,418.2,1172.52,-3.1,0.0, , 
,1172.82,800,78.0,-6.3,11111110,1173.13,800,31.0,3.09,438.6,1173.42,-3.1,0.0, , 
,1173.71,768,78.0,-6.6,11111110,1174.01,768,31.0,3.09,438.6,1174.32,-3.1,0.0, , 
,1174.63,800,78.0,-6.6,11111110,1174.93,768,31.0,3.09,438.6,1175.25,-3.9,0.0, , 
,1175.56,768,78.0,-6.3,11111110,1175.86,800,31.0,3.09,438.6,1176.16,-3.9,0.0, , 
,1176.46,800,78.0,-6.3,11111110,1176.76,800,31.0,3.09,438.6,1177.05,-3.9,0.0, , 
,1177.34,768,78.0,-6.3,11111110,1177.64,800,29.4,3.09,438.6,1177.94,-3.9,0.0, , 
,1178.23,800,78.0,-5.9,11111110,1178.53,768,29.4,3.09,438.6,1178.84,-4.7,0.0, , 
,1179.15,768,78.0,-5.9,11111110,1179.46,800,31.0,4.12,438.6,1179.79,-3.9,0.0, , 
,1180.08,800,78.0,-5.1,11111110,1180.38,800,31.0,4.12,438.6,1180.67,-3.9,0.0, , 
,1180.98,800,78.0,-4.3,11111110,1181.28,800,31.0,3.09,438.6,1181.57,-4.7,0.0, , 
,1181.86,864,78.0,0.0,11101010,1182.23,1376,44.3,6.18,550.8,1182.56,0.0,0.0, , 
,1182.92,1760,78.0,-3.9,11101010,1183.26,1472,0.0,0.00,357.0,1183.58,-5.5,0.0, , 
,1183.90,864,78.0,0.0,11111110,1184.21,896,29.4,4.12,418.2,1184.50,-5.5,0.0, , 
,1184.78,768,78.0,0.0,11101010,1185.09,832,45.9,7.21,550.8,1185.44,-1.6,0.0, , 
,1185.81,1728,78.0,0.0,11101010,1186.16,1632,51.8,7.21,612.0,1186.51,-1.6,0.0, , 
,1186.84,1216,78.0,0.0,10101010,1187.15,1344,57.6,8.24,693.6,1187.50,-1.6,0.0, , 
,1187.86,1696,78.0,-3.5,10101010,1188.20,1856,44.3,5.15,550.8,1188.57,0.0,0.0, , 
,1188.92,1984,78.0,0.0,10101010,1189.29,1952,23.5,3.09,316.2,1189.65,0.0,0.0, , 
,1190.01,1984,78.0,-13.3,10101010,1190.37,2016,40.0,5.15,479.4,1190.72,0.0,0.0, , 
,1191.06,1984,78.0,0.0,10111110,1191.37,1472,0.0,0.00,336.6,1191.69,-3.1,0.0, , 
,1192.00,1152,78.0,0.0,10101010,1192.32,1248,73.7,12.36,846.6,1192.65,-1.6,0.0, , 
,1193.05,1472,78.0,0.0,10101010,1193.40,1632,84.3,13.39,948.6,1193.74,-1.6,0.0, , 
,1194.12,1728,78.0,0.0,11111110,1194.41,1248,0.0,0.00,397.8,1194.72,-3.9,0.0, , 
,1195.03,1120,78.0,0.0,11111110,1195.33,1152,25.1,4.12,377.4,1195.66,-4.7,0.0, , 
,1195.98,992,78.0,0.0,11111110,1196.30,864,25.1,3.09,377.4,1196.59,-4.7,0.0, , 
,1196.89,864,78.0,-1.2,11111110,1197.19,896,29.4,3.09,397.8,1197.49,-4.7,0.0, , 
,1197.77,896,78.0,-4.3,11111110,1198.08,896,36.9,5.15,459.0,1198.39,-2.3,0.0, , 
,1198.78,1344,78.0,0.0,11101010,1199.15,1504,84.3,14.42,948.6,1199.47,-1.6,0.0, , 
,1199.79,1312,78.0,0.0,11101010,1200.09,1440,87.1,14.42,969.0,1200.44,-1.6,0.0, , 
,1200.79,1664,78.0,0.0,11101010,1201.14,1856,87.1,14.42,969.0,1201.50,0.0,0.0, , 
,1201.84,2144,78.0,-13.3,11101000,1202.18,2272,88.6,12.36,969.0,1202.54,0.0,0.0, , 
,1202.88,2624,79.5,-17.6,11101000,1203.20,2400,0.0,0.00,377.4,1203.56,0.0,0.0, , 
,1203.93,1824,79.5,0.0,11101010,1204.29,1952,76.9,12.36,867.0,1204.66,0.0,0.0, , 
,1205.01,1920,79.5,0.0,11101011,1205.38,1952,78.4,11.33,867.0,1205.75,0.0,0.0, , 
,1206.11,2048,79.5,0.0,11101000,1206.47,2080,48.6,6.18,571.2,1206.82,0.0,0.0, , 
,1207.17,2112,79.5,-0.4,11101000,1207.52,2144,50.2,7.21,591.6,1207.86,0.0,0.0, , 
,1208.20,2208,79.5,-2.3,11101001,1208.54,2240,59.2,8.24,652.8,1208.87,0.0,0.0, , 
,1209.22,2304,79.5,-0.4,11101001,1209.56,2336,62.0,9.27,693.6,1209.91,0.0,0.0, , 
,1210.25,2432,79.5,0.0,11101001,1210.60,2464,66.3,9.27,714.0,1210.95,0.0,0.0, , 
,1211.30,2560,79.5,2.0,11101001,1211.61,2592,72.2,10.30,775.2,1211.94,0.0,0.0, , 
,1212.29,2688,79.5,-1.6,11101001,1212.63,2720,75.3,11.33,795.6,1212.97,0.0,0.0, , 
,1213.32,2816,81.0,-6.3,11101001,1213.65,2592,0.0,0.00,357.0,1213.98,0.0,0.0, , 
,1214.35,1600,81.0,0.0,11111111,1214.65,1088,25.1,4.12,357.0,1214.97,-3.9,0.0, , 
,1215.27,1088,81.0,0.0,11111111,1215.59,1056,25.1,4.12,357.0,1215.86,-4.7,0.0, , 
,1216.22,960,81.0,0.0,11111111,1216.53,960,25.1,3.09,377.4,1216.82,-4.7,0.0, , 
,1217.10,960,81.0,-1.6,11111111,1217.41,928,26.7,3.09,377.4,1217.71,-4.7,0.0, , 
,1218.01,928,81.0,-2.3,11111111,1218.31,928,26.7,3.09,377.4,1218.62,-4.7,0.0, , 
,1218.93,896,81.0,-2.3,11111111,1219.24,864,26.7,3.09,397.8,1219.52,-4.7,0.0, , 
,1219.83,896,81.0,-2.0,11111111,1220.12,864,26.7,3.09,397.8,1220.43,-4.7,0.0, , 
,1220.73,864,81.0,-2.0,11111111,1221.05,864,28.2,3.09,397.8,1221.34,-4.7,0.0, , 
,1221.64,896,81.0,-2.0,11111111,1221.94,896,28.2,3.09,397.8,1222.23,-4.7,0.0, , 
,1222.53,896,81.0,-2.7,11111111,1222.82,896,28.2,3.09,397.8,1223.15,-3.9,0.0, , 
,1223.49,992,81.0,-4.7,11101011,1223.78,992,40.0,5.15,499.8,1224.11,-3.1,0.0, , 
,1224.43,1088,81.0,-2.3,11101011,1224.74,1152,60.4,9.27,693.6,1225.06,-1.6,0.0, , 
,1225.39,1248,81.0,0.0,11101011,1225.74,1312,44.3,6.18,550.8,1226.07,-2.3,0.0, , 
,1226.35,1440,82.5,0.0,11101011,1226.74,1472,53.3,7.21,632.4,1227.10,-1.6,0.0, , 
,1227.46,1632,82.5,-1.6,11101011,1227.80,1664,44.3,6.18,550.8,1228.11,-2.3,0.0, , 
,1228.41,1152,82.5,0.0,11111111,1228.72,1120,31.0,4.12,418.2,1229.02,-3.9,0.0, , 
,1229.33,1184,82.5,0.0,11111111,1229.62,1088,22.0,3.09,336.6,1229.91,-4.7,0.0, , 
,1230.22,864,82.5,0.0,11111111,1230.52,864,26.7,3.09,397.8,1230.84,-4.7,0.0, , 
,1231.16,896,82.5,-2.7,11111111,1231.47,896,28.2,3.09,397.8,1231.79,-4.7,0.0, , 
,1232.07,896,82.5,-4.3,11111111,1232.36,896,28.2,3.09,397.8,1232.66,-5.5,0.0, , 
,1232.96,768,82.5,-3.1,11111111,1233.25,768,29.4,3.09,418.2,1233.55,-5.5,0.0, , 
,1233.84,800,82.5,-2.0,11111111,1234.16,800,29.4,3.09,418.2,1234.46,-5.5,0.0, , 
,1234.76,800,82.5,-1.2,11111111,1235.05,800,29.4,3.09,418.2,1235.36,-4.7,0.0, , 
,1235.66,800,82.5,-1.2,11111111,1235.96,800,29.4,3.09,418.2,1236.24,-5.5,0.0, , 
,1236.52,800,82.5,-1.2,11111111,1236.81,800,29.4,4.12,418.2,1237.11,-5.5,0.0, , 
,1237.40,800,82.5,-1.6,11111111,1237.71,800,29.4,3.09,418.2,1238.00,-5.5,0.0, , 
,1238.31,832,82.5,0.0,11101011,1238.64,1376,50.2,7.21,612.0,1238.91,-2.3,0.0, , 
,1239.25,1408,82.5,-3.1,11101011,1239.57,1248,50.2,7.21,612.0,1239.90,-2.3,0.0, , 
,1240.22,1216,82.5,-3.9,11101011,1240.54,1056,45.9,6.18,571.2,1240.86,-3.1,0.0, , 
,1241.20,1248,82.5,0.0,11101011,1241.53,1280,29.4,4.12,397.8,1241.85,-3.1,0.0, , 
,1242.19,1312,82.5,0.0,11101011,1242.51,1312,28.2,4.12,397.8,1242.85,-3.1,0.0, , 
,1243.18,1312,82.5,-2.3,11101011,1243.52,1312,28.2,3.09,377.4,1243.84,-3.1,0.0, , 
,1244.18,1344,82.5,-3.9,11101011,1244.52,1344,35.3,5.15,459.0,1244.86,-2.3,0.0, , 
,1245.23,1408,82.5,-4.7,11101011,1245.61,1504,51.8,7.21,612.0,1245.95,-1.6,0.0, , 
,1246.33,1856,82.5,0.0,11101011,1246.68,1984,45.9,6.18,550.8,1246.99,0.0,0.0, , 
,1247.30,1408,82.5,0.0,11111111,1247.59,1184,42.7,7.21,499.8,1247.92,-1.6,0.0, , 
,1248.25,1248,82.5,0.0,11101011,1248.56,1344,81.2,12.36,928.2,1249.00,-1.6,0.0, , 
,1249.39,1632,82.5,0.0,11101011,1249.76,1760,85.5,13.39,948.6,1250.13,0.0,0.0, , 
,1250.47,2048,82.5,-6.6,11101001,1250.80,2176,79.6,11.33,887.4,1251.14,0.0,0.0, , 
,1251.51,2400,82.5,-4.3,11101001,1251.85,2528,81.2,11.33,867.0,1252.18,0.0,0.0, , 
,1252.51,2784,82.5,-5.5,11101001,1252.86,2912,76.9,10.30,826.2,1253.12,0.0,0.0, , 
,1253.46,2720,81.0,0.0,11111101,1253.79,2208,0.0,0.00,295.8,1254.09,-3.1,0.0, , 
,1254.48,1504,81.0,0.0,11101011,1254.84,2016,40.0,5.15,479.4,1255.21,0.0,0.0, , 
,1255.55,1984,81.0,0.0,11101001,1255.89,2016,65.1,8.24,734.4,1256.24,0.0,0.0, , 
,1256.58,2080,81.0,3.1,11101001,1256.93,2112,71.0,9.27,775.2,1257.25,0.0,0.0, , 
,1257.59,2208,81.0,5.9,11101001,1257.93,2240,75.3,10.30,826.2,1258.25,0.0,0.0, , 
,1258.57,2336,81.0,7.0,11101001,1258.92,2368,72.2,10.30,795.6,1259.27,0.0,0.0, , 
,1259.61,2464,81.0,9.4,11101001,1259.95,2496,69.4,10.30,754.8,1260.29,0.0,0.0, , 
,1260.64,2560,81.0,13.7,11101001,1260.96,2592,67.8,10.30,734.4,1261.29,0.0,0.0, , 
,1261.64,2688,81.0,16.0,11101001,1261.96,2720,65.1,10.30,714.0,1262.30,0.0,0.0, , 
,1262.63,2784,81.0,18.4,11101001,1262.97,2816,63.5,9.27,714.0,1263.33,0.0,0.0, , 
,1263.69,2880,81.0,20.3,11101001,1264.09,2912,62.0,9.27,693.6,1264.37,0.0,0.0, , 
,1264.78,2976,81.0,22.3,11101001,1265.05,3008,60.4,9.27,673.2,1265.40,0.0,0.0, , 
,1265.73,3072,81.0,5.5,11101001,1266.10,3104,59.2,9.27,652.8,1266.44,0.0,0.0, , 
,1266.81,3136,81.0,5.1,11101001,1267.13,2784,0.0,0.00,295.8,1267.46,0.0,0.0, , 
,1267.80,1856,81.0,0.0,11101011,1268.12,2336,34.1,5.15,397.8,1268.46,0.0,0.0, , 
,1268.78,2272,81.0,0.0,11101001,1269.11,2304,54.5,8.24,632.4,1269.45,0.0,0.0, , 
,1269.78,2304,82.5,-0.8,11101001,1270.12,2304,59.2,8.24,652.8,1270.45,0.0,0.0, , 
,1270.80,2336,82.5,0.8,11101001,1271.13,2336,65.1,9.27,714.0,1271.46,0.0,0.0, , 
,1271.78,2368,82.5,0.0,11101001,1272.11,2368,63.5,9.27,714.0,1272.47,0.0,0.0, , 
,1272.79,2400,82.5,0.0,11101001,1273.14,2432,67.8,10.30,754.8,1273.49,0.0,0.0, , 
,1273.85,2464,82.5,-2.3,11101001,1274.21,2464,66.3,9.27,734.4,1274.55,0.0,0.0, , 
,1274.90,2496,82.5,-2.3,11101001,1275.23,2496,66.3,9.27,734.4,1275.59,0.0,0.0, , 
,1275.95,2528,82.5,0.0,11101001,1276.30,2560,66.3,9.27,734.4,1276.64,0.0,0.0, , 
,1276.99,2560,82.5,0.8,11101001,1277.32,2592,66.3,9.27,734.4,1277.64,0.0,0.0, , 
,1277.98,2624,82.5,1.2,11101001,1278.30,2624,65.1,9.27,714.0,1278.64,0.0,0.0, , 
,1278.97,2656,82.5,2.3,11101001,1279.31,2656,59.2,9.27,652.8,1279.65,0.0,0.0, , 
,1280.01,2688,82.5,4.7,11101001,1280.34,2688,57.6,9.27,652.8,1280.66,0.0,0.0, , 
,1281.00,2720,82.5,5.9,11101001,1281.34,2720,57.6,8.24,652.8,1281.68,0.0,0.0, , 
,1282.03,2720,82.5,4.7,11101001,1282.36,2752,60.4,9.27,673.2,1282.71,0.0,0.0, , 
,1283.04,2784,82.5,4.7,11101001,1283.39,2784,71.0,11.33,775.2,1283.72,0.0,0.0, , 
,1284.07,2816,82.5,-0.8,11101001,1284.45,2848,71.0,10.30,775.2,1284.80,0.0,0.0, , 
,1285.13,2880,82.5,-1.2,11101001,1285.48,2912,67.8,10.30,754.8,1285.81,0.0,0.0, , 
,1286.16,2080,82.5,0.0,11111101,1286.45,1600,0.0,0.00,316.2,1286.78,-3.1,0.0, , 
,1287.11,2176,82.5,0.0,11101001,1287.45,2240,32.5,4.12,397.8,1287.80,0.0,0.0, , 
,1288.12,2208,82.5,0.0,11101001,1288.46,2208,57.6,8.24,652.8,1288.80,0.0,0.0, , 
,1289.13,2208,82.5,1.2,11101001,1289.45,2240,60.4,8.24,693.6,1289.77,0.0,0.0, , 
,1290.09,2240,82.5,2.0,11101001,1290.44,2240,67.8,10.30,754.8,1290.77,0.0,0.0, , 
,1291.10,2272,82.5,0.0,11101001,1291.42,2272,67.8,10.30,754.8,1291.76,0.0,0.0, , 
,1292.11,2304,82.5,-0.4,11101001,1292.44,2304,66.3,9.27,754.8,1292.77,0.0,0.0, , 
,1293.11,2336,82.5,0.4,11101001,1293.45,2336,66.3,9.27,734.4,1293.80,0.0,0.0, , 
,1294.13,2368,82.5,1.2,11101001,1294.46,2368,66.3,9.27,734.4,1294.80,0.0,0.0, , 
,1295.12,2368,82.5,1.2,11101001,1295.45,2400,65.1,9.27,734.4,1295.80,0.0,0.0, , 
,1296.15,2400,82.5,0.8,11101001,1296.53,2400,65.1,9.27,714.0,1296.90,0.0,0.0, , 
,1297.26,2432,82.5,1.6,11101001,1297.62,2432,65.1,9.27,714.0,1297.96,0.0,0.0, , 
,1298.32,2464,82.5,2.0,11101001,1298.70,2464,63.5,9.27,714.0,1299.07,0.0,0.0, , 
,1299.41,2464,82.5,2.3,11101001,1299.76,2496,63.5,9.27,714.0,1300.12,0.0,0.0, , 
,1300.44,2496,82.5,2.7,11101001,1300.77,2496,63.5,9.27,714.0,1301.10,0.0,0.0, , 
,1301.44,2528,82.5,2.3,11101001,1301.81,2528,63.5,9.27,714.0,1302.15,0.0,0.0, , 
,1302.48,2528,82.5,2.7,11101001,1302.82,2528,63.5,9.27,693.6,1303.15,0.0,0.0, , 
,1303.47,2560,82.5,3.1,11101001,1303.83,2560,63.5,9.27,693.6,1304.17,0.0,0.0, , 
,1304.51,2560,82.5,3.5,11101001,1304.86,2560,62.0,9.27,693.6,1305.19,0.0,0.0, , 
,1305.53,2592,82.5,3.9,11101001,1305.88,2592,50.2,7.21,571.2,1306.20,0.0,0.0, , 
,1306.56,2592,82.5,0.0,11101001,1306.91,2592,50.2,7.21,571.2,1307.25,0.0,0.0, , 
,1307.59,2560,82.5,0.0,11101001,1307.93,2592,48.6,7.21,571.2,1308.29,0.0,0.0, , 
,1308.64,2592,82.5,0.0,11101001,1308.98,2560,45.9,6.18,520.2,1309.33,0.0,0.0, , 
,1309.66,2560,82.5,1.6,11101001,1310.00,2560,40.0,5.15,479.4,1310.35,0.0,0.0, , 
,1310.70,2560,82.5,0.4,11101001,1311.06,2560,32.5,4.12,397.8,1311.40,0.0,0.0, , 
,1311.75,2528,82.5,-1.6,11101001,1312.09,2528,26.7,3.09,336.6,1312.45,0.0,0.0, , 
,1312.78,2496,82.5,-8.2,11101001,1313.14,2496,20.8,2.06,275.4,1313.48,0.0,0.0, , 
,1313.82,2464,82.5,-18.8,11101001,1314.16,2432,17.6,2.06,244.8,1314.51,0.0,0.0, , 
,1314.85,2432,82.5,-25.0,11101001,1315.20,2432,17.6,1.03,244.8,1315.54,0.0,0.0, , 
,1315.87,2400,82.5,-29.3,11101001,1316.19,2368,17.6,2.06,275.4,1316.52,0.0,0.0, , 
,1316.86,2368,82.5,-28.5,11101001,1317.21,2368,22.0,2.06,295.8,1317.53,0.0,0.0, , 
,1317.86,2336,82.5,-18.4,11101001,1318.19,2336,40.0,5.15,459.0,1318.53,0.0,0.0, , 
,1318.86,2304,82.5,-7.8,11101001,1319.20,2304,56.1,7.21,632.4,1319.53,0.0,0.0, , 
,1319.86,2336,82.5,0.8,11101001,1320.19,2336,56.1,8.24,632.4,1320.53,0.0,0.0, , 
,1320.87,2336,82.5,7.4,11101001,1321.21,2336,56.1,8.24,632.4,1321.53,0.0,0.0, , 
,1321.86,2336,82.5,10.5,11101001,1322.18,2336,56.1,9.27,632.4,1322.50,0.0,0.0, , 
,1322.85,2336,82.5,11.3,11101001,1323.17,2336,51.8,8.24,612.0,1323.50,0.0,0.0, , 
,1323.83,2336,82.5,7.8,11101001,1324.15,2336,45.9,6.18,520.2,1324.49,0.0,0.0, , 
,1324.81,2336,82.5,5.1,11101001,1325.14,2304,44.3,6.18,520.2,1325.50,0.0,0.0, , 
,1325.84,2304,82.5,2.0,11101001,1326.18,2304,28.2,3.09,357.0,1326.52,0.0,0.0, , 
,1326.85,2272,82.5,-9.4,11101001,1327.16,2272,16.1,2.06,244.8,1327.49,0.0,0.0, , 
,1327.83,2240,82.5,-21.5,11101001,1328.17,2208,25.1,2.06,336.6,1328.51,0.0,0.0, , 
,1328.86,2208,82.5,-21.1,11101001,1329.19,2208,47.1,5.15,550.8,1329.52,0.0,0.0, , 
,1329.85,2208,82.5,-12.1,11101001,1330.19,2208,48.6,6.18,571.2,1330.53,0.0,0.0, , 
,1330.88,2208,82.5,-5.9,11101001,1331.22,2208,42.7,5.15,520.2,1331.57,0.0,0.0, , 
,1331.91,2208,82.5,-0.8,11101001,1332.26,2208,47.1,6.18,550.8,1332.59,0.0,0.0, , 
,1332.95,2208,81.0,1.6,11101001,1333.30,2208,48.6,7.21,571.2,1333.63,0.0,0.0, , 
,1333.96,2208,82.5,3.5,11101001,1334.28,2208,56.1,8.24,652.8,1334.60,0.0,0.0, , 
,1334.94,2208,82.5,2.7,11101001,1335.27,2208,48.6,7.21,571.2,1335.61,0.0,0.0, , 
,1335.95,2208,81.0,2.3,11101001,1336.30,2208,28.2,3.09,377.4,1336.64,0.0,0.0, , 
,1336.99,2208,81.0,-5.1,11101001,1337.33,2176,20.8,2.06,295.8,1337.67,0.0,0.0, , 
,1338.00,2176,81.0,-16.4,11101001,1338.34,2176,20.8,2.06,295.8,1338.68,0.0,0.0, , 
,1339.02,2144,81.0,-23.8,11101001,1339.34,2144,20.8,2.06,295.8,1339.69,0.0,0.0, , 
,1340.03,2112,81.0,-26.2,11101001,1340.37,2112,32.5,3.09,418.2,1340.71,0.0,0.0, , 
,1341.05,2112,81.0,-16.0,11101001,1341.39,2112,32.5,4.12,418.2,1341.75,0.0,0.0, , 
,1342.11,2080,81.0,-10.5,11101001,1342.45,2080,35.3,4.12,438.6,1342.81,0.0,0.0, , 
,1343.15,2080,81.0,-4.7,11101001,1343.50,2080,38.4,5.15,479.4,1343.86,0.0,0.0, , 
,1344.22,2048,81.0,-2.3,11101001,1344.57,2048,38.4,5.15,459.0,1344.91,0.0,0.0, , 
,1345.28,2048,81.0,-0.8,11101001,1345.63,2048,20.8,3.09,295.8,1345.98,0.0,0.0, , 
,1346.33,2016,81.0,-10.9,11101001,1346.69,2016,20.8,2.06,295.8,1347.03,0.0,0.0, , 
,1347.39,1984,81.0,-10.9,11101001,1347.75,1984,26.7,3.09,357.0,1348.11,0.0,0.0, , 
,1348.47,1984,81.0,-3.5,11101011,1348.83,1952,29.4,3.09,377.4,1349.20,0.0,0.0, , 
,1349.56,1952,81.0,3.1,11101011,1349.93,1952,29.4,3.09,397.8,1350.28,0.0,0.0, , 
,1350.65,1952,81.0,5.9,11101011,1351.00,1952,29.4,4.12,397.8,1351.37,0.0,0.0, , 
,1351.76,1920,81.0,9.0,11101011,1352.11,1920,32.5,4.12,418.2,1352.47,0.0,0.0, , 
,1352.83,1920,81.0,12.5,11101011,1353.21,1920,32.5,4.12,418.2,1353.57,0.0,0.0, , 
,1353.93,1888,81.0,14.1,11101011,1354.29,1888,32.5,4.12,418.2,1354.65,0.0,0.0, , 
,1355.01,1888,81.0,14.1,11101011,1355.36,1888,32.5,4.12,418.2,1355.72,0.0,0.0, , 
,1356.09,1888,81.0,12.5,11101011,1356.47,1856,25.1,3.09,336.6,1356.84,0.0,0.0, , 
,1357.22,1856,81.0,7.0,11101011,1357.58,1856,23.5,3.09,336.6,1357.97,0.0,0.0, , 
,1358.36,1824,81.0,1.6,11101011,1358.75,1824,25.1,3.09,336.6,1359.13,0.0,0.0, , 
,1359.49,1792,81.0,2.0,11101011,1359.85,1792,25.1,3.09,357.0,1360.22,0.0,0.0, , 
,1360.62,1792,81.0,2.3,11101011,1361.02,1792,28.2,3.09,377.4,1361.39,0.0,0.0, , 
,1361.79,1760,81.0,8.2,11101011,1362.16,1760,31.0,4.12,397.8,1362.51,-2.3,0.0, , 
,1362.87,1760,81.0,13.3,11101011,1363.21,1760,31.0,4.12,397.8,1363.59,-2.3,0.0, , 
,1363.98,1728,81.0,16.4,11101011,1364.36,1728,32.5,4.12,418.2,1364.74,-2.3,0.0, , 
,1365.08,1728,81.0,19.5,11101011,1365.46,1728,32.5,4.12,418.2,1365.81,-2.3,0.0, , 
,1366.18,1696,81.0,20.3,11101011,1366.56,1696,34.1,5.15,438.6,1366.95,-2.3,0.0, , 
,1367.33,1696,81.0,21.1,11101011,1367.67,1696,34.1,5.15,438.6,1368.05,-2.3,0.0, , 
,1368.37,1696,81.0,4.3,11101011,1368.74,1696,34.1,4.12,418.2,1369.11,-2.3,0.0, , 
,1369.48,1696,81.0,3.1,11101011,1369.84,1664,20.8,3.09,316.2,1370.19,-3.1,0.0, , 
,1370.56,1664,81.0,-5.9,11101011,1370.92,1664,20.8,2.06,295.8,1371.28,-3.1,0.0, , 
,1371.65,1632,81.0,-9.8,11101011,1371.99,1632,20.8,2.06,295.8,1372.34,-3.1,0.0, , 
,1372.70,1632,79.5,-12.1,11101011,1373.07,1632,22.0,2.06,316.2,1373.38,-3.1,0.0, , 
,1373.72,1600,79.5,-10.5,11101011,1374.08,1600,28.2,3.09,377.4,1374.44,-2.3,0.0, , 
,1374.81,1600,79.5,0.0,11101011,1375.16,1632,54.5,8.24,632.4,1375.52,-1.6,0.0, , 
,1375.87,1632,79.5,0.0,11101011,1376.21,1632,63.5,10.30,734.4,1376.56,-1.6,0.0, , 
,1376.91,1664,79.5,1.2,11101011,1377.25,1664,66.3,10.30,754.8,1377.59,-1.6,0.0, , 
,1377.94,1696,79.5,2.0,11101011,1378.29,1696,67.8,10.30,775.2,1378.64,-1.6,0.0, , 
,1379.00,1728,79.5,0.8,11101011,1379.35,1760,67.8,10.30,775.2,1379.71,-1.6,0.0, , 
,1380.07,1760,79.5,0.8,11101011,1380.39,1792,66.3,9.27,754.8,1380.70,0.0,0.0, , 
,1381.07,1792,79.5,-2.0,11101011,1381.43,1792,72.2,11.33,826.2,1381.79,0.0,0.0, , 
,1382.13,1824,79.5,-2.0,11101010,1382.50,1824,72.2,10.30,826.2,1382.84,0.0,0.0, , 
,1383.21,1856,79.5,-3.5,11101011,1383.57,1888,72.2,9.27,795.6,1383.94,0.0,0.0, , 
,1384.31,1888,79.5,-2.0,11101010,1384.67,1920,71.0,10.30,795.6,1385.03,0.0,0.0, , 
,1385.40,1920,79.5,0.4,11101011,1385.76,1920,69.4,10.30,775.2,1386.13,0.0,0.0, , 
,1386.50,1952,79.5,1.2,11101011,1386.86,1952,69.4,9.27,775.2,1387.22,0.0,0.0, , 
,1387.58,1984,79.5,3.9,11101011,1387.94,1984,62.0,9.27,693.6,1388.29,0.0,0.0, , 
,1388.66,1984,79.5,7.4,11101001,1389.02,1984,59.2,8.24,673.2,1389.36,0.0,0.0, , 
,1389.72,2016,79.5,6.3,11101001,1390.07,2016,50.2,7.21,591.6,1390.43,0.0,0.0, , 
,1390.77,2016,79.5,5.1,11101001,1391.14,2016,54.5,7.21,632.4,1391.51,0.0,0.0, , 
,1391.86,2048,79.5,3.5,11101001,1392.23,2016,60.4,8.24,693.6,1392.58,0.0,0.0, , 
,1392.93,2048,79.5,4.7,11101001,1393.27,2048,59.2,8.24,673.2,1393.62,0.0,0.0, , 
,1393.98,2048,79.5,6.3,11101001,1394.34,2080,59.2,8.24,673.2,1394.71,0.0,0.0, , 
,1395.04,2080,79.5,7.0,11101001,1395.38,2080,59.2,8.24,673.2,1395.71,0.0,0.0, , 
,1396.04,2112,79.5,7.0,11101001,1396.38,2112,57.6,8.24,673.2,1396.73,0.0,0.0, , 
,1397.07,2112,79.5,7.4,11101001,1397.40,2112,57.6,8.24,652.8,1397.72,0.0,0.0, , 
,1398.07,2144,79.5,4.3,11101001,1398.39,2144,57.6,8.24,652.8,1398.73,0.0,0.0, , 
,1399.07,2144,79.5,3.9,11101001,1399.40,2144,57.6,8.24,652.8,1399.72,0.0,0.0, , 
,1400.07,2144,79.5,0.0,11101001,1400.41,2144,29.4,4.12,377.4,1400.76,0.0,0.0, , 
,1401.10,2144,79.5,-2.0,11101001,1401.44,2144,31.0,4.12,397.8,1401.79,0.0,0.0, , 
,1402.13,2144,79.5,-6.3,11101001,1402.48,2144,45.9,6.18,550.8,1402.83,0.0,0.0, , 
,1403.16,2144,79.5,-2.0,11101001,1403.50,2144,50.2,7.21,571.2,1403.84,0.0,0.0, , 
,1404.19,2144,79.5,-0.4,11101001,1404.54,2144,53.3,7.21,612.0,1404.88,0.0,0.0, , 
,1405.23,2144,79.5,-0.4,11101001,1405.56,2144,54.5,7.21,612.0,1405.89,0.0,0.0, , 
,1406.22,2176,79.5,-1.6,11101001,1406.55,2176,53.3,7.21,612.0,1406.88,0.0,-0.4, , 
,1407.22,2176,79.5,-1.2,11101001,1407.55,2176,53.3,7.21,612.0,1407.88,0.0,-0.4, , 
,1408.20,2176,79.5,-2.3,11101001,1408.54,2176,50.2,7.21,591.6,1408.87,0.0,-0.4, , 
,1409.21,2208,79.5,-2.3,11101001,1409.55,2208,51.8,7.21,591.6,1409.87,0.0,-0.4, , 
,1410.21,2208,79.5,-1.2,11101001,1410.55,2208,50.2,7.21,591.6,1410.90,0.0,-0.4, , 
,1411.24,2208,79.5,-1.2,11101001,1411.57,2208,48.6,6.18,571.2,1411.90,0.0,-0.4, , 
,1412.24,2208,79.5,0.8,11101001,1412.58,2208,34.1,4.12,418.2,1412.93,0.0,-0.4, , 
,1413.27,2176,79.5,-3.1,11101001,1413.60,2176,28.2,4.12,357.0,1413.94,0.0,-0.4, , 
,1414.26,2176,79.5,-5.5,11101001,1414.59,2144,28.2,3.09,357.0,1414.95,0.0,-0.4, , 
,1415.29,2144,79.5,-5.9,11101001,1415.62,2112,29.4,4.12,377.4,1415.97,0.0,-0.4, , 
,1416.33,2112,79.5,-5.5,11101001,1416.67,2112,29.4,4.12,377.4,1417.02,0.0,-0.4, , 
,1417.35,2080,81.0,-4.3,11101001,1417.71,2080,29.4,4.12,377.4,1418.05,0.0,-0.4, , 
,1418.40,2080,79.5,-5.5,11101001,1418.74,2048,29.4,4.12,377.4,1419.09,0.0,-0.4, , 
,1419.44,2048,79.5,-4.3,11101001,1419.78,2016,31.0,4.12,397.8,1420.14,0.0,-0.8, , 
,1420.51,2016,79.5,-3.1,11101001,1420.85,2016,41.2,5.15,499.8,1421.21,0.0,-0.8, , 
,1421.55,1984,79.5,-6.3,11101001,1421.92,1984,63.5,9.27,714.0,1422.28,0.0,-0.8, , 
,1422.64,1984,79.5,-0.8,11101001,1423.00,1984,63.5,9.27,714.0,1423.35,0.0,-0.8, , 
,1423.70,2016,79.5,3.5,11101001,1424.07,2016,63.5,9.27,714.0,1424.41,0.0,-0.8, , 
,1424.78,1984,79.5,4.3,11101001,1425.14,1984,65.1,9.27,734.4,1425.50,0.0,-0.8, , 
,1425.87,1984,79.5,3.5,11101001,1426.21,2016,65.1,9.27,734.4,1426.57,0.0,-0.8, , 
,1426.91,1984,79.5,2.0,11101001,1427.28,1984,73.7,10.30,826.2,1427.64,0.0,-0.8, , 
,1428.00,2016,79.5,-3.9,11101001,1428.35,2016,75.3,10.30,846.6,1428.71,0.0,-0.8, , 
,1429.05,2016,79.5,-7.0,11101001,1429.41,1984,76.9,10.30,867.0,1429.77,0.0,-0.8, , 
,1430.13,2016,79.5,-9.0,11101001,1430.50,2016,78.4,10.30,867.0,1430.86,0.0,-0.8, , 
,1431.22,1984,79.5,-9.4,11101001,1431.58,1984,78.4,10.30,867.0,1431.94,0.0,-0.8, , 
,1432.30,1984,79.5,0.0,11101011,1432.65,1952,35.3,4.12,459.0,1433.00,0.0,-0.8, , 
,1433.36,1920,79.5,0.0,11101011,1433.72,1888,32.5,4.12,397.8,1434.06,0.0,-0.8, , 
,1434.44,1888,79.5,0.0,11101011,1434.79,1856,81.2,13.39,887.4,1435.12,0.0,-0.8, , 
,1435.47,1888,79.5,0.0,11101011,1435.85,1856,72.2,7.21,867.0,1436.20,-3.1,0.0, , 
,1436.54,1024,79.5,0.0,11101011,1436.89,1664,69.4,12.36,795.6,1437.23,0.0,-0.8, , 
,1437.57,2272,79.5,0.0,11101000,1437.89,2272,76.9,12.36,846.6,1438.22,0.0,-0.8, , 
,1438.56,2272,79.5,0.0,11101001,1438.90,2304,85.5,12.36,928.2,1439.26,0.0,-0.8, , 
,1439.60,2304,81.0,-11.3,11101001,1439.93,2304,85.5,11.33,928.2,1440.24,0.0,-0.8, , 
,1440.56,2336,79.5,-13.7,11101001,1440.89,2336,85.5,11.33,928.2,1441.24,0.0,-0.8, , 
,1441.55,2336,79.5,-13.7,11101001,1441.88,2336,85.5,11.33,928.2,1442.21,0.0,-0.8, , 
,1442.54,2368,79.5,-13.3,11101001,1442.85,2368,85.5,11.33,928.2,1443.21,0.0,-0.8, , 
,1443.56,2400,79.5,-14.1,11101001,1443.91,2368,85.5,11.33,928.2,1444.23,0.0,-0.8, , 
,1444.55,2400,79.5,-13.3,11101001,1444.87,2400,85.5,11.33,928.2,1445.22,0.0,-0.8, , 
,1445.55,2400,79.5,-11.3,11101001,1445.90,2400,78.4,10.30,867.0,1446.23,0.0,-0.8, , 
,1446.57,2400,79.5,-8.6,11101001,1446.89,2400,78.4,10.30,846.6,1447.23,0.0,-0.8, , 
,1447.58,2400,79.5,-7.0,11101001,1447.92,2432,78.4,11.33,867.0,1448.28,0.0,-0.8, , 
,1448.63,2432,79.5,-7.8,11101001,1448.98,2432,78.4,11.33,867.0,1449.33,0.0,-0.8, , 
,1449.68,2432,81.0,0.0,11101001,1450.03,2432,63.5,9.27,714.0,1450.38,0.0,-0.8, , 
,1450.71,2400,81.0,0.4,11101001,1451.04,2400,69.4,10.30,754.8,1451.40,0.0,-0.8, , 
,1451.75,2400,81.0,-2.3,11101001,1452.11,2400,73.7,10.30,795.6,1452.44,0.0,-0.8, , 
,1452.80,2400,81.0,-4.7,11101001,1453.15,2400,72.2,10.30,795.6,1453.49,0.0,-0.8, , 
,1453.82,2400,81.0,-4.7,11101001,1454.15,2432,72.2,10.30,795.6,1454.51,0.0,-0.8, , 
,1454.86,2432,81.0,-3.9,11101001,1455.22,2432,72.2,10.30,775.2,1455.56,0.0,-0.8, , 
,1455.91,2464,81.0,-3.1,11101001,1456.25,2464,72.2,10.30,775.2,1456.59,0.0,-0.8, , 
,1456.94,2496,81.0,-5.1,11101001,1457.28,2496,72.2,10.30,775.2,1457.62,0.0,-0.8, , 
,1457.95,2528,81.0,-4.3,11101001,1458.30,2560,71.0,10.30,775.2,1458.65,0.0,-0.8, , 
,1458.99,2592,81.0,-4.3,11101001,1459.32,2592,71.0,10.30,775.2,1459.64,0.0,-0.8, , 
,1459.97,2624,81.0,-3.1,11101001,1460.29,2624,69.4,10.30,754.8,1460.63,0.0,-0.8, , 
,1460.96,2656,81.0,0.0,11101001,1461.28,2656,57.6,8.24,632.4,1461.64,0.0,-0.8, , 
,1461.98,2720,81.0,3.1,11101001,1462.32,2720,51.8,7.21,591.6,1462.66,0.0,-0.8, , 
,1463.00,2688,81.0,0.0,11111101,1463.33,2176,0.0,0.00,316.2,1463.65,-3.1,-0.8, , 
,1463.95,1248,81.0,0.0,11101011,1464.31,1536,32.5,5.15,418.2,1464.66,0.0,-0.8, , 
,1465.02,2080,81.0,0.0,11101001,1465.36,2080,22.0,3.09,316.2,1465.71,0.0,-0.8, , 
,1466.07,2112,81.0,-8.2,11101001,1466.42,2112,29.4,4.12,377.4,1466.75,0.0,-0.8, , 
,1467.09,2112,81.0,-8.2,11101001,1467.44,2144,29.4,3.09,377.4,1467.79,0.0,-0.8, , 
,1468.13,2144,81.0,-8.6,11101001,1468.45,2144,29.4,3.09,377.4,1468.78,0.0,-0.8, , 
,1469.11,2176,81.0,-9.8,11101001,1469.46,2176,29.4,3.09,377.4,1469.79,0.0,-0.8, , 
,1470.12,2208,81.0,-9.0,11101001,1470.45,2208,28.2,3.09,357.0,1470.79,0.0,-0.8, , 
,1471.12,2240,82.5,-8.6,11101001,1471.46,2240,28.2,3.09,357.0,1471.78,0.0,-0.8, , 
,1472.11,2272,81.0,-8.2,11101001,1472.45,2272,26.7,3.09,357.0,1472.79,0.0,-0.8, , 
,1473.11,2304,82.5,-6.3,11101001,1473.45,2304,26.7,3.09,357.0,1473.79,0.0,-0.8, , 
,1474.12,2336,81.0,-6.6,11101001,1474.48,2336,26.7,3.09,336.6,1474.81,0.0,-0.8, , 
,1475.14,2336,82.5,-7.0,11101001,1475.47,2336,19.2,2.06,275.4,1475.80,0.0,-0.8, , 
,1476.13,2336,81.0,0.0,11111101,1476.46,2336,0.0,0.00,275.4,1476.77,0.0,-0.8, , 
,1477.10,2336,81.0,0.0,11111101,1477.43,2336,0.0,0.00,244.8,1477.74,0.0,-0.8, , 
,1478.07,2304,81.0,0.0,11111101,1478.40,2272,0.0,0.00,244.8,1478.71,0.0,-0.8, , 
,1479.05,2240,81.0,0.0,11111101,1479.39,2240,0.0,0.00,244.8,1479.73,0.0,-0.8, , 
,1480.05,2208,81.0,0.0,11111101,1480.39,2208,0.0,0.00,244.8,1480.74,0.0,-0.8, , 
,1481.06,2208,81.0,0.0,11101001,1481.40,2208,16.1,3.09,244.8,1481.72,0.0,-0.8, , 
,1482.06,2208,81.0,0.0,11101001,1482.39,2208,22.0,3.09,295.8,1482.72,0.0,-0.8, , 
,1483.06,2208,81.0,-6.3,11101001,1483.40,2208,23.5,3.09,316.2,1483.74,0.0,-0.8, , 
,1484.08,2208,81.0,-10.9,11101001,1484.42,2208,20.8,2.06,295.8,1484.77,0.0,-0.8, , 
,1485.11,2208,81.0,-15.6,11101001,1485.46,2176,23.5,2.06,316.2,1485.80,0.0,-0.8, , 
,1486.14,2208,81.0,-12.5,11101001,1486.49,2208,40.0,5.15,479.4,1486.81,0.0,-0.8, , 
,1487.16,2208,81.0,-7.4,11101001,1487.50,2240,38.4,5.15,459.0,1487.82,0.0,-0.8, , 
,1488.16,2240,81.0,-4.7,11101001,1488.49,2272,38.4,5.15,459.0,1488.80,0.0,-0.8, , 
,1489.12,2272,81.0,-1.2,11101001,1489.46,2272,36.9,5.15,459.0,1489.80,0.0,-0.8, , 
,1490.11,2272,81.0,2.0,11101001,1490.46,2304,41.2,6.18,479.4,1490.79,0.0,-0.8, , 
,1491.11,2304,81.0,5.1,11101001,1491.46,2304,41.2,6.18,479.4,1491.80,0.0,-0.8, , 
,1492.12,2336,79.5,5.1,11101001,1492.46,2336,40.0,5.15,479.4,1492.78,0.0,-0.8, , 
,1493.11,2336,81.0,4.7,11101001,1493.46,2336,40.0,5.15,479.4,1493.80,0.0,-0.8, , 
,1494.13,2368,81.0,4.7,11101001,1494.46,2368,38.4,5.15,459.0,1494.80,0.0,-0.8, , 
,1495.14,2368,81.0,3.1,11101001,1495.49,2368,35.3,5.15,438.6,1495.83,0.0,-0.8, , 
,1496.17,2368,81.0,1.6,11101001,1496.53,2368,31.0,4.12,377.4,1496.90,0.0,-0.4, , 
,1497.24,2368,79.5,1.6,11101001,1497.58,2368,31.0,4.12,377.4,1497.90,0.0,-0.4, , 
,1498.27,2368,79.5,1.6,11101001,1498.61,2368,26.7,3.09,357.0,1498.93,0.0,-0.4, , 
,1499.24,2336,79.5,-7.0,11111101,1499.57,2336,0.0,0.00,244.8,1499.89,0.0,-0.4, , 
,1500.22,2336,79.5,0.0,11111101,1500.55,2336,16.1,3.09,244.8,1500.89,0.0,-0.4, , 
,1501.22,2304,79.5,0.0,11101001,1501.56,2304,16.1,2.06,244.8,1501.90,0.0,-0.4, , 
,1502.21,2272,79.5,-12.5,11101001,1502.52,2272,16.1,2.06,244.8,1502.85,0.0,-0.4, , 
,1503.18,2272,79.5,-19.9,11101001,1503.51,2272,16.1,1.03,244.8,1503.84,0.0,-0.4, , 
,1504.17,2240,79.5,-25.4,11101001,1504.50,2240,16.1,1.03,244.8,1504.82,0.0,-0.4, , 
,1505.15,2208,79.5,-28.5,11101001,1505.47,2208,16.1,1.03,244.8,1505.82,0.0,-0.4, , 
,1506.14,2208,79.5,-28.5,11101001,1506.48,2176,16.1,1.03,244.8,1506.81,0.0,-0.4, , 
,1507.14,2176,79.5,-26.2,11101001,1507.48,2176,19.2,2.06,275.4,1507.81,0.0,-0.4, , 
,1508.14,2176,79.5,-22.7,11101001,1508.47,2176,20.8,2.06,295.8,1508.82,0.0,-0.4, , 
,1509.16,2144,79.5,-17.6,11101000,1509.50,2144,28.2,3.09,357.0,1509.86,0.0,-0.4, , 
,1510.19,2144,79.5,-5.9,11101001,1510.53,2144,36.9,5.15,459.0,1510.89,0.0,-0.4, , 
,1511.22,2144,79.5,0.8,11101001,1511.56,2144,42.7,6.18,499.8,1511.92,0.0,-0.4, , 
,1512.28,2144,79.5,6.6,11101000,1512.62,2144,44.3,6.18,520.2,1512.94,0.0,-0.4, , 
,1513.29,2144,79.5,7.4,11101000,1513.63,2144,28.2,4.12,377.4,1513.95,0.0,-0.4, , 
,1514.29,2176,79.5,-2.7,11111100,1514.62,2144,0.0,0.00,244.8,1514.95,0.0,-0.4, , 
,1515.31,2112,79.5,0.0,11111100,1515.67,2080,16.1,3.09,244.8,1516.02,0.0,-0.4, , 
,1516.37,2080,79.5,0.0,11101000,1516.70,2080,19.2,2.06,275.4,1517.03,0.0,-0.4, , 
,1517.39,2048,79.5,-8.2,11101000,1517.74,2048,22.0,3.09,316.2,1518.10,0.0,-0.4, , 
,1518.45,2048,79.5,-11.7,11101000,1518.80,2048,23.5,2.06,316.2,1519.15,0.0,-0.4, , 
,1519.49,2016,79.5,-13.7,11101000,1519.83,2016,22.0,2.06,316.2,1520.19,0.0,-0.4, , 
,1520.56,2016,79.5,-16.0,11101000,1520.92,1984,19.2,2.06,275.4,1521.27,0.0,-0.4, , 
,1521.64,1984,79.5,-25.8,11101000,1522.00,1984,14.9,1.03,244.8,1522.36,0.0,-0.4, , 
,1522.73,1952,79.5,-30.1,11101010,1523.08,1952,16.1,1.03,244.8,1523.45,0.0,-0.4, , 
,1523.83,1920,78.0,-27.7,11101010,1524.20,1920,23.5,2.06,316.2,1524.57,0.0,-0.4, , 
,1524.93,1888,79.5,-17.2,11101010,1525.29,1888,26.7,3.09,357.0,1525.65,0.0,-0.4, , 
,1526.02,1888,78.0,-9.8,11101010,1526.38,1888,26.7,3.09,357.0,1526.73,0.0,-0.4, , 
,1527.08,1888,78.0,-3.1,11101010,1527.46,1856,26.7,3.09,357.0,1527.83,0.0,-0.4, , 
,1528.21,1856,78.0,1.6,11101010,1528.58,1856,28.2,4.12,357.0,1528.94,0.0,-0.4, , 
,1529.29,1856,78.0,3.5,11101010,1529.68,1824,19.2,3.09,295.8,1530.04,0.0,-0.4, , 
,1530.41,1824,78.0,-6.3,11101010,1530.76,1824,19.2,2.06,295.8,1531.13,0.0,-0.4, , 
,1531.50,1792,78.0,-11.7,11101010,1531.88,1760,20.8,2.06,295.8,1532.25,-3.1,-0.4, , 
,1532.60,1760,78.0,0.0,11111110,1532.94,1760,0.0,0.00,316.2,1533.31,-3.1,-0.4, , 
,1533.66,1024,78.0,0.0,11111110,1533.98,1056,31.0,5.15,418.2,1534.32,-3.9,0.0, , 
,1534.66,1664,78.0,0.0,11101010,1534.99,2176,0.0,0.00,244.8,1535.31,0.0,-0.4, , 
,1535.65,2144,78.0,0.0,11101000,1535.98,2112,16.1,3.09,244.8,1536.32,0.0,-0.4, , 
,1536.66,2080,78.0,0.0,11111100,1537.01,2080,16.1,2.06,244.8,1537.34,0.0,-0.4, , 
,1537.68,2048,78.0,0.0,11111100,1538.04,2016,0.0,0.00,244.8,1538.40,0.0,-0.4, , 
,1538.75,1952,78.0,0.0,11111110,1539.13,1760,0.0,0.00,275.4,1539.46,-3.9,0.0, , 
,1539.76,896,78.0,0.0,11111110,1540.07,960,34.1,5.15,459.0,1540.38,-3.9,0.0, , 
,1540.69,928,78.0,0.0,11111110,1541.01,928,29.4,4.12,418.2,1541.32,-4.7,0.0, , 
,1541.62,1248,78.0,0.0,11101010,1541.97,1824,23.5,3.09,336.6,1542.31,0.0,-0.4, , 
,1542.65,2112,78.0,-7.0,11101000,1542.98,2176,20.8,2.06,295.8,1543.34,0.0,-0.4, , 
,1543.69,2144,78.0,-12.1,11101000,1544.04,2112,25.1,3.09,336.6,1544.37,0.0,-0.4, , 
,1544.72,2112,78.0,-12.1,11101000,1545.07,2112,35.3,4.12,438.6,1545.40,0.0,-0.4, , 
,1545.72,2144,78.0,-7.4,11101000,1546.07,2144,32.5,4.12,397.8,1546.41,0.0,-0.4, , 
,1546.74,2144,78.0,-3.5,11101000,1547.08,2144,35.3,5.15,438.6,1547.42,0.0,-0.4, , 
,1547.75,2176,78.0,1.2,11101000,1548.08,2176,42.7,6.18,499.8,1548.42,0.0,-0.4, , 
,1548.75,2208,78.0,4.7,11101000,1549.10,2208,45.9,6.18,520.2,1549.44,0.0,-0.4, , 
,1549.77,2240,78.0,3.1,11101000,1550.11,2240,31.0,4.12,377.4,1550.45,0.0,-0.4, , 
,1550.80,2240,78.0,2.3,11101000,1551.13,2240,31.0,4.12,377.4,1551.46,0.0,-0.4, , 
,1551.79,2272,78.0,2.0,11101000,1552.12,2240,31.0,4.12,377.4,1552.46,0.0,-0.4, , 
,1552.79,2240,76.5,1.2,11101000,1553.12,2240,31.0,4.12,377.4,1553.45,0.0,-0.4, , 
,1553.80,2240,76.5,0.8,11101000,1554.13,2240,31.0,4.12,377.4,1554.47,0.0,-0.4, , 
,1554.81,2240,76.5,0.0,11101000,1555.14,2240,31.0,4.12,377.4,1555.48,0.0,-0.4, , 
,1555.82,2240,76.5,-0.4,11101000,1556.15,2240,32.5,4.12,397.8,1556.49,0.0,-0.4, , 
,1556.83,2240,76.5,-0.4,11101000,1557.17,2272,41.2,5.15,479.4,1557.52,0.0,-0.4, , 
,1557.84,2272,76.5,1.6,11101000,1558.17,2304,47.1,6.18,550.8,1558.51,0.0,-0.4, , 
,1558.83,2304,76.5,2.7,11101000,1559.18,2336,48.6,7.21,571.2,1559.50,0.0,-0.4, , 
,1559.83,2368,76.5,2.7,11101000,1560.16,2368,47.1,6.18,550.8,1560.52,0.0,-0.4, , 
,1560.88,2400,76.5,3.9,11101000,1561.22,2432,45.9,6.18,520.2,1561.58,0.0,-0.4, , 
,1561.93,2464,76.5,3.1,11101000,1562.26,2464,32.5,4.12,397.8,1562.60,0.0,-0.4, , 
,1562.92,2496,76.5,-0.4,11101000,1563.28,2496,31.0,4.12,377.4,1563.65,0.0,-0.4, , 
,1563.98,2496,76.5,-0.4,11101000,1564.30,2496,31.0,4.12,397.8,1564.64,0.0,-0.4, , 
,1565.02,1824,76.5,0.0,11111110,1565.38,1248,0.0,0.00,357.0,1565.68,-3.9,0.0, , 
,1565.98,1088,76.5,0.0,11111110,1566.32,1184,26.7,4.12,357.0,1566.63,-3.9,0.0, , 
,1566.94,1056,76.5,0.0,11111110,1567.23,992,23.5,3.09,357.0,1567.55,-4.7,0.0, , 
,1567.85,928,76.5,-1.2,11111110,1568.16,928,26.7,3.09,377.4,1568.46,-4.7,0.0, , 
,1568.78,928,76.5,-0.8,11111110,1569.10,896,26.7,3.09,377.4,1569.40,-4.7,0.0, , 
,1569.70,896,76.5,0.4,11111110,1569.99,896,26.7,3.09,377.4,1570.30,-4.7,0.0, , 
,1570.60,896,76.5,0.8,11111110,1570.92,896,25.1,3.09,377.4,1571.22,-4.7,0.0, , 
,1571.53,864,76.5,1.2,11111110,1571.85,864,26.7,3.09,377.4,1572.16,-4.7,0.0, , 
,1572.44,864,76.5,0.4,11111110,1572.74,864,26.7,3.09,377.4,1573.04,-4.7,0.0, , 
,1573.34,864,76.5,0.4,11111110,1573.64,864,26.7,3.09,377.4,1573.94,-4.7,0.0, , 
,1574.25,864,76.5,0.8,11111110,1574.55,864,26.7,3.09,397.8,1574.84,-4.7,0.0, , 
,1575.13,864,76.5,0.4,11111110,1575.43,896,28.2,3.09,397.8,1575.72,-4.7,0.0, , 
,1576.02,896,76.5,0.0,11111110,1576.32,896,28.2,3.09,397.8,1576.62,-4.7,0.0, , 
,1576.92,864,76.5,-0.4,11111110,1577.23,896,28.2,3.09,397.8,1577.53,-4.7,0.0, , 
,1577.85,896,78.0,-1.2,11111110,1578.16,864,28.2,3.09,397.8,1578.44,-4.7,0.0, , 
,1578.74,864,78.0,-1.6,11111110,1579.03,864,28.2,3.09,397.8,1579.33,-4.7,0.0, , 
,1579.63,896,78.0,-1.2,11111110,1579.92,832,26.7,3.09,377.4,1580.23,-5.5,0.0, , 
,1580.53,768,78.0,-1.2,11111110,1580.84,800,29.4,4.12,418.2,1581.15,-4.7,0.0, , 
,1581.44,800,78.0,-1.2,11111110,1581.74,768,29.4,3.09,418.2,1582.04,-5.5,0.0, , 
,1582.34,800,78.0,0.0,11111110,1582.64,800,29.4,3.09,418.2,1582.94,-5.5,0.0, , 
,1583.24,800,78.0,0.0,11111110,1583.53,800,28.2,3.09,418.2,1583.84,-5.5,0.0, , 
,1584.13,800,78.0,-0.4,11101010,1584.45,864,51.8,8.24,591.6,1584.75,-1.6,0.0, , 
,1585.10,1664,78.0,0.0,11101010,1585.42,1600,47.1,6.18,571.2,1585.73,-1.6,0.0, , 
,1586.06,1408,78.0,-1.6,11101010,1586.38,1248,56.1,8.24,673.2,1586.71,-1.6,0.0, , 
,1587.08,1536,78.0,0.0,11101010,1587.44,1760,56.1,8.24,652.8,1587.77,0.0,-0.4, , 
,1588.07,1568,78.0,0.0,11111110,1588.34,1152,26.7,4.12,377.4,1588.65,-3.9,0.0, , 
,1588.95,1120,78.0,0.0,11101010,1589.27,1088,42.7,7.21,520.2,1589.59,-2.3,0.0, , 
,1589.91,1184,78.0,0.0,11101010,1590.22,1248,53.3,8.24,632.4,1590.55,-1.6,0.0, , 
,1590.93,1408,78.0,0.0,11101010,1591.32,1504,63.5,9.27,754.8,1591.68,-1.6,-0.4, , 
,1592.02,1664,78.0,0.0,11101010,1592.36,1696,36.9,5.15,459.0,1592.70,-2.3,-0.4, , 
,1593.05,1760,78.0,1.2,11101010,1593.42,1792,36.9,5.15,459.0,1593.81,0.0,-0.4, , 
,1594.19,1856,78.0,-0.8,11101010,1594.56,1920,35.3,5.15,438.6,1594.92,0.0,-0.4, , 
,1595.28,1952,78.0,0.0,11101010,1595.63,2016,57.6,8.24,652.8,1595.98,0.0,-0.4, , 
,1596.32,2176,78.0,-1.6,11101000,1596.64,2272,76.9,12.36,846.6,1596.99,0.0,-0.4, , 
,1597.32,2528,78.0,0.0,11101000,1597.63,2624,85.5,12.36,907.8,1597.97,0.0,-0.4, , 
,1598.33,2880,78.0,-7.8,11101000,1598.70,2976,47.1,5.15,571.2,1599.05,0.0,-0.4, , 
,1599.41,1952,78.0,0.0,11111110,1599.75,1760,29.4,5.15,377.4,1600.12,0.0,-0.4, , 
,1600.47,1952,78.0,0.0,11101010,1600.83,1984,65.1,9.27,734.4,1601.20,0.0,-0.4, , 
,1601.53,2048,78.0,-0.4,11101000,1601.87,2080,67.8,10.30,754.8,1602.20,0.0,-0.4, , 
,1602.54,2176,78.0,-2.0,11101000,1602.88,2208,67.8,9.27,754.8,1603.21,0.0,-0.4, , 
,1603.55,2272,78.0,-0.8,11101000,1603.88,2336,67.8,10.30,734.4,1604.21,0.0,-0.4, , 
,1604.53,2400,78.0,-0.8,11101000,1604.88,2432,67.8,9.27,734.4,1605.23,0.0,-0.4, , 
,1605.57,2496,78.0,2.3,11101000,1605.90,2528,65.1,9.27,714.0,1606.24,0.0,-0.4, , 
,1606.60,2624,78.0,3.9,11101000,1606.97,2656,63.5,9.27,693.6,1607.33,0.0,-0.4, , 
,1607.66,2720,78.0,6.6,11101000,1608.02,2752,60.4,9.27,673.2,1608.36,0.0,-0.4, , 
,1608.72,2208,78.0,0.0,11111100,1609.10,1696,0.0,0.00,295.8,1609.42,-3.9,0.0, , 
,1609.81,1568,78.0,0.0,11101010,1610.16,2016,17.6,3.09,275.4,1610.52,0.0,-0.4, , 
,1610.88,1984,78.0,0.0,11101010,1611.24,1984,32.5,4.12,397.8,1611.60,0.0,-0.4, , 
,1611.96,1984,78.0,0.0,11101010,1612.31,1984,41.2,5.15,499.8,1612.65,0.0,-0.4, , 
,1613.00,1984,78.0,-0.8,11101000,1613.36,1984,32.5,4.12,418.2,1613.73,0.0,-0.4, , 
,1614.07,1984,78.0,-1.6,11101000,1614.42,1984,34.1,4.12,418.2,1614.78,0.0,-0.4, , 
,1615.14,1984,78.0,-0.8,11101000,1615.50,1984,34.1,4.12,438.6,1615.86,0.0,-0.4, , 
,1616.22,1984,78.0,-1.2,11101000,1616.58,1984,36.9,5.15,459.0,1616.94,0.0,-0.4, , 
,1617.29,2016,78.0,0.4,11101000,1617.65,2016,45.9,6.18,550.8,1617.99,0.0,-0.8, , 
,1618.33,2016,78.0,0.4,11101000,1618.68,2016,45.9,6.18,520.2,1619.03,0.0,-0.8, , 
,1619.39,2048,78.0,2.0,11101000,1619.74,2048,44.3,6.18,520.2,1620.08,0.0,-0.8, , 
,1620.43,2048,78.0,0.8,11101000,1620.78,2048,44.3,6.18,520.2,1621.14,0.0,-0.8, , 
,1621.48,2080,78.0,2.0,11101000,1621.81,2080,56.1,7.21,632.4,1622.17,0.0,-0.8, , 
,1622.52,2112,78.0,-0.4,11101000,1622.85,2144,57.6,8.24,652.8,1623.20,0.0,-0.8, , 
,1623.53,2144,78.0,0.0,11101000,1623.88,2176,45.9,6.18,520.2,1624.22,0.0,-0.8, , 
,1624.57,2176,79.5,0.4,11101000,1624.90,2176,51.8,7.21,591.6,1625.24,0.0,-0.8, , 
,1625.58,2208,79.5,-0.4,11101000,1625.93,2208,50.2,7.21,591.6,1626.26,0.0,-0.8, , 
,1626.59,2240,79.5,-0.4,11101000,1626.92,2240,50.2,7.21,571.2,1627.24,0.0,-0.8, , 
,1627.58,2272,79.5,1.6,11101000,1627.92,2272,48.6,7.21,571.2,1628.26,0.0,-0.8, , 
,1628.61,2304,79.5,1.6,11101000,1628.95,2304,48.6,6.18,550.8,1629.30,0.0,-0.8, , 
,1629.63,2304,79.5,1.2,11101000,1629.95,2304,35.3,5.15,438.6,1630.30,0.0,-0.8, , 
,1630.64,2304,79.5,0.0,11101000,1630.98,2304,34.1,4.12,418.2,1631.32,0.0,-0.8, , 
,1631.64,2304,79.5,0.0,11101000,1631.99,2304,34.1,4.12,418.2,1632.32,0.0,-0.8, , 
,1632.65,2304,79.5,-0.4,11101000,1633.00,2304,34.1,4.12,418.2,1633.35,0.0,-0.8, , 
,1633.68,2304,79.5,0.8,11101000,1634.02,2304,44.3,6.18,520.2,1634.36,0.0,-0.8, , 
,1634.68,2336,79.5,2.7,11101000,1635.03,2336,48.6,7.21,550.8,1635.39,0.0,-0.8, , 
,1635.74,2368,79.5,3.5,11101000,1636.08,2368,50.2,7.21,571.2,1636.41,0.0,-0.8, , 
,1636.78,2400,79.5,2.7,11101000,1637.11,2400,48.6,7.21,571.2,1637.45,0.0,-0.8, , 
,1637.80,2400,79.5,3.5,11101000,1638.18,2432,51.8,7.21,591.6,1638.52,0.0,-0.8, , 
,1638.86,2432,79.5,2.3,11101000,1639.20,2464,51.8,7.21,591.6,1639.55,0.0,-0.8, , 
,1639.90,2464,79.5,1.6,11101000,1640.24,2496,50.2,7.21,571.2,1640.59,0.0,-0.8, , 
,1640.94,2496,79.5,1.2,11101000,1641.29,2496,50.2,7.21,571.2,1641.62,0.0,-0.8, , 
,1641.97,2528,79.5,0.4,11101000,1642.34,2528,50.2,7.21,571.2,1642.69,0.0,-0.8, , 
,1643.05,2560,79.5,0.8,11101000,1643.37,2560,51.8,7.21,591.6,1643.71,0.0,-0.8, , 
,1644.03,2592,79.5,-0.4,11101000,1644.37,2592,53.3,7.21,591.6,1644.71,0.0,-0.8, , 
,1645.05,2624,79.5,1.6,11101000,1645.37,2624,59.2,8.24,652.8,1645.71,0.0,-0.8, , 
,1646.05,2656,78.0,5.5,11101000,1646.40,2656,65.1,10.30,714.0,1646.72,0.0,-0.8, , 
,1647.05,2720,79.5,3.1,11101000,1647.38,2720,67.8,10.30,754.8,1647.73,0.0,-0.8, , 
,1648.06,2752,79.5,2.0,11101000,1648.39,2784,67.8,10.30,734.4,1648.72,0.0,-0.8, , 
,1649.06,2816,79.5,2.7,11101000,1649.41,2848,66.3,10.30,734.4,1649.75,0.0,-0.8, , 
,1650.10,2880,79.5,3.5,11101000,1650.48,2912,66.3,10.30,734.4,1650.89,0.0,-0.8, , 
,1651.16,2944,79.5,3.9,11101000,1651.57,2944,66.3,10.30,714.0,1652.03,0.0,-0.8, , 
,1652.30,3008,79.5,4.3,11101000,1652.70,3040,65.1,9.27,714.0,1653.01,0.0,-0.8, , 
,1653.33,3072,79.5,1.6,11101000,1653.67,3104,72.2,10.30,775.2,1654.03,0.0,-0.8, , 
,1654.41,3136,78.0,-1.6,11101000,1654.78,3136,69.4,10.30,754.8,1655.15,0.0,-0.8, , 
,1655.49,2784,79.5,0.0,11111100,1655.84,2304,0.0,0.00,295.8,1656.13,-3.1,-0.8, , 
,1656.45,1344,79.5,0.0,11101010,1656.82,1344,32.5,5.15,418.2,1657.14,0.0,-0.8, , 
,1657.46,2336,79.5,0.0,11101000,1657.80,2368,36.9,5.15,438.6,1658.12,0.0,-0.8, , 
,1658.44,2368,79.5,-0.8,11101001,1658.78,2336,40.0,5.15,459.0,1659.12,0.0,-0.8, , 
,1659.44,2336,79.5,-5.9,11101000,1659.80,2336,57.6,8.24,652.8,1660.13,0.0,-0.8, , 
,1660.48,2336,79.5,0.0,11101000,1660.81,2368,65.1,9.27,714.0,1661.16,0.0,-0.8, , 
,1661.50,2368,79.5,1.6,11101001,1661.84,2368,66.3,10.30,734.4,1662.17,0.0,-0.8, , 
,1662.50,2368,79.5,-1.2,11101001,1662.85,2368,72.2,10.30,795.6,1663.17,0.0,-0.8, , 
,1663.50,2368,79.5,0.0,11101001,1663.84,2368,51.8,7.21,591.6,1664.16,0.0,-0.8, , 
,1664.51,2368,79.5,0.8,11101001,1664.84,2368,41.2,5.15,479.4,1665.19,0.0,-0.8, , 
,1665.54,2336,79.5,0.4,11101001,1665.88,2336,41.2,5.15,479.4,1666.21,0.0,-0.8, , 
,1666.52,2336,79.5,0.8,11101001,1666.86,2304,42.7,6.18,499.8,1667.19,0.0,-0.8, , 
,1667.52,2304,81.0,1.6,11101001,1667.86,2272,44.3,6.18,520.2,1668.20,0.0,-0.8, , 
,1668.53,2272,79.5,3.5,11101001,1668.87,2240,56.1,8.24,632.4,1669.18,0.0,-0.8, , 
,1669.51,2240,79.5,3.5,11101001,1669.82,2208,59.2,8.24,652.8,1670.16,0.0,-0.8, , 
,1670.49,2208,79.5,5.5,11101001,1670.84,2176,62.0,9.27,693.6,1671.18,0.0,-0.8, , 
,1671.53,2176,79.5,3.5,11101001,1671.87,2144,72.2,10.30,795.6,1672.22,0.0,-0.8, , 
,1672.58,2144,81.0,-2.7,11101001,1672.93,2144,73.7,10.30,826.2,1673.26,0.0,-0.8, , 
,1673.58,2112,81.0,0.0,11101001,1673.93,2112,62.0,9.27,693.6,1674.26,0.0,-0.8, , 
,1674.62,2080,81.0,2.0,11101001,1674.95,2080,59.2,8.24,673.2,1675.28,0.0,-0.8, , 
,1675.63,2048,81.0,0.0,11101001,1675.98,2048,42.7,5.15,499.8,1676.34,0.0,-0.8, , 
,1676.69,2016,81.0,-3.1,11101001,1677.05,1984,53.3,7.21,612.0,1677.41,0.0,-0.8, , 
,1677.77,1984,81.0,-1.2,11101001,1678.12,1984,60.4,8.24,693.6,1678.48,0.0,-0.8, , 
,1678.84,1952,81.0,2.3,11101011,1679.19,1952,65.1,9.27,734.4,1679.55,0.0,-0.8, , 
,1679.92,1952,81.0,1.2,11101011,1680.27,1952,63.5,9.27,734.4,1680.63,0.0,-0.8, , 
,1680.99,1952,81.0,1.6,11101011,1681.37,1952,44.3,6.18,550.8,1681.74,0.0,-0.8, , 
,1682.10,1920,81.0,1.6,11101011,1682.47,1920,57.6,8.24,652.8,1682.85,0.0,-0.8, , 
,1683.23,1920,81.0,-1.2,11101011,1683.59,1920,60.4,8.24,693.6,1683.95,0.0,-0.8, , 
,1684.31,1888,81.0,0.0,11101011,1684.67,1888,29.4,4.12,397.8,1685.05,0.0,-0.8, , 
,1685.43,1888,81.0,0.0,11101011,1685.77,1888,48.6,6.18,571.2,1686.14,0.0,-0.8, , 
,1686.51,1888,81.0,0.0,11101011,1686.87,1888,45.9,6.18,550.8,1687.21,0.0,-0.8, , 
,1687.58,1888,81.0,0.0,11101011,1687.96,1888,29.4,4.12,397.8,1688.33,0.0,-0.8, , 
,1688.71,1888,81.0,-2.3,11101011,1689.08,1888,38.4,5.15,479.4,1689.44,0.0,-0.8, , 
,1689.80,1920,81.0,-1.2,11101011,1690.17,1920,42.7,6.18,520.2,1690.52,0.0,-0.8, , 
,1690.88,1952,81.0,-0.4,11101011,1691.24,1952,41.2,5.15,499.8,1691.61,0.0,-0.8, , 
,1691.97,1984,81.0,0.4,11101011,1692.33,1984,40.0,5.15,479.4,1692.70,0.0,-0.8, , 
,1693.04,2016,81.0,2.3,11101001,1693.38,2016,40.0,5.15,479.4,1693.73,0.0,-0.8, , 
,1694.08,2048,81.0,2.3,11101001,1694.43,2080,40.0,5.15,479.4,1694.77,0.0,-0.8, , 
,1695.11,2112,81.0,2.0,11101001,1695.47,2112,44.3,6.18,520.2,1695.82,0.0,-0.8, , 
,1696.17,2144,81.0,3.5,11101001,1696.52,2176,50.2,7.21,591.6,1696.86,0.0,-0.8, , 
,1697.20,2208,81.0,4.3,11101001,1697.54,2208,48.6,7.21,571.2,1697.87,0.0,-0.8, , 
,1698.20,2240,81.0,6.3,11101001,1698.53,2272,51.8,7.21,591.6,1698.87,0.0,-0.8, , 
,1699.22,2304,81.0,4.7,11101001,1699.56,2336,51.8,7.21,591.6,1699.89,0.0,-0.8, , 
,1700.24,2336,81.0,3.9,11101001,1700.58,2368,50.2,7.21,591.6,1700.94,0.0,-0.8, , 
,1701.27,2400,81.0,0.0,11101001,1701.62,2400,29.4,4.12,357.0,1702.00,0.0,-0.8, , 
,1702.35,2432,81.0,0.8,11101001,1702.68,2432,35.3,5.15,438.6,1703.03,0.0,-0.8, , 
,1703.42,2464,81.0,2.7,11101001,1703.79,2464,38.4,5.15,459.0,1704.15,0.0,-0.8, , 
,1704.50,2464,81.0,3.9,11101001,1704.85,2464,40.0,5.15,459.0,1705.21,0.0,-0.8, , 
,1705.57,2496,81.0,3.1,11101001,1705.93,2496,40.0,5.15,459.0,1706.29,0.0,-0.8, , 
,1706.64,2496,81.0,3.5,11101001,1707.00,2464,40.0,5.15,479.4,1707.34,0.0,-0.8, , 
,1707.71,2464,81.0,1.2,11101001,1708.05,2464,50.2,7.21,571.2,1708.42,0.0,-0.8, , 
,1708.76,2464,81.0,2.0,11101001,1709.10,2432,32.5,4.12,397.8,1709.44,0.0,-0.8, , 
,1709.81,2432,81.0,-0.4,11101001,1710.13,2400,22.0,3.09,295.8,1710.48,0.0,-0.8, , 
,1710.83,2368,81.0,-9.0,11101001,1711.17,2368,19.2,2.06,275.4,1711.51,0.0,-0.8, , 
,1711.82,2336,81.0,-18.4,11111101,1712.15,2336,0.0,0.00,244.8,1712.47,0.0,-0.8, , 
,1712.81,2272,81.0,0.0,11111101,1713.13,2272,0.0,0.00,244.8,1713.48,0.0,-0.8, , 
,1713.79,2240,81.0,0.0,11111101,1714.13,2208,0.0,0.00,244.8,1714.47,0.0,-0.8, , 
,1714.80,2176,81.0,0.0,11111101,1715.13,2176,0.0,0.00,244.8,1715.46,0.0,-0.8, , 
,1715.81,2144,81.0,0.0,11111101,1716.14,2144,0.0,0.00,244.8,1716.49,0.0,-0.8, , 
,1716.84,2112,81.0,0.0,11111101,1717.19,2080,0.0,0.00,244.8,1717.53,0.0,-0.8, , 
,1717.88,2080,79.5,0.0,11111101,1718.22,2048,0.0,0.00,244.8,1718.57,0.0,-0.8, , 
,1718.91,2016,81.0,0.0,11111101,1719.25,2016,0.0,0.00,244.8,1719.60,0.0,-0.8, , 
,1719.96,1984,79.5,0.0,11101001,1720.31,1984,14.9,2.06,244.8,1720.68,0.0,-0.8, , 
,1721.02,1952,79.5,0.0,11101011,1721.38,1952,16.1,2.06,244.8,1721.74,0.0,-0.8, , 
,1722.12,1952,79.5,-16.0,11101011,1722.47,1920,16.1,2.06,244.8,1722.84,0.0,-0.8, , 
,1723.20,1952,79.5,0.0,11101011,1723.54,1952,66.3,10.30,754.8,1723.91,0.0,-0.8, , 
,1724.26,1952,79.5,0.0,11101011,1724.60,1984,78.4,12.36,867.0,1724.97,0.0,-0.8, , 
,1725.31,2016,79.5,-6.6,11101001,1725.66,2048,75.3,10.30,846.6,1726.02,0.0,-0.8, , 
,1726.38,2080,79.5,-3.9,11101001,1726.73,2080,66.3,9.27,734.4,1727.08,0.0,-0.8, , 
,1727.43,2112,79.5,0.0,11101001,1727.77,2112,40.0,5.15,479.4,1728.11,0.0,-0.8, , 
,1728.45,2112,79.5,-0.8,11101001,1728.79,2144,32.5,4.12,397.8,1729.12,0.0,-0.8, , 
,1729.45,2144,79.5,-1.2,11101001,1729.79,2144,29.4,4.12,377.4,1730.13,0.0,-0.8, , 
,1730.47,2144,79.5,-2.3,11101000,1730.82,2144,28.2,3.09,357.0,1731.16,0.0,-0.8, , 
,1731.50,2144,79.5,-3.1,11101001,1731.84,2144,34.1,4.12,418.2,1732.16,0.0,-0.8, , 
,1732.51,2176,79.5,-2.3,11101000,1732.85,2176,28.2,4.12,377.4,1733.20,0.0,-0.8, , 
,1733.54,2176,79.5,-4.3,11101000,1733.89,2144,25.1,3.09,336.6,1734.24,0.0,-0.8, , 
,1734.58,2144,79.5,-5.9,11101001,1734.92,2112,16.1,2.06,244.8,1735.26,0.0,-0.8, , 
,1735.58,2144,79.5,0.0,11111100,1735.94,2112,0.0,0.00,244.8,1736.30,0.0,-0.8, , 
,1736.64,2112,79.5,0.0,11111100,1736.98,2080,0.0,0.00,244.8,1737.31,0.0,-0.8, , 
,1737.64,2080,79.5,0.0,11111100,1737.99,2048,0.0,0.00,244.8,1738.34,0.0,-0.8, , 
,1738.68,2048,79.5,0.0,11111100,1739.03,2016,0.0,0.00,244.8,1739.38,0.0,-0.8, , 
,1739.72,1984,79.5,0.0,11111100,1740.09,2016,14.9,2.06,244.8,1740.43,0.0,-0.8, , 
,1740.78,1984,79.5,0.0,11101010,1741.13,1984,20.8,3.09,295.8,1741.48,0.0,-0.8, , 
,1741.85,1952,79.5,0.0,11101010,1742.21,1984,41.2,5.15,499.8,1742.57,0.0,-0.8, , 
,1742.95,1984,79.5,0.8,11101010,1743.31,1984,45.9,6.18,550.8,1743.66,0.0,-0.8, , 
,1744.01,1984,79.5,0.0,11101000,1744.37,2016,66.3,9.27,734.4,1744.73,0.0,-0.8, , 
,1745.09,2016,79.5,1.2,11101000,1745.44,2048,63.5,9.27,714.0,1745.79,0.0,-0.8, , 
,1746.14,2048,78.0,2.3,11101000,1746.49,2080,54.5,7.21,632.4,1746.83,0.0,-0.8, , 
,1747.17,2080,78.0,0.0,11101000,1747.52,2080,25.1,3.09,336.6,1747.88,0.0,-0.8, , 
,1748.23,2048,78.0,-5.9,11101000,1748.59,2048,31.0,4.12,397.8,1748.94,0.0,-0.8, , 
,1749.28,2048,78.0,-4.3,11101000,1749.63,2048,40.0,5.15,479.4,1749.99,0.0,-0.8, , 
,1750.34,2048,78.0,0.0,11101000,1750.70,2048,60.4,9.27,693.6,1751.04,0.0,-0.8, , 
,1751.39,2048,78.0,0.4,11101000,1751.75,2080,66.3,9.27,754.8,1752.09,0.0,-0.8, , 
,1752.42,2080,78.0,1.2,11101000,1752.75,2080,53.3,6.18,612.0,1753.10,0.0,-0.8, , 
,1753.45,2080,78.0,-0.4,11101000,1753.80,2080,36.9,5.15,459.0,1754.15,0.0,-0.8, , 
,1754.48,2080,78.0,-0.4,11101000,1754.83,2080,36.9,5.15,459.0,1755.19,0.0,-0.8, , 
,1755.55,2048,78.0,-1.6,11101000,1755.90,2048,38.4,5.15,459.0,1756.24,0.0,-0.8, , 
,1756.59,2048,78.0,-0.8,11101000,1756.94,2048,38.4,5.15,459.0,1757.30,0.0,-0.8, , 
,1757.65,2048,78.0,-1.6,11101000,1758.00,2016,23.5,3.09,316.2,1758.35,0.0,-0.8, , 
,1758.71,2016,78.0,-9.8,11101000,1759.06,2016,23.5,3.09,336.6,1759.41,0.0,-0.8, , 
,1759.77,1984,78.0,-2.7,11101000,1760.12,1984,48.6,6.18,571.2,1760.49,0.0,-0.8, , 
,1760.84,1984,78.0,2.3,11101000,1761.21,1984,59.2,7.21,673.2,1761.56,0.0,-0.8, , 
,1761.90,1984,78.0,0.0,11101000,1762.28,1984,26.7,3.09,357.0,1762.63,0.0,-0.8, , 
,1763.00,1984,78.0,-3.1,11101010,1763.38,1952,23.5,3.09,316.2,1763.75,0.0,-0.8, , 
,1764.11,1952,78.0,-5.9,11101010,1764.47,1920,23.5,3.09,336.6,1764.84,0.0,-0.8, , 
,1765.20,1920,78.0,-3.1,11101010,1765.57,1920,25.1,3.09,357.0,1765.93,0.0,-0.8, , 
,1766.29,1920,78.0,0.0,11101010,1766.63,1888,65.1,9.27,734.4,1766.92,-2.3,-0.8, , 
,1767.24,1280,78.0,0.0,11111110,1767.56,1024,29.4,4.12,397.8,1767.91,-2.3,0.0, , 
,1768.25,2464,78.0,0.0,11101000,1768.62,2400,22.0,3.09,316.2,1768.93,0.0,-0.8, , 
,1769.25,2368,78.0,0.0,11101000,1769.59,2368,47.1,6.18,550.8,1769.92,0.0,-0.8, , 
,1770.25,2368,78.0,7.8,11101000,1770.63,2368,62.0,8.24,673.2,1770.96,0.0,-0.8, , 
,1771.29,2400,78.0,15.2,11101000,1771.63,2432,60.4,9.27,673.2,1771.95,0.0,-0.8, , 
,1772.28,2432,78.0,0.0,11101000,1772.64,2464,32.5,4.12,397.8,1772.98,0.0,-0.8, , 
,1773.34,2464,78.0,8.2,11101000,1773.67,2464,50.2,6.18,571.2,1774.02,0.0,-0.8, , 
,1774.35,2496,78.0,11.7,11101000,1774.70,2496,51.8,7.21,591.6,1775.03,0.0,-0.8, , 
,1775.36,2528,78.0,17.6,11101000,1775.70,2560,50.2,7.21,571.2,1776.04,0.0,-0.8, , 
,1776.37,2592,78.0,18.8,11101000,1776.71,2592,45.9,6.18,520.2,1777.03,0.0,-0.8, , 
,1777.35,2592,78.0,0.0,11101000,1777.67,2592,19.2,2.06,275.4,1777.97,0.0,-0.8, , 
,1778.32,2592,78.0,-7.4,11101000,1778.65,2592,17.6,2.06,244.8,1778.99,0.0,-0.8, , 
,1779.32,2560,78.0,0.0,11111100,1779.65,2560,0.0,0.00,244.8,1779.98,0.0,-0.8, , 
,1780.33,2528,78.0,0.0,11101000,1780.66,2496,17.6,3.09,244.8,1780.97,0.0,-0.8, , 
,1781.30,2496,78.0,0.0,11101000,1781.65,2464,17.6,2.06,244.8,1781.99,0.0,-0.8, , 
,1782.33,2464,78.0,-9.0,11101000,1782.70,2464,20.8,2.06,275.4,1783.05,0.0,-0.8, , 
,1783.41,2432,78.0,-11.3,11101000,1783.77,2432,32.5,3.09,397.8,1784.11,0.0,-0.8, , 
,1784.49,2432,78.0,-2.7,11101000,1784.85,2432,42.7,5.15,499.8,1785.21,0.0,-0.8, , 
,1785.59,2464,78.0,-3.5,11101000,1785.94,2464,51.8,7.21,591.6,1786.25,0.0,-0.8, , 
,1786.57,2496,78.0,0.8,11101000,1786.92,2496,51.8,7.21,591.6,1787.24,0.0,-0.8, , 
,1787.59,2528,78.0,3.1,11101000,1787.91,2528,45.9,6.18,550.8,1788.23,0.0,-0.8, , 
,1788.56,2528,78.0,0.0,11101000,1788.91,2496,17.6,2.06,244.8,1789.21,0.0,-0.8, , 
,1789.57,2464,78.0,-12.9,11111100,1789.92,2464,0.0,0.00,244.8,1790.23,0.0,-0.8, , 
,1790.56,2432,78.0,0.0,11111100,1790.88,2400,0.0,0.00,244.8,1791.21,0.0,-0.8, , 
,1791.55,2368,78.0,0.0,11101000,1791.88,2336,16.1,3.09,244.8,1792.21,0.0,-0.8, , 
,1792.56,2368,78.0,0.0,11101000,1792.88,2336,34.1,4.12,397.8,1793.21,0.0,-0.8, , 
,1793.56,2336,78.0,-3.1,11101000,1793.89,2368,41.2,5.15,479.4,1794.22,0.0,-0.8, , 
,1794.61,2368,78.0,0.0,11101000,1794.94,2400,67.8,10.30,754.8,1795.29,0.0,-0.8, , 
,1795.60,2464,78.0,0.4,11101000,1795.95,2464,66.3,10.30,734.4,1796.26,0.0,-0.8, , 
,1796.62,2496,78.0,0.0,11101000,1796.99,2528,45.9,6.18,520.2,1797.33,0.0,-0.8, , 
,1797.67,2528,78.0,-0.4,11101000,1798.00,2560,50.2,7.21,571.2,1798.33,0.0,-0.8, , 
,1798.68,2560,78.0,1.2,11101000,1798.99,2592,34.1,4.12,418.2,1799.33,0.0,-0.8, , 
,1799.66,2592,78.0,0.8,11101000,1799.97,2592,34.1,4.12,418.2,1800.33,0.0,-0.8, , 
,1800.66,2624,78.0,0.8,11101000,1801.01,2624,34.1,4.12,418.2,1801.32,0.0,-0.8, , 
,1801.65,2624,78.0,-0.4,11101000,1802.00,2624,32.5,4.12,397.8,1802.35,0.0,-0.8, , 
,1802.69,2656,78.0,0.4,11101000,1803.05,2656,26.7,3.09,336.6,1803.41,0.0,-0.8, , 
,1803.77,2656,78.0,-4.3,11101000,1804.11,2656,23.5,3.09,316.2,1804.45,0.0,-0.8, , 
,1804.81,2656,78.0,-3.1,11101000,1805.14,2656,25.1,3.09,336.6,1805.47,0.0,-0.8, , 
,1805.81,2656,78.0,-1.6,11101000,1806.17,2688,32.5,4.12,397.8,1806.51,0.0,-0.8, , 
,1806.87,2688,78.0,4.7,11101000,1807.19,2688,34.1,4.12,418.2,1807.54,0.0,-0.8, , 
,1807.90,2720,78.0,6.6,11101000,1808.23,2720,34.1,4.12,397.8,1808.58,0.0,-0.8, , 
,1808.92,2720,78.0,4.3,11101000,1809.23,2688,19.2,2.06,275.4,1809.55,0.0,-0.8, , 
,1809.86,2688,78.0,-11.7,11101000,1810.17,2688,17.6,2.06,244.8,1810.52,0.0,-0.8, , 
,1810.84,2656,78.0,-9.0,11101000,1811.17,2656,17.6,2.06,244.8,1811.50,0.0,-0.8, , 
,1811.83,2656,78.0,-5.1,11101000,1812.17,2656,17.6,2.06,244.8,1812.50,0.0,-0.8, , 
,1812.82,2624,78.0,-5.5,11111100,1813.16,2624,0.0,0.00,244.8,1813.50,0.0,-0.8, , 
,1813.83,2560,78.0,0.0,11111100,1814.17,2560,0.0,0.00,275.4,1814.49,0.0,-0.8, , 
,1814.81,2496,78.0,0.0,11111100,1815.11,2464,0.0,0.00,244.8,1815.44,0.0,-0.8, , 
,1815.76,2432,78.0,0.0,11111100,1816.13,2400,0.0,0.00,244.8,1816.44,0.0,-0.8, , 
,1816.77,2368,78.0,0.0,11101000,1817.12,2368,22.0,2.06,295.8,1817.45,0.0,-0.8, , 
,1817.80,2336,78.0,12.1,11101000,1818.16,2368,53.3,6.18,591.6,1818.47,0.0,-0.8, , 
,1818.81,2400,78.0,0.0,11101000,1819.17,2400,60.4,9.27,673.2,1819.52,0.0,-0.8, , 
,1819.89,2464,78.0,3.9,11101000,1820.26,2464,65.1,9.27,714.0,1820.57,0.0,-0.8, , 
,1820.93,2528,78.0,0.0,11101000,1821.27,2528,48.6,6.18,550.8,1821.60,0.0,-0.8, , 
,1821.94,2528,78.0,1.2,11101000,1822.27,2560,31.0,4.12,377.4,1822.62,0.0,-0.8, , 
,1822.97,2560,78.0,2.0,11101000,1823.30,2560,38.4,5.15,459.0,1823.63,0.0,-0.8, , 
,1823.98,2592,78.0,3.1,11101000,1824.28,2592,36.9,5.15,438.6,1824.62,0.0,-0.8, , 
,1825.00,2624,78.0,5.1,11101000,1825.32,2624,45.9,6.18,520.2,1825.66,0.0,-0.8, , 
,1826.02,2656,78.0,5.9,11101000,1826.37,2656,36.9,5.15,438.6,1826.70,0.0,-0.8, , 
,1827.05,2656,78.0,2.7,11101000,1827.39,2656,26.7,3.09,336.6,1827.75,0.0,-0.8, , 
,1828.10,2656,78.0,-4.3,11101000,1828.45,2624,19.2,2.06,275.4,1828.79,0.0,-0.8, , 
,1829.12,2624,78.0,-15.6,11101000,1829.45,2624,17.6,2.06,244.8,1829.77,0.0,-0.8, , 
,1830.08,2592,78.0,-9.8,11101000,1830.39,2592,17.6,2.06,244.8,1830.70,0.0,-0.8, , 
,1831.04,2560,78.0,-3.5,11101000,1831.38,2560,17.6,2.06,244.8,1831.73,0.0,-0.8, , 
,1832.03,2560,78.0,1.2,11101000,1832.37,2528,19.2,2.06,275.4,1832.74,0.0,-0.8, , 
,1833.07,2560,78.0,0.0,11101000,1833.40,2528,42.7,3.09,499.8,1833.74,0.0,-0.8, , 
,1834.10,2528,78.0,20.3,11101000,1834.45,2528,45.9,5.15,520.2,1834.79,0.0,-0.8, , 
,1835.11,2560,78.0,29.7,11101000,1835.44,2560,45.9,6.18,520.2,1835.76,0.0,-0.8, , 
,1836.11,2592,78.0,35.5,11101000,1836.43,2592,45.9,6.18,520.2,1836.75,0.0,-0.8, , 
,1837.07,2624,78.0,35.5,11101000,1837.40,2624,42.7,5.15,499.8,1837.72,0.0,-0.8, , 
,1838.05,2624,78.0,20.3,11101000,1838.39,2624,20.8,2.06,295.8,1838.72,0.0,-0.8, , 
,1839.06,2624,78.0,-7.8,11101000,1839.38,2624,19.2,2.06,275.4,1839.70,0.0,-0.8, , 
,1840.03,2624,78.0,-13.7,11101000,1840.38,2624,19.2,2.06,275.4,1840.71,0.0,-0.8, , 
,1841.07,2592,78.0,-15.6,11101000,1841.41,2592,29.4,3.09,377.4,1841.72,0.0,-0.8, , 
,1842.08,2592,78.0,-6.3,11101000,1842.40,2592,29.4,3.09,377.4,1842.74,0.0,-0.8, , 
,1843.08,2592,78.0,-1.6,11101000,1843.42,2592,29.4,4.12,377.4,1843.77,0.0,-0.8, , 
,1844.08,2592,78.0,2.7,11101000,1844.43,2592,29.4,4.12,357.0,1844.77,0.0,-0.8, , 
,1845.08,2592,78.0,5.9,11101000,1845.43,2592,29.4,4.12,357.0,1845.75,0.0,-0.8, , 
,1846.10,2592,78.0,5.1,11101000,1846.44,2592,20.8,3.09,295.8,1846.75,0.0,-0.8, , 
,1847.06,2592,78.0,-5.1,11101000,1847.41,2560,19.2,2.06,275.4,1847.72,0.0,-0.8, , 
,1848.07,2592,78.0,-11.3,11101000,1848.43,2560,19.2,2.06,275.4,1848.78,0.0,-0.8, , 
,1849.13,2560,78.0,-16.4,11101000,1849.46,2560,20.8,2.06,275.4,1849.81,0.0,-0.8, , 
,1850.14,2592,78.0,-17.2,11101000,1850.49,2560,29.4,3.09,377.4,1850.84,0.0,-0.8, , 
,1851.20,2560,78.0,-5.9,11101000,1851.54,2592,31.0,4.12,377.4,1851.87,0.0,-0.8, , 
,1852.19,2592,78.0,0.8,11101000,1852.50,2592,32.5,4.12,397.8,1852.85,0.0,-0.8, , 
,1853.18,2592,78.0,4.3,11101000,1853.51,2592,32.5,4.12,397.8,1853.86,0.0,-0.8, , 
,1854.20,2624,78.0,7.0,11101000,1854.54,2624,32.5,4.12,397.8,1854.87,0.0,-0.8, , 
,1855.21,2624,78.0,8.2,11101000,1855.57,2624,31.0,4.12,397.8,1855.91,0.0,-0.8, , 
,1856.24,2624,78.0,7.8,11101000,1856.56,2624,34.1,5.15,418.2,1856.89,0.0,-0.8, , 
,1857.22,2624,78.0,7.8,11101000,1857.55,2624,34.1,5.15,418.2,1857.88,0.0,-0.8, , 
,1858.21,2624,78.0,4.3,11101000,1858.54,2592,20.8,3.09,295.8,1858.90,0.0,-0.8, , 
,1859.22,2592,78.0,-7.4,11101000,1859.56,2560,20.8,2.06,295.8,1859.90,0.0,-0.8, , 
,1860.22,2560,78.0,-12.5,11101000,1860.58,2528,19.2,2.06,275.4,1860.92,0.0,-0.8, , 
,1861.25,2496,78.0,-17.2,11101000,1861.61,2496,19.2,2.06,275.4,1861.97,0.0,-0.8, , 
,1862.33,2496,78.0,-20.3,11101000,1862.68,2464,19.2,2.06,275.4,1863.02,0.0,-0.8, , 
,1863.36,2432,78.0,-23.4,11101000,1863.68,2432,19.2,2.06,275.4,1864.03,0.0,-0.8, , 
,1864.36,2432,78.0,-23.8,11101000,1864.72,2400,20.8,2.06,295.8,1865.12,0.0,-0.8, , 
,1865.51,2400,78.0,-18.4,11101000,1865.87,2400,36.9,4.12,438.6,1866.26,0.0,-0.8, , 
,1866.63,2400,78.0,-6.3,11101000,1867.01,2400,36.9,4.12,438.6,1867.37,0.0,-0.8, , 
,1867.72,2400,78.0,-1.2,11101000,1868.04,2400,36.9,5.15,438.6,1868.38,0.0,-0.8, , 
,1868.73,2400,78.0,2.0,11101000,1869.08,2400,36.9,5.15,438.6,1869.45,0.0,-0.8, , 
,1869.80,2400,78.0,3.5,11101000,1870.14,2400,38.4,5.15,459.0,1870.50,0.0,-0.8, , 
,1870.81,2400,78.0,4.7,11101000,1871.17,2400,48.6,7.21,550.8,1871.49,0.0,-0.8, , 
,1871.85,2400,78.0,5.9,11101000,1872.18,2432,47.1,7.21,550.8,1872.54,0.0,-0.8, , 
,1872.87,2432,78.0,5.9,11101000,1873.24,2432,45.9,7.21,520.2,1873.57,0.0,-0.8, , 
,1873.90,2432,78.0,0.0,11101000,1874.25,2400,20.8,3.09,295.8,1874.60,0.0,-0.8, , 
,1874.94,2368,78.0,-10.2,11101000,1875.28,2368,20.8,2.06,295.8,1875.64,0.0,-0.8, , 
,1876.00,2336,78.0,-17.2,11101000,1876.32,2304,35.3,4.12,418.2,1876.66,0.0,-0.8, , 
,1876.98,2304,78.0,2.0,11101000,1877.31,2272,41.2,5.15,499.8,1877.65,0.0,-0.8, , 
,1877.99,2272,78.0,11.7,11101000,1878.31,2272,40.0,5.15,479.4,1878.64,0.0,-0.8, , 
,1878.98,2272,78.0,15.2,11101000,1879.32,2272,38.4,5.15,459.0,1879.65,0.0,-0.8, , 
,1879.99,2272,78.0,0.0,11101000,1880.36,2272,23.5,3.09,316.2,1880.69,0.0,-0.8, , 
,1881.02,2240,76.5,1.2,11101000,1881.34,2240,23.5,2.06,316.2,1881.67,0.0,-0.8, , 
,1881.98,2240,78.0,0.4,11101000,1882.33,2240,25.1,3.09,336.6,1882.66,0.0,-0.8, , 
,1883.01,2240,78.0,7.4,11101000,1883.33,2240,45.9,5.15,520.2,1883.66,0.0,-0.8, , 
,1883.99,2240,78.0,16.4,11101000,1884.33,2272,45.9,6.18,550.8,1884.66,0.0,-0.8, , 
,1885.01,2304,78.0,23.4,11101000,1885.32,2304,26.7,2.06,336.6,1885.66,0.0,-0.8, , 
,1885.97,2304,78.0,0.8,11101000,1886.30,2272,22.0,2.06,295.8,1886.64,0.0,-0.8, , 
,1886.98,2272,78.0,2.0,11101000,1887.32,2272,22.0,2.06,295.8,1887.65,0.0,-0.8, , 
,1887.99,2240,78.0,1.2,11101000,1888.32,2240,22.0,2.06,295.8,1888.64,0.0,-0.8, , 
,1888.97,2208,78.0,2.7,11101000,1889.32,2208,34.1,3.09,397.8,1889.66,0.0,-0.8, , 
,1890.00,2208,78.0,15.2,11101000,1890.35,2208,47.1,5.15,550.8,1890.68,0.0,-0.8, , 
,1891.02,2240,78.0,27.0,11101000,1891.35,2240,47.1,6.18,550.8,1891.70,0.0,-0.8, , 
,1892.02,2240,78.0,30.1,11101000,1892.35,2240,45.9,6.18,550.8,1892.67,0.0,-0.8, , 
,1893.01,2240,78.0,30.5,11101000,1893.34,2240,45.9,6.18,520.2,1893.68,0.0,-0.8, , 
,1894.04,2240,78.0,23.8,11101000,1894.39,2240,26.7,4.12,357.0,1894.72,0.0,-0.8, , 
,1895.06,2208,78.0,13.3,11101000,1895.40,2208,23.5,3.09,316.2,1895.74,0.0,-0.8, , 
,1896.07,2176,78.0,7.8,11101000,1896.41,2176,35.3,4.12,438.6,1896.73,0.0,-0.8, , 
,1897.08,2144,78.0,12.5,11101000,1897.41,2144,38.4,5.15,459.0,1897.75,0.0,-0.8, , 
,1898.08,2112,78.0,12.9,11101000,1898.42,2112,45.9,6.18,550.8,1898.77,0.0,-0.8, , 
,1899.11,2112,78.0,10.9,11101000,1899.45,2112,48.6,7.21,571.2,1899.79,0.0,-0.8, , 
,1900.14,2112,78.0,5.5,11101000,1900.48,2112,47.1,6.18,571.2,1900.84,0.0,-0.8, , 
,1901.19,2112,78.0,0.8,11101000,1901.52,2080,44.3,6.18,520.2,1901.86,0.0,-0.8, , 
,1902.19,2080,78.0,-0.8,11101000,1902.54,2080,38.4,5.15,459.0,1902.89,0.0,-0.8, , 
,1903.25,2048,78.0,-3.5,11101000,1903.59,2048,41.2,5.15,499.8,1903.95,0.0,-0.8, , 
,1904.31,2016,78.0,-3.1,11101000,1904.66,2016,41.2,5.15,499.8,1905.00,0.0,-0.8, , 
,1905.34,2016,78.0,-2.3,11101000,1905.71,2016,42.7,5.15,499.8,1906.07,0.0,-0.8, , 
,1906.44,1984,78.0,-1.6,11101000,1906.80,1984,40.0,5.15,479.4,1907.14,0.0,-0.8, , 
,1907.49,1984,78.0,-2.3,11101000,1907.86,1984,40.0,5.15,479.4,1908.20,0.0,-0.8, , 
,1908.56,1984,78.0,-0.4,11101000,1908.91,1984,41.2,5.15,499.8,1909.25,0.0,-0.8, , 
,1909.60,1984,78.0,0.0,11101000,1909.97,1984,42.7,5.15,499.8,1910.34,0.0,-0.8, , 
,1910.68,2016,78.0,-0.4,11101000,1911.04,2016,42.7,6.18,499.8,1911.41,0.0,-0.8, , 
,1911.75,2016,78.0,0.0,11101000,1912.09,2016,41.2,5.15,499.8,1912.44,0.0,-0.8, , 
,1912.78,2016,78.0,-0.4,11101000,1913.14,2016,41.2,5.15,499.8,1913.49,0.0,-0.8, , 
,1913.83,2016,78.0,-0.8,11101000,1914.18,2016,41.2,5.15,499.8,1914.53,0.0,-0.8, , 
,1914.89,2016,78.0,-1.2,11101000,1915.24,2016,41.2,5.15,499.8,1915.59,0.0,-0.8, , 
,1915.94,2016,78.0,-1.6,11101000,1916.28,2016,25.1,3.09,336.6,1916.64,0.0,-0.8, , 
,1916.99,1984,78.0,-10.9,11101000,1917.34,1984,22.0,2.06,316.2,1917.70,0.0,-0.8, , 
,1918.06,1984,78.0,-10.5,11101010,1918.42,1952,23.5,2.06,336.6,1918.77,0.0,-0.8, , 
,1919.12,1952,78.0,-7.4,11101010,1919.50,1952,36.9,4.12,459.0,1919.86,0.0,-0.8, , 
,1920.21,1952,78.0,3.9,11101010,1920.56,1952,40.0,5.15,479.4,1920.92,0.0,-0.8, , 
,1921.29,1952,78.0,9.0,11101010,1921.64,1952,40.0,5.15,479.4,1922.01,0.0,-0.8, , 
,1922.37,1952,78.0,12.1,11101010,1922.75,1952,28.2,4.12,377.4,1923.11,0.0,-0.8, , 
,1923.46,1952,78.0,-5.1,11101010,1923.83,1920,28.2,3.09,357.0,1924.20,0.0,-0.8, , 
,1924.59,1920,78.0,-6.3,11101010,1924.93,1920,36.9,4.12,459.0,1925.31,0.0,-0.8, , 
,1925.68,1920,79.5,-3.5,11101010,1926.05,1920,41.2,5.15,499.8,1926.41,0.0,-0.8, , 
,1926.77,1920,78.0,-0.8,11101010,1927.13,1920,45.9,6.18,550.8,1927.48,0.0,-0.8, , 
,1927.85,1920,78.0,-0.8,11101010,1928.21,1920,50.2,7.21,591.6,1928.56,0.0,-0.8, , 
,1928.93,1952,78.0,-3.1,11101010,1929.30,1952,50.2,7.21,591.6,1929.65,0.0,-0.8, , 
,1930.01,1952,78.0,-2.3,11101010,1930.38,1952,48.6,6.18,571.2,1930.72,0.0,-0.8, , 
,1931.07,1984,78.0,-3.1,11101010,1931.43,1984,47.1,6.18,571.2,1931.79,0.0,-0.8, , 
,1932.15,1952,78.0,0.0,11101010,1932.51,1920,16.1,2.06,244.8,1932.88,0.0,-0.8, , 
,1933.24,1920,78.0,-22.3,11101010,1933.59,1920,17.6,2.06,275.4,1933.95,0.0,-0.8, , 
,1934.33,1856,78.0,-26.2,11101010,1934.70,1856,22.0,2.06,316.2,1935.06,0.0,-0.8, , 
,1935.43,1824,78.0,-22.7,11101010,1935.81,1824,56.1,9.27,632.4,1936.20,0.0,-0.8, , 
,1936.58,1856,78.0,0.0,11101010,1936.95,1856,66.3,9.27,734.4,1937.33,0.0,-0.8, , 
,1937.69,1888,78.0,0.4,11101010,1938.05,1920,60.4,9.27,693.6,1938.41,0.0,-0.8, , 
,1938.76,1920,78.0,1.6,11101010,1939.15,1920,54.5,8.24,632.4,1939.53,0.0,-0.8, , 
,1939.90,1952,78.0,-0.4,11101010,1940.27,1952,54.5,7.21,632.4,1940.62,0.0,-0.8, , 
,1940.98,1952,78.0,-0.8,11101010,1941.35,1952,51.8,7.21,612.0,1941.70,0.0,-0.8, , 
,1942.06,1952,78.0,-2.3,11101010,1942.42,1984,51.8,7.21,612.0,1942.77,0.0,-0.8, , 
,1943.11,1984,78.0,-3.1,11101010,1943.46,1984,31.0,4.12,418.2,1943.81,0.0,-0.8, , 
,1944.17,1952,78.0,-1.2,11101010,1944.55,1952,26.7,3.09,357.0,1944.90,0.0,-0.8, , 
,1945.27,1952,78.0,-5.9,11101010,1945.62,1952,26.7,3.09,357.0,1945.98,0.0,-0.8, , 
,1946.35,1952,78.0,-3.5,11101010,1946.70,1952,28.2,3.09,357.0,1947.06,0.0,-0.8, , 
,1947.43,1952,78.0,0.4,11101010,1947.79,1952,32.5,4.12,397.8,1948.16,0.0,-0.8, , 
,1948.51,1952,78.0,3.9,11101010,1948.87,1952,40.0,5.15,479.4,1949.24,0.0,-0.8, , 
,1949.59,1984,78.0,8.2,11101000,1949.94,2016,51.8,7.21,591.6,1950.28,0.0,-0.8, , 
,1950.62,2048,78.0,9.0,11101000,1950.97,2080,57.6,8.24,652.8,1951.31,0.0,-0.8, , 
,1951.66,2112,78.0,10.2,11101000,1952.01,2144,63.5,9.27,714.0,1952.35,0.0,-0.8, , 
,1952.69,2176,78.0,11.7,11101000,1953.03,2208,72.2,11.33,795.6,1953.37,0.0,-0.8, , 
,1953.70,2272,78.0,5.1,11101000,1954.04,2304,75.3,11.33,826.2,1954.38,0.0,-0.8, , 
,1954.71,2336,78.0,0.4,11101000,1955.04,2368,76.9,10.30,826.2,1955.43,0.0,-0.8, , 
,1955.77,2432,78.0,-1.6,11101000,1956.12,2432,81.2,11.33,887.4,1956.48,0.0,-0.8, , 
,1956.84,2496,78.0,-6.3,11101000,1957.20,2528,84.3,11.33,907.8,1957.54,0.0,-0.8, , 
,1957.89,2592,78.0,-7.8,11101000,1958.23,2624,82.7,11.33,887.4,1958.57,0.0,-0.8, , 
,1958.92,2656,78.0,1.2,11101000,1959.26,2688,82.7,11.33,887.4,1959.60,0.0,-0.8, , 
,1959.92,2720,78.0,3.1,11101000,1960.27,2752,81.2,11.33,867.0,1960.60,0.0,-0.8, , 
,1960.92,2816,78.0,5.5,11101000,1961.27,2816,79.6,11.33,867.0,1961.62,0.0,-0.8, , 
,1961.98,2880,79.5,7.4,11101000,1962.35,2912,79.6,11.33,867.0,1962.76,0.0,-0.8, , 
,1963.03,2944,79.5,7.8,11101000,1963.37,2720,0.0,0.00,357.0,1963.73,0.0,-0.8, , 
,1964.10,1664,78.0,0.0,11111110,1964.47,1472,28.2,4.12,377.4,1964.78,0.0,-0.8, , 
,1965.12,2240,78.0,0.0,11101000,1965.46,2240,44.3,5.15,520.2,1965.80,0.0,-0.8, , 
,1966.13,2240,78.0,0.0,11101000,1966.47,2240,60.4,7.21,673.2,1966.80,0.0,-0.8, , 
,1967.12,2240,78.0,8.6,11101000,1967.46,2272,66.3,8.24,734.4,1967.79,0.0,-0.8, , 
,1968.13,2272,79.5,7.0,11101000,1968.47,2304,78.4,11.33,846.6,1968.82,0.0,-0.8, , 
,1969.17,2304,79.5,10.5,11101000,1969.50,2336,84.3,12.36,907.8,1969.83,0.0,-0.8, , 
,1970.19,2368,79.5,1.2,11101000,1970.56,2400,85.5,12.36,928.2,1970.90,0.0,-0.8, , 
,1971.25,2432,79.5,-3.9,11101000,1971.58,2432,87.1,12.36,928.2,1971.94,0.0,-0.8, , 
,1972.29,2464,79.5,-6.3,11101000,1972.64,2464,85.5,11.33,928.2,1972.98,0.0,-0.8, , 
,1973.33,2496,79.5,-6.3,11101000,1973.66,2496,85.5,11.33,928.2,1973.99,0.0,-0.8, , 
,1974.32,2528,79.5,-7.0,11101000,1974.67,2560,85.5,11.33,907.8,1975.00,0.0,-0.8, , 
,1975.34,2592,79.5,-5.5,11101000,1975.68,2592,85.5,11.33,907.8,1976.02,0.0,-0.8, , 
,1976.34,2592,79.5,-2.7,11101000,1976.68,2592,85.5,11.33,907.8,1977.03,0.0,-0.8, , 
,1977.38,2624,79.5,-2.0,11101000,1977.72,2624,84.3,11.33,907.8,1978.06,0.0,-0.8, , 
,1978.42,2656,79.5,1.2,11101001,1978.75,2656,82.7,11.33,887.4,1979.09,0.0,-0.8, , 
,1979.44,2688,79.5,2.7,11101000,1979.77,2688,81.2,10.30,887.4,1980.12,0.0,-0.8, , 
,1980.47,2688,79.5,3.9,11101001,1980.81,2688,81.2,11.33,867.0,1981.16,0.0,-0.8, , 
,1981.52,2720,79.5,6.3,11101001,1981.86,2720,79.6,11.33,867.0,1982.19,0.0,-0.8, , 
,1982.53,2720,79.5,9.4,11101001,1982.88,2720,69.4,9.27,754.8,1983.23,0.0,-0.8, , 
,1983.58,2720,79.5,19.5,11101001,1983.94,2720,67.8,9.27,734.4,1984.29,0.0,-0.8, , 
,1984.67,2752,79.5,25.0,11101001,1985.02,2752,63.5,9.27,714.0,1985.36,0.0,-0.8, , 
,1985.69,2752,79.5,30.1,11101001,1986.02,2752,60.4,9.27,673.2,1986.36,0.0,-0.8, , 
,1986.73,2720,79.5,30.1,11101001,1987.09,2752,56.1,8.24,632.4,1987.45,0.0,-0.8, , 
,1987.81,2720,79.5,27.7,11101001,1988.17,2720,54.5,8.24,612.0,1988.53,0.0,-0.8, , 
,1988.88,2720,79.5,19.9,11101001,1989.22,2720,53.3,7.21,591.6,1989.56,0.0,-0.8, , 
,1989.90,2720,79.5,14.1,11101001,1990.23,2720,51.8,7.21,591.6,1990.55,0.0,-0.8, , 
,1990.89,2688,79.5,8.2,11101001,1991.24,2688,51.8,7.21,591.6,1991.58,0.0,-0.8, , 
,1991.93,2688,79.5,3.9,11101001,1992.27,2688,51.8,7.21,591.6,1992.60,0.0,-0.8, , 
,1992.96,2656,81.0,0.4,11101001,1993.33,2656,51.8,7.21,591.6,1993.67,0.0,-0.8, , 
,1994.01,2656,81.0,-0.4,11101001,1994.36,2656,51.8,7.21,591.6,1994.70,0.0,-0.8, , 
,1995.04,2624,81.0,-0.4,11101001,1995.39,2624,51.8,7.21,591.6,1995.71,0.0,-0.8, , 
,1996.05,2624,81.0,0.8,11101001,1996.37,2624,53.3,7.21,591.6,1996.70,0.0,-0.8, , 
,1997.02,2592,81.0,1.2,11101001,1997.34,2592,53.3,7.21,612.0,1997.68,0.0,-0.8, , 
,1998.03,2592,81.0,1.2,11101001,1998.36,2592,53.3,7.21,591.6,1998.70,0.0,-0.8, , 
,1999.05,2592,81.0,0.0,11101001,1999.37,2592,35.3,5.15,418.2,1999.69,0.0,-0.8, , 
,2000.02,2592,81.0,-1.2,11101001,2000.36,2592,31.0,4.12,377.4,2000.68,0.0,-0.8, , 
,2001.00,2592,81.0,-0.4,11101001,2001.34,2592,32.5,4.12,397.8,2001.67,0.0,-0.8, , 
,2001.99,2592,81.0,1.2,11101001,2002.31,2592,41.2,5.15,479.4,2002.66,0.0,-0.8, , 
,2003.00,2592,81.0,0.4,11101001,2003.32,2592,22.0,3.09,295.8,2003.66,0.0,-0.8, , 
,2003.99,2592,81.0,-9.4,11101001,2004.31,2592,17.6,2.06,244.8,2004.66,0.0,-0.8, , 
,2004.98,2560,81.0,-18.0,11101001,2005.32,2560,19.2,2.06,275.4,2005.65,0.0,-0.8, , 
,2005.98,2560,81.0,-5.1,11101001,2006.32,2560,41.2,4.12,479.4,2006.66,0.0,-0.8, , 
,2006.99,2560,81.0,8.2,11101001,2007.33,2560,44.3,5.15,499.8,2007.67,0.0,-0.8, , 
,2008.01,2528,81.0,16.8,11101001,2008.36,2528,53.3,7.21,591.6,2008.67,0.0,-0.8, , 
,2009.01,2528,81.0,22.3,11101001,2009.37,2528,59.2,9.27,673.2,2009.72,0.0,-0.8, , 
,2010.06,2528,81.0,27.7,11101001,2010.40,2528,59.2,9.27,673.2,2010.74,0.0,-0.8, , 
,2011.07,2528,81.0,28.9,11101001,2011.44,2528,59.2,9.27,652.8,2011.79,0.0,-0.8, , 
,2012.13,2528,81.0,28.5,11101001,2012.46,2528,59.2,9.27,652.8,2012.80,0.0,-0.8, , 
,2013.13,2528,81.0,7.4,11101001,2013.46,2528,59.2,9.27,652.8,2013.79,0.0,-0.8, , 
,2014.13,2528,81.0,6.6,11101001,2014.46,2528,59.2,9.27,652.8,2014.81,0.0,-0.8, , 
,2015.15,2528,81.0,5.5,11101001,2015.52,2528,59.2,9.27,652.8,2015.86,0.0,-0.8, , 
,2016.20,2528,81.0,5.1,11101001,2016.52,2560,59.2,9.27,652.8,2016.86,0.0,-0.8, , 
,2017.19,2560,81.0,5.5,11101001,2017.54,2560,59.2,9.27,652.8,2017.88,0.0,-0.8, , 
,2018.20,2560,81.0,4.7,11101001,2018.55,2560,59.2,9.27,652.8,2018.88,0.0,-0.8, , 
,2019.19,2560,81.0,5.1,11101001,2019.53,2560,59.2,9.27,652.8,2019.87,0.0,-0.8, , 
,2020.23,2560,81.0,5.5,11101001,2020.55,2560,57.6,9.27,652.8,2020.89,0.0,-0.8, , 
,2021.22,2560,81.0,7.0,11101001,2021.56,2560,44.3,6.18,520.2,2021.91,0.0,-0.8, , 
,2022.25,2560,81.0,4.3,11101001,2022.60,2560,44.3,6.18,499.8,2022.92,0.0,-0.8, , 
,2023.27,2560,81.0,2.7,11101001,2023.61,2560,44.3,6.18,520.2,2023.94,0.0,-0.8, , 
,2024.29,2560,81.0,2.7,11101001,2024.65,2528,44.3,6.18,520.2,2024.99,0.0,-0.8, , 
,2025.32,2528,81.0,3.9,11101001,2025.65,2528,48.6,7.21,550.8,2025.99,0.0,-0.8, , 
,2026.32,2528,81.0,2.3,11101001,2026.67,2528,51.8,7.21,591.6,2027.02,0.0,-0.8, , 
,2027.36,2528,81.0,3.1,11101001,2027.70,2528,51.8,7.21,591.6,2028.04,0.0,-0.8, , 
,2028.37,2560,81.0,3.1,11101001,2028.70,2560,44.3,6.18,520.2,2029.05,0.0,-0.8, , 
,2029.39,2560,81.0,5.1,11101001,2029.74,2560,32.5,4.12,397.8,2030.07,0.0,-0.8, , 
,2030.40,2560,81.0,-5.5,11101001,2030.74,2560,19.2,2.06,275.4,2031.08,0.0,-0.8, , 
,2031.41,2528,81.0,-13.7,11101001,2031.74,2528,20.8,2.06,275.4,2032.08,0.0,-0.8, , 
,2032.42,2528,81.0,-19.1,11101001,2032.79,2528,20.8,2.06,275.4,2033.12,0.0,-0.8, , 
,2033.46,2496,81.0,-22.3,11101001,2033.80,2496,19.2,2.06,275.4,2034.14,0.0,-0.8, , 
,2034.49,2496,81.0,-22.7,11101001,2034.82,2496,19.2,2.06,275.4,2035.18,0.0,-0.8, , 
,2035.52,2464,81.0,-23.0,11101001,2035.85,2432,17.6,2.06,244.8,2036.20,0.0,-0.8, , 
,2036.55,2464,81.0,-25.4,11101001,2036.91,2432,17.6,2.06,244.8,2037.24,0.0,-0.8, , 
,2037.57,2432,81.0,-25.8,11101001,2037.91,2400,17.6,1.03,244.8,2038.25,0.0,-0.8, , 
,2038.58,2400,81.0,-27.0,11101001,2038.93,2368,17.6,1.03,244.8,2039.26,0.0,-0.8, , 
,2039.60,2336,81.0,-26.6,11101001,2039.95,2336,19.2,2.06,275.4,2040.29,0.0,-0.8, , 
,2040.63,2304,81.0,-22.3,11101001,2040.96,2304,32.5,3.09,397.8,2041.27,0.0,-0.8, , 
,2041.61,2304,81.0,-10.9,11101001,2041.94,2304,44.3,5.15,520.2,2042.26,0.0,-0.8, , 
,2042.60,2272,81.0,-3.1,11101001,2042.93,2304,53.3,7.21,612.0,2043.26,0.0,-0.8, , 
,2043.59,2304,81.0,2.3,11101001,2043.93,2304,54.5,8.24,632.4,2044.28,0.0,-0.8, , 
,2044.64,2304,81.0,9.4,11101001,2044.97,2304,59.2,9.27,673.2,2045.31,0.0,-0.8, , 
,2045.64,2304,81.0,10.9,11101001,2045.98,2304,62.0,10.30,693.6,2046.31,0.0,-0.8, , 
,2046.67,2336,81.0,9.0,11101001,2047.00,2336,62.0,9.27,693.6,2047.35,0.0,-0.8, , 
,2047.69,2336,81.0,6.3,11101001,2048.02,2336,56.1,8.24,632.4,2048.38,0.0,-0.8, , 
,2048.71,2336,81.0,5.5,11101001,2049.04,2336,47.1,7.21,550.8,2049.41,0.0,-0.8, , 
,2049.76,2336,79.5,3.1,11101001,2050.09,2336,42.7,6.18,499.8,2050.42,0.0,-0.8, , 
,2050.73,2304,79.5,1.2,11101001,2051.08,2336,44.3,6.18,499.8,2051.41,0.0,-0.8, , 
,2051.76,2336,79.5,1.2,11101001,2052.09,2336,54.5,8.24,632.4,2052.44,0.0,-0.8, , 
,2052.77,2336,79.5,1.6,11101001,2053.10,2336,63.5,9.27,714.0,2053.42,0.0,-0.8, , 
,2053.77,2336,79.5,2.0,11101001,2054.10,2368,67.8,10.30,754.8,2054.44,0.0,-0.8, , 
,2054.78,2368,79.5,0.4,11101001,2055.11,2368,67.8,10.30,754.8,2055.45,0.0,-0.8, , 
,2055.80,2400,79.5,-2.0,11101001,2056.13,2400,72.2,10.30,775.2,2056.46,0.0,-0.8, , 
,2056.82,2432,79.5,-0.4,11101001,2057.18,2432,63.5,9.27,693.6,2057.53,0.0,-0.8, , 
,2057.86,2432,79.5,4.3,11101001,2058.19,2432,50.2,7.21,591.6,2058.56,0.0,-0.8, , 
,2058.94,2432,79.5,5.1,11101001,2059.29,2432,48.6,7.21,550.8,2059.67,0.0,-0.8, , 
,2060.00,2432,79.5,5.5,11101001,2060.32,2432,45.9,6.18,520.2,2060.69,0.0,-0.8, , 
,2061.04,2432,79.5,5.5,11101001,2061.41,2432,45.9,6.18,520.2,2061.76,0.0,-0.8, , 
,2062.11,2432,79.5,5.9,11101001,2062.44,2432,45.9,6.18,520.2,2062.78,0.0,-0.8, , 
,2063.13,2432,79.5,5.5,11101001,2063.47,2432,45.9,6.18,520.2,2063.82,0.0,-0.8, , 
,2064.16,2432,79.5,7.0,11101001,2064.50,2432,45.9,6.18,520.2,2064.84,0.0,-0.8, , 
,2065.18,2432,79.5,7.4,11101001,2065.53,2432,36.9,5.15,438.6,2065.87,0.0,-0.8, , 
,2066.21,2400,79.5,0.0,11101001,2066.57,2400,20.8,2.06,295.8,2066.88,0.0,-0.8, , 
,2067.20,2400,79.5,-10.9,11101001,2067.54,2368,19.2,2.06,275.4,2067.86,0.0,-0.8, , 
,2068.19,2368,79.5,-16.4,11101001,2068.54,2336,20.8,2.06,295.8,2068.87,0.0,-0.8, , 
,2069.22,2336,79.5,-20.3,11101001,2069.56,2336,20.8,2.06,295.8,2069.89,0.0,-0.8, , 
,2070.23,2304,79.5,-21.5,11101001,2070.56,2304,22.0,2.06,295.8,2070.89,0.0,-0.8, , 
,2071.24,2272,79.5,-21.1,11101001,2071.57,2272,25.1,2.06,336.6,2071.90,0.0,-0.8, , 
,2072.24,2272,79.5,-12.5,11101001,2072.57,2272,40.0,5.15,479.4,2072.91,0.0,-0.8, , 
,2073.24,2240,79.5,-5.9,11101001,2073.57,2272,40.0,5.15,479.4,2073.90,0.0,-0.8, , 
,2074.24,2272,79.5,-1.2,11101001,2074.57,2272,56.1,8.24,632.4,2074.90,0.0,-0.8, , 
,2075.24,2272,79.5,4.7,11101001,2075.57,2272,62.0,9.27,693.6,2075.92,0.0,-0.8, , 
,2076.25,2304,79.5,7.8,11101001,2076.58,2304,54.5,8.24,612.0,2076.92,0.0,-0.8, , 
,2077.25,2304,79.5,6.3,11101001,2077.58,2304,41.2,6.18,499.8,2077.91,0.0,-0.8, , 
,2078.25,2304,79.5,4.3,11101001,2078.59,2304,40.0,5.15,479.4,2078.93,0.0,-0.8, , 
,2079.27,2304,79.5,2.3,11101001,2079.59,2304,36.9,5.15,438.6,2079.93,0.0,-0.8, , 
,2080.26,2272,79.5,4.3,11101001,2080.60,2272,36.9,5.15,438.6,2080.93,0.0,-0.8, , 
,2081.27,2272,79.5,3.9,11101001,2081.61,2272,25.1,3.09,336.6,2081.94,0.0,-0.8, , 
,2082.27,2240,79.5,-4.3,11101001,2082.60,2240,23.5,3.09,316.2,2082.94,0.0,-0.8, , 
,2083.27,2240,79.5,-1.2,11101001,2083.60,2240,23.5,3.09,316.2,2083.91,0.0,-0.8, , 
,2084.25,2208,79.5,0.8,11101001,2084.59,2208,25.1,3.09,336.6,2084.94,0.0,-0.8, , 
,2085.28,2208,79.5,-3.5,11111101,2085.62,2176,16.1,2.06,244.8,2085.95,0.0,-0.8, , 
,2086.30,2144,79.5,0.0,11111101,2086.63,2144,0.0,0.00,244.8,2086.96,0.0,-0.8, , 
,2087.31,2112,79.5,0.0,11111101,2087.65,2080,0.0,0.00,244.8,2087.99,0.0,-0.8, , 
,2088.33,2080,79.5,0.0,11111101,2088.67,2048,0.0,0.00,244.8,2089.02,0.0,-0.8, , 
,2089.35,2016,79.5,0.0,11111101,2089.70,2016,0.0,0.00,244.8,2090.06,0.0,-0.8, , 
,2090.42,1984,79.5,0.0,11111111,2090.79,1952,0.0,0.00,244.8,2091.12,0.0,-0.8, , 
,2091.48,1952,79.5,0.0,11111111,2091.83,1920,0.0,0.00,275.4,2092.17,0.0,-0.8, , 
,2092.54,1888,79.5,0.0,11111111,2092.90,1888,0.0,0.00,295.8,2093.26,0.0,-0.8, , 
,2093.62,1824,79.5,0.0,11111111,2093.98,1824,0.0,0.00,295.8,2094.36,0.0,-0.8, , 
,2094.70,1760,79.5,0.0,11111111,2095.04,1760,0.0,0.00,316.2,2095.38,-3.1,-0.8, , 
,2095.71,1728,79.5,0.0,11111111,2096.01,1408,0.0,0.00,336.6,2096.32,-4.7,0.0, , 
,2096.62,960,79.5,0.0,11111111,2096.91,960,32.5,4.12,438.6,2097.23,-4.7,0.0, , 
,2097.58,960,79.5,0.0,11111111,2097.85,960,26.7,3.09,377.4,2098.17,-4.7,0.0, , 
,2098.46,896,79.5,0.0,11111110,2098.77,896,28.2,3.09,397.8,2099.07,-4.7,0.0, , 
,2099.36,896,79.5,2.7,11111110,2099.67,896,28.2,4.12,397.8,2100.00,-4.7,0.0, , 
,2100.34,928,79.5,5.5,11111110,2100.64,1184,28.2,4.12,377.4,2101.00,0.0,-0.8, , 
,2101.34,2304,79.5,4.3,11101000,2101.68,2240,17.6,2.06,244.8,2102.02,0.0,-0.8, , 
,2102.35,2208,79.5,-8.2,11101000,2102.67,2208,19.2,2.06,275.4,2103.00,0.0,-0.8, , 
,2103.34,2176,79.5,-11.7,11101000,2103.69,2176,29.4,4.12,377.4,2104.02,0.0,-0.8, , 
,2104.35,2176,79.5,-10.2,11101000,2104.67,2208,42.7,5.15,499.8,2105.01,0.0,-0.8, , 
,2105.33,2208,79.5,-5.1,11101000,2105.66,2240,50.2,6.18,571.2,2105.99,0.0,-0.8, , 
,2106.32,2272,79.5,-1.2,11101000,2106.65,2272,38.4,5.15,459.0,2106.99,0.0,-0.8, , 
,2107.31,2304,79.5,2.0,11101000,2107.64,2304,32.5,4.12,397.8,2107.98,0.0,-0.8, , 
,2108.31,2272,79.5,-2.7,11101000,2108.65,2272,22.0,3.09,295.8,2108.98,0.0,-0.8, , 
,2109.32,2272,78.0,-9.0,11101000,2109.65,2272,22.0,3.09,295.8,2109.99,0.0,-0.8, , 
,2110.32,2272,78.0,-9.8,11101000,2110.66,2272,35.3,4.12,438.6,2110.99,0.0,-0.8, , 
,2111.32,2304,78.0,-5.1,11101000,2111.66,2304,35.3,5.15,438.6,2112.00,0.0,-0.8, , 
,2112.33,2336,78.0,-0.8,11101000,2112.66,2336,34.1,4.12,418.2,2113.00,0.0,-0.8, , 
,2113.32,2368,78.0,1.2,11101000,2113.66,2368,25.1,3.09,336.6,2114.02,0.0,-0.8, , 
,2114.40,2400,78.0,2.0,11101000,2114.77,2400,32.5,4.12,397.8,2115.10,0.0,-0.8, , 
,2115.46,2432,78.0,2.0,11101000,2115.82,2432,22.0,3.09,295.8,2116.18,0.0,-0.8, , 
,2116.50,2432,78.0,-5.9,11101000,2116.86,2432,28.2,3.09,357.0,2117.21,0.0,-0.8, , 
,2117.56,2464,78.0,2.3,11101000,2117.93,2496,44.3,6.18,520.2,2118.27,0.0,-0.8, , 
,2118.60,2560,78.0,5.9,11101000,2118.95,2592,48.6,7.21,571.2,2119.29,0.0,-0.8, , 
,2119.64,2688,78.0,9.0,11101000,2119.98,2720,50.2,7.21,571.2,2120.34,0.0,-0.8, , 
,2120.70,2816,78.0,10.9,11101000,2121.04,2848,42.7,5.15,499.8,2121.39,0.0,-0.8, , 
,2121.75,1824,78.0,0.0,11111110,2122.06,1344,23.5,4.12,336.6,2122.41,-3.1,-0.8, , 
,2122.75,2176,78.0,0.0,11101000,2123.09,2112,20.8,3.09,295.8,2123.44,0.0,-0.8, , 
,2123.77,2176,78.0,0.0,11101000,2124.09,2208,54.5,7.21,612.0,2124.44,0.0,-0.8, , 
,2124.77,2272,76.5,1.6,11101000,2125.10,2304,62.0,9.27,693.6,2125.43,0.0,-0.8, , 
,2125.76,2368,76.5,2.0,11101000,2126.10,2400,67.8,10.30,734.4,2126.41,0.0,-0.8, , 
,2126.76,2464,76.5,4.3,11101000,2127.09,2496,69.4,10.30,754.8,2127.44,0.0,-0.8, , 
,2127.76,2592,76.5,3.9,11101000,2128.10,2624,75.3,11.33,795.6,2128.42,0.0,-0.8, , 
,2128.76,2720,76.5,-4.3,11101000,2129.10,2752,82.7,11.33,887.4,2129.45,0.0,-0.8, , 
,2129.82,2848,76.5,-3.5,11101000,2130.16,2880,82.7,11.33,887.4,2130.45,0.0,-0.8, , 
,2130.82,2944,78.0,0.0,11101000,2131.16,2624,0.0,0.00,295.8,2131.51,0.0,-0.8, , 
,2131.80,1568,78.0,0.0,11111110,2132.18,1440,29.4,4.12,377.4,2132.51,0.0,-0.8, , 
,2132.85,2272,78.0,0.0,11101000,2133.18,2240,53.3,6.18,612.0,2133.51,0.0,-0.8, , 
,2133.85,2272,78.0,0.0,11101000,2134.18,2272,73.7,9.27,795.6,2134.51,0.0,-0.8, , 
,2134.84,2304,78.0,0.0,11101000,2135.18,2304,87.1,12.36,928.2,2135.52,0.0,-0.8, , 
,2135.85,2336,78.0,-7.8,11101000,2136.19,2368,90.2,12.36,948.6,2136.54,0.0,-0.8, , 
,2136.88,2368,78.0,-14.5,11101000,2137.20,2400,90.2,12.36,969.0,2137.55,0.0,-0.8, , 
,2137.89,2400,78.0,-16.8,11101000,2138.23,2432,90.2,12.36,948.6,2138.58,0.0,-0.8, , 
,2138.94,2464,78.0,-16.4,11101000,2139.26,2464,88.6,12.36,948.6,2139.62,0.0,-0.8, , 
,2139.96,2496,78.0,-16.8,11101000,2140.28,2496,88.6,11.33,948.6,2140.63,0.0,-0.8, , 
,2140.96,2528,78.0,-15.2,11101000,2141.29,2560,88.6,11.33,948.6,2141.62,0.0,-0.8, , 
,2141.97,2560,78.0,-14.8,11101000,2142.31,2592,88.6,12.36,948.6,2142.64,0.0,-0.8, , 
,2142.96,2592,78.0,-14.1,11101000,2143.28,2592,88.6,12.36,948.6,2143.61,0.0,-0.8, , 
,2143.93,2624,78.0,-13.7,11101000,2144.25,2624,88.6,12.36,948.6,2144.59,0.0,-0.8, , 
,2144.92,2624,78.0,-14.1,11101000,2145.26,2624,88.6,12.36,948.6,2145.61,0.0,-0.8, , 
,2145.94,2656,78.0,-14.5,11101000,2146.27,2656,88.6,12.36,948.6,2146.59,0.0,-0.8, , 
,2146.92,2656,78.0,-13.7,11101000,2147.26,2656,87.1,12.36,928.2,2147.61,0.0,-0.8, , 
,2147.94,2656,79.5,-13.7,11101000,2148.27,2656,87.1,12.36,928.2,2148.62,0.0,-0.8, , 
,2148.97,2688,78.0,-14.5,11101000,2149.31,2688,85.5,11.33,907.8,2149.63,0.0,-0.8, , 
,2149.96,2688,78.0,0.0,11101000,2150.28,2720,73.7,10.30,795.6,2150.62,0.0,-0.8, , 
,2150.96,2720,78.0,-1.6,11101000,2151.29,2720,69.4,10.30,754.8,2151.63,0.0,-0.8, , 
,2151.98,2720,78.0,-0.4,11101000,2152.34,2752,65.1,8.24,714.0,2152.70,0.0,-0.8, , 
,2153.04,2752,78.0,0.0,11101000,2153.36,2752,51.8,7.21,571.2,2153.72,0.0,-0.8, , 
,2154.10,2752,78.0,0.4,11101000,2154.46,2752,51.8,7.21,591.6,2154.78,0.0,-0.8, , 
,2155.14,2752,79.5,2.0,11101000,2155.50,2752,47.1,6.18,550.8,2155.83,0.0,-0.8, , 
,2156.19,2752,79.5,3.5,11101000,2156.54,2752,47.1,6.18,550.8,2156.87,0.0,-0.8, , 
,2157.22,2752,79.5,3.5,11101000,2157.57,2752,47.1,6.18,550.8,2157.90,0.0,-0.8, , 
,2158.26,2752,79.5,2.7,11101000,2158.62,2752,48.6,7.21,550.8,2159.00,0.0,-0.8, , 
,2159.36,2720,79.5,2.0,11101000,2159.71,2720,57.6,8.24,632.4,2160.06,0.0,-0.8, , 
,2160.41,2752,79.5,3.9,11101000,2160.76,2752,60.4,8.24,673.2,2161.10,0.0,-0.8, , 
,2161.44,2752,79.5,5.9,11101001,2161.78,2752,60.4,9.27,673.2,2162.16,0.0,-0.8, , 
,2162.52,2752,79.5,7.8,11101000,2162.86,2752,59.2,9.27,652.8,2163.20,0.0,-0.8, , 
,2163.56,2752,79.5,8.2,11101000,2163.90,2752,59.2,9.27,652.8,2164.23,0.0,-0.8, , 
,2164.58,2784,79.5,8.2,11101000,2164.93,2752,59.2,9.27,652.8,2165.28,0.0,-0.8, , 
,2165.62,2784,79.5,5.9,11101000,2165.94,2784,59.2,9.27,652.8,2166.28,0.0,-0.8, , 
,2166.63,2784,79.5,5.5,11101000,2166.98,2784,57.6,8.24,632.4,2167.32,0.0,-0.8, , 
,2167.65,2784,79.5,4.3,11101000,2167.98,2816,53.3,8.24,612.0,2168.32,0.0,-0.8, , 
,2168.66,2816,79.5,1.2,11101001,2169.02,2816,47.1,6.18,550.8,2169.37,0.0,-0.8, , 
,2169.74,2816,79.5,-0.8,11101000,2170.11,2816,36.9,5.15,438.6,2170.46,0.0,-0.8, , 
,2170.81,2816,79.5,-1.6,11101001,2171.17,2816,36.9,5.15,438.6,2171.53,0.0,-0.8, , 
,2171.89,2816,79.5,-2.0,11101001,2172.22,2784,38.4,5.15,459.0,2172.55,0.0,-0.8, , 
,2172.89,2816,79.5,-1.6,11101001,2173.22,2784,38.4,5.15,459.0,2173.55,0.0,-0.8, , 
,2173.90,2784,79.5,-1.6,11101001,2174.24,2784,38.4,5.15,438.6,2174.58,0.0,-0.8, , 
,2174.92,2752,79.5,1.6,11101001,2175.28,2752,38.4,5.15,459.0,2175.65,0.0,-0.8, , 
,2176.00,2752,79.5,2.0,11101001,2176.36,2752,40.0,5.15,459.0,2176.72,0.0,-0.8, , 
,2177.06,2720,79.5,2.3,11101001,2177.40,2720,44.3,6.18,499.8,2177.77,0.0,-0.8, , 
,2178.11,2720,79.5,2.3,11101001,2178.45,2720,59.2,9.27,652.8,2178.78,0.0,-0.8, , 
,2179.11,2720,79.5,7.8,11101001,2179.44,2720,59.2,9.27,673.2,2179.77,0.0,-0.8, , 
,2180.10,2720,79.5,10.2,11101001,2180.43,2720,59.2,9.27,673.2,2180.78,0.0,-0.8, , 
,2181.12,2720,79.5,10.5,11101001,2181.45,2720,59.2,9.27,652.8,2181.79,0.0,-0.8, , 
,2182.13,2720,81.0,10.2,11101001,2182.49,2720,57.6,8.24,632.4,2182.83,0.0,-0.8, , 
,2183.18,2720,79.5,9.4,11101001,2183.50,2752,54.5,8.24,612.0,2183.84,0.0,-0.8, , 
,2184.18,2752,79.5,9.0,11101001,2184.54,2752,54.5,8.24,612.0,2184.90,0.0,-0.8, , 
,2185.22,2752,81.0,7.8,11101001,2185.56,2752,54.5,8.24,612.0,2185.90,0.0,-0.8, , 
,2186.26,2752,79.5,6.6,11101001,2186.61,2784,54.5,8.24,612.0,2186.95,0.0,-0.8, , 
,2187.28,2784,79.5,5.5,11101001,2187.63,2784,54.5,8.24,612.0,2187.96,0.0,-0.8, , 
,2188.29,2784,79.5,4.7,11101001,2188.62,2784,53.3,7.21,612.0,2188.96,0.0,-0.8, , 
,2189.30,2784,79.5,5.1,11101001,2189.63,2784,54.5,7.21,612.0,2189.96,0.0,-0.8, , 
,2190.29,2784,79.5,4.7,11101001,2190.64,2784,54.5,8.24,612.0,2190.99,0.0,-0.8, , 
,2191.32,2784,79.5,4.7,11101001,2191.66,2784,54.5,7.21,612.0,2192.01,0.0,-0.8, , 
,2192.33,2784,81.0,5.5,11101001,2192.68,2784,53.3,7.21,612.0,2193.01,0.0,-0.8, , 
,2193.34,2784,79.5,5.5,11101001,2193.70,2784,54.5,7.21,612.0,2194.04,0.0,-0.8, , 
,2194.35,2784,79.5,4.3,11101001,2194.68,2784,54.5,8.24,612.0,2195.03,0.0,-0.8, , 
,2195.37,2752,79.5,5.1,11101001,2195.71,2752,54.5,7.21,612.0,2196.06,0.0,-0.8, , 
,2196.40,2752,79.5,5.5,11101001,2196.74,2752,54.5,7.21,612.0,2197.08,0.0,-0.8, , 
,2197.41,2752,79.5,5.9,11101001,2197.76,2752,54.5,8.24,612.0,2198.10,0.0,-0.8, , 
,2198.44,2752,79.5,5.9,11101001,2198.78,2752,54.5,8.24,612.0,2199.12,0.0,-0.8, , 
,2199.47,2752,79.5,5.5,11101001,2199.82,2752,54.5,8.24,612.0,2200.14,0.0,-0.8, , 
,2200.47,2752,79.5,5.9,11101001,2200.85,2752,54.5,8.24,612.0,2201.20,0.0,-0.8, , 
,2201.59,2752,79.5,6.3,11101001,2201.95,2752,54.5,8.24,612.0,2202.30,0.0,-0.8, , 
,2202.64,2720,81.0,7.0,11101001,2202.97,2720,54.5,8.24,612.0,2203.30,0.0,-0.8, , 
,2203.65,2720,81.0,7.4,11101001,2203.98,2720,54.5,8.24,612.0,2204.33,0.0,-0.8, , 
,2204.67,2720,81.0,8.6,11101001,2205.02,2720,56.1,8.24,632.4,2205.36,0.0,-0.8, , 
,2205.71,2720,81.0,8.2,11101001,2206.05,2720,56.1,8.24,632.4,2206.39,0.0,-0.8, , 
,2206.73,2720,81.0,8.6,11101001,2207.06,2720,56.1,8.24,632.4,2207.40,0.0,-0.8, , 
,2207.73,2720,81.0,8.2,11101001,2208.07,2720,56.1,8.24,632.4,2208.41,0.0,-0.8, , 
,2208.74,2720,81.0,7.8,11101001,2209.08,2720,56.1,8.24,632.4,2209.42,0.0,-0.8, , 
,2209.76,2720,81.0,7.8,11101001,2210.10,2720,56.1,8.24,632.4,2210.45,0.0,-0.8, , 
,2210.81,2752,81.0,8.2,11101001,2211.18,2752,54.5,8.24,612.0,2211.52,0.0,-0.8, , 
,2211.84,2752,81.0,7.0,11101001,2212.20,2752,54.5,8.24,612.0,2212.56,0.0,-0.8, , 
,2212.90,2752,81.0,6.6,11101001,2213.24,2784,54.5,8.24,612.0,2213.57,0.0,-0.8, , 
,2213.90,2784,81.0,5.5,11101001,2214.24,2784,54.5,8.24,612.0,2214.58,0.0,-0.8, , 
,2214.92,2784,81.0,5.9,11101001,2215.27,2816,56.1,8.24,632.4,2215.61,0.0,-0.8, , 
,2215.97,2816,81.0,6.6,11101001,2216.32,2848,56.1,8.24,632.4,2216.64,0.0,-0.8, , 
,2217.00,2848,81.0,6.3,11101001,2217.34,2848,54.5,8.24,612.0,2217.70,0.0,-0.8, , 
,2218.05,2848,81.0,4.7,11101001,2218.38,2848,54.5,8.24,612.0,2218.74,0.0,-0.8, , 
,2219.07,2880,81.0,4.3,11101001,2219.40,2880,57.6,8.24,632.4,2219.74,0.0,-0.8, , 
,2220.07,2880,81.0,4.3,11101001,2220.39,2848,62.0,9.27,673.2,2220.76,0.0,-0.8, , 
,2221.10,2848,81.0,6.3,11101001,2221.44,2848,63.5,9.27,693.6,2221.77,0.0,-0.8, , 
,2222.10,2880,81.0,5.5,11101001,2222.46,2880,63.5,9.27,714.0,2222.79,0.0,-0.8, , 
,2223.14,2848,81.0,4.7,11101001,2223.48,2848,65.1,10.30,714.0,2223.84,0.0,0.0, , 
,2224.17,2848,81.0,3.5,11101001,2224.52,2848,69.4,10.30,754.8,2224.88,0.0,0.0, , 
,2225.24,2816,81.0,0.0,11101001,2225.58,2816,71.0,10.30,775.2,2225.90,0.0,0.0, , 
,2226.23,2816,81.0,-2.3,11101001,2226.57,2816,71.0,10.30,775.2,2226.92,0.0,0.0, , 
,2227.27,2816,81.0,-2.3,11101001,2227.61,2816,67.8,10.30,734.4,2227.96,0.0,0.0, , 
,2228.31,2816,81.0,0.4,11101001,2228.64,2816,67.8,10.30,754.8,2228.97,0.0,0.0, , 
,2229.30,2816,81.0,0.8,11101001,2229.62,2784,67.8,10.30,754.8,2229.96,0.0,0.0, , 
,2230.29,2816,81.0,1.2,11101001,2230.64,2784,67.8,10.30,754.8,2230.96,0.0,0.0, , 
,2231.28,2784,81.0,2.0,11101001,2231.60,2784,66.3,10.30,714.0,2231.91,0.0,0.0, , 
,2232.24,2784,81.0,3.5,11101001,2232.58,2816,57.6,8.24,652.8,2232.92,0.0,0.0, , 
,2233.24,2816,81.0,5.9,11101001,2233.57,2784,57.6,8.24,632.4,2233.91,0.0,0.0, , 
,2234.22,2816,81.0,6.3,11101001,2234.56,2816,57.6,8.24,632.4,2234.90,0.0,0.0, , 
,2235.25,2816,81.0,5.9,11101001,2235.62,2816,57.6,8.24,632.4,2235.98,0.0,0.0, , 
,2236.33,2816,82.5,6.3,11101001,2236.69,2816,57.6,8.24,632.4,2237.04,0.0,0.0, , 
,2237.40,2816,81.0,5.9,11101001,2237.76,2816,57.6,8.24,632.4,2238.13,0.0,0.8, , 
,2238.49,2816,81.0,4.7,11101001,2238.84,2816,57.6,8.24,632.4,2239.21,0.0,0.8, , 
,2239.55,2816,81.0,4.7,11101001,2239.89,2816,57.6,8.24,632.4,2240.24,0.0,0.8, , 
,2240.56,2816,81.0,4.7,11101001,2240.91,2816,57.6,8.24,632.4,2241.24,0.0,0.8, , 
,2241.56,2816,81.0,4.7,11101001,2241.91,2816,57.6,8.24,632.4,2242.25,0.0,0.8, , 
,2242.60,2816,81.0,4.3,11101001,2242.95,2816,56.1,8.24,632.4,2243.33,0.0,0.8, , 
,2243.68,2848,81.0,3.5,11101001,2244.00,2848,48.6,7.21,571.2,2244.36,0.0,1.2, , 
,2244.71,2848,81.0,0.4,11101001,2245.04,2880,48.6,7.21,550.8,2245.38,0.0,1.2, , 
,2245.72,2880,81.0,-0.4,11101001,2246.04,2880,47.1,6.18,550.8,2246.36,0.0,1.2, , 
,2246.70,2880,81.0,0.4,11101001,2247.06,2880,47.1,6.18,550.8,2247.42,0.0,1.2, , 
,2247.77,2880,81.0,0.0,11101001,2248.11,2880,47.1,6.18,550.8,2248.46,0.0,1.2, , 
,2248.80,2880,81.0,0.4,11101001,2249.12,2848,47.1,7.21,550.8,2249.48,0.0,1.2, , 
,2249.82,2848,81.0,0.4,11101001,2250.16,2848,48.6,6.18,550.8,2250.51,0.0,1.2, , 
,2250.85,2816,81.0,-0.4,11101001,2251.19,2784,48.6,7.21,571.2,2251.54,0.0,1.2, , 
,2251.86,2784,81.0,0.4,11101001,2252.22,2752,48.6,7.21,571.2,2252.54,0.0,1.2, , 
,2252.86,2720,81.0,0.0,11101001,2253.20,2720,50.2,7.21,571.2,2253.54,0.0,1.2, , 
,2253.85,2688,81.0,-0.8,11101001,2254.18,2688,53.3,7.21,591.6,2254.51,0.0,1.2, , 
,2254.89,2688,81.0,2.3,11101001,2255.24,2688,67.8,10.30,754.8,2255.58,0.0,1.2, , 
,2255.92,2688,82.5,-1.2,11101001,2256.26,2688,73.7,11.33,795.6,2256.60,0.0,1.2, , 
,2256.94,2688,81.0,-4.7,11101001,2257.27,2688,73.7,10.30,795.6,2257.60,0.0,1.2, , 
,2257.92,2720,82.5,-4.7,11101001,2258.25,2720,73.7,10.30,795.6,2258.59,0.0,1.2, , 
,2258.94,2720,82.5,-5.1,11101001,2259.28,2752,72.2,10.30,795.6,2259.64,0.0,1.2, , 
,2259.98,2752,82.5,-4.7,11101001,2260.32,2752,72.2,10.30,775.2,2260.66,0.0,1.2, , 
,2260.99,2752,81.0,-3.9,11101001,2261.33,2752,69.4,9.27,754.8,2261.67,0.0,1.2, , 
,2262.04,2752,82.5,0.4,11101001,2262.37,2752,65.1,9.27,714.0,2262.71,0.0,1.2, , 
,2263.04,2752,82.5,2.7,11101001,2263.38,2752,65.1,10.30,714.0,2263.71,0.0,1.2, , 
,2264.04,2784,82.5,3.1,11101001,2264.36,2784,65.1,10.30,714.0,2264.71,0.0,1.2, , 
,2265.04,2784,82.5,3.5,11101001,2265.37,2784,59.2,9.27,673.2,2265.72,0.0,1.2, , 
,2266.07,2784,82.5,5.5,11101001,2266.42,2784,59.2,9.27,673.2,2266.76,0.0,1.2, , 
,2267.11,2816,82.5,5.9,11101001,2267.46,2816,57.6,9.27,652.8,2267.83,0.0,1.2, , 
,2268.19,2848,82.5,4.3,11101001,2268.51,2816,42.7,6.18,499.8,2268.86,0.0,1.2, , 
,2269.22,2816,82.5,-1.6,11101001,2269.58,2848,32.5,4.12,397.8,2269.94,0.0,1.2, , 
,2270.29,2784,82.5,-3.1,11101001,2270.62,2784,19.2,2.06,275.4,2270.93,0.0,1.2, , 
,2271.24,2784,82.5,-18.4,11101001,2271.56,2752,17.6,2.06,275.4,2271.92,0.0,1.2, , 
,2272.27,2720,82.5,-6.6,11101001,2272.62,2720,17.6,1.03,244.8,2272.96,0.0,1.2, , 
,2273.30,2688,82.5,-9.4,11101001,2273.62,2656,17.6,1.03,244.8,2273.95,0.0,1.2, , 
,2274.29,2624,82.5,-9.4,11101001,2274.63,2624,17.6,1.03,244.8,2274.96,0.0,1.2, , 
,2275.29,2592,82.5,-9.0,11101001,2275.63,2560,17.6,1.03,244.8,2275.97,0.0,1.2, , 
,2276.31,2560,82.5,2.7,11101001,2276.64,2560,19.2,2.06,275.4,2276.98,0.0,1.2, , 
,2277.31,2528,82.5,7.4,11101001,2277.64,2528,20.8,2.06,275.4,2277.98,0.0,1.2, , 
,2278.33,2496,82.5,14.1,11101001,2278.66,2496,22.0,2.06,295.8,2279.02,0.0,1.2, , 
,2279.36,2464,82.5,15.2,11101001,2279.71,2464,17.6,2.06,244.8,2280.05,0.0,1.2, , 
,2280.38,2432,82.5,10.2,11111101,2280.70,2432,0.0,0.00,244.8,2281.03,0.0,1.2, , 
,2281.36,2336,82.5,0.0,11111101,2281.69,2304,0.0,0.00,244.8,2282.02,0.0,1.2, , 
,2282.35,2272,82.5,0.0,11111101,2282.69,2240,0.0,0.00,244.8,2283.03,0.0,1.2, , 
,2283.37,2208,82.5,0.0,11111101,2283.69,2176,0.0,0.00,244.8,2284.03,0.0,1.2, , 
,2284.37,2144,82.5,0.0,11111101,2284.70,2112,0.0,0.00,244.8,2285.05,0.0,1.2, , 
,2285.39,2080,82.5,0.0,11111101,2285.74,2048,0.0,0.00,244.8,2286.08,0.0,1.2, , 
,2286.43,2016,81.0,0.0,11111101,2286.78,1984,0.0,0.00,244.8,2287.14,0.0,1.2, , 
,2287.51,1952,81.0,0.0,11111111,2287.84,1952,0.0,0.00,275.4,2288.19,0.0,1.2, , 
,2288.53,1920,81.0,0.0,11111111,2288.89,1920,0.0,0.00,275.4,2289.26,0.0,1.2, , 
,2289.62,1920,81.0,0.0,11101011,2289.97,1920,25.1,3.09,336.6,2290.34,0.0,1.2, , 
,2290.68,1920,81.0,0.0,11101011,2291.04,1920,60.4,8.24,693.6,2291.40,0.0,1.2, , 
,2291.75,1920,81.0,0.0,11101011,2292.12,1952,75.3,9.27,826.2,2292.47,0.0,1.2, , 
,2292.83,1952,81.0,0.0,11101011,2293.19,1984,81.2,10.30,907.8,2293.54,0.0,1.2, , 
,2293.89,2016,81.0,12.9,11101001,2294.26,2016,75.3,9.27,846.6,2294.62,0.0,1.2, , 
,2294.97,2016,81.0,27.3,11101001,2295.33,2048,69.4,9.27,775.2,2295.70,0.0,1.2, , 
,2296.03,2048,81.0,30.1,11101001,2296.39,2048,44.3,3.09,550.8,2296.73,-2.3,1.2, , 
,2297.05,1184,81.0,0.0,11111111,2297.36,1024,28.2,4.12,397.8,2297.69,-3.9,0.0, , 
,2298.01,1152,81.0,0.0,11111111,2298.32,1088,22.0,3.09,336.6,2298.63,-4.7,0.0, , 
,2298.96,992,81.0,0.0,11111111,2299.26,928,25.1,3.09,357.0,2299.57,-5.5,0.0, , 
,2299.86,864,81.0,0.8,11111111,2300.17,864,28.2,3.09,397.8,2300.48,-4.7,0.0, , 
,2300.78,896,81.0,4.7,11111111,2301.08,896,26.7,3.09,397.8,2301.38,-4.7,0.0, , 
,2301.70,896,81.0,9.0,11111111,2302.00,896,28.2,3.09,397.8,2302.32,-4.7,0.0, , 
,2302.63,896,81.0,13.7,11111111,2302.93,896,26.7,3.09,397.8,2303.25,-4.7,0.0, , 
,2303.55,896,81.0,17.6,11111111,2303.84,896,26.7,3.09,397.8,2304.15,-4.7,0.0, , 
,2304.46,896,81.0,20.7,11111111,2304.76,896,26.7,3.09,397.8,2305.07,-4.7,0.0, , 
,2305.38,864,81.0,23.4,11111111,2305.68,896,26.7,3.09,397.8,2305.97,-4.7,0.0, , 
,2306.28,896,81.0,26.2,11111111,2306.58,896,26.7,3.09,397.8,2306.88,-4.7,0.0, , 
,2307.19,896,81.0,28.5,11111111,2307.49,864,26.7,3.09,397.8,2307.78,-4.7,0.0, , 
,2308.08,896,81.0,30.1,11111111,2308.40,864,28.2,3.09,397.8,2308.71,-4.7,0.0, , 
,2309.02,864,81.0,30.1,11111111,2309.33,864,28.2,3.09,397.8,2309.63,-4.7,0.0, , 
,2309.94,864,81.0,30.1,11111111,2310.25,864,28.2,3.09,397.8,2310.57,-4.7,0.0, , 
,2310.88,864,81.0,30.1,11111111,2311.17,896,28.2,3.09,397.8,2311.47,-4.7,0.0, , 
,2311.77,864,81.0,30.1,11111111,2312.09,896,28.2,3.09,397.8,2312.38,-4.7,0.0, , 
,2312.67,896,81.0,30.1,11111111,2312.97,864,29.4,3.09,418.2,2313.28,-4.7,0.0, , 
,2313.60,896,81.0,30.1,11111111,2313.92,896,29.4,3.09,418.2,2314.22,-4.7,0.0, , 
,2314.54,896,81.0,30.1,11111111,2314.82,864,29.4,3.09,418.2,2315.12,-4.7,0.0, , 
,2315.43,896,81.0,30.1,11111111,2315.73,896,29.4,3.09,418.2,2316.03,-4.7,0.0, , 
,2316.34,864,81.0,30.1,11111111,2316.63,864,29.4,3.09,418.2,2316.94,-4.7,0.0, , 
,2317.24,896,81.0,30.1,11111111,2317.54,896,29.4,3.09,418.2,2317.82,-4.7,0.0, , 
,2318.11,896,81.0,30.1,11111111,2318.41,896,29.4,3.09,418.2,2318.70,-4.7,0.0, , 
,2319.04,896,81.0,30.1,11111111,2319.34,864,28.2,4.12,397.8,2319.63,-5.5,0.0, , 
,2319.93,800,81.0,11.3,11111111,2320.23,768,28.2,4.12,418.2,2320.52,-5.5,0.0, , 
,2320.84,800,81.0,9.8,11111111,2321.16,800,29.4,4.12,438.6,2321.47,-4.7,0.0, , 
,2321.77,800,81.0,7.0,11111111,2322.08,800,29.4,4.12,418.2,2322.38,-5.5,0.0, , 
,2322.69,768,81.0,5.1,11111111,2322.98,800,29.4,4.12,418.2,2323.28,-4.7,0.0, , 
,2323.59,800,81.0,3.9,11111111,2323.90,800,28.2,4.12,418.2,2324.20,-5.5,0.0, , 
,2324.52,768,81.0,3.1,11111111,2324.82,800,29.4,4.12,418.2,2325.10,-4.7,0.0, , 
,2325.40,768,81.0,2.7,11111111,2325.70,800,29.4,4.12,418.2,2326.00,-5.5,0.0, , 
,2326.31,800,81.0,2.3,11111111,2326.61,800,28.2,4.12,418.2,2326.92,-5.5,0.0, , 
,2327.22,800,81.0,2.3,11111111,2327.52,768,28.2,3.09,418.2,2327.82,-5.5,0.0, , 
,2328.12,800,81.0,2.3,11111111,2328.42,768,29.4,4.12,418.2,2328.72,-4.7,0.0, , 
,2329.02,768,81.0,2.3,11111111,2329.31,768,29.4,4.12,418.2,2329.63,-4.7,0.0, , 
,2329.91,768,81.0,2.3,11111111,2330.23,800,29.4,4.12,438.6,2330.52,-4.7,0.0, , 
,2330.82,768,81.0,2.7,11111111,2331.11,800,29.4,4.12,438.6,2331.42,-5.5,0.0, , 
,2331.72,800,81.0,2.3,11111111,2332.03,800,29.4,4.12,418.2,2332.32,-5.5,0.0, , 
,2332.61,800,81.0,2.3,11111111,2332.91,800,29.4,4.12,418.2,2333.22,-5.5,0.0, , 
,2333.52,800,81.0,2.0,11111111,2333.81,800,29.4,4.12,418.2,2334.12,-5.5,0.0, , 
,2334.42,800,81.0,2.0,11111111,2334.72,768,29.4,3.09,418.2,2335.03,-5.5,0.0, , 
,2335.33,768,81.0,2.0,11111111,2335.63,768,29.4,4.12,438.6,2335.92,-4.7,0.0, , 
,2336.23,800,81.0,2.0,11111111,2336.52,768,29.4,4.12,438.6,2336.82,-4.7,0.0, , 
,2337.12,768,81.0,2.0,11111111,2337.42,800,29.4,4.12,418.2,2337.72,-5.5,0.0, , 
,2338.02,768,81.0,2.3,11111111,2338.32,800,31.0,4.12,438.6,2338.61,-5.5,0.0, , 
,2338.92,800,81.0,2.7,11111111,2339.22,800,29.4,4.12,418.2,2339.53,-5.5,0.0, , 
,2339.82,800,81.0,2.7,11111111,2340.11,800,29.4,4.12,418.2,2340.42,-4.7,0.0, , 
,2340.72,800,81.0,2.7,11111111,2341.02,800,29.4,4.12,418.2,2341.30,-4.7,0.0, , 
,2341.61,800,81.0,2.3,11111111,2341.91,800,29.4,4.12,438.6,2342.21,-4.7,0.0, , 
,2342.51,800,81.0,2.3,11111111,2342.82,800,29.4,4.12,418.2,2343.11,-4.7,0.0, , 
,2343.41,768,81.0,3.1,11111111,2343.72,800,29.4,4.12,438.6,2344.02,-4.7,0.0, , 
,2344.30,800,81.0,3.1,11111111,2344.60,800,29.4,4.12,418.2,2344.89,-5.5,0.0, , 
,2345.20,768,79.5,3.1,11111111,2345.50,800,29.4,4.12,438.6,2345.80,-4.7,0.0, , 
,2346.11,800,79.5,2.7,11111111,2346.41,800,29.4,4.12,438.6,2346.71,-4.7,0.0, , 
,2347.01,800,79.5,2.7,11111111,2347.30,800,29.4,4.12,418.2,2347.60,-4.7,0.0, , 
,2347.90,800,79.5,2.7,11111111,2348.20,800,29.4,4.12,418.2,2348.51,-4.7,0.0, , 
,2348.80,800,79.5,2.7,11111111,2349.11,768,29.4,4.12,418.2,2349.40,-4.7,0.0, , 
,2349.70,800,79.5,2.3,11111111,2350.01,768,31.0,4.12,438.6,2350.30,-4.7,0.0, , 
,2350.60,768,79.5,2.3,11111111,2350.90,800,29.4,4.12,418.2,2351.17,-5.5,0.0, , 
,2351.48,768,79.5,2.0,11111111,2351.76,800,31.0,4.12,438.6,2352.05,-4.7,0.0, , 
,2352.35,768,79.5,2.3,11111111,2352.65,800,29.4,4.12,418.2,2352.94,-5.5,0.0, , 
,2353.25,768,79.5,2.3,11111111,2353.55,800,29.4,4.12,438.6,2353.85,-5.5,0.0, , 
,2354.16,768,79.5,2.3,11111111,2354.46,800,29.4,4.12,438.6,2354.76,-5.5,0.0, , 
,2355.05,800,79.5,2.3,11111111,2355.35,768,29.4,4.12,418.2,2355.66,-5.5,0.0, , 
,2355.96,800,79.5,2.0,11111111,2356.27,768,29.4,4.12,418.2,2356.57,-4.7,0.0, , 
,2356.87,800,79.5,2.3,11111111,2357.16,768,31.0,4.12,438.6,2357.46,-4.7,0.0, , 
,2357.76,768,79.5,2.3,11111111,2358.06,768,29.4,4.12,438.6,2358.36,-4.7,0.0, , 
,2358.66,768,79.5,2.3,11111111,2358.96,768,31.0,4.12,438.6,2359.25,-4.7,0.0, , 
,2359.55,768,79.5,2.0,11111111,2359.86,800,29.4,4.12,438.6,2360.17,-5.5,0.0, , 
,2360.49,768,79.5,1.6,11111111,2360.79,800,29.4,4.12,438.6,2361.10,-4.7,0.0, , 
,2361.40,800,79.5,2.0,11111111,2361.68,800,29.4,4.12,438.6,2361.97,-5.5,0.0, , 
,2362.27,800,79.5,2.0,11111111,2362.58,800,31.0,4.12,438.6,2362.89,-4.7,0.0, , 
,2363.19,800,79.5,2.0,11111111,2363.49,768,29.4,4.12,438.6,2363.79,-4.7,0.0, , 
,2364.08,800,79.5,2.3,11111111,2364.38,800,31.0,4.12,438.6,2364.67,-4.7,0.0, , 
,2364.99,800,79.5,2.3,11111111,2365.29,800,31.0,4.12,438.6,2365.57,-4.7,0.0, , 
,2365.87,768,79.5,2.0,11111111,2366.16,800,31.0,4.12,438.6,2366.47,-4.7,0.0, , 
,2366.78,768,79.5,1.6,11111111,2367.09,800,31.0,4.12,438.6,2367.40,-4.7,0.0, , 
,2367.71,800,79.5,1.2,11111111,2367.99,768,29.4,4.12,418.2,2368.27,-5.5,0.0, , 
,2368.58,800,79.5,1.2,11111111,2368.88,768,29.4,3.09,418.2,2369.19,-5.5,0.0, , 
,2369.49,800,79.5,0.8,11111111,2369.79,768,29.4,3.09,418.2,2370.08,-4.7,0.0, , 
,2370.38,800,79.5,0.4,11111111,2370.69,768,29.4,3.09,418.2,2371.00,-5.5,0.0, , 
,2371.30,768,79.5,0.4,11111111,2371.60,768,29.4,4.12,418.2,2371.90,-5.5,0.0, , 
,2372.19,800,79.5,0.4,11111111,2372.49,800,29.4,4.12,418.2,2372.79,-5.5,0.0, , 
,2373.09,768,79.5,0.8,11111111,2373.39,768,29.4,4.12,418.2,2373.69,-5.5,0.0, , 
,2373.99,768,81.0,1.2,11111111,2374.29,800,29.4,4.12,418.2,2374.59,-5.5,0.0, , 
,2374.89,800,81.0,1.2,11111111,2375.20,800,29.4,4.12,418.2,2375.50,-5.5,0.0, , 
,2375.82,800,81.0,1.2,11111111,2376.12,768,29.4,3.09,418.2,2376.41,-5.5,0.0, , 
,2376.72,800,81.0,1.6,11111111,2377.02,768,29.4,3.09,418.2,2377.32,-4.7,0.0, , 
,2377.62,800,81.0,1.6,11111111,2377.92,768,29.4,3.09,418.2,2378.22,-5.5,0.0, , 
,2378.53,800,81.0,1.2,11111111,2378.83,768,29.4,4.12,418.2,2379.12,-5.5,0.0, , 
,2379.41,768,81.0,1.6,11111111,2379.72,800,29.4,4.12,418.2,2380.03,-5.5,0.0, , 
,2380.33,768,81.0,1.6,11111111,2380.63,800,29.4,4.12,418.2,2380.91,-5.5,0.0, , 
,2381.22,800,81.0,2.0,11111111,2381.52,800,29.4,4.12,418.2,2381.82,-5.5,0.0, , 
,2382.11,800,81.0,1.6,10111111,2382.41,768,28.2,3.09,418.2,2382.71,-5.5,0.0, , 
,2383.02,768,81.0,1.6,10111111,2383.32,768,29.4,4.12,418.2,2383.62,-5.5,0.0, , 
,2383.91,800,81.0,2.0,10111111,2384.21,800,29.4,4.12,418.2,2384.50,-5.5,0.0, , 
,2384.81,800,81.0,2.0,10111111,2385.10,768,29.4,3.09,418.2,2385.39,-5.5,0.0, , 
,2385.69,768,81.0,2.0,10111111,2386.00,768,29.4,4.12,418.2,2386.31,-5.5,0.0, , 
,2386.61,768,81.0,2.0,10111111,2386.91,800,29.4,4.12,418.2,2387.22,-5.5,0.0, , 
,2387.52,768,81.0,2.3,10111111,2387.83,800,29.4,4.12,418.2,2388.13,-5.5,0.0, , 
,2388.43,800,81.0,2.3,10111111,2388.71,800,28.2,4.12,418.2,2389.01,-5.5,0.0, , 
,2389.30,768,82.5,2.3,10111111,2389.59,800,29.4,4.12,418.2,2389.88,-5.5,0.0, , 
,2390.16,800,82.5,2.3,10111111,2390.46,800,29.4,3.09,418.2,2390.75,-5.5,0.0, , 
,2391.06,800,82.5,2.3,10111111,2391.36,800,29.4,3.09,418.2,2391.67,-5.5,0.0, , 
,2391.96,768,82.5,2.7,10111111,2392.25,768,29.4,4.12,418.2,2392.56,-5.5,0.0, , 
,2392.85,800,82.5,3.1,10111111,2393.16,800,29.4,4.12,418.2,2393.46,-5.5,0.0, , 
,2393.76,800,82.5,3.1,10111111,2394.05,800,29.4,4.12,418.2,2394.35,-5.5,0.0, , 
,2394.65,800,82.5,3.1,10111111,2394.94,800,29.4,4.12,418.2,2395.25,-5.5,0.0, , 
,2395.55,768,82.5,3.1,10111111,2395.85,800,29.4,4.12,418.2,2396.15,-5.5,0.0, , 
,2396.46,768,82.5,2.7,10111111,2396.76,800,29.4,4.12,418.2,2397.05,-5.5,0.0, , 
,2397.37,800,82.5,3.1,10111111,2397.67,800,29.4,4.12,418.2,2397.96,-5.5,0.0, , 
,2398.25,800,82.5,2.7,10111111,2398.55,800,28.2,3.09,418.2,2398.85,-5.5,0.0, , 
,2399.16,800,82.5,3.1,10111111,2399.47,768,29.4,4.12,418.2,2399.77,-5.5,0.0, , 
,2400.07,800,82.5,3.1,10111111,2400.36,800,29.4,4.12,418.2,2400.66,-5.5,0.0, , 
,2400.98,896,82.5,0.0,10101011,2401.32,1888,67.8,10.30,795.6,2401.68,0.0,1.2, , 
,2402.05,1824,82.5,0.0,10101011,2402.40,1600,71.0,11.33,826.2,2402.73,-1.6,1.2, , 
,2403.06,1824,82.5,-2.7,10101011,2403.38,2080,60.4,8.24,693.6,2403.72,0.0,1.2, , 
,2404.05,2432,82.5,0.0,10111101,2404.42,1856,0.0,0.00,336.6,2404.77,-3.1,0.0, , 
,2405.06,1472,82.5,0.0,10101011,2405.34,1440,48.6,7.21,591.6,2405.77,-1.6,0.0, , 
,2406.10,1536,82.5,0.0,10101011,2406.42,1600,63.5,9.27,734.4,2406.75,-1.6,1.2, , 
,2407.15,1728,82.5,0.8,10101011,2407.51,1792,57.6,8.24,673.2,2407.88,0.0,1.2, , 
,2408.24,1920,82.5,-0.4,11101011,2408.61,2016,54.5,7.21,632.4,2408.95,0.0,1.2, , 
,2409.30,2176,82.5,0.4,11101001,2409.65,2208,40.0,5.15,479.4,2409.98,0.0,1.2, , 
,2410.31,2304,82.5,-3.1,11101001,2410.65,2304,23.5,3.09,316.2,2410.98,0.0,1.2, , 
,2411.30,2336,82.5,-9.4,11101001,2411.64,2368,32.5,5.15,397.8,2411.96,0.0,1.2, , 
,2412.32,2432,82.5,0.0,11101001,2412.66,2432,22.0,3.09,295.8,2412.99,0.0,1.2, , 
,2413.31,2432,82.5,-9.4,11111101,2413.65,2400,17.6,2.06,244.8,2413.97,0.0,1.2, , 
,2414.30,2336,82.5,0.0,11111101,2414.63,2304,0.0,0.00,244.8,2414.96,0.0,1.2, , 
,2415.31,2176,82.5,0.0,11111101,2415.65,2112,0.0,0.00,244.8,2416.00,0.0,1.2, , 
,2416.36,1920,82.5,0.0,11111111,2416.72,1888,0.0,0.00,275.4,2417.07,0.0,1.2, , 
,2417.38,1824,82.5,0.0,10101011,2417.75,1792,23.5,3.09,336.6,2418.12,0.0,1.2, , 
,2418.47,1856,82.5,0.0,10101011,2418.85,1888,47.1,7.21,550.8,2419.21,0.0,1.2, , 
,2419.56,2048,82.5,-1.2,11101001,2419.91,2176,60.4,8.24,693.6,2420.25,0.0,1.2, , 
,2420.60,2400,82.5,-0.8,11101001,2420.94,2496,65.1,9.27,714.0,2421.27,0.0,1.2, , 
,2421.61,2720,82.5,2.0,11101001,2421.93,2464,0.0,0.00,316.2,2422.24,0.0,1.2, , 
,2422.55,1536,82.5,0.0,11111111,2422.95,1344,35.3,6.18,438.6,2423.31,0.0,1.2, , 
,2423.66,1984,82.5,0.0,11101001,2424.03,1952,56.1,8.24,652.8,2424.40,0.0,1.2, , 
,2424.73,2048,82.5,0.8,11101001,2425.06,2080,62.0,9.27,693.6,2425.41,0.0,1.2, , 
,2425.75,2208,82.5,0.4,11101001,2426.09,2240,63.5,9.27,714.0,2426.41,0.0,1.2, , 
,2426.76,2336,82.5,3.5,11101001,2427.09,2400,62.0,9.27,693.6,2427.45,0.0,1.2, , 
,2427.75,2496,82.5,4.7,11101001,2428.11,2528,51.8,8.24,591.6,2428.45,0.0,1.2, , 
,2428.77,2592,82.5,3.5,11101001,2429.11,2624,42.7,6.18,499.8,2429.44,0.0,1.2, , 
,2429.80,2688,82.5,3.5,11101001,2430.16,2720,41.2,6.18,479.4,2430.50,0.0,1.2, , 
,2430.84,2368,82.5,0.0,11111101,2431.16,1856,0.0,0.00,275.4,2431.48,-3.9,0.0, , 
,2431.79,1056,82.5,0.0,11111111,2432.10,1088,26.7,4.12,377.4,2432.41,-3.9,0.0, , 
,2432.73,1056,82.5,0.0,11111111,2433.05,1024,23.5,3.09,336.6,2433.41,-4.7,0.0, , 
,2433.73,960,82.5,0.0,11111111,2434.04,928,25.1,3.09,377.4,2434.36,-4.7,0.0, , 
,2434.66,896,82.5,0.4,11111111,2434.98,896,26.7,3.09,377.4,2435.27,-4.7,0.0, , 
,2435.58,896,82.5,2.7,11111111,2435.89,896,26.7,3.09,377.4,2436.18,-4.7,0.0, , 
,2436.47,928,82.5,4.7,11111111,2436.80,896,25.1,3.09,377.4,2437.13,-4.7,0.0, , 
,2437.44,896,82.5,5.5,11111111,2437.76,896,25.1,3.09,377.4,2438.07,-5.5,0.0, , 
,2438.38,864,82.5,6.6,11111111,2438.69,864,25.1,3.09,377.4,2439.00,-5.5,0.0, , 
,2439.31,864,84.0,7.0,11111111,2439.61,864,25.1,3.09,377.4,2439.90,-4.7,0.0, , 
,2440.19,864,84.0,6.6,11111111,2440.50,896,26.7,3.09,377.4,2440.80,-4.7,0.0, , 
,2441.12,896,84.0,6.6,11111111,2441.44,896,26.7,3.09,377.4,2441.77,-4.7,0.0, , 
,2442.06,896,84.0,6.3,11111111,2442.37,896,26.7,3.09,377.4,2442.66,-5.5,0.0, , 
,2442.97,896,84.0,6.3,11111111,2443.29,896,26.7,3.09,377.4,2443.60,-4.7,0.0, , 
,2443.90,896,84.0,5.5,11111111,2444.20,864,26.7,3.09,377.4,2444.48,-4.7,0.0, , 
,2444.78,896,84.0,5.1,11111111,2445.09,864,26.7,3.09,377.4,2445.40,-4.7,0.0, , 
,2445.71,896,84.0,5.1,11111111,2445.99,896,26.7,3.09,377.4,2446.28,-5.5,0.0, , 
,2446.58,896,84.0,5.1,11111111,2446.89,864,26.7,3.09,377.4,2447.20,-4.7,0.0, , 
,2447.52,864,84.0,5.5,11111111,2447.83,896,26.7,3.09,397.8,2448.15,-4.7,0.0, , 
,2448.44,864,84.0,6.3,11111111,2448.75,896,26.7,3.09,397.8,2449.06,-4.7,0.0, , 
,2449.36,896,84.0,6.3,11111111,2449.67,896,26.7,3.09,397.8,2449.97,-4.7,0.0, , 
,2450.30,864,84.0,6.3,11111111,2450.62,896,26.7,3.09,397.8,2450.91,-4.7,0.0, , 
,2451.20,864,84.0,6.3,11111111,2451.50,896,26.7,3.09,397.8,2451.80,-4.7,0.0, , 
,2452.11,896,84.0,6.3,11111111,2452.43,896,28.2,4.12,397.8,2452.73,-4.7,0.0, , 
,2453.04,864,84.0,6.3,11111111,2453.34,800,25.1,3.09,377.4,2453.62,-5.5,0.0, , 
,2453.92,768,84.0,5.9,11111111,2454.22,768,29.4,4.12,418.2,2454.52,-5.5,0.0, , 
,2454.82,768,84.0,5.1,11111111,2455.12,768,28.2,4.12,418.2,2455.42,-5.5,0.0, , 
,2455.72,800,84.0,5.5,11111111,2456.02,768,28.2,4.12,418.2,2456.33,-5.5,0.0, , 
,2456.62,768,84.0,5.5,11111111,2456.93,800,28.2,4.12,418.2,2457.22,-5.5,0.0, , 
,2457.52,832,84.0,0.0,11101011,2457.90,1568,69.4,11.33,826.2,2458.23,0.0,1.2, , 
,2458.53,1568,82.5,0.0,11101011,2458.87,1216,78.4,12.36,887.4,2459.17,-1.6,1.2, , 
,2459.52,1856,82.5,0.0,11101011,2459.83,2240,87.1,14.42,948.6,2460.17,0.0,1.2, , 
,2460.54,1792,82.5,0.0,11111111,2460.98,1504,36.9,6.18,459.0,2461.32,-1.6,1.2, , 
,2461.65,1632,82.5,0.0,11101011,2462.02,1728,69.4,10.30,795.6,2462.39,0.0,1.2, , 
,2462.74,2048,82.5,0.0,11101001,2463.08,2176,85.5,14.42,928.2,2463.41,0.0,1.2, , 
,2463.77,2432,81.0,-9.4,11101001,2464.10,2592,81.2,11.33,887.4,2464.45,0.0,1.2, , 
,2464.81,2624,81.0,0.0,11111101,2465.17,2112,0.0,0.00,316.2,2465.47,-3.1,1.2, , 
,2465.84,1920,81.0,0.0,11101011,2466.22,1856,44.3,8.24,499.8,2466.60,0.0,1.2, , 
,2466.96,1920,81.0,0.0,11101011,2467.32,2016,71.0,10.30,795.6,2467.66,0.0,1.2, , 
,2468.00,2112,81.0,-2.7,11101001,2468.36,2144,72.2,10.30,795.6,2468.70,0.0,1.2, , 
,2469.04,2240,81.0,-5.9,11101001,2469.36,2304,71.0,10.30,795.6,2469.68,0.0,1.2, , 
,2470.04,2400,81.0,-6.6,11101001,2470.39,2432,69.4,10.30,754.8,2470.74,0.0,1.2, , 
,2471.09,2496,81.0,-1.6,11101001,2471.42,2560,67.8,10.30,734.4,2471.77,0.0,1.2, , 
,2472.10,2656,81.0,0.0,11101001,2472.45,2688,66.3,10.30,734.4,2472.81,0.0,1.2, , 
,2473.15,2752,81.0,2.7,11101001,2473.50,2816,63.5,9.27,714.0,2473.82,0.0,1.2, , 
,2474.14,2144,81.0,0.0,11111101,2474.50,1696,22.0,4.12,316.2,2474.84,0.0,1.2, , 
,2475.18,2048,81.0,0.0,11101001,2475.54,2048,67.8,10.30,754.8,2475.89,0.0,1.2, , 
,2476.24,2112,81.0,-1.6,11101001,2476.59,2112,67.8,10.30,754.8,2476.95,0.0,1.2, , 
,2477.29,2144,81.0,0.0,11101001,2477.63,2144,59.2,8.24,673.2,2477.98,0.0,1.2, , 
,2478.32,2176,81.0,2.0,11101001,2478.65,2176,59.2,8.24,673.2,2478.99,0.0,1.2, , 
,2479.33,2208,81.0,4.7,11101001,2479.68,2208,57.6,8.24,652.8,2480.01,0.0,1.2, , 
,2480.34,2240,81.0,3.5,11101001,2480.68,2240,48.6,6.18,571.2,2480.99,0.0,1.2, , 
,2481.33,2240,81.0,0.0,11101001,2481.66,2240,40.0,5.15,479.4,2482.00,0.0,1.2, , 
,2482.35,2240,81.0,-1.2,11101001,2482.68,2240,38.4,5.15,459.0,2483.02,0.0,1.2, , 
,2483.36,2240,81.0,-3.5,11101001,2483.70,2240,35.3,5.15,438.6,2484.03,0.0,1.2, , 
,2484.38,2240,81.0,-4.3,11101001,2484.73,2240,29.4,4.12,377.4,2485.06,0.0,1.2, , 
,2485.40,2208,81.0,-2.3,11101001,2485.74,2208,25.1,3.09,336.6,2486.08,0.0,1.2, , 
,2486.42,2208,81.0,-10.9,11111101,2486.73,1984,0.0,0.00,244.8,2487.03,-3.1,1.2, , 
,2487.34,1056,81.0,0.0,11111111,2487.60,992,29.4,5.15,418.2,2487.91,-3.9,0.0, , 
,2488.22,1056,81.0,0.0,11111111,2488.50,1024,23.5,3.09,357.0,2488.80,-4.7,0.0, , 
,2489.11,928,81.0,0.0,11111111,2489.40,864,26.7,3.09,397.8,2489.70,-4.7,0.0, , 
,2489.99,864,81.0,0.8,11111111,2490.28,864,28.2,3.09,397.8,2490.59,-4.7,0.0, , 
,2490.88,896,81.0,3.1,11111111,2491.17,896,28.2,3.09,397.8,2491.47,-4.7,0.0, , 
,2491.78,896,81.0,6.3,11111111,2492.09,896,28.2,3.09,397.8,2492.40,-4.7,0.0, , 
,2492.70,896,81.0,5.9,11111111,2493.00,896,28.2,4.12,397.8,2493.33,-4.7,0.0, , 
,2493.63,896,81.0,6.3,11111111,2493.93,896,28.2,4.12,397.8,2494.23,-5.5,0.0, , 
,2494.53,768,81.0,6.3,11111111,2494.83,768,26.7,3.09,397.8,2495.14,-5.5,0.0, , 
,2495.43,800,82.5,5.9,11111111,2495.74,768,26.7,3.09,397.8,2496.04,-5.5,0.0, , 
,2496.33,768,82.5,5.5,11101011,2496.62,832,32.5,4.12,459.0,2496.92,-3.9,0.0, , 
,2497.24,1056,82.5,7.4,11101011,2497.56,1120,29.4,4.12,418.2,2497.90,-3.9,0.0, , 
,2498.23,1024,82.5,8.6,11101011,2498.54,928,31.0,4.12,418.2,2498.85,-4.7,0.0, , 
,2499.15,864,82.5,9.4,11111111,2499.47,1056,26.7,3.09,377.4,2499.80,-3.9,0.0, , 
,2500.12,1184,82.5,5.5,11111111,2500.41,1120,23.5,3.09,357.0,2500.71,-4.7,0.0, , 
,2501.03,960,82.5,3.5,11111111,2501.33,864,25.1,3.09,377.4,2501.64,-5.5,0.0, , 
,2501.95,864,82.5,3.1,11111111,2502.24,832,25.1,3.09,377.4,2502.53,-6.3,0.0, , 
,2502.85,768,82.5,2.3,11111111,2503.15,800,28.2,3.09,418.2,2503.45,-5.5,0.0, , 
,2503.74,800,82.5,2.3,11111111,2504.05,800,26.7,3.09,397.8,2504.34,-5.5,0.0, , 
,2504.63,768,82.5,2.7,11111111,2504.92,768,26.7,3.09,397.8,2505.23,-5.5,0.0, , 
,2505.53,800,82.5,3.5,11111111,2505.83,800,26.7,3.09,397.8,2506.13,-5.5,0.0, , 
,2506.43,800,82.5,4.3,11111111,2506.73,800,26.7,3.09,397.8,2507.05,-5.5,0.0, , 
,2507.35,768,82.5,5.1,11111111,2507.65,800,26.7,3.09,397.8,2507.96,-4.7,0.0, , 
,2508.29,1088,82.5,7.0,11101011,2508.64,1344,26.7,4.12,377.4,2508.99,-3.1,0.0, , 
,2509.37,1632,82.5,0.0,11101011,2509.73,1952,60.4,9.27,693.6,2510.04,-1.6,1.2, , 
,2510.38,1216,82.5,0.0,11101011,2510.68,1472,54.5,7.21,673.2,2511.03,-1.6,1.2, , 
,2511.40,1888,82.5,-0.4,11101011,2511.72,2080,57.6,8.24,652.8,2512.07,0.0,1.2, , 
,2512.38,2432,82.5,0.0,11111101,2512.71,1920,0.0,0.00,316.2,2513.05,-3.1,0.0, , 
,2513.37,992,82.5,0.0,11101011,2513.65,1408,34.1,5.15,438.6,2513.95,-2.3,0.0, , 
,2514.26,1376,82.5,0.0,11101011,2514.59,1440,40.0,5.15,499.8,2515.00,-1.6,0.0, , 
,2515.36,1600,82.5,0.0,11101011,2515.73,1728,78.4,12.36,887.4,2516.11,0.0,1.2, , 
,2516.45,1984,82.5,0.0,11101011,2516.81,2112,69.4,10.30,775.2,2517.14,0.0,1.2, , 
,2517.47,2304,82.5,-2.0,11101001,2517.83,2368,65.1,9.27,734.4,2518.17,0.0,1.2, , 
,2518.49,2560,82.5,1.6,11101001,2518.82,2624,60.4,9.27,673.2,2519.16,0.0,1.2, , 
,2519.52,2816,82.5,5.1,11101001,2519.89,2912,71.0,10.30,775.2,2520.21,0.0,1.2, , 
,2520.55,2080,82.5,0.0,11111101,2520.93,1568,22.0,4.12,316.2,2521.27,0.0,1.2, , 
,2521.63,1888,82.5,0.0,11101011,2522.00,1888,45.9,6.18,550.8,2522.36,0.0,1.2, , 
,2522.73,1952,82.5,0.4,11101011,2523.06,1984,62.0,9.27,693.6,2523.41,0.0,1.2, , 
,2523.75,2048,82.5,0.4,11101001,2524.10,2080,62.0,9.27,714.0,2524.46,0.0,1.2, , 
,2524.80,2176,82.5,2.7,11101001,2525.13,2176,60.4,9.27,693.6,2525.48,0.0,1.2, , 
,2525.82,2240,82.5,5.1,11101001,2526.16,2272,59.2,8.24,652.8,2526.49,0.0,1.2, , 
,2526.82,2336,82.5,5.5,11101001,2527.14,2368,56.1,8.24,652.8,2527.48,0.0,1.2, , 
,2527.82,2400,82.5,5.5,11101001,2528.15,2432,53.3,8.24,612.0,2528.50,0.0,1.2, , 
,2528.82,2496,82.5,3.9,11101001,2529.16,2496,51.8,7.21,591.6,2529.51,0.0,1.2, , 
,2529.85,2560,82.5,3.1,11101001,2530.18,2592,50.2,7.21,571.2,2530.49,0.0,1.2, , 
,2530.81,2592,82.5,0.0,11101001,2531.12,2592,20.8,2.06,295.8,2531.44,0.0,1.2, , 
,2531.80,2592,82.5,-7.0,11111101,2532.15,2528,17.6,2.06,244.8,2532.49,0.0,1.2, , 
,2532.80,2496,82.5,0.0,11111101,2533.13,2464,0.0,0.00,244.8,2533.45,0.0,1.2, , 
,2533.76,2400,82.5,0.0,11111101,2534.08,2368,0.0,0.00,244.8,2534.41,0.0,1.2, , 
,2534.74,2272,82.5,0.0,11101001,2535.07,2304,16.1,2.06,244.8,2535.38,0.0,1.2, , 
,2535.72,2240,82.5,0.0,11101001,2536.06,2240,16.1,2.06,244.8,2536.39,0.0,1.2, , 
,2536.75,1952,82.5,0.0,11111111,2537.08,1440,0.0,0.00,316.2,2537.40,-4.7,0.0, , 
,2537.71,992,82.5,0.0,11111111,2538.02,1088,26.7,4.12,377.4,2538.30,-4.7,0.0, , 
,2538.60,960,82.5,0.0,11111111,2538.90,928,25.1,3.09,357.0,2539.19,-5.5,0.0, , 
,2539.51,864,82.5,0.0,11111111,2539.80,896,28.2,3.09,397.8,2540.09,-4.7,0.0, , 
,2540.38,864,82.5,1.6,11111111,2540.66,864,26.7,3.09,397.8,2540.97,-4.7,0.0, , 
,2541.27,896,82.5,3.5,11111111,2541.60,896,28.2,3.09,397.8,2541.92,-4.7,0.0, , 
,2542.21,896,82.5,5.9,11111111,2542.51,896,28.2,4.12,397.8,2542.82,-4.7,0.0, , 
,2543.12,896,82.5,7.4,11111111,2543.42,896,28.2,4.12,397.8,2543.72,-4.7,0.0, , 
,2544.04,896,82.5,8.2,11111111,2544.35,896,26.7,4.12,397.8,2544.65,-4.7,0.0, , 
,2544.96,896,82.5,8.2,11111111,2545.26,896,26.7,4.12,397.8,2545.55,-4.7,0.0, , 
,2545.86,864,82.5,8.2,11111111,2546.15,896,26.7,3.09,377.4,2546.43,-4.7,0.0, , 
,2546.73,896,82.5,8.2,11111111,2547.02,864,26.7,3.09,397.8,2547.34,-4.7,0.0, , 
,2547.62,896,82.5,8.2,11111111,2547.94,896,26.7,4.12,397.8,2548.24,-4.7,0.0, , 
,2548.52,864,82.5,7.8,11111111,2548.81,800,25.1,3.09,377.4,2549.13,-5.5,0.0, , 
,2549.43,768,82.5,7.8,11111111,2549.73,800,28.2,4.12,418.2,2550.02,-5.5,0.0, , 
,2550.32,800,82.5,7.4,11111111,2550.62,800,28.2,4.12,397.8,2550.90,-5.5,0.0, , 
,2551.21,800,82.5,7.0,11111111,2551.51,800,26.7,3.09,397.8,2551.80,-5.5,0.0, , 
,2552.10,768,82.5,6.6,11111111,2552.41,800,26.7,3.09,397.8,2552.71,-5.5,0.0, , 
,2553.02,800,82.5,6.6,11111111,2553.32,800,26.7,3.09,397.8,2553.62,-5.5,0.0, , 
,2553.91,768,84.0,6.6,11111111,2554.21,800,26.7,3.09,397.8,2554.53,-5.5,0.0, , 
,2554.83,800,84.0,6.6,11111111,2555.14,800,26.7,3.09,397.8,2555.44,-5.5,0.0, , 
,2555.75,800,84.0,7.0,11111111,2556.04,768,26.7,3.09,397.8,2556.35,-5.5,0.0, , 
,2556.64,768,84.0,7.0,11111111,2556.94,768,26.7,3.09,397.8,2557.24,-5.5,0.0, , 
,2557.54,800,84.0,7.4,11111111,2557.84,800,26.7,3.09,397.8,2558.14,-5.5,0.0, , 
,2558.44,800,84.0,7.0,11111111,2558.74,768,26.7,3.09,397.8,2559.04,-5.5,0.0, , 
,2559.34,768,84.0,6.6,11111111,2559.63,800,26.7,3.09,397.8,2559.94,-5.5,0.0, , 
,2560.23,800,84.0,6.6,11111111,2560.53,768,26.7,3.09,397.8,2560.85,-5.5,0.0, , 
,2561.16,800,84.0,6.6,11111111,2561.47,800,28.2,4.12,418.2,2561.77,-5.5,0.0, , 
,2562.06,768,84.0,6.6,11111111,2562.35,800,28.2,4.12,418.2,2562.65,-5.5,0.0, , 
,2562.94,768,84.0,6.3,11111111,2563.25,800,28.2,4.12,418.2,2563.54,-5.5,0.0, , 
,2563.84,800,84.0,5.5,11111111,2564.15,768,28.2,3.09,418.2,2564.46,-5.5,0.0, , 
,2564.77,768,84.0,5.1,11111111,2565.06,800,28.2,3.09,418.2,2565.36,-5.5,0.0, , 
,2565.66,800,84.0,5.1,11111111,2565.96,768,28.2,3.09,418.2,2566.27,-5.5,0.0, , 
,2566.57,800,82.5,5.1,11111111,2566.86,800,28.2,3.09,418.2,2567.17,-5.5,0.0, , 
,2567.46,800,82.5,4.7,11111111,2567.76,768,28.2,3.09,418.2,2568.07,-5.5,0.0, , 
,2568.39,800,84.0,4.3,11111111,2568.68,768,28.2,3.09,418.2,2569.00,-5.5,0.0, , 
,2569.31,800,82.5,3.5,11111111,2569.62,768,28.2,3.09,418.2,2569.91,-5.5,0.0, , 
,2570.21,768,82.5,3.5,11111111,2570.50,800,38.4,5.15,479.4,2570.84,-1.6,0.0, , 
,2571.20,1696,82.5,0.0,11101011,2571.55,1376,56.1,8.24,652.8,2571.83,-2.3,0.0, , 
,2572.13,1024,82.5,0.0,11101011,2572.45,1248,56.1,7.21,693.6,2572.84,-1.6,0.0, , 
,2573.25,1664,82.5,0.4,11101011,2573.61,1824,40.0,5.15,479.4,2573.97,0.0,1.2, , 
,2574.31,2016,82.5,-1.2,11101001,2574.61,1760,0.0,0.00,336.6,2574.95,-3.9,0.0, , 
,2575.23,960,82.5,0.0,11111111,2575.54,1024,29.4,4.12,418.2,2575.86,-3.9,0.0, , 
,2576.22,992,82.5,0.0,11111111,2576.54,960,25.1,3.09,357.0,2576.85,-5.5,0.0, , 
,2577.16,832,82.5,0.0,11111111,2577.48,864,28.2,3.09,397.8,2577.75,-4.7,0.0, , 
,2578.06,864,82.5,0.0,11111111,2578.36,864,28.2,3.09,418.2,2578.67,-4.7,0.0, , 
,2578.96,896,82.5,0.8,11111111,2579.27,864,28.2,3.09,397.8,2579.57,-5.5,0.0, , 
,2579.85,768,82.5,2.0,11111111,2580.15,768,29.4,4.12,418.2,2580.45,-4.7,0.0, , 
,2580.73,800,82.5,3.1,11111111,2581.05,800,28.2,4.12,418.2,2581.36,-5.5,0.0, , 
,2581.68,800,82.5,3.5,11111111,2581.97,800,29.4,4.12,418.2,2582.27,-5.5,0.0, , 
,2582.58,800,82.5,3.9,11111111,2582.89,768,28.2,3.09,418.2,2583.19,-5.5,0.0, , 
,2583.48,800,82.5,4.3,11111111,2583.78,800,28.2,4.12,418.2,2584.06,-5.5,0.0, , 
,2584.37,800,82.5,4.7,11111111,2584.65,768,28.2,4.12,418.2,2584.95,-5.5,0.0, , 
,2585.24,800,82.5,4.3,11111111,2585.53,800,28.2,4.12,418.2,2585.83,-5.5,0.0, , 
,2586.14,768,84.0,3.5,11111111,2586.44,800,28.2,4.12,418.2,2586.73,-5.5,0.0, , 
,2587.02,768,84.0,3.1,10111111,2587.31,768,28.2,3.09,418.2,2587.60,-5.5,0.0, , 
,2587.90,768,84.0,3.1,10111111,2588.20,800,29.4,4.12,418.2,2588.50,-5.5,0.0, , 
,2588.80,800,84.0,3.5,10111111,2589.10,800,28.2,3.09,418.2,2589.40,-5.5,0.0, , 
,2589.72,800,84.0,3.5,10111111,2590.02,800,28.2,4.12,418.2,2590.33,-5.5,0.0, , 
,2590.64,800,84.0,3.5,10111111,2590.95,768,28.2,4.12,418.2,2591.25,-5.5,0.0, , 
,2591.54,768,84.0,3.5,10111111,2591.85,768,29.4,4.12,418.2,2592.15,-5.5,0.0, , 
,2592.48,1056,84.0,0.0,10101011,2592.82,1344,42.7,6.18,550.8,2593.13,-2.3,0.0, , 
,2593.43,960,84.0,0.0,10101011,2593.73,896,59.2,8.24,714.0,2594.02,-2.3,0.0, , 
,2594.34,1088,84.0,-4.3,10101011,2594.64,1248,48.6,6.18,591.6,2594.94,-1.6,0.0, , 
,2595.31,1600,84.0,0.0,10101011,2595.67,1920,67.8,10.30,775.2,2596.00,0.0,1.2, , 
,2596.36,2144,84.0,0.0,10111101,2596.73,1600,0.0,0.00,336.6,2597.05,-3.9,0.0, , 
,2597.38,1312,84.0,0.0,10101011,2597.69,1344,41.2,6.18,499.8,2598.02,-2.3,0.0, , 
,2598.33,1280,84.0,0.0,10111111,2598.66,1056,25.1,3.09,357.0,2598.99,-4.7,0.0, , 
,2599.29,864,84.0,0.8,10111111,2599.58,896,28.2,3.09,397.8,2599.87,-4.7,0.0, , 
,2600.19,896,84.0,2.0,10111111,2600.50,896,29.4,4.12,418.2,2600.79,-4.7,0.0, , 
,2601.09,896,84.0,2.7,10111111,2601.38,896,29.4,4.12,418.2,2601.69,-4.7,0.0, , 
,2602.01,896,84.0,3.5,10111111,2602.32,896,28.2,4.12,418.2,2602.61,-4.7,0.0, , 
,2602.92,896,84.0,3.9,10111111,2603.22,896,28.2,4.12,397.8,2603.52,-4.7,0.0, , 
,2603.84,896,84.0,4.3,10111111,2604.14,864,28.2,4.12,397.8,2604.47,-4.7,0.0, , 
,2604.79,896,84.0,4.3,10111111,2605.09,896,28.2,4.12,397.8,2605.38,-4.7,0.0, , 
,2605.70,896,84.0,4.3,10111111,2606.00,896,28.2,4.12,397.8,2606.31,-4.7,0.0, , 
,2606.61,896,84.0,3.9,10111111,2606.91,896,28.2,4.12,397.8,2607.20,-4.7,0.0, , 
,2607.50,896,84.0,3.9,10111111,2607.80,896,28.2,3.09,397.8,2608.08,-4.7,0.0, , 
,2608.37,896,84.0,4.7,10101011,2608.68,928,36.9,5.15,479.4,2608.99,-3.9,0.0, , 
,2609.28,960,84.0,5.9,10101011,2609.55,960,31.0,4.12,438.6,2609.81,-3.9,0.0, , 
,2610.14,992,84.0,3.1,10101011,2610.41,992,26.7,3.09,377.4,2610.72,-3.9,0.0, , 
,2611.02,1024,84.0,0.4,10101011,2611.33,1024,26.7,3.09,377.4,2611.64,-3.9,0.0, , 
,2611.95,1024,84.0,0.4,10101011,2612.26,1056,26.7,3.09,377.4,2612.57,-3.9,0.0, , 
,2612.89,1056,84.0,-0.4,10101011,2613.21,1056,26.7,3.09,377.4,2613.53,-3.9,0.0, , 
,2613.86,1088,84.0,0.0,10101011,2614.16,1088,26.7,3.09,377.4,2614.48,-3.9,0.0, , 
,2614.81,1088,84.0,0.0,10101011,2615.11,1120,29.4,4.12,397.8,2615.44,-3.1,0.0, , 
,2615.76,1152,85.5,3.9,10101011,2616.08,1184,41.2,6.18,520.2,2616.42,-2.3,0.0, , 
,2616.72,1248,84.0,1.2,10101011,2617.06,1280,44.3,6.18,550.8,2617.39,-2.3,0.0, , 
,2617.77,1408,84.0,2.7,10101011,2618.10,1440,41.2,6.18,520.2,2618.42,-2.3,1.2, , 
,2618.76,1536,85.5,5.1,10101011,2619.14,1568,35.3,5.15,459.0,2619.49,-3.1,1.2, , 
,2619.85,1600,85.5,3.1,10101011,2620.22,1600,23.5,3.09,336.6,2620.57,-3.1,1.2, , 
,2620.91,1600,85.5,-2.3,10101011,2621.26,1600,22.0,3.09,316.2,2621.61,-3.1,1.2, , 
,2621.99,1632,84.0,-2.7,10101011,2622.34,1600,28.2,4.12,377.4,2622.74,-2.3,1.2, , 
,2623.10,1664,84.0,2.7,10101011,2623.45,1664,26.7,3.09,357.0,2623.78,-3.1,1.2, , 
,2624.13,1664,84.0,3.5,10111111,2624.48,1664,22.0,3.09,316.2,2624.81,-3.1,1.2, , 
,2625.14,1600,84.0,1.2,10111111,2625.48,1568,22.0,3.09,316.2,2625.78,-3.1,1.2, , 
,2626.17,1536,84.0,2.0,10111111,2626.45,1472,22.0,3.09,316.2,2626.90,-3.1,0.0, , 
,2627.30,1504,84.0,3.9,10101011,2627.64,1472,31.0,4.12,418.2,2628.04,-2.3,1.2, , 
,2628.40,1536,84.0,7.4,10101011,2628.76,1568,40.0,5.15,479.4,2629.11,-2.3,1.2, , 
,2629.45,1664,84.0,10.9,10101011,2629.83,1728,63.5,10.30,714.0,2630.18,0.0,1.2, , 
,2630.55,1856,84.0,0.0,10101011,2630.93,1920,26.7,3.09,357.0,2631.31,0.0,1.2, , 
,2631.67,1920,84.0,-1.2,10101011,2632.02,1952,26.7,3.09,357.0,2632.37,0.0,1.2, , 
,2632.74,1952,84.0,-2.0,10101011,2633.10,2016,36.9,4.12,459.0,2633.45,0.0,1.2, , 
,2633.80,2080,84.0,3.9,10101001,2634.13,2112,56.1,8.24,652.8,2634.45,0.0,1.2, , 
,2634.78,2240,84.0,1.2,10101001,2635.12,2336,53.3,7.21,612.0,2635.48,0.0,1.2, , 
,2635.81,2432,84.0,4.7,10101001,2636.15,2528,50.2,7.21,571.2,2636.51,0.0,1.2, , 
,2636.84,2624,84.0,9.0,10101001,2637.17,2688,47.1,6.18,550.8,2637.51,0.0,1.2, , 
,2637.87,2784,84.0,14.5,10101001,2638.18,2528,0.0,0.00,316.2,2638.53,0.0,1.2, , 
,2638.92,1440,84.0,0.0,10101011,2639.28,1824,23.5,3.09,336.6,2639.67,0.0,1.2, , 
,2640.04,1824,84.0,0.0,10101011,2640.42,1824,28.2,3.09,377.4,2640.79,0.0,1.2, , 
,2641.16,1824,84.0,2.7,10101011,2641.50,1856,26.7,3.09,357.0,2641.86,0.0,1.2, , 
,2642.23,1856,84.0,4.7,10101011,2642.61,1856,26.7,3.09,357.0,2642.98,0.0,1.2, , 
,2643.36,1856,84.0,5.9,10101011,2643.73,1856,26.7,3.09,357.0,2644.10,0.0,1.2, , 
,2644.48,1856,84.0,5.5,10101011,2644.86,1888,26.7,3.09,357.0,2645.23,0.0,1.2, , 
,2645.61,1888,84.0,4.7,10101011,2645.97,1888,28.2,3.09,377.4,2646.35,0.0,1.2, , 
,2646.68,1888,84.0,4.3,10111111,2647.06,1856,19.2,2.06,295.8,2647.43,0.0,1.2, , 
,2647.81,1856,84.0,0.0,10111111,2648.15,1824,0.0,0.00,295.8,2648.50,0.0,1.2, , 
,2648.85,1792,84.0,0.0,10111111,2649.17,1760,0.0,0.00,316.2,2649.53,-3.1,1.2, , 
,2649.89,1728,84.0,0.0,10111111,2650.22,1728,22.0,3.09,316.2,2650.59,-2.3,1.2, , 
,2650.95,1728,84.0,0.0,10101011,2651.31,1728,40.0,5.15,499.8,2651.68,-2.3,1.2, , 
,2652.03,1760,84.0,9.0,10101011,2652.41,1792,44.3,6.18,520.2,2652.79,0.0,1.2, , 
,2653.16,1856,84.0,11.3,10101011,2653.51,1856,34.1,5.15,438.6,2653.89,0.0,1.2, , 
,2654.26,1888,84.0,0.4,10101011,2654.61,1856,17.6,2.06,275.4,2654.94,0.0,1.2, , 
,2655.26,1856,84.0,-10.5,10111111,2655.61,1856,19.2,2.06,295.8,2655.97,0.0,1.2, , 
,2656.32,1824,84.0,0.0,10111111,2656.65,1792,0.0,0.00,316.2,2656.99,-3.1,1.2, , 
,2657.31,1760,84.0,0.0,10111111,2657.64,1728,0.0,0.00,316.2,2657.97,-3.1,1.2, , 
,2658.32,1696,84.0,0.0,10111111,2658.64,1664,0.0,0.00,316.2,2658.98,-3.1,1.2, , 
,2659.33,1632,84.0,0.0,10111111,2659.66,1632,0.0,0.00,316.2,2660.00,-3.1,1.2, , 
,2660.34,1568,84.0,0.0,10111111,2660.67,1600,22.0,3.09,316.2,2661.03,-2.3,1.2, , 
,2661.37,1568,84.0,0.0,10101011,2661.71,1600,36.9,5.15,459.0,2662.07,-2.3,1.2, , 
,2662.43,1632,84.0,1.6,10101011,2662.77,1664,44.3,6.18,550.8,2663.16,-1.6,1.2, , 
,2663.50,1728,84.0,3.1,10101011,2663.84,1760,41.2,6.18,499.8,2664.21,0.0,1.2, , 
,2664.58,1792,84.0,3.9,10101011,2664.95,1824,42.7,6.18,520.2,2665.32,0.0,1.2, , 
,2665.69,1856,82.5,2.0,10101011,2666.05,1856,38.4,5.15,479.4,2666.38,0.0,1.2, , 
,2666.71,1440,82.5,0.0,10111111,2667.02,1024,26.7,4.12,377.4,2667.33,-3.9,0.0, , 
,2667.64,1152,82.5,0.0,10111111,2667.95,1120,22.0,3.09,336.6,2668.26,-4.7,0.0, , 
,2668.56,960,82.5,0.0,10111111,2668.87,896,25.1,3.09,357.0,2669.18,-5.5,0.0, , 
,2669.48,896,82.5,0.0,10111111,2669.79,896,26.7,3.09,397.8,2670.11,-4.7,0.0, , 
,2670.41,896,82.5,1.6,10111111,2670.71,896,26.7,3.09,397.8,2671.05,-4.7,0.0, , 
,2671.35,896,82.5,4.3,10111111,2671.67,864,26.7,3.09,397.8,2671.98,-4.7,0.0, , 
,2672.30,896,82.5,5.9,10111111,2672.62,896,26.7,3.09,397.8,2672.94,-4.7,0.0, , 
,2673.25,896,82.5,7.0,10111111,2673.57,896,26.7,3.09,397.8,2673.89,-4.7,0.0, , 
,2674.20,896,82.5,7.4,10111111,2674.51,896,26.7,4.12,397.8,2674.83,-4.7,0.0, , 
,2675.13,896,82.5,7.4,10111111,2675.43,896,26.7,4.12,397.8,2675.71,-4.7,0.0, , 
,2676.03,864,82.5,7.0,10111111,2676.35,864,26.7,3.09,397.8,2676.67,-4.7,0.0, , 
,2677.00,1184,82.5,0.0,10111111,2677.37,1504,29.4,3.09,418.2,2677.68,-2.3,0.0, , 
,2678.00,1312,84.0,0.0,10101011,2678.33,1312,87.1,14.42,1009.8,2678.65,-1.6,0.0, , 
,2678.99,1504,84.0,0.0,10101011,2679.36,1664,88.6,15.45,989.4,2679.70,0.0,1.2, , 
,2680.06,1920,82.5,0.0,10101011,2680.40,1984,29.4,3.09,397.8,2680.76,0.0,1.2, , 
,2681.12,1984,82.5,0.0,10111101,2681.48,1952,16.1,2.06,244.8,2681.83,0.0,1.2, , 
,2682.19,1824,82.5,0.0,10111111,2682.53,1728,0.0,0.00,316.2,2682.87,-3.1,1.2, , 
,2683.21,1632,84.0,0.0,10101011,2683.57,1664,20.8,3.09,316.2,2683.93,-3.1,1.2, , 
,2684.26,1600,82.5,0.0,10101011,2684.62,1568,22.0,3.09,316.2,2684.99,-2.3,1.2, , 
,2685.33,1568,82.5,-7.4,10101011,2685.68,1568,48.6,7.21,591.6,2686.02,-1.6,1.2, , 
,2686.36,1760,82.5,0.0,10101011,2686.71,1856,79.6,13.39,907.8,2687.08,0.0,1.2, , 
,2687.40,2144,82.5,0.0,10101001,2687.74,2240,79.6,11.33,887.4,2688.07,0.0,1.2, , 
,2688.41,2528,82.5,-9.8,11101001,2688.73,2656,79.6,10.30,867.0,2689.06,0.0,1.2, , 
,2689.41,2336,82.5,0.0,11111101,2689.75,1824,19.2,3.09,295.8,2690.12,0.0,1.2, , 
,2690.48,1888,82.5,0.0,11101011,2690.86,1824,28.2,4.12,377.4,2691.23,0.0,1.2, , 
,2691.60,1856,82.5,-0.8,11101011,2691.97,1856,50.2,8.24,591.6,2692.34,0.0,1.2, , 
,2692.70,1920,82.5,-0.8,11101011,2693.06,1952,50.2,7.21,591.6,2693.42,0.0,1.2, , 
,2693.77,2016,82.5,-0.8,11101001,2694.10,2080,71.0,10.30,795.6,2694.45,0.0,1.2, , 
,2694.78,2176,82.5,0.0,11101001,2695.14,2240,79.6,12.36,887.4,2695.46,0.0,1.2, , 
,2695.81,2336,82.5,0.0,11101001,2696.14,2336,42.7,5.15,499.8,2696.47,0.0,1.2, , 
,2696.80,2368,82.5,0.0,11101001,2697.14,2336,20.8,3.09,295.8,2697.47,0.0,1.2, , 
,2697.82,2336,82.5,-10.9,11101001,2698.14,2272,16.1,2.06,244.8,2698.48,0.0,1.2, , 
,2698.80,2304,82.5,-18.8,11111101,2699.13,2272,0.0,0.00,244.8,2699.48,0.0,1.2, , 
,2699.82,2208,82.5,0.0,11111101,2700.16,2176,0.0,0.00,244.8,2700.48,0.0,1.2, , 
,2700.83,2080,82.5,0.0,11111101,2701.17,2048,0.0,0.00,244.8,2701.52,0.0,1.2, , 
,2701.87,1984,82.5,0.0,11111111,2702.23,1920,0.0,0.00,244.8,2702.57,0.0,1.2, , 
,2702.94,1888,82.5,0.0,11111111,2703.29,1856,0.0,0.00,295.8,2703.65,0.0,1.2, , 
,2703.98,1792,82.5,0.0,11111111,2704.32,1760,0.0,0.00,295.8,2704.68,-3.1,1.2, , 
,2704.99,1632,82.5,0.0,11111111,2705.31,1152,23.5,3.09,357.0,2705.61,-4.7,0.0, , 
,2705.90,928,82.5,0.0,11111111,2706.21,928,28.2,4.12,418.2,2706.50,-4.7,0.0, , 
,2706.80,896,82.5,0.0,11111111,2707.10,896,26.7,3.09,397.8,2707.42,-4.7,0.0, , 
,2707.74,896,82.5,-0.4,11111111,2708.03,864,26.7,3.09,397.8,2708.32,-4.7,0.0, , 
,2708.63,896,82.5,1.6,11111111,2708.92,864,28.2,3.09,397.8,2709.23,-4.7,0.0, , 
,2709.53,896,82.5,3.5,11111111,2709.85,896,28.2,4.12,397.8,2710.15,-4.7,0.0, , 
,2710.45,896,82.5,5.5,11111111,2710.75,960,28.2,4.12,397.8,2711.02,-3.1,0.0, , 
,2711.32,1024,82.5,0.0,11101011,2711.64,1056,54.5,9.27,652.8,2711.96,-1.6,0.0, , 
,2712.26,1152,82.5,0.0,11101011,2712.58,1248,60.4,9.27,714.0,2712.89,-1.6,0.0, , 
,2713.24,1344,82.5,0.0,11101011,2713.56,1408,44.3,6.18,550.8,2713.86,-2.3,0.0, , 
,2714.31,1472,82.5,0.8,11101011,2714.66,1504,32.5,4.12,418.2,2715.00,-2.3,1.2, , 
,2715.38,1568,82.5,2.0,11101011,2715.72,1568,38.4,5.15,479.4,2716.09,-2.3,1.2, , 
,2716.44,1696,82.5,1.2,11101011,2716.77,1792,51.8,8.24,612.0,2717.11,0.0,1.2, , 
,2717.46,1952,82.5,0.0,11101011,2717.84,2016,53.3,7.21,632.4,2718.16,0.0,1.2, , 
,2718.49,2176,82.5,-1.2,11101001,2718.82,2240,44.3,6.18,520.2,2719.18,0.0,1.2, , 
,2719.53,2368,82.5,0.0,11101001,2719.89,2464,59.2,8.24,652.8,2720.23,0.0,1.2, , 
,2720.58,2624,82.5,1.2,11101001,2720.93,2720,60.4,9.27,673.2,2721.26,0.0,1.2, , 
,2721.58,2240,82.5,0.0,11111101,2721.90,1728,20.8,3.09,295.8,2722.27,0.0,1.2, , 
,2722.62,1888,82.5,0.0,11101011,2722.98,1952,79.6,13.39,887.4,2723.33,0.0,1.2, , 
,2723.66,2080,82.5,0.0,11101001,2724.02,2144,84.3,12.36,928.2,2724.35,0.0,1.2, , 
,2724.68,2272,82.5,0.0,11101001,2725.03,2304,59.2,8.24,673.2,2725.36,0.0,1.2, , 
,2725.70,2368,82.5,0.0,11101001,2726.03,2368,22.0,3.09,316.2,2726.37,0.0,1.2, , 
,2726.69,2336,82.5,-5.9,11101001,2727.00,2368,17.6,2.06,244.8,2727.32,0.0,1.2, , 
,2727.67,2336,82.5,-16.4,11101001,2728.00,2336,20.8,2.06,295.8,2728.32,0.0,1.2, , 
,2728.65,2336,82.5,-17.6,11101001,2728.98,2336,44.3,5.15,520.2,2729.33,0.0,1.2, , 
,2729.65,2368,82.5,0.0,11101001,2729.98,2368,23.5,3.09,316.2,2730.32,0.0,1.2, , 
,2730.66,2368,82.5,-7.0,11101001,2731.00,2368,26.7,3.09,357.0,2731.34,0.0,1.2, , 
,2731.69,2368,82.5,-5.1,11101001,2732.01,2368,35.3,5.15,438.6,2732.33,0.0,1.2, , 
,2732.69,2400,82.5,-9.8,11101001,2733.02,2432,53.3,7.21,612.0,2733.36,0.0,1.2, , 
,2733.70,2496,82.5,-5.1,11101001,2734.04,2496,63.5,9.27,693.6,2734.38,0.0,1.2, , 
,2734.69,2592,82.5,0.4,11101001,2735.01,2624,71.0,10.30,775.2,2735.35,0.0,1.2, , 
,2735.68,2720,82.5,0.0,11101001,2736.02,2304,0.0,0.00,316.2,2736.37,0.0,1.2, , 
,2736.73,2016,82.5,0.0,11101001,2737.10,2016,35.3,6.18,418.2,2737.44,0.0,1.2, , 
,2737.80,1984,82.5,0.0,11101001,2738.14,2016,56.1,8.24,652.8,2738.49,0.0,1.2, , 
,2738.86,2016,82.5,0.4,11101001,2739.21,2048,45.9,6.18,550.8,2739.56,0.0,1.2, , 
,2739.90,2080,82.5,-0.8,11101001,2740.25,2048,41.2,5.15,499.8,2740.58,0.0,1.2, , 
,2740.93,2048,82.5,-2.0,11101001,2741.29,2080,40.0,5.15,479.4,2741.63,0.0,1.2, , 
,2741.96,2080,82.5,-3.1,11101001,2742.35,2080,42.7,6.18,499.8,2742.68,0.0,1.2, , 
,2743.02,2080,82.5,-3.1,11101001,2743.35,2112,42.7,6.18,520.2,2743.70,0.0,1.2, , 
,2744.04,2112,82.5,-2.7,11101001,2744.39,2112,42.7,6.18,499.8,2744.73,0.0,1.2, , 
,2745.07,2112,82.5,-0.4,11101001,2745.42,2112,42.7,5.15,499.8,2745.77,0.0,1.2, , 
,2746.12,2144,82.5,-0.8,11101001,2746.45,2144,41.2,6.18,499.8,2746.80,0.0,1.2, , 
,2747.12,2144,82.5,-0.4,11101001,2747.45,2144,41.2,5.15,499.8,2747.80,0.0,1.2, , 
,2748.13,2144,82.5,0.0,11101001,2748.46,2144,22.0,3.09,316.2,2748.80,0.0,1.2, , 
,2749.15,2112,82.5,-16.0,11101001,2749.48,2112,14.9,1.03,244.8,2749.83,0.0,1.2, , 
,2750.18,2080,82.5,-28.1,11101001,2750.53,2048,14.9,1.03,244.8,2750.88,0.0,1.2, , 
,2751.23,2048,82.5,-30.1,11101001,2751.58,2016,14.9,1.03,244.8,2751.93,0.0,1.2, , 
,2752.27,1984,82.5,-28.9,11101001,2752.61,1984,14.9,1.03,244.8,2752.96,0.0,1.2, , 
,2753.33,1952,82.5,-29.3,11101011,2753.68,1952,16.1,1.03,244.8,2754.04,0.0,1.2, , 
,2754.40,1920,82.5,-24.6,11111111,2754.75,1888,0.0,0.00,275.4,2755.08,0.0,1.2, , 
,2755.41,1856,82.5,0.0,11111111,2755.76,1824,0.0,0.00,295.8,2756.09,0.0,1.2, , 
,2756.41,1792,82.5,0.0,11111111,2756.72,1792,0.0,0.00,295.8,2757.05,-3.1,1.2, , 
,2757.37,1728,82.5,0.0,11111111,2757.73,1696,0.0,0.00,316.2,2758.05,-3.1,1.2, , 
,2758.37,1600,82.5,0.0,11111111,2758.81,1504,0.0,0.00,316.2,2759.13,-3.1,0.0, , 
,2759.46,1344,82.5,0.0,11111111,2759.77,1280,23.5,4.12,336.6,2760.08,-3.9,0.0, , 
,2760.39,1248,82.5,0.0,11111111,2760.73,1184,22.0,3.09,336.6,2761.04,-3.9,0.0, , 
,2761.37,992,82.5,0.0,11111111,2761.67,896,26.7,3.09,397.8,2761.97,-4.7,0.0, , 
,2762.27,864,82.5,1.2,11111111,2762.57,896,28.2,3.09,397.8,2762.88,-4.7,0.0, , 
,2763.17,896,82.5,4.3,11111111,2763.48,896,28.2,4.12,397.8,2763.80,-4.7,0.0, , 
,2764.12,896,82.5,6.6,11111111,2764.45,896,29.4,4.12,418.2,2764.76,-4.7,0.0, , 
,2765.06,896,82.5,7.8,11111111,2765.44,1152,28.2,4.12,397.8,2765.76,-3.1,0.0, , 
,2766.12,1472,82.5,11.3,11101011,2766.45,1440,22.0,3.09,316.2,2766.78,-3.9,0.0, , 
,2767.14,1376,82.5,3.9,11101011,2767.48,1376,26.7,3.09,357.0,2767.81,-3.1,0.0, , 
,2768.13,1344,82.5,2.7,11101011,2768.46,1344,32.5,4.12,438.6,2768.79,-2.3,0.0, , 
,2769.17,1376,82.5,5.1,11101011,2769.52,1376,34.1,4.12,438.6,2769.84,-2.3,0.0, , 
,2770.18,1408,82.5,5.5,11101011,2770.51,1408,32.5,4.12,438.6,2770.87,-2.3,0.0, , 
,2771.23,1408,82.5,5.5,11101011,2771.59,1408,36.9,5.15,459.0,2772.01,-2.3,0.0, , 
,2772.45,1504,82.5,3.5,11101011,2772.84,1536,47.1,6.18,571.2,2773.20,-1.6,1.2, , 
,2773.55,1664,82.5,1.2,11101011,2773.90,1696,42.7,6.18,520.2,2774.25,-1.6,1.2, , 
,2774.61,1824,82.5,3.5,11101011,2775.00,1888,45.9,6.18,550.8,2775.35,0.0,1.2, , 
,2775.71,2016,81.0,2.0,11101001,2776.08,2048,48.6,7.21,571.2,2776.43,0.0,1.2, , 
,2776.77,2176,81.0,0.0,11101001,2777.11,2240,53.3,7.21,612.0,2777.43,0.0,1.2, , 
,2777.81,2368,81.0,0.4,11101001,2778.14,2400,44.3,6.18,520.2,2778.48,0.0,1.2, , 
,2778.83,2496,81.0,2.7,11101001,2779.17,2528,45.9,6.18,520.2,2779.49,0.0,1.2, , 
,2779.81,2624,81.0,5.9,11101001,2780.16,2656,45.9,6.18,550.8,2780.49,0.0,1.2, , 
,2780.81,2816,81.0,0.0,11101001,2781.26,2912,79.6,12.36,867.0,2781.58,0.0,1.2, , 
,2781.94,3232,81.0,-3.9,11101001,2782.28,3360,84.3,12.36,907.8,2782.62,0.0,1.2, , 
,2782.95,2368,81.0,0.0,11101001,2783.28,2208,22.0,3.09,316.2,2783.60,0.0,1.2, , 
,2783.93,2240,81.0,0.0,11101001,2784.27,2240,36.9,5.15,459.0,2784.60,0.0,1.2, , 
,2784.93,2240,81.0,1.6,11111101,2785.28,2208,17.6,2.06,244.8,2785.63,0.0,1.2, , 
,2785.96,2176,81.0,0.0,11111101,2786.28,2144,0.0,0.00,244.8,2786.62,0.0,1.2, , 
,2786.95,2080,81.0,0.0,11111101,2787.30,2048,0.0,0.00,244.8,2787.64,0.0,1.2, , 
,2787.99,1984,81.0,0.0,11111101,2788.34,1984,0.0,0.00,244.8,2788.68,0.0,1.2, , 
,2789.05,1920,81.0,0.0,11101011,2789.42,1920,22.0,3.09,316.2,2789.76,0.0,1.2, , 
,2790.12,1856,81.0,0.0,11101011,2790.50,1856,20.8,3.09,316.2,2790.87,0.0,1.2, , 
,2791.25,1856,81.0,-6.3,11101011,2791.63,1824,22.0,2.06,316.2,2792.01,0.0,1.2, , 
,2792.39,1792,81.0,-6.3,11101011,2792.72,1792,28.2,3.09,377.4,2793.11,0.0,1.2, , 
,2793.48,1856,82.5,-3.5,11101011,2793.83,1856,51.8,8.24,612.0,2794.19,0.0,1.2, , 
,2794.54,1920,81.0,0.0,11101011,2794.91,1984,81.2,13.39,907.8,2795.25,0.0,1.2, , 
,2795.60,2144,82.5,0.0,11101001,2795.93,2208,85.5,12.36,948.6,2796.27,0.0,1.2, , 
,2796.60,2304,82.5,-11.7,11101001,2796.93,2368,79.6,11.33,867.0,2797.27,0.0,1.2, , 
,2797.62,2464,82.5,-9.0,11101001,2797.99,2528,62.0,8.24,693.6,2798.33,0.0,1.2, , 
,2798.65,2560,82.5,0.0,11101001,2798.97,2592,31.0,3.09,397.8,2799.30,0.0,1.2, , 
,2799.62,2592,82.5,0.0,11101001,2799.97,2560,19.2,2.06,275.4,2800.31,0.0,1.2, , 
,2800.64,2560,82.5,-11.7,11101001,2800.98,2528,19.2,2.06,275.4,2801.31,0.0,1.2, , 
,2801.65,2528,82.5,-18.0,11101001,2802.01,2496,17.6,2.06,244.8,2802.34,0.0,1.2, , 
,2802.65,2496,82.5,-23.0,11111101,2802.98,2496,17.6,2.06,244.8,2803.31,0.0,1.2, , 
,2803.64,2432,82.5,0.0,11111101,2803.95,2400,17.6,2.06,244.8,2804.30,0.0,1.2, , 
,2804.62,2400,82.5,0.0,11101001,2804.98,2400,17.6,2.06,244.8,2805.34,0.0,1.2, , 
,2805.67,2368,82.5,-11.7,11101001,2806.00,2368,19.2,2.06,275.4,2806.32,0.0,1.2, , 
,2806.66,2336,82.5,-16.4,11101001,2806.99,2336,19.2,2.06,275.4,2807.34,0.0,1.2, , 
,2807.67,2336,82.5,-19.9,11101001,2808.02,2304,20.8,2.06,295.8,2808.36,0.0,1.2, , 
,2808.68,2304,82.5,-20.3,11101001,2809.02,2272,31.0,3.09,397.8,2809.35,0.0,1.2, , 
,2809.69,2272,82.5,-13.3,11101001,2810.02,2272,34.1,4.12,418.2,2810.35,0.0,1.2, , 
,2810.68,2272,82.5,-6.6,11101001,2811.02,2272,34.1,4.12,418.2,2811.34,0.0,1.2, , 
,2811.67,2272,82.5,-5.5,11101001,2812.01,2272,41.2,5.15,499.8,2812.36,0.0,1.2, , 
,2812.68,2304,82.5,0.4,11101001,2813.01,2304,38.4,5.15,459.0,2813.35,0.0,1.2, , 
,2813.68,2336,82.5,1.6,11101001,2814.01,2336,38.4,5.15,459.0,2814.36,0.0,1.2, , 
,2814.69,2368,82.5,2.7,11101001,2815.05,2368,38.4,5.15,459.0,2815.36,0.0,1.2, , 
,2815.68,2368,82.5,1.6,11111101,2816.00,1952,0.0,0.00,275.4,2816.35,-3.9,0.0, , 
,2816.67,1024,82.5,0.0,11111111,2816.99,1056,26.7,4.12,377.4,2817.29,-4.7,0.0, , 
,2817.66,992,82.5,0.0,11111111,2817.97,960,23.5,3.09,357.0,2818.29,-4.7,0.0, , 
,2818.59,928,82.5,0.0,11111111,2818.92,896,26.7,3.09,377.4,2819.23,-4.7,0.0, , 
,2819.55,896,82.5,0.8,11111111,2819.85,896,26.7,3.09,397.8,2820.16,-4.7,0.0, , 
,2820.47,896,82.5,2.3,11111111,2820.77,896,26.7,3.09,397.8,2821.05,-4.7,0.0, , 
,2821.34,896,82.5,4.3,11111111,2821.64,896,26.7,3.09,397.8,2821.93,-4.7,0.0, , 
,2822.24,896,82.5,5.5,11111111,2822.54,896,26.7,3.09,397.8,2822.87,-4.7,0.0, , 
,2823.19,896,82.5,6.3,11111111,2823.49,896,26.7,3.09,397.8,2823.78,-4.7,0.0, , 
,2824.08,896,82.5,6.6,11111111,2824.34,960,26.7,3.09,377.4,2824.66,-4.7,0.0, , 
,2825.00,1152,82.5,6.6,11111111,2825.30,1504,19.2,3.09,295.8,2825.65,-3.1,1.2, , 
,2826.01,1728,82.5,0.0,11101011,2826.36,1728,20.8,3.09,316.2,2826.72,-3.1,1.2, , 
,2827.11,1728,82.5,0.0,11101011,2827.44,1728,28.2,3.09,377.4,2827.80,-2.3,1.2, , 
,2828.18,1696,82.5,2.3,11101011,2828.57,1760,28.2,4.12,377.4,2828.89,-2.3,1.2, , 
,2829.25,1792,82.5,4.3,11101011,2829.62,1856,35.3,5.15,438.6,2829.99,0.0,1.2, , 
,2830.34,1920,82.5,4.7,11101011,2830.70,1952,40.0,6.18,479.4,2831.06,0.0,1.2, , 
,2831.40,2048,82.5,2.3,11101001,2831.75,2080,34.1,5.15,418.2,2832.08,0.0,1.2, , 
,2832.41,2144,82.5,0.4,11101001,2832.74,2176,34.1,5.15,418.2,2833.08,0.0,1.2, , 
,2833.40,2240,82.5,-0.4,11101001,2833.74,2272,32.5,4.12,397.8,2834.08,0.0,1.2, , 
,2834.41,2304,82.5,2.7,11111101,2834.75,1920,0.0,0.00,316.2,2835.09,-3.1,0.0, , 
,2835.43,960,82.5,0.0,11111111,2835.75,1024,28.2,4.12,397.8,2836.06,-4.7,0.0, , 
,2836.33,1024,82.5,0.0,11111111,2836.60,960,23.5,3.09,357.0,2836.90,-4.7,0.0, , 
,2837.21,864,82.5,0.0,11111111,2837.52,864,26.7,3.09,397.8,2837.83,-4.7,0.0, , 
,2838.14,864,82.5,1.2,11111111,2838.44,864,28.2,3.09,397.8,2838.73,-4.7,0.0, , 
,2839.03,896,82.5,3.9,11111111,2839.34,896,28.2,3.09,397.8,2839.66,-4.7,0.0, , 
,2839.96,896,82.5,7.4,11111111,2840.25,896,28.2,4.12,397.8,2840.56,-4.7,0.0, , 
,2840.88,896,82.5,6.3,11111111,2841.18,896,26.7,4.12,397.8,2841.48,-3.9,0.0, , 
,2841.81,1248,82.5,0.0,11101011,2842.13,1312,38.4,5.15,479.4,2842.44,-2.3,0.0, , 
,2842.72,1440,82.5,0.0,11101011,2843.08,1600,62.0,9.27,714.0,2843.43,0.0,1.2, , 
,2843.81,2016,82.5,-1.2,11101001,2844.14,2144,47.1,6.18,571.2,2844.49,0.0,1.2, , 
,2844.79,1696,82.5,0.0,11111111,2845.12,1248,0.0,0.00,357.0,2845.43,-4.7,0.0, , 
,2845.77,1024,82.5,0.0,11111111,2846.06,992,25.1,4.12,377.4,2846.36,-4.7,0.0, , 
,2846.64,864,82.5,0.0,11111111,2846.95,896,26.7,3.09,397.8,2847.27,-4.7,0.0, , 
,2847.58,896,82.5,-0.4,11111111,2847.89,864,28.2,3.09,418.2,2848.20,-4.7,0.0, , 
,2848.49,864,82.5,0.8,11111111,2848.78,864,28.2,3.09,418.2,2849.10,-4.7,0.0, , 
,2849.40,864,82.5,2.3,11111111,2849.70,768,26.7,3.09,397.8,2850.01,-5.5,0.0, , 
,2850.31,768,82.5,4.3,11111111,2850.62,800,29.4,4.12,418.2,2850.93,-5.5,0.0, , 
,2851.24,800,82.5,5.5,11111111,2851.53,800,28.2,4.12,418.2,2851.83,-5.5,0.0, , 
,2852.15,800,82.5,5.9,11111111,2852.46,800,28.2,4.12,418.2,2852.75,-5.5,0.0, , 
,2853.05,768,82.5,6.3,11111111,2853.35,768,29.4,4.12,418.2,2853.65,-5.5,0.0, , 
,2853.95,768,82.5,6.6,11111111,2854.25,800,28.2,4.12,418.2,2854.55,-5.5,0.0, , 
,2854.83,768,82.5,0.0,11101011,2855.13,1024,48.6,7.21,612.0,2855.44,-2.3,0.0, , 
,2855.74,1088,82.5,0.0,11101011,2856.05,1088,66.3,10.30,775.2,2856.36,-1.6,0.0, , 
,2856.76,1344,82.5,0.0,11101011,2857.13,1760,75.3,12.36,867.0,2857.46,0.0,1.2, , 
,2857.80,1472,82.5,0.0,11111111,2858.11,1280,31.0,5.15,397.8,2858.44,-2.3,0.0, , 
,2858.76,1280,82.5,0.0,11101011,2859.08,1376,67.8,11.33,795.6,2859.40,-1.6,1.2, , 
,2859.78,1600,82.5,0.0,11101011,2860.14,1696,54.5,7.21,652.8,2860.51,0.0,1.2, , 
,2860.88,1920,82.5,0.0,11101011,2861.22,1984,40.0,5.15,499.8,2861.58,0.0,1.2, , 
,2861.93,2048,82.5,-0.4,11101001,2862.28,2048,25.1,3.09,336.6,2862.63,0.0,1.2, , 
,2862.96,1888,82.5,0.0,11111111,2863.29,1376,0.0,0.00,336.6,2863.60,-4.7,0.0, , 
,2863.89,1024,82.5,0.0,11111111,2864.22,1088,28.2,4.12,377.4,2864.55,-4.7,0.0, , 
,2864.82,992,82.5,0.0,11111111,2865.14,960,23.5,3.09,357.0,2865.43,-5.5,0.0, , 
,2865.74,864,82.5,0.0,11111111,2866.04,896,28.2,3.09,397.8,2866.36,-4.7,0.0, , 
,2866.67,896,82.5,0.8,11111111,2866.97,896,28.2,3.09,397.8,2867.27,-4.7,0.0, , 
,2867.56,896,82.5,3.1,11111111,2867.87,896,28.2,4.12,397.8,2868.19,-4.7,0.0, , 
,2868.52,896,82.5,5.5,11111111,2868.83,896,28.2,4.12,397.8,2869.15,-4.7,0.0, , 
,2869.45,896,82.5,7.8,11111111,2869.75,896,28.2,4.12,397.8,2870.07,-4.7,0.0, , 
,2870.40,832,82.5,8.6,11111111,2870.69,768,25.1,3.09,377.4,2871.01,-5.5,0.0, , 
,2871.31,768,82.5,8.2,11111111,2871.61,800,28.2,4.12,418.2,2871.90,-5.5,0.0, , 
,2872.20,800,82.5,6.6,11111111,2872.49,800,26.7,3.09,397.8,2872.79,-5.5,0.0, , 
,2873.08,768,82.5,5.9,11111111,2873.39,800,28.2,4.12,397.8,2873.70,-5.5,0.0, , 
,2874.01,768,82.5,5.9,11111111,2874.31,800,26.7,3.09,397.8,2874.61,-5.5,0.0, , 
,2874.90,800,82.5,6.3,11111111,2875.20,800,26.7,3.09,397.8,2875.50,-5.5,0.0, , 
,2875.80,800,84.0,6.6,11111111,2876.09,768,26.7,3.09,397.8,2876.38,-5.5,0.0, , 
,2876.69,800,82.5,7.4,11101011,2876.99,1056,67.8,12.36,775.2,2877.35,0.0,1.2, , 
,2877.69,1728,82.5,-1.2,11101011,2878.02,1440,48.6,6.18,591.6,2878.34,-2.3,0.0, , 
,2878.66,1088,82.5,0.0,11101011,2878.99,1312,67.8,10.30,775.2,2879.33,-1.6,1.2, , 
,2879.70,1824,82.5,0.0,11101011,2880.05,1856,0.0,0.00,418.2,2880.37,-3.1,0.0, , 
,2880.67,1024,84.0,0.0,11111111,2881.00,1216,29.4,4.12,397.8,2881.31,-3.1,0.0, , 
,2881.63,1152,84.0,0.0,11101011,2881.94,1152,28.2,3.09,377.4,2882.24,-3.9,0.0, , 
,2882.56,1184,84.0,-1.6,11111111,2882.88,1216,22.0,3.09,336.6,2883.21,-3.9,0.0, , 
,2883.50,992,84.0,-0.8,11111111,2883.80,864,25.1,3.09,377.4,2884.09,-5.5,0.0, , 
,2884.41,896,84.0,0.0,11101011,2884.72,928,32.5,4.12,438.6,2885.01,-3.9,0.0, , 
,2885.32,864,84.0,3.9,11101011,2885.61,896,45.9,6.18,571.2,2885.92,-3.1,0.0, , 
,2886.24,928,84.0,0.0,11101011,2886.53,960,53.3,7.21,652.8,2886.82,-2.3,0.0, , 
,2887.10,1024,84.0,-3.1,11101011,2887.40,1056,53.3,7.21,652.8,2887.71,-2.3,0.0, , 
,2888.02,1152,84.0,-2.3,11101011,2888.35,1152,40.0,5.15,520.2,2888.65,-3.1,0.0, , 
,2888.98,1216,84.0,0.0,11111111,2889.28,1280,23.5,3.09,336.6,2889.62,-3.9,0.0, , 
,2889.93,1152,84.0,0.0,11111111,2890.22,1056,25.1,3.09,357.0,2890.51,-4.7,0.0, , 
,2890.81,864,84.0,0.0,10111111,2891.12,864,28.2,3.09,397.8,2891.42,-4.7,0.0, , 
,2891.72,864,84.0,1.6,10111111,2892.03,896,28.2,4.12,418.2,2892.34,-4.7,0.0, , 
,2892.67,864,84.0,2.7,10111111,2892.99,864,31.0,4.12,438.6,2893.30,-4.7,0.0, , 
,2893.61,896,84.0,3.9,10111111,2893.90,864,36.9,5.15,479.4,2894.18,-3.1,0.0, , 
,2894.48,1056,84.0,0.0,10101011,2894.79,928,41.2,5.15,520.2,2895.11,-3.9,0.0, , 
,2895.38,736,84.0,0.0,10101011,2895.66,768,51.8,7.21,652.8,2895.99,-3.1,0.0, , 
,2896.30,928,84.0,0.0,10111111,2896.61,864,28.2,3.09,418.2,2896.91,-4.7,0.0, , 
,2897.21,864,84.0,0.4,10111111,2897.50,896,31.0,4.12,438.6,2897.80,-4.7,0.0, , 
,2898.12,896,84.0,2.3,10111111,2898.43,896,28.2,4.12,418.2,2898.74,-4.7,0.0, , 
,2899.03,768,84.0,3.5,10111111,2899.33,768,29.4,4.12,418.2,2899.62,-4.7,0.0, , 
,2899.92,768,84.0,7.0,10101011,2900.25,864,42.7,6.18,550.8,2900.58,-3.1,0.0, , 
,2900.89,1088,84.0,-0.8,10101011,2901.20,992,41.2,5.15,520.2,2901.50,-3.1,0.0, , 
,2901.81,896,84.0,4.7,10101011,2902.12,960,35.3,4.12,479.4,2902.44,-4.7,0.0, , 
,2902.74,864,84.0,2.3,10111111,2903.05,768,28.2,3.09,418.2,2903.33,-5.5,0.0, , 
,2903.63,800,84.0,1.6,10111111,2903.92,768,29.4,4.12,438.6,2904.22,-4.7,0.0, , 
,2904.53,768,84.0,3.9,10101011,2904.82,864,53.3,8.24,632.4,2905.14,-2.3,0.0, , 
,2905.47,1312,84.0,0.0,10101011,2905.79,1120,42.7,6.18,520.2,2906.12,-3.1,0.0, , 
,2906.44,1440,84.0,0.0,10111111,2906.76,1440,22.0,3.09,316.2,2907.08,-3.9,0.0, , 
,2907.38,960,84.0,1.6,10101011,2907.66,768,42.7,6.18,520.2,2907.95,-2.3,0.0, , 
,2908.26,1056,84.0,0.0,10101011,2908.56,1024,48.6,7.21,612.0,2908.87,-2.3,0.0, , 
,2909.22,1408,84.0,0.0,10111111,2909.56,1344,22.0,3.09,336.6,2909.88,-4.7,0.0, , 
,2910.19,992,84.0,-0.8,10111111,2910.50,736,25.1,3.09,377.4,2910.80,-5.5,0.0, , 
,2911.11,800,84.0,-3.1,10101011,2911.40,704,34.1,4.12,479.4,2911.71,-6.3,0.0, , 
,2912.02,768,84.0,0.0,10111111,2912.30,800,34.1,4.12,459.0,2912.60,-4.7,0.0, , 
,2912.87,768,84.0,-3.5,10111111,2913.17,768,32.5,4.12,459.0,2913.45,-4.7,0.0, , 
,2913.72,736,84.0,-2.3,10111111,2914.03,768,34.1,4.12,479.4,2914.33,-4.7,0.0, , 
,2914.61,768,84.0,0.8,10111111,2914.90,768,34.1,4.12,479.4,2915.21,-4.7,0.0, , 
,2915.50,768,84.0,3.1,10111111,2915.79,768,34.1,4.12,479.4,2916.09,-4.7,0.0, , 
,2916.39,768,84.0,5.1,10111111,2916.71,800,34.1,4.12,459.0,2917.01,-4.7,0.0, , 
,2917.31,768,84.0,6.6,10111111,2917.60,768,35.3,5.15,499.8,2917.90,-4.7,0.0, , 
,2918.20,768,84.0,7.8,10111111,2918.50,800,35.3,5.15,479.4,2918.81,-4.7,0.0, , 
,2919.10,800,84.0,7.8,10111111,2919.40,800,34.1,5.15,479.4,2919.70,-4.7,0.0, , 
,2920.01,768,84.0,8.6,10111111,2920.30,704,36.9,5.15,499.8,2920.60,-4.7,0.0, , 
,2920.91,800,84.0,7.0,10111111,2921.19,768,36.9,5.15,499.8,2921.46,-4.7,0.0, , 
,2921.79,768,84.0,4.3,10111111,2922.09,800,36.9,5.15,499.8,2922.40,-3.9,0.0, , 
,2922.70,800,84.0,5.5,10111111,2923.02,800,35.3,5.15,479.4,2923.31,-4.7,0.0, , 
,2923.63,800,84.0,7.4,10111111,2923.93,800,34.1,5.15,479.4,2924.22,-4.7,0.0, , 
,2924.51,800,84.0,8.6,10111111,2924.81,800,34.1,5.15,479.4,2925.11,-4.7,0.0, , 
,2925.41,800,84.0,8.2,10111111,2925.70,800,34.1,5.15,479.4,2926.00,-4.7,0.0, , 
,2926.30,800,84.0,7.4,10111111,2926.58,800,34.1,5.15,479.4,2926.87,-4.7,0.0, , 
,2927.16,832,84.0,7.8,10111111,2927.46,800,34.1,4.12,459.0,2927.76,-4.7,0.0, , 
,2928.06,800,84.0,9.0,10111111,2928.35,800,32.5,4.12,459.0,2928.64,-4.7,0.0, , 
,2928.94,800,84.0,8.6,10111111,2929.23,800,32.5,4.12,459.0,2929.52,-4.7,0.0, , 
,2929.81,832,84.0,7.8,10111111,2930.10,832,31.0,4.12,438.6,2930.39,-4.7,0.0, , 
,2930.71,800,84.0,7.4,10111111,2931.01,800,29.4,4.12,438.6,2931.32,-5.5,0.0, , 
,2931.59,800,84.0,7.4,10111111,2931.90,800,28.2,4.12,418.2,2932.21,-5.5,0.0, , 
,2932.51,800,84.0,6.6,10111111,2932.80,800,28.2,4.12,418.2,2933.09,-5.5,0.0, , 
,2933.40,800,85.5,5.5,10111111,2933.72,800,28.2,4.12,418.2,2934.02,-5.5,0.0, , 
