Środa,05,Sierpień,2026,14:00:46:00009-VCID:1C3761778CABCE7337-515A,Wersja VCDS: AKP 23.3.1,Wersja danych: 20230601 DS346.2
047 906 033 L,,1.4l SIMOS3PA   00HS5401,

,Grupa A:,'001,,,,Grupa B:,'002,,,,Grupa C:,'033
,,Obroty silnika,Temperatura,Lambda,Bity binarnie,,Obroty silnika,Obciążenie,Czas wtrysku,Ciśnienie rzecz.,,Lambda,Napięcie, , 
,CZAS,,,,,CZAS,,,,,CZAS,,,,
Znacznik,ZAPISU, /min,*C, %,,ZAPISU, /min, %, ms, mbar,ZAPISU, %, V,,
,0.61,800,72.0,-7.0,10111110,0.01,800,35.3,4.12,479.4,0.31,-7.0,1.52, , 
,1.65,1952,72.0,0.0,10101010,0.89,800,62.0,12.36,632.4,1.29,0.0,0.12, , 
,2.74,1600,72.0,0.0,10101010,2.03,1856,66.3,10.30,754.8,2.40,0.0,1.02, , 
,3.77,1920,72.0,0.0,10111110,3.11,1856,72.2,11.33,795.6,3.45,0.0,1.09, , 
,4.75,1248,72.0,0.0,10101010,4.09,1344,0.0,0.00,377.4,4.43,0.0,3.36, , 
,5.84,1536,72.0,0.0,10101010,5.08,1344,57.6,9.27,673.2,5.47,0.0,0.94, , 
,6.95,1792,72.0,0.0,10101010,6.20,1600,62.0,10.30,693.6,6.59,0.0,1.05, , 
,8.02,2016,72.0,-3.1,10101000,7.31,1824,59.2,7.21,673.2,7.66,-3.5,1.48, , 
,9.04,2272,72.0,-2.3,10101000,8.37,2112,54.5,7.21,632.4,8.70,-2.3,1.56, , 
,10.05,2496,72.0,-1.2,10101000,9.37,2304,59.2,8.24,652.8,9.71,-2.3,1.45, , 
,11.11,2656,72.0,2.3,10101000,10.39,2528,54.5,7.21,612.0,10.76,1.2,1.56, , 
,12.12,1440,72.0,0.0,10111110,11.45,2624,0.0,0.00,397.8,11.81,0.0,3.59, , 
,13.13,1792,72.0,0.0,10101010,12.42,960,28.2,4.12,377.4,12.77,0.0,2.70, , 
,14.26,1696,72.0,-5.5,10101010,13.50,1696,22.0,3.09,316.2,13.86,0.0,1.17, , 
,15.32,1696,73.5,-3.5,10101010,14.60,1696,25.1,3.09,336.6,14.99,-3.1,1.52, , 
,16.40,1728,73.5,-1.6,10101010,15.69,1696,32.5,4.12,418.2,16.02,-2.0,1.56, , 
,17.32,992,73.5,0.0,10111110,16.72,1568,0.0,0.00,397.8,17.04,0.0,2.97, , 
,18.22,864,73.5,0.0,10111110,17.60,992,31.0,4.12,418.2,17.90,0.0,1.25, , 
,19.14,864,73.5,0.0,10111110,18.52,864,31.0,4.12,438.6,18.83,0.0,1.13, , 
,20.08,864,73.5,-2.3,10111110,19.47,864,32.5,4.12,438.6,19.79,-1.6,1.41, , 
,21.02,896,73.5,-2.7,10111110,20.39,864,34.1,4.12,459.0,20.71,-2.7,1.48, , 
,21.93,864,73.5,-2.0,10111110,21.32,896,34.1,4.12,438.6,21.62,-2.3,1.52, , 
,22.85,896,73.5,-1.2,10111110,22.23,864,34.1,4.12,459.0,22.55,-1.6,1.52, , 
,23.72,896,73.5,-0.4,10111110,23.15,896,34.1,4.12,459.0,23.42,-0.8,1.52, , 
,24.66,864,73.5,0.0,10111110,24.04,864,34.1,4.12,459.0,24.35,0.0,1.48, , 
,25.56,864,73.5,-0.4,10111110,24.97,896,35.3,4.12,459.0,25.28,0.0,1.45, , 
,26.49,800,73.5,-0.8,10111110,25.88,896,34.1,4.12,459.0,26.19,-0.8,1.45, , 
,27.39,800,73.5,-2.7,10111110,26.79,800,34.1,4.12,459.0,27.09,-2.0,1.33, , 
,28.31,800,73.5,-5.9,10111110,27.69,800,34.1,4.12,459.0,27.99,-5.1,1.33, , 
,29.20,800,73.5,-6.6,10111110,28.60,800,34.1,4.12,459.0,28.89,-6.3,1.45, , 
,30.12,800,73.5,-7.4,10111110,29.50,768,34.1,4.12,459.0,29.81,-7.0,1.45, , 
,31.03,800,73.5,-8.6,10101010,30.42,800,34.1,4.12,459.0,30.72,-7.4,1.48, , 
,31.99,928,75.0,-9.8,10101010,31.36,832,35.3,4.12,459.0,31.68,-9.0,1.48, , 
,32.96,1216,75.0,0.0,10101010,32.28,928,44.3,7.21,550.8,32.61,0.0,1.41, , 
,33.87,800,75.0,0.0,10101010,33.30,1056,51.8,7.21,632.4,33.57,0.0,1.45, , 
,34.83,1184,75.0,0.0,10101010,34.17,864,53.3,7.21,652.8,34.50,0.0,1.17, , 
,35.84,1920,75.0,0.0,10101010,35.13,1344,71.0,12.36,795.6,35.48,0.0,0.66, , 
,36.79,1152,75.0,0.0,10101010,36.17,1632,0.0,0.00,397.8,36.48,0.0,3.40, , 
,37.76,1312,75.0,0.0,10101010,37.10,1152,72.2,12.36,846.6,37.42,0.0,0.94, , 
,38.81,1600,75.0,0.0,10101010,38.10,1376,78.4,12.36,887.4,38.45,0.0,0.82, , 
,39.90,1824,75.0,0.0,10101010,39.18,1728,69.4,9.27,795.6,39.54,0.0,1.37, , 
,40.97,1920,75.0,-0.4,10101010,40.26,1856,42.7,5.15,499.8,40.62,0.0,1.48, , 
,42.05,1952,75.0,-0.8,10101010,41.33,1920,38.4,5.15,459.0,41.69,-0.8,1.48, , 
,43.16,1856,75.0,10.5,10101010,42.42,1952,20.8,2.06,295.8,42.78,0.0,1.72, , 
,44.25,1696,75.0,-0.8,10101010,43.53,1792,19.2,2.06,275.4,43.92,-5.5,1.17, , 
,45.29,1664,75.0,-8.2,10101010,44.61,1696,22.0,2.06,316.2,44.95,-7.0,1.29, , 
,46.34,1568,75.0,-9.0,10111110,45.62,1632,22.0,2.06,316.2,45.97,-10.2,1.41, , 
,47.36,1440,75.0,-7.0,10111110,46.66,1536,23.5,3.09,336.6,47.02,-7.8,1.56, , 
,48.37,1408,75.0,0.0,10101010,47.71,1376,26.7,3.09,357.0,48.04,0.0,1.45, , 
,49.41,1664,75.0,0.0,10101010,48.73,1504,60.4,9.27,714.0,49.07,0.0,1.13, , 
,50.53,1856,76.5,-0.8,10101010,49.78,1696,57.6,8.24,673.2,50.17,-0.8,1.52, , 
,51.61,2176,76.5,-3.1,10101000,50.89,1984,62.0,8.24,714.0,51.25,-1.6,1.45, , 
,52.61,2400,76.5,-0.8,10101000,51.95,2240,59.2,7.21,652.8,52.28,-1.6,1.56, , 
,53.62,1056,76.5,0.0,10101010,52.95,2304,0.0,0.00,377.4,53.31,0.0,3.48, , 
,54.67,1568,76.5,0.0,10101010,53.94,960,34.1,5.15,438.6,54.32,0.0,1.56, , 
,55.77,1504,76.5,-4.7,10101010,55.00,1536,23.5,3.09,336.6,55.40,-7.0,1.05, , 
,56.84,1568,76.5,0.0,10101010,56.15,1536,35.3,4.12,459.0,56.49,0.0,1.52, , 
,57.92,1632,76.5,0.0,10101010,57.21,1600,65.1,9.27,754.8,57.55,0.0,1.48, , 
,58.96,1696,76.5,3.9,10101010,58.29,1664,45.9,6.18,550.8,58.63,3.1,1.60, , 
,60.08,1760,76.5,3.5,10101010,59.34,1696,41.2,5.15,499.8,59.71,3.9,1.52, , 
,61.17,1760,76.5,1.2,10101010,60.42,1760,35.3,4.12,438.6,60.78,1.6,1.37, , 
,62.24,1792,76.5,0.8,10101010,61.52,1792,34.1,4.12,438.6,61.91,1.2,1.45, , 
,63.30,1792,76.5,-3.5,10101010,62.56,1792,32.5,4.12,418.2,62.94,-2.0,1.33, , 
,64.41,1856,76.5,-0.4,10101010,63.67,1824,42.7,6.18,499.8,64.04,0.0,1.45, , 
,65.54,1888,78.0,0.4,10101010,64.78,1856,44.3,6.18,520.2,65.16,0.8,1.48, , 
,66.65,1952,78.0,-2.0,10101010,65.90,1888,41.2,5.15,499.8,66.27,-1.2,1.45, , 
,67.71,1856,78.0,0.0,10101010,67.00,1952,38.4,5.15,479.4,67.37,0.0,1.41, , 
,68.80,1888,78.0,-5.1,10111110,68.07,1984,17.6,2.06,275.4,68.42,10.5,1.88, , 
,69.88,1792,78.0,0.0,10111110,69.17,1792,20.8,2.06,295.8,69.53,0.0,1.29, , 
,70.91,1696,78.0,0.0,10111110,70.23,1760,0.0,0.00,316.2,70.56,0.0,3.95, , 
,71.90,1600,78.0,0.0,10111110,71.25,1664,0.0,0.00,316.2,71.56,0.0,3.98, , 
,72.90,1536,78.0,0.0,10111110,72.23,1600,0.0,0.00,316.2,72.56,0.0,3.91, , 
,74.06,1440,78.0,0.0,10101010,73.28,1536,0.0,0.00,316.2,73.62,0.0,3.32, , 
,75.09,1440,78.0,-8.2,10101010,74.43,1472,25.1,3.09,357.0,74.79,0.0,0.94, , 
,76.22,1440,78.0,-9.0,10101010,75.48,1440,26.7,3.09,377.4,75.87,-8.2,1.37, , 
,77.27,1344,79.5,-9.8,10111110,76.58,1440,25.1,3.09,357.0,76.93,-9.0,1.48, , 
,78.21,800,78.0,-9.4,10111110,77.60,1152,23.5,3.09,336.6,77.90,-9.8,1.52, , 
,79.13,896,78.0,-9.4,10111110,78.51,864,34.1,4.12,459.0,78.81,-9.4,1.45, , 
,80.03,864,78.0,-8.6,10111110,79.43,864,31.0,4.12,438.6,79.73,-9.0,1.52, , 
,80.95,864,78.0,-6.3,10111110,80.34,864,34.1,4.12,459.0,80.64,-7.4,1.60, , 
,81.86,864,78.0,-4.3,10111110,81.25,864,34.1,4.12,459.0,81.55,-5.1,1.56, , 
,82.85,1504,78.0,-3.9,10101010,82.16,864,34.1,4.12,459.0,82.51,-2.7,1.52, , 
,83.99,1472,78.0,0.0,10101010,83.17,1440,35.3,5.15,459.0,83.53,0.0,1.48, , 
,85.10,1760,79.5,0.0,10101010,84.34,1568,73.7,11.33,846.6,84.72,0.0,1.13, , 
,86.16,2144,79.5,-7.0,10101000,85.46,1888,79.6,12.36,887.4,85.81,-4.7,1.37, , 
,87.16,2464,79.5,-9.0,10101000,86.51,2240,73.7,9.27,826.2,86.84,-8.6,1.48, , 
,88.20,1792,79.5,0.0,11111110,87.51,2560,75.3,9.27,826.2,87.84,0.0,1.68, , 
,89.22,1696,79.5,0.0,11101010,88.51,1472,31.0,5.15,397.8,88.87,0.0,1.05, , 
,90.29,1760,79.5,0.0,11101010,89.58,1728,53.3,7.21,632.4,89.94,0.0,1.33, , 
,91.39,1856,79.5,0.0,11101010,90.65,1792,56.1,8.24,652.8,91.02,0.0,1.56, , 
,92.52,1856,79.5,-2.7,11101011,91.76,1856,38.4,5.15,479.4,92.14,-1.2,1.41, , 
,93.42,896,79.5,0.0,11111111,92.82,1568,0.0,0.00,336.6,93.11,0.0,3.24, , 
,94.36,864,79.5,0.0,11111111,93.75,896,34.1,5.15,459.0,94.07,0.0,1.37, , 
,95.26,864,79.5,0.0,11111111,94.66,864,31.0,4.12,438.6,94.96,0.0,0.86, , 
,96.17,864,79.5,-3.1,11111111,95.56,864,32.5,4.12,438.6,95.87,-2.7,1.33, , 
,97.11,864,79.5,-3.5,11111111,96.50,896,32.5,4.12,438.6,96.81,-3.5,1.48, , 
,98.04,800,79.5,-3.1,11111111,97.41,864,32.5,4.12,438.6,97.73,-3.5,1.52, , 
,98.92,800,79.5,0.0,11101011,98.33,800,32.5,4.12,438.6,98.62,-3.9,1.48, , 
,99.89,1216,79.5,0.0,11101011,99.22,992,42.7,6.18,550.8,99.56,0.0,1.45, , 
,100.89,992,79.5,0.0,11101011,100.25,1376,53.3,8.24,652.8,100.59,0.0,1.29, , 
,101.92,1568,81.0,-4.3,11101011,101.22,1184,57.6,8.24,693.6,101.57,-6.3,1.05, , 
,102.91,928,81.0,0.0,11111111,102.25,1728,36.9,4.12,479.4,102.58,0.0,2.58, , 
,103.83,864,81.0,0.0,11111111,103.23,960,32.5,4.12,438.6,103.52,0.0,1.52, , 
,104.74,864,81.0,0.0,11111111,104.14,832,29.4,4.12,418.2,104.44,0.0,0.78, , 
,105.68,1344,81.0,-12.1,11101011,105.04,864,32.5,4.12,438.6,105.35,-10.9,1.05, , 
,106.66,1376,81.0,0.0,11101011,106.01,1184,31.0,3.09,418.2,106.34,-7.8,1.56, , 
,107.74,1984,81.0,0.0,11101001,107.02,1568,66.3,10.30,754.8,107.39,0.0,0.98, , 
,108.71,1920,81.0,0.0,11111111,108.06,2208,62.0,8.24,693.6,108.40,0.0,1.13, , 
,109.74,1376,81.0,0.0,11101011,109.03,1408,25.1,4.12,357.0,109.40,0.0,1.68, , 
,110.71,1568,81.0,0.0,11101011,110.07,1408,56.1,8.24,673.2,110.33,0.0,0.94, , 
,111.80,1824,81.0,-4.3,11101011,111.10,1664,59.2,8.24,693.6,111.44,-4.3,1.37, , 
,112.86,2080,81.0,-3.1,11101001,112.16,1920,53.3,7.21,632.4,112.51,-3.1,1.52, , 
,113.87,2304,81.0,-4.7,11101001,113.19,2144,56.1,7.21,652.8,113.53,-3.5,1.48, , 
,114.90,2528,81.0,-3.5,11101001,114.22,2400,57.6,7.21,652.8,114.55,-4.3,1.48, , 
,115.92,2784,81.0,-6.3,11101001,115.23,2624,54.5,7.21,632.4,115.57,-2.0,1.52, , 
,116.97,1792,81.0,0.0,11101011,116.26,2560,0.0,0.00,357.0,116.61,0.0,3.71, , 
,118.08,1888,81.0,-5.1,11101011,117.34,1824,25.1,3.09,336.6,117.70,0.0,0.86, , 
,119.17,1920,81.0,-3.1,11101011,118.44,1888,40.0,5.15,499.8,118.80,-3.1,1.45, , 
,120.25,1952,81.0,-4.3,11101011,119.53,1920,36.9,4.12,459.0,119.90,-3.9,1.45, , 
,121.34,1952,81.0,-6.3,11101011,120.62,1952,35.3,4.12,438.6,120.98,-5.9,1.41, , 
,122.41,1888,81.0,0.0,11101011,121.71,1952,31.0,3.09,397.8,122.05,0.0,1.48, , 
,123.47,1856,81.0,0.8,11101011,122.76,1920,17.6,2.06,275.4,123.11,-5.9,0.90, , 
,124.54,1728,81.0,-5.1,11111111,123.81,1824,19.2,2.06,295.8,124.18,-4.3,1.33, , 
,125.46,928,81.0,0.0,11111111,124.86,1376,0.0,0.00,336.6,125.16,0.0,3.13, , 
,126.38,864,81.0,0.0,11111111,125.77,896,32.5,4.12,438.6,126.08,0.0,1.17, , 
,127.28,896,81.0,0.0,11111111,126.68,864,31.0,4.12,438.6,126.98,0.0,0.86, , 
,128.23,864,81.0,-4.7,11111111,127.59,896,32.5,4.12,438.6,127.92,-3.5,1.29, , 
,129.17,864,81.0,-6.6,11111111,128.54,864,31.0,4.12,438.6,128.84,-5.9,1.37, , 
,130.13,864,81.0,-6.6,11111111,129.50,864,31.0,4.12,438.6,129.81,-6.6,1.48, , 
,131.06,864,81.0,-6.3,11111111,130.42,864,31.0,4.12,438.6,130.76,-6.6,1.52, , 
,132.10,1664,81.0,-9.8,11101011,131.37,896,31.0,4.12,438.6,131.70,-6.6,1.48, , 
,133.19,1632,81.0,-5.1,11101011,132.45,1632,23.5,3.09,336.6,132.81,-5.1,1.60, , 
,134.29,1568,81.0,-4.7,11101011,133.56,1600,28.2,3.09,377.4,133.93,-4.3,1.56, , 
,135.34,1568,81.0,-5.9,11101011,134.64,1568,28.2,3.09,377.4,134.98,-5.5,1.48, , 
,136.44,1568,81.0,-5.1,11101011,135.70,1568,29.4,3.09,397.8,136.08,-5.5,1.48, , 
,137.50,1600,81.0,-4.7,11101011,136.80,1600,32.5,4.12,418.2,137.14,-4.7,1.48, , 
,138.56,1600,81.0,-5.5,11101011,137.84,1600,31.0,4.12,397.8,138.21,-4.7,1.45, , 
,139.62,1600,81.0,-5.5,11111111,138.94,1568,31.0,4.12,418.2,139.29,-5.1,1.45, , 
,140.70,1472,81.0,-5.5,11111111,139.96,1600,23.5,2.06,336.6,140.33,-4.3,1.48, , 
,141.64,896,81.0,-6.6,11111111,141.02,1312,23.5,3.09,336.6,141.35,-7.8,1.33, , 
,142.57,896,81.0,-9.0,11111111,141.95,800,29.4,4.12,418.2,142.27,-8.2,1.33, , 
,143.48,864,81.0,-9.8,11111111,142.85,864,32.5,4.12,438.6,143.16,-9.8,1.45, , 
,144.39,864,81.0,-9.4,11111111,143.78,864,32.5,4.12,438.6,144.10,-9.4,1.52, , 
,145.32,1248,81.0,-7.8,11101011,144.68,896,32.5,4.12,438.6,144.99,-9.0,1.48, , 
,146.32,1344,81.0,-1.2,11101011,145.64,1280,47.1,7.21,571.2,145.98,0.0,1.41, , 
,147.45,1632,81.0,0.0,11101011,146.75,1440,59.2,9.27,693.6,147.09,0.0,0.94, , 
,148.47,1952,81.0,-6.6,11101011,147.75,1760,72.2,10.30,826.2,148.12,-4.7,1.17, , 
,149.50,2240,81.0,-6.6,11101001,148.81,2048,66.3,8.24,754.8,149.16,-7.0,1.45, , 
,150.54,2496,81.0,-6.6,11101001,149.84,2304,63.5,8.24,693.6,150.23,-7.8,1.45, , 
,151.58,992,81.0,0.0,11101011,150.91,2176,0.0,0.00,336.6,151.25,0.0,3.75, , 
,152.57,1600,81.0,0.0,11101011,151.87,1376,23.5,3.09,336.6,152.20,0.0,1.17, , 
,153.55,1120,81.0,0.0,11111111,152.91,1632,22.0,3.09,316.2,153.23,0.0,1.21, , 
,154.46,896,81.0,0.0,11111111,153.85,864,34.1,6.18,438.6,154.14,0.0,1.99, , 
,155.33,896,81.0,0.0,11111111,154.76,864,31.0,4.12,438.6,155.04,0.0,0.78, , 
,156.24,896,81.0,-3.1,11111111,155.62,896,31.0,4.12,438.6,155.92,-1.6,1.13, , 
,157.16,1056,81.0,0.0,11101011,156.54,896,31.0,4.12,438.6,156.84,-5.1,1.37, , 
,158.11,1504,81.0,0.0,11101011,157.50,1440,34.1,4.12,438.6,157.79,0.0,1.41, , 
,159.21,1888,81.0,0.0,11101011,158.47,1632,76.9,12.36,887.4,158.84,0.0,1.02, , 
,160.26,2208,81.0,0.0,11101001,159.56,2048,72.2,10.30,826.2,159.92,0.0,1.25, , 
,161.29,2400,81.0,0.0,11101001,160.59,2240,45.9,6.18,520.2,160.95,0.0,1.45, , 
,162.31,2720,81.0,0.0,11101001,161.63,2496,71.0,10.30,775.2,161.97,-4.3,1.21, , 
,163.38,1792,81.0,0.0,11101011,162.66,2304,0.0,0.00,316.2,163.00,0.0,3.79, , 
,164.50,1920,81.0,0.0,11101011,163.76,1792,42.7,6.18,499.8,164.13,0.0,1.02, , 
,165.59,2048,81.0,-7.8,11101001,164.87,1952,76.9,11.33,867.0,165.23,-6.3,1.09, , 
,166.63,2208,81.0,-14.1,11101001,165.94,2112,82.7,11.33,907.8,166.28,-12.9,1.29, , 
,167.67,2400,81.0,-16.0,11101001,166.96,2272,84.3,10.30,928.2,167.32,-15.6,1.52, , 
,168.72,2528,81.0,-16.8,11101001,168.02,2432,82.7,10.30,907.8,168.37,-16.4,1.52, , 
,169.73,2688,81.0,0.0,11101001,169.04,2592,81.2,10.30,887.4,169.39,-16.4,1.52, , 
,170.82,1952,81.0,0.0,11101011,170.11,2176,0.0,0.00,316.2,170.45,0.0,3.83, , 
,171.90,1920,81.0,0.0,11111111,171.17,1920,16.1,2.06,244.8,171.54,0.0,1.88, , 
,173.00,1856,81.0,0.0,11111111,172.28,1888,19.2,2.06,275.4,172.64,1.6,1.76, , 
,174.10,1760,81.0,0.0,11111111,173.36,1824,0.0,0.00,295.8,173.75,0.0,3.83, , 
,175.10,1664,81.0,0.0,11111111,174.47,1728,0.0,0.00,316.2,174.79,0.0,3.91, , 
,176.13,1568,81.0,0.0,11111111,175.44,1632,0.0,0.00,316.2,175.78,0.0,3.87, , 
,177.03,1504,81.0,0.0,11111111,176.44,1536,0.0,0.00,316.2,176.76,0.0,3.95, , 
,177.96,1440,81.0,0.0,11111111,177.34,1472,0.0,0.00,316.2,177.61,0.0,3.87, , 
,178.98,1184,81.0,0.0,11111111,178.34,1440,23.5,3.09,336.6,178.68,0.0,2.11, , 
,179.97,1888,82.5,0.0,11101011,179.29,1120,35.3,5.15,438.6,179.62,0.0,0.70, , 
,181.06,1920,82.5,0.0,11101011,180.35,1888,57.6,8.24,673.2,180.71,0.0,1.48, , 
,182.17,2048,82.5,1.2,11101001,181.45,1984,57.6,8.24,673.2,181.80,0.8,1.52, , 
,183.25,2144,82.5,3.5,11101001,182.54,2080,56.1,7.21,652.8,182.89,2.7,1.48, , 
,184.31,2208,81.0,5.1,11101001,183.61,2176,53.3,7.21,612.0,183.96,4.7,1.52, , 
,185.31,2272,82.5,5.5,11101001,184.63,2240,51.8,7.21,612.0,184.95,5.1,1.37, , 
,186.35,2368,82.5,6.3,11101001,185.66,2304,51.8,7.21,612.0,186.00,5.9,1.45, , 
,187.39,2400,82.5,7.8,11101001,186.71,2368,51.8,7.21,591.6,187.06,6.6,1.45, , 
,188.49,2432,82.5,0.0,11111101,187.77,2432,47.1,7.21,550.8,188.12,7.8,1.41, , 
,189.46,2368,82.5,3.9,11111101,188.82,2400,19.2,2.06,275.4,189.15,-0.4,1.48, , 
,190.44,2272,82.5,0.0,11111101,189.79,2368,0.0,0.00,244.8,190.11,0.0,3.59, , 
,191.44,2176,81.0,0.0,11101001,190.79,2240,0.0,0.00,244.8,191.11,0.0,3.95, , 
,192.44,2144,82.5,0.0,11101001,191.77,2144,16.1,2.06,244.8,192.09,0.0,1.56, , 
,193.48,2080,81.0,-2.7,11101001,192.78,2112,23.5,3.09,316.2,193.13,-2.0,1.41, , 
,194.56,2080,81.0,-2.0,11101001,193.84,2080,34.1,4.12,418.2,194.20,-2.0,1.52, , 
,195.64,2080,81.0,-3.5,11101001,194.93,2080,34.1,4.12,418.2,195.28,-2.7,1.41, , 
,196.63,1600,82.5,0.0,11111111,195.97,2080,32.5,4.12,397.8,196.32,-4.7,1.41, , 
,197.52,960,81.0,0.0,11111111,196.92,1088,23.5,3.09,357.0,197.22,0.0,3.48, , 
,198.48,896,81.0,0.0,11111111,197.83,928,29.4,4.12,418.2,198.14,0.0,1.13, , 
,199.38,896,81.0,-1.6,11111111,198.78,896,29.4,4.12,418.2,199.08,0.0,1.09, , 
,200.30,896,81.0,-2.0,11111111,199.68,864,31.0,4.12,438.6,200.00,-2.3,1.45, , 
,201.21,864,81.0,-0.4,11111111,200.60,864,31.0,4.12,438.6,200.90,-1.2,1.52, , 
,202.17,1280,81.0,-0.8,11101011,201.52,864,31.0,4.12,438.6,201.81,0.4,1.48, , 
,203.19,1440,81.0,-1.2,11101011,202.49,1408,23.5,3.09,336.6,202.88,0.0,1.56, , 
,204.23,1312,81.0,-9.0,11111111,203.54,1408,25.1,3.09,357.0,203.88,-6.6,1.21, , 
,205.25,1216,82.5,-8.2,11111111,204.59,1312,23.5,3.09,336.6,204.92,-8.6,1.45, , 
,206.21,1120,82.5,0.0,11101011,205.58,1216,23.5,3.09,336.6,205.89,-7.8,1.56, , 
,207.16,1184,81.0,0.0,11101011,206.54,1184,45.9,7.21,571.2,206.84,0.0,1.45, , 
,208.16,1248,82.5,0.4,11101011,207.48,1184,41.2,6.18,520.2,207.83,-0.8,1.48, , 
,209.13,1184,82.5,-7.4,11101011,208.48,1248,26.7,3.09,377.4,208.82,-3.1,1.29, , 
,210.11,1184,82.5,-6.6,11101011,209.45,1248,22.0,3.09,336.6,209.79,-9.8,1.33, , 
,211.12,1280,82.5,0.0,11101011,210.46,1216,41.2,5.15,520.2,210.79,-6.3,1.52, , 
,212.17,1504,82.5,-2.7,11101011,211.46,1344,56.1,8.24,673.2,211.83,0.0,1.29, , 
,213.29,1664,82.5,1.6,11101011,212.54,1568,50.2,6.18,612.0,212.89,0.4,1.56, , 
,214.33,1792,82.5,3.5,11101011,213.64,1728,42.7,6.18,520.2,213.97,3.9,1.56, , 
,215.39,1824,82.5,0.0,11111111,214.70,1824,26.7,3.09,357.0,215.03,2.3,1.45, , 
,216.55,1536,82.5,-2.7,11111111,215.77,1760,20.8,2.06,295.8,216.13,-2.7,1.33, , 
,217.63,1376,82.5,-3.5,11111111,216.93,1440,23.5,3.09,336.6,217.28,-3.1,1.41, , 
,218.61,1248,81.0,-2.7,11101011,217.96,1312,23.5,3.09,336.6,218.29,-3.5,1.48, , 
,219.60,1248,82.5,-2.7,11101011,218.95,1248,26.7,3.09,377.4,219.29,-3.1,1.48, , 
,220.56,1280,82.5,-5.9,11101011,219.91,1280,26.7,3.09,357.0,220.24,-5.9,1.37, , 
,221.59,1344,82.5,-3.9,11101011,220.91,1248,40.0,5.15,499.8,221.24,-3.5,1.52, , 
,222.58,1440,82.5,-2.3,11101011,221.97,1376,40.0,5.15,499.8,222.29,-2.7,1.52, , 
,223.59,1568,82.5,-0.8,11101011,222.85,1472,40.0,5.15,499.8,223.21,-2.3,1.48, , 
,224.65,1376,82.5,0.0,11111111,223.95,1600,38.4,5.15,479.4,224.32,0.0,1.48, , 
,225.55,1024,82.5,0.0,11111111,224.98,928,28.2,4.12,397.8,225.28,0.0,2.42, , 
,226.47,864,82.5,0.0,11111111,225.86,960,26.7,3.09,377.4,226.17,0.0,0.94, , 
,227.41,864,82.5,-2.0,11111111,226.78,864,29.4,4.12,418.2,227.11,0.0,1.17, , 
,228.30,864,82.5,-3.5,11111111,227.69,896,31.0,4.12,418.2,228.01,-3.5,1.41, , 
,229.21,864,82.5,-3.5,11111111,228.60,864,31.0,4.12,438.6,228.91,-3.5,1.48, , 
,230.12,864,82.5,-2.7,11111111,229.52,864,31.0,4.12,438.6,229.82,-3.1,1.52, , 
,231.04,832,82.5,0.0,11101011,230.42,864,31.0,4.12,438.6,230.73,-1.6,1.56, , 
,232.07,1824,82.5,0.0,11101011,231.38,1696,69.4,10.30,826.2,231.72,0.0,1.09, , 
,233.15,1568,82.5,0.0,11111111,232.42,1664,69.4,10.30,795.6,232.76,0.0,1.21, , 
,234.04,960,82.5,0.0,11111111,233.44,1184,25.1,3.09,357.0,233.74,0.0,3.01, , 
,234.96,832,82.5,0.0,11111111,234.35,928,29.4,4.12,418.2,234.65,0.0,1.13, , 
,235.95,1856,82.5,0.0,11101011,235.25,800,28.2,3.09,418.2,235.58,0.0,1.05, , 
,236.93,896,82.5,0.0,11101011,236.31,1696,38.4,5.15,479.4,236.63,0.0,1.41, , 
,237.92,1632,82.5,0.0,11101011,237.25,1152,76.9,13.39,887.4,237.56,0.0,0.78, , 
,239.01,1632,82.5,0.0,11111111,238.28,1856,54.5,7.21,652.8,238.65,0.0,1.48, , 
,239.90,864,82.5,0.0,11111111,239.30,1024,23.5,3.09,357.0,239.62,0.0,3.36, , 
,240.79,896,82.5,0.0,11111111,240.19,896,31.0,4.12,438.6,240.49,0.0,1.13, , 
,241.69,864,82.5,-1.2,11111111,241.08,896,29.4,4.12,418.2,241.38,0.0,1.02, , 
,242.59,768,82.5,0.0,11101011,241.99,800,28.2,3.09,397.8,242.29,-3.5,1.33, , 
,243.56,1024,82.5,0.0,11111111,242.89,1152,56.1,9.27,673.2,243.27,0.0,1.21, , 
,244.49,1248,82.5,0.0,11101011,243.86,800,36.9,5.15,479.4,244.16,0.0,2.11, , 
,245.48,1344,82.5,-4.7,11111111,244.80,1376,28.2,4.12,397.8,245.13,0.0,1.09, , 
,246.37,768,82.5,-7.0,11111111,245.80,1216,20.8,2.06,316.2,246.09,-8.2,1.25, , 
,247.29,768,82.5,-12.5,11111111,246.72,736,29.4,4.12,418.2,247.01,-10.5,1.17, , 
,248.14,768,82.5,-13.3,11111111,247.58,736,32.5,4.12,459.0,247.85,-13.7,1.48, , 
,249.00,768,82.5,-9.4,11111111,248.43,768,34.1,4.12,479.4,248.72,-10.9,1.64, , 
,249.88,704,82.5,-5.9,11111111,249.32,768,34.1,4.12,479.4,249.60,-7.0,1.64, , 
,250.78,800,82.5,-2.3,11111111,250.17,672,41.2,6.18,520.2,250.47,-3.5,1.64, , 
,251.68,768,82.5,-3.5,11111111,251.08,768,35.3,4.12,499.8,251.38,-3.1,1.41, , 
,252.56,800,82.5,-2.0,11111111,251.97,768,35.3,4.12,479.4,252.27,-2.7,1.60, , 
,253.45,800,82.5,0.0,11111111,252.86,800,35.3,4.12,479.4,253.16,-0.4,1.52, , 
,254.40,768,82.5,0.0,11101011,253.78,800,34.1,4.12,479.4,254.09,0.0,1.45, , 
,255.30,800,82.5,-2.0,11101011,254.70,768,34.1,4.12,459.0,255.00,-2.0,1.37, , 
,256.21,800,82.5,-7.0,11101011,255.61,896,34.1,4.12,479.4,255.92,-3.9,1.33, , 
,257.11,1248,84.0,0.0,11101011,256.48,704,45.9,6.18,550.8,256.78,0.0,1.56, , 
,258.05,1216,84.0,0.0,11111111,257.41,1120,41.2,6.18,520.2,257.74,0.0,1.17, , 
,258.99,768,84.0,-4.7,11111111,258.37,1088,22.0,3.09,336.6,258.66,-2.7,1.13, , 
,259.91,1280,84.0,0.0,11101011,259.28,704,35.3,4.12,459.0,259.58,0.0,1.41, , 
,260.87,896,84.0,0.0,10111111,260.24,1344,26.7,3.09,377.4,260.57,0.0,1.29, , 
,261.82,800,84.0,-8.6,10111111,261.21,768,26.7,3.09,397.8,261.52,-5.9,1.05, , 
,262.71,1440,84.0,0.0,10101011,262.13,800,35.3,4.12,479.4,262.43,0.0,1.56, , 
,263.63,1184,84.0,0.0,10111111,263.02,1440,38.4,5.15,499.8,263.32,-3.9,1.33, , 
,264.63,1280,84.0,-5.1,10111111,263.97,1344,25.1,3.09,357.0,264.32,0.0,1.33, , 
,265.59,832,84.0,-7.0,10111111,264.97,1088,23.5,3.09,357.0,265.28,-5.1,1.21, , 
,266.54,768,84.0,-11.7,10111111,265.92,896,31.0,3.09,418.2,266.23,-10.9,1.21, , 
,267.44,768,84.0,-9.0,10101011,266.81,736,32.5,4.12,459.0,267.12,-10.9,1.60, , 
,268.34,1088,84.0,0.0,10101011,267.72,672,48.6,7.21,612.0,268.01,0.0,1.64, , 
,269.24,704,84.0,-0.8,10101011,268.66,928,38.4,5.15,499.8,268.96,-1.2,1.45, , 
,270.12,800,84.0,0.0,10101011,269.52,832,40.0,5.15,550.8,269.83,0.0,1.33, , 
,271.02,800,84.0,-3.9,10111111,270.43,768,34.1,4.12,479.4,270.73,-3.5,1.33, , 
,271.92,768,84.0,-3.5,10111111,271.32,768,31.0,4.12,438.6,271.63,-3.9,1.48, , 
,272.82,864,84.0,-4.3,10101011,272.21,768,32.5,4.12,459.0,272.50,-3.9,1.48, , 
,273.71,736,84.0,-8.6,10111111,273.11,928,29.4,4.12,418.2,273.41,-8.2,1.29, , 
,274.62,800,84.0,-7.4,10111111,274.02,768,34.1,4.12,459.0,274.33,-7.4,1.48, , 
,275.51,768,84.0,-5.9,10111111,274.92,800,32.5,4.12,459.0,275.22,-6.3,1.56, , 
,276.48,768,84.0,-7.4,10111111,275.85,768,31.0,4.12,438.6,276.18,-6.6,1.37, , 
Środa,05,Sierpień,2026,14:12:02:00009-VCID:1C3761778CABCE7337-515A,Wersja VCDS: AKP 23.3.1,Wersja danych: 20230601 DS346.2
047 906 033 L,,1.4l SIMOS3PA   00HS5401,

,Grupa A:,'001,,,,Grupa B:,'002,,,,Grupa C:,'033
,,Obroty silnika,Temperatura,Lambda,Bity binarnie,,Obroty silnika,Obciążenie,Czas wtrysku,Ciśnienie rzecz.,,Lambda,Napięcie, , 
,CZAS,,,,,CZAS,,,,,CZAS,,,,
Znacznik,ZAPISU, /min,*C, %,,ZAPISU, /min, %, ms, mbar,ZAPISU, %, V,,
,0.01,800,87.0,-7.4,10111111,0.30,800,29.4,3.09,438.6,0.61,-7.8,1.45, , 
,0.91,800,87.0,-7.8,10111111,1.19,768,29.4,3.09,438.6,1.49,-8.2,1.45, , 
,1.77,800,87.0,-8.2,10111111,2.06,768,29.4,3.09,438.6,2.37,-8.2,1.45, , 
,2.67,768,87.0,-8.2,10111111,2.99,800,29.4,3.09,438.6,3.29,-8.2,1.45, , 
,3.57,800,87.0,-8.2,10111111,3.86,800,29.4,3.09,438.6,4.16,-8.6,1.45, , 
,4.46,800,87.0,-9.0,10111111,4.76,800,29.4,3.09,438.6,5.07,-9.0,1.45, , 
,5.36,768,87.0,-9.0,10111111,5.67,800,31.0,3.09,438.6,5.96,-8.6,1.48, , 
,6.26,800,87.0,-8.6,10111111,6.56,800,29.4,3.09,438.6,6.86,-8.6,1.48, , 
,7.17,800,87.0,-8.6,10111111,7.47,800,29.4,3.09,438.6,7.77,-8.6,1.48, , 
,8.07,800,87.0,-8.6,10111111,8.36,800,29.4,3.09,438.6,8.66,-8.2,1.48, , 
,8.95,800,87.0,-8.2,10111111,9.26,800,31.0,3.09,438.6,9.56,-8.2,1.48, , 
,9.87,800,87.0,-8.2,10111111,10.17,768,31.0,3.09,438.6,10.46,-7.8,1.48, , 
,10.76,800,87.0,-7.4,10111111,11.06,800,32.5,4.12,459.0,11.37,-7.0,1.48, , 
,11.70,800,87.0,-7.0,10111111,12.00,800,32.5,4.12,459.0,12.30,-7.8,1.41, , 
,12.59,800,87.0,-7.8,10111111,12.89,800,32.5,4.12,459.0,13.19,-7.8,1.48, , 
,13.48,800,87.0,-7.8,10111111,13.78,800,32.5,4.12,459.0,14.08,-7.8,1.48, , 
,14.38,768,87.0,-8.2,10101011,14.67,768,34.1,4.12,479.4,14.99,0.0,1.56, , 
,15.30,1440,87.0,0.0,10101011,15.67,1408,36.9,4.12,459.0,15.99,-9.4,1.21, , 
,16.31,1504,87.0,-8.6,10101011,16.63,1600,25.1,2.06,357.0,16.95,-6.3,1.64, , 
,17.25,1152,87.0,-4.7,10101011,17.56,928,23.5,3.09,357.0,17.85,-11.3,1.25, , 
,18.13,672,87.0,-13.3,10101011,18.44,704,38.4,4.12,520.2,18.75,-12.9,1.52, , 
,19.04,864,87.0,-12.5,10111111,19.32,864,31.0,3.09,438.6,19.62,0.0,1.41, , 
,20.01,1216,87.0,0.0,10101011,20.34,1632,35.3,4.12,459.0,20.71,0.0,1.05, , 
,21.08,1952,87.0,0.0,10101011,21.41,1664,34.1,4.12,438.6,21.72,0.0,1.45, , 
,22.02,928,87.0,0.0,10111111,22.33,928,32.5,4.12,459.0,22.63,0.0,1.13, , 
,22.93,864,87.0,0.0,10111111,23.23,864,29.4,4.12,418.2,23.54,0.0,0.90, , 
,23.82,800,87.0,-2.3,10111111,24.10,768,36.9,5.15,479.4,24.38,0.0,1.41, , 
,24.70,1216,87.0,0.0,10101011,25.03,1216,48.6,7.21,612.0,25.36,-5.1,1.29, , 
,25.77,1344,87.0,-5.1,10101011,26.09,1472,0.0,0.00,357.0,26.39,0.0,2.46, , 
,26.69,960,87.0,0.0,10111111,26.97,960,31.0,4.12,438.6,27.27,0.0,1.13, , 
,27.57,864,87.0,0.0,10111111,27.88,864,29.4,4.12,418.2,28.17,0.0,0.90, , 
,28.48,800,87.0,0.0,10111111,28.78,768,29.4,4.12,418.2,29.07,-6.6,1.17, , 
,29.35,704,87.0,-7.0,10101011,29.64,704,47.1,6.18,591.6,29.98,0.0,1.56, , 
,30.35,1440,87.0,-4.3,10101011,30.66,1184,41.2,5.15,520.2,31.00,-7.0,1.33, , 
,31.32,1248,88.5,-7.4,10101011,31.60,992,47.1,6.18,591.6,31.89,0.0,1.56, , 
,32.23,896,87.0,0.0,10101011,32.56,992,38.4,4.12,520.2,32.88,0.0,1.13, , 
,33.19,1056,87.0,0.0,10101011,33.51,1056,32.5,4.12,418.2,33.82,0.0,1.29, , 
,34.13,1184,87.0,0.0,10101011,34.47,1280,40.0,5.15,520.2,34.82,-5.9,1.29, , 
,35.11,1440,87.0,-5.1,10101011,35.47,1536,41.2,5.15,520.2,35.87,0.0,1.41, , 
,36.21,1664,87.0,0.0,10111111,36.54,1152,26.7,4.12,377.4,36.85,0.0,3.09, , 
,37.16,1024,88.5,0.0,10111111,37.49,1024,26.7,3.09,397.8,37.81,0.0,0.90, , 
,38.12,992,88.5,0.0,10101011,38.41,1088,29.4,4.12,397.8,38.70,0.0,1.13, , 
,38.99,992,88.5,-3.9,10101011,39.29,1056,29.4,3.09,418.2,39.58,-5.9,1.33, , 
,39.89,1056,88.5,-7.0,10101011,40.20,1056,29.4,3.09,397.8,40.54,-8.6,1.37, , 
,40.87,1056,88.5,-10.2,10101011,41.19,1056,26.7,3.09,377.4,41.50,-12.5,1.41, , 
,41.82,1088,88.5,-12.5,10101011,42.14,1088,29.4,3.09,397.8,42.46,-11.7,1.56, , 
,42.80,1088,87.0,0.0,10101011,43.12,1152,45.9,6.18,571.2,43.46,-2.7,1.33, , 
,43.78,1216,88.5,-3.5,10101011,44.12,1280,40.0,5.15,499.8,44.44,-2.7,1.45, , 
,44.78,1344,88.5,-4.7,10101011,45.13,1312,25.1,3.09,357.0,45.47,-8.6,1.25, , 
,45.85,1312,88.5,-10.5,10101011,46.18,1344,23.5,3.09,336.6,46.51,-6.6,1.45, , 
,46.85,1312,88.5,-6.6,10101011,47.18,1312,25.1,3.09,357.0,47.51,-6.3,1.52, , 
,47.84,1280,88.5,-1.6,10101011,48.18,1312,29.4,3.09,397.8,48.52,-2.0,1.52, , 
,48.83,1344,88.5,-2.0,10101011,49.18,1344,28.2,3.09,397.8,49.52,-2.3,1.52, , 
,49.87,1312,88.5,-2.0,10101011,50.21,1344,28.2,3.09,377.4,50.54,-1.6,1.52, , 
,50.86,1344,88.5,-1.6,10101011,51.19,1344,28.2,3.09,377.4,51.51,-2.0,1.48, , 
,51.83,1344,88.5,-2.3,10101011,52.17,1344,26.7,3.09,377.4,52.53,-2.3,1.45, , 
,52.86,1376,88.5,-3.9,10101011,53.21,1344,23.5,3.09,357.0,53.52,-3.5,1.52, , 
,53.86,1312,88.5,-3.9,10101011,54.21,1344,23.5,3.09,336.6,54.54,-3.5,1.48, , 
,54.88,1408,88.5,-2.0,10101011,55.20,1280,25.1,3.09,357.0,55.56,-2.0,1.52, , 
,55.89,1312,88.5,-2.7,10101011,56.24,1312,25.1,3.09,357.0,56.56,-2.0,1.48, , 
,56.90,1312,88.5,-2.3,10101011,57.28,1312,28.2,3.09,377.4,57.59,-1.6,1.52, , 
,57.95,1312,88.5,-1.2,10101011,58.29,1312,29.4,3.09,397.8,58.64,-2.3,1.45, , 
,58.98,1344,88.5,-1.6,10101011,59.31,1312,31.0,3.09,418.2,59.67,-2.3,1.45, , 
,60.05,1376,88.5,-1.2,10101011,60.39,1376,38.4,4.12,499.8,60.73,-1.6,1.45, , 
,61.08,1408,88.5,-2.3,10101011,61.41,1440,34.1,4.12,459.0,61.72,0.0,1.33, , 
,62.02,1440,88.5,0.0,10101011,62.34,1408,23.5,2.06,336.6,62.70,-9.4,1.21, , 
,63.04,1376,88.5,-9.0,10111111,63.37,1376,22.0,2.06,336.6,63.70,-9.4,1.48, , 
,64.02,1312,88.5,-9.0,10111111,64.35,1248,23.5,2.06,336.6,64.66,-5.9,1.64, , 
,64.97,1152,88.5,-2.7,10111111,65.25,1024,25.1,3.09,377.4,65.55,-2.3,1.68, , 
,65.82,864,88.5,-0.8,10111111,66.11,800,28.2,3.09,418.2,66.41,0.8,1.56, , 
,66.70,864,88.5,0.8,10111111,66.99,800,34.1,4.12,459.0,67.31,-0.4,1.37, , 
,67.64,768,88.5,-1.6,10111111,67.94,864,36.9,4.12,499.8,68.22,-5.5,1.33, , 
,68.53,832,88.5,-5.5,10101011,68.83,832,32.5,3.09,438.6,69.14,-7.8,1.37, , 
,69.44,864,88.5,-5.5,10101011,69.74,896,38.4,5.15,499.8,70.05,-1.6,1.64, , 
,70.36,960,88.5,-0.8,10101011,70.63,960,40.0,5.15,520.2,70.96,-1.6,1.48, , 
,71.26,1024,88.5,-2.0,10101011,71.60,1056,36.9,4.12,479.4,71.92,-2.3,1.41, , 
,72.24,1088,88.5,-3.1,10111111,72.59,1184,25.1,3.09,357.0,72.90,-5.9,1.41, , 
,73.23,992,88.5,-4.7,10111111,73.53,896,26.7,3.09,397.8,73.85,-5.5,1.37, , 
,74.14,864,88.5,-6.3,10111111,74.46,864,29.4,3.09,418.2,74.75,-7.0,1.41, , 
,75.05,864,88.5,-7.4,10111111,75.34,864,31.0,3.09,418.2,75.66,-6.3,1.52, , 
,75.98,896,88.5,-5.9,10111111,76.30,864,29.4,3.09,418.2,76.58,-5.1,1.52, , 
,76.88,800,88.5,-4.7,10111111,77.18,768,31.0,3.09,438.6,77.49,-4.3,1.48, , 
,77.79,800,88.5,-4.3,10111111,78.09,800,31.0,4.12,438.6,78.40,-3.5,1.48, , 
,78.71,800,88.5,-3.5,10111111,79.00,800,31.0,4.12,438.6,79.31,-3.5,1.48, , 
,79.63,768,88.5,-3.5,10101011,79.92,768,45.9,6.18,571.2,80.23,0.0,1.60, , 
,80.59,992,88.5,0.0,10101011,80.93,864,45.9,6.18,591.6,81.24,2.7,1.56, , 
,81.57,1152,88.5,-0.4,10101011,81.89,1248,45.9,6.18,571.2,82.23,-1.6,1.45, , 
,82.53,1472,87.0,-2.3,10101011,82.89,1632,54.5,8.24,652.8,83.23,0.0,1.45, , 
,83.56,1472,88.5,0.0,10111111,83.86,1024,28.2,4.12,397.8,84.19,0.0,2.89, , 
,84.51,1056,88.5,0.0,10101011,84.83,1088,28.2,3.09,377.4,85.13,0.0,0.90, , 
,85.43,1088,88.5,0.0,10101011,85.76,1088,32.5,4.12,438.6,86.09,-3.1,1.33, , 
,86.44,1184,88.5,-1.2,10101011,86.77,1184,34.1,4.12,438.6,87.10,-3.9,1.37, , 
,87.43,1248,88.5,-4.7,10101011,87.77,1280,29.4,3.09,397.8,88.09,-7.0,1.37, , 
,88.41,1312,88.5,-7.4,10101011,88.72,1344,26.7,3.09,357.0,89.05,-9.4,1.41, , 
,89.39,1376,88.5,-5.5,10101011,89.77,1408,32.5,4.12,438.6,90.11,-4.7,1.52, , 
,90.49,1472,88.5,-5.9,10101011,90.80,1504,35.3,4.12,459.0,91.17,-3.9,1.56, , 
,91.52,1536,88.5,-2.7,10101011,91.86,1568,28.2,3.09,377.4,92.21,-1.6,1.56, , 
,92.58,1632,88.5,-1.2,10101011,92.96,1696,54.5,7.21,652.8,93.33,0.0,1.29, , 
,93.69,1888,88.5,0.0,10101011,94.05,1952,57.6,7.21,693.6,94.38,-0.4,1.56, , 
,94.74,2112,88.5,0.0,10101001,95.06,2240,81.2,11.33,907.8,95.39,-7.0,0.98, , 
,95.74,2432,88.5,0.0,10101001,96.08,2464,26.7,3.09,357.0,96.42,0.0,1.48, , 
,96.76,2464,88.5,-0.4,10101001,97.08,2432,19.2,2.06,295.8,97.45,0.0,1.41, , 
,97.80,2496,88.5,0.0,10101001,98.14,2592,56.1,7.21,652.8,98.48,1.2,1.56, , 
,98.81,2720,88.5,0.0,10111101,99.17,2240,0.0,0.00,295.8,99.48,0.0,3.79, , 
,99.79,1216,88.5,0.0,10111111,100.07,1024,25.1,3.09,377.4,100.36,0.0,2.38, , 
,100.65,960,88.5,0.0,10111111,100.95,928,26.7,3.09,397.8,101.25,0.0,0.86, , 
,101.56,896,88.5,0.0,10111111,101.86,928,28.2,3.09,397.8,102.16,-1.6,1.02, , 
,102.45,896,88.5,-3.5,10111111,102.78,896,28.2,3.09,397.8,103.08,-6.6,1.29, , 
,103.37,864,88.5,-7.4,10111111,103.68,864,29.4,3.09,418.2,103.99,-8.2,1.45, , 
,104.30,896,88.5,-11.3,10111111,104.62,896,29.4,3.09,418.2,104.91,-11.3,1.52, , 
,105.20,864,88.5,-10.9,10111111,105.53,896,29.4,3.09,418.2,105.82,-10.2,1.52, , 
,106.12,896,88.5,-9.8,10111111,106.42,864,29.4,3.09,418.2,106.73,-9.0,1.52, , 
,107.04,896,88.5,-8.6,10111111,107.36,896,29.4,3.09,418.2,107.67,-7.8,1.52, , 
,107.98,896,88.5,-7.4,10111111,108.30,896,29.4,3.09,418.2,108.62,-6.6,1.52, , 
,108.95,896,88.5,-6.3,10111111,109.26,896,29.4,3.09,418.2,109.55,-5.9,1.52, , 
,109.87,896,88.5,-5.5,10111111,110.20,896,29.4,3.09,418.2,110.49,-5.5,1.48, , 
,110.78,896,88.5,-5.5,10111111,111.08,896,29.4,3.09,418.2,111.38,-5.1,1.48, , 
,111.67,864,88.5,-5.5,10111111,111.98,896,29.4,3.09,418.2,112.28,-5.5,1.48, , 
,112.58,800,88.5,-5.5,10111111,112.90,768,29.4,3.09,438.6,113.21,-5.5,1.52, , 
,113.50,800,88.5,-5.5,10111111,113.80,800,31.0,3.09,438.6,114.10,-5.5,1.45, , 
,114.38,800,88.5,-5.5,10111111,114.66,800,31.0,4.12,438.6,114.97,-7.8,1.45, , 
,115.27,1024,88.5,-8.2,10101011,115.57,1088,26.7,3.09,377.4,115.89,-10.2,1.41, , 
,116.19,1056,88.5,-10.2,10101011,116.52,1024,26.7,3.09,377.4,116.83,-10.5,1.45, , 
,117.12,992,88.5,-12.1,10101011,117.46,1056,32.5,3.09,438.6,117.78,-9.8,1.64, , 
,118.10,1216,88.5,-7.4,10101011,118.39,1216,38.4,5.15,499.8,118.70,-8.6,1.52, , 
,119.06,992,88.5,-7.0,10101011,119.37,1088,42.7,5.15,550.8,119.69,-5.1,1.52, , 
,120.05,1408,88.5,0.0,10111111,120.39,1440,22.0,3.09,336.6,120.74,-5.1,1.29, , 
,121.08,1216,88.5,-3.9,10111111,121.36,1024,25.1,3.09,357.0,121.66,-5.5,1.29, , 
,121.96,864,88.5,-6.3,10111111,122.26,864,29.4,3.09,418.2,122.58,-9.0,1.29, , 
,122.87,800,88.5,-9.8,10111111,123.15,768,29.4,3.09,438.6,123.46,-10.9,1.45, , 
,123.75,768,88.5,-10.5,10111111,124.06,768,32.5,3.09,459.0,124.36,-9.4,1.60, , 
,124.66,800,88.5,-8.2,10111111,124.95,800,32.5,4.12,459.0,125.26,-6.3,1.60, , 
,125.55,800,88.5,-5.5,10111111,125.86,800,32.5,4.12,459.0,126.17,-4.7,1.52, , 
,126.47,800,88.5,-4.3,10111111,126.76,800,31.0,4.12,459.0,127.08,-3.9,1.48, , 
,127.37,800,88.5,-4.3,10111111,127.67,800,32.5,4.12,459.0,127.97,-4.3,1.41, , 
,128.26,800,88.5,-4.7,10111111,128.56,800,31.0,4.12,438.6,128.86,-5.9,1.41, , 
,129.15,768,88.5,-6.3,10111111,129.46,768,31.0,3.09,438.6,129.75,-6.3,1.48, , 
,130.05,800,88.5,-6.3,10111111,130.34,800,31.0,3.09,438.6,130.67,0.0,1.45, , 
,131.00,1472,88.5,0.0,10101011,131.37,1856,47.1,6.18,591.6,131.72,-1.6,1.41, , 
,132.02,992,88.5,0.0,10101011,132.33,1024,59.2,8.24,714.0,132.64,0.0,1.13, , 
,132.97,1344,88.5,0.0,10111111,133.27,992,28.2,4.12,377.4,133.57,0.0,2.11, , 
,133.83,992,88.5,0.0,10111111,134.14,928,26.7,3.09,377.4,134.45,0.0,0.78, , 
,134.77,864,88.5,0.0,10111111,135.07,896,29.4,4.12,418.2,135.37,0.0,0.94, , 
,135.67,896,88.5,-3.5,10111111,135.95,864,29.4,3.09,418.2,136.27,-7.0,1.25, , 
,136.58,864,88.5,-7.8,10111111,136.86,864,29.4,3.09,418.2,137.16,-8.2,1.48, , 
,137.45,896,90.0,-8.2,10111111,137.75,864,29.4,3.09,418.2,138.06,-7.8,1.52, , 
,138.37,864,88.5,-7.4,10111111,138.69,832,28.2,3.09,418.2,138.99,-6.6,1.48, , 
,139.28,768,90.0,-6.3,10111111,139.59,800,31.0,3.09,438.6,139.88,-5.5,1.52, , 
,140.16,800,90.0,-5.1,10111111,140.46,800,31.0,4.12,438.6,140.76,-4.7,1.45, , 
,141.07,800,90.0,-5.1,10111111,141.37,800,31.0,3.09,438.6,141.68,-5.9,1.37, , 
,142.00,800,90.0,-6.6,10111111,142.31,800,31.0,3.09,438.6,142.60,-7.8,1.37, , 
,142.86,736,90.0,-8.2,10111111,143.17,704,34.1,4.12,479.4,143.44,-9.4,1.52, , 
,143.76,864,90.0,-9.0,10101011,144.07,1056,31.0,3.09,418.2,144.42,-16.4,1.21, , 
,144.73,896,90.0,-15.2,10101011,145.03,832,35.3,4.12,479.4,145.38,-11.3,1.64, , 
,145.68,960,90.0,-14.8,10111111,145.97,896,23.5,2.06,357.0,146.26,-15.6,1.45, , 
,146.56,672,90.0,-15.2,10111111,146.86,736,36.9,4.12,499.8,147.15,-13.7,1.60, , 
,147.45,768,90.0,-12.5,10111111,147.74,768,32.5,3.09,459.0,148.04,-11.7,1.52, , 
,148.34,800,90.0,-11.3,10111111,148.64,768,32.5,3.09,459.0,148.93,-11.3,1.48, , 
,149.24,768,90.0,-10.9,10111111,149.53,768,32.5,3.09,459.0,149.85,-10.5,1.52, , 
,150.15,768,90.0,-10.5,10111111,150.46,800,32.5,3.09,459.0,150.78,-9.8,1.52, , 
,151.08,800,90.0,-9.8,10111111,151.38,800,32.5,3.09,459.0,151.68,-9.0,1.52, , 
,152.00,800,90.0,-9.0,10111111,152.31,800,31.0,3.09,459.0,152.61,-9.0,1.48, , 
,152.90,768,90.0,-9.4,10111111,153.20,800,34.1,4.12,459.0,153.55,0.0,1.56, , 
,153.86,1504,90.0,0.0,10101011,154.25,1504,41.2,5.15,520.2,154.57,-3.9,1.37, , 
,154.87,960,90.0,-3.5,10101011,155.23,960,56.1,8.24,693.6,155.55,0.0,1.25, , 
,155.87,1216,90.0,0.0,10101011,156.28,1440,50.2,6.18,612.0,156.64,-5.9,1.45, , 
,157.03,1664,90.0,0.0,10111111,157.31,1088,26.7,3.09,377.4,157.62,0.0,3.20, , 
,157.96,1056,90.0,0.0,10111111,158.29,1024,26.7,3.09,377.4,158.60,0.0,0.86, , 
,158.89,896,90.0,0.0,10111111,159.20,864,28.2,3.09,397.8,159.52,0.0,1.02, , 
,159.83,896,90.0,-2.3,10111111,160.15,896,28.2,3.09,397.8,160.47,-6.3,1.25, , 
,160.79,896,90.0,-7.0,10111111,161.09,864,28.2,3.09,418.2,161.40,-7.4,1.45, , 
,161.72,896,90.0,-7.8,10111111,162.02,864,29.4,3.09,418.2,162.32,-7.0,1.52, , 
,162.66,896,90.0,-7.0,10111111,162.96,896,29.4,3.09,418.2,163.26,-6.3,1.48, , 
,163.59,896,90.0,-6.3,10111111,163.91,896,28.2,3.09,418.2,164.21,-5.9,1.52, , 
,164.50,864,90.0,-5.5,10111111,164.81,832,28.2,3.09,397.8,165.11,-5.1,1.48, , 
,165.40,768,90.0,-5.1,10111111,165.73,768,31.0,3.09,438.6,166.03,-5.5,1.45, , 
,166.33,768,90.0,-5.5,10111111,166.63,800,31.0,3.09,438.6,166.92,-7.0,1.33, , 
,167.22,800,90.0,-7.8,10111111,167.50,768,31.0,3.09,438.6,167.79,-8.6,1.45, , 
,168.10,768,90.0,-9.0,10111111,168.39,768,31.0,3.09,459.0,168.69,-8.6,1.48, , 
,169.00,768,90.0,-8.6,10111111,169.31,800,31.0,3.09,438.6,169.61,-8.6,1.48, , 
,169.92,768,90.0,-9.4,10101011,170.28,896,94.5,17.51,1071.0,170.61,0.0,0.70, , 
,170.94,2528,91.5,0.0,10101001,171.26,2496,82.7,12.36,907.8,171.59,-8.6,0.90, , 
,171.92,2304,90.0,0.0,10101001,172.26,2368,88.6,13.39,989.4,172.60,-3.5,1.25, , 
,172.91,3040,90.0,0.0,10111101,173.23,2496,20.8,3.09,295.8,173.61,0.0,1.25, , 
,173.97,1888,90.0,0.0,10101011,174.34,1920,54.5,6.18,652.8,174.70,0.0,1.29, , 
,175.07,1888,90.0,0.0,10101011,175.44,1856,16.1,2.06,244.8,175.79,12.1,1.88, , 
,176.16,1920,90.0,5.1,10101011,176.52,1888,20.8,2.06,295.8,176.89,0.0,1.37, , 
,177.27,1920,91.5,-2.3,10101011,177.64,1856,25.1,3.09,357.0,178.02,-5.1,1.37, , 
,178.36,1856,91.5,-5.5,10101011,178.71,1856,38.4,5.15,479.4,179.07,0.0,1.56, , 
,179.42,1952,91.5,0.0,10101011,179.79,2016,53.3,7.21,632.4,180.15,1.6,1.56, , 
,180.50,2144,91.5,2.0,10101001,180.84,2176,50.2,6.18,591.6,181.18,2.3,1.45, , 
,181.54,2272,91.5,3.5,10101001,181.88,2336,71.0,10.30,795.6,182.21,-5.5,1.25, , 
,182.55,2560,91.5,-6.6,10101001,182.86,2656,72.2,9.27,846.6,183.21,0.0,3.20, , 
,183.55,1728,91.5,0.0,11101011,183.91,1792,32.5,4.12,418.2,184.28,0.0,1.29, , 
,184.65,1792,91.5,0.0,11101011,185.04,1824,60.4,8.24,714.0,185.41,-2.7,1.48, , 
,185.77,1888,91.5,-2.7,11101011,186.13,1920,59.2,8.24,693.6,186.49,-2.7,1.41, , 
,186.85,1984,91.5,0.0,11101011,187.19,2016,78.4,11.33,887.4,187.53,-6.6,1.02, , 
,187.88,2112,91.5,-7.0,11101001,188.22,2208,84.3,11.33,948.6,188.56,-12.5,1.33, , 
,188.89,2272,91.5,-14.1,11101001,189.23,2336,73.7,10.30,846.6,189.57,0.0,1.48, , 
,189.94,2400,91.5,0.0,11101001,190.27,2432,51.8,7.21,612.0,190.63,0.8,1.52, , 
,190.97,2464,91.5,1.6,11101001,191.33,2464,31.0,4.12,397.8,191.69,-2.7,1.25, , 
,192.05,2496,91.5,-4.3,11101001,192.39,2496,26.7,3.09,357.0,192.73,0.0,2.46, , 
,193.08,1536,91.5,0.0,11111111,193.39,1184,25.1,3.09,357.0,193.73,0.0,2.34, , 
,194.08,1792,91.5,0.0,11101011,194.43,1792,19.2,2.06,295.8,194.83,0.0,1.37, , 
,195.18,1792,91.5,-3.1,11101011,195.49,1792,19.2,2.06,295.8,195.83,-1.2,1.33, , 
,196.23,1792,91.5,-1.2,11101011,196.60,1760,19.2,2.06,295.8,196.97,-2.3,1.25, , 
,197.34,1760,91.5,0.8,11101011,197.70,1760,20.8,2.06,316.2,198.05,-0.8,1.52, , 
,198.41,1760,90.0,2.0,11101011,198.77,1760,22.0,3.09,316.2,199.12,5.1,1.60, , 
,199.51,1728,91.5,3.9,11101011,199.87,1760,28.2,3.09,377.4,200.23,1.2,1.37, , 
,200.59,1728,91.5,0.8,11101011,200.95,1760,28.2,3.09,377.4,201.31,-1.2,1.37, , 
,201.67,1728,91.5,-1.6,11101011,202.03,1728,28.2,3.09,377.4,202.40,-2.0,1.41, , 
,202.78,1728,91.5,-1.6,11101011,203.14,1728,26.7,3.09,357.0,203.50,-2.0,1.41, , 
,203.87,1728,90.0,-1.2,11101011,204.20,1696,26.7,3.09,357.0,204.56,-1.6,1.45, , 
,204.93,1696,91.5,-2.0,11101011,205.32,1696,26.7,3.09,377.4,205.70,-2.7,1.45, , 
,206.07,1696,91.5,-3.1,11101011,206.45,1664,25.1,3.09,357.0,206.79,-3.1,1.48, , 
,207.13,1632,90.0,-3.1,11111111,207.47,1600,20.8,2.06,316.2,207.82,-1.2,1.52, , 
,208.22,1472,91.5,0.4,11111111,208.54,1408,22.0,3.09,336.6,208.90,-1.2,1.33, , 
,209.24,1312,91.5,-2.0,11111111,209.56,1312,22.0,3.09,336.6,209.86,-0.4,1.52, , 
,210.17,1248,91.5,0.4,11111111,210.50,1216,23.5,3.09,336.6,210.80,0.0,1.45, , 
,211.11,1152,90.0,0.0,11111111,211.42,1152,23.5,3.09,357.0,211.74,-1.6,1.37, , 
,212.05,1056,90.0,-1.2,11111111,212.32,992,25.1,3.09,357.0,212.64,-2.7,1.41, , 
,212.94,864,90.0,-2.0,11111111,213.26,896,29.4,4.12,418.2,213.57,-2.0,1.48, , 
,213.89,896,90.0,-1.6,11111111,214.20,896,29.4,3.09,418.2,214.51,-1.2,1.52, , 
,214.84,896,90.0,-0.8,11111111,215.16,896,28.2,3.09,418.2,215.47,-0.4,1.48, , 
,215.81,1056,90.0,-0.4,11101011,216.11,1504,23.5,3.09,336.6,216.43,-1.6,1.45, , 
,216.74,1408,90.0,0.0,11101011,217.04,1408,51.8,7.21,632.4,217.35,0.0,0.94, , 
,217.74,1568,90.0,0.0,11101011,218.10,1664,62.0,8.24,734.4,218.46,-3.9,1.37, , 
,218.80,1824,90.0,-2.7,11101011,219.16,1888,53.3,7.21,632.4,219.51,-1.2,1.52, , 
,219.87,1984,90.0,-1.2,11101001,220.23,2048,51.8,7.21,632.4,220.57,0.4,1.52, , 
,220.91,2176,90.0,0.8,11101001,221.24,2240,59.2,8.24,673.2,221.56,-1.6,1.33, , 
,221.90,2368,90.0,-3.9,11101001,222.26,2464,59.2,8.24,673.2,222.60,-3.9,1.41, , 
,222.95,2624,90.0,-3.5,11101001,223.29,2368,0.0,0.00,336.6,223.68,0.0,3.67, , 
,224.04,1536,90.0,0.0,11101011,224.38,1696,22.0,3.09,316.2,224.72,0.0,1.05, , 
,225.08,1664,90.0,0.0,11101011,225.42,1696,32.5,4.12,418.2,225.77,-0.8,1.48, , 
,226.12,1696,90.0,-0.8,11101011,226.48,1696,34.1,4.12,438.6,226.90,0.0,1.45, , 
,227.26,1696,90.0,0.0,11101011,227.63,1696,32.5,4.12,438.6,227.99,0.4,1.48, , 
,228.34,1728,91.5,0.0,11101011,228.70,1696,31.0,4.12,418.2,229.04,0.0,1.48, , 
,229.39,1696,90.0,2.0,11111111,229.76,1664,22.0,3.09,316.2,230.10,4.7,1.52, , 
,230.42,1408,90.0,2.7,11111111,230.74,1312,22.0,3.09,336.6,231.04,-3.5,1.25, , 
,231.35,1120,90.0,-1.6,11111111,231.69,1120,23.5,3.09,357.0,231.99,-2.7,1.45, , 
,232.31,1056,90.0,-1.6,11101011,232.63,1056,25.1,3.09,357.0,232.96,-2.3,1.45, , 
,233.27,1024,90.0,-2.0,11101011,233.58,1056,36.9,5.15,479.4,233.89,2.3,1.60, , 
,234.19,1056,90.0,2.3,11101011,234.49,1088,42.7,6.18,550.8,234.79,0.8,1.45, , 
,235.12,1120,90.0,0.4,11101011,235.45,1120,47.1,6.18,591.6,235.77,0.4,1.45, , 
,236.10,1152,90.0,-1.2,11101011,236.45,1184,35.3,4.12,479.4,236.72,0.0,1.25, , 
,236.98,1504,90.0,0.0,11111111,237.30,1472,22.0,3.09,336.6,237.60,-0.4,1.45, , 
,237.95,1312,90.0,-5.1,11111111,238.30,1088,23.5,3.09,357.0,238.61,-3.9,1.45, , 
,238.91,864,91.5,-3.9,11111111,239.19,896,29.4,3.09,418.2,239.50,-4.3,1.41, , 
,239.81,896,91.5,-4.3,11111111,240.13,896,29.4,3.09,418.2,240.44,-4.3,1.48, , 
,240.73,896,90.0,-4.3,11111111,241.03,832,26.7,3.09,397.8,241.32,0.0,1.45, , 
,241.67,1024,90.0,0.0,11101011,242.03,1472,40.0,5.15,520.2,242.33,-5.1,1.25, , 
,242.62,768,91.5,0.0,11101011,242.97,960,53.3,7.21,652.8,243.29,0.0,1.21, , 
,243.59,1376,91.5,0.0,11101011,243.92,1664,69.4,10.30,826.2,244.28,0.0,0.98, , 
,244.60,1440,90.0,0.0,11111111,244.89,992,29.4,4.12,397.8,245.19,0.0,2.42, , 
,245.49,1120,90.0,0.0,11101011,245.80,1152,51.8,7.21,632.4,246.13,0.0,1.37, , 
,246.45,1280,90.0,0.0,11101011,246.82,1344,56.1,7.21,673.2,247.25,-4.3,1.37, , 
,247.58,1504,91.5,-4.3,11101011,247.94,1568,47.1,6.18,591.6,248.27,-2.7,1.52, , 
,248.64,1664,91.5,-2.7,11101011,248.98,1696,41.2,5.15,520.2,249.34,-1.6,1.52, , 
,249.73,1728,91.5,-2.7,11101011,250.11,1760,26.7,3.09,357.0,250.47,-2.7,1.45, , 
,250.81,1760,91.5,-1.2,11101011,251.16,1696,20.8,2.06,295.8,251.50,-7.4,1.21, , 
,251.84,1728,91.5,-1.2,11101011,252.19,1632,20.8,2.06,316.2,252.55,-7.8,1.29, , 
,252.87,1600,91.5,-8.6,11111111,253.22,1600,20.8,2.06,316.2,253.59,-5.9,1.52, , 
,253.91,1568,91.5,-5.1,11111111,254.23,1504,22.0,2.06,316.2,254.50,-1.6,1.60, , 
,254.84,1344,91.5,0.0,11111111,255.16,1120,23.5,3.09,336.6,255.47,-2.3,1.37, , 
,255.78,864,91.5,-2.7,11111111,256.09,896,29.4,3.09,418.2,256.38,-3.1,1.45, , 
,256.68,864,91.5,-3.1,11111111,257.01,896,29.4,4.12,418.2,257.31,-2.7,1.48, , 
,257.61,896,91.5,-2.7,11111111,257.91,896,29.4,3.09,418.2,258.20,-3.1,1.41, , 
,258.50,896,91.5,-3.5,11111111,258.79,896,29.4,3.09,418.2,259.09,-4.3,1.41, , 
,259.40,864,91.5,-4.3,11111111,259.70,896,29.4,3.09,418.2,260.00,-3.5,1.52, , 
,260.30,896,91.5,-3.1,11111111,260.59,896,29.4,4.12,418.2,260.91,-2.3,1.52, , 
,261.22,896,91.5,-2.0,11111111,261.52,896,29.4,4.12,418.2,261.84,-1.6,1.48, , 
,262.16,896,91.5,-1.6,11111111,262.46,832,28.2,3.09,397.8,262.77,-1.6,1.41, , 
,263.06,768,91.5,-2.0,11111111,263.36,800,29.4,4.12,438.6,263.65,-1.6,1.48, , 
,263.95,800,91.5,-1.2,11111111,264.25,800,29.4,4.12,438.6,264.55,-1.2,1.45, , 
,264.83,800,91.5,-1.2,11111111,265.13,800,29.4,4.12,438.6,265.43,-1.6,1.45, , 
,265.74,800,91.5,-1.6,10111111,266.03,800,29.4,4.12,438.6,266.33,-2.0,1.45, , 
,266.62,800,91.5,-2.0,10111111,266.92,800,29.4,3.09,438.6,267.22,-2.0,1.45, , 
,267.52,800,91.5,-2.0,10111111,267.81,768,29.4,3.09,438.6,268.14,0.0,1.48, , 
,268.49,1472,91.5,0.0,10101011,268.81,1632,35.3,4.12,459.0,269.13,-2.3,1.37, , 
,269.45,1184,91.5,-3.9,10101011,269.77,1536,26.7,3.09,377.4,270.07,0.0,1.76, , 
,270.36,960,91.5,0.0,10111111,270.66,864,25.1,3.09,377.4,270.97,0.0,1.84, , 
,271.25,800,93.0,0.0,10101011,271.56,928,45.9,7.21,571.2,271.90,0.0,1.33, , 
,272.23,1376,91.5,0.0,10101011,272.56,1216,41.2,5.15,520.2,272.89,0.4,1.56, , 
,273.23,960,91.5,2.0,10101011,273.54,1088,45.9,6.18,591.6,273.85,0.4,1.41, , 
,274.16,1376,91.5,0.0,10101011,274.50,1568,59.2,8.24,714.0,274.85,-3.1,1.33, , 
,275.22,2016,91.5,-1.2,10101001,275.55,2208,51.8,7.21,612.0,275.90,0.0,1.60, , 
,276.24,1536,91.5,0.0,11111111,276.51,1088,23.5,3.09,357.0,276.83,0.0,3.48, , 
,277.16,1280,91.5,0.0,10101011,277.45,1248,34.1,5.15,438.6,277.81,0.0,1.17, , 
,278.13,1344,91.5,0.0,10101011,278.48,1408,51.8,7.21,652.8,278.87,-3.5,1.29, , 
,279.21,1536,91.5,-2.7,10101011,279.57,1568,47.1,6.18,591.6,279.93,-0.8,1.52, , 
,280.29,1696,91.5,-0.8,10101011,280.66,1728,44.3,5.15,550.8,281.03,1.2,1.52, , 
,281.37,1824,91.5,0.8,10101011,281.75,1856,40.0,5.15,499.8,282.10,0.4,1.45, , 
,282.47,1952,91.5,0.4,10101011,282.82,1984,36.9,5.15,459.0,283.16,-2.0,1.33, , 
,283.51,2016,93.0,-3.5,10101001,283.87,2048,35.3,4.12,459.0,284.21,-5.9,1.33, , 
,284.53,2112,93.0,-6.6,10101001,284.88,2144,38.4,4.12,479.4,285.22,-6.6,1.48, , 
,285.55,2208,93.0,-2.0,10101001,285.89,2272,47.1,5.15,571.2,286.23,-2.0,1.52, , 
,286.57,2336,93.0,-2.3,11101001,286.90,2368,31.0,3.09,397.8,287.25,-6.3,1.33, , 
,287.57,2400,93.0,-7.0,11101001,287.92,1952,0.0,0.00,275.4,288.23,0.0,3.59, , 
,288.58,992,93.0,0.0,11111111,288.93,1408,32.5,4.12,438.6,289.27,0.0,1.17, , 
,289.61,1568,93.0,0.0,10101011,289.96,1536,22.0,3.09,316.2,290.32,-6.3,1.21, , 
,290.70,1536,93.0,-9.0,10101011,291.06,1536,22.0,2.06,316.2,291.48,-9.8,1.37, , 
,291.75,1504,93.0,-6.6,10101011,292.15,1536,22.0,2.06,316.2,292.52,-3.9,1.64, , 
,292.93,1472,93.0,-2.3,10101011,293.27,1472,22.0,2.06,336.6,293.71,-2.0,1.48, , 
,294.00,1472,93.0,-1.2,10101011,294.27,1472,29.4,3.09,397.8,294.64,0.8,1.60, , 
,295.08,1472,93.0,1.2,10101011,295.37,1504,36.9,4.12,479.4,295.75,3.1,1.56, , 
,296.11,1536,94.5,7.0,10101011,296.46,1568,50.2,6.18,612.0,296.82,9.8,1.56, , 
,297.18,1600,93.0,10.2,10101011,297.53,1632,50.2,6.18,612.0,297.90,12.1,1.48, , 
,298.25,1696,93.0,12.5,10101011,298.59,1728,47.1,6.18,571.2,298.96,12.9,1.41, , 
,299.28,1760,93.0,13.3,10101011,299.61,1792,42.7,5.15,550.8,299.99,11.7,1.29, , 
,300.37,1824,93.0,8.2,10101011,300.74,1824,29.4,3.09,397.8,301.10,6.6,1.33, , 
,301.48,1824,93.0,-5.5,10101011,301.85,1824,28.2,3.09,377.4,302.23,-5.9,1.45, , 
,302.58,1824,93.0,-5.1,10101011,302.96,1824,29.4,3.09,397.8,303.31,-5.1,1.48, , 
,303.69,1824,93.0,-5.1,10101011,304.04,1856,29.4,3.09,397.8,304.41,-5.1,1.45, , 
,304.77,1856,93.0,-5.1,10101011,305.14,1856,28.2,3.09,377.4,305.51,-5.5,1.41, , 
,305.87,1856,93.0,-5.9,10101011,306.24,1856,28.2,3.09,377.4,306.59,-5.5,1.45, , 
,306.97,1824,93.0,-2.7,10101011,307.35,1856,28.2,3.09,377.4,307.76,-2.3,1.48, , 
,308.14,1856,93.0,-2.0,10101011,308.51,1856,28.2,3.09,377.4,308.86,-2.0,1.41, , 
,309.24,1856,93.0,-2.3,10101011,309.59,1856,28.2,3.09,377.4,309.96,-2.3,1.41, , 
,310.35,1856,93.0,-3.5,10101011,310.72,1856,23.5,2.06,336.6,311.10,-2.3,1.48, , 
,311.47,1856,93.0,5.5,10101011,311.80,1824,17.6,2.06,275.4,312.12,5.1,1.56, , 
,312.46,1760,93.0,4.3,10101011,312.83,1760,19.2,2.06,295.8,313.22,6.6,1.52, , 
,313.60,1728,93.0,1.6,10101011,313.99,1760,20.8,2.06,295.8,314.33,0.0,1.25, , 
,314.66,1728,93.0,-2.0,10101011,315.00,1728,20.8,2.06,295.8,315.37,0.8,1.45, , 
,315.74,1696,93.0,2.3,10101011,316.07,1696,29.4,3.09,397.8,316.47,1.6,1.45, , 
,316.86,1696,93.0,2.0,10101011,317.19,1696,32.5,4.12,438.6,317.54,2.3,1.45, , 
,317.92,1728,93.0,2.0,10101011,318.28,1728,40.0,5.15,499.8,318.70,3.9,1.45, , 
,319.07,1760,93.0,3.9,10101011,319.47,1792,42.7,6.18,520.2,319.81,4.7,1.41, , 
,320.19,1824,93.0,3.9,10101011,320.56,1824,41.2,5.15,499.8,320.93,5.5,1.45, , 
,321.33,1856,93.0,5.9,10101011,321.68,1888,38.4,5.15,479.4,322.06,5.5,1.41, , 
,322.43,1888,93.0,4.3,10101011,322.79,1920,34.1,4.12,438.6,323.15,2.3,1.33, , 
,323.52,1920,93.0,1.6,10101011,323.91,1920,34.1,4.12,418.2,324.28,0.0,1.33, , 
,324.65,1920,93.0,0.0,10101011,325.00,1920,35.3,4.12,459.0,325.36,0.0,1.45, , 
,325.71,1952,93.0,0.0,10101011,326.07,1952,34.1,4.12,438.6,326.45,-0.8,1.41, , 
,326.80,1952,93.0,-1.6,10101011,327.15,1952,34.1,4.12,438.6,327.52,-2.0,1.41, , 
,327.87,1952,93.0,-3.5,10101011,328.24,1952,26.7,3.09,357.0,328.59,-3.5,1.45, , 
,328.95,1920,93.0,-3.1,10101011,329.29,1888,0.0,0.00,275.4,329.64,0.0,3.36, , 
,329.93,928,93.0,0.0,10111111,330.29,960,31.0,4.12,418.2,330.61,0.0,1.64, , 
,330.92,960,93.0,0.0,10111111,331.22,896,26.7,3.09,377.4,331.52,0.0,0.90, , 
,331.82,896,93.0,0.0,10111111,332.14,896,28.2,3.09,418.2,332.46,-0.8,1.41, , 
,332.77,864,93.0,-0.8,10111111,333.04,864,28.2,3.09,418.2,333.38,-0.4,1.52, , 
,333.72,960,94.5,0.0,10111111,334.04,1024,25.1,3.09,357.0,334.35,0.0,1.41, , 
,334.67,1056,91.5,0.4,10111111,334.96,992,22.0,3.09,336.6,335.24,2.3,1.56, , 
,335.58,928,93.0,2.7,10111111,335.88,928,25.1,3.09,357.0,336.19,2.3,1.37, , 
,336.51,928,93.0,4.3,10101011,336.83,896,32.5,4.12,459.0,337.12,6.6,1.56, , 
,337.43,928,93.0,7.4,10101011,337.70,960,53.3,8.24,652.8,337.97,0.0,1.52, , 
,338.29,1088,93.0,0.0,10111111,338.60,1152,23.5,3.09,357.0,338.95,-1.2,1.21, , 
,339.25,928,93.0,-1.6,10111111,339.52,864,26.7,3.09,397.8,339.81,-2.0,1.41, , 
,340.11,896,93.0,-2.0,10111111,340.40,864,34.1,4.12,438.6,340.75,0.0,1.48, , 
,341.08,1024,93.0,0.0,10101011,341.38,928,53.3,8.24,652.8,341.70,0.0,1.48, , 
,342.05,1344,93.0,0.0,10111111,342.35,1536,22.0,3.09,336.6,342.69,0.0,1.64, , 
,343.03,1344,93.0,2.0,10111111,343.35,1184,22.0,3.09,336.6,343.70,0.0,1.25, , 
,344.03,1024,93.0,0.0,10101011,344.37,1120,56.1,8.24,673.2,344.70,0.0,1.41, , 
,345.06,1472,93.0,0.0,10101011,345.38,1728,62.0,9.27,734.4,345.73,0.0,1.29, , 
,346.10,1664,93.0,0.0,10111111,346.43,1120,26.7,3.09,377.4,346.75,0.0,2.38, , 
,347.09,1280,93.0,0.0,10101011,347.42,1248,71.0,11.33,846.6,347.72,0.0,1.13, , 
,348.05,1472,93.0,0.0,10101011,348.40,1600,75.3,11.33,887.4,348.76,-2.7,1.41, , 
,349.14,1856,93.0,-3.9,10101011,349.49,1952,69.4,9.27,795.6,349.84,-5.1,1.41, , 
,350.22,1664,93.0,0.0,10111111,350.49,1120,25.1,3.09,377.4,350.83,0.0,3.40, , 
,351.12,1056,93.0,0.0,10111111,351.41,1024,25.1,3.09,377.4,351.67,0.0,1.09, , 
,351.98,928,93.0,0.0,10111111,352.29,832,26.7,3.09,377.4,352.61,0.0,1.09, , 
,352.91,896,93.0,0.0,10111111,353.22,896,28.2,3.09,418.2,353.54,-2.7,1.29, , 
,353.84,864,93.0,-3.5,10111111,354.16,928,40.0,5.15,499.8,354.51,0.0,1.09, , 
,354.82,1440,93.0,0.0,10101011,355.14,1216,48.6,7.21,612.0,355.46,0.0,1.45, , 
,355.77,1152,93.0,0.0,10101011,356.10,1248,73.7,11.33,867.0,356.44,0.0,1.13, , 
,356.74,1472,93.0,0.0,10101011,357.09,1568,81.2,12.36,948.6,357.46,-3.9,1.33, , 
,357.84,1824,94.5,-5.9,11101011,358.20,1984,84.3,11.33,948.6,358.54,-8.6,1.41, , 
,358.89,2208,94.5,-9.4,11101001,359.23,1952,0.0,0.00,377.4,359.54,0.0,3.63, , 
,359.85,992,94.5,0.0,11111111,360.28,1312,28.2,4.12,377.4,360.60,0.0,1.02, , 
,360.97,1376,93.0,0.0,11101011,361.30,1408,31.0,4.12,418.2,361.63,-7.0,1.17, , 
,361.98,1376,94.5,-5.9,11101011,362.34,1408,29.4,4.12,397.8,362.71,-7.0,1.37, , 
,363.07,1408,94.5,-7.0,11111111,363.43,1408,23.5,3.09,336.6,363.79,-6.6,1.48, , 
,364.13,1376,94.5,-5.9,11111111,364.46,1376,22.0,3.09,336.6,364.80,-3.5,1.60, , 
,365.12,1344,94.5,-2.3,11111111,365.43,1312,23.5,3.09,336.6,365.76,-0.8,1.52, , 
,366.10,1184,94.5,-1.2,11111111,366.41,1152,23.5,3.09,357.0,366.71,-0.4,1.48, , 
,367.03,1120,94.5,-0.4,11111111,367.34,1120,25.1,3.09,357.0,367.67,-0.4,1.41, , 
,367.98,1088,94.5,-1.2,11111111,368.30,1056,25.1,3.09,357.0,368.62,-0.8,1.45, , 
,368.96,1024,94.5,1.2,11101011,369.29,1088,29.4,4.12,418.2,369.61,1.6,1.45, , 
,369.92,1152,94.5,-2.0,11111111,370.21,1120,23.5,3.09,357.0,370.54,-3.5,1.37, , 
,370.85,864,94.5,-2.0,10111111,371.15,864,29.4,4.12,418.2,371.46,0.0,1.56, , 
,371.76,896,94.5,0.4,10111111,372.09,896,29.4,4.12,418.2,372.37,1.2,1.45, , 
,372.69,896,94.5,1.2,10111111,372.98,896,29.4,4.12,418.2,373.29,1.2,1.48, , 
,373.58,896,94.5,1.6,10111111,373.89,896,29.4,4.12,418.2,374.21,1.6,1.45, , 
,374.51,896,94.5,1.6,10111111,374.81,896,29.4,4.12,418.2,375.12,1.6,1.41, , 
,375.42,896,94.5,1.2,10111111,375.70,864,29.4,4.12,418.2,376.00,1.2,1.45, , 
,376.30,896,94.5,1.2,10111111,376.59,896,29.4,4.12,418.2,376.88,0.8,1.37, , 
,377.17,896,94.5,0.4,10111111,377.49,896,29.4,4.12,418.2,377.78,0.0,1.41, , 
,378.10,896,94.5,0.0,10111111,378.39,864,29.4,4.12,418.2,378.71,-0.4,1.45, , 
,379.00,896,94.5,-0.4,10111111,379.31,864,29.4,4.12,418.2,379.59,0.0,1.48, , 
,379.90,896,94.5,0.4,10111111,380.19,896,29.4,4.12,418.2,380.49,0.4,1.45, , 
,380.80,896,94.5,0.4,10111111,381.12,896,29.4,4.12,418.2,381.44,0.0,1.41, , 
,381.74,896,94.5,0.0,10111111,382.04,896,29.4,4.12,418.2,382.34,0.0,1.45, , 
,382.65,896,94.5,0.0,10111111,382.95,896,29.4,4.12,418.2,383.23,0.0,1.41, , 
,383.52,896,94.5,-0.4,10101011,383.85,896,40.0,5.15,499.8,384.19,0.0,1.56, , 
,384.51,1120,94.5,0.0,10101011,384.84,1056,48.6,7.21,612.0,385.16,1.6,1.45, , 
,385.49,1280,94.5,1.2,10101011,385.90,1408,40.0,5.15,499.8,386.28,0.4,1.45, , 
,386.66,1792,93.0,0.0,10101011,387.01,2080,62.0,8.24,714.0,387.33,0.0,1.37, , 
,387.67,1824,91.5,0.0,10111111,387.98,1312,0.0,0.00,336.6,388.31,0.0,3.75, , 
,388.66,1344,93.0,0.0,10101011,388.99,1312,45.9,7.21,571.2,389.37,0.0,1.25, , 
,389.75,1440,93.0,0.0,10101011,390.08,1536,57.6,8.24,693.6,390.42,-0.8,1.45, , 
,390.78,1728,93.0,-1.2,10101011,391.17,1824,56.1,7.21,673.2,391.54,1.2,1.52, , 
,391.92,1984,93.0,2.7,10101001,392.27,2048,48.6,6.18,591.6,392.61,5.5,1.52, , 
,392.94,2176,91.5,6.3,10101001,393.28,2208,44.3,6.18,520.2,393.61,6.6,1.41, , 
,393.96,2304,93.0,6.3,11101001,394.28,2368,41.2,6.18,499.8,394.62,5.5,1.33, , 
,394.96,2432,91.5,5.1,11101001,395.29,2336,0.0,0.00,316.2,395.63,0.0,3.48, , 
,395.93,1312,91.5,0.0,11111111,396.24,1024,25.1,4.12,377.4,396.59,0.0,2.38, , 
,396.94,1600,91.5,0.0,11101011,397.26,1568,20.8,3.09,316.2,397.61,0.0,1.25, , 
,397.97,1568,91.5,0.4,10101011,398.34,1568,22.0,3.09,336.6,398.71,0.8,1.48, , 
,399.07,1568,91.5,0.4,10101011,399.43,1568,23.5,3.09,336.6,399.81,0.0,1.45, , 
,400.14,1536,91.5,0.0,10101011,400.48,1568,26.7,3.09,377.4,400.81,0.8,1.48, , 
,401.18,1536,91.5,0.8,10111111,401.57,1568,25.1,3.09,357.0,401.93,1.6,1.41, , 
,402.27,1568,91.5,1.6,10101011,402.62,1600,62.0,9.27,734.4,402.98,0.0,1.25, , 
,403.31,1696,91.5,0.0,10101011,403.69,1728,66.3,9.27,775.2,404.06,-2.7,1.45, , 
,404.41,1824,91.5,-1.2,11101011,404.78,1856,51.8,7.21,632.4,405.13,0.0,1.52, , 
,405.50,1888,91.5,0.0,11101011,405.88,1888,23.5,3.09,336.6,406.25,-0.8,1.41, , 
,406.61,1856,91.5,1.2,11111111,406.96,1728,20.8,2.06,295.8,407.31,0.0,1.45, , 
,407.67,1600,91.5,0.0,11111111,408.06,1536,0.0,0.00,336.6,408.40,0.0,3.83, , 
,408.73,1344,91.5,0.0,11111111,409.03,1216,22.0,3.09,336.6,409.30,0.0,2.34, , 
,409.61,928,91.5,0.0,10111111,409.93,896,28.2,3.09,397.8,410.22,0.0,1.25, , 
,410.52,896,91.5,0.0,10111111,410.83,1120,36.9,5.15,479.4,411.14,-0.8,1.41, , 
,411.45,1120,91.5,0.0,10101011,411.77,1248,76.9,12.36,907.8,412.12,0.0,0.78, , 
,412.55,1440,91.5,0.0,10101011,412.88,1600,82.7,12.36,969.0,413.26,-5.5,1.09, , 
,413.63,1824,91.5,-5.5,11101011,413.98,1920,54.5,7.21,673.2,414.35,0.0,1.56, , 
,414.71,1984,91.5,0.0,11101011,415.06,1952,23.5,3.09,316.2,415.41,0.4,1.45, , 
,415.77,1952,91.5,0.0,11101011,416.14,2048,47.1,6.18,571.2,416.49,0.0,1.52, , 
,416.86,2144,91.5,0.0,11101001,417.21,2240,66.3,9.27,754.8,417.54,-5.1,1.29, , 
,417.89,2464,91.5,-7.0,11101001,418.23,2592,67.8,8.24,754.8,418.57,-7.4,1.56, , 
,418.93,2848,91.5,-7.4,11101001,419.34,2976,78.4,10.30,887.4,419.66,0.0,2.03, , 
,420.01,2272,91.5,0.0,11111101,420.36,2048,25.1,3.09,336.6,420.74,0.0,1.21, , 
,421.09,2016,91.5,0.0,11101001,421.42,2048,59.2,8.24,693.6,421.75,-0.4,1.45, , 
,422.12,2112,91.5,0.8,11101001,422.45,2144,56.1,7.21,652.8,422.79,2.3,1.52, , 
,423.13,2176,91.5,3.9,11101001,423.47,2208,42.7,6.18,520.2,423.83,5.1,1.45, , 
,424.19,2240,91.5,4.3,11101001,424.54,2240,41.2,5.15,499.8,424.86,2.7,1.33, , 
,425.20,2272,91.5,-1.6,11101001,425.53,2240,23.5,3.09,336.6,425.90,-5.9,1.25, , 
,426.24,2240,91.5,-7.4,11101001,426.59,2208,25.1,3.09,336.6,426.95,-5.9,1.33, , 
,427.29,2208,91.5,-0.8,11101001,427.61,2208,26.7,3.09,357.0,427.96,-2.0,1.52, , 
,428.30,2176,91.5,0.4,11101001,428.63,2176,26.7,3.09,357.0,428.98,0.4,1.41, , 
,429.33,2144,91.5,0.4,11101001,429.67,2144,29.4,3.09,377.4,430.01,2.0,1.52, , 
,430.35,2144,91.5,3.1,11101001,430.70,2144,34.1,4.12,418.2,431.04,6.6,1.60, , 
,431.38,2144,91.5,7.0,11101001,431.72,2144,44.3,5.15,550.8,432.06,8.6,1.48, , 
,432.41,2176,91.5,8.2,11101001,432.76,2176,40.0,4.12,479.4,433.08,7.0,1.41, , 
,433.42,2176,91.5,6.6,11101001,433.77,2176,34.1,4.12,438.6,434.11,2.3,1.25, , 
,434.45,2208,91.5,2.3,11101001,434.80,2208,35.3,4.12,438.6,435.14,0.4,1.37, , 
,435.49,2208,91.5,0.4,11101001,435.83,2208,35.3,4.12,438.6,436.16,0.0,1.48, , 
,436.51,2208,91.5,0.8,11101001,436.85,2208,38.4,4.12,479.4,437.20,0.4,1.45, , 
,437.56,2208,91.5,0.0,11101001,437.91,2208,38.4,4.12,459.0,438.25,0.0,1.48, , 
,438.61,2240,91.5,0.0,11101001,438.94,2240,36.9,4.12,459.0,439.27,0.4,1.48, , 
,439.60,2240,91.5,0.0,11101001,439.93,2240,36.9,4.12,459.0,440.28,-1.2,1.45, , 
,440.63,2272,91.5,-1.6,11101001,440.96,2272,34.1,3.09,418.2,441.28,0.0,1.48, , 
,441.63,2272,91.5,-0.4,11101001,441.98,2272,34.1,4.12,418.2,442.32,5.1,1.48, , 
,442.65,2272,91.5,5.5,11101001,442.99,2272,26.7,3.09,357.0,443.32,3.9,1.41, , 
,443.65,2240,91.5,-0.4,11101001,444.01,2240,17.6,2.06,244.8,444.34,0.4,1.37, , 
,444.67,2176,91.5,3.9,11101001,445.00,2176,17.6,2.06,275.4,445.33,2.7,1.52, , 
,445.66,2144,91.5,4.3,11101001,446.01,2112,17.6,2.06,275.4,446.34,2.3,1.41, , 
,446.70,2080,91.5,3.5,11101001,447.04,2048,17.6,2.06,275.4,447.37,0.0,1.64, , 
,447.76,1696,91.5,0.0,11111111,448.09,1152,25.1,4.12,357.0,448.41,0.0,3.40, , 
,448.71,1024,91.5,0.0,11111111,449.01,1024,26.7,4.12,377.4,449.27,0.0,0.82, , 
,449.59,960,91.5,0.0,11111111,449.90,928,25.1,3.09,377.4,450.21,0.0,1.05, , 
,450.50,864,91.5,-1.2,11111111,450.80,896,26.7,3.09,397.8,451.08,-1.2,1.45, , 
,451.39,864,91.5,-0.8,11111111,451.69,896,28.2,3.09,397.8,452.01,0.0,1.52, , 
,452.31,928,91.5,0.8,11111111,452.63,1024,25.1,3.09,377.4,452.99,1.6,1.45, , 
,453.36,1696,91.5,5.5,11101011,453.73,1696,23.5,3.09,316.2,454.08,9.4,1.52, , 
,454.42,1664,91.5,8.6,11101011,454.79,1664,29.4,4.12,397.8,455.14,9.0,1.41, , 
,455.49,1696,91.5,9.4,11101011,455.84,1696,35.3,4.12,459.0,456.21,9.4,1.41, , 
,456.55,1696,91.5,0.0,11101011,456.93,1728,57.6,7.21,693.6,457.28,0.0,1.60, , 
,457.68,1792,91.5,3.5,11101011,458.05,1824,54.5,7.21,652.8,458.41,7.4,1.56, , 
,458.76,1888,91.5,0.0,11101011,459.14,1888,38.4,4.12,479.4,459.50,3.5,1.60, , 
,459.88,1920,91.5,5.1,11101011,460.25,1920,42.7,5.15,520.2,460.62,9.4,1.60, , 
,460.97,1952,91.5,10.9,11101011,461.33,1984,40.0,4.12,499.8,461.69,9.0,1.33, , 
,462.04,1888,91.5,11.3,11101011,462.39,1888,16.1,2.06,244.8,462.74,16.4,1.48, , 
,463.09,1920,91.5,10.5,11101011,463.45,1920,22.0,3.09,316.2,463.81,13.3,1.45, , 
,464.19,1856,91.5,10.5,11101011,464.54,1888,31.0,3.09,418.2,464.91,9.0,1.33, , 
,465.29,1856,91.5,7.8,11101011,465.64,1856,29.4,3.09,397.8,466.01,7.4,1.45, , 
,466.37,1856,91.5,7.0,11101011,466.70,1888,60.4,7.21,693.6,467.04,0.0,1.45, , 
,467.41,1984,91.5,0.0,11101011,467.78,2016,75.3,9.27,867.0,468.14,-3.1,1.41, , 
,468.47,2112,91.5,-4.3,11101001,468.83,2176,71.0,8.24,826.2,469.16,-3.1,1.48, , 
,469.49,2208,91.5,0.0,11101001,469.81,2240,48.6,5.15,591.6,470.14,5.9,1.64, , 
,470.48,2272,91.5,7.4,11101001,470.82,2272,42.7,5.15,499.8,471.15,10.5,1.52, , 
,471.47,2304,91.5,11.7,11101001,471.81,2304,25.1,2.06,336.6,472.16,0.0,1.52, , 
,472.50,2240,91.5,4.3,11111101,472.84,2272,16.1,2.06,244.8,473.17,0.0,2.19, , 
,473.50,2176,91.5,0.0,11111101,473.84,2144,0.0,0.00,244.8,474.17,0.0,3.91, , 
,474.53,2080,91.5,0.0,11111101,474.88,2048,14.9,2.06,244.8,475.24,0.0,1.60, , 
,475.60,1984,91.5,0.0,11101001,475.96,1984,20.8,2.06,295.8,476.32,0.0,1.45, , 
,476.67,1952,91.5,2.0,11101011,477.04,1952,26.7,3.09,357.0,477.41,0.4,1.48, , 
,477.78,1920,91.5,0.8,11101011,478.13,1952,36.9,4.12,459.0,478.49,5.5,1.64, , 
,478.85,1984,91.5,7.8,11101011,479.21,1984,44.3,6.18,550.8,479.57,12.1,1.56, , 
,479.92,2048,91.5,13.3,11101001,480.27,2048,38.4,5.15,479.4,480.62,8.2,1.21, , 
,480.97,2048,91.5,9.0,11101001,481.31,2048,35.3,4.12,438.6,481.66,8.6,1.37, , 
,482.02,2080,91.5,8.2,11101001,482.37,2048,40.0,4.12,479.4,482.72,10.9,1.52, , 
,483.08,2112,91.5,12.5,11101001,483.43,2112,42.7,5.15,520.2,483.78,10.9,1.45, , 
,484.12,2144,91.5,10.5,11101001,484.45,2176,41.2,5.15,499.8,484.78,11.3,1.48, , 
,485.12,2208,91.5,12.9,11101001,485.45,2208,41.2,5.15,499.8,485.80,10.9,1.45, , 
,486.14,2240,90.0,10.2,11101001,486.47,2272,40.0,5.15,479.4,486.82,9.8,1.41, , 
,487.15,2304,90.0,9.4,11101001,487.49,2304,36.9,4.12,459.0,487.82,8.6,1.45, , 
,488.16,2304,90.0,6.6,11101001,488.50,2336,35.3,4.12,438.6,488.85,4.7,1.29, , 
,489.18,2304,90.0,1.6,11101001,489.50,2304,22.0,3.09,295.8,489.84,3.1,1.45, , 
,490.16,2304,90.0,1.2,11101001,490.49,2304,22.0,2.06,295.8,490.80,-0.8,1.41, , 
,491.15,2304,90.0,-0.4,11101001,491.49,2304,42.7,5.15,520.2,491.83,4.7,1.60, , 
,492.20,2368,90.0,5.1,11101001,492.58,2400,47.1,5.15,571.2,492.95,0.0,1.60, , 
,493.27,2432,90.0,3.5,11101001,493.60,2432,34.1,4.12,418.2,493.93,4.3,1.52, , 
,494.26,2432,90.0,3.9,11101001,494.59,2432,31.0,4.12,397.8,494.93,4.3,1.41, , 
,495.27,2432,90.0,4.3,11101001,495.60,2464,31.0,4.12,397.8,495.94,4.3,1.41, , 
,496.28,2464,90.0,4.3,11101001,496.64,2464,25.1,3.09,336.6,497.00,2.0,1.41, , 
,497.34,2432,90.0,1.6,11101001,497.68,2464,26.7,3.09,357.0,498.03,3.1,1.52, , 
,498.37,2432,90.0,3.5,11101001,498.72,2272,0.0,0.00,316.2,499.05,0.0,3.63, , 
,499.37,1280,90.0,0.0,11101011,499.75,1696,20.8,3.09,316.2,500.14,0.0,1.02, , 
,500.51,1760,90.0,0.0,11101011,500.87,1792,63.5,9.27,734.4,501.25,0.0,1.37, , 
,501.62,1824,90.0,-0.4,11101011,501.96,1856,62.0,8.24,734.4,502.30,0.0,1.64, , 
,502.68,1856,90.0,0.0,11101011,503.04,1888,47.1,6.18,571.2,503.40,5.1,1.56, , 
,503.76,1888,90.0,6.6,11101011,504.11,1920,44.3,5.15,550.8,504.47,9.0,1.48, , 
,504.84,1920,90.0,10.2,11101011,505.19,1920,40.0,5.15,499.8,505.56,8.2,1.37, , 
,505.93,1920,90.0,6.3,11101011,506.30,1920,23.5,3.09,336.6,506.67,6.3,1.37, , 
,507.03,1920,90.0,6.3,11101011,507.38,1920,25.1,3.09,336.6,507.75,4.7,1.48, , 
,508.11,1920,90.0,1.6,11101011,508.48,1920,25.1,3.09,336.6,508.83,2.0,1.45, , 
,509.20,1920,90.0,1.6,11101011,509.56,1888,25.1,3.09,357.0,509.94,0.4,1.41, , 
,510.32,1888,90.0,0.4,11101011,510.70,1888,26.7,3.09,357.0,511.09,0.0,1.45, , 
,511.47,1888,90.0,-0.4,11101011,511.85,1888,26.7,3.09,357.0,512.22,-0.8,1.48, , 
,512.60,1888,90.0,-0.8,11101011,512.97,1888,26.7,3.09,357.0,513.35,-0.8,1.52, , 
,513.73,1888,90.0,-0.4,11101011,514.10,1888,26.7,3.09,357.0,514.47,0.0,1.48, , 
,514.84,1856,90.0,0.4,11101011,515.16,1824,0.0,0.00,357.0,515.47,0.0,2.97, , 
,515.77,960,90.0,0.0,11111111,516.10,1056,28.2,4.12,397.8,516.39,0.0,1.48, , 
,516.70,1088,90.0,0.0,11111111,516.96,992,23.5,3.09,357.0,517.26,0.0,0.78, , 
,517.55,864,90.0,0.0,11111111,517.85,864,28.2,3.09,397.8,518.18,0.0,1.41, , 
,518.51,896,90.0,0.4,11111111,518.82,896,28.2,3.09,397.8,519.12,1.2,1.52, , 
,519.41,896,90.0,2.0,11111111,519.74,896,28.2,3.09,397.8,520.04,3.1,1.48, , 
,520.35,896,90.0,3.5,11111111,520.67,896,28.2,4.12,397.8,521.00,3.9,1.45, , 
,521.30,896,90.0,3.9,11111111,521.62,896,26.7,4.12,397.8,521.93,4.3,1.45, , 
,522.22,896,90.0,4.7,11111111,522.53,896,28.2,4.12,397.8,522.84,4.3,1.41, , 
,523.13,896,90.0,3.9,11111111,523.43,864,28.2,4.12,397.8,523.75,3.5,1.41, , 
,524.07,896,90.0,3.5,11111111,524.36,896,28.2,3.09,397.8,524.67,3.1,1.41, , 
,524.97,864,90.0,3.1,11111111,525.25,896,28.2,3.09,397.8,525.55,3.1,1.41, , 
,525.85,896,90.0,3.1,11111111,526.15,896,28.2,3.09,397.8,526.44,2.7,1.41, , 
,526.76,864,90.0,2.7,11111111,527.07,896,29.4,4.12,418.2,527.37,2.7,1.45, , 
,527.68,896,90.0,2.3,11111111,527.99,896,28.2,3.09,397.8,528.27,2.0,1.37, , 
,528.59,896,90.0,1.6,11111111,528.89,896,28.2,3.09,397.8,529.18,0.8,1.41, , 
,529.46,896,90.0,1.2,11111111,529.77,864,28.2,3.09,397.8,530.07,1.2,1.45, , 
,530.39,896,90.0,1.2,11111111,530.70,992,31.0,4.12,418.2,531.02,2.7,1.48, , 
,531.36,1280,90.0,2.7,11101011,531.71,1248,40.0,5.15,499.8,532.05,2.7,1.45, , 
,532.41,1344,90.0,0.0,11101011,532.85,1440,85.5,15.45,969.0,533.19,0.0,0.78, , 
,533.56,1696,90.0,0.0,11101011,533.93,1856,87.1,13.39,989.4,534.27,-7.4,1.02, , 
,534.60,2112,90.0,-9.0,11101001,534.93,2240,87.1,12.36,989.4,535.27,-10.9,1.41, , 
,535.61,2528,90.0,-10.2,11101001,535.95,2688,88.6,12.36,969.0,536.31,-7.8,1.48, , 
,536.65,3008,90.0,-7.4,11101001,536.96,3104,88.6,12.36,969.0,537.31,-7.0,1.48, , 
,537.68,3424,90.0,-8.6,11101001,538.08,3552,90.2,12.36,969.0,538.47,-10.5,1.37, , 
,538.85,3360,88.5,0.0,11111101,539.18,2784,19.2,3.09,275.4,539.50,0.0,1.56, , 
,539.82,2464,90.0,0.0,11101001,540.16,2496,44.3,6.18,520.2,540.49,1.6,1.56, , 
,540.84,2496,90.0,2.7,11101001,541.18,2496,42.7,6.18,520.2,541.52,0.0,1.48, , 
,541.84,2496,88.5,0.0,11101001,542.18,2432,17.6,2.06,244.8,542.49,5.1,1.76, , 
,542.82,2400,88.5,4.7,11101001,543.15,2400,16.1,2.06,244.8,543.49,6.6,1.56, , 
,543.81,2336,90.0,7.8,11101001,544.15,2304,16.1,2.06,244.8,544.49,8.6,1.52, , 
,544.83,2240,90.0,0.8,11101001,545.16,2240,20.8,3.09,295.8,545.50,1.2,1.29, , 
,545.84,2208,90.0,1.6,11101001,546.18,2208,42.7,5.15,499.8,546.50,3.5,1.52, , 
,546.84,2208,90.0,4.3,11101001,547.19,2208,42.7,6.18,520.2,547.52,5.1,1.45, , 
,547.86,2208,88.5,4.7,11101001,548.19,2240,44.3,6.18,520.2,548.53,5.1,1.48, , 
,548.87,2240,90.0,5.5,11101001,549.20,2240,45.9,6.18,550.8,549.53,4.7,1.41, , 
,549.87,2240,90.0,4.7,11101001,550.21,2240,47.1,6.18,571.2,550.52,3.9,1.45, , 
,550.85,2240,90.0,3.1,11101001,551.18,2272,45.9,6.18,550.8,551.50,1.6,1.41, , 
,551.85,2240,90.0,0.8,11101001,552.19,2240,45.9,6.18,550.8,552.53,-2.0,1.37, , 
,552.87,2240,90.0,-3.1,11101001,553.21,2240,44.3,5.15,550.8,553.54,-1.6,1.45, , 
,553.88,2208,90.0,-3.5,11101001,554.24,2208,34.1,4.12,418.2,554.57,-4.3,1.33, , 
,554.91,2176,90.0,-1.6,11101001,555.26,2144,35.3,4.12,438.6,555.60,-2.3,1.48, , 
,555.98,2112,90.0,0.8,11101001,556.36,2080,32.5,3.09,418.2,556.72,0.4,1.45, , 
,557.06,1856,90.0,0.0,11111111,557.38,1344,0.0,0.00,336.6,557.71,0.0,3.52, , 
,558.02,1056,90.0,0.0,11111111,558.34,1056,26.7,3.09,377.4,558.67,0.0,1.02, , 
,558.99,928,90.0,0.0,11111111,559.29,864,25.1,3.09,377.4,559.59,0.0,1.21, , 
,559.89,864,90.0,0.0,11111111,560.18,896,29.4,3.09,418.2,560.49,1.2,1.52, , 
,560.79,864,90.0,2.0,11111111,561.10,896,28.2,3.09,397.8,561.42,3.5,1.56, , 
,561.73,896,90.0,4.3,11111111,562.02,896,28.2,3.09,397.8,562.33,5.1,1.48, , 
,562.63,896,90.0,5.5,11111111,562.93,896,28.2,3.09,397.8,563.23,5.9,1.48, , 
,563.54,896,90.0,5.9,11111111,563.86,864,28.2,3.09,397.8,564.16,6.3,1.48, , 
,564.47,896,90.0,6.6,11111111,564.79,896,28.2,3.09,397.8,565.09,6.3,1.45, , 
,565.38,896,90.0,2.0,11111111,565.68,896,28.2,3.09,397.8,565.98,1.6,1.41, , 
,566.27,896,90.0,1.2,11111111,566.57,896,28.2,3.09,397.8,566.87,0.4,1.41, , 
,567.17,864,90.0,0.0,11111111,567.48,896,28.2,3.09,397.8,567.78,0.0,1.45, , 
,568.10,864,90.0,0.0,11111111,568.41,896,28.2,3.09,397.8,568.75,0.0,1.45, , 
,569.07,1024,90.0,0.8,11101011,569.38,928,36.9,5.15,479.4,569.70,5.1,1.64, , 
,570.02,928,90.0,6.3,11101011,570.34,896,50.2,7.21,612.0,570.63,0.0,1.56, , 
,570.95,960,90.0,0.0,11101011,571.30,992,59.2,9.27,693.6,571.61,0.0,1.52, , 
,571.94,1088,90.0,0.0,11101011,572.27,1152,62.0,9.27,734.4,572.60,-1.6,1.41, , 
,572.92,1280,90.0,-1.6,11101011,573.25,1312,56.1,8.24,673.2,573.56,-2.3,1.45, , 
,573.88,1408,90.0,0.0,11111111,574.22,1376,26.7,3.09,357.0,574.58,0.0,1.48, , 
,574.92,1344,90.0,-2.3,11111111,575.26,1312,22.0,3.09,336.6,575.57,-4.7,1.37, , 
,575.87,1056,90.0,-4.7,11111111,576.15,928,25.1,3.09,377.4,576.44,-4.7,1.41, , 
,576.74,896,90.0,-4.7,11111111,577.04,864,28.2,3.09,418.2,577.35,-5.1,1.48, , 
,577.65,864,90.0,-5.1,11111111,577.95,896,31.0,4.12,438.6,578.29,-3.5,1.56, , 
,578.59,896,90.0,-2.7,11111111,578.89,896,31.0,4.12,418.2,579.21,-1.2,1.56, , 
,579.51,896,90.0,-0.8,11111111,579.82,896,29.4,4.12,418.2,580.13,0.0,1.48, , 
,580.43,896,90.0,0.4,11111111,580.72,896,29.4,4.12,418.2,581.02,0.4,1.48, , 
,581.31,768,90.0,0.4,11111111,581.60,768,29.4,4.12,418.2,581.90,0.8,1.52, , 
,582.20,800,90.0,1.2,11111111,582.50,800,31.0,4.12,438.6,582.80,1.6,1.45, , 
,583.10,800,90.0,1.2,11111111,583.40,800,31.0,4.12,438.6,583.70,1.2,1.48, , 
,584.03,800,90.0,1.2,11111111,584.35,800,29.4,4.12,438.6,584.66,1.2,1.45, , 
,584.96,800,91.5,0.8,11111111,585.25,800,29.4,4.12,438.6,585.54,0.4,1.41, , 
,585.83,800,91.5,0.4,11111111,586.14,800,29.4,4.12,438.6,586.44,0.0,1.45, , 
,586.74,768,90.0,0.0,11111111,587.04,768,29.4,4.12,438.6,587.35,-0.4,1.45, , 
,587.64,800,91.5,-0.4,11111111,587.94,800,29.4,4.12,438.6,588.24,-0.8,1.41, , 
,588.54,768,90.0,-1.2,11111111,588.84,768,29.4,4.12,438.6,589.14,-1.2,1.48, , 
,589.44,768,91.5,-0.8,11111111,589.74,800,29.4,4.12,418.2,590.04,-0.4,1.48, , 
,590.33,800,91.5,-0.4,11111111,590.63,800,29.4,4.12,418.2,590.94,-0.4,1.48, , 
,591.24,768,91.5,-0.4,11111111,591.54,768,29.4,4.12,438.6,591.83,-0.4,1.45, , 
,592.13,768,91.5,-0.8,11111111,592.44,768,29.4,4.12,438.6,592.74,-1.2,1.41, , 
,593.04,768,91.5,-1.6,11111111,593.35,800,29.4,3.09,438.6,593.65,-2.3,1.41, , 
,593.94,768,91.5,-2.3,11111111,594.24,768,29.4,4.12,438.6,594.54,-2.7,1.45, , 
,594.84,768,91.5,-2.7,11111111,595.13,800,29.4,4.12,438.6,595.43,-3.1,1.45, , 
,595.72,768,91.5,-2.7,11111111,596.02,768,29.4,4.12,438.6,596.32,-2.7,1.48, , 
,596.61,768,91.5,-2.7,11111111,596.91,768,29.4,4.12,438.6,597.21,-2.3,1.48, , 
,597.50,768,91.5,-2.3,11111111,597.80,768,29.4,4.12,438.6,598.11,-2.3,1.45, , 
,598.41,768,91.5,-2.3,11111111,598.71,800,31.0,4.12,438.6,599.01,-2.7,1.45, , 
,599.30,800,91.5,-2.7,11111111,599.60,800,31.0,4.12,438.6,599.90,-3.1,1.45, , 
,600.19,768,91.5,-3.1,11111111,600.50,800,31.0,4.12,438.6,600.79,-3.5,1.45, , 
,606.68,1664,91.5,-4.7,11101011,607.01,1600,76.9,10.30,907.8,607.37,-9.4,1.33, , 
,607.68,2208,93.0,0.0,11101001,608.00,2496,87.1,13.39,969.0,608.36,0.0,2.42, , 
,608.68,1760,91.5,0.0,11101011,609.02,1504,78.4,13.39,948.6,609.36,0.0,0.90, , 
,609.73,1696,93.0,0.0,11101011,610.11,1824,67.8,10.30,795.6,610.47,-5.5,1.13, , 
,610.83,2016,93.0,-6.6,11101001,611.18,2112,71.0,9.27,826.2,611.51,-7.8,1.41, , 
,611.84,2272,93.0,-7.8,11101001,612.17,2272,45.9,5.15,550.8,612.51,0.0,1.60, , 
,612.83,2304,93.0,0.0,11101001,613.17,2304,22.0,3.09,316.2,613.50,-1.6,1.33, , 
,613.85,2240,93.0,-3.5,11101001,614.19,2208,20.8,2.06,295.8,614.53,-9.0,1.17, , 
,614.86,2144,93.0,-9.8,11101001,615.19,2144,35.3,4.12,438.6,615.53,-7.0,1.56, , 
,615.89,2176,93.0,-5.5,11101001,616.23,2208,41.2,5.15,499.8,616.57,-3.9,1.56, , 
,616.90,2240,93.0,-3.5,11101001,617.23,2208,22.0,3.09,316.2,617.56,-2.0,1.33, , 
,617.90,2144,93.0,0.4,11101001,618.23,2080,14.9,2.06,244.8,618.57,6.3,1.56, , 
,618.91,2016,93.0,9.4,11101001,619.27,1952,14.9,2.06,244.8,619.64,8.6,1.29, , 
,620.01,1856,93.0,2.0,11111111,620.39,1824,19.2,2.06,295.8,620.74,0.0,1.41, , 
,621.08,1696,93.0,0.0,11111111,621.40,1664,20.8,3.09,316.2,621.71,0.0,1.52, , 
,622.05,1600,93.0,0.0,11101011,622.40,1568,25.1,3.09,336.6,622.76,-1.6,1.33, , 
,623.15,1600,93.0,-0.4,11101011,623.50,1632,47.1,6.18,571.2,623.86,2.3,1.60, , 
,624.25,1760,93.0,2.3,11101011,624.59,1792,48.6,6.18,591.6,624.96,1.6,1.45, , 
,625.31,1856,93.0,0.4,11101011,625.70,1856,32.5,4.12,418.2,626.05,-4.3,1.29, , 
,626.42,1856,94.5,-6.6,11101011,626.80,1856,22.0,2.06,316.2,627.15,-7.4,1.41, , 
,627.52,1824,93.0,-5.5,11101011,627.88,1824,29.4,3.09,377.4,628.24,-6.3,1.52, , 
,628.60,1824,93.0,-6.3,11101011,628.98,1824,45.9,6.18,550.8,629.35,-5.1,1.56, , 
,629.72,1888,94.5,-3.9,11101011,630.08,1920,53.3,7.21,632.4,630.43,-2.3,1.45, , 
,630.80,2048,94.5,-4.3,11101001,631.14,2112,63.5,8.24,734.4,631.48,-9.4,1.21, , 
,631.84,2304,93.0,-12.1,11101001,632.18,2432,66.3,8.24,754.8,632.51,-14.1,1.41, , 
,632.84,2592,94.5,-13.7,11101001,633.21,2688,65.1,8.24,734.4,633.56,-8.2,1.48, , 
,634.01,2912,94.5,-10.5,11101001,634.40,3072,76.9,9.27,867.0,634.75,-10.5,1.48, , 
,635.10,3296,94.5,-10.5,11101001,635.44,2976,0.0,0.00,316.2,635.76,0.0,3.79, , 
,636.10,2112,94.5,0.0,11101001,636.44,2208,31.0,4.12,377.4,636.78,0.0,1.45, , 
,637.12,2240,94.5,0.0,11101001,637.45,2272,60.4,7.21,714.0,637.79,-1.6,1.48, , 
,638.12,2336,94.5,-1.6,11101001,638.46,2368,59.2,7.21,673.2,638.79,-0.8,1.48, , 
,639.12,2432,93.0,-0.8,11101001,639.47,2464,57.6,7.21,673.2,639.81,-1.2,1.45, , 
,640.18,2528,93.0,-0.8,11101001,640.51,2560,57.6,7.21,652.8,640.83,-6.3,1.45, , 
,641.16,2624,94.5,-5.1,11101001,641.49,2656,56.1,7.21,652.8,641.82,-3.1,1.52, , 
,642.15,2720,94.5,-2.7,11101001,642.50,2720,69.4,9.27,775.2,642.85,-8.6,1.29, , 
,643.22,2848,93.0,-9.8,11101001,643.60,2912,78.4,10.30,887.4,643.90,0.0,1.41, , 
,644.21,2528,93.0,0.0,11111101,644.57,1984,0.0,0.00,295.8,644.90,0.0,3.32, , 
,645.22,2144,93.0,0.0,11101001,645.57,2176,36.9,5.15,438.6,645.91,0.0,1.33, , 
,646.25,2144,93.0,0.0,11101001,646.58,2144,72.2,10.30,846.6,646.92,-6.3,1.21, , 
,647.26,2208,93.0,-9.8,11101001,647.60,2208,73.7,9.27,846.6,647.96,-16.0,1.37, , 
,648.28,2272,93.0,-17.2,11101001,648.62,2272,73.7,8.24,846.6,648.94,-17.6,1.52, , 
,649.28,2336,93.0,-15.6,11101001,649.62,2336,71.0,8.24,795.6,649.93,-15.2,1.48, , 
,650.25,2368,93.0,-14.5,11101001,650.61,2400,71.0,8.24,795.6,650.99,-12.5,1.52, , 
,651.34,2432,93.0,-11.7,11101001,651.69,2464,69.4,8.24,795.6,652.03,-10.9,1.45, , 
,652.38,2496,93.0,-10.9,11101001,652.73,2528,62.0,8.24,714.0,653.09,-6.6,1.52, , 
,653.44,2560,93.0,-4.7,11101001,653.77,2560,59.2,8.24,673.2,654.12,-3.1,1.48, , 
,654.47,2624,93.0,-2.7,11101001,654.81,2624,57.6,7.21,673.2,655.16,-2.3,1.45, , 
,655.49,2656,93.0,-1.6,11101001,655.82,2688,56.1,7.21,652.8,656.16,0.0,1.45, , 
,656.49,2720,94.5,0.4,11101001,656.82,2720,56.1,7.21,652.8,657.16,0.8,1.45, , 
,657.51,2752,93.0,1.6,11101001,657.88,2752,57.6,8.24,673.2,658.20,1.2,1.48, , 
,658.56,2784,93.0,-3.5,11101001,658.91,2784,67.8,8.24,775.2,659.26,-7.0,1.41, , 
,659.60,2816,93.0,-7.8,11101001,659.95,2816,67.8,8.24,775.2,660.31,-8.6,1.45, , 
,660.65,2848,91.5,-9.0,11101001,660.98,2880,67.8,8.24,754.8,661.30,-8.6,1.52, , 
,661.61,2912,93.0,-8.2,11101001,661.95,2912,66.3,8.24,754.8,662.37,-7.0,1.52, , 
,662.65,2944,91.5,-6.6,11101001,662.92,2976,65.1,8.24,734.4,663.20,-6.3,1.52, , 
,663.53,3008,91.5,-7.4,11101001,663.89,3040,67.8,8.24,754.8,664.27,-7.8,1.41, , 
,664.62,3104,91.5,-8.2,11101001,665.00,3104,78.4,10.30,887.4,665.37,-9.4,1.41, , 
,665.74,3168,91.5,-10.5,11101001,666.09,3200,76.9,10.30,867.0,666.48,-10.9,1.45, , 
,666.79,2976,91.5,0.0,11111101,667.12,2464,0.0,0.00,295.8,667.45,0.0,3.91, , 
,667.81,1568,91.5,0.0,11101011,668.13,2144,17.6,3.09,275.4,668.46,0.0,0.66, , 
,668.79,2432,91.5,0.0,11101001,669.13,2400,45.9,6.18,550.8,669.46,0.0,1.56, , 
,669.78,2400,91.5,2.0,11101001,670.11,2400,50.2,6.18,591.6,670.44,-0.4,1.29, , 
,670.80,2400,91.5,-0.8,11101001,671.18,2400,59.2,8.24,693.6,671.51,-4.7,1.37, , 
,671.86,2400,91.5,-5.5,11101001,672.20,2432,63.5,8.24,734.4,672.55,-7.0,1.52, , 
,672.90,2432,91.5,-7.8,11101001,673.24,2432,62.0,8.24,714.0,673.58,-6.3,1.48, , 
,673.95,2464,91.5,-6.3,11101001,674.30,2464,60.4,8.24,693.6,674.62,-4.7,1.52, , 
,674.94,2496,91.5,-3.5,11101001,675.28,2496,59.2,7.21,673.2,675.60,-2.3,1.48, , 
,675.95,2496,91.5,-0.4,11101001,676.29,2496,42.7,5.15,499.8,676.65,1.6,1.45, , 
,676.99,2496,91.5,0.4,11101001,677.34,2464,36.9,5.15,438.6,677.74,0.4,1.41, , 
,678.09,2464,91.5,0.0,11101001,678.45,2464,36.9,5.15,459.0,678.79,-0.4,1.45, , 
,679.12,2432,91.5,-0.8,11101001,679.49,2432,23.5,3.09,316.2,679.82,-4.7,1.41, , 
,680.17,2400,91.5,-5.9,11101001,680.51,2400,26.7,3.09,357.0,680.84,-7.4,1.45, , 
,681.18,2368,91.5,-8.2,11101001,681.51,2368,35.3,4.12,438.6,681.86,-5.9,1.56, , 
,682.19,2336,91.5,-5.5,11101001,682.52,2336,40.0,5.15,479.4,682.86,-5.1,1.45, , 
,683.18,2336,91.5,-5.5,11101001,683.50,2336,50.2,6.18,591.6,683.82,-2.7,1.52, , 
,684.14,2336,90.0,-1.6,11101001,684.48,2336,51.8,7.21,612.0,684.82,0.8,1.52, , 
,685.15,2336,91.5,1.6,11101001,685.47,2336,57.6,8.24,673.2,685.81,-2.0,1.21, , 
,686.16,2368,90.0,-2.7,11101001,686.50,2368,59.2,8.24,673.2,686.85,-3.9,1.41, , 
,687.23,2368,90.0,-3.5,11101001,687.59,2400,57.6,7.21,673.2,687.95,-4.3,1.48, , 
,688.31,2400,90.0,-4.7,11101001,688.67,2432,57.6,7.21,673.2,689.05,-4.3,1.45, , 
,689.42,2432,91.5,-3.9,11101001,689.78,2432,56.1,7.21,652.8,690.13,-3.5,1.52, , 
,690.49,2464,90.0,-2.7,11101001,690.86,2464,54.5,7.21,632.4,691.22,-1.6,1.45, , 
,691.58,2464,91.5,-2.0,11101001,691.96,2496,54.5,7.21,632.4,692.30,-1.6,1.52, , 
,692.64,2496,90.0,0.0,11101001,692.97,2496,50.2,7.21,591.6,693.33,0.4,1.48, , 
,693.68,2496,90.0,1.2,11101001,694.01,2496,38.4,5.15,459.0,694.33,-1.2,1.33, , 
,694.70,2496,90.0,-0.8,11101001,695.04,2496,19.2,2.06,275.4,695.37,-2.7,1.48, , 
,695.68,2528,90.0,-5.1,11101001,696.02,2496,19.2,2.06,275.4,696.36,-7.0,1.33, , 
,696.68,2496,90.0,-4.3,11101001,697.01,2464,19.2,2.06,275.4,697.34,-2.7,1.64, , 
,697.68,2464,90.0,-7.4,11101001,697.99,2496,19.2,2.06,275.4,698.30,-4.3,1.60, , 
,698.64,2496,90.0,-8.6,11101001,698.98,2496,19.2,2.06,275.4,699.32,-8.6,1.29, , 
,699.66,2496,90.0,-3.1,11101001,699.97,2496,19.2,2.06,275.4,700.30,-3.9,1.52, , 
,700.67,2464,90.0,-7.8,11101001,701.03,2464,19.2,2.06,275.4,701.39,-4.3,1.52, , 
,701.72,2432,90.0,-6.6,11101001,702.07,2464,20.8,2.06,295.8,702.41,-8.6,1.33, , 
,702.77,2464,90.0,-7.0,11101001,703.14,2464,40.0,5.15,479.4,703.50,-4.3,1.56, , 
,703.87,2432,90.0,-3.5,11101001,704.25,2432,45.9,6.18,550.8,704.58,-0.8,1.48, , 
,704.92,2432,90.0,1.2,11101001,705.26,2432,47.1,6.18,571.2,705.64,3.5,1.45, , 
,706.00,2400,88.5,4.3,11101001,706.38,2400,48.6,6.18,571.2,706.75,4.7,1.45, , 
,707.10,2368,90.0,5.5,11101001,707.45,2368,48.6,7.21,571.2,707.78,5.5,1.41, , 
,708.11,2368,88.5,5.1,11101001,708.47,2336,48.6,7.21,571.2,708.82,4.7,1.45, , 
,709.15,2336,88.5,4.7,11101001,709.50,2336,48.6,7.21,591.6,709.84,4.3,1.45, , 
,710.20,2336,88.5,3.5,11101001,710.54,2336,54.5,8.24,632.4,710.89,1.2,1.37, , 
,711.24,2336,88.5,0.4,11101001,711.58,2336,59.2,8.24,693.6,711.92,-3.1,1.41, , 
,712.28,2368,88.5,-4.7,11101001,712.60,2368,59.2,8.24,673.2,712.94,-5.1,1.45, , 
,713.27,2400,88.5,-4.7,11101001,713.62,2400,60.4,8.24,693.6,714.00,-5.1,1.52, , 
,714.33,2400,88.5,-4.7,11101001,714.68,2432,59.2,8.24,693.6,715.04,-4.3,1.45, , 
,715.38,2432,88.5,-5.1,11101001,715.72,2432,59.2,8.24,673.2,716.08,-4.3,1.48, , 
,716.44,2432,88.5,-3.5,11101001,716.79,2464,57.6,8.24,673.2,717.13,-3.1,1.52, , 
,717.50,2464,88.5,-3.1,11101001,717.86,2464,56.1,7.21,652.8,718.22,-2.3,1.45, , 
,718.58,2464,88.5,-2.7,11101001,718.93,2464,54.5,7.21,632.4,719.28,-1.2,1.52, , 
,719.63,2464,88.5,-0.8,11101001,719.97,2464,53.3,7.21,632.4,720.32,0.8,1.56, , 
,720.66,2464,88.5,0.0,11101001,721.03,2464,38.4,5.15,459.0,721.41,1.2,1.45, , 
,721.78,2464,88.5,1.6,11101001,722.15,2464,50.2,7.21,591.6,722.51,2.3,1.48, , 
,722.86,2464,88.5,3.5,11101001,723.22,2464,48.6,7.21,571.2,723.58,3.5,1.41, , 
,723.92,2496,88.5,3.5,11101001,724.27,2496,50.2,7.21,591.6,724.60,2.3,1.33, , 
,724.94,2528,88.5,1.2,11101001,725.29,2528,56.1,8.24,652.8,725.65,-0.4,1.48, , 
,725.98,2560,88.5,0.0,11101001,726.33,2560,53.3,7.21,632.4,726.66,0.0,1.48, , 
,727.00,2560,88.5,-0.4,11101001,727.35,2592,53.3,7.21,612.0,727.67,0.4,1.48, , 
,728.00,2592,88.5,0.8,11101001,728.32,2624,51.8,7.21,612.0,728.65,2.3,1.52, , 
,728.97,2624,88.5,2.7,11101001,729.31,2624,47.1,6.18,550.8,729.66,2.7,1.48, , 
,730.02,2656,88.5,2.0,11101001,730.37,2656,28.2,3.09,357.0,730.70,-0.8,1.37, , 
,731.04,2656,88.5,-0.4,11101001,731.37,2656,28.2,3.09,357.0,731.71,-1.6,1.41, , 
,732.04,2656,88.5,-1.6,11101001,732.40,2656,28.2,3.09,377.4,732.74,-2.0,1.45, , 
,733.07,2656,88.5,-2.3,11101001,733.41,2624,28.2,3.09,377.4,733.77,-3.1,1.48, , 
,734.12,2624,87.0,-3.9,11101001,734.47,2624,40.0,5.15,479.4,734.80,-3.1,1.48, , 
,735.14,2624,88.5,-2.0,11101001,735.48,2624,44.3,6.18,520.2,735.81,0.8,1.52, , 
,736.15,2624,87.0,2.3,11101001,736.49,2624,48.6,7.21,571.2,736.82,3.9,1.41, , 
,737.16,2624,87.0,3.1,11101001,737.49,2624,53.3,7.21,632.4,737.81,2.7,1.41, , 
,738.15,2624,87.0,2.3,11101001,738.46,2624,56.1,8.24,652.8,738.77,-0.8,1.25, , 
,739.10,2592,87.0,-3.1,11101001,739.42,2592,73.7,10.30,826.2,739.76,-7.0,1.37, , 
,740.11,2592,87.0,-8.6,11101001,740.44,2624,75.3,9.27,846.6,740.76,-10.9,1.45, , 
,741.10,2592,88.5,-12.1,11101001,741.44,2624,67.8,8.24,775.2,741.77,-10.5,1.56, , 
,742.10,2592,87.0,-9.4,11101001,742.41,2592,66.3,8.24,754.8,742.75,-9.4,1.52, , 
,743.10,2592,87.0,-7.4,11101001,743.43,2592,66.3,8.24,754.8,743.75,-5.9,1.52, , 
,744.10,2592,87.0,-4.3,11101001,744.43,2592,62.0,8.24,693.6,744.76,-3.5,1.41, , 
,745.11,2592,87.0,-3.5,11101001,745.44,2592,62.0,8.24,714.0,745.76,-3.9,1.45, , 
,746.08,2592,87.0,-3.9,11101001,746.41,2592,63.5,8.24,714.0,746.77,-4.7,1.48, , 
,747.10,2624,87.0,-4.7,11101001,747.43,2624,63.5,8.24,714.0,747.76,-4.3,1.48, , 
,748.08,2624,87.0,-4.3,11101001,748.41,2624,63.5,8.24,714.0,748.75,-4.3,1.41, , 
,749.09,2624,87.0,-3.9,11101001,749.44,2656,62.0,8.24,693.6,749.82,-3.9,1.52, , 
,750.17,2656,87.0,-3.1,11101001,750.54,2656,53.3,7.21,612.0,750.89,1.6,1.56, , 
,751.23,2656,87.0,2.7,11101001,751.57,2656,53.3,7.21,632.4,751.91,3.5,1.37, , 
,752.24,2688,87.0,3.1,11101001,752.57,2688,53.3,7.21,612.0,752.91,3.5,1.41, , 
,753.26,2688,87.0,3.9,11101001,753.61,2688,48.6,6.18,571.2,753.97,6.6,1.52, , 
,754.32,2688,87.0,7.8,11101001,754.66,2688,48.6,7.21,571.2,755.00,7.4,1.45, , 
,755.35,2688,87.0,7.8,11101001,755.69,2688,47.1,7.21,550.8,756.03,5.5,1.41, , 
,756.36,2688,87.0,5.1,11101001,756.69,2688,44.3,6.18,550.8,757.03,0.0,1.52, , 
,757.36,2624,87.0,0.0,11101001,757.70,2656,17.6,2.06,275.4,758.04,-0.8,1.25, , 
,758.38,2624,87.0,5.5,11101001,758.71,2624,17.6,2.06,275.4,759.03,2.0,1.37, , 
,759.38,2592,87.0,3.9,11101001,759.74,2592,17.6,2.06,275.4,760.06,5.9,1.68, , 
,760.41,2560,87.0,2.3,11101001,760.75,2560,34.1,4.12,418.2,761.09,1.2,1.29, , 
,761.42,2528,87.0,-3.1,11111101,761.75,2560,17.6,2.06,244.8,762.08,0.0,1.68, , 
,762.40,2496,87.0,0.0,11111101,762.75,2464,0.0,0.00,244.8,763.11,0.0,3.87, , 
,763.42,2432,87.0,0.0,11111101,763.76,2432,0.0,0.00,244.8,764.09,0.0,3.95, , 
,764.42,2400,87.0,0.0,11111101,764.74,2368,0.0,0.00,244.8,765.07,0.0,3.95, , 
,765.39,2336,87.0,0.0,11111101,765.74,2304,19.2,3.09,275.4,766.06,0.0,1.13, , 
,766.39,2336,87.0,0.0,11101001,766.72,2336,78.4,11.33,867.0,767.05,-7.0,1.09, , 
,767.40,2336,87.0,-8.2,11101001,767.75,2368,79.6,10.30,907.8,768.09,-14.1,1.29, , 
,768.43,2368,87.0,-14.8,11101001,768.76,2400,81.2,10.30,907.8,769.12,0.0,1.48, , 
,769.46,2400,87.0,0.0,11101001,769.78,2400,60.4,8.24,693.6,770.15,-0.4,1.60, , 
,770.48,2400,87.0,0.8,11101001,770.84,2400,62.0,8.24,693.6,771.17,-3.1,1.37, , 
,771.51,2400,87.0,-4.7,11101001,771.85,2400,63.5,8.24,714.0,772.17,-5.9,1.41, , 
,772.52,2400,87.0,-6.6,11101001,772.89,2400,65.1,8.24,734.4,773.24,-7.0,1.52, , 
,773.55,2400,85.5,-9.0,11101001,773.90,2400,71.0,9.27,795.6,774.27,-10.5,1.45, , 
,774.63,2432,85.5,-10.5,11101001,774.99,2432,71.0,9.27,795.6,775.34,-10.9,1.48, , 
,775.70,2432,85.5,-10.9,11101001,776.05,2464,69.4,9.27,775.2,776.37,-10.5,1.52, , 
,776.73,2464,85.5,-10.9,11101001,777.10,2464,69.4,8.24,775.2,777.46,-10.2,1.45, , 
,777.82,2496,85.5,-9.8,11101001,778.15,2496,63.5,8.24,714.0,778.50,-4.3,1.56, , 
,778.85,2496,85.5,-2.7,11101001,779.18,2496,59.2,8.24,673.2,779.52,-2.0,1.52, , 
,779.89,2528,85.5,-2.0,11101001,780.23,2528,60.4,8.24,693.6,780.61,-1.6,1.45, , 
,780.96,2528,85.5,-1.2,11101001,781.29,2560,59.2,8.24,673.2,781.64,-0.8,1.45, , 
,781.97,2560,85.5,-1.2,11101001,782.32,2560,59.2,8.24,673.2,782.69,-0.8,1.48, , 
,783.01,2560,85.5,-1.2,11101001,783.36,2560,60.4,8.24,673.2,783.71,-1.6,1.45, , 
,784.05,2592,85.5,-1.2,11101001,784.39,2592,59.2,8.24,673.2,784.72,-0.8,1.45, , 
,785.07,2592,85.5,1.2,11101001,785.39,2592,51.8,7.21,612.0,785.73,4.7,1.52, , 
,786.06,2592,85.5,5.5,11101001,786.40,2560,51.8,7.21,612.0,786.76,5.5,1.48, , 
,787.12,2560,85.5,5.5,11101001,787.46,2560,51.8,7.21,612.0,787.81,5.5,1.41, , 
,788.14,2560,85.5,4.7,11101001,788.47,2560,51.8,7.21,612.0,788.83,3.9,1.41, , 
,789.17,2528,85.5,2.7,11101001,789.52,2528,36.9,5.15,459.0,789.86,0.8,1.41, , 
,790.22,2528,85.5,-1.2,11101001,790.57,2496,28.2,3.09,357.0,790.91,-2.3,1.45, , 
,791.27,2464,85.5,-3.5,11101001,791.59,2464,29.4,4.12,377.4,791.95,-5.1,1.41, , 
,792.30,2432,85.5,-6.3,11101001,792.66,2432,29.4,4.12,377.4,793.03,-7.0,1.48, , 
,793.36,2400,85.5,-7.8,11101001,793.73,2400,31.0,3.09,397.8,794.06,-9.0,1.45, , 
,794.45,2368,85.5,-9.4,11101001,794.79,2368,34.1,4.12,418.2,795.14,-9.4,1.52, , 
,795.49,2368,85.5,-7.0,11101001,795.82,2368,45.9,5.15,550.8,796.16,-2.0,1.60, , 
,796.49,2336,85.5,0.4,11101001,796.83,2336,54.5,7.21,632.4,797.17,2.0,1.45, , 
,797.50,2368,85.5,2.0,11101001,797.85,2368,54.5,7.21,632.4,798.18,2.7,1.48, , 
,798.56,2368,85.5,3.9,11101001,798.88,2368,53.3,7.21,612.0,799.25,4.7,1.48, , 
,804.65,2368,85.5,-2.3,11101001,803.98,2368,28.2,3.09,357.0,804.30,-2.0,1.41, , 
,805.70,2336,85.5,-4.3,11101001,804.98,2368,29.4,3.09,377.4,805.34,-3.9,1.48, , 
,806.69,2336,85.5,-2.7,11101001,806.03,2336,38.4,5.15,459.0,806.36,-2.7,1.56, , 
,807.71,2336,85.5,0.4,11101001,807.01,2336,48.6,6.18,571.2,807.35,-1.2,1.52, , 
,808.68,2336,85.5,3.9,11101001,808.03,2304,48.6,6.18,571.2,808.36,3.1,1.52, , 
,809.69,2304,85.5,4.3,11101001,809.01,2304,47.1,6.18,571.2,809.35,4.3,1.45, , 
,810.68,2336,85.5,5.1,11101001,810.02,2304,47.1,6.18,571.2,810.34,4.7,1.45, , 
,811.66,2304,85.5,0.0,11111101,811.03,2336,48.6,6.18,571.2,811.35,4.3,1.45, , 
,812.65,2304,85.5,0.0,11111101,811.99,2336,20.8,2.06,295.8,812.32,1.6,1.56, , 
,813.65,2272,85.5,0.0,11111101,812.98,2272,0.0,0.00,244.8,813.32,0.0,3.79, , 
,814.63,2240,84.0,0.0,11111101,813.98,2240,0.0,0.00,244.8,814.31,0.0,3.95, , 
,815.61,2208,85.5,0.0,11111101,814.95,2240,0.0,0.00,244.8,815.29,0.0,3.91, , 
,816.63,2208,84.0,0.0,11111101,815.94,2208,0.0,0.00,244.8,816.29,0.0,3.95, , 
,817.64,2176,84.0,0.0,11111101,816.97,2176,0.0,0.00,244.8,817.30,0.0,3.98, , 
,818.63,2144,85.5,0.0,11111101,817.97,2176,0.0,0.00,244.8,818.30,0.0,3.95, , 
,819.63,2112,84.0,0.0,11101001,818.95,2144,16.1,2.06,244.8,819.30,0.0,2.62, , 
,820.63,2112,84.0,0.0,11101001,819.95,2112,14.9,2.06,244.8,820.29,0.0,1.52, , 
,821.66,2112,84.0,7.8,11101001,820.97,2112,14.9,2.06,244.8,821.31,3.5,1.09, , 
,822.69,2080,84.0,5.5,11101001,822.00,2080,14.9,2.06,244.8,822.35,7.4,1.52, , 
,823.75,2048,84.0,9.0,11101001,823.04,2080,14.9,2.06,244.8,823.39,6.3,1.45, , 
,824.83,1984,84.0,7.8,11101001,824.11,2016,14.9,2.06,244.8,824.46,10.9,1.56, , 
,825.88,1984,84.0,3.9,11101011,825.19,2016,19.2,3.09,295.8,825.54,8.6,1.37, , 
,826.97,1984,84.0,-5.1,11101011,826.25,1984,26.7,3.09,357.0,826.61,-3.1,1.09, , 
,828.08,1952,84.0,-7.4,11101011,827.34,1952,25.1,3.09,357.0,827.72,-6.3,1.41, , 
,829.19,1952,84.0,-8.6,11101011,828.47,1952,25.1,3.09,357.0,828.83,-6.6,1.56, , 
,830.26,1920,84.0,-6.6,11101011,829.55,1952,26.7,3.09,357.0,829.91,-8.2,1.48, , 
,831.35,1920,84.0,-4.7,11101011,830.63,1920,26.7,3.09,357.0,830.99,-7.4,1.56, , 
,832.46,1920,84.0,-0.4,11101011,831.72,1920,40.0,5.15,479.4,832.10,-2.0,1.52, , 
,833.54,1888,84.0,3.9,11101011,832.81,1888,40.0,5.15,499.8,833.18,2.0,1.48, , 
,834.65,1888,84.0,0.0,11101011,833.94,1888,54.5,8.24,632.4,834.30,0.0,1.29, , 
,835.77,1792,84.0,0.0,11111111,835.03,1920,73.7,11.33,846.6,835.38,-2.7,1.29, , 
,836.73,1088,84.0,0.0,11111111,836.10,1280,0.0,0.00,377.4,836.42,0.0,3.48, , 
,837.70,2336,84.0,0.0,11101001,837.05,1088,23.5,3.09,357.0,837.38,0.0,0.78, , 
,838.74,2176,84.0,3.1,11101001,838.04,2240,16.1,2.06,244.8,838.39,8.2,1.76, , 
,839.78,2080,84.0,-0.4,11101001,839.09,2144,20.8,3.09,295.8,839.43,0.8,1.33, , 
,840.82,1984,84.0,-0.4,11101011,840.13,2048,19.2,2.06,295.8,840.47,-3.1,1.37, , 
,841.89,1920,84.0,-2.0,11101011,841.19,1952,19.2,2.06,295.8,841.54,2.0,1.60, , 
,842.98,1888,84.0,-0.4,11101011,842.25,1888,42.7,6.18,499.8,842.62,0.0,1.52, , 
,844.10,1856,84.0,-5.1,11101011,843.36,1888,38.4,4.12,499.8,843.74,0.0,1.29, , 
,845.14,1792,84.0,-4.7,11101011,844.46,1824,29.4,3.09,397.8,844.82,-4.7,1.41, , 
,846.20,1760,84.0,-2.0,11101011,845.47,1792,31.0,4.12,418.2,845.82,-3.5,1.52, , 
,847.28,1760,84.0,0.0,11101011,846.55,1760,50.2,7.21,591.6,846.91,0.0,1.41, , 
,848.36,1760,84.0,-4.7,11101011,847.64,1760,65.1,9.27,754.8,847.98,-3.9,1.41, , 
,849.45,1760,84.0,2.7,11101011,848.71,1792,51.8,7.21,632.4,849.10,0.0,1.60, , 
,850.53,1760,84.0,3.5,11101011,849.80,1760,41.2,5.15,520.2,850.15,4.7,1.52, , 
,851.64,1728,84.0,3.5,11101011,850.89,1760,29.4,4.12,397.8,851.25,3.9,1.41, , 
,852.67,1696,84.0,5.9,11111111,852.00,1728,31.0,4.12,397.8,852.35,3.9,1.45, , 
,853.70,1632,84.0,9.4,11101011,853.01,1632,22.0,3.09,316.2,853.35,8.2,1.52, , 
,854.76,1600,84.0,0.0,11101011,854.07,1696,32.5,5.15,397.8,854.42,0.0,1.48, , 
,855.77,1600,84.0,3.1,11101011,855.08,1632,35.3,4.12,459.0,855.43,2.7,1.56, , 
,856.80,1632,84.0,0.0,11101011,856.10,1600,47.1,6.18,571.2,856.45,0.0,1.48, , 
,857.87,1664,84.0,-5.1,11101011,857.16,1664,57.6,8.24,673.2,857.51,-2.3,1.37, , 
,858.94,1728,84.0,-6.6,11101011,858.22,1696,67.8,9.27,795.6,858.58,-6.6,1.41, , 
,860.07,1792,84.0,-8.2,11101011,859.31,1760,71.0,9.27,826.2,859.70,-7.8,1.45, , 
,861.15,1856,84.0,-5.9,11101011,860.43,1824,67.8,8.24,775.2,860.78,-6.3,1.52, , 
,862.23,1952,84.0,-3.1,11101011,861.51,1888,66.3,8.24,754.8,861.88,-4.7,1.52, , 
,863.32,2016,84.0,-0.8,11101001,862.59,1984,65.1,8.24,734.4,862.95,-1.6,1.52, , 
,864.35,2080,84.0,-1.6,11101001,863.66,2016,65.1,8.24,734.4,864.00,-1.2,1.41, , 
,865.38,2144,84.0,-2.3,11101001,864.70,2112,65.1,8.24,734.4,865.04,-2.3,1.45, , 
,866.39,2208,84.0,-3.1,11101001,865.72,2176,65.1,8.24,734.4,866.06,-2.7,1.41, , 
,867.44,2272,84.0,-5.9,11101001,866.74,2240,69.4,9.27,775.2,867.09,-5.1,1.41, , 
,868.43,2368,84.0,-7.4,11101001,867.77,2304,73.7,9.27,826.2,868.10,-6.6,1.52, , 
,869.47,2432,84.0,-7.8,11101001,868.78,2400,73.7,9.27,826.2,869.14,-8.2,1.41, , 
,870.53,2496,82.5,-7.8,11101001,869.84,2464,73.7,9.27,826.2,870.18,-8.6,1.45, , 
,871.54,2592,84.0,-7.8,11101001,870.87,2528,78.4,10.30,867.0,871.21,-7.4,1.48, , 
,872.58,2656,84.0,-9.4,11101001,871.89,2624,82.7,11.33,907.8,872.24,-8.6,1.41, , 
,873.60,2752,84.0,-10.5,11101001,872.90,2688,87.1,12.36,948.6,873.25,-10.2,1.45, , 
,874.62,2848,84.0,-11.3,11101001,873.93,2784,87.1,11.33,948.6,874.30,-11.3,1.48, , 
,875.62,2912,84.0,-11.7,11101001,874.97,2880,85.5,11.33,948.6,875.28,-12.1,1.45, , 
,876.70,3008,84.0,-12.1,11101001,875.97,2944,85.5,11.33,948.6,876.43,-11.7,1.48, , 
,877.79,3104,84.0,-12.1,11101001,877.10,3040,85.5,11.33,928.2,877.46,-12.1,1.48, , 
,878.86,3168,84.0,-12.1,11101001,878.16,3136,85.5,11.33,928.2,878.52,-12.1,1.45, , 
,879.94,3264,84.0,-11.3,11101001,879.21,3200,85.5,11.33,928.2,879.57,-11.3,1.45, , 
,881.04,3328,84.0,-9.8,11101001,880.30,3296,82.7,11.33,907.8,880.67,-10.2,1.48, , 
,882.13,3392,84.0,-6.6,11101001,881.41,3360,79.6,10.30,887.4,881.77,-7.4,1.52, , 
,883.18,1920,84.0,0.0,11111111,882.50,2976,0.0,0.00,295.8,882.82,0.0,3.95, , 
,884.16,2528,84.0,0.0,11111101,883.52,1632,0.0,0.00,316.2,883.85,0.0,3.95, , 
,885.13,2464,84.0,0.0,11101001,884.47,2528,0.0,0.00,244.8,884.80,0.0,3.91, , 
,886.13,2432,84.0,0.0,11101001,885.47,2464,16.1,2.06,244.8,885.80,0.0,1.37, , 
,887.15,2432,84.0,0.0,11101001,886.47,2432,17.6,2.06,275.4,886.81,1.6,1.37, , 
,888.18,2400,84.0,5.1,11101001,887.50,2400,47.1,6.18,571.2,887.83,0.0,1.64, , 
,889.21,2400,84.0,1.2,11101001,888.51,2400,50.2,6.18,571.2,888.84,-0.4,1.37, , 
,890.28,2400,85.5,5.9,11101001,889.55,2400,50.2,6.18,591.6,889.91,3.9,1.56, , 
,891.35,2432,84.0,10.9,11101001,890.64,2400,50.2,7.21,591.6,890.98,9.0,1.52, , 
,892.38,2432,84.0,12.5,11101001,891.70,2432,50.2,7.21,591.6,892.05,12.1,1.41, , 
,893.45,2432,84.0,12.9,11101001,892.75,2432,50.2,7.21,591.6,893.11,12.9,1.45, , 
,894.50,2432,84.0,10.2,11101001,893.78,2432,48.6,7.21,571.2,894.14,12.5,1.41, , 
,895.61,2432,84.0,7.8,11101001,894.89,2432,48.6,7.21,571.2,895.25,9.8,1.41, , 
,896.62,2432,84.0,7.8,11101001,895.94,2432,48.6,7.21,571.2,896.28,7.8,1.48, , 
,897.72,2432,84.0,5.5,11101001,896.97,2432,48.6,7.21,571.2,897.34,5.5,1.45, , 
,898.75,2432,84.0,5.1,11101001,898.07,2432,48.6,7.21,571.2,898.41,5.1,1.45, , 
,899.83,2432,84.0,5.5,11101001,899.09,2432,48.6,7.21,571.2,899.44,4.7,1.48, , 
,900.86,2432,84.0,5.1,11101001,900.16,2432,48.6,7.21,571.2,900.49,6.3,1.45, , 
,901.87,2400,84.0,3.9,11101001,901.19,2432,36.9,5.15,438.6,901.53,3.9,1.45, , 
,902.83,2368,84.0,3.9,11111101,902.20,2400,20.8,2.06,295.8,902.52,0.0,1.33, , 
,903.83,2368,84.0,0.0,11101001,903.16,2368,16.1,2.06,244.8,903.48,0.0,1.68, , 
,904.82,2336,84.0,0.0,11101001,904.15,2368,22.0,3.09,316.2,904.48,0.0,1.48, , 
,905.83,2304,84.0,0.4,11101001,905.16,2336,28.2,3.09,357.0,905.50,-0.8,1.41, , 
,906.84,2304,84.0,3.5,11101001,906.17,2304,35.3,5.15,438.6,906.50,2.3,1.56, , 
,907.86,2304,84.0,7.0,11101001,907.20,2304,36.9,5.15,459.0,907.52,6.3,1.52, , 
,908.89,2304,84.0,10.9,11101001,908.22,2304,42.7,6.18,520.2,908.56,9.8,1.48, , 
,909.93,2304,84.0,10.2,11101001,909.22,2304,47.1,7.21,571.2,909.59,10.5,1.41, , 
,910.98,2304,84.0,8.6,11101001,910.28,2304,48.6,7.21,571.2,910.64,9.8,1.37, , 
,912.01,2336,84.0,3.5,11101001,911.33,2304,48.6,7.21,571.2,911.65,4.7,1.29, , 
,913.02,2304,84.0,0.0,11111101,912.35,2336,47.1,6.18,571.2,912.69,0.0,1.41, , 
,914.01,2272,84.0,0.0,11111101,913.34,2336,16.1,2.06,244.8,913.68,0.0,1.76, , 
,915.02,2240,84.0,0.0,11111101,914.35,2272,0.0,0.00,244.8,914.68,0.0,3.98, , 
,916.03,2208,84.0,0.0,11111101,915.35,2208,0.0,0.00,244.8,915.69,0.0,3.98, , 
,917.05,2144,84.0,0.0,11111101,916.37,2176,0.0,0.00,244.8,916.71,0.0,3.98, , 
,918.07,2112,84.0,0.0,11111101,917.38,2144,0.0,0.00,244.8,917.73,0.0,4.02, , 
,919.11,2080,84.0,0.0,11111101,918.43,2080,0.0,0.00,244.8,918.76,0.0,3.95, , 
,920.13,2016,84.0,0.0,11111101,919.45,2048,0.0,0.00,244.8,919.80,0.0,3.95, , 
,921.20,2016,84.0,0.0,11101001,920.48,1984,14.9,2.06,244.8,920.84,0.0,1.41, , 
,922.28,1984,84.0,3.1,11101011,921.56,1984,22.0,3.09,316.2,921.92,0.0,1.21, , 
,923.38,1984,84.0,0.0,11101011,922.65,1984,36.9,5.15,459.0,923.02,0.0,1.56, , 
,924.44,1984,84.0,5.1,11101001,923.73,1984,54.5,7.21,652.8,924.10,3.1,1.60, , 
,925.51,2048,84.0,-1.6,11101001,924.80,2016,71.0,10.30,795.6,925.15,0.0,1.41, , 
,926.60,2048,84.0,0.0,11101001,925.88,2048,69.4,9.27,775.2,926.23,0.0,1.64, , 
,927.64,2048,84.0,4.7,11101001,926.94,2048,50.2,7.21,591.6,927.30,4.3,1.56, , 
,928.72,2080,84.0,5.9,11101001,928.00,2080,54.5,7.21,652.8,928.35,5.5,1.45, , 
,929.75,2080,84.0,5.9,11101001,929.06,2080,54.5,8.24,632.4,929.41,5.9,1.48, , 
,930.80,2080,84.0,6.6,11101001,930.10,2080,54.5,8.24,632.4,930.46,6.3,1.41, , 
,931.82,2080,84.0,4.7,11101001,931.13,2080,54.5,8.24,632.4,931.48,5.1,1.45, , 
,932.92,2048,84.0,0.0,11101001,932.18,2080,53.3,7.21,632.4,932.54,4.7,1.45, , 
,933.99,2016,82.5,-1.2,11101001,933.27,2048,26.7,3.09,357.0,933.62,-1.6,1.37, , 
,935.06,1984,84.0,1.2,11101001,934.36,2016,26.7,3.09,357.0,934.71,1.6,1.48, , 
,936.14,1984,82.5,0.0,11101011,935.42,1984,29.4,3.09,377.4,935.78,0.0,1.60, , 
,937.24,1984,82.5,11.3,11101011,936.50,1984,54.5,7.21,632.4,936.87,5.1,1.60, , 
,938.32,1984,82.5,0.0,11101011,937.59,1984,54.5,7.21,652.8,937.95,0.0,1.56, , 
,939.40,2080,82.5,0.0,11111101,938.69,1984,66.3,8.24,754.8,939.04,5.9,1.56, , 
,940.42,992,82.5,0.0,11111111,939.75,1856,0.0,0.00,275.4,940.10,0.0,3.36, , 
,941.31,1024,82.5,0.0,11111111,940.71,960,28.2,4.12,397.8,941.01,0.0,2.23, , 
,942.17,896,82.5,0.0,11111111,941.58,992,23.5,3.09,357.0,941.87,0.0,0.94, , 
,943.06,896,82.5,2.7,11111111,942.47,832,28.2,3.09,397.8,942.77,0.8,1.52, , 
,944.00,864,82.5,8.2,11111111,943.37,896,31.0,3.09,438.6,943.70,6.6,1.64, , 
,945.02,1856,82.5,16.0,11101011,944.30,1024,28.2,3.09,397.8,944.66,13.7,1.52, , 
,946.12,1888,84.0,11.3,11101011,945.37,1888,23.5,3.09,336.6,945.75,13.7,1.21, , 
,947.25,1920,82.5,7.0,11101011,946.50,1888,28.2,4.12,377.4,946.87,9.0,1.25, , 
,948.36,1888,82.5,2.7,11101011,947.63,1888,29.4,4.12,377.4,947.98,3.5,1.29, , 
,949.48,1920,84.0,0.4,11101011,948.74,1888,31.0,4.12,397.8,949.13,0.8,1.41, , 
,950.56,1920,82.5,-1.2,11101011,949.84,1920,29.4,4.12,397.8,950.20,0.0,1.45, , 
,951.69,1920,82.5,-2.0,11101011,950.94,1920,29.4,3.09,377.4,951.31,-2.7,1.48, , 
,952.81,1920,82.5,-3.1,11101011,952.06,1920,31.0,4.12,397.8,952.44,-3.1,1.48, , 
,953.93,1920,82.5,-3.9,11101011,953.18,1920,31.0,4.12,397.8,953.56,-3.5,1.48, , 
,955.00,1920,82.5,0.0,11101011,954.32,1920,31.0,4.12,397.8,954.66,0.0,1.56, , 
,956.10,1952,82.5,7.0,11101011,955.36,1920,48.6,6.18,591.6,955.73,5.1,1.64, , 
,957.19,1984,82.5,10.2,11101011,956.47,1952,47.1,6.18,571.2,956.83,9.8,1.52, , 
,958.25,2048,82.5,5.1,11101001,957.53,1984,56.1,8.24,673.2,957.89,6.3,1.37, , 
,959.35,2080,82.5,2.7,11101001,958.62,2048,56.1,7.21,652.8,958.99,3.9,1.41, , 
,960.37,2112,82.5,2.3,11101001,959.68,2080,54.5,7.21,632.4,960.03,2.3,1.52, , 
,961.39,2176,82.5,3.9,11101001,960.73,2144,54.5,7.21,632.4,961.06,3.1,1.48, , 
,962.41,2208,82.5,5.9,11101001,961.73,2176,54.5,7.21,632.4,962.07,5.5,1.52, , 
,963.45,2240,82.5,7.0,11101001,962.76,2208,53.3,7.21,612.0,963.09,7.0,1.45, , 
,964.50,2304,82.5,8.6,11101001,963.79,2272,53.3,7.21,612.0,964.15,8.2,1.48, , 
,965.53,2336,82.5,9.0,11101001,964.83,2304,51.8,7.21,612.0,965.17,9.0,1.45, , 
,966.58,2400,82.5,3.9,11101001,965.88,2368,50.2,7.21,591.6,966.22,10.2,1.45, , 
,967.65,2400,82.5,2.0,11101001,966.94,2400,40.0,5.15,479.4,967.30,2.7,1.41, , 
,968.70,2368,82.5,-2.7,11101001,968.00,2400,19.2,2.06,275.4,968.33,2.3,1.60, , 
,969.70,2368,82.5,4.3,11101001,969.03,2368,17.6,2.06,275.4,969.37,-3.9,1.09, , 
,970.70,2336,82.5,-4.7,11101001,970.03,2336,17.6,2.06,275.4,970.37,1.2,1.48, , 
,971.72,2304,82.5,-7.0,11101001,971.05,2336,20.8,2.06,295.8,971.38,-8.2,1.33, , 
,972.72,2304,82.5,-7.8,11101001,972.06,2304,25.1,3.09,336.6,972.39,-7.4,1.45, , 
,973.75,2272,82.5,-7.0,11101001,973.06,2272,34.1,4.12,418.2,973.40,-7.0,1.52, , 
,974.78,2304,82.5,0.0,11101001,974.09,2272,54.5,7.21,632.4,974.43,0.0,1.41, , 
,975.78,2336,82.5,-1.2,11101001,975.10,2304,57.6,8.24,673.2,975.44,-1.2,1.41, , 
,976.82,2368,82.5,-2.3,11101001,976.13,2336,60.4,8.24,693.6,976.48,-2.0,1.48, , 
,977.87,2368,84.0,2.0,11101001,977.19,2368,56.1,7.21,652.8,977.52,0.4,1.60, , 
,978.94,2400,82.5,0.0,11101001,978.23,2368,51.8,7.21,612.0,978.60,3.5,1.37, , 
,979.98,2464,82.5,0.0,11101001,979.29,2432,82.7,12.36,907.8,979.64,0.0,0.98, , 
,981.00,2528,82.5,-3.9,11101001,980.29,2496,88.6,13.39,969.0,980.65,-3.5,1.45, , 
,982.01,2592,82.5,-5.5,11101001,981.36,2560,88.6,12.36,969.0,981.68,-5.5,1.45, , 
,983.06,2688,82.5,-7.8,11101001,982.37,2656,88.6,12.36,969.0,982.71,-7.0,1.41, , 
,984.10,2752,84.0,-12.5,11101001,983.40,2720,87.1,12.36,948.6,983.76,-11.3,1.41, , 
,985.09,2144,82.5,0.0,11111101,984.43,2784,82.7,10.30,907.8,984.75,0.0,1.84, , 
,986.12,1344,82.5,0.0,11101011,985.42,1600,0.0,0.00,295.8,985.75,0.0,3.87, , 
,987.14,2112,82.5,0.0,11101001,986.47,2176,16.1,2.06,244.8,986.80,0.0,0.82, , 
,988.16,2112,82.5,3.5,11101001,987.49,2112,16.1,2.06,244.8,987.82,0.8,1.33, , 
,989.23,2080,84.0,-4.3,11101001,988.51,2080,23.5,3.09,336.6,988.88,-2.7,1.25, , 
,990.30,2080,84.0,-8.2,11101001,989.60,2080,28.2,3.09,377.4,989.94,-7.4,1.37, , 
,991.34,2080,84.0,-12.9,11101001,990.64,2080,29.4,3.09,377.4,991.00,-12.1,1.29, , 
,992.38,2112,84.0,-12.1,11101001,991.70,2080,38.4,4.12,459.0,992.05,-12.5,1.56, , 
,993.40,2112,84.0,-7.4,11101001,992.71,2112,38.4,4.12,479.4,993.06,-8.2,1.56, , 
,994.49,2112,84.0,-1.6,11101001,993.77,2112,38.4,4.12,459.0,994.12,-5.1,1.56, , 
,995.51,2112,84.0,1.6,11101001,994.84,2112,38.4,5.15,459.0,995.19,1.2,1.52, , 
,996.57,2112,84.0,3.5,11101001,995.87,2112,38.4,5.15,479.4,996.22,3.1,1.45, , 
,997.62,2112,84.0,3.1,11101001,996.94,2112,40.0,5.15,479.4,997.30,3.1,1.45, , 
,998.66,2112,84.0,3.5,11101001,997.96,2112,40.0,5.15,479.4,998.31,3.1,1.48, , 
,999.72,2112,84.0,3.1,11101001,999.02,2112,38.4,5.15,479.4,999.37,4.3,1.48, , 
,1000.79,2112,84.0,2.3,11101001,1000.07,2112,38.4,5.15,479.4,1000.42,2.3,1.45, , 
,1001.86,2112,84.0,1.6,11101001,1001.16,2112,36.9,5.15,459.0,1001.51,2.0,1.45, , 
,1002.92,2112,84.0,2.7,11101001,1002.18,2112,38.4,5.15,459.0,1002.54,2.3,1.52, , 
,1003.93,2112,84.0,2.3,11101001,1003.26,2112,38.4,5.15,459.0,1003.60,2.3,1.45, , 
,1004.98,2080,84.0,2.0,11101001,1004.27,2112,38.4,5.15,459.0,1004.62,2.0,1.45, , 
,1006.05,2080,84.0,1.6,11101001,1005.34,2080,38.4,5.15,459.0,1005.68,2.0,1.48, , 
,1007.05,2080,84.0,-2.0,11101001,1006.38,2080,36.9,4.12,459.0,1006.72,-0.4,1.37, , 
,1008.13,2048,82.5,3.5,11101001,1007.40,2080,16.1,2.06,244.8,1007.76,6.6,1.68, , 
,1009.20,2016,84.0,8.2,11101001,1008.48,2048,16.1,2.06,244.8,1008.85,6.6,1.48, , 
,1010.28,1984,84.0,5.5,11101011,1009.56,2016,16.1,2.06,244.8,1009.92,8.2,1.41, , 
,1011.37,1952,84.0,10.5,11101011,1010.64,1984,14.9,2.06,244.8,1011.00,9.0,1.41, , 
,1012.46,1920,84.0,10.5,11101011,1011.73,1952,16.1,2.06,244.8,1012.10,13.7,1.60, , 
,1013.51,1888,84.0,5.5,11111111,1012.82,1888,16.1,2.06,244.8,1013.16,10.5,1.37, , 
,1014.56,1856,82.5,0.0,11111111,1013.87,1888,19.2,2.06,275.4,1014.24,0.0,1.25, , 
,1015.52,1792,84.0,0.0,11111111,1014.89,1824,0.0,0.00,295.8,1015.22,0.0,3.87, , 
,1016.54,1696,82.5,0.0,11111111,1015.86,1760,0.0,0.00,316.2,1016.20,0.0,3.95, , 
,1017.54,1664,82.5,0.0,11111111,1016.87,1696,0.0,0.00,316.2,1017.21,0.0,3.98, , 
,1018.55,1600,82.5,0.0,11111111,1017.90,1632,0.0,0.00,316.2,1018.22,0.0,4.02, , 
,1019.57,1568,82.5,0.0,11101011,1018.88,1600,0.0,0.00,316.2,1019.23,0.0,3.98, , 
,1020.63,1536,82.5,0.0,11101011,1019.86,1536,20.8,3.09,316.2,1020.24,0.0,1.33, , 
,1021.64,1504,82.5,1.6,11101011,1020.95,1504,25.1,3.09,357.0,1021.26,2.3,1.29, , 
,1022.57,1504,82.5,1.6,11101011,1022.03,1504,28.2,3.09,377.4,1022.30,1.2,1.48, , 
,1023.75,1504,82.5,0.0,11101011,1022.85,1472,35.3,5.15,459.0,1023.29,0.0,1.33, , 
,1024.74,1504,82.5,-0.4,11101011,1024.06,1504,57.6,8.24,693.6,1024.38,-0.4,1.45, , 
,1025.79,1504,82.5,0.0,11111111,1025.13,1504,54.5,7.21,652.8,1025.44,0.0,1.41, , 
,1027.04,1472,82.5,0.0,11111111,1026.15,1504,22.0,3.09,316.2,1026.61,1.2,1.52, , 
,1027.98,1408,82.5,1.2,11111111,1027.34,1472,22.0,3.09,316.2,1027.67,0.8,1.48, , 
,1028.99,1312,82.5,0.0,11111111,1028.33,1376,23.5,3.09,336.6,1028.66,0.0,1.45, , 
,1029.93,1248,82.5,1.2,11111111,1029.29,1312,23.5,3.09,336.6,1029.62,0.8,1.52, , 
,1030.90,1216,82.5,3.9,11111111,1030.26,1216,22.0,3.09,336.6,1030.60,2.7,1.52, , 
,1031.89,1184,82.5,4.3,11101011,1031.22,1216,23.5,3.09,336.6,1031.52,4.7,1.48, , 
,1032.84,992,82.5,3.9,11111111,1032.22,1152,23.5,3.09,336.6,1032.52,3.5,1.45, , 
,1033.80,1664,82.5,4.7,11101011,1033.16,928,26.7,3.09,377.4,1033.46,3.5,1.45, , 
,1034.88,1888,82.5,3.5,11101011,1034.16,1888,17.6,2.06,275.4,1034.51,8.2,1.56, , 
,1035.98,1984,82.5,4.7,11101011,1035.25,1952,38.4,5.15,459.0,1035.62,4.7,1.48, , 
,1037.05,2048,82.5,0.0,11101001,1036.34,1984,42.7,5.15,520.2,1036.70,0.0,1.56, , 
,1038.07,2112,82.5,0.0,11111101,1037.39,2080,62.0,8.24,714.0,1037.73,0.0,1.37, , 
,1039.08,2048,82.5,0.0,11111101,1038.40,2176,16.1,2.06,244.8,1038.74,9.4,2.50, , 
,1040.14,1952,82.5,0.0,11111111,1039.42,1984,0.0,0.00,244.8,1039.76,0.0,3.67, , 
,1041.16,1888,82.5,0.0,11101011,1040.48,1920,0.0,0.00,275.4,1040.84,0.0,3.32, , 
,1042.18,1856,82.5,0.0,11101011,1041.47,1856,17.6,2.06,275.4,1041.82,0.0,0.86, , 
,1043.27,1824,82.5,2.0,11101011,1042.54,1792,25.1,3.09,357.0,1042.91,2.3,1.48, , 
,1044.42,1824,82.5,2.7,11101011,1043.65,1824,29.4,4.12,397.8,1044.04,2.7,1.48, , 
,1045.57,1856,82.5,2.0,11101011,1044.80,1856,28.2,3.09,377.4,1045.18,2.3,1.45, , 
,1046.67,1856,84.0,-1.6,11101011,1045.94,1856,28.2,3.09,377.4,1046.30,0.4,1.41, , 
,1047.81,1856,82.5,-2.3,11101011,1047.04,1856,26.7,3.09,357.0,1047.43,-1.6,1.45, , 
,1048.93,1856,82.5,-2.3,11101011,1048.19,1856,26.7,3.09,357.0,1048.56,-2.3,1.48, , 
,1050.05,1856,82.5,-1.6,11101011,1049.32,1856,28.2,3.09,357.0,1049.68,-2.3,1.48, , 
,1051.16,1824,82.5,0.4,11101011,1050.42,1856,28.2,3.09,377.4,1050.78,-1.6,1.52, , 
,1052.27,1824,82.5,0.4,11101011,1051.51,1856,29.4,3.09,377.4,1051.89,0.4,1.48, , 
,1053.38,1824,82.5,1.6,11101011,1052.61,1824,29.4,3.09,377.4,1052.99,1.2,1.48, , 
,1054.46,1792,82.5,2.7,11101011,1053.74,1824,29.4,4.12,397.8,1054.10,2.3,1.48, , 
,1055.58,1856,82.5,7.8,11101011,1054.83,1792,47.1,6.18,571.2,1055.21,7.0,1.56, , 
,1056.68,1888,82.5,10.5,11101011,1055.95,1888,51.8,7.21,612.0,1056.33,10.2,1.48, , 
,1057.75,1952,82.5,12.1,11101011,1057.04,1920,50.2,7.21,591.6,1057.41,11.3,1.45, , 
,1058.84,1984,82.5,12.5,11101001,1058.12,1984,45.9,6.18,550.8,1058.48,12.9,1.45, , 
,1059.87,2016,82.5,12.1,11101001,1059.19,1984,42.7,6.18,520.2,1059.53,12.1,1.45, , 
,1060.92,2048,82.5,7.8,11101001,1060.22,2016,41.2,6.18,499.8,1060.57,9.0,1.41, , 
,1061.97,2080,82.5,6.6,11101001,1061.28,2080,41.2,5.15,499.8,1061.64,7.0,1.45, , 
,1063.01,2112,82.5,2.7,11101001,1062.32,2112,40.0,5.15,479.4,1062.66,4.7,1.33, , 
,1064.06,2144,82.5,0.4,11101001,1063.36,2112,34.1,4.12,418.2,1063.71,0.8,1.45, , 
,1065.12,2176,82.5,-1.2,11101001,1064.40,2144,34.1,4.12,418.2,1064.76,-0.4,1.48, , 
,1066.16,2208,82.5,-2.3,11101001,1065.47,2176,34.1,4.12,418.2,1065.81,-2.3,1.48, , 
,1067.18,2240,82.5,-3.1,11101001,1066.50,2208,32.5,4.12,418.2,1066.84,-3.1,1.52, , 
,1068.19,2272,82.5,-4.7,11101001,1067.53,2272,32.5,4.12,397.8,1067.87,-3.5,1.48, , 
,1069.20,2304,82.5,-2.7,11101001,1068.53,2272,28.2,3.09,357.0,1068.86,-4.7,1.52, , 
,1070.20,2336,82.5,-3.1,11101001,1069.51,2304,26.7,3.09,357.0,1069.86,-3.1,1.45, , 
,1071.21,2304,84.0,-5.5,11101001,1070.54,2336,19.2,2.06,275.4,1070.88,-1.2,1.68, , 
,1072.18,2304,84.0,-3.5,11101001,1071.53,2368,19.2,2.06,275.4,1071.85,-4.7,1.41, , 
,1073.19,2272,84.0,-4.7,11101001,1072.51,2336,19.2,2.06,275.4,1072.86,-3.5,1.48, , 
,1074.18,2304,84.0,-6.3,11101001,1073.53,2304,19.2,2.06,275.4,1073.85,-2.0,1.56, , 
,1075.20,2304,84.0,-6.6,11101001,1074.51,2272,20.8,2.06,295.8,1074.85,-7.4,1.29, , 
,1076.22,2272,84.0,-5.1,11101001,1075.54,2272,23.5,2.06,316.2,1075.89,-6.6,1.52, , 
,1077.24,2272,84.0,-4.3,11101001,1076.56,2272,26.7,3.09,357.0,1076.91,-5.1,1.52, , 
,1078.24,2272,82.5,-1.2,11101001,1077.58,2272,26.7,3.09,357.0,1077.90,-0.8,1.48, , 
,1079.26,2272,84.0,-2.7,11101001,1078.58,2272,26.7,3.09,336.6,1078.91,-2.7,1.41, , 
,1080.28,2272,84.0,-3.9,11101001,1079.60,2272,25.1,3.09,336.6,1079.93,-3.5,1.48, , 
,1081.31,2272,84.0,-5.1,11101001,1080.62,2272,25.1,3.09,336.6,1080.97,-4.3,1.45, , 
,1082.31,2304,84.0,-5.5,11101001,1081.64,2272,25.1,3.09,336.6,1081.98,-5.5,1.52, , 
,1083.33,2304,84.0,-5.1,11101001,1082.64,2304,25.1,3.09,336.6,1082.99,-5.5,1.48, , 
,1084.36,2304,84.0,-5.5,11101001,1083.65,2304,23.5,3.09,336.6,1084.00,-5.5,1.41, , 
,1085.35,2304,84.0,-5.1,11101001,1084.70,2304,25.1,3.09,336.6,1085.02,-5.9,1.52, , 
,1086.36,2336,84.0,-5.1,11101001,1085.68,2336,25.1,3.09,336.6,1086.02,-4.7,1.45, , 
,1087.37,2336,84.0,-2.3,11101001,1086.70,2304,26.7,3.09,336.6,1087.05,-3.1,1.45, , 
,1088.36,2336,84.0,-4.7,11101001,1087.70,2336,25.1,3.09,336.6,1088.03,-4.7,1.45, , 
,1089.38,2336,84.0,-7.0,11101001,1088.70,2336,25.1,3.09,336.6,1089.04,-5.9,1.41, , 
,1090.39,2336,84.0,-6.3,11101001,1089.70,2336,25.1,3.09,336.6,1090.06,-7.4,1.41, , 
,1091.42,2336,84.0,-7.0,11101001,1090.75,2336,25.1,3.09,336.6,1091.10,-6.6,1.56, , 
,1092.46,2336,84.0,-6.6,11101001,1091.76,2336,25.1,3.09,336.6,1092.11,-5.9,1.48, , 
,1093.48,2336,84.0,-3.9,11101001,1092.79,2336,23.5,3.09,316.2,1093.14,-4.3,1.48, , 
,1094.51,2304,84.0,-6.6,11101001,1093.83,2336,23.5,3.09,316.2,1094.17,-6.3,1.48, , 
,1095.52,2304,84.0,-6.6,11101001,1094.85,2304,23.5,3.09,316.2,1095.17,-6.6,1.48, , 
,1096.53,2304,84.0,-7.4,11101001,1095.86,2304,23.5,3.09,316.2,1096.18,-7.0,1.48, , 
,1097.55,2304,84.0,-7.4,11101001,1096.87,2304,23.5,3.09,316.2,1097.21,-7.0,1.48, , 
,1098.58,2304,84.0,-7.0,11101001,1097.89,2272,23.5,3.09,316.2,1098.23,-6.6,1.45, , 
,1099.58,2272,84.0,-7.0,11101001,1098.90,2272,23.5,3.09,316.2,1099.23,-7.0,1.48, , 
,1100.59,2272,84.0,-6.6,11101001,1099.91,2272,23.5,3.09,316.2,1100.25,-7.0,1.48, , 
,1101.62,2272,84.0,-7.0,11101001,1100.92,2272,23.5,3.09,316.2,1101.28,-7.0,1.41, , 
,1102.63,2240,84.0,-7.0,11101001,1101.96,2272,23.5,3.09,316.2,1102.29,-7.4,1.48, , 
,1103.66,2240,84.0,-7.0,11101001,1102.97,2240,23.5,3.09,316.2,1103.31,-7.0,1.45, , 
,1104.70,2240,84.0,-5.1,11101001,1104.00,2240,23.5,3.09,316.2,1104.37,-5.9,1.48, , 
,1105.70,2272,84.0,-5.1,11101001,1105.03,2240,25.1,3.09,336.6,1105.37,-4.7,1.48, , 
,1106.72,2272,84.0,-4.3,11101001,1106.04,2272,26.7,3.09,357.0,1106.38,-5.5,1.45, , 
,1107.72,2336,84.0,-2.0,11101001,1107.06,2304,32.5,4.12,418.2,1107.39,-2.3,1.48, , 
,1108.77,2336,84.0,-5.5,11101001,1108.07,2336,25.1,3.09,336.6,1108.40,-5.5,1.33, , 
,1109.83,2336,84.0,-4.3,11101001,1109.11,2336,20.8,2.06,295.8,1109.48,-9.4,1.41, , 
,1110.91,2432,84.0,0.8,11101001,1110.18,2400,31.0,4.12,397.8,1110.56,-1.6,1.56, , 
,1111.98,2528,84.0,5.9,11101001,1111.26,2464,41.2,6.18,499.8,1111.62,4.3,1.52, , 
,1113.01,2624,84.0,9.0,11101001,1112.32,2560,44.3,6.18,520.2,1112.68,8.6,1.45, , 
,1114.04,2720,84.0,9.8,11101001,1113.34,2656,42.7,6.18,499.8,1113.70,9.4,1.41, , 
,1115.11,2848,84.0,9.4,11101001,1114.40,2752,50.2,7.21,591.6,1114.76,9.0,1.37, , 
,1116.06,1600,84.0,0.0,11111111,1115.44,2624,0.0,0.00,316.2,1115.77,0.0,3.83, , 
,1117.06,2112,84.0,0.0,11101001,1116.36,1216,23.5,4.12,336.6,1116.71,0.0,2.70, , 
,1118.12,2112,84.0,0.0,11101001,1117.42,2112,20.8,3.09,295.8,1117.78,0.0,1.41, , 
,1119.14,2176,84.0,3.9,11101001,1118.45,2144,45.9,6.18,550.8,1118.80,3.1,1.60, , 
,1120.15,2240,84.0,2.3,11101001,1119.48,2176,56.1,8.24,632.4,1119.82,3.5,1.41, , 
,1121.15,2272,84.0,1.2,11101001,1120.48,2240,59.2,8.24,673.2,1120.81,0.8,1.41, , 
,1122.16,2336,84.0,3.1,11101001,1121.48,2304,56.1,8.24,652.8,1121.83,2.0,1.52, , 
,1123.22,2400,84.0,3.5,11101001,1122.50,2368,54.5,7.21,632.4,1122.88,3.5,1.48, , 
,1124.26,2432,84.0,3.1,11101001,1123.59,2400,56.1,8.24,652.8,1123.92,2.7,1.41, , 
,1125.33,2496,84.0,3.5,11101001,1124.63,2464,54.5,8.24,632.4,1124.99,3.5,1.52, , 
,1126.31,2560,84.0,1.6,11101001,1125.65,2528,54.5,7.21,632.4,1125.98,3.1,1.48, , 
,1127.32,2592,84.0,0.0,11101001,1126.66,2560,60.4,8.24,693.6,1127.01,0.0,1.45, , 
,1128.29,2624,84.0,-3.9,11101001,1127.64,2592,60.4,8.24,693.6,1127.97,-1.2,1.41, , 
,1129.29,2688,84.0,-7.0,11101001,1128.63,2656,67.8,9.27,754.8,1128.96,-6.6,1.45, , 
,1130.28,2720,84.0,-5.1,11101001,1129.62,2688,66.3,8.24,734.4,1129.95,-6.3,1.56, , 
,1131.33,2752,84.0,-2.3,11101001,1130.63,2752,62.0,8.24,693.6,1130.99,-2.7,1.48, , 
,1132.34,2816,84.0,-1.6,11101001,1131.66,2784,62.0,8.24,693.6,1132.00,-2.3,1.45, , 
,1133.39,2880,84.0,-2.0,11101001,1132.71,2848,62.0,8.24,693.6,1133.05,-1.6,1.52, , 
,1134.46,2944,84.0,-1.6,11101001,1133.70,2912,60.4,8.24,693.6,1134.04,-2.0,1.45, , 
,1135.47,1728,85.5,0.0,11111111,1134.80,2816,0.0,0.00,397.8,1135.15,0.0,3.75, , 
,1136.46,1856,84.0,0.0,11101011,1135.79,1280,0.0,0.00,336.6,1136.13,0.0,3.79, , 
,1137.50,2272,84.0,-0.8,11101001,1136.82,2240,16.1,2.06,244.8,1137.15,0.0,1.56, , 
,1138.52,2240,84.0,1.2,11101001,1137.83,2240,29.4,3.09,377.4,1138.17,-0.8,1.56, , 
,1139.50,2240,84.0,3.9,11101001,1138.83,2240,41.2,5.15,479.4,1139.18,2.3,1.56, , 
,1140.50,2240,84.0,7.0,11101001,1139.84,2240,44.3,6.18,520.2,1140.20,6.3,1.52, , 
,1141.49,2272,84.0,7.4,11101001,1140.83,2240,44.3,6.18,520.2,1141.16,7.8,1.45, , 
,1142.50,2240,84.0,5.9,11101001,1141.82,2240,41.2,6.18,499.8,1142.15,7.0,1.41, , 
,1143.53,2240,84.0,0.4,11101001,1142.84,2272,32.5,4.12,397.8,1143.18,1.6,1.33, , 
,1144.55,2240,84.0,-0.8,11101001,1143.87,2240,34.1,4.12,418.2,1144.22,0.0,1.48, , 
,1145.58,2240,84.0,-1.6,11101001,1144.90,2240,35.3,4.12,438.6,1145.23,-1.2,1.48, , 
,1146.60,2208,84.0,-1.6,11101001,1145.91,2240,35.3,4.12,438.6,1146.24,-2.3,1.52, , 
,1147.59,2208,84.0,-2.7,11101001,1146.92,2208,35.3,4.12,438.6,1147.25,-2.3,1.48, , 
,1148.57,2208,84.0,-2.3,11101001,1147.91,2208,35.3,4.12,438.6,1148.24,-3.1,1.52, , 
,1149.59,2208,84.0,-1.6,11101001,1148.91,2208,35.3,4.12,438.6,1149.25,-1.6,1.52, , 
,1150.60,2208,84.0,0.0,11101001,1149.94,2208,35.3,5.15,438.6,1150.26,0.0,1.48, , 
,1151.65,2176,84.0,-0.8,11101001,1150.96,2208,35.3,4.12,438.6,1151.31,-1.2,1.45, , 
,1152.66,2176,84.0,1.2,11101001,1151.99,2176,36.9,5.15,459.0,1152.33,0.0,1.48, , 
,1153.69,2176,84.0,6.6,11101001,1153.02,2176,45.9,6.18,550.8,1153.36,5.1,1.56, , 
,1154.70,2176,84.0,7.8,11101001,1154.03,2176,45.9,6.18,550.8,1154.37,8.6,1.45, , 
,1155.79,2176,84.0,7.8,11101001,1155.06,2176,47.1,7.21,571.2,1155.42,8.2,1.45, , 
,1156.87,2144,84.0,6.6,11101001,1156.15,2144,45.9,6.18,550.8,1156.51,7.0,1.41, , 
,1157.91,2144,84.0,0.8,11101001,1157.24,2144,47.1,6.18,550.8,1157.56,3.1,1.33, , 
,1158.93,2016,84.0,0.0,11111101,1158.23,2112,47.1,6.18,571.2,1158.60,0.0,1.25, , 
,1159.95,2048,84.0,0.0,11111101,1159.27,2048,16.1,2.06,244.8,1159.60,0.0,2.30, , 
,1161.03,1984,84.0,0.0,11101001,1160.31,2016,0.0,0.00,244.8,1160.67,0.0,3.95, , 
,1162.09,1920,84.0,0.0,11101011,1161.39,1952,19.2,3.09,295.8,1161.74,0.0,0.78, , 
,1163.19,1920,84.0,-4.3,11101011,1162.46,1920,25.1,3.09,357.0,1162.83,-3.5,1.37, , 
,1164.26,1888,84.0,4.7,11111111,1163.54,1888,32.5,4.12,418.2,1163.90,-5.9,1.41, , 
,1165.25,992,84.0,0.0,11111111,1164.61,1696,0.0,0.00,295.8,1164.93,0.0,3.40, , 
,1166.18,960,84.0,0.0,11111111,1165.58,1056,28.2,4.12,397.8,1165.89,0.0,1.29, , 
,1167.10,896,84.0,0.0,11111111,1166.48,928,25.1,3.09,357.0,1166.79,0.0,0.59, , 
,1168.00,896,84.0,-3.1,11111111,1167.40,896,26.7,3.09,397.8,1167.70,-2.3,1.29, , 
,1168.90,896,84.0,-3.1,11111111,1168.29,896,26.7,3.09,397.8,1168.59,-3.1,1.48, , 
,1169.78,864,84.0,-2.3,11111111,1169.19,896,28.2,3.09,397.8,1169.48,-2.7,1.52, , 
,1170.71,864,84.0,-1.2,11111111,1170.11,864,28.2,3.09,397.8,1170.40,-1.6,1.52, , 
,1171.58,896,84.0,0.0,11111111,1171.01,896,28.2,3.09,397.8,1171.30,-0.4,1.52, , 
,1172.48,864,84.0,1.2,11111111,1171.87,896,28.2,3.09,397.8,1172.18,0.8,1.52, , 
,1173.42,896,84.0,2.0,11111111,1172.78,896,28.2,4.12,397.8,1173.09,1.6,1.52, , 
,1174.37,896,84.0,2.0,11111111,1173.73,896,28.2,4.12,397.8,1174.04,2.3,1.48, , 
,1175.39,1536,84.0,0.8,11101011,1174.67,896,28.2,4.12,397.8,1174.98,2.0,1.45, , 
,1176.42,1440,84.0,-2.0,11101011,1175.69,1440,25.1,3.09,336.6,1176.06,0.4,1.41, , 
,1177.44,1408,84.0,-3.9,11101011,1176.76,1440,28.2,3.09,377.4,1177.10,-3.1,1.41, , 
,1178.51,1408,84.0,-5.5,11101011,1177.81,1440,28.2,3.09,397.8,1178.19,-5.5,1.45, , 
,1179.53,1376,84.0,-5.5,11101011,1178.85,1408,28.2,3.09,397.8,1179.18,-5.5,1.52, , 
,1180.47,1472,84.0,0.0,11101011,1179.86,1408,50.2,8.24,591.6,1180.18,0.0,0.43, , 
,1181.53,1632,84.0,-4.3,11101011,1180.82,1504,78.4,11.33,907.8,1181.18,0.0,1.13, , 
,1182.63,1728,84.0,0.0,11101011,1181.87,1664,75.3,10.30,867.0,1182.25,-4.3,1.41, , 
,1183.69,1824,84.0,0.4,11101011,1182.95,1760,51.8,7.21,612.0,1183.31,2.0,1.60, , 
,1184.77,1920,84.0,0.4,11101011,1184.05,1856,56.1,8.24,673.2,1184.41,0.4,1.52, , 
,1185.83,2016,84.0,0.0,11101001,1185.12,1952,54.5,7.21,632.4,1185.49,0.4,1.45, , 
,1186.87,2080,84.0,-1.2,11101001,1186.18,2048,51.8,7.21,612.0,1186.54,-0.8,1.48, , 
,1187.89,2176,84.0,-6.3,11101001,1187.21,2112,59.2,8.24,693.6,1187.55,-6.3,1.21, , 
,1188.91,2272,84.0,-6.3,11101001,1188.24,2208,57.6,7.21,673.2,1188.57,-5.9,1.52, , 
,1189.91,2304,84.0,0.4,11101001,1189.24,2304,50.2,6.18,591.6,1189.56,-0.8,1.56, , 
,1190.95,2368,84.0,2.3,11101001,1190.27,2336,45.9,6.18,550.8,1190.61,2.3,1.52, , 
,1191.93,2400,84.0,3.9,11101001,1191.30,2368,45.9,6.18,550.8,1191.61,3.5,1.48, , 
,1192.99,2464,84.0,4.7,11101001,1192.28,2432,45.9,6.18,550.8,1192.63,4.3,1.48, , 
,1194.01,2528,84.0,4.3,11101001,1193.33,2464,45.9,6.18,550.8,1193.67,4.7,1.45, , 
,1195.00,2560,84.0,6.3,11101001,1194.33,2528,45.9,6.18,550.8,1194.67,5.9,1.48, , 
,1196.03,2592,84.0,7.0,11101001,1195.35,2560,42.7,6.18,520.2,1195.70,6.6,1.52, , 
,1197.04,2592,84.0,8.2,11101001,1196.37,2592,44.3,6.18,499.8,1196.72,7.0,1.48, , 
,1198.05,2656,84.0,2.3,11101001,1197.37,2624,44.3,6.18,520.2,1197.71,3.5,1.48, , 
,1199.07,2688,84.0,2.7,11101001,1198.39,2656,48.6,6.18,571.2,1198.73,2.7,1.45, , 
,1200.10,2720,84.0,2.7,11101001,1199.41,2688,48.6,7.21,571.2,1199.76,2.3,1.48, , 
,1201.15,2784,84.0,3.5,11101001,1200.46,2720,45.9,6.18,550.8,1200.82,3.1,1.52, , 
,1202.19,2784,84.0,3.5,11101001,1201.51,2784,47.1,6.18,550.8,1201.85,3.5,1.41, , 
,1203.23,2848,84.0,3.1,11101001,1202.53,2816,44.3,6.18,520.2,1202.89,3.1,1.48, , 
,1204.25,2880,84.0,3.5,11101001,1203.54,2848,44.3,6.18,520.2,1203.89,3.1,1.48, , 
,1205.37,2912,84.0,3.1,11101001,1204.60,2880,42.7,6.18,499.8,1204.98,3.1,1.48, , 
,1206.33,2976,84.0,4.7,11101001,1205.75,2944,42.7,6.18,499.8,1206.06,3.9,1.52, , 
,1207.14,3008,84.0,3.5,11101001,1206.59,2976,42.7,6.18,499.8,1206.86,3.9,1.48, , 
,1208.22,3072,84.0,2.0,11101001,1207.56,3040,41.2,5.15,499.8,1207.90,2.3,1.45, , 
,1209.27,3104,84.0,-0.4,11101001,1208.58,3072,40.0,5.15,479.4,1208.92,0.4,1.45, , 
,1210.38,3136,84.0,-1.2,11101001,1209.63,3136,40.0,5.15,479.4,1210.00,-1.2,1.48, , 
,1211.48,3168,84.0,-2.3,11101001,1210.75,3136,40.0,5.15,479.4,1211.13,-2.0,1.48, , 
,1212.54,3168,84.0,-2.3,11101001,1211.84,3168,40.0,5.15,479.4,1212.18,-2.0,1.48, , 
,1213.59,3168,84.0,-2.0,11101001,1212.87,3168,40.0,5.15,459.0,1213.22,-2.0,1.52, , 
,1214.67,3200,84.0,-1.2,11101001,1213.95,3168,40.0,5.15,479.4,1214.33,-1.2,1.52, , 
,1215.72,3200,84.0,-1.2,11101001,1215.02,3200,40.0,5.15,479.4,1215.38,-1.2,1.48, , 
,1216.79,3200,84.0,-0.4,11101001,1216.09,3200,41.2,5.15,479.4,1216.42,-0.8,1.48, , 
,1217.85,3200,84.0,1.2,11101001,1217.12,3200,42.7,5.15,499.8,1217.50,0.0,1.52, , 
,1218.92,3200,85.5,2.0,11101001,1218.20,3200,42.7,5.15,499.8,1218.59,1.6,1.48, , 
,1220.02,3200,85.5,2.0,11101001,1219.30,3200,42.7,6.18,499.8,1219.67,2.3,1.52, , 
,1221.13,3232,85.5,0.0,11101001,1220.37,3200,42.7,6.18,499.8,1220.75,2.3,1.48, , 
,1222.19,2720,85.5,0.0,11111101,1221.47,3264,78.4,11.33,867.0,1221.85,0.0,1.05, , 
,1223.22,2464,85.5,0.0,11101001,1222.54,2464,62.0,11.33,693.6,1222.86,0.0,1.05, , 
,1224.25,2528,85.5,-5.5,11101001,1223.54,2496,88.6,13.39,969.0,1223.91,-3.9,1.33, , 
,1225.27,2624,85.5,-7.8,11101001,1224.57,2560,88.6,12.36,969.0,1224.93,-7.0,1.48, , 
,1226.31,2688,85.5,-9.0,11101001,1225.60,2656,88.6,12.36,969.0,1225.96,-8.2,1.52, , 
,1227.32,2784,85.5,-9.8,11101001,1226.64,2720,88.6,12.36,969.0,1226.99,-9.8,1.45, , 
,1228.37,2880,85.5,-9.4,11101001,1227.65,2816,88.6,13.39,969.0,1228.04,-9.4,1.17, , 
,1229.63,2976,85.5,-7.8,11101001,1228.75,2912,88.6,14.42,969.0,1229.15,-8.2,1.17, , 
,1230.71,3072,85.5,-8.6,11101001,1229.97,3040,88.6,14.42,969.0,1230.35,-8.2,1.09, , 
,1231.81,3168,85.5,-9.8,11101001,1231.07,3104,88.6,13.39,969.0,1231.45,-10.5,1.05, , 
,1232.86,2944,85.5,0.0,11111101,1232.17,3200,88.6,13.39,969.0,1232.53,-10.9,1.05, , 
,1233.88,1920,85.5,0.0,11101011,1233.20,2400,0.0,0.00,275.4,1233.54,0.0,3.87, , 
,1234.97,2432,85.5,0.0,11101001,1234.23,2464,17.6,2.06,244.8,1234.60,0.0,0.90, , 
,1235.98,2400,85.5,0.0,11101001,1235.32,2368,19.2,2.06,275.4,1235.64,0.0,1.41, , 
,1237.09,2368,85.5,0.4,11101001,1236.35,2400,35.3,4.12,438.6,1236.75,-0.4,1.52, , 
,1238.06,2368,85.5,2.0,11101001,1237.39,2368,35.3,4.12,438.6,1237.72,1.2,1.52, , 
,1239.11,2336,85.5,1.6,11101001,1238.40,2368,36.9,5.15,459.0,1238.75,2.7,1.45, , 
,1240.15,2336,85.5,2.0,11101001,1239.45,2336,35.3,4.12,438.6,1239.82,1.6,1.52, , 
,1241.16,2336,85.5,0.0,11101001,1240.48,2336,40.0,5.15,479.4,1240.82,0.0,1.52, , 
,1242.22,2336,85.5,1.6,11101001,1241.52,2336,54.5,7.21,632.4,1241.86,2.0,1.52, , 
,1243.25,2336,85.5,1.6,11101001,1242.56,2336,57.6,8.24,652.8,1242.90,0.8,1.41, , 
,1244.32,2336,87.0,4.3,11101001,1243.63,2336,54.5,7.21,632.4,1243.96,3.5,1.52, , 
,1245.43,2336,85.5,4.3,11101001,1244.70,2336,53.3,7.21,632.4,1245.06,4.3,1.45, , 
,1246.44,2336,85.5,4.3,11101001,1245.76,2336,53.3,7.21,632.4,1246.12,4.3,1.45, , 
,1247.48,2304,85.5,1.2,11101001,1246.79,2336,40.0,5.15,479.4,1247.12,4.3,1.45, , 
,1248.50,2272,85.5,-3.5,11101001,1247.82,2304,25.1,3.09,336.6,1248.16,-2.7,1.33, , 
,1249.54,2272,85.5,-4.3,11101001,1248.83,2272,28.2,3.09,377.4,1249.20,-3.9,1.48, , 
,1250.55,2208,85.5,-4.3,11111101,1249.87,2272,28.2,3.09,377.4,1250.22,-3.9,1.52, , 
,1251.59,2240,85.5,0.0,11101001,1250.89,2208,16.1,2.06,244.8,1251.23,0.0,2.15, , 
,1252.59,2240,85.5,0.0,11101001,1251.91,2208,44.3,6.18,520.2,1252.24,0.0,1.52, , 
,1253.57,2240,85.5,4.7,11101001,1252.90,2240,51.8,7.21,612.0,1253.24,4.3,1.60, , 
,1254.59,2272,85.5,6.6,11101001,1253.90,2272,51.8,7.21,612.0,1254.26,5.9,1.48, , 
,1255.61,2272,85.5,8.2,11101001,1254.94,2272,50.2,7.21,591.6,1255.27,7.8,1.48, , 
,1256.64,2304,85.5,7.0,11101001,1255.96,2272,50.2,7.21,591.6,1256.29,7.8,1.45, , 
,1257.65,2304,85.5,7.8,11101001,1256.99,2304,50.2,7.21,591.6,1257.34,7.8,1.48, , 
,1258.67,2304,85.5,7.0,11101001,1258.00,2304,51.8,7.21,591.6,1258.33,6.6,1.48, , 
,1259.74,2336,85.5,5.9,11101001,1259.00,2336,51.8,7.21,591.6,1259.37,6.3,1.45, , 
,1260.71,2336,85.5,6.3,11101001,1260.09,2336,50.2,7.21,591.6,1260.39,5.5,1.48, , 
,1261.74,2368,85.5,6.3,11101001,1261.07,2336,50.2,7.21,591.6,1261.40,5.9,1.52, , 
,1262.79,2368,85.5,5.9,11101001,1262.08,2368,50.2,7.21,591.6,1262.45,6.3,1.45, , 
,1263.76,2368,85.5,0.0,11111101,1263.13,2368,48.6,7.21,571.2,1263.44,0.0,1.45, , 
,1264.77,2336,85.5,0.0,11111101,1264.09,2336,17.6,2.06,275.4,1264.42,0.0,1.72, , 
,1265.73,2304,85.5,0.0,11111101,1265.08,2304,0.0,0.00,244.8,1265.40,0.0,3.83, , 
,1266.76,2240,85.5,0.0,11111101,1266.07,2272,0.0,0.00,244.8,1266.41,0.0,3.98, , 
,1267.75,2176,85.5,0.0,11101001,1267.08,2240,16.1,3.09,244.8,1267.41,0.0,1.17, , 
,1268.78,2208,85.5,2.3,11101001,1268.10,2240,53.3,7.21,612.0,1268.43,0.0,1.60, , 
,1269.77,2240,85.5,5.9,11101001,1269.12,2208,53.3,7.21,632.4,1269.44,4.7,1.52, , 
,1270.79,2240,85.5,0.8,11101001,1270.11,2208,59.2,8.24,693.6,1270.44,2.3,1.37, , 
,1271.78,2240,85.5,-3.9,11101001,1271.11,2240,60.4,8.24,693.6,1271.44,-0.8,1.45, , 
,1272.78,2272,85.5,-6.3,11101001,1272.11,2272,66.3,9.27,754.8,1272.44,-5.9,1.45, , 
,1273.81,2304,84.0,-6.6,11101001,1273.13,2272,66.3,8.24,754.8,1273.47,-6.3,1.52, , 
,1274.85,2304,84.0,-6.3,11101001,1274.17,2304,66.3,8.24,754.8,1274.52,-6.3,1.45, , 
,1275.89,2336,85.5,-8.2,11101001,1275.20,2336,69.4,9.27,775.2,1275.53,-7.4,1.48, , 
,1276.90,2368,84.0,-10.9,11101001,1276.23,2336,69.4,8.24,775.2,1276.56,-9.4,1.48, , 
,1277.97,2368,84.0,-8.6,11101001,1277.27,2368,72.2,9.27,826.2,1277.59,-11.7,1.45, , 
,1279.00,2400,84.0,-12.9,11101001,1278.33,2400,72.2,9.27,826.2,1278.67,-11.3,1.45, , 
,1280.06,2432,84.0,-9.4,11101001,1279.36,2400,72.2,8.24,826.2,1279.71,-9.4,1.48, , 
,1281.12,2432,84.0,-7.8,11101001,1280.42,2432,72.2,8.24,795.6,1280.75,-8.2,1.52, , 
,1282.19,2464,84.0,-5.5,11101001,1281.46,2432,72.2,8.24,795.6,1281.82,-5.9,1.52, , 
,1283.24,2464,84.0,-3.5,11101001,1282.55,2464,72.2,9.27,795.6,1282.90,-3.9,1.45, , 
,1284.33,2464,84.0,-5.1,11101001,1283.60,2464,72.2,9.27,795.6,1283.98,-5.9,1.45, , 
,1285.42,2464,84.0,-5.5,11101001,1284.69,2464,71.0,8.24,795.6,1285.04,-5.1,1.45, , 
,1286.48,2464,84.0,-4.7,11101001,1285.77,2464,71.0,9.27,795.6,1286.12,-5.1,1.41, , 
,1287.55,2496,84.0,-5.1,11101001,1286.84,2496,71.0,9.27,795.6,1287.20,-4.3,1.52, , 
,1288.54,2496,84.0,-5.5,11101001,1287.90,2496,71.0,9.27,795.6,1288.22,-4.7,1.45, , 
,1289.54,2528,84.0,-3.9,11101001,1288.89,2496,71.0,9.27,795.6,1289.22,-4.7,1.45, , 
,1290.59,2528,84.0,-3.9,11101001,1289.88,2528,69.4,9.27,775.2,1290.26,-4.3,1.48, , 
,1291.64,2560,84.0,-4.3,11101001,1290.94,2528,69.4,8.24,775.2,1291.29,-3.9,1.48, , 
,1292.66,2592,84.0,0.0,11101001,1291.98,2560,67.8,8.24,754.8,1292.31,-1.2,1.52, , 
,1293.65,2592,84.0,0.0,11101001,1292.99,2592,63.5,8.24,714.0,1293.33,0.0,1.64, , 
,1294.68,2592,84.0,8.2,11101001,1294.01,2592,48.6,6.18,571.2,1294.35,7.0,1.64, , 
,1295.74,2560,84.0,12.5,11101001,1295.03,2592,47.1,6.18,571.2,1295.39,11.3,1.52, , 
,1296.78,2560,84.0,14.1,11101001,1296.07,2560,48.6,7.21,571.2,1296.43,13.7,1.45, , 
,1297.82,2592,84.0,10.9,11101001,1297.14,2592,48.6,7.21,571.2,1297.49,11.3,1.41, , 
,1298.82,2560,84.0,2.3,11101001,1298.17,2592,38.4,5.15,459.0,1298.48,4.7,1.37, , 
,1299.84,2560,84.0,-2.3,11101001,1299.16,2560,29.4,4.12,377.4,1299.51,-0.8,1.37, , 
,1300.85,2560,84.0,-2.3,11101001,1300.19,2560,47.1,6.18,550.8,1300.53,-2.3,1.45, , 
,1301.88,2592,84.0,-0.8,11101001,1301.20,2592,51.8,7.21,612.0,1301.55,-1.6,1.52, , 
,1302.91,2624,84.0,2.0,11101001,1302.22,2592,51.8,7.21,591.6,1302.58,1.2,1.52, , 
,1303.89,2624,84.0,4.7,11101001,1303.24,2624,50.2,7.21,591.6,1303.58,4.3,1.48, , 
,1304.90,2624,84.0,7.4,11101001,1304.22,2624,50.2,7.21,591.6,1304.55,6.3,1.41, , 
,1305.90,2624,84.0,7.4,11101001,1305.24,2624,50.2,7.21,591.6,1305.57,7.4,1.48, , 
,1306.91,2592,84.0,5.9,11101001,1306.23,2624,50.2,7.21,591.6,1306.56,6.6,1.45, , 
,1307.95,2560,84.0,5.9,11101001,1307.24,2592,50.2,7.21,591.6,1307.60,6.3,1.45, , 
,1308.99,2560,84.0,0.0,11101001,1308.30,2560,53.3,7.21,612.0,1308.65,3.9,1.37, , 
,1310.02,2528,84.0,-5.5,11101001,1309.33,2560,71.0,10.30,795.6,1309.67,-3.1,1.25, , 
,1311.06,2528,84.0,-10.9,11101001,1310.35,2528,81.2,11.33,907.8,1310.73,-9.0,1.41, , 
,1312.09,2528,84.0,-14.1,11101001,1311.39,2528,81.2,10.30,907.8,1311.71,-13.3,1.48, , 
,1313.11,2496,84.0,-14.8,11101001,1312.42,2496,82.7,10.30,907.8,1312.78,-14.8,1.52, , 
,1314.15,2496,84.0,-14.8,11101001,1313.46,2496,81.2,10.30,907.8,1313.78,-15.2,1.45, , 
,1315.18,2464,84.0,-14.5,11101001,1314.46,2496,82.7,10.30,907.8,1314.83,-14.5,1.52, , 
,1316.23,2464,84.0,-13.3,11101001,1315.54,2464,81.2,10.30,907.8,1315.88,-14.5,1.45, , 
,1317.25,2464,84.0,-14.5,11101001,1316.58,2464,81.2,10.30,907.8,1316.92,-13.3,1.45, , 
,1318.30,2464,84.0,-14.1,11101001,1317.60,2464,81.2,10.30,907.8,1317.95,-14.8,1.48, , 
,1319.33,2464,84.0,-14.1,11101001,1318.65,2464,81.2,10.30,907.8,1319.00,-13.7,1.48, , 
,1320.33,2496,84.0,-13.3,11101001,1319.66,2464,81.2,10.30,907.8,1319.99,-13.3,1.48, , 
,1321.36,2528,84.0,-13.3,11101001,1320.66,2496,81.2,10.30,907.8,1320.99,-13.3,1.48, , 
,1322.40,2560,84.0,-11.3,11101001,1321.71,2528,78.4,10.30,867.0,1322.06,-12.9,1.48, , 
,1323.39,2592,84.0,-11.3,11101001,1322.74,2560,78.4,10.30,867.0,1323.07,-10.9,1.45, , 
,1324.38,2144,84.0,0.0,11111101,1323.70,2592,78.4,10.30,867.0,1324.06,0.0,1.33, , 
,1325.36,1088,84.0,0.0,11111111,1324.75,1632,0.0,0.00,316.2,1325.06,0.0,3.91, , 
,1326.26,896,84.0,0.0,11111111,1325.63,1024,26.7,4.12,377.4,1325.92,0.0,1.13, , 
,1327.19,896,84.0,0.0,11111111,1326.57,896,26.7,3.09,377.4,1326.88,0.0,0.59, , 
,1328.14,896,84.0,-3.1,11111111,1327.51,896,26.7,3.09,397.8,1327.81,-2.7,1.29, , 
,1329.07,896,84.0,-4.7,11111111,1328.43,896,26.7,3.09,397.8,1328.74,-4.3,1.41, , 
,1330.02,896,84.0,-4.7,11111111,1329.39,896,26.7,3.09,397.8,1329.70,-4.7,1.45, , 
,1330.91,896,84.0,-4.3,11111111,1330.31,896,26.7,3.09,397.8,1330.61,-4.7,1.48, , 
,1331.81,864,84.0,-3.9,11111111,1331.21,864,26.7,3.09,397.8,1331.51,-3.9,1.52, , 
,1332.75,896,84.0,-3.1,11111111,1332.12,896,26.7,3.09,397.8,1332.45,-3.1,1.48, , 
,1333.72,896,85.5,-2.3,11111111,1333.07,896,26.7,3.09,397.8,1333.40,-2.7,1.48, , 
,1334.59,896,85.5,-2.0,11111111,1334.01,864,26.7,3.09,397.8,1334.29,-2.3,1.48, , 
,1335.51,864,84.0,-1.6,11111111,1334.91,896,26.7,3.09,397.8,1335.21,-1.6,1.48, , 
,1336.47,896,85.5,-0.8,11111111,1335.82,896,26.7,3.09,397.8,1336.15,-0.8,1.52, , 
,1337.36,896,85.5,-0.4,11111111,1336.76,864,26.7,3.09,397.8,1337.06,-0.4,1.48, , 
,1338.25,896,85.5,-0.4,11111111,1337.65,896,26.7,3.09,397.8,1337.95,0.0,1.48, , 
,1339.15,896,85.5,-0.4,11111111,1338.55,896,26.7,3.09,397.8,1338.85,-0.4,1.45, , 
,1340.07,896,85.5,-1.2,11111111,1339.45,896,26.7,3.09,397.8,1339.76,-0.8,1.45, , 
,1341.01,896,85.5,-2.0,11111111,1340.39,896,26.7,3.09,397.8,1340.70,-2.0,1.41, , 
,1341.91,896,85.5,-2.7,11111111,1341.31,864,26.7,3.09,397.8,1341.61,-2.3,1.45, , 
,1342.81,864,85.5,-3.1,11111111,1342.19,864,26.7,3.09,397.8,1342.50,-3.1,1.45, , 
,1343.75,896,85.5,-3.5,11111111,1343.13,896,26.7,3.09,397.8,1343.45,-3.1,1.45, , 
,1344.65,864,85.5,-3.5,11111111,1344.05,896,26.7,3.09,397.8,1344.35,-3.5,1.48, , 
,1345.59,864,85.5,-3.1,11111111,1344.97,864,26.7,3.09,397.8,1345.28,-3.5,1.48, , 
,1346.55,896,85.5,-2.3,11111111,1345.90,864,26.7,3.09,397.8,1346.23,-2.7,1.52, , 
,1347.46,896,85.5,-2.0,11111111,1346.86,896,26.7,3.09,397.8,1347.16,-2.0,1.48, , 
,1348.35,896,84.0,-1.6,11111111,1347.77,896,28.2,3.09,397.8,1348.07,-1.6,1.48, , 
,1349.27,896,85.5,-2.0,11111111,1348.66,896,28.2,3.09,397.8,1348.96,-2.0,1.45, , 
,1350.20,896,84.0,-2.3,11111111,1349.58,896,28.2,3.09,397.8,1349.90,-2.3,1.45, , 
,1351.10,896,84.0,-2.3,11111111,1350.50,896,28.2,3.09,397.8,1350.80,-2.3,1.45, , 
,1352.00,864,84.0,-2.7,11111111,1351.40,896,26.7,3.09,397.8,1351.70,-2.7,1.45, , 
,1352.96,2080,84.0,0.0,11101001,1352.30,896,28.2,3.09,397.8,1352.61,-2.7,1.48, , 
,1354.03,2112,84.0,0.0,11101001,1353.33,2080,20.8,3.09,295.8,1353.68,0.0,1.48, , 
,1355.07,2112,84.0,2.7,11101001,1354.37,2112,48.6,6.18,571.2,1354.72,2.0,1.56, , 
,1356.10,2144,84.0,5.9,11101001,1355.41,2144,45.9,6.18,550.8,1355.76,4.7,1.56, , 
,1357.15,2144,84.0,6.3,11101001,1356.44,2144,44.3,6.18,520.2,1356.80,6.6,1.45, , 
,1358.17,2144,84.0,3.1,11101001,1357.49,2144,38.4,5.15,479.4,1357.84,3.5,1.37, , 
,1359.23,2112,84.0,-3.5,11101001,1358.54,2144,34.1,4.12,438.6,1358.89,-0.4,1.33, , 
,1360.27,2080,84.0,-0.4,11101001,1359.58,2112,25.1,3.09,336.6,1359.93,0.0,1.45, , 
,1361.36,2080,84.0,7.8,11101001,1360.62,2080,38.4,4.12,459.0,1360.99,7.4,1.64, , 
,1362.41,2112,84.0,10.5,11101001,1361.72,2080,42.7,5.15,499.8,1362.07,9.0,1.48, , 
,1363.46,2112,84.0,8.6,11101001,1362.76,2112,48.6,6.18,591.6,1363.10,10.2,1.41, , 
,1364.51,2112,84.0,7.4,11101001,1363.81,2112,45.9,6.18,550.8,1364.16,7.8,1.48, , 
,1365.54,2144,84.0,5.1,11101001,1364.85,2144,45.9,5.15,550.8,1365.18,5.5,1.41, , 
,1366.56,2144,84.0,3.5,11101001,1365.88,2144,45.9,5.15,550.8,1366.21,4.3,1.48, , 
,1367.64,2144,84.0,0.0,11101001,1366.94,2144,44.3,5.15,520.2,1367.30,0.0,1.45, , 
,1368.70,2080,84.0,7.8,11101001,1367.98,2112,19.2,2.06,275.4,1368.35,7.4,1.68, , 
,1369.71,2080,82.5,5.9,11101001,1369.06,2112,17.6,2.06,275.4,1369.38,5.9,1.33, , 
,1370.77,2048,82.5,8.6,11101001,1370.06,2048,28.2,3.09,377.4,1370.42,7.4,1.48, , 
,1371.82,2048,82.5,15.2,11101001,1371.11,2048,40.0,5.15,479.4,1371.47,13.7,1.64, , 
,1372.90,2080,82.5,18.8,11101001,1372.18,2048,42.7,5.15,520.2,1372.54,18.0,1.45, , 
,1373.99,2080,82.5,19.5,11101001,1373.26,2080,42.7,5.15,499.8,1373.63,19.5,1.41, , 
,1375.05,2080,82.5,20.7,11101001,1374.36,2080,41.2,5.15,499.8,1374.71,20.3,1.45, , 
,1376.12,2080,82.5,6.3,11101001,1375.38,2080,41.2,5.15,499.8,1375.75,5.9,1.45, , 
,1377.14,2080,82.5,5.9,11101001,1376.47,2080,41.2,5.15,499.8,1376.80,6.3,1.45, , 
,1378.20,2112,82.5,3.5,11101001,1377.48,2112,41.2,5.15,499.8,1377.84,4.3,1.33, , 
,1379.21,2112,82.5,3.1,11101001,1378.53,2112,41.2,5.15,499.8,1378.87,3.1,1.48, , 
,1380.25,2112,82.5,2.3,11101001,1379.55,2112,40.0,5.15,479.4,1379.90,2.3,1.48, , 
,1381.26,2144,82.5,1.6,11101001,1380.59,2112,40.0,5.15,479.4,1380.94,2.0,1.48, , 
,1382.32,2144,82.5,0.8,11101001,1381.62,2112,40.0,5.15,479.4,1381.96,0.8,1.48, , 
,1383.36,2144,82.5,0.8,11101001,1382.65,2144,40.0,5.15,479.4,1383.01,0.4,1.45, , 
,1384.40,2144,82.5,2.3,11101001,1383.71,2144,40.0,5.15,479.4,1384.03,2.3,1.52, , 
,1385.45,2144,82.5,2.0,11101001,1384.74,2144,40.0,5.15,479.4,1385.10,2.0,1.45, , 
,1386.45,2144,82.5,2.3,11101001,1385.79,2144,38.4,5.15,479.4,1386.10,2.3,1.56, , 
,1387.49,2144,82.5,3.5,11101001,1386.78,2144,40.0,5.15,479.4,1387.14,3.5,1.52, , 
,1388.50,2144,82.5,3.5,11101001,1387.82,2144,40.0,5.15,479.4,1388.16,3.5,1.48, , 
,1389.52,2144,82.5,3.1,11101001,1388.85,2144,38.4,5.15,479.4,1389.18,3.5,1.48, , 
,1390.57,2144,82.5,3.1,11101001,1389.86,2144,38.4,5.15,479.4,1390.21,3.5,1.48, , 
,1391.62,2144,84.0,0.4,11101001,1390.92,2144,26.7,3.09,357.0,1391.27,0.8,1.41, , 
,1392.68,2112,82.5,-2.3,11101001,1391.97,2144,26.7,3.09,357.0,1392.32,-0.4,1.45, , 
,1393.72,2080,82.5,-5.1,11101001,1393.02,2080,20.8,2.06,295.8,1393.35,-1.2,1.56, , 
,1394.74,2016,82.5,0.4,11101001,1394.06,2080,20.8,2.06,295.8,1394.39,-5.9,1.33, , 
,1395.80,1952,82.5,-3.5,11101011,1395.10,2016,20.8,2.06,295.8,1395.45,0.0,1.64, , 
,1396.86,2016,82.5,0.4,11101001,1396.15,1952,20.8,2.06,295.8,1396.50,-6.6,1.29, , 
,1397.93,1920,82.5,0.0,11111111,1397.22,2016,17.6,2.06,275.4,1397.58,3.9,1.80, , 
,1398.93,1856,82.5,0.0,11111111,1398.29,1888,0.0,0.00,275.4,1398.61,0.0,3.87, , 
,1400.00,1792,82.5,0.0,11111111,1399.30,1824,0.0,0.00,295.8,1399.64,0.0,3.95, , 
,1400.99,1728,82.5,0.0,11111111,1400.34,1760,0.0,0.00,295.8,1400.66,0.0,3.95, , 
,1402.02,1664,82.5,0.0,11111111,1401.33,1728,0.0,0.00,316.2,1401.68,0.0,3.98, , 
,1403.03,1600,82.5,0.0,11111111,1402.35,1664,0.0,0.00,316.2,1402.68,0.0,3.91, , 
,1403.96,992,82.5,0.0,11111111,1403.35,1120,23.5,4.12,336.6,1403.67,0.0,3.63, , 
,1405.06,1984,82.5,0.0,11111101,1404.34,1312,23.5,3.09,336.6,1404.70,0.0,1.68, , 
,1406.07,1920,82.5,0.0,11111111,1405.39,1984,0.0,0.00,244.8,1405.73,0.0,3.95, , 
,1407.13,1824,82.5,0.0,11111111,1406.42,1888,0.0,0.00,275.4,1406.80,0.0,3.95, , 
,1408.12,1728,82.5,0.0,11111111,1407.44,1792,0.0,0.00,295.8,1407.79,0.0,3.95, , 
,1409.16,1632,82.5,0.0,11111111,1408.47,1696,0.0,0.00,316.2,1408.82,0.0,3.91, , 
,1410.14,1536,82.5,0.0,11111111,1409.50,1600,0.0,0.00,316.2,1409.82,0.0,3.91, , 
,1411.24,1440,82.5,0.0,11111111,1410.55,1504,0.0,0.00,316.2,1410.89,0.0,3.98, , 
,1412.23,1344,82.5,0.0,11111111,1411.56,1408,0.0,0.00,336.6,1411.88,0.0,3.95, , 
,1413.20,1312,82.5,0.0,11101011,1412.55,1344,22.0,3.09,336.6,1412.87,0.0,2.30, , 
,1414.25,1312,82.5,0.0,11111111,1413.54,1344,22.0,3.09,336.6,1413.90,0.0,0.78, , 
,1415.22,1312,82.5,-2.0,11111111,1414.58,1440,23.5,3.09,336.6,1414.91,-3.1,1.41, , 
,1416.17,1696,82.5,0.4,11101011,1415.54,1184,23.5,3.09,336.6,1415.83,-1.2,1.52, , 
,1417.24,1856,82.5,2.7,11101011,1416.50,1792,20.8,2.06,295.8,1416.89,2.7,1.56, , 
,1418.33,1984,82.5,2.7,11101001,1417.60,1888,44.3,6.18,520.2,1417.97,0.0,1.64, , 
,1419.33,2176,82.5,4.3,11101001,1418.67,2048,50.2,6.18,612.0,1419.00,4.3,1.56, , 
,1420.40,2432,82.5,1.2,11101001,1419.67,2272,54.5,7.21,632.4,1420.01,1.6,1.41, , 
,1421.43,2720,82.5,2.7,11101001,1420.74,2528,57.6,7.21,652.8,1421.07,3.1,1.52, , 
,1422.48,2624,82.5,0.0,11111101,1421.79,2816,62.0,8.24,693.6,1422.14,5.1,1.56, , 
,1423.57,1952,82.5,0.0,11101011,1422.83,2112,0.0,0.00,295.8,1423.22,0.0,3.67, , 
,1424.66,1952,82.5,2.0,11101011,1423.93,1952,29.4,4.12,377.4,1424.30,0.0,1.41, , 
,1425.75,2016,82.5,6.6,11101001,1425.02,1984,42.7,5.15,520.2,1425.38,5.5,1.60, , 
,1426.80,2016,82.5,0.0,11101001,1426.11,2016,38.4,5.15,479.4,1426.45,7.8,1.48, , 
,1427.86,2016,82.5,-3.9,11101001,1427.16,2016,22.0,2.06,316.2,1427.51,-3.1,1.33, , 
,1428.91,1984,82.5,-5.9,11101001,1428.20,2016,22.0,2.06,316.2,1428.55,-5.9,1.41, , 
,1430.01,1984,82.5,-5.9,11101001,1429.27,1984,22.0,2.06,316.2,1429.64,-6.6,1.45, , 
,1431.12,1952,82.5,-4.7,11101011,1430.38,1984,22.0,2.06,316.2,1430.74,-4.7,1.52, , 
,1432.22,1920,82.5,0.8,11101011,1431.48,1952,23.5,2.06,336.6,1431.84,-3.9,1.56, , 
,1433.31,1920,82.5,4.7,11101011,1432.59,1920,25.1,3.09,336.6,1432.95,3.1,1.52, , 
,1434.42,1920,82.5,4.7,11101011,1433.69,1920,25.1,3.09,336.6,1434.05,5.1,1.41, , 
,1435.49,1920,82.5,5.5,11101011,1434.77,1920,25.1,3.09,336.6,1435.13,4.7,1.45, , 
,1436.55,1920,82.5,4.3,11101011,1435.84,1920,25.1,3.09,336.6,1436.19,4.3,1.41, , 
,1437.65,1888,82.5,0.0,11101011,1436.91,1888,25.1,3.09,336.6,1437.27,4.7,1.48, , 
,1438.77,1952,82.5,8.2,11101011,1438.02,1920,42.7,5.15,499.8,1438.39,6.3,1.68, , 
,1439.84,2016,82.5,9.8,11101001,1439.13,1984,38.4,5.15,479.4,1439.48,9.4,1.48, , 
,1440.90,1952,82.5,0.0,11101011,1440.18,2016,36.9,4.12,459.0,1440.53,0.0,1.41, , 
,1441.98,1920,82.5,3.9,11101011,1441.26,1952,17.6,2.06,275.4,1441.63,11.3,1.68, , 
,1443.10,1856,84.0,7.0,11101011,1442.36,1920,17.6,2.06,275.4,1442.72,4.3,1.29, , 
,1444.20,1920,82.5,0.0,11101011,1443.47,1856,26.7,3.09,357.0,1443.83,0.0,1.52, , 
,1445.28,1952,82.5,9.8,11101011,1444.55,1920,50.2,6.18,612.0,1444.92,7.4,1.64, , 
,1446.34,2016,82.5,10.9,11101001,1445.63,1984,47.1,6.18,571.2,1445.98,12.1,1.56, , 
,1447.37,2048,82.5,16.0,11101001,1446.67,2016,38.4,5.15,459.0,1447.03,14.8,1.52, , 
,1448.43,2112,82.5,19.1,11101001,1447.72,2080,45.9,6.18,550.8,1448.07,18.8,1.48, , 
,1449.44,2176,82.5,0.0,11101001,1448.76,2144,44.3,6.18,520.2,1449.10,18.8,1.37, , 
,1450.46,2176,82.5,-1.2,11101001,1449.78,2176,23.5,2.06,316.2,1450.13,0.4,1.52, , 
,1451.52,2176,82.5,0.0,11101001,1450.82,2144,22.0,2.06,316.2,1451.18,0.0,1.60, , 
,1452.55,2240,82.5,10.9,11101001,1451.86,2176,48.6,6.18,571.2,1452.21,8.6,1.72, , 
,1453.57,2336,82.5,16.8,11101001,1452.89,2272,47.1,6.18,550.8,1453.23,15.2,1.56, , 
,1454.63,2400,82.5,19.1,11101001,1453.89,2336,47.1,6.18,550.8,1454.29,19.9,1.48, , 
,1455.69,2496,82.5,13.7,11101001,1455.01,2432,57.6,8.24,652.8,1455.34,14.5,1.17, , 
,1456.72,2240,84.0,0.0,11111101,1456.02,2560,67.8,9.27,754.8,1456.36,7.8,1.33, , 
,1457.66,1728,82.5,0.0,11101011,1457.01,1696,0.0,0.00,316.2,1457.31,0.0,3.87, , 
,1458.75,1920,84.0,0.0,11101011,1458.02,1888,44.3,6.18,520.2,1458.38,0.0,1.33, , 
,1459.82,2016,82.5,-2.7,11101001,1459.10,1952,79.6,11.33,907.8,1459.46,0.0,1.29, , 
,1460.84,2112,82.5,-7.4,11101001,1460.15,2048,81.2,11.33,928.2,1460.51,-6.3,1.25, , 
,1461.86,2176,84.0,-9.0,11101001,1461.19,2112,82.7,11.33,928.2,1461.52,-8.6,1.52, , 
,1462.84,2272,84.0,-8.6,11101001,1462.19,2208,82.7,10.30,928.2,1462.51,-8.2,1.52, , 
,1463.87,2336,84.0,-8.6,11101001,1463.18,2304,82.7,11.33,928.2,1463.52,-8.6,1.48, , 
,1464.85,2432,84.0,-9.0,11101001,1464.18,2368,81.2,10.30,907.8,1464.51,-8.6,1.52, , 
,1465.91,2528,84.0,-8.6,11101001,1465.19,2464,82.7,10.30,907.8,1465.55,-8.6,1.48, , 
,1466.94,2624,84.0,-9.4,11101001,1466.25,2560,82.7,11.33,907.8,1466.60,-9.0,1.48, , 
,1467.97,2688,84.0,-9.8,11101001,1467.27,2656,84.3,11.33,928.2,1467.63,-9.0,1.52, , 
,1468.99,2784,84.0,-10.9,11101001,1468.32,2720,85.5,11.33,928.2,1468.65,-10.5,1.45, , 
,1470.01,2880,84.0,-11.3,11101001,1469.33,2816,85.5,11.33,948.6,1469.68,-11.3,1.45, , 
,1471.00,2208,84.0,0.0,11111101,1470.29,2912,85.5,11.33,928.2,1470.64,0.0,1.56, , 
,1472.06,2304,84.0,0.0,11101001,1471.35,1696,0.0,0.00,295.8,1471.73,0.0,2.85, , 
,1473.07,2208,84.0,0.0,11101001,1472.40,2208,57.6,8.24,652.8,1472.73,0.0,1.21, , 
,1474.08,2240,84.0,-3.9,11101001,1473.41,2208,71.0,9.27,795.6,1473.74,-2.3,1.48, , 
,1475.10,2272,84.0,-7.4,11101001,1474.41,2272,75.3,9.27,846.6,1474.75,-6.6,1.41, , 
,1476.09,2304,84.0,-7.8,11101001,1475.42,2272,76.9,9.27,867.0,1475.76,-7.4,1.52, , 
,1478.12,2368,84.0,-6.6,11101001,1478.43,2368,79.6,10.30,887.4,1477.75,-5.5,1.41, , 
,1479.11,2400,84.0,-10.5,11101001,1479.45,2400,78.4,10.30,887.4,1478.74,-9.4,1.41, , 
,1480.11,2432,84.0,-12.5,11101001,1480.46,2432,78.4,10.30,867.0,1479.78,-12.1,1.48, , 
,1481.16,2464,84.0,-13.3,11101001,1481.50,2464,78.4,10.30,867.0,1480.80,-12.9,1.48, , 
,1482.23,2496,84.0,0.0,11101001,1482.54,2496,69.4,9.27,775.2,1481.87,-12.5,1.48, , 
,1483.21,2496,84.0,-5.9,11101001,1483.58,2496,81.2,12.36,907.8,1482.88,-4.7,1.29, , 
,1484.27,2528,84.0,-7.0,11101001,1484.60,2560,88.6,12.36,969.0,1483.93,-7.0,1.02, , 
,1485.25,2560,84.0,-9.0,11101001,1485.58,2592,88.6,12.36,969.0,1484.93,-8.2,1.41, , 
,1486.25,2624,84.0,-9.8,11101001,1486.60,2624,88.6,12.36,969.0,1485.91,-9.8,1.45, , 
,1487.29,2656,84.0,-13.3,11101001,1487.61,2656,84.3,11.33,928.2,1486.94,-11.7,1.45, , 
,1488.29,2656,84.0,-14.1,11101001,1488.65,2688,79.6,9.27,887.4,1487.95,-13.3,1.52, , 
,1489.31,2688,84.0,-14.1,11101001,1489.64,2688,79.6,10.30,887.4,1488.98,-14.5,1.52, , 
,1490.32,2720,84.0,-13.7,11101001,1490.65,2720,78.4,10.30,867.0,1489.99,-13.3,1.48, , 
,1491.32,2720,84.0,-12.5,11101001,1491.66,2720,73.7,9.27,826.2,1490.98,-12.5,1.52, , 
,1492.36,2720,84.0,-13.7,11101001,1492.73,2752,73.7,9.27,826.2,1492.01,-13.3,1.48, , 
,1493.38,2752,84.0,-15.6,11101001,1493.74,2752,73.7,8.24,826.2,1493.06,-15.2,1.41, , 
,1494.45,2752,84.0,-12.5,11101001,1494.78,2752,67.8,8.24,754.8,1494.12,-14.1,1.60, , 
,1495.46,2752,84.0,-8.6,11101001,1495.82,2752,63.5,8.24,714.0,1495.13,-10.5,1.52, , 
,1496.49,2752,84.0,-7.0,11101001,1496.86,2752,63.5,8.24,714.0,1496.14,-7.0,1.41, , 
,1497.54,2752,84.0,-5.9,11101001,1497.90,2752,63.5,8.24,714.0,1497.20,-5.9,1.48, , 
,1498.58,2752,84.0,-6.3,11101001,1498.92,2752,65.1,8.24,714.0,1498.24,-5.5,1.52, , 
,1499.62,2752,84.0,-8.6,11101001,1499.94,2720,63.5,8.24,714.0,1499.27,-6.3,1.45, , 
,1500.63,2720,84.0,-7.4,11101001,1501.00,2752,63.5,8.24,714.0,1500.28,-8.6,1.41, , 
,1501.71,2720,84.0,-7.4,11101001,1502.07,2752,65.1,8.24,714.0,1501.35,-6.6,1.56, , 
,1502.78,2720,84.0,-9.0,11101001,1503.15,2720,65.1,8.24,734.4,1502.43,-7.8,1.45, , 
,1503.80,2720,84.0,-7.8,11101001,1504.14,2720,65.1,8.24,734.4,1503.46,-8.6,1.37, , 
,1504.85,2720,84.0,-9.0,11101001,1505.20,2720,65.1,8.24,734.4,1504.50,-8.6,1.48, , 
,1505.91,2720,84.0,-9.4,11101001,1506.25,2720,63.5,8.24,714.0,1505.56,-9.4,1.45, , 
,1506.91,2656,84.0,0.0,11111101,1507.24,2688,17.6,2.06,275.4,1506.59,-8.6,1.45, , 
,1507.92,2592,84.0,0.0,11101001,1508.25,2592,22.0,3.09,295.8,1507.57,0.0,1.80, , 
,1508.95,2592,84.0,0.0,11101001,1509.30,2560,57.6,8.24,652.8,1508.60,0.0,1.45, , 
,1509.99,2560,84.0,0.0,11101001,1510.32,2560,67.8,9.27,754.8,1509.65,0.0,1.21, , 
,1511.00,2560,84.0,-10.5,11101001,1511.33,2560,66.3,8.24,734.4,1510.67,-10.5,1.33, , 
,1512.01,2560,84.0,0.0,11101001,1512.36,2528,47.1,6.18,550.8,1511.67,-12.1,1.52, , 
,1513.04,2528,84.0,-0.4,11101001,1513.36,2496,36.9,5.15,438.6,1512.71,0.8,1.52, , 
,1514.03,2496,84.0,0.8,11101001,1514.38,2464,60.4,8.24,693.6,1513.70,0.0,1.48, , 
,1515.11,2464,84.0,-6.3,11101001,1515.46,2464,62.0,8.24,693.6,1514.75,-4.7,1.41, , 
,1516.16,2464,84.0,-8.6,11101001,1516.53,2432,62.0,8.24,714.0,1515.82,-7.4,1.48, , 
,1517.26,2432,84.0,-8.2,11101001,1517.61,2432,62.0,8.24,693.6,1516.89,-8.2,1.45, , 
,1518.27,2400,84.0,0.0,11101001,1518.60,2368,26.7,3.09,357.0,1517.96,0.0,1.52, , 
,1519.30,2336,84.0,-4.3,11101001,1519.63,2304,20.8,2.06,295.8,1518.94,0.0,1.45, , 
,1520.33,2272,84.0,-10.2,11101001,1520.66,2240,40.0,5.15,459.0,1519.97,-9.0,1.21, , 
,1521.34,2208,84.0,0.0,11101001,1521.68,2208,59.2,8.24,693.6,1521.01,0.0,1.45, , 
,1522.35,2208,84.0,-7.8,11101001,1522.69,2176,66.3,8.24,754.8,1522.00,-7.4,1.33, , 
,1523.39,2176,84.0,-11.7,11101001,1523.73,2176,66.3,8.24,754.8,1523.05,-10.9,1.48, , 
,1524.38,2176,84.0,-10.5,11101001,1524.74,2144,67.8,8.24,754.8,1524.06,-10.9,1.48, , 
,1525.42,2144,84.0,-10.5,11101001,1525.74,2144,66.3,8.24,754.8,1525.09,-10.2,1.52, , 
,1526.45,2112,84.0,-10.2,11101001,1526.80,2112,66.3,8.24,754.8,1526.10,-9.8,1.48, , 
,1527.49,2112,84.0,-8.6,11101001,1527.85,2112,66.3,8.24,754.8,1527.15,-9.0,1.48, , 
,1528.54,2112,84.0,-9.0,11101001,1528.89,2080,66.3,8.24,754.8,1528.18,-9.0,1.48, , 
,1529.59,2080,84.0,-9.4,11101001,1529.97,2080,66.3,8.24,754.8,1529.24,-9.4,1.45, , 
,1530.68,2112,84.0,-9.4,11101001,1531.02,2112,73.7,10.30,826.2,1530.33,-9.4,1.45, , 
,1531.73,2112,84.0,-11.7,11101001,1532.07,2112,81.2,10.30,907.8,1531.38,-10.5,1.45, , 
,1532.75,2144,84.0,-13.3,11101001,1533.10,2144,81.2,10.30,907.8,1532.40,-12.9,1.45, , 
,1533.78,2144,84.0,0.0,11101001,1534.12,2176,62.0,8.24,714.0,1533.43,-14.8,1.41, , 
,1534.80,2176,85.5,-4.7,11101001,1535.12,2208,59.2,8.24,693.6,1534.46,0.0,1.25, , 
,1535.81,2208,84.0,-5.1,11101001,1536.15,2240,59.2,8.24,673.2,1535.47,-4.7,1.45, , 
,1536.84,2240,84.0,-5.1,11101001,1537.19,2272,42.7,5.15,520.2,1536.49,-6.3,1.41, , 
,1537.87,2272,84.0,0.0,11101001,1538.20,2272,22.0,3.09,295.8,1537.53,0.0,1.52, , 
,1538.87,2272,84.0,-9.0,11101001,1539.20,2272,28.2,3.09,357.0,1538.53,-7.0,1.21, , 
,1539.89,2272,84.0,-9.0,11101001,1540.23,2304,29.4,3.09,377.4,1539.55,-8.6,1.52, , 
,1540.91,2304,84.0,-11.7,11101001,1541.24,2336,28.2,3.09,357.0,1540.58,-10.5,1.45, , 
,1541.93,2336,84.0,-13.3,11101001,1542.26,2368,25.1,3.09,336.6,1541.57,-13.7,1.45, , 
,1542.91,2336,84.0,-14.8,11111101,1543.24,2368,17.6,2.06,244.8,1542.57,-13.7,1.52, , 
,1543.88,2368,84.0,0.0,11111101,1544.20,2400,0.0,0.00,244.8,1543.56,0.0,2.38, , 
,1544.88,2368,84.0,0.0,11111101,1545.22,2400,0.0,0.00,244.8,1544.55,0.0,3.95, , 
,1545.88,2400,84.0,0.0,11111101,1546.20,2400,0.0,0.00,244.8,1545.55,0.0,3.98, , 
,1546.82,2400,84.0,0.0,11111101,1547.16,2400,0.0,0.00,244.8,1546.51,0.0,3.91, , 
,1547.79,2400,84.0,0.0,11111101,1548.13,2400,0.0,0.00,244.8,1547.48,0.0,3.91, , 
,1548.77,2400,84.0,0.0,11111101,1549.10,2400,0.0,0.00,244.8,1548.45,0.0,3.91, , 
,1549.74,2400,84.0,0.0,11111101,1550.08,2400,0.0,0.00,244.8,1549.42,0.0,3.98, , 
,1550.73,2400,84.0,0.0,11111101,1551.04,2400,0.0,0.00,244.8,1550.41,0.0,3.98, , 
,1551.69,2400,84.0,0.0,11111101,1552.01,2400,0.0,0.00,244.8,1551.36,0.0,3.98, , 
,1552.66,2400,84.0,0.0,11111101,1552.98,2400,0.0,0.00,244.8,1552.33,0.0,3.91, , 
,1553.63,2400,84.0,0.0,11111101,1553.96,2400,0.0,0.00,244.8,1553.30,0.0,3.91, , 
,1554.61,2400,84.0,0.0,11111101,1554.94,2400,0.0,0.00,244.8,1554.27,0.0,3.98, , 
,1555.59,2400,84.0,0.0,11111101,1555.94,2400,0.0,0.00,244.8,1555.26,0.0,3.95, , 
,1556.60,2368,84.0,0.0,11111101,1556.93,2368,0.0,0.00,244.8,1556.27,0.0,3.91, , 
,1557.57,2368,84.0,0.0,11111101,1557.88,2368,0.0,0.00,244.8,1557.24,0.0,4.02, , 
,1558.53,2368,84.0,0.0,11111101,1558.87,2368,0.0,0.00,244.8,1558.21,0.0,4.02, , 
,1559.50,2368,84.0,0.0,11111101,1559.83,2368,0.0,0.00,244.8,1559.18,0.0,3.98, , 
,1560.49,2336,84.0,0.0,11111101,1560.82,2336,0.0,0.00,244.8,1560.16,0.0,3.98, , 
,1561.47,2336,84.0,0.0,11111101,1561.80,2304,0.0,0.00,244.8,1561.15,0.0,4.02, , 
,1562.47,2304,84.0,0.0,11111101,1562.81,2304,16.1,2.06,244.8,1562.13,0.0,3.95, , 
,1563.48,2304,84.0,0.0,11101001,1563.81,2304,20.8,3.09,295.8,1563.15,0.0,0.90, , 
,1564.46,2304,84.0,-1.2,11101001,1564.80,2272,34.1,4.12,418.2,1564.13,-2.0,1.37, , 
,1565.48,2272,82.5,-0.4,11101001,1565.80,2304,32.5,4.12,397.8,1565.14,-0.8,1.45, , 
,1566.48,2304,82.5,-4.3,11101001,1566.80,2304,23.5,3.09,316.2,1566.14,-1.6,1.45, , 
,1567.48,2272,82.5,-12.1,11101001,1567.80,2272,22.0,2.06,295.8,1567.14,-10.5,1.25, , 
,1568.46,2272,82.5,-14.1,11101001,1568.80,2272,22.0,2.06,295.8,1568.13,-14.5,1.37, , 
,1569.48,2272,82.5,-16.0,11101001,1569.81,2240,22.0,2.06,316.2,1569.14,-15.2,1.56, , 
,1570.47,2240,82.5,-14.8,11101001,1570.82,2240,23.5,2.06,316.2,1570.14,-15.2,1.56, , 
,1571.48,2240,82.5,-10.9,11101001,1571.81,2240,22.0,2.06,316.2,1571.16,-12.1,1.56, , 
,1572.50,2208,82.5,-8.2,11101001,1572.85,2208,22.0,3.09,316.2,1572.17,-10.2,1.52, , 
,1573.52,2208,82.5,-5.9,11101001,1573.87,2176,19.2,2.06,275.4,1573.19,-6.3,1.52, , 
,1574.53,2176,82.5,0.0,11111101,1574.88,2144,0.0,0.00,244.8,1574.20,2.0,1.84, , 
,1575.58,2112,82.5,0.0,11111101,1575.92,2112,0.0,0.00,244.8,1575.22,0.0,3.83, , 
,1576.60,2080,82.5,0.0,11111101,1576.95,2048,14.9,2.06,244.8,1576.26,0.0,3.95, , 
,1577.65,2048,82.5,0.0,11101001,1577.99,2048,17.6,2.06,275.4,1577.28,0.0,1.64, , 
,1578.71,2016,82.5,-1.2,11101001,1579.06,2016,41.2,6.18,499.8,1578.36,0.0,1.21, , 
,1579.78,2016,82.5,2.3,11101001,1580.15,2016,45.9,6.18,550.8,1579.42,0.0,1.60, , 
,1580.85,2016,81.0,3.1,11101001,1581.22,2016,44.3,6.18,550.8,1580.51,3.9,1.52, , 
,1584.07,2016,81.0,-0.8,11101001,1584.43,2016,35.3,4.12,438.6,1583.73,-1.2,1.45, , 
,1585.14,2016,81.0,-1.6,11101001,1585.53,2016,35.3,4.12,459.0,1584.78,-1.2,1.45, , 
,1586.22,1984,81.0,-2.0,11101001,1586.57,1984,36.9,5.15,459.0,1585.87,-2.0,1.48, , 
,1587.28,1984,81.0,-1.2,11101001,1587.64,1984,36.9,5.15,459.0,1586.93,-1.6,1.48, , 
,1588.36,1984,81.0,-1.6,11101011,1588.72,1920,17.6,2.06,275.4,1588.01,-0.8,1.48, , 
,1589.43,1952,81.0,11.3,11101011,1589.78,1952,16.1,2.06,244.8,1589.09,6.3,1.72, , 
,1590.50,1920,81.0,3.1,11101011,1590.87,1920,19.2,2.06,275.4,1590.15,8.2,1.41, , 
,1591.63,1888,81.0,1.2,11101011,1592.01,1888,22.0,3.09,316.2,1591.25,-0.8,1.17, , 
,1592.58,992,81.0,0.0,11111111,1592.89,1024,28.2,4.12,397.8,1592.31,0.0,2.50, , 
,1593.55,1056,81.0,0.0,11111111,1593.87,960,23.5,3.09,357.0,1593.21,0.0,1.84, , 
Wtorek,25,Sierpień,2026,06:50:17:00009-VCID:1C3761778CABCE7337-515A,Wersja VCDS: AKP 23.3.1,Wersja danych: 20230601 DS346.2
047 906 033 L,,1.4l SIMOS3PA   00HS5401,

,Grupa A:,'001,,,,Grupa B:,'002,,,,Grupa C:,'033
,,Obroty silnika,Temperatura,Lambda,Bity binarnie,,Obroty silnika,Obciążenie,Czas wtrysku,Ciśnienie rzecz.,,Lambda,Napięcie, , 
,CZAS,,,,,CZAS,,,,,CZAS,,,,
Znacznik,ZAPISU, /min,*C, %,,ZAPISU, /min, %, ms, mbar,ZAPISU, %, V,,
,0.87,768,81.0,-8.6,11111111,0.27,768,29.4,3.09,438.6,0.58,-8.6,1.48, , 
,1.76,800,81.0,-8.2,11111111,1.16,768,29.4,3.09,438.6,1.46,-8.2,1.52, , 
,2.66,768,81.0,-7.4,11111111,2.06,800,29.4,3.09,438.6,2.36,-7.8,1.52, , 
,3.54,800,81.0,-7.0,11111111,2.96,800,31.0,3.09,438.6,3.24,-7.0,1.45, , 
,4.44,800,81.0,-7.4,11111111,3.82,800,29.4,3.09,438.6,4.14,-7.4,1.41, , 
,5.35,800,81.0,-7.8,11111111,4.74,800,31.0,3.09,438.6,5.03,-7.8,1.45, , 
,6.23,800,81.0,-7.4,11111111,5.65,800,31.0,3.09,438.6,5.93,-7.4,1.48, , 
,7.11,800,81.0,-7.4,11111111,6.52,800,31.0,3.09,438.6,6.82,-7.4,1.45, , 
,8.01,768,81.0,-7.4,11111111,7.41,768,29.4,3.09,438.6,7.71,-7.4,1.45, , 
,8.89,768,79.5,-7.0,11111111,8.31,768,29.4,3.09,418.2,8.60,-7.4,1.48, , 
,9.79,800,79.5,-7.0,11111111,9.19,768,29.4,3.09,418.2,9.49,-7.0,1.48, , 
,10.68,768,79.5,-7.4,11111111,10.07,800,29.4,3.09,418.2,10.38,-7.0,1.41, , 
,11.59,768,79.5,-7.4,11111111,10.98,800,29.4,3.09,438.6,11.28,-7.4,1.45, , 
,12.47,768,79.5,-7.0,11111111,11.87,800,29.4,3.09,418.2,12.16,-7.4,1.48, , 
,13.39,800,79.5,-7.4,11111111,12.77,800,29.4,3.09,418.2,13.08,-7.0,1.45, , 
,14.28,800,79.5,-7.8,11111111,13.69,768,31.0,3.09,438.6,13.99,-7.8,1.45, , 
,15.16,800,79.5,-7.8,11111110,14.57,768,29.4,3.09,418.2,14.87,-7.8,1.45, , 
,16.05,768,79.5,0.0,11101010,15.46,768,29.4,3.09,418.2,15.75,-7.4,1.48, , 
,16.99,1376,79.5,-8.2,11101010,16.36,992,66.3,11.33,775.2,16.64,0.0,0.59, , 
,17.85,832,79.5,0.0,11101010,17.26,992,48.6,6.18,591.6,17.55,0.0,1.48, , 
,18.81,1216,79.5,0.0,11101010,18.16,992,45.9,5.15,591.6,18.49,0.0,1.09, , 
,19.81,1504,79.5,0.0,11101010,19.15,1280,35.3,4.12,459.0,19.48,-9.8,1.17, , 
,20.80,1152,79.5,0.0,11111110,20.17,1696,62.0,8.24,714.0,20.49,0.0,1.45, , 
,21.80,1120,79.5,0.0,11101010,21.15,1088,41.2,7.21,499.8,21.47,0.0,0.74, , 
,22.80,1472,79.5,0.0,11101010,22.13,1216,82.7,14.42,928.2,22.46,0.0,0.70, , 
,23.83,1664,79.5,0.0,11101010,23.15,1600,75.3,10.30,867.0,23.49,0.0,1.29, , 
,24.93,1728,79.5,0.0,11101010,24.20,1696,34.1,4.12,438.6,24.55,-0.8,1.48, , 
,26.01,1952,79.5,0.0,11101010,25.31,1792,51.8,7.21,612.0,25.67,0.0,1.33, , 
,27.03,2272,79.5,0.0,11101000,26.37,2048,65.1,9.27,714.0,26.70,0.0,1.13, , 
,28.10,2624,79.5,-9.8,11101000,27.39,2400,71.0,8.24,775.2,27.74,-9.4,1.25, , 
,29.14,2816,79.5,0.0,11111100,28.45,2720,66.3,7.21,714.0,28.78,-12.1,1.41, , 
,30.23,1952,79.5,0.0,11101010,29.51,2272,0.0,0.00,316.2,29.87,0.0,3.87, , 
,31.31,1888,79.5,-8.6,11101010,30.57,1888,28.2,3.09,357.0,30.95,0.0,0.66, , 
,32.39,1952,79.5,0.0,11101010,31.67,1920,47.1,5.15,550.8,32.04,0.0,1.45, , 
,33.48,2080,79.5,-1.2,11101000,32.74,1984,60.4,7.21,693.6,33.11,-1.6,1.45, , 
,34.49,2176,79.5,-2.3,11101000,33.82,2112,59.2,7.21,673.2,34.15,-2.0,1.45, , 
,35.48,2272,79.5,-2.3,11101000,34.81,2240,56.1,7.21,632.4,35.14,-2.7,1.48, , 
,36.47,2368,79.5,-5.5,11101001,35.81,2336,53.3,6.18,612.0,36.15,-3.1,1.41, , 
,37.49,2432,79.5,-5.9,11101001,36.79,2400,51.8,6.18,591.6,37.13,-5.5,1.48, , 
,38.51,2464,79.5,0.0,11111101,37.85,2464,50.2,6.18,571.2,38.18,-6.6,1.48, , 
,39.47,992,81.0,0.0,11111111,38.83,1952,0.0,0.00,336.6,39.17,0.0,3.83, , 
,40.41,864,81.0,0.0,11111111,39.79,1056,26.7,4.12,377.4,40.09,0.0,1.29, , 
,41.34,896,81.0,0.0,11111111,40.73,832,29.4,4.12,418.2,41.02,0.0,0.35, , 
,42.29,896,81.0,-7.8,11111111,41.66,928,28.2,3.09,397.8,41.97,-5.1,0.82, , 
,43.15,896,81.0,-10.2,11111111,42.60,896,28.2,3.09,397.8,42.87,-10.2,1.41, , 
,44.10,896,81.0,-8.6,11111111,43.46,896,28.2,3.09,397.8,43.77,-9.0,1.52, , 
,45.03,896,81.0,-7.4,11111111,44.42,896,28.2,3.09,397.8,44.70,-7.8,1.52, , 
,45.95,896,81.0,-6.6,11111111,45.34,864,28.2,3.09,397.8,45.63,-7.0,1.48, , 
,46.85,864,81.0,-6.6,11111111,46.25,864,28.2,3.09,397.8,46.56,-6.6,1.48, , 
,47.75,896,82.5,-5.9,11111111,47.15,896,28.2,3.09,397.8,47.45,-6.3,1.48, , 
,48.68,896,82.5,-6.6,11111111,48.06,896,28.2,3.09,397.8,48.37,-6.3,1.41, , 
,49.61,864,82.5,-7.4,11111111,48.99,896,28.2,3.09,397.8,49.30,-7.0,1.41, , 
,50.51,864,82.5,-7.0,11111111,49.92,864,28.2,3.09,397.8,50.20,-7.0,1.48, , 
,51.41,896,82.5,-7.8,11111111,50.81,864,28.2,3.09,397.8,51.11,-7.8,1.41, , 
,52.29,896,82.5,-8.2,11111111,51.69,864,28.2,3.09,397.8,51.99,-8.2,1.45, , 
,53.21,896,82.5,-8.2,11111111,52.61,896,28.2,3.09,397.8,52.93,-7.8,1.45, , 
,54.10,896,82.5,-7.8,11111111,53.50,896,28.2,3.09,397.8,53.80,-8.2,1.48, , 
,54.99,896,84.0,-7.8,11111111,54.40,896,28.2,3.09,397.8,54.70,-7.8,1.45, , 
,55.88,896,84.0,-8.6,11111111,55.29,896,28.2,3.09,397.8,55.59,-8.2,1.41, , 
,56.74,864,84.0,-9.0,11111111,56.18,896,28.2,3.09,397.8,56.46,-9.0,1.45, , 
,57.61,864,84.0,-9.0,11111111,57.04,864,28.2,3.09,397.8,57.32,-9.4,1.48, , 
,58.51,896,84.0,-8.6,11111111,57.92,896,28.2,3.09,397.8,58.21,-9.0,1.48, , 
,59.42,864,84.0,-8.2,11111111,58.81,896,28.2,3.09,397.8,59.12,-8.2,1.48, , 
,60.36,832,84.0,-8.6,11111111,59.72,864,28.2,3.09,418.2,60.06,-8.2,1.45, , 
,61.27,800,84.0,-8.2,11111111,60.67,768,28.2,3.09,418.2,60.97,-8.6,1.48, , 
,62.15,800,84.0,-9.4,11111111,61.57,800,31.0,3.09,438.6,61.87,-9.0,1.37, , 
,63.03,768,85.5,-10.2,11111111,62.45,800,29.4,3.09,438.6,62.74,-10.2,1.41, , 
,63.93,800,85.5,-9.0,11111111,63.33,768,31.0,3.09,438.6,63.63,-9.4,1.52, , 
,64.82,768,85.5,-9.0,11111111,64.22,768,29.4,3.09,438.6,64.53,-9.0,1.45, , 
,65.70,768,85.5,-9.0,11111111,65.12,800,29.4,3.09,438.6,65.41,-9.0,1.48, , 
,66.59,768,85.5,-8.6,11111111,65.99,768,29.4,3.09,438.6,66.29,-9.0,1.48, , 
,67.48,768,85.5,-8.2,11111111,66.88,800,29.4,3.09,438.6,67.19,-8.6,1.48, , 
,68.36,800,85.5,-7.8,11111111,67.77,800,29.4,3.09,438.6,68.06,-8.2,1.48, , 
,69.27,768,85.5,-7.4,11111111,68.67,768,29.4,3.09,438.6,68.97,-7.8,1.48, , 
,70.17,800,85.5,-7.8,11111111,69.56,768,29.4,3.09,438.6,69.86,-7.8,1.48, , 
,71.07,768,85.5,-8.2,11111111,70.47,800,29.4,3.09,438.6,70.77,-8.2,1.41, , 
,71.98,768,85.5,-7.8,11111111,71.36,768,29.4,3.09,438.6,71.67,-8.2,1.48, , 
,72.90,800,85.5,-7.4,11111111,72.28,800,29.4,3.09,438.6,72.58,-7.4,1.48, , 
,73.81,768,85.5,-7.8,11111111,73.20,800,29.4,3.09,438.6,73.50,-7.4,1.45, , 
,74.71,800,87.0,-8.2,11111111,74.10,800,29.4,3.09,438.6,74.41,-7.8,1.45, , 
,75.65,928,87.0,-8.6,11101011,75.00,800,29.4,3.09,418.2,75.31,-10.2,1.45, , 
,76.61,1120,87.0,-11.3,11101011,75.97,1184,38.4,4.12,499.8,76.30,-10.2,1.52, , 
,77.52,800,87.0,0.0,11101011,76.92,864,50.2,6.18,632.4,77.22,0.0,1.68, , 
,78.44,1152,87.0,0.0,11101011,77.80,928,53.3,7.21,673.2,78.12,0.0,1.05, , 
,79.41,1312,87.0,-8.2,11101011,78.79,1248,35.3,4.12,479.4,79.08,-6.6,1.25, , 
,80.41,1280,87.0,-10.5,11111111,79.75,1344,23.5,3.09,336.6,80.08,-9.8,1.37, , 
,81.41,1120,85.5,-13.7,11111111,80.75,1280,23.5,2.06,336.6,81.10,-13.7,1.37, , 
,82.36,928,85.5,-12.9,11111111,81.72,1088,23.5,2.06,357.0,82.06,-14.1,1.48, , 
,83.29,768,85.5,-9.0,11111111,82.67,896,28.2,3.09,397.8,82.98,-10.5,1.68, , 
,84.19,800,84.0,-7.4,11101011,83.58,800,35.3,4.12,479.4,83.89,-7.4,1.52, , 
,85.10,928,84.0,0.0,11101011,84.50,864,35.3,4.12,479.4,84.79,-8.2,1.48, , 
,86.16,1376,84.0,-5.5,10101011,85.43,1056,56.1,8.24,673.2,85.75,0.0,1.05, , 
,87.19,1760,84.0,0.0,11101011,86.50,1536,42.7,5.15,550.8,86.86,-3.1,1.56, , 
,88.21,1632,82.5,0.0,10111111,87.55,1952,51.8,7.21,591.6,87.91,0.0,0.98, , 
,89.18,1248,82.5,0.0,10101011,88.54,1216,25.1,3.09,357.0,88.87,0.0,2.77, , 
,90.20,1472,82.5,0.0,11101011,89.50,1312,65.1,10.30,754.8,89.83,0.0,0.98, , 
,91.23,1792,81.0,0.0,11101011,90.56,1600,66.3,9.27,754.8,90.90,-3.5,1.29, , 
,92.28,2112,81.0,-5.5,11101001,91.59,1920,69.4,9.27,775.2,91.95,-4.3,1.17, , 
,93.30,2400,81.0,-10.9,11101001,92.62,2208,72.2,9.27,775.2,92.94,-10.2,1.33, , 
,94.30,2720,81.0,-13.3,11101001,93.65,2528,69.4,8.24,734.4,93.98,-12.9,1.52, , 
,95.33,1952,81.0,0.0,11111111,94.64,2816,66.3,7.21,714.0,94.98,0.0,2.77, , 
,96.36,1888,79.5,0.0,11101011,95.66,1440,0.0,0.00,336.6,96.01,0.0,3.48, , 
,97.45,1856,79.5,-2.0,11101011,96.70,1856,31.0,4.12,397.8,97.07,-2.7,1.37, , 
,98.52,1920,79.5,0.0,11101011,97.81,1888,45.9,5.15,550.8,98.15,0.0,1.56, , 
,99.57,2016,81.0,-2.0,11101001,98.87,1952,62.0,8.24,693.6,99.23,-2.3,1.48, , 
,100.61,2112,81.0,-2.0,11101001,99.91,2080,57.6,7.21,652.8,100.27,-2.0,1.52, , 
,101.63,2176,81.0,-2.0,11101001,100.95,2144,54.5,7.21,632.4,101.29,-2.0,1.45, , 
,102.66,2272,81.0,-1.6,11101001,101.97,2208,54.5,7.21,612.0,102.32,-2.0,1.52, , 
,103.66,2336,81.0,-2.3,11101001,103.01,2272,51.8,6.18,591.6,103.34,-1.6,1.45, , 
,104.72,2400,81.0,-3.5,11101001,104.00,2368,51.8,6.18,591.6,104.38,-3.1,1.45, , 
,105.79,2464,81.0,-5.5,11101001,105.08,2432,51.8,6.18,591.6,105.45,-5.1,1.48, , 
,106.83,2528,81.0,-4.3,11101001,106.13,2496,48.6,6.18,550.8,106.47,-4.3,1.45, , 
,107.84,2592,81.0,-3.9,11101001,107.15,2560,48.6,6.18,550.8,107.51,-3.9,1.52, , 
,108.86,2656,82.5,-3.5,11101001,108.19,2624,48.6,6.18,550.8,108.52,-3.9,1.52, , 
,109.88,2720,82.5,-2.3,11101001,109.20,2656,48.6,6.18,550.8,109.53,-2.7,1.45, , 
,110.93,2752,82.5,-3.1,11101001,110.22,2720,48.6,6.18,550.8,110.57,-3.1,1.41, , 
,112.01,2816,82.5,-4.3,11101001,111.28,2784,50.2,6.18,571.2,111.64,-3.9,1.48, , 
,113.07,2880,82.5,-5.5,11101001,112.38,2848,53.3,6.18,591.6,112.71,-5.9,1.41, , 
,114.08,2944,84.0,-7.4,11101001,113.40,2912,53.3,6.18,591.6,113.80,-5.9,1.48, , 
,115.27,2880,84.0,0.0,11111101,114.56,2976,56.1,6.18,632.4,114.94,-7.4,1.52, , 
,116.29,1216,84.0,0.0,11101011,115.60,2336,0.0,0.00,295.8,115.96,0.0,3.87, , 
,117.29,2112,84.0,0.0,11101001,116.63,1312,31.0,5.15,397.8,116.96,0.0,0.78, , 
,118.33,2144,84.0,0.0,11101001,117.66,2112,36.9,5.15,438.6,118.00,0.0,1.25, , 
,119.35,2176,84.0,-0.8,11101001,118.65,2144,51.8,6.18,591.6,119.00,-1.2,1.52, , 
,120.37,2176,85.5,-3.9,11101001,119.68,2176,51.8,6.18,612.0,120.03,-3.1,1.29, , 
,121.39,2240,85.5,-5.9,11101001,120.69,2208,60.4,7.21,673.2,121.03,-5.5,1.52, , 
,122.39,2272,85.5,-7.4,11101001,121.74,2240,59.2,7.21,673.2,122.07,-6.6,1.45, , 
,123.39,2304,85.5,-6.6,11101001,122.72,2272,59.2,7.21,652.8,123.04,-6.6,1.48, , 
,124.41,2336,85.5,-6.3,11101001,123.74,2304,57.6,7.21,652.8,124.07,-6.3,1.52, , 
,125.44,2368,85.5,-2.0,11101001,124.74,2336,48.6,6.18,571.2,125.10,-3.1,1.52, , 
,126.44,2368,85.5,-1.2,11101001,125.77,2368,47.1,6.18,550.8,126.11,-1.6,1.45, , 
,127.52,2400,85.5,-2.7,11101001,126.81,2400,47.1,6.18,550.8,127.15,-1.6,1.52, , 
,128.56,2432,85.5,-2.3,11101001,127.87,2400,47.1,5.15,550.8,128.20,-1.6,1.45, , 
,129.66,2464,85.5,-2.0,11101001,128.95,2432,47.1,6.18,550.8,129.32,-2.3,1.52, , 
,130.67,2464,85.5,-5.5,11101001,130.00,2464,35.3,4.12,418.2,130.33,-3.9,1.41, , 
,131.73,2464,84.0,-6.3,11101001,131.00,2464,31.0,3.09,377.4,131.35,-5.9,1.45, , 
,132.77,2464,84.0,-7.0,11101001,132.10,2464,31.0,3.09,377.4,132.43,-7.0,1.48, , 
,133.84,2464,84.0,-7.0,11101001,133.11,2464,31.0,3.09,377.4,133.49,-7.4,1.48, , 
,134.91,2464,84.0,-5.9,11101001,134.19,2464,31.0,3.09,377.4,134.54,-5.9,1.48, , 
,135.92,2464,84.0,-7.0,11101001,135.24,2464,29.4,3.09,377.4,135.57,-7.0,1.48, , 
,136.98,2464,82.5,-4.7,11101001,136.26,2464,31.0,3.09,397.8,136.60,-5.1,1.52, , 
,138.04,2464,82.5,-2.0,11101001,137.33,2464,34.1,4.12,397.8,137.69,-2.3,1.52, , 
,139.11,2496,82.5,-2.0,11101001,138.40,2464,36.9,4.12,438.6,138.76,-2.0,1.48, , 
,140.11,2496,84.0,-2.0,11101001,139.44,2496,36.9,4.12,438.6,139.79,-2.0,1.45, , 
,141.14,2528,82.5,-2.3,11101001,140.44,2496,38.4,4.12,438.6,140.80,-2.7,1.45, , 
,142.19,2528,82.5,-2.3,11101001,141.48,2528,41.2,5.15,479.4,141.85,-2.3,1.48, , 
,143.21,2560,82.5,-2.0,11101001,142.53,2560,45.9,5.15,520.2,142.88,-2.3,1.41, , 
,144.19,2592,82.5,-2.7,11101001,143.55,2592,48.6,6.18,550.8,143.88,-2.3,1.45, , 
,145.18,2624,82.5,-4.3,11101001,144.51,2624,51.8,6.18,591.6,144.85,-3.9,1.48, , 
,146.21,2688,82.5,-5.5,11101001,145.52,2656,51.8,6.18,591.6,145.86,-5.1,1.48, , 
,147.26,2720,82.5,-8.2,11101001,146.56,2688,54.5,6.18,612.0,146.91,-6.6,1.37, , 
,148.29,2784,84.0,-8.6,11101001,147.57,2752,59.2,6.18,652.8,147.93,-9.4,1.52, , 
,149.35,2816,82.5,-11.3,11101001,148.63,2784,57.6,6.18,632.4,148.99,-9.8,1.45, , 
,150.35,2880,82.5,-12.1,11101001,149.70,2848,65.1,7.21,693.6,150.02,-11.7,1.45, , 
,151.44,2944,84.0,-11.3,11101001,150.70,2880,63.5,7.21,693.6,151.02,-12.1,1.52, , 
,152.57,2976,84.0,-11.3,11101001,151.77,2944,62.0,7.21,673.2,152.24,-11.3,1.52, , 
,153.64,1696,84.0,0.0,11111111,152.90,2816,0.0,0.00,336.6,153.26,0.0,3.87, , 
,154.57,1728,84.0,0.0,11101011,153.93,1120,23.5,4.12,357.0,154.23,0.0,3.63, , 
,155.59,2240,84.0,0.0,11101001,154.92,2208,20.8,3.09,295.8,155.24,0.0,0.78, , 
,156.59,2240,84.0,0.0,11101001,155.91,2208,54.5,7.21,612.0,156.26,0.0,1.05, , 
,157.59,2240,84.0,-7.4,11101001,156.91,2240,62.0,8.24,693.6,157.26,-6.3,1.41, , 
,158.61,2272,84.0,-8.2,11101001,157.92,2272,62.0,7.21,693.6,158.26,-8.6,1.48, , 
,159.62,2272,84.0,-5.5,11101001,158.94,2272,54.5,6.18,612.0,159.28,-6.3,1.56, , 
,160.68,2304,84.0,-4.3,11101001,159.98,2272,53.3,6.18,612.0,160.34,-4.3,1.56, , 
,161.71,2304,84.0,-3.1,11101001,161.02,2304,51.8,6.18,591.6,161.36,-3.5,1.48, , 
,162.76,2304,84.0,-2.7,11101001,162.06,2304,50.2,6.18,591.6,162.41,-2.7,1.48, , 
,163.78,2304,84.0,-3.5,11101001,163.08,2304,50.2,6.18,591.6,163.42,-3.5,1.48, , 
,164.80,2304,84.0,-3.5,11101001,164.13,2304,50.2,6.18,591.6,164.46,-3.5,1.41, , 
,165.83,2304,84.0,-3.5,11101001,165.16,2304,51.8,6.18,591.6,165.51,-3.9,1.48, , 
,166.82,2304,84.0,-3.5,11101001,166.15,2336,50.2,6.18,571.2,166.50,-3.5,1.48, , 
,167.85,2304,84.0,-2.0,11101001,167.15,2304,50.2,6.18,571.2,167.49,-2.0,1.48, , 
,168.89,2304,84.0,-2.3,11101001,168.21,2304,48.6,6.18,571.2,168.55,-2.3,1.48, , 
,169.91,2304,84.0,-2.0,11101001,169.24,2304,48.6,6.18,550.8,169.56,-2.0,1.52, , 
,170.95,2304,84.0,-2.3,11101001,170.26,2304,45.9,5.15,520.2,170.59,-2.3,1.41, , 
,171.95,2304,84.0,-2.3,11101001,171.29,2304,45.9,5.15,520.2,171.60,-2.0,1.52, , 
,172.92,2304,84.0,-2.0,11101001,172.26,2304,41.2,5.15,479.4,172.61,-2.0,1.48, , 
,173.95,2272,84.0,-1.6,11101001,173.25,2272,41.2,5.15,479.4,173.60,-1.6,1.48, , 
,174.95,2272,84.0,-1.6,11101001,174.28,2272,42.7,5.15,499.8,174.62,-1.6,1.52, , 
,175.95,2240,84.0,-2.0,11101001,175.28,2272,42.7,5.15,499.8,175.62,-2.0,1.45, , 
,176.97,2240,84.0,-1.2,11101001,176.28,2240,44.3,5.15,499.8,176.63,-1.6,1.52, , 
,178.04,2240,84.0,-2.0,11101001,177.32,2240,42.7,5.15,499.8,177.69,-2.0,1.48, , 
,179.05,2240,84.0,-1.6,11101001,178.37,2240,44.3,5.15,499.8,178.73,-2.0,1.48, , 
,180.09,2240,84.0,0.8,11101001,179.38,2240,44.3,5.15,520.2,179.72,-0.8,1.52, , 
,181.15,2240,84.0,-0.4,11101001,180.44,2240,45.9,6.18,520.2,180.79,2.0,1.45, , 
,182.23,2240,84.0,-2.3,11101001,181.52,2240,48.6,6.18,571.2,181.87,-0.4,1.52, , 
,183.32,2240,84.0,-3.9,11101001,182.59,2240,54.5,7.21,632.4,182.95,-3.9,1.41, , 
,184.34,2240,84.0,-3.5,11101001,183.68,2240,54.5,6.18,612.0,184.01,-3.9,1.52, , 
,185.39,2240,84.0,-3.5,11101001,184.69,2240,53.3,6.18,612.0,185.03,-3.1,1.45, , 
,186.39,2272,84.0,-2.3,11101001,185.73,2240,51.8,6.18,591.6,186.06,-3.1,1.52, , 
,187.39,2272,84.0,-2.3,11101001,186.71,2272,50.2,6.18,591.6,187.06,-2.0,1.45, , 
,188.38,2272,82.5,-2.3,11101001,187.72,2272,42.7,5.15,499.8,188.05,-2.0,1.45, , 
,189.37,2240,82.5,-2.0,11101001,188.71,2272,41.2,5.15,479.4,189.04,-2.0,1.52, , 
,190.39,2240,82.5,-1.2,11101001,189.71,2240,45.9,5.15,520.2,190.06,-1.6,1.45, , 
,191.38,2240,84.0,-2.3,11101001,190.72,2240,47.1,6.18,550.8,191.05,-1.6,1.48, , 
,192.39,2240,82.5,-2.3,11101001,191.73,2240,47.1,5.15,550.8,192.06,-2.3,1.48, , 
,193.40,2240,82.5,-2.7,11101001,192.72,2240,47.1,6.18,550.8,193.07,-3.1,1.41, , 
,194.39,2240,82.5,-2.3,11101001,193.72,2240,47.1,6.18,550.8,194.06,-2.3,1.52, , 
,195.43,2240,84.0,-2.3,11101001,194.74,2240,47.1,5.15,550.8,195.07,-2.3,1.48, , 
,196.44,2240,84.0,-2.0,11101001,195.77,2240,45.9,6.18,550.8,196.12,-2.3,1.48, , 
,197.45,2240,82.5,-2.0,11101001,196.77,2240,44.3,5.15,520.2,197.10,-1.6,1.48, , 
,198.45,2240,82.5,-2.0,11101001,197.78,2240,44.3,5.15,499.8,198.10,-2.3,1.45, , 
,199.48,2240,82.5,-1.2,11101001,198.80,2240,42.7,5.15,499.8,199.13,-2.0,1.52, , 
,200.54,2208,82.5,-0.8,11101001,199.83,2240,42.7,5.15,499.8,200.19,-0.4,1.48, , 
,201.56,2208,82.5,-4.7,11101001,200.87,2208,42.7,5.15,499.8,201.21,-3.1,1.37, , 
,202.56,2208,82.5,-8.6,11101001,201.88,2208,26.7,3.09,357.0,202.21,-7.0,1.41, , 
,203.60,2176,82.5,-9.0,11101001,202.90,2176,28.2,3.09,357.0,203.26,-9.0,1.45, , 
,204.63,2176,84.0,-10.5,11101001,203.97,2176,28.2,3.09,377.4,204.30,-9.4,1.52, , 
,205.67,2144,82.5,-10.2,11101001,204.98,2144,29.4,3.09,377.4,205.34,-10.9,1.45, , 
,206.71,2112,82.5,-6.6,11101001,206.02,2144,29.4,3.09,377.4,206.36,-8.2,1.56, , 
,207.80,2112,82.5,-8.2,11101001,207.08,2112,29.4,3.09,377.4,207.43,-7.0,1.41, , 
,208.82,2080,82.5,-5.5,11101001,208.13,2112,36.9,4.12,438.6,208.47,-7.0,1.52, , 
,209.85,2080,82.5,-1.2,11101001,209.18,2080,40.0,4.12,479.4,209.52,-2.7,1.56, , 
,210.88,2080,82.5,2.7,11101001,210.18,2080,44.3,5.15,520.2,210.54,1.6,1.56, , 
,211.92,2048,82.5,0.0,11101001,211.21,2080,44.3,5.15,520.2,211.56,0.0,1.29, , 
,212.97,2048,82.5,-5.9,11101001,212.27,2048,26.7,3.09,357.0,212.62,-5.1,1.37, , 
,214.04,2016,82.5,0.0,11101001,213.32,2016,26.7,3.09,357.0,213.67,-7.0,1.45, , 
,215.11,2048,84.0,0.0,11111101,214.41,2016,71.0,9.27,775.2,214.76,0.0,1.02, , 
,216.15,1984,82.5,0.0,11111101,215.45,2048,17.6,2.06,275.4,215.80,8.2,1.95, , 
,217.22,1952,82.5,0.0,11111111,216.51,1984,0.0,0.00,244.8,216.86,0.0,3.79, , 
,218.25,1888,82.5,0.0,11111111,217.58,1920,0.0,0.00,275.4,217.92,0.0,3.95, , 
,219.33,1824,82.5,0.0,11111111,218.61,1856,0.0,0.00,295.8,218.95,0.0,3.91, , 
,220.29,1760,82.5,0.0,11111111,219.63,1792,0.0,0.00,316.2,219.96,0.0,3.95, , 
,221.33,1696,82.5,0.0,11111111,220.63,1728,0.0,0.00,316.2,220.98,0.0,3.91, , 
,222.31,1664,82.5,0.0,11101011,221.64,1664,0.0,0.00,316.2,221.97,0.0,3.95, , 
,223.38,1632,82.5,0.0,11101011,222.66,1632,22.0,3.09,316.2,223.02,0.0,1.02, , 
,224.49,1632,82.5,2.0,11101011,223.73,1632,31.0,3.09,397.8,224.11,0.4,1.48, , 
,225.56,1664,82.5,1.2,11101011,224.83,1632,51.8,7.21,612.0,225.20,0.0,1.56, , 
,226.62,1664,82.5,2.0,11101011,225.91,1664,60.4,8.24,693.6,226.27,1.2,1.45, , 
,227.72,1728,82.5,0.0,11101011,226.99,1696,66.3,9.27,734.4,227.34,0.0,1.29, , 
,228.77,1760,82.5,-3.9,11101011,228.08,1728,82.7,11.33,928.2,228.44,-3.1,1.25, , 
,229.83,1792,82.5,-7.0,11101011,229.16,1792,76.9,10.30,867.0,229.47,-6.6,1.45, , 
,230.92,1856,82.5,-10.2,11101011,230.19,1824,78.4,10.30,867.0,230.56,-9.0,1.48, , 
,232.03,1888,82.5,-12.1,11101011,231.28,1856,78.4,9.27,867.0,231.65,-11.3,1.48, , 
,233.13,1920,82.5,-12.5,11101011,232.40,1888,76.9,9.27,867.0,232.76,-11.7,1.52, , 
,234.21,1952,82.5,-12.1,11101011,233.48,1920,76.9,9.27,846.6,233.85,-11.7,1.52, , 
,235.31,1984,82.5,-8.6,11101001,234.58,1984,75.3,8.24,846.6,234.94,-10.2,1.45, , 
,236.37,2016,82.5,-10.5,11101001,235.66,2016,75.3,9.27,826.2,236.00,-9.0,1.48, , 
,237.44,2080,82.5,-9.4,11101001,236.73,2048,76.9,9.27,846.6,237.08,-10.9,1.45, , 
,238.46,2112,82.5,-10.5,11101001,237.78,2080,76.9,8.24,846.6,238.11,-10.2,1.48, , 
,239.46,2144,82.5,-11.3,11101001,238.80,2112,76.9,8.24,846.6,239.12,-11.7,1.41, , 
,240.47,2176,82.5,-14.1,11101001,239.80,2144,75.3,8.24,826.2,240.14,-12.5,1.52, , 
,241.49,2208,81.0,-14.8,11101001,240.80,2176,76.9,8.24,826.2,241.15,-14.5,1.45, , 
,242.50,2240,82.5,-15.6,11101001,241.83,2208,76.9,9.27,846.6,242.17,-15.2,1.48, , 
,243.51,2272,82.5,-16.8,11101001,242.82,2240,76.9,8.24,846.6,243.16,-16.0,1.52, , 
,244.52,2304,82.5,-15.6,11101001,243.84,2272,76.9,8.24,846.6,244.16,-16.8,1.45, , 
,245.57,2336,82.5,-15.2,11101001,244.86,2336,75.3,8.24,826.2,245.21,-15.2,1.52, , 
,246.64,2368,82.5,-15.6,11101001,245.91,2368,75.3,8.24,826.2,246.25,-15.6,1.45, , 
,247.66,2400,82.5,-11.3,11101001,247.00,2400,67.8,7.21,734.4,247.35,-12.1,1.52, , 
,248.67,2432,82.5,-10.5,11101001,247.99,2400,65.1,7.21,714.0,248.34,-9.4,1.52, , 
,249.73,2464,82.5,-10.2,11101001,249.05,2432,65.1,7.21,714.0,249.39,-10.2,1.41, , 
,250.82,2464,82.5,-10.2,11101001,250.11,2464,63.5,7.21,693.6,250.46,-10.9,1.45, , 
,251.85,2464,82.5,-8.6,11101001,251.18,2464,62.0,7.21,693.6,251.53,-9.4,1.48, , 
,252.86,2496,82.5,-5.9,11101001,252.15,2496,53.3,6.18,591.6,252.51,-6.3,1.45, , 
,253.89,2496,82.5,-5.1,11101001,253.21,2496,53.3,6.18,591.6,253.57,-5.9,1.45, , 
,254.93,2496,82.5,-5.1,11101001,254.22,2496,53.3,6.18,591.6,254.57,-4.7,1.52, , 
,255.99,2496,84.0,-5.9,11101001,255.30,2496,53.3,6.18,591.6,255.63,-5.5,1.45, , 
,257.01,2496,84.0,-5.1,11101001,256.31,2496,53.3,6.18,591.6,256.67,-5.5,1.45, , 
,258.05,2496,84.0,-5.1,11101001,257.35,2496,51.8,6.18,591.6,257.69,-5.1,1.52, , 
,259.10,2496,84.0,-5.9,11101001,258.37,2496,51.8,6.18,571.2,258.73,-4.3,1.52, , 
,260.16,2496,84.0,-4.3,11101001,259.43,2496,51.8,6.18,591.6,259.79,-5.1,1.41, , 
,261.20,2496,84.0,-5.1,11101001,260.51,2496,51.8,6.18,591.6,260.83,-4.7,1.52, , 
,262.17,2496,84.0,-5.9,11101001,261.52,2496,51.8,6.18,591.6,261.85,-5.1,1.52, , 
,263.23,2464,84.0,-5.5,11101001,262.52,2496,51.8,6.18,591.6,262.88,-5.1,1.48, , 
,264.31,2464,84.0,-5.5,11101001,263.61,2464,51.8,6.18,591.6,263.95,-5.5,1.45, , 
,265.39,2432,84.0,-2.7,11101001,264.65,2464,51.8,6.18,591.6,265.03,-3.9,1.56, , 
,266.42,2400,84.0,-2.0,11101001,265.74,2432,48.6,6.18,550.8,266.07,-2.3,1.41, , 
,267.46,2400,84.0,-4.3,11101001,266.75,2400,50.2,6.18,571.2,267.09,-2.3,1.48, , 
,268.54,2368,84.0,-7.0,11101001,267.80,2400,57.6,6.18,632.4,268.18,-5.5,1.41, , 
,269.51,2368,84.0,-9.8,11101001,268.85,2368,63.5,7.21,693.6,269.17,-8.6,1.45, , 
,270.54,2336,84.0,-9.4,11101001,269.85,2336,63.5,7.21,693.6,270.18,-9.0,1.52, , 
,271.57,2304,84.0,-11.3,11101001,270.90,2336,66.3,7.21,734.4,271.23,-10.2,1.37, , 
,272.59,2304,84.0,-14.1,11101001,271.89,2304,71.0,8.24,775.2,272.23,-13.3,1.48, , 
,273.56,2272,84.0,-14.5,11101001,272.91,2304,73.7,8.24,795.6,273.25,-14.5,1.52, , 
,274.56,2272,84.0,-14.5,11101001,273.89,2272,73.7,8.24,795.6,274.22,-14.8,1.45, , 
,275.57,2240,84.0,-14.5,11101001,274.89,2272,73.7,8.24,795.6,275.23,-14.5,1.52, , 
,276.59,2240,84.0,-14.5,11101001,275.91,2240,73.7,8.24,795.6,276.25,-14.5,1.48, , 
,277.63,2208,84.0,-14.8,11101001,276.93,2240,73.7,8.24,826.2,277.29,-14.8,1.41, , 
,278.66,2208,84.0,-14.8,11101001,277.96,2208,75.3,8.24,826.2,278.32,-14.5,1.48, , 
,279.69,2208,84.0,-14.1,11101001,279.00,2208,75.3,8.24,826.2,279.35,-16.0,1.41, , 
,280.71,2176,84.0,-13.7,11101001,280.03,2176,73.7,8.24,795.6,280.37,-13.7,1.52, , 
,281.72,2144,84.0,-14.5,11101001,281.04,2176,75.3,8.24,826.2,281.37,-14.5,1.45, , 
,282.76,2144,84.0,-14.5,11101001,282.06,2144,75.3,8.24,826.2,282.42,-14.5,1.48, , 
,283.84,2112,84.0,-0.8,11101001,283.12,2144,63.5,7.21,714.0,283.49,0.0,1.41, , 
,284.90,2048,84.0,-2.0,11101001,284.18,2080,53.3,6.18,612.0,284.54,-1.2,1.48, , 
,285.96,2016,84.0,-2.7,11101001,285.25,2048,51.8,6.18,612.0,285.60,-2.3,1.48, , 
,286.99,1984,84.0,0.0,11101001,286.30,2016,53.3,6.18,612.0,286.64,-2.7,1.48, , 
,288.08,1952,84.0,-9.8,11101011,287.34,1984,71.0,9.27,775.2,287.70,-7.0,1.17, , 
,289.15,1952,84.0,-10.2,11101011,288.43,1952,78.4,9.27,867.0,288.80,-9.8,1.41, , 
,290.23,1952,84.0,-13.3,11101011,289.51,1952,82.7,9.27,907.8,289.88,-12.5,1.45, , 
,291.32,1952,84.0,-13.3,11101011,290.60,1952,82.7,9.27,907.8,290.95,-13.7,1.56, , 
,292.41,1952,84.0,-12.9,11101011,291.67,1952,82.7,9.27,907.8,292.04,-13.3,1.48, , 
,293.50,1952,84.0,-3.9,11101011,292.76,1952,79.6,9.27,887.4,293.12,-3.5,1.48, , 
,294.63,1984,84.0,-3.5,11101011,293.86,1984,79.6,9.27,867.0,294.25,-3.5,1.48, , 
,295.71,2016,84.0,-2.3,11101001,295.00,1984,78.4,8.24,867.0,295.34,-2.3,1.45, , 
,296.76,2016,84.0,-2.7,11101001,296.05,2016,78.4,9.27,867.0,296.41,-2.0,1.52, , 
,297.83,2048,84.0,-2.3,11101001,297.11,2048,78.4,9.27,867.0,297.47,-2.7,1.41, , 
,298.82,2080,84.0,0.0,11101001,298.16,2080,75.3,8.24,846.6,298.49,0.0,1.76, , 
,299.87,2080,84.0,9.4,11101001,299.17,2080,42.7,4.12,499.8,299.51,7.0,1.64, , 
,300.92,2112,84.0,14.5,11101001,300.22,2080,42.7,5.15,499.8,300.58,12.9,1.56, , 
,301.96,2112,84.0,0.0,11101001,301.26,2112,42.7,5.15,499.8,301.62,16.4,1.48, , 
,303.02,2112,84.0,5.1,11101001,302.31,2112,22.0,2.06,316.2,302.65,1.2,1.52, , 
,304.03,2112,84.0,6.6,11111101,303.35,2112,19.2,2.06,275.4,303.69,3.9,1.56, , 
,305.05,2112,84.0,0.0,11111101,304.37,2112,0.0,0.00,244.8,304.72,0.0,3.52, , 
,306.08,2112,84.0,0.0,11111101,305.38,2112,0.0,0.00,275.4,305.73,0.0,3.83, , 
,307.10,2112,84.0,0.0,11111101,306.44,2112,0.0,0.00,244.8,306.77,0.0,3.91, , 
,308.13,2112,84.0,0.0,11111101,307.45,2112,0.0,0.00,244.8,307.79,0.0,3.91, , 
,309.17,2112,84.0,0.0,11111101,308.48,2112,0.0,0.00,244.8,308.83,0.0,3.91, , 
,310.22,2112,84.0,0.0,11111101,309.52,2112,0.0,0.00,244.8,309.87,0.0,3.95, , 
,311.23,2112,84.0,0.0,11111101,310.55,2112,0.0,0.00,244.8,310.88,0.0,3.87, , 
,312.26,2112,84.0,0.0,11111101,311.58,2112,0.0,0.00,244.8,311.91,0.0,3.95, , 
,313.32,2112,84.0,0.0,11111101,312.61,2112,0.0,0.00,244.8,312.97,0.0,3.98, , 
,314.36,2112,84.0,0.0,11111101,313.65,2112,0.0,0.00,244.8,314.01,0.0,3.98, , 
,315.40,2112,84.0,0.0,11111101,314.70,2112,0.0,0.00,244.8,315.06,0.0,3.91, , 
,316.45,2112,84.0,0.0,11111101,315.77,2112,0.0,0.00,244.8,316.11,0.0,3.91, , 
,317.47,2112,84.0,0.0,11111101,316.79,2112,0.0,0.00,244.8,317.13,0.0,3.95, , 
,318.51,2080,84.0,0.0,11111101,317.81,2112,0.0,0.00,244.8,318.16,0.0,3.91, , 
,319.55,2080,82.5,0.0,11111101,318.86,2080,0.0,0.00,244.8,319.21,0.0,3.98, , 
,320.57,2048,82.5,0.0,11111101,319.88,2080,0.0,0.00,244.8,320.24,0.0,3.98, , 
,321.60,2048,84.0,0.0,11111101,320.91,2048,0.0,0.00,244.8,321.27,0.0,3.95, , 
,322.66,2048,82.5,0.0,11101001,321.95,2048,0.0,0.00,244.8,322.31,0.0,3.91, , 
,323.72,2016,82.5,0.0,11101001,323.02,2048,16.1,2.06,244.8,323.36,0.0,0.78, , 
,324.77,2016,82.5,1.6,11101001,324.07,2016,17.6,2.06,244.8,324.41,0.0,1.80, , 
,325.80,2016,82.5,-4.7,11101001,325.11,2016,20.8,2.06,295.8,325.46,-2.7,1.29, , 
,326.85,2016,82.5,-7.4,11101001,326.14,2016,22.0,2.06,316.2,326.50,-6.6,1.37, , 
,327.93,2016,82.5,-7.8,11101001,327.21,2016,22.0,2.06,316.2,327.56,-8.2,1.41, , 
,329.00,2048,82.5,-8.6,11101001,328.28,2016,22.0,2.06,316.2,328.64,-8.2,1.56, , 
,330.05,2048,81.0,-9.0,11101001,329.35,2048,22.0,2.06,316.2,329.70,-9.0,1.45, , 
,331.10,2048,81.0,-9.8,11101001,330.40,2048,22.0,2.06,316.2,330.75,-9.4,1.52, , 
,332.15,2048,81.0,-9.4,11101001,331.45,2048,22.0,2.06,316.2,331.80,-10.2,1.45, , 
,333.20,2048,81.0,-8.6,11101001,332.50,2048,22.0,2.06,316.2,332.85,-9.4,1.52, , 
,334.25,2048,81.0,-9.4,11101001,333.55,2048,25.1,2.06,336.6,333.90,-10.2,1.48, , 
,335.30,2048,81.0,-6.6,11101001,334.60,2048,28.2,3.09,357.0,334.93,-7.8,1.52, , 
,336.38,2048,81.0,-5.1,11101001,335.65,2048,32.5,3.09,418.2,336.01,-6.6,1.48, , 
,337.44,2048,81.0,-4.3,11101001,336.73,2048,36.9,4.12,438.6,337.09,-3.9,1.48, , 
,338.50,2080,81.0,-2.7,11101001,337.78,2048,38.4,4.12,459.0,338.14,-3.5,1.48, , 
,339.54,2112,81.0,0.0,11101001,338.85,2080,41.2,5.15,499.8,339.20,-1.6,1.48, , 
,340.61,2112,81.0,2.0,11101001,339.91,2112,50.2,6.18,591.6,340.25,1.2,1.48, , 
,341.67,2144,81.0,1.6,11101001,340.96,2144,53.3,7.21,612.0,341.31,2.0,1.41, , 
,342.72,2176,81.0,1.2,11101001,342.03,2176,53.3,6.18,612.0,342.38,1.2,1.45, , 
,343.73,2208,81.0,0.4,11101001,343.05,2176,51.8,6.18,591.6,343.39,0.8,1.45, , 
,344.76,2208,81.0,-0.8,11101001,344.07,2208,50.2,6.18,591.6,344.42,-0.4,1.48, , 
,345.78,2240,81.0,-2.3,11101001,345.09,2240,50.2,6.18,571.2,345.43,-0.8,1.48, , 
,346.82,2272,81.0,-0.4,11101001,346.12,2240,50.2,6.18,571.2,346.48,-0.8,1.52, , 
,347.85,2272,81.0,0.0,11101001,347.16,2272,48.6,6.18,571.2,347.50,0.4,1.45, , 
,348.87,2304,82.5,-1.6,11101001,348.18,2272,48.6,6.18,550.8,348.55,0.0,1.45, , 
,349.90,2304,81.0,-2.7,11101001,349.21,2304,47.1,6.18,550.8,349.56,-2.0,1.48, , 
,350.93,2336,81.0,-2.7,11101001,350.27,2304,45.9,5.15,520.2,350.61,-2.7,1.45, , 
,351.96,2336,81.0,-1.6,11101001,351.28,2336,45.9,5.15,520.2,351.62,-2.3,1.48, , 
,352.98,2336,81.0,-2.0,11101001,352.31,2336,44.3,5.15,520.2,352.63,-2.0,1.52, , 
,353.99,2336,82.5,-0.8,11101001,353.33,2336,44.3,5.15,499.8,353.66,-0.4,1.48, , 
,355.03,2368,82.5,-2.0,11101001,354.32,2336,44.3,5.15,499.8,354.69,-1.6,1.41, , 
,356.05,2368,82.5,-4.3,11101001,355.37,2368,35.3,4.12,418.2,355.71,-4.3,1.41, , 
,357.06,2336,82.5,-9.4,11101001,356.40,2368,31.0,3.09,397.8,356.74,-6.3,1.41, , 
,358.04,2304,82.5,-3.9,11111101,357.38,2336,17.6,2.06,244.8,357.72,-4.3,1.60, , 
,359.03,2272,82.5,0.0,11111101,358.38,2304,17.6,2.06,244.8,358.69,0.0,1.64, , 
,360.01,2240,82.5,0.0,11111101,359.36,2240,0.0,0.00,275.4,359.69,0.0,3.95, , 
,361.06,2176,82.5,0.0,11111101,360.37,2208,0.0,0.00,275.4,360.72,0.0,3.98, , 
,362.09,2144,82.5,0.0,11111101,361.39,2176,0.0,0.00,275.4,361.73,0.0,3.98, , 
,363.13,2080,82.5,0.0,11111101,362.45,2112,0.0,0.00,275.4,362.78,0.0,3.95, , 
,364.15,2048,82.5,0.0,11111101,363.47,2080,0.0,0.00,275.4,363.80,0.0,3.91, , 
,365.20,2016,82.5,0.0,11111101,364.50,2048,0.0,0.00,275.4,364.84,0.0,3.98, , 
,366.25,1952,82.5,0.0,11111111,365.55,1984,0.0,0.00,275.4,365.89,0.0,3.98, , 
,367.35,1920,84.0,0.0,11101011,366.62,1920,16.1,2.06,244.8,366.98,0.0,0.90, , 
,368.42,1920,84.0,-3.9,11101011,367.71,1920,25.1,3.09,336.6,368.06,-3.9,1.25, , 
,369.51,1888,84.0,-6.3,11101011,368.79,1920,28.2,3.09,377.4,369.15,-5.9,1.41, , 
,370.63,1888,84.0,-6.6,11101011,369.89,1888,29.4,3.09,377.4,370.25,-7.8,1.41, , 
,371.73,1888,84.0,-8.2,11101011,371.01,1888,29.4,3.09,377.4,371.38,-7.4,1.52, , 
,372.86,1856,84.0,-7.4,11101011,372.11,1888,29.4,3.09,397.8,372.48,-7.8,1.56, , 
,373.87,1056,84.0,0.0,11111111,373.22,1728,0.0,0.00,316.2,373.56,0.0,3.13, , 
,374.78,1056,84.0,0.0,11111111,374.18,1120,28.2,4.12,397.8,374.49,0.0,0.86, , 
,375.70,864,84.0,0.0,11111111,375.10,992,23.5,3.09,336.6,375.41,0.0,0.94, , 
,376.63,896,84.0,-1.6,11111111,376.01,896,26.7,3.09,397.8,376.31,-1.2,1.37, , 
,377.54,896,84.0,-1.6,11111111,376.93,896,26.7,3.09,397.8,377.24,-1.6,1.45, , 
,378.50,896,84.0,-1.6,11111111,377.88,896,26.7,3.09,377.4,378.19,-1.6,1.45, , 
,379.41,896,84.0,-1.2,11111111,378.80,896,26.7,3.09,377.4,379.12,-1.2,1.45, , 
,380.33,896,84.0,-0.4,11111111,379.72,896,26.7,3.09,377.4,380.02,-0.8,1.48, , 
,381.23,896,84.0,0.0,11111111,380.63,864,26.7,3.09,397.8,380.93,0.0,1.45, , 
,382.17,896,84.0,-0.8,11111111,381.56,896,26.7,3.09,377.4,381.86,-0.4,1.41, , 
,383.07,896,82.5,-1.2,11111111,382.49,896,26.7,3.09,377.4,382.79,-1.2,1.41, , 
,383.93,864,84.0,-1.2,11111111,383.36,896,26.7,3.09,397.8,383.64,-1.2,1.45, , 
,384.83,1024,84.0,-1.6,11111111,384.25,896,26.7,3.09,397.8,384.52,-1.2,1.41, , 
,385.87,2144,84.0,0.0,11111101,385.17,1216,20.8,2.06,316.2,385.51,0.0,1.45, , 
,386.91,2016,84.0,0.0,11111101,386.22,2048,0.0,0.00,275.4,386.57,0.0,3.95, , 
,387.99,1952,84.0,0.0,11101011,387.29,1984,16.1,2.06,244.8,387.64,0.0,0.94, , 
,389.07,1920,84.0,-3.5,11101011,388.33,1952,22.0,2.06,316.2,388.70,-3.1,1.25, , 
,390.13,1920,84.0,-5.5,11101011,389.43,1920,28.2,3.09,357.0,389.79,-4.7,1.37, , 
,391.21,1920,84.0,-8.2,11101011,390.49,1888,29.4,3.09,397.8,390.85,-7.8,1.41, , 
,392.32,1952,84.0,-7.4,11101011,391.57,1920,35.3,4.12,438.6,391.95,-7.4,1.56, , 
,393.39,1952,84.0,-6.6,11101011,392.67,1952,36.9,4.12,459.0,393.03,-7.4,1.52, , 
,394.48,1984,84.0,-3.9,11101011,393.76,1984,41.2,4.12,499.8,394.12,-4.3,1.52, , 
,395.57,2016,82.5,-4.3,11101001,394.84,1984,38.4,4.12,479.4,395.20,-4.7,1.48, , 
,396.61,2016,82.5,-3.5,11101001,395.91,2016,38.4,4.12,459.0,396.26,-3.9,1.48, , 
,397.65,2048,82.5,-1.6,11101001,396.95,2048,40.0,4.12,479.4,397.30,-3.5,1.52, , 
,398.74,2112,82.5,1.2,11101001,398.01,2048,42.7,5.15,499.8,398.37,0.8,1.48, , 
,399.78,2144,82.5,0.8,11101001,399.08,2112,42.7,5.15,499.8,399.43,0.4,1.45, , 
,400.81,2176,82.5,0.8,11101001,400.13,2144,42.7,5.15,499.8,400.47,0.0,1.45, , 
,401.79,2240,82.5,1.2,11101001,401.12,2208,44.3,5.15,499.8,401.46,1.6,1.52, , 
,402.79,2272,82.5,0.8,11101001,402.12,2272,42.7,5.15,499.8,402.45,0.8,1.45, , 
,403.81,2336,82.5,-2.3,11101001,403.11,2304,41.2,5.15,479.4,403.45,0.0,1.41, , 
,404.85,2336,82.5,-9.0,11101001,404.14,2304,23.5,3.09,316.2,404.50,-7.8,1.29, , 
,405.86,2304,82.5,-10.5,11101001,405.18,2336,23.5,2.06,316.2,405.50,-9.8,1.48, , 
,406.89,2304,81.0,-10.9,11101001,406.20,2304,25.1,2.06,316.2,406.55,-10.5,1.52, , 
,407.90,2272,81.0,-12.1,11101001,407.24,2304,25.1,2.06,336.6,407.56,-11.7,1.52, , 
,408.90,2208,81.0,-10.9,11101001,408.24,2272,23.5,2.06,316.2,408.57,-12.1,1.45, , 
,409.91,2240,82.5,-5.9,11101001,409.24,2208,17.6,2.06,244.8,409.58,-7.4,1.60, , 
,410.93,2176,81.0,-3.1,11101001,410.25,2208,17.6,2.06,244.8,410.59,-4.3,1.60, , 
,411.95,2144,81.0,-0.8,11101001,411.27,2176,17.6,2.06,244.8,411.59,-1.2,1.56, , 
,412.99,2144,81.0,0.0,11101001,412.29,2112,17.6,2.06,244.8,412.64,1.2,1.56, , 
,413.99,2112,81.0,-5.9,11101001,413.33,2112,23.5,3.09,336.6,413.66,-4.7,1.25, , 
,415.04,2080,81.0,-7.4,11101001,414.34,2080,25.1,3.09,336.6,414.69,-7.8,1.37, , 
,416.08,2080,81.0,-7.4,11101001,415.37,2080,34.1,3.09,418.2,415.73,-7.8,1.48, , 
,417.14,2112,81.0,-7.4,11101001,416.44,2112,34.1,4.12,418.2,416.78,-7.0,1.52, , 
,418.16,2144,81.0,-7.0,11101001,417.48,2112,34.1,4.12,418.2,417.83,-7.0,1.48, , 
,419.18,2144,81.0,-5.9,11101001,418.51,2144,34.1,4.12,418.2,418.85,-6.6,1.52, , 
,420.20,2144,81.0,-6.3,11101001,419.50,2144,34.1,4.12,418.2,419.84,-6.3,1.48, , 
,421.27,2144,81.0,-5.9,11101001,420.56,2144,34.1,4.12,418.2,420.91,-5.9,1.48, , 
,422.29,2144,81.0,-5.1,11101001,421.61,2144,34.1,4.12,418.2,421.96,-5.9,1.52, , 
,423.31,2144,81.0,-6.3,11101001,422.63,2144,32.5,4.12,418.2,422.95,-6.3,1.45, , 
,424.38,2176,81.0,-6.6,11101001,423.67,2176,32.5,3.09,418.2,424.01,-6.6,1.48, , 
,425.40,2176,81.0,-6.6,11101001,424.72,2176,32.5,4.12,418.2,425.05,-7.0,1.45, , 
,426.43,2240,81.0,0.0,11101001,425.73,2208,42.7,5.15,499.8,426.08,-2.0,1.60, , 
,427.44,2272,82.5,1.2,11101001,426.78,2240,45.9,5.15,520.2,427.10,1.6,1.45, , 
,428.46,2336,81.0,0.8,11101001,427.77,2304,45.9,5.15,520.2,428.13,1.2,1.45, , 
,429.49,2400,82.5,0.4,11101001,428.81,2368,45.9,5.15,520.2,429.15,0.0,1.48, , 
,430.58,2432,81.0,-0.4,11101001,429.82,2400,44.3,5.15,499.8,430.21,-0.4,1.41, , 
,431.63,2496,82.5,-2.0,11101001,430.94,2464,41.2,5.15,479.4,431.30,-1.6,1.48, , 
,432.64,2528,82.5,-2.3,11101001,431.97,2496,40.0,5.15,479.4,432.30,-2.3,1.48, , 
,433.63,2592,82.5,-2.7,11101001,432.97,2560,40.0,5.15,459.0,433.32,-2.7,1.48, , 
,434.65,2624,82.5,-1.6,11101001,433.97,2592,40.0,5.15,459.0,434.32,-2.0,1.48, , 
,435.70,2656,82.5,-1.6,11101001,434.99,2624,40.0,5.15,459.0,435.35,-1.6,1.48, , 
,436.77,2720,82.5,-1.2,11101001,436.06,2656,41.2,5.15,479.4,436.42,-0.4,1.48, , 
,437.79,2784,82.5,-3.5,11101001,437.10,2720,48.6,6.18,550.8,437.46,-3.1,1.45, , 
,438.79,2368,82.5,0.0,11111101,438.14,2816,48.6,6.18,550.8,438.46,0.0,1.48, , 
,439.70,1120,82.5,0.0,11101011,439.10,1824,0.0,0.00,295.8,439.39,0.0,3.83, , 
,440.74,2080,82.5,0.0,11101001,440.04,1600,22.0,3.09,316.2,440.38,0.0,0.59, , 
,441.80,2016,82.5,-3.1,11101001,441.09,2016,38.4,4.12,459.0,441.46,-3.1,1.48, , 
,442.84,2048,82.5,-1.2,11101001,442.15,2048,47.1,6.18,550.8,442.48,-1.2,1.56, , 
,443.89,2112,82.5,-3.9,11101001,443.19,2080,60.4,7.21,673.2,443.54,-3.5,1.37, , 
,444.90,2176,82.5,-5.9,11101001,444.23,2144,60.4,7.21,673.2,444.56,-5.5,1.52, , 
,445.93,2240,82.5,-6.3,11101001,445.25,2176,59.2,7.21,673.2,445.60,-5.9,1.48, , 
,446.95,2272,82.5,-5.9,11101001,446.26,2240,57.6,7.21,652.8,446.61,-6.3,1.48, , 
,447.96,2304,82.5,-6.3,11101001,447.29,2272,56.1,6.18,632.4,447.62,-5.9,1.45, , 
,448.95,2368,82.5,-5.9,11101001,448.29,2336,56.1,6.18,632.4,448.62,-5.5,1.45, , 
,449.97,2400,84.0,-3.1,11101001,449.32,2368,51.8,6.18,591.6,449.63,-4.7,1.56, , 
,451.03,2368,84.0,0.0,11101001,450.35,2400,35.3,4.12,438.6,450.68,0.0,1.41, , 
,452.01,2368,84.0,-6.3,11101001,451.36,2368,19.2,2.06,275.4,451.69,-5.9,1.41, , 
,453.02,2304,84.0,0.0,11111101,452.33,2336,17.6,2.06,275.4,452.67,-4.3,1.60, , 
,454.01,2176,84.0,0.0,11111101,453.33,2272,0.0,0.00,275.4,453.67,0.0,3.83, , 
,455.07,2048,84.0,0.0,11111101,454.35,2144,0.0,0.00,275.4,454.70,0.0,3.87, , 
,456.09,1920,84.0,0.0,11111111,455.40,1984,0.0,0.00,275.4,455.75,0.0,3.95, , 
,457.14,1856,84.0,0.0,11101011,456.42,1888,0.0,0.00,275.4,456.79,0.0,3.91, , 
,458.23,1824,84.0,0.0,11101011,457.51,1856,19.2,3.09,295.8,457.88,0.0,0.59, , 
,459.33,1888,84.0,0.4,11101011,458.58,1856,45.9,6.18,550.8,458.95,-0.8,1.41, , 
,460.42,1920,84.0,1.2,11101011,459.70,1888,44.3,6.18,550.8,460.06,0.8,1.52, , 
,461.51,1952,84.0,-3.5,11101011,460.79,1920,42.7,5.15,520.2,461.16,-1.2,1.37, , 
,462.61,1952,84.0,-8.6,11101011,461.88,1952,34.1,4.12,418.2,462.25,-6.6,1.41, , 
,463.71,1952,84.0,-10.9,11101011,462.98,1952,32.5,3.09,418.2,463.34,-10.5,1.45, , 
,464.78,1952,84.0,-11.7,11101011,464.06,1952,32.5,3.09,418.2,464.42,-11.7,1.52, , 
,465.86,1952,84.0,-10.2,11101011,465.15,1952,31.0,3.09,397.8,465.50,-11.3,1.56, , 
,466.97,1984,84.0,-7.4,11101001,466.22,1984,36.9,4.12,459.0,466.60,-8.6,1.56, , 
,468.08,2048,84.0,-1.2,11101001,467.33,1984,48.6,6.18,571.2,467.70,-3.1,1.56, , 
,469.12,2080,84.0,1.6,11101001,468.44,2048,53.3,6.18,612.0,468.79,0.4,1.52, , 
,470.14,2112,84.0,1.6,11101001,469.46,2080,51.8,6.18,591.6,469.79,1.2,1.41, , 
,471.20,2144,84.0,1.6,11101001,470.47,2112,47.1,6.18,550.8,470.84,2.3,1.52, , 
,472.25,2176,84.0,-2.0,11101001,471.56,2144,41.2,5.15,479.4,471.90,-0.4,1.41, , 
,473.30,2176,84.0,-7.0,11101001,472.60,2176,31.0,3.09,397.8,472.95,-5.1,1.37, , 
,474.34,2144,84.0,-2.3,11101001,473.64,2144,19.2,2.06,275.4,473.98,-3.1,1.64, , 
,475.36,2112,82.5,-1.2,11101001,474.68,2144,17.6,2.06,244.8,475.01,-1.2,1.56, , 
,476.38,2112,84.0,0.4,11101001,475.72,2112,16.1,2.06,244.8,476.05,-0.8,1.52, , 
,477.42,2080,84.0,2.0,11101001,476.72,2080,16.1,2.06,244.8,477.08,2.0,1.56, , 
,478.46,2048,84.0,4.3,11101001,477.77,2080,16.1,2.06,244.8,478.12,3.5,1.52, , 
,479.53,2048,84.0,2.0,11101001,478.80,2048,16.1,2.06,244.8,479.16,4.7,1.45, , 
,480.61,2016,84.0,-5.1,11101001,479.89,2016,22.0,2.06,316.2,480.26,-3.5,1.25, , 
,481.65,2048,84.0,-3.5,11101001,480.96,2048,35.3,4.12,438.6,481.30,-4.7,1.52, , 
,482.71,2080,82.5,-1.2,11101001,481.99,2048,45.9,5.15,550.8,482.35,-2.0,1.56, , 
,483.75,2112,82.5,1.6,11101001,483.06,2080,47.1,6.18,571.2,483.40,1.6,1.52, , 
,484.80,2176,84.0,-2.0,11101001,484.09,2144,59.2,7.21,673.2,484.45,-1.6,1.33, , 
,485.80,2240,82.5,-3.1,11101001,485.14,2208,59.2,7.21,673.2,485.46,-2.7,1.52, , 
,486.82,2272,82.5,-4.3,11101001,486.14,2240,57.6,7.21,652.8,486.47,-3.9,1.45, , 
,487.81,2304,82.5,-3.9,11101001,487.15,2272,57.6,7.21,652.8,487.49,-4.3,1.52, , 
,488.81,2368,82.5,-3.5,11101001,488.15,2336,56.1,7.21,632.4,488.49,-3.5,1.52, , 
,489.81,2400,82.5,-4.7,11101001,489.14,2368,54.5,6.18,632.4,489.46,-3.1,1.45, , 
,490.90,2432,82.5,-5.9,11101001,490.19,2400,56.1,7.21,632.4,490.54,-5.5,1.45, , 
,491.95,2464,82.5,-6.6,11101001,491.23,2432,56.1,6.18,632.4,491.60,-6.3,1.48, , 
,493.05,2496,82.5,-5.9,11101001,492.33,2464,54.5,6.18,612.0,492.70,-5.9,1.48, , 
,494.07,2496,82.5,-8.6,11101001,493.40,2496,59.2,7.21,652.8,493.72,-7.8,1.45, , 
,495.10,2528,82.5,-9.0,11101001,494.41,2528,60.4,7.21,673.2,494.75,-8.2,1.48, , 
,496.14,2560,82.5,-8.6,11101001,495.45,2560,59.2,7.21,652.8,495.80,-8.6,1.45, , 
,497.16,2592,82.5,-7.8,11101001,496.49,2560,59.2,7.21,652.8,496.81,-8.6,1.48, , 
,498.20,2592,82.5,-8.2,11101001,497.52,2592,59.2,7.21,652.8,497.84,-7.8,1.52, , 
,499.22,2624,82.5,-16.8,11101001,498.54,2592,71.0,8.24,754.8,498.87,-12.5,1.48, , 
,500.22,2688,82.5,-21.5,11101001,499.55,2656,85.5,9.27,907.8,499.88,-20.3,1.45, , 
,501.24,2720,82.5,-23.8,11101001,500.58,2688,85.5,8.24,907.8,500.91,-23.8,1.45, , 
,502.30,2752,82.5,-23.0,11101001,501.60,2720,84.3,9.27,907.8,501.95,-24.2,1.48, , 
,503.30,2752,82.5,-23.4,11101001,502.63,2752,84.3,8.24,887.4,502.95,-23.0,1.52, , 
,504.34,2784,82.5,-23.4,11101001,503.64,2784,84.3,8.24,887.4,503.99,-22.7,1.52, , 
,505.34,2784,82.5,-22.7,11101001,504.67,2784,84.3,8.24,887.4,505.00,-23.0,1.45, , 
,506.44,2816,82.5,-22.3,11101001,505.70,2816,82.7,8.24,887.4,506.06,-22.7,1.48, , 
,507.51,2848,84.0,-23.4,11101001,506.81,2816,84.3,8.24,887.4,507.17,-22.7,1.45, , 
,508.53,2880,84.0,-21.9,11101001,507.85,2848,82.7,8.24,887.4,508.19,-22.7,1.45, , 
,509.56,2912,84.0,-22.3,11101001,508.87,2880,82.7,8.24,867.0,509.20,-22.7,1.41, , 
,510.63,2944,84.0,-21.9,11101001,509.96,2912,81.2,8.24,867.0,510.31,-21.9,1.52, , 
,511.69,2976,84.0,-19.5,11101001,510.97,2944,79.6,8.24,846.6,511.43,-20.7,1.45, , 
,512.73,1760,84.0,0.0,11111111,512.03,2816,0.0,0.00,377.4,512.38,0.0,3.75, , 
,513.70,2208,84.0,0.0,11101001,513.03,1376,26.7,4.12,357.0,513.37,0.0,1.41, , 
,514.75,2144,84.0,-7.4,11101001,514.06,2176,23.5,3.09,336.6,514.40,-7.8,1.17, , 
,515.75,2144,84.0,0.0,11101001,515.08,2144,38.4,4.12,459.0,515.42,0.0,1.21, , 
,516.80,2144,84.0,-3.9,11101001,516.10,2144,60.4,7.21,673.2,516.45,-3.1,1.45, , 
,517.80,2176,84.0,-4.7,11101001,517.14,2144,59.2,7.21,673.2,517.47,-3.9,1.52, , 
,518.82,2176,85.5,-1.2,11101001,518.13,2176,50.2,6.18,591.6,518.48,-2.3,1.56, , 
,519.83,2208,85.5,1.6,11101001,519.16,2176,47.1,6.18,550.8,519.50,1.2,1.52, , 
,520.84,2208,85.5,-0.4,11101001,520.17,2208,45.9,5.15,520.2,520.50,0.8,1.37, , 
,521.91,2240,85.5,-2.3,11101001,521.19,2208,40.0,5.15,479.4,521.55,-2.0,1.41, , 
,522.90,2272,85.5,-5.5,11101001,522.24,2240,40.0,4.12,459.0,522.57,-2.7,1.45, , 
,523.91,2304,85.5,-9.4,11101001,523.25,2272,23.5,3.09,336.6,523.58,-8.6,1.33, , 
,524.90,2336,85.5,-2.0,11101001,524.23,2304,20.8,2.06,295.8,524.57,-9.0,1.56, , 
,525.89,2336,85.5,-4.3,11101001,525.23,2272,19.2,2.06,275.4,525.57,-0.4,1.68, , 
,526.92,2336,85.5,-4.3,11101001,526.23,2336,20.8,2.06,295.8,526.58,-6.3,1.33, , 
,527.95,2368,85.5,-4.3,11101001,527.25,2336,20.8,2.06,295.8,527.59,-4.7,1.52, , 
,528.97,2368,85.5,-4.7,11101001,528.33,2368,20.8,2.06,295.8,528.65,-4.3,1.52, , 
,529.94,2400,85.5,-5.1,11101001,529.29,2400,20.8,2.06,295.8,529.60,-4.7,1.45, , 
,530.96,2400,84.0,0.0,11101001,530.28,2400,17.6,2.06,244.8,530.62,-1.2,1.56, , 
,531.94,2400,84.0,-0.4,11101001,531.29,2400,17.6,2.06,244.8,531.62,0.0,1.56, , 
,532.97,2400,84.0,-0.4,11101001,532.30,2432,17.6,2.06,275.4,532.63,-0.4,1.45, , 
,533.98,2400,84.0,0.8,11101001,533.32,2432,17.6,2.06,275.4,533.65,-1.2,1.41, , 
,534.98,2400,84.0,-0.8,11101001,534.35,2400,17.6,2.06,275.4,534.66,1.6,1.56, , 
,536.06,2368,84.0,1.6,11101001,535.35,2400,17.6,2.06,275.4,535.72,0.0,1.41, , 
,537.06,2368,84.0,-0.4,11101001,536.39,2368,17.6,2.06,275.4,536.72,-1.2,1.37, , 
,538.08,2304,82.5,-0.8,11101001,537.41,2336,22.0,2.06,295.8,537.75,-3.5,1.52, , 
,539.07,2272,82.5,2.3,11101001,538.41,2304,44.3,5.15,499.8,538.74,1.2,1.60, , 
,540.07,2272,82.5,5.1,11101001,539.39,2272,47.1,5.15,550.8,539.73,5.1,1.56, , 
,541.08,2272,82.5,5.9,11101001,540.41,2272,48.6,6.18,571.2,540.73,6.3,1.37, , 
,542.07,2272,82.5,3.5,11101001,541.41,2272,51.8,6.18,591.6,541.74,6.6,1.48, , 
,543.07,2272,82.5,2.7,11101001,542.41,2272,53.3,6.18,612.0,542.73,2.7,1.37, , 
,544.06,2272,82.5,0.8,11101001,543.41,2272,51.8,6.18,591.6,543.74,3.1,1.48, , 
,545.10,2272,82.5,0.4,11101001,544.41,2272,53.3,6.18,591.6,544.74,0.8,1.45, , 
,546.09,2272,82.5,0.8,11101001,545.42,2272,51.8,6.18,591.6,545.76,0.8,1.45, , 
,547.07,2272,82.5,0.4,11101001,546.43,2272,50.2,6.18,571.2,546.74,0.4,1.48, , 
,548.09,2304,82.5,-1.6,11101001,547.40,2272,50.2,6.18,591.6,547.73,0.8,1.48, , 
,549.10,2304,82.5,-1.2,11101001,548.44,2304,50.2,6.18,571.2,548.77,-1.6,1.48, , 
,550.11,2304,82.5,-2.0,11101001,549.42,2304,48.6,6.18,550.8,549.76,-1.6,1.48, , 
,551.12,2304,82.5,-2.7,11101001,550.45,2304,47.1,6.18,550.8,550.78,-2.3,1.45, , 
,552.11,2304,82.5,-2.0,11101001,551.46,2304,47.1,6.18,550.8,551.79,-2.3,1.52, , 
,553.11,2336,82.5,-2.0,11101001,552.45,2304,45.9,5.15,520.2,552.79,-1.2,1.48, , 
,554.13,2336,82.5,-2.7,11101001,553.45,2336,45.9,5.15,550.8,553.79,-2.3,1.45, , 
,555.16,2336,82.5,-3.1,11101001,554.45,2336,47.1,6.18,550.8,554.81,-3.1,1.45, , 
,556.23,2368,82.5,-2.7,11101001,555.53,2336,47.1,5.15,550.8,555.89,-2.7,1.52, , 
,557.22,2368,82.5,-2.3,11101001,556.55,2368,45.9,5.15,520.2,556.89,-2.0,1.45, , 
,558.21,2400,82.5,-1.2,11101001,557.55,2400,45.9,5.15,520.2,557.87,-1.6,1.48, , 
,559.23,2400,82.5,-2.3,11101001,558.53,2400,45.9,5.15,520.2,558.87,-2.3,1.48, , 
,560.33,2432,82.5,-2.0,11101001,559.62,2432,44.3,5.15,520.2,559.98,-2.3,1.45, , 
,561.41,2400,82.5,-6.3,11101001,560.71,2432,26.7,3.09,357.0,561.07,-3.9,1.41, , 
,562.48,2400,82.5,-12.1,11101001,561.74,2400,22.0,2.06,295.8,562.11,-10.9,1.33, , 
,563.42,2368,82.5,-12.9,11101001,562.79,2400,22.0,2.06,316.2,563.10,-12.9,1.41, , 
,564.46,2368,82.5,-13.7,11101001,563.76,2368,23.5,2.06,316.2,564.11,-13.7,1.52, , 
,565.48,2368,82.5,-5.9,11101001,564.79,2368,32.5,3.09,397.8,565.12,-9.0,1.64, , 
,566.49,2368,84.0,-3.9,11101001,565.81,2368,34.1,4.12,418.2,566.15,-4.3,1.48, , 
,567.50,2336,84.0,-1.2,11101001,566.82,2336,34.1,4.12,418.2,567.15,-2.3,1.52, , 
,568.52,2336,84.0,-1.2,11101001,567.84,2336,34.1,4.12,418.2,568.17,-0.4,1.45, , 
,569.52,2336,84.0,0.4,11101001,568.85,2336,35.3,4.12,438.6,569.17,0.0,1.45, , 
,570.59,2336,84.0,0.8,11101001,569.88,2336,36.9,4.12,438.6,570.23,0.8,1.48, , 
,571.62,2336,84.0,1.2,11101001,570.94,2336,38.4,5.15,459.0,571.28,0.8,1.45, , 
,572.66,2304,84.0,-1.2,11101001,571.97,2336,40.0,5.15,479.4,572.32,1.2,1.45, , 
,573.66,2336,84.0,-1.2,11101001,572.98,2336,40.0,5.15,479.4,573.33,-1.2,1.48, , 
,574.67,2336,84.0,-0.8,11101001,573.99,2336,40.0,5.15,459.0,574.33,-1.2,1.48, , 
,575.68,2304,84.0,-1.6,11101001,575.01,2336,40.0,5.15,479.4,575.34,-1.2,1.45, , 
,576.70,2336,84.0,-2.3,11101001,576.00,2304,48.6,6.18,550.8,576.37,-1.6,1.48, , 
,577.70,2336,82.5,-4.3,11101001,577.02,2336,56.1,7.21,632.4,577.37,-3.9,1.41, , 
,578.73,2336,84.0,-6.3,11101001,578.04,2336,56.1,7.21,632.4,578.39,-5.5,1.48, , 
,579.77,2336,84.0,-7.4,11101001,579.08,2336,59.2,7.21,652.8,579.42,-7.0,1.52, , 
,580.75,2336,84.0,-7.4,11101001,580.10,2336,59.2,7.21,652.8,580.42,-7.0,1.45, , 
,581.77,2368,84.0,-5.9,11101001,581.08,2336,56.1,7.21,632.4,581.45,-7.0,1.52, , 
,582.81,2336,84.0,-2.7,11101001,582.13,2336,50.2,6.18,571.2,582.47,-3.5,1.52, , 
,583.84,2336,82.5,-2.7,11101001,583.14,2336,50.2,6.18,571.2,583.50,-2.0,1.41, , 
,584.89,2368,82.5,-2.7,11101001,584.20,2368,50.2,6.18,571.2,584.55,-2.7,1.48, , 
,585.88,2336,82.5,-3.5,11101001,585.22,2368,50.2,6.18,571.2,585.55,-2.7,1.48, , 
,586.90,2336,82.5,-2.3,11101001,586.20,2336,50.2,6.18,571.2,586.55,-2.7,1.48, , 
,587.91,2336,82.5,-2.3,11101001,587.24,2336,50.2,6.18,571.2,587.56,-2.0,1.48, , 
,588.92,2336,82.5,-2.3,11101001,588.25,2336,50.2,6.18,571.2,588.58,-2.3,1.48, , 
,589.94,2336,82.5,-2.0,11101001,589.27,2336,50.2,6.18,571.2,589.61,-1.6,1.41, , 
,590.94,2336,84.0,-2.0,11101001,590.27,2336,50.2,6.18,571.2,590.61,-2.3,1.48, , 
,591.94,2336,82.5,-2.7,11101001,591.26,2336,50.2,6.18,571.2,591.60,-3.1,1.48, , 
,592.94,2336,82.5,-2.7,11101001,592.29,2336,50.2,6.18,571.2,592.61,-3.1,1.41, , 
,593.93,2336,82.5,-3.9,11101001,593.27,2336,51.8,6.18,591.6,593.59,-3.5,1.48, , 
,594.98,2336,82.5,-2.7,11101001,594.26,2336,50.2,6.18,591.6,594.62,-3.5,1.52, , 
,596.02,2368,82.5,-2.3,11101001,595.31,2336,50.2,6.18,571.2,595.67,-2.3,1.45, , 
,597.03,2368,84.0,-2.3,11101001,596.35,2368,47.1,6.18,550.8,596.69,-2.3,1.48, , 
,598.05,2368,82.5,-3.5,11101001,597.37,2368,38.4,4.12,459.0,597.71,-4.3,1.45, , 
,599.05,2400,82.5,-3.9,11101001,598.40,2368,35.3,4.12,438.6,598.73,-4.3,1.45, , 
,600.12,2368,82.5,-4.3,11101001,599.38,2368,35.3,4.12,438.6,599.77,-4.7,1.48, , 
,601.13,2368,84.0,-5.1,11101001,600.44,2368,35.3,4.12,438.6,600.77,-5.1,1.48, , 
,602.20,2368,84.0,-3.1,11101001,601.50,2368,36.9,4.12,438.6,601.84,-3.5,1.48, , 
,603.23,2368,82.5,-3.5,11101001,602.55,2368,36.9,4.12,438.6,602.90,-4.3,1.48, , 
,604.25,2336,82.5,-3.5,11101001,603.55,2368,36.9,4.12,438.6,603.90,-3.9,1.48, , 
,605.26,2336,82.5,-2.3,11101001,604.59,2336,36.9,4.12,438.6,604.92,-1.6,1.48, , 
,606.26,2336,82.5,-2.3,11101001,605.58,2336,38.4,4.12,459.0,605.91,-2.7,1.48, , 
,607.31,2336,82.5,-2.0,11101001,606.60,2336,45.9,5.15,550.8,606.95,-1.2,1.45, , 
,608.31,2304,82.5,-1.6,11101001,607.65,2304,47.1,6.18,550.8,607.97,-1.2,1.48, , 
,609.35,2304,82.5,-2.3,11101001,608.66,2304,47.1,6.18,550.8,609.00,-2.0,1.52, , 
,610.33,2336,82.5,-2.7,11101001,609.68,2304,47.1,6.18,550.8,610.00,-2.3,1.45, , 
,611.34,2336,82.5,-2.7,11101001,610.66,2336,47.1,6.18,550.8,611.00,-2.7,1.48, , 
,612.38,2336,82.5,-2.0,11101001,611.71,2336,47.1,6.18,550.8,612.04,-2.3,1.56, , 
,613.40,2336,82.5,-2.3,11101001,612.71,2336,47.1,6.18,550.8,613.05,-2.3,1.45, , 
,614.40,2336,82.5,-2.3,11101001,613.73,2336,47.1,6.18,550.8,614.06,-2.3,1.45, , 
,615.39,2368,82.5,-2.0,11101001,614.73,2368,47.1,6.18,550.8,615.05,-2.0,1.52, , 
,616.44,2368,82.5,-2.3,11101001,615.73,2368,45.9,5.15,520.2,616.06,-2.3,1.48, , 
,617.45,2400,82.5,-0.8,11101001,616.77,2368,45.9,5.15,520.2,617.13,-1.2,1.45, , 
,618.48,2400,84.0,-4.3,11111101,617.81,2400,26.7,3.09,357.0,618.16,0.0,1.41, , 
,619.42,2368,84.0,0.0,11111101,618.79,2400,0.0,0.00,244.8,619.11,0.0,3.32, , 
,620.41,2304,82.5,0.0,11111101,619.76,2336,0.0,0.00,275.4,620.08,0.0,3.95, , 
,621.41,2272,82.5,0.0,11111101,620.74,2304,0.0,0.00,275.4,621.08,0.0,3.95, , 
,622.43,2240,82.5,0.0,11111101,621.75,2240,0.0,0.00,275.4,622.09,0.0,3.95, , 
,623.45,2208,82.5,0.0,11101001,622.75,2240,17.6,3.09,244.8,623.10,0.0,1.45, , 
,624.48,2208,82.5,-6.3,11101001,623.81,2240,20.8,2.06,295.8,624.15,-7.4,1.02, , 
,625.48,2208,82.5,-7.0,11101001,624.81,2208,23.5,2.06,316.2,625.15,-8.2,1.45, , 
,626.52,2208,82.5,-7.8,11101001,625.83,2208,28.2,3.09,357.0,626.17,-7.0,1.52, , 
,627.53,2176,82.5,-8.6,11101001,626.86,2208,26.7,3.09,357.0,627.19,-8.2,1.52, , 
,628.56,2176,82.5,-9.8,11101001,627.88,2176,28.2,3.09,357.0,628.23,-9.4,1.52, , 
,629.61,2176,82.5,-4.7,11101001,628.91,2176,44.3,5.15,520.2,629.27,-4.7,1.64, , 
,630.64,2208,82.5,-1.6,11101001,629.96,2208,50.2,6.18,591.6,630.30,-2.3,1.52, , 
,631.71,2208,82.5,-0.4,11101001,631.00,2208,48.6,6.18,571.2,631.36,0.0,1.45, , 
,632.70,2176,82.5,-1.2,11101001,632.03,2208,48.6,6.18,571.2,632.37,-0.4,1.45, , 
,633.76,2208,82.5,-0.8,11101001,633.07,2208,48.6,6.18,571.2,633.43,-0.8,1.41, , 
,634.80,2176,82.5,-5.9,11101001,634.12,2208,34.1,4.12,418.2,634.45,-5.1,1.33, , 
,635.85,2176,82.5,-8.6,11101001,635.15,2176,23.5,3.09,336.6,635.50,-8.6,1.37, , 
,636.84,2176,82.5,-11.7,11101001,636.17,2176,23.5,2.06,336.6,636.51,-10.5,1.45, , 
,637.83,2176,82.5,-10.9,11101001,637.16,2176,25.1,2.06,336.6,637.49,-12.5,1.56, , 
,638.86,2176,82.5,-8.2,11101001,638.19,2176,38.4,4.12,459.0,638.52,-8.2,1.56, , 
,639.87,2176,82.5,-3.9,11101001,639.21,2176,36.9,4.12,438.6,639.53,-6.6,1.52, , 
,640.91,2208,82.5,-2.0,11101001,640.20,2176,38.4,4.12,459.0,640.56,-2.7,1.48, , 
,641.93,2176,82.5,0.4,11101001,641.26,2176,41.2,5.15,479.4,641.59,0.0,1.52, , 
,642.96,2208,82.5,0.0,11101001,642.27,2208,41.2,5.15,479.4,642.61,0.4,1.45, , 
,643.99,2208,82.5,-0.8,11101001,643.31,2208,40.0,5.15,479.4,643.64,-0.8,1.45, , 
,645.01,2208,82.5,-0.8,11101001,644.33,2208,40.0,5.15,479.4,644.68,-1.2,1.48, , 
,646.04,2208,82.5,-1.6,11101001,645.35,2208,40.0,5.15,479.4,645.70,-1.6,1.45, , 
,647.07,2176,82.5,-2.3,11101001,646.40,2208,40.0,4.12,459.0,646.73,-2.0,1.52, , 
,648.10,2176,82.5,-2.3,11101001,647.42,2208,40.0,4.12,479.4,647.77,-2.7,1.45, , 
,649.13,2208,82.5,0.4,11101001,648.45,2208,41.2,5.15,479.4,648.79,-2.0,1.52, , 
,650.15,2208,82.5,1.2,11101001,649.47,2208,44.3,5.15,520.2,649.82,2.0,1.48, , 
,651.17,2240,82.5,1.6,11101001,650.48,2208,44.3,6.18,520.2,650.84,2.3,1.48, , 
,652.16,2240,82.5,0.8,11101001,651.51,2208,44.3,5.15,520.2,651.83,0.4,1.41, , 
,653.22,2240,82.5,-1.2,11101001,652.51,2240,44.3,5.15,499.8,652.87,-1.6,1.37, , 
,654.25,2272,82.5,-2.7,11101001,653.56,2240,42.7,5.15,499.8,653.91,-2.3,1.48, , 
,655.28,2272,82.5,-2.7,11101001,654.59,2240,42.7,5.15,499.8,654.94,-3.1,1.45, , 
,656.29,2272,82.5,-1.6,11101001,655.61,2272,47.1,5.15,550.8,655.95,-3.1,1.48, , 
,657.30,2272,82.5,-2.0,11101001,656.62,2272,45.9,5.15,520.2,656.95,-1.2,1.45, , 
,658.34,2304,82.5,-2.0,11101001,657.64,2304,45.9,5.15,520.2,658.00,-2.3,1.45, , 
,659.39,2304,81.0,-3.5,11101001,658.70,2304,44.3,5.15,520.2,659.04,-2.7,1.52, , 
,660.40,2336,82.5,-4.3,11101001,659.73,2304,42.7,5.15,499.8,660.07,-3.1,1.48, , 
,661.39,2336,82.5,-4.7,11101001,660.72,2304,36.9,4.12,438.6,661.06,-3.9,1.48, , 
,662.39,2336,82.5,-5.1,11101001,661.72,2336,35.3,4.12,418.2,662.06,-6.3,1.45, , 
,663.42,2336,82.5,-7.0,11101001,662.73,2336,34.1,4.12,418.2,663.08,-6.3,1.52, , 
,664.43,2336,82.5,-6.6,11101001,663.75,2336,34.1,4.12,418.2,664.09,-5.9,1.45, , 
,665.46,2336,82.5,-5.5,11101001,664.77,2336,34.1,4.12,418.2,665.10,-6.3,1.52, , 
,666.44,2336,82.5,-10.2,11101001,665.79,2336,29.4,3.09,377.4,666.12,-7.4,1.45, , 
,667.45,2304,82.5,-7.0,11101001,666.78,2336,20.8,2.06,295.8,667.11,-9.0,1.52, , 
,668.44,2272,82.5,-4.3,11101001,667.79,2304,16.1,2.06,244.8,668.11,-5.1,1.60, , 
,669.45,2240,82.5,-2.3,11111101,668.78,2272,17.6,2.06,244.8,669.12,-3.5,1.52, , 
,670.44,2208,82.5,0.0,11111101,669.76,2240,0.0,0.00,275.4,670.10,0.0,3.09, , 
,671.47,2144,82.5,0.0,11101001,670.79,2176,0.0,0.00,275.4,671.12,0.0,3.87, , 
,672.51,2144,82.5,0.0,11101001,671.83,2144,16.1,2.06,244.8,672.16,0.0,0.70, , 
,673.53,2112,82.5,-5.5,11101001,672.84,2112,25.1,3.09,336.6,673.19,-4.7,1.41, , 
,674.58,2112,82.5,-7.4,11101001,673.89,2112,36.9,4.12,438.6,674.23,-7.0,1.45, , 
,675.63,2080,82.5,-6.6,11101001,674.93,2080,36.9,4.12,459.0,675.28,-8.2,1.48, , 
,676.65,2080,82.5,-3.9,11101001,675.98,2080,51.8,6.18,591.6,676.31,-5.1,1.56, , 
,677.66,2112,82.5,-1.6,11101001,676.98,2080,53.3,6.18,612.0,677.32,-2.0,1.48, , 
,678.71,2112,82.5,-3.1,11101001,678.00,2112,59.2,7.21,673.2,678.36,-2.7,1.48, , 
,679.77,2144,82.5,-3.9,11101001,679.06,2112,57.6,7.21,652.8,679.42,-3.9,1.45, , 
,680.79,2144,82.5,-4.3,11101001,680.12,2144,57.6,7.21,652.8,680.46,-4.7,1.48, , 
,681.81,2144,82.5,-3.5,11101001,681.11,2144,57.6,7.21,652.8,681.47,-3.5,1.52, , 
,682.84,2144,82.5,-4.3,11101001,682.15,2144,56.1,7.21,632.4,682.50,-3.9,1.41, , 
,683.91,2144,82.5,0.0,11101001,683.19,2144,56.1,7.21,652.8,683.55,-4.7,1.48, , 
,684.97,2112,82.5,-3.9,11101001,684.27,2144,31.0,3.09,397.8,684.61,0.0,1.37, , 
,685.98,2080,82.5,-7.8,11101001,685.31,2112,29.4,3.09,377.4,685.64,-7.4,1.37, , 
,687.01,2048,82.5,-9.8,11101001,686.31,2080,29.4,3.09,377.4,686.66,-9.4,1.48, , 
,688.05,2016,82.5,-13.7,11101001,687.37,2048,25.1,2.06,336.6,687.71,-11.7,1.41, , 
,689.11,2016,82.5,-14.8,11101001,688.41,2016,25.1,2.06,336.6,688.76,-14.5,1.52, , 
,690.22,1984,82.5,-14.5,11101011,689.49,1984,25.1,2.06,336.6,689.85,-14.5,1.56, , 
,691.31,1984,82.5,-12.5,11101011,690.58,1984,25.1,2.06,336.6,690.94,-14.1,1.52, , 
,692.41,1952,82.5,-11.3,11101011,691.69,1952,25.1,2.06,336.6,692.06,-12.5,1.52, , 
,693.47,1952,82.5,-2.0,11111111,692.75,1952,25.1,2.06,336.6,693.12,-6.3,1.76, , 
,694.52,1888,82.5,0.0,11111111,693.83,1952,0.0,0.00,275.4,694.19,0.0,3.55, , 
,695.56,1856,82.5,0.0,11111111,694.86,1888,0.0,0.00,295.8,695.23,0.0,3.95, , 
,696.61,1824,82.5,0.0,11111111,695.92,1856,0.0,0.00,295.8,696.24,0.0,3.95, , 
,697.58,1760,82.5,0.0,11111111,696.92,1792,0.0,0.00,316.2,697.25,0.0,3.95, , 
,698.61,1728,82.5,0.0,11111111,697.93,1760,0.0,0.00,316.2,698.28,0.0,3.91, , 
,699.63,1632,82.5,0.0,11101011,698.96,1696,0.0,0.00,316.2,699.29,0.0,4.06, , 
,700.69,1664,82.5,-1.6,11101011,699.98,1664,28.2,3.09,377.4,700.33,0.0,0.86, , 
,701.71,1120,82.5,0.0,11111111,701.05,1664,31.0,3.09,397.8,701.43,0.0,1.48, , 
,702.68,2016,82.5,0.0,11101001,702.03,1056,28.2,4.12,397.8,702.32,0.0,1.76, , 
,703.75,2016,82.5,3.5,11101001,703.03,2048,16.1,2.06,244.8,703.39,0.0,1.72, , 
,704.86,1952,81.0,-4.3,11101011,704.11,1952,22.0,2.06,316.2,704.49,-3.5,1.33, , 
,705.94,1920,82.5,-6.6,11101011,705.23,1920,28.2,3.09,377.4,705.58,-6.6,1.37, , 
,707.06,1888,82.5,-7.8,11101011,706.32,1888,32.5,3.09,418.2,706.70,-7.4,1.52, , 
,708.12,1856,82.5,-7.4,11101011,707.41,1856,35.3,4.12,438.6,707.77,-7.8,1.52, , 
,709.28,1824,82.5,-6.3,11101011,708.50,1856,38.4,4.12,459.0,708.90,-7.0,1.52, , 
,710.43,1824,81.0,-2.0,11101011,709.66,1824,41.2,5.15,499.8,710.05,-3.9,1.52, , 
,711.49,1824,81.0,-1.6,11101011,710.79,1792,56.1,7.21,652.8,711.15,-1.6,1.33, , 
,712.61,1824,81.0,-0.8,11101011,711.85,1856,59.2,7.21,673.2,712.22,-1.6,1.45, , 
,713.71,1856,81.0,-0.4,11101011,712.97,1856,57.6,7.21,673.2,713.33,-0.8,1.48, , 
,714.81,1888,81.0,1.6,11101011,714.09,1856,50.2,6.18,591.6,714.46,0.8,1.52, , 
,715.93,1888,81.0,2.0,11101011,715.18,1888,48.6,6.18,571.2,715.55,2.3,1.45, , 
,717.03,1888,81.0,-0.8,11101011,716.30,1888,47.1,6.18,571.2,716.67,-0.8,1.45, , 
,718.11,1920,81.0,-1.2,11101011,717.40,1888,47.1,6.18,571.2,717.76,-1.2,1.48, , 
,719.25,1952,81.0,-2.0,11101011,718.49,1920,48.6,6.18,571.2,718.86,-1.6,1.48, , 
,720.34,1952,81.0,-4.3,11101011,719.61,1952,45.9,5.15,550.8,719.99,-2.7,1.41, , 
,721.43,1984,81.0,-6.6,11101011,720.70,1952,40.0,4.12,479.4,721.07,-6.6,1.45, , 
,722.49,1952,81.0,-9.0,11101011,721.78,1952,31.0,3.09,397.8,722.13,-9.4,1.41, , 
,723.56,1952,81.0,-9.4,11101011,722.85,1952,28.2,3.09,377.4,723.21,-9.0,1.52, , 
,724.64,1920,81.0,-10.2,11101011,723.92,1920,29.4,3.09,377.4,724.27,-10.2,1.52, , 
,725.73,1920,81.0,-9.0,11101011,725.01,1920,31.0,3.09,397.8,725.37,-10.9,1.45, , 
,726.84,1920,81.0,-8.6,11101011,726.08,1920,31.0,3.09,397.8,726.47,-9.0,1.52, , 
,727.92,1920,81.0,-7.8,11101011,727.20,1920,34.1,3.09,418.2,727.56,-9.0,1.52, , 
,729.02,1920,81.0,-5.5,11101011,728.31,1920,35.3,4.12,438.6,728.66,-5.1,1.48, , 
,730.13,1920,81.0,-6.3,11101011,729.40,1920,35.3,4.12,438.6,729.75,-6.3,1.48, , 
,731.23,1920,81.0,-4.3,11101011,730.50,1920,38.4,4.12,459.0,730.87,-5.9,1.52, , 
,732.30,1920,81.0,-3.9,11101011,731.59,1920,38.4,4.12,459.0,731.95,-3.9,1.48, , 
,733.41,1920,81.0,-2.7,11101011,732.69,1920,40.0,4.12,479.4,733.06,-2.3,1.48, , 
,734.51,1920,81.0,-3.5,11101011,733.77,1920,40.0,4.12,479.4,734.14,-3.5,1.45, , 
,735.59,1920,82.5,-3.9,11101011,734.86,1920,38.4,4.12,479.4,735.23,-3.9,1.48, , 
,736.69,1920,82.5,-3.9,11101011,735.94,1920,40.0,4.12,479.4,736.30,-3.5,1.48, , 
,737.78,1920,82.5,-4.3,11101011,737.06,1920,40.0,4.12,479.4,737.41,-3.9,1.45, , 
,738.89,1920,81.0,-4.7,11101011,738.13,1920,38.4,4.12,479.4,738.50,-4.3,1.48, , 
,739.98,1920,82.5,0.8,11101011,739.26,1920,31.0,3.09,418.2,739.62,-4.7,1.48, , 
,741.04,1856,82.5,3.5,11101011,740.32,1888,17.6,2.06,275.4,740.67,3.5,1.64, , 
,742.14,1792,82.5,-1.2,11101011,741.39,1856,19.2,2.06,275.4,741.77,1.6,1.45, , 
,743.28,1792,82.5,-2.3,11101011,742.52,1824,19.2,2.06,295.8,742.90,-2.7,1.33, , 
,744.36,1760,82.5,-0.8,11101011,743.64,1760,22.0,2.06,316.2,743.99,0.8,1.64, , 
,745.44,1728,82.5,1.6,11101011,744.73,1728,31.0,3.09,397.8,745.08,0.4,1.45, , 
,746.53,1728,82.5,5.1,11101011,745.80,1728,41.2,5.15,499.8,746.16,4.3,1.52, , 
,747.68,1728,82.5,3.5,11101011,746.92,1728,44.3,5.15,520.2,747.32,3.1,1.48, , 
,748.80,1728,82.5,2.0,11101011,748.07,1760,44.3,5.15,520.2,748.43,2.3,1.45, , 
,749.87,1760,82.5,-0.4,11101011,749.15,1760,44.3,5.15,520.2,749.50,2.0,1.45, , 
,750.97,1760,82.5,-0.4,11101011,750.23,1760,44.3,5.15,520.2,750.60,0.4,1.48, , 
,752.03,1760,82.5,-0.8,11101011,751.31,1760,44.3,5.15,520.2,751.68,-0.8,1.48, , 
,753.18,1760,82.5,-1.2,11101011,752.41,1792,44.3,5.15,520.2,752.81,-1.6,1.48, , 
,754.30,1792,82.5,-3.1,11101011,753.53,1760,42.7,5.15,520.2,753.92,-2.0,1.48, , 
,755.38,1760,82.5,-5.5,11101011,754.64,1792,29.4,3.09,397.8,755.02,-5.5,1.45, , 
,756.48,1760,82.5,-3.1,11101011,755.76,1760,29.4,3.09,397.8,756.11,-4.7,1.48, , 
,757.59,1760,82.5,-5.1,11101011,756.87,1760,29.4,3.09,397.8,757.20,-4.7,1.48, , 
,758.70,1792,82.5,-5.9,11101011,757.97,1792,29.4,3.09,377.4,758.32,-6.3,1.45, , 
,759.77,1824,84.0,-5.5,11101011,759.06,1792,29.4,3.09,377.4,759.41,-5.9,1.52, , 
,760.86,1824,84.0,-7.4,11101011,760.15,1824,29.4,3.09,377.4,760.48,-5.5,1.48, , 
,761.96,1856,84.0,-8.6,11101011,761.23,1856,31.0,3.09,397.8,761.60,-8.6,1.45, , 
,763.11,1888,84.0,-10.2,11101011,762.35,1856,32.5,3.09,418.2,762.72,-9.8,1.45, , 
,764.21,1920,84.0,-10.2,11101011,763.49,1888,31.0,3.09,397.8,763.85,-10.2,1.48, , 
,765.31,1920,84.0,-7.4,11101011,764.58,1920,35.3,4.12,418.2,764.95,-8.6,1.52, , 
,766.37,1952,84.0,-2.7,11101011,765.66,1952,41.2,5.15,499.8,766.02,-3.1,1.52, , 
,767.48,1984,84.0,-3.5,11101011,766.75,1952,41.2,5.15,479.4,767.12,-3.1,1.45, , 
,768.55,1984,84.0,-0.8,11101001,767.85,1984,41.2,5.15,499.8,768.20,-2.3,1.52, , 
,769.64,2016,84.0,2.0,11101001,768.91,2016,44.3,5.15,520.2,769.27,1.6,1.48, , 
,770.72,2048,84.0,2.3,11101001,770.01,2016,45.9,5.15,550.8,770.37,2.0,1.48, , 
,771.76,2080,84.0,0.8,11101001,771.06,2048,45.9,6.18,550.8,771.41,1.2,1.41, , 
,772.76,2080,84.0,0.0,11101001,772.09,2080,44.3,5.15,520.2,772.42,0.4,1.45, , 
,773.77,2112,84.0,-2.7,11101001,773.10,2080,44.3,5.15,520.2,773.43,-2.0,1.48, , 
,774.82,2144,84.0,-2.3,11101001,774.12,2112,42.7,5.15,520.2,774.47,-2.7,1.52, , 
,775.83,2176,84.0,-2.7,11101001,775.15,2144,48.6,6.18,571.2,775.47,-1.2,1.45, , 
,776.86,2208,82.5,-4.7,11101001,776.17,2176,56.1,7.21,632.4,776.52,-3.5,1.48, , 
,777.91,2272,84.0,-7.8,11101001,777.21,2240,60.4,7.21,673.2,777.56,-7.0,1.37, , 
,778.94,2336,84.0,-9.0,11101001,778.24,2304,62.0,7.21,693.6,778.58,-9.0,1.52, , 
,780.00,2400,82.5,-14.5,11101001,779.29,2368,66.3,7.21,714.0,779.63,-11.3,1.48, , 
,781.06,2496,84.0,-18.8,11101001,780.36,2432,73.7,8.24,795.6,780.74,-18.4,1.37, , 
,782.06,2592,84.0,-19.1,11101001,781.40,2528,75.3,8.24,826.2,781.74,-18.8,1.60, , 
,783.04,2656,84.0,-17.2,11101001,782.38,2592,75.3,8.24,795.6,782.71,-17.6,1.52, , 
,784.06,2720,84.0,-13.7,11101001,783.37,2688,75.3,8.24,795.6,783.72,-14.8,1.45, , 
,785.10,2816,84.0,-13.3,11101001,784.39,2752,73.7,8.24,775.2,784.74,-14.1,1.48, , 
,786.15,2880,82.5,-11.3,11101001,785.49,2848,72.2,8.24,754.8,785.82,-10.5,1.52, , 
,787.18,2944,84.0,-9.8,11101001,786.48,2912,71.0,7.21,754.8,786.90,-10.2,1.45, , 
,787.98,3008,82.5,-8.6,11101001,787.45,2976,69.4,7.21,734.4,787.71,-9.0,1.45, , 
,789.00,3072,82.5,-7.4,11101001,788.36,3008,67.8,7.21,734.4,788.65,-8.2,1.48, , 
,790.00,2464,84.0,0.0,11111101,789.35,3072,66.3,7.21,714.0,789.68,0.0,2.30, , 
,790.97,1024,84.0,0.0,11101011,790.35,1920,0.0,0.00,275.4,790.68,0.0,3.87, , 
,791.97,2304,84.0,0.0,11101001,791.30,1408,36.9,6.18,459.0,791.63,0.0,0.55, , 
,792.98,2304,84.0,-0.8,11101001,792.30,2304,38.4,5.15,459.0,792.64,0.0,1.48, , 
,793.98,2304,84.0,0.8,11101001,793.31,2304,54.5,6.18,612.0,793.64,0.8,1.56, , 
,794.98,2336,84.0,0.8,11101001,794.32,2304,54.5,6.18,632.4,794.65,0.8,1.45, , 
,795.97,2336,84.0,-0.4,11101001,795.30,2336,54.5,6.18,612.0,795.63,0.8,1.48, , 
,797.01,2336,84.0,-1.2,11101001,796.32,2336,57.6,7.21,652.8,796.68,-0.8,1.48, , 
,798.01,2336,84.0,-1.6,11101001,797.34,2336,54.5,6.18,612.0,797.66,-1.2,1.52, , 
,799.02,2368,84.0,-4.3,11101001,798.35,2368,59.2,7.21,673.2,798.68,-3.5,1.45, , 
,800.08,2368,84.0,-5.5,11101001,799.37,2368,59.2,7.21,652.8,799.75,-4.7,1.48, , 
,801.08,2400,84.0,-5.5,11101001,800.41,2368,59.2,7.21,652.8,800.75,-5.5,1.45, , 
,802.23,2400,84.0,-5.1,11101001,801.47,2400,59.2,7.21,652.8,801.87,-5.5,1.52, , 
,803.23,2400,84.0,-4.7,11101001,802.56,2400,57.6,6.18,652.8,802.89,-5.1,1.45, , 
,804.25,2400,84.0,-1.2,11101001,803.57,2400,42.7,5.15,499.8,803.90,-0.8,1.56, , 
,805.27,2368,84.0,-8.2,11101001,804.59,2400,26.7,3.09,336.6,804.94,-4.7,1.29, , 
,806.27,2336,84.0,-2.7,11101001,805.61,2368,19.2,2.06,275.4,805.94,-3.9,1.56, , 
,807.27,2304,84.0,-4.3,11101001,806.60,2336,19.2,2.06,275.4,806.94,-2.0,1.60, , 
,808.26,2272,84.0,-2.0,11101001,807.60,2304,17.6,2.06,275.4,807.92,-3.1,1.41, , 
,809.25,2208,84.0,-2.0,11101001,808.57,2272,19.2,2.06,275.4,808.91,-2.3,1.52, , 
,810.27,2176,84.0,-0.4,11101001,809.58,2208,17.6,2.06,244.8,809.93,-2.0,1.45, , 
,811.27,2144,84.0,0.0,11111101,810.60,2176,17.6,2.06,244.8,810.93,0.8,1.52, , 
,812.32,2080,84.0,0.0,11111101,811.63,2112,17.6,2.06,275.4,811.97,0.0,2.70, , 
,813.38,2016,84.0,0.0,11111101,812.69,2080,0.0,0.00,275.4,813.04,0.0,3.91, , 
,814.43,1984,84.0,0.0,11101001,813.72,2016,0.0,0.00,275.4,814.07,0.0,2.54, , 
,815.49,1952,84.0,-2.0,11101011,814.78,1984,19.2,2.06,275.4,815.12,0.0,1.33, , 
,816.57,1952,84.0,0.0,11101011,815.86,1952,50.2,6.18,591.6,816.22,0.0,1.33, , 
,817.66,1984,84.0,-6.3,11101001,816.94,1952,73.7,10.30,826.2,817.30,-5.1,1.21, , 
,818.74,2048,84.0,-9.8,11101001,818.01,2016,75.3,9.27,826.2,818.36,-9.4,1.45, , 
,819.78,2080,84.0,-10.2,11101001,819.10,2048,73.7,8.24,826.2,819.44,-10.5,1.48, , 
,820.80,2144,84.0,-9.8,11101001,820.13,2112,73.7,8.24,795.6,820.47,-10.2,1.52, , 
,821.82,2176,84.0,-10.5,11101001,821.13,2144,72.2,8.24,795.6,821.48,-10.2,1.48, , 
,822.83,2240,84.0,-7.4,11101001,822.16,2208,72.2,8.24,775.2,822.50,-10.2,1.45, , 
,823.83,2304,84.0,-6.6,11101001,823.16,2272,71.0,8.24,775.2,823.50,-6.6,1.52, , 
,824.81,2336,84.0,-5.9,11101001,824.16,2304,69.4,8.24,754.8,824.48,-6.3,1.45, , 
,825.87,2400,84.0,-7.0,11101001,825.14,2368,69.4,8.24,754.8,825.49,-6.6,1.41, , 
,826.90,2432,84.0,-7.8,11101001,826.20,2400,67.8,8.24,734.4,826.55,-7.4,1.52, , 
,827.93,2464,84.0,-7.8,11101001,827.24,2432,66.3,7.21,734.4,827.58,-7.4,1.41, , 
,829.01,2464,84.0,0.0,11101001,828.31,2464,63.5,7.21,693.6,828.66,-6.6,1.52, , 
,830.05,2464,84.0,2.0,11101001,829.36,2464,40.0,4.12,459.0,829.70,2.0,1.52, , 
,831.10,2432,84.0,2.7,11101001,830.41,2464,40.0,5.15,459.0,830.75,2.7,1.52, , 
,832.16,2432,84.0,4.3,11101001,831.45,2432,41.2,5.15,479.4,831.81,4.3,1.48, , 
,833.25,2432,82.5,-0.4,11101001,832.52,2432,47.1,6.18,550.8,832.89,2.3,1.41, , 
,834.32,2432,82.5,-7.0,11101001,833.60,2432,65.1,8.24,714.0,833.96,-5.9,1.37, , 
,835.36,2464,82.5,-9.4,11101001,834.67,2432,65.1,7.21,714.0,835.02,-8.6,1.52, , 
,836.44,2464,82.5,-9.0,11101001,835.73,2464,65.1,7.21,714.0,836.08,-9.8,1.45, , 
,837.52,2496,82.5,-9.0,11101001,836.79,2464,63.5,7.21,693.6,837.16,-8.6,1.52, , 
,838.54,2496,82.5,-9.0,11101001,837.86,2496,63.5,7.21,693.6,838.19,-8.6,1.45, , 
,839.56,2528,82.5,-8.6,11101001,838.88,2528,63.5,7.21,693.6,839.22,-8.2,1.45, , 
,840.60,2528,82.5,-3.5,11101001,839.91,2528,54.5,6.18,612.0,840.25,-4.3,1.56, , 
,841.68,2560,82.5,-3.1,11101001,840.98,2528,54.5,6.18,612.0,841.32,-3.1,1.48, , 
,842.70,2560,82.5,-3.1,11101001,842.01,2560,54.5,6.18,612.0,842.36,-3.1,1.41, , 
,843.73,2560,84.0,-2.3,11101001,843.04,2560,53.3,6.18,612.0,843.39,-2.7,1.48, , 
,844.76,2560,82.5,-3.1,11101001,844.06,2560,53.3,6.18,612.0,844.40,-2.7,1.52, , 
,845.78,2560,82.5,-3.5,11101001,845.10,2560,53.3,6.18,591.6,845.44,-3.1,1.45, , 
,846.76,2560,82.5,-3.1,11101001,846.11,2560,53.3,6.18,591.6,846.44,-3.5,1.41, , 
,847.82,2560,82.5,-3.5,11101001,847.11,2560,53.3,6.18,591.6,847.46,-3.5,1.48, , 
,848.85,2592,82.5,-3.5,11101001,848.18,2592,53.3,6.18,612.0,848.50,-3.5,1.52, , 
,849.86,2592,82.5,-3.5,11101001,849.18,2592,53.3,6.18,591.6,849.52,-3.5,1.45, , 
,850.86,2624,82.5,-2.3,11101001,850.19,2624,53.3,6.18,591.6,850.52,-2.3,1.48, , 
,851.85,2624,82.5,-0.4,11101001,851.19,2624,45.9,5.15,520.2,851.51,0.4,1.56, , 
,852.87,2624,84.0,-3.1,11101001,852.19,2624,34.1,4.12,397.8,852.54,-3.5,1.45, , 
,853.89,2624,84.0,-5.5,11101001,853.21,2624,32.5,4.12,397.8,853.56,-4.3,1.45, , 
,854.91,2624,84.0,-7.4,11101001,854.23,2624,31.0,3.09,377.4,854.57,-6.6,1.41, , 
,855.94,2624,84.0,-10.9,11101001,855.25,2624,20.8,2.06,275.4,855.60,-10.5,1.41, , 
,856.90,2592,84.0,-11.7,11101001,856.27,2592,19.2,2.06,275.4,856.58,-11.3,1.48, , 
,857.92,2560,84.0,-10.9,11101001,857.25,2592,20.8,2.06,275.4,857.59,-11.3,1.52, , 
,858.91,2560,84.0,-10.9,11101001,858.24,2560,19.2,2.06,275.4,858.58,-10.5,1.48, , 
,859.90,2528,84.0,-10.2,11101001,859.22,2560,20.8,2.06,295.8,859.55,-10.2,1.48, , 
,860.90,2528,84.0,-5.5,11101001,860.24,2528,28.2,3.09,357.0,860.58,-7.4,1.60, , 
,861.92,2496,84.0,-1.2,11101001,861.24,2496,41.2,5.15,479.4,861.60,-2.3,1.45, , 
,862.93,2496,84.0,-0.4,11101001,862.25,2496,47.1,6.18,550.8,862.60,-0.4,1.45, , 
,863.99,2496,84.0,-0.8,11101001,863.29,2496,48.6,6.18,550.8,863.64,-0.4,1.48, , 
,865.02,2528,84.0,-1.2,11101001,864.33,2528,47.1,6.18,550.8,864.69,-0.8,1.45, , 
,866.02,2496,84.0,0.0,11101001,865.35,2496,44.3,5.15,520.2,865.70,0.0,1.48, , 
,867.06,2464,84.0,-5.9,11101001,866.36,2496,19.2,2.06,275.4,866.72,-6.3,1.37, , 
,868.10,2432,84.0,-5.1,11101001,867.41,2464,17.6,2.06,244.8,867.73,-5.9,1.48, , 
,869.09,2432,84.0,-7.0,11101001,868.43,2432,17.6,2.06,244.8,868.77,-5.1,1.52, , 
,870.14,2368,84.0,-5.1,11101001,869.45,2368,31.0,3.09,377.4,869.78,-7.4,1.64, , 
,871.16,2368,84.0,-2.3,11101001,870.47,2368,51.8,6.18,591.6,870.83,-3.1,1.52, , 
,872.14,2400,84.0,-3.9,11101001,871.47,2368,54.5,6.18,612.0,871.78,-2.3,1.48, , 
,873.15,2400,84.0,-4.3,11101001,872.48,2400,59.2,7.21,673.2,872.80,-5.5,1.41, , 
,874.18,2400,84.0,-2.3,11101001,873.46,2400,51.8,6.18,591.6,873.82,-3.1,1.48, , 
,875.25,2432,84.0,-2.7,11101001,874.52,2400,51.8,6.18,591.6,874.88,-2.0,1.52, , 
,876.32,2432,84.0,-3.5,11101001,875.62,2432,51.8,6.18,591.6,875.96,-3.5,1.45, , 
,877.38,2432,84.0,-4.3,11101001,876.66,2432,51.8,6.18,591.6,877.03,-4.3,1.45, , 
,878.43,2432,84.0,-3.9,11101001,877.72,2432,51.8,6.18,591.6,878.08,-3.9,1.48, , 
,879.45,2464,84.0,-1.6,11101001,878.75,2464,50.2,6.18,571.2,879.10,-2.0,1.48, , 
,880.51,2464,84.0,-2.0,11101001,879.81,2464,48.6,6.18,550.8,880.16,-2.0,1.48, , 
,881.57,2464,84.0,-2.0,11101001,880.88,2464,48.6,6.18,550.8,881.23,-1.6,1.48, , 
,882.65,2464,84.0,-4.7,11101001,881.92,2464,48.6,6.18,550.8,882.27,-4.3,1.45, , 
,883.69,2464,84.0,-4.3,11101001,883.01,2464,48.6,6.18,550.8,883.36,-4.3,1.48, , 
,884.75,2464,84.0,-3.9,11101001,884.05,2464,47.1,6.18,550.8,884.40,-4.3,1.41, , 
,885.82,2464,84.0,-4.3,11101001,885.11,2464,47.1,6.18,550.8,885.45,-3.9,1.52, , 
,886.89,2496,84.0,-3.9,11101001,886.19,2496,45.9,5.15,520.2,886.54,-3.9,1.45, , 
,887.94,2496,82.5,-3.1,11101001,887.22,2496,44.3,5.15,520.2,887.57,-3.1,1.45, , 
,888.97,2496,84.0,-3.5,11101001,888.29,2496,44.3,5.15,499.8,888.65,-3.5,1.48, , 
,890.00,2496,84.0,-3.5,11101001,889.33,2496,42.7,5.15,499.8,889.67,-3.1,1.48, , 
,891.05,2496,84.0,-6.6,11101001,890.36,2496,32.5,3.09,397.8,890.70,-5.5,1.41, , 
,892.14,2464,84.0,-6.6,11101001,891.42,2464,32.5,4.12,397.8,891.79,-6.6,1.48, , 
,893.17,2464,84.0,-6.6,11101001,892.48,2464,32.5,3.09,397.8,892.82,-7.0,1.52, , 
,894.21,2432,84.0,-6.6,11101001,893.54,2432,32.5,4.12,397.8,893.88,-6.6,1.48, , 
,895.33,2432,84.0,-4.7,11101001,894.59,2432,32.5,4.12,397.8,894.96,-5.1,1.52, , 
,896.33,2400,84.0,-9.8,11101001,895.67,2432,34.1,4.12,418.2,896.01,-6.6,1.45, , 
,897.41,2368,84.0,-6.3,11101001,896.67,2400,17.6,2.06,275.4,897.03,-6.6,1.52, , 
,898.39,2336,84.0,-8.2,11101001,897.74,2368,19.2,2.06,275.4,898.07,-5.1,1.60, , 
,899.39,2304,84.0,-5.9,11101001,898.71,2336,19.2,2.06,275.4,899.04,-7.0,1.41, , 
,900.38,2272,84.0,-4.3,11101001,899.73,2304,19.2,2.06,275.4,900.04,-5.9,1.48, , 
,901.39,2240,84.0,-5.1,11101001,900.71,2272,19.2,2.06,275.4,901.05,-4.3,1.52, , 
,902.41,2208,84.0,-3.5,11101001,901.73,2240,19.2,2.06,275.4,902.07,-5.5,1.37, , 
,903.42,2208,84.0,-1.6,11101001,902.74,2208,16.1,2.06,244.8,903.07,-2.0,1.56, , 
,904.43,2176,84.0,1.2,11111101,903.76,2176,17.6,2.06,244.8,904.11,-0.4,1.52, , 
,905.44,2144,84.0,0.0,11111101,904.76,2144,0.0,0.00,275.4,905.11,0.0,3.28, , 
,906.46,2080,84.0,0.0,11111101,905.78,2112,0.0,0.00,275.4,906.12,0.0,3.95, , 
,907.53,2048,84.0,0.0,11111101,906.82,2080,0.0,0.00,244.8,907.18,0.0,3.98, , 
,908.59,2016,84.0,0.0,11111101,907.87,2048,0.0,0.00,244.8,908.23,0.0,3.95, , 
,909.68,1952,84.0,0.0,11111111,908.95,1984,0.0,0.00,275.4,909.31,0.0,3.91, , 
,910.74,1920,84.0,0.0,11111111,910.03,1952,0.0,0.00,275.4,910.38,0.0,3.91, , 
,911.76,1888,84.0,0.0,11111111,911.08,1920,0.0,0.00,275.4,911.41,0.0,3.91, , 
,912.80,1856,84.0,0.0,11111111,912.11,1856,0.0,0.00,295.8,912.43,0.0,3.95, , 
,913.82,1792,82.5,0.0,11111111,913.13,1824,0.0,0.00,295.8,913.47,0.0,3.95, , 
,914.89,1760,82.5,0.0,11111111,914.22,1792,0.0,0.00,316.2,914.56,0.0,3.95, , 
,915.88,1728,82.5,0.0,11111111,915.22,1728,0.0,0.00,316.2,915.55,0.0,3.95, , 
,916.88,1664,82.5,0.0,11111111,916.20,1696,0.0,0.00,336.6,916.56,0.0,3.91, , 
,917.90,1632,82.5,0.0,11111111,917.20,1664,0.0,0.00,336.6,917.55,0.0,3.98, , 
,918.85,1024,82.5,0.0,11111111,918.22,1152,25.1,4.12,357.0,918.50,0.0,3.63, , 
,919.75,896,82.5,0.0,11111111,919.14,960,26.7,4.12,377.4,919.43,0.0,0.74, , 
,920.66,896,82.5,-2.0,11111111,920.05,896,26.7,3.09,397.8,920.34,0.0,0.86, , 
,921.61,896,82.5,-3.1,11111111,920.97,896,26.7,3.09,397.8,921.31,-3.9,1.41, , 
,922.50,864,82.5,-1.2,11111111,921.91,896,26.7,3.09,397.8,922.20,-2.0,1.56, , 
,923.39,896,82.5,0.0,11111111,922.80,896,28.2,3.09,397.8,923.09,0.0,1.52, , 
,924.29,896,82.5,0.8,11111111,923.67,896,26.7,3.09,397.8,923.97,0.4,1.52, , 
,925.28,1472,82.5,-0.4,11101011,924.58,896,26.7,3.09,397.8,924.89,0.4,1.45, , 
,926.40,1792,82.5,-0.4,11101011,925.67,1824,20.8,2.06,295.8,926.04,2.7,1.52, , 
,927.40,1792,82.5,-2.0,11101011,926.72,1792,23.5,3.09,336.6,927.07,-1.2,1.41, , 
,928.47,1792,82.5,-2.7,11101011,927.72,1792,28.2,3.09,377.4,928.08,-2.7,1.45, , 
,929.52,1824,82.5,-4.3,11101011,928.80,1792,29.4,3.09,377.4,929.16,-3.9,1.45, , 
,930.60,1824,81.0,-3.9,11101011,929.88,1824,28.2,3.09,377.4,930.24,-3.9,1.48, , 
,931.72,1824,82.5,-3.9,11101011,930.97,1824,28.2,3.09,377.4,931.35,-3.5,1.48, , 
,932.82,1856,82.5,-4.3,11101011,932.10,1856,28.2,3.09,357.0,932.45,-4.3,1.52, , 
,933.91,1888,82.5,-5.9,11101011,933.18,1888,26.7,3.09,357.0,933.56,-5.5,1.45, , 
,935.02,1920,82.5,-7.0,11101011,934.30,1888,25.1,3.09,357.0,934.66,-6.3,1.45, , 
,936.13,1920,81.0,-8.6,11101011,935.39,1920,25.1,3.09,336.6,935.76,-8.2,1.45, , 
,937.22,1984,81.0,-9.0,11101011,936.48,1952,25.1,2.06,336.6,936.86,-9.8,1.48, , 
,938.26,2016,81.0,-7.4,11101001,937.58,1984,36.9,4.12,438.6,937.92,-8.2,1.52, , 
,939.31,2080,82.5,-3.5,11101001,938.61,2048,35.3,4.12,438.6,938.97,-5.5,1.56, , 
,940.34,2176,81.0,-1.6,11101001,939.66,2112,41.2,5.15,499.8,939.99,-2.3,1.48, , 
,941.38,2272,81.0,0.4,11101001,940.68,2208,41.2,5.15,479.4,941.02,-0.8,1.52, , 
,942.44,2368,81.0,0.0,11101001,941.71,2304,40.0,5.15,459.0,942.04,0.8,1.41, , 
,943.51,2464,81.0,0.0,11101001,942.79,2432,38.4,5.15,459.0,943.16,0.4,1.48, , 
,944.52,2592,81.0,-0.4,11101001,943.88,2528,44.3,5.15,499.8,944.21,0.4,1.48, , 
,945.53,2720,81.0,0.0,11101001,944.85,2624,48.6,6.18,550.8,945.20,-0.4,1.41, , 
,946.56,2848,81.0,0.4,11101001,945.88,2752,45.9,5.15,520.2,946.24,0.0,1.52, , 
,947.54,1952,81.0,0.0,11111111,946.90,2880,36.9,4.12,438.6,947.23,0.0,3.44, , 
,948.56,1696,81.0,0.0,11101011,947.88,1504,0.0,0.00,336.6,948.18,0.0,3.87, , 
,949.58,2208,81.0,-5.1,11101001,948.90,2176,17.6,2.06,244.8,949.23,0.0,1.29, , 
,950.61,2240,81.0,-8.6,11101001,949.92,2208,23.5,2.06,316.2,950.26,-7.8,1.25, , 
,951.62,2304,81.0,0.0,11101001,950.95,2240,34.1,4.12,397.8,951.29,0.0,1.52, , 
,952.66,2432,81.0,1.2,11101001,951.97,2336,56.1,7.21,632.4,952.30,0.4,1.52, , 
,953.71,2496,81.0,1.2,11101001,953.01,2432,54.5,6.18,612.0,953.36,1.2,1.52, , 
,954.74,2592,81.0,2.3,11101001,954.06,2528,53.3,6.18,591.6,954.40,2.3,1.45, , 
,955.80,2624,81.0,2.3,11101001,955.10,2592,51.8,6.18,571.2,955.46,2.0,1.45, , 
,956.82,2688,81.0,-3.9,11101001,956.12,2656,65.1,8.24,693.6,956.46,-3.1,1.33, , 
,957.89,2752,81.0,-4.3,11101001,957.18,2720,63.5,7.21,693.6,957.54,-4.3,1.52, , 
,958.93,2816,81.0,-2.3,11101001,958.21,2784,65.1,7.21,714.0,958.57,-1.2,1.48, , 
,959.95,2848,81.0,-5.5,11101001,959.27,2816,66.3,7.21,714.0,959.62,-3.9,1.37, , 
,961.01,2912,81.0,-7.4,11101001,960.27,2880,75.3,8.24,795.6,960.60,-9.8,1.33, , 
,961.88,3008,81.0,-5.9,11101001,961.27,2944,81.2,8.24,846.6,961.57,-5.5,1.52, , 
,962.86,3040,82.5,-0.4,11101001,962.14,3008,79.6,8.24,846.6,962.55,-0.4,1.56, , 
,963.90,1888,82.5,0.0,11111111,963.21,2912,0.0,0.00,357.0,963.53,0.0,3.79, , 
,964.92,2080,82.5,0.0,11101001,964.25,1344,0.0,0.00,336.6,964.60,0.0,3.75, , 
,965.93,2304,82.5,0.0,11101001,965.26,2272,22.0,2.06,316.2,965.59,3.9,1.41, , 
,966.92,2304,82.5,5.5,11101001,966.26,2272,66.3,6.18,734.4,966.62,0.0,1.88, , 
,967.95,2304,82.5,9.4,11101001,967.26,2304,72.2,8.24,775.2,967.63,8.6,1.56, , 
,968.95,2336,82.5,10.9,11101001,968.29,2336,72.2,8.24,775.2,968.63,9.4,1.37, , 
,970.00,2336,82.5,10.5,11101001,969.31,2336,72.2,8.24,775.2,969.66,10.9,1.48, , 
,970.98,2336,84.0,-1.2,11101001,970.33,2336,72.2,8.24,775.2,970.66,-1.6,1.41, , 
,972.00,2336,84.0,2.0,11101001,971.32,2336,71.0,8.24,775.2,971.67,-0.4,1.48, , 
,973.02,2336,84.0,1.2,11101001,972.36,2336,69.4,8.24,754.8,972.69,1.6,1.48, , 
,974.02,2336,84.0,9.0,11101001,973.35,2336,56.1,6.18,632.4,973.69,7.0,1.60, , 
,975.05,2336,84.0,12.5,11101001,974.36,2336,51.8,6.18,591.6,974.71,12.5,1.45, , 
,976.10,2336,84.0,10.2,11101001,975.42,2336,57.6,7.21,652.8,975.75,11.7,1.41, , 
,977.15,2368,84.0,5.5,11101001,976.45,2336,59.2,7.21,673.2,976.82,6.3,1.41, , 
,978.19,2368,85.5,0.0,11101001,977.49,2368,65.1,8.24,714.0,977.82,1.6,1.33, , 
,979.26,2400,84.0,-2.3,11101001,978.54,2400,65.1,7.21,714.0,978.90,-1.2,1.52, , 
,980.31,2432,85.5,-2.3,11101001,979.61,2432,65.1,7.21,714.0,979.96,-2.3,1.48, , 
,981.35,2464,85.5,-2.3,11101001,980.68,2464,65.1,7.21,714.0,981.00,-2.0,1.52, , 
,982.37,2496,85.5,-1.2,11101001,981.69,2496,63.5,7.21,693.6,982.03,-1.2,1.52, , 
,983.40,2528,85.5,5.1,11101001,982.70,2496,53.3,6.18,591.6,983.06,3.5,1.56, , 
,984.42,2528,85.5,7.0,11101001,983.73,2528,51.8,6.18,591.6,984.08,6.3,1.45, , 
,985.48,2528,85.5,7.0,11101001,984.76,2528,51.8,6.18,591.6,985.14,7.4,1.52, , 
,986.54,2528,85.5,7.8,11101001,985.85,2528,51.8,6.18,591.6,986.18,6.6,1.45, , 
,987.61,2528,85.5,5.9,11101001,986.90,2528,48.6,6.18,550.8,987.26,9.4,1.45, , 
,988.65,2528,85.5,6.3,11101001,987.96,2528,47.1,6.18,550.8,988.30,5.9,1.52, , 
,989.69,2528,84.0,7.0,11101001,988.99,2528,47.1,5.15,550.8,989.34,6.6,1.48, , 
,990.71,2528,84.0,3.1,11101001,990.03,2528,47.1,5.15,520.2,990.38,3.5,1.45, , 
,991.74,2528,84.0,4.3,11101001,991.06,2528,45.9,5.15,520.2,991.40,3.1,1.48, , 
,992.75,2528,84.0,4.7,11101001,992.07,2528,45.9,5.15,520.2,992.41,4.3,1.52, , 
,993.79,2560,84.0,1.6,11101001,993.09,2560,45.9,5.15,520.2,993.43,4.3,1.45, , 
,994.84,2560,84.0,1.2,11101001,994.14,2560,45.9,5.15,520.2,994.49,1.2,1.45, , 
,995.85,2560,84.0,-2.3,11101001,995.18,2560,29.4,3.09,377.4,995.51,-1.6,1.37, , 
,996.89,2560,82.5,-2.7,11101001,996.19,2560,29.4,3.09,357.0,996.54,-2.3,1.48, , 
,997.93,2528,82.5,-8.2,11101001,997.24,2560,20.8,2.06,295.8,997.59,-7.4,1.29, , 
,998.98,2528,82.5,-9.8,11101001,998.28,2528,20.8,2.06,275.4,998.62,-9.4,1.45, , 
,1000.02,2496,82.5,-10.5,11101001,999.33,2528,20.8,2.06,295.8,999.66,-10.5,1.52, , 
,1001.04,2496,82.5,-10.2,11101001,1000.37,2496,20.8,2.06,295.8,1000.68,-9.8,1.52, , 
,1002.03,2464,82.5,-8.2,11101001,1001.38,2464,20.8,2.06,295.8,1001.69,-9.8,1.52, , 
,1003.06,2432,82.5,-7.8,11101001,1002.39,2464,20.8,2.06,295.8,1002.74,-9.0,1.56, , 
,1004.09,2400,82.5,-4.7,11101001,1003.42,2400,20.8,2.06,295.8,1003.77,-7.4,1.48, , 
,1005.11,2400,82.5,0.4,11101001,1004.44,2400,31.0,3.09,377.4,1004.76,-2.7,1.52, , 
,1006.12,2368,81.0,4.3,11101001,1005.46,2400,44.3,5.15,499.8,1005.79,3.1,1.56, , 
,1007.17,2368,81.0,3.9,11101001,1006.49,2368,50.2,6.18,571.2,1006.84,3.9,1.37, , 
,1008.21,2368,82.5,3.5,11101001,1007.54,2368,48.6,6.18,571.2,1007.87,3.5,1.45, , 
,1009.25,2368,82.5,2.7,11101001,1008.56,2368,48.6,6.18,550.8,1008.89,2.3,1.45, , 
,1010.26,2368,82.5,-1.2,11101001,1009.61,2368,48.6,6.18,571.2,1009.93,2.0,1.45, , 
,1011.29,2368,82.5,-2.3,11101001,1010.61,2368,38.4,4.12,459.0,1010.94,-2.0,1.45, , 
,1012.30,2336,82.5,-8.2,11101001,1011.63,2368,23.5,3.09,316.2,1011.95,-6.3,1.33, , 
,1013.30,2336,82.5,-11.7,11101001,1012.62,2336,23.5,2.06,316.2,1012.96,-10.9,1.37, , 
,1014.30,2304,82.5,-10.5,11101001,1013.62,2336,23.5,2.06,316.2,1013.96,-11.7,1.52, , 
,1015.31,2304,82.5,-6.6,11101001,1014.65,2304,29.4,3.09,377.4,1014.99,-7.8,1.60, , 
,1016.32,2304,82.5,-2.3,11101001,1015.64,2304,31.0,3.09,377.4,1015.98,-4.3,1.56, , 
,1017.35,2336,82.5,1.2,11101001,1016.65,2336,45.9,5.15,520.2,1017.00,0.0,1.56, , 
,1018.37,2336,82.5,2.3,11101001,1017.67,2336,44.3,5.15,520.2,1018.01,2.3,1.48, , 
,1019.38,2368,82.5,1.2,11101001,1018.71,2336,44.3,5.15,499.8,1019.04,1.6,1.37, , 
,1020.38,2368,82.5,0.4,11101001,1019.72,2368,44.3,5.15,499.8,1020.05,0.8,1.45, , 
,1021.44,2368,82.5,0.0,11101001,1020.71,2368,42.7,5.15,499.8,1021.07,0.0,1.48, , 
,1022.46,2336,82.5,-0.8,11101001,1021.78,2368,42.7,5.15,499.8,1022.12,-0.8,1.41, , 
,1023.49,2336,82.5,-0.8,11101001,1022.80,2368,42.7,5.15,499.8,1023.13,-0.4,1.52, , 
,1024.47,2336,82.5,-1.6,11101001,1023.80,2336,42.7,5.15,499.8,1024.14,-0.8,1.45, , 
,1025.48,2336,82.5,-5.1,11101001,1024.83,2336,34.1,4.12,418.2,1025.15,-3.9,1.33, , 
,1026.49,2304,82.5,-6.3,11101001,1025.82,2336,29.4,3.09,377.4,1026.14,-6.3,1.45, , 
,1027.49,2304,82.5,-6.3,11101001,1026.83,2304,31.0,3.09,377.4,1027.15,-6.6,1.52, , 
,1028.49,2272,82.5,-7.0,11101001,1027.81,2304,31.0,3.09,377.4,1028.16,-7.0,1.48, , 
,1029.52,2272,82.5,-5.5,11101001,1028.83,2272,31.0,3.09,377.4,1029.17,-6.6,1.52, , 
,1030.49,2272,82.5,-5.5,11101001,1029.85,2272,35.3,4.12,438.6,1030.16,-5.5,1.52, , 
,1031.49,2272,82.5,-3.9,11101001,1030.82,2272,38.4,4.12,459.0,1031.16,-3.9,1.48, , 
,1032.51,2240,82.5,-3.5,11101001,1031.82,2272,36.9,4.12,438.6,1032.17,-3.5,1.48, , 
,1033.52,2240,82.5,-2.3,11101001,1032.85,2240,38.4,4.12,459.0,1033.19,-3.1,1.45, , 
,1034.53,2240,82.5,-0.8,11101001,1033.86,2240,44.3,5.15,499.8,1034.20,-1.2,1.52, , 
,1035.54,2272,82.5,-1.6,11101001,1034.86,2272,47.1,6.18,550.8,1035.20,-1.6,1.45, , 
,1036.54,2272,82.5,-2.0,11101001,1035.88,2272,48.6,6.18,571.2,1036.21,-0.4,1.52, , 
,1037.54,2272,84.0,-2.7,11101001,1036.88,2272,48.6,6.18,550.8,1037.21,-2.7,1.48, , 
,1038.56,2272,82.5,-2.3,11101001,1037.89,2272,47.1,6.18,550.8,1038.22,-2.7,1.45, , 
,1039.57,2272,82.5,-2.7,11101001,1038.90,2272,47.1,6.18,550.8,1039.24,-2.7,1.52, , 
,1040.56,2272,82.5,0.0,11101001,1039.90,2272,47.1,5.15,550.8,1040.24,0.0,1.48, , 
,1041.57,2272,82.5,-7.0,11101001,1040.90,2272,25.1,3.09,336.6,1041.24,-5.9,1.21, , 
,1042.59,2240,82.5,-9.4,11101001,1041.92,2240,23.5,3.09,336.6,1042.25,-9.0,1.41, , 
,1043.60,2240,82.5,-10.2,11101001,1042.94,2240,25.1,3.09,336.6,1043.27,-10.2,1.48, , 
,1044.61,2208,82.5,-7.8,11101001,1043.93,2208,23.5,2.06,316.2,1044.27,-11.7,1.52, , 
,1045.64,2208,82.5,-7.8,11101001,1044.96,2208,19.2,2.06,275.4,1045.30,-6.6,1.64, , 
,1046.66,2176,82.5,-5.1,11101001,1045.99,2176,19.2,2.06,275.4,1046.33,-5.5,1.64, , 
,1047.66,2176,82.5,-3.9,11101001,1047.00,2176,17.6,2.06,244.8,1047.33,-3.9,1.56, , 
,1048.65,2144,82.5,-2.7,11101001,1047.99,2144,16.1,2.06,244.8,1048.32,-2.7,1.52, , 
,1049.67,2176,82.5,-7.8,11101001,1049.00,2176,19.2,2.06,275.4,1049.34,-6.3,1.25, , 
,1050.71,2144,82.5,-10.2,11101001,1050.02,2144,22.0,2.06,316.2,1050.36,-10.9,1.29, , 
,1051.76,2144,82.5,-10.9,11101001,1051.05,2144,22.0,2.06,316.2,1051.41,-10.5,1.52, , 
,1052.77,2176,82.5,-11.7,11101001,1052.11,2176,23.5,2.06,316.2,1052.44,-11.3,1.48, , 
,1053.80,2176,82.5,-10.2,11101001,1053.12,2176,26.7,3.09,357.0,1053.46,-11.3,1.56, , 
,1054.81,2176,82.5,-6.3,11101001,1054.13,2176,31.0,3.09,377.4,1054.47,-7.4,1.45, , 
,1055.83,2176,82.5,-6.6,11101001,1055.14,2176,31.0,3.09,397.8,1055.49,-6.6,1.48, , 
,1056.86,2176,82.5,-1.2,11101001,1056.17,2176,41.2,5.15,479.4,1056.53,-3.1,1.56, , 
,1057.88,2176,82.5,3.5,11101001,1057.19,2176,44.3,5.15,520.2,1057.53,2.3,1.52, , 
,1058.90,2144,82.5,3.9,11101001,1058.22,2144,45.9,6.18,520.2,1058.57,3.5,1.45, , 
,1059.89,2176,82.5,-0.4,11101001,1059.24,2144,54.5,7.21,612.0,1059.56,1.2,1.25, , 
,1060.89,2176,82.5,-5.1,11101001,1060.22,2176,60.4,7.21,673.2,1060.55,-2.3,1.48, , 
,1061.91,2176,82.5,-5.9,11101001,1061.23,2176,60.4,7.21,673.2,1061.56,-5.9,1.45, , 
,1062.89,2176,82.5,-4.3,11101001,1062.24,2176,51.8,6.18,591.6,1062.56,-4.7,1.52, , 
,1063.95,2144,82.5,0.0,11101001,1063.24,2144,51.8,6.18,591.6,1063.59,-3.9,1.48, , 
,1064.98,2080,82.5,-4.7,11101001,1064.30,2112,28.2,3.09,377.4,1064.64,0.0,1.33, , 
,1066.05,2048,82.5,-8.2,11101001,1065.34,2080,28.2,3.09,377.4,1065.69,-7.4,1.33, , 
,1067.11,2048,82.5,-7.8,11101001,1066.40,2048,38.4,4.12,459.0,1066.75,-8.2,1.56, , 
,1068.16,2016,82.5,-4.3,11101001,1067.47,2048,53.3,6.18,612.0,1067.82,-4.7,1.56, , 
,1069.24,2016,82.5,-5.5,11101001,1068.51,2016,45.9,5.15,550.8,1068.87,-2.7,1.45, , 
,1070.32,1984,82.5,-7.8,11101001,1069.58,1984,36.9,4.12,459.0,1069.92,-7.4,1.37, , 
,1071.44,1984,82.5,-0.4,11101011,1070.71,1984,53.3,7.21,612.0,1071.08,-1.2,1.41, , 
,1072.55,2016,82.5,-3.5,11101001,1071.82,1984,62.0,8.24,693.6,1072.19,-3.1,1.41, , 
,1073.61,2016,82.5,-5.5,11101001,1072.90,2016,63.5,8.24,714.0,1073.27,-5.1,1.41, , 
,1074.67,2016,82.5,0.0,11101001,1073.96,2016,63.5,8.24,714.0,1074.31,0.0,1.52, , 
,1075.72,2016,82.5,-6.6,11101001,1075.02,2016,35.3,4.12,438.6,1075.36,-5.5,1.29, , 
,1076.78,2048,82.5,-1.6,11101001,1076.08,2016,53.3,7.21,612.0,1076.43,0.0,1.33, , 
,1077.81,2080,82.5,-2.3,11101001,1077.12,2048,56.1,7.21,632.4,1077.47,-2.3,1.45, , 
,1078.84,2112,82.5,-3.5,11101001,1078.16,2080,54.5,7.21,632.4,1078.50,-3.1,1.48, , 
,1079.88,2112,82.5,-3.9,11101001,1079.20,2112,54.5,6.18,632.4,1079.55,-3.5,1.48, , 
,1080.93,2144,81.0,-4.7,11101001,1080.23,2112,54.5,6.18,612.0,1080.59,-5.1,1.48, , 
,1081.96,2144,82.5,-4.7,11101001,1081.26,2144,54.5,6.18,632.4,1081.61,-4.3,1.48, , 
,1083.00,2176,82.5,-7.0,11101001,1082.29,2144,60.4,7.21,693.6,1082.64,-6.6,1.45, , 
,1084.04,2176,82.5,0.0,11101001,1083.37,2176,60.4,7.21,673.2,1083.71,0.0,1.48, , 
,1085.07,2144,82.5,0.0,11101001,1084.40,2176,42.7,5.15,499.8,1084.74,0.0,1.33, , 
,1086.07,2144,82.5,-8.6,11101001,1085.39,2144,23.5,3.09,316.2,1085.74,-8.2,1.21, , 
,1087.12,2112,82.5,-12.5,11101001,1086.39,2144,23.5,2.06,336.6,1086.76,-12.9,1.29, , 
,1088.20,2112,82.5,-14.1,11101001,1087.48,2112,23.5,2.06,316.2,1087.84,-14.1,1.48, , 
,1089.24,2112,82.5,-14.1,11101001,1088.55,2112,23.5,2.06,316.2,1088.90,-13.7,1.56, , 
,1090.28,2112,82.5,-12.1,11101001,1089.56,2112,23.5,2.06,316.2,1089.93,-13.3,1.48, , 
,1091.30,2144,82.5,-11.7,11101001,1090.62,2112,23.5,2.06,316.2,1090.95,-11.7,1.52, , 
,1092.37,2144,82.5,-9.8,11101001,1091.65,2144,23.5,2.06,316.2,1092.00,-10.2,1.41, , 
,1093.43,2144,82.5,-9.4,11101001,1092.72,2144,23.5,2.06,336.6,1093.07,-9.8,1.52, , 
,1094.50,2144,82.5,-6.6,11101001,1093.79,2144,28.2,3.09,357.0,1094.14,-7.8,1.56, , 
,1095.54,2144,82.5,-3.5,11101001,1094.85,2144,34.1,4.12,418.2,1095.19,-4.7,1.48, , 
,1096.58,2112,82.5,0.8,11101001,1095.86,2144,40.0,4.12,479.4,1096.23,-0.4,1.48, , 
,1097.62,2112,82.5,4.7,11101001,1096.93,2112,47.1,5.15,550.8,1097.28,4.3,1.52, , 
,1098.66,2112,82.5,1.2,11101001,1097.96,2112,59.2,7.21,673.2,1098.29,2.3,1.29, , 
,1099.66,2112,82.5,-2.7,11101001,1098.98,2112,63.5,8.24,714.0,1099.32,-0.4,1.41, , 
,1100.69,2080,82.5,-4.3,11101001,1100.00,2112,63.5,7.21,714.0,1100.34,-3.5,1.45, , 
,1101.73,2080,82.5,-4.7,11101001,1101.03,2080,63.5,8.24,714.0,1101.37,-4.7,1.48, , 
,1102.81,2080,82.5,-4.3,11101001,1102.09,2080,63.5,7.21,714.0,1102.46,-4.3,1.48, , 
,1103.82,2080,82.5,-4.3,11101001,1103.16,2080,63.5,8.24,714.0,1103.49,-4.7,1.48, , 
,1104.87,2080,82.5,-3.9,11101001,1104.15,2080,63.5,7.21,714.0,1104.51,-3.9,1.45, , 
,1105.94,2080,82.5,-2.0,11101001,1105.24,2080,60.4,7.21,673.2,1105.58,-3.1,1.56, , 
,1107.00,2080,82.5,-1.6,11101001,1106.28,2080,56.1,7.21,632.4,1106.64,-1.2,1.45, , 
,1108.04,2080,82.5,-1.6,11101001,1107.35,2080,50.2,6.18,591.6,1107.69,-1.6,1.48, , 
,1109.10,2080,82.5,-1.6,11101001,1108.39,2080,50.2,6.18,591.6,1108.73,-2.3,1.41, , 
,1110.15,2080,82.5,-4.3,11101001,1109.44,2112,50.2,6.18,591.6,1109.80,-4.3,1.48, , 
,1111.22,2112,82.5,-2.7,11101001,1110.51,2112,50.2,6.18,591.6,1110.88,-3.5,1.45, , 
,1112.25,2080,82.5,-3.5,11101001,1111.56,2112,50.2,6.18,571.2,1111.91,-3.5,1.45, , 
,1113.28,2080,82.5,-4.7,11101001,1112.60,2080,35.3,4.12,438.6,1112.94,0.0,1.33, , 
,1114.33,2048,82.5,-9.0,11101001,1113.64,2048,26.7,3.09,357.0,1113.99,-7.8,1.29, , 
,1115.42,2016,82.5,-10.5,11101001,1114.69,2016,25.1,3.09,336.6,1115.06,-9.8,1.48, , 
,1116.53,1984,82.5,-12.1,11101001,1115.79,2016,26.7,3.09,357.0,1116.16,-11.3,1.48, , 
,1117.60,2016,82.5,-9.8,11101001,1116.88,2016,40.0,4.12,479.4,1117.23,-11.7,1.60, , 
,1118.70,2016,82.5,-3.9,11101001,1117.97,2016,53.3,6.18,612.0,1118.34,-5.9,1.60, , 
,1119.76,2048,82.5,-1.6,11101001,1119.07,2048,51.8,6.18,591.6,1119.41,-2.3,1.48, , 
,1120.85,2080,82.5,-2.0,11101001,1120.13,2048,51.8,6.18,591.6,1120.48,-2.3,1.45, , 
,1121.87,2112,82.5,-2.3,11101001,1121.19,2080,48.6,6.18,571.2,1121.53,-1.2,1.48, , 
,1122.94,2112,82.5,-7.4,11101001,1122.24,2112,32.5,3.09,418.2,1122.58,-4.3,1.45, , 
,1123.94,2112,82.5,-11.7,11101001,1123.27,2112,25.1,3.09,336.6,1123.60,-10.5,1.29, , 
,1125.01,2080,84.0,-13.3,11101001,1124.30,2112,25.1,2.06,336.6,1124.65,-13.3,1.48, , 
,1126.04,2080,82.5,-14.5,11101001,1125.35,2080,25.1,2.06,336.6,1125.71,-14.5,1.48, , 
,1127.09,2048,82.5,-14.5,11101001,1126.38,2080,25.1,2.06,336.6,1126.72,-14.5,1.56, , 
,1128.17,2048,82.5,-13.3,11101001,1127.47,2048,25.1,2.06,336.6,1127.82,-13.3,1.48, , 
,1129.24,2016,82.5,-11.7,11101001,1128.52,2048,25.1,2.06,336.6,1128.87,-12.9,1.52, , 
,1130.35,1984,82.5,-8.6,11101001,1129.61,2016,25.1,2.06,336.6,1129.98,-9.0,1.48, , 
,1131.44,1984,82.5,-5.9,11101011,1130.70,1984,25.1,2.06,336.6,1131.07,-6.6,1.48, , 
,1132.52,1952,82.5,-5.5,11101011,1131.80,1952,28.2,3.09,357.0,1132.16,-5.9,1.48, , 
,1133.61,1952,82.5,-4.3,11101011,1132.88,1952,28.2,3.09,377.4,1133.25,-4.7,1.48, , 
,1134.69,1920,82.5,1.6,11101011,1133.98,1952,28.2,3.09,357.0,1134.35,-4.3,1.52, , 
,1135.75,1920,82.5,5.1,11101011,1135.04,1952,17.6,2.06,275.4,1135.39,3.5,1.60, , 
,1136.84,1888,82.5,0.8,11101011,1136.12,1920,17.6,2.06,275.4,1136.47,4.7,1.45, , 
,1137.95,1888,82.5,1.2,11101011,1137.22,1888,19.2,2.06,275.4,1137.60,2.3,1.45, , 
,1139.05,1856,82.5,1.2,11101011,1138.31,1888,19.2,2.06,295.8,1138.68,-0.8,1.29, , 
,1140.14,1824,82.5,-1.2,11101011,1139.41,1824,20.8,2.06,295.8,1139.78,-2.3,1.29, , 
,1141.26,1792,82.5,-2.3,11101011,1140.51,1792,20.8,2.06,295.8,1140.89,-2.3,1.45, , 
,1142.36,1760,82.5,-1.6,11101011,1141.64,1792,20.8,2.06,295.8,1142.01,2.0,1.76, , 
,1143.45,1728,82.5,0.0,11101011,1142.71,1760,22.0,2.06,316.2,1143.09,1.2,1.56, , 
,1144.53,1728,82.5,2.7,11101011,1143.81,1728,25.1,3.09,357.0,1144.19,1.2,1.52, , 
,1145.61,1696,82.5,0.8,11101011,1144.87,1728,31.0,3.09,397.8,1145.23,0.4,1.48, , 
,1146.66,1728,82.5,0.8,11101011,1145.96,1696,34.1,4.12,438.6,1146.30,0.4,1.45, , 
,1147.70,1728,82.5,-2.0,11101011,1147.01,1728,34.1,4.12,438.6,1147.35,-2.3,1.45, , 
,1148.81,1760,82.5,-2.7,11101011,1148.06,1728,32.5,4.12,418.2,1148.43,-2.3,1.45, , 
,1149.91,1760,82.5,-4.3,11101011,1149.18,1760,32.5,4.12,418.2,1149.54,-3.5,1.45, , 
,1151.00,1760,82.5,-5.5,11101011,1150.25,1760,32.5,3.09,418.2,1150.64,-4.7,1.45, , 
,1152.12,1760,82.5,-5.5,11101011,1151.39,1760,32.5,3.09,418.2,1151.75,-5.1,1.52, , 
,1153.21,1760,82.5,-4.7,11101011,1152.49,1760,34.1,4.12,438.6,1152.87,-5.1,1.52, , 
,1154.27,1728,81.0,-3.5,11101011,1153.57,1728,35.3,4.12,438.6,1153.91,-4.3,1.52, , 
,1155.34,1728,82.5,-0.8,11101011,1154.62,1728,35.3,4.12,438.6,1154.99,-2.0,1.52, , 
,1156.44,1728,82.5,-1.2,11101011,1155.72,1728,35.3,4.12,438.6,1156.08,-1.2,1.45, , 
,1157.51,1728,81.0,-1.2,11101011,1156.80,1728,35.3,4.12,459.0,1157.17,-1.6,1.45, , 
,1158.60,1728,81.0,-0.8,11101011,1157.89,1728,35.3,4.12,438.6,1158.26,-1.2,1.45, , 
,1159.58,1120,81.0,0.0,11111111,1158.94,1504,0.0,0.00,377.4,1159.26,0.0,3.36, , 
,1160.57,1056,81.0,0.0,11111111,1159.88,1152,26.7,4.12,377.4,1160.22,0.0,0.66, , 
,1161.49,896,81.0,0.0,11111111,1160.88,992,22.0,3.09,336.6,1161.19,0.0,1.02, , 
,1162.41,896,81.0,-1.6,11111111,1161.79,896,25.1,3.09,377.4,1162.09,-1.2,1.37, , 
,1163.34,896,81.0,-2.7,11111111,1162.72,896,25.1,3.09,377.4,1163.02,-2.3,1.41, , 
,1164.25,864,81.0,-2.7,11111111,1163.66,896,25.1,3.09,377.4,1163.95,-2.7,1.45, , 
,1165.16,896,81.0,-2.0,11111111,1164.55,864,25.1,3.09,377.4,1164.84,-2.3,1.52, , 
,1166.08,896,81.0,-2.3,11111111,1165.46,896,25.1,3.09,377.4,1165.76,-2.3,1.45, , 
,1166.97,864,81.0,-2.3,11111111,1166.38,896,26.7,3.09,377.4,1166.68,-2.3,1.48, , 
,1167.86,896,81.0,-3.1,11111111,1167.26,864,25.1,3.09,377.4,1167.56,-2.7,1.45, , 
,1168.78,896,81.0,-3.1,11111111,1168.17,864,26.7,3.09,377.4,1168.48,-3.1,1.45, , 
,1169.70,864,81.0,-3.1,11111111,1169.08,896,26.7,3.09,377.4,1169.38,-3.1,1.45, , 
,1170.64,896,81.0,-3.1,11111111,1170.01,896,26.7,3.09,397.8,1170.32,-3.1,1.48, , 
,1171.55,864,81.0,-3.1,11111111,1170.95,896,26.7,3.09,397.8,1171.27,-2.7,1.45, , 
,1172.44,896,81.0,-2.7,11111111,1171.85,896,26.7,3.09,377.4,1172.14,-3.1,1.48, , 
,1173.35,896,81.0,-2.3,11111111,1172.74,864,26.7,3.09,377.4,1173.05,-2.3,1.48, , 
,1174.24,896,82.5,-2.3,11111111,1173.65,864,26.7,3.09,397.8,1173.94,-2.7,1.45, , 
,1175.13,864,81.0,-2.3,11111111,1174.54,896,26.7,3.09,377.4,1174.85,-2.3,1.48, , 
,1176.05,896,82.5,-2.3,11111111,1175.44,896,26.7,3.09,397.8,1175.76,-2.0,1.45, , 
,1176.98,864,82.5,-2.3,11111111,1176.36,896,28.2,3.09,397.8,1176.68,-2.3,1.45, , 
,1177.89,896,82.5,-2.0,11111111,1177.28,896,26.7,3.09,397.8,1177.57,-2.0,1.48, , 
,1178.80,896,82.5,-2.0,11111111,1178.21,896,28.2,3.09,397.8,1178.51,-2.0,1.45, , 
,1179.72,896,82.5,-2.0,11111111,1179.11,896,26.7,3.09,397.8,1179.42,-2.0,1.45, , 
,1180.61,768,82.5,-3.1,11111111,1180.04,832,25.1,3.09,377.4,1180.30,-2.7,1.41, , 
,1181.51,800,82.5,-3.5,11111111,1180.93,768,29.4,3.09,418.2,1181.21,-3.5,1.45, , 
,1182.42,800,82.5,-4.3,11111111,1181.80,768,28.2,3.09,418.2,1182.12,-3.9,1.45, , 
,1183.31,800,82.5,-4.7,11111111,1182.72,800,28.2,3.09,418.2,1183.02,-4.7,1.45, , 
,1184.22,768,82.5,-3.9,11111111,1183.62,800,28.2,3.09,418.2,1183.92,-4.3,1.48, , 
,1185.11,800,82.5,-3.5,11111111,1184.52,800,28.2,3.09,418.2,1184.81,-3.5,1.48, , 
,1186.04,768,82.5,-4.3,11111111,1185.43,800,28.2,3.09,418.2,1185.75,-3.9,1.41, , 
,1186.93,768,82.5,-3.9,11111111,1186.33,800,28.2,3.09,418.2,1186.64,-4.3,1.48, , 
,1187.84,800,82.5,-3.1,11111111,1187.24,800,28.2,3.09,418.2,1187.53,-3.5,1.48, , 
,1188.73,800,82.5,-3.5,11111111,1188.15,768,28.2,3.09,418.2,1188.44,-3.5,1.45, , 
,1189.63,800,82.5,-4.7,11111111,1189.03,800,28.2,3.09,418.2,1189.33,-4.3,1.41, , 
,1190.55,768,82.5,-5.1,11111111,1189.94,800,28.2,3.09,418.2,1190.24,-5.1,1.45, , 
,1191.45,800,82.5,-4.7,11111111,1190.85,768,28.2,3.09,418.2,1191.16,-4.7,1.48, , 
,1192.38,768,82.5,-4.3,11111111,1191.76,800,28.2,3.09,418.2,1192.08,-4.3,1.48, , 
,1193.29,768,82.5,-4.7,11111111,1192.67,800,28.2,3.09,418.2,1192.98,-4.3,1.45, , 
,1194.16,768,82.5,-4.7,11111111,1193.57,768,28.2,3.09,418.2,1193.86,-4.7,1.45, , 
,1195.09,800,82.5,-4.7,11111111,1194.47,768,28.2,3.09,418.2,1194.78,-4.7,1.48, , 
,1195.97,768,82.5,-4.3,11111111,1195.38,800,28.2,3.09,418.2,1195.68,-4.7,1.48, , 
,1196.89,768,82.5,-3.9,11111111,1196.28,768,28.2,3.09,418.2,1196.58,-3.9,1.48, , 
,1197.79,768,82.5,-4.3,11111111,1197.18,768,28.2,3.09,418.2,1197.48,-4.3,1.41, , 
,1198.69,768,82.5,-4.7,10111111,1198.09,800,28.2,3.09,418.2,1198.39,-4.7,1.45, , 
,1199.58,768,82.5,-5.1,10111111,1198.99,800,28.2,3.09,418.2,1199.29,-4.7,1.45, , 
,1200.48,768,82.5,-5.5,10101011,1199.88,768,28.2,3.09,418.2,1200.17,-5.1,1.45, , 
,1201.47,2368,82.5,0.0,11101001,1200.82,960,63.5,11.33,693.6,1201.14,0.0,0.51, , 
,1202.58,1344,82.5,-3.5,11101011,1201.85,2080,41.2,5.15,499.8,1202.25,-0.4,1.52, , 
,1203.69,1824,82.5,-1.2,11101011,1202.96,1344,59.2,8.24,693.6,1203.32,-8.2,1.05, , 
,1204.70,2176,82.5,0.0,11111101,1204.03,2016,54.5,7.21,612.0,1204.36,0.0,1.33, , 
,1205.65,1024,82.5,0.0,11111111,1205.00,1664,0.0,0.00,336.6,1205.31,0.0,3.75, , 
,1206.61,1312,82.5,0.0,11101011,1205.94,992,29.4,4.12,397.8,1206.28,0.0,1.05, , 
,1207.63,1344,82.5,-9.4,11101011,1206.97,1312,28.2,3.09,377.4,1207.29,-9.8,0.90, , 
,1208.66,1376,82.5,-8.2,11101011,1207.99,1376,26.7,3.09,357.0,1208.33,-8.6,1.45, , 
,1209.68,1408,82.5,-9.4,11111111,1208.98,1408,25.1,3.09,357.0,1209.33,-8.6,1.48, , 
,1210.68,1248,82.5,-9.8,11111111,1210.01,1376,25.1,3.09,357.0,1210.34,-8.6,1.52, , 
,1211.62,1184,82.5,-9.4,10111111,1210.98,1280,22.0,2.06,336.6,1211.30,-9.8,1.52, , 
,1212.61,1120,81.0,-5.5,10101011,1211.95,1120,23.5,3.09,357.0,1212.30,-7.4,1.60, , 
,1213.59,1184,81.0,0.0,10101011,1212.94,1088,42.7,6.18,520.2,1213.25,0.0,1.29, , 
,1214.68,1344,81.0,-7.0,10101011,1213.95,1280,36.9,4.12,479.4,1214.31,-5.1,1.37, , 
,1215.73,1408,81.0,-12.9,10101011,1215.04,1344,32.5,4.12,418.2,1215.38,-10.9,1.29, , 
,1216.72,1440,81.0,-12.1,10111111,1216.07,1440,32.5,3.09,418.2,1216.40,-13.3,1.48, , 
,1217.79,1376,81.0,-13.7,10111111,1217.08,1408,23.5,2.06,336.6,1217.45,-13.7,1.52, , 
,1218.73,1216,81.0,-12.1,10101011,1218.11,1280,23.5,2.06,336.6,1218.41,-13.7,1.56, , 
,1219.76,1216,81.0,0.0,10101011,1219.09,1184,28.2,3.09,377.4,1219.43,0.0,1.60, , 
,1220.77,1440,81.0,-4.3,10101011,1220.08,1312,48.6,7.21,591.6,1220.44,0.0,1.13, , 
,1221.82,1696,81.0,-2.0,10101011,1221.10,1504,48.6,6.18,591.6,1221.45,-2.3,1.60, , 
,1222.92,1920,81.0,-1.2,10101011,1222.17,1760,50.2,6.18,591.6,1222.55,-1.2,1.52, , 
,1223.97,2144,81.0,0.0,10101001,1223.28,2016,53.3,7.21,612.0,1223.62,0.0,1.45, , 
,1225.00,2112,81.0,3.9,10111101,1224.31,2112,17.6,2.06,275.4,1224.66,0.0,1.76, , 
,1226.05,2016,81.0,0.0,10111101,1225.34,2080,17.6,2.06,244.8,1225.69,0.0,1.60, , 
,1227.14,1888,81.0,0.0,10101011,1226.41,1984,0.0,0.00,275.4,1226.78,0.0,3.87, , 
,1228.19,1856,81.0,0.0,10111111,1227.52,1888,17.6,2.06,275.4,1227.87,0.0,0.59, , 
,1229.28,1824,81.0,-1.6,10111111,1228.56,1856,20.8,2.06,295.8,1228.93,-2.7,1.37, , 
,1230.36,1792,81.0,0.0,10101011,1229.65,1760,0.0,0.00,316.2,1230.01,0.0,2.89, , 
,1231.41,1888,79.5,-1.2,10101011,1230.68,1824,35.3,5.15,438.6,1231.05,-3.1,1.29, , 
,1232.46,2112,81.0,-0.4,10101001,1231.77,1920,47.1,6.18,550.8,1232.12,0.0,1.52, , 
,1233.49,2432,79.5,-7.0,11101001,1232.78,2240,60.4,7.21,673.2,1233.12,-4.3,1.37, , 
,1234.48,2784,81.0,-9.8,11101001,1233.82,2560,63.5,7.21,693.6,1234.16,-10.2,1.41, , 
,1235.48,1504,81.0,0.0,11111111,1234.82,2528,0.0,0.00,336.6,1235.18,0.0,3.87, , 
,1236.49,1632,81.0,0.0,11101011,1235.81,1024,25.1,4.12,357.0,1236.14,0.0,2.93, , 
,1237.54,1984,81.0,-5.1,11101011,1236.82,1920,17.6,2.06,275.4,1237.18,0.0,1.29, , 
,1238.61,1984,81.0,-8.2,11101001,1237.89,1984,28.2,3.09,357.0,1238.25,-7.0,1.37, , 
,1239.65,2112,81.0,-4.3,11101001,1238.96,2016,42.7,5.15,499.8,1239.31,-5.1,1.56, , 
,1240.68,2176,81.0,-0.8,11101001,1240.00,2144,45.9,5.15,550.8,1240.33,-2.3,1.56, , 
,1241.71,2304,81.0,-0.8,11101001,1241.02,2240,42.7,5.15,499.8,1241.36,-0.4,1.41, , 
,1242.70,2368,81.0,-2.0,11101001,1242.04,2304,41.2,5.15,479.4,1242.37,-1.6,1.45, , 
,1243.69,2400,81.0,-6.3,11111101,1243.03,2400,28.2,3.09,377.4,1243.36,0.0,1.29, , 
,1244.68,2400,81.0,0.0,11111101,1244.02,2400,17.6,2.06,244.8,1244.34,-3.1,1.52, , 
,1245.62,2400,81.0,0.0,11111101,1244.99,2432,0.0,0.00,275.4,1245.30,0.0,3.91, , 
,1246.64,2400,81.0,0.0,11101001,1245.94,2400,0.0,0.00,275.4,1246.30,0.0,3.83, , 
,1247.62,2432,81.0,0.0,11101001,1246.97,2400,17.6,2.06,244.8,1247.29,0.0,1.13, , 
,1248.71,2496,82.5,-5.1,11101001,1247.99,2464,17.6,2.06,244.8,1248.35,-4.3,1.45, , 
,1249.68,2528,82.5,-5.9,11101001,1249.04,2496,17.6,2.06,275.4,1249.37,-6.6,1.45, , 
,1250.67,2528,82.5,-6.6,11101001,1250.01,2528,17.6,2.06,244.8,1250.32,-6.3,1.52, , 
,1251.73,2592,82.5,-7.0,11101001,1251.02,2560,17.6,2.06,244.8,1251.37,-7.4,1.45, , 
,1252.70,1600,82.5,0.0,11111111,1252.05,2592,0.0,0.00,275.4,1252.41,0.0,3.59, , 
,1253.66,1088,82.5,0.0,11111111,1253.03,1152,25.1,3.09,357.0,1253.34,0.0,3.48, , 
,1254.64,960,82.5,0.0,11111111,1253.98,1024,25.1,3.09,357.0,1254.33,0.0,0.51, , 
,1255.55,928,82.5,-1.2,11111111,1254.95,896,25.1,3.09,377.4,1255.25,0.0,1.17, , 
,1256.49,896,82.5,-1.6,10111111,1255.86,928,25.1,3.09,377.4,1256.18,-1.6,1.45, , 
,1257.38,896,82.5,0.0,10111111,1256.78,864,25.1,3.09,377.4,1257.08,-0.4,1.52, , 
,1258.27,896,82.5,0.8,10111111,1257.68,896,25.1,3.09,377.4,1257.98,0.8,1.48, , 
,1259.17,896,82.5,0.8,10111111,1258.57,896,25.1,3.09,377.4,1258.88,0.8,1.45, , 
,1260.12,896,84.0,1.2,10111111,1259.48,896,25.1,3.09,377.4,1259.81,0.8,1.48, , 
,1261.02,864,84.0,1.2,10111111,1260.41,864,25.1,3.09,377.4,1260.70,1.2,1.48, , 
,1261.98,896,84.0,0.8,10111111,1261.35,896,25.1,3.09,377.4,1261.67,1.2,1.45, , 
,1262.88,864,84.0,-1.2,10111111,1262.28,896,25.1,3.09,377.4,1262.58,-0.4,1.37, , 
,1263.79,896,84.0,-1.6,10111111,1263.18,864,25.1,3.09,377.4,1263.48,-1.6,1.45, , 
,1264.67,864,84.0,-2.0,10111111,1264.09,896,25.1,3.09,377.4,1264.38,-2.0,1.45, , 
,1265.61,1536,84.0,0.0,10101011,1264.99,896,26.7,3.09,377.4,1265.29,0.0,1.45, , 
,1266.74,1472,84.0,-7.0,10101011,1265.93,1440,36.9,5.15,459.0,1266.28,-5.1,1.21, , 
,1267.83,1536,84.0,1.2,10111111,1267.10,1536,29.4,3.09,397.8,1267.45,0.0,1.60, , 
,1268.83,1632,84.0,0.0,10101011,1268.17,1568,23.5,2.06,336.6,1268.51,-0.4,1.48, , 
,1269.91,1824,84.0,0.0,10101011,1269.19,1600,45.9,6.18,520.2,1269.55,0.0,0.98, , 
,1270.93,2240,85.5,0.0,10101001,1270.27,1984,73.7,10.30,826.2,1270.60,0.0,1.17, , 
,1271.94,2624,85.5,0.0,11111101,1271.27,2368,79.6,10.30,867.0,1271.61,-7.0,1.25, , 
,1272.89,1184,85.5,0.0,11101011,1272.28,2144,0.0,0.00,316.2,1272.57,0.0,3.83, , 
,1274.00,1760,85.5,0.0,11101011,1273.28,1728,32.5,4.12,418.2,1273.66,0.0,0.86, , 
,1275.12,1920,85.5,-4.7,11101011,1274.39,1824,67.8,9.27,754.8,1274.77,0.0,1.13, , 
,1276.17,2080,84.0,-5.9,11101001,1275.47,1952,67.8,8.24,754.8,1275.82,-5.1,1.48, , 
,1277.22,2208,85.5,-6.6,11101001,1276.52,2112,62.0,8.24,693.6,1276.87,-6.3,1.45, , 
,1278.22,2336,84.0,-6.3,11101001,1277.56,2240,60.4,7.21,673.2,1277.90,-6.6,1.52, , 
,1279.26,2432,85.5,-6.6,11101001,1278.56,2368,57.6,7.21,652.8,1278.89,-6.3,1.48, , 
,1280.26,2528,84.0,-6.6,11101001,1279.60,2464,54.5,7.21,612.0,1279.92,-6.6,1.48, , 
,1281.28,2592,84.0,-6.3,11101001,1280.60,2560,53.3,6.18,612.0,1280.93,-6.3,1.52, , 
,1282.31,2688,84.0,-4.7,11101001,1281.61,2624,53.3,6.18,591.6,1281.96,-5.1,1.45, , 
,1283.35,2784,84.0,-4.3,11101001,1282.65,2688,59.2,7.21,652.8,1283.01,-6.6,1.45, , 
,1284.37,2848,84.0,-4.7,11101001,1283.68,2816,54.5,6.18,612.0,1284.02,-4.7,1.48, , 
,1285.40,2720,84.0,0.0,11111101,1284.73,2880,54.5,6.18,612.0,1285.07,-3.5,1.52, , 
,1286.36,1280,82.5,0.0,11101011,1285.75,2272,0.0,0.00,295.8,1286.07,0.0,3.83, , 
,1287.42,2048,82.5,0.0,11101001,1286.72,1632,22.0,3.09,316.2,1287.06,0.0,0.78, , 
,1288.50,2016,82.5,-4.3,11101001,1287.79,2048,23.5,3.09,316.2,1288.13,-5.5,1.17, , 
,1289.56,2016,82.5,-2.7,11101001,1288.85,2016,42.7,5.15,499.8,1289.21,-3.9,1.52, , 
,1290.60,2048,82.5,1.2,11101001,1289.91,2048,47.1,6.18,571.2,1290.26,0.0,1.60, , 
,1291.62,2080,82.5,3.5,11101001,1290.94,2048,47.1,6.18,550.8,1291.29,3.1,1.48, , 
,1292.67,2080,82.5,1.2,11101001,1291.95,2080,45.9,5.15,550.8,1292.31,2.7,1.48, , 
,1293.75,2080,82.5,-6.6,11101001,1293.03,2080,31.0,3.09,397.8,1293.39,-5.5,1.21, , 
,1294.80,2048,81.0,-10.5,11101001,1294.09,2048,31.0,3.09,397.8,1294.46,-7.8,1.45, , 
,1295.88,2016,81.0,-9.8,11101001,1295.17,2048,22.0,2.06,316.2,1295.52,-9.0,1.52, , 
,1296.94,1952,81.0,-8.2,11101011,1296.22,2016,16.1,2.06,244.8,1296.58,-6.6,1.56, , 
,1298.04,1920,81.0,-4.3,11101011,1297.31,1952,16.1,2.06,244.8,1297.67,-5.1,1.64, , 
,1299.11,1920,81.0,-6.3,11101011,1298.40,1920,29.4,3.09,377.4,1298.75,-5.9,1.48, , 
,1300.20,1920,81.0,-6.6,11101011,1299.48,1920,32.5,4.12,418.2,1299.84,-7.0,1.45, , 
,1301.28,1920,81.0,-6.6,11101011,1300.55,1920,34.1,4.12,418.2,1300.91,-6.6,1.48, , 
,1302.40,1920,81.0,-3.1,11101011,1301.66,1920,40.0,4.12,479.4,1302.03,-4.3,1.56, , 
,1303.47,1952,82.5,0.4,11101011,1302.75,1952,41.2,5.15,499.8,1303.12,-1.6,1.52, , 
,1304.57,1984,82.5,2.3,11101011,1303.83,1952,45.9,5.15,550.8,1304.19,2.0,1.45, , 
,1305.65,1984,82.5,2.7,11101001,1304.93,1984,44.3,5.15,520.2,1305.28,3.1,1.48, , 
,1306.71,1984,82.5,1.6,11101001,1306.00,1984,44.3,5.15,520.2,1306.36,1.6,1.37, , 
,1307.74,2016,82.5,1.2,11101001,1307.05,2016,44.3,5.15,520.2,1307.39,1.2,1.45, , 
,1308.80,2048,82.5,-2.0,11101001,1308.08,2016,42.7,5.15,520.2,1308.45,0.4,1.45, , 
,1309.86,2048,82.5,-3.1,11101001,1309.16,2048,42.7,5.15,499.8,1309.51,-2.3,1.48, , 
,1310.91,2048,82.5,-3.5,11101001,1310.23,2048,42.7,5.15,499.8,1310.56,-3.5,1.52, , 
,1311.95,2048,82.5,-3.9,11101001,1311.27,2048,42.7,5.15,499.8,1311.60,-3.5,1.45, , 
,1313.04,2080,82.5,-1.2,11101001,1312.31,2080,42.7,5.15,499.8,1312.67,-3.5,1.52, , 
,1314.08,2112,82.5,1.2,11101001,1313.38,2080,47.1,6.18,550.8,1313.74,0.8,1.48, , 
,1315.16,2112,82.5,-4.7,11101001,1314.44,2112,38.4,4.12,459.0,1314.80,-3.5,1.37, , 
,1316.22,2112,82.5,-5.1,11101001,1315.53,2112,38.4,4.12,459.0,1315.86,-5.1,1.45, , 
,1317.24,2112,82.5,-6.3,11101001,1316.57,2112,38.4,4.12,459.0,1316.90,-6.3,1.52, , 
,1318.26,2112,82.5,-7.8,11101001,1317.58,2112,38.4,4.12,459.0,1317.91,-7.8,1.45, , 
,1319.30,2144,82.5,-6.6,11101001,1318.59,2112,38.4,4.12,459.0,1318.95,-7.8,1.48, , 
,1320.34,2144,82.5,-7.4,11101001,1319.64,2144,38.4,4.12,459.0,1319.99,-6.3,1.48, , 
,1321.34,2144,82.5,-11.7,11101001,1320.67,2144,23.5,2.06,316.2,1321.01,-11.3,1.33, , 
,1322.37,2080,82.5,-10.9,11101001,1321.68,2112,22.0,2.06,295.8,1322.03,-11.3,1.52, , 
,1323.41,2112,84.0,-4.7,11101001,1322.70,2112,17.6,2.06,275.4,1323.05,-5.9,1.64, , 
,1324.47,2080,82.5,-1.6,11101001,1323.75,2080,17.6,2.06,275.4,1324.11,-2.0,1.56, , 
,1325.52,2048,84.0,-0.8,11101001,1324.83,2048,17.6,2.06,275.4,1325.18,-0.4,1.52, , 
,1326.59,2016,82.5,2.0,11101001,1325.88,2048,17.6,2.06,275.4,1326.24,0.0,1.48, , 
,1327.63,1984,84.0,0.4,11101001,1326.93,2016,17.6,2.06,275.4,1327.29,1.2,1.45, , 
,1328.67,1984,84.0,0.4,11101011,1327.98,1984,17.6,2.06,275.4,1328.32,0.4,1.48, , 
,1329.75,1952,84.0,-3.1,11101011,1329.03,1984,19.2,2.06,275.4,1329.40,-0.4,1.37, , 
,1330.84,1920,84.0,-4.3,11101011,1330.10,1952,19.2,2.06,295.8,1330.47,-2.7,1.48, , 
,1331.89,1920,84.0,-3.9,11101011,1331.18,1952,20.8,2.06,295.8,1331.54,-5.9,1.29, , 
,1332.98,1888,84.0,-9.0,11101011,1332.25,1920,23.5,2.06,316.2,1332.61,-8.6,1.37, , 
,1334.05,1856,84.0,-10.2,11101011,1333.34,1888,23.5,2.06,336.6,1333.70,-11.3,1.45, , 
,1335.15,1824,84.0,-5.1,11101011,1334.43,1888,20.8,2.06,295.8,1334.78,-6.6,1.60, , 
,1336.19,1856,84.0,-5.5,11101011,1335.49,1824,20.8,2.06,295.8,1335.82,-5.5,1.52, , 
,1337.35,1824,84.0,-6.3,11101011,1336.58,1824,22.0,2.06,316.2,1336.97,-6.3,1.41, , 
,1338.43,1792,84.0,-8.2,11101011,1337.71,1824,22.0,2.06,316.2,1338.07,-8.2,1.41, , 
,1339.54,1792,82.5,-6.6,11101011,1338.79,1792,25.1,3.09,336.6,1339.17,-7.0,1.52, , 
,1340.64,1792,82.5,-4.3,11101011,1339.90,1792,28.2,3.09,357.0,1340.25,-4.7,1.52, , 
,1341.77,1792,82.5,-5.5,11101011,1341.03,1792,28.2,3.09,377.4,1341.41,-4.3,1.41, , 
,1342.87,1824,82.5,-5.9,11101011,1342.13,1792,32.5,4.12,418.2,1342.50,-5.9,1.48, , 
,1343.95,1824,82.5,-3.1,11101011,1343.24,1824,38.4,4.12,479.4,1343.59,-3.1,1.48, , 
,1345.03,1856,84.0,-3.9,11101011,1344.31,1856,38.4,4.12,459.0,1344.68,-3.1,1.48, , 
,1346.07,1856,82.5,-4.3,11101011,1345.37,1856,36.9,4.12,459.0,1345.70,-4.3,1.48, , 
,1347.17,1888,82.5,-6.3,11101011,1346.43,1888,35.3,4.12,438.6,1346.80,-5.9,1.45, , 
,1348.26,1920,82.5,-7.0,11101011,1347.54,1888,35.3,4.12,438.6,1347.90,-6.6,1.45, , 
,1349.36,1920,82.5,-7.8,11101011,1348.62,1920,34.1,3.09,418.2,1348.97,-7.0,1.48, , 
,1350.48,1920,82.5,-7.8,11101011,1349.74,1920,34.1,4.12,418.2,1350.12,-7.4,1.52, , 
,1351.55,1952,82.5,-6.3,11101011,1350.83,1920,32.5,3.09,418.2,1351.20,-6.6,1.48, , 
,1352.64,1952,82.5,-7.0,11101011,1351.92,1952,32.5,3.09,418.2,1352.29,-5.9,1.52, , 
,1353.72,1952,82.5,-7.0,11101011,1353.01,1952,32.5,3.09,418.2,1353.36,-7.0,1.48, , 
,1354.80,1984,82.5,-6.3,11101011,1354.08,1952,31.0,3.09,397.8,1354.45,-5.9,1.45, , 
,1355.88,1984,82.5,-5.1,11101001,1355.16,1984,31.0,3.09,397.8,1355.52,-5.9,1.52, , 
,1356.97,1984,82.5,-3.1,11101001,1356.24,1984,31.0,3.09,397.8,1356.60,-3.1,1.45, , 
,1358.04,2016,82.5,-2.7,11101001,1357.33,2016,29.4,3.09,377.4,1357.68,-3.1,1.48, , 
,1359.13,1888,82.5,0.0,11111111,1358.39,2016,31.0,3.09,397.8,1358.75,-3.9,1.45, , 
,1360.11,1056,82.5,0.0,11111111,1359.46,1344,0.0,0.00,357.0,1359.78,0.0,3.67, , 
,1361.03,960,82.5,0.0,11111111,1360.44,1024,25.1,3.09,357.0,1360.73,0.0,0.59, , 
,1361.95,896,82.5,-0.8,11111111,1361.33,928,25.1,3.09,357.0,1361.65,0.0,1.02, , 
,1362.87,896,82.5,-0.8,11111111,1362.26,896,25.1,3.09,377.4,1362.56,-1.2,1.48, , 
,1363.80,896,82.5,0.4,11111111,1363.16,896,25.1,3.09,377.4,1363.47,-0.4,1.52, , 
,1364.75,896,82.5,1.6,11111111,1364.12,864,25.1,3.09,377.4,1364.44,1.2,1.52, , 
,1365.69,896,82.5,2.3,11111111,1365.06,864,25.1,3.09,377.4,1365.38,2.3,1.48, , 
,1366.58,896,82.5,2.7,11111111,1365.99,896,25.1,3.09,377.4,1366.29,2.7,1.48, , 
,1367.49,896,82.5,3.1,11111111,1366.89,896,25.1,3.09,377.4,1367.20,3.1,1.48, , 
,1368.37,864,82.5,3.5,11111111,1367.79,896,25.1,3.09,377.4,1368.07,3.5,1.45, , 
,1369.31,896,82.5,2.0,11111111,1368.67,864,25.1,3.09,377.4,1368.99,2.0,1.45, , 
,1370.22,896,82.5,1.6,11111111,1369.62,896,25.1,3.09,377.4,1369.93,1.6,1.45, , 
,1371.16,896,82.5,0.4,11111111,1370.53,896,26.7,3.09,377.4,1370.86,0.8,1.41, , 
,1372.09,896,82.5,-0.4,11111111,1371.47,864,26.7,3.09,377.4,1371.78,0.0,1.45, , 
,1372.97,736,82.5,-1.6,11111111,1372.38,864,23.5,3.09,377.4,1372.69,-0.8,1.41, , 
,1373.87,800,82.5,-2.3,11111111,1373.27,768,28.2,3.09,418.2,1373.57,-2.3,1.45, , 
,1374.78,768,82.5,-1.2,11101011,1374.16,800,28.2,3.09,418.2,1374.47,-1.6,1.56, , 
,1375.84,1568,82.5,0.0,11101011,1375.11,896,36.9,5.15,479.4,1375.49,0.0,1.02, , 
,1376.82,1184,84.0,0.0,11101011,1376.14,1472,60.4,8.24,714.0,1376.48,0.0,1.02, , 
,1377.85,2208,82.5,0.0,11101001,1377.19,1536,79.6,11.33,887.4,1377.54,0.0,1.02, , 
,1378.84,1216,82.5,0.0,11101011,1378.17,1952,0.0,0.00,377.4,1378.51,0.0,3.67, , 
,1379.91,1440,82.5,0.0,11101011,1379.19,1312,47.1,8.24,571.2,1379.55,0.0,0.66, , 
,1381.03,1568,82.5,3.1,11101011,1380.25,1504,47.1,5.15,591.6,1380.63,0.0,1.56, , 
,1382.15,1568,82.5,2.0,11101011,1381.43,1568,29.4,3.09,377.4,1381.81,2.0,1.45, , 
,1383.21,1696,82.5,0.0,11101011,1382.52,1600,40.0,5.15,499.8,1382.88,3.5,1.52, , 
,1384.28,1792,82.5,3.1,11101011,1383.57,1696,51.8,6.18,612.0,1383.94,2.3,1.60, , 
,1385.38,1952,82.5,4.7,11101011,1384.64,1824,47.1,6.18,550.8,1385.02,3.9,1.56, , 
,1386.44,2176,82.5,4.3,11101001,1385.74,2016,53.3,7.21,612.0,1386.09,5.1,1.41, , 
,1387.51,2464,82.5,-2.7,11101001,1386.78,2208,59.2,7.21,673.2,1387.14,0.4,1.37, , 
,1388.55,2752,82.5,-5.1,11101001,1387.86,2560,62.0,7.21,673.2,1388.21,-5.1,1.41, , 
,1389.57,2304,82.5,0.0,11111101,1388.91,2848,56.1,6.18,632.4,1389.22,0.0,1.64, , 
,1390.65,1920,82.5,0.0,11101011,1389.87,1760,0.0,0.00,295.8,1390.28,0.0,3.87, , 
,1391.73,1888,82.5,-3.5,11101011,1391.00,1888,23.5,3.09,336.6,1391.38,0.0,1.13, , 
,1392.81,1920,82.5,-3.5,11101011,1392.07,1888,34.1,4.12,438.6,1392.44,-3.5,1.48, , 
,1393.90,1952,82.5,0.0,11101011,1393.16,1920,32.5,3.09,418.2,1393.53,-5.1,1.48, , 
,1394.96,2016,82.5,2.7,11101001,1394.24,1952,45.9,5.15,550.8,1394.60,2.0,1.56, , 
,1395.98,2080,82.5,3.9,11101001,1395.31,2048,44.3,5.15,520.2,1395.65,3.5,1.52, , 
,1397.01,2144,82.5,3.1,11101001,1396.31,2112,42.7,5.15,499.8,1396.66,3.9,1.45, , 
,1398.00,2176,82.5,2.0,11101001,1397.34,2144,41.2,5.15,479.4,1397.68,2.3,1.48, , 
,1399.02,2208,82.5,-2.0,11101001,1398.35,2208,40.0,5.15,479.4,1398.69,0.0,1.37, , 
,1400.04,2208,82.5,-0.8,11101001,1399.35,2208,22.0,2.06,295.8,1399.70,-5.5,1.37, , 
,1401.03,2144,82.5,-2.0,11101001,1400.37,2208,16.1,2.06,244.8,1400.70,-2.3,1.52, , 
,1402.10,2112,82.5,2.0,11101001,1401.39,2144,16.1,2.06,244.8,1401.75,0.0,1.60, , 
,1403.15,2048,82.5,5.5,11111101,1402.45,2080,16.1,2.06,244.8,1402.78,3.5,1.56, , 
,1404.20,1984,82.5,0.0,11111101,1403.50,2048,16.1,2.06,244.8,1403.85,6.3,1.56, , 
,1405.25,1824,82.5,0.0,11111111,1404.55,1952,0.0,0.00,275.4,1404.89,0.0,3.83, , 
,1406.28,1664,82.5,0.0,11111111,1405.59,1760,0.0,0.00,316.2,1405.94,0.0,3.95, , 
,1407.31,1536,82.5,0.0,11111111,1406.63,1600,0.0,0.00,336.6,1406.99,0.0,3.91, , 
,1408.31,1440,82.5,0.0,11111111,1407.70,1536,0.0,0.00,336.6,1407.98,0.0,3.95, , 
,1409.25,1248,82.5,0.0,11111111,1408.63,1376,0.0,0.00,336.6,1408.95,0.0,3.95, , 
,1410.23,1248,82.5,0.0,11101011,1409.59,1248,23.5,3.09,336.6,1409.91,0.0,0.94, , 
,1411.23,1280,82.5,0.0,11101011,1410.57,1216,53.3,8.24,612.0,1410.89,0.0,0.94, , 
,1412.29,1408,82.5,0.0,11101011,1411.54,1344,66.3,10.30,754.8,1411.88,0.0,0.94, , 
,1413.36,1632,82.5,-2.0,11101011,1412.66,1536,75.3,10.30,867.0,1413.01,-2.0,1.37, , 
,1414.46,1856,82.5,-4.3,11101011,1413.72,1696,72.2,9.27,826.2,1414.09,-3.1,1.48, , 
,1415.56,1984,82.5,-1.2,11101001,1414.84,1920,66.3,8.24,754.8,1415.21,-3.1,1.56, , 
,1416.61,2112,82.5,2.3,11101001,1415.91,2048,60.4,7.21,693.6,1416.27,1.2,1.52, , 
,1417.64,2208,82.5,7.0,11101001,1416.97,2176,47.1,6.18,550.8,1417.31,5.9,1.52, , 
,1418.65,2272,82.5,3.5,11101001,1417.97,2240,45.9,5.15,520.2,1418.32,5.5,1.41, , 
,1419.65,2304,82.5,-3.1,11101001,1418.98,2304,25.1,3.09,336.6,1419.32,-2.0,1.17, , 
,1420.64,2272,82.5,-7.8,11101001,1419.98,2304,23.5,2.06,316.2,1420.32,-5.9,1.33, , 
,1421.63,2240,82.5,-2.0,11101001,1420.97,2240,17.6,2.06,275.4,1421.30,-2.0,1.64, , 
,1422.64,2240,82.5,0.0,11101001,1421.96,2240,16.1,2.06,244.8,1422.30,-0.8,1.56, , 
,1423.65,2208,82.5,1.6,11101001,1422.98,2208,16.1,2.06,244.8,1423.30,1.6,1.56, , 
,1424.65,2176,82.5,1.2,11101001,1423.99,2176,16.1,2.06,244.8,1424.32,2.3,1.52, , 
,1425.67,2144,82.5,-4.7,11101001,1424.98,2144,19.2,2.06,275.4,1425.33,-1.6,1.41, , 
,1426.74,2144,82.5,-7.4,11101001,1426.04,2144,23.5,2.06,316.2,1426.39,-6.6,1.37, , 
,1427.77,2176,82.5,-3.1,11101001,1427.08,2144,38.4,4.12,459.0,1427.43,-3.9,1.64, , 
,1428.79,2208,82.5,-0.4,11101001,1428.11,2176,40.0,5.15,479.4,1428.44,-0.8,1.52, , 
,1429.85,2240,82.5,1.6,11101001,1429.14,2208,40.0,5.15,479.4,1429.50,0.4,1.48, , 
,1430.85,2304,82.5,3.5,11101001,1430.18,2272,41.2,5.15,479.4,1430.51,3.1,1.45, , 
,1431.86,2336,82.5,4.3,11101001,1431.18,2304,41.2,5.15,499.8,1431.51,3.5,1.41, , 
,1432.92,2400,82.5,3.5,11101001,1432.21,2368,41.2,5.15,479.4,1432.57,3.5,1.48, , 
,1433.94,2432,82.5,0.0,11101001,1433.24,2400,38.4,5.15,459.0,1433.59,2.3,1.41, , 
,1435.05,2464,84.0,-0.4,11101001,1434.32,2432,38.4,4.12,459.0,1434.70,-0.4,1.52, , 
,1436.13,2496,84.0,-1.2,11101001,1435.41,2464,38.4,4.12,459.0,1435.77,-0.8,1.45, , 
,1437.16,2528,84.0,-0.8,11101001,1436.48,2496,38.4,5.15,459.0,1436.82,-1.6,1.48, , 
,1438.20,2560,84.0,-0.4,11101001,1437.51,2528,36.9,4.12,438.6,1437.85,-0.8,1.52, , 
,1439.22,2592,84.0,0.4,11101001,1438.53,2560,38.4,4.12,438.6,1438.86,-0.4,1.48, , 
,1440.26,2624,84.0,0.8,11101001,1439.57,2592,44.3,5.15,499.8,1439.93,0.8,1.41, , 
,1441.22,1408,84.0,0.0,11111111,1440.59,2400,0.0,0.00,295.8,1440.90,0.0,3.79, , 
,1442.26,1280,84.0,0.0,11101011,1441.55,1024,25.1,4.12,357.0,1441.86,0.0,2.77, , 
,1443.37,1824,84.0,-3.5,11101011,1442.63,1952,22.0,2.06,316.2,1443.00,0.0,1.09, , 
,1444.48,1856,84.0,-3.5,11101011,1443.74,1888,26.7,3.09,357.0,1444.11,-3.5,1.45, , 
,1445.57,1856,84.0,-4.3,11101011,1444.87,1856,28.2,3.09,377.4,1445.23,-4.3,1.45, , 
,1446.68,1824,84.0,-4.7,11101011,1445.96,1856,28.2,3.09,377.4,1446.30,-4.7,1.45, , 
,1447.83,1824,84.0,-4.7,11101011,1447.06,1824,28.2,3.09,377.4,1447.44,-4.7,1.48, , 
,1448.92,1824,84.0,-4.3,11101011,1448.20,1824,28.2,3.09,377.4,1448.56,-4.7,1.52, , 
,1450.01,1824,84.0,-4.3,11101011,1449.28,1824,28.2,3.09,377.4,1449.65,-3.5,1.52, , 
,1451.11,1824,84.0,-5.1,11101011,1450.37,1824,22.0,2.06,316.2,1450.71,-5.1,1.41, , 
,1452.18,1792,84.0,1.2,11111111,1451.45,1792,22.0,2.06,316.2,1451.81,-5.9,1.41, , 
,1453.15,1120,84.0,0.0,11111111,1452.52,1792,0.0,0.00,316.2,1452.86,0.0,3.52, , 
,1454.13,1024,84.0,0.0,11111111,1453.47,1024,28.2,4.12,397.8,1453.79,0.0,1.99, , 
,1455.10,928,84.0,0.0,11111111,1454.47,992,23.5,3.09,357.0,1454.80,0.0,0.59, , 
,1456.04,896,84.0,-2.0,11111111,1455.41,896,25.1,3.09,377.4,1455.71,-1.6,1.29, , 
,1456.93,896,84.0,-0.8,11111111,1456.33,896,25.1,3.09,377.4,1456.63,-1.2,1.52, , 
,1457.86,896,84.0,1.2,11111111,1457.26,896,25.1,3.09,377.4,1457.55,0.8,1.52, , 
,1458.80,896,84.0,2.3,11111111,1458.17,896,25.1,3.09,377.4,1458.48,2.0,1.52, , 
,1459.68,896,84.0,2.7,11111111,1459.10,896,25.1,3.09,377.4,1459.39,2.7,1.48, , 
,1460.56,896,84.0,2.7,11111111,1459.96,896,25.1,3.09,377.4,1460.26,2.7,1.45, , 
,1461.50,896,84.0,2.3,11111111,1460.87,896,25.1,3.09,377.4,1461.17,2.3,1.41, , 
,1462.43,896,84.0,0.0,11111111,1461.82,864,25.1,3.09,377.4,1462.11,0.4,1.41, , 
,1463.35,896,84.0,-0.8,11111111,1462.74,864,25.1,3.09,377.4,1463.06,-0.4,1.41, , 
,1464.27,928,84.0,-0.4,11111111,1463.65,896,26.7,3.09,377.4,1463.98,-0.4,1.48, , 
,1465.21,1056,84.0,0.0,11101011,1464.58,1056,28.2,3.09,377.4,1464.89,-1.6,1.45, , 
,1466.18,1152,84.0,-2.3,11101011,1465.54,1088,44.3,6.18,550.8,1465.87,-1.2,1.45, , 
,1467.19,1280,84.0,-4.7,11101011,1466.50,1216,45.9,6.18,571.2,1466.84,-3.1,1.45, , 
,1468.21,1376,84.0,0.0,11101011,1467.53,1312,50.2,6.18,612.0,1467.87,-5.5,1.45, , 
,1469.28,1376,84.0,-5.1,11101011,1468.57,1376,25.1,3.09,357.0,1468.92,0.0,1.33, , 
,1470.28,1344,84.0,-10.9,11101011,1469.60,1376,23.5,3.09,336.6,1469.95,-9.4,1.29, , 
,1471.39,1472,84.0,-12.1,11101011,1470.62,1376,40.0,4.12,479.4,1470.94,-10.9,1.48, , 
,1472.51,1568,84.0,-5.5,11101011,1471.83,1504,47.1,5.15,571.2,1472.19,-7.0,1.68, , 
,1473.54,1664,84.0,-2.0,11101011,1472.84,1600,44.3,5.15,550.8,1473.18,-2.3,1.64, , 
,1474.63,1792,84.0,0.0,11101011,1473.91,1696,40.0,4.12,479.4,1474.27,-0.4,1.52, , 
,1475.72,1920,84.0,-4.7,11101011,1474.99,1856,36.9,4.12,459.0,1475.35,-2.3,1.37, , 
,1476.79,1952,84.0,-9.8,11101011,1476.08,1920,32.5,3.09,397.8,1476.44,-9.4,1.33, , 
,1477.85,2016,84.0,-10.2,11101001,1477.13,2016,31.0,3.09,397.8,1477.47,-10.2,1.45, , 
,1478.90,2048,84.0,-9.8,11101001,1478.20,2048,29.4,3.09,377.4,1478.55,-10.2,1.52, , 
,1479.94,2080,84.0,-7.0,11101001,1479.25,2048,29.4,3.09,377.4,1479.59,-6.6,1.45, , 
,1481.02,2112,84.0,-5.5,11101001,1480.29,2080,28.2,3.09,377.4,1480.66,-5.9,1.52, , 
,1482.07,2144,84.0,-7.0,10101001,1481.37,2112,28.2,3.09,377.4,1481.72,-6.6,1.45, , 
,1483.10,2144,84.0,-6.3,10101001,1482.41,2144,26.7,3.09,357.0,1482.76,-7.8,1.48, , 
,1484.14,2176,82.5,-6.3,10101001,1483.45,2176,28.2,3.09,357.0,1483.79,-6.3,1.45, , 
,1485.14,1728,82.5,0.0,10111111,1484.49,2176,28.2,3.09,357.0,1484.83,-5.9,1.48, , 
,1486.10,1056,82.5,0.0,10111111,1485.46,1280,0.0,0.00,357.0,1485.77,0.0,3.71, , 
,1487.01,960,82.5,0.0,10111111,1486.38,1056,25.1,4.12,357.0,1486.71,0.0,0.55, , 
,1487.90,864,82.5,0.0,10111111,1487.30,896,25.1,3.09,357.0,1487.60,0.0,0.98, , 
,1488.80,864,82.5,-2.3,10111111,1488.19,896,25.1,3.09,377.4,1488.48,-2.0,1.37, , 
,1489.74,864,82.5,-1.2,10111111,1489.11,864,26.7,3.09,377.4,1489.42,-1.6,1.52, , 
,1490.67,896,82.5,0.4,10111111,1490.05,864,26.7,3.09,397.8,1490.37,0.0,1.56, , 
,1491.60,896,82.5,1.6,10111111,1490.97,896,26.7,3.09,397.8,1491.29,1.2,1.52, , 
,1492.48,896,82.5,2.0,10111111,1491.90,896,26.7,3.09,397.8,1492.20,2.0,1.48, , 
,1493.44,896,82.5,2.3,10111111,1492.80,896,26.7,3.09,397.8,1493.13,2.3,1.48, , 
,1494.31,864,82.5,2.3,10111111,1493.73,896,26.7,3.09,377.4,1494.01,2.7,1.45, , 
,1495.18,768,82.5,2.0,10111111,1494.59,800,23.5,3.09,377.4,1494.89,2.0,1.45, , 
,1496.07,768,82.5,-0.4,10111111,1495.49,800,28.2,3.09,418.2,1495.78,-0.4,1.45, , 
,1496.96,800,82.5,-0.8,10111111,1496.37,768,26.7,3.09,397.8,1496.66,-0.8,1.45, , 
,1497.89,768,82.5,-0.4,10111111,1497.27,768,26.7,3.09,397.8,1497.57,-0.4,1.52, , 
,1498.80,768,82.5,0.0,10111111,1498.21,800,28.2,3.09,418.2,1498.50,0.0,1.48, , 
,1499.71,800,82.5,0.0,10111111,1499.10,768,28.2,3.09,397.8,1499.41,-0.4,1.48, , 
,1500.63,768,82.5,-0.4,10101011,1500.02,800,26.7,3.09,397.8,1500.33,0.0,1.45, , 
,1501.69,1632,82.5,0.0,10101011,1500.96,928,57.6,9.27,652.8,1501.32,0.0,0.82, , 
,1502.66,1280,82.5,-3.1,10101011,1502.02,1408,56.1,8.24,673.2,1502.34,-5.1,1.21, , 
,1503.74,1952,82.5,0.0,10101011,1503.03,1536,56.1,6.18,673.2,1503.39,-3.1,1.64, , 
,1504.71,1280,82.5,0.0,10111111,1504.10,2176,48.6,5.15,571.2,1504.41,0.0,3.24, , 
,1505.70,1248,82.5,0.0,10101011,1505.02,1088,26.7,4.12,377.4,1505.37,0.0,1.84, , 
,1506.65,1312,82.5,-7.4,10101011,1506.01,1248,32.5,4.12,418.2,1506.33,0.0,1.05, , 
,1507.73,1408,82.5,-6.6,10101011,1507.00,1344,40.0,5.15,499.8,1507.32,-5.9,1.45, , 
,1508.84,1632,82.5,-1.2,10101011,1508.11,1504,47.1,5.15,571.2,1508.49,-3.5,1.64, , 
,1509.89,1760,82.5,3.5,10101011,1509.16,1632,48.6,6.18,591.6,1509.52,1.2,1.60, , 
,1511.00,2048,82.5,6.6,10101001,1510.27,1824,51.8,7.21,612.0,1510.63,5.5,1.52, , 
,1512.03,2208,82.5,4.7,10101001,1511.36,2048,53.3,7.21,612.0,1511.70,5.1,1.37, , 
,1513.02,2368,82.5,0.4,10101001,1512.37,2272,56.1,7.21,632.4,1512.69,2.7,1.41, , 
,1514.03,2656,82.5,-2.3,11101001,1513.35,2464,57.6,7.21,632.4,1513.69,-1.6,1.37, , 
,1515.06,2656,82.5,0.0,11111101,1514.41,2752,65.1,8.24,714.0,1514.73,-6.3,1.45, , 
,1516.11,1504,82.5,0.0,11101011,1515.41,2112,0.0,0.00,316.2,1515.77,0.0,3.87, , 
,1517.20,1952,82.5,0.0,11101011,1516.45,2016,32.5,4.12,397.8,1516.82,0.0,1.05, , 
,1518.23,2080,82.5,0.8,11101001,1517.53,1984,60.4,7.21,693.6,1517.88,0.0,1.52, , 
,1519.26,2144,82.5,0.0,11101001,1518.57,2080,57.6,7.21,652.8,1518.92,0.0,1.52, , 
,1520.28,2144,82.5,-4.7,11101001,1519.60,2144,22.0,2.06,316.2,1519.95,-3.9,1.25, , 
,1521.30,2080,82.5,-4.7,11101001,1520.63,2112,20.8,2.06,295.8,1520.97,-5.9,1.41, , 
,1522.33,2112,82.5,-7.0,11101001,1521.65,2112,20.8,2.06,295.8,1522.00,-6.6,1.48, , 
,1523.37,2080,82.5,-6.3,11101001,1522.67,2048,20.8,2.06,295.8,1523.02,-7.0,1.48, , 
,1524.38,2016,82.5,-3.1,11101001,1523.70,2080,20.8,2.06,295.8,1524.05,-3.9,1.64, , 
,1525.43,2016,84.0,4.3,11101001,1524.72,2016,16.1,2.06,244.8,1525.08,3.1,1.68, , 
,1526.49,1984,84.0,9.0,11101011,1525.78,2016,16.1,2.06,244.8,1526.14,8.2,1.60, , 
,1527.54,1984,84.0,0.4,11101011,1526.84,1984,19.2,2.06,295.8,1527.18,-0.8,1.02, , 
,1528.63,1984,84.0,-4.3,11101011,1527.92,1952,25.1,3.09,336.6,1528.27,-2.7,1.33, , 
,1529.71,1952,84.0,-5.5,11101011,1528.98,1984,28.2,3.09,357.0,1529.34,-5.5,1.41, , 
,1530.77,2016,84.0,-4.3,11101001,1530.06,1984,38.4,4.12,459.0,1530.42,-4.7,1.56, , 
,1531.80,2048,84.0,0.8,11101001,1531.13,2048,44.3,5.15,520.2,1531.47,-0.8,1.60, , 
,1532.83,2112,84.0,2.3,11101001,1532.13,2080,42.7,5.15,499.8,1532.47,2.3,1.45, , 
,1533.84,2144,84.0,1.2,11101001,1533.17,2112,42.7,5.15,499.8,1533.50,2.0,1.48, , 
,1534.87,2144,84.0,-3.5,11101001,1534.16,2144,38.4,4.12,459.0,1534.52,-1.6,1.37, , 
,1535.91,2112,84.0,-7.8,11101001,1535.22,2144,26.7,3.09,336.6,1535.57,-7.8,1.33, , 
,1536.98,2080,84.0,-9.8,11101001,1536.28,2112,25.1,3.09,336.6,1536.62,-9.8,1.48, , 
,1538.02,2112,84.0,-2.3,11101001,1537.33,2080,26.7,3.09,357.0,1537.68,-9.8,1.52, , 
,1539.06,2048,84.0,0.0,11101001,1538.37,2016,19.2,2.06,275.4,1538.72,-2.0,1.64, , 
,1540.12,1984,84.0,-1.2,11101001,1539.43,1984,19.2,2.06,295.8,1539.78,-0.4,1.56, , 
,1541.19,2016,84.0,-0.8,11111101,1540.48,1952,19.2,2.06,295.8,1540.84,-1.6,1.37, , 
,1542.14,992,84.0,0.0,11111111,1541.48,1696,0.0,0.00,316.2,1541.81,0.0,3.32, , 
,1543.04,960,84.0,0.0,11111111,1542.44,1056,28.2,4.12,397.8,1542.75,0.0,1.09, , 
,1543.98,864,84.0,0.0,11111111,1543.37,928,25.1,3.09,357.0,1543.68,0.0,0.86, , 
,1544.91,896,84.0,0.0,11111111,1544.30,864,25.1,3.09,377.4,1544.61,-0.4,1.48, , 
,1545.86,896,84.0,0.8,11111111,1545.21,896,26.7,3.09,377.4,1545.53,0.8,1.48, , 
,1546.79,896,84.0,1.6,11111111,1546.16,896,26.7,3.09,377.4,1546.46,1.2,1.48, , 
,1547.75,896,84.0,2.0,11111111,1547.13,896,26.7,3.09,377.4,1547.44,1.6,1.48, , 
,1548.69,896,84.0,2.3,10111111,1548.06,896,25.1,3.09,377.4,1548.37,2.0,1.48, , 
,1549.61,896,84.0,3.5,10111111,1548.97,864,25.1,3.09,377.4,1549.28,3.1,1.52, , 
,1550.54,864,84.0,3.5,10111111,1549.93,896,25.1,3.09,377.4,1550.24,3.5,1.48, , 
,1551.42,896,85.5,2.0,10111111,1550.83,896,25.1,3.09,377.4,1551.12,3.5,1.41, , 
,1552.32,864,85.5,0.8,10111111,1551.71,896,25.1,3.09,377.4,1552.01,1.2,1.37, , 
,1553.29,864,85.5,0.8,10111111,1552.65,896,25.1,3.09,377.4,1552.96,0.4,1.48, , 
,1554.23,896,85.5,0.4,10111111,1553.60,864,25.1,3.09,377.4,1553.94,0.4,1.45, , 
,1555.19,896,85.5,0.0,10111111,1554.55,896,26.7,3.09,397.8,1554.88,0.0,1.45, , 
,1556.18,1152,85.5,-1.6,10101011,1555.48,896,25.1,3.09,377.4,1555.78,-0.8,1.41, , 
,1557.23,1440,85.5,-7.0,10101011,1556.53,1408,28.2,3.09,377.4,1556.87,-3.1,1.41, , 
,1558.21,1504,85.5,-9.4,10111111,1557.57,1440,32.5,4.12,418.2,1557.88,-9.8,1.37, , 
,1559.24,1472,85.5,-5.5,10111111,1558.53,1472,23.5,3.09,336.6,1558.95,-2.7,1.68, , 
,1560.21,992,85.5,-6.6,10111111,1559.58,1376,23.5,3.09,336.6,1559.90,-7.0,1.48, , 
,1561.13,896,85.5,-6.6,10111111,1560.51,832,25.1,3.09,377.4,1560.81,-6.3,1.52, , 
,1562.09,1184,85.5,-3.1,10101011,1561.44,896,28.2,3.09,397.8,1561.73,-5.1,1.56, , 
,1563.05,1248,85.5,-4.7,10101011,1562.41,1280,29.4,3.09,397.8,1562.72,-5.1,1.52, , 
,1564.08,1312,85.5,-5.9,10101011,1563.38,1280,36.9,4.12,459.0,1563.76,-5.1,1.48, , 
,1565.04,1376,85.5,-8.6,10101011,1564.41,1344,40.0,5.15,499.8,1564.72,-7.8,1.37, , 
,1566.11,1536,85.5,-9.4,10111111,1565.39,1408,38.4,4.12,479.4,1565.75,-9.4,1.45, , 
,1567.09,1504,85.5,-1.6,10111111,1566.48,1568,23.5,2.06,336.6,1566.83,-2.3,1.64, , 
,1568.08,1056,84.0,-5.1,10111111,1567.44,1440,23.5,3.09,336.6,1567.76,-4.7,1.41, , 
,1569.05,896,84.0,-4.3,10111111,1568.40,864,25.1,3.09,357.0,1568.73,-4.3,1.52, , 
,1569.98,864,85.5,-3.9,10111111,1569.36,896,28.2,3.09,397.8,1569.67,-4.3,1.52, , 
,1570.90,896,84.0,-2.7,10111111,1570.28,896,28.2,3.09,397.8,1570.61,-3.1,1.52, , 
,1571.82,896,84.0,-2.3,10111111,1571.20,896,28.2,3.09,397.8,1571.52,-2.3,1.52, , 
,1572.76,768,84.0,-2.0,10111111,1572.15,832,25.1,3.09,377.4,1572.47,-2.3,1.48, , 
,1573.69,800,84.0,-1.6,10111111,1573.07,800,28.2,3.09,418.2,1573.39,-1.6,1.52, , 
,1574.58,800,84.0,-1.6,10111111,1573.99,800,28.2,3.09,418.2,1574.30,-1.6,1.48, , 
,1575.48,800,84.0,-1.6,10111111,1574.88,768,28.2,3.09,418.2,1575.17,-1.6,1.48, , 
,1576.37,800,84.0,-1.2,10111111,1575.78,800,28.2,3.09,418.2,1576.08,-1.2,1.48, , 
,1577.29,800,84.0,-2.0,10111111,1576.68,768,28.2,3.09,418.2,1576.99,-1.6,1.45, , 
,1578.20,800,84.0,-2.3,10111111,1577.60,800,28.2,3.09,418.2,1577.91,-2.3,1.45, , 
,1579.14,1024,84.0,0.0,10101011,1578.50,800,28.2,3.09,397.8,1578.79,-2.0,1.48, , 
,1580.17,1376,84.0,0.0,10101011,1579.50,1728,44.3,5.15,550.8,1579.83,-1.6,1.41, , 
,1581.11,1280,84.0,0.0,10101011,1580.48,1184,48.6,7.21,591.6,1580.81,0.0,1.21, , 
,1582.20,1920,84.0,-1.2,10101011,1581.45,1504,51.8,6.18,632.4,1581.82,-2.0,1.45, , 
,1583.22,1312,82.5,0.0,10111111,1582.54,2080,35.3,4.12,438.6,1582.92,0.0,2.54, , 
,1584.21,1280,82.5,0.0,10101011,1583.53,1056,28.2,4.12,377.4,1583.87,0.0,1.99, , 
,1585.25,1344,82.5,-10.5,10101011,1584.57,1280,26.7,3.09,377.4,1584.91,0.0,0.70, , 
,1586.31,1376,82.5,-6.3,10111111,1585.59,1408,25.1,3.09,357.0,1585.94,-5.9,1.52, , 
,1587.29,1408,82.5,-6.6,10111111,1586.65,1408,25.1,3.09,336.6,1586.99,-6.3,1.52, , 
,1588.28,1312,82.5,-6.3,10111111,1587.63,1376,23.5,3.09,336.6,1587.94,-7.0,1.52, , 
,1589.27,1216,82.5,-3.5,10111111,1588.62,1280,23.5,3.09,336.6,1588.95,-4.7,1.56, , 
,1590.24,1120,82.5,-2.3,10111111,1589.60,1184,23.5,3.09,336.6,1589.92,-2.7,1.56, , 
,1591.19,992,82.5,-0.4,10101011,1590.57,1088,25.1,3.09,357.0,1590.89,0.4,1.56, , 
,1592.19,1088,82.5,-2.0,10111111,1591.51,1024,29.4,3.09,397.8,1591.86,-1.6,1.41, , 
,1593.10,1088,82.5,-2.0,10101011,1592.50,1088,25.1,3.09,357.0,1592.80,-3.5,1.45, , 
,1594.07,992,82.5,-4.3,10111111,1593.44,1088,26.7,3.09,377.4,1593.73,-3.5,1.41, , 
,1595.05,960,82.5,-4.3,10111111,1594.36,992,25.1,3.09,357.0,1594.70,-4.3,1.45, , 
,1595.89,992,82.5,0.0,10101011,1595.33,992,25.1,3.09,357.0,1595.63,-3.1,1.52, , 
,1596.84,1088,82.5,0.8,10101011,1596.21,1024,42.7,5.15,550.8,1596.52,0.0,1.52, , 
,1597.82,1184,82.5,-3.1,10101011,1597.16,1120,44.3,6.18,550.8,1597.48,-2.7,1.41, , 
,1598.82,1344,82.5,0.0,10101011,1598.15,1280,53.3,8.24,632.4,1598.49,0.0,1.21, , 
,1599.81,1376,82.5,-5.5,10111111,1599.17,1344,26.7,3.09,377.4,1599.50,-3.5,1.29, , 
,1600.77,1280,82.5,-6.6,10111111,1600.12,1344,23.5,3.09,336.6,1600.45,-5.9,1.41, , 
,1601.72,1248,82.5,-6.6,10111111,1601.07,1280,22.0,2.06,336.6,1601.41,-6.6,1.48, , 
,1602.69,1088,82.5,-3.9,10111111,1602.05,1216,23.5,3.09,336.6,1602.37,-4.3,1.60, , 
,1603.70,1024,82.5,-2.3,10111111,1603.02,1056,25.1,3.09,357.0,1603.36,-3.1,1.60, , 
,1604.64,960,82.5,0.4,10101011,1604.05,992,23.5,2.06,357.0,1604.31,-0.4,1.52, , 
,1605.52,896,82.5,1.6,10101011,1604.94,928,31.0,4.12,418.2,1605.23,0.8,1.48, , 
,1606.45,960,82.5,-2.0,10101011,1605.82,896,34.1,4.12,459.0,1606.14,-0.4,1.41, , 
,1607.38,992,82.5,-3.5,10101011,1606.77,960,34.1,4.12,459.0,1607.04,-3.1,1.37, , 
,1608.33,1056,82.5,-2.3,10111111,1607.67,992,38.4,5.15,499.8,1607.99,0.0,1.56, , 
,1609.30,1024,82.5,-4.3,10111111,1608.64,1024,25.1,3.09,357.0,1608.95,-3.5,1.37, , 
,1610.29,960,82.5,-5.5,10111111,1609.66,992,25.1,3.09,357.0,1609.99,-5.1,1.45, , 
,1611.24,896,82.5,-4.3,10111111,1610.60,960,23.5,3.09,357.0,1610.92,-4.7,1.56, , 
,1612.15,864,82.5,-1.2,10111111,1611.53,832,26.7,3.09,397.8,1611.84,-2.3,1.64, , 
,1613.07,864,84.0,0.8,10111111,1612.45,864,26.7,3.09,377.4,1612.76,0.0,1.60, , 
,1614.03,864,84.0,2.0,10111111,1613.40,896,26.7,3.09,377.4,1613.71,1.6,1.56, , 
,1614.94,896,84.0,0.8,10111111,1614.34,864,26.7,3.09,377.4,1614.64,1.6,1.41, , 
,1615.84,896,84.0,-1.2,10111111,1615.24,896,26.7,3.09,377.4,1615.53,-0.8,1.41, , 
,1616.75,768,84.0,-2.3,10111111,1616.14,800,25.1,3.09,377.4,1616.46,-1.6,1.45, , 
,1617.81,1792,84.0,0.0,10101011,1617.05,864,45.9,7.21,550.8,1617.43,0.0,1.17, , 
,1618.83,1568,84.0,0.0,10111111,1618.15,1376,36.9,5.15,479.4,1618.46,0.0,1.45, , 
,1619.81,1024,84.0,0.0,10111111,1619.17,1184,25.1,3.09,357.0,1619.50,0.0,2.77, , 
,1620.68,704,84.0,0.0,10101011,1620.11,960,22.0,2.06,336.6,1620.41,0.0,1.05, , 
,1621.71,1664,84.0,-2.7,10101011,1621.03,1024,57.6,9.27,693.6,1621.37,0.0,0.98, , 
,1622.66,800,84.0,0.0,10111111,1622.03,1344,0.0,0.00,336.6,1622.36,0.0,2.46, , 
,1623.52,736,84.0,0.0,10111111,1622.97,800,29.4,3.09,438.6,1623.24,0.0,1.29, , 
,1624.44,1088,84.0,0.0,10101011,1623.83,800,32.5,4.12,459.0,1624.11,0.0,1.02, , 
,1625.36,1152,84.0,-2.3,10101011,1624.74,1152,23.5,3.09,357.0,1625.04,-2.7,1.37, , 
,1626.28,864,84.0,-1.6,10101011,1625.69,1056,26.7,3.09,377.4,1625.99,-1.6,1.52, , 
,1627.15,704,84.0,-2.0,10101011,1626.57,736,31.0,3.09,438.6,1626.88,-2.3,1.48, , 
,1628.08,736,84.0,-4.7,10101011,1627.45,768,36.9,4.12,499.8,1627.75,-2.7,1.45, , 
,1629.00,992,84.0,-4.7,10101011,1628.38,768,36.9,4.12,499.8,1628.67,-5.1,1.52, , 
,1629.90,864,84.0,-8.6,10111111,1629.31,1024,26.7,3.09,377.4,1629.62,-8.6,1.33, , 
,1630.78,704,84.0,-6.6,10111111,1630.20,672,26.7,3.09,397.8,1630.49,-7.4,1.56, , 
,1631.68,768,85.5,-5.5,10111111,1631.08,768,34.1,3.09,479.4,1631.38,-5.5,1.52, , 
,1632.63,704,85.5,-6.6,10101011,1632.00,800,29.4,3.09,438.6,1632.32,-7.0,1.41, , 
,1633.50,768,85.5,-5.1,10111111,1632.91,640,34.1,3.09,479.4,1633.21,-6.3,1.60, , 
,1634.40,800,85.5,-5.9,10111111,1633.79,800,31.0,3.09,459.0,1634.09,-5.5,1.45, , 
,1635.26,800,85.5,-5.9,10111111,1634.69,768,29.4,3.09,438.6,1634.97,-6.3,1.52, , 
,1636.18,736,85.5,-2.0,10101011,1635.55,800,28.2,3.09,418.2,1635.88,-3.5,1.56, , 
,1637.07,960,85.5,-5.5,10101011,1636.48,864,32.5,4.12,459.0,1636.76,-2.7,1.48, , 
,1637.96,704,85.5,-3.5,10101011,1637.40,832,31.0,3.09,438.6,1637.69,-4.3,1.52, , 
,1638.88,704,85.5,-5.9,10101011,1638.26,800,36.9,4.12,499.8,1638.57,-3.1,1.48, , 
,1639.74,800,85.5,-2.3,10101011,1639.15,672,40.0,4.12,520.2,1639.46,-5.1,1.52, , 
,1640.67,896,85.5,0.0,10111111,1640.03,864,38.4,4.12,520.2,1640.34,0.0,1.37, , 
,1641.58,864,85.5,-3.9,10111111,1640.99,896,28.2,3.09,397.8,1641.28,-3.5,1.33, , 
,1642.46,800,85.5,-2.7,10111111,1641.88,864,28.2,3.09,397.8,1642.17,-3.1,1.56, , 
,1643.37,800,85.5,-0.4,10101011,1642.78,736,28.2,3.09,418.2,1643.08,-0.8,1.60, , 
,1644.34,1216,85.5,-2.3,10101011,1643.71,1024,38.4,5.15,499.8,1644.03,-2.3,1.48, , 
,1645.32,1024,85.5,-6.6,10101011,1644.68,1152,31.0,3.09,418.2,1645.02,-6.3,1.33, , 
,1646.23,960,85.5,-8.2,10111111,1645.65,992,32.5,4.12,438.6,1645.94,-7.0,1.41, , 
,1647.12,736,85.5,-7.0,10111111,1646.52,800,23.5,2.06,357.0,1646.81,-7.4,1.52, , 
,1648.02,768,85.5,-6.3,10111111,1647.44,800,31.0,3.09,438.6,1647.74,-6.6,1.52, , 
,1648.90,800,85.5,-4.7,10111111,1648.30,768,29.4,3.09,438.6,1648.61,-5.5,1.56, , 
,1649.78,768,85.5,-3.1,10111111,1649.19,768,29.4,3.09,438.6,1649.49,-3.5,1.56, , 
,1650.70,800,85.5,-2.3,10111111,1650.08,800,31.0,3.09,438.6,1650.40,-2.3,1.52, , 
,1651.56,768,85.5,-2.7,10111111,1650.99,800,29.4,3.09,418.2,1651.27,-2.7,1.45, , 
,1652.47,800,85.5,-2.7,10111111,1651.88,800,29.4,3.09,438.6,1652.16,-2.3,1.48, , 
,1653.34,800,85.5,-2.3,10111111,1652.77,768,29.4,3.09,438.6,1653.05,-2.7,1.52, , 
,1654.23,768,85.5,-2.7,10111111,1653.64,800,29.4,3.09,438.6,1653.94,-2.7,1.45, , 
,1655.13,800,85.5,-2.7,10111111,1654.54,768,31.0,3.09,438.6,1654.84,-2.7,1.48, , 
,1656.02,800,85.5,-2.0,10111111,1655.42,800,29.4,3.09,438.6,1655.72,-2.3,1.52, , 
,1656.93,768,85.5,-1.6,10111111,1656.33,736,28.2,3.09,418.2,1656.63,-1.6,1.52, , 
,1657.84,768,85.5,-3.9,10111111,1657.22,800,31.0,3.09,438.6,1657.52,-2.7,1.37, , 
,1658.74,800,85.5,-4.7,10111111,1658.13,672,34.1,4.12,479.4,1658.44,-4.7,1.45, , 
,1659.63,768,85.5,-5.5,10111111,1659.03,768,32.5,3.09,459.0,1659.33,-5.1,1.41, , 
,1660.54,800,85.5,-5.5,10111111,1659.93,800,31.0,3.09,459.0,1660.24,-5.9,1.45, , 
,1661.41,800,85.5,-3.5,10111111,1660.84,800,32.5,3.09,459.0,1661.13,-3.9,1.56, , 
,1662.32,896,85.5,-2.7,10101011,1661.69,800,32.5,4.12,438.6,1661.99,-3.1,1.52, , 
,1663.13,992,85.5,-6.3,10111111,1662.60,960,31.0,4.12,438.6,1662.86,-4.7,1.41, , 
,1663.99,768,85.5,-5.1,10111111,1663.42,960,23.5,2.06,357.0,1663.72,-5.1,1.48, , 
,1664.87,800,85.5,-5.1,10111111,1664.27,704,29.4,3.09,418.2,1664.58,-5.1,1.52, , 
,1665.78,768,85.5,-5.1,10111111,1665.19,768,31.0,3.09,438.6,1665.49,-5.1,1.48, , 
,1666.69,800,85.5,-4.3,10111111,1666.09,768,31.0,3.09,438.6,1666.39,-4.7,1.52, , 
,1667.59,768,85.5,-3.5,10111111,1666.99,800,31.0,3.09,438.6,1667.28,-3.5,1.56, , 
,1668.49,800,85.5,-3.1,10111111,1667.90,768,31.0,3.09,438.6,1668.21,-3.1,1.52, , 
,1669.35,800,85.5,-3.1,10111111,1668.77,768,29.4,3.09,438.6,1669.05,-3.1,1.52, , 
,1670.23,800,85.5,-3.5,10111111,1669.64,800,29.4,3.09,438.6,1669.94,-3.1,1.45, , 
,1671.13,800,85.5,-2.7,10111111,1670.53,768,29.4,3.09,438.6,1670.83,-3.1,1.52, , 
,1672.04,768,85.5,-2.7,10111111,1671.43,800,29.4,3.09,438.6,1671.73,-2.7,1.48, , 
,1672.96,800,85.5,-2.3,10111111,1672.36,800,29.4,3.09,438.6,1672.66,-2.3,1.48, , 
,1673.84,768,85.5,-0.8,10111111,1673.27,800,28.2,3.09,397.8,1673.55,-1.2,1.56, , 
,1674.72,768,85.5,-1.6,10111111,1674.13,768,26.7,3.09,397.8,1674.42,-1.2,1.45, , 
,1675.61,800,85.5,-0.8,10111111,1675.01,768,28.2,3.09,418.2,1675.32,-1.6,1.52, , 
,1676.53,800,85.5,0.0,10111111,1675.92,768,26.7,3.09,397.8,1676.22,-0.4,1.52, , 
