Środa,26,Sierpień,2026,06:32:27:00009-VCID:1C3761778CABCE7337-5178,Wersja VCDS: AKP 23.3.1,Wersja danych: 20230601 DS346.2
047 906 033 L,,1.4l SIMOS3PA   00HS5401,

,Grupa A:,'001,,,,Grupa B:,'002,,,,Grupa C:,'033
,,Obroty silnika,Temperatura,Lambda,Bity binarnie,,Obroty silnika,Obciążenie,Czas wtrysku,Ciśnienie rzecz.,,Lambda,Napięcie, , 
,CZAS,,,,,CZAS,,,,,CZAS,,,,
Znacznik,ZAPISU, /min,*C, %,,ZAPISU, /min, %, ms, mbar,ZAPISU, %, V,,
,0.27,0,16.5,0.0,10110110,0.53,0,0.0,0.00,989.4,0.01,0.0,1.48, , 
,1.06,0,16.5,0.0,10110110,1.34,0,0.0,0.00,989.4,0.80,0.0,1.48, , 
,1.88,0,16.5,0.0,10110110,2.14,0,0.0,0.00,989.4,1.61,0.0,1.48, , 
,2.68,0,16.5,0.0,10110110,2.94,0,0.0,0.00,989.4,2.41,0.0,1.48, , 
,3.47,0,16.5,0.0,10110110,3.74,0,0.0,0.00,989.4,3.20,0.0,1.48, , 
,4.27,0,16.5,0.0,10110110,4.53,0,0.0,0.00,989.4,4.00,0.0,1.48, , 
,5.07,0,16.5,0.0,10110110,5.34,0,0.0,0.00,989.4,4.80,0.0,1.48, , 
,5.88,192,16.5,0.0,10110110,6.15,192,100.0,79.31,989.4,5.61,0.0,1.48, , 
,6.69,192,16.5,0.0,10110110,6.95,192,100.0,72.10,989.4,6.42,0.0,1.48, , 
,7.57,960,16.5,0.0,10110110,7.89,1056,69.4,17.51,734.4,7.23,0.0,1.48, , 
,8.54,1120,16.5,0.0,10110110,8.84,1152,44.3,10.30,499.8,8.21,0.0,1.48, , 
,9.47,1024,16.5,0.0,10110110,9.79,1056,47.1,10.30,550.8,9.16,0.0,1.48, , 
,10.43,1024,16.5,0.0,10110110,10.74,1024,47.1,10.30,550.8,10.10,0.0,1.48, , 
,11.33,1024,16.5,0.0,10110110,11.65,1024,47.1,10.30,550.8,11.04,0.0,1.48, , 
,12.26,1024,16.5,0.0,10110110,12.59,1024,47.1,9.27,520.2,11.96,0.0,1.48, , 
,13.23,1024,16.5,0.0,10110110,13.54,1024,45.9,9.27,520.2,12.91,0.0,1.48, , 
,14.16,1024,16.5,0.0,10110110,14.47,1024,45.9,9.27,520.2,13.86,0.0,1.48, , 
,15.07,1024,16.5,0.0,10110110,15.39,1024,44.3,8.24,499.8,14.75,0.0,1.48, , 
,16.00,1024,16.5,0.0,10110110,16.31,1024,44.3,8.24,499.8,15.70,0.0,1.48, , 
,16.93,1024,16.5,0.0,10110110,17.21,1024,42.7,7.21,499.8,16.63,0.0,1.48, , 
,17.80,1024,16.5,0.0,10110110,18.10,1024,42.7,7.21,479.4,17.50,0.0,1.48, , 
,18.76,992,16.5,0.0,10110110,19.11,1024,41.2,7.21,479.4,18.42,0.0,1.48, , 
,19.73,992,16.5,0.0,10110110,20.00,1024,41.2,7.21,479.4,19.38,0.0,1.48, , 
,20.71,992,16.5,0.0,10110110,20.99,992,41.2,7.21,479.4,20.36,0.0,1.48, , 
,21.64,992,16.5,0.0,10110110,22.00,992,40.0,6.18,459.0,21.28,0.0,1.48, , 
,22.54,992,16.5,0.0,10110110,22.81,992,41.2,6.18,479.4,22.27,0.0,1.48, , 
,23.46,992,16.5,0.0,10110110,23.80,992,40.0,6.18,479.4,23.09,0.0,1.48, , 
,24.45,960,16.5,0.0,10110110,24.73,960,40.0,6.18,459.0,24.15,0.0,1.48, , 
,25.38,960,16.5,0.0,10110110,25.67,960,40.0,6.18,459.0,25.06,0.0,1.48, , 
,26.30,960,16.5,0.0,10110110,26.57,960,40.0,6.18,479.4,25.99,0.0,1.48, , 
,27.22,960,16.5,0.0,10110110,27.50,960,40.0,6.18,479.4,26.89,0.0,1.48, , 
,28.11,960,16.5,0.0,10110110,28.44,960,40.0,6.18,479.4,27.80,0.0,1.48, , 
,29.06,960,16.5,0.0,10110110,29.35,960,40.0,6.18,479.4,28.76,0.0,1.48, , 
,30.01,960,16.5,0.0,10110110,30.33,960,40.0,6.18,479.4,29.67,0.0,1.48, , 
,30.98,960,16.5,0.0,10100010,31.30,1088,44.3,7.21,499.8,30.65,0.0,1.48, , 
,31.94,1120,16.5,0.0,10100010,32.26,864,48.6,10.30,550.8,31.60,0.0,1.48, , 
,32.83,864,16.5,0.0,10100010,33.15,896,50.2,7.21,571.2,32.54,0.0,1.48, , 
,33.74,736,16.5,0.0,10100010,34.04,800,57.6,10.30,652.8,33.45,0.0,1.48, , 
,34.67,896,16.5,0.0,10110110,34.98,960,44.3,6.18,499.8,34.35,0.0,1.45, , 
,35.62,960,18.0,0.0,10110110,35.94,960,41.2,6.18,479.4,35.30,0.0,1.41, , 
,36.55,928,18.0,0.0,10110110,36.86,928,42.7,6.18,499.8,36.24,0.0,1.37, , 
,37.45,960,18.0,0.0,10110110,37.79,960,41.2,6.18,479.4,37.14,0.0,1.33, , 
,38.39,960,18.0,0.0,10110110,38.72,960,40.0,6.18,479.4,38.06,0.0,1.29, , 
,39.34,960,18.0,0.0,10110110,39.63,960,40.0,6.18,479.4,39.03,0.0,1.25, , 
,40.22,928,18.0,0.0,10100010,40.53,800,47.1,8.24,550.8,39.93,0.0,1.13, , 
,41.21,1248,18.0,0.0,10100010,41.53,1184,41.2,6.18,479.4,40.87,0.0,1.37, , 
,42.13,768,18.0,0.0,10100010,42.45,960,56.1,8.24,632.4,41.83,0.0,1.25, , 
,43.10,992,18.0,0.0,10100010,43.41,736,51.8,10.30,571.2,42.78,0.0,1.09, , 
,44.05,960,18.0,0.0,10110110,44.35,928,42.7,5.15,499.8,43.72,0.0,1.29, , 
,44.98,896,19.5,0.0,10110110,45.29,832,45.9,7.21,520.2,44.68,0.0,1.02, , 
,45.88,768,19.5,0.0,10111110,46.17,800,59.2,11.33,652.8,45.58,0.0,1.33, , 
,46.76,800,19.5,0.0,10111110,47.07,864,56.1,8.24,632.4,46.46,0.0,0.98, , 
,47.69,928,19.5,-1.2,10111110,47.97,960,45.9,6.18,520.2,47.38,0.0,1.09, , 
,48.54,992,19.5,-5.1,10111110,48.85,896,45.9,6.18,520.2,48.24,-3.9,1.13, , 
,49.44,960,19.5,-8.6,10101010,49.73,992,45.9,6.18,520.2,49.15,-9.0,1.33, , 
,50.37,1088,19.5,0.0,10101010,50.67,1184,54.5,9.27,591.6,50.05,-8.2,1.41, , 
,51.37,1376,19.5,0.0,10101010,51.75,1504,51.8,7.21,571.2,51.01,0.0,1.25, , 
,52.48,1728,19.5,3.9,10101010,52.85,1856,48.6,7.21,520.2,52.11,2.7,1.45, , 
,53.56,1984,19.5,0.0,10111100,53.95,1920,23.5,3.09,295.8,53.20,0.0,1.17, , 
,54.60,1216,21.0,-12.1,10101010,54.92,1088,41.2,7.21,479.4,54.26,0.0,0.63, , 
,55.55,1056,21.0,0.0,10101010,55.86,1088,51.8,10.30,591.6,55.23,0.0,0.82, , 
,56.53,1152,21.0,0.0,10101010,56.85,1216,53.3,8.24,591.6,56.19,0.0,1.17, , 
,57.50,1280,21.0,0.0,10101010,57.82,1344,53.3,8.24,591.6,57.17,0.0,1.33, , 
,58.50,1408,21.0,0.8,10101010,58.77,1440,50.2,7.21,550.8,58.15,1.2,1.41, , 
,59.41,1504,21.0,0.0,10101010,59.74,1536,44.3,6.18,499.8,59.04,0.0,1.33, , 
,60.46,1568,21.0,0.0,10101010,60.84,1600,41.2,5.15,459.0,60.07,0.0,1.33, , 
,61.54,1632,21.0,2.3,10101010,61.93,1632,40.0,5.15,459.0,61.19,2.0,1.41, , 
,62.65,1664,21.0,5.9,10101010,62.98,1696,40.0,5.15,438.6,62.28,4.7,1.45, , 
,63.68,1728,22.5,7.0,10101010,64.02,1728,38.4,5.15,438.6,63.31,6.3,1.37, , 
,64.74,1728,22.5,7.0,10101010,65.13,1728,36.9,5.15,438.6,64.37,7.0,1.33, , 
,65.85,1760,22.5,7.0,10101010,66.19,1760,36.9,5.15,418.2,65.49,7.0,1.33, , 
,66.96,1792,22.5,7.8,10101010,67.34,1792,36.9,5.15,418.2,66.57,7.4,1.37, , 
,68.08,1792,22.5,7.0,10101010,68.44,1792,40.0,6.18,438.6,67.72,7.0,1.33, , 
,69.18,1856,22.5,10.5,10101010,69.54,1888,41.2,6.18,459.0,68.82,9.0,1.45, , 
,70.24,1888,24.0,0.0,10111110,70.62,1792,26.7,3.09,336.6,69.90,0.0,1.09, , 
,71.27,1536,24.0,-0.4,10111110,71.61,1408,31.0,4.12,377.4,70.97,-3.9,1.21, , 
,72.23,1088,24.0,2.3,10111110,72.54,960,38.4,5.15,459.0,71.91,2.0,1.48, , 
,73.16,928,24.0,3.5,10111110,73.48,928,40.0,6.18,479.4,72.84,2.3,1.52, , 
,74.11,928,24.0,5.1,10111110,74.41,896,40.0,6.18,479.4,73.80,4.7,1.45, , 
,75.02,928,24.0,6.6,10111110,75.33,896,40.0,6.18,479.4,74.72,6.3,1.45, , 
,75.95,928,25.5,6.6,10111110,76.28,928,40.0,6.18,479.4,75.65,6.6,1.37, , 
,76.90,896,25.5,6.3,10101010,77.22,1024,50.2,12.36,571.2,76.59,6.6,1.33, , 
,77.86,1184,25.5,0.0,10101010,78.19,1088,62.0,15.45,673.2,77.53,0.0,0.63, , 
,78.81,1152,25.5,0.0,10101010,79.12,1024,71.0,18.54,754.8,78.54,0.0,1.05, , 
,79.85,1440,25.5,0.0,10101010,80.20,1664,67.8,11.33,714.0,79.46,0.0,1.05, , 
,80.94,1952,25.5,0.0,10111110,81.29,2048,25.1,3.09,316.2,80.58,0.0,1.52, , 
,81.96,1408,25.5,0.0,10101010,82.26,1120,36.9,6.18,438.6,81.60,0.0,0.86, , 
,82.91,1184,25.5,0.0,10101010,83.23,1152,45.9,7.21,520.2,82.59,0.0,0.94, , 
,83.89,1248,27.0,0.8,10101010,84.22,1248,53.3,8.24,591.6,83.57,0.0,1.41, , 
,84.87,1376,27.0,0.0,10101010,85.22,1408,48.6,7.21,550.8,84.54,0.0,1.48, , 
,85.86,1504,27.0,4.3,10101010,86.22,1568,36.9,5.15,438.6,85.49,3.1,1.52, , 
,86.92,1632,27.0,2.7,10101010,87.29,1664,34.1,4.12,397.8,86.57,3.5,1.33, , 
,88.03,1760,27.0,4.7,10101010,88.41,1792,32.5,4.12,397.8,87.65,3.9,1.41, , 
,89.14,1888,27.0,7.0,10101010,89.51,1888,35.3,5.15,418.2,88.77,5.9,1.45, , 
,90.21,1984,27.0,6.3,10101000,90.56,1984,32.5,4.12,377.4,89.87,6.6,1.33, , 
,91.28,2048,28.5,3.9,10101000,91.64,2080,29.4,4.12,357.0,90.92,4.3,1.29, , 
,92.34,2144,28.5,3.1,10101000,92.67,2144,26.7,4.12,336.6,91.99,3.5,1.33, , 
,93.34,2176,28.5,3.1,10101000,93.68,2208,26.7,4.12,336.6,93.02,3.1,1.37, , 
,94.34,2208,28.5,4.7,10101000,94.68,2272,25.1,3.09,316.2,94.02,4.3,1.45, , 
,95.35,2240,28.5,3.9,10101000,95.68,2272,22.0,3.09,275.4,95.01,3.9,1.37, , 
,96.35,2272,28.5,2.7,10111100,96.69,2240,20.8,3.09,275.4,96.01,2.7,1.37, , 
,97.37,2144,28.5,5.1,10111100,97.73,2144,20.8,3.09,275.4,97.04,5.1,1.52, , 
,98.42,2080,30.0,8.6,10111100,98.77,2048,20.8,3.09,275.4,98.07,8.6,1.52, , 
,99.48,2016,30.0,10.2,10111100,99.84,1984,20.8,3.09,275.4,99.12,10.2,1.41, , 
,100.56,1920,30.0,12.1,10111110,100.94,1888,23.5,3.09,295.8,100.21,11.7,1.45, , 
,101.67,1856,30.0,11.7,10111110,102.02,1824,25.1,4.12,316.2,101.30,11.7,1.37, , 
,102.79,1792,30.0,12.5,10111110,103.15,1792,26.7,4.12,336.6,102.39,12.5,1.41, , 
,103.89,1824,31.5,11.7,10101010,104.26,1888,23.5,3.09,316.2,103.52,12.1,1.33, , 
,104.98,1920,31.5,7.8,10101010,105.34,1920,22.0,3.09,295.8,104.62,9.4,1.29, , 
,106.07,1984,31.5,4.7,10101010,106.43,1984,19.2,3.09,275.4,105.71,5.5,1.29, , 
,107.13,1984,31.5,4.3,10111100,107.48,1984,20.8,3.09,275.4,106.77,3.9,1.37, , 
,108.20,1952,31.5,10.2,10111110,108.57,1920,22.0,3.09,295.8,107.85,9.8,1.60, , 
,109.29,1888,33.0,11.7,10111110,109.65,1920,23.5,3.09,316.2,108.93,11.3,1.45, , 
,110.37,1856,33.0,13.3,10111110,110.74,1856,25.1,3.09,316.2,110.02,12.9,1.41, , 
,111.44,1824,33.0,12.9,10111110,111.82,1792,26.7,4.12,336.6,111.11,12.9,1.37, , 
,112.50,1632,33.0,15.2,10111110,112.87,1600,29.4,4.12,357.0,112.15,14.8,1.48, , 
,113.53,1504,33.0,16.8,10111110,113.83,1504,29.4,4.12,377.4,113.25,16.4,1.45, , 
,114.56,1472,34.5,13.7,10111110,114.97,1472,29.4,4.12,377.4,114.29,14.8,1.33, , 
,115.64,1408,34.5,11.3,10111110,115.98,1408,29.4,4.12,377.4,115.30,11.7,1.29, , 
,116.67,1344,34.5,8.6,10111110,117.00,1376,29.4,4.12,377.4,116.32,10.2,1.33, , 
,117.69,1376,34.5,6.3,10111110,118.04,1344,29.4,4.12,377.4,117.34,7.0,1.33, , 
,118.71,1408,34.5,5.9,10101010,119.03,1408,31.0,4.12,397.8,118.38,6.3,1.41, , 
,119.84,1504,34.5,6.3,10101010,120.21,1536,29.4,4.12,357.0,119.49,6.6,1.45, , 
,120.89,1568,36.0,9.8,10101010,121.23,1600,28.2,4.12,357.0,120.55,8.6,1.52, , 
,121.95,1696,36.0,12.1,10101010,122.31,1696,28.2,4.12,357.0,121.58,11.3,1.48, , 
,123.02,1792,36.0,12.9,10101010,123.37,1792,26.7,4.12,336.6,122.69,12.5,1.45, , 
,124.10,1856,36.0,10.9,10101010,124.47,1888,23.5,3.09,316.2,123.74,11.3,1.33, , 
,125.20,1920,36.0,8.2,10101010,125.56,1920,22.0,3.09,295.8,124.85,8.6,1.29, , 
,126.28,1952,36.0,7.4,10101010,126.64,1952,20.8,3.09,295.8,125.91,7.0,1.37, , 
,127.36,1952,37.5,8.2,10111110,127.71,1920,22.0,3.09,295.8,127.01,7.4,1.45, , 
,128.42,1888,37.5,10.9,10101010,128.78,1920,22.0,3.09,295.8,128.06,10.9,1.52, , 
,129.51,1952,37.5,10.9,10101010,129.86,1952,22.0,3.09,295.8,129.14,11.3,1.41, , 
,130.59,1984,37.5,8.6,10101000,130.94,2016,20.8,3.09,295.8,130.23,9.4,1.29, , 
,131.64,2080,37.5,9.4,10101000,131.99,2112,23.5,3.09,316.2,131.29,9.4,1.45, , 
,132.64,2144,37.5,10.5,10101000,132.98,2208,25.1,3.09,316.2,132.32,10.2,1.45, , 
,133.66,2272,37.5,10.2,10101000,134.01,2304,25.1,3.09,316.2,133.33,10.2,1.41, , 
,134.66,2368,39.0,11.3,10101000,134.99,2400,23.5,3.09,295.8,134.33,10.9,1.45, , 
,135.68,2400,39.0,10.2,10111100,135.99,2400,20.8,3.09,275.4,135.34,10.2,1.41, , 
,136.64,2336,39.0,10.9,10111100,136.98,2304,20.8,3.09,275.4,136.32,10.5,1.48, , 
,137.66,2240,39.0,12.5,10111100,138.00,2240,20.8,3.09,275.4,137.33,12.1,1.45, , 
,138.68,2144,39.0,13.3,10111100,139.03,2176,20.8,3.09,275.4,138.35,12.9,1.45, , 
,139.71,2048,39.0,15.6,10111100,140.06,2016,20.8,3.09,275.4,139.37,14.5,1.48, , 
,140.78,1856,39.0,16.4,10111110,141.14,1760,26.7,4.12,336.6,140.43,14.8,1.41, , 
,141.82,1248,40.5,17.6,10111110,142.14,992,32.5,5.15,418.2,141.49,17.6,1.48, , 
,142.76,928,40.5,14.5,10111110,143.06,896,36.9,5.15,459.0,142.44,15.2,1.29, , 
,143.72,928,40.5,11.3,10111110,144.02,896,35.3,5.15,459.0,143.38,12.5,1.25, , 
,144.62,896,40.5,9.4,10111110,144.91,896,36.9,5.15,459.0,144.32,9.8,1.37, , 
,145.50,832,40.5,7.0,10111110,145.81,832,35.3,5.15,459.0,145.21,8.2,1.33, , 
,146.44,1440,40.5,0.0,10101010,146.78,1920,47.1,6.18,520.2,146.11,0.0,1.37, , 
,147.51,1984,40.5,0.0,10101000,147.81,1760,59.2,8.24,652.8,147.14,0.0,1.45, , 
,148.54,1696,40.5,0.0,10101010,148.90,1952,54.5,9.27,591.6,148.17,0.0,1.64, , 
,149.57,2176,40.5,0.0,10111100,149.90,2176,23.5,3.09,316.2,149.23,0.0,1.56, , 
,150.54,1376,42.0,0.0,10111110,150.80,1472,26.7,3.09,357.0,150.24,0.0,1.52, , 
,151.43,1440,42.0,-1.6,10101010,151.79,1472,26.7,3.09,357.0,151.13,0.0,1.25, , 
,152.36,1472,42.0,2.3,10111110,152.64,1472,28.2,4.12,357.0,152.05,0.8,1.52, , 
,153.28,1504,42.0,5.9,10111110,153.67,1504,28.2,4.12,357.0,152.91,5.5,1.56, , 
,154.24,1504,42.0,10.2,10111110,154.58,1472,28.2,4.12,357.0,153.94,9.0,1.52, , 
,155.27,1376,42.0,10.2,10111110,155.60,1344,28.2,4.12,377.4,154.94,10.9,1.45, , 
,156.23,1312,42.0,10.5,10111110,156.57,1280,29.4,4.12,377.4,155.91,9.8,1.41, , 
,157.20,1280,42.0,8.2,10101010,157.56,1312,32.5,5.15,397.8,156.86,9.0,1.33, , 
,158.23,1376,43.5,11.3,10101010,158.57,1408,40.0,6.18,459.0,157.88,12.1,1.52, , 
,159.18,1472,43.5,0.0,10101010,159.50,1504,60.4,9.27,673.2,158.91,12.5,1.48, , 
,160.20,1664,43.5,0.0,10101010,160.57,1728,60.4,9.27,652.8,159.85,0.0,1.72, , 
,161.32,1952,43.5,10.2,10101010,161.67,2048,59.2,8.24,632.4,160.94,8.6,1.56, , 
,162.38,2208,43.5,12.1,10101000,162.74,2304,53.3,8.24,571.2,162.03,11.3,1.41, , 
,163.46,2464,43.5,13.7,10101000,163.80,2496,47.1,7.21,520.2,163.09,13.3,1.41, , 
,164.49,2208,43.5,0.0,10111100,164.80,1472,0.0,0.00,377.4,164.12,12.9,1.41, , 
,165.52,1472,43.5,0.0,10101010,165.87,1664,26.7,4.12,357.0,165.12,0.0,3.52, , 
,166.57,1664,43.5,-2.3,10101010,166.94,1664,36.9,5.15,438.6,166.20,0.0,1.29, , 
,167.65,1696,45.0,5.9,10101010,168.00,1728,66.3,12.36,714.0,167.29,3.5,1.64, , 
,168.74,1824,45.0,0.0,10101010,169.09,1856,67.8,10.30,714.0,168.38,0.0,1.52, , 
,169.81,1920,45.0,3.1,10101010,170.17,1984,63.5,9.27,673.2,169.46,0.0,1.60, , 
,170.87,2080,45.0,9.4,10101000,171.21,2112,65.1,9.27,673.2,170.52,7.8,1.60, , 
,171.89,2176,45.0,0.0,10101000,172.23,2208,51.8,7.21,571.2,171.55,10.9,1.48, , 
,172.90,2272,45.0,5.5,11101000,173.23,2304,53.3,7.21,571.2,172.57,3.5,1.64, , 
,173.89,2368,45.0,12.1,11101000,174.25,2368,56.1,8.24,612.0,173.56,9.8,1.56, , 
,174.98,2464,45.0,13.3,11101000,175.33,2496,57.6,9.27,612.0,174.63,13.3,1.41, , 
,176.02,2560,46.5,14.5,11101000,176.36,2592,50.2,7.21,550.8,175.67,15.2,1.33, , 
,177.04,2592,46.5,9.0,11101000,177.38,2592,36.9,5.15,418.2,176.70,10.5,1.21, , 
,178.07,2592,46.5,4.7,11101000,178.41,2560,32.5,4.12,377.4,177.75,4.7,1.17, , 
,179.09,2560,46.5,6.6,11101000,179.47,2528,31.0,4.12,377.4,178.76,6.3,1.52, , 
,180.14,2560,46.5,9.0,11101000,180.47,2560,42.7,6.18,459.0,179.80,8.2,1.48, , 
,181.15,2560,46.5,-14.5,11101000,181.45,2560,41.2,4.12,459.0,180.82,-11.3,0.59, , 
,182.12,1440,46.5,0.0,11111110,182.42,992,32.5,5.15,397.8,181.82,0.0,2.73, , 
,183.08,1824,46.5,0.0,11101010,183.42,1856,23.5,3.09,316.2,182.72,0.0,1.80, , 
,184.17,1856,48.0,0.0,11101010,184.55,1856,50.2,7.21,571.2,183.80,0.0,0.04, , 
,185.29,1856,46.5,0.0,11101010,185.64,1856,29.4,3.09,377.4,184.92,0.0,0.35, , 
,186.34,1856,48.0,-15.2,11101010,186.73,1856,29.4,3.09,377.4,185.97,-13.3,1.05, , 
,187.45,1856,48.0,-19.1,11101010,187.79,1856,31.0,3.09,397.8,187.08,-18.4,1.41, , 
,188.53,1856,48.0,0.0,11101010,188.91,1856,62.0,10.30,652.8,188.17,-20.3,1.48, , 
,189.63,1888,48.0,0.0,11101010,189.98,1920,67.8,9.27,714.0,189.27,0.0,0.00, , 
,190.69,1952,49.5,0.0,11101010,191.05,1952,57.6,7.21,632.4,190.33,-19.5,0.23, , 
,191.74,1984,48.0,-16.0,11101000,192.10,1984,62.0,6.18,652.8,191.40,-15.2,0.43, , 
,192.81,2048,49.5,-24.2,11101000,193.16,2048,60.4,6.18,652.8,192.46,-21.5,1.41, , 
,193.86,2080,49.5,-26.6,11101000,194.21,2080,45.9,4.12,520.2,193.51,-26.2,1.52, , 
,194.88,2112,49.5,-22.3,11101000,195.22,2112,41.2,4.12,459.0,194.54,-22.7,1.64, , 
,195.92,2112,49.5,-19.9,11101000,196.26,2112,36.9,4.12,438.6,195.57,-21.5,1.52, , 
,196.95,2112,49.5,-19.1,11101000,197.30,2112,36.9,3.09,418.2,196.61,-19.5,1.48, , 
,197.99,2112,49.5,-18.8,11101000,198.32,2112,36.9,4.12,438.6,197.64,-18.8,1.45, , 
,199.02,2112,49.5,-18.0,11101000,199.36,2112,36.9,4.12,438.6,198.67,-19.1,1.37, , 
,200.07,2112,51.0,-18.0,11101000,200.40,2080,36.9,4.12,438.6,199.70,-18.8,1.41, , 
,201.10,2048,51.0,-18.4,11101000,201.45,2080,32.5,3.09,397.8,200.76,-17.6,1.41, , 
,202.15,2048,51.0,-18.0,11101000,202.50,2048,32.5,3.09,397.8,201.81,-18.0,1.45, , 
,203.19,2016,51.0,-18.4,11101000,203.54,2016,32.5,3.09,397.8,202.85,-18.0,1.41, , 
,204.23,2048,51.0,-18.4,11101000,204.58,2016,32.5,3.09,397.8,203.88,-18.0,1.45, , 
,205.29,2016,51.0,-17.6,11101000,205.64,1984,38.4,4.12,459.0,204.93,-18.0,1.41, , 
,206.33,2016,51.0,-18.0,11101000,206.70,2016,38.4,4.12,459.0,205.99,-18.4,1.37, , 
,207.43,1984,52.5,-18.4,11101000,207.78,1984,42.7,4.12,479.4,207.06,-18.4,1.41, , 
,208.52,1984,52.5,-18.0,11101000,208.88,2016,59.2,8.24,632.4,208.14,-18.0,1.41, , 
,209.60,2016,52.5,0.0,11101000,209.95,2016,40.0,4.12,459.0,209.23,0.0,0.12, , 
,210.66,2016,52.5,-14.5,11101000,211.01,2016,40.0,4.12,459.0,210.31,-12.5,1.09, , 
,211.71,2016,52.5,-19.5,11101000,212.05,2016,40.0,4.12,459.0,211.37,-18.8,1.33, , 
,212.74,2016,52.5,-20.7,11101000,213.08,2016,40.0,4.12,459.0,212.40,-20.7,1.52, , 
,213.79,2016,52.5,-21.1,11101000,214.13,2016,40.0,4.12,459.0,213.43,-21.1,1.52, , 
,214.84,2016,54.0,-20.7,11101000,215.20,2016,40.0,4.12,459.0,214.49,-20.7,1.52, , 
,215.93,2016,54.0,-18.8,11101000,216.27,1984,31.0,3.09,377.4,215.56,-20.7,1.41, , 
,216.99,1984,54.0,-17.6,11101010,217.35,1984,34.1,3.09,397.8,216.64,-17.2,1.52, , 
,218.09,1984,54.0,-17.2,11101010,218.46,1952,40.0,4.12,459.0,217.72,-17.2,1.45, , 
,219.18,1952,54.0,-17.2,11101010,219.53,1952,31.0,3.09,377.4,218.82,-16.4,1.45, , 
,220.25,1952,54.0,-15.6,11101010,220.63,1952,32.5,3.09,397.8,219.90,-16.4,1.45, , 
,221.33,1920,54.0,-16.0,11101010,221.69,1920,36.9,4.12,438.6,220.98,-16.4,1.33, , 
,222.43,1920,54.0,-16.4,11101010,222.81,1920,38.4,4.12,438.6,222.06,-16.4,1.45, , 
,223.53,1920,55.5,-16.4,11101010,223.90,1920,35.3,3.09,418.2,223.18,-16.0,1.41, , 
,224.62,1920,55.5,-17.2,11101010,224.98,1920,35.3,3.09,438.6,224.26,-17.2,1.37, , 
,225.69,1888,55.5,-16.8,11101010,226.06,1920,47.1,7.21,550.8,225.33,-17.2,1.41, , 
,226.80,1920,55.5,-12.9,11101010,227.18,1920,48.6,5.15,550.8,226.43,0.0,0.55, , 
,227.90,1920,55.5,-17.6,11101010,228.28,1920,48.6,5.15,550.8,227.54,-14.8,1.21, , 
,229.00,1952,55.5,-20.7,11101010,229.36,1952,47.1,4.12,550.8,228.65,-19.9,1.48, , 
,230.11,1952,55.5,-21.1,11101010,230.47,1984,47.1,4.12,550.8,229.74,-20.7,1.56, , 
,231.19,1984,55.5,-20.3,11101010,231.55,1984,48.6,5.15,550.8,230.84,-21.1,1.48, , 
,232.27,1984,57.0,-19.9,11101000,232.62,1984,48.6,5.15,550.8,231.91,-20.3,1.52, , 
,233.36,2016,57.0,0.0,11101000,233.72,2016,57.6,6.18,632.4,233.00,0.0,0.51, , 
,234.44,2048,57.0,-17.6,11101000,234.79,2048,56.1,6.18,612.0,234.07,-15.2,1.13, , 
,235.48,2080,57.0,-21.5,11101000,235.82,2080,54.5,5.15,612.0,235.15,-20.3,1.41, , 
,236.49,2112,57.0,-23.0,11101000,236.83,2112,54.5,5.15,612.0,236.15,-23.0,1.52, , 
,237.50,2144,57.0,-21.9,11101000,237.85,2144,40.0,4.12,459.0,237.16,-22.3,1.52, , 
,238.53,2112,57.0,-9.4,11101000,238.86,2112,38.4,4.12,438.6,238.19,0.0,0.94, , 
,239.57,2112,57.0,-13.3,11101000,239.92,2112,42.7,4.12,479.4,239.22,-12.5,1.25, , 
,240.61,2112,57.0,-18.4,11101000,240.95,2112,47.1,5.15,520.2,240.27,-16.4,1.45, , 
,241.66,2144,58.5,-18.0,11101000,242.01,2144,44.3,4.12,499.8,241.31,-18.0,1.52, , 
,242.69,2144,58.5,-17.2,11101000,243.03,2144,44.3,4.12,499.8,242.34,-17.2,1.56, , 
,243.74,2144,58.5,-16.8,11101000,244.07,2144,45.9,5.15,520.2,243.38,-17.2,1.41, , 
,244.77,2144,58.5,-16.0,11101000,245.10,2176,45.9,4.12,499.8,244.43,-15.6,1.52, , 
,245.79,2176,58.5,-15.2,11101000,246.12,2176,44.3,5.15,499.8,245.45,-16.0,1.41, , 
,246.79,2176,58.5,-15.2,11101000,247.13,2176,44.3,4.12,499.8,246.46,-14.8,1.45, , 
,247.83,2176,58.5,-15.2,11101000,248.18,2176,44.3,4.12,499.8,247.49,-14.8,1.45, , 
,248.83,2176,58.5,-14.1,11101000,249.17,2208,42.7,4.12,479.4,248.51,-14.5,1.41, , 
,249.85,2208,58.5,-14.5,11101000,250.18,2208,42.7,4.12,479.4,249.51,-14.1,1.48, , 
,250.86,2208,60.0,-14.5,11101000,251.20,2208,42.7,4.12,479.4,250.53,-14.1,1.41, , 
,251.86,2208,60.0,-14.8,11101000,252.20,2208,42.7,4.12,479.4,251.53,-14.5,1.45, , 
,252.88,2208,60.0,-14.5,11101000,253.24,2208,35.3,4.12,418.2,252.54,-14.1,1.45, , 
,253.91,2208,60.0,-14.8,11101000,254.27,2176,38.4,4.12,438.6,253.58,-15.6,1.33, , 
,254.94,2176,60.0,-14.1,11101000,255.27,2176,34.1,3.09,397.8,254.60,-14.1,1.48, , 
,255.97,2176,60.0,-14.8,11101000,256.32,2176,34.1,3.09,397.8,255.62,-14.8,1.41, , 
,257.02,2176,60.0,-16.8,11101000,257.35,2144,34.1,3.09,418.2,256.67,-16.8,1.45, , 
,258.01,2144,60.0,-16.4,11101000,258.36,2144,36.9,4.12,438.6,257.66,-16.0,1.45, , 
,259.04,2144,61.5,-14.8,11101000,259.37,2144,36.9,4.12,438.6,258.70,-15.6,1.41, , 
,260.07,2144,61.5,-14.5,11101000,260.41,2144,36.9,4.12,438.6,259.74,-14.5,1.45, , 
,261.08,2144,61.5,-14.8,11101000,261.42,2144,41.2,4.12,459.0,260.74,-14.5,1.37, , 
,262.12,2112,61.5,-14.8,11101000,262.46,2144,41.2,4.12,479.4,261.78,-14.1,1.45, , 
,263.12,2144,61.5,-14.5,11101000,263.45,2144,41.2,4.12,479.4,262.78,-14.8,1.37, , 
,264.12,2144,61.5,-15.2,11101000,264.44,2144,41.2,4.12,479.4,263.79,-14.8,1.41, , 
,265.13,2144,61.5,-15.2,11101000,265.47,2144,41.2,4.12,479.4,264.79,-14.8,1.45, , 
,266.16,2144,63.0,-14.8,11101000,266.49,2144,31.0,3.09,377.4,265.81,-15.2,1.37, , 
,267.19,2144,63.0,-14.8,11101000,267.53,2144,31.0,3.09,377.4,266.84,-14.8,1.45, , 
,268.22,2176,63.0,-15.2,11101000,268.58,2176,32.5,3.09,397.8,267.86,-15.2,1.37, , 
,269.27,2176,63.0,-15.6,11101000,269.60,2176,31.0,3.09,377.4,268.91,-15.6,1.41, , 
,270.28,2176,63.0,-14.8,11101000,270.64,2208,32.5,3.09,397.8,269.94,-15.2,1.41, , 
,271.34,2208,63.0,-14.8,11101000,271.69,2208,40.0,4.12,459.0,270.99,-15.2,1.41, , 
,272.38,2240,63.0,-12.1,11101000,272.69,2272,38.4,4.12,438.6,272.03,-13.3,1.48, , 
,273.37,2304,63.0,-11.7,11101000,273.69,2304,36.9,4.12,438.6,273.02,-11.7,1.41, , 
,274.36,2336,63.0,-10.5,11101000,274.70,2336,35.3,4.12,418.2,274.04,-10.9,1.45, , 
,275.36,2368,63.0,-12.1,11101000,275.75,2368,25.1,3.09,316.2,275.03,-10.9,1.37, , 
,276.43,2400,64.5,-21.1,11101000,276.78,2400,23.5,2.06,316.2,276.10,-18.0,1.13, , 
,277.43,2400,64.5,-25.0,11101000,277.79,2400,26.7,2.06,336.6,277.11,-24.2,1.33, , 
,278.52,2432,64.5,-21.1,11101000,278.85,2464,50.2,6.18,550.8,278.16,-25.4,1.60, , 
,279.54,2496,64.5,0.0,11101000,279.86,2528,62.0,8.24,652.8,279.20,0.0,0.51, , 
,280.54,2560,64.5,-10.2,11101000,280.86,2592,60.4,7.21,632.4,280.19,0.0,0.27, , 
,281.54,2656,64.5,-16.8,11101000,281.86,2688,57.6,6.18,612.0,281.19,-16.4,1.37, , 
,282.50,2720,64.5,-18.4,11101000,282.86,2752,60.4,6.18,632.4,282.17,-18.0,1.56, , 
,283.54,2816,64.5,-22.7,11101000,283.91,2848,79.6,8.24,826.2,283.20,-19.1,1.41, , 
,284.66,2912,66.0,-28.1,11101000,284.93,2944,78.4,7.21,795.6,284.24,-28.1,1.41, , 
,285.57,2432,66.0,0.0,11111100,285.90,1760,0.0,0.00,316.2,285.24,0.0,1.48, , 
,286.54,1696,66.0,0.0,11101010,286.87,2208,22.0,3.09,295.8,286.19,0.0,3.98, , 
,287.53,2272,66.0,0.0,11101000,287.88,2272,84.3,13.39,887.4,287.20,0.0,0.00, , 
,288.53,2336,66.0,0.0,11101000,288.87,2336,94.5,15.45,969.0,288.20,0.0,0.35, , 
,289.58,2368,66.0,-16.4,11101000,289.90,2400,94.5,11.33,969.0,289.19,0.0,0.16, , 
,290.60,2432,66.0,-29.7,11101000,290.95,2464,94.5,10.30,969.0,290.26,-25.4,1.17, , 
,291.66,2496,66.0,-31.6,11101000,291.99,2496,92.9,9.27,948.6,291.31,-32.0,1.17, , 
,292.66,2528,66.0,-32.4,11101000,293.00,2560,87.1,8.24,887.4,292.34,-32.4,1.13, , 
,293.63,2592,66.0,0.0,11101000,293.98,2592,65.1,8.24,693.6,293.33,0.0,0.51, , 
,294.62,2592,67.5,0.0,11101000,294.97,2592,42.7,5.15,479.4,294.30,0.0,0.35, , 
,295.65,2592,67.5,-7.0,11101000,296.00,2592,44.3,5.15,499.8,295.30,-5.9,0.98, , 
,296.70,2560,67.5,-10.9,11101000,297.05,2560,45.9,5.15,499.8,296.33,-9.0,1.37, , 
,297.74,2560,67.5,-10.9,11101000,298.07,2560,54.5,6.18,612.0,297.40,-10.2,1.48, , 
,298.76,2560,67.5,-14.8,11101000,299.10,2560,54.5,6.18,591.6,298.43,-14.8,1.41, , 
,299.74,2592,67.5,-15.6,11101000,300.09,2560,56.1,6.18,612.0,299.42,-15.6,1.48, , 
,300.77,2560,67.5,-15.2,11101000,301.12,2592,54.5,6.18,591.6,300.44,-15.6,1.45, , 
,301.77,2592,67.5,-15.6,11101000,302.08,2592,54.5,6.18,591.6,301.43,-15.6,1.41, , 
,302.74,2560,69.0,-14.8,11101000,303.10,2592,54.5,6.18,591.6,302.41,-14.8,1.48, , 
,303.80,2592,69.0,-14.5,11101000,304.13,2592,54.5,6.18,591.6,303.46,-14.5,1.45, , 
,304.81,2592,69.0,-14.1,11101000,305.17,2592,54.5,6.18,591.6,304.47,-14.5,1.37, , 
,305.86,2592,69.0,-14.1,11101000,306.19,2592,56.1,6.18,612.0,305.51,-13.7,1.45, , 
,306.87,2592,69.0,-15.2,11101000,307.19,2592,56.1,6.18,612.0,306.51,-14.8,1.41, , 
,307.88,2592,69.0,-14.8,11101000,308.22,2592,56.1,6.18,612.0,307.54,-14.8,1.41, , 
,308.89,2592,69.0,-15.2,11101000,309.22,2592,56.1,6.18,612.0,308.56,-15.2,1.41, , 
,309.88,2592,70.5,-15.6,11101000,310.24,2592,56.1,6.18,612.0,309.56,-15.2,1.45, , 
,310.92,2592,70.5,-16.0,11101000,311.26,2592,56.1,6.18,612.0,310.57,-15.6,1.41, , 
,311.95,2592,70.5,-15.6,11101000,312.28,2592,56.1,6.18,612.0,311.61,-16.0,1.37, , 
,312.95,2592,70.5,-15.6,11101000,313.28,2592,56.1,6.18,612.0,312.62,-15.6,1.41, , 
,313.98,2592,70.5,-16.0,11101000,314.29,2592,56.1,6.18,612.0,313.64,-15.6,1.45, , 
,314.98,2592,70.5,-16.0,11101000,315.30,2592,56.1,6.18,612.0,314.65,-15.6,1.45, , 
,315.98,2624,70.5,-14.8,11101000,316.32,2624,56.1,6.18,612.0,315.65,-16.0,1.37, , 
,316.98,2624,70.5,-14.1,11101000,317.32,2624,54.5,6.18,612.0,316.65,-14.5,1.41, , 
,318.01,2624,72.0,-14.5,11101000,318.36,2624,54.5,6.18,612.0,317.67,-14.5,1.41, , 
,319.03,2624,72.0,-14.5,11101000,319.37,2624,54.5,6.18,591.6,318.70,-14.5,1.37, , 
,320.05,2624,72.0,-13.7,11101000,320.37,2624,54.5,6.18,591.6,319.72,-14.1,1.37, , 
,321.04,2624,72.0,-14.1,11101000,321.38,2624,54.5,6.18,612.0,320.71,-14.1,1.41, , 
,322.02,2656,73.5,-14.1,11101000,322.36,2656,54.5,6.18,612.0,321.71,-13.3,1.45, , 
,323.05,2656,73.5,-13.3,11101000,323.39,2656,53.3,6.18,591.6,322.69,-14.1,1.37, , 
,324.07,2624,73.5,-11.7,11101000,324.42,2624,40.0,4.12,459.0,323.73,-12.9,1.37, , 
,325.09,2624,73.5,-8.6,11101000,325.42,2624,41.2,4.12,459.0,324.76,-9.0,1.48, , 
,326.07,2624,73.5,-8.2,11101000,326.39,2624,47.1,5.15,520.2,325.75,-7.8,1.41, , 
,327.04,2624,73.5,-7.4,11101000,327.35,2592,59.2,7.21,632.4,326.71,-7.0,1.37, , 
,327.99,2624,73.5,-13.3,11101000,328.31,2592,59.2,6.18,632.4,327.67,-12.5,1.21, , 
,328.98,2624,73.5,-15.6,11101000,329.33,2624,59.2,6.18,632.4,328.63,-15.6,1.37, , 
,329.99,2624,73.5,-16.4,11101000,330.32,2624,59.2,6.18,632.4,329.66,-15.6,1.48, , 
,330.99,2624,75.0,-16.0,11101000,331.32,2624,57.6,6.18,632.4,330.66,-15.6,1.45, , 
,331.98,2624,75.0,-15.2,11101000,332.32,2624,57.6,6.18,632.4,331.65,-15.6,1.41, , 
,332.99,2624,75.0,-14.8,11101000,333.33,2624,57.6,6.18,632.4,332.66,-15.2,1.41, , 
,333.99,2624,75.0,-15.2,11101000,334.33,2624,57.6,6.18,632.4,333.66,-15.2,1.41, , 
,335.00,2624,75.0,-14.8,11101000,335.34,2624,62.0,7.21,673.2,334.66,-14.5,1.41, , 
,336.02,2624,75.0,-16.8,11101000,336.37,2624,63.5,7.21,673.2,335.68,-16.4,1.29, , 
,337.04,2656,75.0,-16.8,11101000,337.36,2656,62.0,6.18,673.2,336.71,-16.8,1.41, , 
,338.03,2656,75.0,-16.4,11101000,338.37,2656,62.0,6.18,673.2,337.68,-16.8,1.48, , 
,339.03,2656,76.5,-16.8,11101000,339.39,2656,62.0,7.21,673.2,338.68,-16.0,1.45, , 
,340.06,2656,76.5,-16.4,11101000,340.41,2656,62.0,7.21,652.8,339.71,-16.8,1.33, , 
,341.10,2656,75.0,-16.0,11101000,341.46,2656,60.4,6.18,652.8,340.74,-16.0,1.45, , 
,342.11,2656,76.5,-16.4,11101000,342.44,2656,62.0,6.18,652.8,341.78,-16.4,1.45, , 
,343.13,2688,78.0,-16.0,11101000,343.47,2688,60.4,7.21,652.8,342.79,-16.0,1.37, , 
,344.17,2688,78.0,-16.0,11101000,344.52,2688,60.4,6.18,652.8,343.82,-16.0,1.41, , 
,345.20,2688,78.0,-16.0,11101000,345.54,2688,60.4,6.18,652.8,344.86,-15.6,1.48, , 
,346.23,2688,78.0,-16.0,11101000,346.58,2688,60.4,6.18,652.8,345.90,-16.0,1.41, , 
,347.22,2688,78.0,-15.6,11101000,347.53,2688,60.4,6.18,652.8,346.90,-15.6,1.37, , 
,348.18,2720,78.0,-16.0,11101000,348.51,2720,60.4,6.18,652.8,347.86,-15.6,1.41, , 
,349.16,2720,78.0,-15.6,11101000,349.49,2720,60.4,6.18,652.8,348.83,-15.6,1.45, , 
,350.16,2720,78.0,-15.2,11101000,350.50,2720,60.4,6.18,652.8,349.83,-15.6,1.45, , 
,351.17,2720,78.0,-15.6,11101000,351.51,2720,60.4,6.18,652.8,350.84,-15.6,1.37, , 
,352.19,2720,78.0,-15.6,11101000,352.54,2720,59.2,6.18,652.8,351.85,-15.6,1.41, , 
,353.24,2720,79.5,-15.2,11101000,353.61,2720,59.2,6.18,652.8,352.89,-15.2,1.48, , 
,354.31,2752,79.5,-14.5,11101000,354.66,2752,59.2,6.18,652.8,353.95,-15.6,1.41, , 
,355.32,2752,79.5,-14.1,11101000,355.67,2752,59.2,6.18,652.8,355.00,-14.5,1.41, , 
,356.40,2752,79.5,-14.1,11101000,356.76,2752,57.6,6.18,632.4,356.02,-14.8,1.45, , 
,357.40,2752,79.5,-14.1,11101001,357.76,2752,57.6,6.18,632.4,357.07,-14.5,1.41, , 
,358.41,2752,79.5,-14.1,11101001,358.78,2752,57.6,6.18,632.4,358.07,-13.7,1.41, , 
,359.44,2752,79.5,-14.1,11101001,359.79,2752,57.6,6.18,632.4,359.12,-14.1,1.45, , 
,360.46,2752,79.5,-13.3,11101001,360.81,2752,51.8,5.15,571.2,360.10,-13.7,1.48, , 
,361.48,2752,81.0,-11.3,11101001,361.83,2752,48.6,5.15,550.8,361.13,-10.9,1.48, , 
,362.54,2720,81.0,-9.0,11101001,362.89,2720,50.2,6.18,550.8,362.19,-9.8,1.48, , 
,363.58,2720,81.0,-10.9,11101001,363.92,2720,56.1,6.18,612.0,363.23,-10.5,1.29, , 
,364.61,2720,81.0,-11.7,11101001,364.94,2720,62.0,7.21,673.2,364.26,-11.3,1.37, , 
,365.63,2720,81.0,-17.6,11101001,365.99,2752,71.0,7.21,754.8,365.28,-16.4,1.09, , 
,366.65,2752,81.0,-19.5,11101001,366.98,2752,69.4,7.21,734.4,366.33,-19.9,1.37, , 
,367.66,2752,81.0,-15.2,11101001,368.00,2752,51.8,5.15,571.2,367.32,-18.4,1.52, , 
,368.67,2752,81.0,-10.9,11101001,368.99,2752,53.3,6.18,591.6,368.35,-12.1,1.56, , 
,369.69,2784,82.5,-16.0,11101001,370.02,2784,67.8,7.21,734.4,369.35,-13.3,1.09, , 
,370.71,2784,81.0,-17.2,11101001,371.07,2784,67.8,7.21,714.0,370.37,-17.2,1.33, , 
,371.72,2784,82.5,-13.3,11101001,372.06,2784,32.5,3.09,397.8,371.39,-16.8,1.48, , 
,372.75,2752,82.5,-6.6,11101001,373.11,2752,34.1,4.12,418.2,372.41,0.0,1.21, , 
,373.77,2752,82.5,-6.6,11101001,374.12,2752,40.0,4.12,459.0,373.43,-6.6,1.45, , 
,374.87,2720,82.5,-7.4,11101001,375.21,2720,40.0,4.12,459.0,374.50,-7.4,1.45, , 
,375.91,2720,82.5,-7.4,11101001,376.25,2720,42.7,5.15,499.8,375.57,-7.4,1.45, , 
,376.90,2688,82.5,-6.6,11101001,377.24,2688,42.7,5.15,499.8,376.57,-7.0,1.52, , 
,377.93,2688,82.5,-6.3,11101001,378.26,2688,42.7,5.15,479.4,377.58,-6.3,1.48, , 
,378.93,2688,82.5,-5.5,11101001,379.26,2656,42.7,5.15,479.4,378.59,-5.1,1.45, , 
,379.92,2656,82.5,-5.5,11101001,380.25,2656,42.7,5.15,499.8,379.59,-5.1,1.41, , 
,380.90,2656,82.5,-5.1,11101001,381.25,2656,41.2,5.15,479.4,380.58,-5.5,1.45, , 
,381.93,2624,81.0,-4.3,11101001,382.28,2624,41.2,5.15,479.4,381.59,-4.3,1.48, , 
,382.95,2624,81.0,-4.3,11101001,383.27,2624,41.2,5.15,479.4,382.62,-3.9,1.41, , 
,383.91,2592,79.5,-3.5,11101001,384.23,2592,41.2,5.15,479.4,383.59,-3.9,1.41, , 
,384.91,2592,79.5,-3.5,11101000,385.26,2592,41.2,5.15,479.4,384.58,-3.9,1.45, , 
,385.90,2592,78.0,-3.9,11101000,386.25,2592,42.7,5.15,479.4,385.59,-3.9,1.41, , 
,386.96,2560,78.0,-3.5,11101000,387.29,2560,41.2,5.15,479.4,386.60,-3.9,1.41, , 
,387.98,2560,78.0,-3.5,11101000,388.33,2560,42.7,5.15,479.4,387.64,-3.9,1.41, , 
,389.00,2528,76.5,-3.1,11101000,389.33,2560,41.2,5.15,479.4,388.66,-3.1,1.48, , 
,390.02,2528,76.5,-4.7,11101000,390.37,2528,42.7,5.15,479.4,389.69,-3.9,1.41, , 
,391.07,2528,76.5,-5.1,11101000,391.41,2528,42.7,5.15,479.4,390.71,-4.7,1.37, , 
,392.12,2496,76.5,-5.1,11101000,392.47,2496,23.5,3.09,316.2,391.78,-5.1,1.45, , 
,393.14,2496,75.0,-14.1,11101000,393.48,2464,17.6,2.06,244.8,392.78,0.0,0.90, , 
,394.17,2432,75.0,-25.4,11101000,394.49,2432,17.6,1.03,244.8,393.82,-23.0,1.02, , 
,395.15,2400,75.0,-29.7,11101000,395.50,2400,19.2,1.03,275.4,394.82,-29.7,1.37, , 
,396.14,2368,75.0,-29.3,11101000,396.46,2336,19.2,1.03,275.4,395.81,-29.3,1.48, , 
,397.13,2304,76.5,0.0,11111100,397.47,2240,0.0,0.00,275.4,396.80,-27.3,1.52, , 
,398.11,2208,76.5,0.0,11111100,398.45,2176,0.0,0.00,275.4,397.78,0.0,3.83, , 
,399.14,2112,76.5,0.0,11111100,399.47,2080,17.6,3.09,244.8,398.79,0.0,3.95, , 
,400.16,2048,76.5,0.0,11101000,400.50,1984,41.2,6.18,479.4,399.81,0.0,0.82, , 
,401.21,1984,76.5,0.0,11101010,401.57,1984,59.2,7.21,673.2,400.86,0.0,0.78, , 
,402.29,1952,76.5,-9.4,11101010,402.67,1952,56.1,6.18,632.4,401.94,-8.2,1.25, , 
,403.39,1920,76.5,-10.2,11101010,403.75,1920,51.8,6.18,612.0,403.02,-10.2,1.45, , 
,404.47,1920,76.5,-10.9,11101010,404.83,1920,50.2,5.15,591.6,404.10,-11.3,1.45, , 
,405.57,1920,76.5,-11.7,11101010,405.91,1920,48.6,5.15,571.2,405.18,-11.3,1.45, , 
,406.63,1920,76.5,-11.7,11101010,407.00,1952,47.1,5.15,550.8,406.26,-11.7,1.48, , 
,407.72,1952,78.0,-11.7,11101010,408.07,1952,51.8,6.18,591.6,407.35,-11.3,1.52, , 
,408.80,2016,78.0,-12.1,11101000,409.16,2016,57.6,6.18,652.8,408.43,-12.5,1.41, , 
,409.83,2048,78.0,-10.5,11101000,410.16,2080,56.1,6.18,632.4,409.50,-11.3,1.52, , 
,410.86,2112,78.0,-9.8,11101000,411.18,2144,54.5,6.18,612.0,410.51,-9.8,1.48, , 
,411.88,2176,78.0,-9.0,11101000,412.21,2176,53.3,6.18,612.0,411.53,-9.0,1.52, , 
,412.94,2208,78.0,-8.6,11101000,413.26,2240,53.3,6.18,612.0,412.59,-8.2,1.41, , 
,413.94,2240,78.0,-7.0,11101000,414.27,2240,53.3,6.18,612.0,413.60,-8.2,1.45, , 
,414.94,2272,78.0,-6.3,11101000,415.27,2272,57.6,7.21,632.4,414.61,-6.6,1.45, , 
,415.94,2272,79.5,-7.8,11101000,416.28,2272,67.8,7.21,734.4,415.61,-7.8,1.33, , 
,416.92,2304,78.0,-13.7,11101000,417.24,2304,69.4,7.21,754.8,416.61,-12.9,1.41, , 
,417.90,2336,79.5,-17.6,11101000,418.26,2336,71.0,7.21,754.8,417.58,-16.0,1.41, , 
,418.96,2336,79.5,-13.7,11101001,419.30,2336,71.0,7.21,754.8,418.62,-18.0,1.45, , 
,420.01,2368,79.5,-12.1,11101001,420.39,2368,69.4,7.21,754.8,419.64,-13.3,1.52, , 
,421.11,2400,79.5,-11.3,11101001,421.45,2400,69.4,7.21,754.8,420.76,-10.5,1.48, , 
,422.11,2432,79.5,-10.2,11101001,422.46,2432,67.8,7.21,734.4,421.78,-10.9,1.41, , 
,423.11,2464,79.5,-9.4,11101001,423.44,2464,67.8,7.21,734.4,422.79,-9.4,1.52, , 
,424.14,2464,81.0,-9.8,11101001,424.48,2464,65.1,7.21,693.6,423.77,-9.4,1.48, , 
,425.17,2496,81.0,-7.0,11101001,425.52,2496,63.5,7.21,673.2,424.84,-8.2,1.41, , 
,426.19,2496,81.0,-5.5,11101001,426.51,2496,62.0,7.21,673.2,425.84,-5.9,1.48, , 
,427.20,2528,81.0,-5.5,11101001,427.54,2528,60.4,7.21,673.2,426.88,-5.9,1.45, , 
,428.24,2528,81.0,-6.6,11101001,428.58,2528,54.5,6.18,612.0,427.88,-7.8,1.45, , 
,429.23,2528,81.0,-5.1,11101001,429.56,2528,54.5,6.18,612.0,428.91,-5.1,1.45, , 
,430.24,2528,82.5,-4.3,11101001,430.58,2528,54.5,6.18,612.0,429.89,-4.7,1.45, , 
,431.26,2528,82.5,-4.3,11101001,431.60,2560,54.5,6.18,612.0,430.92,-4.3,1.45, , 
,432.29,2560,82.5,-7.0,11101001,432.64,2560,53.3,6.18,591.6,431.95,-4.7,1.37, , 
,433.33,2560,82.5,-6.6,11101001,433.66,2560,50.2,6.18,571.2,432.98,-7.0,1.45, , 
,434.34,2528,82.5,-5.5,11101001,434.68,2528,50.2,6.18,571.2,433.99,-5.9,1.52, , 
,435.37,2528,82.5,-7.8,11101001,435.71,2528,50.2,6.18,571.2,435.04,-5.1,1.41, , 
,436.44,2528,82.5,-7.4,11101001,436.77,2528,50.2,6.18,571.2,436.08,-8.2,1.37, , 
,437.43,2528,82.5,-7.0,11101001,437.78,2528,50.2,6.18,571.2,437.09,-7.4,1.48, , 
,438.47,2528,82.5,-7.8,11101001,438.81,2528,51.8,6.18,571.2,438.12,-7.0,1.48, , 
,439.47,2528,82.5,-8.6,11101001,439.81,2528,51.8,6.18,571.2,439.14,-8.6,1.41, , 
,440.51,2528,82.5,-8.6,11101001,440.87,2528,51.8,6.18,571.2,440.17,-9.0,1.41, , 
,441.55,2528,82.5,-8.2,11101001,441.88,2528,50.2,6.18,571.2,441.21,-8.2,1.52, , 
,442.55,2528,82.5,-8.6,11101001,442.88,2528,50.2,6.18,571.2,442.22,-8.2,1.45, , 
,443.55,2528,82.5,-8.6,11101001,443.88,2528,50.2,6.18,571.2,443.21,-8.2,1.41, , 
,444.55,2528,81.0,-8.6,11101001,444.88,2528,50.2,6.18,571.2,444.22,-8.6,1.48, , 
,445.59,2528,81.0,-8.6,11101001,445.93,2528,50.2,6.18,571.2,445.24,-7.8,1.52, , 
,446.63,2528,81.0,-7.4,11101001,446.97,2528,51.8,6.18,571.2,446.28,-6.6,1.45, , 
,447.67,2528,79.5,-6.6,11101001,448.00,2528,51.8,6.18,571.2,447.32,-6.6,1.45, , 
,448.65,2528,79.5,-6.3,11101000,448.99,2528,51.8,6.18,571.2,448.33,-6.6,1.48, , 
,449.69,2528,79.5,-7.4,11101000,450.03,2528,51.8,6.18,591.6,449.36,-7.4,1.45, , 
,450.73,2528,78.0,-8.6,11101000,451.07,2528,59.2,7.21,652.8,450.38,-7.8,1.41, , 
,451.77,2528,78.0,-10.2,11101000,452.11,2528,60.4,7.21,652.8,451.42,-9.8,1.45, , 
,452.78,2560,78.0,-12.9,11101000,453.11,2560,65.1,7.21,693.6,452.45,-10.9,1.48, , 
,453.77,2560,78.0,-10.5,11101000,454.12,2560,65.1,7.21,714.0,453.43,-10.2,1.41, , 
,454.81,2592,76.5,-10.2,11101000,455.15,2592,65.1,7.21,693.6,454.48,-10.9,1.41, , 
,455.83,2592,78.0,-9.4,11101000,456.15,2592,63.5,7.21,693.6,455.49,-9.8,1.52, , 
,456.85,2592,76.5,-9.8,11101000,457.18,2592,60.4,6.18,652.8,456.51,-9.4,1.48, , 
,457.85,2624,76.5,-5.9,11101000,458.20,2624,56.1,6.18,612.0,457.51,-7.4,1.48, , 
,458.86,2624,76.5,-1.6,11101000,459.18,2624,54.5,6.18,591.6,458.53,-1.6,1.52, , 
,459.83,2624,78.0,-1.2,11101000,460.16,2624,54.5,6.18,591.6,459.51,-1.2,1.48, , 
,460.82,2624,78.0,-0.8,11101000,461.16,2624,56.1,6.18,612.0,460.49,-0.8,1.45, , 
,461.80,2624,78.0,-3.1,11101000,462.12,2624,48.6,5.15,550.8,461.48,-3.1,1.29, , 
,462.80,2624,78.0,0.0,11101000,463.11,2592,45.9,5.15,499.8,462.46,-1.2,1.52, , 
,463.78,2592,78.0,2.7,11101000,464.12,2592,42.7,5.15,499.8,463.43,2.0,1.48, , 
,464.80,2592,79.5,3.1,11101000,465.13,2592,42.7,5.15,479.4,464.44,3.1,1.48, , 
,465.81,2592,78.0,3.1,11101000,466.16,2560,42.7,5.15,499.8,465.48,3.5,1.45, , 
,466.85,2560,79.5,3.1,11101000,467.21,2560,42.7,5.15,499.8,466.50,3.1,1.41, , 
,467.88,2560,79.5,0.8,11101000,468.23,2560,42.7,5.15,499.8,467.54,0.8,1.48, , 
,468.91,2528,79.5,0.0,11101000,469.26,2528,44.3,5.15,499.8,468.58,0.4,1.48, , 
,469.94,2528,79.5,-5.1,11101001,470.25,2528,57.6,7.21,632.4,469.60,-0.8,1.37, , 
,470.93,2560,79.5,-7.8,11101001,471.29,2560,56.1,6.18,612.0,470.59,-7.8,1.33, , 
,471.96,2560,81.0,-9.8,11101001,472.29,2560,57.6,6.18,632.4,471.62,-9.4,1.52, , 
,472.98,2560,81.0,-10.2,11101001,473.33,2560,56.1,6.18,632.4,472.63,-10.2,1.48, , 
,473.99,2560,81.0,-9.8,11101001,474.34,2560,56.1,6.18,632.4,473.66,-9.4,1.45, , 
,475.03,2560,81.0,-9.4,11101001,475.36,2560,57.6,6.18,632.4,474.70,-9.8,1.52, , 
,476.03,2560,81.0,-9.8,11101001,476.38,2560,57.6,6.18,632.4,475.70,-9.8,1.48, , 
,477.05,2592,81.0,-10.2,11101001,477.38,2592,62.0,7.21,673.2,476.71,-9.8,1.41, , 
,478.07,2592,82.5,-11.3,11101001,478.41,2592,60.4,7.21,652.8,477.73,-11.7,1.45, , 
,479.09,2592,82.5,-11.7,11101001,479.41,2592,51.8,6.18,591.6,478.74,-11.7,1.52, , 
,480.08,2592,82.5,-7.0,11101001,480.39,2592,48.6,5.15,550.8,479.73,-8.6,1.52, , 
,481.07,2592,82.5,-3.5,11101001,481.41,2592,42.7,5.15,499.8,480.71,-4.3,1.48, , 
,482.08,2592,82.5,-0.8,11101001,482.42,2560,38.4,5.15,459.0,481.75,-0.8,1.45, , 
,483.10,2560,84.0,-5.9,11101001,483.41,2560,22.0,2.06,295.8,482.76,-2.0,1.41, , 
,484.11,2528,84.0,-15.6,11101001,484.44,2496,23.5,2.06,316.2,483.76,-13.3,1.09, , 
,485.11,2496,84.0,-20.7,11101001,485.46,2496,23.5,2.06,316.2,484.77,-19.1,1.37, , 
,486.16,2464,84.0,-21.5,11101001,486.51,2464,35.3,3.09,418.2,485.81,-22.3,1.48, , 
,487.19,2432,84.0,-9.4,11101001,487.53,2432,41.2,5.15,479.4,486.85,-14.1,1.76, , 
,488.27,2432,84.0,-2.7,11101001,488.60,2432,53.3,6.18,591.6,487.90,-5.1,1.64, , 
,489.30,2432,84.0,-4.7,11101001,489.64,2432,56.1,7.21,632.4,488.95,-3.5,1.41, , 
,490.35,2432,82.5,-5.9,11101001,490.71,2432,56.1,7.21,612.0,489.99,-5.5,1.33, , 
,491.44,2432,82.5,-7.0,11101001,491.79,2432,62.0,7.21,673.2,491.06,-7.0,1.41, , 
,492.48,2464,82.5,-9.8,11101001,492.84,2464,63.5,7.21,693.6,492.14,-9.8,1.37, , 
,493.57,2464,81.0,-7.8,11101001,493.94,2464,63.5,7.21,693.6,493.21,-7.4,1.41, , 
,494.62,2464,81.0,-7.8,11101001,494.98,2496,57.6,6.18,652.8,494.26,-7.8,1.52, , 
,495.70,2496,81.0,1.2,11101001,496.06,2464,44.3,5.15,499.8,495.34,0.0,1.60, , 
,496.75,2464,79.5,0.0,11101001,497.09,2432,22.0,2.06,295.8,496.41,2.3,1.52, , 
,497.81,2432,78.0,-10.5,11101000,498.15,2400,22.0,2.06,295.8,497.46,-7.0,1.05, , 
,498.86,2400,78.0,-18.8,11101000,499.21,2368,22.0,2.06,295.8,498.49,-16.8,1.17, , 
,499.87,2336,78.0,-11.3,11101000,500.21,2336,17.6,1.03,275.4,499.54,-20.3,1.45, , 
,500.88,2336,78.0,-10.2,11111100,501.21,2304,0.0,0.00,275.4,500.54,-9.8,1.45, , 
,501.88,2272,78.0,0.0,11111100,502.20,2240,0.0,0.00,275.4,501.55,0.0,3.09, , 
,502.86,2208,78.0,0.0,11111100,503.18,2208,0.0,0.00,275.4,502.53,0.0,3.87, , 
,503.86,2176,78.0,0.0,11111100,504.19,2144,0.0,0.00,275.4,503.52,0.0,3.91, , 
,504.88,2112,78.0,0.0,11111100,505.21,2112,0.0,0.00,275.4,504.54,0.0,3.95, , 
,505.93,2048,78.0,0.0,11111100,506.29,2016,0.0,0.00,275.4,505.57,0.0,3.91, , 
,507.00,1920,78.0,0.0,11111110,507.37,1888,0.0,0.00,295.8,506.64,0.0,3.95, , 
,508.05,1856,78.0,0.0,11111110,508.40,1824,0.0,0.00,316.2,507.72,0.0,3.95, , 
,509.10,1792,78.0,0.0,11101010,509.50,1792,22.0,3.09,316.2,508.73,0.0,3.95, , 
,510.19,1760,78.0,0.0,11101010,510.53,1728,25.1,3.09,336.6,509.81,0.0,0.51, , 
,511.24,1696,78.0,-2.7,11101010,511.61,1696,44.3,6.18,520.2,510.89,-3.5,1.33, , 
,512.32,1664,78.0,0.0,11101010,512.68,1664,50.2,6.18,591.6,511.95,0.0,1.13, , 
,513.33,1664,78.0,0.0,11111110,513.64,1312,0.0,0.00,418.2,513.02,-3.1,1.45, , 
,514.24,1120,78.0,0.0,11111110,514.56,1088,26.7,4.12,377.4,513.94,0.0,3.36, , 
,515.18,864,78.0,0.0,11111110,515.48,864,26.7,3.09,397.8,514.87,0.0,0.47, , 
,516.09,896,79.5,-3.5,11111110,516.40,896,28.2,3.09,397.8,515.78,0.0,0.66, , 
,517.03,896,79.5,-12.9,11111110,517.33,864,28.2,3.09,397.8,516.71,-11.3,0.98, , 
,517.94,864,79.5,-14.1,11111110,518.26,864,28.2,3.09,397.8,517.62,-14.5,1.45, , 
,518.87,896,79.5,-12.1,11111110,519.20,864,28.2,3.09,397.8,518.57,-12.9,1.56, , 
,519.83,896,79.5,-10.9,11111110,520.13,896,28.2,3.09,397.8,519.52,-10.9,1.52, , 
,520.75,896,79.5,-10.5,11111111,521.06,896,28.2,3.09,397.8,520.44,-10.5,1.48, , 
,521.69,896,79.5,-10.5,11111111,521.99,864,28.2,3.09,397.8,521.37,-10.5,1.45, , 
,522.60,864,79.5,-10.9,11111111,522.89,864,28.2,3.09,397.8,522.30,-10.9,1.45, , 
,523.47,864,79.5,-11.3,11111111,523.79,896,28.2,3.09,397.8,523.19,-10.9,1.45, , 
,524.39,896,79.5,-11.3,11111111,524.70,864,28.2,3.09,397.8,524.10,-11.3,1.45, , 
,525.32,896,79.5,-11.3,11111111,525.63,960,26.7,3.09,377.4,524.99,-11.7,1.45, , 
,526.23,992,79.5,0.0,11101011,526.51,960,50.2,8.24,612.0,525.93,-12.5,1.52, , 
,527.19,992,79.5,0.0,11101011,527.53,960,34.1,4.12,459.0,526.86,0.0,1.13, , 
,528.15,1120,81.0,0.0,11101011,528.46,1120,47.1,6.18,591.6,527.84,0.0,0.90, , 
,529.09,1184,81.0,-9.4,11101011,529.44,1248,41.2,5.15,520.2,528.79,-9.4,0.98, , 
,530.08,1344,81.0,0.0,11101011,530.41,1408,66.3,11.33,775.2,529.76,-10.9,1.37, , 
,531.00,1504,81.0,0.0,11101011,531.38,1600,50.2,6.18,591.6,530.67,0.0,0.51, , 
,532.08,1696,81.0,0.0,11101011,532.44,1760,53.3,6.18,612.0,531.74,0.0,1.45, , 
,533.16,1856,81.0,-3.1,11101011,533.52,1920,45.9,5.15,550.8,532.80,-2.3,1.41, , 
,534.24,1984,81.0,-4.7,11101001,534.58,2016,35.3,4.12,438.6,533.87,-3.9,1.45, , 
,535.28,2016,81.0,-5.9,11101001,535.62,1984,25.1,3.09,336.6,534.92,-3.9,1.45, , 
,536.36,1952,81.0,-13.3,11101011,536.71,1920,20.8,2.06,295.8,535.99,-9.8,1.25, , 
,537.44,1856,82.5,-10.5,11111111,537.77,1824,22.0,2.06,316.2,537.08,-9.0,1.52, , 
,538.46,1728,81.0,-6.3,11111111,538.84,1632,23.5,2.06,336.6,538.13,-9.0,1.56, , 
,539.57,1056,82.5,0.0,11111111,539.87,1024,31.0,4.12,418.2,539.24,0.0,1.60, , 
,540.47,928,82.5,0.0,11111111,540.75,832,28.2,3.09,397.8,540.17,0.0,1.60, , 
,541.36,896,82.5,0.0,11111111,541.67,896,29.4,3.09,418.2,541.04,0.0,0.51, , 
,542.26,896,81.0,-5.9,11111111,542.57,896,28.2,3.09,397.8,541.97,-3.1,0.86, , 
,543.18,896,82.5,-9.4,11101011,543.49,960,41.2,6.18,520.2,542.88,-8.2,1.33, , 
,544.14,960,82.5,0.0,11101011,544.48,992,45.9,6.18,571.2,543.80,0.0,1.17, , 
,545.15,1056,82.5,-8.6,11101011,545.46,1088,42.7,5.15,550.8,544.81,-8.2,1.05, , 
,546.10,1184,82.5,-9.4,11101011,546.43,1216,59.2,9.27,693.6,545.80,-9.4,1.41, , 
,547.12,1376,82.5,0.0,11101011,547.47,1536,72.2,10.30,826.2,546.76,0.0,0.63, , 
,548.17,1760,82.5,-6.6,11101011,548.52,1856,60.4,7.21,693.6,547.81,0.0,0.98, , 
,549.23,2048,82.5,-6.3,11101001,549.58,2112,54.5,6.18,632.4,548.87,-7.0,1.48, , 
,550.26,2272,82.5,-5.1,11101001,550.62,2336,56.1,6.18,632.4,549.91,-5.9,1.52, , 
,551.31,2528,82.5,-5.1,11101001,551.65,2592,54.5,6.18,612.0,550.96,-4.7,1.45, , 
,552.34,2752,82.5,-4.3,11101001,552.69,2816,51.8,6.18,571.2,552.00,-4.7,1.45, , 
,553.35,2208,82.5,0.0,11111101,553.71,1632,0.0,0.00,316.2,553.00,0.0,1.48, , 
,554.39,1536,82.5,0.0,11101011,554.75,1824,20.8,3.09,295.8,554.03,0.0,3.79, , 
,555.45,1760,82.5,0.0,11101011,555.84,1792,35.3,4.12,438.6,555.13,0.0,0.59, , 
,556.52,1824,82.5,0.0,11101011,556.87,1824,50.2,6.18,591.6,556.17,0.0,1.48, , 
,557.59,1856,82.5,-3.1,11101011,557.95,1888,51.8,6.18,612.0,557.24,-2.7,1.45, , 
,558.66,1952,81.0,-3.9,11101011,559.01,1952,51.8,6.18,591.6,558.31,-3.5,1.41, , 
,559.72,1984,81.0,-4.7,11101001,560.06,2016,50.2,6.18,591.6,559.38,-4.3,1.52, , 
,560.75,2048,81.0,-5.1,11101001,561.10,2048,50.2,6.18,571.2,560.41,-5.1,1.48, , 
,561.81,2080,81.0,-3.9,11101001,562.17,2112,47.1,5.15,550.8,561.46,-4.7,1.52, , 
,562.84,2112,81.0,-3.1,11101001,563.19,2144,47.1,5.15,550.8,562.50,-3.1,1.48, , 
,563.85,2176,81.0,-0.8,11101001,564.18,2176,45.9,5.15,520.2,563.52,-2.0,1.52, , 
,564.85,2176,79.5,0.0,11101001,565.20,2208,42.7,5.15,499.8,564.51,0.0,1.48, , 
,565.88,2208,79.5,-1.2,11101001,566.23,2176,38.4,4.12,459.0,565.54,-1.2,1.41, , 
,566.91,2208,79.5,-2.3,11101001,567.25,2208,38.4,4.12,459.0,566.56,-2.0,1.45, , 
,567.96,2176,79.5,-2.7,11101000,568.31,2208,38.4,4.12,459.0,567.60,-2.7,1.45, , 
,568.99,2176,79.5,-3.1,11101000,569.32,2176,38.4,4.12,459.0,568.65,-2.7,1.48, , 
,570.00,2176,79.5,-3.9,11101000,570.33,2176,35.3,4.12,418.2,569.67,-3.1,1.45, , 
,570.99,2144,78.0,-3.1,11101000,571.33,2144,35.3,4.12,418.2,570.65,-3.1,1.52, , 
,572.01,2112,78.0,-3.9,11101000,572.37,2112,36.9,4.12,438.6,571.65,-3.5,1.48, , 
,573.06,2112,78.0,-3.5,11101000,573.40,2080,41.2,5.15,479.4,572.71,-3.1,1.52, , 
,574.10,2112,78.0,-3.9,11101000,574.46,2080,41.2,5.15,479.4,573.76,-3.9,1.48, , 
,575.17,2080,78.0,-4.7,11101000,575.51,2080,41.2,5.15,479.4,574.81,-4.7,1.45, , 
,576.21,2080,78.0,-3.9,11101000,576.57,2112,47.1,6.18,550.8,575.87,-4.3,1.48, , 
,577.26,2112,78.0,-2.0,11101000,577.62,2112,47.1,5.15,550.8,576.92,-3.1,1.52, , 
,578.32,2112,78.0,-1.2,11101000,578.67,2144,47.1,6.18,550.8,577.96,-1.2,1.48, , 
,579.34,2144,78.0,-2.3,11101000,579.69,2144,54.5,6.18,612.0,578.99,-1.2,1.45, , 
,580.37,2144,78.0,-3.1,11101000,580.71,2176,59.2,7.21,652.8,580.04,-3.1,1.41, , 
,581.38,2208,78.0,-5.5,11101000,581.71,2208,59.2,7.21,652.8,581.05,-5.1,1.41, , 
,582.39,2240,78.0,-6.3,11101000,582.74,2240,57.6,7.21,652.8,582.06,-6.3,1.48, , 
,583.42,2272,79.5,-6.3,11101000,583.76,2272,60.4,7.21,673.2,583.08,-6.6,1.45, , 
,584.43,2304,79.5,-9.4,11101000,584.79,2336,63.5,7.21,693.6,584.10,-7.4,1.48, , 
,585.51,2336,79.5,-9.0,11101000,585.86,2336,62.0,7.21,673.2,585.16,-9.4,1.48, , 
,586.54,2368,79.5,-9.0,11101000,586.89,2368,59.2,7.21,652.8,586.20,-9.4,1.48, , 
,587.68,2400,79.5,-5.5,11101001,588.08,2400,59.2,7.21,652.8,587.28,-8.2,1.52, , 
,588.78,2368,79.5,-5.1,11101001,589.16,2400,59.2,7.21,652.8,588.43,-4.7,1.45, , 
,589.83,2400,79.5,-7.0,11101001,590.19,2368,66.3,7.21,714.0,589.50,-5.1,1.48, , 
,590.86,2400,81.0,-11.3,11101001,591.18,2432,76.9,8.24,826.2,590.51,-10.2,1.37, , 
,591.87,2432,81.0,-17.6,11101001,592.22,2432,76.9,8.24,826.2,591.51,-16.8,1.33, , 
,592.93,2464,81.0,-18.4,11101001,593.24,2496,73.7,8.24,775.2,592.57,-17.6,1.56, , 
,593.87,2496,81.0,-14.1,11101001,594.23,2496,73.7,8.24,775.2,593.55,-14.8,1.48, , 
,594.93,2528,81.0,-12.9,11101001,595.26,2560,72.2,8.24,775.2,594.57,-14.5,1.48, , 
,595.95,2560,82.5,-11.3,11101001,596.27,2592,72.2,8.24,775.2,595.61,-10.9,1.52, , 
,596.95,2592,82.5,-11.3,11101001,597.28,2592,71.0,8.24,754.8,596.62,-10.9,1.48, , 
,597.94,2624,82.5,-10.2,11101001,598.27,2624,71.0,8.24,754.8,597.60,-11.3,1.33, , 
,598.93,2656,82.5,-8.2,11101001,599.28,2656,71.0,8.24,754.8,598.59,-9.0,1.45, , 
,599.98,2656,82.5,-8.2,11101001,600.30,2688,69.4,7.21,754.8,599.62,-7.8,1.52, , 
,600.95,2688,82.5,-7.4,11101001,601.30,2720,69.4,8.24,734.4,600.61,-7.4,1.48, , 
,601.99,2720,82.5,-6.3,11101001,602.31,2400,0.0,0.00,336.6,601.65,-7.4,1.37, , 
,603.00,1312,84.0,0.0,11101011,603.32,1376,31.0,5.15,397.8,602.65,0.0,3.83, , 
,604.04,1824,84.0,0.0,11101011,604.43,1824,57.6,8.24,652.8,603.67,0.0,0.90, , 
,605.19,1824,84.0,0.0,11101011,605.56,1824,71.0,8.24,795.6,604.82,0.0,1.17, , 
,606.30,1856,84.0,-5.1,11101011,606.67,1856,69.4,8.24,775.2,605.93,-5.1,1.37, , 
,607.42,1856,84.0,-5.5,11101011,607.79,1856,65.1,8.24,734.4,607.04,-5.5,1.48, , 
,608.49,1856,84.0,-0.4,11101011,608.86,1856,65.1,8.24,734.4,608.16,0.0,1.45, , 
,609.60,1856,84.0,-0.8,11101011,609.97,1856,65.1,7.21,734.4,609.23,-0.8,1.45, , 
,610.72,1856,84.0,-1.2,11101011,611.09,1856,63.5,7.21,714.0,610.34,-1.2,1.41, , 
,611.84,1856,85.5,-0.8,11101011,612.20,1856,63.5,7.21,714.0,611.47,-0.8,1.52, , 
,612.97,1888,84.0,-0.4,11101011,613.34,1856,60.4,7.21,693.6,612.59,-0.4,1.52, , 
,614.09,1856,84.0,0.0,11101011,614.46,1856,56.1,6.18,652.8,613.72,-1.2,1.48, , 
,615.18,1856,82.5,1.6,11101011,615.56,1856,56.1,7.21,652.8,614.83,1.2,1.45, , 
,616.33,1856,82.5,1.6,11101011,616.69,1856,56.1,7.21,652.8,615.94,1.6,1.48, , 
,617.45,1824,82.5,-0.8,11101011,617.82,1824,57.6,7.21,652.8,617.08,-0.8,1.48, , 
,618.58,1824,81.0,-1.2,11101011,618.94,1824,57.6,7.21,673.2,618.19,-1.2,1.45, , 
,619.68,1792,81.0,-2.7,11101011,620.06,1792,59.2,7.21,673.2,619.32,-2.0,1.41, , 
,620.80,1824,81.0,-2.3,11101011,621.16,1824,59.2,7.21,673.2,620.42,-2.3,1.45, , 
,621.89,1792,79.5,-3.5,11101011,622.25,1792,59.2,7.21,673.2,621.51,-2.7,1.45, , 
,622.96,1792,79.5,-3.5,11101011,623.34,1824,59.2,7.21,673.2,622.60,-3.5,1.48, , 
,624.09,1824,79.5,-7.0,11101010,624.45,1824,69.4,8.24,775.2,623.72,-3.1,1.52, , 
,625.18,1824,79.5,-8.6,11101010,625.56,1856,69.4,8.24,754.8,624.81,-7.8,1.48, , 
,626.32,1888,79.5,-7.4,11101010,626.70,1888,67.8,7.21,754.8,625.94,-8.6,1.45, , 
,627.44,1920,79.5,-5.9,11101010,627.80,1952,66.3,8.24,734.4,627.07,-6.6,1.48, , 
,628.52,1952,79.5,-5.5,11101010,628.87,1952,42.7,4.12,520.2,628.15,-5.5,1.52, , 
,629.61,1952,79.5,1.6,11101010,629.97,1952,41.2,4.12,479.4,629.23,0.0,1.60, , 
,630.67,1952,79.5,-0.4,11101010,631.04,1920,41.2,5.15,499.8,630.32,0.0,1.45, , 
,631.76,1952,79.5,-0.8,11101010,632.13,1952,44.3,5.15,520.2,631.41,-0.8,1.48, , 
,632.85,1952,79.5,0.0,11101011,633.20,1952,44.3,5.15,520.2,632.48,-0.4,1.45, , 
,633.94,1952,79.5,0.4,11101011,634.31,1952,44.3,5.15,520.2,633.56,0.4,1.48, , 
,635.04,1952,79.5,-1.6,11101011,635.41,1952,42.7,5.15,499.8,634.67,0.4,1.48, , 
,636.12,1952,81.0,-2.3,11101011,636.48,1952,42.7,5.15,499.8,635.76,-1.6,1.45, , 
,637.21,1952,81.0,-1.2,11101011,637.57,1984,45.9,5.15,550.8,636.85,-1.6,1.52, , 
,638.29,1984,81.0,0.0,11101001,638.65,2016,44.3,5.15,520.2,637.93,-0.4,1.48, , 
,639.37,2016,81.0,-0.4,11101001,639.72,2016,41.2,5.15,499.8,639.02,0.0,1.48, , 
,640.41,2016,81.0,-0.8,11101001,640.76,2048,40.0,4.12,479.4,640.06,-1.2,1.45, , 
,641.46,2048,81.0,-2.7,11101001,641.82,2048,40.0,5.15,479.4,641.11,-2.3,1.48, , 
,642.53,2080,82.5,-3.1,11101001,642.88,2080,26.7,3.09,357.0,642.18,-2.3,1.48, , 
,643.58,2048,82.5,-5.1,11101001,643.91,2080,25.1,3.09,336.6,643.22,-4.7,1.41, , 
,644.63,2080,82.5,-9.0,11101001,644.99,2080,25.1,3.09,336.6,644.26,-7.8,1.37, , 
,645.70,2080,82.5,-10.5,11101001,646.06,2080,26.7,3.09,336.6,645.35,-10.5,1.45, , 
,646.76,2080,82.5,-10.9,11101001,647.10,2080,25.1,2.06,336.6,646.40,-11.3,1.48, , 
,647.79,2080,82.5,-13.7,11101001,648.15,2080,25.1,2.06,336.6,647.43,-12.5,1.45, , 
,648.85,2080,82.5,-13.3,11101001,649.18,2080,25.1,2.06,336.6,648.52,-13.3,1.48, , 
,649.90,2080,84.0,-14.1,11101001,650.26,2080,25.1,2.06,336.6,649.54,-13.3,1.48, , 
,650.98,2080,84.0,-11.7,11101001,651.34,2048,25.1,2.06,336.6,650.62,-13.7,1.56, , 
,652.05,2048,84.0,-9.8,11101001,652.40,2048,26.7,2.06,357.0,651.69,-10.2,1.52, , 
,653.13,2048,84.0,-5.5,11101001,653.48,2048,26.7,3.09,357.0,652.78,-7.4,1.56, , 
,654.17,2016,84.0,-0.8,11101001,654.52,2016,26.7,3.09,357.0,653.83,-2.7,1.56, , 
,655.23,2016,84.0,1.6,11101001,655.58,2016,26.7,3.09,357.0,654.88,0.0,1.48, , 
,656.28,2016,84.0,1.6,11101001,656.64,2016,28.2,3.09,357.0,655.92,1.6,1.45, , 
,657.34,1984,84.0,0.8,11101001,657.71,1984,28.2,3.09,357.0,656.99,0.8,1.37, , 
,658.42,1984,84.0,-0.8,11101011,658.79,1984,35.3,4.12,438.6,658.06,-0.8,1.45, , 
,659.52,1984,82.5,0.0,11101011,659.86,1984,42.7,5.15,520.2,659.16,-1.2,1.41, , 
,660.56,1984,82.5,1.6,11101011,660.93,1984,41.2,5.15,499.8,660.21,1.6,1.48, , 
,661.67,1984,82.5,-0.8,11101011,662.03,1984,42.7,5.15,499.8,661.31,-0.8,1.48, , 
,662.77,1984,82.5,-1.6,11101001,663.13,1984,42.7,5.15,499.8,662.39,-0.8,1.45, , 
,663.82,1984,81.0,-1.6,11101011,664.16,1984,54.5,7.21,632.4,663.47,-1.2,1.52, , 
,664.87,1984,81.0,-1.6,11101001,665.24,1984,50.2,6.18,591.6,664.51,-1.2,1.48, , 
,665.92,2016,81.0,-3.1,11101001,666.28,2016,48.6,6.18,571.2,665.58,-3.5,1.45, , 
,667.02,2016,81.0,-3.5,11101001,667.36,2016,47.1,6.18,571.2,666.65,-3.9,1.45, , 
,668.05,2016,81.0,-3.9,11101001,668.41,2016,47.1,5.15,550.8,667.70,-3.9,1.48, , 
,669.11,2048,81.0,-3.9,11101001,669.47,2048,45.9,5.15,550.8,668.76,-3.9,1.52, , 
,670.16,2048,79.5,-3.9,11101001,670.52,2048,44.3,5.15,520.2,669.81,-3.9,1.45, , 
,671.20,2048,79.5,-3.5,11101001,671.54,2080,44.3,5.15,520.2,670.86,-3.9,1.48, , 
,672.24,2080,79.5,-3.5,11101001,672.61,2112,44.3,5.15,520.2,671.88,-3.1,1.48, , 
,673.29,2112,79.5,-2.7,11101001,673.65,2112,44.3,5.15,499.8,672.96,-3.5,1.52, , 
,674.38,2144,79.5,-3.1,11101001,674.72,2144,38.4,4.12,459.0,674.01,-2.7,1.45, , 
,675.39,2144,79.5,-2.3,11101000,675.74,2144,35.3,4.12,438.6,675.06,-2.7,1.52, , 
,676.42,2144,79.5,-1.2,11101001,676.76,2144,36.9,4.12,438.6,676.07,-1.2,1.48, , 
,677.45,2144,79.5,-2.0,11101000,677.80,2176,36.9,4.12,438.6,677.12,-1.6,1.45, , 
,678.47,2176,79.5,-2.3,11101001,678.81,2176,36.9,4.12,438.6,678.14,-2.0,1.45, , 
,679.51,2176,79.5,-2.3,11101001,679.84,2176,36.9,4.12,438.6,679.16,-2.0,1.45, , 
,680.51,2176,79.5,-2.7,11101001,680.85,2176,36.9,4.12,438.6,680.18,-2.7,1.48, , 
,681.51,2176,79.5,-2.7,11101001,681.85,2176,32.5,4.12,418.2,681.17,-2.7,1.45, , 
,682.51,2176,79.5,-3.9,11101001,682.84,2144,19.2,2.06,275.4,682.18,-4.7,1.37, , 
,683.52,2144,81.0,0.0,11111101,683.85,2112,0.0,0.00,275.4,683.19,-9.0,1.25, , 
,684.54,2080,81.0,0.0,11111101,684.88,2080,0.0,0.00,275.4,684.19,0.0,3.71, , 
,685.58,2016,81.0,0.0,11111101,685.89,1984,0.0,0.00,244.8,685.22,0.0,3.95, , 
,686.62,1952,81.0,0.0,11111111,686.99,1920,0.0,0.00,275.4,686.25,0.0,3.87, , 
,687.71,1920,81.0,0.0,11101011,688.08,1888,19.2,2.06,275.4,687.35,0.0,3.95, , 
,688.79,1792,81.0,0.0,11111111,689.13,1696,0.0,0.00,316.2,688.43,0.0,0.66, , 
,689.84,1408,81.0,0.0,11111111,690.16,1280,23.5,3.09,336.6,689.50,0.0,3.83, , 
,690.78,1120,81.0,0.0,11111111,691.10,1088,25.1,3.09,357.0,690.46,0.0,3.55, , 
,691.70,1056,81.0,0.0,11111111,692.02,1024,34.1,5.15,418.2,691.39,0.0,0.59, , 
,692.61,1504,81.0,0.0,11101011,692.94,1504,73.7,12.36,826.2,692.35,0.0,0.00, , 
,693.61,1664,82.5,0.0,11101011,693.96,1696,87.1,13.39,969.0,693.28,0.0,0.70, , 
,694.64,1856,82.5,0.0,11101011,695.00,1920,88.6,12.36,969.0,694.29,0.0,0.90, , 
,695.73,2080,82.5,0.0,11111101,696.08,1440,0.0,0.00,377.4,695.36,-10.9,1.29, , 
,696.77,1600,82.5,0.0,11101011,697.09,1536,75.3,11.33,846.6,696.39,0.0,3.79, , 
,697.80,1600,82.5,0.0,11101011,698.14,1632,84.3,12.36,948.6,697.45,0.0,0.90, , 
,698.84,1696,82.5,-8.6,11101011,699.21,1760,84.3,10.30,928.2,698.48,0.0,0.86, , 
,699.94,1824,82.5,-11.7,11101011,700.30,1856,84.3,10.30,928.2,699.58,-10.2,1.37, , 
,701.02,1952,82.5,-16.8,11101011,701.37,1984,82.7,9.27,907.8,700.66,-15.6,1.48, , 
,702.06,2016,82.5,-18.8,11101001,702.41,2048,81.2,9.27,887.4,701.72,-19.1,1.48, , 
,703.09,2112,82.5,-19.9,11101001,703.45,2144,79.6,9.27,867.0,702.75,-19.5,1.52, , 
,704.14,2208,82.5,-19.1,11101001,704.48,2240,78.4,8.24,846.6,703.79,-20.3,1.45, , 
,705.15,2304,82.5,-19.1,11101001,705.49,2336,76.9,8.24,846.6,704.83,-18.8,1.56, , 
,706.18,2400,84.0,-18.0,11101001,706.56,2432,75.3,8.24,826.2,705.84,-17.2,1.52, , 
,707.27,2496,82.5,-16.4,11101001,707.60,2528,71.0,8.24,775.2,706.93,-17.2,1.52, , 
,708.27,2592,84.0,-14.1,11101001,708.60,2624,71.0,8.24,754.8,707.92,-14.5,1.56, , 
,709.28,2688,84.0,-15.6,11101001,709.62,2720,76.9,8.24,826.2,708.93,-13.3,1.41, , 
,710.31,2784,84.0,-19.5,11101001,710.64,2848,79.6,8.24,846.6,709.96,-19.1,1.25, , 
,711.32,2912,82.5,-20.3,11101001,711.69,2944,76.9,8.24,826.2,710.97,-20.7,1.52, , 
,712.37,2080,84.0,0.0,11111101,712.72,1472,0.0,0.00,336.6,712.02,0.0,3.09, , 
,713.39,2304,84.0,0.0,11101001,713.71,2272,23.5,3.09,316.2,713.06,0.0,3.55, , 
,714.37,2272,84.0,0.0,11101001,714.71,2272,72.2,10.30,795.6,714.03,-3.9,1.21, , 
,715.37,2272,82.5,0.0,11101001,715.70,2304,47.1,6.18,550.8,715.04,0.0,1.17, , 
,716.36,2304,82.5,1.2,11101001,716.68,2304,47.1,6.18,550.8,716.03,0.8,1.56, , 
,717.33,2336,82.5,0.0,11101001,717.65,2336,62.0,7.21,693.6,717.01,0.0,1.33, , 
,718.36,2368,84.0,-6.3,11101001,718.72,2368,60.4,7.21,673.2,718.01,-5.1,1.37, , 
,719.40,2368,82.5,-8.2,11101001,719.76,2400,59.2,7.21,652.8,719.04,-7.0,1.52, , 
,720.46,2400,84.0,-6.6,11101001,720.83,2400,56.1,7.21,632.4,720.11,-6.6,1.48, , 
,721.49,2432,82.5,-3.9,11101001,721.83,2432,47.1,6.18,550.8,721.16,-4.7,1.52, , 
,722.57,2432,82.5,0.4,11101001,722.94,2432,47.1,6.18,550.8,722.20,0.0,1.56, , 
,723.69,2432,82.5,1.6,11101001,724.02,2432,47.1,6.18,550.8,723.32,0.8,1.41, , 
,724.73,2432,82.5,1.6,11101001,725.08,2432,47.1,6.18,550.8,724.37,2.0,1.48, , 
,725.82,2432,82.5,1.2,11101001,726.17,2432,47.1,6.18,550.8,725.46,1.2,1.45, , 
,726.88,2432,82.5,1.6,11101001,727.25,2432,45.9,6.18,520.2,726.54,1.2,1.48, , 
,727.97,2432,82.5,2.3,11101001,728.33,2432,45.9,6.18,520.2,727.62,2.0,1.48, , 
,729.03,2432,82.5,2.7,11101001,729.40,2464,45.9,6.18,520.2,728.68,2.3,1.45, , 
,730.15,2432,82.5,2.0,11101001,730.52,2432,48.6,6.18,550.8,729.76,3.1,1.52, , 
,731.19,2432,82.5,-1.6,11101001,731.55,2400,53.3,6.18,612.0,730.86,-0.4,1.33, , 
,732.22,2400,82.5,-3.5,11101001,732.58,2400,57.6,7.21,632.4,731.87,-2.7,1.48, , 
,733.30,2400,82.5,-9.0,11101001,733.66,2400,62.0,7.21,673.2,732.94,-7.4,1.48, , 
,734.33,2400,82.5,-11.3,11101001,734.70,2400,63.5,7.21,693.6,734.02,-11.7,1.41, , 
,735.39,2400,82.5,-12.5,11101001,735.73,2400,65.1,7.21,714.0,735.04,-11.7,1.56, , 
,736.43,2400,82.5,-12.9,11101001,736.77,2400,67.8,8.24,734.4,736.08,-12.5,1.45, , 
,737.45,2432,82.5,-13.3,11101001,737.82,2400,69.4,8.24,734.4,737.11,-13.7,1.52, , 
,738.45,2432,81.0,-14.1,11101001,738.80,2432,71.0,8.24,775.2,738.13,-14.5,1.52, , 
,739.50,2432,82.5,-14.1,11101001,739.83,2432,71.0,8.24,754.8,739.15,-14.8,1.37, , 
,740.54,2432,81.0,-12.5,11101001,740.87,2432,71.0,8.24,754.8,740.17,-14.5,1.52, , 
,741.59,2432,81.0,-12.9,11101001,741.92,2432,71.0,8.24,754.8,741.23,-11.7,1.48, , 
,742.65,2432,82.5,-11.3,11101001,743.02,2464,69.4,8.24,734.4,742.28,-12.1,1.41, , 
,743.69,2464,82.5,-8.6,11101001,744.04,2464,67.8,7.21,734.4,743.35,-9.0,1.52, , 
,744.78,2464,82.5,-8.2,11101001,745.14,2464,66.3,8.24,714.0,744.41,-8.2,1.45, , 
,745.86,2464,82.5,-7.4,11101001,746.19,2464,65.1,7.21,714.0,745.51,-7.4,1.52, , 
,746.85,2496,82.5,-7.0,11101001,747.18,2496,63.5,7.21,693.6,746.54,-5.9,1.52, , 
,747.83,2496,82.5,0.0,11101001,748.18,2496,50.2,6.18,571.2,747.50,0.0,1.52, , 
,748.90,2496,82.5,1.6,11101001,749.26,2496,50.2,6.18,571.2,748.54,1.6,1.52, , 
,749.98,2496,82.5,2.0,11101001,750.34,2496,50.2,6.18,571.2,749.62,2.0,1.45, , 
,751.03,2496,82.5,2.7,11101001,751.38,2496,41.2,5.15,479.4,750.69,2.0,1.45, , 
,752.07,2464,82.5,5.9,11101001,752.45,2464,40.0,5.15,459.0,751.72,4.7,1.56, , 
,753.13,2464,82.5,3.5,11101001,753.48,2464,25.1,3.09,316.2,752.80,5.9,1.37, , 
,754.20,2432,82.5,-2.3,11101001,754.57,2432,23.5,3.09,316.2,753.86,0.0,1.29, , 
,755.22,2400,82.5,-11.7,11101001,755.53,2400,19.2,2.06,275.4,754.89,-7.4,1.25, , 
,756.19,2368,82.5,-18.8,11101001,756.53,2368,19.2,2.06,275.4,755.85,-17.6,1.21, , 
,757.21,2336,82.5,-21.1,11101001,757.55,2336,17.6,2.06,275.4,756.88,-20.3,1.45, , 
,758.20,2304,82.5,0.0,11111101,758.54,2272,0.0,0.00,275.4,757.88,-19.5,1.60, , 
,759.21,2240,82.5,0.0,11111101,759.55,2208,0.0,0.00,275.4,758.87,0.0,3.91, , 
,760.21,2208,82.5,0.0,11111101,760.54,2176,0.0,0.00,275.4,759.88,0.0,3.98, , 
,761.21,2144,82.5,0.0,11111101,761.56,2112,0.0,0.00,244.8,760.87,0.0,3.87, , 
,762.26,2080,82.5,0.0,11101001,762.61,2048,16.1,2.06,244.8,761.92,0.0,2.77, , 
,763.31,2016,82.5,-9.0,11101001,763.68,2048,23.5,2.06,316.2,762.96,0.0,0.78, , 
,764.40,1984,82.5,-5.9,11101001,764.76,1984,47.1,6.18,550.8,764.03,-7.4,1.41, , 
,765.47,2016,82.5,0.0,11101001,765.81,2016,71.0,9.27,795.6,765.12,0.0,1.13, , 
,766.52,2048,82.5,-9.4,11101001,766.87,2048,75.3,9.27,826.2,766.18,-7.0,1.25, , 
,767.58,2048,82.5,-13.3,11101001,767.94,2080,73.7,8.24,795.6,767.22,-12.1,1.48, , 
,768.62,2080,82.5,-13.7,11101001,768.96,2080,41.2,4.12,499.8,768.28,-13.7,1.48, , 
,769.63,2112,82.5,0.0,11101001,769.98,2112,67.8,9.27,754.8,769.30,0.0,1.64, , 
,770.66,2112,82.5,0.0,11101001,771.00,2144,82.7,11.33,887.4,770.32,-6.3,1.29, , 
,771.65,2176,82.5,-9.0,11101001,771.99,2176,87.1,11.33,928.2,771.32,-6.3,1.25, , 
,772.65,2208,82.5,-14.5,11101001,772.99,2208,87.1,10.30,928.2,772.32,-12.9,1.33, , 
,773.64,2240,82.5,-17.6,11101001,773.96,2272,85.5,9.27,928.2,773.32,-16.4,1.52, , 
,774.62,2304,82.5,-21.1,11101001,774.96,2304,84.3,9.27,907.8,774.29,-19.5,1.52, , 
,775.61,2336,82.5,-21.9,11101001,775.96,2336,79.6,8.24,867.0,775.28,-21.5,1.52, , 
,776.68,2368,82.5,-19.9,11101001,777.00,2368,76.9,8.24,826.2,776.32,-20.7,1.56, , 
,777.64,2400,82.5,-16.0,11101001,778.02,2400,73.7,8.24,795.6,777.33,-18.0,1.48, , 
,778.69,2432,82.5,-15.2,11101001,779.05,2432,73.7,8.24,775.2,778.36,-15.6,1.52, , 
,779.73,2432,82.5,-13.7,11101001,780.08,2432,57.6,7.21,652.8,779.38,-14.1,1.48, , 
,780.76,2432,82.5,0.0,11101001,781.09,2432,26.7,3.09,357.0,780.43,0.0,1.56, , 
,781.77,2400,82.5,-1.6,11101001,782.09,2400,23.5,3.09,316.2,781.43,-0.8,1.45, , 
,782.82,2400,82.5,0.0,11101001,783.18,2400,36.9,4.12,438.6,782.45,-3.5,1.48, , 
,783.84,2400,82.5,2.3,11101001,784.18,2400,45.9,6.18,520.2,783.51,1.2,1.56, , 
,784.84,2400,82.5,3.5,11101001,785.19,2400,48.6,6.18,550.8,784.50,3.5,1.41, , 
,785.90,2400,82.5,2.3,11101001,786.26,2400,53.3,7.21,591.6,785.53,3.5,1.45, , 
,786.92,2400,82.5,-0.4,11101001,787.29,2400,51.8,6.18,591.6,786.58,0.4,1.45, , 
,788.00,2400,82.5,-1.2,11101001,788.38,2400,53.3,6.18,591.6,787.64,-1.2,1.41, , 
,789.09,2432,81.0,-2.3,11101001,789.44,2432,51.8,6.18,591.6,788.72,-2.0,1.48, , 
,790.16,2432,82.5,-3.1,11101001,790.52,2432,51.8,6.18,591.6,789.80,-2.7,1.45, , 
,791.20,2432,82.5,-2.0,11101001,791.54,2432,51.8,6.18,591.6,790.86,-2.3,1.52, , 
,792.22,2464,82.5,-4.3,11101001,792.60,2464,51.8,6.18,591.6,791.88,-4.3,1.48, , 
,793.30,2464,82.5,-3.5,11101001,793.66,2464,50.2,6.18,571.2,792.96,-3.9,1.45, , 
,794.37,2464,82.5,-0.8,11101001,794.74,2464,47.1,6.18,550.8,794.01,-2.7,1.52, , 
,795.46,2464,82.5,0.0,11101001,795.82,2464,45.9,6.18,520.2,795.09,-0.4,1.45, , 
,796.52,2464,82.5,1.2,11101001,796.87,2464,41.2,5.15,479.4,796.18,1.2,1.52, , 
,797.61,2432,82.5,2.7,11101001,797.96,2464,36.9,4.12,438.6,797.25,2.3,1.52, , 
,798.71,2432,82.5,2.7,11101001,799.06,2464,34.1,4.12,418.2,798.33,2.3,1.45, , 
,799.77,2432,82.5,2.7,11101001,800.10,2432,34.1,4.12,397.8,799.41,3.1,1.52, , 
,800.82,2432,82.5,2.3,11101001,801.20,2432,31.0,4.12,397.8,800.46,2.7,1.45, , 
,801.90,2400,82.5,1.6,11101001,802.23,2400,26.7,3.09,357.0,801.56,2.3,1.45, , 
,802.94,2400,82.5,-3.1,11111101,803.26,2432,17.6,2.06,275.4,802.59,-1.2,1.37, , 
,803.91,2368,82.5,0.0,11111101,804.24,2368,0.0,0.00,275.4,803.59,0.0,1.17, , 
,804.88,2336,82.5,0.0,11111101,805.20,2336,0.0,0.00,275.4,804.56,0.0,3.87, , 
,805.87,2304,82.5,0.0,11111101,806.22,2304,0.0,0.00,275.4,805.53,0.0,3.87, , 
,806.87,2304,82.5,0.0,11111101,807.21,2272,0.0,0.00,275.4,806.54,0.0,3.98, , 
,807.88,2272,82.5,0.0,11101001,808.21,2272,51.8,7.21,571.2,807.54,0.0,2.27, , 
,808.88,2272,82.5,0.0,11101001,809.21,2272,44.3,5.15,520.2,808.54,0.0,1.09, , 
,809.88,2240,82.5,1.6,11101001,810.21,2272,40.0,5.15,459.0,809.54,1.6,1.56, , 
,810.87,2240,82.5,0.4,11101001,811.21,2240,35.3,4.12,418.2,810.53,0.8,1.41, , 
,811.87,2208,82.5,-0.4,11101001,812.22,2176,32.5,4.12,397.8,811.53,0.8,1.45, , 
,812.91,2208,82.5,0.0,11101001,813.25,2208,60.4,7.21,673.2,812.56,0.0,1.48, , 
,813.94,2176,82.5,-3.9,11101001,814.28,2176,60.4,7.21,673.2,813.59,-3.5,1.45, , 
,814.95,2176,82.5,-5.5,11101001,815.28,2176,42.7,4.12,520.2,814.61,-4.7,1.48, , 
,815.98,2144,82.5,0.0,11101001,816.32,2112,34.1,4.12,418.2,815.63,0.0,1.68, , 
,817.02,2112,82.5,-0.4,11101001,817.35,2080,36.9,4.12,459.0,816.68,0.0,1.52, , 
,818.04,2048,82.5,-2.0,11101001,818.39,2048,44.3,5.15,520.2,817.70,-1.2,1.45, , 
,819.11,2016,82.5,0.0,11111101,819.47,1984,20.8,2.06,295.8,818.76,-2.0,1.48, , 
,820.17,1408,82.5,0.0,11111111,820.46,960,25.1,4.12,357.0,819.83,0.0,1.45, , 
,821.12,2144,81.0,0.0,11111101,821.47,2432,0.0,0.00,275.4,820.80,0.0,2.66, , 
,822.10,2336,81.0,0.0,11111101,822.42,2304,0.0,0.00,275.4,821.78,0.0,3.91, , 
,823.09,2304,82.5,0.0,11101001,823.43,2240,19.2,2.06,275.4,822.75,0.0,3.55, , 
,824.09,2240,81.0,-7.8,11101001,824.45,2240,22.0,2.06,316.2,823.75,0.0,0.90, , 
,825.14,2208,82.5,-5.9,11101001,825.49,2208,50.2,6.18,571.2,824.80,-7.0,1.41, , 
,826.14,2240,81.0,-4.7,11101001,826.47,2272,59.2,7.21,652.8,825.83,-4.7,1.56, , 
,827.15,2272,81.0,-3.9,11101001,827.49,2272,48.6,6.18,550.8,826.81,-5.1,1.45, , 
,828.15,2304,81.0,2.3,11101001,828.50,2304,47.1,6.18,550.8,827.82,1.2,1.56, , 
,829.16,2336,81.0,2.3,11101001,829.50,2336,50.2,6.18,571.2,828.83,3.5,1.48, , 
,830.21,2368,82.5,0.4,11101001,830.53,2368,53.3,7.21,612.0,829.85,0.8,1.33, , 
,831.18,2400,81.0,-1.2,11101001,831.52,2400,51.8,6.18,591.6,830.86,-0.8,1.45, , 
,832.22,2400,81.0,-0.4,11101001,832.56,2400,47.1,6.18,550.8,831.88,-2.0,1.48, , 
,833.26,2432,81.0,1.6,11101001,833.64,2432,44.3,6.18,499.8,832.93,1.6,1.52, , 
,834.39,2432,81.0,3.5,11101001,834.75,2464,42.7,5.15,499.8,834.02,2.7,1.52, , 
,835.45,2464,81.0,2.7,11101001,835.80,2464,44.3,6.18,499.8,835.10,3.1,1.45, , 
,836.53,2464,81.0,2.7,11101001,836.85,2496,44.3,6.18,499.8,836.16,2.3,1.45, , 
,837.56,2464,81.0,2.3,11101001,837.92,2496,44.3,6.18,499.8,837.20,2.7,1.48, , 
,838.58,2496,81.0,2.3,11101001,838.92,2496,44.3,6.18,499.8,838.27,2.0,1.41, , 
,839.62,2496,81.0,2.0,11101001,839.99,2528,44.3,5.15,499.8,839.27,2.0,1.48, , 
,840.66,2528,82.5,2.0,11101001,841.01,2560,44.3,5.15,499.8,840.33,2.3,1.52, , 
,841.72,2528,81.0,1.6,11101001,842.06,2560,42.7,5.15,499.8,841.36,1.6,1.45, , 
,842.76,2560,81.0,2.0,11101001,843.09,2560,42.7,5.15,499.8,842.41,2.0,1.48, , 
,843.78,2560,81.0,2.0,11101001,844.12,2560,42.7,5.15,499.8,843.45,2.3,1.52, , 
,844.81,2592,81.0,1.6,11101001,845.15,2592,42.7,5.15,499.8,844.48,2.0,1.48, , 
,845.81,2592,81.0,2.0,11101001,846.16,2592,42.7,5.15,479.4,845.49,2.0,1.45, , 
,846.80,2592,81.0,2.0,11101001,847.12,2624,41.2,5.15,479.4,846.49,2.0,1.48, , 
,847.79,2592,82.5,2.3,11101001,848.14,2624,41.2,5.15,479.4,847.45,2.0,1.48, , 
,848.80,2624,82.5,2.3,11101001,849.13,2624,41.2,5.15,479.4,848.47,2.3,1.48, , 
,849.79,2624,82.5,2.0,11101001,850.13,2624,41.2,5.15,479.4,849.46,2.3,1.45, , 
,850.80,2624,82.5,1.6,11101001,851.14,2624,41.2,5.15,479.4,850.46,1.6,1.45, , 
,851.85,2624,82.5,2.0,11101001,852.18,2656,40.0,5.15,479.4,851.49,2.0,1.52, , 
,852.85,2656,82.5,1.6,11101001,853.19,2624,22.0,2.06,295.8,852.51,2.0,1.48, , 
,853.88,2624,82.5,-4.7,11101001,854.22,2624,35.3,4.12,418.2,853.54,-8.2,1.17, , 
,854.87,2624,82.5,-2.0,11101001,855.20,2624,47.1,6.18,550.8,854.55,-2.7,1.64, , 
,855.87,2624,82.5,-0.4,11101001,856.23,2656,51.8,6.18,591.6,855.53,-0.8,1.52, , 
,856.96,2656,82.5,-1.6,11101001,857.29,2688,54.5,7.21,612.0,856.60,-1.6,1.48, , 
,857.97,2688,82.5,-3.5,11101001,858.30,2720,53.3,6.18,591.6,857.64,-3.1,1.45, , 
,858.97,2720,82.5,-3.5,11101001,859.31,2720,53.3,7.21,591.6,858.63,-3.9,1.45, , 
,860.01,2752,82.5,0.0,11101001,860.34,2752,51.8,6.18,591.6,859.67,-3.1,1.48, , 
,861.04,2752,82.5,0.4,11101001,861.38,2784,50.2,6.18,571.2,860.71,-0.4,1.52, , 
,862.06,2784,82.5,2.7,11101001,862.39,2784,22.0,2.06,295.8,861.72,0.8,1.48, , 
,863.09,2752,82.5,-12.9,11101001,863.45,2752,20.8,2.06,295.8,862.73,0.0,1.05, , 
,864.16,2720,82.5,-23.4,11101001,864.47,2688,20.8,2.06,295.8,863.81,-21.1,1.13, , 
,865.15,2656,82.5,-25.4,11101001,865.46,2688,20.8,2.06,295.8,864.81,-24.6,1.52, , 
,866.12,2624,82.5,-25.4,11101001,866.46,2624,20.8,2.06,295.8,865.79,-25.4,1.56, , 
,867.12,2560,82.5,-23.4,11111101,867.47,2592,19.2,1.03,275.4,866.79,-24.6,1.56, , 
,868.13,2560,82.5,0.0,11111101,868.44,2528,0.0,0.00,275.4,867.81,0.0,2.66, , 
,869.10,2464,82.5,0.0,11111101,869.40,2464,0.0,0.00,275.4,868.77,0.0,3.95, , 
,870.05,2400,84.0,0.0,11111101,870.38,2368,0.0,0.00,275.4,869.73,0.0,3.98, , 
,871.03,2336,84.0,0.0,11101001,871.36,2304,17.6,2.06,244.8,870.71,0.0,3.91, , 
,872.04,2304,84.0,0.0,11101001,872.39,2272,17.6,2.06,244.8,871.70,0.0,0.55, , 
,873.07,2240,84.0,-11.3,11101001,873.41,2240,17.6,2.06,244.8,872.73,-11.7,0.86, , 
,874.09,2208,84.0,-13.3,11101001,874.44,2208,19.2,2.06,275.4,873.75,-12.1,1.48, , 
,875.10,2176,84.0,-14.1,11101001,875.43,2144,20.8,2.06,295.8,874.77,-14.1,1.52, , 
,876.11,2112,84.0,-14.8,11101001,876.44,2144,19.2,2.06,295.8,875.77,-14.5,1.52, , 
,877.11,1824,84.0,0.0,11111111,877.41,1312,0.0,0.00,336.6,876.79,0.0,1.56, , 
,878.00,1088,84.0,0.0,11111111,878.33,960,26.7,4.12,377.4,877.71,0.0,3.71, , 
,878.92,832,82.5,0.0,11111111,879.24,896,28.2,4.12,397.8,878.64,0.0,0.66, , 
,879.84,896,84.0,0.0,11111111,880.16,928,28.2,3.09,397.8,879.54,0.0,0.59, , 
,880.80,896,84.0,-9.4,11111111,881.11,896,26.7,3.09,397.8,880.48,-7.8,1.09, , 
,881.71,896,84.0,-8.2,11111111,882.01,896,28.2,3.09,397.8,881.41,-8.6,1.56, , 
,882.61,896,84.0,-6.3,11111111,882.93,896,26.7,3.09,397.8,882.31,-6.6,1.60, , 
,883.54,896,84.0,-5.5,11111111,883.84,896,26.7,3.09,397.8,883.24,-5.5,1.52, , 
,884.48,896,82.5,-5.9,11111111,884.79,896,26.7,3.09,397.8,884.16,-5.5,1.48, , 
,885.41,896,84.0,-5.9,11111111,885.73,896,26.7,3.09,397.8,885.08,-5.9,1.48, , 
,886.32,864,82.5,-6.3,11111111,886.60,896,26.7,3.09,397.8,886.04,-6.3,1.45, , 
,887.20,864,84.0,-6.3,11111111,887.51,896,28.2,3.09,397.8,886.90,-6.3,1.48, , 
,888.14,896,84.0,-6.3,11111111,888.44,896,28.2,3.09,397.8,887.83,-6.3,1.48, , 
,889.02,896,82.5,-7.0,11111111,889.33,896,26.7,3.09,397.8,888.72,-6.6,1.41, , 
,889.96,896,84.0,-7.0,11111111,890.27,896,26.7,3.09,397.8,889.64,-7.4,1.52, , 
,890.89,896,82.5,-6.3,11111111,891.21,896,26.7,3.09,397.8,890.58,-6.6,1.52, , 
,891.81,896,84.0,-5.9,11111111,892.09,896,26.7,3.09,397.8,891.51,-5.9,1.52, , 
,892.69,864,84.0,-5.5,11111111,892.99,896,26.7,3.09,397.8,892.40,-5.5,1.52, , 
,893.57,896,84.0,-5.1,11111111,893.88,896,26.7,3.09,397.8,893.28,-5.1,1.48, , 
,894.51,736,84.0,-5.5,11111111,894.81,768,29.4,3.09,418.2,894.18,-5.1,1.45, , 
,895.39,800,84.0,-7.0,11111111,895.70,768,28.2,3.09,418.2,895.10,-6.6,1.37, , 
,896.27,768,84.0,-7.4,11111111,896.56,768,29.4,3.09,418.2,895.99,-7.8,1.45, , 
,897.15,800,84.0,-6.6,11111111,897.45,800,29.4,3.09,418.2,896.86,-7.0,1.56, , 
,898.05,768,84.0,-6.6,11111111,898.34,800,28.2,3.09,418.2,897.75,-6.6,1.48, , 
,898.93,768,84.0,-6.3,11111111,899.22,768,28.2,3.09,418.2,898.64,-6.3,1.48, , 
,899.80,800,84.0,-5.9,11111111,900.09,800,28.2,3.09,418.2,899.52,-5.9,1.52, , 
,900.70,800,84.0,-5.9,11111111,901.00,768,28.2,3.09,418.2,900.39,-5.9,1.48, , 
,901.61,800,84.0,-5.9,11111111,901.90,800,28.2,3.09,418.2,901.31,-5.9,1.52, , 
,902.49,800,84.0,-6.3,11111111,902.78,768,28.2,3.09,418.2,902.19,-6.3,1.45, , 
,903.39,800,84.0,-5.9,11111111,903.69,800,28.2,3.09,418.2,903.08,-6.3,1.52, , 
,904.29,800,84.0,-6.3,11111111,904.57,800,29.4,3.09,418.2,903.98,-5.9,1.48, , 
,905.15,800,82.5,-7.0,11111111,905.43,800,29.4,3.09,418.2,904.85,-6.6,1.45, , 
,906.00,800,84.0,-7.4,11111111,906.30,768,29.4,3.09,418.2,905.71,-7.4,1.45, , 
,906.90,800,84.0,-7.4,11111111,907.19,768,29.4,3.09,418.2,906.59,-7.4,1.48, , 
,907.78,768,82.5,-7.0,11111111,908.09,768,29.4,3.09,418.2,907.49,-7.0,1.48, , 
,908.68,768,82.5,-6.6,11111111,908.96,768,29.4,3.09,418.2,908.39,-6.6,1.48, , 
,909.56,800,84.0,-6.3,11111111,909.85,800,29.4,3.09,418.2,909.26,-6.6,1.52, , 
,910.43,800,84.0,-7.0,11111111,910.73,768,29.4,3.09,418.2,910.14,-6.6,1.45, , 
,911.32,800,84.0,-7.8,11111111,911.63,768,29.4,3.09,438.6,911.04,-7.4,1.45, , 
,912.24,800,84.0,-7.8,11111111,912.54,768,29.4,3.09,418.2,911.94,-7.8,1.48, , 
,913.14,800,82.5,-7.8,11111111,913.42,768,29.4,3.09,438.6,912.84,-7.8,1.48, , 
,914.02,768,82.5,-8.2,11111111,914.32,768,29.4,3.09,418.2,913.72,-8.2,1.45, , 
,914.89,768,82.5,-8.6,11111111,915.20,800,29.4,3.09,438.6,914.60,-8.6,1.45, , 
,915.79,768,82.5,-9.0,11111111,916.09,768,29.4,3.09,438.6,915.50,-8.6,1.48, , 
,916.68,768,82.5,-9.0,11111111,916.97,768,31.0,3.09,438.6,916.38,-9.0,1.52, , 
,917.56,768,82.5,-9.0,11111111,917.85,800,29.4,3.09,438.6,917.27,-8.6,1.48, , 
,918.42,800,82.5,-9.4,11111111,918.71,768,31.0,3.09,438.6,918.13,-9.4,1.45, , 
,919.31,768,82.5,-9.0,11111111,919.61,768,31.0,3.09,438.6,919.00,-9.0,1.52, , 
,920.22,800,82.5,-8.2,11111111,920.51,800,29.4,3.09,438.6,919.91,-8.2,1.52, , 
,921.10,768,82.5,-7.8,11101011,921.40,768,32.5,4.12,459.0,920.81,-8.2,1.52, , 
,921.99,800,82.5,-5.1,11101011,922.30,896,38.4,5.15,520.2,921.70,-7.0,1.56, , 
,922.88,928,82.5,0.0,11101011,923.19,1024,47.1,6.18,591.6,922.60,-5.9,1.52, , 
,923.83,896,82.5,-1.2,11101011,924.15,768,53.3,7.21,673.2,923.52,0.0,1.41, , 
,924.77,1088,82.5,0.0,11101011,925.11,1184,42.7,5.15,520.2,924.47,0.0,1.41, , 
,925.82,1376,82.5,-5.5,11101011,926.17,1472,36.9,4.12,459.0,925.43,-5.1,1.37, , 
,926.88,1728,81.0,0.0,11101011,927.22,1888,47.1,6.18,571.2,926.52,-4.7,1.56, , 
,927.86,992,81.0,0.0,11111111,928.16,1088,29.4,4.12,397.8,927.54,0.0,2.77, , 
,928.80,1056,81.0,0.0,11101011,929.13,1056,35.3,4.12,459.0,928.48,0.0,1.48, , 
,929.77,1152,81.0,0.0,11101011,930.10,1216,66.3,10.30,775.2,929.43,0.0,1.13, , 
,930.76,1376,81.0,0.0,11101011,931.09,1408,47.1,6.18,591.6,930.42,0.0,1.02, , 
,931.90,1504,81.0,-3.5,11101011,932.23,1568,40.0,5.15,499.8,931.55,-3.1,1.33, , 
,932.93,1568,81.0,0.0,11101011,933.29,1632,54.5,7.21,632.4,932.58,0.4,1.56, , 
,934.01,1856,81.0,0.0,11101011,934.35,1984,72.2,10.30,795.6,933.64,0.0,1.25, , 
,935.03,2208,81.0,-7.8,11101001,935.36,2304,75.3,9.27,795.6,934.70,-5.5,1.29, , 
,936.04,2528,81.0,-11.7,11101001,936.37,2208,0.0,0.00,336.6,935.69,-12.1,1.45, , 
,937.09,1088,81.0,0.0,11111111,937.41,1152,26.7,4.12,377.4,936.76,0.0,3.75, , 
,938.12,1664,81.0,0.0,11101011,938.48,1632,32.5,4.12,397.8,937.77,0.0,1.29, , 
,939.21,1696,81.0,0.0,11101011,939.55,1760,65.1,9.27,734.4,938.82,0.0,1.29, , 
,940.25,1824,81.0,-3.1,11101011,940.62,1888,59.2,7.21,673.2,939.90,0.0,1.25, , 
,941.34,1952,79.5,-1.2,11101011,941.70,1984,56.1,7.21,652.8,940.98,-2.0,1.48, , 
,942.43,2048,81.0,1.2,11101001,942.76,2080,53.3,7.21,612.0,942.06,0.0,1.52, , 
,943.46,2144,81.0,2.3,11101001,943.82,2176,51.8,6.18,591.6,943.10,2.0,1.48, , 
,944.52,2240,81.0,3.1,11101001,944.86,2240,50.2,6.18,571.2,944.17,3.1,1.48, , 
,945.56,2304,81.0,4.7,11101001,945.91,2336,48.6,6.18,571.2,945.20,3.5,1.48, , 
,946.60,2368,81.0,5.1,11101001,946.93,2368,47.1,6.18,550.8,946.22,5.5,1.48, , 
,947.61,2400,82.5,0.0,11101001,947.96,2048,0.0,0.00,316.2,947.28,5.5,1.45, , 
,948.60,1024,81.0,0.0,11111111,948.91,1024,28.2,4.12,397.8,948.30,0.0,3.79, , 
,949.54,960,81.0,0.0,11111111,949.84,896,26.7,3.09,377.4,949.22,0.0,1.56, , 
,950.46,896,81.0,0.0,11111111,950.76,928,26.7,3.09,397.8,950.16,0.0,0.47, , 
,951.38,896,82.5,-5.5,11111111,951.69,896,26.7,3.09,397.8,951.07,-3.5,0.98, , 
,952.33,896,82.5,-6.3,11111111,952.63,896,26.7,3.09,397.8,952.00,-6.6,1.45, , 
,953.26,896,82.5,-4.7,11111111,953.56,896,26.7,3.09,397.8,952.95,-5.5,1.56, , 
,954.18,896,82.5,-3.9,11111111,954.48,896,26.7,3.09,377.4,953.86,-3.9,1.52, , 
,955.12,896,82.5,-3.5,11111111,955.45,896,26.7,3.09,377.4,954.79,-3.5,1.48, , 
,956.09,896,82.5,-3.5,11111111,956.41,896,26.7,3.09,397.8,955.76,-3.5,1.45, , 
,957.04,896,82.5,-3.5,11111111,957.33,864,26.7,3.09,377.4,956.73,-3.5,1.48, , 
,957.94,896,82.5,-3.5,11111111,958.24,864,26.7,3.09,377.4,957.64,-3.5,1.48, , 
,958.83,864,84.0,-3.9,11111111,959.14,864,26.7,3.09,377.4,958.53,-3.5,1.45, , 
,959.74,864,84.0,-3.9,11111111,960.04,896,26.7,3.09,397.8,959.46,-3.9,1.45, , 
,960.63,1056,84.0,-5.5,11101011,960.89,992,28.2,3.09,397.8,960.33,-5.1,1.41, , 
,961.51,1024,84.0,-4.7,11101011,961.81,1024,38.4,5.15,499.8,961.19,-7.0,1.48, , 
,962.43,1056,84.0,-2.0,11101011,962.75,1120,40.0,5.15,499.8,962.12,-2.7,1.60, , 
,963.43,1152,84.0,-3.5,11101011,963.76,1152,34.1,4.12,438.6,963.08,-1.2,1.45, , 
,964.41,1216,84.0,-6.6,11111111,964.73,1344,25.1,3.09,357.0,964.10,-5.9,1.45, , 
,1000.88,768,82.5,-4.7,10111111,1000.29,800,28.2,3.09,418.2,1000.58,-4.7,1.48, , 
,1001.77,800,82.5,-5.1,10111111,1001.16,800,28.2,3.09,418.2,1001.48,-5.1,1.45, , 
,1002.69,800,82.5,-5.1,10111111,1002.08,800,28.2,3.09,418.2,1002.38,-5.1,1.45, , 
,1003.58,800,82.5,-5.1,10111111,1002.99,800,28.2,3.09,418.2,1003.28,-5.1,1.45, , 
,1004.48,768,82.5,-4.7,10111111,1003.88,768,28.2,3.09,418.2,1004.17,-4.7,1.48, , 
,1005.37,768,82.5,-4.3,10111111,1004.77,768,28.2,3.09,418.2,1005.06,-4.3,1.48, , 
,1006.28,800,82.5,-4.7,10111111,1005.66,800,28.2,3.09,418.2,1005.96,-4.3,1.45, , 
,1007.20,800,82.5,-4.7,10111111,1006.59,768,28.2,3.09,418.2,1006.89,-5.1,1.48, , 
,1008.11,800,82.5,-4.3,10111111,1007.53,768,28.2,3.09,418.2,1007.82,-4.3,1.48, , 
,1009.03,800,82.5,-3.9,10111111,1008.42,800,28.2,3.09,418.2,1008.73,-3.9,1.48, , 
,1009.96,896,82.5,-5.9,10101011,1009.34,768,28.2,3.09,418.2,1009.65,-5.1,1.45, , 
,1010.97,1696,82.5,0.0,10101011,1010.27,1152,32.5,4.12,418.2,1010.61,0.0,1.37, , 
,1012.04,1024,82.5,0.4,10101011,1011.35,1504,42.7,5.15,520.2,1011.71,0.0,1.45, , 
,1012.93,1088,84.0,0.0,10101011,1012.31,896,50.2,7.21,632.4,1012.62,0.0,1.45, , 
,1013.83,1088,84.0,-1.6,10101011,1013.23,1120,25.1,3.09,377.4,1013.52,0.0,1.33, , 
,1014.76,1088,84.0,-4.3,10101011,1014.15,1088,26.7,3.09,377.4,1014.46,-3.1,1.37, , 
,1015.74,1024,84.0,-6.3,10111111,1015.07,1056,26.7,3.09,377.4,1015.39,-5.5,1.41, , 
,1016.66,896,84.0,-5.9,10111111,1016.05,960,25.1,3.09,377.4,1016.33,-6.3,1.48, , 
,1017.58,896,84.0,-6.3,10111111,1016.97,896,28.2,3.09,397.8,1017.28,-6.3,1.45, , 
,1018.51,896,84.0,-6.6,10111111,1017.89,896,28.2,3.09,397.8,1018.21,-6.6,1.48, , 
,1019.40,864,84.0,-5.9,10111111,1018.81,896,28.2,3.09,397.8,1019.11,-6.3,1.52, , 
,1020.31,800,84.0,-5.5,10111111,1019.69,800,26.7,3.09,397.8,1019.99,-5.5,1.52, , 
,1021.18,800,84.0,-7.4,10101011,1020.60,800,29.4,3.09,418.2,1020.90,-5.9,1.41, , 
,1022.18,1760,84.0,0.0,10101011,1021.49,864,59.2,10.30,673.2,1021.81,0.0,0.66, , 
,1023.12,992,84.0,0.0,10101011,1022.48,1472,54.5,7.21,652.8,1022.82,0.0,1.25, , 
,1024.07,1280,84.0,0.0,10101011,1023.41,1120,47.1,6.18,591.6,1023.73,0.0,1.45, , 
,1025.16,1760,85.5,0.0,10111111,1024.48,1472,66.3,10.30,775.2,1024.85,0.0,1.25, , 
,1026.09,1120,85.5,0.0,10101011,1025.47,1312,0.0,0.00,418.2,1025.79,0.0,3.55, , 
,1027.05,1248,85.5,0.0,10101011,1026.40,1120,57.6,9.27,673.2,1026.74,0.0,0.90, , 
,1027.99,1504,85.5,0.0,10101011,1027.40,1344,69.4,11.33,795.6,1027.68,0.0,0.94, , 
,1029.03,1856,85.5,-2.7,10101011,1028.33,1632,76.9,11.33,887.4,1028.66,-2.3,1.33, , 
,1030.09,2176,85.5,-7.4,10101001,1029.39,1984,75.3,10.30,846.6,1029.75,-5.5,1.41, , 
,1031.08,2464,85.5,-10.9,10101001,1030.41,2272,73.7,9.27,795.6,1030.74,-10.9,1.37, , 
,1032.09,1568,85.5,0.0,10111111,1031.42,2560,54.5,6.18,652.8,1031.79,0.0,3.40, , 
,1033.09,1664,85.5,0.0,10101011,1032.39,1280,28.2,4.12,377.4,1032.73,0.0,1.76, , 
,1034.18,1728,85.5,0.0,10101011,1033.45,1664,48.6,7.21,571.2,1033.82,0.0,1.45, , 
,1035.29,1856,85.5,-2.7,11101011,1034.55,1760,66.3,9.27,754.8,1034.93,-2.7,1.45, , 
,1036.39,1952,85.5,-1.2,11101011,1035.65,1888,63.5,8.24,714.0,1036.03,-2.0,1.48, , 
,1037.46,2048,85.5,1.6,11101001,1036.75,1984,59.2,7.21,673.2,1037.12,1.2,1.52, , 
,1038.50,2144,85.5,1.6,11101001,1037.81,2080,60.4,8.24,673.2,1038.16,1.2,1.45, , 
,1039.52,2208,85.5,1.2,11101001,1038.83,2144,59.2,7.21,673.2,1039.17,0.8,1.45, , 
,1040.54,2272,85.5,0.4,11101001,1039.85,2240,56.1,7.21,652.8,1040.20,0.8,1.37, , 
,1041.53,2368,85.5,-2.3,11101001,1040.86,2304,60.4,8.24,673.2,1041.21,-2.0,1.45, , 
,1042.56,2464,87.0,-2.7,11101001,1041.87,2400,59.2,7.21,673.2,1042.21,-3.1,1.45, , 
,1043.57,2528,85.5,-4.3,11101001,1042.90,2496,62.0,8.24,673.2,1043.23,-4.7,1.33, , 
,1044.59,2624,85.5,-3.5,11101001,1043.89,2560,62.0,7.21,673.2,1044.25,-4.3,1.52, , 
,1045.61,2720,85.5,-2.3,11101001,1044.93,2656,59.2,7.21,652.8,1045.27,-2.3,1.48, , 
,1046.62,2784,85.5,-0.4,11101001,1045.96,2752,59.2,7.21,652.8,1046.29,-1.2,1.45, , 
,1047.61,2144,85.5,0.0,11111101,1046.94,2816,56.1,7.21,632.4,1047.27,0.0,2.15, , 
,1048.67,2112,85.5,0.0,11101001,1047.91,1600,0.0,0.00,316.2,1048.31,0.0,3.71, , 
,1049.75,2016,85.5,0.4,11101001,1049.02,2048,22.0,3.09,316.2,1049.39,0.0,1.33, , 
,1050.81,2016,85.5,2.7,11101001,1050.12,2016,38.4,5.15,459.0,1050.46,1.6,1.45, , 
,1051.85,2016,85.5,4.7,11101001,1051.16,2016,48.6,6.18,571.2,1051.51,4.3,1.52, , 
,1052.93,2048,85.5,2.3,11101001,1052.20,2016,56.1,7.21,632.4,1052.57,2.7,1.45, , 
,1053.97,2080,85.5,1.2,11101001,1053.26,2048,54.5,7.21,632.4,1053.62,2.7,1.45, , 
,1055.01,2112,85.5,-0.8,11101001,1054.31,2112,59.2,8.24,673.2,1054.66,0.0,1.45, , 
,1056.04,2144,85.5,-5.5,11101001,1055.35,2112,60.4,8.24,693.6,1055.70,-2.3,1.52, , 
,1057.03,2208,85.5,-8.2,11101001,1056.36,2176,66.3,8.24,734.4,1056.71,-7.8,1.41, , 
,1058.10,2240,85.5,-9.0,11101001,1057.38,2208,66.3,8.24,734.4,1057.73,-9.0,1.56, , 
,1059.10,2272,85.5,-7.4,11101001,1058.44,2240,66.3,8.24,734.4,1058.77,-7.8,1.52, , 
,1060.14,2336,85.5,-5.1,11101001,1059.42,2304,65.1,8.24,714.0,1059.77,-5.1,1.48, , 
,1061.17,2368,85.5,-4.7,11101001,1060.47,2336,65.1,8.24,714.0,1060.83,-4.7,1.52, , 
,1062.21,2400,85.5,-3.5,11101001,1061.49,2368,62.0,7.21,693.6,1061.86,-3.9,1.45, , 
,1063.27,2432,85.5,-0.8,11101001,1062.54,2432,60.4,7.21,673.2,1062.90,-1.6,1.52, , 
,1064.34,2464,85.5,0.0,11101001,1063.63,2464,59.2,7.21,652.8,1063.99,0.4,1.41, , 
,1065.40,2496,85.5,1.2,11101001,1064.69,2496,59.2,7.21,652.8,1065.03,0.4,1.45, , 
,1066.39,2528,85.5,0.0,11101001,1065.72,2528,57.6,7.21,652.8,1066.04,1.6,1.52, , 
,1067.41,2560,85.5,5.9,11101001,1066.74,2560,42.7,5.15,499.8,1067.07,5.5,1.68, , 
,1068.43,2592,85.5,9.4,11101001,1067.76,2560,47.1,6.18,550.8,1068.10,8.6,1.48, , 
,1069.40,2624,85.5,7.8,11101001,1068.74,2592,48.6,7.21,571.2,1069.06,8.6,1.37, , 
,1070.40,2656,85.5,3.1,11101001,1069.71,2624,54.5,7.21,612.0,1070.05,5.9,1.41, , 
,1071.40,2688,85.5,-0.4,11101001,1070.74,2656,59.2,7.21,652.8,1071.08,0.0,1.37, , 
,1072.40,2752,85.5,-1.2,11101001,1071.72,2720,59.2,7.21,652.8,1072.05,-1.6,1.41, , 
,1073.37,2784,84.0,-1.6,11101001,1072.73,2752,62.0,8.24,673.2,1073.06,-2.3,1.45, , 
,1074.36,2848,85.5,-6.6,11101001,1073.70,2816,62.0,7.21,693.6,1074.04,-2.3,1.56, , 
,1075.48,2912,85.5,-6.3,11101001,1074.72,2848,67.8,8.24,734.4,1075.09,-6.6,1.48, , 
,1076.51,2656,85.5,0.0,11111101,1075.83,2944,66.3,8.24,714.0,1076.19,-5.9,1.48, , 
,1077.55,1184,84.0,0.0,11101011,1076.83,2144,0.0,0.00,316.2,1077.17,0.0,3.87, , 
,1078.56,2240,85.5,0.0,11101001,1077.88,1824,29.4,4.12,377.4,1078.22,0.0,0.82, , 
,1079.57,2240,85.5,0.0,11101001,1078.90,2208,41.2,5.15,479.4,1079.22,0.0,1.56, , 
,1080.60,2240,85.5,2.3,11101001,1079.91,2240,57.6,7.21,652.8,1080.24,2.0,1.52, , 
,1081.62,2272,84.0,4.7,11101001,1080.92,2240,56.1,7.21,632.4,1081.25,3.5,1.45, , 
,1082.65,2304,85.5,3.9,11101001,1081.97,2272,56.1,7.21,632.4,1082.32,4.7,1.52, , 
,1083.65,2304,85.5,4.7,11101001,1082.99,2304,56.1,7.21,632.4,1083.31,4.3,1.45, , 
,1084.64,2304,85.5,3.9,11101001,1083.97,2304,56.1,7.21,632.4,1084.32,3.5,1.45, , 
,1085.65,2336,84.0,2.7,11101001,1085.00,2336,54.5,7.21,632.4,1085.34,3.5,1.52, , 
,1086.66,2336,85.5,3.1,11101001,1085.99,2336,54.5,7.21,632.4,1086.31,3.5,1.45, , 
,1087.67,2368,85.5,3.9,11101001,1087.01,2336,54.5,7.21,612.0,1087.33,3.5,1.45, , 
,1088.68,2368,85.5,2.0,11101001,1088.01,2368,54.5,7.21,612.0,1088.34,1.6,1.52, , 
,1089.77,2368,85.5,1.6,11101001,1089.03,2368,54.5,7.21,612.0,1089.41,2.0,1.45, , 
,1090.90,2400,85.5,1.2,11101001,1090.17,2400,54.5,7.21,632.4,1090.56,1.6,1.52, , 
,1091.93,2400,84.0,-2.0,11101001,1091.23,2400,57.6,7.21,652.8,1091.58,-1.2,1.41, , 
,1092.96,2432,84.0,-4.7,11101001,1092.27,2400,62.0,8.24,693.6,1092.64,-4.3,1.45, , 
,1094.04,2432,84.0,-4.3,11101001,1093.33,2432,60.4,7.21,673.2,1093.66,-4.7,1.56, , 
,1095.08,2464,84.0,-4.3,11101001,1094.39,2432,60.4,7.21,673.2,1094.72,-3.9,1.45, , 
,1096.12,2464,85.5,-3.5,11101001,1095.43,2464,60.4,7.21,673.2,1095.77,-3.9,1.48, , 
,1097.14,2496,84.0,-0.4,11101001,1096.44,2464,59.2,7.21,652.8,1096.79,-2.3,1.52, , 
,1098.19,2496,84.0,3.1,11101001,1097.50,2496,56.1,7.21,632.4,1097.86,1.6,1.48, , 
,1099.25,2464,84.0,9.0,11101001,1098.52,2496,45.9,6.18,520.2,1098.88,7.4,1.56, , 
,1100.34,2464,84.0,11.3,11101001,1099.62,2464,42.7,6.18,499.8,1099.96,9.8,1.48, , 
,1101.41,2464,84.0,8.2,11101001,1100.70,2464,48.6,6.18,571.2,1101.05,7.4,1.33, , 
,1102.47,2464,84.0,8.2,11101001,1101.76,2464,38.4,5.15,459.0,1102.10,7.8,1.52, , 
,1103.52,2432,84.0,8.6,11101001,1102.82,2464,35.3,5.15,418.2,1103.16,8.2,1.45, , 
,1104.59,2432,84.0,5.9,11101001,1103.89,2432,36.9,5.15,438.6,1104.24,7.8,1.45, , 
,1105.61,2400,84.0,5.5,11101001,1104.94,2400,36.9,5.15,438.6,1105.26,5.5,1.48, , 
,1106.67,2368,84.0,0.0,11111101,1105.97,2400,36.9,5.15,438.6,1106.34,5.1,1.45, , 
,1107.70,2336,84.0,0.0,11111101,1107.04,2336,19.2,2.06,275.4,1107.37,0.0,1.17, , 
,1108.69,2272,84.0,0.0,11111101,1108.04,2304,0.0,0.00,275.4,1108.36,0.0,3.87, , 
,1109.69,2240,84.0,0.0,11111101,1109.02,2272,0.0,0.00,275.4,1109.35,0.0,3.87, , 
,1110.70,2176,84.0,0.0,11101001,1110.03,2208,17.6,2.06,244.8,1110.37,0.0,1.76, , 
,1111.73,2144,84.0,-6.6,11101001,1111.04,2176,17.6,2.06,275.4,1111.40,0.0,0.94, , 
,1112.76,2112,84.0,-7.4,11101001,1112.09,2112,19.2,2.06,295.8,1112.42,-8.2,1.33, , 
,1113.79,2080,84.0,-6.6,11101001,1113.09,2112,19.2,2.06,275.4,1113.45,-7.8,1.56, , 
,1114.83,2048,84.0,-8.2,11101001,1114.14,2080,16.1,2.06,244.8,1114.50,-7.8,1.52, , 
,1115.91,2016,84.0,-7.0,11101001,1115.18,2048,16.1,2.06,244.8,1115.54,-7.4,1.56, , 
,1116.96,1952,84.0,-5.9,11111111,1116.25,1984,16.1,2.06,244.8,1116.60,-7.0,1.45, , 
,1118.04,1920,84.0,0.0,11111111,1117.33,1952,17.6,2.06,275.4,1117.69,0.0,2.03, , 
,1119.11,1888,84.0,0.0,11111111,1118.40,1920,0.0,0.00,275.4,1118.78,0.0,3.95, , 
,1120.17,1856,84.0,0.0,11111111,1119.47,1888,0.0,0.00,295.8,1119.81,0.0,3.91, , 
,1121.22,1792,84.0,0.0,11111111,1120.52,1824,0.0,0.00,295.8,1120.88,0.0,3.95, , 
,1122.31,1760,84.0,0.0,11111111,1121.59,1792,0.0,0.00,316.2,1121.98,0.0,3.95, , 
,1123.35,1664,84.0,0.0,11111111,1122.64,1728,0.0,0.00,316.2,1122.99,0.0,3.95, , 
,1124.37,1344,84.0,0.0,11111111,1123.68,1632,0.0,0.00,336.6,1124.01,0.0,3.95, , 
,1125.35,1024,84.0,0.0,11111111,1124.70,896,28.2,5.15,397.8,1124.99,0.0,2.58, , 
,1126.26,896,84.0,0.0,11111111,1125.65,928,25.1,4.12,357.0,1125.95,0.0,0.55, , 
,1127.18,896,82.5,-2.7,11111111,1126.56,896,26.7,3.09,397.8,1126.87,-2.3,0.98, , 
,1128.10,992,82.5,-3.5,11101011,1127.48,896,26.7,3.09,397.8,1127.77,-3.5,1.41, , 
,1129.08,1568,82.5,0.0,11101011,1128.48,1536,34.1,4.12,438.6,1128.75,0.0,1.52, , 
,1130.12,1696,82.5,0.0,11101011,1129.42,1568,78.4,12.36,887.4,1129.78,0.0,1.02, , 
,1131.16,1856,82.5,-4.7,11101011,1130.44,1728,87.1,13.39,969.0,1130.80,0.0,1.13, , 
,1132.22,2048,82.5,-8.6,11101001,1131.54,1920,88.6,12.36,969.0,1131.87,-7.8,1.33, , 
,1133.23,2240,82.5,-10.9,11101001,1132.55,2112,90.2,11.33,969.0,1132.88,-10.2,1.52, , 
,1134.28,2432,82.5,-11.3,11101001,1133.59,2304,90.2,11.33,969.0,1133.94,-11.3,1.45, , 
,1135.28,2624,82.5,-10.5,11101001,1134.61,2496,91.4,12.36,969.0,1134.95,-10.9,1.52, , 
,1136.33,1984,82.5,0.0,11111101,1135.64,2688,85.5,10.30,907.8,1135.98,0.0,2.38, , 
,1137.41,2016,82.5,0.0,11101001,1136.68,1440,0.0,0.00,336.6,1137.04,0.0,3.87, , 
,1138.49,1952,82.5,0.0,11101011,1137.76,1952,26.7,3.09,336.6,1138.12,0.0,1.37, , 
,1139.59,2016,82.5,0.0,11101001,1138.86,1952,66.3,9.27,754.8,1139.23,0.0,1.17, , 
,1140.64,2080,82.5,-5.1,11101001,1139.94,2016,75.3,10.30,826.2,1140.29,-4.3,1.21, , 
,1141.64,2144,82.5,-10.2,11101001,1140.97,2080,76.9,10.30,846.6,1141.31,-8.6,1.37, , 
,1142.66,2208,82.5,-14.1,11101001,1141.97,2176,75.3,8.24,826.2,1142.31,-13.3,1.45, , 
,1143.65,2272,82.5,-12.9,11101001,1142.99,2208,73.7,8.24,795.6,1143.32,-13.7,1.52, , 
,1144.71,2336,82.5,-10.9,11101001,1144.03,2272,72.2,8.24,795.6,1144.37,-10.5,1.52, , 
,1145.72,2368,82.5,-5.9,11101001,1145.03,2336,71.0,8.24,775.2,1145.37,-10.2,1.48, , 
,1146.74,2400,82.5,0.0,11101001,1146.03,2400,59.2,7.21,673.2,1146.37,-1.6,1.56, , 
,1147.78,2432,84.0,3.1,11101001,1147.08,2432,56.1,7.21,632.4,1147.44,2.7,1.48, , 
,1148.83,2464,82.5,8.6,11101001,1148.16,2464,47.1,6.18,550.8,1148.50,8.6,1.60, , 
,1149.82,2432,84.0,6.6,11101001,1149.16,2432,25.1,3.09,336.6,1149.49,5.9,1.29, , 
,1150.81,2400,84.0,-1.2,11101001,1150.15,2400,22.0,3.09,316.2,1150.49,2.0,1.25, , 
,1151.79,2368,84.0,-8.2,11101001,1151.15,2400,20.8,2.06,295.8,1151.46,-6.6,1.17, , 
,1152.79,2336,84.0,-11.7,11101001,1152.13,2368,20.8,2.06,295.8,1152.47,-10.2,1.45, , 
,1153.80,2304,84.0,-11.7,11101001,1153.14,2336,22.0,2.06,295.8,1153.46,-12.5,1.41, , 
,1154.78,2272,84.0,-9.4,11101001,1154.12,2272,17.6,2.06,244.8,1154.45,-9.4,1.60, , 
,1155.76,2240,84.0,-9.0,11101001,1155.11,2272,16.1,2.06,244.8,1155.43,-9.0,1.56, , 
,1156.78,2176,84.0,-7.8,11101001,1156.10,2208,16.1,2.06,244.8,1156.44,-7.8,1.52, , 
,1157.79,2144,84.0,-5.9,11101001,1157.12,2176,16.1,2.06,244.8,1157.45,-6.3,1.56, , 
,1158.81,2080,84.0,-5.5,11101001,1158.15,2112,16.1,2.06,244.8,1158.48,-5.1,1.48, , 
,1159.86,2048,84.0,-6.6,11101001,1159.16,2080,16.1,2.06,244.8,1159.51,-6.3,1.41, , 
,1160.90,2016,84.0,-4.3,11101001,1160.21,2048,19.2,2.06,275.4,1160.55,-5.5,1.41, , 
,1161.95,2048,84.0,2.7,11101001,1161.25,2016,42.7,5.15,499.8,1161.59,0.4,1.60, , 
,1163.01,2048,84.0,8.2,11101001,1162.30,2048,45.9,6.18,550.8,1162.65,6.3,1.52, , 
,1164.07,2080,84.0,9.0,11101001,1163.38,2080,50.2,7.21,591.6,1163.72,9.0,1.41, , 
,1165.12,2112,84.0,9.4,11101001,1164.43,2112,50.2,7.21,591.6,1164.78,9.4,1.41, , 
,1166.17,2144,84.0,7.8,11101001,1165.47,2112,47.1,6.18,571.2,1165.82,8.6,1.41, , 
,1167.17,2144,84.0,5.9,11101001,1166.50,2144,40.0,5.15,479.4,1166.82,7.0,1.37, , 
,1168.25,2144,84.0,4.7,11101001,1167.52,2144,38.4,5.15,459.0,1167.88,4.7,1.45, , 
,1169.28,2176,84.0,3.9,11101001,1168.59,2176,38.4,5.15,459.0,1168.94,3.9,1.41, , 
,1170.34,2176,84.0,3.5,11101001,1169.64,2176,36.9,4.12,438.6,1170.01,3.9,1.52, , 
,1171.38,2176,84.0,3.5,11101001,1170.68,2176,38.4,5.15,459.0,1171.02,2.7,1.45, , 
,1172.39,2208,84.0,4.3,11101001,1171.72,2208,48.6,6.18,571.2,1172.07,5.1,1.45, , 
,1173.40,2240,84.0,0.4,11101001,1172.74,2240,59.2,8.24,673.2,1173.07,1.2,1.37, , 
,1174.38,2304,84.0,-1.2,11101001,1173.73,2272,57.6,7.21,652.8,1174.06,-1.2,1.45, , 
,1175.40,2336,84.0,0.0,11101001,1174.72,2304,57.6,7.21,652.8,1175.04,-0.8,1.52, , 
,1176.39,2368,84.0,0.4,11101001,1175.76,2336,56.1,7.21,632.4,1176.06,0.4,1.45, , 
,1177.34,2400,84.0,1.6,11101001,1176.70,2368,54.5,7.21,632.4,1177.03,2.0,1.45, , 
,1178.38,2400,84.0,5.5,11101001,1177.69,2400,50.2,6.18,571.2,1178.02,4.3,1.56, , 
,1179.46,2432,84.0,6.6,11101001,1178.75,2432,47.1,6.18,550.8,1179.11,7.4,1.45, , 
,1180.55,2432,84.0,6.6,11101001,1179.82,2432,45.9,6.18,520.2,1180.20,6.6,1.41, , 
,1181.57,2464,84.0,6.6,11101001,1180.89,2464,45.9,6.18,520.2,1181.23,6.6,1.48, , 
,1182.68,2464,84.0,6.3,11101001,1181.95,2464,45.9,6.18,520.2,1182.32,6.6,1.41, , 
,1183.78,2496,84.0,6.3,11101001,1183.06,2464,44.3,6.18,520.2,1183.43,6.6,1.52, , 
,1184.81,2496,84.0,6.3,11101001,1184.10,2496,44.3,6.18,499.8,1184.45,6.6,1.45, , 
,1185.82,2496,84.0,2.3,11101001,1185.15,2496,45.9,6.18,520.2,1185.50,5.9,1.37, , 
,1186.85,2560,84.0,-3.5,11101001,1186.17,2528,56.1,7.21,632.4,1186.53,-0.4,1.45, , 
,1187.87,2592,84.0,-4.7,11101001,1187.20,2560,59.2,7.21,652.8,1187.54,-4.3,1.52, , 
,1188.85,2624,84.0,-3.5,11101001,1188.19,2624,59.2,7.21,652.8,1188.51,-4.3,1.48, , 
,1189.84,2656,84.0,-2.7,11101001,1189.18,2624,57.6,7.21,652.8,1189.49,-3.5,1.48, , 
,1190.86,2688,84.0,-1.2,11101001,1190.17,2688,57.6,7.21,632.4,1190.52,-1.6,1.52, , 
,1191.87,2720,84.0,0.0,11101001,1191.19,2720,56.1,7.21,612.0,1191.53,0.4,1.48, , 
,1192.90,2752,84.0,0.8,11101001,1192.23,2720,54.5,7.21,612.0,1192.58,0.4,1.45, , 
,1193.91,2784,84.0,0.8,11101001,1193.25,2752,54.5,7.21,612.0,1193.58,0.8,1.45, , 
,1194.95,2816,84.0,-0.4,11101001,1194.27,2784,54.5,7.21,612.0,1194.60,0.8,1.48, , 
,1196.00,2848,84.0,-3.5,11101001,1195.29,2816,59.2,7.21,652.8,1195.67,-3.1,1.37, , 
,1197.03,2880,84.0,-4.7,11101001,1196.35,2848,60.4,7.21,652.8,1196.69,-4.7,1.37, , 
,1198.18,2912,84.0,-3.9,11101001,1197.38,2880,59.2,7.21,652.8,1197.77,-3.9,1.52, , 
,1199.15,2944,84.0,-3.5,11101001,1198.52,2944,59.2,7.21,652.8,1198.87,-3.5,1.45, , 
,1200.37,2976,84.0,-2.7,11101001,1199.63,2944,57.6,7.21,652.8,1200.09,-3.5,1.45, , 
,1201.33,2176,84.0,0.0,11111101,1200.66,2976,51.8,6.18,591.6,1200.98,0.0,3.20, , 
,1202.30,2144,84.0,0.0,11101001,1201.67,1632,0.0,0.00,316.2,1201.97,0.0,3.95, , 
,1203.31,2240,84.0,0.0,11101001,1202.63,2272,31.0,4.12,377.4,1202.96,0.0,1.52, , 
,1204.30,2272,85.5,-3.5,11101001,1203.64,2240,62.0,8.24,693.6,1203.97,-4.3,1.21, , 
,1205.31,2272,85.5,-4.7,11101001,1204.63,2272,62.0,8.24,693.6,1204.98,-4.7,1.41, , 
,1206.29,2272,84.0,-5.9,11101001,1205.62,2272,62.0,7.21,693.6,1205.96,-5.1,1.52, , 
,1207.33,2304,85.5,-5.5,11101001,1206.64,2272,60.4,7.21,693.6,1206.98,-5.9,1.45, , 
,1208.33,2304,85.5,-5.5,11101001,1207.68,2304,62.0,7.21,693.6,1208.02,-6.3,1.48, , 
,1209.32,2304,85.5,-5.1,11101001,1208.68,2304,60.4,7.21,673.2,1209.00,-4.7,1.52, , 
,1210.36,2304,85.5,-4.7,11101001,1209.67,2304,60.4,7.21,673.2,1210.02,-4.7,1.45, , 
,1211.37,2304,84.0,-4.7,11101001,1210.69,2304,60.4,7.21,673.2,1211.02,-5.1,1.48, , 
,1212.37,2304,85.5,-5.1,11101001,1211.72,2336,60.4,7.21,673.2,1212.04,-4.7,1.52, , 
,1213.39,2336,85.5,-4.3,11101001,1212.72,2304,60.4,7.21,673.2,1213.04,-4.7,1.41, , 
,1214.39,2304,85.5,-3.5,11101001,1213.72,2304,60.4,7.21,673.2,1214.06,-4.3,1.48, , 
,1215.40,2304,85.5,-4.7,11101001,1214.73,2304,60.4,7.21,673.2,1215.04,-3.9,1.52, , 
,1216.43,2304,85.5,-10.5,11101001,1215.76,2304,66.3,8.24,734.4,1216.07,-7.4,1.29, , 
,1217.45,2304,85.5,-13.3,11101001,1216.78,2304,72.2,8.24,795.6,1217.11,-12.5,1.48, , 
,1218.48,2304,85.5,-13.7,11101001,1217.81,2304,73.7,8.24,795.6,1218.15,-13.3,1.52, , 
,1219.50,2304,85.5,-12.9,11101001,1218.81,2304,72.2,8.24,795.6,1219.15,-13.3,1.45, , 
,1220.51,2304,85.5,-12.9,11101001,1219.83,2304,72.2,8.24,795.6,1220.16,-12.9,1.48, , 
,1221.51,2272,85.5,-12.9,11101001,1220.82,2304,73.7,8.24,795.6,1221.16,-10.9,1.48, , 
,1222.50,2272,85.5,-14.8,11101001,1221.84,2272,78.4,9.27,867.0,1222.17,-14.8,1.41, , 
,1223.52,2272,85.5,-14.8,11101001,1222.83,2272,84.3,10.30,907.8,1223.16,-14.5,1.48, , 
,1224.52,2240,85.5,-15.2,11101001,1223.84,2240,84.3,9.27,907.8,1224.17,-15.2,1.45, , 
,1225.50,2240,85.5,-13.3,11101001,1224.85,2240,85.5,10.30,928.2,1225.18,-14.8,1.45, , 
,1226.51,2208,85.5,-10.2,11101001,1225.83,2240,85.5,10.30,928.2,1226.16,-11.3,1.56, , 
,1227.53,2208,85.5,-11.7,11101001,1226.87,2208,90.2,11.33,969.0,1227.19,-12.5,1.37, , 
,1228.57,2208,87.0,-12.5,11101001,1227.88,2208,90.2,11.33,969.0,1228.22,-11.7,1.48, , 
,1229.61,2208,85.5,-12.5,11101001,1228.92,2208,90.2,11.33,969.0,1229.26,-12.5,1.45, , 
,1230.65,2176,85.5,-12.9,11101001,1229.95,2176,90.2,11.33,969.0,1230.29,-12.5,1.45, , 
,1231.70,1376,85.5,0.0,11111111,1230.99,2176,90.2,11.33,969.0,1231.35,0.0,2.89, , 
,1232.74,2592,85.5,0.0,11101001,1232.06,1568,35.3,5.15,459.0,1232.40,0.0,0.82, , 
,1233.70,2592,85.5,-5.9,11101001,1233.06,2624,65.1,9.27,714.0,1233.39,0.0,1.02, , 
,1234.70,2592,85.5,-9.8,11101001,1234.05,2592,73.7,8.24,795.6,1234.39,-8.6,1.45, , 
,1235.73,2592,85.5,-15.6,11101001,1235.05,2592,79.6,9.27,846.6,1235.38,-14.1,1.45, , 
,1236.76,2592,85.5,-18.8,11101001,1236.08,2592,84.3,9.27,907.8,1236.42,-18.8,1.48, , 
,1237.75,2624,85.5,-19.9,11101001,1237.10,2624,87.1,10.30,928.2,1237.43,-19.5,1.48, , 
,1238.76,2624,85.5,-19.9,11101001,1238.09,2624,87.1,10.30,928.2,1238.42,-19.1,1.52, , 
,1239.80,2656,85.5,-19.9,11101001,1239.08,2624,87.1,10.30,928.2,1239.44,-20.7,1.48, , 
,1240.80,2656,85.5,-22.7,11101001,1240.12,2656,85.5,9.27,907.8,1240.45,-21.9,1.45, , 
,1241.83,2624,85.5,-1.2,11101001,1241.15,2656,67.8,8.24,734.4,1241.50,0.0,1.21, , 
,1242.84,2592,85.5,1.6,11101001,1242.15,2624,40.0,5.15,459.0,1242.49,2.7,1.56, , 
,1243.88,2528,85.5,-12.5,11101001,1243.19,2560,20.8,2.06,295.8,1243.52,-9.0,1.09, , 
,1244.90,2464,85.5,-14.5,11111101,1244.25,2496,17.6,2.06,244.8,1244.56,-13.7,1.48, , 
,1245.91,2368,85.5,0.0,11111101,1245.26,2432,17.6,2.06,244.8,1245.59,0.0,1.52, , 
,1246.89,2240,85.5,0.0,11111101,1246.24,2336,0.0,0.00,275.4,1246.57,0.0,3.83, , 
,1247.90,2112,85.5,0.0,11111101,1247.23,2208,0.0,0.00,244.8,1247.56,0.0,3.87, , 
,1248.96,1952,85.5,0.0,11111111,1248.25,2048,0.0,0.00,244.8,1248.59,0.0,3.95, , 
,1249.99,1856,85.5,0.0,11111111,1249.30,1920,0.0,0.00,275.4,1249.63,0.0,3.95, , 
,1251.07,1792,85.5,0.0,11111111,1250.36,1824,0.0,0.00,295.8,1250.71,0.0,3.95, , 
,1252.12,1760,85.5,0.0,11111111,1251.44,1792,0.0,0.00,316.2,1251.81,0.0,3.98, , 
,1253.14,1728,85.5,0.0,11111111,1252.46,1760,0.0,0.00,316.2,1252.82,0.0,3.98, , 
,1254.17,1696,85.5,0.0,11111111,1253.49,1728,0.0,0.00,316.2,1253.82,0.0,3.98, , 
,1255.20,1632,85.5,0.0,11111111,1254.51,1664,0.0,0.00,316.2,1254.85,0.0,3.98, , 
,1256.24,1536,85.5,0.0,11111111,1255.55,1600,0.0,0.00,336.6,1255.88,0.0,3.95, , 
,1257.20,1504,85.5,0.0,11111111,1256.64,1504,0.0,0.00,336.6,1256.93,0.0,3.95, , 
,1258.00,1472,85.5,0.0,11111111,1257.46,1504,0.0,0.00,336.6,1257.73,0.0,3.95, , 
,1258.79,1472,85.5,0.0,11111111,1258.26,1472,0.0,0.00,336.6,1258.53,0.0,3.95, , 
,1259.84,1440,85.5,0.0,11111111,1259.18,1472,0.0,0.00,336.6,1259.51,0.0,3.95, , 
,1260.80,1376,85.5,0.0,11111111,1260.20,1408,0.0,0.00,336.6,1260.50,0.0,3.95, , 
,1261.78,1376,85.5,0.0,11111111,1261.14,1376,0.0,0.00,336.6,1261.46,0.0,3.95, , 
,1262.79,1376,85.5,0.0,11111111,1262.11,1376,0.0,0.00,336.6,1262.46,0.0,3.91, , 
,1263.76,1344,85.5,0.0,11111111,1263.11,1376,0.0,0.00,336.6,1263.45,0.0,3.95, , 
,1264.70,1312,85.5,0.0,11111111,1264.07,1312,0.0,0.00,336.6,1264.39,0.0,3.98, , 
,1265.64,1280,85.5,0.0,11111111,1265.00,1248,23.5,3.09,336.6,1265.31,0.0,1.52, , 
,1266.59,960,85.5,0.0,11111111,1265.95,1088,25.1,3.09,357.0,1266.30,0.0,0.86, , 
,1267.54,896,85.5,0.0,11111111,1266.90,896,26.7,3.09,377.4,1267.22,-0.4,1.37, , 
,1268.48,896,85.5,0.0,11111111,1267.86,896,26.7,3.09,397.8,1268.19,0.4,1.45, , 
,1269.40,896,85.5,0.0,11111111,1268.79,896,26.7,3.09,397.8,1269.11,-0.4,1.48, , 
,1270.35,896,84.0,-0.8,11111111,1269.71,896,26.7,3.09,397.8,1270.03,-0.4,1.45, , 
,1271.33,896,84.0,-0.4,11111111,1270.68,896,26.7,3.09,377.4,1271.01,-0.4,1.48, , 
,1272.24,896,84.0,-0.4,11111111,1271.63,896,26.7,3.09,377.4,1271.94,-0.4,1.45, , 
,1273.14,896,84.0,-0.4,11111111,1272.54,896,26.7,3.09,397.8,1272.84,-0.4,1.45, , 
,1274.06,896,84.0,-0.8,11111111,1273.44,896,26.7,3.09,397.8,1273.74,-0.8,1.45, , 
,1275.02,896,84.0,-0.8,11111111,1274.39,896,26.7,3.09,397.8,1274.70,-0.8,1.45, , 
,1275.94,896,84.0,-1.2,11111111,1275.33,896,26.7,3.09,377.4,1275.63,-1.2,1.45, , 
,1276.81,864,84.0,-0.8,11111111,1276.21,864,26.7,3.09,377.4,1276.51,-1.2,1.48, , 
,1277.71,864,84.0,-1.2,11111111,1277.11,864,26.7,3.09,377.4,1277.42,-1.2,1.45, , 
,1278.61,896,84.0,-1.2,11111111,1278.01,864,26.7,3.09,397.8,1278.31,-1.2,1.45, , 
,1279.54,896,84.0,-1.2,11111111,1278.91,896,26.7,3.09,397.8,1279.21,-1.2,1.45, , 
,1280.45,896,84.0,-1.2,11111111,1279.86,896,26.7,3.09,397.8,1280.16,-1.2,1.48, , 
,1281.33,864,84.0,-1.2,11111111,1280.76,896,26.7,3.09,377.4,1281.04,-1.2,1.48, , 
,1282.30,1408,84.0,-3.1,11101011,1281.65,960,28.2,3.09,397.8,1281.97,-2.0,1.37, , 
,1283.21,1536,84.0,0.0,11101011,1282.58,1440,42.7,6.18,520.2,1282.84,0.0,0.66, , 
,1284.25,1760,84.0,0.0,11101011,1283.54,1600,72.2,10.30,826.2,1283.91,0.0,1.33, , 
,1285.31,2016,84.0,-4.7,11101001,1284.60,1824,87.1,13.39,948.6,1284.97,0.0,1.17, , 
,1286.28,2272,84.0,0.0,11101001,1285.64,2112,88.6,12.36,948.6,1285.97,-7.8,1.33, , 
,1287.25,2336,84.0,0.0,11111101,1286.61,2304,48.6,5.15,591.6,1286.93,0.0,1.80, , 
,1288.23,2336,84.0,0.0,11111101,1287.57,2336,17.6,2.06,275.4,1287.91,-4.3,1.29, , 
,1289.19,2336,84.0,0.0,11111101,1288.55,2368,0.0,0.00,244.8,1288.87,0.0,3.91, , 
,1290.18,2272,84.0,0.0,11111101,1289.51,2336,0.0,0.00,275.4,1289.85,0.0,3.98, , 
,1291.19,2144,84.0,0.0,11111101,1290.51,2240,0.0,0.00,244.8,1290.86,0.0,3.95, , 
,1292.23,1888,84.0,0.0,11111111,1291.52,2080,0.0,0.00,244.8,1291.89,0.0,3.95, , 
,1293.28,1728,84.0,0.0,11111111,1292.55,1824,0.0,0.00,295.8,1292.92,0.0,3.95, , 
,1294.32,1600,84.0,0.0,11111111,1293.62,1664,0.0,0.00,316.2,1293.96,0.0,3.91, , 
,1295.37,1536,84.0,0.0,11111111,1294.68,1568,0.0,0.00,336.6,1295.02,0.0,3.95, , 
,1296.36,1472,84.0,0.0,11111111,1295.77,1504,0.0,0.00,336.6,1296.09,0.0,3.95, , 
,1297.36,1504,84.0,0.0,11101011,1296.73,1472,0.0,0.00,336.6,1297.09,0.0,3.95, , 
,1298.30,1536,84.0,0.0,11101011,1297.74,1472,23.5,3.09,336.6,1298.01,0.0,0.78, , 
,1299.24,1504,82.5,0.0,11101011,1298.56,1472,23.5,3.09,336.6,1298.82,-1.6,1.29, , 
,1300.38,1536,82.5,3.5,11101011,1299.65,1504,22.0,3.09,316.2,1300.02,2.3,1.56, , 
,1301.45,1568,82.5,7.0,11101011,1300.75,1536,23.5,3.09,336.6,1301.09,6.3,1.60, , 
,1302.54,1600,82.5,6.6,11111111,1301.81,1568,26.7,3.09,357.0,1302.17,7.0,1.45, , 
,1303.55,1600,82.5,9.8,11111111,1302.89,1632,23.5,3.09,336.6,1303.22,8.6,1.52, , 
,1304.56,1632,82.5,12.1,11101011,1303.87,1600,23.5,3.09,336.6,1304.21,11.3,1.52, , 
,1305.65,1664,82.5,12.1,11101011,1304.90,1632,22.0,3.09,316.2,1305.28,12.9,1.48, , 
,1306.69,1664,84.0,12.1,11111111,1305.97,1664,22.0,3.09,316.2,1306.31,12.9,1.41, , 
,1307.79,1696,82.5,10.2,11101011,1307.04,1664,20.8,3.09,316.2,1307.42,10.5,1.33, , 
,1308.82,1728,84.0,9.0,11101011,1308.15,1696,22.0,3.09,316.2,1308.48,9.0,1.37, , 
,1309.91,1760,82.5,6.3,11101011,1309.17,1760,22.0,3.09,316.2,1309.52,7.8,1.37, , 
,1311.02,1792,84.0,0.0,11101011,1310.29,1792,20.8,2.06,295.8,1310.67,2.3,1.25, , 
,1312.12,1856,84.0,-3.9,11101011,1311.40,1792,20.8,2.06,295.8,1311.75,-2.3,1.37, , 
,1313.20,1984,84.0,0.0,11101011,1312.49,1824,59.2,9.27,652.8,1312.84,0.0,1.21, , 
,1314.22,2208,84.0,0.0,11101001,1313.55,2048,87.1,13.39,948.6,1313.88,0.0,1.02, , 
,1315.23,2464,82.5,-3.9,11101001,1314.53,2304,92.9,13.39,989.4,1314.88,-3.9,1.41, , 
,1316.24,2688,84.0,-3.1,11101001,1315.56,2528,92.9,13.39,989.4,1315.89,-3.9,1.48, , 
,1317.35,2944,84.0,-5.9,11101001,1316.58,2784,92.9,13.39,989.4,1316.88,-3.5,1.41, , 
,1318.40,3200,84.0,-7.0,11101001,1317.70,3040,94.5,15.45,989.4,1318.05,-6.3,1.09, , 
,1319.48,3424,84.0,-10.5,11101001,1318.76,3264,94.5,14.42,989.4,1319.12,-8.2,1.09, , 
,1320.52,2752,84.0,0.0,11111101,1319.87,3488,94.5,12.36,989.4,1320.22,0.0,2.81, , 
,1321.49,1280,84.0,0.0,11111111,1320.89,2240,0.0,0.00,295.8,1321.19,0.0,3.91, , 
,1322.44,960,84.0,0.0,11111111,1321.85,1024,26.7,4.12,377.4,1322.16,0.0,2.19, , 
,1323.35,928,84.0,0.0,11111111,1322.74,928,26.7,4.12,377.4,1323.04,0.0,0.55, , 
,1324.30,1344,84.0,-7.4,11101011,1323.67,928,25.1,3.09,377.4,1323.97,-6.6,0.98, , 
,1325.31,2432,84.0,-8.2,11101001,1324.64,2272,17.6,2.06,275.4,1324.97,-5.5,1.41, , 
,1326.36,2432,84.0,0.0,11101001,1325.67,2432,23.5,3.09,316.2,1326.02,0.0,1.52, , 
,1327.41,2496,85.5,2.3,11101001,1326.71,2464,51.8,7.21,591.6,1327.07,2.0,1.56, , 
,1328.46,2528,84.0,3.9,11101001,1327.74,2496,50.2,7.21,571.2,1328.11,3.5,1.48, , 
,1329.50,2560,84.0,3.9,11101001,1328.81,2560,50.2,7.21,571.2,1329.16,3.5,1.41, , 
,1330.55,2624,84.0,4.7,11101001,1329.85,2592,50.2,6.18,571.2,1330.18,4.3,1.52, , 
,1331.59,2656,85.5,5.9,11101001,1330.90,2624,48.6,6.18,550.8,1331.25,5.9,1.48, , 
,1332.62,2688,84.0,6.6,11101001,1331.92,2656,47.1,6.18,550.8,1332.26,5.9,1.41, , 
,1333.60,2720,85.5,6.3,11101001,1332.95,2688,47.1,6.18,550.8,1333.27,6.3,1.48, , 
,1334.63,2752,85.5,6.3,11101001,1333.94,2720,45.9,6.18,520.2,1334.28,5.9,1.52, , 
,1335.65,2784,85.5,0.0,11101001,1334.97,2752,54.5,7.21,612.0,1335.31,1.6,1.17, , 
,1336.70,2848,85.5,-10.9,11101001,1336.01,2816,60.4,8.24,673.2,1336.36,-10.2,0.98, , 
,1337.71,2944,85.5,-17.6,11101001,1337.04,2880,84.3,10.30,907.8,1337.43,-14.5,1.41, , 
,1338.75,3008,85.5,-15.6,11101001,1338.16,2976,73.7,8.24,775.2,1338.48,-15.6,1.56, , 
,1339.86,2144,85.5,0.0,11111101,1339.21,3040,65.1,7.21,714.0,1339.53,0.0,3.55, , 
,1340.78,1856,85.5,0.0,11101011,1340.16,1664,0.0,0.00,295.8,1340.43,0.0,3.79, , 
,1341.79,2272,85.5,-3.5,11101001,1341.11,2336,20.8,3.09,295.8,1341.45,0.0,0.98, , 
,1342.80,2304,85.5,2.3,11101001,1342.13,2304,35.3,4.12,418.2,1342.48,2.0,1.60, , 
,1343.78,2272,85.5,3.9,11101001,1343.13,2304,38.4,5.15,459.0,1343.45,2.7,1.48, , 
,1344.77,2272,85.5,-2.0,11101001,1344.11,2272,25.1,3.09,336.6,1344.45,0.8,1.37, , 
,1345.79,2240,85.5,-7.0,11101001,1345.10,2272,22.0,3.09,316.2,1345.45,-5.1,1.29, , 
,1346.82,2240,85.5,-7.4,11101001,1346.14,2240,22.0,2.06,316.2,1346.49,-6.6,1.29, , 
,1347.83,2208,85.5,-3.9,11111101,1347.17,2208,19.2,2.06,275.4,1347.50,-3.9,1.52, , 
,1348.85,2176,85.5,0.0,11111101,1348.17,2208,0.0,0.00,244.8,1348.51,0.0,3.01, , 
,1349.88,2112,85.5,0.0,11111101,1349.19,2144,0.0,0.00,244.8,1349.53,0.0,3.98, , 
,1350.89,2080,85.5,0.0,11111101,1350.22,2112,0.0,0.00,244.8,1350.55,0.0,3.98, , 
,1351.92,2048,85.5,0.0,11111101,1351.23,2080,0.0,0.00,244.8,1351.57,0.0,3.91, , 
,1352.96,2016,85.5,0.0,11111101,1352.27,2016,0.0,0.00,244.8,1352.61,0.0,3.95, , 
,1354.01,1952,85.5,0.0,11111111,1353.31,1984,0.0,0.00,244.8,1353.65,0.0,3.98, , 
,1355.07,1920,85.5,0.0,11111111,1354.36,1952,0.0,0.00,275.4,1354.71,0.0,3.95, , 
,1356.12,1888,85.5,0.0,11111111,1355.41,1920,0.0,0.00,275.4,1355.74,0.0,3.95, , 
,1357.17,1856,84.0,0.0,11111111,1356.48,1888,0.0,0.00,295.8,1356.82,0.0,3.91, , 
,1358.22,1824,84.0,0.0,11111111,1357.53,1856,0.0,0.00,295.8,1357.87,0.0,3.98, , 
,1359.25,1792,84.0,0.0,11111111,1358.59,1792,0.0,0.00,316.2,1358.90,0.0,3.98, , 
,1360.30,1728,84.0,0.0,11101011,1359.60,1760,0.0,0.00,316.2,1359.93,0.0,3.98, , 
,1361.44,1728,84.0,0.0,11101011,1360.68,1728,20.8,3.09,316.2,1361.06,0.0,1.09, , 
,1362.47,1696,84.0,3.9,11101011,1361.78,1696,29.4,4.12,397.8,1362.12,4.3,1.29, , 
,1363.59,1696,84.0,7.0,11101011,1362.82,1696,29.4,4.12,397.8,1363.24,5.1,1.48, , 
,1364.63,1056,84.0,0.0,11111111,1363.96,1632,0.0,0.00,336.6,1364.29,0.0,2.89, , 
,1365.59,1152,84.0,0.0,11111111,1364.96,1088,26.7,4.12,377.4,1365.28,0.0,0.94, , 
,1366.62,1792,84.0,0.0,11111111,1365.93,1696,0.0,0.00,316.2,1366.28,0.0,3.09, , 
,1367.60,1696,84.0,0.0,11111111,1366.96,1760,0.0,0.00,316.2,1367.28,0.0,3.95, , 
,1368.60,1664,84.0,0.0,11111111,1367.93,1696,0.0,0.00,316.2,1368.26,0.0,3.98, , 
,1369.64,1600,84.0,0.0,11111111,1368.96,1632,0.0,0.00,316.2,1369.29,0.0,3.98, , 
,1370.68,1536,84.0,0.0,11111111,1369.98,1568,0.0,0.00,316.2,1370.35,0.0,3.95, , 
,1371.67,1504,84.0,0.0,11111111,1371.00,1536,0.0,0.00,336.6,1371.41,0.0,3.98, , 
,1372.69,1440,84.0,0.0,11111111,1371.93,1472,0.0,0.00,336.6,1372.34,0.0,4.02, , 
,1373.68,1408,84.0,0.0,11111111,1373.01,1440,0.0,0.00,336.6,1373.36,0.0,4.02, , 
,1374.69,1344,84.0,0.0,11101011,1374.02,1376,22.0,4.12,336.6,1374.35,0.0,2.46, , 
,1375.69,1376,82.5,-5.1,11101011,1375.02,1376,26.7,3.09,357.0,1375.38,0.0,0.82, , 
,1376.69,1376,84.0,-5.1,11101011,1376.05,1376,31.0,4.12,397.8,1376.38,-2.7,1.48, , 
,1377.74,1376,82.5,-3.9,11101011,1377.03,1376,36.9,5.15,479.4,1377.36,-3.9,1.45, , 
,1378.77,1376,82.5,-5.5,11101011,1378.09,1376,31.0,4.12,418.2,1378.45,-4.3,1.48, , 
,1379.75,1536,82.5,-3.9,11111111,1379.10,1376,25.1,3.09,357.0,1379.42,-3.5,1.56, , 
,1380.86,1824,82.5,2.3,11101011,1380.13,1568,22.0,2.06,316.2,1380.49,0.8,1.64, , 
,1381.92,1792,82.5,6.3,11101011,1381.22,1760,23.5,3.09,336.6,1381.56,5.5,1.56, , 
,1382.99,1760,82.5,7.0,11101011,1382.26,1760,25.1,3.09,357.0,1382.62,7.0,1.41, , 
,1384.07,1760,82.5,7.4,11101011,1383.36,1760,28.2,4.12,377.4,1383.69,8.2,1.41, , 
,1385.18,1760,82.5,8.2,11101011,1384.45,1760,31.0,4.12,397.8,1384.80,8.2,1.41, , 
,1386.28,1760,82.5,7.0,11101011,1385.55,1760,34.1,4.12,418.2,1385.92,7.8,1.37, , 
,1387.37,1824,82.5,0.0,11101011,1386.66,1760,41.2,6.18,499.8,1387.01,0.0,1.52, , 
,1388.50,1856,82.5,3.9,11101011,1387.75,1824,51.8,6.18,612.0,1388.12,2.3,1.56, , 
,1389.59,1920,82.5,5.5,11101011,1388.88,1888,42.7,6.18,520.2,1389.24,5.1,1.52, , 
,1390.68,1952,82.5,4.3,11101011,1389.96,1952,42.7,6.18,520.2,1390.33,4.7,1.37, , 
,1391.75,2016,82.5,1.6,11101001,1391.05,1984,40.0,5.15,479.4,1391.39,2.0,1.41, , 
,1392.83,2048,82.5,0.4,11101001,1392.10,2016,38.4,5.15,459.0,1392.46,0.8,1.45, , 
,1393.87,2080,82.5,0.4,11101001,1393.17,2048,38.4,5.15,459.0,1393.52,0.4,1.45, , 
,1394.91,2144,82.5,1.2,11101001,1394.23,2112,38.4,5.15,459.0,1394.56,0.4,1.52, , 
,1395.92,2176,82.5,1.2,11101001,1395.23,2144,38.4,4.12,459.0,1395.58,1.2,1.52, , 
,1396.92,2176,82.5,2.0,11101001,1396.25,2176,36.9,4.12,438.6,1396.59,2.0,1.48, , 
,1397.93,2176,82.5,1.2,11101001,1397.25,2176,31.0,4.12,397.8,1397.59,1.6,1.48, , 
,1398.92,2112,82.5,-5.1,11111101,1398.26,2176,20.8,2.06,295.8,1398.59,-2.3,1.25, , 
,1399.93,2112,82.5,0.0,11111101,1399.26,2112,17.6,2.06,244.8,1399.59,-5.5,1.45, , 
,1400.98,2016,82.5,0.0,11111101,1400.28,2080,0.0,0.00,275.4,1400.64,0.0,3.95, , 
,1401.96,1408,82.5,0.0,11111111,1401.32,1984,0.0,0.00,244.8,1401.65,0.0,3.91, , 
,1402.93,1056,82.5,0.0,11111111,1402.31,960,26.7,4.12,377.4,1402.62,0.0,3.05, , 
,1403.86,896,82.5,0.0,11111111,1403.23,960,23.5,3.09,357.0,1403.54,0.0,0.55, , 
,1404.76,896,82.5,-2.3,11111111,1404.16,896,25.1,3.09,377.4,1404.45,0.0,1.02, , 
,1405.70,864,82.5,-2.0,11111111,1405.09,864,26.7,3.09,377.4,1405.39,-2.7,1.48, , 
,1406.61,896,82.5,-0.4,11111111,1406.00,896,26.7,3.09,377.4,1406.29,-1.2,1.52, , 
,1407.55,896,82.5,0.0,11111111,1406.93,896,26.7,3.09,397.8,1407.25,0.0,1.45, , 
,1408.45,896,82.5,-0.4,11111111,1407.82,896,26.7,3.09,377.4,1408.14,-0.4,1.41, , 
,1409.35,864,82.5,-0.4,11111111,1408.75,896,26.7,3.09,377.4,1409.06,-0.4,1.41, , 
,1410.21,768,82.5,-1.2,11111111,1409.65,768,23.5,3.09,377.4,1409.92,-1.2,1.41, , 
,1411.12,800,84.0,-2.7,11111111,1410.52,800,28.2,3.09,418.2,1410.82,-2.3,1.37, , 
,1412.04,800,84.0,-2.7,11111111,1411.43,768,26.7,3.09,397.8,1411.74,-3.1,1.48, , 
,1413.02,1632,84.0,0.0,11101011,1412.36,800,32.5,4.12,438.6,1412.67,0.0,1.60, , 
,1413.93,896,84.0,0.0,11101011,1413.32,1472,56.1,7.21,673.2,1413.62,0.0,1.13, , 
,1415.00,2048,84.0,0.0,11101001,1414.31,1216,82.7,13.39,948.6,1414.67,0.0,0.86, , 
,1416.01,1376,84.0,0.0,11101011,1415.33,2400,73.7,7.21,867.0,1415.66,0.0,3.24, , 
,1417.07,1504,84.0,0.0,11101011,1416.35,1408,36.9,6.18,459.0,1416.72,0.0,0.35, , 
,1418.19,1856,84.0,-2.7,11101011,1417.44,1600,73.7,10.30,846.6,1417.83,0.0,1.33, , 
,1419.24,2208,84.0,-7.8,11101001,1418.55,1984,76.9,10.30,846.6,1418.90,-5.9,1.33, , 
,1420.30,2528,84.0,-13.3,11101001,1419.61,2304,72.2,9.27,795.6,1419.96,-10.9,1.48, , 
,1421.29,2656,84.0,0.0,11111101,1420.63,2624,72.2,8.24,775.2,1420.97,-12.5,1.56, , 
,1422.29,1344,84.0,0.0,11101011,1421.64,2144,0.0,0.00,316.2,1421.93,0.0,3.87, , 
,1423.35,1792,84.0,0.0,11101011,1422.67,1856,28.2,4.12,377.4,1422.99,0.0,0.94, , 
,1424.44,1888,84.0,-3.1,11101011,1423.70,1856,66.3,9.27,754.8,1424.07,0.0,1.21, , 
,1425.51,2016,84.0,-1.2,11101001,1424.79,1920,63.5,8.24,714.0,1425.16,-2.0,1.52, , 
,1426.55,2080,84.0,1.2,11101001,1425.86,2016,60.4,7.21,673.2,1426.21,0.8,1.48, , 
,1427.56,2144,85.5,0.8,11101001,1426.87,2112,57.6,8.24,673.2,1427.22,0.4,1.45, , 
,1428.57,2240,84.0,0.8,11101001,1427.89,2176,57.6,7.21,652.8,1428.21,2.0,1.48, , 
,1429.61,2304,85.5,0.0,11101001,1428.92,2272,56.1,7.21,632.4,1429.26,0.0,1.41, , 
,1430.61,2400,85.5,0.8,11101001,1429.94,2336,54.5,7.21,632.4,1430.28,0.4,1.52, , 
,1431.66,2464,85.5,0.4,11101001,1430.94,2400,53.3,7.21,612.0,1431.31,0.0,1.45, , 
,1432.69,2528,85.5,1.2,11101001,1432.02,2496,51.8,7.21,591.6,1432.34,0.4,1.48, , 
,1433.65,2592,85.5,2.7,11101001,1433.02,2560,51.8,7.21,571.2,1433.33,1.6,1.52, , 
,1434.72,2656,85.5,3.1,11101001,1434.03,2624,50.2,6.18,571.2,1434.37,3.5,1.45, , 
,1435.71,2720,85.5,4.3,11101001,1435.05,2688,50.2,6.18,571.2,1435.37,3.9,1.45, , 
,1436.75,2784,85.5,5.5,11101001,1436.08,2752,48.6,6.18,550.8,1436.41,5.5,1.52, , 
,1437.78,1952,85.5,0.0,11111111,1437.09,2816,47.1,6.18,550.8,1437.43,0.0,3.09, , 
,1438.85,1984,85.5,0.0,11101001,1438.12,1472,0.0,0.00,336.6,1438.50,0.0,3.13, , 
,1439.91,2048,85.5,0.0,11101001,1439.22,2048,23.5,3.09,336.6,1439.56,0.0,1.37, , 
,1440.97,2080,85.5,-0.8,11101001,1440.26,2048,60.4,8.24,693.6,1440.62,-1.2,1.48, , 
,1442.02,2112,85.5,0.8,11101001,1441.31,2112,59.2,7.21,673.2,1441.65,0.0,1.52, , 
,1443.04,2176,85.5,0.0,11101001,1442.38,2144,57.6,7.21,652.8,1442.71,1.6,1.48, , 
,1444.05,2208,85.5,2.3,11101001,1443.38,2176,54.5,7.21,632.4,1443.71,1.6,1.52, , 
,1445.08,2208,85.5,5.1,11101001,1444.39,2208,47.1,6.18,550.8,1444.74,4.7,1.48, , 
,1446.08,2240,85.5,4.7,11101001,1445.41,2208,41.2,5.15,479.4,1445.73,5.1,1.41, , 
,1447.10,2240,85.5,3.1,11101001,1446.42,2240,38.4,5.15,459.0,1446.77,3.5,1.41, , 
,1448.10,2240,85.5,3.5,11101001,1447.44,2240,35.3,4.12,438.6,1447.77,2.7,1.41, , 
,1449.17,2240,85.5,3.5,11101001,1448.45,2240,34.1,4.12,418.2,1448.82,3.9,1.52, , 
,1450.24,2240,85.5,3.5,11101001,1449.52,2240,32.5,4.12,418.2,1449.89,3.1,1.45, , 
,1451.29,2240,85.5,2.0,11101001,1450.61,2240,32.5,4.12,397.8,1450.95,2.0,1.45, , 
,1452.30,2240,85.5,1.6,11101001,1451.64,2240,32.5,4.12,397.8,1451.97,1.6,1.48, , 
,1453.30,2240,85.5,2.0,11101001,1452.63,2240,32.5,4.12,418.2,1452.97,2.0,1.48, , 
,1454.35,2208,85.5,3.1,11101001,1453.65,2240,32.5,4.12,397.8,1454.01,2.7,1.52, , 
,1455.39,2208,85.5,1.2,11101001,1454.70,2208,34.1,4.12,418.2,1455.04,3.1,1.45, , 
,1456.42,2208,85.5,-1.6,11101001,1455.73,2208,23.5,3.09,336.6,1456.07,0.0,1.41, , 
,1457.43,2176,85.5,-3.9,11101001,1456.76,2176,23.5,3.09,336.6,1457.09,-3.1,1.41, , 
,1458.45,2144,85.5,-4.7,11101001,1457.80,2176,25.1,3.09,336.6,1458.13,-3.9,1.48, , 
,1459.47,2176,85.5,-1.6,11101001,1458.80,2144,32.5,4.12,397.8,1459.13,-3.5,1.56, , 
,1460.47,2176,85.5,3.9,11101001,1459.80,2176,45.9,6.18,520.2,1460.13,2.0,1.56, , 
,1461.48,2208,85.5,3.1,11101001,1460.81,2176,41.2,5.15,499.8,1461.15,3.9,1.45, , 
,1462.49,2208,85.5,1.6,11101001,1461.82,2208,38.4,5.15,459.0,1462.17,2.3,1.41, , 
,1463.49,2208,85.5,0.8,11101001,1462.83,2208,36.9,5.15,459.0,1463.16,1.2,1.45, , 
,1464.53,2208,85.5,0.4,11101001,1463.85,2208,35.3,4.12,438.6,1464.20,0.8,1.48, , 
,1465.53,2208,85.5,1.6,11101001,1464.86,2208,34.1,4.12,418.2,1465.19,1.6,1.52, , 
,1466.57,2240,85.5,4.3,11101001,1465.87,2208,42.7,5.15,499.8,1466.21,3.9,1.56, , 
,1467.57,2272,85.5,7.0,11101001,1466.91,2240,45.9,6.18,550.8,1467.24,6.6,1.48, , 
,1468.58,2272,85.5,5.5,11101001,1467.91,2272,44.3,6.18,520.2,1468.24,5.9,1.37, , 
,1469.60,2272,85.5,3.9,11101001,1468.92,2272,36.9,5.15,438.6,1469.27,3.9,1.41, , 
,1470.63,2304,85.5,2.0,11101001,1469.95,2304,36.9,5.15,438.6,1470.30,2.7,1.45, , 
,1471.65,2304,85.5,2.0,11101001,1470.99,2304,35.3,4.12,438.6,1471.33,2.0,1.48, , 
,1472.62,2304,85.5,2.7,11101001,1471.99,2304,41.2,5.15,479.4,1472.30,2.3,1.48, , 
,1473.63,2336,85.5,2.7,11101001,1472.95,2304,40.0,5.15,459.0,1473.29,2.7,1.45, , 
,1474.67,2336,84.0,4.7,11101001,1473.99,2336,38.4,5.15,459.0,1474.32,4.3,1.52, , 
,1475.69,2368,84.0,5.9,11101001,1475.01,2336,38.4,5.15,459.0,1475.35,5.9,1.45, , 
,1476.72,2368,84.0,6.3,11101001,1476.04,2368,38.4,5.15,459.0,1476.38,5.9,1.48, , 
,1477.73,2368,84.0,6.6,11101001,1477.05,2368,38.4,5.15,459.0,1477.40,6.6,1.48, , 
,1478.77,2400,85.5,6.6,11101001,1478.06,2368,38.4,5.15,459.0,1478.45,6.6,1.45, , 
,1479.81,2400,85.5,7.0,11101001,1479.10,2400,38.4,5.15,459.0,1479.46,7.0,1.52, , 
,1480.87,2432,84.0,7.0,11101001,1480.16,2400,38.4,5.15,459.0,1480.52,7.0,1.48, , 
,1481.92,2432,85.5,7.0,11101001,1481.23,2432,38.4,5.15,459.0,1481.58,8.2,1.48, , 
,1482.95,2464,84.0,5.9,11101001,1482.25,2432,44.3,6.18,499.8,1482.60,6.3,1.48, , 
,1484.02,2464,85.5,5.5,11101001,1483.30,2464,42.7,6.18,499.8,1483.66,5.5,1.41, , 
,1485.03,2464,84.0,5.1,11101001,1484.33,2464,42.7,6.18,479.4,1484.68,5.1,1.45, , 
,1486.08,2496,84.0,5.1,11101001,1485.39,2464,42.7,6.18,499.8,1485.73,5.1,1.52, , 
,1487.13,2496,85.5,6.3,11101001,1486.43,2496,44.3,6.18,520.2,1486.76,5.9,1.45, , 
,1488.14,2496,85.5,2.3,11101001,1487.45,2496,45.9,6.18,520.2,1487.79,6.3,1.48, , 
,1489.18,2528,84.0,-1.6,11101001,1488.47,2528,54.5,7.21,612.0,1488.82,0.4,1.45, , 
,1490.20,2560,85.5,-2.7,11101001,1489.52,2528,56.1,7.21,612.0,1489.85,-2.3,1.48, , 
,1491.23,2560,84.0,-2.3,11101001,1490.55,2560,54.5,7.21,612.0,1490.88,-2.3,1.48, , 
,1492.26,2560,85.5,-2.7,11101001,1491.57,2560,56.1,7.21,632.4,1491.92,-3.1,1.48, , 
,1493.30,2592,84.0,-5.9,11101001,1492.62,2560,59.2,7.21,652.8,1492.95,-4.7,1.45, , 
,1494.29,2592,85.5,-5.9,11101001,1493.61,2592,60.4,7.21,673.2,1493.95,-5.9,1.45, , 
,1495.28,2624,84.0,-5.5,11101001,1494.62,2592,59.2,7.21,652.8,1494.95,-5.9,1.52, , 
,1496.24,2624,84.0,-5.5,11101001,1495.59,2624,59.2,7.21,652.8,1495.92,-5.5,1.52, , 
,1497.24,2624,85.5,-8.6,11101001,1496.57,2624,62.0,7.21,673.2,1496.91,-7.4,1.45, , 
,1498.25,2624,85.5,-8.2,11101001,1497.58,2624,62.0,7.21,693.6,1497.92,-8.2,1.45, , 
,1499.25,2624,84.0,-8.2,11101001,1498.59,2624,63.5,8.24,693.6,1498.93,-8.6,1.45, , 
,1500.25,2624,84.0,-8.2,11101001,1499.58,2624,63.5,8.24,693.6,1499.91,-8.6,1.52, , 
,1501.26,2592,85.5,-16.4,11101001,1500.59,2592,71.0,8.24,754.8,1500.94,-15.2,1.21, , 
,1502.24,2624,85.5,-20.3,11101001,1501.59,2592,84.3,10.30,907.8,1501.91,-18.0,1.45, , 
,1503.28,2624,85.5,-22.7,11101001,1502.60,2592,84.3,9.27,887.4,1502.94,-22.3,1.48, , 
,1504.27,2624,85.5,-24.2,11101001,1503.61,2624,84.3,9.27,887.4,1503.94,-23.8,1.52, , 
,1505.31,2656,85.5,-23.4,11101001,1504.62,2624,84.3,9.27,887.4,1504.97,-24.2,1.45, , 
,1506.34,2688,85.5,-20.3,11101001,1505.65,2656,87.1,10.30,928.2,1506.00,-21.1,1.56, , 
,1507.36,2720,85.5,-16.0,11101001,1506.67,2688,88.6,10.30,928.2,1507.00,-17.2,1.52, , 
,1508.41,2752,85.5,-14.1,11101001,1507.70,2720,87.1,11.33,928.2,1508.04,-13.7,1.45, , 
,1509.41,2784,85.5,-14.8,11101001,1508.73,2752,87.1,11.33,928.2,1509.07,-14.1,1.37, , 
,1510.40,2816,85.5,-15.2,11101001,1509.75,2784,87.1,11.33,928.2,1510.09,-14.8,1.45, , 
,1511.44,2848,85.5,-15.6,11101001,1510.74,2816,87.1,11.33,928.2,1511.09,-15.6,1.45, , 
,1512.45,2688,85.5,0.0,11111101,1511.77,2848,87.1,10.30,928.2,1512.12,-16.4,1.45, , 
,1513.43,1280,85.5,0.0,11101011,1512.79,2208,0.0,0.00,316.2,1513.09,0.0,3.87, , 
,1514.44,2144,85.5,0.0,11101001,1513.76,1856,29.4,4.12,397.8,1514.09,0.0,0.70, , 
,1515.52,2112,85.5,-2.0,11101001,1514.80,2112,31.0,3.09,377.4,1515.15,-1.6,1.52, , 
,1516.55,2112,85.5,-0.8,11101001,1515.86,2112,41.2,5.15,499.8,1516.20,-0.4,1.56, , 
,1517.56,2112,85.5,1.6,11101001,1516.88,2112,50.2,6.18,591.6,1517.22,0.8,1.52, , 
,1518.62,2112,85.5,2.3,11101001,1517.91,2112,41.2,5.15,499.8,1518.27,2.3,1.48, , 
,1519.69,2144,85.5,0.4,11101001,1518.98,2112,41.2,5.15,499.8,1519.33,1.2,1.41, , 
,1520.72,2144,85.5,0.4,11101001,1520.03,2144,40.0,5.15,479.4,1520.37,0.0,1.48, , 
,1521.75,2176,85.5,0.4,11101001,1521.06,2176,40.0,5.15,479.4,1521.40,0.0,1.48, , 
,1522.80,2208,85.5,1.2,11101001,1522.10,2208,40.0,5.15,479.4,1522.46,1.2,1.48, , 
,1523.80,2208,85.5,-7.8,11101001,1523.12,2208,17.6,2.06,275.4,1523.47,-5.1,1.13, , 
,1524.79,2240,85.5,-5.5,11101001,1524.13,2240,16.1,2.06,244.8,1524.46,-5.5,1.37, , 
,1525.78,2272,85.5,-3.9,11101001,1525.12,2272,16.1,2.06,244.8,1525.45,-3.5,1.48, , 
,1526.79,2272,85.5,0.4,11101001,1526.12,2272,16.1,2.06,244.8,1526.46,0.0,1.48, , 
,1527.79,2304,85.5,-0.4,11101001,1527.12,2304,16.1,2.06,244.8,1527.45,-0.4,1.52, , 
,1528.79,2304,85.5,-0.4,11101001,1528.12,2304,17.6,2.06,244.8,1528.46,0.4,1.56, , 
,1529.81,2336,85.5,-0.8,11101001,1529.13,2304,17.6,2.06,244.8,1529.47,-2.0,1.41, , 
,1530.79,2336,85.5,-1.2,11101001,1530.14,2336,17.6,2.06,244.8,1530.47,-0.8,1.56, , 
,1531.78,2336,85.5,-2.3,11101001,1531.12,2336,17.6,2.06,244.8,1531.45,-0.8,1.52, , 
,1532.77,2336,85.5,-3.1,11101001,1532.10,2336,17.6,2.06,244.8,1532.43,-1.6,1.45, , 
,1533.76,2336,85.5,-1.6,11101001,1533.10,2336,17.6,2.06,275.4,1533.44,-2.3,1.48, , 
,1534.79,2336,85.5,7.4,11101001,1534.12,2336,20.8,2.06,295.8,1534.45,4.3,1.56, , 
,1535.82,2304,85.5,29.7,11101001,1535.15,2304,34.1,3.09,418.2,1535.48,24.2,1.99, , 
,1536.84,2304,85.5,32.4,11101001,1536.17,2304,51.8,6.18,591.6,1536.50,30.1,1.68, , 
,1537.88,2304,85.5,35.2,11101001,1537.19,2304,53.3,7.21,591.6,1537.55,34.8,1.56, , 
,1538.92,2304,85.5,35.5,11101001,1538.23,2304,53.3,7.21,612.0,1538.57,35.2,1.56, , 
,1539.92,2272,85.5,12.9,11101001,1539.26,2272,56.1,7.21,632.4,1539.59,14.1,0.39, , 
,1540.94,2272,84.0,4.3,11101001,1540.26,2272,56.1,7.21,632.4,1540.60,6.3,1.37, , 
,1541.94,2272,84.0,1.6,11101001,1541.27,2272,56.1,7.21,632.4,1541.60,2.0,1.56, , 
,1542.94,2304,84.0,2.0,11101001,1542.27,2272,56.1,7.21,632.4,1542.60,2.0,1.56, , 
,1543.93,2304,84.0,2.0,11101001,1543.27,2304,56.1,7.21,632.4,1543.59,2.0,1.52, , 
,1544.94,2304,84.0,2.0,11101001,1544.27,2304,57.6,7.21,652.8,1544.59,2.3,1.56, , 
,1545.93,2336,84.0,2.3,11101001,1545.26,2304,57.6,7.21,652.8,1545.59,2.3,1.45, , 
,1546.97,2336,84.0,-0.4,11101001,1546.28,2336,60.4,8.24,673.2,1546.63,0.0,1.41, , 
,1547.98,2368,85.5,0.4,11101001,1547.30,2336,59.2,7.21,673.2,1547.65,0.0,1.56, , 
,1549.03,2368,84.0,1.2,11101001,1548.32,2368,59.2,7.21,652.8,1548.68,0.8,1.45, , 
,1550.04,2368,84.0,1.2,11101001,1549.41,2368,57.6,7.21,652.8,1549.72,1.2,1.48, , 
,1551.02,2400,84.0,1.6,11101001,1550.37,2368,57.6,7.21,652.8,1550.70,1.6,1.52, , 
,1552.05,2400,84.0,3.1,11101001,1551.36,2400,57.6,7.21,652.8,1551.71,2.3,1.45, , 
,1553.09,2432,84.0,3.1,11101001,1552.41,2432,56.1,7.21,632.4,1552.74,2.7,1.45, , 
,1554.12,2432,84.0,5.5,11101001,1553.43,2432,53.3,7.21,612.0,1553.78,4.3,1.52, , 
,1555.19,2464,84.0,10.5,11101001,1554.47,2464,47.1,6.18,550.8,1554.83,9.0,1.52, , 
,1556.22,2464,84.0,12.5,11101001,1555.53,2464,38.4,5.15,459.0,1555.87,11.7,1.45, , 
,1557.24,2496,84.0,9.8,11101001,1556.58,2464,38.4,5.15,438.6,1556.92,12.9,1.45, , 
,1558.28,2496,84.0,9.4,11101001,1557.59,2496,48.6,6.18,571.2,1557.93,9.4,1.33, , 
,1559.33,2528,84.0,5.1,11101001,1558.62,2528,50.2,7.21,571.2,1558.99,8.2,1.45, , 
,1560.34,2528,84.0,3.9,11101001,1559.66,2528,50.2,7.21,571.2,1560.00,4.3,1.48, , 
,1561.33,2560,84.0,3.5,11101001,1560.67,2560,50.2,6.18,571.2,1561.00,3.5,1.45, , 
,1562.36,2560,84.0,3.5,11101001,1561.67,2560,50.2,6.18,571.2,1562.02,3.5,1.45, , 
,1563.36,2560,84.0,3.9,11101001,1562.68,2560,50.2,6.18,571.2,1563.02,3.9,1.52, , 
,1564.36,2560,84.0,4.3,11101001,1563.68,2560,50.2,6.18,571.2,1564.02,4.7,1.52, , 
,1565.37,2560,84.0,4.3,11101001,1564.68,2560,50.2,6.18,571.2,1565.03,4.3,1.45, , 
,1566.38,2592,84.0,4.7,11101001,1565.70,2592,50.2,6.18,571.2,1566.05,4.3,1.48, , 
,1567.37,2592,84.0,4.7,11101001,1566.72,2592,50.2,6.18,571.2,1567.03,4.7,1.48, , 
,1568.37,2592,84.0,4.7,11101001,1567.70,2592,48.6,6.18,571.2,1568.05,4.7,1.48, , 
,1569.39,2592,84.0,4.7,11101001,1568.72,2592,50.2,6.18,571.2,1569.05,4.7,1.45, , 
,1570.39,2592,84.0,4.3,11101001,1569.72,2592,50.2,6.18,571.2,1570.06,4.3,1.45, , 
,1571.40,2592,84.0,3.9,11101001,1570.73,2592,50.2,7.21,571.2,1571.08,3.9,1.48, , 
,1572.43,2592,84.0,3.9,11101001,1571.73,2592,50.2,6.18,571.2,1572.07,3.5,1.48, , 
,1573.46,2560,84.0,3.5,11101001,1572.77,2592,51.8,7.21,591.6,1573.11,3.9,1.41, , 
,1574.47,2560,84.0,2.7,11101001,1573.79,2560,51.8,7.21,591.6,1574.13,3.1,1.48, , 
,1575.49,2560,84.0,-1.6,11101001,1574.80,2560,56.1,7.21,632.4,1575.15,0.8,1.41, , 
,1576.48,2560,84.0,-3.5,11101001,1575.82,2560,60.4,7.21,673.2,1576.15,-3.1,1.45, , 
,1577.48,2560,84.0,-9.8,11101001,1576.83,2560,60.4,7.21,673.2,1577.16,-8.6,1.05, , 
,1578.50,2560,84.0,-10.5,11101001,1577.84,2560,69.4,8.24,754.8,1578.18,-10.9,1.48, , 
,1579.52,2560,84.0,-3.9,11101001,1578.85,2592,62.0,7.21,693.6,1579.18,-6.6,1.60, , 
,1580.54,2560,84.0,2.7,11101001,1579.86,2560,53.3,7.21,612.0,1580.21,1.6,1.56, , 
,1581.61,2560,84.0,4.3,11101001,1580.90,2560,54.5,7.21,612.0,1581.25,4.3,1.48, , 
,1582.63,2560,84.0,5.1,11101001,1581.96,2560,53.3,7.21,612.0,1582.28,4.7,1.41, , 
,1583.67,2560,84.0,5.1,11101001,1582.96,2560,53.3,7.21,591.6,1583.31,4.7,1.45, , 
,1584.67,2560,84.0,4.3,11101001,1584.01,2560,51.8,7.21,591.6,1584.34,4.7,1.48, , 
,1585.71,2560,84.0,4.3,11101001,1585.01,2560,53.3,7.21,591.6,1585.37,4.7,1.45, , 
,1586.72,2528,84.0,4.3,11101001,1586.03,2528,51.8,7.21,591.6,1586.39,4.3,1.41, , 
,1587.75,2528,84.0,3.5,11101001,1587.07,2528,53.3,7.21,612.0,1587.40,3.5,1.48, , 
,1588.79,2528,84.0,1.2,11101001,1588.10,2528,54.5,7.21,612.0,1588.43,2.7,1.48, , 
,1589.79,2528,84.0,-4.7,11101001,1589.13,2528,65.1,8.24,714.0,1589.46,-5.1,1.29, , 
,1590.84,2560,84.0,-5.5,11101001,1590.15,2528,65.1,8.24,714.0,1590.50,-5.9,1.52, , 
,1591.85,2560,84.0,-5.1,11101001,1591.17,2560,63.5,7.21,693.6,1591.50,-4.7,1.52, , 
,1592.89,2592,84.0,0.8,11101001,1592.18,2560,59.2,7.21,652.8,1592.54,-1.2,1.60, , 
,1593.93,2592,84.0,5.9,11101001,1593.24,2592,53.3,7.21,591.6,1593.58,5.1,1.45, , 
,1594.90,2624,84.0,7.0,11101001,1594.27,2592,53.3,7.21,591.6,1594.58,6.3,1.48, , 
,1595.91,2624,84.0,7.4,11101001,1595.24,2624,53.3,7.21,591.6,1595.56,7.8,1.48, , 
,1596.87,2624,84.0,12.5,11101001,1596.23,2624,47.1,6.18,550.8,1596.55,10.9,1.56, , 
,1597.83,2592,84.0,12.9,11101001,1597.19,2624,38.4,5.15,459.0,1597.50,13.3,1.45, , 
,1598.81,2560,84.0,0.4,11101001,1598.14,2592,23.5,3.09,316.2,1598.49,6.3,1.09, , 
,1599.84,2560,84.0,4.7,11101001,1599.16,2560,25.1,3.09,336.6,1599.50,1.6,1.60, , 
,1600.87,2528,84.0,9.0,11101001,1600.19,2560,38.4,5.15,438.6,1600.53,7.4,1.64, , 
,1601.90,2528,84.0,10.9,11101001,1601.21,2528,41.2,5.15,479.4,1601.54,10.2,1.52, , 
,1602.95,2528,84.0,12.1,11101001,1602.26,2528,42.7,5.15,499.8,1602.60,12.5,1.45, , 
,1603.99,2528,84.0,10.5,11101001,1603.30,2528,42.7,6.18,499.8,1603.65,12.1,1.45, , 
,1605.01,2496,84.0,10.2,11101001,1604.32,2496,42.7,6.18,479.4,1604.68,10.2,1.48, , 
,1606.08,2496,84.0,10.2,11101001,1605.39,2496,42.7,5.15,499.8,1605.73,10.2,1.45, , 
,1607.13,2496,84.0,10.2,11101001,1606.44,2496,42.7,6.18,499.8,1606.76,9.8,1.45, , 
,1608.14,2496,84.0,7.8,11101001,1607.45,2496,35.3,5.15,418.2,1607.80,8.2,1.48, , 
,1609.13,2496,84.0,7.8,11101001,1608.46,2496,35.3,5.15,418.2,1608.79,7.8,1.52, , 
,1610.21,2496,84.0,7.8,11101001,1609.48,2496,38.4,5.15,438.6,1609.84,8.2,1.48, , 
,1611.15,2496,84.0,5.5,11101001,1610.52,2496,36.9,5.15,438.6,1610.84,5.5,1.45, , 
,1612.14,2496,84.0,5.1,11101001,1611.46,2496,35.3,5.15,438.6,1611.83,5.5,1.48, , 
,1613.18,2496,84.0,5.5,11101001,1612.50,2496,35.3,5.15,438.6,1612.86,5.5,1.48, , 
,1614.21,2496,84.0,5.5,11101001,1613.54,2496,35.3,5.15,438.6,1613.88,5.5,1.45, , 
,1615.22,2496,84.0,4.7,11101001,1614.55,2496,35.3,5.15,418.2,1614.87,5.1,1.45, , 
,1616.25,2496,84.0,2.3,11101001,1615.57,2496,29.4,4.12,357.0,1615.93,3.9,1.45, , 
,1617.24,2496,84.0,-8.2,11101001,1616.59,2496,20.8,2.06,295.8,1616.92,-5.5,1.17, , 
,1618.28,2496,84.0,-12.5,11101001,1617.59,2496,20.8,2.06,295.8,1617.94,-12.1,1.37, , 
,1619.35,2464,84.0,-7.0,11101001,1618.64,2496,25.1,3.09,336.6,1619.00,-8.6,1.64, , 
,1620.41,2464,84.0,0.0,11101001,1619.68,2464,35.3,4.12,418.2,1620.04,-0.8,1.72, , 
,1621.45,2464,84.0,3.5,11101001,1620.76,2464,38.4,5.15,459.0,1621.10,3.1,1.56, , 
,1622.50,2464,84.0,5.1,11101001,1621.80,2464,36.9,5.15,438.6,1622.15,4.7,1.48, , 
,1623.61,2464,84.0,6.6,11101001,1622.87,2464,38.4,5.15,459.0,1623.25,6.6,1.48, , 
,1624.64,2432,84.0,4.3,11101001,1623.95,2432,44.3,6.18,499.8,1624.29,5.5,1.33, , 
,1625.73,2432,84.0,3.5,11101001,1625.01,2432,50.2,7.21,571.2,1625.39,3.1,1.45, , 
,1626.76,2432,84.0,2.3,11101001,1626.08,2432,50.2,6.18,571.2,1626.42,2.0,1.41, , 
,1627.86,2432,84.0,2.3,11101001,1627.14,2432,48.6,6.18,571.2,1627.49,2.3,1.52, , 
,1628.97,2464,84.0,2.3,11101001,1628.21,2432,47.1,6.18,550.8,1628.57,2.7,1.45, , 
,1630.02,2464,84.0,4.3,11101001,1629.32,2464,47.1,6.18,550.8,1629.67,3.1,1.48, , 
,1631.08,2464,84.0,5.5,11101001,1630.38,2464,40.0,5.15,459.0,1630.75,5.1,1.48, , 
,1632.14,2464,84.0,5.9,11101001,1631.42,2464,35.3,4.12,418.2,1631.79,4.7,1.45, , 
,1633.18,2464,84.0,6.3,11101001,1632.49,2464,34.1,4.12,397.8,1632.84,6.3,1.48, , 
,1634.22,2464,84.0,6.6,11101001,1633.53,2464,32.5,4.12,397.8,1633.86,6.6,1.48, , 
,1635.31,2432,84.0,5.5,11101001,1634.59,2432,32.5,4.12,397.8,1634.94,5.1,1.45, , 
,1636.37,2432,84.0,-0.8,11101001,1635.66,2432,47.1,6.18,550.8,1636.01,1.2,1.33, , 
,1637.45,2464,84.0,-2.7,11101001,1636.73,2464,54.5,7.21,612.0,1637.10,-2.3,1.41, , 
,1638.53,2464,84.0,-3.5,11101001,1637.81,2464,54.5,7.21,612.0,1638.18,-3.5,1.52, , 
,1639.59,2496,84.0,-4.3,11101001,1638.87,2464,53.3,7.21,612.0,1639.23,-3.5,1.48, , 
,1640.60,2496,84.0,-2.7,11101001,1639.93,2496,53.3,7.21,591.6,1640.26,-3.1,1.48, , 
,1641.62,2496,84.0,-2.7,11101001,1640.93,2496,53.3,7.21,591.6,1641.26,-3.1,1.52, , 
,1642.67,2528,84.0,0.4,11101001,1641.97,2528,51.8,6.18,591.6,1642.30,-0.4,1.52, , 
,1643.69,2528,84.0,3.1,11101001,1643.00,2528,48.6,6.18,550.8,1643.32,2.7,1.48, , 
,1644.75,2560,84.0,3.5,11101001,1644.04,2528,47.1,6.18,550.8,1644.41,3.5,1.45, , 
,1645.82,2560,84.0,4.7,11101001,1645.09,2560,45.9,6.18,520.2,1645.45,3.9,1.48, , 
,1646.84,2560,84.0,5.1,11101001,1646.17,2560,42.7,5.15,479.4,1646.51,5.1,1.45, , 
,1647.84,2560,84.0,5.5,11101001,1647.19,2560,42.7,6.18,499.8,1647.52,5.1,1.45, , 
,1648.86,2560,84.0,5.1,11101001,1648.19,2560,41.2,5.15,479.4,1648.53,4.7,1.45, , 
,1649.91,2560,84.0,4.7,11101001,1649.20,2560,42.7,5.15,479.4,1649.56,5.1,1.48, , 
,1650.92,2560,84.0,4.7,11101001,1650.23,2560,41.2,5.15,479.4,1650.57,4.7,1.45, , 
,1651.91,2592,84.0,5.1,11101001,1651.24,2592,41.2,5.15,479.4,1651.58,4.7,1.45, , 
,1652.94,2592,84.0,5.1,11101001,1652.26,2592,41.2,5.15,479.4,1652.59,4.7,1.48, , 
,1653.91,2592,84.0,4.7,11101001,1653.27,2592,41.2,5.15,479.4,1653.59,4.7,1.48, , 
,1654.93,2624,84.0,4.7,11101001,1654.23,2592,41.2,5.15,479.4,1654.60,4.7,1.45, , 
,1655.94,2592,84.0,4.3,11101001,1655.30,2592,38.4,5.15,459.0,1655.62,4.3,1.48, , 
,1656.95,2592,84.0,4.3,11101001,1656.27,2592,35.3,4.12,418.2,1656.61,4.3,1.52, , 
,1657.95,2592,84.0,4.3,11101001,1657.30,2592,35.3,4.12,418.2,1657.61,4.3,1.48, , 
,1658.97,2560,84.0,4.7,11101001,1658.29,2560,35.3,4.12,418.2,1658.62,4.3,1.45, , 
,1660.02,2528,84.0,5.1,11101001,1659.32,2560,34.1,4.12,418.2,1659.65,4.7,1.48, , 
,1661.05,2528,84.0,0.0,11101001,1660.36,2528,25.1,3.09,336.6,1660.69,0.4,1.41, , 
,1662.11,2496,84.0,-4.7,11101001,1661.38,2496,25.1,3.09,336.6,1661.75,-1.6,1.45, , 
,1663.13,2464,84.0,-16.0,11111101,1662.45,2464,17.6,2.06,275.4,1662.79,-15.2,1.09, , 
,1664.08,2400,84.0,0.0,11111101,1663.44,2432,0.0,0.00,244.8,1663.77,0.0,3.40, , 
,1665.07,2368,84.0,0.0,11111101,1664.42,2400,0.0,0.00,275.4,1664.75,0.0,3.91, , 
,1666.05,2304,84.0,0.0,11111101,1665.41,2336,0.0,0.00,275.4,1665.74,0.0,3.91, , 
,1667.04,2272,84.0,0.0,11111101,1666.37,2304,0.0,0.00,244.8,1666.71,0.0,3.98, , 
,1668.04,2240,84.0,0.0,11111101,1667.38,2240,0.0,0.00,244.8,1667.71,0.0,3.98, , 
,1669.06,2176,84.0,0.0,11111101,1668.38,2208,0.0,0.00,244.8,1668.72,0.0,3.98, , 
,1670.09,2112,84.0,0.0,11111101,1669.40,2176,0.0,0.00,275.4,1669.75,0.0,3.98, , 
,1671.09,2048,84.0,0.0,11111101,1670.43,2112,0.0,0.00,244.8,1670.77,0.0,3.95, , 
,1672.15,1984,84.0,0.0,11111101,1671.45,2048,0.0,0.00,244.8,1671.79,0.0,3.95, , 
,1673.22,1920,84.0,0.0,11111111,1672.51,1984,0.0,0.00,244.8,1672.87,0.0,3.98, , 
,1674.26,1856,84.0,0.0,11111111,1673.57,1920,0.0,0.00,275.4,1673.91,0.0,3.98, , 
,1675.34,1824,84.0,0.0,11101011,1674.63,1856,0.0,0.00,295.8,1674.99,0.0,3.95, , 
,1676.34,1792,84.0,0.0,11111111,1675.68,1824,20.8,3.09,295.8,1676.02,0.0,0.82, , 
,1677.31,1088,84.0,0.0,11111111,1676.66,1408,0.0,0.00,336.6,1676.97,0.0,3.48, , 
,1678.33,2176,84.0,0.0,11101001,1677.67,1312,26.7,4.12,377.4,1677.99,0.0,0.59, , 
,1679.31,2208,84.0,-4.3,11101001,1678.66,2208,20.8,2.06,295.8,1678.99,-4.7,1.37, , 
,1680.34,2208,82.5,-3.9,11101001,1679.66,2208,23.5,3.09,316.2,1680.00,-4.3,1.52, , 
,1681.37,2208,82.5,-2.7,11101001,1680.69,2208,26.7,3.09,336.6,1681.03,-3.1,1.56, , 
,1682.40,2176,84.0,-1.2,11101001,1681.71,2208,25.1,3.09,336.6,1682.05,-2.7,1.48, , 
,1683.42,2176,82.5,-5.9,11101001,1682.75,2176,22.0,3.09,316.2,1683.08,-4.3,1.37, , 
,1684.40,2144,82.5,-10.2,11101001,1683.75,2176,22.0,2.06,295.8,1684.08,-9.4,1.33, , 
,1685.47,2112,82.5,-12.9,11101001,1684.76,2144,22.0,2.06,316.2,1685.12,-11.7,1.41, , 
,1686.51,2112,82.5,-13.3,11101001,1685.83,2112,23.5,2.06,316.2,1686.17,-13.7,1.52, , 
,1687.55,2080,82.5,-10.2,11101001,1686.88,2080,25.1,2.06,336.6,1687.22,-12.5,1.56, , 
,1688.63,2048,82.5,-3.9,11101001,1687.90,2048,31.0,3.09,397.8,1688.26,-5.5,1.64, , 
,1689.66,2048,82.5,0.0,11101001,1688.97,2048,34.1,4.12,418.2,1689.31,-1.2,1.60, , 
,1690.72,2016,82.5,2.7,11101001,1690.02,2016,32.5,4.12,418.2,1690.37,2.0,1.52, , 
,1691.80,1984,82.5,3.9,11101001,1691.08,2016,32.5,4.12,397.8,1691.44,3.5,1.45, , 
,1692.89,1984,82.5,3.9,11101011,1692.17,1984,31.0,4.12,397.8,1692.53,3.5,1.45, , 
,1694.01,1952,82.5,3.1,11101011,1693.26,1952,31.0,4.12,397.8,1693.64,3.5,1.41, , 
,1695.12,1920,82.5,5.1,11101011,1694.39,1920,35.3,4.12,438.6,1694.76,4.3,1.45, , 
,1696.21,1920,82.5,5.9,11101011,1695.49,1920,50.2,7.21,591.6,1695.85,5.5,1.48, , 
,1697.32,1888,82.5,5.5,11101011,1696.58,1920,48.6,6.18,591.6,1696.94,6.3,1.45, , 
,1698.42,1888,82.5,3.5,11101011,1697.68,1888,38.4,5.15,459.0,1698.04,3.5,1.45, , 
,1699.50,1856,82.5,2.7,11101011,1698.77,1856,36.9,4.12,459.0,1699.13,3.1,1.48, , 
,1700.61,1824,82.5,3.5,11101011,1699.87,1856,44.3,6.18,520.2,1700.24,2.7,1.52, , 
,1701.70,1856,82.5,0.0,11101011,1700.98,1824,50.2,6.18,591.6,1701.34,0.0,1.29, , 
,1702.79,1856,82.5,0.4,11101011,1702.07,1856,59.2,7.21,673.2,1702.43,-0.4,1.56, , 
,1703.92,1856,82.5,2.3,11101011,1703.15,1856,54.5,7.21,632.4,1703.54,2.0,1.52, , 
,1705.04,1888,82.5,4.3,11101011,1704.30,1856,54.5,7.21,632.4,1704.66,4.3,1.45, , 
,1706.15,1920,82.5,4.3,11101011,1705.40,1888,53.3,7.21,612.0,1705.78,4.7,1.48, , 
,1707.24,1920,82.5,4.7,11101011,1706.52,1920,51.8,7.21,612.0,1706.88,4.3,1.48, , 
,1708.32,1920,82.5,3.1,11101011,1707.59,1920,38.4,5.15,459.0,1707.95,3.1,1.45, , 
,1709.41,1920,82.5,3.1,11101011,1708.68,1920,36.9,4.12,459.0,1709.04,2.7,1.48, , 
,1710.53,1920,82.5,3.1,11101011,1709.78,1920,36.9,4.12,438.6,1710.15,3.1,1.52, , 
,1711.63,1920,82.5,2.0,11101011,1710.90,1920,34.1,4.12,438.6,1711.27,2.7,1.48, , 
,1712.71,1888,82.5,0.4,11101011,1711.99,1920,31.0,4.12,397.8,1712.35,0.8,1.45, , 
,1713.81,1888,82.5,1.2,11101011,1713.07,1888,32.5,4.12,418.2,1713.43,0.8,1.56, , 
,1714.93,1920,84.0,3.5,11101011,1714.19,1888,47.1,6.18,571.2,1714.56,3.1,1.56, , 
,1716.00,1952,84.0,4.7,11101011,1715.29,1920,50.2,6.18,591.6,1715.65,4.7,1.48, , 
,1717.12,1952,84.0,4.3,11101011,1716.38,1952,48.6,6.18,571.2,1716.74,4.7,1.45, , 
,1718.22,1984,84.0,4.3,11101011,1717.48,1952,47.1,6.18,571.2,1717.84,4.3,1.48, , 
,1719.27,1984,82.5,3.5,11101001,1718.58,1984,47.1,6.18,571.2,1718.93,3.9,1.45, , 
,1720.33,1984,84.0,3.5,11101001,1719.63,1984,47.1,6.18,550.8,1719.99,3.5,1.52, , 
,1721.41,2016,84.0,3.1,11101001,1720.69,2016,45.9,6.18,550.8,1721.04,3.1,1.45, , 
,1722.46,2016,84.0,1.2,11101001,1721.75,2016,44.3,5.15,520.2,1722.11,2.3,1.48, , 
,1723.49,2016,84.0,1.6,11101001,1722.80,2016,38.4,4.12,459.0,1723.14,1.2,1.48, , 
,1724.55,2016,84.0,3.1,11101001,1723.85,2016,34.1,4.12,438.6,1724.19,2.0,1.52, , 
,1725.64,1984,84.0,3.1,11101001,1724.91,2016,35.3,4.12,438.6,1725.28,3.5,1.48, , 
,1726.72,1984,84.0,3.1,11101011,1726.00,1984,35.3,4.12,438.6,1726.36,3.1,1.48, , 
,1727.81,1952,84.0,3.1,11101011,1727.08,1984,35.3,4.12,438.6,1727.46,2.7,1.48, , 
,1728.90,1952,84.0,2.3,11101011,1728.18,1952,38.4,5.15,459.0,1728.54,2.0,1.41, , 
,1729.99,1952,84.0,2.0,11101011,1729.27,1952,36.9,4.12,459.0,1729.62,2.3,1.52, , 
,1731.07,1952,84.0,2.0,11101011,1730.34,1952,36.9,4.12,459.0,1730.72,2.3,1.52, , 
,1732.17,1920,84.0,-1.2,11101011,1731.42,1952,28.2,3.09,377.4,1731.79,0.0,1.45, , 
,1733.28,1888,84.0,-2.3,11101011,1732.54,1920,28.2,3.09,377.4,1732.90,-2.0,1.48, , 
,1734.40,1856,84.0,-2.3,11101011,1733.66,1888,29.4,3.09,377.4,1734.04,-2.7,1.52, , 
,1735.53,1824,84.0,-0.8,11101011,1734.79,1856,31.0,3.09,397.8,1735.16,-1.2,1.52, , 
,1736.63,1824,84.0,0.0,11101011,1735.91,1824,31.0,4.12,397.8,1736.28,0.0,1.48, , 
,1737.72,1824,84.0,0.0,11101011,1736.98,1824,48.6,6.18,591.6,1737.34,0.0,1.45, , 
,1738.84,1824,84.0,2.0,11101011,1738.08,1824,53.3,7.21,632.4,1738.47,1.6,1.52, , 
,1739.95,1856,84.0,2.3,11101011,1739.22,1824,48.6,6.18,591.6,1739.58,2.3,1.52, , 
,1741.07,1824,84.0,2.3,11101011,1740.34,1856,38.4,5.15,479.4,1740.71,2.0,1.45, , 
,1742.14,1824,84.0,1.6,11101011,1741.42,1824,38.4,4.12,459.0,1741.77,2.0,1.45, , 
,1743.28,1824,84.0,2.0,11101011,1742.53,1824,38.4,4.12,459.0,1742.90,1.6,1.48, , 
,1744.43,1824,84.0,2.0,11101011,1743.67,1824,38.4,4.12,459.0,1744.06,1.6,1.48, , 
,1745.53,1856,84.0,1.2,11101011,1744.78,1856,35.3,4.12,459.0,1745.15,1.6,1.48, , 
,1746.64,1856,84.0,-0.8,11101011,1745.91,1856,29.4,3.09,377.4,1746.28,-0.8,1.41, , 
,1747.74,1856,84.0,-8.2,11101011,1747.01,1856,22.0,2.06,316.2,1747.36,-6.3,1.25, , 
,1748.86,1856,84.0,-7.0,11101011,1748.11,1856,22.0,2.06,316.2,1748.48,-9.4,1.48, , 
,1749.97,1888,84.0,-3.1,11101011,1749.23,1856,25.1,3.09,357.0,1749.61,-3.9,1.60, , 
,1751.08,1888,84.0,-5.5,11101011,1750.35,1888,20.8,2.06,295.8,1750.72,-8.6,1.29, , 
,1752.13,1888,84.0,-5.5,11101011,1751.42,1856,19.2,2.06,275.4,1751.77,-5.1,1.56, , 
,1753.20,1856,84.0,-5.9,11101011,1752.47,1856,19.2,2.06,275.4,1752.82,-4.7,1.56, , 
,1754.31,1856,84.0,-4.3,11101011,1753.57,1856,20.8,2.06,295.8,1753.94,-5.5,1.45, , 
,1755.43,1856,84.0,0.0,11101011,1754.69,1856,28.2,3.09,377.4,1755.06,-0.8,1.52, , 
,1756.52,1856,84.0,3.9,11101011,1755.79,1856,34.1,4.12,438.6,1756.16,2.7,1.52, , 
,1757.61,1888,84.0,4.3,11101011,1756.88,1856,40.0,5.15,499.8,1757.24,3.5,1.48, , 
,1758.71,1888,84.0,5.1,11101011,1757.99,1888,44.3,6.18,520.2,1758.35,4.7,1.45, , 
,1759.79,1920,84.0,4.3,11101011,1759.07,1888,42.7,5.15,520.2,1759.43,4.7,1.41, , 
,1760.89,1920,84.0,3.1,11101011,1760.15,1920,36.9,4.12,459.0,1760.53,3.9,1.48, , 
,1761.99,1920,84.0,1.6,11101011,1761.26,1920,29.4,3.09,377.4,1761.63,1.6,1.45, , 
,1763.06,1920,84.0,1.2,11101011,1762.35,1920,31.0,4.12,397.8,1762.71,1.2,1.48, , 
,1764.15,1920,84.0,3.9,11101011,1763.43,1920,40.0,5.15,479.4,1763.79,2.0,1.52, , 
,1765.26,1952,84.0,6.3,11101011,1764.53,1952,45.9,6.18,550.8,1764.89,5.5,1.52, , 
,1766.35,2016,84.0,4.7,11101001,1765.63,1984,56.1,7.21,632.4,1765.98,4.7,1.41, , 
,1767.39,2048,84.0,5.1,11101001,1766.69,2016,53.3,7.21,612.0,1767.04,4.7,1.48, , 
,1768.43,2080,84.0,1.6,11101001,1767.75,2048,51.8,7.21,591.6,1768.09,2.3,1.45, , 
,1769.46,2112,84.0,1.6,11101001,1768.77,2112,51.8,6.18,591.6,1769.11,1.6,1.52, , 
,1770.49,2144,84.0,2.7,11101001,1769.81,2144,50.2,6.18,591.6,1770.14,3.1,1.52, , 
,1771.49,2176,84.0,1.6,11101001,1770.83,2144,40.0,5.15,479.4,1771.15,1.6,1.45, , 
,1772.53,2176,84.0,4.7,11101001,1771.84,2176,44.3,5.15,520.2,1772.19,3.9,1.52, , 
,1773.54,2208,84.0,5.9,11101001,1772.87,2208,44.3,6.18,520.2,1773.21,6.3,1.48, , 
,1774.57,2240,84.0,4.7,11101001,1773.89,2208,41.2,5.15,479.4,1774.22,5.1,1.45, , 
,1775.57,2272,84.0,3.9,11101001,1774.90,2240,40.0,5.15,479.4,1775.24,4.3,1.45, , 
,1776.57,2272,84.0,3.5,11101001,1775.89,2272,41.2,5.15,479.4,1776.23,3.5,1.48, , 
,1777.59,2304,84.0,4.3,11101001,1776.89,2304,40.0,5.15,479.4,1777.23,4.3,1.48, , 
,1778.59,2336,84.0,4.3,11101001,1777.94,2304,40.0,5.15,459.0,1778.27,5.1,1.45, , 
,1779.65,2336,84.0,0.8,11101001,1778.95,2336,38.4,5.15,459.0,1779.30,3.5,1.48, , 
,1780.67,2368,84.0,0.8,11101001,1780.00,2336,36.9,5.15,438.6,1780.33,0.8,1.45, , 
,1781.73,2368,84.0,1.2,11101001,1781.01,2368,36.9,5.15,438.6,1781.35,0.4,1.45, , 
,1782.75,2400,84.0,2.3,11101001,1782.08,2368,35.3,4.12,438.6,1782.41,1.6,1.52, , 
,1783.79,2400,84.0,3.5,11101001,1783.09,2368,35.3,4.12,418.2,1783.43,3.1,1.45, , 
,1784.93,2400,84.0,3.9,11101001,1784.16,2400,32.5,4.12,397.8,1784.55,4.3,1.48, , 
,1785.99,2400,84.0,3.5,11101001,1785.33,2400,32.5,4.12,397.8,1785.68,3.9,1.48, , 
,1787.04,2368,84.0,2.0,11101001,1786.30,2400,35.3,5.15,418.2,1786.69,2.0,1.41, , 
,1788.07,2368,84.0,1.6,11101001,1787.37,2368,38.4,5.15,459.0,1787.74,2.0,1.48, , 
,1789.13,2368,84.0,2.0,11101001,1788.42,2368,38.4,5.15,459.0,1788.80,2.7,1.45, , 
,1790.14,2368,84.0,2.7,11101001,1789.45,2368,38.4,5.15,459.0,1789.81,2.3,1.52, , 
,1791.17,2368,84.0,3.1,11101001,1790.49,2368,38.4,5.15,459.0,1790.85,2.0,1.52, , 
,1792.23,2400,84.0,2.7,11101001,1791.51,2368,41.2,5.15,479.4,1791.88,3.5,1.41, , 
,1793.29,2400,84.0,3.1,11101001,1792.61,2400,41.2,5.15,479.4,1792.93,2.3,1.48, , 
,1794.35,2400,84.0,2.7,11101001,1793.63,2400,41.2,5.15,479.4,1793.99,3.1,1.48, , 
,1795.38,2400,85.5,3.1,11101001,1794.69,2400,42.7,6.18,499.8,1795.05,2.7,1.48, , 
,1796.35,2432,84.0,4.3,11101001,1795.69,2432,45.9,6.18,520.2,1796.02,3.9,1.52, , 
,1797.36,2432,84.0,2.7,11101001,1796.66,2432,45.9,6.18,520.2,1797.01,3.5,1.45, , 
,1798.41,2464,84.0,2.7,11101001,1797.68,2464,45.9,6.18,520.2,1798.04,2.3,1.45, , 
,1799.49,2464,84.0,2.3,11101001,1798.77,2464,44.3,6.18,520.2,1799.12,2.3,1.52, , 
,1800.50,2496,84.0,3.1,11101001,1799.83,2464,44.3,6.18,499.8,1800.16,3.5,1.45, , 
,1801.56,2496,84.0,3.5,11101001,1800.84,2496,44.3,6.18,499.8,1801.19,3.1,1.45, , 
,1802.60,2496,84.0,3.1,11101001,1801.92,2496,42.7,6.18,499.8,1802.25,3.1,1.48, , 
,1803.65,2496,84.0,2.3,11101001,1802.91,2496,42.7,6.18,499.8,1803.28,3.1,1.48, , 
,1804.69,2496,84.0,3.1,11101001,1803.98,2496,42.7,6.18,499.8,1804.34,2.7,1.45, , 
,1805.70,2496,84.0,2.3,11101001,1805.02,2496,42.7,6.18,499.8,1805.37,2.3,1.52, , 
,1806.71,2496,84.0,2.7,11101001,1806.02,2496,42.7,5.15,499.8,1806.35,2.3,1.48, , 
,1807.70,2496,84.0,3.1,11101001,1807.04,2496,44.3,6.18,520.2,1807.35,3.5,1.45, , 
,1808.72,2496,84.0,3.5,11101001,1808.03,2496,45.9,6.18,520.2,1808.39,3.1,1.45, , 
,1809.75,2496,84.0,3.5,11101001,1809.07,2496,44.3,6.18,499.8,1809.40,3.5,1.52, , 
,1810.76,2496,85.5,2.7,11101001,1810.08,2496,44.3,6.18,499.8,1810.42,3.5,1.45, , 
,1811.86,2496,85.5,2.3,11101001,1811.13,2496,42.7,6.18,499.8,1811.50,2.7,1.48, , 
,1812.89,2496,85.5,2.7,11101001,1812.20,2496,42.7,6.18,499.8,1812.55,2.0,1.52, , 
,1813.93,2496,85.5,3.1,11101001,1813.22,2496,42.7,5.15,499.8,1813.59,3.5,1.48, , 
,1814.95,2528,84.0,-9.0,11101001,1814.26,2496,57.6,8.24,632.4,1814.62,0.0,0.98, , 
,1815.96,2592,85.5,-15.6,11101001,1815.28,2560,78.4,10.30,846.6,1815.63,-14.5,1.25, , 
,1816.97,2688,85.5,-16.0,11101001,1816.28,2624,72.2,8.24,775.2,1816.61,-15.6,1.60, , 
,1817.95,2752,85.5,-13.7,11101001,1817.30,2688,69.4,8.24,754.8,1817.63,-14.8,1.52, , 
,1818.99,1600,85.5,0.0,11111111,1818.29,2560,0.0,0.00,357.0,1818.63,0.0,3.75, , 
,1820.01,1920,85.5,0.0,11101011,1819.30,1088,23.5,4.12,357.0,1819.66,0.0,3.36, , 
,1821.05,2112,85.5,-7.8,11101001,1820.37,2112,16.1,2.06,244.8,1820.71,0.0,0.70, , 
,1822.08,2112,85.5,-10.2,11101001,1821.38,2112,17.6,2.06,275.4,1821.73,-9.0,1.25, , 
,1823.12,2112,85.5,-13.3,11101001,1822.43,2112,22.0,2.06,316.2,1822.77,-12.1,1.41, , 
,1824.15,2112,85.5,-10.9,11101001,1823.46,2112,25.1,2.06,336.6,1823.79,-14.1,1.56, , 
,1825.18,2112,85.5,-5.5,11101001,1824.50,2112,45.9,5.15,520.2,1824.85,-5.9,1.72, , 
,1826.22,2144,85.5,-3.9,11101001,1825.54,2144,57.6,7.21,652.8,1825.87,-5.1,1.48, , 
,1827.25,2176,85.5,0.0,11101001,1826.56,2144,57.6,7.21,652.8,1826.91,-2.0,1.52, , 
,1828.26,2144,85.5,-1.2,11101001,1827.60,2144,34.1,4.12,418.2,1827.93,0.8,1.48, , 
,1829.34,2112,85.5,-2.3,11101001,1828.62,2144,25.1,3.09,336.6,1828.99,-2.0,1.45, , 
,1830.37,2112,85.5,-2.7,11101001,1829.67,2112,26.7,3.09,357.0,1830.03,-2.7,1.45, , 
,1831.37,2048,85.5,-4.3,11101001,1830.71,2080,26.7,3.09,357.0,1831.04,-3.9,1.45, , 
,1832.43,2048,85.5,-4.3,11101001,1831.72,2048,26.7,3.09,357.0,1832.08,-4.7,1.48, , 
,1833.49,2016,85.5,-2.7,11101001,1832.78,2048,26.7,3.09,357.0,1833.14,-3.1,1.52, , 
,1834.55,2016,85.5,-2.7,11101001,1833.83,2016,57.6,8.24,652.8,1834.20,0.0,1.25, , 
,1835.60,2048,85.5,-3.9,11101001,1834.90,2048,60.4,7.21,693.6,1835.25,-1.2,1.45, , 
,1836.67,2080,85.5,-6.6,11101001,1835.96,2048,67.8,8.24,754.8,1836.32,-6.3,1.48, , 
,1837.73,2112,85.5,0.0,11101001,1837.02,2080,66.3,8.24,734.4,1837.37,-7.8,1.48, , 
,1838.75,2112,84.0,0.8,11101001,1838.07,2112,38.4,4.12,479.4,1838.41,1.2,1.56, , 
,1839.81,2080,84.0,-1.6,11101001,1839.09,2112,26.7,3.09,357.0,1839.46,-1.6,1.37, , 
,1840.88,2080,84.0,-2.7,11101001,1840.16,2080,25.1,3.09,336.6,1840.52,-2.3,1.45, , 
,1841.92,2048,84.0,-2.7,11101001,1841.24,2048,26.7,3.09,357.0,1841.58,-3.1,1.45, , 
,1842.95,2048,84.0,-2.0,11101001,1842.27,2048,28.2,3.09,377.4,1842.61,-2.0,1.56, , 
,1843.99,2048,84.0,3.1,11101001,1843.31,2048,47.1,6.18,550.8,1843.66,2.0,1.56, , 
,1845.05,2048,84.0,5.9,11101001,1844.34,2048,45.9,6.18,550.8,1844.69,5.1,1.48, , 
,1846.09,2048,84.0,5.5,11101001,1845.40,2048,45.9,6.18,550.8,1845.75,5.9,1.45, , 
,1847.15,2048,84.0,4.7,11101001,1846.44,2080,44.3,6.18,520.2,1846.80,5.1,1.41, , 
,1848.20,2048,84.0,4.3,11101001,1847.49,2048,44.3,6.18,520.2,1847.84,4.3,1.48, , 
,1849.26,2048,84.0,2.0,11101001,1848.55,2048,44.3,6.18,520.2,1848.90,4.3,1.45, , 
,1850.35,2080,84.0,2.7,11101001,1849.63,2048,45.9,6.18,550.8,1849.99,2.3,1.48, , 
,1851.35,2080,84.0,0.0,11101001,1850.68,2080,44.3,6.18,520.2,1851.02,0.8,1.41, , 
,1852.39,2112,84.0,0.0,11101001,1851.69,2080,34.1,4.12,438.6,1852.05,0.0,1.48, , 
,1853.41,2112,84.0,-0.4,11101001,1852.73,2112,35.3,4.12,438.6,1853.07,-0.4,1.48, , 
,1854.43,2112,84.0,0.0,11101001,1853.76,2112,34.1,4.12,418.2,1854.09,-0.4,1.52, , 
,1855.47,2144,84.0,3.5,11101001,1854.76,2112,45.9,6.18,520.2,1855.12,2.3,1.52, , 
,1856.50,2144,84.0,4.7,11101001,1855.83,2144,45.9,6.18,520.2,1856.15,4.3,1.48, , 
,1857.51,2176,84.0,5.1,11101001,1856.85,2176,44.3,6.18,520.2,1857.19,4.7,1.45, , 
,1858.53,2208,84.0,5.1,11101001,1857.85,2176,42.7,6.18,499.8,1858.18,5.1,1.48, , 
,1859.58,2208,84.0,3.9,11101001,1858.88,2208,41.2,5.15,499.8,1859.23,4.3,1.45, , 
,1860.62,2240,84.0,1.2,11101001,1859.93,2208,38.4,5.15,459.0,1860.26,2.3,1.41, , 
,1861.65,2240,84.0,0.0,11101001,1860.95,2240,36.9,5.15,438.6,1861.29,0.8,1.48, , 
,1862.70,2240,84.0,2.0,11101001,1862.01,2240,34.1,4.12,418.2,1862.36,1.6,1.48, , 
,1863.72,2240,84.0,1.2,11101001,1863.04,2240,35.3,4.12,438.6,1863.38,1.6,1.52, , 
,1864.72,2240,84.0,0.8,11101001,1864.06,2240,35.3,4.12,438.6,1864.40,0.8,1.45, , 
,1865.76,2208,84.0,0.0,11101001,1865.06,2208,35.3,4.12,438.6,1865.41,0.4,1.48, , 
,1866.80,2208,84.0,0.4,11101001,1866.11,2208,35.3,4.12,438.6,1866.46,0.8,1.48, , 
,1867.83,2208,84.0,1.2,11101001,1867.14,2208,35.3,4.12,418.2,1867.49,1.2,1.48, , 
,1868.87,2176,84.0,2.3,11101001,1868.19,2208,41.2,5.15,479.4,1868.53,2.3,1.48, , 
,1869.93,2176,84.0,0.0,11101001,1869.22,2176,32.5,4.12,418.2,1869.58,1.6,1.45, , 
,1870.97,2144,84.0,-3.1,11101001,1870.28,2176,23.5,3.09,316.2,1870.63,-1.6,1.45, , 
,1872.00,2144,84.0,-4.3,11101001,1871.31,2144,23.5,3.09,316.2,1871.68,-3.9,1.45, , 
,1873.06,2112,84.0,-1.2,11101001,1872.37,2112,35.3,4.12,438.6,1872.70,-2.0,1.60, , 
,1874.10,2112,84.0,2.3,11101001,1873.42,2112,44.3,5.15,520.2,1873.77,2.0,1.52, , 
,1875.14,2112,84.0,4.3,11101001,1874.46,2112,47.1,6.18,550.8,1874.78,3.9,1.52, , 
,1876.19,2112,84.0,1.2,11101001,1875.50,2112,45.9,6.18,550.8,1875.84,3.5,1.45, , 
,1877.21,2144,84.0,-3.5,11101001,1876.53,2112,57.6,7.21,652.8,1876.86,-1.2,1.37, , 
,1878.23,2144,84.0,-5.5,11101001,1877.53,2144,62.0,8.24,693.6,1877.88,-5.1,1.45, , 
,1879.22,2176,84.0,-5.1,11101001,1878.57,2144,60.4,8.24,693.6,1878.90,-5.5,1.52, , 
,1880.23,2176,84.0,-2.7,11101001,1879.55,2176,59.2,7.21,673.2,1879.89,-3.5,1.60, , 
,1881.23,2176,84.0,1.6,11101001,1880.58,2176,51.8,6.18,591.6,1880.90,0.8,1.56, , 
,1882.25,2176,84.0,3.1,11101001,1881.56,2176,47.1,6.18,550.8,1881.91,3.1,1.48, , 
,1883.30,2176,84.0,3.1,11101001,1882.61,2176,45.9,6.18,520.2,1882.96,3.1,1.45, , 
,1884.32,2208,84.0,3.1,11101001,1883.64,2176,45.9,6.18,520.2,1883.98,3.1,1.45, , 
,1885.35,2176,84.0,3.5,11101001,1884.66,2176,45.9,6.18,520.2,1885.00,3.5,1.48, , 
,1886.34,2176,84.0,2.3,11101001,1885.68,2176,41.2,5.15,499.8,1886.00,2.7,1.41, , 
,1887.34,2176,82.5,-0.4,11101001,1886.68,2176,32.5,4.12,418.2,1887.01,0.8,1.41, , 
,1888.36,2144,84.0,-8.6,11101001,1887.67,2144,22.0,3.09,316.2,1888.02,-5.1,1.29, , 
,1889.38,2112,84.0,-12.9,11101001,1888.71,2144,22.0,2.06,295.8,1889.03,-12.1,1.33, , 
,1890.40,2112,84.0,-14.8,11101001,1889.74,2112,22.0,2.06,295.8,1890.07,-14.1,1.48, , 
,1891.42,2080,84.0,-16.0,11101001,1890.74,2112,22.0,2.06,316.2,1891.07,-15.6,1.52, , 
,1892.47,2080,84.0,-16.0,11101001,1891.77,2080,22.0,2.06,316.2,1892.12,-16.4,1.56, , 
,1893.55,2048,84.0,-14.5,11101001,1892.83,2048,22.0,2.06,316.2,1893.19,-14.5,1.56, , 
,1894.59,2048,84.0,-13.3,11101001,1893.89,2048,22.0,2.06,316.2,1894.24,-14.1,1.52, , 
,1895.63,2016,84.0,-12.1,11101001,1894.94,2048,22.0,2.06,316.2,1895.29,-12.5,1.48, , 
,1896.69,2016,84.0,-2.7,11101001,1896.00,2016,28.2,3.09,357.0,1896.35,-5.5,1.64, , 
,1897.72,2016,84.0,1.6,11101001,1897.04,2016,44.3,5.15,520.2,1897.38,-0.4,1.56, , 
,1898.75,2048,82.5,3.1,11101001,1898.07,2016,44.3,5.15,520.2,1898.41,3.1,1.48, , 
,1899.79,2016,84.0,3.9,11101001,1899.10,2016,42.7,5.15,499.8,1899.44,3.9,1.45, , 
,1900.83,2048,84.0,5.5,11101001,1900.14,2016,42.7,5.15,499.8,1900.49,4.3,1.45, , 
,1901.89,2048,84.0,6.3,11101001,1901.19,2048,48.6,6.18,571.2,1901.54,5.9,1.45, , 
,1902.92,2048,84.0,3.9,11101001,1902.24,2048,48.6,6.18,571.2,1902.57,5.9,1.45, , 
,1903.99,2048,84.0,3.1,11101001,1903.28,2048,48.6,6.18,571.2,1903.63,3.5,1.41, , 
,1905.04,2080,84.0,2.0,11101001,1904.35,2080,48.6,6.18,571.2,1904.69,2.3,1.45, , 
,1906.08,2080,84.0,0.8,11101001,1905.38,2080,47.1,6.18,571.2,1905.74,1.6,1.45, , 
,1907.12,2080,84.0,0.0,11101001,1906.43,2080,44.3,5.15,550.8,1906.77,0.0,1.56, , 
,1908.15,2048,84.0,-8.6,11101001,1907.46,2048,17.6,2.06,244.8,1907.80,-5.1,1.33, , 
,1909.20,2016,84.0,-10.5,11101001,1908.51,2048,16.1,2.06,244.8,1908.85,-10.2,1.45, , 
,1910.27,2016,84.0,-9.4,11101001,1909.55,2016,16.1,2.06,244.8,1909.90,-10.2,1.48, , 
,1911.33,1984,84.0,-10.2,11101011,1910.61,2016,16.1,2.06,244.8,1910.97,-10.2,1.56, , 
,1912.45,1952,84.0,-8.6,11101011,1911.70,1984,16.1,2.06,244.8,1912.08,-9.0,1.56, , 
,1913.57,1920,84.0,-9.0,11101011,1912.83,1952,20.8,2.06,295.8,1913.20,-9.4,1.41, , 
,1914.68,1920,84.0,-2.0,11101011,1913.94,1920,25.1,3.09,336.6,1914.31,-5.1,1.56, , 
,1915.73,1888,84.0,-3.1,11101011,1915.04,1920,28.2,3.09,357.0,1915.38,-1.2,1.48, , 
,1916.83,1888,84.0,-4.3,11101011,1916.09,1888,17.6,2.06,275.4,1916.47,-3.9,1.45, , 
,1917.93,1856,84.0,-3.5,11101011,1917.20,1888,17.6,2.06,275.4,1917.56,-3.5,1.52, , 
,1919.02,1856,84.0,-3.1,11101011,1918.30,1856,19.2,2.06,275.4,1918.65,-5.1,1.41, , 
,1920.08,1824,84.0,-7.0,11111111,1919.36,1856,19.2,2.06,275.4,1919.72,-5.1,1.41, , 
,1921.09,1792,82.5,0.0,11111111,1920.43,1824,0.0,0.00,295.8,1920.77,0.0,3.44, , 
,1922.10,1760,82.5,0.0,11111111,1921.41,1792,0.0,0.00,316.2,1921.75,0.0,3.95, , 
,1923.14,1728,84.0,0.0,11111111,1922.44,1760,0.0,0.00,316.2,1922.78,0.0,3.91, , 
,1924.17,1696,82.5,0.0,11111111,1923.46,1728,0.0,0.00,316.2,1923.82,0.0,3.95, , 
,1925.25,1664,82.5,0.0,11101011,1924.53,1696,0.0,0.00,316.2,1924.89,0.0,3.98, , 
,1926.31,1632,82.5,0.0,11101011,1925.59,1632,22.0,3.09,316.2,1925.96,0.0,1.21, , 
,1927.40,1632,82.5,3.1,11101011,1926.69,1632,23.5,3.09,316.2,1927.06,2.0,1.52, , 
,1928.38,1632,82.5,4.7,11101011,1927.72,1632,28.2,3.09,377.4,1928.06,3.1,1.48, , 
,1929.40,1632,82.5,4.7,11101011,1928.72,1632,36.9,5.15,459.0,1929.05,4.3,1.48, , 
,1930.47,1632,82.5,5.1,11101011,1929.75,1632,34.1,4.12,438.6,1930.11,5.5,1.52, , 
,1931.44,1312,82.5,0.0,11111111,1930.80,1632,31.0,4.12,397.8,1931.13,4.3,1.45, , 
,1932.39,1120,82.5,0.0,11111111,1931.75,1024,26.7,4.12,377.4,1932.07,0.0,2.15, , 
,1933.32,896,82.5,0.0,11111111,1932.71,1056,22.0,3.09,336.6,1933.02,0.0,1.05, , 
,1934.23,896,82.5,0.0,11111111,1933.62,864,25.1,3.09,377.4,1933.92,0.0,1.41, , 
,1935.15,1152,82.5,-1.2,11111111,1934.52,928,26.7,3.09,377.4,1934.81,-0.8,1.45, , 
,1936.22,2048,82.5,0.0,11111101,1935.53,1344,20.8,2.06,295.8,1935.86,0.0,1.84, , 
,1937.30,1984,82.5,0.0,11101011,1936.57,2048,0.0,0.00,275.4,1936.94,0.0,2.23, , 
,1938.40,1920,82.5,0.0,11101011,1937.66,1952,16.1,2.06,244.8,1938.02,0.0,1.33, , 
,1939.46,1920,82.5,-3.9,11101011,1938.74,1920,17.6,2.06,275.4,1939.10,-2.0,1.45, , 
,1940.59,1888,82.5,-3.9,11101011,1939.84,1856,22.0,2.06,316.2,1940.22,-5.1,1.52, , 
,1941.68,1888,82.5,-3.5,11101011,1940.94,1888,28.2,3.09,377.4,1941.31,-3.9,1.52, , 
,1942.76,1920,82.5,0.0,11101011,1942.04,1888,28.2,3.09,357.0,1942.40,0.0,1.52, , 
,1943.83,1984,82.5,1.2,11101001,1943.11,1952,45.9,6.18,550.8,1943.48,0.4,1.52, , 
,1944.90,2048,82.5,1.6,11101001,1944.19,2016,42.7,5.15,499.8,1944.55,1.2,1.48, , 
,1945.94,2112,82.5,0.8,11101001,1945.24,2080,41.2,5.15,479.4,1945.58,1.2,1.45, , 
,1946.98,2176,82.5,0.4,11101001,1946.30,2144,40.0,5.15,479.4,1946.64,0.8,1.52, , 
,1947.98,2240,82.5,1.2,11101001,1947.31,2208,40.0,5.15,459.0,1947.66,0.8,1.48, , 
,1949.01,2304,82.5,3.1,11101001,1948.32,2272,38.4,5.15,459.0,1948.67,2.3,1.52, , 
,1950.00,2368,82.5,4.3,11101001,1949.33,2304,36.9,5.15,438.6,1949.66,4.3,1.52, , 
,1951.05,2432,82.5,5.9,11101001,1950.33,2368,38.4,5.15,459.0,1950.69,5.1,1.52, , 
,1952.11,2528,82.5,5.1,11101001,1951.40,2464,42.7,6.18,499.8,1951.75,5.5,1.52, , 
,1953.11,2624,82.5,5.9,11101001,1952.43,2560,44.3,6.18,520.2,1952.77,6.3,1.52, , 
,1954.17,2720,82.5,5.5,11101001,1953.47,2656,42.7,6.18,499.8,1953.83,5.9,1.45, , 
,1955.18,1920,82.5,0.0,11111111,1954.51,2752,36.9,5.15,438.6,1954.82,0.0,3.05, , 
,1956.18,1856,82.5,0.0,11101011,1955.53,1376,0.0,0.00,336.6,1955.84,0.0,3.91, , 
,1957.20,2080,82.5,0.0,11101001,1956.51,2016,16.1,2.06,244.8,1956.85,0.0,0.74, , 
,1958.30,2144,81.0,0.0,11101001,1957.58,2080,25.1,3.09,336.6,1957.94,-1.2,1.48, , 
,1959.31,2208,82.5,1.6,11101001,1958.63,2144,42.7,5.15,499.8,1958.97,1.2,1.56, , 
,1960.33,2272,82.5,2.7,11101001,1959.65,2240,42.7,5.15,499.8,1960.00,2.7,1.52, , 
,1961.36,2336,82.5,4.3,11101001,1960.66,2272,40.0,5.15,479.4,1961.02,3.5,1.48, , 
,1962.35,2400,82.5,5.1,11101001,1961.69,2368,40.0,5.15,479.4,1962.02,5.5,1.45, , 
,1963.42,2496,82.5,3.5,11101001,1962.72,2432,47.1,6.18,550.8,1963.08,4.7,1.48, , 
,1964.45,2560,82.5,-0.4,11101001,1963.78,2496,53.3,7.21,591.6,1964.12,0.8,1.33, , 
,1965.46,2624,82.5,-4.7,11101001,1964.80,2592,56.1,7.21,632.4,1965.13,-2.7,1.41, , 
,1966.49,2720,82.5,-6.6,11101001,1965.80,2656,71.0,8.24,754.8,1966.14,-12.5,1.37, , 
,1967.50,2784,82.5,-2.7,11101001,1966.82,2752,73.7,8.24,795.6,1967.16,-9.4,1.52, , 
,1968.56,2848,84.0,2.3,11101001,1967.85,2816,75.3,8.24,795.6,1968.22,-2.3,1.52, , 
,1969.68,2912,84.0,3.5,11101001,1968.92,2880,73.7,8.24,775.2,1969.27,3.1,1.52, , 
,1970.75,2944,84.0,0.0,11111101,1969.94,2944,72.2,8.24,775.2,1970.41,5.1,1.56, , 
,1971.75,1504,84.0,0.0,11111111,1971.07,2496,0.0,0.00,295.8,1971.44,0.0,3.87, , 
,1972.76,2112,84.0,0.0,11101001,1972.09,1056,23.5,3.09,357.0,1972.41,0.0,3.36, , 
,1973.76,2208,84.0,0.0,11101001,1973.10,2176,17.6,2.06,275.4,1973.43,0.0,1.25, , 
,1974.75,2176,84.0,13.7,11101001,1974.10,2208,42.7,4.12,499.8,1974.43,0.0,2.15, , 
,1975.78,2208,84.0,28.1,11101001,1975.09,2208,48.6,5.15,571.2,1975.43,24.2,1.76, , 
,1976.80,2208,84.0,25.8,11101001,1976.12,2208,48.6,6.18,571.2,1976.46,28.5,1.41, , 
,1977.82,2208,84.0,1.2,11101001,1977.14,2208,50.2,7.21,571.2,1977.48,14.1,0.82, , 
,1978.82,2208,84.0,-7.4,11101001,1978.15,2208,63.5,8.24,714.0,1978.48,-5.9,1.41, , 
,1979.85,2208,85.5,-10.2,11101001,1979.16,2208,65.1,7.21,714.0,1979.50,-9.8,1.60, , 
,1980.86,2208,85.5,-8.6,11101001,1980.19,2208,63.5,7.21,714.0,1980.52,-9.0,1.60, , 
,1981.88,2176,85.5,-7.8,11101001,1981.20,2208,63.5,8.24,714.0,1981.55,-7.8,1.60, , 
,1982.88,2176,85.5,-6.6,11101001,1982.20,2176,63.5,8.24,714.0,1982.54,-6.6,1.52, , 
,1983.90,2176,85.5,-7.0,11101001,1983.22,2176,63.5,8.24,714.0,1983.56,-6.3,1.56, , 
,1984.91,2176,85.5,-7.0,11101001,1984.23,2176,63.5,8.24,714.0,1984.56,-6.3,1.48, , 
,1985.91,2208,85.5,-5.9,11101001,1985.25,2176,63.5,8.24,714.0,1985.59,-6.6,1.48, , 
,1986.95,2208,85.5,-6.6,11101001,1986.26,2208,63.5,8.24,714.0,1986.61,-5.9,1.52, , 
,1987.96,2208,85.5,-6.3,11101001,1987.28,2208,63.5,8.24,714.0,1987.62,-7.0,1.33, , 
,1988.98,2240,85.5,-5.9,11101001,1988.29,2208,63.5,8.24,693.6,1988.64,-5.5,1.52, , 
,1989.97,2240,85.5,-4.3,11101001,1989.31,2240,62.0,7.21,693.6,1989.65,-6.6,1.48, , 
,1990.97,2272,85.5,1.6,11101001,1990.30,2272,47.1,6.18,550.8,1990.65,1.2,1.60, , 
,1991.96,2272,85.5,3.5,11101001,1991.30,2272,38.4,5.15,459.0,1991.63,2.0,1.48, , 
,1992.95,2304,85.5,-3.9,11101001,1992.29,2272,62.0,8.24,693.6,1992.61,0.0,1.05, , 
,1993.98,2304,85.5,1.2,11101001,1993.31,2304,53.3,6.18,612.0,1993.65,-0.4,1.60, , 
,1994.95,2336,84.0,4.3,11101001,1994.30,2336,45.9,6.18,520.2,1994.63,3.1,1.52, , 
,1995.97,2336,84.0,5.1,11101001,1995.29,2336,45.9,6.18,520.2,1995.63,5.1,1.48, , 
,1996.97,2304,84.0,0.0,11101001,1996.30,2336,45.9,6.18,550.8,1996.64,0.0,1.60, , 
,1997.98,2272,84.0,-9.8,11101001,1997.31,2304,20.8,2.06,295.8,1997.64,-9.0,1.09, , 
,1998.99,2240,84.0,-12.9,11101001,1998.33,2272,19.2,2.06,275.4,1998.68,-12.9,1.37, , 
,2000.02,2240,84.0,-10.5,11101001,1999.33,2240,23.5,2.06,316.2,1999.67,-14.5,1.56, , 
,2001.04,2240,84.0,-8.6,11101001,2000.37,2240,57.6,8.24,652.8,2000.71,0.0,1.09, , 
,2002.03,2272,85.5,-9.0,11101001,2001.37,2240,66.3,8.24,734.4,2001.70,-7.4,1.45, , 
,2003.05,2304,84.0,-10.5,11101001,2002.37,2272,65.1,8.24,734.4,2002.71,-10.2,1.45, , 
,2004.05,2336,84.0,-9.4,11101001,2003.38,2304,65.1,8.24,714.0,2003.72,-9.8,1.52, , 
,2005.05,2336,84.0,-6.6,11101001,2004.38,2336,63.5,7.21,693.6,2004.72,-8.6,1.56, , 
,2006.09,2368,84.0,0.8,11101001,2005.39,2368,50.2,6.18,571.2,2005.75,-1.6,1.60, , 
,2007.12,2368,84.0,4.3,11101001,2006.46,2368,44.3,6.18,520.2,2006.79,3.5,1.52, , 
,2008.23,2400,84.0,4.7,11101001,2007.46,2368,42.7,6.18,499.8,2007.84,4.7,1.48, , 
,2009.26,2400,84.0,2.3,11101001,2008.56,2400,44.3,6.18,499.8,2008.91,3.9,1.37, , 
,2010.33,2400,84.0,2.0,11101001,2009.62,2400,42.7,5.15,499.8,2009.99,2.0,1.48, , 
,2011.38,2432,84.0,1.2,11101001,2010.68,2400,42.7,5.15,479.4,2011.01,1.6,1.45, , 
,2012.42,2432,84.0,1.2,11101001,2011.72,2432,41.2,5.15,479.4,2012.06,1.2,1.45, , 
,2013.49,2432,84.0,0.0,11101001,2012.80,2432,41.2,5.15,479.4,2013.16,0.8,1.48, , 
,2014.54,2400,84.0,-11.3,11101001,2013.85,2432,22.0,3.09,295.8,2014.19,-7.4,1.13, , 
,2015.58,2400,84.0,-17.6,11101001,2014.90,2400,20.8,2.06,295.8,2015.23,-15.6,1.29, , 
,2016.60,2368,84.0,-19.9,11101001,2015.90,2400,20.8,2.06,295.8,2016.27,-19.5,1.45, , 
,2017.59,2336,84.0,-20.3,11101001,2016.92,2368,22.0,2.06,295.8,2017.27,-21.1,1.52, , 
,2018.59,2304,84.0,-19.9,11101001,2017.92,2336,22.0,2.06,295.8,2018.25,-20.3,1.56, , 
,2019.61,2304,84.0,-16.0,11101001,2018.92,2304,22.0,2.06,295.8,2019.26,-17.6,1.60, , 
,2020.63,2272,84.0,-8.2,11101001,2019.95,2272,28.2,3.09,357.0,2020.29,-9.8,1.68, , 
,2021.63,2240,84.0,-3.5,11101001,2020.95,2272,26.7,3.09,336.6,2021.28,-5.1,1.60, , 
,2022.66,2208,84.0,-1.2,11101001,2021.96,2240,26.7,3.09,336.6,2022.30,-1.6,1.52, , 
,2023.68,2208,84.0,0.4,11101001,2022.99,2208,26.7,3.09,357.0,2023.35,-0.4,1.45, , 
,2024.73,2176,84.0,0.0,11101001,2024.04,2208,26.7,3.09,357.0,2024.38,0.0,1.37, , 
,2025.76,2176,84.0,-0.8,11101001,2025.06,2176,28.2,3.09,357.0,2025.41,-1.2,1.41, , 
,2026.80,2176,84.0,-2.0,11101001,2026.11,2176,23.5,3.09,336.6,2026.46,-1.6,1.41, , 
,2027.82,2144,84.0,-3.1,11101001,2027.15,2144,23.5,3.09,336.6,2027.48,-2.7,1.45, , 
,2028.87,2144,84.0,-3.5,11101001,2028.16,2144,23.5,3.09,336.6,2028.53,-3.9,1.45, , 
,2029.93,2144,84.0,0.0,11101001,2029.20,2144,36.9,4.12,438.6,2029.58,-0.8,1.56, , 
,2030.96,2176,84.0,1.2,11101001,2030.26,2144,40.0,5.15,479.4,2030.62,0.4,1.52, , 
,2031.99,2176,84.0,1.2,11101001,2031.30,2176,41.2,5.15,479.4,2031.65,1.6,1.45, , 
,2033.01,2176,84.0,0.4,11101001,2032.33,2176,38.4,5.15,459.0,2032.68,0.4,1.45, , 
,2034.02,2176,84.0,-0.4,11101001,2033.34,2208,38.4,5.15,459.0,2033.68,0.4,1.45, , 
,2035.06,2208,84.0,-0.8,11101001,2034.38,2176,38.4,5.15,459.0,2034.72,0.0,1.52, , 
,2036.09,2176,84.0,0.0,11101001,2035.41,2176,38.4,5.15,459.0,2035.75,0.0,1.48, , 
,2037.11,2208,84.0,0.0,11101001,2036.42,2176,38.4,5.15,459.0,2036.77,-0.4,1.48, , 
,2038.16,2176,84.0,0.0,11101001,2037.45,2176,36.9,4.12,438.6,2037.80,0.0,1.45, , 
,2039.20,2176,84.0,0.0,11101001,2038.50,2176,36.9,5.15,459.0,2038.85,0.4,1.45, , 
,2040.24,2176,84.0,0.8,11101001,2039.56,2176,36.9,4.12,438.6,2039.90,0.0,1.48, , 
,2041.28,2176,84.0,1.2,11101001,2040.59,2176,48.6,6.18,571.2,2040.94,0.8,1.33, , 
,2042.28,2176,84.0,1.2,11101001,2041.61,2176,53.3,7.21,612.0,2041.95,0.8,1.52, , 
,2043.27,2176,84.0,2.3,11101001,2042.61,2176,41.2,5.15,499.8,2042.94,3.1,1.45, , 
,2044.32,2176,84.0,0.4,11101001,2043.64,2176,40.0,5.15,479.4,2043.98,0.8,1.41, , 
,2045.37,2176,84.0,-0.8,11101001,2044.67,2176,38.4,4.12,459.0,2045.04,0.0,1.45, , 
,2046.41,2176,84.0,-0.4,11101001,2045.72,2176,38.4,5.15,459.0,2046.08,-1.2,1.48, , 
,2047.45,2144,84.0,-0.8,11101001,2046.76,2144,38.4,4.12,459.0,2047.10,-0.8,1.52, , 
,2048.50,2144,84.0,0.0,11101001,2047.81,2144,38.4,5.15,459.0,2048.14,-0.4,1.48, , 
,2049.58,2144,84.0,-0.4,11101001,2048.86,2144,36.9,5.15,459.0,2049.21,-0.4,1.48, , 
,2050.61,2144,84.0,0.0,11101001,2049.91,2144,38.4,5.15,459.0,2050.27,-0.4,1.45, , 
,2051.65,2112,84.0,-8.2,11101001,2050.97,2144,20.8,2.06,295.8,2051.31,-7.0,1.13, , 
,2052.69,2080,84.0,-12.5,11101001,2052.00,2112,20.8,2.06,295.8,2052.33,-11.3,1.37, , 
,2053.74,2080,84.0,-14.1,11101001,2053.03,2080,20.8,2.06,295.8,2053.40,-13.7,1.45, , 
,2054.77,2048,84.0,-14.5,11101001,2054.07,2048,20.8,2.06,295.8,2054.41,-12.9,1.60, , 
,2055.79,2016,84.0,-12.9,11101001,2055.11,2048,20.8,2.06,295.8,2055.45,-14.1,1.48, , 
,2056.86,1984,84.0,-12.1,11101001,2056.15,1984,20.8,2.06,295.8,2056.50,-12.5,1.60, , 
,2057.91,1984,84.0,-12.1,11101001,2057.21,1984,20.8,2.06,295.8,2057.56,-11.7,1.52, , 
,2059.02,1952,84.0,-11.3,11101011,2058.28,1984,20.8,2.06,295.8,2058.65,-10.9,1.48, , 
,2060.14,1952,84.0,-11.3,11101011,2059.38,1952,22.0,2.06,316.2,2059.77,-11.3,1.45, , 
,2061.21,1952,84.0,-4.7,11101011,2060.50,1952,26.7,3.09,357.0,2060.86,-7.8,1.60, , 
,2062.32,1952,84.0,-0.4,11101011,2061.60,1952,36.9,4.12,438.6,2061.96,-1.6,1.56, , 
,2063.45,1984,84.0,0.4,11101011,2062.70,1952,40.0,5.15,479.4,2063.05,0.4,1.45, , 
,2064.53,1984,84.0,0.0,11101001,2063.80,1984,38.4,5.15,479.4,2064.17,1.2,1.41, , 
,2065.59,2016,82.5,0.8,11101001,2064.89,2016,54.5,7.21,632.4,2065.25,0.8,1.52, , 
,2066.65,2048,84.0,2.3,11101001,2065.94,2048,53.3,7.21,612.0,2066.29,1.6,1.52, , 
,2067.68,2080,84.0,2.3,11101001,2066.98,2080,51.8,7.21,591.6,2067.34,3.1,1.45, , 
,2068.74,2112,82.5,2.3,11101001,2068.05,2080,51.8,6.18,591.6,2068.39,2.3,1.48, , 
,2069.78,2144,84.0,1.6,11101001,2069.09,2144,53.3,7.21,612.0,2069.42,2.0,1.45, , 
,2070.79,2176,84.0,1.6,11101001,2070.11,2176,50.2,6.18,591.6,2070.44,1.6,1.48, , 
,2071.85,2208,82.5,2.0,11101001,2071.13,2176,50.2,6.18,571.2,2071.50,1.6,1.45, , 
,2072.88,2208,84.0,3.5,11101001,2072.18,2208,50.2,6.18,571.2,2072.53,2.3,1.48, , 
,2073.86,2208,82.5,2.7,11101001,2073.19,2208,50.2,6.18,571.2,2073.52,3.5,1.48, , 
,2074.87,2208,84.0,2.3,11101001,2074.20,2208,50.2,7.21,571.2,2074.52,2.7,1.45, , 
,2075.91,2208,82.5,2.7,11101001,2075.21,2208,50.2,6.18,591.6,2075.56,2.3,1.52, , 
,2076.95,2208,82.5,3.1,11101001,2076.25,2208,50.2,6.18,571.2,2076.60,3.1,1.48, , 
,2077.99,2208,82.5,2.7,11101001,2077.29,2208,50.2,6.18,571.2,2077.64,3.1,1.52, , 
,2079.02,2176,82.5,1.6,11101001,2078.33,2208,50.2,6.18,571.2,2078.67,2.3,1.45, , 
,2080.02,2176,82.5,-0.4,11101001,2079.35,2176,51.8,7.21,591.6,2079.69,1.6,1.48, , 
,2081.10,2144,82.5,-2.3,11101001,2080.38,2176,57.6,7.21,652.8,2080.74,-2.0,1.45, , 
,2082.10,2144,82.5,-0.8,11101001,2081.43,2144,57.6,7.21,652.8,2081.79,-1.6,1.52, , 
,2083.14,2112,82.5,1.2,11101001,2082.44,2144,50.2,6.18,591.6,2082.78,1.2,1.56, , 
,2084.20,2080,82.5,-0.8,11101001,2083.49,2112,41.2,5.15,499.8,2083.86,0.0,1.41, , 
,2085.23,2080,82.5,-0.8,11101001,2084.54,2080,41.2,5.15,479.4,2084.87,-1.2,1.48, , 
,2086.26,2048,84.0,-1.6,11101001,2085.56,2048,41.2,5.15,499.8,2085.91,-1.2,1.45, , 
,2087.31,2048,84.0,-2.7,11101001,2086.63,2048,41.2,5.15,499.8,2086.96,-2.3,1.48, , 
,2088.35,2016,84.0,-3.1,11101001,2087.64,2048,41.2,5.15,499.8,2087.98,-3.5,1.45, , 
,2089.41,2016,84.0,-3.9,11101001,2088.69,2016,41.2,5.15,499.8,2089.04,-3.1,1.52, , 
,2090.49,2016,84.0,0.0,11101001,2089.77,2016,41.2,5.15,499.8,2090.14,0.0,1.48, , 
,2091.57,2016,84.0,0.4,11101001,2090.85,2016,41.2,5.15,499.8,2091.22,1.2,1.48, , 
,2092.62,2016,84.0,5.1,11101001,2091.94,2016,44.3,5.15,520.2,2092.28,3.1,1.56, , 
,2093.66,2048,84.0,4.7,11101001,2092.97,2016,53.3,7.21,612.0,2093.31,4.7,1.45, , 
,2094.74,2080,84.0,5.5,11101001,2094.03,2048,51.8,7.21,612.0,2094.38,4.7,1.48, , 
,2095.77,2080,84.0,-0.4,11101001,2095.08,2080,51.8,7.21,591.6,2095.44,0.4,1.45, , 
,2096.79,2080,84.0,-0.8,11101001,2096.11,2080,51.8,6.18,591.6,2096.45,-0.8,1.48, , 
,2097.83,2112,84.0,-2.3,11101001,2097.12,2080,56.1,7.21,632.4,2097.48,-2.3,1.37, , 
,2098.85,2112,84.0,-2.0,11101001,2098.16,2112,56.1,7.21,632.4,2098.51,-2.0,1.52, , 
,2099.89,2112,84.0,-0.8,11101001,2099.20,2112,54.5,7.21,632.4,2099.55,-0.8,1.45, , 
,2100.94,2112,84.0,-0.4,11101001,2100.24,2112,54.5,7.21,632.4,2100.59,-0.8,1.52, , 
,2101.98,2112,84.0,1.6,11101001,2101.28,2112,50.2,6.18,591.6,2101.63,0.8,1.48, , 
,2103.00,2144,84.0,2.7,11101001,2102.31,2112,47.1,6.18,550.8,2102.66,2.3,1.52, , 
,2104.04,2144,84.0,2.7,11101001,2103.35,2144,45.9,6.18,550.8,2103.68,2.7,1.48, , 
,2105.08,2144,84.0,1.6,11101001,2104.39,2144,42.7,5.15,499.8,2104.73,1.2,1.41, , 
,2106.10,2176,84.0,1.6,11101001,2105.41,2144,34.1,4.12,418.2,2105.77,1.6,1.52, , 
,2107.15,2176,84.0,0.4,11101001,2106.47,2176,32.5,4.12,418.2,2106.81,0.8,1.45, , 
,2108.15,2208,85.5,0.4,11101001,2107.47,2208,32.5,4.12,397.8,2107.81,0.4,1.48, , 
,2109.18,2240,84.0,0.0,11101001,2108.51,2208,32.5,4.12,397.8,2108.82,0.0,1.48, , 
,2110.22,2240,84.0,0.0,11101001,2109.50,2240,32.5,4.12,397.8,2109.85,0.0,1.52, , 
,2111.25,2240,84.0,2.7,11101001,2110.57,2208,34.1,4.12,418.2,2110.92,1.2,1.52, , 
,2112.28,2240,84.0,-7.4,11101001,2111.60,2240,59.2,8.24,652.8,2111.96,-5.1,1.13, , 
,2113.27,2272,84.0,0.0,11101001,2112.61,2240,73.7,9.27,795.6,2112.94,-12.9,1.25, , 
,2114.28,2272,84.0,-10.5,11101001,2113.61,2272,88.6,13.39,948.6,2113.94,-7.8,1.17, , 
,2115.26,2272,84.0,-8.6,11101001,2114.62,2272,78.4,10.30,846.6,2114.93,0.0,1.05, , 
,2116.27,2272,84.0,-8.6,11101001,2115.60,2272,65.1,8.24,714.0,2115.94,-8.6,1.48, , 
,2117.32,2240,84.0,-7.8,11101001,2116.63,2240,62.0,7.21,693.6,2116.96,-8.2,1.52, , 
,2118.39,2208,84.0,-2.7,11101001,2117.68,2240,60.4,7.21,673.2,2118.04,-4.7,1.52, , 
,2119.40,2208,84.0,1.2,11101001,2118.72,2208,51.8,6.18,591.6,2119.06,-0.4,1.56, , 
,2120.43,2176,84.0,2.7,11101001,2119.75,2208,48.6,6.18,571.2,2120.07,3.1,1.48, , 
,2121.46,2176,84.0,3.5,11101001,2120.77,2176,48.6,6.18,571.2,2121.12,3.5,1.48, , 
,2122.49,2176,84.0,3.5,11101001,2121.82,2176,48.6,6.18,571.2,2122.16,3.5,1.45, , 
,2123.55,2176,84.0,3.1,11101001,2122.86,2176,48.6,6.18,571.2,2123.19,3.1,1.45, , 
,2124.56,2176,84.0,2.7,11101001,2123.89,2176,48.6,6.18,571.2,2124.23,2.7,1.48, , 
,2125.59,2176,84.0,2.0,11101001,2124.89,2176,48.6,6.18,571.2,2125.23,2.3,1.45, , 
,2126.63,2176,84.0,1.6,11101001,2125.95,2176,48.6,6.18,571.2,2126.29,1.6,1.48, , 
,2127.67,2144,84.0,0.8,11101001,2126.96,2176,47.1,6.18,550.8,2127.31,1.6,1.45, , 
,2128.71,2144,84.0,-0.4,11101001,2128.03,2144,41.2,5.15,479.4,2128.36,-0.4,1.48, , 
,2129.75,2112,84.0,0.0,11101001,2129.06,2144,41.2,5.15,499.8,2129.41,0.0,1.45, , 
,2130.80,2080,84.0,-8.2,11101001,2130.09,2112,16.1,2.06,244.8,2130.43,-5.1,1.25, , 
,2131.88,2048,84.0,-12.5,11101001,2131.19,2080,16.1,2.06,244.8,2131.54,-11.7,1.33, , 
,2132.96,2048,84.0,-12.5,11101001,2132.25,2048,16.1,2.06,244.8,2132.61,-13.3,1.48, , 
,2134.06,2016,84.0,-12.9,11101001,2133.32,2016,22.0,2.06,316.2,2133.70,-13.3,1.56, , 
,2135.12,2016,84.0,-11.3,11101001,2134.41,2016,22.0,2.06,316.2,2134.77,-13.3,1.52, , 
,2136.18,1984,84.0,-12.1,11101001,2135.48,2016,16.1,1.03,244.8,2135.84,-12.9,1.52, , 
,2137.26,1984,84.0,-11.3,11101001,2136.54,1984,16.1,2.06,244.8,2136.90,-11.3,1.56, , 
,2138.34,1984,84.0,-10.5,11101011,2137.62,1984,16.1,2.06,244.8,2138.00,-10.5,1.48, , 
,2139.40,1952,84.0,-7.0,11101011,2138.70,1984,17.6,2.06,275.4,2139.05,-8.6,1.56, , 
,2140.51,1952,84.0,-8.6,11101011,2139.78,1952,19.2,2.06,295.8,2140.14,-9.4,1.41, , 
,2141.63,1952,85.5,-9.4,11101011,2140.88,1952,22.0,2.06,316.2,2141.26,-8.6,1.45, , 
,2142.72,1920,84.0,-2.3,11101011,2142.00,1920,26.7,3.09,357.0,2142.35,-6.3,1.60, , 
,2143.80,1952,84.0,0.8,11101011,2143.08,1920,50.2,7.21,591.6,2143.43,0.0,1.48, , 
,2144.89,1952,84.0,-1.6,11101011,2144.15,1952,62.0,8.24,693.6,2144.52,-2.0,1.37, , 
,2145.99,1952,84.0,0.0,11101011,2145.25,1952,59.2,7.21,673.2,2145.60,-1.6,1.45, , 
,2147.11,1952,84.0,0.8,11101011,2146.36,1952,29.4,3.09,397.8,2146.74,0.0,1.60, , 
,2148.18,1952,84.0,-1.6,11101011,2147.47,1952,28.2,3.09,377.4,2147.82,-1.2,1.45, , 
,2149.27,1952,84.0,-1.6,11101011,2148.55,1920,28.2,3.09,377.4,2148.90,-1.2,1.52, , 
,2150.39,1952,84.0,-1.6,11101011,2149.64,1952,28.2,3.09,377.4,2150.01,-1.6,1.45, , 
,2151.47,1920,84.0,-7.8,11101011,2150.75,1920,20.8,2.06,295.8,2151.10,-6.3,1.25, , 
,2152.57,1920,84.0,-9.8,11101011,2151.83,1920,22.0,2.06,316.2,2152.20,-9.8,1.41, , 
,2153.66,1920,84.0,0.0,11101011,2152.93,1920,35.3,4.12,438.6,2153.29,0.0,1.37, , 
,2154.76,1920,84.0,1.6,11101011,2154.04,1920,50.2,6.18,591.6,2154.41,0.8,1.56, , 
,2155.86,1920,84.0,1.6,11101011,2155.12,1920,47.1,6.18,550.8,2155.49,2.0,1.48, , 
,2156.94,1920,84.0,0.4,11101011,2156.22,1920,41.2,5.15,499.8,2156.57,0.8,1.41, , 
,2158.01,1920,84.0,0.4,11101011,2157.30,1920,41.2,5.15,499.8,2157.66,0.0,1.48, , 
,2159.09,1920,84.0,0.8,11101011,2158.37,1920,42.7,5.15,499.8,2158.73,0.8,1.52, , 
,2160.19,1888,84.0,0.8,11101011,2159.47,1888,42.7,5.15,520.2,2159.83,1.6,1.48, , 
,2161.27,1920,84.0,0.0,11101011,2160.55,1888,38.4,5.15,479.4,2160.91,0.4,1.48, , 
,2162.34,1920,84.0,-1.2,11101011,2161.61,1920,41.2,5.15,499.8,2161.98,-0.8,1.45, , 
,2163.43,1952,84.0,-1.2,11101011,2162.71,1920,40.0,5.15,479.4,2163.08,-1.2,1.45, , 
,2164.52,1952,84.0,0.0,11101011,2163.80,1952,38.4,4.12,459.0,2164.15,0.0,1.56, , 
,2165.62,1952,84.0,-1.6,11101011,2164.90,1952,28.2,3.09,377.4,2165.27,-1.6,1.45, , 
,2166.74,1920,84.0,-6.6,11101011,2165.99,1952,22.0,3.09,316.2,2166.37,-3.9,1.37, , 
,2167.83,1888,84.0,-8.2,11101011,2167.11,1920,22.0,2.06,316.2,2167.47,-8.2,1.45, , 
,2168.92,1888,84.0,-9.0,11101011,2168.20,1888,23.5,2.06,336.6,2168.57,-9.0,1.48, , 
,2170.04,1856,84.0,-7.8,11101011,2169.29,1888,25.1,3.09,336.6,2169.67,-8.2,1.56, , 
,2171.06,1120,84.0,0.0,11111111,2170.42,1856,25.1,3.09,336.6,2170.74,0.0,2.27, , 
,2172.00,1024,84.0,0.0,11111111,2171.39,1088,26.7,4.12,377.4,2171.71,0.0,1.60, , 
,2172.95,896,84.0,0.0,11111111,2172.33,992,22.0,3.09,336.6,2172.63,0.0,0.70, , 
,2173.84,896,84.0,-0.8,11111111,2173.25,896,25.1,3.09,377.4,2173.55,-0.4,1.37, , 
,2174.80,896,84.0,-1.2,11111111,2174.15,896,25.1,3.09,377.4,2174.47,-0.8,1.45, , 
,2175.72,896,84.0,-1.2,11111111,2175.09,896,25.1,3.09,377.4,2175.40,-1.2,1.45, , 
,2176.64,896,82.5,-0.8,11111111,2176.01,896,25.1,3.09,377.4,2176.32,-0.8,1.48, , 
,2177.57,896,84.0,0.0,11111111,2176.96,896,25.1,3.09,377.4,2177.27,-0.4,1.52, , 
,2178.51,896,84.0,0.4,11111111,2177.88,864,25.1,3.09,377.4,2178.22,0.4,1.48, , 
,2179.43,896,84.0,0.8,11111111,2178.83,896,25.1,3.09,377.4,2179.14,0.8,1.48, , 
,2180.36,896,84.0,0.8,11111111,2179.72,896,25.1,3.09,357.0,2180.04,0.8,1.45, , 
,2181.27,864,84.0,0.4,11111111,2180.66,896,25.1,3.09,377.4,2180.96,0.8,1.41, , 
,2182.18,864,84.0,0.0,11111111,2181.58,896,25.1,3.09,377.4,2181.87,0.0,1.45, , 
,2183.06,864,84.0,0.4,11111111,2182.48,864,25.1,3.09,377.4,2182.78,0.4,1.48, , 
,2183.97,896,84.0,0.4,11111111,2183.35,896,25.1,3.09,377.4,2183.66,0.8,1.45, , 
,2184.89,896,84.0,-0.4,11111111,2184.26,864,25.1,3.09,377.4,2184.57,0.0,1.41, , 
,2185.83,896,84.0,-1.6,11111111,2185.19,896,25.1,3.09,377.4,2185.51,-1.2,1.37, , 
,2186.70,864,84.0,-2.7,11111111,2186.11,864,25.1,3.09,377.4,2186.40,-2.3,1.41, , 
,2187.59,864,84.0,-2.3,11111111,2187.01,864,25.1,3.09,377.4,2187.31,-2.3,1.48, , 
,2188.51,864,84.0,-2.3,11111111,2187.89,864,26.7,3.09,377.4,2188.21,-2.3,1.45, , 
,2189.40,896,84.0,-2.7,11111111,2188.82,896,26.7,3.09,377.4,2189.11,-2.7,1.48, , 
,2190.32,864,84.0,-2.7,11111111,2189.72,896,26.7,3.09,377.4,2190.03,-2.7,1.45, , 
,2191.23,896,84.0,-2.7,11111111,2190.63,896,26.7,3.09,377.4,2190.95,-2.7,1.45, , 
,2192.13,896,84.0,-2.3,11111111,2191.52,896,26.7,3.09,397.8,2191.83,-2.7,1.48, , 
,2193.08,864,84.0,-2.7,11111111,2192.46,896,26.7,3.09,377.4,2192.78,-2.7,1.45, , 
,2193.99,896,84.0,-2.7,11111111,2193.39,864,26.7,3.09,377.4,2193.68,-2.7,1.48, , 
,2194.90,864,84.0,-2.7,11111111,2194.29,896,26.7,3.09,377.4,2194.59,-2.7,1.45, , 
,2195.79,896,84.0,-2.7,11111111,2195.22,864,26.7,3.09,377.4,2195.50,-2.7,1.48, , 
,2196.73,896,84.0,-2.7,11111111,2196.09,896,26.7,3.09,377.4,2196.42,-2.7,1.45, , 
,2197.67,736,84.0,-3.1,11111111,2197.03,896,25.1,3.09,377.4,2197.34,-2.7,1.45, , 
,2198.59,800,84.0,-5.1,11111111,2197.96,768,29.4,3.09,418.2,2198.27,-4.3,1.37, , 
,2199.51,768,84.0,-6.6,11111111,2198.90,768,28.2,3.09,418.2,2199.20,-6.6,1.41, , 
,2200.40,768,84.0,-5.9,11111111,2199.81,768,29.4,3.09,418.2,2200.11,-6.3,1.56, , 
,2201.29,768,84.0,-4.7,11111111,2200.70,768,29.4,3.09,418.2,2201.00,-5.1,1.52, , 
,2202.20,800,84.0,-5.1,11111111,2201.60,800,28.2,3.09,418.2,2201.90,-4.7,1.48, , 
,2203.11,800,84.0,-5.1,11111111,2202.51,800,28.2,3.09,418.2,2202.81,-5.1,1.48, , 
,2204.01,800,84.0,-5.1,11111111,2203.41,800,28.2,3.09,418.2,2203.71,-5.1,1.48, , 
,2204.90,768,84.0,-5.1,11111111,2204.31,768,28.2,3.09,418.2,2204.61,-5.1,1.52, , 
,2205.83,768,84.0,-4.7,11111111,2205.21,768,28.2,3.09,418.2,2205.52,-4.7,1.48, , 
,2206.71,800,84.0,-5.1,11111111,2206.11,768,28.2,3.09,418.2,2206.42,-4.7,1.48, , 
,2207.62,768,84.0,-5.5,11111111,2207.01,800,28.2,3.09,418.2,2207.31,-5.5,1.48, , 
,2208.51,800,84.0,-5.1,11111111,2207.92,800,29.4,3.09,418.2,2208.21,-5.1,1.52, , 
,2209.42,800,84.0,-5.1,11111111,2208.81,800,28.2,3.09,418.2,2209.11,-5.1,1.48, , 
,2210.30,800,84.0,-5.1,11111111,2209.71,800,28.2,3.09,418.2,2210.00,-5.1,1.48, , 
,2211.20,768,84.0,-5.1,11111111,2210.60,800,28.2,3.09,418.2,2210.91,-5.1,1.48, , 
,2212.11,800,84.0,-4.7,11111111,2211.51,768,28.2,3.09,418.2,2211.81,-4.7,1.48, , 
,2213.01,800,84.0,-5.1,11111111,2212.41,768,28.2,3.09,418.2,2212.72,-5.1,1.48, , 
,2213.91,768,84.0,-5.1,11111111,2213.31,800,28.2,3.09,418.2,2213.61,-5.1,1.48, , 
,2214.81,768,84.0,-5.1,11111111,2214.21,768,29.4,3.09,418.2,2214.51,-5.1,1.52, , 
,2215.70,768,84.0,-5.5,10111111,2215.11,800,29.4,3.09,418.2,2215.40,-5.1,1.48, , 
,2216.59,800,84.0,-5.1,10111111,2216.00,800,28.2,3.09,418.2,2216.30,-5.1,1.52, , 
,2217.51,800,84.0,-5.1,10111111,2216.90,800,28.2,3.09,418.2,2217.20,-5.1,1.48, , 
,2218.40,800,84.0,-5.1,10111111,2217.81,768,28.2,3.09,418.2,2218.11,-5.1,1.48, , 
,2219.27,800,84.0,-4.7,10111111,2218.69,768,28.2,3.09,418.2,2218.98,-5.1,1.52, , 
,2220.19,768,84.0,-4.7,10111111,2219.57,800,28.2,3.09,418.2,2219.88,-4.7,1.48, , 
,2221.09,800,84.0,-4.7,10111111,2220.50,768,28.2,3.09,418.2,2220.79,-4.7,1.52, , 
,2221.99,768,84.0,-4.7,10111111,2221.40,800,28.2,3.09,418.2,2221.70,-4.7,1.48, , 
,2222.92,768,84.0,-4.3,10111111,2222.29,800,29.4,3.09,418.2,2222.60,-4.7,1.48, , 
,2223.79,800,82.5,-4.7,10111111,2223.20,800,28.2,3.09,418.2,2223.49,-4.3,1.48, , 
,2224.69,768,82.5,-4.7,10111111,2224.08,800,28.2,3.09,418.2,2224.38,-4.7,1.48, , 
,2225.59,800,82.5,-4.7,10111111,2224.99,800,28.2,3.09,418.2,2225.29,-4.3,1.48, , 
,2226.48,800,82.5,-4.7,10111111,2225.88,768,28.2,3.09,418.2,2226.19,-4.7,1.48, , 
,2227.38,800,82.5,-4.3,10111111,2226.79,768,28.2,3.09,418.2,2227.09,-4.3,1.52, , 
,2228.39,1728,82.5,0.0,10101011,2227.70,704,81.2,15.45,734.4,2228.02,0.0,1.17, , 
,2229.38,1344,82.5,0.0,10101011,2228.73,1408,66.3,10.30,754.8,2229.08,0.0,1.17, , 
,2230.44,2080,82.5,0.0,10111101,2229.76,1728,84.3,13.39,948.6,2230.09,0.0,1.02, , 
,2231.42,1376,82.5,0.0,10101011,2230.78,1536,0.0,0.00,357.0,2231.08,0.0,3.83, , 
,2232.47,1504,82.5,0.0,10101011,2231.76,1376,50.2,7.21,591.6,2232.10,0.0,0.98, , 
,2233.52,1728,82.5,0.0,10101011,2232.81,1568,57.6,7.21,673.2,2233.16,0.0,1.45, , 
,2234.62,1920,82.5,-0.8,11101011,2233.90,1760,63.5,8.24,734.4,2234.27,-2.0,1.48, , 
,2235.68,2208,82.5,-2.3,11101001,2234.99,2016,63.5,8.24,714.0,2235.33,-2.3,1.45, , 
,2236.73,2400,82.5,0.0,11101001,2236.03,2304,54.5,6.18,632.4,2236.37,1.6,1.60, , 
,2237.70,2368,82.5,-6.6,11111101,2237.05,2400,22.0,2.06,295.8,2237.36,-2.0,1.37, , 
,2238.65,2368,81.0,0.0,11111101,2238.02,2368,17.6,2.06,244.8,2238.33,-10.9,1.25, , 
,2239.65,2272,81.0,0.0,11101001,2238.98,2336,0.0,0.00,244.8,2239.31,0.0,3.71, , 
,2240.66,2240,81.0,0.0,11101001,2239.99,2240,16.1,2.06,244.8,2240.32,0.0,0.90, , 
,2241.69,2208,81.0,-7.0,11111101,2241.01,2272,17.6,2.06,244.8,2241.34,-7.4,1.33, , 
,2242.74,2016,81.0,0.0,11111101,2242.04,2144,0.0,0.00,275.4,2242.38,0.0,3.52, , 
,2243.82,1952,81.0,0.0,11101011,2243.11,1952,0.0,0.00,275.4,2243.46,0.0,3.09, , 
,2244.88,2112,81.0,0.0,11101001,2244.18,1984,42.7,6.18,499.8,2244.53,0.0,1.45, , 
,2245.89,2464,82.5,-8.6,11101001,2245.22,2240,63.5,8.24,714.0,2245.54,-5.1,1.33, , 
,2246.93,2304,82.5,0.0,11111101,2246.23,2560,67.8,8.24,734.4,2246.57,-8.2,1.56, , 
,2247.96,1888,81.0,0.0,11101011,2247.24,1760,0.0,0.00,316.2,2247.59,0.0,3.87, , 
,2249.07,1888,81.0,0.0,11101011,2248.32,1856,25.1,3.09,357.0,2248.70,0.0,1.33, , 
,2250.15,1984,82.5,2.0,11101001,2249.44,1920,51.8,7.21,612.0,2249.79,0.4,1.52, , 
,2251.19,2080,82.5,3.9,11101001,2250.50,2016,45.9,6.18,520.2,2250.86,3.9,1.56, , 
,2252.22,2144,82.5,1.6,11101001,2251.54,2112,31.0,4.12,397.8,2251.89,2.7,1.45, , 
,2253.22,2176,82.5,-0.4,11101001,2252.55,2144,29.4,4.12,377.4,2252.89,0.4,1.37, , 
,2254.24,2240,82.5,-1.2,11101001,2253.55,2208,29.4,3.09,377.4,2253.90,-0.8,1.48, , 
,2255.27,2272,82.5,-0.8,11101001,2254.58,2240,28.2,3.09,357.0,2254.91,-1.6,1.48, , 
,2256.28,2368,84.0,0.0,11101001,2255.62,2304,26.7,3.09,357.0,2255.96,0.0,1.56, , 
,2257.30,2464,84.0,7.4,11101001,2256.62,2400,48.6,6.18,550.8,2256.95,5.9,1.64, , 
,2258.28,1696,84.0,0.0,11111111,2257.61,2496,32.5,4.12,397.8,2257.96,0.0,2.85, , 
,2259.21,1408,84.0,0.0,11111111,2258.60,1216,0.0,0.00,357.0,2258.91,0.0,3.75, , 
,2260.24,1888,84.0,0.0,11111111,2259.56,1856,0.0,0.00,316.2,2259.91,0.0,3.44, , 
,2261.34,1920,84.0,0.0,11111111,2260.62,1888,0.0,0.00,295.8,2260.98,0.0,3.95, , 
,2262.38,1920,84.0,0.0,11111111,2261.71,1920,0.0,0.00,295.8,2262.05,0.0,3.98, , 
,2263.44,1920,85.5,0.0,11111111,2262.74,1920,0.0,0.00,275.4,2263.08,0.0,3.98, , 
,2264.45,1920,84.0,0.0,11111111,2263.76,1920,0.0,0.00,275.4,2264.11,0.0,3.98, , 
,2265.51,1920,85.5,0.0,11111111,2264.79,1920,0.0,0.00,275.4,2265.16,0.0,3.98, , 
,2266.57,1888,85.5,0.0,11111111,2265.88,1920,0.0,0.00,275.4,2266.23,0.0,3.95, , 
,2267.64,1888,85.5,0.0,11111111,2266.93,1888,0.0,0.00,295.8,2267.28,0.0,3.95, , 
,2268.69,1856,85.5,0.0,11111111,2267.99,1888,0.0,0.00,295.8,2268.31,0.0,3.98, , 
,2269.73,1824,85.5,0.0,11111111,2269.01,1856,0.0,0.00,295.8,2269.35,0.0,3.98, , 
,2270.72,1728,85.5,0.0,11111111,2270.06,1760,0.0,0.00,316.2,2270.39,0.0,3.95, , 
,2271.77,1600,85.5,0.0,10111111,2271.09,1664,0.0,0.00,316.2,2271.45,0.0,3.95, , 
,2272.70,1472,85.5,0.0,10111111,2272.13,1568,0.0,0.00,336.6,2272.41,0.0,3.95, , 
,2273.67,864,85.5,0.0,10111111,2273.02,1408,0.0,0.00,336.6,2273.36,0.0,3.91, , 
,2274.58,864,85.5,0.0,10111111,2273.97,864,26.7,4.12,397.8,2274.27,0.0,1.68, , 
,2275.49,928,85.5,0.0,10101011,2274.88,896,28.2,4.12,418.2,2275.20,0.0,0.66, , 
,2276.53,1472,84.0,0.4,10101011,2275.81,1216,31.0,4.12,418.2,2276.19,-2.3,1.41, , 
,2277.72,1536,84.0,0.0,10101011,2276.99,1504,41.2,5.15,520.2,2277.34,0.0,1.37, , 
,2278.80,1696,84.0,1.6,10101011,2278.08,1600,59.2,8.24,693.6,2278.44,0.8,1.56, , 
,2279.92,1824,84.0,1.2,11101011,2279.15,1728,60.4,8.24,693.6,2279.54,0.8,1.45, , 
,2281.02,1920,84.0,3.9,11101011,2280.30,1856,57.6,7.21,652.8,2280.66,3.5,1.48, , 
,2282.07,2016,84.0,7.0,11101001,2281.36,1952,53.3,7.21,632.4,2281.72,6.3,1.52, , 
,2283.14,2112,85.5,7.0,11101001,2282.44,2048,51.8,7.21,591.6,2282.79,7.4,1.45, , 
,2284.15,2176,84.0,6.6,11101001,2283.47,2144,50.2,7.21,591.6,2283.81,6.6,1.45, , 
,2285.14,2272,84.0,5.9,11101001,2284.47,2208,48.6,6.18,571.2,2284.81,5.9,1.45, , 
,2286.14,2336,84.0,5.1,11101001,2285.47,2272,47.1,6.18,550.8,2285.81,5.9,1.45, , 
,2287.11,2400,82.5,5.5,11101001,2286.48,2336,47.1,6.18,550.8,2286.79,5.1,1.52, , 
,2288.20,2464,82.5,-0.4,11101001,2287.46,2400,53.3,7.21,591.6,2287.84,1.6,1.29, , 
,2289.26,2592,82.5,-3.9,11101001,2288.57,2528,59.2,8.24,652.8,2288.92,-3.9,1.41, , 
,2290.31,2656,82.5,-2.3,11101001,2289.61,2592,57.6,7.21,652.8,2289.96,-2.7,1.60, , 
,2291.30,2720,82.5,5.5,11101001,2290.65,2688,53.3,6.18,591.6,2290.98,4.3,1.52, , 
,2292.25,1856,82.5,0.0,11111111,2291.61,2720,42.7,5.15,499.8,2291.94,0.0,3.24, , 
,2293.22,1632,82.5,0.0,11101011,2292.55,1440,0.0,0.00,336.6,2292.85,0.0,3.87, , 
,2294.31,1952,82.5,0.0,11101011,2293.58,1888,17.6,2.06,275.4,2293.94,0.0,0.94, , 
,2295.41,1856,82.5,-5.9,11101011,2294.68,1888,22.0,2.06,316.2,2295.05,-4.7,1.45, , 
,2296.53,1856,82.5,3.1,11101011,2295.78,1888,26.7,3.09,357.0,2296.15,2.3,1.64, , 
,2297.63,1856,82.5,7.0,11101011,2296.90,1856,28.2,3.09,377.4,2297.27,5.5,1.56, , 
,2298.75,1824,82.5,9.8,11101011,2298.00,1824,34.1,4.12,438.6,2298.39,9.4,1.56, , 
,2299.90,1824,82.5,11.7,11101011,2299.12,1824,32.5,4.12,418.2,2299.51,12.1,1.45, , 
,2301.04,1824,82.5,12.5,11101011,2300.27,1824,41.2,5.15,499.8,2300.65,10.9,1.41, , 
,2302.14,1856,82.5,9.4,11101011,2301.41,1824,42.7,5.15,499.8,2301.77,9.8,1.48, , 
,2303.24,1824,82.5,8.2,11101011,2302.51,1856,32.5,4.12,418.2,2302.88,8.6,1.45, , 
,2304.31,1792,82.5,0.8,11101011,2303.60,1824,19.2,2.06,275.4,2303.93,-0.8,1.25, , 
,2305.41,1728,82.5,-3.9,11111111,2304.67,1792,19.2,2.06,295.8,2305.04,-0.8,1.41, , 
,2306.43,1728,82.5,0.0,11111111,2305.74,1760,22.0,2.06,316.2,2306.07,0.0,1.60, , 
,2307.48,1664,84.0,0.0,11101011,2306.78,1696,0.0,0.00,336.6,2307.10,0.0,3.95, , 
,2308.55,1632,84.0,0.0,11101011,2307.86,1664,23.5,3.09,336.6,2308.22,0.0,1.09, , 
,2309.62,1664,84.0,0.0,11101011,2308.91,1664,54.5,7.21,652.8,2309.25,0.0,1.60, , 
,2310.67,1760,84.0,0.0,11101011,2309.97,1696,69.4,9.27,775.2,2310.31,-0.4,1.52, , 
,2311.75,1792,84.0,1.6,11101011,2311.02,1760,65.1,8.24,734.4,2311.40,1.6,1.52, , 
,2312.84,1856,84.0,4.3,11101011,2312.12,1824,62.0,8.24,714.0,2312.46,3.5,1.45, , 
,2313.91,1888,84.0,9.8,11101011,2313.19,1888,54.5,7.21,632.4,2313.54,8.2,1.56, , 
,2314.98,1920,84.0,11.3,11101011,2314.27,1888,51.8,7.21,612.0,2314.63,11.7,1.45, , 
,2316.07,1952,84.0,7.4,11101011,2315.35,1952,48.6,6.18,591.6,2315.72,11.3,1.48, , 
,2317.15,1952,84.0,6.3,11101011,2316.44,1952,41.2,5.15,499.8,2316.79,6.6,1.41, , 
,2318.28,1984,84.0,2.7,11101011,2317.54,1984,41.2,5.15,499.8,2317.90,5.9,1.45, , 
,2319.35,1984,84.0,2.3,11101011,2318.63,1984,38.4,5.15,459.0,2318.98,2.7,1.52, , 
,2320.43,1952,84.0,2.7,11101011,2319.71,1984,34.1,4.12,418.2,2320.08,2.7,1.48, , 
,2321.51,1984,84.0,2.7,11101011,2320.79,1984,40.0,5.15,479.4,2321.15,3.9,1.45, , 
,2322.61,1984,84.0,1.6,11101011,2321.88,1984,40.0,5.15,479.4,2322.27,2.0,1.48, , 
,2323.68,1984,84.0,1.6,11101001,2322.96,1984,38.4,5.15,479.4,2323.32,1.6,1.45, , 
,2324.77,1984,84.0,2.3,11101001,2324.04,1984,38.4,5.15,459.0,2324.41,1.6,1.52, , 
,2325.84,1984,84.0,2.0,11101001,2325.13,1984,38.4,5.15,459.0,2325.50,2.0,1.45, , 
,2326.90,2016,84.0,2.0,11101001,2326.20,1984,38.4,4.12,479.4,2326.55,2.0,1.48, , 
,2327.95,2016,84.0,2.0,11101001,2327.27,2016,38.4,5.15,479.4,2327.61,2.0,1.48, , 
,2329.00,2016,84.0,-0.4,11101001,2328.29,2016,38.4,4.12,459.0,2328.65,2.7,1.48, , 
,2330.09,2016,84.0,0.4,11101001,2329.37,2016,38.4,5.15,459.0,2329.74,-0.4,1.52, , 
,2331.18,2048,84.0,0.0,11101001,2330.45,2048,38.4,4.12,459.0,2330.82,0.0,1.48, , 
,2332.26,2048,84.0,1.6,11101001,2331.54,2048,36.9,4.12,459.0,2331.90,0.4,1.52, , 
,2333.31,2080,84.0,0.4,11101001,2332.60,2048,36.9,5.15,459.0,2332.96,0.0,1.45, , 
,2334.37,2080,84.0,0.0,11101001,2333.67,2080,36.9,4.12,459.0,2334.01,0.0,1.48, , 
,2335.41,2080,84.0,-1.2,11101001,2334.71,2080,36.9,4.12,459.0,2335.06,-0.4,1.48, , 
,2336.46,2080,84.0,-3.1,11101001,2335.76,2080,23.5,3.09,336.6,2336.11,-2.3,1.45, , 
,2337.54,2048,84.0,-10.5,11101001,2336.82,2080,20.8,2.06,295.8,2337.18,-8.6,1.25, , 
,2338.62,2048,84.0,-12.5,11101001,2337.89,2048,20.8,2.06,295.8,2338.25,-11.7,1.45, , 
,2339.71,2016,84.0,-12.9,11101001,2338.99,2048,20.8,2.06,295.8,2339.35,-11.7,1.60, , 
,2340.79,1984,84.0,-10.9,11101011,2340.06,2016,20.8,2.06,295.8,2340.42,-12.1,1.52, , 
,2341.89,1984,84.0,-10.2,11101011,2341.15,2016,16.1,2.06,244.8,2341.51,-10.5,1.56, , 
,2342.95,1920,84.0,-8.2,11101011,2342.25,1984,16.1,2.06,244.8,2342.60,-9.8,1.48, , 
,2344.05,1920,84.0,-7.4,11101011,2343.32,1920,17.6,2.06,275.4,2343.69,-4.7,1.60, , 
,2345.14,1888,84.0,-7.8,11111111,2344.41,1920,22.0,2.06,316.2,2344.78,-7.4,1.41, , 
,2346.24,1856,84.0,0.0,11111111,2345.51,1856,19.2,2.06,295.8,2345.86,0.0,1.60, , 
,2347.27,1824,84.0,0.0,11111111,2346.58,1824,0.0,0.00,295.8,2346.92,0.0,3.95, , 
,2348.23,1760,84.0,0.0,11101011,2347.60,1792,0.0,0.00,316.2,2347.91,0.0,3.95, , 
,2349.28,1760,84.0,0.0,11101011,2348.55,1792,20.8,3.09,295.8,2348.92,0.0,0.94, , 
,2350.36,1760,84.0,2.0,11101011,2349.65,1760,26.7,3.09,357.0,2350.02,2.3,1.60, , 
,2351.44,1792,84.0,0.0,11101011,2350.72,1760,35.3,4.12,438.6,2351.05,3.5,1.48, , 
,2352.52,1792,84.0,-1.6,11101011,2351.80,1792,56.1,7.21,652.8,2352.16,-1.6,1.41, , 
,2353.61,1888,84.0,-0.8,11101011,2352.86,1856,57.6,7.21,673.2,2353.23,-0.8,1.52, , 
,2354.69,1760,84.0,0.0,11111111,2353.97,1888,54.5,7.21,632.4,2354.33,1.2,1.52, , 
,2355.62,1088,84.0,0.0,11111111,2354.99,1248,0.0,0.00,357.0,2355.29,0.0,3.59, , 
,2356.52,928,84.0,0.0,11111111,2355.94,1024,23.5,3.09,357.0,2356.22,0.0,0.66, , 
,2357.45,896,82.5,0.0,11111111,2356.81,928,25.1,3.09,357.0,2357.14,0.0,1.05, , 
,2358.35,896,84.0,-0.8,11111111,2357.75,896,25.1,3.09,377.4,2358.05,-0.8,1.45, , 
,2359.31,896,84.0,-0.8,11111111,2358.67,896,25.1,3.09,377.4,2358.98,-0.8,1.48, , 
,2360.18,896,84.0,0.0,11111111,2359.61,896,25.1,3.09,377.4,2359.91,-0.4,1.48, , 
,2361.08,896,84.0,0.4,11111111,2360.48,896,25.1,3.09,377.4,2360.78,0.4,1.48, , 
,2362.01,896,84.0,0.0,11111111,2361.39,896,25.1,3.09,377.4,2361.69,0.0,1.45, , 
,2362.93,864,84.0,-0.4,11111111,2362.33,896,25.1,3.09,377.4,2362.62,0.0,1.45, , 
,2363.84,864,84.0,-1.2,11111111,2363.24,896,25.1,3.09,377.4,2363.54,-1.2,1.41, , 
,2364.76,896,84.0,-1.2,11111111,2364.16,864,25.1,3.09,377.4,2364.45,-1.2,1.45, , 
,2365.72,896,84.0,-2.0,11111111,2365.09,864,26.7,3.09,377.4,2365.40,-1.6,1.41, , 
,2366.65,896,84.0,-2.3,11111111,2366.02,896,26.7,3.09,377.4,2366.32,-2.3,1.45, , 
,2367.60,864,84.0,-2.3,11111111,2367.00,864,26.7,3.09,397.8,2367.31,-2.3,1.45, , 
,2368.47,896,84.0,-2.3,11111111,2367.89,896,26.7,3.09,377.4,2368.19,-2.3,1.45, , 
,2369.38,864,84.0,-2.0,11111111,2368.77,896,26.7,3.09,377.4,2369.08,-2.0,1.48, , 
,2370.30,800,84.0,-2.7,11111111,2369.70,768,25.1,3.09,377.4,2370.00,-2.3,1.41, , 
,2371.16,768,84.0,-4.3,11111111,2370.59,800,28.2,3.09,418.2,2370.88,-3.9,1.37, , 
,2372.06,800,84.0,-3.9,11111111,2371.46,768,26.7,3.09,397.8,2371.77,-4.7,1.52, , 
,2372.96,768,84.0,-3.1,11111111,2372.36,800,28.2,3.09,397.8,2372.66,-3.1,1.52, , 
,2373.88,768,84.0,-2.7,11111111,2373.27,768,26.7,3.09,397.8,2373.56,-3.1,1.48, , 
,2374.76,768,84.0,-2.3,10101011,2374.17,768,26.7,3.09,397.8,2374.47,-2.7,1.52, , 
,2375.70,1536,84.0,0.0,10101011,2375.08,800,48.6,7.21,591.6,2375.40,0.0,1.33, , 
,2376.67,1376,84.0,0.0,11101011,2376.01,1344,69.4,11.33,775.2,2376.34,0.0,0.86, , 
,2377.71,2272,84.0,0.0,11101001,2377.03,1600,75.3,10.30,846.6,2377.38,0.0,1.25, , 
,2378.68,1120,84.0,0.0,11101011,2378.04,2048,0.0,0.00,357.0,2378.37,0.0,3.71, , 
,2379.76,1536,84.0,0.0,11101011,2379.05,1472,59.2,11.33,673.2,2379.42,0.0,0.55, , 
,2380.83,1920,84.0,0.0,11101011,2380.12,1632,76.9,11.33,867.0,2380.48,0.0,1.25, , 
,2381.82,2304,84.0,-7.4,11101001,2381.17,2048,81.2,11.33,907.8,2381.50,-6.3,1.41, , 
,2382.86,2656,84.0,0.0,11101001,2382.18,2464,78.4,9.27,846.6,2382.53,-14.1,1.29, , 
,2383.92,1472,84.0,0.0,11101011,2383.22,2240,0.0,0.00,316.2,2383.52,0.0,3.83, , 
,2384.98,1856,84.0,0.0,11101011,2384.27,1888,45.9,7.21,550.8,2384.64,0.0,1.37, , 
,2386.08,2048,84.0,-4.3,11101001,2385.34,1920,71.0,10.30,795.6,2385.71,-4.7,1.25, , 
,2387.09,2144,84.0,0.0,11101001,2386.42,2080,65.1,8.24,734.4,2386.77,0.0,1.56, , 
,2388.14,2208,84.0,2.0,11101001,2387.43,2176,41.2,5.15,499.8,2387.79,1.6,1.52, , 
,2389.13,2272,84.0,3.5,11101001,2388.46,2240,40.0,5.15,479.4,2388.80,2.7,1.52, , 
,2390.14,2304,84.0,3.9,11101001,2389.46,2272,35.3,4.12,438.6,2389.81,3.1,1.48, , 
,2391.16,2336,84.0,3.1,11101001,2390.46,2304,29.4,4.12,377.4,2390.81,3.1,1.48, , 
,2392.15,2336,84.0,0.4,11101001,2391.48,2336,28.2,3.09,357.0,2391.81,1.6,1.41, , 
,2393.10,1056,84.0,0.0,11111111,2392.51,2016,0.0,0.00,295.8,2392.80,0.0,3.59, , 
,2394.06,1056,82.5,0.0,11111111,2393.43,1120,28.2,4.12,377.4,2393.75,0.0,1.60, , 
,2395.05,896,82.5,0.0,11111111,2394.42,992,23.5,3.09,336.6,2394.74,0.0,0.78, , 
,2395.97,896,82.5,-0.8,11111111,2395.33,896,25.1,3.09,377.4,2395.65,-0.4,1.37, , 
,2396.90,896,82.5,-1.2,11111111,2396.27,896,26.7,3.09,377.4,2396.57,-1.2,1.48, , 
,2397.86,896,82.5,-0.8,11111111,2397.23,896,25.1,3.09,377.4,2397.55,-1.2,1.48, , 
,2398.78,896,82.5,-0.4,11111111,2398.16,864,25.1,3.09,377.4,2398.48,-0.4,1.52, , 
,2399.67,864,82.5,-0.4,11111111,2399.08,864,25.1,3.09,377.4,2399.37,-0.4,1.48, , 
,2400.55,864,82.5,-0.8,11111111,2399.95,864,26.7,3.09,377.4,2400.25,-0.8,1.45, , 
,2401.46,864,82.5,-0.8,11111111,2400.85,864,26.7,3.09,377.4,2401.15,-0.8,1.48, , 
,2402.34,896,82.5,-0.8,11111111,2401.76,864,26.7,3.09,397.8,2402.05,-0.8,1.45, , 
,2403.26,896,82.5,-2.0,11111111,2402.64,896,26.7,3.09,397.8,2402.93,-1.6,1.41, , 
,2404.21,800,82.5,-3.1,11111111,2403.59,896,26.7,3.09,397.8,2403.90,-2.7,1.41, , 
,2405.06,768,84.0,-3.5,11111111,2404.48,736,26.7,3.09,397.8,2404.76,-3.1,1.45, , 
,2405.98,768,84.0,-5.1,11111111,2405.38,832,28.2,3.09,418.2,2405.67,-4.3,1.37, , 
,2406.92,1536,84.0,0.0,11101011,2406.27,768,32.5,4.12,438.6,2406.59,0.0,1.60, , 
,2407.83,960,84.0,0.0,11101011,2407.24,1440,51.8,7.21,612.0,2407.55,0.0,1.33, , 
,2408.86,1664,84.0,0.0,11101011,2408.14,1184,60.4,8.24,714.0,2408.51,0.0,1.17, , 
,2409.83,1024,84.0,0.0,11101011,2409.21,1824,0.0,0.00,499.8,2409.51,0.0,3.16, , 
,2410.76,1120,84.0,0.0,11101011,2410.15,1056,44.3,7.21,550.8,2410.47,0.0,0.90, , 
,2411.74,1312,84.0,-3.5,11101011,2411.07,1184,57.6,8.24,693.6,2411.40,0.0,1.37, , 
,2412.79,1504,84.0,-5.1,11101011,2412.10,1376,59.2,8.24,693.6,2412.46,-6.3,1.33, , 
,2413.85,1632,84.0,0.0,11101011,2413.13,1536,45.9,5.15,571.2,2413.48,-1.2,1.60, , 
,2414.87,1664,84.0,0.0,11111111,2414.19,1664,41.2,5.15,499.8,2414.53,2.3,1.60, , 
,2415.94,1568,84.0,2.0,11111111,2415.20,1632,23.5,3.09,336.6,2415.55,3.1,1.56, , 
,2416.88,1440,84.0,1.6,11111111,2416.28,1536,23.5,3.09,336.6,2416.60,2.7,1.48, , 
,2417.88,1024,84.0,0.8,11101011,2417.21,1440,23.5,3.09,336.6,2417.55,0.4,1.41, , 
,2418.96,1440,84.0,-0.8,11101011,2418.25,1088,34.1,5.15,438.6,2418.61,0.0,1.17, , 
,2419.98,1600,85.5,0.0,11101011,2419.25,1440,53.3,8.24,632.4,2419.61,0.0,1.21, , 
,2421.05,1920,84.0,0.0,11101011,2420.34,1728,62.0,8.24,714.0,2420.70,-2.3,1.37, , 
,2422.06,2176,84.0,-7.0,11101001,2421.39,1984,63.5,8.24,714.0,2421.73,-3.1,1.45, , 
,2423.10,2496,84.0,-10.9,11101001,2422.40,2304,67.8,8.24,754.8,2422.76,-9.4,1.41, , 
,2424.11,2752,85.5,-8.2,11101001,2423.42,2592,66.3,8.24,734.4,2423.76,-9.4,1.52, , 
,2425.07,1440,84.0,0.0,11111111,2424.44,2400,0.0,0.00,316.2,2424.77,0.0,3.83, , 
,2426.07,1824,84.0,0.0,11101011,2425.38,1376,28.2,4.12,377.4,2425.72,0.0,1.29, , 
,2427.18,1824,84.0,0.0,11101011,2426.43,1824,29.4,3.09,397.8,2426.80,0.4,1.52, , 
,2428.26,1920,84.0,3.1,11101011,2427.56,1856,48.6,6.18,591.6,2427.91,2.7,1.56, , 
,2429.34,1984,84.0,5.5,11101011,2428.63,1952,50.2,6.18,591.6,2428.98,5.1,1.52, , 
,2430.41,2048,84.0,4.7,11101001,2429.71,2016,45.9,6.18,550.8,2430.06,5.5,1.45, , 
,2431.46,2112,84.0,4.3,11101001,2430.77,2080,44.3,6.18,520.2,2431.11,4.3,1.48, , 
,2432.49,2112,84.0,-2.0,11101001,2431.80,2112,28.2,3.09,377.4,2432.15,0.0,1.56, , 
,2433.53,2080,84.0,0.0,11111101,2432.82,2144,16.1,2.06,244.8,2433.18,-3.1,1.45, , 
,2434.54,1984,84.0,0.0,11111101,2433.88,2048,0.0,0.00,244.8,2434.19,0.0,3.71, , 
,2435.61,1920,85.5,0.0,11111111,2434.90,1952,0.0,0.00,275.4,2435.27,0.0,3.95, , 
,2436.71,1824,84.0,0.0,11111111,2435.98,1888,0.0,0.00,295.8,2436.34,0.0,3.91, , 
,2437.69,1760,84.0,0.0,11111111,2437.01,1792,0.0,0.00,316.2,2437.35,0.0,3.95, , 
,2438.73,1664,84.0,0.0,11111111,2438.04,1728,0.0,0.00,316.2,2438.39,0.0,3.91, , 
,2439.77,1600,84.0,0.0,11111111,2439.07,1632,0.0,0.00,336.6,2439.43,0.0,3.91, , 
,2440.75,1536,84.0,0.0,11111111,2440.08,1568,0.0,0.00,336.6,2440.44,0.0,3.91, , 
,2441.74,1184,84.0,0.0,11111111,2441.07,1504,0.0,0.00,336.6,2441.40,0.0,3.91, , 
,2442.61,1024,84.0,0.0,11111111,2442.03,960,28.2,4.12,397.8,2442.32,0.0,2.27, , 
,2443.55,896,84.0,0.0,11111111,2442.93,960,25.1,4.12,357.0,2443.25,0.0,0.55, , 
,2444.53,1024,84.0,-1.2,11111111,2443.87,896,25.1,3.09,377.4,2444.22,-0.8,1.29, , 
,2445.64,1504,84.0,2.7,11101011,2444.90,1248,20.8,2.06,316.2,2445.28,0.4,1.56, , 
,2446.84,1472,84.0,-3.1,11101011,2446.01,1440,34.1,5.15,438.6,2446.39,-3.9,1.25, , 
,2447.91,1632,84.0,1.6,11101011,2447.21,1536,40.0,5.15,499.8,2447.55,0.4,1.60, , 
,2448.99,1856,84.0,4.3,11101011,2448.24,1696,48.6,6.18,591.6,2448.62,3.5,1.56, , 
,2450.02,2080,84.0,0.0,11101001,2449.35,1920,53.3,7.21,612.0,2449.69,3.5,1.33, , 
,2451.05,2368,84.0,-3.1,11101001,2450.36,2176,63.5,8.24,714.0,2450.68,-2.7,1.41, , 
,2452.07,2624,84.0,-0.8,11101001,2451.39,2464,57.6,7.21,652.8,2451.73,-2.7,1.52, , 
,2453.12,2208,84.0,0.0,11111101,2452.41,2688,53.3,7.21,612.0,2452.77,0.0,1.56, , 
,2454.07,1216,84.0,0.0,11101011,2453.44,1696,0.0,0.00,295.8,2453.75,0.0,3.87, , 
,2455.18,1856,84.0,0.0,11101011,2454.47,1664,22.0,3.09,316.2,2454.82,0.0,0.90, , 
,2456.28,1856,84.0,0.0,11101011,2455.55,1856,28.2,3.09,377.4,2455.91,0.4,1.52, , 
,2457.35,1888,84.0,0.0,11101011,2456.66,1856,41.2,5.15,499.8,2457.02,0.8,1.56, , 
,2458.41,1888,84.0,-5.1,11101011,2457.72,1888,19.2,2.06,295.8,2458.05,-1.6,1.41, , 
,2459.51,1856,84.0,-5.5,11101011,2458.77,1888,22.0,2.06,316.2,2459.14,-5.1,1.41, , 
,2460.65,1856,84.0,-6.3,11101011,2459.90,1888,23.5,2.06,336.6,2460.28,-5.9,1.48, , 
,2461.74,1856,84.0,-8.6,11101011,2461.02,1856,22.0,2.06,316.2,2461.37,-8.2,1.45, , 
,2462.86,1888,84.0,-3.9,11101011,2462.11,1856,26.7,3.09,357.0,2462.49,-4.7,1.64, , 
,2463.96,1888,84.0,3.9,11101011,2463.24,1888,34.1,4.12,438.6,2463.60,2.7,1.60, , 
,2465.05,1952,84.0,7.0,11101011,2464.31,1920,35.3,4.12,438.6,2464.68,5.9,1.52, , 
,2466.15,1952,84.0,2.7,11101011,2465.42,1952,31.0,4.12,397.8,2465.78,5.1,1.37, , 
,2467.25,1920,84.0,2.0,11101011,2466.51,1952,23.5,3.09,336.6,2466.88,2.7,1.41, , 
,2468.33,1984,84.0,3.1,11101001,2467.62,1952,36.9,4.12,459.0,2467.99,2.0,1.48, , 
,2469.40,1984,84.0,0.0,11111111,2468.68,1984,47.1,6.18,571.2,2469.04,0.0,1.52, , 
,2470.51,1952,84.0,0.0,11111111,2469.76,1952,17.6,2.06,275.4,2470.14,1.6,1.48, , 
,2471.57,1824,84.0,0.0,11111111,2470.87,1888,0.0,0.00,275.4,2471.24,0.0,3.79, , 
,2472.60,1760,84.0,0.0,11101011,2471.90,1792,0.0,0.00,316.2,2472.23,0.0,3.95, , 
,2473.71,1760,84.0,1.6,11101011,2472.97,1792,25.1,3.09,336.6,2473.34,0.0,1.09, , 
,2474.82,1760,84.0,4.3,11101011,2474.10,1760,29.4,3.09,397.8,2474.47,3.1,1.56, , 
,2475.88,1760,84.0,5.1,11101011,2475.19,1760,31.0,4.12,418.2,2475.54,5.5,1.52, , 
,2476.94,1792,84.0,3.9,11101011,2476.20,1792,29.4,4.12,397.8,2476.56,4.3,1.41, , 
,2478.01,1792,84.0,2.7,11101011,2477.30,1792,29.4,4.12,397.8,2477.66,3.5,1.45, , 
,2479.15,1824,85.5,2.0,11101011,2478.39,1792,32.5,4.12,418.2,2478.78,1.6,1.48, , 
,2480.27,1856,84.0,1.2,11101011,2479.54,1856,40.0,5.15,479.4,2479.92,1.2,1.48, , 
,2481.39,1920,84.0,1.6,11101011,2480.64,1888,40.0,5.15,479.4,2481.01,1.2,1.52, , 
,2482.50,1952,84.0,2.3,11101011,2481.77,1920,40.0,5.15,499.8,2482.14,1.6,1.48, , 
,2483.60,1984,84.0,2.0,11101001,2482.87,1984,38.4,5.15,459.0,2483.23,2.0,1.48, , 
,2484.64,2016,84.0,2.7,11101001,2483.94,1984,36.9,5.15,459.0,2484.28,3.1,1.48, , 
,2485.68,2048,84.0,3.1,11101001,2484.99,2016,36.9,4.12,459.0,2485.33,3.9,1.45, , 
,2486.75,2080,84.0,3.5,11101001,2486.03,2048,35.3,4.12,438.6,2486.39,3.5,1.52, , 
,2487.79,2112,84.0,3.1,11101001,2487.10,2080,36.9,5.15,459.0,2487.45,3.1,1.45, , 
,2488.82,2112,84.0,2.7,11101001,2488.14,2112,36.9,5.15,459.0,2488.49,2.7,1.48, , 
,2489.87,2144,84.0,3.5,11101001,2489.18,2144,35.3,4.12,438.6,2489.54,3.9,1.45, , 
,2490.90,2176,84.0,3.5,11101001,2490.22,2144,35.3,4.12,438.6,2490.57,3.1,1.52, , 
,2491.92,2176,84.0,3.1,11101001,2491.24,2176,35.3,4.12,438.6,2491.58,3.5,1.48, , 
,2492.92,2208,84.0,4.3,11101001,2492.25,2208,34.1,4.12,418.2,2492.59,4.3,1.45, , 
,2493.96,2240,84.0,5.5,11101001,2493.25,2208,34.1,4.12,418.2,2493.60,4.3,1.48, , 
,2494.99,2240,84.0,7.4,11101001,2494.30,2240,34.1,4.12,418.2,2494.65,7.0,1.48, , 
,2496.00,2272,84.0,8.2,11101001,2495.31,2240,34.1,4.12,418.2,2495.67,7.4,1.52, , 
,2497.04,2272,84.0,7.0,11101001,2496.34,2272,32.5,4.12,397.8,2496.68,7.0,1.41, , 
,2498.04,2304,84.0,6.6,11101001,2497.38,2272,32.5,4.12,397.8,2497.71,7.0,1.48, , 
,2499.01,2240,84.0,-3.9,11111101,2498.38,2272,23.5,3.09,336.6,2498.69,1.6,1.21, , 
,2500.01,2176,84.0,0.0,11111101,2499.33,2272,17.6,2.06,244.8,2499.65,0.0,1.29, , 
,2501.09,1696,84.0,0.0,11111111,2500.38,2048,0.0,0.00,275.4,2500.71,0.0,3.95, , 
,2502.06,1024,84.0,0.0,11111111,2501.43,1088,23.5,4.12,357.0,2501.74,0.0,3.52, , 
,2503.03,928,84.0,0.0,11111111,2502.39,960,25.1,4.12,357.0,2502.71,0.0,0.66, , 
,2503.95,896,84.0,-2.0,11111111,2503.36,960,25.1,3.09,357.0,2503.65,0.0,1.09, , 
,2504.92,1600,84.0,-0.8,11101011,2504.25,864,26.7,3.09,377.4,2504.55,-0.4,1.56, , 
,2506.03,1760,84.0,-3.5,11101011,2505.29,1856,19.2,2.06,295.8,2505.66,0.4,1.56, , 
,2507.16,1760,84.0,-4.7,11101011,2506.40,1792,19.2,2.06,295.8,2506.79,-2.7,1.52, , 
,2508.22,1760,84.0,-3.5,11111111,2507.53,1792,20.8,2.06,316.2,2507.86,-4.7,1.45, , 
,2509.29,1664,84.0,-0.4,11111111,2508.58,1760,22.0,2.06,316.2,2508.92,-2.0,1.56, , 
,2510.34,1632,84.0,5.5,11101011,2509.64,1632,23.5,3.09,336.6,2509.99,4.3,1.64, , 
,2511.37,1504,84.0,7.0,11101011,2510.68,1600,28.2,3.09,377.4,2511.02,8.2,1.48, , 
,2512.43,1536,84.0,4.3,11101011,2511.74,1568,29.4,4.12,397.8,2512.08,4.7,1.37, , 
,2513.55,1600,84.0,5.5,10101011,2512.79,1568,35.3,4.12,459.0,2513.15,5.5,1.48, , 
,2514.67,1632,84.0,6.3,10101011,2513.92,1600,35.3,4.12,438.6,2514.29,5.9,1.52, , 
,2515.74,1632,84.0,6.6,10101011,2515.00,1632,35.3,4.12,438.6,2515.37,6.6,1.48, , 
,2516.82,1760,84.0,6.3,10101011,2516.10,1664,42.7,5.15,499.8,2516.45,6.6,1.41, , 
,2517.92,1920,85.5,8.2,11101011,2517.20,1792,47.1,6.18,571.2,2517.57,7.8,1.48, , 
,2518.95,2176,84.0,-3.9,11101001,2518.27,2016,54.5,8.24,632.4,2518.61,0.0,1.29, , 
,2519.96,2432,85.5,-4.3,11101001,2519.28,2240,66.3,8.24,734.4,2519.60,-1.2,1.45, , 
,2520.96,2752,84.0,0.0,11101001,2520.29,2560,73.7,9.27,795.6,2520.63,-2.0,1.33, , 
,2521.95,1536,85.5,0.0,11111111,2521.29,2496,0.0,0.00,336.6,2521.63,0.0,3.83, , 
,2522.92,1824,84.0,0.0,11101011,2522.23,1344,26.7,4.12,377.4,2522.57,0.0,1.80, , 
,2524.04,1824,84.0,15.2,11101011,2523.30,1792,40.0,4.12,479.4,2523.65,7.4,1.68, , 
,2525.19,1888,84.0,23.4,11101011,2524.43,1856,47.1,6.18,571.2,2524.81,20.7,1.60, , 
,2526.27,1952,84.0,28.5,11101011,2525.55,1888,42.7,6.18,520.2,2525.90,27.7,1.56, , 
,2527.34,1984,84.0,0.0,11101011,2526.62,1952,47.1,6.18,571.2,2526.98,28.5,1.37, , 
,2528.42,1952,84.0,0.0,11101011,2527.70,1984,22.0,2.06,316.2,2528.06,6.3,1.68, , 
,2529.50,1984,84.0,9.8,11101001,2528.78,1952,51.8,5.15,591.6,2529.14,0.0,1.88, , 
,2530.58,2080,84.0,20.7,11101001,2529.85,2048,50.2,6.18,591.6,2530.22,17.6,1.68, , 
,2531.62,2144,84.0,25.8,11101001,2530.92,2080,50.2,6.18,591.6,2531.26,25.0,1.56, , 
,2532.64,2240,84.0,29.7,11101001,2531.96,2176,50.2,7.21,591.6,2532.29,28.1,1.45, , 
,2533.64,2272,85.5,21.5,11101001,2532.96,2208,57.6,8.24,652.8,2533.29,22.7,1.25, , 
,2534.64,2336,84.0,23.0,11101001,2533.98,2304,51.8,6.18,591.6,2534.31,21.9,1.56, , 
,2535.72,2400,84.0,26.2,11101001,2534.99,2336,48.6,6.18,571.2,2535.36,25.0,1.56, , 
,2536.77,2528,84.0,12.5,11101001,2536.06,2464,59.2,8.24,652.8,2536.41,17.2,1.17, , 
,2537.77,2656,85.5,3.5,11101001,2537.11,2560,71.0,8.24,775.2,2537.43,4.3,1.37, , 
,2538.79,2752,85.5,0.0,11101001,2538.11,2688,69.4,8.24,754.8,2538.45,3.9,1.64, , 
,2539.80,1408,85.5,0.0,11111111,2539.13,2432,0.0,0.00,316.2,2539.48,0.0,3.87, , 
,2540.83,2016,85.5,0.0,11101001,2540.13,1152,23.5,3.09,336.6,2540.47,0.0,2.97, , 
,2541.91,1984,85.5,0.0,11101011,2541.19,2016,16.1,2.06,244.8,2541.54,0.0,1.56, , 
,2543.00,1952,85.5,2.3,11101011,2542.28,1952,16.1,2.06,244.8,2542.64,2.0,1.56, , 
,2544.05,1920,85.5,8.2,11111111,2543.35,1952,16.1,2.06,244.8,2543.70,7.4,1.52, , 
,2545.12,1888,85.5,0.0,11111111,2544.40,1888,19.2,2.06,275.4,2544.76,0.0,1.60, , 
,2546.20,1856,85.5,0.0,11101011,2545.49,1856,17.6,2.06,275.4,2545.84,0.0,1.56, , 
,2547.26,1856,85.5,12.9,11101011,2546.57,1888,22.0,2.06,316.2,2546.89,7.4,1.56, , 
,2548.39,1856,85.5,24.2,11101011,2547.65,1856,29.4,3.09,377.4,2548.02,21.1,1.48, , 
,2549.49,1888,85.5,34.0,11101011,2548.76,1856,45.9,6.18,550.8,2549.12,30.9,1.52, , 
,2550.57,1920,85.5,32.4,11101011,2549.85,1888,56.1,7.21,652.8,2550.21,33.2,1.48, , 
,2551.62,1920,85.5,0.0,11101011,2550.92,1920,54.5,7.21,652.8,2551.27,0.0,1.88, , 
,2552.71,1888,85.5,18.0,11101011,2551.98,1888,29.4,3.09,397.8,2552.35,15.6,1.91, , 
,2553.82,1888,85.5,30.5,11101011,2553.06,1888,32.5,4.12,418.2,2553.44,25.4,1.68, , 
,2554.93,1888,85.5,34.8,11101011,2554.18,1888,44.3,5.15,520.2,2554.56,34.4,1.52, , 
,2556.03,1760,85.5,0.0,11111111,2555.31,1888,41.2,5.15,499.8,2555.68,34.0,1.48, , 
,2556.97,1120,85.5,0.0,11111111,2556.34,1312,0.0,0.00,357.0,2556.65,0.0,3.63, , 
,2557.90,960,85.5,0.0,11111111,2557.28,1120,25.1,3.09,357.0,2557.59,0.0,1.52, , 
,2558.79,864,85.5,0.0,11111111,2558.19,896,23.5,3.09,357.0,2558.49,0.0,1.52, , 
,2559.74,896,85.5,8.6,11111111,2559.10,864,26.7,3.09,397.8,2559.42,4.3,1.64, , 
,2560.67,928,85.5,17.2,11111111,2560.06,896,26.7,3.09,397.8,2560.38,15.2,1.52, , 
,2561.62,896,85.5,18.8,11111111,2560.99,928,26.7,3.09,377.4,2561.29,18.8,1.13, , 
,2562.54,896,85.5,17.2,11111111,2561.92,896,25.1,3.09,377.4,2562.23,18.0,1.33, , 
,2563.50,896,85.5,14.8,11111111,2562.85,896,25.1,3.09,377.4,2563.18,15.6,1.33, , 
,2564.40,864,85.5,12.5,11111111,2563.82,896,25.1,3.09,377.4,2564.11,12.9,1.37, , 
,2565.33,896,85.5,3.9,11111111,2564.71,864,25.1,3.09,377.4,2565.01,11.3,1.41, , 
,2566.30,1440,85.5,1.6,11101011,2565.66,928,25.1,3.09,377.4,2565.96,2.3,1.41, , 
,2567.40,1440,85.5,-0.8,11101011,2566.65,1504,25.1,3.09,357.0,2566.98,-0.4,1.37, , 
,2568.55,1568,85.5,0.0,11101011,2567.79,1472,38.4,5.15,479.4,2568.17,-1.6,1.52, , 
,2569.55,1696,85.5,4.3,11101011,2568.89,1600,40.0,5.15,499.8,2569.22,2.7,1.60, , 
,2570.69,1888,85.5,7.4,11101011,2569.92,1760,42.7,5.15,520.2,2570.31,5.9,1.52, , 
,2571.71,2048,85.5,9.4,11101001,2571.04,1952,45.9,6.18,550.8,2571.38,8.2,1.45, , 
,2572.71,2272,85.5,3.1,11101001,2572.03,2112,56.1,8.24,632.4,2572.38,5.1,1.25, , 
,2573.74,2496,85.5,2.0,11101001,2573.06,2368,56.1,7.21,632.4,2573.41,2.0,1.48, , 
,2574.77,2688,85.5,4.7,11101001,2574.06,2560,51.8,7.21,591.6,2574.40,3.5,1.56, , 
,2575.74,1280,85.5,0.0,11111111,2575.11,2304,0.0,0.00,316.2,2575.44,0.0,3.87, , 
,2576.62,1024,85.5,0.0,11111111,2576.05,1024,25.1,4.12,357.0,2576.35,0.0,2.66, , 
,2577.52,928,85.5,0.0,11111111,2576.91,960,23.5,3.09,357.0,2577.21,0.0,0.55, , 
,2578.42,896,84.0,-0.8,11111111,2577.81,928,25.1,3.09,377.4,2578.13,0.0,1.09, , 
,2579.35,896,84.0,-1.6,11111111,2578.72,864,25.1,3.09,377.4,2579.04,-2.0,1.45, , 
,2580.27,896,84.0,0.4,11111111,2579.63,864,25.1,3.09,377.4,2579.96,-0.4,1.56, , 
,2581.20,896,84.0,1.2,11111111,2580.56,896,26.7,3.09,377.4,2580.89,1.2,1.48, , 
,2582.12,896,84.0,1.2,11111111,2581.52,896,26.7,3.09,377.4,2581.82,1.2,1.45, , 
,2583.06,864,84.0,0.4,11111111,2582.45,896,25.1,3.09,377.4,2582.77,0.8,1.41, , 
,2584.00,864,84.0,-0.4,11111111,2583.38,896,26.7,3.09,377.4,2583.69,0.0,1.41, , 
,2584.91,864,84.0,-1.2,11111111,2584.30,864,26.7,3.09,377.4,2584.62,-0.8,1.41, , 
,2585.83,896,84.0,-2.0,11111111,2585.22,864,26.7,3.09,377.4,2585.54,-2.0,1.41, , 
,2586.76,736,84.0,-2.3,11111111,2586.15,832,25.1,3.09,377.4,2586.47,-2.3,1.45, , 
,2587.68,800,84.0,-2.7,11111111,2587.07,800,29.4,3.09,418.2,2587.37,-2.3,1.48, , 
,2588.58,800,84.0,-3.5,11111111,2587.97,768,28.2,3.09,418.2,2588.26,-3.1,1.45, , 
,2589.48,800,84.0,-2.7,11111111,2588.88,768,28.2,3.09,418.2,2589.18,-2.7,1.52, , 
,2590.43,800,84.0,-2.0,11111111,2589.79,800,28.2,3.09,397.8,2590.10,-2.0,1.52, , 
,2591.31,800,84.0,-2.0,11111111,2590.74,800,28.2,3.09,397.8,2591.02,-2.0,1.48, , 
,2592.23,800,84.0,-1.6,11111111,2591.62,768,28.2,3.09,397.8,2591.92,-2.0,1.52, , 
,2593.20,960,84.0,0.0,11101011,2592.55,800,28.2,3.09,397.8,2592.84,-0.8,1.52, , 
,2594.30,1312,84.0,0.0,11101011,2593.56,1760,47.1,6.18,571.2,2593.94,1.2,1.56, , 
,2595.25,1632,85.5,0.0,11101011,2594.60,1152,57.6,8.24,693.6,2594.90,0.0,1.25, , 
,2596.26,1088,85.5,0.0,11111111,2595.63,1888,0.0,0.00,591.6,2595.94,0.0,3.28, , 
,2597.23,1184,85.5,0.0,11101011,2596.59,1152,26.7,4.12,377.4,2596.91,0.0,1.21, , 
,2598.27,1312,85.5,-4.7,11101011,2597.58,1216,31.0,4.12,418.2,2597.93,0.0,1.25, , 
,2599.31,1440,85.5,-5.5,11101011,2598.64,1344,31.0,4.12,418.2,2599.00,-5.5,1.41, , 
,2600.34,1568,85.5,-2.0,11101011,2599.58,1472,35.3,4.12,459.0,2599.97,-5.5,1.52, , 
,2601.42,1664,85.5,2.7,11101011,2600.70,1600,38.4,5.15,479.4,2601.06,0.4,1.60, , 
,2602.48,1536,85.5,0.0,11111111,2601.77,1696,35.3,4.12,459.0,2602.11,5.5,1.56, , 
,2603.40,1152,85.5,0.0,11111111,2602.78,1056,25.1,4.12,357.0,2603.10,0.0,2.93, , 
,2604.39,896,85.5,0.0,11111111,2603.72,1088,23.5,3.09,357.0,2604.06,0.0,0.74, , 
,2605.28,864,85.5,0.0,11111111,2604.68,832,25.1,3.09,377.4,2604.99,0.0,1.33, , 
,2606.18,864,85.5,-2.3,11111111,2605.57,864,26.7,3.09,377.4,2605.88,-2.0,1.33, , 
,2607.05,896,85.5,-1.2,11111111,2606.48,864,26.7,3.09,397.8,2606.77,-1.6,1.52, , 
,2607.97,896,85.5,0.0,11111111,2607.36,864,26.7,3.09,397.8,2607.67,-0.4,1.52, , 
,2608.89,896,85.5,-0.4,11111111,2608.27,896,26.7,3.09,397.8,2608.58,-0.4,1.45, , 
,2609.85,864,85.5,-0.8,11111111,2609.21,896,26.7,3.09,397.8,2609.51,-0.4,1.45, , 
,2610.74,832,85.5,-3.1,11101011,2610.14,864,26.7,3.09,377.4,2610.45,-2.0,1.41, , 
,2611.61,960,85.5,0.0,11101011,2611.03,736,54.5,8.24,652.8,2611.35,0.0,1.52, , 
,2612.54,1024,85.5,0.0,11101011,2611.94,928,67.8,10.30,795.6,2612.22,0.0,1.29, , 
,2613.50,1152,85.5,2.0,11101011,2612.86,1088,48.6,6.18,612.0,2613.18,0.8,1.52, , 
,2614.43,1184,85.5,-2.3,11111111,2613.82,1184,29.4,3.09,397.8,2614.12,0.0,1.41, , 
,2615.41,1120,85.5,-2.7,11111111,2614.76,1152,23.5,3.09,336.6,2615.09,-2.3,1.45, , 
,2616.34,1056,85.5,-2.0,10101011,2615.71,1120,23.5,3.09,357.0,2616.02,-2.7,1.48, , 
,2617.32,1120,85.5,0.4,10101011,2616.69,1088,34.1,4.12,438.6,2617.02,0.4,1.60, , 
,2618.27,1184,85.5,0.0,10101011,2617.64,1152,38.4,5.15,479.4,2617.96,1.6,1.52, , 
,2619.21,1216,85.5,-3.1,10101011,2618.59,1184,32.5,4.12,438.6,2618.91,-2.3,1.37, , 
,2620.18,1280,85.5,-5.9,10111111,2619.53,1216,28.2,3.09,377.4,2619.86,-5.1,1.37, , 
,2621.18,1056,85.5,-2.7,10111111,2620.52,1248,23.5,3.09,336.6,2620.85,-3.1,1.56, , 
,2622.08,896,85.5,-2.7,10111111,2621.48,928,23.5,3.09,357.0,2621.78,-3.1,1.56, , 
,2623.00,896,85.5,-2.3,10111111,2622.38,896,26.7,3.09,397.8,2622.68,-2.3,1.52, , 
,2623.90,896,85.5,-2.0,10111111,2623.30,896,28.2,3.09,397.8,2623.60,-2.0,1.48, , 
,2624.85,896,85.5,-2.3,10111111,2624.23,896,28.2,3.09,397.8,2624.55,-2.3,1.52, , 
,2625.76,896,85.5,-2.0,10111111,2625.15,896,28.2,3.09,397.8,2625.45,-2.0,1.52, , 
,2626.71,896,85.5,-2.3,10111111,2626.08,896,26.7,3.09,397.8,2626.39,-2.0,1.48, , 
,2627.64,736,85.5,-2.7,10111111,2627.01,864,25.1,3.09,377.4,2627.35,-2.7,1.45, , 
,2628.54,800,85.5,-3.9,10111111,2627.93,800,28.2,3.09,418.2,2628.23,-3.5,1.45, , 
,2629.41,768,85.5,-3.9,10111111,2628.82,768,28.2,3.09,418.2,2629.11,-3.9,1.52, , 
,2630.30,800,85.5,-3.1,10111111,2629.69,768,28.2,3.09,418.2,2630.00,-3.1,1.52, , 
,2631.17,800,85.5,-3.1,10111111,2630.59,768,28.2,3.09,418.2,2630.88,-3.1,1.48, , 
,2632.05,768,85.5,-3.1,10111111,2631.46,768,26.7,3.09,397.8,2631.75,-3.5,1.52, , 
,2632.95,800,85.5,-2.0,10111111,2632.34,768,26.7,3.09,397.8,2632.64,-2.3,1.56, , 
,2633.89,992,87.0,0.0,10101011,2633.26,800,26.7,3.09,397.8,2633.57,-0.4,1.56, , 
,2634.88,896,87.0,0.0,10111111,2634.26,1408,35.3,4.12,459.0,2634.60,0.0,1.45, , 
,2635.84,960,85.5,0.0,10111111,2635.23,960,28.2,3.09,397.8,2635.53,0.0,1.56, , 
,2636.70,768,85.5,0.0,10111111,2636.11,800,20.8,2.06,336.6,2636.40,0.0,1.17, , 
,2637.62,768,85.5,0.0,10111111,2637.01,832,26.7,3.09,397.8,2637.32,0.0,1.17, , 
,2638.50,768,87.0,-1.6,10111111,2637.91,768,25.1,3.09,397.8,2638.19,-1.2,1.37, , 
,2639.38,768,87.0,-0.4,10111111,2638.80,768,26.7,3.09,397.8,2639.09,-0.8,1.52, , 
,2640.28,800,87.0,0.8,10111111,2639.67,768,26.7,3.09,397.8,2639.98,0.4,1.56, , 
,2641.17,800,87.0,2.0,10111111,2640.58,768,25.1,3.09,397.8,2640.86,1.6,1.52, , 
,2642.06,800,85.5,2.0,10111111,2641.47,800,25.1,3.09,397.8,2641.77,2.0,1.48, , 
