Ver. 4 7 real time data, œroda, 26 sierpieñ 2026 16:13:24
TEMPO	GIRI	LAMBDA	GAS	BENZ	PRESS	MAP	T.RID	T.GAS	LIV	SLOW	FAST	OX	MARKER	AUTOMARKER	ECUMARKER
281	800	0.080000	5.480000	4.470000	1.070000	0.000000	76.000000	36.000000	57	0.000000	0.000000	0.000000	0	0	0	
516	801	0.080000	5.430000	4.450000	1.080000	0.000000	76.000000	36.000000	57	0.000000	0.000000	0.000000	0	0	0	
719	801	0.080000	5.450000	4.470000	1.080000	0.000000	76.000000	36.000000	55	0.000000	0.000000	0.000000	0	0	0	
922	799	0.080000	5.510000	4.500000	1.070000	0.000000	76.000000	36.000000	56	0.000000	0.000000	0.000000	0	0	0	
1125	807	0.080000	5.380000	4.430000	1.080000	0.000000	76.000000	36.000000	54	0.000000	0.000000	0.000000	0	0	0	
1344	805	0.080000	5.430000	4.460000	1.070000	0.000000	76.000000	36.000000	56	0.000000	0.000000	0.000000	0	0	0	
1547	800	0.080000	5.260000	4.380000	1.080000	0.000000	76.000000	36.000000	56	0.000000	0.000000	0.000000	0	0	0	
1750	791	0.080000	5.450000	4.470000	1.070000	0.000000	76.000000	36.000000	56	0.000000	0.000000	0.000000	0	0	0	
1969	799	0.080000	5.330000	4.410000	1.070000	0.000000	76.000000	36.000000	56	0.000000	0.000000	0.000000	0	0	0	
2172	786	0.080000	5.530000	4.530000	1.070000	0.000000	76.000000	36.000000	56	0.000000	0.000000	0.000000	0	0	0	
2375	797	0.080000	5.510000	4.510000	1.080000	0.000000	76.000000	36.000000	56	0.000000	0.000000	0.000000	0	0	0	
2578	807	0.080000	5.480000	4.480000	1.080000	0.000000	76.000000	36.000000	56	0.000000	0.000000	0.000000	0	0	0	
2812	807	0.080000	5.480000	4.470000	1.080000	0.000000	76.000000	36.000000	56	0.000000	0.000000	0.000000	0	0	0	
3031	793	0.080000	5.280000	4.390000	1.070000	0.000000	76.000000	36.000000	56	0.000000	0.000000	0.000000	0	0	0	
3250	794	0.080000	5.510000	4.540000	1.090000	0.000000	76.000000	36.000000	56	0.000000	0.000000	0.000000	0	0	0	
3484	816	0.080000	5.360000	4.450000	1.070000	0.000000	76.000000	36.000000	173	0.000000	0.000000	0.000000	0	0	0	
3719	812	0.080000	5.420000	4.450000	1.070000	0.000000	76.000000	36.000000	54	0.000000	0.000000	0.000000	0	0	0	
3953	785	0.080000	5.170000	4.320000	1.060000	0.000000	76.000000	36.000000	56	0.000000	0.000000	0.000000	0	0	0	
4187	770	0.080000	5.520000	4.500000	1.070000	0.000000	76.000000	36.000000	56	0.000000	0.000000	0.000000	0	0	0	
4406	778	0.080000	5.400000	4.440000	1.070000	0.000000	76.000000	36.000000	55	0.000000	0.000000	0.000000	0	0	0	
4703	798	0.080000	5.670000	4.770000	1.100000	0.000000	76.000000	36.000000	55	0.000000	0.000000	0.000000	0	0	0	
4937	898	0.080000	5.990000	5.080000	1.110000	0.000000	76.000000	36.000000	56	0.000000	0.000000	0.000000	0	0	0	
5156	1034	0.080000	6.120000	5.230000	1.090000	0.000000	76.000000	36.000000	56	0.000000	0.000000	0.000000	0	0	0	
5375	1217	0.080000	6.220000	5.180000	1.080000	0.000000	76.000000	36.000000	55	0.000000	0.000000	0.000000	0	0	0	
5609	1312	0.080000	6.010000	4.820000	1.060000	0.000000	76.000000	36.000000	56	0.000000	0.000000	0.000000	0	0	0	
5828	1353	0.080000	5.730000	4.580000	1.060000	0.000000	76.000000	36.000000	56	0.000000	0.000000	0.000000	0	0	0	
6047	1347	0.080000	5.750000	4.560000	1.050000	0.000000	76.000000	36.000000	55	0.000000	0.000000	0.000000	0	0	0	
6281	1277	0.080000	5.710000	4.520000	1.050000	0.000000	76.000000	36.000000	57	0.000000	0.000000	0.000000	0	0	0	
6500	1197	0.080000	5.560000	4.470000	1.060000	0.000000	76.000000	36.000000	56	0.000000	0.000000	0.000000	0	0	0	
6719	1124	0.080000	5.750000	4.660000	1.070000	0.000000	76.000000	36.000000	55	0.000000	0.000000	0.000000	0	0	0	
6953	1065	0.080000	5.900000	4.870000	1.080000	0.000000	76.000000	36.000000	55	0.000000	0.000000	0.000000	0	0	0	
7172	1000	0.080000	6.130000	5.250000	1.110000	0.000000	76.000000	36.000000	56	0.000000	0.000000	0.000000	0	0	0	
7391	960	0.080000	6.620000	5.820000	1.130000	0.000000	76.000000	36.000000	55	0.000000	0.000000	0.000000	0	0	0	
7625	961	0.080000	6.970000	6.250000	1.130000	0.000000	76.000000	36.000000	54	0.000000	0.000000	0.000000	0	0	0	
7844	964	0.080000	7.130000	6.520000	1.150000	0.000000	76.000000	36.000000	53	0.000000	0.000000	0.000000	0	0	0	
8062	949	0.080000	7.190000	6.650000	1.160000	0.000000	76.000000	36.000000	55	0.000000	0.000000	0.000000	0	0	0	
8281	878	0.080000	7.320000	6.770000	1.170000	0.000000	76.000000	36.000000	54	0.000000	0.000000	0.000000	0	0	0	
8516	906	0.080000	7.660000	7.160000	1.170000	0.000000	76.000000	36.000000	57	0.000000	0.000000	0.000000	0	0	0	
8734	970	0.080000	7.580000	7.070000	1.160000	0.000000	76.000000	36.000000	56	0.000000	0.000000	0.000000	0	0	0	
8953	1033	0.080000	7.300000	6.690000	1.140000	0.000000	76.000000	36.000000	57	0.000000	0.000000	0.000000	0	0	0	
9266	1099	0.080000	7.190000	6.450000	1.130000	0.000000	76.000000	36.000000	55	0.000000	0.000000	0.000000	0	0	0	
9484	1141	0.080000	7.020000	6.180000	1.120000	0.000000	76.000000	36.000000	56	0.000000	0.000000	0.000000	0	0	0	
9703	1165	0.080000	6.910000	5.910000	1.100000	0.000000	76.000000	36.000000	55	0.000000	0.000000	0.000000	0	0	0	
9937	1216	0.080000	6.810000	5.710000	1.100000	0.000000	76.000000	36.000000	56	0.000000	0.000000	0.000000	0	0	0	
10156	1210	0.080000	6.310000	5.230000	1.080000	0.000000	76.000000	37.000000	55	0.000000	0.000000	0.000000	0	0	0	
10391	1227	0.080000	6.030000	4.880000	1.060000	0.000000	76.000000	37.000000	55	0.000000	0.000000	0.000000	0	0	0	
10625	1212	0.080000	5.750000	4.680000	1.060000	0.000000	76.000000	37.000000	55	0.000000	0.000000	0.000000	0	0	0	
10844	1206	0.080000	5.670000	4.590000	1.060000	0.000000	76.000000	37.000000	56	0.000000	0.000000	0.000000	0	0	0	
11062	1177	0.080000	5.730000	4.660000	1.070000	0.000000	76.000000	37.000000	56	0.000000	0.000000	0.000000	0	0	0	
11297	1198	0.080000	1.810000	0.900000	1.090000	0.000000	76.000000	37.000000	56	0.000000	0.000000	0.000000	0	0	0	
11516	1197	0.080000	7.850000	7.060000	1.150000	0.000000	76.000000	37.000000	56	0.000000	0.000000	0.000000	0	0	0	
11734	1255	0.080000	1.750000	1.000000	1.180000	0.000000	76.000000	37.000000	71	0.000000	0.000000	0.000000	0	0	0	
11969	1364	0.080000	10.220000	9.370000	1.200000	0.000000	76.000000	37.000000	72	0.000000	0.000000	0.000000	0	0	0	
12187	1454	0.080000	8.070000	7.010000	1.160000	0.000000	76.000000	37.000000	106	0.000000	0.000000	0.000000	0	0	0	
12406	1514	0.080000	7.450000	6.200000	1.130000	0.000000	76.000000	37.000000	106	0.000000	0.000000	0.000000	0	0	0	
12656	1594	0.080000	8.270000	6.990000	1.150000	0.000000	76.000000	37.000000	105	0.000000	0.000000	0.000000	0	0	0	
12891	1703	0.080000	1.860000	0.800000	1.190000	0.000000	76.000000	37.000000	106	0.000000	0.000000	0.000000	0	0	0	
13125	1790	0.080000	9.190000	8.200000	1.190000	0.000000	76.000000	37.000000	105	0.000000	0.000000	0.000000	0	0	0	
13375	1917	0.080000	10.260000	0.970000	1.200000	0.000000	76.000000	37.000000	156	0.000000	0.000000	0.000000	0	0	0	
13625	2085	0.080000	11.060000	9.550000	1.240000	0.000000	76.000000	37.000000	179	0.000000	0.000000	0.000000	0	0	0	
13937	1829	0.080000	0.000000	0.000000	1.190000	0.000000	76.000000	37.000000	254	0.000000	0.000000	0.000000	0	0	0	
14203	1459	0.080000	0.000000	0.000000	1.190000	0.000000	76.000000	37.000000	254	0.000000	0.000000	0.000000	0	0	0	
14422	1194	0.080000	7.840000	6.860000	1.190000	0.000000	76.000000	37.000000	106	0.000000	0.000000	0.000000	0	0	0	
14672	1159	0.080000	6.050000	5.150000	1.050000	0.000000	76.000000	37.000000	73	0.000000	0.000000	0.000000	0	0	0	
14922	1219	0.080000	6.300000	5.080000	1.040000	0.000000	77.000000	37.000000	71	0.000000	0.000000	0.000000	0	0	0	
15172	1180	0.080000	6.490000	5.400000	1.060000	0.000000	76.000000	37.000000	254	0.000000	0.000000	0.000000	0	0	0	
15437	1164	0.080000	5.880000	4.820000	1.050000	0.000000	77.000000	37.000000	254	0.000000	0.000000	0.000000	0	0	0	
15703	1144	0.080000	5.660000	4.580000	1.060000	0.000000	77.000000	37.000000	254	0.000000	0.000000	0.000000	0	0	0	
15937	1139	0.080000	5.630000	4.550000	1.050000	0.000000	77.000000	37.000000	254	0.000000	0.000000	0.000000	0	0	0	
16187	1160	0.080000	5.620000	4.500000	1.050000	0.000000	77.000000	37.000000	0	0.000000	0.000000	0.000000	0	0	0	
16453	1164	0.080000	5.640000	5.040000	1.070000	0.000000	77.000000	37.000000	0	0.000000	0.000000	0.000000	0	0	0	
16687	1160	0.080000	1.780000	0.890000	1.110000	0.000000	77.000000	37.000000	0	0.000000	0.000000	0.000000	0	0	0	
16937	1144	0.080000	7.370000	6.540000	1.140000	0.000000	77.000000	37.000000	16	0.000000	0.000000	0.000000	0	0	0	
17172	1146	0.080000	7.520000	6.710000	1.150000	0.000000	77.000000	37.000000	14	0.000000	0.000000	0.000000	0	0	0	
17406	1155	0.080000	7.820000	7.110000	1.160000	0.000000	77.000000	37.000000	13	0.000000	0.000000	0.000000	0	0	0	
17656	1173	0.080000	8.060000	7.380000	1.160000	0.000000	77.000000	37.000000	13	0.000000	0.000000	0.000000	0	0	0	
17891	1152	0.080000	7.650000	6.930000	1.150000	0.000000	77.000000	37.000000	55	0.000000	0.000000	0.000000	0	0	0	
18125	1156	0.080000	6.400000	5.470000	1.100000	0.000000	77.000000	37.000000	55	0.000000	0.000000	0.000000	0	0	0	
18375	1149	0.080000	6.240000	5.220000	1.080000	0.000000	77.000000	37.000000	55	0.000000	0.000000	0.000000	0	0	0	
18609	1137	0.080000	6.050000	4.990000	1.080000	0.000000	77.000000	37.000000	56	0.000000	0.000000	0.000000	0	0	0	
18922	1118	0.080000	6.000000	4.930000	1.080000	0.000000	77.000000	37.000000	59	0.000000	0.000000	0.000000	0	0	0	
19172	1090	0.080000	6.220000	5.190000	1.090000	0.000000	77.000000	37.000000	83	0.000000	0.000000	0.000000	0	0	0	
19406	1088	0.080000	6.160000	5.200000	1.080000	0.000000	77.000000	37.000000	173	0.000000	0.000000	0.000000	0	0	0	
19641	1080	0.080000	6.180000	5.190000	1.080000	0.000000	77.000000	37.000000	254	0.000000	0.000000	0.000000	0	0	0	
19891	1058	0.080000	6.210000	5.240000	1.090000	0.000000	77.000000	37.000000	74	0.000000	0.000000	0.000000	0	0	0	
20125	1044	0.080000	1.680000	0.820000	1.140000	0.000000	77.000000	37.000000	72	0.000000	0.000000	0.000000	0	0	0	
20359	1052	0.080000	1.670000	0.790000	1.180000	0.000000	77.000000	37.000000	73	0.000000	0.000000	0.000000	0	0	0	
20609	1058	0.080000	7.670000	7.120000	1.190000	0.000000	77.000000	37.000000	72	0.000000	0.000000	0.000000	0	0	0	
20844	1082	0.080000	7.010000	6.300000	1.150000	0.000000	77.000000	37.000000	72	0.000000	0.000000	0.000000	0	0	0	
21078	1076	0.080000	6.000000	5.080000	1.100000	0.000000	77.000000	37.000000	106	0.000000	0.000000	0.000000	0	0	0	
21344	1035	0.080000	5.200000	4.340000	1.060000	0.000000	77.000000	37.000000	123	0.000000	0.000000	0.000000	0	0	0	
21594	1047	0.080000	5.100000	4.280000	1.050000	0.000000	77.000000	37.000000	73	0.000000	0.000000	0.000000	0	0	0	
21844	1009	0.080000	4.930000	4.200000	1.050000	0.000000	77.000000	37.000000	73	0.000000	0.000000	0.000000	0	0	0	
22094	936	0.080000	5.260000	4.350000	1.060000	0.000000	77.000000	37.000000	254	0.000000	0.000000	0.000000	0	0	0	
22344	927	0.080000	5.290000	4.380000	1.070000	0.000000	77.000000	37.000000	72	0.000000	0.000000	0.000000	0	0	0	
22594	867	0.080000	5.550000	4.550000	1.090000	0.000000	77.000000	37.000000	73	0.000000	0.000000	0.000000	0	0	0	
22859	823	0.080000	1.640000	0.870000	1.140000	0.000000	77.000000	37.000000	73	0.000000	0.000000	0.000000	0	0	0	
23094	771	0.080000	7.430000	6.900000	1.170000	0.000000	77.000000	37.000000	73	0.000000	0.000000	0.000000	0	0	0	
23328	733	0.080000	1.760000	1.200000	1.250000	0.000000	77.000000	37.000000	72	0.000000	0.000000	0.000000	0	0	0	
23578	741	0.080000	14.110000	15.550000	1.350000	0.000000	77.000000	37.000000	107	0.000000	0.000000	0.000000	0	0	0	
23891	788	0.080000	12.590000	13.210000	1.420000	0.000000	77.000000	37.000000	120	0.000000	0.000000	0.000000	0	0	0	
24141	796	0.080000	12.720000	13.370000	1.430000	0.000000	77.000000	37.000000	121	0.000000	0.000000	0.000000	0	0	0	
24406	830	0.080000	1.690000	0.960000	1.430000	0.000000	77.000000	37.000000	157	0.000000	0.000000	0.000000	0	0	0	
24641	898	0.080000	13.180000	14.160000	1.430000	0.000000	77.000000	37.000000	157	0.000000	0.000000	0.000000	0	0	0	
24891	962	0.080000	13.280000	14.400000	1.440000	0.000000	77.000000	37.000000	155	0.000000	0.000000	0.000000	0	0	0	
25141	1029	0.080000	13.290000	14.420000	1.430000	0.000000	77.000000	37.000000	157	0.000000	0.000000	0.000000	0	0	0	
25375	1098	0.080000	13.630000	14.580000	1.430000	0.000000	77.000000	37.000000	254	0.000000	0.000000	0.000000	0	0	0	
25625	1170	0.080000	1.730000	0.830000	1.420000	0.000000	77.000000	37.000000	254	0.000000	0.000000	0.000000	0	0	0	
25859	1276	0.080000	14.220000	14.550000	1.430000	0.000000	77.000000	37.000000	254	0.000000	0.000000	0.000000	0	0	0	
26094	1346	0.080000	14.400000	13.970000	1.420000	0.000000	77.000000	37.000000	179	0.000000	0.000000	0.000000	0	0	0	
26359	1452	0.080000	14.440000	13.920000	1.420000	0.000000	77.000000	37.000000	179	0.000000	0.000000	0.000000	0	0	0	
26609	1574	0.080000	14.190000	13.340000	1.420000	0.000000	77.000000	37.000000	179	0.000000	0.000000	0.000000	0	0	0	
26844	1668	0.080000	14.250000	13.300000	1.420000	0.000000	77.000000	37.000000	179	0.000000	0.000000	0.000000	0	0	0	
27094	1748	0.080000	14.260000	13.310000	1.420000	0.000000	77.000000	37.000000	179	0.000000	0.000000	0.000000	0	0	0	
27328	1867	0.080000	13.940000	13.080000	1.420000	0.000000	77.000000	37.000000	179	0.000000	0.000000	0.000000	0	0	0	
27562	1975	0.080000	14.280000	13.430000	1.420000	0.000000	77.000000	37.000000	156	0.000000	0.000000	0.000000	0	0	0	
27812	2063	0.080000	14.110000	13.240000	1.420000	0.000000	77.000000	37.000000	179	0.000000	0.000000	0.000000	0	0	0	
28047	2157	0.080000	13.970000	13.100000	1.410000	0.000000	77.000000	37.000000	179	0.000000	0.000000	0.000000	0	0	0	
28281	2270	0.080000	14.410000	13.470000	1.410000	0.000000	77.000000	37.000000	179	0.000000	0.000000	0.000000	0	0	0	
28531	2352	0.080000	14.550000	13.610000	1.410000	0.000000	77.000000	37.000000	179	0.000000	0.000000	0.000000	0	0	0	
28844	2535	0.080000	14.580000	13.640000	1.400000	0.000000	77.000000	37.000000	179	0.000000	0.000000	0.000000	0	0	0	
29109	2656	0.080000	14.990000	14.180000	1.400000	0.000000	77.000000	37.000000	179	0.000000	0.000000	0.000000	0	0	0	
29359	2747	0.080000	14.870000	14.050000	1.390000	0.000000	77.000000	37.000000	179	0.000000	0.000000	0.000000	0	0	0	
29609	2877	0.080000	14.520000	10.820000	1.380000	0.000000	77.000000	37.000000	179	0.000000	0.000000	0.000000	0	0	0	
29875	2537	0.080000	0.000000	0.000000	1.350000	0.000000	77.000000	37.000000	180	0.000000	0.000000	0.000000	0	0	0	
30125	2143	0.080000	0.000000	0.000000	1.350000	0.000000	77.000000	37.000000	252	0.000000	0.000000	0.000000	0	0	0	
30359	1830	0.080000	0.000000	0.000000	1.350000	0.000000	77.000000	37.000000	74	0.000000	0.000000	0.000000	0	0	0	
30594	1520	0.080000	5.350000	4.470000	1.280000	0.000000	77.000000	37.000000	74	0.000000	0.000000	0.000000	0	0	0	
30844	1935	0.080000	5.560000	4.680000	1.050000	0.000000	77.000000	37.000000	251	0.000000	0.000000	0.000000	0	0	0	
31078	1843	0.080000	5.740000	4.670000	1.020000	0.000000	77.000000	37.000000	254	0.000000	0.000000	0.000000	0	0	0	
31328	1894	0.080000	5.140000	4.280000	1.030000	0.000000	77.000000	37.000000	73	0.000000	0.000000	0.000000	0	0	0	
31578	1883	0.080000	5.860000	4.840000	1.060000	0.000000	77.000000	37.000000	254	0.000000	0.000000	0.000000	0	0	0	
31828	1881	0.080000	7.280000	6.010000	1.100000	0.000000	77.000000	37.000000	72	0.000000	0.000000	0.000000	0	0	0	
32094	1877	0.080000	7.480000	6.240000	1.120000	0.000000	77.000000	37.000000	72	0.000000	0.000000	0.000000	0	0	0	
32344	1894	0.080000	7.630000	6.450000	1.120000	0.000000	77.000000	37.000000	72	0.000000	0.000000	0.000000	0	0	0	
32578	1896	0.080000	7.750000	6.610000	1.130000	0.000000	77.000000	37.000000	105	0.000000	0.000000	0.000000	0	0	0	
32828	1931	0.080000	8.280000	7.260000	1.160000	0.000000	77.000000	37.000000	107	0.000000	0.000000	0.000000	0	0	0	
33062	1921	0.080000	8.350000	7.360000	1.170000	0.000000	77.000000	37.000000	105	0.000000	0.000000	0.000000	0	0	0	
33297	1964	0.080000	8.310000	7.280000	1.150000	0.000000	77.000000	37.000000	106	0.000000	0.000000	0.000000	0	0	0	
33562	1973	0.080000	10.570000	9.260000	1.200000	0.000000	77.000000	37.000000	105	0.000000	0.000000	0.000000	0	0	0	
33891	1963	0.080000	9.980000	8.840000	1.200000	0.000000	77.000000	37.000000	106	0.000000	0.000000	0.000000	0	0	0	
34156	2049	0.080000	9.620000	8.590000	1.200000	0.000000	77.000000	37.000000	106	0.000000	0.000000	0.000000	0	0	0	
34406	2049	0.080000	9.810000	8.730000	1.210000	0.000000	77.000000	37.000000	105	0.000000	0.000000	0.000000	0	0	0	
34656	2058	0.080000	9.750000	8.670000	1.200000	0.000000	77.000000	37.000000	106	0.000000	0.000000	0.000000	0	0	0	
34906	2083	0.080000	9.370000	8.390000	1.200000	0.000000	77.000000	37.000000	105	0.000000	0.000000	0.000000	0	0	0	
35156	2113	0.080000	9.580000	8.490000	1.190000	0.000000	77.000000	37.000000	105	0.000000	0.000000	0.000000	0	0	0	
35406	2131	0.080000	9.350000	8.310000	1.190000	0.000000	77.000000	37.000000	105	0.000000	0.000000	0.000000	0	0	0	
35687	2154	0.080000	9.260000	8.220000	1.180000	0.000000	76.000000	36.000000	107	0.000000	0.000000	0.000000	0	0	0	
35937	2186	0.080000	9.250000	8.200000	1.190000	0.000000	76.000000	36.000000	105	0.000000	0.000000	0.000000	0	0	0	
36172	2187	0.080000	9.070000	8.010000	1.170000	0.000000	76.000000	36.000000	106	0.000000	0.000000	0.000000	0	0	0	
36422	2232	0.080000	9.000000	7.940000	1.180000	0.000000	76.000000	36.000000	105	0.000000	0.000000	0.000000	0	0	0	
36656	2225	0.080000	9.010000	7.950000	1.160000	0.000000	76.000000	36.000000	105	0.000000	0.000000	0.000000	0	0	0	
36906	2271	0.080000	8.880000	7.750000	1.170000	0.000000	76.000000	36.000000	105	0.000000	0.000000	0.000000	0	0	0	
37172	2295	0.080000	8.860000	7.730000	1.160000	0.000000	76.000000	36.000000	106	0.000000	0.000000	0.000000	0	0	0	
37406	2285	0.080000	8.920000	7.790000	1.160000	0.000000	76.000000	36.000000	105	0.000000	0.000000	0.000000	0	0	0	
37672	2305	0.080000	8.580000	7.550000	1.150000	0.000000	76.000000	36.000000	106	0.000000	0.000000	0.000000	0	0	0	
37922	2331	0.080000	8.610000	7.460000	1.140000	0.000000	76.000000	36.000000	106	0.000000	0.000000	0.000000	0	0	0	
38156	2367	0.080000	8.470000	7.330000	1.130000	0.000000	76.000000	36.000000	105	0.000000	0.000000	0.000000	0	0	0	
38422	2382	0.080000	8.090000	6.980000	1.120000	0.000000	76.000000	36.000000	106	0.000000	0.000000	0.000000	0	0	0	
38672	2379	0.080000	5.310000	4.530000	1.050000	0.000000	76.000000	36.000000	106	0.000000	0.000000	0.000000	0	0	0	
38984	2391	0.080000	4.920000	4.170000	1.010000	0.000000	76.000000	36.000000	151	0.000000	0.000000	0.000000	0	0	0	
39250	2400	0.080000	4.700000	4.000000	1.010000	0.000000	76.000000	36.000000	224	0.000000	0.000000	0.000000	0	0	0	
39484	2406	0.080000	4.710000	4.010000	1.010000	0.000000	76.000000	36.000000	91	0.000000	0.000000	0.000000	0	0	0	
39734	2414	0.080000	4.920000	4.170000	1.020000	0.000000	76.000000	36.000000	197	0.000000	0.000000	0.000000	0	0	0	
39969	2408	0.080000	4.830000	4.100000	1.010000	0.000000	76.000000	36.000000	239	0.000000	0.000000	0.000000	0	0	0	
40219	2401	0.080000	4.880000	4.130000	1.020000	0.000000	76.000000	36.000000	92	0.000000	0.000000	0.000000	0	0	0	
40484	2403	0.080000	4.710000	4.070000	1.020000	0.000000	76.000000	36.000000	209	0.000000	0.000000	0.000000	0	0	0	
40750	2420	0.080000	4.730000	4.060000	1.020000	0.000000	76.000000	36.000000	177	0.000000	0.000000	0.000000	0	0	0	
40984	2423	0.080000	4.720000	4.090000	1.010000	0.000000	76.000000	36.000000	74	0.000000	0.000000	0.000000	0	0	0	
41250	2421	0.080000	4.730000	4.090000	1.020000	0.000000	76.000000	36.000000	74	0.000000	0.000000	0.000000	0	0	0	
41484	2428	0.080000	4.700000	3.980000	1.010000	0.000000	75.000000	36.000000	91	0.000000	0.000000	0.000000	0	0	0	
41734	2428	0.080000	4.710000	4.000000	1.020000	0.000000	75.000000	36.000000	76	0.000000	0.000000	0.000000	0	0	0	
42000	2429	0.080000	4.730000	4.060000	1.010000	0.000000	75.000000	35.000000	75	0.000000	0.000000	0.000000	0	0	0	
42234	2423	0.080000	4.690000	3.970000	1.020000	0.000000	75.000000	35.000000	162	0.000000	0.000000	0.000000	0	0	0	
42484	2420	0.080000	4.710000	3.990000	1.010000	0.000000	75.000000	35.000000	73	0.000000	0.000000	0.000000	0	0	0	
42734	2430	0.080000	4.830000	4.090000	1.020000	0.000000	75.000000	35.000000	72	0.000000	0.000000	0.000000	0	0	0	
42984	2424	0.080000	4.720000	4.030000	1.030000	0.000000	75.000000	35.000000	72	0.000000	0.000000	0.000000	0	0	0	
43219	2429	0.080000	4.720000	4.070000	1.020000	0.000000	75.000000	35.000000	90	0.000000	0.000000	0.000000	0	0	0	
43469	2424	0.080000	4.880000	4.120000	1.020000	0.000000	75.000000	35.000000	104	0.000000	0.000000	0.000000	0	0	0	
43703	2426	0.080000	4.710000	4.080000	1.020000	0.000000	75.000000	35.000000	74	0.000000	0.000000	0.000000	0	0	0	
44031	2424	0.080000	4.720000	4.070000	1.020000	0.000000	75.000000	35.000000	72	0.000000	0.000000	0.000000	0	0	0	
44297	2424	0.080000	4.720000	4.090000	1.020000	0.000000	75.000000	35.000000	153	0.000000	0.000000	0.000000	0	0	0	
44547	2427	0.080000	4.710000	3.990000	1.020000	0.000000	75.000000	35.000000	189	0.000000	0.000000	0.000000	0	0	0	
44812	2422	0.080000	4.720000	4.060000	1.020000	0.000000	75.000000	35.000000	76	0.000000	0.000000	0.000000	0	0	0	
45062	2424	0.080000	4.720000	4.030000	1.030000	0.000000	75.000000	35.000000	85	0.000000	0.000000	0.000000	0	0	0	
45297	2418	0.080000	4.670000	3.960000	1.020000	0.000000	75.000000	35.000000	72	0.000000	0.000000	0.000000	0	0	0	
45562	2421	0.080000	4.700000	4.040000	1.020000	0.000000	75.000000	35.000000	74	0.000000	0.000000	0.000000	0	0	0	
45812	2421	0.080000	4.850000	4.130000	1.030000	0.000000	75.000000	35.000000	132	0.000000	0.000000	0.000000	0	0	0	
46062	2422	0.080000	4.750000	4.040000	1.030000	0.000000	75.000000	35.000000	73	0.000000	0.000000	0.000000	0	0	0	
46312	2413	0.080000	4.820000	4.120000	1.020000	0.000000	75.000000	35.000000	91	0.000000	0.000000	0.000000	0	0	0	
46562	2415	0.080000	4.970000	4.230000	1.030000	0.000000	75.000000	35.000000	72	0.000000	0.000000	0.000000	0	0	0	
46797	2423	0.080000	4.850000	4.130000	1.030000	0.000000	74.000000	35.000000	101	0.000000	0.000000	0.000000	0	0	0	
47062	2416	0.080000	4.960000	4.210000	1.030000	0.000000	75.000000	35.000000	73	0.000000	0.000000	0.000000	0	0	0	
47312	2411	0.080000	5.050000	4.250000	1.030000	0.000000	74.000000	35.000000	71	0.000000	0.000000	0.000000	0	0	0	
47562	2416	0.080000	4.720000	4.120000	1.030000	0.000000	74.000000	35.000000	74	0.000000	0.000000	0.000000	0	0	0	
47812	2411	0.080000	4.870000	4.150000	1.030000	0.000000	74.000000	35.000000	71	0.000000	0.000000	0.000000	0	0	0	
48062	2410	0.080000	4.890000	4.150000	1.030000	0.000000	74.000000	35.000000	72	0.000000	0.000000	0.000000	0	0	0	
48297	2410	0.080000	4.710000	4.080000	1.030000	0.000000	74.000000	35.000000	120	0.000000	0.000000	0.000000	0	0	0	
48562	2403	0.080000	4.700000	3.990000	1.020000	0.000000	74.000000	35.000000	213	0.000000	0.000000	0.000000	0	0	0	
48828	2401	0.080000	4.710000	4.020000	1.020000	0.000000	74.000000	35.000000	72	0.000000	0.000000	0.000000	0	0	0	
49172	2391	0.080000	4.680000	3.960000	1.020000	0.000000	74.000000	35.000000	72	0.000000	0.000000	0.000000	0	0	0	
49422	2394	0.080000	4.710000	4.030000	1.020000	0.000000	74.000000	35.000000	72	0.000000	0.000000	0.000000	0	0	0	
49641	2388	0.080000	4.710000	4.070000	1.020000	0.000000	74.000000	35.000000	79	0.000000	0.000000	0.000000	0	0	0	
49891	2384	0.080000	4.710000	4.040000	1.020000	0.000000	74.000000	35.000000	153	0.000000	0.000000	0.000000	0	0	0	
50125	2382	0.080000	4.710000	4.080000	1.020000	0.000000	74.000000	35.000000	156	0.000000	0.000000	0.000000	0	0	0	
50375	2377	0.080000	4.750000	4.110000	1.020000	0.000000	74.000000	35.000000	73	0.000000	0.000000	0.000000	0	0	0	
50609	2372	0.080000	4.710000	4.030000	1.020000	0.000000	74.000000	35.000000	72	0.000000	0.000000	0.000000	0	0	0	
50859	2364	0.080000	4.720000	4.060000	1.020000	0.000000	74.000000	35.000000	146	0.000000	0.000000	0.000000	0	0	0	
51094	2351	0.080000	4.730000	4.060000	1.020000	0.000000	74.000000	35.000000	203	0.000000	0.000000	0.000000	0	0	0	
51359	2353	0.080000	4.710000	4.020000	1.020000	0.000000	74.000000	35.000000	73	0.000000	0.000000	0.000000	0	0	0	
51594	2345	0.080000	4.720000	4.050000	1.020000	0.000000	74.000000	35.000000	71	0.000000	0.000000	0.000000	0	0	0	
51844	2343	0.080000	4.830000	4.100000	1.020000	0.000000	74.000000	35.000000	73	0.000000	0.000000	0.000000	0	0	0	
52109	2337	0.080000	4.710000	4.070000	1.020000	0.000000	74.000000	35.000000	92	0.000000	0.000000	0.000000	0	0	0	
52344	2337	0.080000	4.730000	4.110000	1.030000	0.000000	74.000000	35.000000	74	0.000000	0.000000	0.000000	0	0	0	
52594	2327	0.080000	4.880000	4.130000	1.020000	0.000000	74.000000	35.000000	73	0.000000	0.000000	0.000000	0	0	0	
52859	2324	0.080000	4.710000	4.040000	1.020000	0.000000	74.000000	34.000000	88	0.000000	0.000000	0.000000	0	0	0	
53109	2319	0.080000	4.840000	4.080000	1.020000	0.000000	73.000000	34.000000	98	0.000000	0.000000	0.000000	0	0	0	
53344	2315	0.080000	4.990000	4.190000	1.020000	0.000000	73.000000	34.000000	75	0.000000	0.000000	0.000000	0	0	0	
53594	2303	0.080000	4.850000	4.100000	1.030000	0.000000	73.000000	34.000000	171	0.000000	0.000000	0.000000	0	0	0	
53828	2298	0.080000	4.850000	4.090000	1.030000	0.000000	73.000000	34.000000	74	0.000000	0.000000	0.000000	0	0	0	
54172	2296	0.080000	4.710000	4.060000	1.030000	0.000000	73.000000	34.000000	121	0.000000	0.000000	0.000000	0	0	0	
54406	2290	0.080000	4.710000	3.980000	1.020000	0.000000	73.000000	34.000000	74	0.000000	0.000000	0.000000	0	0	0	
54672	2291	0.080000	4.710000	4.050000	1.020000	0.000000	73.000000	34.000000	99	0.000000	0.000000	0.000000	0	0	0	
54891	2279	0.080000	4.840000	4.090000	1.020000	0.000000	73.000000	34.000000	102	0.000000	0.000000	0.000000	0	0	0	
55125	2283	0.080000	4.820000	4.070000	1.030000	0.000000	73.000000	34.000000	73	0.000000	0.000000	0.000000	0	0	0	
55344	2273	0.080000	4.910000	4.130000	1.030000	0.000000	73.000000	34.000000	93	0.000000	0.000000	0.000000	0	0	0	
55594	2270	0.080000	4.890000	4.130000	1.030000	0.000000	73.000000	34.000000	76	0.000000	0.000000	0.000000	0	0	0	
55844	2253	0.080000	4.720000	4.010000	1.030000	0.000000	73.000000	34.000000	73	0.000000	0.000000	0.000000	0	0	0	
56078	2254	0.080000	4.850000	4.100000	1.030000	0.000000	73.000000	34.000000	72	0.000000	0.000000	0.000000	0	0	0	
56344	2250	0.080000	4.910000	4.140000	1.030000	0.000000	73.000000	34.000000	73	0.000000	0.000000	0.000000	0	0	0	
56594	2241	0.080000	4.850000	4.120000	1.030000	0.000000	73.000000	34.000000	93	0.000000	0.000000	0.000000	0	0	0	
56828	2242	0.080000	4.970000	4.180000	1.020000	0.000000	73.000000	34.000000	72	0.000000	0.000000	0.000000	0	0	0	
57078	2227	0.080000	4.980000	4.190000	1.030000	0.000000	73.000000	34.000000	73	0.000000	0.000000	0.000000	0	0	0	
57312	2216	0.080000	4.910000	4.140000	1.030000	0.000000	73.000000	34.000000	83	0.000000	0.000000	0.000000	0	0	0	
57547	2215	0.080000	4.980000	4.180000	1.030000	0.000000	73.000000	34.000000	73	0.000000	0.000000	0.000000	0	0	0	
57797	2205	0.080000	5.060000	4.230000	1.030000	0.000000	73.000000	34.000000	71	0.000000	0.000000	0.000000	0	0	0	
58031	2194	0.080000	4.980000	4.200000	1.030000	0.000000	73.000000	34.000000	77	0.000000	0.000000	0.000000	0	0	0	
58281	2200	0.080000	5.420000	4.450000	1.040000	0.000000	73.000000	34.000000	74	0.000000	0.000000	0.000000	0	0	0	
58547	2195	0.080000	5.480000	4.520000	1.040000	0.000000	73.000000	34.000000	72	0.000000	0.000000	0.000000	0	0	0	
58781	2186	0.080000	5.410000	4.460000	1.040000	0.000000	73.000000	34.000000	74	0.000000	0.000000	0.000000	0	0	0	
59125	2186	0.080000	5.570000	4.620000	1.050000	0.000000	73.000000	34.000000	73	0.000000	0.000000	0.000000	0	0	0	
59359	2175	0.080000	5.540000	4.590000	1.040000	0.000000	73.000000	34.000000	74	0.000000	0.000000	0.000000	0	0	0	
59594	2171	0.080000	5.550000	4.600000	1.050000	0.000000	73.000000	34.000000	73	0.000000	0.000000	0.000000	0	0	0	
59844	2168	0.080000	5.670000	4.700000	1.050000	0.000000	73.000000	34.000000	75	0.000000	0.000000	0.000000	0	0	0	
60078	2166	0.080000	5.590000	4.640000	1.050000	0.000000	73.000000	34.000000	74	0.000000	0.000000	0.000000	0	0	0	
60312	2163	0.080000	5.580000	4.630000	1.050000	0.000000	73.000000	34.000000	74	0.000000	0.000000	0.000000	0	0	0	
60578	2152	0.080000	5.680000	4.700000	1.050000	0.000000	73.000000	34.000000	73	0.000000	0.000000	0.000000	0	0	0	
60828	2154	0.080000	5.520000	4.570000	1.050000	0.000000	72.000000	34.000000	74	0.000000	0.000000	0.000000	0	0	0	
61062	2152	0.080000	5.620000	4.660000	1.050000	0.000000	72.000000	34.000000	73	0.000000	0.000000	0.000000	0	0	0	
61312	2142	0.080000	5.750000	4.790000	1.050000	0.000000	72.000000	34.000000	72	0.000000	0.000000	0.000000	0	0	0	
61547	2136	0.080000	5.690000	4.760000	1.060000	0.000000	72.000000	34.000000	71	0.000000	0.000000	0.000000	0	0	0	
61781	2124	0.080000	5.810000	4.850000	1.050000	0.000000	72.000000	34.000000	74	0.000000	0.000000	0.000000	0	0	0	
62047	2127	0.080000	5.900000	4.880000	1.060000	0.000000	72.000000	34.000000	72	0.000000	0.000000	0.000000	0	0	0	
62297	2120	0.080000	5.740000	4.750000	1.060000	0.000000	72.000000	34.000000	73	0.000000	0.000000	0.000000	0	0	0	
62531	2106	0.080000	5.760000	4.800000	1.060000	0.000000	72.000000	34.000000	73	0.000000	0.000000	0.000000	0	0	0	
62781	2103	0.080000	5.810000	4.850000	1.050000	0.000000	72.000000	34.000000	73	0.000000	0.000000	0.000000	0	0	0	
63016	2103	0.080000	5.760000	4.790000	1.050000	0.000000	72.000000	34.000000	73	0.000000	0.000000	0.000000	0	0	0	
63250	2106	0.080000	6.000000	4.960000	1.060000	0.000000	72.000000	34.000000	74	0.000000	0.000000	0.000000	0	0	0	
63500	2103	0.080000	5.940000	4.920000	1.060000	0.000000	72.000000	34.000000	72	0.000000	0.000000	0.000000	0	0	0	
63750	2098	0.080000	5.890000	4.900000	1.060000	0.000000	72.000000	33.000000	72	0.000000	0.000000	0.000000	0	0	0	
64078	2088	0.080000	5.960000	4.940000	1.060000	0.000000	72.000000	33.000000	73	0.000000	0.000000	0.000000	0	0	0	
64328	2094	0.080000	5.900000	4.870000	1.050000	0.000000	72.000000	33.000000	72	0.000000	0.000000	0.000000	0	0	0	
64578	2096	0.080000	6.000000	4.960000	1.060000	0.000000	72.000000	33.000000	71	0.000000	0.000000	0.000000	0	0	0	
64812	2085	0.080000	5.980000	4.950000	1.060000	0.000000	72.000000	33.000000	72	0.000000	0.000000	0.000000	0	0	0	
65047	2088	0.080000	5.860000	4.850000	1.060000	0.000000	72.000000	33.000000	73	0.000000	0.000000	0.000000	0	0	0	
65297	2074	0.080000	5.990000	4.970000	1.060000	0.000000	72.000000	33.000000	72	0.000000	0.000000	0.000000	0	0	0	
65516	2078	0.080000	5.980000	4.970000	1.060000	0.000000	72.000000	33.000000	73	0.000000	0.000000	0.000000	0	0	0	
65781	2071	0.080000	5.950000	4.930000	1.060000	0.000000	72.000000	33.000000	73	0.000000	0.000000	0.000000	0	0	0	
66016	2069	0.080000	6.010000	5.010000	1.060000	0.000000	72.000000	33.000000	73	0.000000	0.000000	0.000000	0	0	0	
66266	2067	0.080000	5.960000	4.930000	1.060000	0.000000	72.000000	33.000000	72	0.000000	0.000000	0.000000	0	0	0	
66500	2066	0.080000	5.930000	4.920000	1.060000	0.000000	72.000000	33.000000	72	0.000000	0.000000	0.000000	0	0	0	
66734	2060	0.080000	6.020000	5.020000	1.070000	0.000000	72.000000	33.000000	73	0.000000	0.000000	0.000000	0	0	0	
66984	2066	0.080000	5.930000	4.930000	1.060000	0.000000	72.000000	33.000000	73	0.000000	0.000000	0.000000	0	0	0	
67219	2063	0.080000	5.730000	4.790000	1.060000	0.000000	72.000000	33.000000	71	0.000000	0.000000	0.000000	0	0	0	
67453	2055	0.080000	5.730000	4.770000	1.050000	0.000000	72.000000	33.000000	73	0.000000	0.000000	0.000000	0	0	0	
67703	2059	0.080000	5.710000	4.730000	1.060000	0.000000	72.000000	33.000000	72	0.000000	0.000000	0.000000	0	0	0	
67937	2056	0.080000	5.810000	4.830000	1.050000	0.000000	72.000000	33.000000	74	0.000000	0.000000	0.000000	0	0	0	
68172	2048	0.080000	5.920000	4.890000	1.060000	0.000000	72.000000	33.000000	73	0.000000	0.000000	0.000000	0	0	0	
68437	2051	0.080000	5.740000	4.770000	1.060000	0.000000	72.000000	33.000000	72	0.000000	0.000000	0.000000	0	0	0	
68687	2055	0.080000	5.890000	4.860000	1.060000	0.000000	72.000000	33.000000	73	0.000000	0.000000	0.000000	0	0	0	
69000	2052	0.080000	5.900000	4.870000	1.060000	0.000000	72.000000	33.000000	73	0.000000	0.000000	0.000000	0	0	0	
69250	2043	0.080000	6.540000	5.460000	1.080000	0.000000	72.000000	33.000000	73	0.000000	0.000000	0.000000	0	0	0	
69500	2056	0.080000	7.080000	5.790000	1.090000	0.000000	72.000000	33.000000	72	0.000000	0.000000	0.000000	0	0	0	
69734	2063	0.080000	6.910000	5.710000	1.090000	0.000000	72.000000	33.000000	72	0.000000	0.000000	0.000000	0	0	0	
70000	2062	0.080000	6.900000	5.720000	1.090000	0.000000	72.000000	33.000000	73	0.000000	0.000000	0.000000	0	0	0	
70250	2082	0.080000	6.990000	5.770000	1.090000	0.000000	72.000000	33.000000	73	0.000000	0.000000	0.000000	0	0	0	
70484	2074	0.080000	6.890000	5.690000	1.090000	0.000000	72.000000	33.000000	72	0.000000	0.000000	0.000000	0	0	0	
70750	2082	0.080000	6.920000	5.710000	1.090000	0.000000	72.000000	33.000000	73	0.000000	0.000000	0.000000	0	0	0	
71000	2096	0.080000	6.830000	5.670000	1.090000	0.000000	72.000000	33.000000	74	0.000000	0.000000	0.000000	0	0	0	
71234	2097	0.080000	6.690000	5.560000	1.090000	0.000000	72.000000	33.000000	73	0.000000	0.000000	0.000000	0	0	0	
71484	2092	0.080000	5.880000	4.870000	1.060000	0.000000	72.000000	33.000000	72	0.000000	0.000000	0.000000	0	0	0	
71719	2095	0.080000	5.480000	4.490000	1.040000	0.000000	72.000000	33.000000	73	0.000000	0.000000	0.000000	0	0	0	
71953	2094	0.080000	4.970000	4.190000	1.030000	0.000000	72.000000	33.000000	74	0.000000	0.000000	0.000000	0	0	0	
72203	2096	0.080000	4.980000	4.200000	1.030000	0.000000	72.000000	33.000000	104	0.000000	0.000000	0.000000	0	0	0	
72437	2090	0.080000	4.860000	4.130000	1.030000	0.000000	72.000000	33.000000	73	0.000000	0.000000	0.000000	0	0	0	
72672	2085	0.080000	4.940000	4.160000	1.020000	0.000000	72.000000	33.000000	78	0.000000	0.000000	0.000000	0	0	0	
72937	2089	0.080000	4.990000	4.190000	1.030000	0.000000	72.000000	33.000000	184	0.000000	0.000000	0.000000	0	0	0	
73203	2085	0.080000	4.850000	4.120000	1.030000	0.000000	71.000000	33.000000	72	0.000000	0.000000	0.000000	0	0	0	
73484	2084	0.080000	4.950000	4.180000	1.030000	0.000000	71.000000	33.000000	73	0.000000	0.000000	0.000000	0	0	0	
73719	2076	0.080000	4.930000	4.150000	1.030000	0.000000	71.000000	33.000000	73	0.000000	0.000000	0.000000	0	0	0	
74047	2078	0.080000	4.960000	4.190000	1.030000	0.000000	71.000000	33.000000	73	0.000000	0.000000	0.000000	0	0	0	
74297	2081	0.080000	5.000000	4.210000	1.030000	0.000000	71.000000	33.000000	73	0.000000	0.000000	0.000000	0	0	0	
74531	2080	0.080000	4.850000	4.110000	1.030000	0.000000	71.000000	33.000000	133	0.000000	0.000000	0.000000	0	0	0	
74781	2074	0.080000	4.930000	4.170000	1.030000	0.000000	71.000000	33.000000	73	0.000000	0.000000	0.000000	0	0	0	
75062	2083	0.080000	4.930000	4.150000	1.030000	0.000000	71.000000	33.000000	73	0.000000	0.000000	0.000000	0	0	0	
75312	2074	0.080000	4.870000	4.130000	1.030000	0.000000	71.000000	33.000000	212	0.000000	0.000000	0.000000	0	0	0	
75531	2082	0.080000	4.710000	3.770000	1.030000	0.000000	71.000000	33.000000	72	0.000000	0.000000	0.000000	0	0	0	
75812	2054	0.080000	3.980000	3.280000	1.000000	0.000000	71.000000	33.000000	89	0.000000	0.000000	0.000000	0	0	0	
76062	2095	0.080000	3.550000	3.000000	0.980000	0.000000	71.000000	33.000000	80	0.000000	0.000000	0.000000	0	0	0	
76312	2078	0.080000	3.540000	2.980000	0.970000	0.000000	71.000000	33.000000	78	0.000000	0.000000	0.000000	0	0	0	
76562	2066	0.080000	3.420000	2.860000	0.980000	0.000000	71.000000	33.000000	137	0.000000	0.000000	0.000000	0	0	0	
76812	2038	0.080000	3.390000	2.860000	0.980000	0.000000	71.000000	33.000000	176	0.000000	0.000000	0.000000	0	0	0	
77062	2019	0.080000	3.450000	2.940000	0.980000	0.000000	71.000000	33.000000	230	0.000000	0.000000	0.000000	0	0	0	
77312	2009	0.080000	3.380000	2.890000	0.980000	0.000000	71.000000	33.000000	72	0.000000	0.000000	0.000000	0	0	0	
77562	2010	0.080000	3.450000	2.960000	0.980000	0.000000	71.000000	33.000000	73	0.000000	0.000000	0.000000	0	0	0	
77828	2006	0.080000	3.440000	2.940000	0.980000	0.000000	71.000000	33.000000	77	0.000000	0.000000	0.000000	0	0	0	
78094	2012	0.080000	3.430000	2.930000	0.980000	0.000000	71.000000	33.000000	114	0.000000	0.000000	0.000000	0	0	0	
78344	2001	0.080000	3.470000	3.020000	0.980000	0.000000	71.000000	33.000000	124	0.000000	0.000000	0.000000	0	0	0	
78594	1998	0.080000	3.470000	3.000000	0.980000	0.000000	71.000000	33.000000	77	0.000000	0.000000	0.000000	0	0	0	
78828	1992	0.080000	3.510000	3.030000	0.990000	0.000000	71.000000	33.000000	225	0.000000	0.000000	0.000000	0	0	0	
79125	1970	0.080000	3.550000	3.060000	0.980000	0.000000	71.000000	33.000000	74	0.000000	0.000000	0.000000	0	0	0	
79406	1968	0.080000	3.470000	3.060000	0.990000	0.000000	71.000000	33.000000	72	0.000000	0.000000	0.000000	0	0	0	
79672	1965	0.080000	3.660000	3.110000	0.980000	0.000000	71.000000	33.000000	148	0.000000	0.000000	0.000000	0	0	0	
79937	1951	0.080000	3.700000	3.140000	0.980000	0.000000	71.000000	33.000000	83	0.000000	0.000000	0.000000	0	0	0	
80203	1950	0.080000	3.930000	3.290000	0.990000	0.000000	71.000000	33.000000	123	0.000000	0.000000	0.000000	0	0	0	
80437	1943	0.080000	4.100000	3.330000	0.990000	0.000000	71.000000	33.000000	181	0.000000	0.000000	0.000000	0	0	0	
80703	1926	0.080000	3.820000	3.220000	1.000000	0.000000	71.000000	33.000000	139	0.000000	0.000000	0.000000	0	0	0	
80953	1923	0.080000	4.150000	3.370000	0.990000	0.000000	71.000000	33.000000	76	0.000000	0.000000	0.000000	0	0	0	
81203	1924	0.080000	3.980000	3.290000	0.990000	0.000000	71.000000	33.000000	238	0.000000	0.000000	0.000000	0	0	0	
81484	1917	0.080000	3.830000	3.220000	0.990000	0.000000	71.000000	33.000000	73	0.000000	0.000000	0.000000	0	0	0	
81719	1928	0.080000	4.230000	3.400000	1.000000	0.000000	71.000000	33.000000	233	0.000000	0.000000	0.000000	0	0	0	
82125	1911	0.080000	3.900000	3.250000	0.990000	0.000000	71.000000	33.000000	72	0.000000	0.000000	0.000000	0	0	0	
82312	1906	0.080000	4.150000	3.380000	0.990000	0.000000	71.000000	33.000000	76	0.000000	0.000000	0.000000	0	0	0	
82516	1912	0.080000	4.160000	3.380000	0.990000	0.000000	71.000000	33.000000	74	0.000000	0.000000	0.000000	0	0	0	
82703	1906	0.080000	3.870000	3.250000	1.000000	0.000000	71.000000	33.000000	98	0.000000	0.000000	0.000000	0	0	0	
82922	1921	0.080000	3.990000	3.290000	1.000000	0.000000	71.000000	33.000000	72	0.000000	0.000000	0.000000	0	0	0	
83109	1901	0.080000	4.210000	3.410000	1.000000	0.000000	71.000000	33.000000	75	0.000000	0.000000	0.000000	0	0	0	
83297	1901	0.080000	3.990000	3.300000	0.990000	0.000000	71.000000	33.000000	77	0.000000	0.000000	0.000000	0	0	0	
83500	1899	0.080000	3.840000	3.240000	1.000000	0.000000	71.000000	33.000000	74	0.000000	0.000000	0.000000	0	0	0	
83687	1900	0.080000	4.200000	3.390000	0.990000	0.000000	71.000000	33.000000	76	0.000000	0.000000	0.000000	0	0	0	
83953	1890	0.080000	4.070000	3.330000	0.990000	0.000000	71.000000	33.000000	76	0.000000	0.000000	0.000000	0	0	0	
84141	1877	0.080000	3.760000	3.190000	1.000000	0.000000	71.000000	33.000000	73	0.000000	0.000000	0.000000	0	0	0	
84359	1879	0.080000	4.110000	3.360000	0.990000	0.000000	71.000000	33.000000	74	0.000000	0.000000	0.000000	0	0	0	
84547	1890	0.080000	4.380000	3.490000	1.000000	0.000000	71.000000	33.000000	74	0.000000	0.000000	0.000000	0	0	0	
84750	1869	0.080000	4.020000	3.310000	1.000000	0.000000	71.000000	33.000000	168	0.000000	0.000000	0.000000	0	0	0	
84969	1884	0.080000	3.910000	3.260000	0.990000	0.000000	71.000000	33.000000	208	0.000000	0.000000	0.000000	0	0	0	
85156	1881	0.080000	4.070000	3.340000	0.990000	0.000000	71.000000	33.000000	161	0.000000	0.000000	0.000000	0	0	0	
85344	1893	0.080000	4.330000	3.460000	0.990000	0.000000	71.000000	33.000000	74	0.000000	0.000000	0.000000	0	0	0	
85531	1874	0.080000	4.150000	3.380000	1.000000	0.000000	71.000000	33.000000	74	0.000000	0.000000	0.000000	0	0	0	
85750	1895	0.080000	3.830000	3.230000	1.000000	0.000000	71.000000	33.000000	73	0.000000	0.000000	0.000000	0	0	0	
85937	1896	0.080000	4.160000	3.450000	0.990000	0.000000	71.000000	33.000000	71	0.000000	0.000000	0.000000	0	0	0	
86125	1879	0.080000	4.220000	3.440000	1.000000	0.000000	71.000000	33.000000	78	0.000000	0.000000	0.000000	0	0	0	
86312	1878	0.080000	3.900000	3.250000	1.000000	0.000000	71.000000	33.000000	72	0.000000	0.000000	0.000000	0	0	0	
86516	1884	0.080000	3.800000	3.210000	1.000000	0.000000	71.000000	33.000000	72	0.000000	0.000000	0.000000	0	0	0	
86703	1892	0.080000	4.200000	3.460000	0.990000	0.000000	71.000000	33.000000	72	0.000000	0.000000	0.000000	0	0	0	
86875	1877	0.080000	4.200000	3.400000	0.990000	0.000000	71.000000	33.000000	74	0.000000	0.000000	0.000000	0	0	0	
87078	1882	0.080000	3.900000	3.250000	1.000000	0.000000	71.000000	33.000000	72	0.000000	0.000000	0.000000	0	0	0	
87266	1887	0.080000	3.990000	3.300000	0.990000	0.000000	71.000000	33.000000	72	0.000000	0.000000	0.000000	0	0	0	
87453	1890	0.080000	4.390000	3.480000	0.990000	0.000000	71.000000	33.000000	78	0.000000	0.000000	0.000000	0	0	0	
87641	1902	0.080000	4.440000	3.590000	1.010000	0.000000	71.000000	33.000000	74	0.000000	0.000000	0.000000	0	0	0	
87922	1880	0.080000	4.540000	3.790000	1.020000	0.000000	71.000000	33.000000	73	0.000000	0.000000	0.000000	0	0	0	
88109	1909	0.080000	4.660000	4.000000	1.030000	0.000000	71.000000	33.000000	142	0.000000	0.000000	0.000000	0	0	0	
88312	1906	0.080000	4.710000	4.070000	1.030000	0.000000	71.000000	33.000000	72	0.000000	0.000000	0.000000	0	0	0	
88531	1931	0.080000	5.280000	4.330000	1.040000	0.000000	71.000000	33.000000	73	0.000000	0.000000	0.000000	0	0	0	
88734	1933	0.080000	5.280000	4.370000	1.040000	0.000000	71.000000	33.000000	73	0.000000	0.000000	0.000000	0	0	0	
88922	1945	0.080000	5.210000	4.330000	1.040000	0.000000	71.000000	33.000000	72	0.000000	0.000000	0.000000	0	0	0	
89125	1949	0.080000	5.320000	4.390000	1.040000	0.000000	71.000000	33.000000	74	0.000000	0.000000	0.000000	0	0	0	
89328	1959	0.080000	5.280000	4.380000	1.050000	0.000000	71.000000	33.000000	72	0.000000	0.000000	0.000000	0	0	0	
89516	1962	0.080000	5.290000	4.380000	1.040000	0.000000	71.000000	33.000000	74	0.000000	0.000000	0.000000	0	0	0	
89703	1974	0.080000	5.090000	4.260000	1.040000	0.000000	71.000000	33.000000	73	0.000000	0.000000	0.000000	0	0	0	
89891	1986	0.080000	5.040000	4.240000	1.040000	0.000000	71.000000	33.000000	72	0.000000	0.000000	0.000000	0	0	0	
90094	1988	0.080000	4.720000	4.060000	1.030000	0.000000	71.000000	33.000000	73	0.000000	0.000000	0.000000	0	0	0	
90281	1966	0.080000	4.510000	3.700000	1.030000	0.000000	71.000000	33.000000	129	0.000000	0.000000	0.000000	0	0	0	
90484	1720	0.080000	0.000000	0.000000	1.020000	0.000000	71.000000	33.000000	225	0.000000	0.000000	0.000000	0	0	0	
90687	1430	0.080000	0.000000	0.000000	1.040000	0.000000	71.000000	33.000000	253	0.000000	0.000000	0.000000	0	0	0	
90875	1142	0.080000	0.000000	0.000000	1.050000	0.000000	71.000000	33.000000	254	0.000000	0.000000	0.000000	0	0	0	
91078	973	0.080000	1.680000	0.980000	1.060000	0.000000	71.000000	33.000000	75	0.000000	0.000000	0.000000	0	0	0	
91281	1076	0.080000	6.510000	5.540000	1.060000	0.000000	71.000000	33.000000	73	0.000000	0.000000	0.000000	0	0	0	
91500	1107	0.080000	6.510000	5.420000	1.060000	0.000000	71.000000	33.000000	248	0.000000	0.000000	0.000000	0	0	0	
91703	1147	0.080000	6.310000	5.100000	1.050000	0.000000	71.000000	33.000000	96	0.000000	0.000000	0.000000	0	0	0	
91984	1088	0.080000	4.800000	4.090000	1.030000	0.000000	71.000000	33.000000	246	0.000000	0.000000	0.000000	0	0	0	
92187	1051	0.080000	4.640000	4.010000	1.030000	0.000000	71.000000	33.000000	249	0.000000	0.000000	0.000000	0	0	0	
92391	987	0.080000	4.610000	3.970000	1.030000	0.000000	71.000000	33.000000	74	0.000000	0.000000	0.000000	0	0	0	
92578	912	0.080000	4.600000	4.010000	1.050000	0.000000	71.000000	33.000000	74	0.000000	0.000000	0.000000	0	0	0	
92797	852	0.080000	4.720000	4.100000	1.060000	0.000000	71.000000	33.000000	234	0.000000	0.000000	0.000000	0	0	0	
92984	844	0.080000	5.580000	4.500000	1.080000	0.000000	71.000000	33.000000	72	0.000000	0.000000	0.000000	0	0	0	
93172	895	0.080000	5.540000	4.490000	1.070000	0.000000	71.000000	33.000000	74	0.000000	0.000000	0.000000	0	0	0	
93375	920	0.080000	5.470000	4.450000	1.080000	0.000000	71.000000	33.000000	73	0.000000	0.000000	0.000000	0	0	0	
93594	915	0.080000	5.350000	4.390000	1.070000	0.000000	71.000000	33.000000	73	0.000000	0.000000	0.000000	0	0	0	
93781	909	0.080000	5.290000	4.360000	1.070000	0.000000	71.000000	33.000000	73	0.000000	0.000000	0.000000	0	0	0	
93953	902	0.080000	5.300000	4.360000	1.070000	0.000000	71.000000	33.000000	242	0.000000	0.000000	0.000000	0	0	0	
94141	915	0.080000	5.260000	4.360000	1.070000	0.000000	71.000000	33.000000	73	0.000000	0.000000	0.000000	0	0	0	
94344	909	0.080000	5.450000	4.430000	1.070000	0.000000	71.000000	33.000000	55	0.000000	0.000000	0.000000	0	0	0	
94531	909	0.080000	5.450000	4.430000	1.070000	0.000000	71.000000	33.000000	56	0.000000	0.000000	0.000000	0	0	0	
94719	910	0.080000	5.400000	4.410000	1.070000	0.000000	71.000000	33.000000	58	0.000000	0.000000	0.000000	0	0	0	
94891	906	0.080000	5.520000	4.470000	1.070000	0.000000	71.000000	33.000000	56	0.000000	0.000000	0.000000	0	0	0	
95094	909	0.080000	5.600000	4.520000	1.070000	0.000000	71.000000	33.000000	99	0.000000	0.000000	0.000000	0	0	0	
95281	914	0.080000	5.570000	4.480000	1.070000	0.000000	71.000000	33.000000	56	0.000000	0.000000	0.000000	0	0	0	
95469	921	0.080000	5.570000	4.490000	1.070000	0.000000	71.000000	33.000000	57	0.000000	0.000000	0.000000	0	0	0	
95687	914	0.080000	5.350000	4.390000	1.070000	0.000000	70.000000	33.000000	57	0.000000	0.000000	0.000000	0	0	0	
95969	912	0.080000	5.450000	4.430000	1.070000	0.000000	70.000000	33.000000	95	0.000000	0.000000	0.000000	0	0	0	
96156	908	0.080000	5.400000	4.410000	1.070000	0.000000	70.000000	33.000000	74	0.000000	0.000000	0.000000	0	0	0	
96344	908	0.080000	5.410000	4.420000	1.070000	0.000000	70.000000	33.000000	86	0.000000	0.000000	0.000000	0	0	0	
96531	914	0.080000	5.400000	4.410000	1.070000	0.000000	70.000000	33.000000	73	0.000000	0.000000	0.000000	0	0	0	
96719	910	0.080000	5.510000	4.450000	1.070000	0.000000	70.000000	33.000000	56	0.000000	0.000000	0.000000	0	0	0	
96906	920	0.080000	5.520000	4.460000	1.070000	0.000000	70.000000	33.000000	56	0.000000	0.000000	0.000000	0	0	0	
97094	914	0.080000	5.460000	4.430000	1.070000	0.000000	70.000000	33.000000	241	0.000000	0.000000	0.000000	0	0	0	
97281	911	0.080000	5.390000	4.400000	1.070000	0.000000	70.000000	33.000000	56	0.000000	0.000000	0.000000	0	0	0	
97469	913	0.080000	5.460000	4.440000	1.070000	0.000000	70.000000	33.000000	57	0.000000	0.000000	0.000000	0	0	0	
97656	923	0.080000	5.520000	4.470000	1.070000	0.000000	70.000000	33.000000	57	0.000000	0.000000	0.000000	0	0	0	
97859	922	0.080000	5.450000	4.420000	1.070000	0.000000	70.000000	33.000000	56	0.000000	0.000000	0.000000	0	0	0	
98047	917	0.080000	5.290000	4.350000	1.070000	0.000000	70.000000	33.000000	55	0.000000	0.000000	0.000000	0	0	0	
98234	911	0.080000	5.230000	4.320000	1.070000	0.000000	70.000000	33.000000	16	0.000000	0.000000	0.000000	0	0	0	
98406	908	0.080000	5.390000	4.400000	1.060000	0.000000	70.000000	33.000000	15	0.000000	0.000000	0.000000	0	0	0	
98609	907	0.080000	5.130000	4.270000	1.060000	0.000000	70.000000	33.000000	14	0.000000	0.000000	0.000000	0	0	0	
98797	896	0.080000	5.410000	4.410000	1.060000	0.000000	70.000000	33.000000	15	0.000000	0.000000	0.000000	0	0	0	
98984	906	0.080000	5.460000	4.430000	1.060000	0.000000	70.000000	33.000000	16	0.000000	0.000000	0.000000	0	0	0	
99187	898	0.080000	5.240000	4.340000	1.070000	0.000000	70.000000	33.000000	77	0.000000	0.000000	0.000000	0	0	0	
99375	900	0.080000	5.250000	4.320000	1.060000	0.000000	70.000000	33.000000	14	0.000000	0.000000	0.000000	0	0	0	
99547	902	0.080000	5.180000	4.290000	1.060000	0.000000	70.000000	33.000000	16	0.000000	0.000000	0.000000	0	0	0	
99812	898	0.080000	5.290000	4.350000	1.060000	0.000000	70.000000	33.000000	16	0.000000	0.000000	0.000000	0	0	0	
100016	894	0.080000	5.170000	4.290000	1.060000	0.000000	70.000000	33.000000	15	0.000000	0.000000	0.000000	0	0	0	
100203	895	0.080000	5.340000	4.380000	1.060000	0.000000	70.000000	33.000000	14	0.000000	0.000000	0.000000	0	0	0	
100391	904	0.080000	5.280000	4.340000	1.070000	0.000000	70.000000	33.000000	55	0.000000	0.000000	0.000000	0	0	0	
100594	895	0.080000	5.290000	4.350000	1.060000	0.000000	70.000000	33.000000	168	0.000000	0.000000	0.000000	0	0	0	
100797	896	0.080000	5.510000	4.450000	1.060000	0.000000	70.000000	33.000000	74	0.000000	0.000000	0.000000	0	0	0	
101000	903	0.080000	5.360000	4.390000	1.060000	0.000000	70.000000	33.000000	215	0.000000	0.000000	0.000000	0	0	0	
101187	903	0.080000	5.530000	4.460000	1.060000	0.000000	70.000000	33.000000	56	0.000000	0.000000	0.000000	0	0	0	
101391	905	0.080000	5.300000	4.350000	1.060000	0.000000	70.000000	33.000000	56	0.000000	0.000000	0.000000	0	0	0	
101578	899	0.080000	5.250000	4.330000	1.060000	0.000000	70.000000	33.000000	57	0.000000	0.000000	0.000000	0	0	0	
101781	897	0.080000	5.350000	4.370000	1.060000	0.000000	70.000000	33.000000	57	0.000000	0.000000	0.000000	0	0	0	
101969	899	0.080000	5.090000	4.260000	1.060000	0.000000	70.000000	33.000000	57	0.000000	0.000000	0.000000	0	0	0	
102187	888	0.080000	5.300000	4.350000	1.070000	0.000000	70.000000	33.000000	56	0.000000	0.000000	0.000000	0	0	0	
102391	897	0.080000	5.240000	4.320000	1.060000	0.000000	70.000000	33.000000	57	0.000000	0.000000	0.000000	0	0	0	
102594	902	0.080000	5.110000	4.270000	1.060000	0.000000	70.000000	33.000000	60	0.000000	0.000000	0.000000	0	0	0	
102781	897	0.080000	5.390000	4.340000	1.070000	0.000000	70.000000	33.000000	55	0.000000	0.000000	0.000000	0	0	0	
102969	897	0.080000	5.190000	4.310000	1.060000	0.000000	70.000000	33.000000	90	0.000000	0.000000	0.000000	0	0	0	
103156	896	0.080000	5.310000	4.360000	1.060000	0.000000	70.000000	33.000000	57	0.000000	0.000000	0.000000	0	0	0	
103344	896	0.080000	5.280000	4.340000	1.070000	0.000000	70.000000	33.000000	56	0.000000	0.000000	0.000000	0	0	0	
103547	899	0.080000	5.220000	4.320000	1.060000	0.000000	70.000000	33.000000	248	0.000000	0.000000	0.000000	0	0	0	
103812	907	0.080000	5.310000	4.370000	1.070000	0.000000	70.000000	33.000000	55	0.000000	0.000000	0.000000	0	0	0	
104000	940	0.080000	5.250000	4.340000	1.060000	0.000000	70.000000	33.000000	55	0.000000	0.000000	0.000000	0	0	0	
104203	984	0.080000	5.250000	4.330000	1.050000	0.000000	70.000000	33.000000	56	0.000000	0.000000	0.000000	0	0	0	
104391	1043	0.080000	4.710000	4.090000	1.040000	0.000000	70.000000	33.000000	56	0.000000	0.000000	0.000000	0	0	0	
104578	1202	0.080000	5.830000	4.720000	1.050000	0.000000	70.000000	33.000000	56	0.000000	0.000000	0.000000	0	0	0	
104766	1601	0.080000	5.970000	4.690000	1.050000	0.000000	70.000000	33.000000	57	0.000000	0.000000	0.000000	0	0	0	
104969	1942	0.080000	4.660000	4.000000	1.030000	0.000000	70.000000	33.000000	56	0.000000	0.000000	0.000000	0	0	0	
105156	1922	0.080000	4.380000	3.490000	1.010000	0.000000	70.000000	33.000000	55	0.000000	0.000000	0.000000	0	0	0	
105344	1911	0.080000	4.420000	3.560000	1.000000	0.000000	70.000000	33.000000	254	0.000000	0.000000	0.000000	0	0	0	
105531	1954	0.080000	4.470000	3.560000	1.000000	0.000000	70.000000	33.000000	91	0.000000	0.000000	0.000000	0	0	0	
105750	1945	0.080000	4.520000	3.710000	1.010000	0.000000	70.000000	33.000000	57	0.000000	0.000000	0.000000	0	0	0	
105953	1986	0.080000	4.600000	3.880000	1.020000	0.000000	70.000000	33.000000	57	0.000000	0.000000	0.000000	0	0	0	
106156	2009	0.080000	5.140000	4.270000	1.020000	0.000000	70.000000	33.000000	73	0.000000	0.000000	0.000000	0	0	0	
106375	2030	0.080000	5.590000	4.570000	1.040000	0.000000	70.000000	33.000000	56	0.000000	0.000000	0.000000	0	0	0	
106562	2055	0.080000	1.960000	0.900000	1.060000	0.000000	70.000000	33.000000	56	0.000000	0.000000	0.000000	0	0	0	
106750	2058	0.080000	7.180000	5.830000	1.090000	0.000000	70.000000	33.000000	56	0.000000	0.000000	0.000000	0	0	0	
106937	2091	0.080000	6.950000	5.730000	1.090000	0.000000	70.000000	33.000000	72	0.000000	0.000000	0.000000	0	0	0	
107141	2130	0.080000	6.700000	5.550000	1.090000	0.000000	70.000000	33.000000	73	0.000000	0.000000	0.000000	0	0	0	
107344	2159	0.080000	6.700000	5.600000	1.080000	0.000000	70.000000	33.000000	106	0.000000	0.000000	0.000000	0	0	0	
107531	2187	0.080000	6.800000	5.650000	1.080000	0.000000	70.000000	33.000000	105	0.000000	0.000000	0.000000	0	0	0	
107812	2236	0.080000	6.520000	5.390000	1.080000	0.000000	70.000000	33.000000	105	0.000000	0.000000	0.000000	0	0	0	
108000	2269	0.080000	6.380000	5.420000	1.070000	0.000000	70.000000	33.000000	106	0.000000	0.000000	0.000000	0	0	0	
108219	2293	0.080000	6.410000	5.500000	1.080000	0.000000	70.000000	32.000000	105	0.000000	0.000000	0.000000	0	0	0	
108406	2334	0.080000	6.380000	5.420000	1.070000	0.000000	70.000000	33.000000	106	0.000000	0.000000	0.000000	0	0	0	
108594	2361	0.080000	6.160000	5.270000	1.070000	0.000000	70.000000	33.000000	106	0.000000	0.000000	0.000000	0	0	0	
108797	2384	0.080000	6.220000	5.320000	1.060000	0.000000	70.000000	32.000000	106	0.000000	0.000000	0.000000	0	0	0	
109000	2420	0.080000	6.390000	5.460000	1.060000	0.000000	70.000000	32.000000	105	0.000000	0.000000	0.000000	0	0	0	
109203	2451	0.080000	6.520000	5.580000	1.070000	0.000000	70.000000	33.000000	106	0.000000	0.000000	0.000000	0	0	0	
109406	2482	0.080000	6.700000	5.690000	1.080000	0.000000	70.000000	33.000000	105	0.000000	0.000000	0.000000	0	0	0	
109594	2519	0.080000	6.940000	5.880000	1.070000	0.000000	70.000000	32.000000	105	0.000000	0.000000	0.000000	0	0	0	
109797	2562	0.080000	7.130000	6.060000	1.070000	0.000000	70.000000	33.000000	106	0.000000	0.000000	0.000000	0	0	0	
109984	2604	0.080000	7.070000	5.990000	1.080000	0.000000	70.000000	32.000000	105	0.000000	0.000000	0.000000	0	0	0	
110203	2642	0.080000	6.960000	5.900000	1.070000	0.000000	70.000000	33.000000	106	0.000000	0.000000	0.000000	0	0	0	
110406	2675	0.080000	7.020000	5.920000	1.070000	0.000000	70.000000	33.000000	106	0.000000	0.000000	0.000000	0	0	0	
110594	2707	0.080000	7.060000	5.930000	1.070000	0.000000	70.000000	33.000000	105	0.000000	0.000000	0.000000	0	0	0	
110797	2745	0.080000	6.830000	5.780000	1.070000	0.000000	70.000000	33.000000	73	0.000000	0.000000	0.000000	0	0	0	
111000	2757	0.080000	6.470000	5.410000	1.060000	0.000000	70.000000	33.000000	73	0.000000	0.000000	0.000000	0	0	0	
111187	2795	0.080000	6.490000	5.360000	1.050000	0.000000	70.000000	33.000000	73	0.000000	0.000000	0.000000	0	0	0	
111375	2833	0.080000	6.520000	5.360000	1.060000	0.000000	70.000000	33.000000	72	0.000000	0.000000	0.000000	0	0	0	
111578	2852	0.080000	6.430000	5.240000	1.050000	0.000000	70.000000	33.000000	73	0.000000	0.000000	0.000000	0	0	0	
111859	2446	0.080000	0.000000	0.000000	1.060000	0.000000	70.000000	33.000000	254	0.000000	0.000000	0.000000	0	0	0	
112031	2206	0.080000	0.000000	0.000000	1.060000	0.000000	70.000000	33.000000	73	0.000000	0.000000	0.000000	0	0	0	
112219	1938	0.080000	0.000000	0.000000	1.060000	0.000000	70.000000	33.000000	248	0.000000	0.000000	0.000000	0	0	0	
112391	1687	0.080000	0.000000	0.000000	1.060000	0.000000	70.000000	33.000000	77	0.000000	0.000000	0.000000	0	0	0	
112562	1438	0.080000	6.050000	4.720000	1.030000	0.000000	70.000000	33.000000	254	0.000000	0.000000	0.000000	0	0	0	
112766	1608	0.080000	6.120000	4.740000	1.010000	0.000000	70.000000	33.000000	254	0.000000	0.000000	0.000000	0	0	0	
112984	1881	0.080000	4.990000	4.170000	1.010000	0.000000	70.000000	33.000000	56	0.000000	0.000000	0.000000	0	0	0	
113172	1954	0.080000	4.500000	3.590000	0.990000	0.000000	70.000000	33.000000	57	0.000000	0.000000	0.000000	0	0	0	
113375	1991	0.080000	3.780000	3.180000	0.990000	0.000000	70.000000	33.000000	56	0.000000	0.000000	0.000000	0	0	0	
113578	1992	0.080000	3.640000	3.100000	0.980000	0.000000	70.000000	33.000000	254	0.000000	0.000000	0.000000	0	0	0	
113797	1986	0.080000	4.010000	3.290000	0.990000	0.000000	70.000000	33.000000	76	0.000000	0.000000	0.000000	0	0	0	
114000	1989	0.080000	4.400000	3.510000	1.000000	0.000000	70.000000	33.000000	228	0.000000	0.000000	0.000000	0	0	0	
114203	2023	0.080000	2.000000	0.950000	1.040000	0.000000	70.000000	33.000000	54	0.000000	0.000000	0.000000	0	0	0	
114406	1990	0.080000	7.180000	5.850000	1.090000	0.000000	70.000000	33.000000	55	0.000000	0.000000	0.000000	0	0	0	
114594	2033	0.080000	1.890000	0.790000	1.110000	0.000000	70.000000	33.000000	54	0.000000	0.000000	0.000000	0	0	0	
114781	2055	0.080000	7.580000	6.300000	1.120000	0.000000	70.000000	33.000000	54	0.000000	0.000000	0.000000	0	0	0	
114969	2080	0.080000	7.680000	6.470000	1.130000	0.000000	70.000000	33.000000	54	0.000000	0.000000	0.000000	0	0	0	
115172	2110	0.080000	7.580000	6.400000	1.130000	0.000000	70.000000	33.000000	56	0.000000	0.000000	0.000000	0	0	0	
115359	2126	0.080000	7.610000	6.460000	1.130000	0.000000	70.000000	33.000000	55	0.000000	0.000000	0.000000	0	0	0	
115547	2154	0.080000	7.650000	6.470000	1.120000	0.000000	70.000000	33.000000	54	0.000000	0.000000	0.000000	0	0	0	
115828	2186	0.080000	7.330000	6.110000	1.100000	0.000000	70.000000	33.000000	56	0.000000	0.000000	0.000000	0	0	0	
116016	2202	0.080000	6.660000	5.590000	1.080000	0.000000	70.000000	33.000000	56	0.000000	0.000000	0.000000	0	0	0	
116203	2216	0.080000	6.330000	5.320000	1.070000	0.000000	70.000000	33.000000	57	0.000000	0.000000	0.000000	0	0	0	
116391	2235	0.080000	6.140000	5.140000	1.060000	0.000000	70.000000	33.000000	55	0.000000	0.000000	0.000000	0	0	0	
116594	2253	0.080000	5.920000	4.890000	1.050000	0.000000	70.000000	33.000000	56	0.000000	0.000000	0.000000	0	0	0	
116781	2273	0.080000	5.240000	4.360000	1.040000	0.000000	70.000000	33.000000	54	0.000000	0.000000	0.000000	0	0	0	
116969	2264	0.080000	4.860000	4.090000	1.020000	0.000000	70.000000	33.000000	80	0.000000	0.000000	0.000000	0	0	0	
117156	2279	0.080000	4.590000	3.700000	1.000000	0.000000	70.000000	33.000000	109	0.000000	0.000000	0.000000	0	0	0	
117375	2293	0.080000	4.470000	3.570000	1.000000	0.000000	70.000000	33.000000	242	0.000000	0.000000	0.000000	0	0	0	
117562	2305	0.080000	4.380000	3.440000	1.000000	0.000000	70.000000	33.000000	227	0.000000	0.000000	0.000000	0	0	0	
117766	2321	0.080000	4.330000	3.380000	1.000000	0.000000	70.000000	33.000000	182	0.000000	0.000000	0.000000	0	0	0	
117969	2326	0.080000	4.260000	3.320000	1.000000	0.000000	70.000000	33.000000	209	0.000000	0.000000	0.000000	0	0	0	
118156	2340	0.080000	4.210000	3.330000	1.000000	0.000000	70.000000	33.000000	207	0.000000	0.000000	0.000000	0	0	0	
118344	2345	0.080000	3.960000	3.180000	1.000000	0.000000	70.000000	33.000000	200	0.000000	0.000000	0.000000	0	0	0	
118531	2359	0.080000	3.880000	3.070000	0.990000	0.000000	70.000000	33.000000	254	0.000000	0.000000	0.000000	0	0	0	
118734	2351	0.080000	3.910000	3.130000	0.990000	0.000000	70.000000	33.000000	254	0.000000	0.000000	0.000000	0	0	0	
118922	2355	0.080000	4.030000	3.210000	0.980000	0.000000	70.000000	33.000000	254	0.000000	0.000000	0.000000	0	0	0	
119109	2364	0.080000	4.020000	3.190000	0.980000	0.000000	70.000000	33.000000	221	0.000000	0.000000	0.000000	0	0	0	
119328	2368	0.080000	4.020000	3.200000	0.990000	0.000000	70.000000	32.000000	254	0.000000	0.000000	0.000000	0	0	0	
119516	2383	0.080000	4.070000	3.230000	0.980000	0.000000	70.000000	32.000000	254	0.000000	0.000000	0.000000	0	0	0	
119797	2370	0.080000	0.000000	0.000000	1.010000	0.000000	70.000000	32.000000	57	0.000000	0.000000	0.000000	0	0	0	
120000	2368	0.080000	0.000000	0.000000	1.020000	0.000000	70.000000	32.000000	55	0.000000	0.000000	0.000000	0	0	0	
120203	2363	0.080000	0.000000	0.000000	1.020000	0.000000	70.000000	32.000000	55	0.000000	0.000000	0.000000	0	0	0	
120375	2359	0.080000	0.000000	0.000000	1.020000	0.000000	70.000000	32.000000	56	0.000000	0.000000	0.000000	0	0	0	
120547	2355	0.080000	0.000000	0.000000	1.020000	0.000000	70.000000	32.000000	56	0.000000	0.000000	0.000000	0	0	0	
120703	2362	0.080000	0.000000	0.000000	1.020000	0.000000	70.000000	32.000000	56	0.000000	0.000000	0.000000	0	0	0	
120891	2363	0.080000	0.000000	0.000000	1.020000	0.000000	70.000000	32.000000	56	0.000000	0.000000	0.000000	0	0	0	
121047	2356	0.080000	0.000000	0.000000	1.020000	0.000000	70.000000	32.000000	55	0.000000	0.000000	0.000000	0	0	0	
121219	2352	0.080000	0.000000	0.000000	1.020000	0.000000	70.000000	32.000000	56	0.000000	0.000000	0.000000	0	0	0	
121406	2357	0.080000	0.000000	0.000000	1.010000	0.000000	70.000000	32.000000	57	0.000000	0.000000	0.000000	0	0	0	
121594	2357	0.080000	0.000000	0.000000	1.010000	0.000000	70.000000	32.000000	57	0.000000	0.000000	0.000000	0	0	0	
121766	2356	0.080000	0.000000	0.000000	1.010000	0.000000	70.000000	32.000000	56	0.000000	0.000000	0.000000	0	0	0	
121937	2354	0.080000	0.000000	0.000000	1.010000	0.000000	70.000000	32.000000	56	0.000000	0.000000	0.000000	0	0	0	
122109	2356	0.080000	0.000000	0.000000	1.010000	0.000000	70.000000	32.000000	55	0.000000	0.000000	0.000000	0	0	0	
122297	2356	0.080000	0.000000	0.000000	1.010000	0.000000	70.000000	32.000000	56	0.000000	0.000000	0.000000	0	0	0	
122469	2359	0.080000	0.000000	0.000000	1.010000	0.000000	70.000000	32.000000	57	0.000000	0.000000	0.000000	0	0	0	
122641	2364	0.080000	0.000000	0.000000	1.010000	0.000000	70.000000	32.000000	56	0.000000	0.000000	0.000000	0	0	0	
122797	2370	0.080000	0.000000	0.000000	1.010000	0.000000	70.000000	32.000000	56	0.000000	0.000000	0.000000	0	0	0	
122984	2360	0.080000	0.000000	0.000000	1.010000	0.000000	70.000000	32.000000	56	0.000000	0.000000	0.000000	0	0	0	
123156	2359	0.080000	0.000000	0.000000	1.010000	0.000000	70.000000	32.000000	56	0.000000	0.000000	0.000000	0	0	0	
123406	2358	0.080000	0.000000	0.000000	1.010000	0.000000	70.000000	32.000000	55	0.000000	0.000000	0.000000	0	0	0	
123578	2370	0.080000	0.000000	0.000000	1.010000	0.000000	70.000000	32.000000	56	0.000000	0.000000	0.000000	0	0	0	
123766	2365	0.080000	0.000000	0.000000	1.010000	0.000000	70.000000	32.000000	57	0.000000	0.000000	0.000000	0	0	0	
123937	2373	0.080000	0.000000	0.000000	1.010000	0.000000	70.000000	32.000000	56	0.000000	0.000000	0.000000	0	0	0	
124109	2370	0.080000	0.000000	0.000000	1.010000	0.000000	70.000000	32.000000	56	0.000000	0.000000	0.000000	0	0	0	
124281	2373	0.080000	0.000000	0.000000	1.010000	0.000000	70.000000	32.000000	56	0.000000	0.000000	0.000000	0	0	0	
124469	2369	0.080000	0.000000	0.000000	1.010000	0.000000	70.000000	32.000000	56	0.000000	0.000000	0.000000	0	0	0	
124641	2372	0.080000	0.000000	0.000000	1.010000	0.000000	70.000000	32.000000	55	0.000000	0.000000	0.000000	0	0	0	
124812	2381	0.080000	0.000000	0.000000	1.010000	0.000000	70.000000	32.000000	55	0.000000	0.000000	0.000000	0	0	0	
124984	2391	0.080000	0.000000	0.000000	1.010000	0.000000	70.000000	32.000000	56	0.000000	0.000000	0.000000	0	0	0	
125172	2391	0.080000	0.000000	0.000000	1.010000	0.000000	70.000000	32.000000	55	0.000000	0.000000	0.000000	0	0	0	
125344	2400	0.080000	0.000000	0.000000	1.010000	0.000000	70.000000	32.000000	56	0.000000	0.000000	0.000000	0	0	0	
125516	2402	0.080000	0.000000	0.000000	1.010000	0.000000	70.000000	32.000000	56	0.000000	0.000000	0.000000	0	0	0	
125687	2404	0.080000	0.000000	0.000000	1.010000	0.000000	70.000000	32.000000	56	0.000000	0.000000	0.000000	0	0	0	
125875	2404	0.080000	0.000000	0.000000	1.010000	0.000000	70.000000	32.000000	56	0.000000	0.000000	0.000000	0	0	0	
126047	2411	0.080000	0.000000	0.000000	1.010000	0.000000	70.000000	32.000000	56	0.000000	0.000000	0.000000	0	0	0	
126219	2418	0.080000	0.000000	0.000000	1.010000	0.000000	70.000000	32.000000	56	0.000000	0.000000	0.000000	0	0	0	
126391	2426	0.080000	0.000000	0.000000	1.010000	0.000000	70.000000	32.000000	57	0.000000	0.000000	0.000000	0	0	0	
126578	2434	0.080000	0.000000	0.000000	1.010000	0.000000	70.000000	32.000000	56	0.000000	0.000000	0.000000	0	0	0	
126734	2435	0.080000	0.000000	0.000000	1.010000	0.000000	70.000000	32.000000	56	0.000000	0.000000	0.000000	0	0	0	
126984	2445	0.080000	0.000000	0.000000	1.010000	0.000000	70.000000	32.000000	56	0.000000	0.000000	0.000000	0	0	0	
127156	2442	0.080000	0.000000	0.000000	1.010000	0.000000	70.000000	32.000000	56	0.000000	0.000000	0.000000	0	0	0	
127344	2446	0.080000	0.000000	0.000000	1.010000	0.000000	70.000000	32.000000	56	0.000000	0.000000	0.000000	0	0	0	
127516	2446	0.080000	0.000000	0.000000	1.010000	0.000000	70.000000	32.000000	57	0.000000	0.000000	0.000000	0	0	0	
127687	2450	0.080000	0.000000	0.000000	1.010000	0.000000	70.000000	32.000000	56	0.000000	0.000000	0.000000	0	0	0	
127859	2453	0.080000	0.000000	0.000000	1.010000	0.000000	70.000000	32.000000	56	0.000000	0.000000	0.000000	0	0	0	
128047	2457	0.080000	0.000000	0.000000	1.010000	0.000000	70.000000	32.000000	56	0.000000	0.000000	0.000000	0	0	0	
128219	2467	0.080000	0.000000	0.000000	1.010000	0.000000	70.000000	32.000000	56	0.000000	0.000000	0.000000	0	0	0	
128391	2469	0.080000	0.000000	0.000000	1.010000	0.000000	70.000000	32.000000	56	0.000000	0.000000	0.000000	0	0	0	
128562	2471	0.080000	0.000000	0.000000	1.010000	0.000000	70.000000	32.000000	56	0.000000	0.000000	0.000000	0	0	0	
128750	2466	0.080000	0.000000	0.000000	1.010000	0.000000	70.000000	32.000000	57	0.000000	0.000000	0.000000	0	0	0	
128922	2458	0.080000	0.000000	0.000000	1.010000	0.000000	70.000000	32.000000	55	0.000000	0.000000	0.000000	0	0	0	
129094	2462	0.080000	0.000000	0.000000	1.010000	0.000000	70.000000	32.000000	56	0.000000	0.000000	0.000000	0	0	0	
129266	2458	0.080000	0.000000	0.000000	1.010000	0.000000	70.000000	32.000000	56	0.000000	0.000000	0.000000	0	0	0	
129437	2452	0.080000	0.000000	0.000000	1.010000	0.000000	70.000000	32.000000	56	0.000000	0.000000	0.000000	0	0	0	
129609	2445	0.080000	0.000000	0.000000	1.010000	0.000000	70.000000	32.000000	56	0.000000	0.000000	0.000000	0	0	0	
129781	2439	0.080000	0.000000	0.000000	1.010000	0.000000	70.000000	32.000000	57	0.000000	0.000000	0.000000	0	0	0	
129953	2436	0.080000	0.000000	0.000000	1.010000	0.000000	70.000000	32.000000	56	0.000000	0.000000	0.000000	0	0	0	
130141	2432	0.080000	0.000000	0.000000	1.010000	0.000000	70.000000	32.000000	55	0.000000	0.000000	0.000000	0	0	0	
130312	2421	0.080000	0.000000	0.000000	1.010000	0.000000	70.000000	32.000000	56	0.000000	0.000000	0.000000	0	0	0	
130562	2402	0.080000	0.000000	0.000000	1.010000	0.000000	70.000000	32.000000	56	0.000000	0.000000	0.000000	0	0	0	
130750	2391	0.080000	0.000000	0.000000	1.010000	0.000000	70.000000	32.000000	56	0.000000	0.000000	0.000000	0	0	0	
130922	2376	0.080000	0.000000	0.000000	1.010000	0.000000	70.000000	32.000000	56	0.000000	0.000000	0.000000	0	0	0	
131094	2363	0.080000	0.000000	0.000000	1.010000	0.000000	70.000000	32.000000	57	0.000000	0.000000	0.000000	0	0	0	
131266	2346	0.080000	0.000000	0.000000	1.010000	0.000000	70.000000	32.000000	56	0.000000	0.000000	0.000000	0	0	0	
131437	2336	0.080000	0.000000	0.000000	1.010000	0.000000	70.000000	32.000000	55	0.000000	0.000000	0.000000	0	0	0	
131625	2321	0.080000	0.000000	0.000000	1.010000	0.000000	70.000000	32.000000	56	0.000000	0.000000	0.000000	0	0	0	
131797	2314	0.080000	0.000000	0.000000	1.010000	0.000000	70.000000	32.000000	56	0.000000	0.000000	0.000000	0	0	0	
131969	2290	0.080000	0.000000	0.000000	1.010000	0.000000	70.000000	32.000000	56	0.000000	0.000000	0.000000	0	0	0	
132141	2289	0.080000	0.000000	0.000000	1.010000	0.000000	70.000000	32.000000	56	0.000000	0.000000	0.000000	0	0	0	
132328	2281	0.080000	0.000000	0.000000	1.010000	0.000000	70.000000	32.000000	57	0.000000	0.000000	0.000000	0	0	0	
132500	2274	0.080000	0.000000	0.000000	1.010000	0.000000	70.000000	32.000000	73	0.000000	0.000000	0.000000	0	0	0	
132672	2261	0.080000	0.000000	0.000000	1.010000	0.000000	70.000000	32.000000	73	0.000000	0.000000	0.000000	0	0	0	
132844	2253	0.080000	0.000000	0.000000	1.010000	0.000000	70.000000	32.000000	73	0.000000	0.000000	0.000000	0	0	0	
133031	2253	0.080000	0.000000	0.000000	1.010000	0.000000	70.000000	32.000000	74	0.000000	0.000000	0.000000	0	0	0	
133219	2250	0.080000	0.000000	0.000000	1.010000	0.000000	70.000000	32.000000	73	0.000000	0.000000	0.000000	0	0	0	
133406	2251	0.080000	0.000000	0.000000	1.010000	0.000000	70.000000	32.000000	73	0.000000	0.000000	0.000000	0	0	0	
133609	2249	0.080000	0.000000	0.000000	1.010000	0.000000	70.000000	32.000000	73	0.000000	0.000000	0.000000	0	0	0	
133781	2249	0.080000	0.000000	0.000000	1.010000	0.000000	70.000000	32.000000	73	0.000000	0.000000	0.000000	0	0	0	
133953	2252	0.080000	0.000000	0.000000	1.010000	0.000000	70.000000	32.000000	72	0.000000	0.000000	0.000000	0	0	0	
134203	2252	0.080000	0.000000	0.000000	1.010000	0.000000	70.000000	32.000000	73	0.000000	0.000000	0.000000	0	0	0	
134391	2252	0.080000	0.000000	0.000000	1.010000	0.000000	70.000000	32.000000	73	0.000000	0.000000	0.000000	0	0	0	
134547	2249	0.080000	0.000000	0.000000	1.010000	0.000000	70.000000	32.000000	74	0.000000	0.000000	0.000000	0	0	0	
134719	2248	0.080000	0.000000	0.000000	1.010000	0.000000	70.000000	32.000000	74	0.000000	0.000000	0.000000	0	0	0	
134906	2246	0.080000	0.000000	0.000000	1.010000	0.000000	70.000000	32.000000	74	0.000000	0.000000	0.000000	0	0	0	
135109	2238	0.080000	0.000000	0.000000	1.010000	0.000000	70.000000	32.000000	73	0.000000	0.000000	0.000000	0	0	0	
135281	2232	0.080000	0.000000	0.000000	1.010000	0.000000	70.000000	32.000000	73	0.000000	0.000000	0.000000	0	0	0	
135453	2220	0.080000	0.000000	0.000000	1.010000	0.000000	70.000000	32.000000	73	0.000000	0.000000	0.000000	0	0	0	
135625	2211	0.080000	0.000000	0.000000	1.010000	0.000000	70.000000	32.000000	73	0.000000	0.000000	0.000000	0	0	0	
135812	2208	0.080000	0.000000	0.000000	1.010000	0.000000	70.000000	31.000000	73	0.000000	0.000000	0.000000	0	0	0	
135984	2196	0.080000	0.000000	0.000000	1.010000	0.000000	70.000000	32.000000	73	0.000000	0.000000	0.000000	0	0	0	
136172	2181	0.080000	0.000000	0.000000	1.010000	0.000000	69.000000	31.000000	73	0.000000	0.000000	0.000000	0	0	0	
136359	2176	0.080000	0.000000	0.000000	1.010000	0.000000	69.000000	32.000000	55	0.000000	0.000000	0.000000	0	0	0	
136562	2168	0.080000	0.000000	0.000000	1.010000	0.000000	69.000000	31.000000	56	0.000000	0.000000	0.000000	0	0	0	
136750	2154	0.080000	0.000000	0.000000	1.010000	0.000000	69.000000	31.000000	56	0.000000	0.000000	0.000000	0	0	0	
136937	2147	0.080000	0.000000	0.000000	1.010000	0.000000	69.000000	31.000000	56	0.000000	0.000000	0.000000	0	0	0	
137125	2133	0.080000	0.000000	0.000000	1.010000	0.000000	69.000000	31.000000	55	0.000000	0.000000	0.000000	0	0	0	
137312	2130	0.080000	0.000000	0.000000	1.010000	0.000000	69.000000	31.000000	57	0.000000	0.000000	0.000000	0	0	0	
137500	2109	0.080000	0.000000	0.000000	1.010000	0.000000	69.000000	31.000000	55	0.000000	0.000000	0.000000	0	0	0	
137687	2100	0.080000	0.000000	0.000000	1.010000	0.000000	69.000000	31.000000	56	0.000000	0.000000	0.000000	0	0	0	
137953	2083	0.080000	0.000000	0.000000	1.010000	0.000000	69.000000	31.000000	56	0.000000	0.000000	0.000000	0	0	0	
138125	2067	0.080000	0.000000	0.000000	1.010000	0.000000	69.000000	31.000000	57	0.000000	0.000000	0.000000	0	0	0	
138297	2058	0.080000	0.000000	0.000000	1.010000	0.000000	69.000000	31.000000	57	0.000000	0.000000	0.000000	0	0	0	
138469	2051	0.080000	0.000000	0.000000	1.010000	0.000000	69.000000	31.000000	57	0.000000	0.000000	0.000000	0	0	0	
138656	2036	0.080000	0.000000	0.000000	1.010000	0.000000	69.000000	31.000000	57	0.000000	0.000000	0.000000	0	0	0	
138828	2020	0.080000	0.000000	0.000000	1.010000	0.000000	69.000000	31.000000	57	0.000000	0.000000	0.000000	0	0	0	
139000	2010	0.080000	0.000000	0.000000	1.010000	0.000000	69.000000	31.000000	56	0.000000	0.000000	0.000000	0	0	0	
139172	1999	0.080000	0.000000	0.000000	1.010000	0.000000	69.000000	31.000000	55	0.000000	0.000000	0.000000	0	0	0	
139359	1989	0.080000	0.000000	0.000000	1.010000	0.000000	69.000000	31.000000	57	0.000000	0.000000	0.000000	0	0	0	
139531	1974	0.080000	0.000000	0.000000	1.010000	0.000000	69.000000	31.000000	56	0.000000	0.000000	0.000000	0	0	0	
139703	1956	0.080000	0.000000	0.000000	1.010000	0.000000	69.000000	31.000000	56	0.000000	0.000000	0.000000	0	0	0	
139875	1947	0.080000	0.000000	0.000000	1.010000	0.000000	69.000000	31.000000	56	0.000000	0.000000	0.000000	0	0	0	
140062	1929	0.080000	0.000000	0.000000	1.010000	0.000000	69.000000	31.000000	57	0.000000	0.000000	0.000000	0	0	0	
140234	1915	0.080000	0.000000	0.000000	1.010000	0.000000	69.000000	31.000000	55	0.000000	0.000000	0.000000	0	0	0	
140406	1904	0.080000	0.000000	0.000000	1.010000	0.000000	69.000000	31.000000	55	0.000000	0.000000	0.000000	0	0	0	
140578	1891	0.080000	0.000000	0.000000	1.010000	0.000000	69.000000	31.000000	56	0.000000	0.000000	0.000000	0	0	0	
140766	1880	0.080000	0.000000	0.000000	1.010000	0.000000	69.000000	31.000000	56	0.000000	0.000000	0.000000	0	0	0	
140937	1870	0.080000	0.000000	0.000000	1.010000	0.000000	69.000000	31.000000	56	0.000000	0.000000	0.000000	0	0	0	
141109	1861	0.080000	0.000000	0.000000	1.010000	0.000000	69.000000	31.000000	56	0.000000	0.000000	0.000000	0	0	0	
141281	1856	0.080000	0.000000	0.000000	1.010000	0.000000	69.000000	31.000000	55	0.000000	0.000000	0.000000	0	0	0	
141547	1848	0.080000	0.000000	0.000000	1.010000	0.000000	69.000000	31.000000	56	0.000000	0.000000	0.000000	0	0	0	
141719	1841	0.080000	0.000000	0.000000	1.010000	0.000000	69.000000	31.000000	57	0.000000	0.000000	0.000000	0	0	0	
141891	1834	0.080000	0.000000	0.000000	1.010000	0.000000	69.000000	31.000000	56	0.000000	0.000000	0.000000	0	0	0	
142062	1823	0.080000	0.000000	0.000000	1.010000	0.000000	69.000000	31.000000	55	0.000000	0.000000	0.000000	0	0	0	
142266	1823	0.080000	0.000000	0.000000	1.020000	0.000000	69.000000	31.000000	56	0.000000	0.000000	0.000000	0	0	0	
142437	1823	0.080000	0.000000	0.000000	1.020000	0.000000	69.000000	31.000000	56	0.000000	0.000000	0.000000	0	0	0	
142609	1824	0.080000	0.000000	0.000000	1.020000	0.000000	69.000000	31.000000	55	0.000000	0.000000	0.000000	0	0	0	
142781	1819	0.080000	0.000000	0.000000	1.020000	0.000000	69.000000	31.000000	57	0.000000	0.000000	0.000000	0	0	0	
142969	1820	0.080000	0.000000	0.000000	1.020000	0.000000	69.000000	31.000000	56	0.000000	0.000000	0.000000	0	0	0	
143141	1816	0.080000	0.000000	0.000000	1.020000	0.000000	69.000000	31.000000	55	0.000000	0.000000	0.000000	0	0	0	
143312	1814	0.080000	0.000000	0.000000	1.020000	0.000000	69.000000	31.000000	57	0.000000	0.000000	0.000000	0	0	0	
143500	1821	0.080000	5.110000	4.220000	1.000000	0.000000	69.000000	31.000000	57	0.000000	0.000000	0.000000	0	0	0	
143703	1785	0.080000	4.740000	4.000000	0.990000	0.000000	69.000000	31.000000	55	0.000000	0.000000	0.000000	0	0	0	
143906	1835	0.080000	4.690000	3.930000	0.990000	0.000000	69.000000	31.000000	254	0.000000	0.000000	0.000000	0	0	0	
144094	1828	0.080000	4.660000	3.890000	0.990000	0.000000	69.000000	31.000000	55	0.000000	0.000000	0.000000	0	0	0	
144312	1828	0.080000	4.620000	3.860000	0.990000	0.000000	69.000000	31.000000	57	0.000000	0.000000	0.000000	0	0	0	
144500	1827	0.080000	4.530000	3.730000	0.990000	0.000000	69.000000	31.000000	54	0.000000	0.000000	0.000000	0	0	0	
144687	1836	0.080000	4.340000	3.480000	1.000000	0.000000	69.000000	31.000000	56	0.000000	0.000000	0.000000	0	0	0	
144875	1835	0.080000	4.220000	3.460000	1.000000	0.000000	69.000000	31.000000	55	0.000000	0.000000	0.000000	0	0	0	
145078	1849	0.080000	4.350000	3.480000	1.000000	0.000000	69.000000	31.000000	55	0.000000	0.000000	0.000000	0	0	0	
145344	1851	0.080000	4.190000	3.450000	1.000000	0.000000	69.000000	31.000000	55	0.000000	0.000000	0.000000	0	0	0	
145531	1851	0.080000	4.130000	3.380000	1.000000	0.000000	69.000000	31.000000	236	0.000000	0.000000	0.000000	0	0	0	
145719	1857	0.080000	4.220000	3.430000	1.000000	0.000000	69.000000	31.000000	55	0.000000	0.000000	0.000000	0	0	0	
145922	1872	0.080000	4.210000	3.450000	0.990000	0.000000	69.000000	31.000000	57	0.000000	0.000000	0.000000	0	0	0	
146109	1855	0.080000	4.040000	3.330000	1.000000	0.000000	69.000000	31.000000	62	0.000000	0.000000	0.000000	0	0	0	
146297	1892	0.080000	4.200000	3.390000	1.000000	0.000000	69.000000	31.000000	55	0.000000	0.000000	0.000000	0	0	0	
146516	1874	0.080000	4.210000	3.410000	0.990000	0.000000	69.000000	31.000000	56	0.000000	0.000000	0.000000	0	0	0	
146719	1864	0.080000	4.070000	3.330000	1.000000	0.000000	69.000000	31.000000	93	0.000000	0.000000	0.000000	0	0	0	
146906	1864	0.080000	4.200000	3.390000	1.000000	0.000000	69.000000	31.000000	126	0.000000	0.000000	0.000000	0	0	0	
147094	1906	0.080000	4.440000	3.580000	1.000000	0.000000	69.000000	31.000000	73	0.000000	0.000000	0.000000	0	0	0	
147297	1904	0.080000	4.410000	3.540000	1.000000	0.000000	69.000000	31.000000	73	0.000000	0.000000	0.000000	0	0	0	
147484	1893	0.080000	4.380000	3.580000	1.010000	0.000000	69.000000	31.000000	72	0.000000	0.000000	0.000000	0	0	0	
147672	1904	0.080000	4.420000	3.610000	1.010000	0.000000	69.000000	31.000000	72	0.000000	0.000000	0.000000	0	0	0	
147859	1899	0.080000	4.480000	3.650000	1.010000	0.000000	69.000000	31.000000	73	0.000000	0.000000	0.000000	0	0	0	
148062	1927	0.080000	4.620000	3.910000	1.020000	0.000000	69.000000	31.000000	74	0.000000	0.000000	0.000000	0	0	0	
148250	1918	0.080000	4.740000	4.070000	1.030000	0.000000	69.000000	31.000000	73	0.000000	0.000000	0.000000	0	0	0	
148437	1938	0.080000	5.270000	4.340000	1.030000	0.000000	69.000000	31.000000	71	0.000000	0.000000	0.000000	0	0	0	
148641	1943	0.080000	5.170000	4.270000	1.030000	0.000000	69.000000	31.000000	73	0.000000	0.000000	0.000000	0	0	0	
148828	1935	0.080000	5.180000	4.280000	1.030000	0.000000	69.000000	31.000000	72	0.000000	0.000000	0.000000	0	0	0	
149016	1936	0.080000	4.930000	4.180000	1.030000	0.000000	69.000000	31.000000	73	0.000000	0.000000	0.000000	0	0	0	
149281	1959	0.080000	4.720000	4.080000	1.030000	0.000000	69.000000	31.000000	71	0.000000	0.000000	0.000000	0	0	0	
149484	1971	0.080000	4.860000	4.120000	1.020000	0.000000	69.000000	31.000000	73	0.000000	0.000000	0.000000	0	0	0	
149672	1966	0.080000	4.940000	4.170000	1.020000	0.000000	69.000000	31.000000	73	0.000000	0.000000	0.000000	0	0	0	
149859	1983	0.080000	4.880000	4.140000	1.030000	0.000000	69.000000	31.000000	72	0.000000	0.000000	0.000000	0	0	0	
150062	1978	0.080000	4.740000	4.040000	1.020000	0.000000	69.000000	31.000000	74	0.000000	0.000000	0.000000	0	0	0	
150250	1999	0.080000	4.740000	4.080000	1.020000	0.000000	69.000000	31.000000	72	0.000000	0.000000	0.000000	0	0	0	
150437	2002	0.080000	4.940000	4.160000	1.020000	0.000000	69.000000	31.000000	72	0.000000	0.000000	0.000000	0	0	0	
150625	1999	0.080000	4.760000	4.090000	1.020000	0.000000	69.000000	31.000000	73	0.000000	0.000000	0.000000	0	0	0	
150828	2012	0.080000	4.760000	4.050000	1.010000	0.000000	69.000000	31.000000	73	0.000000	0.000000	0.000000	0	0	0	
151016	2025	0.080000	4.730000	4.080000	1.010000	0.000000	69.000000	31.000000	73	0.000000	0.000000	0.000000	0	0	0	
151203	2026	0.080000	4.720000	4.080000	1.010000	0.000000	69.000000	31.000000	73	0.000000	0.000000	0.000000	0	0	0	
151391	2030	0.080000	4.720000	4.040000	1.010000	0.000000	69.000000	31.000000	74	0.000000	0.000000	0.000000	0	0	0	
151594	2038	0.080000	4.710000	4.070000	1.010000	0.000000	68.000000	31.000000	72	0.000000	0.000000	0.000000	0	0	0	
151781	2043	0.080000	4.820000	4.080000	1.010000	0.000000	68.000000	31.000000	71	0.000000	0.000000	0.000000	0	0	0	
151984	2047	0.080000	4.730000	4.050000	1.010000	0.000000	69.000000	31.000000	73	0.000000	0.000000	0.000000	0	0	0	
152187	2045	0.080000	4.720000	4.040000	1.010000	0.000000	68.000000	31.000000	75	0.000000	0.000000	0.000000	0	0	0	
152375	2063	0.080000	4.830000	4.090000	1.010000	0.000000	68.000000	31.000000	57	0.000000	0.000000	0.000000	0	0	0	
152547	2064	0.080000	4.720000	4.050000	1.010000	0.000000	68.000000	31.000000	55	0.000000	0.000000	0.000000	0	0	0	
152734	2070	0.080000	4.700000	3.960000	1.010000	0.000000	68.000000	31.000000	54	0.000000	0.000000	0.000000	0	0	0	
152937	2077	0.080000	4.720000	4.010000	1.010000	0.000000	68.000000	31.000000	55	0.000000	0.000000	0.000000	0	0	0	
153203	2088	0.080000	4.720000	4.010000	1.010000	0.000000	68.000000	31.000000	55	0.000000	0.000000	0.000000	0	0	0	
153391	2084	0.080000	4.670000	3.940000	1.010000	0.000000	68.000000	31.000000	56	0.000000	0.000000	0.000000	0	0	0	
153578	2097	0.080000	4.670000	3.950000	1.010000	0.000000	68.000000	31.000000	55	0.000000	0.000000	0.000000	0	0	0	
153781	2098	0.080000	4.710000	3.990000	1.000000	0.000000	68.000000	31.000000	56	0.000000	0.000000	0.000000	0	0	0	
153969	2109	0.080000	4.700000	3.980000	1.010000	0.000000	68.000000	31.000000	57	0.000000	0.000000	0.000000	0	0	0	
154172	2104	0.080000	4.630000	3.890000	1.010000	0.000000	68.000000	31.000000	104	0.000000	0.000000	0.000000	0	0	0	
154375	2123	0.080000	4.660000	3.930000	1.010000	0.000000	68.000000	31.000000	54	0.000000	0.000000	0.000000	0	0	0	
154562	2128	0.080000	4.680000	3.960000	1.000000	0.000000	68.000000	31.000000	56	0.000000	0.000000	0.000000	0	0	0	
154750	2133	0.080000	4.660000	3.940000	1.010000	0.000000	68.000000	31.000000	55	0.000000	0.000000	0.000000	0	0	0	
154937	2133	0.080000	4.630000	3.890000	1.000000	0.000000	68.000000	31.000000	54	0.000000	0.000000	0.000000	0	0	0	
155141	2145	0.080000	4.570000	3.710000	1.000000	0.000000	68.000000	31.000000	57	0.000000	0.000000	0.000000	0	0	0	
155328	2129	0.080000	4.470000	3.550000	0.990000	0.000000	68.000000	31.000000	60	0.000000	0.000000	0.000000	0	0	0	
155531	2152	0.080000	4.040000	3.280000	0.980000	0.000000	68.000000	31.000000	254	0.000000	0.000000	0.000000	0	0	0	
155734	2135	0.080000	4.040000	3.290000	0.980000	0.000000	68.000000	31.000000	254	0.000000	0.000000	0.000000	0	0	0	
155937	2141	0.080000	4.020000	3.290000	0.980000	0.000000	68.000000	31.000000	254	0.000000	0.000000	0.000000	0	0	0	
156125	2113	0.080000	0.000000	0.000000	1.000000	0.000000	68.000000	31.000000	254	0.000000	0.000000	0.000000	0	0	0	
156328	2097	0.080000	0.000000	0.000000	1.010000	0.000000	68.000000	31.000000	56	0.000000	0.000000	0.000000	0	0	0	
156516	2087	0.080000	0.000000	0.000000	1.010000	0.000000	68.000000	31.000000	15	0.000000	0.000000	0.000000	0	0	0	
156687	2072	0.080000	0.000000	0.000000	1.010000	0.000000	68.000000	31.000000	15	0.000000	0.000000	0.000000	0	0	0	
156859	2062	0.080000	0.000000	0.000000	1.010000	0.000000	68.000000	31.000000	15	0.000000	0.000000	0.000000	0	0	0	
157109	2022	0.080000	0.000000	0.000000	1.010000	0.000000	68.000000	31.000000	16	0.000000	0.000000	0.000000	0	0	0	
157297	2002	0.080000	0.000000	0.000000	1.010000	0.000000	68.000000	31.000000	15	0.000000	0.000000	0.000000	0	0	0	
157469	1984	0.080000	0.000000	0.000000	1.010000	0.000000	68.000000	31.000000	14	0.000000	0.000000	0.000000	0	0	0	
157641	1961	0.080000	0.000000	0.000000	1.010000	0.000000	68.000000	31.000000	16	0.000000	0.000000	0.000000	0	0	0	
157812	1942	0.080000	0.000000	0.000000	1.010000	0.000000	68.000000	31.000000	15	0.000000	0.000000	0.000000	0	0	0	
158000	1921	0.080000	0.000000	0.000000	1.010000	0.000000	68.000000	31.000000	15	0.000000	0.000000	0.000000	0	0	0	
158172	1899	0.080000	0.000000	0.000000	1.010000	0.000000	68.000000	31.000000	15	0.000000	0.000000	0.000000	0	0	0	
158344	1878	0.080000	0.000000	0.000000	1.010000	0.000000	68.000000	31.000000	15	0.000000	0.000000	0.000000	0	0	0	
158516	1855	0.080000	0.000000	0.000000	1.010000	0.000000	68.000000	31.000000	15	0.000000	0.000000	0.000000	0	0	0	
158719	1832	0.080000	0.000000	0.000000	1.020000	0.000000	68.000000	31.000000	15	0.000000	0.000000	0.000000	0	0	0	
158891	1809	0.080000	0.000000	0.000000	1.020000	0.000000	68.000000	31.000000	16	0.000000	0.000000	0.000000	0	0	0	
159062	1788	0.080000	0.000000	0.000000	1.020000	0.000000	68.000000	31.000000	15	0.000000	0.000000	0.000000	0	0	0	
159250	1765	0.080000	0.000000	0.000000	1.030000	0.000000	68.000000	31.000000	15	0.000000	0.000000	0.000000	0	0	0	
159437	1740	0.080000	0.000000	0.000000	1.030000	0.000000	68.000000	31.000000	16	0.000000	0.000000	0.000000	0	0	0	
159609	1730	0.080000	0.000000	0.000000	1.030000	0.000000	68.000000	31.000000	15	0.000000	0.000000	0.000000	0	0	0	
159781	1722	0.080000	0.000000	0.000000	1.040000	0.000000	68.000000	31.000000	14	0.000000	0.000000	0.000000	0	0	0	
159969	1709	0.080000	0.000000	0.000000	1.040000	0.000000	68.000000	31.000000	16	0.000000	0.000000	0.000000	0	0	0	
160156	1699	0.080000	0.000000	0.000000	1.040000	0.000000	68.000000	31.000000	16	0.000000	0.000000	0.000000	0	0	0	
160328	1685	0.080000	0.000000	0.000000	1.040000	0.000000	68.000000	31.000000	56	0.000000	0.000000	0.000000	0	0	0	
160531	1702	0.080000	5.640000	4.430000	1.010000	0.000000	68.000000	31.000000	131	0.000000	0.000000	0.000000	0	0	0	
160812	1704	0.080000	1.910000	0.870000	1.030000	0.000000	68.000000	31.000000	55	0.000000	0.000000	0.000000	0	0	0	
161000	1704	0.080000	6.860000	5.470000	1.050000	0.000000	68.000000	31.000000	57	0.000000	0.000000	0.000000	0	0	0	
161172	1711	0.080000	7.360000	5.830000	1.070000	0.000000	68.000000	31.000000	56	0.000000	0.000000	0.000000	0	0	0	
161375	1714	0.080000	1.890000	0.810000	1.100000	0.000000	68.000000	31.000000	73	0.000000	0.000000	0.000000	0	0	0	
161562	1729	0.080000	8.800000	7.580000	1.150000	0.000000	68.000000	31.000000	73	0.000000	0.000000	0.000000	0	0	0	
161750	1741	0.080000	9.740000	8.640000	1.190000	0.000000	68.000000	31.000000	73	0.000000	0.000000	0.000000	0	0	0	
161937	1774	0.080000	10.000000	8.780000	1.210000	0.000000	68.000000	31.000000	106	0.000000	0.000000	0.000000	0	0	0	
162125	1812	0.080000	10.210000	8.920000	1.210000	0.000000	68.000000	31.000000	106	0.000000	0.000000	0.000000	0	0	0	
162328	1823	0.080000	10.380000	9.180000	1.230000	0.000000	68.000000	31.000000	106	0.000000	0.000000	0.000000	0	0	0	
162516	1861	0.080000	10.440000	9.220000	1.240000	0.000000	68.000000	31.000000	106	0.000000	0.000000	0.000000	0	0	0	
162703	1895	0.080000	10.370000	9.090000	1.230000	0.000000	68.000000	31.000000	105	0.000000	0.000000	0.000000	0	0	0	
162906	1924	0.080000	10.120000	8.800000	1.240000	0.000000	68.000000	31.000000	105	0.000000	0.000000	0.000000	0	0	0	
163094	1938	0.080000	9.420000	8.360000	1.220000	0.000000	68.000000	31.000000	106	0.000000	0.000000	0.000000	0	0	0	
163281	1957	0.080000	9.330000	8.270000	1.210000	0.000000	68.000000	31.000000	106	0.000000	0.000000	0.000000	0	0	0	
163469	1971	0.080000	8.990000	7.970000	1.200000	0.000000	68.000000	31.000000	105	0.000000	0.000000	0.000000	0	0	0	
163672	2005	0.080000	9.000000	7.980000	1.190000	0.000000	68.000000	31.000000	107	0.000000	0.000000	0.000000	0	0	0	
163859	2028	0.080000	9.050000	8.030000	1.190000	0.000000	68.000000	31.000000	106	0.000000	0.000000	0.000000	0	0	0	
164047	2060	0.080000	8.800000	7.760000	1.190000	0.000000	68.000000	31.000000	106	0.000000	0.000000	0.000000	0	0	0	
164234	2080	0.080000	8.890000	7.860000	1.190000	0.000000	68.000000	31.000000	106	0.000000	0.000000	0.000000	0	0	0	
164437	2087	0.080000	9.010000	7.930000	1.180000	0.000000	68.000000	31.000000	105	0.000000	0.000000	0.000000	0	0	0	
164703	2136	0.080000	8.790000	7.700000	1.170000	0.000000	68.000000	31.000000	105	0.000000	0.000000	0.000000	0	0	0	
164891	2131	0.080000	8.490000	7.380000	1.160000	0.000000	68.000000	31.000000	105	0.000000	0.000000	0.000000	0	0	0	
165094	2148	0.080000	8.390000	7.210000	1.150000	0.000000	68.000000	31.000000	107	0.000000	0.000000	0.000000	0	0	0	
165281	2170	0.080000	8.210000	7.010000	1.130000	0.000000	68.000000	31.000000	73	0.000000	0.000000	0.000000	0	0	0	
165484	2181	0.080000	7.880000	6.820000	1.120000	0.000000	68.000000	31.000000	72	0.000000	0.000000	0.000000	0	0	0	
165672	2190	0.080000	7.900000	6.790000	1.120000	0.000000	68.000000	31.000000	73	0.000000	0.000000	0.000000	0	0	0	
165875	2215	0.080000	7.970000	6.830000	1.110000	0.000000	68.000000	31.000000	72	0.000000	0.000000	0.000000	0	0	0	
166062	2221	0.080000	7.810000	6.640000	1.110000	0.000000	68.000000	31.000000	73	0.000000	0.000000	0.000000	0	0	0	
166250	2243	0.080000	7.700000	6.540000	1.110000	0.000000	68.000000	31.000000	73	0.000000	0.000000	0.000000	0	0	0	
166437	2252	0.080000	7.790000	6.640000	1.110000	0.000000	68.000000	31.000000	72	0.000000	0.000000	0.000000	0	0	0	
166641	2261	0.080000	7.900000	6.660000	1.100000	0.000000	68.000000	31.000000	73	0.000000	0.000000	0.000000	0	0	0	
166828	2267	0.080000	7.250000	6.090000	1.090000	0.000000	68.000000	31.000000	72	0.000000	0.000000	0.000000	0	0	0	
167016	2273	0.080000	5.450000	4.570000	1.040000	0.000000	68.000000	31.000000	74	0.000000	0.000000	0.000000	0	0	0	
167219	2274	0.080000	5.270000	4.350000	1.020000	0.000000	68.000000	31.000000	72	0.000000	0.000000	0.000000	0	0	0	
167406	2279	0.080000	4.950000	4.130000	1.010000	0.000000	68.000000	31.000000	72	0.000000	0.000000	0.000000	0	0	0	
167594	2282	0.080000	4.720000	3.950000	1.010000	0.000000	68.000000	31.000000	72	0.000000	0.000000	0.000000	0	0	0	
167797	2284	0.080000	4.720000	4.000000	1.000000	0.000000	68.000000	31.000000	74	0.000000	0.000000	0.000000	0	0	0	
168016	2281	0.080000	4.860000	4.060000	1.000000	0.000000	67.000000	31.000000	77	0.000000	0.000000	0.000000	0	0	0	
168203	2283	0.080000	4.710000	4.000000	1.010000	0.000000	67.000000	31.000000	72	0.000000	0.000000	0.000000	0	0	0	
168406	2283	0.080000	4.720000	3.930000	1.010000	0.000000	67.000000	31.000000	104	0.000000	0.000000	0.000000	0	0	0	
168687	2282	0.080000	4.710000	4.010000	1.010000	0.000000	67.000000	31.000000	96	0.000000	0.000000	0.000000	0	0	0	
168875	2283	0.080000	4.710000	4.020000	1.010000	0.000000	67.000000	31.000000	161	0.000000	0.000000	0.000000	0	0	0	
169078	2279	0.080000	4.710000	3.970000	1.010000	0.000000	67.000000	31.000000	171	0.000000	0.000000	0.000000	0	0	0	
169266	2289	0.080000	4.720000	3.960000	1.010000	0.000000	67.000000	31.000000	73	0.000000	0.000000	0.000000	0	0	0	
169469	2286	0.080000	4.710000	4.010000	1.010000	0.000000	67.000000	31.000000	75	0.000000	0.000000	0.000000	0	0	0	
169656	2283	0.080000	4.720000	3.980000	1.010000	0.000000	67.000000	31.000000	103	0.000000	0.000000	0.000000	0	0	0	
169844	2287	0.080000	4.710000	3.920000	1.010000	0.000000	67.000000	31.000000	106	0.000000	0.000000	0.000000	0	0	0	
170047	2286	0.080000	4.720000	3.970000	1.010000	0.000000	67.000000	31.000000	113	0.000000	0.000000	0.000000	0	0	0	
170250	2286	0.080000	4.740000	3.960000	1.010000	0.000000	67.000000	31.000000	76	0.000000	0.000000	0.000000	0	0	0	
170437	2287	0.080000	4.710000	3.910000	1.010000	0.000000	67.000000	31.000000	83	0.000000	0.000000	0.000000	0	0	0	
170625	2282	0.080000	4.680000	3.880000	1.010000	0.000000	67.000000	31.000000	72	0.000000	0.000000	0.000000	0	0	0	
170844	2279	0.080000	4.730000	3.970000	1.010000	0.000000	67.000000	31.000000	73	0.000000	0.000000	0.000000	0	0	0	
171031	2287	0.080000	4.680000	3.880000	1.010000	0.000000	67.000000	31.000000	73	0.000000	0.000000	0.000000	0	0	0	
171219	2287	0.080000	4.650000	3.840000	1.010000	0.000000	67.000000	31.000000	80	0.000000	0.000000	0.000000	0	0	0	
171406	2283	0.080000	4.680000	3.880000	1.010000	0.000000	67.000000	31.000000	75	0.000000	0.000000	0.000000	0	0	0	
171609	2280	0.080000	4.710000	3.910000	1.010000	0.000000	67.000000	31.000000	209	0.000000	0.000000	0.000000	0	0	0	
171812	2279	0.080000	4.680000	3.890000	1.010000	0.000000	67.000000	31.000000	93	0.000000	0.000000	0.000000	0	0	0	
172000	2276	0.080000	4.630000	3.820000	1.010000	0.000000	67.000000	31.000000	74	0.000000	0.000000	0.000000	0	0	0	
172203	2279	0.080000	4.640000	3.840000	1.010000	0.000000	67.000000	31.000000	168	0.000000	0.000000	0.000000	0	0	0	
172391	2277	0.080000	4.670000	3.870000	1.010000	0.000000	67.000000	31.000000	72	0.000000	0.000000	0.000000	0	0	0	
172656	2280	0.080000	4.620000	3.800000	1.010000	0.000000	67.000000	31.000000	234	0.000000	0.000000	0.000000	0	0	0	
172844	2275	0.080000	4.640000	3.830000	1.010000	0.000000	67.000000	31.000000	72	0.000000	0.000000	0.000000	0	0	0	
173047	2269	0.080000	4.670000	3.870000	1.010000	0.000000	67.000000	31.000000	78	0.000000	0.000000	0.000000	0	0	0	
173234	2269	0.080000	4.640000	3.830000	1.010000	0.000000	67.000000	31.000000	209	0.000000	0.000000	0.000000	0	0	0	
173437	2274	0.080000	4.590000	3.770000	1.010000	0.000000	67.000000	31.000000	73	0.000000	0.000000	0.000000	0	0	0	
173641	2262	0.080000	4.630000	3.820000	1.010000	0.000000	67.000000	31.000000	132	0.000000	0.000000	0.000000	0	0	0	
173828	2264	0.080000	4.660000	3.850000	1.010000	0.000000	67.000000	31.000000	73	0.000000	0.000000	0.000000	0	0	0	
174016	2260	0.080000	4.630000	3.820000	1.010000	0.000000	67.000000	31.000000	72	0.000000	0.000000	0.000000	0	0	0	
174187	2255	0.080000	4.620000	3.800000	1.010000	0.000000	67.000000	31.000000	74	0.000000	0.000000	0.000000	0	0	0	
174391	2257	0.080000	4.640000	3.830000	1.010000	0.000000	67.000000	31.000000	74	0.000000	0.000000	0.000000	0	0	0	
174594	2257	0.080000	4.650000	3.850000	1.020000	0.000000	67.000000	31.000000	72	0.000000	0.000000	0.000000	0	0	0	
174797	2251	0.080000	4.620000	3.810000	1.010000	0.000000	67.000000	31.000000	72	0.000000	0.000000	0.000000	0	0	0	
174984	2237	0.080000	4.570000	3.780000	1.010000	0.000000	67.000000	31.000000	111	0.000000	0.000000	0.000000	0	0	0	
175187	2222	0.080000	4.320000	3.450000	0.990000	0.000000	67.000000	31.000000	74	0.000000	0.000000	0.000000	0	0	0	
175375	2200	0.080000	3.950000	3.160000	0.990000	0.000000	67.000000	31.000000	74	0.000000	0.000000	0.000000	0	0	0	
175562	2226	0.080000	3.780000	3.060000	0.980000	0.000000	67.000000	31.000000	75	0.000000	0.000000	0.000000	0	0	0	
175766	2211	0.080000	4.000000	3.190000	0.990000	0.000000	67.000000	31.000000	254	0.000000	0.000000	0.000000	0	0	0	
175953	2195	0.080000	3.990000	3.190000	0.980000	0.000000	67.000000	31.000000	236	0.000000	0.000000	0.000000	0	0	0	
176141	2179	0.080000	3.660000	3.020000	0.990000	0.000000	67.000000	31.000000	239	0.000000	0.000000	0.000000	0	0	0	
176344	2170	0.080000	3.720000	3.060000	0.990000	0.000000	67.000000	31.000000	219	0.000000	0.000000	0.000000	0	0	0	
176641	2164	0.080000	3.970000	3.190000	0.980000	0.000000	67.000000	31.000000	89	0.000000	0.000000	0.000000	0	0	0	
176844	2131	0.080000	3.830000	3.150000	0.980000	0.000000	67.000000	31.000000	113	0.000000	0.000000	0.000000	0	0	0	
177047	2122	0.080000	3.760000	3.090000	0.990000	0.000000	67.000000	31.000000	249	0.000000	0.000000	0.000000	0	0	0	
177266	2118	0.080000	3.900000	3.170000	0.990000	0.000000	67.000000	31.000000	200	0.000000	0.000000	0.000000	0	0	0	
177453	2116	0.080000	3.890000	3.180000	0.980000	0.000000	67.000000	31.000000	73	0.000000	0.000000	0.000000	0	0	0	
177656	2098	0.080000	3.760000	3.120000	0.980000	0.000000	67.000000	31.000000	162	0.000000	0.000000	0.000000	0	0	0	
177844	2099	0.080000	3.800000	3.150000	0.980000	0.000000	67.000000	31.000000	75	0.000000	0.000000	0.000000	0	0	0	
178047	2062	0.080000	3.930000	3.220000	0.980000	0.000000	67.000000	31.000000	254	0.000000	0.000000	0.000000	0	0	0	
178250	2052	0.080000	3.850000	3.170000	0.980000	0.000000	67.000000	31.000000	54	0.000000	0.000000	0.000000	0	0	0	
178453	2057	0.080000	3.850000	3.180000	0.990000	0.000000	67.000000	31.000000	124	0.000000	0.000000	0.000000	0	0	0	
178656	2060	0.080000	3.930000	3.220000	0.980000	0.000000	67.000000	31.000000	57	0.000000	0.000000	0.000000	0	0	0	
178859	2049	0.080000	3.950000	3.240000	0.980000	0.000000	67.000000	31.000000	59	0.000000	0.000000	0.000000	0	0	0	
179047	2027	0.080000	3.810000	3.190000	0.980000	0.000000	67.000000	31.000000	249	0.000000	0.000000	0.000000	0	0	0	
179234	2016	0.080000	3.840000	3.200000	0.980000	0.000000	67.000000	31.000000	63	0.000000	0.000000	0.000000	0	0	0	
179437	2003	0.080000	3.810000	3.180000	0.990000	0.000000	67.000000	31.000000	243	0.000000	0.000000	0.000000	0	0	0	
179641	2009	0.080000	3.890000	3.220000	0.980000	0.000000	67.000000	31.000000	147	0.000000	0.000000	0.000000	0	0	0	
179828	1990	0.080000	3.880000	3.240000	0.990000	0.000000	67.000000	31.000000	249	0.000000	0.000000	0.000000	0	0	0	
180047	1994	0.080000	4.030000	3.290000	0.980000	0.000000	67.000000	31.000000	156	0.000000	0.000000	0.000000	0	0	0	
180234	2003	0.080000	4.020000	3.280000	0.980000	0.000000	67.000000	31.000000	57	0.000000	0.000000	0.000000	0	0	0	
180422	1960	0.080000	3.830000	3.210000	0.980000	0.000000	67.000000	31.000000	56	0.000000	0.000000	0.000000	0	0	0	
180687	1981	0.080000	4.000000	3.280000	0.980000	0.000000	67.000000	31.000000	139	0.000000	0.000000	0.000000	0	0	0	
180906	1957	0.080000	4.030000	3.290000	0.980000	0.000000	67.000000	31.000000	60	0.000000	0.000000	0.000000	0	0	0	
181094	1970	0.080000	3.820000	3.200000	0.990000	0.000000	66.000000	31.000000	244	0.000000	0.000000	0.000000	0	0	0	
181297	1884	0.080000	0.000000	0.000000	1.020000	0.000000	66.000000	31.000000	59	0.000000	0.000000	0.000000	0	0	0	
181516	1570	0.080000	0.000000	0.000000	1.040000	0.000000	66.000000	31.000000	56	0.000000	0.000000	0.000000	0	0	0	
181703	1249	0.080000	0.000000	0.000000	1.060000	0.000000	66.000000	31.000000	254	0.000000	0.000000	0.000000	0	0	0	
181906	1022	0.080000	6.260000	5.100000	1.050000	0.000000	66.000000	31.000000	56	0.000000	0.000000	0.000000	0	0	0	
182109	1098	0.080000	6.510000	5.470000	1.050000	0.000000	66.000000	31.000000	55	0.000000	0.000000	0.000000	0	0	0	
182312	1156	0.080000	6.510000	5.390000	1.050000	0.000000	66.000000	31.000000	56	0.000000	0.000000	0.000000	0	0	0	
182500	1189	0.080000	6.350000	5.090000	1.050000	0.000000	66.000000	31.000000	54	0.000000	0.000000	0.000000	0	0	0	
182687	1187	0.080000	6.200000	4.950000	1.040000	0.000000	66.000000	31.000000	15	0.000000	0.000000	0.000000	0	0	0	
182875	1158	0.080000	5.830000	4.620000	1.030000	0.000000	66.000000	31.000000	73	0.000000	0.000000	0.000000	0	0	0	
183078	1129	0.080000	4.610000	3.960000	1.020000	0.000000	66.000000	31.000000	16	0.000000	0.000000	0.000000	0	0	0	
183281	1057	0.080000	4.410000	3.820000	1.030000	0.000000	66.000000	31.000000	164	0.000000	0.000000	0.000000	0	0	0	
183469	972	0.080000	4.390000	3.810000	1.040000	0.000000	66.000000	31.000000	14	0.000000	0.000000	0.000000	0	0	0	
183672	888	0.080000	4.560000	3.950000	1.050000	0.000000	66.000000	31.000000	16	0.000000	0.000000	0.000000	0	0	0	
183859	842	0.080000	4.990000	4.220000	1.070000	0.000000	66.000000	31.000000	14	0.000000	0.000000	0.000000	0	0	0	
184047	873	0.080000	5.490000	4.460000	1.070000	0.000000	66.000000	31.000000	186	0.000000	0.000000	0.000000	0	0	0	
184234	913	0.080000	5.420000	4.430000	1.070000	0.000000	66.000000	31.000000	15	0.000000	0.000000	0.000000	0	0	0	
184437	913	0.080000	5.280000	4.340000	1.070000	0.000000	66.000000	31.000000	16	0.000000	0.000000	0.000000	0	0	0	
184703	907	0.080000	5.400000	4.400000	1.070000	0.000000	66.000000	31.000000	16	0.000000	0.000000	0.000000	0	0	0	
184891	902	0.080000	5.240000	4.340000	1.070000	0.000000	66.000000	31.000000	0	0.000000	0.000000	0.000000	0	0	0	
185094	905	0.080000	5.390000	4.410000	1.070000	0.000000	66.000000	31.000000	0	0.000000	0.000000	0.000000	0	0	0	
185297	905	0.080000	5.560000	4.480000	1.070000	0.000000	66.000000	31.000000	0	0.000000	0.000000	0.000000	0	0	0	
185484	914	0.080000	5.590000	4.410000	1.070000	0.000000	66.000000	31.000000	0	0.000000	0.000000	0.000000	0	0	0	
185672	904	0.080000	5.510000	4.450000	1.070000	0.000000	66.000000	31.000000	0	0.000000	0.000000	0.000000	0	0	0	
185875	916	0.080000	5.610000	4.530000	1.070000	0.000000	66.000000	31.000000	0	0.000000	0.000000	0.000000	0	0	0	
186062	921	0.080000	5.520000	4.470000	1.070000	0.000000	66.000000	31.000000	0	0.000000	0.000000	0.000000	0	0	0	
186250	920	0.080000	5.600000	4.520000	1.070000	0.000000	66.000000	31.000000	0	0.000000	0.000000	0.000000	0	0	0	
186469	912	0.080000	5.460000	4.440000	1.060000	0.000000	66.000000	31.000000	230	0.000000	0.000000	0.000000	0	0	0	
186656	918	0.080000	5.560000	4.480000	1.060000	0.000000	66.000000	31.000000	19	0.000000	0.000000	0.000000	0	0	0	
186844	911	0.080000	5.610000	4.530000	1.070000	0.000000	66.000000	31.000000	0	0.000000	0.000000	0.000000	0	0	0	
187047	916	0.080000	5.510000	4.460000	1.060000	0.000000	66.000000	31.000000	242	0.000000	0.000000	0.000000	0	0	0	
187266	911	0.080000	5.660000	4.580000	1.070000	0.000000	66.000000	31.000000	60	0.000000	0.000000	0.000000	0	0	0	
187453	918	0.080000	5.610000	4.530000	1.070000	0.000000	66.000000	31.000000	15	0.000000	0.000000	0.000000	0	0	0	
187641	911	0.080000	5.610000	4.530000	1.070000	0.000000	66.000000	31.000000	14	0.000000	0.000000	0.000000	0	0	0	
187828	910	0.080000	5.630000	4.550000	1.070000	0.000000	66.000000	31.000000	14	0.000000	0.000000	0.000000	0	0	0	
188031	910	0.080000	5.580000	4.500000	1.060000	0.000000	66.000000	31.000000	75	0.000000	0.000000	0.000000	0	0	0	
188203	913	0.080000	5.590000	4.510000	1.070000	0.000000	66.000000	31.000000	14	0.000000	0.000000	0.000000	0	0	0	
188406	904	0.080000	5.460000	4.440000	1.070000	0.000000	66.000000	31.000000	14	0.000000	0.000000	0.000000	0	0	0	
188687	897	0.080000	5.630000	4.550000	1.070000	0.000000	66.000000	31.000000	15	0.000000	0.000000	0.000000	0	0	0	
188875	904	0.080000	5.510000	4.460000	1.070000	0.000000	66.000000	31.000000	15	0.000000	0.000000	0.000000	0	0	0	
189078	911	0.080000	5.640000	4.550000	1.060000	0.000000	66.000000	31.000000	254	0.000000	0.000000	0.000000	0	0	0	
189281	917	0.080000	5.590000	4.490000	1.060000	0.000000	66.000000	31.000000	15	0.000000	0.000000	0.000000	0	0	0	
189500	1021	0.080000	1.660000	0.910000	1.080000	0.000000	66.000000	31.000000	254	0.000000	0.000000	0.000000	0	0	0	
189687	1205	0.080000	7.060000	6.040000	1.120000	0.000000	66.000000	31.000000	254	0.000000	0.000000	0.000000	0	0	0	
189891	1169	0.080000	6.980000	5.950000	1.130000	0.000000	66.000000	31.000000	57	0.000000	0.000000	0.000000	0	0	0	
190094	1156	0.080000	7.160000	6.300000	1.150000	0.000000	66.000000	31.000000	55	0.000000	0.000000	0.000000	0	0	0	
190281	1156	0.080000	1.770000	0.910000	1.150000	0.000000	66.000000	31.000000	53	0.000000	0.000000	0.000000	0	0	0	
190469	1179	0.080000	7.810000	7.000000	1.160000	0.000000	66.000000	31.000000	56	0.000000	0.000000	0.000000	0	0	0	
190656	1208	0.080000	7.890000	7.110000	1.160000	0.000000	66.000000	31.000000	73	0.000000	0.000000	0.000000	0	0	0	
190859	1259	0.080000	8.130000	7.180000	1.160000	0.000000	66.000000	31.000000	72	0.000000	0.000000	0.000000	0	0	0	
191047	1303	0.080000	8.370000	7.420000	1.160000	0.000000	66.000000	31.000000	73	0.000000	0.000000	0.000000	0	0	0	
191234	1282	0.080000	9.090000	8.260000	1.190000	0.000000	66.000000	31.000000	73	0.000000	0.000000	0.000000	0	0	0	
191422	1318	0.080000	9.490000	8.630000	1.200000	0.000000	66.000000	30.000000	72	0.000000	0.000000	0.000000	0	0	0	
191625	1343	0.080000	10.180000	9.230000	1.220000	0.000000	66.000000	31.000000	73	0.000000	0.000000	0.000000	0	0	0	
191812	1364	0.080000	10.190000	9.100000	1.220000	0.000000	66.000000	31.000000	73	0.000000	0.000000	0.000000	0	0	0	
192000	1441	0.080000	9.970000	8.880000	1.210000	0.000000	66.000000	31.000000	107	0.000000	0.000000	0.000000	0	0	0	
192219	1509	0.080000	9.270000	8.080000	1.200000	0.000000	66.000000	31.000000	123	0.000000	0.000000	0.000000	0	0	0	
192406	1553	0.080000	9.010000	7.810000	1.190000	0.000000	66.000000	31.000000	123	0.000000	0.000000	0.000000	0	0	0	
192672	1601	0.080000	9.090000	7.900000	1.200000	0.000000	66.000000	31.000000	122	0.000000	0.000000	0.000000	0	0	0	
192859	1639	0.080000	9.010000	7.820000	1.180000	0.000000	66.000000	30.000000	105	0.000000	0.000000	0.000000	0	0	0	
193062	1692	0.080000	8.830000	7.670000	1.180000	0.000000	66.000000	31.000000	73	0.000000	0.000000	0.000000	0	0	0	
193266	1754	0.080000	10.570000	9.240000	1.210000	0.000000	66.000000	30.000000	74	0.000000	0.000000	0.000000	0	0	0	
193469	1808	0.080000	10.470000	9.200000	1.220000	0.000000	66.000000	30.000000	73	0.000000	0.000000	0.000000	0	0	0	
193672	1864	0.080000	9.950000	8.790000	1.210000	0.000000	66.000000	31.000000	106	0.000000	0.000000	0.000000	0	0	0	
193859	1911	0.080000	1.930000	0.900000	1.220000	0.000000	66.000000	31.000000	122	0.000000	0.000000	0.000000	0	0	0	
194062	1982	0.080000	11.330000	9.790000	1.230000	0.000000	66.000000	30.000000	122	0.000000	0.000000	0.000000	0	0	0	
194266	2039	0.080000	10.460000	9.050000	1.230000	0.000000	67.000000	31.000000	122	0.000000	0.000000	0.000000	0	0	0	
194484	2109	0.080000	10.590000	9.050000	1.230000	0.000000	67.000000	31.000000	105	0.000000	0.000000	0.000000	0	0	0	
194687	2168	0.080000	10.720000	9.050000	1.230000	0.000000	67.000000	31.000000	105	0.000000	0.000000	0.000000	0	0	0	
194891	2237	0.080000	10.260000	8.910000	1.230000	0.000000	67.000000	30.000000	123	0.000000	0.000000	0.000000	0	0	0	
195094	2308	0.080000	10.520000	8.800000	1.220000	0.000000	67.000000	30.000000	122	0.000000	0.000000	0.000000	0	0	0	
195281	2368	0.080000	9.800000	8.320000	1.200000	0.000000	67.000000	30.000000	122	0.000000	0.000000	0.000000	0	0	0	
195469	2416	0.080000	9.650000	8.390000	1.200000	0.000000	67.000000	30.000000	122	0.000000	0.000000	0.000000	0	0	0	
195656	2475	0.080000	11.360000	9.250000	1.220000	0.000000	67.000000	30.000000	122	0.000000	0.000000	0.000000	0	0	0	
195875	2555	0.080000	11.360000	9.170000	1.220000	0.000000	67.000000	31.000000	105	0.000000	0.000000	0.000000	0	0	0	
196078	2628	0.080000	10.970000	8.920000	1.230000	0.000000	67.000000	30.000000	72	0.000000	0.000000	0.000000	0	0	0	
196281	2693	0.080000	10.510000	8.720000	1.230000	0.000000	67.000000	31.000000	122	0.000000	0.000000	0.000000	0	0	0	
196484	2762	0.080000	10.100000	8.440000	1.210000	0.000000	67.000000	31.000000	122	0.000000	0.000000	0.000000	0	0	0	
196750	2847	0.080000	10.000000	8.410000	1.210000	0.000000	67.000000	31.000000	122	0.000000	0.000000	0.000000	0	0	0	
196937	2909	0.080000	9.550000	8.130000	1.200000	0.000000	67.000000	31.000000	122	0.000000	0.000000	0.000000	0	0	0	
197141	2991	0.080000	9.430000	8.060000	1.190000	0.000000	67.000000	31.000000	105	0.000000	0.000000	0.000000	0	0	0	
197344	3043	0.080000	9.400000	7.900000	1.180000	0.000000	67.000000	31.000000	73	0.000000	0.000000	0.000000	0	0	0	
197531	3031	0.080000	6.820000	6.020000	1.140000	0.000000	67.000000	30.000000	73	0.000000	0.000000	0.000000	0	0	0	
197734	2703	0.080000	0.000000	0.000000	1.150000	0.000000	67.000000	30.000000	254	0.000000	0.000000	0.000000	0	0	0	
197922	2404	0.080000	0.000000	0.000000	1.150000	0.000000	67.000000	30.000000	254	0.000000	0.000000	0.000000	0	0	0	
198109	2113	0.080000	0.000000	0.000000	1.150000	0.000000	67.000000	30.000000	243	0.000000	0.000000	0.000000	0	0	0	
198297	1834	0.080000	0.000000	0.000000	1.150000	0.000000	67.000000	30.000000	89	0.000000	0.000000	0.000000	0	0	0	
198500	1593	0.080000	5.290000	4.350000	1.060000	0.000000	67.000000	30.000000	73	0.000000	0.000000	0.000000	0	0	0	
198719	1782	0.080000	5.850000	4.610000	1.020000	0.000000	67.000000	30.000000	73	0.000000	0.000000	0.000000	0	0	0	
198906	2082	0.080000	5.280000	4.330000	1.020000	0.000000	67.000000	30.000000	71	0.000000	0.000000	0.000000	0	0	0	
199109	2170	0.080000	4.440000	3.520000	0.990000	0.000000	67.000000	31.000000	195	0.000000	0.000000	0.000000	0	0	0	
199312	2129	0.080000	4.180000	3.370000	0.990000	0.000000	67.000000	30.000000	101	0.000000	0.000000	0.000000	0	0	0	
199516	2197	0.080000	4.230000	3.430000	1.000000	0.000000	67.000000	30.000000	73	0.000000	0.000000	0.000000	0	0	0	
199703	2211	0.080000	4.700000	4.000000	1.020000	0.000000	67.000000	30.000000	229	0.000000	0.000000	0.000000	0	0	0	
199906	2187	0.080000	5.060000	4.250000	1.030000	0.000000	67.000000	30.000000	85	0.000000	0.000000	0.000000	0	0	0	
200109	2198	0.080000	7.090000	5.820000	1.080000	0.000000	67.000000	30.000000	72	0.000000	0.000000	0.000000	0	0	0	
200297	2221	0.080000	7.810000	6.570000	1.120000	0.000000	67.000000	31.000000	72	0.000000	0.000000	0.000000	0	0	0	
200500	2249	0.080000	7.920000	6.920000	1.140000	0.000000	67.000000	30.000000	72	0.000000	0.000000	0.000000	0	0	0	
200797	2289	0.080000	8.140000	7.110000	1.150000	0.000000	67.000000	30.000000	73	0.000000	0.000000	0.000000	0	0	0	
201000	2321	0.080000	8.180000	6.980000	1.140000	0.000000	67.000000	30.000000	106	0.000000	0.000000	0.000000	0	0	0	
201203	2345	0.080000	8.110000	7.020000	1.140000	0.000000	67.000000	30.000000	106	0.000000	0.000000	0.000000	0	0	0	
201391	2376	0.080000	8.290000	7.160000	1.140000	0.000000	67.000000	30.000000	106	0.000000	0.000000	0.000000	0	0	0	
201609	2409	0.080000	8.340000	7.140000	1.130000	0.000000	67.000000	30.000000	72	0.000000	0.000000	0.000000	0	0	0	
201797	2424	0.080000	8.230000	7.030000	1.130000	0.000000	67.000000	30.000000	72	0.000000	0.000000	0.000000	0	0	0	
201984	2452	0.080000	8.250000	7.030000	1.130000	0.000000	67.000000	30.000000	73	0.000000	0.000000	0.000000	0	0	0	
202172	2471	0.080000	8.110000	6.950000	1.120000	0.000000	67.000000	30.000000	73	0.000000	0.000000	0.000000	0	0	0	
202375	2494	0.080000	8.040000	6.890000	1.110000	0.000000	67.000000	30.000000	72	0.000000	0.000000	0.000000	0	0	0	
202562	2513	0.080000	7.940000	6.800000	1.110000	0.000000	67.000000	30.000000	72	0.000000	0.000000	0.000000	0	0	0	
202750	2534	0.080000	7.870000	6.720000	1.110000	0.000000	67.000000	30.000000	72	0.000000	0.000000	0.000000	0	0	0	
202953	2558	0.080000	7.940000	6.770000	1.110000	0.000000	67.000000	30.000000	73	0.000000	0.000000	0.000000	0	0	0	
203141	2584	0.080000	7.940000	6.770000	1.110000	0.000000	67.000000	30.000000	72	0.000000	0.000000	0.000000	0	0	0	
203328	2605	0.080000	7.820000	6.670000	1.100000	0.000000	67.000000	30.000000	73	0.000000	0.000000	0.000000	0	0	0	
203516	2619	0.080000	7.660000	6.550000	1.100000	0.000000	67.000000	30.000000	72	0.000000	0.000000	0.000000	0	0	0	
203719	2639	0.080000	7.470000	6.370000	1.100000	0.000000	67.000000	30.000000	72	0.000000	0.000000	0.000000	0	0	0	
203906	2656	0.080000	7.260000	5.730000	1.080000	0.000000	67.000000	30.000000	73	0.000000	0.000000	0.000000	0	0	0	
204094	2654	0.080000	4.990000	4.140000	1.030000	0.000000	67.000000	30.000000	75	0.000000	0.000000	0.000000	0	0	0	
204297	2670	0.080000	4.730000	3.880000	1.010000	0.000000	67.000000	30.000000	254	0.000000	0.000000	0.000000	0	0	0	
204500	2680	0.080000	4.710000	3.810000	0.990000	0.000000	67.000000	30.000000	254	0.000000	0.000000	0.000000	0	0	0	
204766	2690	0.080000	4.640000	3.650000	1.000000	0.000000	67.000000	30.000000	254	0.000000	0.000000	0.000000	0	0	0	
204953	2691	0.080000	4.560000	3.570000	0.990000	0.000000	67.000000	30.000000	254	0.000000	0.000000	0.000000	0	0	0	
205156	2698	0.080000	4.500000	3.500000	1.000000	0.000000	67.000000	30.000000	254	0.000000	0.000000	0.000000	0	0	0	
205344	2708	0.080000	4.480000	3.460000	0.990000	0.000000	67.000000	30.000000	254	0.000000	0.000000	0.000000	0	0	0	
205547	2715	0.080000	4.420000	3.390000	1.000000	0.000000	67.000000	30.000000	254	0.000000	0.000000	0.000000	0	0	0	
205734	2712	0.080000	4.330000	3.310000	0.990000	0.000000	67.000000	30.000000	196	0.000000	0.000000	0.000000	0	0	0	
205953	2736	0.080000	4.230000	3.230000	1.000000	0.000000	66.000000	30.000000	254	0.000000	0.000000	0.000000	0	0	0	
206156	2729	0.080000	4.220000	3.180000	0.990000	0.000000	66.000000	30.000000	254	0.000000	0.000000	0.000000	0	0	0	
206359	2745	0.080000	4.140000	3.120000	0.990000	0.000000	66.000000	30.000000	254	0.000000	0.000000	0.000000	0	0	0	
206562	2758	0.080000	4.120000	3.040000	0.990000	0.000000	66.000000	30.000000	254	0.000000	0.000000	0.000000	0	0	0	
206750	2761	0.080000	4.010000	2.940000	1.000000	0.000000	66.000000	30.000000	216	0.000000	0.000000	0.000000	0	0	0	
206953	2788	0.080000	4.010000	2.940000	0.990000	0.000000	66.000000	30.000000	254	0.000000	0.000000	0.000000	0	0	0	
207156	2769	0.080000	4.120000	3.040000	0.990000	0.000000	66.000000	30.000000	254	0.000000	0.000000	0.000000	0	0	0	
207344	2767	0.080000	4.110000	3.030000	0.990000	0.000000	66.000000	30.000000	254	0.000000	0.000000	0.000000	0	0	0	
207531	2766	0.080000	4.040000	2.960000	0.990000	0.000000	66.000000	30.000000	254	0.000000	0.000000	0.000000	0	0	0	
207719	2740	0.080000	3.940000	2.920000	1.000000	0.000000	66.000000	30.000000	98	0.000000	0.000000	0.000000	0	0	0	
207906	2767	0.080000	4.110000	3.030000	0.990000	0.000000	66.000000	30.000000	254	0.000000	0.000000	0.000000	0	0	0	
208109	2748	0.080000	4.340000	0.880000	1.000000	0.000000	66.000000	30.000000	202	0.000000	0.000000	0.000000	0	0	0	
208297	2826	0.080000	5.060000	4.070000	1.050000	0.000000	66.000000	30.000000	254	0.000000	0.000000	0.000000	0	0	0	
208500	2765	0.080000	5.610000	4.730000	1.070000	0.000000	66.000000	30.000000	106	0.000000	0.000000	0.000000	0	0	0	
208781	2784	0.080000	5.920000	4.910000	1.070000	0.000000	66.000000	30.000000	106	0.000000	0.000000	0.000000	0	0	0	
208969	2779	0.080000	6.060000	4.980000	1.070000	0.000000	66.000000	30.000000	106	0.000000	0.000000	0.000000	0	0	0	
209156	2775	0.080000	6.070000	5.040000	1.080000	0.000000	66.000000	30.000000	106	0.000000	0.000000	0.000000	0	0	0	
209359	2778	0.080000	6.160000	5.090000	1.070000	0.000000	66.000000	30.000000	106	0.000000	0.000000	0.000000	0	0	0	
209547	2776	0.080000	6.230000	5.170000	1.070000	0.000000	66.000000	30.000000	106	0.000000	0.000000	0.000000	0	0	0	
209734	2771	0.080000	6.230000	5.170000	1.070000	0.000000	66.000000	30.000000	105	0.000000	0.000000	0.000000	0	0	0	
209922	2783	0.080000	6.240000	5.130000	1.070000	0.000000	66.000000	30.000000	106	0.000000	0.000000	0.000000	0	0	0	
210125	2795	0.080000	6.240000	5.130000	1.060000	0.000000	66.000000	30.000000	105	0.000000	0.000000	0.000000	0	0	0	
210297	2798	0.080000	6.350000	5.260000	1.070000	0.000000	66.000000	30.000000	105	0.000000	0.000000	0.000000	0	0	0	
210484	2788	0.080000	6.390000	5.280000	1.070000	0.000000	66.000000	30.000000	105	0.000000	0.000000	0.000000	0	0	0	
210672	2791	0.080000	6.490000	5.410000	1.070000	0.000000	66.000000	30.000000	105	0.000000	0.000000	0.000000	0	0	0	
210875	2806	0.080000	6.530000	5.450000	1.070000	0.000000	66.000000	30.000000	106	0.000000	0.000000	0.000000	0	0	0	
211062	2799	0.080000	6.580000	5.510000	1.070000	0.000000	66.000000	30.000000	106	0.000000	0.000000	0.000000	0	0	0	
211250	2808	0.080000	6.760000	5.610000	1.070000	0.000000	66.000000	30.000000	106	0.000000	0.000000	0.000000	0	0	0	
211437	2814	0.080000	6.650000	5.590000	1.070000	0.000000	66.000000	30.000000	106	0.000000	0.000000	0.000000	0	0	0	
211641	2818	0.080000	6.900000	5.760000	1.080000	0.000000	66.000000	30.000000	106	0.000000	0.000000	0.000000	0	0	0	
211828	2819	0.080000	2.110000	0.990000	1.100000	0.000000	66.000000	30.000000	105	0.000000	0.000000	0.000000	0	0	0	
212016	2840	0.080000	10.510000	8.650000	1.150000	0.000000	66.000000	30.000000	105	0.000000	0.000000	0.000000	0	0	0	
212219	2851	0.080000	1.960000	9.360000	1.190000	0.000000	66.000000	30.000000	106	0.000000	0.000000	0.000000	0	0	0	
212406	2866	0.080000	12.940000	9.980000	1.220000	0.000000	66.000000	30.000000	105	0.000000	0.000000	0.000000	0	0	0	
212672	2909	0.080000	13.070000	10.160000	1.260000	0.000000	66.000000	30.000000	105	0.000000	0.000000	0.000000	0	0	0	
212859	2932	0.080000	12.290000	9.650000	1.250000	0.000000	66.000000	30.000000	105	0.000000	0.000000	0.000000	0	0	0	
213062	2966	0.080000	11.270000	9.090000	1.240000	0.000000	66.000000	30.000000	106	0.000000	0.000000	0.000000	0	0	0	
213250	2844	0.080000	0.000000	0.000000	1.170000	0.000000	66.000000	30.000000	253	0.000000	0.000000	0.000000	0	0	0	
213453	2542	0.080000	0.000000	0.000000	1.170000	0.000000	66.000000	30.000000	254	0.000000	0.000000	0.000000	0	0	0	
213641	2264	0.080000	0.000000	0.000000	1.170000	0.000000	66.000000	30.000000	104	0.000000	0.000000	0.000000	0	0	0	
213812	2002	0.080000	0.000000	0.000000	1.170000	0.000000	66.000000	30.000000	250	0.000000	0.000000	0.000000	0	0	0	
214000	1713	0.080000	0.000000	0.000000	1.170000	0.000000	66.000000	30.000000	233	0.000000	0.000000	0.000000	0	0	0	
214172	1572	0.080000	6.110000	5.170000	1.160000	0.000000	66.000000	30.000000	254	0.000000	0.000000	0.000000	0	0	0	
214375	1802	0.080000	5.120000	4.270000	1.020000	0.000000	66.000000	30.000000	56	0.000000	0.000000	0.000000	0	0	0	
214578	2193	0.080000	4.560000	3.660000	0.980000	0.000000	66.000000	30.000000	108	0.000000	0.000000	0.000000	0	0	0	
214781	2165	0.080000	4.100000	3.330000	0.980000	0.000000	66.000000	30.000000	57	0.000000	0.000000	0.000000	0	0	0	
214969	2154	0.080000	3.660000	3.040000	0.980000	0.000000	66.000000	30.000000	254	0.000000	0.000000	0.000000	0	0	0	
215172	2136	0.080000	3.730000	3.100000	0.990000	0.000000	66.000000	30.000000	55	0.000000	0.000000	0.000000	0	0	0	
215344	2122	0.080000	4.070000	3.300000	0.990000	0.000000	66.000000	30.000000	185	0.000000	0.000000	0.000000	0	0	0	
215531	2126	0.080000	4.320000	3.430000	1.000000	0.000000	66.000000	30.000000	103	0.000000	0.000000	0.000000	0	0	0	
215719	2133	0.080000	4.470000	3.540000	1.010000	0.000000	66.000000	30.000000	115	0.000000	0.000000	0.000000	0	0	0	
215937	2100	0.080000	4.350000	3.460000	1.010000	0.000000	66.000000	30.000000	145	0.000000	0.000000	0.000000	0	0	0	
216125	2111	0.080000	4.490000	3.550000	1.010000	0.000000	66.000000	30.000000	80	0.000000	0.000000	0.000000	0	0	0	
216328	2095	0.080000	4.450000	3.540000	1.020000	0.000000	66.000000	30.000000	242	0.000000	0.000000	0.000000	0	0	0	
216625	2091	0.080000	4.570000	3.740000	1.020000	0.000000	66.000000	30.000000	72	0.000000	0.000000	0.000000	0	0	0	
216828	2096	0.080000	4.710000	4.040000	1.030000	0.000000	66.000000	30.000000	56	0.000000	0.000000	0.000000	0	0	0	
217031	2085	0.080000	4.950000	4.160000	1.030000	0.000000	66.000000	30.000000	144	0.000000	0.000000	0.000000	0	0	0	
217234	2085	0.080000	5.340000	4.360000	1.050000	0.000000	66.000000	30.000000	56	0.000000	0.000000	0.000000	0	0	0	
217422	2079	0.080000	2.000000	1.000000	1.140000	0.000000	66.000000	30.000000	55	0.000000	0.000000	0.000000	0	0	0	
217609	2092	0.080000	12.360000	10.590000	1.230000	0.000000	66.000000	30.000000	55	0.000000	0.000000	0.000000	0	0	0	
217797	2118	0.080000	12.550000	10.780000	1.280000	0.000000	66.000000	30.000000	55	0.000000	0.000000	0.000000	0	0	0	
218000	2097	0.080000	12.430000	10.510000	1.280000	0.000000	66.000000	30.000000	56	0.000000	0.000000	0.000000	0	0	0	
218187	2150	0.080000	12.230000	10.250000	1.280000	0.000000	65.000000	30.000000	55	0.000000	0.000000	0.000000	0	0	0	
218375	2122	0.080000	12.390000	10.400000	1.290000	0.000000	66.000000	30.000000	72	0.000000	0.000000	0.000000	0	0	0	
218562	2138	0.080000	11.750000	9.780000	1.280000	0.000000	65.000000	30.000000	73	0.000000	0.000000	0.000000	0	0	0	
218781	2154	0.080000	11.410000	9.520000	1.290000	0.000000	65.000000	30.000000	72	0.000000	0.000000	0.000000	0	0	0	
218969	2203	0.080000	11.380000	9.430000	1.290000	0.000000	65.000000	30.000000	72	0.000000	0.000000	0.000000	0	0	0	
219156	2172	0.080000	10.940000	9.130000	1.270000	0.000000	65.000000	30.000000	72	0.000000	0.000000	0.000000	0	0	0	
219344	2215	0.080000	8.000000	6.970000	1.230000	0.000000	65.000000	30.000000	72	0.000000	0.000000	0.000000	0	0	0	
219547	2189	0.080000	7.540000	6.470000	1.170000	0.000000	65.000000	30.000000	73	0.000000	0.000000	0.000000	0	0	0	
219734	2219	0.080000	7.560000	6.490000	1.160000	0.000000	65.000000	30.000000	72	0.000000	0.000000	0.000000	0	0	0	
219922	2203	0.080000	7.620000	6.550000	1.170000	0.000000	65.000000	30.000000	73	0.000000	0.000000	0.000000	0	0	0	
220125	2227	0.080000	7.950000	6.910000	1.160000	0.000000	65.000000	30.000000	74	0.000000	0.000000	0.000000	0	0	0	
220312	2213	0.080000	7.990000	6.960000	1.160000	0.000000	65.000000	30.000000	74	0.000000	0.000000	0.000000	0	0	0	
220578	2223	0.080000	7.970000	6.940000	1.160000	0.000000	65.000000	29.000000	72	0.000000	0.000000	0.000000	0	0	0	
220781	2221	0.080000	8.000000	6.960000	1.160000	0.000000	65.000000	29.000000	73	0.000000	0.000000	0.000000	0	0	0	
220984	2246	0.080000	8.390000	7.110000	1.150000	0.000000	65.000000	29.000000	73	0.000000	0.000000	0.000000	0	0	0	
221172	2229	0.080000	8.460000	7.110000	1.160000	0.000000	65.000000	29.000000	72	0.000000	0.000000	0.000000	0	0	0	
221359	2257	0.080000	8.400000	7.090000	1.150000	0.000000	65.000000	29.000000	72	0.000000	0.000000	0.000000	0	0	0	
221562	2260	0.080000	8.010000	6.940000	1.140000	0.000000	65.000000	29.000000	74	0.000000	0.000000	0.000000	0	0	0	
221750	2246	0.080000	7.320000	6.150000	1.110000	0.000000	65.000000	29.000000	73	0.000000	0.000000	0.000000	0	0	0	
221937	2241	0.080000	5.660000	4.680000	1.070000	0.000000	65.000000	29.000000	73	0.000000	0.000000	0.000000	0	0	0	
222125	2244	0.080000	5.260000	4.330000	1.040000	0.000000	65.000000	29.000000	72	0.000000	0.000000	0.000000	0	0	0	
222328	2239	0.080000	5.110000	4.240000	1.030000	0.000000	65.000000	29.000000	74	0.000000	0.000000	0.000000	0	0	0	
222531	2238	0.080000	4.970000	4.150000	1.030000	0.000000	65.000000	29.000000	235	0.000000	0.000000	0.000000	0	0	0	
222734	2233	0.080000	4.530000	3.620000	1.010000	0.000000	65.000000	29.000000	166	0.000000	0.000000	0.000000	0	0	0	
222953	2209	0.080000	3.970000	3.250000	0.990000	0.000000	65.000000	29.000000	239	0.000000	0.000000	0.000000	0	0	0	
223156	2241	0.080000	3.830000	3.100000	0.990000	0.000000	65.000000	29.000000	254	0.000000	0.000000	0.000000	0	0	0	
223359	2228	0.080000	3.880000	3.110000	0.990000	0.000000	65.000000	29.000000	254	0.000000	0.000000	0.000000	0	0	0	
223547	2216	0.080000	4.030000	3.180000	0.990000	0.000000	65.000000	29.000000	244	0.000000	0.000000	0.000000	0	0	0	
223750	2192	0.080000	3.880000	3.110000	1.000000	0.000000	65.000000	29.000000	234	0.000000	0.000000	0.000000	0	0	0	
223937	2183	0.080000	3.880000	3.120000	0.990000	0.000000	65.000000	29.000000	248	0.000000	0.000000	0.000000	0	0	0	
224109	2180	0.080000	3.990000	3.250000	1.000000	0.000000	65.000000	29.000000	248	0.000000	0.000000	0.000000	0	0	0	
224312	2171	0.080000	4.030000	3.280000	1.010000	0.000000	65.000000	29.000000	73	0.000000	0.000000	0.000000	0	0	0	
224609	2163	0.080000	0.000000	0.000000	1.020000	0.000000	65.000000	29.000000	56	0.000000	0.000000	0.000000	0	0	0	
224797	2149	0.080000	0.000000	0.000000	1.020000	0.000000	65.000000	29.000000	56	0.000000	0.000000	0.000000	0	0	0	
224969	2136	0.080000	0.000000	0.000000	1.020000	0.000000	65.000000	29.000000	56	0.000000	0.000000	0.000000	0	0	0	
225172	2129	0.080000	0.000000	0.000000	1.020000	0.000000	65.000000	29.000000	57	0.000000	0.000000	0.000000	0	0	0	
225344	2116	0.080000	0.000000	0.000000	1.020000	0.000000	65.000000	29.000000	56	0.000000	0.000000	0.000000	0	0	0	
225516	2103	0.080000	0.000000	0.000000	1.020000	0.000000	65.000000	29.000000	56	0.000000	0.000000	0.000000	0	0	0	
225687	2091	0.080000	0.000000	0.000000	1.020000	0.000000	65.000000	29.000000	56	0.000000	0.000000	0.000000	0	0	0	
225875	2083	0.080000	0.000000	0.000000	1.020000	0.000000	65.000000	29.000000	56	0.000000	0.000000	0.000000	0	0	0	
226047	2070	0.080000	0.000000	0.000000	1.020000	0.000000	65.000000	29.000000	55	0.000000	0.000000	0.000000	0	0	0	
226219	2057	0.080000	0.000000	0.000000	1.020000	0.000000	65.000000	29.000000	56	0.000000	0.000000	0.000000	0	0	0	
226391	2045	0.080000	0.000000	0.000000	1.020000	0.000000	65.000000	29.000000	56	0.000000	0.000000	0.000000	0	0	0	
226578	2032	0.080000	0.000000	0.000000	1.020000	0.000000	65.000000	29.000000	55	0.000000	0.000000	0.000000	0	0	0	
226750	2026	0.080000	0.000000	0.000000	1.020000	0.000000	65.000000	29.000000	55	0.000000	0.000000	0.000000	0	0	0	
226922	2018	0.080000	0.000000	0.000000	1.020000	0.000000	65.000000	29.000000	56	0.000000	0.000000	0.000000	0	0	0	
227094	2010	0.080000	0.000000	0.000000	1.020000	0.000000	65.000000	29.000000	57	0.000000	0.000000	0.000000	0	0	0	
227297	2035	0.080000	4.530000	3.550000	0.980000	0.000000	65.000000	29.000000	56	0.000000	0.000000	0.000000	0	0	0	
227500	2026	0.080000	5.090000	4.180000	0.990000	0.000000	65.000000	29.000000	56	0.000000	0.000000	0.000000	0	0	0	
227687	1999	0.080000	1.970000	0.890000	1.030000	0.000000	65.000000	29.000000	253	0.000000	0.000000	0.000000	0	0	0	
227891	2002	0.080000	11.410000	9.730000	1.170000	0.000000	65.000000	29.000000	55	0.000000	0.000000	0.000000	0	0	0	
228094	2021	0.080000	14.220000	13.050000	1.290000	0.000000	65.000000	29.000000	55	0.000000	0.000000	0.000000	0	0	0	
228359	2033	0.080000	15.710000	14.810000	1.390000	0.000000	65.000000	29.000000	73	0.000000	0.000000	0.000000	0	0	0	
228547	2044	0.080000	15.670000	14.760000	1.400000	0.000000	65.000000	29.000000	105	0.000000	0.000000	0.000000	0	0	0	
228750	2066	0.080000	15.660000	14.750000	1.400000	0.000000	65.000000	29.000000	105	0.000000	0.000000	0.000000	0	0	0	
228937	2084	0.080000	15.730000	14.830000	1.400000	0.000000	65.000000	29.000000	105	0.000000	0.000000	0.000000	0	0	0	
229125	2091	0.080000	16.270000	15.390000	1.410000	0.000000	65.000000	29.000000	105	0.000000	0.000000	0.000000	0	0	0	
229312	2135	0.080000	16.340000	15.460000	1.420000	0.000000	65.000000	29.000000	105	0.000000	0.000000	0.000000	0	0	0	
229516	2145	0.080000	16.300000	15.410000	1.430000	0.000000	65.000000	29.000000	106	0.000000	0.000000	0.000000	0	0	0	
229703	2170	0.080000	16.230000	15.350000	1.420000	0.000000	65.000000	29.000000	105	0.000000	0.000000	0.000000	0	0	0	
229891	2182	0.080000	15.250000	14.320000	1.430000	0.000000	65.000000	29.000000	105	0.000000	0.000000	0.000000	0	0	0	
230078	2209	0.080000	15.300000	14.370000	1.420000	0.000000	65.000000	29.000000	105	0.000000	0.000000	0.000000	0	0	0	
230281	2227	0.080000	2.030000	1.050000	1.410000	0.000000	65.000000	29.000000	105	0.000000	0.000000	0.000000	0	0	0	
230469	2238	0.080000	8.880000	0.890000	1.290000	0.000000	65.000000	29.000000	105	0.000000	0.000000	0.000000	0	0	0	
230656	2244	0.080000	9.640000	8.340000	1.240000	0.000000	65.000000	29.000000	105	0.000000	0.000000	0.000000	0	0	0	
230859	2260	0.080000	7.770000	6.710000	1.180000	0.000000	65.000000	29.000000	106	0.000000	0.000000	0.000000	0	0	0	
231047	2249	0.080000	1.930000	0.850000	1.270000	0.000000	65.000000	29.000000	105	0.000000	0.000000	0.000000	0	0	0	
231234	2276	0.080000	15.230000	14.090000	1.350000	0.000000	65.000000	29.000000	72	0.000000	0.000000	0.000000	0	0	0	
231437	2299	0.080000	15.370000	14.230000	1.380000	0.000000	65.000000	29.000000	72	0.000000	0.000000	0.000000	0	0	0	
231641	2323	0.080000	15.480000	14.450000	1.390000	0.000000	65.000000	29.000000	105	0.000000	0.000000	0.000000	0	0	0	
231828	2336	0.080000	15.530000	14.400000	1.380000	0.000000	65.000000	29.000000	105	0.000000	0.000000	0.000000	0	0	0	
232016	2353	0.080000	14.530000	13.100000	1.390000	0.000000	65.000000	29.000000	106	0.000000	0.000000	0.000000	0	0	0	
232297	2383	0.080000	13.920000	12.460000	1.380000	0.000000	65.000000	29.000000	105	0.000000	0.000000	0.000000	0	0	0	
232484	2399	0.080000	14.070000	12.610000	1.400000	0.000000	65.000000	29.000000	106	0.000000	0.000000	0.000000	0	0	0	
232672	2413	0.080000	14.050000	12.510000	1.390000	0.000000	65.000000	29.000000	105	0.000000	0.000000	0.000000	0	0	0	
232859	2434	0.080000	1.970000	11.720000	1.360000	0.000000	65.000000	28.000000	106	0.000000	0.000000	0.000000	0	0	0	
233062	2457	0.080000	13.230000	11.050000	1.350000	0.000000	65.000000	28.000000	105	0.000000	0.000000	0.000000	0	0	0	
233266	2460	0.080000	13.080000	10.420000	1.340000	0.000000	65.000000	28.000000	105	0.000000	0.000000	0.000000	0	0	0	
233453	2481	0.080000	13.060000	9.990000	1.340000	0.000000	65.000000	28.000000	106	0.000000	0.000000	0.000000	0	0	0	
233641	2498	0.080000	13.100000	10.320000	1.350000	0.000000	65.000000	28.000000	106	0.000000	0.000000	0.000000	0	0	0	
233844	2509	0.080000	13.100000	10.230000	1.360000	0.000000	65.000000	28.000000	105	0.000000	0.000000	0.000000	0	0	0	
234031	2529	0.080000	12.930000	9.800000	1.360000	0.000000	65.000000	28.000000	105	0.000000	0.000000	0.000000	0	0	0	
234219	2547	0.080000	13.110000	10.240000	1.360000	0.000000	65.000000	28.000000	105	0.000000	0.000000	0.000000	0	0	0	
234437	2580	0.080000	16.830000	15.970000	1.400000	0.000000	65.000000	28.000000	105	0.000000	0.000000	0.000000	0	0	0	
234609	2592	0.080000	16.630000	15.760000	1.420000	0.000000	65.000000	28.000000	105	0.000000	0.000000	0.000000	0	0	0	
234812	2622	0.080000	16.530000	15.660000	1.420000	0.000000	65.000000	28.000000	105	0.000000	0.000000	0.000000	0	0	0	
235000	2638	0.080000	16.120000	15.110000	1.420000	0.000000	65.000000	28.000000	122	0.000000	0.000000	0.000000	0	0	0	
235203	2660	0.080000	15.770000	14.760000	1.420000	0.000000	65.000000	28.000000	122	0.000000	0.000000	0.000000	0	0	0	
235391	2686	0.080000	15.650000	14.630000	1.420000	0.000000	65.000000	28.000000	105	0.000000	0.000000	0.000000	0	0	0	
235578	2700	0.080000	15.730000	14.710000	1.420000	0.000000	65.000000	28.000000	105	0.000000	0.000000	0.000000	0	0	0	
235766	2738	0.080000	15.910000	14.890000	1.410000	0.000000	65.000000	28.000000	105	0.000000	0.000000	0.000000	0	0	0	
235969	2750	0.080000	15.840000	14.720000	1.420000	0.000000	65.000000	28.000000	105	0.000000	0.000000	0.000000	0	0	0	
236234	2780	0.080000	15.510000	14.380000	1.430000	0.000000	65.000000	28.000000	105	0.000000	0.000000	0.000000	0	0	0	
236422	2814	0.080000	15.600000	14.470000	1.430000	0.000000	65.000000	28.000000	105	0.000000	0.000000	0.000000	0	0	0	
236625	2825	0.080000	15.680000	14.560000	1.420000	0.000000	65.000000	28.000000	106	0.000000	0.000000	0.000000	0	0	0	
236812	2861	0.080000	15.450000	14.320000	1.410000	0.000000	65.000000	28.000000	105	0.000000	0.000000	0.000000	0	0	0	
237000	2876	0.080000	15.340000	14.100000	1.420000	0.000000	65.000000	28.000000	106	0.000000	0.000000	0.000000	0	0	0	
237187	2884	0.080000	15.410000	14.170000	1.430000	0.000000	65.000000	28.000000	105	0.000000	0.000000	0.000000	0	0	0	
237391	2916	0.080000	15.520000	14.280000	1.420000	0.000000	65.000000	28.000000	122	0.000000	0.000000	0.000000	0	0	0	
237578	2931	0.080000	15.290000	14.040000	1.430000	0.000000	65.000000	28.000000	122	0.000000	0.000000	0.000000	0	0	0	
237766	2945	0.080000	15.160000	13.710000	1.420000	0.000000	65.000000	28.000000	122	0.000000	0.000000	0.000000	0	0	0	
237953	2986	0.080000	15.170000	13.820000	1.410000	0.000000	65.000000	28.000000	122	0.000000	0.000000	0.000000	0	0	0	
238156	2998	0.080000	15.280000	13.930000	1.430000	0.000000	65.000000	28.000000	122	0.000000	0.000000	0.000000	0	0	0	
238344	3014	0.080000	15.120000	13.550000	1.420000	0.000000	65.000000	28.000000	122	0.000000	0.000000	0.000000	0	0	0	
238531	3042	0.080000	14.490000	12.950000	1.420000	0.000000	65.000000	28.000000	121	0.000000	0.000000	0.000000	0	0	0	
238734	3054	0.080000	1.670000	0.300000	1.360000	0.000000	65.000000	28.000000	122	0.000000	0.000000	0.000000	0	0	0	
238922	3062	0.080000	8.040000	6.950000	1.220000	0.000000	65.000000	28.000000	122	0.000000	0.000000	0.000000	0	0	0	
239109	3077	0.080000	2.180000	1.090000	1.280000	0.000000	65.000000	28.000000	121	0.000000	0.000000	0.000000	0	0	0	
239297	3087	0.080000	2.160000	1.060000	1.370000	0.000000	65.000000	28.000000	122	0.000000	0.000000	0.000000	0	0	0	
239500	3110	0.080000	16.990000	16.140000	1.420000	0.000000	65.000000	28.000000	105	0.000000	0.000000	0.000000	0	0	0	
239687	3131	0.080000	16.700000	15.840000	1.430000	0.000000	65.000000	28.000000	105	0.000000	0.000000	0.000000	0	0	0	
239875	3160	0.080000	16.610000	15.750000	1.440000	0.000000	65.000000	28.000000	105	0.000000	0.000000	0.000000	0	0	0	
240156	3174	0.080000	15.820000	14.690000	1.440000	0.000000	65.000000	28.000000	105	0.000000	0.000000	0.000000	0	0	0	
240344	3191	0.080000	15.460000	14.330000	1.430000	0.000000	65.000000	28.000000	105	0.000000	0.000000	0.000000	0	0	0	
240531	3224	0.080000	3.210000	2.100000	1.410000	0.000000	65.000000	28.000000	105	0.000000	0.000000	0.000000	0	0	0	
240719	3235	0.080000	16.270000	15.380000	1.420000	0.000000	65.000000	28.000000	105	0.000000	0.000000	0.000000	0	0	0	
240922	3257	0.080000	16.230000	15.230000	1.430000	0.000000	65.000000	28.000000	105	0.000000	0.000000	0.000000	0	0	0	
241109	3289	0.080000	16.110000	15.100000	1.430000	0.000000	65.000000	28.000000	105	0.000000	0.000000	0.000000	0	0	0	
241297	3306	0.080000	15.970000	14.970000	1.430000	0.000000	65.000000	28.000000	106	0.000000	0.000000	0.000000	0	0	0	
241484	3308	0.080000	15.940000	14.820000	1.430000	0.000000	65.000000	28.000000	122	0.000000	0.000000	0.000000	0	0	0	
241687	3352	0.080000	15.910000	14.790000	1.420000	0.000000	65.000000	28.000000	122	0.000000	0.000000	0.000000	0	0	0	
241875	3350	0.080000	15.810000	14.690000	1.430000	0.000000	65.000000	28.000000	122	0.000000	0.000000	0.000000	0	0	0	
242062	3377	0.080000	15.750000	14.620000	1.440000	0.000000	65.000000	28.000000	122	0.000000	0.000000	0.000000	0	0	0	
242266	3392	0.080000	15.740000	14.610000	1.430000	0.000000	65.000000	28.000000	122	0.000000	0.000000	0.000000	0	0	0	
242453	3414	0.080000	15.750000	14.620000	1.420000	0.000000	65.000000	28.000000	122	0.000000	0.000000	0.000000	0	0	0	
242641	3430	0.080000	15.510000	14.370000	1.410000	0.000000	65.000000	28.000000	122	0.000000	0.000000	0.000000	0	0	0	
242828	3458	0.080000	15.640000	14.520000	1.440000	0.000000	65.000000	28.000000	122	0.000000	0.000000	0.000000	0	0	0	
243031	3483	0.080000	15.620000	14.490000	1.430000	0.000000	65.000000	28.000000	122	0.000000	0.000000	0.000000	0	0	0	
243219	3485	0.080000	15.610000	14.470000	1.420000	0.000000	65.000000	28.000000	122	0.000000	0.000000	0.000000	0	0	0	
243406	3498	0.080000	15.860000	14.420000	1.430000	0.000000	65.000000	28.000000	122	0.000000	0.000000	0.000000	0	0	0	
243594	3531	0.080000	15.920000	14.480000	1.430000	0.000000	65.000000	28.000000	106	0.000000	0.000000	0.000000	0	0	0	
243797	3538	0.080000	15.870000	14.420000	1.410000	0.000000	65.000000	28.000000	105	0.000000	0.000000	0.000000	0	0	0	
244062	3566	0.080000	15.830000	14.390000	1.440000	0.000000	65.000000	28.000000	122	0.000000	0.000000	0.000000	0	0	0	
244250	3581	0.080000	15.710000	14.270000	1.420000	0.000000	65.000000	28.000000	122	0.000000	0.000000	0.000000	0	0	0	
244453	3592	0.080000	15.680000	14.240000	1.420000	0.000000	65.000000	28.000000	122	0.000000	0.000000	0.000000	0	0	0	
244641	3619	0.080000	15.670000	14.250000	1.430000	0.000000	65.000000	28.000000	122	0.000000	0.000000	0.000000	0	0	0	
244828	3634	0.080000	15.720000	14.270000	1.420000	0.000000	65.000000	28.000000	122	0.000000	0.000000	0.000000	0	0	0	
245016	3639	0.080000	15.740000	14.290000	1.430000	0.000000	65.000000	28.000000	105	0.000000	0.000000	0.000000	0	0	0	
245219	3655	0.080000	15.710000	14.260000	1.430000	0.000000	65.000000	28.000000	104	0.000000	0.000000	0.000000	0	0	0	
245406	3666	0.080000	15.750000	14.310000	1.430000	0.000000	65.000000	28.000000	122	0.000000	0.000000	0.000000	0	0	0	
245594	3701	0.080000	15.740000	14.300000	1.420000	0.000000	65.000000	28.000000	122	0.000000	0.000000	0.000000	0	0	0	
245781	3734	0.080000	15.770000	14.330000	1.430000	0.000000	65.000000	28.000000	122	0.000000	0.000000	0.000000	0	0	0	
245984	3729	0.080000	15.770000	14.320000	1.420000	0.000000	65.000000	28.000000	122	0.000000	0.000000	0.000000	0	0	0	
246172	3746	0.080000	1.950000	13.920000	1.430000	0.000000	65.000000	28.000000	105	0.000000	0.000000	0.000000	0	0	0	
246359	3760	0.080000	15.760000	14.210000	1.440000	0.000000	64.000000	28.000000	71	0.000000	0.000000	0.000000	0	0	0	
246578	3785	0.080000	15.670000	14.230000	1.420000	0.000000	64.000000	28.000000	105	0.000000	0.000000	0.000000	0	0	0	
246766	3763	0.080000	0.000000	0.000000	1.480000	0.000000	64.000000	28.000000	248	0.000000	0.000000	0.000000	0	0	0	
246969	3406	0.080000	0.000000	0.000000	1.500000	0.000000	64.000000	28.000000	254	0.000000	0.000000	0.000000	0	0	0	
247156	3101	0.080000	0.000000	0.000000	1.510000	0.000000	64.000000	28.000000	254	0.000000	0.000000	0.000000	0	0	0	
247344	2814	0.080000	0.000000	0.000000	1.510000	0.000000	64.000000	28.000000	254	0.000000	0.000000	0.000000	0	0	0	
247516	2576	0.080000	4.810000	4.220000	1.500000	0.000000	64.000000	28.000000	254	0.000000	0.000000	0.000000	0	0	0	
247719	2713	0.080000	1.950000	0.790000	1.240000	0.000000	64.000000	28.000000	11	0.000000	0.000000	0.000000	0	0	0	
248016	2861	0.080000	10.260000	8.470000	1.180000	0.000000	64.000000	28.000000	14	0.000000	0.000000	0.000000	0	0	0	
248203	2872	0.080000	2.000000	0.920000	1.250000	0.000000	64.000000	27.000000	55	0.000000	0.000000	0.000000	0	0	0	
248391	2876	0.080000	14.370000	12.830000	1.360000	0.000000	64.000000	27.000000	85	0.000000	0.000000	0.000000	0	0	0	
248578	2893	0.080000	14.580000	13.030000	1.370000	0.000000	64.000000	27.000000	105	0.000000	0.000000	0.000000	0	0	0	
248781	2900	0.080000	15.090000	13.640000	1.380000	0.000000	64.000000	27.000000	122	0.000000	0.000000	0.000000	0	0	0	
248969	2902	0.080000	15.330000	13.990000	1.400000	0.000000	64.000000	27.000000	122	0.000000	0.000000	0.000000	0	0	0	
249156	2925	0.080000	14.570000	13.020000	1.410000	0.000000	64.000000	27.000000	14	0.000000	0.000000	0.000000	0	0	0	
249359	2929	0.080000	14.210000	12.660000	1.410000	0.000000	64.000000	27.000000	55	0.000000	0.000000	0.000000	0	0	0	
249578	2941	0.080000	13.760000	12.120000	1.400000	0.000000	64.000000	27.000000	105	0.000000	0.000000	0.000000	0	0	0	
249766	2948	0.080000	13.500000	11.620000	1.400000	0.000000	64.000000	27.000000	106	0.000000	0.000000	0.000000	0	0	0	
249953	2942	0.080000	13.480000	11.440000	1.410000	0.000000	64.000000	27.000000	105	0.000000	0.000000	0.000000	0	0	0	
250156	2956	0.080000	13.470000	11.360000	1.400000	0.000000	64.000000	27.000000	105	0.000000	0.000000	0.000000	0	0	0	
250344	2963	0.080000	13.490000	11.370000	1.380000	0.000000	64.000000	27.000000	105	0.000000	0.000000	0.000000	0	0	0	
250531	2963	0.080000	13.460000	11.120000	1.390000	0.000000	64.000000	27.000000	105	0.000000	0.000000	0.000000	0	0	0	
250719	2994	0.080000	13.330000	10.430000	1.400000	0.000000	64.000000	27.000000	14	0.000000	0.000000	0.000000	0	0	0	
250937	2977	0.080000	11.590000	9.190000	1.360000	0.000000	64.000000	27.000000	56	0.000000	0.000000	0.000000	0	0	0	
251141	2994	0.080000	11.870000	9.320000	1.360000	0.000000	64.000000	27.000000	105	0.000000	0.000000	0.000000	0	0	0	
251328	2980	0.080000	11.930000	9.390000	1.350000	0.000000	64.000000	27.000000	105	0.000000	0.000000	0.000000	0	0	0	
251516	2997	0.080000	11.600000	9.200000	1.350000	0.000000	64.000000	27.000000	106	0.000000	0.000000	0.000000	0	0	0	
251719	3004	0.080000	11.580000	9.180000	1.350000	0.000000	64.000000	27.000000	104	0.000000	0.000000	0.000000	0	0	0	
251984	3000	0.080000	11.860000	9.310000	1.350000	0.000000	64.000000	27.000000	104	0.000000	0.000000	0.000000	0	0	0	
252172	3014	0.080000	11.570000	9.170000	1.350000	0.000000	64.000000	27.000000	105	0.000000	0.000000	0.000000	0	0	0	
252375	3007	0.080000	11.410000	9.090000	1.350000	0.000000	64.000000	27.000000	105	0.000000	0.000000	0.000000	0	0	0	
252562	3028	0.080000	11.710000	9.240000	1.340000	0.000000	64.000000	27.000000	105	0.000000	0.000000	0.000000	0	0	0	
252750	3026	0.080000	10.260000	8.470000	1.310000	0.000000	64.000000	27.000000	105	0.000000	0.000000	0.000000	0	0	0	
252937	3017	0.080000	10.110000	8.390000	1.260000	0.000000	64.000000	27.000000	105	0.000000	0.000000	0.000000	0	0	0	
253141	3021	0.080000	10.110000	8.390000	1.240000	0.000000	64.000000	27.000000	105	0.000000	0.000000	0.000000	0	0	0	
253328	3021	0.080000	10.250000	8.460000	1.240000	0.000000	64.000000	27.000000	105	0.000000	0.000000	0.000000	0	0	0	
253500	3020	0.080000	10.380000	8.530000	1.250000	0.000000	64.000000	27.000000	106	0.000000	0.000000	0.000000	0	0	0	
253719	3010	0.080000	9.790000	8.190000	1.240000	0.000000	64.000000	27.000000	72	0.000000	0.000000	0.000000	0	0	0	
253906	3017	0.080000	9.690000	8.150000	1.220000	0.000000	64.000000	27.000000	72	0.000000	0.000000	0.000000	0	0	0	
254078	3021	0.080000	9.660000	8.120000	1.230000	0.000000	64.000000	27.000000	72	0.000000	0.000000	0.000000	0	0	0	
254250	3021	0.080000	9.690000	8.150000	1.240000	0.000000	64.000000	27.000000	73	0.000000	0.000000	0.000000	0	0	0	
254453	3024	0.080000	9.000000	7.620000	1.230000	0.000000	64.000000	27.000000	72	0.000000	0.000000	0.000000	0	0	0	
254641	3017	0.080000	7.800000	6.740000	1.190000	0.000000	64.000000	27.000000	72	0.000000	0.000000	0.000000	0	0	0	
254828	3018	0.080000	6.940000	5.590000	1.150000	0.000000	64.000000	27.000000	72	0.000000	0.000000	0.000000	0	0	0	
255016	3010	0.080000	5.550000	4.510000	1.100000	0.000000	64.000000	27.000000	72	0.000000	0.000000	0.000000	0	0	0	
255234	2997	0.080000	5.070000	3.940000	1.050000	0.000000	64.000000	27.000000	253	0.000000	0.000000	0.000000	0	0	0	
255406	2986	0.080000	4.590000	3.450000	1.030000	0.000000	64.000000	27.000000	254	0.000000	0.000000	0.000000	0	0	0	
255594	2987	0.080000	4.350000	3.230000	1.020000	0.000000	64.000000	27.000000	254	0.000000	0.000000	0.000000	0	0	0	
255875	2983	0.080000	4.220000	3.100000	1.020000	0.000000	64.000000	27.000000	254	0.000000	0.000000	0.000000	0	0	0	
256062	2971	0.080000	4.200000	3.020000	1.020000	0.000000	64.000000	27.000000	254	0.000000	0.000000	0.000000	0	0	0	
256250	2960	0.080000	4.110000	2.950000	1.020000	0.000000	64.000000	27.000000	254	0.000000	0.000000	0.000000	0	0	0	
256437	2948	0.080000	4.190000	3.030000	1.020000	0.000000	64.000000	27.000000	254	0.000000	0.000000	0.000000	0	0	0	
256641	2972	0.080000	4.160000	3.000000	1.030000	0.000000	64.000000	27.000000	254	0.000000	0.000000	0.000000	0	0	0	
256828	2939	0.080000	4.810000	3.750000	1.070000	0.000000	64.000000	27.000000	77	0.000000	0.000000	0.000000	0	0	0	
257047	2950	0.080000	5.070000	4.030000	1.070000	0.000000	63.000000	27.000000	79	0.000000	0.000000	0.000000	0	0	0	
257234	2926	0.080000	5.400000	4.300000	1.080000	0.000000	64.000000	27.000000	120	0.000000	0.000000	0.000000	0	0	0	
257437	2922	0.080000	5.570000	4.500000	1.090000	0.000000	63.000000	27.000000	92	0.000000	0.000000	0.000000	0	0	0	
257641	2923	0.080000	5.610000	4.570000	1.080000	0.000000	64.000000	27.000000	73	0.000000	0.000000	0.000000	0	0	0	
257828	2923	0.080000	5.730000	4.660000	1.090000	0.000000	63.000000	27.000000	157	0.000000	0.000000	0.000000	0	0	0	
258031	2912	0.080000	5.810000	4.750000	1.080000	0.000000	63.000000	27.000000	75	0.000000	0.000000	0.000000	0	0	0	
258219	2906	0.080000	5.820000	4.720000	1.080000	0.000000	63.000000	27.000000	74	0.000000	0.000000	0.000000	0	0	0	
258406	2909	0.080000	5.790000	4.710000	1.080000	0.000000	63.000000	27.000000	73	0.000000	0.000000	0.000000	0	0	0	
258594	2906	0.080000	6.380000	5.260000	1.100000	0.000000	63.000000	27.000000	73	0.000000	0.000000	0.000000	0	0	0	
258797	2886	0.080000	6.600000	5.580000	1.110000	0.000000	63.000000	27.000000	73	0.000000	0.000000	0.000000	0	0	0	
258984	2899	0.080000	6.720000	5.630000	1.110000	0.000000	64.000000	27.000000	72	0.000000	0.000000	0.000000	0	0	0	
259172	2897	0.080000	6.750000	5.680000	1.100000	0.000000	63.000000	27.000000	152	0.000000	0.000000	0.000000	0	0	0	
259359	2879	0.080000	6.860000	5.820000	1.110000	0.000000	63.000000	26.000000	72	0.000000	0.000000	0.000000	0	0	0	
259562	2883	0.080000	6.960000	5.910000	1.110000	0.000000	63.000000	26.000000	72	0.000000	0.000000	0.000000	0	0	0	
259844	2877	0.080000	7.120000	6.110000	1.110000	0.000000	63.000000	26.000000	73	0.000000	0.000000	0.000000	0	0	0	
260031	2870	0.080000	7.130000	6.110000	1.110000	0.000000	63.000000	26.000000	72	0.000000	0.000000	0.000000	0	0	0	
260234	2872	0.080000	7.130000	6.120000	1.120000	0.000000	63.000000	26.000000	73	0.000000	0.000000	0.000000	0	0	0	
260422	2875	0.080000	7.290000	6.210000	1.110000	0.000000	63.000000	26.000000	80	0.000000	0.000000	0.000000	0	0	0	
260609	2861	0.080000	8.540000	7.250000	1.140000	0.000000	63.000000	26.000000	73	0.000000	0.000000	0.000000	0	0	0	
260797	2854	0.080000	8.430000	7.170000	1.150000	0.000000	63.000000	26.000000	55	0.000000	0.000000	0.000000	0	0	0	
261000	2866	0.080000	8.380000	7.150000	1.160000	0.000000	63.000000	26.000000	55	0.000000	0.000000	0.000000	0	0	0	
261187	2856	0.080000	8.500000	7.280000	1.160000	0.000000	63.000000	26.000000	55	0.000000	0.000000	0.000000	0	0	0	
261375	2856	0.080000	8.610000	7.340000	1.150000	0.000000	63.000000	26.000000	55	0.000000	0.000000	0.000000	0	0	0	
261578	2845	0.080000	8.490000	7.270000	1.160000	0.000000	63.000000	26.000000	55	0.000000	0.000000	0.000000	0	0	0	
261766	2858	0.080000	8.470000	7.240000	1.150000	0.000000	63.000000	26.000000	55	0.000000	0.000000	0.000000	0	0	0	
261953	2852	0.080000	8.680000	7.410000	1.160000	0.000000	63.000000	26.000000	55	0.000000	0.000000	0.000000	0	0	0	
262125	2861	0.080000	8.800000	7.480000	1.160000	0.000000	63.000000	26.000000	55	0.000000	0.000000	0.000000	0	0	0	
262312	2849	0.080000	8.690000	7.420000	1.160000	0.000000	63.000000	26.000000	55	0.000000	0.000000	0.000000	0	0	0	
262500	2841	0.080000	8.660000	7.380000	1.160000	0.000000	63.000000	26.000000	55	0.000000	0.000000	0.000000	0	0	0	
262687	2845	0.080000	8.680000	7.410000	1.160000	0.000000	63.000000	26.000000	55	0.000000	0.000000	0.000000	0	0	0	
262875	2840	0.080000	8.780000	7.490000	1.160000	0.000000	63.000000	26.000000	55	0.000000	0.000000	0.000000	0	0	0	
263078	2841	0.080000	8.620000	7.340000	1.170000	0.000000	63.000000	26.000000	73	0.000000	0.000000	0.000000	0	0	0	
263266	2840	0.080000	8.440000	7.210000	1.170000	0.000000	63.000000	26.000000	73	0.000000	0.000000	0.000000	0	0	0	
263453	2836	0.080000	8.500000	7.280000	1.160000	0.000000	63.000000	26.000000	72	0.000000	0.000000	0.000000	0	0	0	
263734	2837	0.080000	8.600000	7.320000	1.160000	0.000000	63.000000	26.000000	72	0.000000	0.000000	0.000000	0	0	0	
263922	2836	0.080000	8.470000	7.250000	1.160000	0.000000	63.000000	26.000000	73	0.000000	0.000000	0.000000	0	0	0	
264109	2840	0.080000	8.220000	7.030000	1.150000	0.000000	63.000000	26.000000	72	0.000000	0.000000	0.000000	0	0	0	
264297	2830	0.080000	8.340000	7.130000	1.150000	0.000000	63.000000	26.000000	72	0.000000	0.000000	0.000000	0	0	0	
264500	2833	0.080000	8.470000	7.220000	1.150000	0.000000	63.000000	26.000000	72	0.000000	0.000000	0.000000	0	0	0	
264687	2830	0.080000	8.460000	7.200000	1.140000	0.000000	63.000000	26.000000	72	0.000000	0.000000	0.000000	0	0	0	
264875	2837	0.080000	8.310000	7.100000	1.150000	0.000000	63.000000	26.000000	73	0.000000	0.000000	0.000000	0	0	0	
265062	2825	0.080000	8.380000	7.150000	1.160000	0.000000	63.000000	26.000000	72	0.000000	0.000000	0.000000	0	0	0	
265266	2821	0.080000	8.480000	7.260000	1.160000	0.000000	63.000000	26.000000	72	0.000000	0.000000	0.000000	0	0	0	
265453	2818	0.080000	8.600000	7.320000	1.160000	0.000000	63.000000	26.000000	72	0.000000	0.000000	0.000000	0	0	0	
265641	2819	0.080000	8.450000	7.230000	1.160000	0.000000	63.000000	26.000000	72	0.000000	0.000000	0.000000	0	0	0	
265828	2825	0.080000	8.450000	7.230000	1.160000	0.000000	63.000000	26.000000	72	0.000000	0.000000	0.000000	0	0	0	
266031	2817	0.080000	8.580000	7.310000	1.160000	0.000000	63.000000	26.000000	72	0.000000	0.000000	0.000000	0	0	0	
266219	2818	0.080000	8.480000	7.260000	1.160000	0.000000	63.000000	26.000000	72	0.000000	0.000000	0.000000	0	0	0	
266406	2815	0.080000	8.440000	7.210000	1.160000	0.000000	63.000000	26.000000	72	0.000000	0.000000	0.000000	0	0	0	
266625	2812	0.080000	8.320000	7.150000	1.170000	0.000000	63.000000	26.000000	72	0.000000	0.000000	0.000000	0	0	0	
266812	2811	0.080000	8.420000	7.190000	1.160000	0.000000	63.000000	26.000000	72	0.000000	0.000000	0.000000	0	0	0	
267000	2807	0.080000	8.420000	7.190000	1.160000	0.000000	63.000000	26.000000	72	0.000000	0.000000	0.000000	0	0	0	
267187	2811	0.080000	8.260000	7.080000	1.160000	0.000000	63.000000	26.000000	72	0.000000	0.000000	0.000000	0	0	0	
267406	2812	0.080000	8.240000	7.060000	1.160000	0.000000	64.000000	26.000000	73	0.000000	0.000000	0.000000	0	0	0	
267672	2806	0.080000	8.380000	7.140000	1.160000	0.000000	63.000000	26.000000	72	0.000000	0.000000	0.000000	0	0	0	
267859	2812	0.080000	8.250000	7.060000	1.160000	0.000000	63.000000	26.000000	72	0.000000	0.000000	0.000000	0	0	0	
268062	2808	0.080000	8.220000	7.040000	1.160000	0.000000	63.000000	26.000000	72	0.000000	0.000000	0.000000	0	0	0	
268250	2802	0.080000	8.310000	7.130000	1.160000	0.000000	63.000000	26.000000	72	0.000000	0.000000	0.000000	0	0	0	
268453	2798	0.080000	8.290000	7.110000	1.160000	0.000000	63.000000	26.000000	72	0.000000	0.000000	0.000000	0	0	0	
268656	2795	0.080000	8.270000	7.090000	1.160000	0.000000	63.000000	26.000000	73	0.000000	0.000000	0.000000	0	0	0	
268859	2800	0.080000	8.200000	7.010000	1.150000	0.000000	63.000000	26.000000	73	0.000000	0.000000	0.000000	0	0	0	
269047	2794	0.080000	8.210000	7.020000	1.150000	0.000000	63.000000	26.000000	72	0.000000	0.000000	0.000000	0	0	0	
269234	2799	0.080000	8.400000	7.170000	1.150000	0.000000	63.000000	26.000000	73	0.000000	0.000000	0.000000	0	0	0	
269406	2792	0.080000	8.320000	7.140000	1.150000	0.000000	63.000000	26.000000	72	0.000000	0.000000	0.000000	0	0	0	
269625	2791	0.080000	8.310000	7.130000	1.160000	0.000000	63.000000	26.000000	72	0.000000	0.000000	0.000000	0	0	0	
269828	2786	0.080000	8.300000	7.160000	1.160000	0.000000	64.000000	26.000000	73	0.000000	0.000000	0.000000	0	0	0	
270031	2786	0.080000	8.580000	7.300000	1.160000	0.000000	63.000000	26.000000	72	0.000000	0.000000	0.000000	0	0	0	
270250	2790	0.080000	8.590000	7.320000	1.160000	0.000000	63.000000	26.000000	72	0.000000	0.000000	0.000000	0	0	0	
270437	2778	0.080000	8.460000	7.230000	1.160000	0.000000	63.000000	26.000000	72	0.000000	0.000000	0.000000	0	0	0	
270625	2779	0.080000	8.470000	7.240000	1.160000	0.000000	64.000000	26.000000	73	0.000000	0.000000	0.000000	0	0	0	
270812	2780	0.080000	8.570000	7.290000	1.160000	0.000000	63.000000	26.000000	72	0.000000	0.000000	0.000000	0	0	0	
271031	2770	0.080000	8.620000	7.340000	1.160000	0.000000	64.000000	26.000000	73	0.000000	0.000000	0.000000	0	0	0	
271234	2782	0.080000	8.420000	7.190000	1.160000	0.000000	63.000000	26.000000	73	0.000000	0.000000	0.000000	0	0	0	
271406	2770	0.080000	8.510000	7.280000	1.160000	0.000000	64.000000	26.000000	72	0.000000	0.000000	0.000000	0	0	0	
271687	2767	0.080000	8.660000	7.380000	1.160000	0.000000	64.000000	26.000000	72	0.000000	0.000000	0.000000	0	0	0	
271875	2766	0.080000	8.600000	7.330000	1.160000	0.000000	64.000000	26.000000	72	0.000000	0.000000	0.000000	0	0	0	
272062	2765	0.080000	8.430000	7.200000	1.160000	0.000000	64.000000	26.000000	72	0.000000	0.000000	0.000000	0	0	0	
272250	2765	0.080000	8.580000	7.310000	1.160000	0.000000	63.000000	26.000000	72	0.000000	0.000000	0.000000	0	0	0	
272453	2761	0.080000	8.650000	7.380000	1.160000	0.000000	64.000000	26.000000	73	0.000000	0.000000	0.000000	0	0	0	
272641	2762	0.080000	8.670000	7.400000	1.160000	0.000000	63.000000	26.000000	72	0.000000	0.000000	0.000000	0	0	0	
272844	2756	0.080000	8.640000	7.370000	1.160000	0.000000	64.000000	26.000000	72	0.000000	0.000000	0.000000	0	0	0	
273031	2761	0.080000	8.700000	7.430000	1.170000	0.000000	63.000000	26.000000	73	0.000000	0.000000	0.000000	0	0	0	
273219	2759	0.080000	8.790000	7.460000	1.170000	0.000000	64.000000	26.000000	72	0.000000	0.000000	0.000000	0	0	0	
273406	2759	0.080000	8.790000	7.460000	1.170000	0.000000	63.000000	26.000000	73	0.000000	0.000000	0.000000	0	0	0	
273594	2757	0.080000	8.670000	7.380000	1.170000	0.000000	63.000000	26.000000	72	0.000000	0.000000	0.000000	0	0	0	
273812	2754	0.080000	8.640000	7.370000	1.170000	0.000000	63.000000	26.000000	72	0.000000	0.000000	0.000000	0	0	0	
274016	2757	0.080000	8.680000	7.410000	1.160000	0.000000	63.000000	26.000000	72	0.000000	0.000000	0.000000	0	0	0	
274203	2754	0.080000	8.760000	7.440000	1.160000	0.000000	64.000000	26.000000	72	0.000000	0.000000	0.000000	0	0	0	
274391	2756	0.080000	8.630000	7.350000	1.160000	0.000000	63.000000	26.000000	73	0.000000	0.000000	0.000000	0	0	0	
274594	2754	0.080000	8.630000	7.350000	1.170000	0.000000	64.000000	26.000000	72	0.000000	0.000000	0.000000	0	0	0	
274797	2753	0.080000	8.780000	7.460000	1.160000	0.000000	64.000000	26.000000	72	0.000000	0.000000	0.000000	0	0	0	
275000	2753	0.080000	8.840000	7.520000	1.170000	0.000000	63.000000	25.000000	72	0.000000	0.000000	0.000000	0	0	0	
275219	2752	0.080000	8.670000	7.400000	1.170000	0.000000	63.000000	25.000000	72	0.000000	0.000000	0.000000	0	0	0	
275406	2748	0.080000	8.690000	7.420000	1.170000	0.000000	64.000000	25.000000	72	0.000000	0.000000	0.000000	0	0	0	
275672	2750	0.080000	8.820000	7.500000	1.170000	0.000000	63.000000	25.000000	72	0.000000	0.000000	0.000000	0	0	0	
275891	2747	0.080000	8.700000	7.430000	1.160000	0.000000	64.000000	25.000000	72	0.000000	0.000000	0.000000	0	0	0	
276094	2748	0.080000	8.660000	7.390000	1.170000	0.000000	63.000000	25.000000	73	0.000000	0.000000	0.000000	0	0	0	
276281	2747	0.080000	8.770000	7.440000	1.170000	0.000000	63.000000	25.000000	72	0.000000	0.000000	0.000000	0	0	0	
276484	2756	0.080000	12.010000	9.450000	1.240000	0.000000	63.000000	25.000000	72	0.000000	0.000000	0.000000	0	0	0	
276703	2754	0.080000	12.260000	9.550000	1.240000	0.000000	64.000000	25.000000	71	0.000000	0.000000	0.000000	0	0	0	
276906	2756	0.080000	13.270000	10.190000	1.260000	0.000000	64.000000	25.000000	72	0.000000	0.000000	0.000000	0	0	0	
277094	2765	0.080000	11.750000	9.270000	1.280000	0.000000	64.000000	25.000000	71	0.000000	0.000000	0.000000	0	0	0	
277312	2769	0.080000	12.090000	9.410000	1.280000	0.000000	63.000000	25.000000	72	0.000000	0.000000	0.000000	0	0	0	
277516	2776	0.080000	11.410000	9.080000	1.280000	0.000000	64.000000	25.000000	72	0.000000	0.000000	0.000000	0	0	0	
277687	2776	0.080000	11.270000	9.010000	1.270000	0.000000	64.000000	25.000000	72	0.000000	0.000000	0.000000	0	0	0	
277875	2786	0.080000	11.430000	9.100000	1.270000	0.000000	64.000000	25.000000	72	0.000000	0.000000	0.000000	0	0	0	
278094	2786	0.080000	11.700000	9.230000	1.270000	0.000000	64.000000	25.000000	71	0.000000	0.000000	0.000000	0	0	0	
278297	2792	0.080000	11.170000	8.980000	1.270000	0.000000	64.000000	25.000000	72	0.000000	0.000000	0.000000	0	0	0	
278484	2798	0.080000	10.990000	8.870000	1.280000	0.000000	64.000000	25.000000	72	0.000000	0.000000	0.000000	0	0	0	
278672	2807	0.080000	11.420000	9.090000	1.280000	0.000000	64.000000	25.000000	73	0.000000	0.000000	0.000000	0	0	0	
278891	2806	0.080000	11.450000	9.120000	1.280000	0.000000	64.000000	25.000000	72	0.000000	0.000000	0.000000	0	0	0	
279078	2807	0.080000	11.290000	9.030000	1.280000	0.000000	64.000000	25.000000	72	0.000000	0.000000	0.000000	0	0	0	
279266	2799	0.080000	11.040000	8.910000	1.270000	0.000000	64.000000	25.000000	72	0.000000	0.000000	0.000000	0	0	0	
279469	2810	0.080000	11.380000	9.060000	1.270000	0.000000	64.000000	25.000000	72	0.000000	0.000000	0.000000	0	0	0	
279734	2811	0.080000	12.760000	9.810000	1.290000	0.000000	64.000000	25.000000	72	0.000000	0.000000	0.000000	0	0	0	
279922	2823	0.080000	13.260000	10.250000	1.320000	0.000000	64.000000	25.000000	72	0.000000	0.000000	0.000000	0	0	0	
280109	2815	0.080000	13.380000	10.690000	1.350000	0.000000	64.000000	25.000000	73	0.000000	0.000000	0.000000	0	0	0	
280312	2840	0.080000	13.410000	10.710000	1.360000	0.000000	64.000000	25.000000	73	0.000000	0.000000	0.000000	0	0	0	
280500	2827	0.080000	13.370000	10.670000	1.360000	0.000000	64.000000	25.000000	73	0.000000	0.000000	0.000000	0	0	0	
280687	2851	0.080000	13.390000	10.620000	1.370000	0.000000	64.000000	25.000000	73	0.000000	0.000000	0.000000	0	0	0	
280891	2851	0.080000	13.430000	10.660000	1.360000	0.000000	64.000000	25.000000	71	0.000000	0.000000	0.000000	0	0	0	
281078	2855	0.080000	13.440000	10.810000	1.370000	0.000000	64.000000	25.000000	71	0.000000	0.000000	0.000000	0	0	0	
281266	2851	0.080000	13.450000	10.820000	1.370000	0.000000	64.000000	25.000000	72	0.000000	0.000000	0.000000	0	0	0	
281453	2869	0.080000	13.510000	10.940000	1.370000	0.000000	64.000000	25.000000	73	0.000000	0.000000	0.000000	0	0	0	
281656	2872	0.080000	13.430000	10.660000	1.380000	0.000000	64.000000	25.000000	72	0.000000	0.000000	0.000000	0	0	0	
281844	2875	0.080000	13.360000	10.590000	1.380000	0.000000	64.000000	25.000000	73	0.000000	0.000000	0.000000	0	0	0	
282031	2886	0.080000	13.390000	10.690000	1.380000	0.000000	64.000000	25.000000	71	0.000000	0.000000	0.000000	0	0	0	
282219	2893	0.080000	13.400000	10.630000	1.370000	0.000000	64.000000	25.000000	71	0.000000	0.000000	0.000000	0	0	0	
282406	2899	0.080000	13.330000	10.430000	1.370000	0.000000	64.000000	25.000000	73	0.000000	0.000000	0.000000	0	0	0	
282594	2907	0.080000	13.320000	10.430000	1.370000	0.000000	64.000000	25.000000	72	0.000000	0.000000	0.000000	0	0	0	
282781	2916	0.080000	13.400000	10.570000	1.370000	0.000000	64.000000	25.000000	72	0.000000	0.000000	0.000000	0	0	0	
282969	2920	0.080000	13.350000	10.480000	1.370000	0.000000	64.000000	25.000000	72	0.000000	0.000000	0.000000	0	0	0	
283172	2920	0.080000	13.260000	10.250000	1.370000	0.000000	64.000000	25.000000	73	0.000000	0.000000	0.000000	0	0	0	
283359	2935	0.080000	13.220000	10.150000	1.360000	0.000000	64.000000	25.000000	72	0.000000	0.000000	0.000000	0	0	0	
283625	2939	0.080000	13.290000	10.380000	1.370000	0.000000	64.000000	25.000000	72	0.000000	0.000000	0.000000	0	0	0	
283828	2938	0.080000	13.260000	10.250000	1.370000	0.000000	64.000000	25.000000	71	0.000000	0.000000	0.000000	0	0	0	
284016	2953	0.080000	13.170000	10.040000	1.380000	0.000000	64.000000	25.000000	71	0.000000	0.000000	0.000000	0	0	0	
284203	2950	0.080000	13.220000	10.080000	1.370000	0.000000	64.000000	25.000000	72	0.000000	0.000000	0.000000	0	0	0	
284391	2957	0.080000	13.210000	10.140000	1.370000	0.000000	64.000000	25.000000	73	0.000000	0.000000	0.000000	0	0	0	
284594	2965	0.080000	13.260000	10.180000	1.370000	0.000000	64.000000	25.000000	72	0.000000	0.000000	0.000000	0	0	0	
284781	2974	0.080000	13.210000	10.080000	1.370000	0.000000	64.000000	25.000000	71	0.000000	0.000000	0.000000	0	0	0	
284969	2978	0.080000	13.230000	10.090000	1.370000	0.000000	64.000000	25.000000	73	0.000000	0.000000	0.000000	0	0	0	
285172	2978	0.080000	12.720000	9.770000	1.360000	0.000000	64.000000	25.000000	71	0.000000	0.000000	0.000000	0	0	0	
285359	2974	0.080000	12.520000	9.660000	1.340000	0.000000	64.000000	25.000000	73	0.000000	0.000000	0.000000	0	0	0	
285547	3006	0.080000	12.260000	9.550000	1.360000	0.000000	63.000000	25.000000	71	0.000000	0.000000	0.000000	0	0	0	
285734	3014	0.080000	12.390000	9.600000	1.350000	0.000000	63.000000	25.000000	73	0.000000	0.000000	0.000000	0	0	0	
285953	3006	0.080000	12.350000	9.570000	1.340000	0.000000	64.000000	25.000000	72	0.000000	0.000000	0.000000	0	0	0	
286156	3017	0.080000	11.590000	9.190000	1.310000	0.000000	63.000000	25.000000	71	0.000000	0.000000	0.000000	0	0	0	
286359	3003	0.080000	11.430000	9.100000	1.310000	0.000000	63.000000	25.000000	72	0.000000	0.000000	0.000000	0	0	0	
286547	3010	0.080000	11.560000	9.160000	1.310000	0.000000	64.000000	25.000000	72	0.000000	0.000000	0.000000	0	0	0	
286766	3004	0.080000	11.880000	9.330000	1.320000	0.000000	64.000000	25.000000	72	0.000000	0.000000	0.000000	0	0	0	
286953	3014	0.080000	11.870000	9.320000	1.320000	0.000000	64.000000	25.000000	72	0.000000	0.000000	0.000000	0	0	0	
287141	3024	0.080000	10.450000	8.600000	1.310000	0.000000	64.000000	25.000000	73	0.000000	0.000000	0.000000	0	0	0	
287344	3023	0.080000	10.140000	8.420000	1.270000	0.000000	64.000000	25.000000	72	0.000000	0.000000	0.000000	0	0	0	
287594	3024	0.080000	9.510000	8.030000	1.240000	0.000000	63.000000	25.000000	72	0.000000	0.000000	0.000000	0	0	0	
287797	3020	0.080000	9.230000	7.810000	1.230000	0.000000	63.000000	25.000000	72	0.000000	0.000000	0.000000	0	0	0	
287984	3023	0.080000	9.270000	7.840000	1.240000	0.000000	63.000000	25.000000	72	0.000000	0.000000	0.000000	0	0	0	
288187	3020	0.080000	9.010000	7.630000	1.220000	0.000000	63.000000	25.000000	72	0.000000	0.000000	0.000000	0	0	0	
288375	3020	0.080000	7.650000	6.640000	1.180000	0.000000	63.000000	25.000000	73	0.000000	0.000000	0.000000	0	0	0	
288547	3014	0.080000	7.360000	6.310000	1.160000	0.000000	63.000000	25.000000	72	0.000000	0.000000	0.000000	0	0	0	
288750	3001	0.080000	7.200000	6.150000	1.130000	0.000000	63.000000	25.000000	73	0.000000	0.000000	0.000000	0	0	0	
288937	3001	0.080000	7.130000	6.100000	1.130000	0.000000	63.000000	25.000000	72	0.000000	0.000000	0.000000	0	0	0	
289109	3003	0.080000	7.080000	6.070000	1.130000	0.000000	63.000000	25.000000	72	0.000000	0.000000	0.000000	0	0	0	
289297	2983	0.080000	4.700000	3.590000	1.060000	0.000000	63.000000	25.000000	245	0.000000	0.000000	0.000000	0	0	0	
289500	2974	0.080000	4.580000	3.350000	1.020000	0.000000	63.000000	25.000000	254	0.000000	0.000000	0.000000	0	0	0	
289703	2934	0.080000	4.590000	3.370000	1.010000	0.000000	63.000000	25.000000	254	0.000000	0.000000	0.000000	0	0	0	
289906	2941	0.080000	4.310000	3.090000	1.000000	0.000000	63.000000	25.000000	73	0.000000	0.000000	0.000000	0	0	0	
290109	2963	0.080000	0.000000	0.000000	1.040000	0.000000	63.000000	25.000000	254	0.000000	0.000000	0.000000	0	0	0	
290328	2951	0.080000	0.000000	0.000000	1.040000	0.000000	63.000000	25.000000	254	0.000000	0.000000	0.000000	0	0	0	
290500	2937	0.080000	0.000000	0.000000	1.040000	0.000000	63.000000	25.000000	254	0.000000	0.000000	0.000000	0	0	0	
290672	2923	0.080000	0.000000	0.000000	1.040000	0.000000	63.000000	25.000000	254	0.000000	0.000000	0.000000	0	0	0	
290844	2909	0.080000	0.000000	0.000000	1.040000	0.000000	63.000000	25.000000	254	0.000000	0.000000	0.000000	0	0	0	
291031	2899	0.080000	0.000000	0.000000	1.040000	0.000000	63.000000	25.000000	254	0.000000	0.000000	0.000000	0	0	0	
291203	2886	0.080000	0.000000	0.000000	1.040000	0.000000	63.000000	25.000000	254	0.000000	0.000000	0.000000	0	0	0	
291453	2876	0.080000	0.000000	0.000000	1.040000	0.000000	63.000000	25.000000	254	0.000000	0.000000	0.000000	0	0	0	
291625	2859	0.080000	0.000000	0.000000	1.040000	0.000000	63.000000	25.000000	254	0.000000	0.000000	0.000000	0	0	0	
291812	2861	0.080000	0.000000	0.000000	1.040000	0.000000	63.000000	25.000000	191	0.000000	0.000000	0.000000	0	0	0	
291984	2845	0.080000	0.000000	0.000000	1.040000	0.000000	63.000000	25.000000	56	0.000000	0.000000	0.000000	0	0	0	
292172	2833	0.080000	0.000000	0.000000	1.040000	0.000000	63.000000	25.000000	254	0.000000	0.000000	0.000000	0	0	0	
292344	2826	0.080000	0.000000	0.000000	1.040000	0.000000	63.000000	25.000000	57	0.000000	0.000000	0.000000	0	0	0	
292531	2810	0.080000	0.000000	0.000000	1.040000	0.000000	63.000000	25.000000	56	0.000000	0.000000	0.000000	0	0	0	
292703	2800	0.080000	0.000000	0.000000	1.040000	0.000000	63.000000	25.000000	56	0.000000	0.000000	0.000000	0	0	0	
292891	2788	0.080000	0.000000	0.000000	1.040000	0.000000	63.000000	25.000000	205	0.000000	0.000000	0.000000	0	0	0	
293062	2782	0.080000	0.000000	0.000000	1.040000	0.000000	63.000000	25.000000	55	0.000000	0.000000	0.000000	0	0	0	
293250	2767	0.080000	0.000000	0.000000	1.040000	0.000000	63.000000	25.000000	56	0.000000	0.000000	0.000000	0	0	0	
293437	2759	0.080000	0.000000	0.000000	1.040000	0.000000	63.000000	25.000000	224	0.000000	0.000000	0.000000	0	0	0	
293609	2745	0.080000	0.000000	0.000000	1.040000	0.000000	63.000000	25.000000	56	0.000000	0.000000	0.000000	0	0	0	
293781	2739	0.080000	0.000000	0.000000	1.040000	0.000000	63.000000	25.000000	56	0.000000	0.000000	0.000000	0	0	0	
293969	2729	0.080000	0.000000	0.000000	1.040000	0.000000	63.000000	25.000000	56	0.000000	0.000000	0.000000	0	0	0	
294141	2721	0.080000	0.000000	0.000000	1.040000	0.000000	63.000000	25.000000	56	0.000000	0.000000	0.000000	0	0	0	
294312	2707	0.080000	0.000000	0.000000	1.040000	0.000000	63.000000	25.000000	55	0.000000	0.000000	0.000000	0	0	0	
294484	2702	0.080000	0.000000	0.000000	1.040000	0.000000	63.000000	25.000000	55	0.000000	0.000000	0.000000	0	0	0	
294672	2691	0.080000	0.000000	0.000000	1.040000	0.000000	63.000000	25.000000	56	0.000000	0.000000	0.000000	0	0	0	
294844	2682	0.080000	0.000000	0.000000	1.040000	0.000000	63.000000	25.000000	57	0.000000	0.000000	0.000000	0	0	0	
295094	2670	0.080000	0.000000	0.000000	1.040000	0.000000	63.000000	24.000000	56	0.000000	0.000000	0.000000	0	0	0	
295297	2652	0.080000	4.900000	3.810000	0.980000	0.000000	63.000000	24.000000	118	0.000000	0.000000	0.000000	0	0	0	
295500	2640	0.080000	4.800000	3.750000	0.980000	0.000000	63.000000	24.000000	55	0.000000	0.000000	0.000000	0	0	0	
295703	2653	0.080000	4.650000	3.580000	0.990000	0.000000	63.000000	24.000000	254	0.000000	0.000000	0.000000	0	0	0	
295906	2644	0.080000	4.680000	3.630000	1.000000	0.000000	63.000000	24.000000	226	0.000000	0.000000	0.000000	0	0	0	
296109	2692	0.080000	2.050000	0.880000	1.040000	0.000000	63.000000	24.000000	55	0.000000	0.000000	0.000000	0	0	0	
296297	2647	0.080000	7.650000	6.410000	1.100000	0.000000	63.000000	24.000000	55	0.000000	0.000000	0.000000	0	0	0	
296484	2631	0.080000	8.420000	7.110000	1.140000	0.000000	63.000000	24.000000	56	0.000000	0.000000	0.000000	0	0	0	
296672	2629	0.080000	8.190000	6.980000	1.140000	0.000000	63.000000	24.000000	55	0.000000	0.000000	0.000000	0	0	0	
296875	2614	0.080000	8.360000	7.050000	1.160000	0.000000	63.000000	24.000000	55	0.000000	0.000000	0.000000	0	0	0	
297062	2626	0.080000	8.180000	6.970000	1.150000	0.000000	63.000000	24.000000	55	0.000000	0.000000	0.000000	0	0	0	
297250	2614	0.080000	8.340000	7.030000	1.130000	0.000000	64.000000	24.000000	56	0.000000	0.000000	0.000000	0	0	0	
297453	2616	0.080000	8.150000	6.960000	1.150000	0.000000	63.000000	24.000000	55	0.000000	0.000000	0.000000	0	0	0	
297641	2626	0.080000	8.380000	7.060000	1.140000	0.000000	63.000000	24.000000	56	0.000000	0.000000	0.000000	0	0	0	
297844	2614	0.080000	8.450000	7.130000	1.140000	0.000000	63.000000	24.000000	55	0.000000	0.000000	0.000000	0	0	0	
298016	2598	0.080000	4.700000	4.020000	1.080000	0.000000	64.000000	24.000000	254	0.000000	0.000000	0.000000	0	0	0	
298219	2600	0.080000	4.600000	3.630000	1.020000	0.000000	63.000000	24.000000	101	0.000000	0.000000	0.000000	0	0	0	
298422	2577	0.080000	4.550000	3.540000	1.010000	0.000000	63.000000	24.000000	249	0.000000	0.000000	0.000000	0	0	0	
298609	2598	0.080000	4.540000	3.520000	1.000000	0.000000	63.000000	24.000000	254	0.000000	0.000000	0.000000	0	0	0	
298812	2600	0.080000	4.410000	3.360000	1.010000	0.000000	64.000000	24.000000	117	0.000000	0.000000	0.000000	0	0	0	
299109	2574	0.080000	0.000000	0.000000	1.030000	0.000000	64.000000	24.000000	57	0.000000	0.000000	0.000000	0	0	0	
299297	2558	0.080000	0.000000	0.000000	1.030000	0.000000	64.000000	24.000000	254	0.000000	0.000000	0.000000	0	0	0	
299500	2544	0.080000	4.750000	3.770000	0.990000	0.000000	64.000000	24.000000	254	0.000000	0.000000	0.000000	0	0	0	
299719	2513	0.080000	4.670000	3.630000	0.990000	0.000000	64.000000	24.000000	254	0.000000	0.000000	0.000000	0	0	0	
299906	2527	0.080000	4.560000	3.530000	0.980000	0.000000	64.000000	24.000000	254	0.000000	0.000000	0.000000	0	0	0	
300094	2514	0.080000	0.000000	0.000000	1.020000	0.000000	64.000000	24.000000	74	0.000000	0.000000	0.000000	0	0	0	
300312	2521	0.080000	0.000000	0.000000	1.020000	0.000000	64.000000	24.000000	231	0.000000	0.000000	0.000000	0	0	0	
300500	2497	0.080000	0.000000	0.000000	1.030000	0.000000	64.000000	24.000000	73	0.000000	0.000000	0.000000	0	0	0	
300672	2484	0.080000	0.000000	0.000000	1.030000	0.000000	64.000000	24.000000	57	0.000000	0.000000	0.000000	0	0	0	
300844	2479	0.080000	0.000000	0.000000	1.030000	0.000000	64.000000	24.000000	55	0.000000	0.000000	0.000000	0	0	0	
301031	2468	0.080000	0.000000	0.000000	1.030000	0.000000	64.000000	24.000000	57	0.000000	0.000000	0.000000	0	0	0	
301219	2461	0.080000	0.000000	0.000000	1.020000	0.000000	64.000000	24.000000	62	0.000000	0.000000	0.000000	0	0	0	
301391	2449	0.080000	0.000000	0.000000	1.020000	0.000000	64.000000	24.000000	57	0.000000	0.000000	0.000000	0	0	0	
301594	2469	0.080000	4.800000	3.860000	0.990000	0.000000	64.000000	24.000000	56	0.000000	0.000000	0.000000	0	0	0	
301812	2444	0.080000	4.660000	3.650000	0.980000	0.000000	64.000000	24.000000	243	0.000000	0.000000	0.000000	0	0	0	
302000	2427	0.080000	4.600000	3.570000	0.980000	0.000000	64.000000	24.000000	252	0.000000	0.000000	0.000000	0	0	0	
302187	2424	0.080000	4.530000	3.500000	0.980000	0.000000	64.000000	24.000000	254	0.000000	0.000000	0.000000	0	0	0	
302375	2420	0.080000	4.180000	3.220000	0.990000	0.000000	64.000000	24.000000	63	0.000000	0.000000	0.000000	0	0	0	
302578	2417	0.080000	4.140000	3.200000	0.990000	0.000000	64.000000	24.000000	161	0.000000	0.000000	0.000000	0	0	0	
302781	2410	0.080000	4.150000	3.220000	0.990000	0.000000	64.000000	24.000000	109	0.000000	0.000000	0.000000	0	0	0	
303047	2398	0.080000	4.090000	3.180000	1.000000	0.000000	64.000000	24.000000	103	0.000000	0.000000	0.000000	0	0	0	
303266	2402	0.080000	4.410000	3.380000	1.000000	0.000000	64.000000	24.000000	254	0.000000	0.000000	0.000000	0	0	0	
303469	2408	0.080000	4.530000	3.550000	1.010000	0.000000	64.000000	24.000000	181	0.000000	0.000000	0.000000	0	0	0	
303656	2376	0.080000	4.580000	3.640000	1.020000	0.000000	64.000000	24.000000	223	0.000000	0.000000	0.000000	0	0	0	
303859	2363	0.080000	4.580000	3.630000	1.020000	0.000000	64.000000	24.000000	207	0.000000	0.000000	0.000000	0	0	0	
304062	2364	0.080000	5.770000	4.710000	1.040000	0.000000	64.000000	24.000000	254	0.000000	0.000000	0.000000	0	0	0	
304250	2368	0.080000	7.940000	6.570000	1.110000	0.000000	64.000000	24.000000	56	0.000000	0.000000	0.000000	0	0	0	
304437	2356	0.080000	8.160000	6.840000	1.140000	0.000000	64.000000	24.000000	55	0.000000	0.000000	0.000000	0	0	0	
304641	2344	0.080000	8.090000	6.790000	1.130000	0.000000	64.000000	24.000000	56	0.000000	0.000000	0.000000	0	0	0	
304828	2342	0.080000	8.190000	6.880000	1.150000	0.000000	64.000000	24.000000	55	0.000000	0.000000	0.000000	0	0	0	
305016	2334	0.080000	8.180000	6.850000	1.140000	0.000000	64.000000	24.000000	55	0.000000	0.000000	0.000000	0	0	0	
305203	2324	0.080000	8.870000	7.550000	1.170000	0.000000	64.000000	24.000000	54	0.000000	0.000000	0.000000	0	0	0	
305406	2326	0.080000	10.950000	8.930000	1.210000	0.000000	64.000000	24.000000	55	0.000000	0.000000	0.000000	0	0	0	
305594	2323	0.080000	10.900000	8.880000	1.210000	0.000000	64.000000	24.000000	55	0.000000	0.000000	0.000000	0	0	0	
305781	2315	0.080000	10.740000	8.790000	1.220000	0.000000	64.000000	24.000000	55	0.000000	0.000000	0.000000	0	0	0	
305969	2318	0.080000	10.130000	8.440000	1.220000	0.000000	64.000000	24.000000	56	0.000000	0.000000	0.000000	0	0	0	
306172	2310	0.080000	10.240000	8.490000	1.220000	0.000000	64.000000	24.000000	55	0.000000	0.000000	0.000000	0	0	0	
306359	2302	0.080000	10.160000	8.470000	1.220000	0.000000	64.000000	24.000000	55	0.000000	0.000000	0.000000	0	0	0	
306547	2302	0.080000	10.250000	8.500000	1.220000	0.000000	64.000000	24.000000	55	0.000000	0.000000	0.000000	0	0	0	
306734	2296	0.080000	10.400000	8.590000	1.220000	0.000000	64.000000	24.000000	55	0.000000	0.000000	0.000000	0	0	0	
307000	2291	0.080000	10.000000	8.380000	1.230000	0.000000	64.000000	24.000000	55	0.000000	0.000000	0.000000	0	0	0	
307187	2292	0.080000	10.260000	8.500000	1.220000	0.000000	64.000000	24.000000	56	0.000000	0.000000	0.000000	0	0	0	
307375	2284	0.080000	10.250000	8.500000	1.220000	0.000000	64.000000	24.000000	55	0.000000	0.000000	0.000000	0	0	0	
307578	2278	0.080000	7.840000	6.620000	1.190000	0.000000	64.000000	24.000000	55	0.000000	0.000000	0.000000	0	0	0	
307766	2263	0.080000	5.780000	4.940000	1.100000	0.000000	64.000000	24.000000	57	0.000000	0.000000	0.000000	0	0	0	
307953	2250	0.080000	4.900000	4.140000	1.060000	0.000000	64.000000	24.000000	55	0.000000	0.000000	0.000000	0	0	0	
308141	2240	0.080000	4.950000	4.120000	1.040000	0.000000	64.000000	24.000000	110	0.000000	0.000000	0.000000	0	0	0	
308344	2232	0.080000	4.700000	4.010000	1.040000	0.000000	64.000000	24.000000	215	0.000000	0.000000	0.000000	0	0	0	
308547	2216	0.080000	5.070000	4.180000	1.040000	0.000000	64.000000	24.000000	61	0.000000	0.000000	0.000000	0	0	0	
308734	2199	0.080000	4.940000	4.110000	1.040000	0.000000	64.000000	24.000000	155	0.000000	0.000000	0.000000	0	0	0	
308953	2191	0.080000	4.820000	4.050000	1.040000	0.000000	64.000000	24.000000	58	0.000000	0.000000	0.000000	0	0	0	
309156	2181	0.080000	4.940000	4.120000	1.040000	0.000000	64.000000	24.000000	55	0.000000	0.000000	0.000000	0	0	0	
309344	2157	0.080000	5.070000	4.200000	1.040000	0.000000	64.000000	24.000000	200	0.000000	0.000000	0.000000	0	0	0	
309531	2147	0.080000	4.600000	3.720000	1.030000	0.000000	64.000000	24.000000	160	0.000000	0.000000	0.000000	0	0	0	
309766	2132	0.080000	3.940000	3.170000	1.000000	0.000000	64.000000	24.000000	253	0.000000	0.000000	0.000000	0	0	0	
309969	2091	0.080000	3.590000	2.990000	1.000000	0.000000	64.000000	24.000000	254	0.000000	0.000000	0.000000	0	0	0	
310156	2085	0.080000	3.620000	3.010000	1.000000	0.000000	64.000000	24.000000	250	0.000000	0.000000	0.000000	0	0	0	
310375	2095	0.080000	3.880000	3.150000	1.000000	0.000000	64.000000	24.000000	254	0.000000	0.000000	0.000000	0	0	0	
310562	2120	0.080000	4.890000	4.090000	1.020000	0.000000	64.000000	24.000000	86	0.000000	0.000000	0.000000	0	0	0	
310750	2082	0.080000	4.930000	4.120000	1.050000	0.000000	64.000000	24.000000	243	0.000000	0.000000	0.000000	0	0	0	
311047	2058	0.080000	5.200000	4.270000	1.050000	0.000000	64.000000	24.000000	76	0.000000	0.000000	0.000000	0	0	0	
311234	2072	0.080000	1.900000	8.730000	1.150000	0.000000	64.000000	24.000000	72	0.000000	0.000000	0.000000	0	0	0	
311422	2063	0.080000	10.320000	8.880000	1.200000	0.000000	64.000000	24.000000	73	0.000000	0.000000	0.000000	0	0	0	
311609	2060	0.080000	10.070000	8.690000	1.210000	0.000000	64.000000	24.000000	73	0.000000	0.000000	0.000000	0	0	0	
311812	2062	0.080000	10.150000	8.760000	1.220000	0.000000	64.000000	24.000000	105	0.000000	0.000000	0.000000	0	0	0	
312000	2066	0.080000	10.050000	8.670000	1.220000	0.000000	64.000000	24.000000	106	0.000000	0.000000	0.000000	0	0	0	
312187	2068	0.080000	9.820000	8.500000	1.220000	0.000000	64.000000	24.000000	105	0.000000	0.000000	0.000000	0	0	0	
312375	2066	0.080000	9.600000	8.330000	1.230000	0.000000	64.000000	24.000000	105	0.000000	0.000000	0.000000	0	0	0	
312578	2070	0.080000	9.780000	8.460000	1.220000	0.000000	64.000000	24.000000	106	0.000000	0.000000	0.000000	0	0	0	
312766	2085	0.080000	9.840000	8.520000	1.210000	0.000000	64.000000	24.000000	106	0.000000	0.000000	0.000000	0	0	0	
312953	2084	0.080000	9.580000	8.320000	1.220000	0.000000	64.000000	24.000000	105	0.000000	0.000000	0.000000	0	0	0	
313125	2082	0.080000	9.640000	8.320000	1.210000	0.000000	64.000000	24.000000	106	0.000000	0.000000	0.000000	0	0	0	
313312	2080	0.080000	9.710000	8.390000	1.210000	0.000000	64.000000	24.000000	105	0.000000	0.000000	0.000000	0	0	0	
313500	2099	0.080000	9.800000	8.420000	1.220000	0.000000	64.000000	24.000000	105	0.000000	0.000000	0.000000	0	0	0	
313687	2102	0.080000	9.550000	8.220000	1.220000	0.000000	64.000000	24.000000	105	0.000000	0.000000	0.000000	0	0	0	
313875	2101	0.080000	9.590000	8.260000	1.210000	0.000000	64.000000	24.000000	106	0.000000	0.000000	0.000000	0	0	0	
314078	2111	0.080000	9.680000	8.360000	1.210000	0.000000	64.000000	24.000000	106	0.000000	0.000000	0.000000	0	0	0	
314266	2113	0.080000	9.590000	8.260000	1.210000	0.000000	64.000000	24.000000	106	0.000000	0.000000	0.000000	0	0	0	
314453	2115	0.080000	9.470000	8.270000	1.210000	0.000000	64.000000	24.000000	105	0.000000	0.000000	0.000000	0	0	0	
314656	2137	0.080000	9.650000	8.330000	1.200000	0.000000	64.000000	23.000000	106	0.000000	0.000000	0.000000	0	0	0	
314922	2135	0.080000	9.660000	8.340000	1.200000	0.000000	64.000000	24.000000	105	0.000000	0.000000	0.000000	0	0	0	
315125	2140	0.080000	9.380000	8.110000	1.210000	0.000000	64.000000	23.000000	105	0.000000	0.000000	0.000000	0	0	0	
315312	2146	0.080000	9.530000	8.200000	1.200000	0.000000	64.000000	23.000000	106	0.000000	0.000000	0.000000	0	0	0	
315516	2158	0.080000	9.580000	8.260000	1.200000	0.000000	64.000000	23.000000	106	0.000000	0.000000	0.000000	0	0	0	
315703	2166	0.080000	9.440000	8.110000	1.200000	0.000000	64.000000	23.000000	105	0.000000	0.000000	0.000000	0	0	0	
315891	2174	0.080000	9.280000	7.950000	1.200000	0.000000	64.000000	23.000000	105	0.000000	0.000000	0.000000	0	0	0	
316094	2187	0.080000	9.360000	8.030000	1.190000	0.000000	64.000000	23.000000	105	0.000000	0.000000	0.000000	0	0	0	
316281	2180	0.080000	9.280000	7.950000	1.200000	0.000000	64.000000	23.000000	105	0.000000	0.000000	0.000000	0	0	0	
316469	2209	0.080000	8.890000	7.550000	1.180000	0.000000	64.000000	23.000000	105	0.000000	0.000000	0.000000	0	0	0	
316656	2218	0.080000	8.820000	7.480000	1.190000	0.000000	64.000000	23.000000	105	0.000000	0.000000	0.000000	0	0	0	
316859	2224	0.080000	9.040000	7.700000	1.190000	0.000000	64.000000	23.000000	106	0.000000	0.000000	0.000000	0	0	0	
317047	2232	0.080000	9.060000	7.720000	1.180000	0.000000	64.000000	23.000000	106	0.000000	0.000000	0.000000	0	0	0	
317234	2244	0.080000	8.930000	7.590000	1.190000	0.000000	64.000000	23.000000	105	0.000000	0.000000	0.000000	0	0	0	
317422	2258	0.080000	9.000000	7.710000	1.190000	0.000000	64.000000	23.000000	105	0.000000	0.000000	0.000000	0	0	0	
317625	2276	0.080000	9.210000	7.820000	1.190000	0.000000	64.000000	23.000000	105	0.000000	0.000000	0.000000	0	0	0	
317812	2276	0.080000	9.380000	7.930000	1.200000	0.000000	64.000000	23.000000	106	0.000000	0.000000	0.000000	0	0	0	
318000	2295	0.080000	2.020000	0.930000	1.210000	0.000000	64.000000	23.000000	105	0.000000	0.000000	0.000000	0	0	0	
318203	2309	0.080000	10.800000	8.850000	1.230000	0.000000	64.000000	23.000000	105	0.000000	0.000000	0.000000	0	0	0	
318391	2327	0.080000	10.720000	8.770000	1.220000	0.000000	64.000000	23.000000	106	0.000000	0.000000	0.000000	0	0	0	
318578	2332	0.080000	10.470000	8.650000	1.230000	0.000000	64.000000	23.000000	106	0.000000	0.000000	0.000000	0	0	0	
318844	2342	0.080000	10.810000	8.800000	1.250000	0.000000	64.000000	23.000000	105	0.000000	0.000000	0.000000	0	0	0	
319047	2357	0.080000	11.100000	9.080000	1.250000	0.000000	64.000000	23.000000	106	0.000000	0.000000	0.000000	0	0	0	
319234	2364	0.080000	11.230000	9.130000	1.260000	0.000000	64.000000	23.000000	106	0.000000	0.000000	0.000000	0	0	0	
319422	2376	0.080000	11.030000	8.950000	1.270000	0.000000	64.000000	23.000000	106	0.000000	0.000000	0.000000	0	0	0	
319625	2385	0.080000	10.790000	8.780000	1.260000	0.000000	64.000000	23.000000	105	0.000000	0.000000	0.000000	0	0	0	
319812	2382	0.080000	10.860000	8.850000	1.260000	0.000000	64.000000	23.000000	105	0.000000	0.000000	0.000000	0	0	0	
320000	2400	0.080000	10.840000	8.820000	1.260000	0.000000	64.000000	23.000000	106	0.000000	0.000000	0.000000	0	0	0	
320187	2402	0.080000	10.680000	8.690000	1.260000	0.000000	64.000000	23.000000	105	0.000000	0.000000	0.000000	0	0	0	
320391	2417	0.080000	10.960000	8.880000	1.260000	0.000000	64.000000	23.000000	105	0.000000	0.000000	0.000000	0	0	0	
320578	2422	0.080000	11.280000	9.060000	1.270000	0.000000	64.000000	23.000000	105	0.000000	0.000000	0.000000	0	0	0	
320766	2426	0.080000	11.170000	9.010000	1.270000	0.000000	64.000000	23.000000	106	0.000000	0.000000	0.000000	0	0	0	
320953	2439	0.080000	11.080000	8.930000	1.280000	0.000000	64.000000	23.000000	106	0.000000	0.000000	0.000000	0	0	0	
321156	2445	0.080000	11.020000	8.880000	1.280000	0.000000	64.000000	23.000000	106	0.000000	0.000000	0.000000	0	0	0	
321344	2450	0.080000	11.530000	9.170000	1.270000	0.000000	64.000000	23.000000	105	0.000000	0.000000	0.000000	0	0	0	
321531	2450	0.080000	11.430000	9.130000	1.280000	0.000000	64.000000	23.000000	106	0.000000	0.000000	0.000000	0	0	0	
321719	2455	0.080000	11.190000	8.980000	1.280000	0.000000	64.000000	23.000000	106	0.000000	0.000000	0.000000	0	0	0	
321922	2462	0.080000	11.530000	9.160000	1.280000	0.000000	64.000000	23.000000	105	0.000000	0.000000	0.000000	0	0	0	
322109	2459	0.080000	11.900000	9.380000	1.290000	0.000000	64.000000	23.000000	106	0.000000	0.000000	0.000000	0	0	0	
322297	2471	0.080000	11.880000	9.260000	1.280000	0.000000	64.000000	23.000000	106	0.000000	0.000000	0.000000	0	0	0	
322469	2479	0.080000	11.590000	9.160000	1.290000	0.000000	64.000000	23.000000	105	0.000000	0.000000	0.000000	0	0	0	
322750	2493	0.080000	11.980000	9.390000	1.290000	0.000000	64.000000	23.000000	106	0.000000	0.000000	0.000000	0	0	0	
322937	2495	0.080000	12.270000	9.530000	1.300000	0.000000	64.000000	23.000000	106	0.000000	0.000000	0.000000	0	0	0	
323125	2493	0.080000	11.820000	9.310000	1.300000	0.000000	64.000000	23.000000	105	0.000000	0.000000	0.000000	0	0	0	
323328	2501	0.080000	11.580000	9.150000	1.300000	0.000000	64.000000	23.000000	105	0.000000	0.000000	0.000000	0	0	0	
323516	2504	0.080000	11.820000	9.310000	1.300000	0.000000	64.000000	23.000000	105	0.000000	0.000000	0.000000	0	0	0	
323703	2516	0.080000	12.110000	9.440000	1.300000	0.000000	64.000000	23.000000	105	0.000000	0.000000	0.000000	0	0	0	
323906	2513	0.080000	12.170000	9.500000	1.300000	0.000000	64.000000	23.000000	105	0.000000	0.000000	0.000000	0	0	0	
324094	2519	0.080000	12.120000	9.460000	1.300000	0.000000	64.000000	23.000000	106	0.000000	0.000000	0.000000	0	0	0	
324281	2522	0.080000	13.140000	10.040000	1.340000	0.000000	64.000000	23.000000	105	0.000000	0.000000	0.000000	0	0	0	
324469	2533	0.080000	13.220000	10.300000	1.360000	0.000000	64.000000	23.000000	105	0.000000	0.000000	0.000000	0	0	0	
324672	2536	0.080000	13.330000	10.470000	1.360000	0.000000	64.000000	23.000000	105	0.000000	0.000000	0.000000	0	0	0	
324859	2549	0.080000	13.170000	10.200000	1.360000	0.000000	64.000000	23.000000	106	0.000000	0.000000	0.000000	0	0	0	
325047	2554	0.080000	13.180000	10.070000	1.360000	0.000000	64.000000	23.000000	106	0.000000	0.000000	0.000000	0	0	0	
325234	2560	0.080000	13.160000	10.120000	1.350000	0.000000	64.000000	23.000000	105	0.000000	0.000000	0.000000	0	0	0	
325437	2559	0.080000	13.180000	10.070000	1.360000	0.000000	64.000000	23.000000	105	0.000000	0.000000	0.000000	0	0	0	
325625	2571	0.080000	12.830000	9.830000	1.350000	0.000000	64.000000	23.000000	106	0.000000	0.000000	0.000000	0	0	0	
325812	2573	0.080000	12.550000	9.710000	1.350000	0.000000	64.000000	23.000000	105	0.000000	0.000000	0.000000	0	0	0	
326000	2582	0.080000	12.990000	9.920000	1.350000	0.000000	64.000000	23.000000	106	0.000000	0.000000	0.000000	0	0	0	
326203	2581	0.080000	13.040000	9.950000	1.350000	0.000000	64.000000	23.000000	105	0.000000	0.000000	0.000000	0	0	0	
326391	2596	0.080000	12.680000	9.770000	1.370000	0.000000	64.000000	23.000000	105	0.000000	0.000000	0.000000	0	0	0	
326656	2618	0.080000	12.550000	9.710000	1.370000	0.000000	64.000000	23.000000	106	0.000000	0.000000	0.000000	0	0	0	
326859	2616	0.080000	12.710000	9.790000	1.360000	0.000000	64.000000	23.000000	105	0.000000	0.000000	0.000000	0	0	0	
327047	2620	0.080000	12.670000	9.750000	1.350000	0.000000	64.000000	23.000000	105	0.000000	0.000000	0.000000	0	0	0	
327234	2621	0.080000	12.270000	9.530000	1.350000	0.000000	64.000000	23.000000	106	0.000000	0.000000	0.000000	0	0	0	
327406	2632	0.080000	12.110000	9.440000	1.340000	0.000000	64.000000	23.000000	105	0.000000	0.000000	0.000000	0	0	0	
327609	2634	0.080000	12.450000	9.630000	1.340000	0.000000	64.000000	23.000000	106	0.000000	0.000000	0.000000	0	0	0	
327797	2646	0.080000	12.660000	9.750000	1.330000	0.000000	64.000000	23.000000	105	0.000000	0.000000	0.000000	0	0	0	
327984	2647	0.080000	12.470000	9.640000	1.350000	0.000000	64.000000	23.000000	105	0.000000	0.000000	0.000000	0	0	0	
328187	2652	0.080000	11.650000	9.220000	1.340000	0.000000	64.000000	23.000000	105	0.000000	0.000000	0.000000	0	0	0	
328375	2657	0.080000	11.950000	9.360000	1.330000	0.000000	64.000000	23.000000	105	0.000000	0.000000	0.000000	0	0	0	
328562	2659	0.080000	12.290000	9.550000	1.320000	0.000000	64.000000	23.000000	105	0.000000	0.000000	0.000000	0	0	0	
328750	2662	0.080000	12.140000	9.440000	1.330000	0.000000	64.000000	23.000000	105	0.000000	0.000000	0.000000	0	0	0	
328937	2673	0.080000	11.990000	9.370000	1.330000	0.000000	64.000000	23.000000	105	0.000000	0.000000	0.000000	0	0	0	
329125	2677	0.080000	12.180000	9.510000	1.330000	0.000000	64.000000	23.000000	105	0.000000	0.000000	0.000000	0	0	0	
329312	2674	0.080000	12.490000	9.660000	1.330000	0.000000	64.000000	23.000000	105	0.000000	0.000000	0.000000	0	0	0	
329500	2679	0.080000	12.180000	9.500000	1.340000	0.000000	63.000000	23.000000	105	0.000000	0.000000	0.000000	0	0	0	
329703	2687	0.080000	12.000000	9.400000	1.320000	0.000000	63.000000	23.000000	106	0.000000	0.000000	0.000000	0	0	0	
329891	2705	0.080000	12.000000	9.400000	1.320000	0.000000	63.000000	23.000000	105	0.000000	0.000000	0.000000	0	0	0	
330078	2690	0.080000	12.290000	9.540000	1.320000	0.000000	63.000000	23.000000	105	0.000000	0.000000	0.000000	0	0	0	
330266	2703	0.080000	12.130000	9.450000	1.310000	0.000000	63.000000	23.000000	105	0.000000	0.000000	0.000000	0	0	0	
330547	2717	0.080000	11.600000	9.170000	1.320000	0.000000	64.000000	23.000000	106	0.000000	0.000000	0.000000	0	0	0	
330750	2705	0.080000	11.770000	9.260000	1.310000	0.000000	63.000000	23.000000	105	0.000000	0.000000	0.000000	0	0	0	
330937	2720	0.080000	11.970000	9.380000	1.300000	0.000000	63.000000	23.000000	106	0.000000	0.000000	0.000000	0	0	0	
331141	2725	0.080000	11.850000	9.330000	1.300000	0.000000	63.000000	23.000000	105	0.000000	0.000000	0.000000	0	0	0	
331328	2718	0.080000	11.630000	9.190000	1.310000	0.000000	63.000000	23.000000	105	0.000000	0.000000	0.000000	0	0	0	
331516	2730	0.080000	11.850000	9.330000	1.310000	0.000000	63.000000	23.000000	105	0.000000	0.000000	0.000000	0	0	0	
331703	2731	0.080000	12.110000	9.450000	1.310000	0.000000	63.000000	23.000000	105	0.000000	0.000000	0.000000	0	0	0	
331906	2731	0.080000	11.930000	9.300000	1.300000	0.000000	63.000000	23.000000	106	0.000000	0.000000	0.000000	0	0	0	
332094	2741	0.080000	11.670000	9.230000	1.300000	0.000000	63.000000	23.000000	106	0.000000	0.000000	0.000000	0	0	0	
332266	2743	0.080000	11.770000	9.260000	1.300000	0.000000	63.000000	23.000000	105	0.000000	0.000000	0.000000	0	0	0	
332453	2743	0.080000	12.090000	9.430000	1.300000	0.000000	63.000000	23.000000	106	0.000000	0.000000	0.000000	0	0	0	
332641	2750	0.080000	11.450000	9.090000	1.300000	0.000000	63.000000	23.000000	106	0.000000	0.000000	0.000000	0	0	0	
332828	2759	0.080000	11.380000	9.030000	1.320000	0.000000	63.000000	23.000000	106	0.000000	0.000000	0.000000	0	0	0	
333016	2757	0.080000	11.780000	9.270000	1.300000	0.000000	63.000000	23.000000	105	0.000000	0.000000	0.000000	0	0	0	
333219	2757	0.080000	11.990000	9.320000	1.300000	0.000000	63.000000	23.000000	105	0.000000	0.000000	0.000000	0	0	0	
333406	2773	0.080000	11.960000	9.310000	1.310000	0.000000	63.000000	23.000000	106	0.000000	0.000000	0.000000	0	0	0	
333594	2770	0.080000	11.670000	9.170000	1.310000	0.000000	63.000000	23.000000	105	0.000000	0.000000	0.000000	0	0	0	
333781	2776	0.080000	11.690000	9.190000	1.300000	0.000000	63.000000	23.000000	106	0.000000	0.000000	0.000000	0	0	0	
333984	2780	0.080000	11.720000	9.220000	1.290000	0.000000	63.000000	23.000000	106	0.000000	0.000000	0.000000	0	0	0	
334172	2786	0.080000	11.980000	9.330000	1.300000	0.000000	63.000000	23.000000	105	0.000000	0.000000	0.000000	0	0	0	
334437	2788	0.080000	11.630000	9.130000	1.290000	0.000000	63.000000	23.000000	106	0.000000	0.000000	0.000000	0	0	0	
334641	2794	0.080000	11.640000	9.140000	1.310000	0.000000	63.000000	23.000000	105	0.000000	0.000000	0.000000	0	0	0	
334828	2795	0.080000	11.880000	9.300000	1.310000	0.000000	63.000000	23.000000	105	0.000000	0.000000	0.000000	0	0	0	
335016	2790	0.080000	11.840000	9.260000	1.300000	0.000000	63.000000	23.000000	105	0.000000	0.000000	0.000000	0	0	0	
335203	2800	0.080000	11.650000	9.150000	1.290000	0.000000	63.000000	23.000000	105	0.000000	0.000000	0.000000	0	0	0	
335391	2808	0.080000	11.520000	9.090000	1.300000	0.000000	63.000000	23.000000	106	0.000000	0.000000	0.000000	0	0	0	
335578	2804	0.080000	2.020000	0.880000	1.310000	0.000000	63.000000	23.000000	105	0.000000	0.000000	0.000000	0	0	0	
335766	2819	0.080000	13.570000	0.950000	1.340000	0.000000	63.000000	23.000000	106	0.000000	0.000000	0.000000	0	0	0	
335953	2818	0.080000	1.980000	11.950000	1.370000	0.000000	63.000000	23.000000	106	0.000000	0.000000	0.000000	0	0	0	
336156	2831	0.080000	1.990000	0.830000	1.380000	0.000000	63.000000	23.000000	106	0.000000	0.000000	0.000000	0	0	0	
336344	2827	0.080000	13.800000	12.050000	1.380000	0.000000	63.000000	23.000000	106	0.000000	0.000000	0.000000	0	0	0	
336531	2852	0.080000	13.890000	12.140000	1.390000	0.000000	63.000000	23.000000	106	0.000000	0.000000	0.000000	0	0	0	
336719	2847	0.080000	13.670000	11.860000	1.390000	0.000000	63.000000	23.000000	105	0.000000	0.000000	0.000000	0	0	0	
336906	2869	0.080000	13.630000	11.470000	1.380000	0.000000	63.000000	23.000000	104	0.000000	0.000000	0.000000	0	0	0	
337094	2866	0.080000	13.630000	11.320000	1.370000	0.000000	63.000000	23.000000	105	0.000000	0.000000	0.000000	0	0	0	
337281	2870	0.080000	13.630000	11.400000	1.370000	0.000000	63.000000	23.000000	106	0.000000	0.000000	0.000000	0	0	0	
337484	2876	0.080000	13.600000	11.240000	1.370000	0.000000	63.000000	23.000000	105	0.000000	0.000000	0.000000	0	0	0	
337672	2887	0.080000	13.560000	11.020000	1.380000	0.000000	63.000000	23.000000	105	0.000000	0.000000	0.000000	0	0	0	
337859	2882	0.080000	13.600000	10.850000	1.370000	0.000000	63.000000	23.000000	106	0.000000	0.000000	0.000000	0	0	0	
338047	2894	0.080000	13.560000	10.880000	1.370000	0.000000	63.000000	23.000000	106	0.000000	0.000000	0.000000	0	0	0	
338328	2897	0.080000	13.510000	10.770000	1.380000	0.000000	63.000000	23.000000	105	0.000000	0.000000	0.000000	0	0	0	
338516	2907	0.080000	13.450000	10.430000	1.380000	0.000000	63.000000	23.000000	106	0.000000	0.000000	0.000000	0	0	0	
338703	2909	0.080000	13.470000	10.460000	1.380000	0.000000	63.000000	23.000000	106	0.000000	0.000000	0.000000	0	0	0	
338906	2929	0.080000	13.450000	10.500000	1.380000	0.000000	63.000000	23.000000	104	0.000000	0.000000	0.000000	0	0	0	
339094	2922	0.080000	13.410000	10.330000	1.380000	0.000000	63.000000	23.000000	105	0.000000	0.000000	0.000000	0	0	0	
339281	2931	0.080000	13.350000	10.090000	1.400000	0.000000	63.000000	23.000000	106	0.000000	0.000000	0.000000	0	0	0	
339469	2942	0.080000	13.230000	9.990000	1.380000	0.000000	63.000000	23.000000	106	0.000000	0.000000	0.000000	0	0	0	
339672	2944	0.080000	13.320000	10.070000	1.370000	0.000000	63.000000	23.000000	104	0.000000	0.000000	0.000000	0	0	0	
339859	2947	0.080000	13.260000	10.010000	1.370000	0.000000	63.000000	23.000000	106	0.000000	0.000000	0.000000	0	0	0	
340047	2953	0.080000	12.880000	9.810000	1.380000	0.000000	63.000000	23.000000	106	0.000000	0.000000	0.000000	0	0	0	
340234	2960	0.080000	12.360000	9.550000	1.390000	0.000000	63.000000	23.000000	105	0.000000	0.000000	0.000000	0	0	0	
340437	2960	0.080000	12.840000	9.780000	1.390000	0.000000	63.000000	23.000000	105	0.000000	0.000000	0.000000	0	0	0	
340625	2968	0.080000	12.870000	9.810000	1.370000	0.000000	63.000000	23.000000	106	0.000000	0.000000	0.000000	0	0	0	
340812	2968	0.080000	12.720000	9.730000	1.380000	0.000000	63.000000	23.000000	106	0.000000	0.000000	0.000000	0	0	0	
341000	2977	0.080000	12.680000	9.700000	1.360000	0.000000	63.000000	23.000000	106	0.000000	0.000000	0.000000	0	0	0	
341203	2983	0.080000	12.990000	9.870000	1.370000	0.000000	63.000000	23.000000	106	0.000000	0.000000	0.000000	0	0	0	
341391	2991	0.080000	13.160000	9.930000	1.370000	0.000000	63.000000	23.000000	106	0.000000	0.000000	0.000000	0	0	0	
341578	2991	0.080000	12.840000	9.780000	1.370000	0.000000	63.000000	23.000000	106	0.000000	0.000000	0.000000	0	0	0	
341781	3001	0.080000	12.660000	9.680000	1.370000	0.000000	63.000000	23.000000	105	0.000000	0.000000	0.000000	0	0	0	
341969	2992	0.080000	10.860000	9.670000	1.350000	0.000000	63.000000	23.000000	104	0.000000	0.000000	0.000000	0	0	0	
342234	2991	0.080000	9.240000	7.730000	1.260000	0.000000	63.000000	23.000000	106	0.000000	0.000000	0.000000	0	0	0	
342422	2986	0.080000	9.330000	7.820000	1.270000	0.000000	63.000000	23.000000	105	0.000000	0.000000	0.000000	0	0	0	
342625	3009	0.080000	9.290000	7.780000	1.260000	0.000000	63.000000	23.000000	105	0.000000	0.000000	0.000000	0	0	0	
342812	3014	0.080000	9.920000	8.240000	1.270000	0.000000	63.000000	23.000000	105	0.000000	0.000000	0.000000	0	0	0	
343000	2995	0.080000	10.040000	8.280000	1.280000	0.000000	63.000000	23.000000	105	0.000000	0.000000	0.000000	0	0	0	
343203	3007	0.080000	10.080000	8.330000	1.270000	0.000000	63.000000	23.000000	105	0.000000	0.000000	0.000000	0	0	0	
343391	3000	0.080000	8.090000	6.930000	1.250000	0.000000	63.000000	23.000000	106	0.000000	0.000000	0.000000	0	0	0	
343562	2986	0.080000	6.060000	5.020000	1.180000	0.000000	63.000000	23.000000	106	0.000000	0.000000	0.000000	0	0	0	
343750	2984	0.080000	6.020000	4.970000	1.150000	0.000000	63.000000	23.000000	112	0.000000	0.000000	0.000000	0	0	0	
343953	2984	0.080000	6.000000	4.950000	1.160000	0.000000	63.000000	23.000000	105	0.000000	0.000000	0.000000	0	0	0	
344141	2974	0.080000	6.590000	5.610000	1.150000	0.000000	63.000000	23.000000	73	0.000000	0.000000	0.000000	0	0	0	
344344	2975	0.080000	7.250000	6.280000	1.160000	0.000000	63.000000	23.000000	73	0.000000	0.000000	0.000000	0	0	0	
344531	2966	0.080000	7.600000	6.570000	1.170000	0.000000	63.000000	23.000000	72	0.000000	0.000000	0.000000	0	0	0	
344734	2969	0.080000	7.890000	6.780000	1.170000	0.000000	63.000000	23.000000	72	0.000000	0.000000	0.000000	0	0	0	
344922	2954	0.080000	8.110000	6.950000	1.180000	0.000000	63.000000	23.000000	72	0.000000	0.000000	0.000000	0	0	0	
345109	2965	0.080000	8.340000	7.080000	1.180000	0.000000	63.000000	23.000000	73	0.000000	0.000000	0.000000	0	0	0	
345297	2957	0.080000	8.490000	7.190000	1.180000	0.000000	63.000000	23.000000	72	0.000000	0.000000	0.000000	0	0	0	
345500	2956	0.080000	8.840000	7.440000	1.190000	0.000000	63.000000	23.000000	73	0.000000	0.000000	0.000000	0	0	0	
345687	2953	0.080000	9.160000	7.710000	1.200000	0.000000	63.000000	23.000000	73	0.000000	0.000000	0.000000	0	0	0	
345875	2951	0.080000	9.640000	8.070000	1.200000	0.000000	63.000000	23.000000	72	0.000000	0.000000	0.000000	0	0	0	
346156	2948	0.080000	9.500000	7.930000	1.200000	0.000000	63.000000	23.000000	73	0.000000	0.000000	0.000000	0	0	0	
346328	2947	0.080000	9.640000	8.080000	1.190000	0.000000	63.000000	23.000000	72	0.000000	0.000000	0.000000	0	0	0	
346516	2944	0.080000	9.880000	8.200000	1.200000	0.000000	63.000000	23.000000	73	0.000000	0.000000	0.000000	0	0	0	
346703	2942	0.080000	9.870000	8.180000	1.200000	0.000000	63.000000	23.000000	72	0.000000	0.000000	0.000000	0	0	0	
346906	2942	0.080000	9.650000	8.080000	1.200000	0.000000	63.000000	23.000000	73	0.000000	0.000000	0.000000	0	0	0	
347094	2942	0.080000	10.070000	8.320000	1.200000	0.000000	63.000000	23.000000	72	0.000000	0.000000	0.000000	0	0	0	
347297	2935	0.080000	10.800000	8.730000	1.210000	0.000000	63.000000	23.000000	72	0.000000	0.000000	0.000000	0	0	0	
347500	2942	0.080000	10.550000	8.610000	1.210000	0.000000	63.000000	22.000000	72	0.000000	0.000000	0.000000	0	0	0	
347687	2932	0.080000	10.480000	8.540000	1.230000	0.000000	63.000000	22.000000	73	0.000000	0.000000	0.000000	0	0	0	
347875	2938	0.080000	10.180000	8.380000	1.230000	0.000000	63.000000	22.000000	73	0.000000	0.000000	0.000000	0	0	0	
348062	2935	0.080000	10.080000	8.330000	1.230000	0.000000	63.000000	22.000000	73	0.000000	0.000000	0.000000	0	0	0	
348266	2942	0.080000	10.340000	8.460000	1.220000	0.000000	63.000000	22.000000	72	0.000000	0.000000	0.000000	0	0	0	
348453	2932	0.080000	10.310000	8.440000	1.230000	0.000000	63.000000	22.000000	71	0.000000	0.000000	0.000000	0	0	0	
348641	2928	0.080000	10.070000	8.290000	1.210000	0.000000	63.000000	22.000000	72	0.000000	0.000000	0.000000	0	0	0	
348828	2928	0.080000	9.910000	8.230000	1.220000	0.000000	63.000000	22.000000	73	0.000000	0.000000	0.000000	0	0	0	
349031	2932	0.080000	9.940000	8.260000	1.220000	0.000000	63.000000	22.000000	73	0.000000	0.000000	0.000000	0	0	0	
349219	2932	0.080000	10.060000	8.350000	1.220000	0.000000	63.000000	22.000000	72	0.000000	0.000000	0.000000	0	0	0	
349406	2928	0.080000	10.030000	8.280000	1.220000	0.000000	63.000000	22.000000	72	0.000000	0.000000	0.000000	0	0	0	
349594	2932	0.080000	9.770000	8.140000	1.220000	0.000000	63.000000	22.000000	72	0.000000	0.000000	0.000000	0	0	0	
349797	2932	0.080000	9.890000	8.210000	1.230000	0.000000	63.000000	22.000000	72	0.000000	0.000000	0.000000	0	0	0	
350062	2932	0.080000	10.160000	8.350000	1.240000	0.000000	63.000000	22.000000	72	0.000000	0.000000	0.000000	0	0	0	
350250	2935	0.080000	9.870000	8.180000	1.230000	0.000000	63.000000	22.000000	73	0.000000	0.000000	0.000000	0	0	0	
350453	2925	0.080000	9.720000	8.090000	1.230000	0.000000	63.000000	22.000000	72	0.000000	0.000000	0.000000	0	0	0	
350641	2935	0.080000	9.740000	8.120000	1.220000	0.000000	63.000000	22.000000	72	0.000000	0.000000	0.000000	0	0	0	
350828	2931	0.080000	10.050000	8.300000	1.220000	0.000000	63.000000	22.000000	72	0.000000	0.000000	0.000000	0	0	0	
351016	2931	0.080000	9.860000	8.180000	1.220000	0.000000	63.000000	22.000000	72	0.000000	0.000000	0.000000	0	0	0	
351219	2922	0.080000	9.710000	8.090000	1.220000	0.000000	63.000000	22.000000	73	0.000000	0.000000	0.000000	0	0	0	
351406	2928	0.080000	9.770000	8.150000	1.230000	0.000000	63.000000	22.000000	73	0.000000	0.000000	0.000000	0	0	0	
351594	2934	0.080000	9.940000	8.260000	1.220000	0.000000	63.000000	22.000000	72	0.000000	0.000000	0.000000	0	0	0	
351797	2932	0.080000	9.880000	8.200000	1.230000	0.000000	63.000000	22.000000	72	0.000000	0.000000	0.000000	0	0	0	
351969	2941	0.080000	9.640000	8.070000	1.220000	0.000000	63.000000	22.000000	72	0.000000	0.000000	0.000000	0	0	0	
352156	2932	0.080000	9.770000	8.140000	1.230000	0.000000	63.000000	22.000000	72	0.000000	0.000000	0.000000	0	0	0	
352344	2929	0.080000	9.860000	8.170000	1.210000	0.000000	63.000000	22.000000	73	0.000000	0.000000	0.000000	0	0	0	
352531	2935	0.080000	9.790000	8.170000	1.220000	0.000000	63.000000	22.000000	72	0.000000	0.000000	0.000000	0	0	0	
352734	2931	0.080000	9.770000	8.110000	1.220000	0.000000	63.000000	22.000000	73	0.000000	0.000000	0.000000	0	0	0	
352937	2934	0.080000	9.750000	8.130000	1.220000	0.000000	63.000000	22.000000	73	0.000000	0.000000	0.000000	0	0	0	
353109	2932	0.080000	9.930000	8.250000	1.230000	0.000000	63.000000	22.000000	73	0.000000	0.000000	0.000000	0	0	0	
353281	2923	0.080000	9.930000	8.250000	1.230000	0.000000	63.000000	22.000000	72	0.000000	0.000000	0.000000	0	0	0	
353469	2931	0.080000	9.770000	8.140000	1.220000	0.000000	63.000000	22.000000	72	0.000000	0.000000	0.000000	0	0	0	
353641	2939	0.080000	9.710000	8.090000	1.230000	0.000000	63.000000	22.000000	72	0.000000	0.000000	0.000000	0	0	0	
353891	2931	0.080000	9.890000	8.210000	1.220000	0.000000	63.000000	22.000000	73	0.000000	0.000000	0.000000	0	0	0	
354078	2932	0.080000	10.040000	8.270000	1.220000	0.000000	63.000000	22.000000	72	0.000000	0.000000	0.000000	0	0	0	
354281	2929	0.080000	9.770000	8.140000	1.230000	0.000000	63.000000	22.000000	72	0.000000	0.000000	0.000000	0	0	0	
354469	2931	0.080000	9.450000	7.880000	1.220000	0.000000	63.000000	22.000000	72	0.000000	0.000000	0.000000	0	0	0	
354672	2934	0.080000	7.070000	6.140000	1.170000	0.000000	63.000000	22.000000	72	0.000000	0.000000	0.000000	0	0	0	
354859	2925	0.080000	6.300000	5.170000	1.120000	0.000000	63.000000	22.000000	73	0.000000	0.000000	0.000000	0	0	0	
355047	2916	0.080000	6.390000	5.220000	1.110000	0.000000	63.000000	22.000000	72	0.000000	0.000000	0.000000	0	0	0	
355234	2909	0.080000	6.740000	5.630000	1.110000	0.000000	63.000000	22.000000	72	0.000000	0.000000	0.000000	0	0	0	
355437	2900	0.080000	6.850000	5.720000	1.120000	0.000000	63.000000	22.000000	72	0.000000	0.000000	0.000000	0	0	0	
355609	2902	0.080000	6.860000	5.750000	1.110000	0.000000	63.000000	22.000000	73	0.000000	0.000000	0.000000	0	0	0	
355797	2900	0.080000	7.350000	6.280000	1.130000	0.000000	63.000000	22.000000	73	0.000000	0.000000	0.000000	0	0	0	
355984	2904	0.080000	7.760000	6.630000	1.140000	0.000000	63.000000	22.000000	72	0.000000	0.000000	0.000000	0	0	0	
356187	2893	0.080000	7.960000	6.790000	1.140000	0.000000	63.000000	22.000000	72	0.000000	0.000000	0.000000	0	0	0	
356375	2886	0.080000	8.060000	6.900000	1.150000	0.000000	63.000000	22.000000	73	0.000000	0.000000	0.000000	0	0	0	
356562	2884	0.080000	8.120000	6.970000	1.160000	0.000000	63.000000	22.000000	72	0.000000	0.000000	0.000000	0	0	0	
356750	2892	0.080000	8.330000	7.070000	1.160000	0.000000	63.000000	22.000000	72	0.000000	0.000000	0.000000	0	0	0	
356937	2883	0.080000	8.950000	7.640000	1.170000	0.000000	63.000000	22.000000	72	0.000000	0.000000	0.000000	0	0	0	
357125	2880	0.080000	8.900000	7.500000	1.170000	0.000000	63.000000	22.000000	73	0.000000	0.000000	0.000000	0	0	0	
357312	2879	0.080000	8.860000	7.460000	1.170000	0.000000	63.000000	22.000000	72	0.000000	0.000000	0.000000	0	0	0	
357516	2869	0.080000	8.910000	7.510000	1.170000	0.000000	63.000000	22.000000	72	0.000000	0.000000	0.000000	0	0	0	
357781	2870	0.080000	8.960000	7.540000	1.170000	0.000000	63.000000	22.000000	73	0.000000	0.000000	0.000000	0	0	0	
357969	2876	0.080000	9.050000	7.600000	1.180000	0.000000	63.000000	22.000000	72	0.000000	0.000000	0.000000	0	0	0	
358156	2870	0.080000	8.870000	7.470000	1.180000	0.000000	63.000000	22.000000	72	0.000000	0.000000	0.000000	0	0	0	
358359	2868	0.080000	8.930000	7.510000	1.160000	0.000000	63.000000	22.000000	72	0.000000	0.000000	0.000000	0	0	0	
358547	2865	0.080000	8.950000	7.550000	1.170000	0.000000	63.000000	22.000000	73	0.000000	0.000000	0.000000	0	0	0	
358734	2862	0.080000	8.930000	7.530000	1.170000	0.000000	63.000000	22.000000	72	0.000000	0.000000	0.000000	0	0	0	
358922	2863	0.080000	8.850000	7.450000	1.170000	0.000000	63.000000	22.000000	72	0.000000	0.000000	0.000000	0	0	0	
359125	2868	0.080000	8.770000	7.420000	1.170000	0.000000	63.000000	22.000000	72	0.000000	0.000000	0.000000	0	0	0	
359312	2868	0.080000	8.920000	7.520000	1.180000	0.000000	63.000000	22.000000	72	0.000000	0.000000	0.000000	0	0	0	
359500	2861	0.080000	8.870000	7.470000	1.170000	0.000000	63.000000	22.000000	72	0.000000	0.000000	0.000000	0	0	0	
359703	2868	0.080000	8.730000	7.360000	1.170000	0.000000	63.000000	22.000000	73	0.000000	0.000000	0.000000	0	0	0	
359891	2869	0.080000	8.760000	7.410000	1.160000	0.000000	63.000000	22.000000	72	0.000000	0.000000	0.000000	0	0	0	
360078	2854	0.080000	8.930000	7.530000	1.170000	0.000000	63.000000	22.000000	72	0.000000	0.000000	0.000000	0	0	0	
360266	2856	0.080000	8.890000	7.490000	1.170000	0.000000	63.000000	22.000000	72	0.000000	0.000000	0.000000	0	0	0	
360469	2855	0.080000	8.730000	7.390000	1.160000	0.000000	63.000000	22.000000	72	0.000000	0.000000	0.000000	0	0	0	
360656	2854	0.080000	8.740000	7.390000	1.170000	0.000000	63.000000	22.000000	72	0.000000	0.000000	0.000000	0	0	0	
360844	2851	0.080000	8.860000	7.460000	1.170000	0.000000	63.000000	22.000000	72	0.000000	0.000000	0.000000	0	0	0	
361031	2849	0.080000	8.890000	7.450000	1.170000	0.000000	63.000000	22.000000	73	0.000000	0.000000	0.000000	0	0	0	
361234	2849	0.080000	8.740000	7.390000	1.170000	0.000000	63.000000	22.000000	72	0.000000	0.000000	0.000000	0	0	0	
361422	2844	0.080000	8.720000	7.370000	1.170000	0.000000	63.000000	22.000000	72	0.000000	0.000000	0.000000	0	0	0	
361672	2845	0.080000	8.900000	7.500000	1.170000	0.000000	63.000000	22.000000	72	0.000000	0.000000	0.000000	0	0	0	
361875	2844	0.080000	8.870000	7.470000	1.170000	0.000000	63.000000	22.000000	72	0.000000	0.000000	0.000000	0	0	0	
362062	2840	0.080000	8.730000	7.380000	1.170000	0.000000	63.000000	22.000000	72	0.000000	0.000000	0.000000	0	0	0	
362250	2837	0.080000	8.690000	7.340000	1.170000	0.000000	63.000000	22.000000	72	0.000000	0.000000	0.000000	0	0	0	
362437	2844	0.080000	8.850000	7.450000	1.160000	0.000000	63.000000	22.000000	73	0.000000	0.000000	0.000000	0	0	0	
362641	2847	0.080000	8.900000	7.500000	1.170000	0.000000	63.000000	22.000000	72	0.000000	0.000000	0.000000	0	0	0	
362828	2841	0.080000	8.760000	7.410000	1.160000	0.000000	63.000000	22.000000	72	0.000000	0.000000	0.000000	0	0	0	
363016	2837	0.080000	8.700000	7.350000	1.170000	0.000000	63.000000	22.000000	72	0.000000	0.000000	0.000000	0	0	0	
363203	2823	0.080000	8.770000	7.420000	1.180000	0.000000	63.000000	22.000000	72	0.000000	0.000000	0.000000	0	0	0	
363406	2826	0.080000	8.870000	7.470000	1.170000	0.000000	63.000000	22.000000	72	0.000000	0.000000	0.000000	0	0	0	
363594	2819	0.080000	8.760000	7.410000	1.170000	0.000000	63.000000	22.000000	72	0.000000	0.000000	0.000000	0	0	0	
363781	2825	0.080000	8.720000	7.360000	1.160000	0.000000	63.000000	22.000000	73	0.000000	0.000000	0.000000	0	0	0	
363984	2826	0.080000	8.860000	7.460000	1.170000	0.000000	63.000000	22.000000	72	0.000000	0.000000	0.000000	0	0	0	
364172	2825	0.080000	8.900000	7.530000	1.170000	0.000000	63.000000	22.000000	72	0.000000	0.000000	0.000000	0	0	0	
364359	2829	0.080000	8.910000	7.510000	1.170000	0.000000	63.000000	22.000000	72	0.000000	0.000000	0.000000	0	0	0	
364547	2819	0.080000	8.740000	7.370000	1.170000	0.000000	63.000000	22.000000	72	0.000000	0.000000	0.000000	0	0	0	
364734	2821	0.080000	8.840000	7.440000	1.170000	0.000000	63.000000	22.000000	72	0.000000	0.000000	0.000000	0	0	0	
364922	2818	0.080000	8.940000	7.540000	1.170000	0.000000	63.000000	22.000000	72	0.000000	0.000000	0.000000	0	0	0	
365109	2815	0.080000	8.910000	7.510000	1.170000	0.000000	63.000000	22.000000	72	0.000000	0.000000	0.000000	0	0	0	
365297	2815	0.080000	8.860000	7.460000	1.180000	0.000000	63.000000	22.000000	73	0.000000	0.000000	0.000000	0	0	0	
365578	2818	0.080000	8.860000	7.450000	1.180000	0.000000	63.000000	22.000000	72	0.000000	0.000000	0.000000	0	0	0	
365766	2810	0.080000	8.960000	7.560000	1.170000	0.000000	63.000000	22.000000	72	0.000000	0.000000	0.000000	0	0	0	
365969	2810	0.080000	8.860000	7.450000	1.170000	0.000000	63.000000	22.000000	72	0.000000	0.000000	0.000000	0	0	0	
366172	2811	0.080000	8.750000	7.400000	1.180000	0.000000	63.000000	22.000000	73	0.000000	0.000000	0.000000	0	0	0	
366359	2815	0.080000	8.860000	7.450000	1.170000	0.000000	63.000000	22.000000	73	0.000000	0.000000	0.000000	0	0	0	
366547	2814	0.080000	8.900000	7.500000	1.170000	0.000000	63.000000	22.000000	73	0.000000	0.000000	0.000000	0	0	0	
366719	2811	0.080000	7.970000	6.860000	1.160000	0.000000	63.000000	22.000000	72	0.000000	0.000000	0.000000	0	0	0	
366922	2799	0.080000	7.660000	6.520000	1.140000	0.000000	63.000000	22.000000	72	0.000000	0.000000	0.000000	0	0	0	
367109	2802	0.080000	7.650000	6.480000	1.130000	0.000000	63.000000	22.000000	72	0.000000	0.000000	0.000000	0	0	0	
367297	2799	0.080000	7.800000	6.590000	1.130000	0.000000	63.000000	22.000000	73	0.000000	0.000000	0.000000	0	0	0	
367484	2796	0.080000	7.680000	6.510000	1.130000	0.000000	63.000000	22.000000	73	0.000000	0.000000	0.000000	0	0	0	
367687	2794	0.080000	7.480000	6.350000	1.120000	0.000000	63.000000	22.000000	72	0.000000	0.000000	0.000000	0	0	0	
367859	2788	0.080000	7.520000	6.360000	1.120000	0.000000	63.000000	22.000000	73	0.000000	0.000000	0.000000	0	0	0	
368047	2782	0.080000	7.640000	6.440000	1.120000	0.000000	63.000000	22.000000	73	0.000000	0.000000	0.000000	0	0	0	
368234	2784	0.080000	7.660000	6.490000	1.120000	0.000000	63.000000	22.000000	73	0.000000	0.000000	0.000000	0	0	0	
368437	2786	0.080000	7.580000	6.430000	1.130000	0.000000	63.000000	22.000000	72	0.000000	0.000000	0.000000	0	0	0	
368625	2776	0.080000	7.610000	6.440000	1.120000	0.000000	63.000000	22.000000	72	0.000000	0.000000	0.000000	0	0	0	
368812	2778	0.080000	7.620000	6.450000	1.130000	0.000000	63.000000	22.000000	72	0.000000	0.000000	0.000000	0	0	0	
369016	2765	0.080000	7.710000	6.540000	1.120000	0.000000	63.000000	22.000000	73	0.000000	0.000000	0.000000	0	0	0	
369203	2765	0.080000	7.650000	6.480000	1.120000	0.000000	63.000000	22.000000	73	0.000000	0.000000	0.000000	0	0	0	
369453	2759	0.080000	7.640000	6.470000	1.120000	0.000000	63.000000	22.000000	72	0.000000	0.000000	0.000000	0	0	0	
369641	2754	0.080000	7.690000	6.530000	1.120000	0.000000	63.000000	22.000000	72	0.000000	0.000000	0.000000	0	0	0	
369844	2759	0.080000	7.830000	6.620000	1.120000	0.000000	63.000000	22.000000	72	0.000000	0.000000	0.000000	0	0	0	
370031	2758	0.080000	7.950000	6.750000	1.130000	0.000000	63.000000	22.000000	73	0.000000	0.000000	0.000000	0	0	0	
370219	2752	0.080000	7.880000	6.700000	1.130000	0.000000	63.000000	22.000000	72	0.000000	0.000000	0.000000	0	0	0	
370391	2753	0.080000	7.990000	6.820000	1.130000	0.000000	63.000000	22.000000	73	0.000000	0.000000	0.000000	0	0	0	
370594	2749	0.080000	8.110000	6.860000	1.130000	0.000000	63.000000	22.000000	72	0.000000	0.000000	0.000000	0	0	0	
370781	2745	0.080000	7.990000	6.800000	1.140000	0.000000	63.000000	22.000000	73	0.000000	0.000000	0.000000	0	0	0	
370969	2750	0.080000	7.860000	6.680000	1.130000	0.000000	63.000000	22.000000	73	0.000000	0.000000	0.000000	0	0	0	
371172	2739	0.080000	8.100000	6.880000	1.130000	0.000000	63.000000	22.000000	73	0.000000	0.000000	0.000000	0	0	0	
371359	2734	0.080000	8.190000	6.970000	1.140000	0.000000	63.000000	22.000000	72	0.000000	0.000000	0.000000	0	0	0	
371531	2735	0.080000	8.260000	7.000000	1.140000	0.000000	63.000000	22.000000	72	0.000000	0.000000	0.000000	0	0	0	
371719	2736	0.080000	8.420000	7.110000	1.140000	0.000000	63.000000	22.000000	73	0.000000	0.000000	0.000000	0	0	0	
371922	2738	0.080000	8.380000	7.070000	1.150000	0.000000	63.000000	22.000000	72	0.000000	0.000000	0.000000	0	0	0	
372109	2732	0.080000	8.550000	7.250000	1.160000	0.000000	63.000000	22.000000	72	0.000000	0.000000	0.000000	0	0	0	
372297	2734	0.080000	8.560000	7.270000	1.160000	0.000000	63.000000	22.000000	72	0.000000	0.000000	0.000000	0	0	0	
372469	2735	0.080000	8.680000	7.330000	1.160000	0.000000	63.000000	22.000000	72	0.000000	0.000000	0.000000	0	0	0	
372672	2729	0.080000	9.140000	7.690000	1.180000	0.000000	63.000000	22.000000	72	0.000000	0.000000	0.000000	0	0	0	
372859	2727	0.080000	9.420000	7.860000	1.190000	0.000000	63.000000	22.000000	72	0.000000	0.000000	0.000000	0	0	0	
373047	2735	0.080000	9.330000	7.830000	1.180000	0.000000	63.000000	22.000000	73	0.000000	0.000000	0.000000	0	0	0	
373328	2727	0.080000	9.600000	8.040000	1.180000	0.000000	63.000000	22.000000	72	0.000000	0.000000	0.000000	0	0	0	
373516	2725	0.080000	9.640000	8.070000	1.190000	0.000000	63.000000	22.000000	72	0.000000	0.000000	0.000000	0	0	0	
373703	2730	0.080000	9.750000	8.130000	1.200000	0.000000	63.000000	22.000000	72	0.000000	0.000000	0.000000	0	0	0	
373891	2730	0.080000	9.580000	8.020000	1.190000	0.000000	63.000000	22.000000	72	0.000000	0.000000	0.000000	0	0	0	
374094	2727	0.080000	9.450000	7.890000	1.190000	0.000000	63.000000	22.000000	72	0.000000	0.000000	0.000000	0	0	0	
374281	2732	0.080000	9.330000	7.820000	1.190000	0.000000	63.000000	22.000000	73	0.000000	0.000000	0.000000	0	0	0	
374469	2730	0.080000	9.360000	7.860000	1.180000	0.000000	63.000000	22.000000	72	0.000000	0.000000	0.000000	0	0	0	
374656	2734	0.080000	9.460000	7.900000	1.180000	0.000000	63.000000	22.000000	72	0.000000	0.000000	0.000000	0	0	0	
374859	2727	0.080000	9.270000	7.760000	1.180000	0.000000	63.000000	22.000000	72	0.000000	0.000000	0.000000	0	0	0	
375047	2722	0.080000	9.140000	7.720000	1.190000	0.000000	63.000000	22.000000	72	0.000000	0.000000	0.000000	0	0	0	
375234	2727	0.080000	9.290000	7.780000	1.180000	0.000000	63.000000	22.000000	72	0.000000	0.000000	0.000000	0	0	0	
375437	2729	0.080000	9.430000	7.860000	1.190000	0.000000	63.000000	22.000000	72	0.000000	0.000000	0.000000	0	0	0	
375625	2727	0.080000	9.230000	7.720000	1.190000	0.000000	63.000000	22.000000	72	0.000000	0.000000	0.000000	0	0	0	
375812	2724	0.080000	9.110000	7.660000	1.180000	0.000000	63.000000	22.000000	72	0.000000	0.000000	0.000000	0	0	0	
376000	2724	0.080000	9.240000	7.730000	1.180000	0.000000	63.000000	22.000000	72	0.000000	0.000000	0.000000	0	0	0	
376203	2727	0.080000	9.360000	7.850000	1.180000	0.000000	63.000000	22.000000	72	0.000000	0.000000	0.000000	0	0	0	
376391	2729	0.080000	9.300000	7.790000	1.190000	0.000000	63.000000	22.000000	72	0.000000	0.000000	0.000000	0	0	0	
376578	2718	0.080000	9.110000	7.660000	1.190000	0.000000	63.000000	22.000000	72	0.000000	0.000000	0.000000	0	0	0	
376766	2722	0.080000	9.250000	7.740000	1.190000	0.000000	63.000000	22.000000	72	0.000000	0.000000	0.000000	0	0	0	
376969	2726	0.080000	9.310000	7.810000	1.190000	0.000000	63.000000	22.000000	72	0.000000	0.000000	0.000000	0	0	0	
377234	2712	0.080000	9.240000	7.730000	1.190000	0.000000	63.000000	22.000000	72	0.000000	0.000000	0.000000	0	0	0	
377422	2721	0.080000	9.130000	7.730000	1.180000	0.000000	63.000000	22.000000	72	0.000000	0.000000	0.000000	0	0	0	
377625	2731	0.080000	9.320000	7.810000	1.180000	0.000000	63.000000	22.000000	73	0.000000	0.000000	0.000000	0	0	0	
377812	2721	0.080000	9.430000	7.870000	1.190000	0.000000	63.000000	22.000000	72	0.000000	0.000000	0.000000	0	0	0	
378000	2712	0.080000	9.320000	7.790000	1.180000	0.000000	63.000000	22.000000	72	0.000000	0.000000	0.000000	0	0	0	
378187	2710	0.080000	9.160000	7.710000	1.180000	0.000000	63.000000	22.000000	72	0.000000	0.000000	0.000000	0	0	0	
378391	2720	0.080000	9.270000	7.760000	1.190000	0.000000	63.000000	22.000000	72	0.000000	0.000000	0.000000	0	0	0	
378578	2716	0.080000	9.500000	7.940000	1.190000	0.000000	63.000000	22.000000	73	0.000000	0.000000	0.000000	0	0	0	
378766	2725	0.080000	9.280000	7.770000	1.190000	0.000000	63.000000	22.000000	72	0.000000	0.000000	0.000000	0	0	0	
378953	2713	0.080000	9.060000	7.610000	1.190000	0.000000	63.000000	22.000000	72	0.000000	0.000000	0.000000	0	0	0	
379156	2712	0.080000	9.130000	7.680000	1.180000	0.000000	63.000000	22.000000	72	0.000000	0.000000	0.000000	0	0	0	
379344	2715	0.080000	9.270000	7.770000	1.180000	0.000000	63.000000	22.000000	72	0.000000	0.000000	0.000000	0	0	0	
379531	2718	0.080000	9.360000	7.850000	1.180000	0.000000	63.000000	22.000000	72	0.000000	0.000000	0.000000	0	0	0	
379734	2713	0.080000	9.220000	7.720000	1.180000	0.000000	63.000000	22.000000	72	0.000000	0.000000	0.000000	0	0	0	
379922	2715	0.080000	9.240000	7.730000	1.190000	0.000000	63.000000	22.000000	72	0.000000	0.000000	0.000000	0	0	0	
380109	2707	0.080000	9.360000	7.850000	1.180000	0.000000	63.000000	22.000000	72	0.000000	0.000000	0.000000	0	0	0	
380297	2710	0.080000	9.160000	7.710000	1.190000	0.000000	63.000000	22.000000	72	0.000000	0.000000	0.000000	0	0	0	
380484	2715	0.080000	9.250000	7.740000	1.190000	0.000000	63.000000	22.000000	72	0.000000	0.000000	0.000000	0	0	0	
380672	2712	0.080000	9.160000	7.710000	1.190000	0.000000	63.000000	22.000000	72	0.000000	0.000000	0.000000	0	0	0	
380859	2712	0.080000	9.290000	7.780000	1.190000	0.000000	63.000000	22.000000	72	0.000000	0.000000	0.000000	0	0	0	
381125	2721	0.080000	9.280000	7.770000	1.180000	0.000000	63.000000	22.000000	72	0.000000	0.000000	0.000000	0	0	0	
381328	2717	0.080000	9.150000	7.700000	1.180000	0.000000	63.000000	22.000000	72	0.000000	0.000000	0.000000	0	0	0	
381516	2710	0.080000	9.230000	7.720000	1.180000	0.000000	63.000000	22.000000	73	0.000000	0.000000	0.000000	0	0	0	
381703	2707	0.080000	9.300000	7.800000	1.190000	0.000000	63.000000	22.000000	73	0.000000	0.000000	0.000000	0	0	0	
381906	2712	0.080000	9.430000	7.860000	1.200000	0.000000	63.000000	22.000000	72	0.000000	0.000000	0.000000	0	0	0	
382094	2721	0.080000	9.240000	7.730000	1.190000	0.000000	63.000000	22.000000	72	0.000000	0.000000	0.000000	0	0	0	
382281	2724	0.080000	9.220000	7.720000	1.190000	0.000000	63.000000	22.000000	72	0.000000	0.000000	0.000000	0	0	0	
382469	2710	0.080000	9.320000	7.810000	1.190000	0.000000	63.000000	22.000000	72	0.000000	0.000000	0.000000	0	0	0	
382672	2711	0.080000	9.320000	7.810000	1.180000	0.000000	63.000000	22.000000	73	0.000000	0.000000	0.000000	0	0	0	
382859	2718	0.080000	9.140000	7.640000	1.180000	0.000000	63.000000	22.000000	72	0.000000	0.000000	0.000000	0	0	0	
383047	2716	0.080000	9.110000	7.660000	1.180000	0.000000	63.000000	22.000000	72	0.000000	0.000000	0.000000	0	0	0	
383234	2718	0.080000	9.290000	7.780000	1.190000	0.000000	63.000000	22.000000	72	0.000000	0.000000	0.000000	0	0	0	
383437	2710	0.080000	9.260000	7.750000	1.180000	0.000000	63.000000	22.000000	72	0.000000	0.000000	0.000000	0	0	0	
383625	2715	0.080000	9.140000	7.690000	1.180000	0.000000	63.000000	22.000000	73	0.000000	0.000000	0.000000	0	0	0	
383812	2716	0.080000	9.070000	7.620000	1.180000	0.000000	63.000000	22.000000	72	0.000000	0.000000	0.000000	0	0	0	
384016	2717	0.080000	9.060000	7.610000	1.190000	0.000000	63.000000	22.000000	72	0.000000	0.000000	0.000000	0	0	0	
384203	2720	0.080000	9.420000	7.860000	1.190000	0.000000	63.000000	22.000000	73	0.000000	0.000000	0.000000	0	0	0	
384391	2710	0.080000	9.260000	7.750000	1.190000	0.000000	63.000000	22.000000	72	0.000000	0.000000	0.000000	0	0	0	
384562	2716	0.080000	9.090000	7.630000	1.200000	0.000000	63.000000	22.000000	72	0.000000	0.000000	0.000000	0	0	0	
384766	2708	0.080000	9.320000	7.820000	1.190000	0.000000	63.000000	22.000000	72	0.000000	0.000000	0.000000	0	0	0	
385031	2703	0.080000	9.260000	7.750000	1.190000	0.000000	63.000000	22.000000	72	0.000000	0.000000	0.000000	0	0	0	
385219	2705	0.080000	9.160000	7.710000	1.190000	0.000000	63.000000	22.000000	72	0.000000	0.000000	0.000000	0	0	0	
385406	2705	0.080000	9.100000	7.640000	1.190000	0.000000	63.000000	22.000000	72	0.000000	0.000000	0.000000	0	0	0	
385609	2712	0.080000	9.340000	7.730000	1.190000	0.000000	63.000000	22.000000	72	0.000000	0.000000	0.000000	0	0	0	
385797	2708	0.080000	9.290000	7.780000	1.180000	0.000000	63.000000	22.000000	72	0.000000	0.000000	0.000000	0	0	0	
385984	2710	0.080000	9.120000	7.670000	1.180000	0.000000	63.000000	22.000000	73	0.000000	0.000000	0.000000	0	0	0	
386187	2698	0.080000	7.300000	6.280000	1.140000	0.000000	63.000000	22.000000	72	0.000000	0.000000	0.000000	0	0	0	
386375	2701	0.080000	7.360000	6.250000	1.120000	0.000000	63.000000	22.000000	73	0.000000	0.000000	0.000000	0	0	0	
386547	2696	0.080000	7.560000	6.410000	1.120000	0.000000	63.000000	22.000000	73	0.000000	0.000000	0.000000	0	0	0	
386734	2692	0.080000	7.520000	6.360000	1.110000	0.000000	63.000000	22.000000	73	0.000000	0.000000	0.000000	0	0	0	
386937	2692	0.080000	7.480000	6.340000	1.120000	0.000000	63.000000	22.000000	72	0.000000	0.000000	0.000000	0	0	0	
387125	2696	0.080000	7.550000	6.430000	1.120000	0.000000	63.000000	22.000000	73	0.000000	0.000000	0.000000	0	0	0	
387328	2696	0.080000	7.730000	6.540000	1.110000	0.000000	63.000000	22.000000	72	0.000000	0.000000	0.000000	0	0	0	
387516	2690	0.080000	7.690000	6.520000	1.120000	0.000000	63.000000	21.000000	73	0.000000	0.000000	0.000000	0	0	0	
387734	2685	0.080000	7.690000	6.500000	1.120000	0.000000	63.000000	21.000000	72	0.000000	0.000000	0.000000	0	0	0	
387937	2675	0.080000	7.670000	6.450000	1.110000	0.000000	63.000000	22.000000	73	0.000000	0.000000	0.000000	0	0	0	
388141	2680	0.080000	7.840000	6.570000	1.110000	0.000000	63.000000	21.000000	72	0.000000	0.000000	0.000000	0	0	0	
388359	2670	0.080000	7.770000	6.550000	1.120000	0.000000	63.000000	21.000000	72	0.000000	0.000000	0.000000	0	0	0	
388547	2659	0.080000	7.570000	6.400000	1.120000	0.000000	63.000000	21.000000	72	0.000000	0.000000	0.000000	0	0	0	
388734	2660	0.080000	7.680000	6.460000	1.120000	0.000000	63.000000	21.000000	72	0.000000	0.000000	0.000000	0	0	0	
389016	2666	0.080000	7.880000	6.620000	1.110000	0.000000	63.000000	21.000000	73	0.000000	0.000000	0.000000	0	0	0	
389203	2654	0.080000	7.710000	6.520000	1.110000	0.000000	63.000000	21.000000	73	0.000000	0.000000	0.000000	0	0	0	
389391	2659	0.080000	7.660000	6.440000	1.120000	0.000000	63.000000	21.000000	73	0.000000	0.000000	0.000000	0	0	0	
389578	2662	0.080000	7.750000	6.530000	1.110000	0.000000	63.000000	21.000000	73	0.000000	0.000000	0.000000	0	0	0	
389781	2651	0.080000	7.720000	6.500000	1.110000	0.000000	63.000000	21.000000	73	0.000000	0.000000	0.000000	0	0	0	
389969	2648	0.080000	7.350000	6.210000	1.110000	0.000000	63.000000	21.000000	72	0.000000	0.000000	0.000000	0	0	0	
390156	2640	0.080000	7.340000	6.170000	1.100000	0.000000	63.000000	21.000000	73	0.000000	0.000000	0.000000	0	0	0	
390359	2636	0.080000	7.420000	6.280000	1.110000	0.000000	63.000000	21.000000	73	0.000000	0.000000	0.000000	0	0	0	
390562	2633	0.080000	7.550000	6.370000	1.110000	0.000000	63.000000	21.000000	73	0.000000	0.000000	0.000000	0	0	0	
390750	2636	0.080000	7.480000	6.300000	1.110000	0.000000	63.000000	21.000000	73	0.000000	0.000000	0.000000	0	0	0	
390937	2622	0.080000	7.360000	6.220000	1.110000	0.000000	63.000000	21.000000	72	0.000000	0.000000	0.000000	0	0	0	
391125	2632	0.080000	7.550000	6.380000	1.110000	0.000000	63.000000	21.000000	73	0.000000	0.000000	0.000000	0	0	0	
391328	2633	0.080000	7.580000	6.410000	1.110000	0.000000	63.000000	21.000000	72	0.000000	0.000000	0.000000	0	0	0	
391516	2621	0.080000	7.510000	6.330000	1.110000	0.000000	63.000000	21.000000	73	0.000000	0.000000	0.000000	0	0	0	
391719	2620	0.080000	7.480000	6.300000	1.110000	0.000000	63.000000	21.000000	72	0.000000	0.000000	0.000000	0	0	0	
391922	2612	0.080000	7.600000	6.430000	1.110000	0.000000	63.000000	21.000000	73	0.000000	0.000000	0.000000	0	0	0	
392109	2620	0.080000	7.730000	6.510000	1.110000	0.000000	63.000000	21.000000	72	0.000000	0.000000	0.000000	0	0	0	
392297	2609	0.080000	7.700000	6.480000	1.110000	0.000000	63.000000	21.000000	72	0.000000	0.000000	0.000000	0	0	0	
392500	2607	0.080000	7.530000	6.350000	1.110000	0.000000	63.000000	21.000000	72	0.000000	0.000000	0.000000	0	0	0	
392703	2603	0.080000	7.560000	6.380000	1.110000	0.000000	63.000000	21.000000	73	0.000000	0.000000	0.000000	0	0	0	
392969	2598	0.080000	7.880000	6.680000	1.120000	0.000000	63.000000	21.000000	73	0.000000	0.000000	0.000000	0	0	0	
393156	2599	0.080000	7.830000	6.620000	1.120000	0.000000	63.000000	21.000000	72	0.000000	0.000000	0.000000	0	0	0	
393359	2590	0.080000	7.800000	6.610000	1.130000	0.000000	63.000000	21.000000	73	0.000000	0.000000	0.000000	0	0	0	
393547	2600	0.080000	7.830000	6.620000	1.120000	0.000000	63.000000	21.000000	72	0.000000	0.000000	0.000000	0	0	0	
393719	2598	0.080000	8.160000	6.890000	1.130000	0.000000	63.000000	21.000000	72	0.000000	0.000000	0.000000	0	0	0	
393906	2591	0.080000	8.210000	6.970000	1.130000	0.000000	63.000000	21.000000	72	0.000000	0.000000	0.000000	0	0	0	
394109	2584	0.080000	8.090000	6.880000	1.140000	0.000000	63.000000	21.000000	73	0.000000	0.000000	0.000000	0	0	0	
394297	2584	0.080000	8.160000	6.890000	1.130000	0.000000	63.000000	21.000000	72	0.000000	0.000000	0.000000	0	0	0	
394484	2581	0.080000	8.380000	7.040000	1.130000	0.000000	63.000000	21.000000	73	0.000000	0.000000	0.000000	0	0	0	
394672	2581	0.080000	8.580000	7.190000	1.150000	0.000000	63.000000	21.000000	72	0.000000	0.000000	0.000000	0	0	0	
394875	2577	0.080000	8.590000	7.230000	1.140000	0.000000	63.000000	21.000000	73	0.000000	0.000000	0.000000	0	0	0	
395062	2580	0.080000	8.380000	7.070000	1.160000	0.000000	63.000000	21.000000	72	0.000000	0.000000	0.000000	0	0	0	
395250	2584	0.080000	8.630000	7.270000	1.150000	0.000000	63.000000	21.000000	73	0.000000	0.000000	0.000000	0	0	0	
395453	2575	0.080000	8.700000	7.290000	1.150000	0.000000	63.000000	21.000000	72	0.000000	0.000000	0.000000	0	0	0	
395641	2580	0.080000	8.570000	7.210000	1.150000	0.000000	63.000000	21.000000	73	0.000000	0.000000	0.000000	0	0	0	
395828	2573	0.080000	8.420000	7.110000	1.150000	0.000000	63.000000	21.000000	72	0.000000	0.000000	0.000000	0	0	0	
396016	2567	0.080000	8.500000	7.200000	1.150000	0.000000	63.000000	21.000000	73	0.000000	0.000000	0.000000	0	0	0	
396219	2568	0.080000	8.760000	7.410000	1.160000	0.000000	63.000000	21.000000	73	0.000000	0.000000	0.000000	0	0	0	
396406	2564	0.080000	8.540000	7.230000	1.160000	0.000000	63.000000	21.000000	72	0.000000	0.000000	0.000000	0	0	0	
396594	2559	0.080000	8.380000	7.130000	1.160000	0.000000	63.000000	21.000000	73	0.000000	0.000000	0.000000	0	0	0	
396875	2564	0.080000	8.690000	7.310000	1.150000	0.000000	63.000000	21.000000	73	0.000000	0.000000	0.000000	0	0	0	
397062	2563	0.080000	8.740000	7.510000	1.160000	0.000000	63.000000	21.000000	72	0.000000	0.000000	0.000000	0	0	0	
397250	2555	0.080000	10.190000	8.380000	1.190000	0.000000	63.000000	21.000000	72	0.000000	0.000000	0.000000	0	0	0	
397437	2564	0.080000	9.910000	8.230000	1.190000	0.000000	63.000000	21.000000	72	0.000000	0.000000	0.000000	0	0	0	
397641	2565	0.080000	9.950000	8.270000	1.200000	0.000000	63.000000	21.000000	72	0.000000	0.000000	0.000000	0	0	0	
397812	2563	0.080000	10.070000	8.320000	1.190000	0.000000	63.000000	21.000000	73	0.000000	0.000000	0.000000	0	0	0	
398000	2562	0.080000	9.970000	8.280000	1.200000	0.000000	63.000000	21.000000	73	0.000000	0.000000	0.000000	0	0	0	
398187	2565	0.080000	10.050000	8.300000	1.210000	0.000000	63.000000	21.000000	72	0.000000	0.000000	0.000000	0	0	0	
398391	2562	0.080000	10.070000	8.320000	1.210000	0.000000	63.000000	21.000000	72	0.000000	0.000000	0.000000	0	0	0	
398578	2562	0.080000	10.220000	8.410000	1.210000	0.000000	63.000000	21.000000	72	0.000000	0.000000	0.000000	0	0	0	
398750	2563	0.080000	9.770000	8.150000	1.210000	0.000000	63.000000	21.000000	72	0.000000	0.000000	0.000000	0	0	0	
398937	2560	0.080000	9.620000	8.060000	1.210000	0.000000	63.000000	21.000000	72	0.000000	0.000000	0.000000	0	0	0	
399141	2564	0.080000	9.650000	8.080000	1.200000	0.000000	63.000000	21.000000	73	0.000000	0.000000	0.000000	0	0	0	
399328	2556	0.080000	9.920000	8.230000	1.200000	0.000000	63.000000	21.000000	72	0.000000	0.000000	0.000000	0	0	0	
399516	2558	0.080000	9.730000	8.110000	1.210000	0.000000	63.000000	21.000000	72	0.000000	0.000000	0.000000	0	0	0	
399719	2560	0.080000	9.570000	8.000000	1.200000	0.000000	63.000000	21.000000	72	0.000000	0.000000	0.000000	0	0	0	
399906	2559	0.080000	9.620000	8.060000	1.210000	0.000000	63.000000	21.000000	72	0.000000	0.000000	0.000000	0	0	0	
400094	2559	0.080000	9.790000	8.160000	1.210000	0.000000	63.000000	21.000000	72	0.000000	0.000000	0.000000	0	0	0	
400281	2558	0.080000	9.790000	8.170000	1.200000	0.000000	63.000000	21.000000	73	0.000000	0.000000	0.000000	0	0	0	
400469	2557	0.080000	9.570000	8.010000	1.210000	0.000000	63.000000	21.000000	72	0.000000	0.000000	0.000000	0	0	0	
400734	2568	0.080000	9.590000	8.030000	1.210000	0.000000	63.000000	21.000000	72	0.000000	0.000000	0.000000	0	0	0	
400922	2566	0.080000	9.970000	8.280000	1.210000	0.000000	63.000000	21.000000	72	0.000000	0.000000	0.000000	0	0	0	
401109	2559	0.080000	9.880000	8.190000	1.210000	0.000000	63.000000	21.000000	72	0.000000	0.000000	0.000000	0	0	0	
401312	2563	0.080000	9.600000	8.030000	1.210000	0.000000	63.000000	21.000000	72	0.000000	0.000000	0.000000	0	0	0	
401484	2562	0.080000	9.720000	8.100000	1.200000	0.000000	63.000000	21.000000	72	0.000000	0.000000	0.000000	0	0	0	
401672	2571	0.080000	9.890000	8.200000	1.210000	0.000000	63.000000	21.000000	72	0.000000	0.000000	0.000000	0	0	0	
401875	2560	0.080000	9.920000	8.240000	1.210000	0.000000	63.000000	21.000000	72	0.000000	0.000000	0.000000	0	0	0	
402062	2565	0.080000	9.660000	8.090000	1.210000	0.000000	63.000000	21.000000	72	0.000000	0.000000	0.000000	0	0	0	
402250	2569	0.080000	9.630000	8.060000	1.210000	0.000000	63.000000	21.000000	73	0.000000	0.000000	0.000000	0	0	0	
402437	2564	0.080000	9.890000	8.210000	1.210000	0.000000	63.000000	21.000000	72	0.000000	0.000000	0.000000	0	0	0	
402625	2571	0.080000	10.050000	8.300000	1.210000	0.000000	63.000000	21.000000	72	0.000000	0.000000	0.000000	0	0	0	
402812	2576	0.080000	9.750000	8.130000	1.210000	0.000000	63.000000	21.000000	72	0.000000	0.000000	0.000000	0	0	0	
403000	2578	0.080000	9.610000	8.050000	1.200000	0.000000	63.000000	21.000000	72	0.000000	0.000000	0.000000	0	0	0	
403172	2574	0.080000	9.800000	8.180000	1.200000	0.000000	63.000000	21.000000	72	0.000000	0.000000	0.000000	0	0	0	
403359	2575	0.080000	10.060000	8.310000	1.220000	0.000000	63.000000	21.000000	72	0.000000	0.000000	0.000000	0	0	0	
403547	2575	0.080000	9.880000	8.190000	1.210000	0.000000	63.000000	21.000000	73	0.000000	0.000000	0.000000	0	0	0	
403734	2575	0.080000	9.650000	8.080000	1.210000	0.000000	63.000000	21.000000	72	0.000000	0.000000	0.000000	0	0	0	
403906	2571	0.080000	9.760000	8.140000	1.210000	0.000000	63.000000	21.000000	72	0.000000	0.000000	0.000000	0	0	0	
404109	2572	0.080000	9.810000	8.180000	1.200000	0.000000	63.000000	21.000000	72	0.000000	0.000000	0.000000	0	0	0	
404297	2576	0.080000	9.900000	8.210000	1.200000	0.000000	63.000000	21.000000	72	0.000000	0.000000	0.000000	0	0	0	
404562	2573	0.080000	9.610000	8.040000	1.210000	0.000000	63.000000	21.000000	72	0.000000	0.000000	0.000000	0	0	0	
404766	2569	0.080000	9.800000	8.170000	1.210000	0.000000	63.000000	21.000000	72	0.000000	0.000000	0.000000	0	0	0	
404953	2571	0.080000	9.970000	8.280000	1.210000	0.000000	63.000000	21.000000	72	0.000000	0.000000	0.000000	0	0	0	
405141	2575	0.080000	9.810000	8.190000	1.210000	0.000000	63.000000	21.000000	72	0.000000	0.000000	0.000000	0	0	0	
405328	2575	0.080000	9.610000	8.050000	1.210000	0.000000	63.000000	21.000000	72	0.000000	0.000000	0.000000	0	0	0	
405531	2578	0.080000	9.650000	8.170000	1.210000	0.000000	63.000000	21.000000	72	0.000000	0.000000	0.000000	0	0	0	
405719	2574	0.080000	10.050000	8.300000	1.210000	0.000000	63.000000	21.000000	72	0.000000	0.000000	0.000000	0	0	0	
405906	2581	0.080000	9.770000	8.150000	1.210000	0.000000	63.000000	21.000000	73	0.000000	0.000000	0.000000	0	0	0	
406078	2577	0.080000	9.650000	8.090000	1.210000	0.000000	63.000000	21.000000	72	0.000000	0.000000	0.000000	0	0	0	
406281	2582	0.080000	9.750000	8.130000	1.200000	0.000000	63.000000	21.000000	73	0.000000	0.000000	0.000000	0	0	0	
406469	2577	0.080000	9.810000	8.180000	1.210000	0.000000	63.000000	21.000000	72	0.000000	0.000000	0.000000	0	0	0	
406656	2580	0.080000	9.770000	8.150000	1.210000	0.000000	63.000000	21.000000	72	0.000000	0.000000	0.000000	0	0	0	
406859	2576	0.080000	9.530000	7.970000	1.200000	0.000000	63.000000	21.000000	72	0.000000	0.000000	0.000000	0	0	0	
407047	2585	0.080000	9.540000	7.980000	1.210000	0.000000	63.000000	21.000000	72	0.000000	0.000000	0.000000	0	0	0	
407234	2582	0.080000	9.730000	8.110000	1.200000	0.000000	63.000000	21.000000	72	0.000000	0.000000	0.000000	0	0	0	
407422	2584	0.080000	9.800000	8.170000	1.200000	0.000000	63.000000	21.000000	72	0.000000	0.000000	0.000000	0	0	0	
407625	2581	0.080000	9.540000	7.970000	1.200000	0.000000	63.000000	21.000000	72	0.000000	0.000000	0.000000	0	0	0	
407812	2584	0.080000	9.520000	7.960000	1.200000	0.000000	63.000000	21.000000	72	0.000000	0.000000	0.000000	0	0	0	
408000	2591	0.080000	9.310000	7.810000	1.200000	0.000000	63.000000	21.000000	73	0.000000	0.000000	0.000000	0	0	0	
408187	2590	0.080000	7.910000	6.790000	1.170000	0.000000	63.000000	21.000000	105	0.000000	0.000000	0.000000	0	0	0	
408484	2584	0.080000	7.250000	6.160000	1.120000	0.000000	63.000000	21.000000	106	0.000000	0.000000	0.000000	0	0	0	
408672	2565	0.080000	7.170000	6.060000	1.120000	0.000000	63.000000	21.000000	105	0.000000	0.000000	0.000000	0	0	0	
408859	2577	0.080000	7.360000	6.220000	1.100000	0.000000	63.000000	21.000000	73	0.000000	0.000000	0.000000	0	0	0	
409062	2565	0.080000	7.410000	6.270000	1.110000	0.000000	63.000000	21.000000	72	0.000000	0.000000	0.000000	0	0	0	
409250	2564	0.080000	7.370000	6.230000	1.110000	0.000000	63.000000	21.000000	72	0.000000	0.000000	0.000000	0	0	0	
409437	2572	0.080000	7.580000	6.370000	1.110000	0.000000	63.000000	21.000000	72	0.000000	0.000000	0.000000	0	0	0	
409625	2562	0.080000	7.600000	6.430000	1.120000	0.000000	63.000000	21.000000	73	0.000000	0.000000	0.000000	0	0	0	
409828	2563	0.080000	7.710000	6.490000	1.110000	0.000000	63.000000	21.000000	73	0.000000	0.000000	0.000000	0	0	0	
410016	2555	0.080000	7.660000	6.440000	1.110000	0.000000	63.000000	21.000000	72	0.000000	0.000000	0.000000	0	0	0	
410203	2557	0.080000	7.500000	6.340000	1.120000	0.000000	63.000000	21.000000	73	0.000000	0.000000	0.000000	0	0	0	
410391	2556	0.080000	7.750000	6.530000	1.110000	0.000000	63.000000	21.000000	73	0.000000	0.000000	0.000000	0	0	0	
410578	2544	0.080000	7.760000	6.550000	1.110000	0.000000	63.000000	21.000000	72	0.000000	0.000000	0.000000	0	0	0	
410766	2548	0.080000	7.530000	6.350000	1.110000	0.000000	63.000000	21.000000	72	0.000000	0.000000	0.000000	0	0	0	
410953	2544	0.080000	6.160000	5.260000	1.090000	0.000000	63.000000	21.000000	71	0.000000	0.000000	0.000000	0	0	0	
411156	2535	0.080000	5.500000	4.540000	1.050000	0.000000	63.000000	21.000000	254	0.000000	0.000000	0.000000	0	0	0	
411359	2532	0.080000	5.380000	4.390000	1.030000	0.000000	63.000000	21.000000	241	0.000000	0.000000	0.000000	0	0	0	
411562	2525	0.080000	5.230000	4.270000	1.040000	0.000000	63.000000	21.000000	117	0.000000	0.000000	0.000000	0	0	0	
411766	2517	0.080000	5.090000	4.230000	1.040000	0.000000	63.000000	21.000000	199	0.000000	0.000000	0.000000	0	0	0	
411984	2515	0.080000	5.220000	4.300000	1.040000	0.000000	63.000000	21.000000	158	0.000000	0.000000	0.000000	0	0	0	
412172	2501	0.080000	5.230000	4.310000	1.040000	0.000000	63.000000	21.000000	143	0.000000	0.000000	0.000000	0	0	0	
412437	2504	0.080000	5.200000	4.250000	1.040000	0.000000	63.000000	21.000000	83	0.000000	0.000000	0.000000	0	0	0	
412656	2490	0.080000	5.080000	4.210000	1.040000	0.000000	63.000000	21.000000	79	0.000000	0.000000	0.000000	0	0	0	
412844	2490	0.080000	5.200000	4.270000	1.040000	0.000000	63.000000	21.000000	162	0.000000	0.000000	0.000000	0	0	0	
413031	2492	0.080000	5.110000	4.240000	1.030000	0.000000	63.000000	21.000000	74	0.000000	0.000000	0.000000	0	0	0	
413219	2485	0.080000	5.180000	4.250000	1.040000	0.000000	63.000000	21.000000	117	0.000000	0.000000	0.000000	0	0	0	
413437	2474	0.080000	5.090000	4.230000	1.040000	0.000000	63.000000	21.000000	154	0.000000	0.000000	0.000000	0	0	0	
413625	2462	0.080000	5.110000	4.240000	1.050000	0.000000	63.000000	21.000000	200	0.000000	0.000000	0.000000	0	0	0	
413812	2450	0.080000	4.830000	4.010000	1.030000	0.000000	63.000000	21.000000	225	0.000000	0.000000	0.000000	0	0	0	
414031	2445	0.080000	4.600000	3.670000	1.020000	0.000000	63.000000	21.000000	216	0.000000	0.000000	0.000000	0	0	0	
414234	2391	0.080000	4.320000	3.320000	1.010000	0.000000	63.000000	21.000000	254	0.000000	0.000000	0.000000	0	0	0	
414437	2420	0.080000	4.110000	3.180000	1.000000	0.000000	63.000000	21.000000	254	0.000000	0.000000	0.000000	0	0	0	
414625	2428	0.080000	0.000000	0.000000	1.030000	0.000000	63.000000	21.000000	254	0.000000	0.000000	0.000000	0	0	0	
414844	2427	0.080000	0.000000	0.000000	1.040000	0.000000	63.000000	21.000000	254	0.000000	0.000000	0.000000	0	0	0	
415031	2397	0.080000	0.000000	0.000000	1.040000	0.000000	63.000000	21.000000	254	0.000000	0.000000	0.000000	0	0	0	
415203	2394	0.080000	0.000000	0.000000	1.040000	0.000000	63.000000	21.000000	220	0.000000	0.000000	0.000000	0	0	0	
415375	2391	0.080000	0.000000	0.000000	1.040000	0.000000	63.000000	21.000000	147	0.000000	0.000000	0.000000	0	0	0	
415562	2374	0.080000	0.000000	0.000000	1.030000	0.000000	63.000000	21.000000	73	0.000000	0.000000	0.000000	0	0	0	
415750	2368	0.080000	4.870000	3.990000	1.000000	0.000000	63.000000	21.000000	193	0.000000	0.000000	0.000000	0	0	0	
415953	2354	0.080000	4.760000	3.820000	0.990000	0.000000	63.000000	21.000000	248	0.000000	0.000000	0.000000	0	0	0	
416172	2357	0.080000	4.690000	3.640000	0.990000	0.000000	63.000000	21.000000	254	0.000000	0.000000	0.000000	0	0	0	
416422	2354	0.080000	4.130000	3.240000	0.990000	0.000000	63.000000	21.000000	206	0.000000	0.000000	0.000000	0	0	0	
416625	2336	0.080000	4.090000	3.230000	0.990000	0.000000	63.000000	21.000000	254	0.000000	0.000000	0.000000	0	0	0	
416812	2334	0.080000	4.090000	3.250000	0.990000	0.000000	63.000000	21.000000	241	0.000000	0.000000	0.000000	0	0	0	
417016	2327	0.080000	4.290000	3.250000	0.990000	0.000000	63.000000	21.000000	245	0.000000	0.000000	0.000000	0	0	0	
417203	2317	0.080000	4.290000	3.270000	1.000000	0.000000	63.000000	21.000000	217	0.000000	0.000000	0.000000	0	0	0	
417406	2311	0.080000	3.840000	2.990000	1.000000	0.000000	63.000000	21.000000	244	0.000000	0.000000	0.000000	0	0	0	
417625	2305	0.080000	3.880000	3.040000	1.000000	0.000000	63.000000	21.000000	244	0.000000	0.000000	0.000000	0	0	0	
417812	2301	0.080000	3.920000	3.130000	0.990000	0.000000	63.000000	21.000000	151	0.000000	0.000000	0.000000	0	0	0	
418000	2289	0.080000	3.870000	3.070000	1.000000	0.000000	63.000000	21.000000	174	0.000000	0.000000	0.000000	0	0	0	
418187	2282	0.080000	3.930000	3.150000	1.010000	0.000000	63.000000	21.000000	248	0.000000	0.000000	0.000000	0	0	0	
418406	2283	0.080000	4.000000	3.220000	1.000000	0.000000	63.000000	21.000000	219	0.000000	0.000000	0.000000	0	0	0	
418594	2279	0.080000	4.000000	3.220000	1.010000	0.000000	63.000000	21.000000	116	0.000000	0.000000	0.000000	0	0	0	
418797	2258	0.080000	3.890000	3.140000	1.010000	0.000000	63.000000	21.000000	246	0.000000	0.000000	0.000000	0	0	0	
419016	2256	0.080000	4.090000	3.190000	1.000000	0.000000	63.000000	21.000000	241	0.000000	0.000000	0.000000	0	0	0	
419219	2257	0.080000	3.950000	3.170000	1.000000	0.000000	63.000000	21.000000	122	0.000000	0.000000	0.000000	0	0	0	
419406	2242	0.080000	4.020000	3.160000	1.010000	0.000000	63.000000	21.000000	195	0.000000	0.000000	0.000000	0	0	0	
419594	2248	0.080000	3.990000	3.130000	1.000000	0.000000	63.000000	21.000000	235	0.000000	0.000000	0.000000	0	0	0	
419812	2230	0.080000	3.890000	3.090000	1.010000	0.000000	63.000000	21.000000	254	0.000000	0.000000	0.000000	0	0	0	
420016	2242	0.080000	4.120000	3.210000	1.000000	0.000000	63.000000	21.000000	246	0.000000	0.000000	0.000000	0	0	0	
420219	2227	0.080000	3.860000	3.080000	1.010000	0.000000	63.000000	21.000000	216	0.000000	0.000000	0.000000	0	0	0	
420516	2221	0.080000	3.750000	3.020000	1.000000	0.000000	63.000000	21.000000	177	0.000000	0.000000	0.000000	0	0	0	
420703	2217	0.080000	4.070000	3.190000	1.000000	0.000000	63.000000	21.000000	241	0.000000	0.000000	0.000000	0	0	0	
420891	2201	0.080000	3.920000	3.120000	1.000000	0.000000	63.000000	21.000000	130	0.000000	0.000000	0.000000	0	0	0	
421078	2172	0.080000	3.660000	3.000000	1.010000	0.000000	63.000000	21.000000	254	0.000000	0.000000	0.000000	0	0	0	
421297	2177	0.080000	3.750000	3.030000	1.000000	0.000000	64.000000	21.000000	244	0.000000	0.000000	0.000000	0	0	0	
421500	2187	0.080000	3.660000	2.980000	1.000000	0.000000	64.000000	21.000000	254	0.000000	0.000000	0.000000	0	0	0	
421687	2186	0.080000	3.680000	2.970000	1.000000	0.000000	63.000000	21.000000	124	0.000000	0.000000	0.000000	0	0	0	
421859	2171	0.080000	3.630000	2.940000	1.000000	0.000000	64.000000	21.000000	240	0.000000	0.000000	0.000000	0	0	0	
422062	2155	0.080000	3.620000	2.930000	0.990000	0.000000	63.000000	21.000000	234	0.000000	0.000000	0.000000	0	0	0	
422250	2149	0.080000	3.620000	2.970000	0.990000	0.000000	63.000000	21.000000	205	0.000000	0.000000	0.000000	0	0	0	
422437	2142	0.080000	3.650000	3.030000	0.990000	0.000000	63.000000	21.000000	246	0.000000	0.000000	0.000000	0	0	0	
422656	2133	0.080000	3.650000	3.000000	1.000000	0.000000	64.000000	21.000000	223	0.000000	0.000000	0.000000	0	0	0	
422859	2121	0.080000	3.590000	2.950000	0.990000	0.000000	63.000000	21.000000	143	0.000000	0.000000	0.000000	0	0	0	
423047	2116	0.080000	3.600000	2.970000	0.990000	0.000000	63.000000	21.000000	127	0.000000	0.000000	0.000000	0	0	0	
423250	2113	0.080000	3.610000	2.980000	0.990000	0.000000	64.000000	21.000000	200	0.000000	0.000000	0.000000	0	0	0	
423453	2104	0.080000	3.570000	2.930000	0.990000	0.000000	64.000000	21.000000	102	0.000000	0.000000	0.000000	0	0	0	
423656	2099	0.080000	3.530000	2.900000	1.000000	0.000000	64.000000	21.000000	247	0.000000	0.000000	0.000000	0	0	0	
423859	2096	0.080000	3.530000	2.920000	0.990000	0.000000	64.000000	21.000000	106	0.000000	0.000000	0.000000	0	0	0	
424078	2080	0.080000	3.460000	2.860000	1.000000	0.000000	64.000000	21.000000	245	0.000000	0.000000	0.000000	0	0	0	
424281	2074	0.080000	3.440000	2.840000	0.990000	0.000000	64.000000	21.000000	123	0.000000	0.000000	0.000000	0	0	0	
424562	2063	0.080000	3.440000	2.850000	0.990000	0.000000	64.000000	21.000000	251	0.000000	0.000000	0.000000	0	0	0	
424781	2048	0.080000	3.420000	2.830000	0.990000	0.000000	64.000000	21.000000	116	0.000000	0.000000	0.000000	0	0	0	
424984	2052	0.080000	3.340000	2.780000	0.990000	0.000000	64.000000	21.000000	110	0.000000	0.000000	0.000000	0	0	0	
425172	2043	0.080000	3.390000	2.810000	0.990000	0.000000	64.000000	21.000000	237	0.000000	0.000000	0.000000	0	0	0	
425359	2040	0.080000	3.390000	2.830000	1.000000	0.000000	64.000000	21.000000	219	0.000000	0.000000	0.000000	0	0	0	
425578	2028	0.080000	3.350000	2.780000	0.990000	0.000000	64.000000	21.000000	227	0.000000	0.000000	0.000000	0	0	0	
425750	2024	0.080000	3.360000	2.810000	0.990000	0.000000	64.000000	21.000000	250	0.000000	0.000000	0.000000	0	0	0	
425953	2012	0.080000	3.400000	2.850000	0.990000	0.000000	64.000000	21.000000	99	0.000000	0.000000	0.000000	0	0	0	
426141	1996	0.080000	3.310000	2.780000	0.990000	0.000000	64.000000	21.000000	253	0.000000	0.000000	0.000000	0	0	0	
426344	1986	0.080000	3.340000	2.790000	0.990000	0.000000	64.000000	21.000000	247	0.000000	0.000000	0.000000	0	0	0	
426531	1985	0.080000	3.450000	2.900000	0.990000	0.000000	64.000000	21.000000	248	0.000000	0.000000	0.000000	0	0	0	
426734	1988	0.080000	3.440000	2.890000	0.990000	0.000000	64.000000	21.000000	57	0.000000	0.000000	0.000000	0	0	0	
426937	1975	0.080000	3.380000	2.830000	0.990000	0.000000	64.000000	21.000000	245	0.000000	0.000000	0.000000	0	0	0	
427141	1954	0.080000	3.370000	2.830000	1.000000	0.000000	64.000000	21.000000	237	0.000000	0.000000	0.000000	0	0	0	
427344	1953	0.080000	3.500000	2.960000	0.990000	0.000000	64.000000	21.000000	208	0.000000	0.000000	0.000000	0	0	0	
427547	1942	0.080000	3.490000	2.940000	1.000000	0.000000	64.000000	21.000000	84	0.000000	0.000000	0.000000	0	0	0	
427750	1924	0.080000	3.610000	3.060000	0.990000	0.000000	64.000000	21.000000	59	0.000000	0.000000	0.000000	0	0	0	
427937	1927	0.080000	3.770000	3.140000	1.000000	0.000000	64.000000	21.000000	246	0.000000	0.000000	0.000000	0	0	0	
428141	1924	0.080000	3.780000	3.150000	1.000000	0.000000	64.000000	21.000000	156	0.000000	0.000000	0.000000	0	0	0	
428344	1915	0.080000	3.890000	3.230000	1.000000	0.000000	64.000000	21.000000	220	0.000000	0.000000	0.000000	0	0	0	
428625	1909	0.080000	4.060000	3.300000	1.000000	0.000000	64.000000	21.000000	57	0.000000	0.000000	0.000000	0	0	0	
428828	1903	0.080000	3.730000	3.140000	1.000000	0.000000	64.000000	21.000000	207	0.000000	0.000000	0.000000	0	0	0	
429047	1922	0.080000	4.000000	3.270000	1.010000	0.000000	64.000000	21.000000	91	0.000000	0.000000	0.000000	0	0	0	
429234	1835	0.080000	4.180000	3.370000	1.000000	0.000000	64.000000	21.000000	210	0.000000	0.000000	0.000000	0	0	0	
429437	1857	0.080000	4.180000	3.380000	1.010000	0.000000	64.000000	21.000000	55	0.000000	0.000000	0.000000	0	0	0	
429641	1869	0.080000	3.890000	3.230000	1.010000	0.000000	64.000000	21.000000	254	0.000000	0.000000	0.000000	0	0	0	
429844	1824	0.080000	4.210000	3.420000	1.010000	0.000000	64.000000	21.000000	254	0.000000	0.000000	0.000000	0	0	0	
430031	1867	0.080000	4.490000	3.580000	1.020000	0.000000	64.000000	21.000000	67	0.000000	0.000000	0.000000	0	0	0	
430234	1823	0.080000	4.550000	3.720000	1.030000	0.000000	64.000000	21.000000	55	0.000000	0.000000	0.000000	0	0	0	
430437	1811	0.080000	5.060000	4.190000	1.040000	0.000000	64.000000	21.000000	254	0.000000	0.000000	0.000000	0	0	0	
430656	1835	0.080000	5.740000	4.570000	1.060000	0.000000	64.000000	21.000000	74	0.000000	0.000000	0.000000	0	0	0	
430859	1813	0.080000	5.860000	4.700000	1.060000	0.000000	64.000000	21.000000	72	0.000000	0.000000	0.000000	0	0	0	
431062	1806	0.080000	5.960000	4.790000	1.070000	0.000000	64.000000	21.000000	74	0.000000	0.000000	0.000000	0	0	0	
431266	1810	0.080000	5.980000	4.780000	1.070000	0.000000	64.000000	21.000000	73	0.000000	0.000000	0.000000	0	0	0	
431453	1798	0.080000	5.940000	4.760000	1.070000	0.000000	64.000000	21.000000	73	0.000000	0.000000	0.000000	0	0	0	
431641	1796	0.080000	6.120000	4.880000	1.070000	0.000000	64.000000	21.000000	72	0.000000	0.000000	0.000000	0	0	0	
431828	1795	0.080000	6.060000	4.850000	1.070000	0.000000	64.000000	21.000000	73	0.000000	0.000000	0.000000	0	0	0	
432031	1780	0.080000	6.120000	4.880000	1.070000	0.000000	64.000000	21.000000	72	0.000000	0.000000	0.000000	0	0	0	
432219	1773	0.080000	6.210000	4.970000	1.080000	0.000000	64.000000	21.000000	72	0.000000	0.000000	0.000000	0	0	0	
432406	1775	0.080000	6.190000	4.950000	1.070000	0.000000	64.000000	21.000000	72	0.000000	0.000000	0.000000	0	0	0	
432687	1771	0.080000	6.210000	4.970000	1.070000	0.000000	64.000000	21.000000	74	0.000000	0.000000	0.000000	0	0	0	
432875	1758	0.080000	6.480000	5.210000	1.080000	0.000000	64.000000	21.000000	71	0.000000	0.000000	0.000000	0	0	0	
433062	1752	0.080000	6.560000	5.280000	1.090000	0.000000	64.000000	21.000000	73	0.000000	0.000000	0.000000	0	0	0	
433250	1749	0.080000	6.670000	5.380000	1.090000	0.000000	64.000000	21.000000	73	0.000000	0.000000	0.000000	0	0	0	
433453	1747	0.080000	6.850000	5.470000	1.090000	0.000000	64.000000	21.000000	73	0.000000	0.000000	0.000000	0	0	0	
433641	1727	0.080000	6.720000	5.430000	1.090000	0.000000	64.000000	21.000000	73	0.000000	0.000000	0.000000	0	0	0	
433828	1723	0.080000	6.840000	5.500000	1.090000	0.000000	64.000000	21.000000	73	0.000000	0.000000	0.000000	0	0	0	
434016	1715	0.080000	6.910000	5.530000	1.090000	0.000000	64.000000	21.000000	73	0.000000	0.000000	0.000000	0	0	0	
434219	1717	0.080000	6.850000	5.480000	1.090000	0.000000	64.000000	21.000000	73	0.000000	0.000000	0.000000	0	0	0	
434406	1707	0.080000	6.900000	5.530000	1.090000	0.000000	64.000000	21.000000	73	0.000000	0.000000	0.000000	0	0	0	
434594	1700	0.080000	6.920000	5.570000	1.090000	0.000000	64.000000	21.000000	74	0.000000	0.000000	0.000000	0	0	0	
434797	1698	0.080000	6.870000	5.520000	1.090000	0.000000	64.000000	21.000000	72	0.000000	0.000000	0.000000	0	0	0	
434984	1690	0.080000	7.150000	5.630000	1.100000	0.000000	64.000000	21.000000	72	0.000000	0.000000	0.000000	0	0	0	
435172	1682	0.080000	7.180000	5.660000	1.090000	0.000000	64.000000	21.000000	73	0.000000	0.000000	0.000000	0	0	0	
435359	1681	0.080000	6.880000	5.530000	1.090000	0.000000	64.000000	21.000000	73	0.000000	0.000000	0.000000	0	0	0	
435562	1669	0.080000	7.140000	5.640000	1.100000	0.000000	64.000000	21.000000	73	0.000000	0.000000	0.000000	0	0	0	
435750	1665	0.080000	7.270000	5.710000	1.100000	0.000000	64.000000	21.000000	72	0.000000	0.000000	0.000000	0	0	0	
435937	1657	0.080000	7.140000	5.600000	1.100000	0.000000	64.000000	21.000000	73	0.000000	0.000000	0.000000	0	0	0	
436125	1652	0.080000	7.240000	5.770000	1.100000	0.000000	64.000000	21.000000	73	0.000000	0.000000	0.000000	0	0	0	
436328	1641	0.080000	7.260000	5.700000	1.100000	0.000000	64.000000	21.000000	73	0.000000	0.000000	0.000000	0	0	0	
436594	1638	0.080000	7.230000	5.690000	1.100000	0.000000	64.000000	21.000000	73	0.000000	0.000000	0.000000	0	0	0	
436781	1598	0.080000	7.390000	5.810000	1.120000	0.000000	64.000000	21.000000	254	0.000000	0.000000	0.000000	0	0	0	
437000	1342	0.080000	0.000000	0.000000	1.120000	0.000000	64.000000	21.000000	254	0.000000	0.000000	0.000000	0	0	0	
437172	1128	0.080000	6.260000	5.090000	1.100000	0.000000	64.000000	21.000000	71	0.000000	0.000000	0.000000	0	0	0	
437375	1109	0.080000	6.350000	5.210000	1.070000	0.000000	64.000000	21.000000	74	0.000000	0.000000	0.000000	0	0	0	
437578	1184	0.080000	6.510000	5.280000	1.060000	0.000000	64.000000	21.000000	104	0.000000	0.000000	0.000000	0	0	0	
437797	1411	0.080000	6.510000	5.100000	1.050000	0.000000	64.000000	21.000000	254	0.000000	0.000000	0.000000	0	0	0	
437984	1829	0.080000	5.780000	4.460000	1.030000	0.000000	64.000000	21.000000	254	0.000000	0.000000	0.000000	0	0	0	
438187	2040	0.080000	4.180000	3.390000	1.010000	0.000000	64.000000	21.000000	73	0.000000	0.000000	0.000000	0	0	0	
438406	1947	0.080000	3.960000	3.250000	1.010000	0.000000	64.000000	21.000000	76	0.000000	0.000000	0.000000	0	0	0	
438609	1964	0.080000	3.770000	3.140000	1.000000	0.000000	64.000000	21.000000	245	0.000000	0.000000	0.000000	0	0	0	
438797	1956	0.080000	3.980000	3.250000	1.000000	0.000000	64.000000	21.000000	254	0.000000	0.000000	0.000000	0	0	0	
439000	1949	0.080000	4.440000	3.460000	1.010000	0.000000	64.000000	21.000000	223	0.000000	0.000000	0.000000	0	0	0	
439219	1911	0.080000	4.550000	3.690000	1.030000	0.000000	64.000000	21.000000	71	0.000000	0.000000	0.000000	0	0	0	
439406	1906	0.080000	4.680000	3.960000	1.030000	0.000000	64.000000	21.000000	74	0.000000	0.000000	0.000000	0	0	0	
439594	1896	0.080000	5.270000	4.280000	1.040000	0.000000	64.000000	21.000000	74	0.000000	0.000000	0.000000	0	0	0	
439797	1885	0.080000	5.730000	4.620000	1.050000	0.000000	64.000000	21.000000	73	0.000000	0.000000	0.000000	0	0	0	
439984	1877	0.080000	7.350000	5.860000	1.080000	0.000000	64.000000	21.000000	74	0.000000	0.000000	0.000000	0	0	0	
440172	1869	0.080000	8.390000	7.020000	1.130000	0.000000	64.000000	21.000000	73	0.000000	0.000000	0.000000	0	0	0	
440359	1857	0.080000	8.390000	7.140000	1.160000	0.000000	64.000000	21.000000	73	0.000000	0.000000	0.000000	0	0	0	
440641	1864	0.080000	8.360000	7.110000	1.160000	0.000000	64.000000	21.000000	72	0.000000	0.000000	0.000000	0	0	0	
440812	1858	0.080000	8.290000	7.030000	1.160000	0.000000	64.000000	21.000000	72	0.000000	0.000000	0.000000	0	0	0	
441000	1856	0.080000	8.280000	7.030000	1.170000	0.000000	64.000000	21.000000	72	0.000000	0.000000	0.000000	0	0	0	
441203	1846	0.080000	8.300000	7.050000	1.170000	0.000000	64.000000	21.000000	71	0.000000	0.000000	0.000000	0	0	0	
441391	1851	0.080000	8.500000	7.250000	1.170000	0.000000	64.000000	21.000000	73	0.000000	0.000000	0.000000	0	0	0	
441578	1846	0.080000	8.540000	7.300000	1.170000	0.000000	64.000000	21.000000	73	0.000000	0.000000	0.000000	0	0	0	
441766	1848	0.080000	8.550000	7.310000	1.180000	0.000000	64.000000	21.000000	73	0.000000	0.000000	0.000000	0	0	0	
441969	1833	0.080000	8.640000	7.400000	1.180000	0.000000	64.000000	21.000000	74	0.000000	0.000000	0.000000	0	0	0	
442156	1840	0.080000	8.670000	7.370000	1.180000	0.000000	64.000000	21.000000	73	0.000000	0.000000	0.000000	0	0	0	
442344	1835	0.080000	8.520000	7.280000	1.180000	0.000000	64.000000	21.000000	72	0.000000	0.000000	0.000000	0	0	0	
442531	1831	0.080000	8.690000	7.400000	1.180000	0.000000	64.000000	21.000000	72	0.000000	0.000000	0.000000	0	0	0	
442734	1836	0.080000	8.730000	7.500000	1.180000	0.000000	64.000000	21.000000	73	0.000000	0.000000	0.000000	0	0	0	
442922	1825	0.080000	8.710000	7.420000	1.180000	0.000000	64.000000	21.000000	73	0.000000	0.000000	0.000000	0	0	0	
443109	1824	0.080000	8.730000	7.440000	1.180000	0.000000	64.000000	21.000000	73	0.000000	0.000000	0.000000	0	0	0	
443297	1823	0.080000	8.810000	7.520000	1.180000	0.000000	64.000000	21.000000	73	0.000000	0.000000	0.000000	0	0	0	
443500	1825	0.080000	8.680000	7.380000	1.180000	0.000000	64.000000	21.000000	73	0.000000	0.000000	0.000000	0	0	0	
443687	1814	0.080000	8.670000	7.440000	1.180000	0.000000	64.000000	21.000000	72	0.000000	0.000000	0.000000	0	0	0	
443859	1817	0.080000	8.870000	7.580000	1.180000	0.000000	64.000000	21.000000	73	0.000000	0.000000	0.000000	0	0	0	
444047	1811	0.080000	8.810000	7.520000	1.180000	0.000000	64.000000	21.000000	72	0.000000	0.000000	0.000000	0	0	0	
444250	1811	0.080000	8.760000	7.470000	1.180000	0.000000	65.000000	21.000000	72	0.000000	0.000000	0.000000	0	0	0	
444531	1809	0.080000	8.980000	7.700000	1.190000	0.000000	64.000000	21.000000	72	0.000000	0.000000	0.000000	0	0	0	
444719	1795	0.080000	8.870000	7.590000	1.180000	0.000000	65.000000	21.000000	72	0.000000	0.000000	0.000000	0	0	0	
444937	1800	0.080000	9.030000	7.740000	1.190000	0.000000	65.000000	21.000000	72	0.000000	0.000000	0.000000	0	0	0	
445141	1790	0.080000	2.030000	1.060000	1.200000	0.000000	65.000000	21.000000	73	0.000000	0.000000	0.000000	0	0	0	
445328	1803	0.080000	10.620000	9.120000	1.220000	0.000000	65.000000	21.000000	72	0.000000	0.000000	0.000000	0	0	0	
445531	1792	0.080000	10.470000	8.970000	1.230000	0.000000	65.000000	21.000000	73	0.000000	0.000000	0.000000	0	0	0	
445719	1793	0.080000	10.220000	8.780000	1.240000	0.000000	65.000000	21.000000	72	0.000000	0.000000	0.000000	0	0	0	
445906	1796	0.080000	10.620000	9.120000	1.240000	0.000000	65.000000	21.000000	73	0.000000	0.000000	0.000000	0	0	0	
446094	1800	0.080000	11.060000	9.430000	1.250000	0.000000	65.000000	21.000000	73	0.000000	0.000000	0.000000	0	0	0	
446297	1815	0.080000	11.190000	9.560000	1.260000	0.000000	65.000000	21.000000	73	0.000000	0.000000	0.000000	0	0	0	
446484	1796	0.080000	11.680000	9.890000	1.280000	0.000000	65.000000	21.000000	73	0.000000	0.000000	0.000000	0	0	0	
446672	1817	0.080000	11.640000	9.860000	1.280000	0.000000	65.000000	21.000000	71	0.000000	0.000000	0.000000	0	0	0	
446859	1802	0.080000	11.220000	9.580000	1.270000	0.000000	65.000000	21.000000	72	0.000000	0.000000	0.000000	0	0	0	
447062	1824	0.080000	11.360000	9.660000	1.280000	0.000000	65.000000	21.000000	72	0.000000	0.000000	0.000000	0	0	0	
447250	1814	0.080000	11.390000	9.680000	1.280000	0.000000	65.000000	21.000000	73	0.000000	0.000000	0.000000	0	0	0	
447437	1823	0.080000	10.880000	9.310000	1.270000	0.000000	65.000000	21.000000	106	0.000000	0.000000	0.000000	0	0	0	
447625	1836	0.080000	10.610000	9.110000	1.270000	0.000000	65.000000	21.000000	106	0.000000	0.000000	0.000000	0	0	0	
447828	1821	0.080000	10.690000	9.190000	1.260000	0.000000	65.000000	21.000000	106	0.000000	0.000000	0.000000	0	0	0	
448016	1841	0.080000	10.400000	8.900000	1.260000	0.000000	65.000000	21.000000	105	0.000000	0.000000	0.000000	0	0	0	
448203	1834	0.080000	10.540000	9.040000	1.270000	0.000000	65.000000	21.000000	105	0.000000	0.000000	0.000000	0	0	0	
448484	1836	0.080000	10.180000	8.740000	1.240000	0.000000	65.000000	21.000000	106	0.000000	0.000000	0.000000	0	0	0	
448672	1851	0.080000	9.980000	8.600000	1.240000	0.000000	65.000000	21.000000	106	0.000000	0.000000	0.000000	0	0	0	
448859	1836	0.080000	10.000000	8.630000	1.240000	0.000000	65.000000	21.000000	106	0.000000	0.000000	0.000000	0	0	0	
449047	1847	0.080000	10.300000	8.860000	1.240000	0.000000	65.000000	21.000000	106	0.000000	0.000000	0.000000	0	0	0	
449250	1843	0.080000	10.090000	8.720000	1.240000	0.000000	65.000000	21.000000	106	0.000000	0.000000	0.000000	0	0	0	
449437	1844	0.080000	10.080000	8.700000	1.240000	0.000000	65.000000	21.000000	106	0.000000	0.000000	0.000000	0	0	0	
449625	1840	0.080000	10.370000	8.930000	1.250000	0.000000	65.000000	21.000000	106	0.000000	0.000000	0.000000	0	0	0	
449828	1846	0.080000	10.400000	8.940000	1.250000	0.000000	65.000000	21.000000	106	0.000000	0.000000	0.000000	0	0	0	
450016	1840	0.080000	10.250000	8.810000	1.240000	0.000000	65.000000	21.000000	106	0.000000	0.000000	0.000000	0	0	0	
450203	1848	0.080000	10.430000	9.000000	1.240000	0.000000	65.000000	21.000000	106	0.000000	0.000000	0.000000	0	0	0	
450391	1849	0.080000	10.350000	8.910000	1.240000	0.000000	65.000000	21.000000	106	0.000000	0.000000	0.000000	0	0	0	
450594	1850	0.080000	10.150000	8.780000	1.240000	0.000000	65.000000	21.000000	105	0.000000	0.000000	0.000000	0	0	0	
450781	1854	0.080000	10.280000	8.840000	1.240000	0.000000	65.000000	21.000000	106	0.000000	0.000000	0.000000	0	0	0	
450969	1858	0.080000	10.370000	8.930000	1.240000	0.000000	65.000000	21.000000	105	0.000000	0.000000	0.000000	0	0	0	
451156	1865	0.080000	10.140000	8.760000	1.240000	0.000000	65.000000	21.000000	106	0.000000	0.000000	0.000000	0	0	0	
451359	1870	0.080000	10.160000	8.790000	1.240000	0.000000	65.000000	21.000000	106	0.000000	0.000000	0.000000	0	0	0	
451547	1873	0.080000	10.510000	9.020000	1.240000	0.000000	65.000000	21.000000	106	0.000000	0.000000	0.000000	0	0	0	
451734	1874	0.080000	10.270000	8.830000	1.240000	0.000000	65.000000	21.000000	106	0.000000	0.000000	0.000000	0	0	0	
451922	1881	0.080000	10.070000	8.700000	1.240000	0.000000	65.000000	21.000000	106	0.000000	0.000000	0.000000	0	0	0	
452109	1879	0.080000	10.140000	8.770000	1.230000	0.000000	65.000000	21.000000	106	0.000000	0.000000	0.000000	0	0	0	
452375	1886	0.080000	10.010000	8.640000	1.230000	0.000000	65.000000	21.000000	105	0.000000	0.000000	0.000000	0	0	0	
452562	1887	0.080000	8.570000	7.320000	1.210000	0.000000	65.000000	21.000000	106	0.000000	0.000000	0.000000	0	0	0	
452766	1878	0.080000	8.640000	7.400000	1.200000	0.000000	65.000000	21.000000	105	0.000000	0.000000	0.000000	0	0	0	
452953	1894	0.080000	8.620000	7.380000	1.190000	0.000000	65.000000	21.000000	106	0.000000	0.000000	0.000000	0	0	0	
453141	1888	0.080000	8.580000	7.340000	1.190000	0.000000	65.000000	21.000000	105	0.000000	0.000000	0.000000	0	0	0	
453328	1892	0.080000	8.620000	7.390000	1.180000	0.000000	65.000000	21.000000	105	0.000000	0.000000	0.000000	0	0	0	
453531	1892	0.080000	8.790000	7.550000	1.180000	0.000000	65.000000	21.000000	106	0.000000	0.000000	0.000000	0	0	0	
453719	1894	0.080000	8.620000	7.380000	1.180000	0.000000	65.000000	21.000000	106	0.000000	0.000000	0.000000	0	0	0	
453891	1897	0.080000	8.680000	7.440000	1.180000	0.000000	65.000000	21.000000	105	0.000000	0.000000	0.000000	0	0	0	
454094	1906	0.080000	8.810000	7.580000	1.180000	0.000000	65.000000	21.000000	106	0.000000	0.000000	0.000000	0	0	0	
454281	1893	0.080000	8.700000	7.460000	1.180000	0.000000	65.000000	21.000000	106	0.000000	0.000000	0.000000	0	0	0	
454469	1902	0.080000	8.590000	7.350000	1.180000	0.000000	65.000000	21.000000	105	0.000000	0.000000	0.000000	0	0	0	
454656	1903	0.080000	8.670000	7.430000	1.180000	0.000000	65.000000	21.000000	106	0.000000	0.000000	0.000000	0	0	0	
454859	1916	0.080000	8.750000	7.520000	1.180000	0.000000	65.000000	21.000000	105	0.000000	0.000000	0.000000	0	0	0	
455047	1900	0.080000	8.720000	7.480000	1.180000	0.000000	65.000000	21.000000	105	0.000000	0.000000	0.000000	0	0	0	
455234	1914	0.080000	8.790000	7.550000	1.180000	0.000000	65.000000	21.000000	106	0.000000	0.000000	0.000000	0	0	0	
455422	1909	0.080000	8.840000	7.620000	1.180000	0.000000	65.000000	21.000000	106	0.000000	0.000000	0.000000	0	0	0	
455625	1921	0.080000	8.860000	7.530000	1.180000	0.000000	65.000000	21.000000	105	0.000000	0.000000	0.000000	0	0	0	
455812	1917	0.080000	8.680000	7.450000	1.180000	0.000000	65.000000	21.000000	106	0.000000	0.000000	0.000000	0	0	0	
456000	1926	0.080000	8.740000	7.510000	1.180000	0.000000	65.000000	21.000000	106	0.000000	0.000000	0.000000	0	0	0	
456281	1935	0.080000	8.640000	7.400000	1.180000	0.000000	65.000000	21.000000	105	0.000000	0.000000	0.000000	0	0	0	
456469	1936	0.080000	8.680000	7.440000	1.180000	0.000000	65.000000	21.000000	106	0.000000	0.000000	0.000000	0	0	0	
456656	1936	0.080000	8.670000	7.430000	1.180000	0.000000	65.000000	21.000000	105	0.000000	0.000000	0.000000	0	0	0	
456844	1944	0.080000	8.530000	7.290000	1.170000	0.000000	65.000000	21.000000	106	0.000000	0.000000	0.000000	0	0	0	
457047	1940	0.080000	8.410000	7.160000	1.170000	0.000000	65.000000	21.000000	106	0.000000	0.000000	0.000000	0	0	0	
457234	1955	0.080000	8.450000	7.260000	1.170000	0.000000	65.000000	21.000000	105	0.000000	0.000000	0.000000	0	0	0	
457422	1959	0.080000	8.440000	7.190000	1.170000	0.000000	65.000000	21.000000	106	0.000000	0.000000	0.000000	0	0	0	
457609	1962	0.080000	8.160000	6.900000	1.160000	0.000000	65.000000	21.000000	106	0.000000	0.000000	0.000000	0	0	0	
457812	1969	0.080000	8.060000	6.790000	1.160000	0.000000	65.000000	21.000000	105	0.000000	0.000000	0.000000	0	0	0	
458016	1960	0.080000	8.040000	6.780000	1.150000	0.000000	65.000000	21.000000	72	0.000000	0.000000	0.000000	0	0	0	
458203	1972	0.080000	8.020000	6.760000	1.140000	0.000000	65.000000	21.000000	72	0.000000	0.000000	0.000000	0	0	0	
458406	1976	0.080000	7.910000	6.610000	1.150000	0.000000	65.000000	21.000000	73	0.000000	0.000000	0.000000	0	0	0	
458594	1976	0.080000	8.030000	6.700000	1.140000	0.000000	65.000000	21.000000	73	0.000000	0.000000	0.000000	0	0	0	
458766	1982	0.080000	7.960000	6.660000	1.150000	0.000000	65.000000	21.000000	73	0.000000	0.000000	0.000000	0	0	0	
458953	1992	0.080000	7.840000	6.540000	1.140000	0.000000	65.000000	21.000000	73	0.000000	0.000000	0.000000	0	0	0	
459156	1992	0.080000	7.880000	6.550000	1.150000	0.000000	65.000000	21.000000	73	0.000000	0.000000	0.000000	0	0	0	
459344	1988	0.080000	7.950000	6.680000	1.140000	0.000000	65.000000	21.000000	72	0.000000	0.000000	0.000000	0	0	0	
459531	2000	0.080000	8.050000	6.730000	1.150000	0.000000	65.000000	21.000000	72	0.000000	0.000000	0.000000	0	0	0	
459719	1999	0.080000	7.830000	6.500000	1.140000	0.000000	65.000000	21.000000	74	0.000000	0.000000	0.000000	0	0	0	
459922	2006	0.080000	7.920000	6.590000	1.140000	0.000000	65.000000	21.000000	73	0.000000	0.000000	0.000000	0	0	0	
460187	2003	0.080000	7.880000	6.550000	1.150000	0.000000	65.000000	21.000000	73	0.000000	0.000000	0.000000	0	0	0	
460375	2015	0.080000	7.070000	5.790000	1.130000	0.000000	65.000000	21.000000	73	0.000000	0.000000	0.000000	0	0	0	
460578	2019	0.080000	6.640000	5.470000	1.110000	0.000000	65.000000	21.000000	73	0.000000	0.000000	0.000000	0	0	0	
460766	2009	0.080000	6.480000	5.390000	1.090000	0.000000	65.000000	21.000000	72	0.000000	0.000000	0.000000	0	0	0	
460953	2018	0.080000	6.310000	5.240000	1.090000	0.000000	65.000000	21.000000	72	0.000000	0.000000	0.000000	0	0	0	
461125	2013	0.080000	6.230000	5.120000	1.090000	0.000000	65.000000	21.000000	71	0.000000	0.000000	0.000000	0	0	0	
461328	2020	0.080000	6.270000	5.160000	1.080000	0.000000	65.000000	21.000000	74	0.000000	0.000000	0.000000	0	0	0	
461516	2018	0.080000	6.410000	5.290000	1.080000	0.000000	65.000000	21.000000	74	0.000000	0.000000	0.000000	0	0	0	
461703	2019	0.080000	6.220000	5.130000	1.080000	0.000000	65.000000	21.000000	73	0.000000	0.000000	0.000000	0	0	0	
461891	2016	0.080000	6.220000	5.100000	1.090000	0.000000	65.000000	21.000000	72	0.000000	0.000000	0.000000	0	0	0	
462094	2019	0.080000	6.310000	5.240000	1.080000	0.000000	65.000000	21.000000	73	0.000000	0.000000	0.000000	0	0	0	
462281	2020	0.080000	6.290000	5.200000	1.080000	0.000000	65.000000	21.000000	72	0.000000	0.000000	0.000000	0	0	0	
462469	2016	0.080000	6.210000	5.140000	1.080000	0.000000	65.000000	21.000000	72	0.000000	0.000000	0.000000	0	0	0	
462656	2021	0.080000	6.200000	5.130000	1.080000	0.000000	65.000000	21.000000	106	0.000000	0.000000	0.000000	0	0	0	
462859	2014	0.080000	6.300000	5.210000	1.090000	0.000000	65.000000	21.000000	106	0.000000	0.000000	0.000000	0	0	0	
463062	2014	0.080000	6.220000	5.100000	1.080000	0.000000	65.000000	21.000000	73	0.000000	0.000000	0.000000	0	0	0	
463250	2023	0.080000	6.230000	5.130000	1.080000	0.000000	65.000000	21.000000	74	0.000000	0.000000	0.000000	0	0	0	
463453	2023	0.080000	6.310000	5.200000	1.080000	0.000000	65.000000	21.000000	73	0.000000	0.000000	0.000000	0	0	0	
463641	2024	0.080000	6.300000	5.190000	1.080000	0.000000	65.000000	21.000000	73	0.000000	0.000000	0.000000	0	0	0	
463828	2023	0.080000	6.230000	5.110000	1.080000	0.000000	65.000000	21.000000	74	0.000000	0.000000	0.000000	0	0	0	
464109	2026	0.080000	6.240000	5.170000	1.080000	0.000000	65.000000	21.000000	73	0.000000	0.000000	0.000000	0	0	0	
464297	2026	0.080000	6.290000	5.210000	1.080000	0.000000	65.000000	21.000000	74	0.000000	0.000000	0.000000	0	0	0	
464484	2026	0.080000	6.220000	5.150000	1.080000	0.000000	65.000000	21.000000	74	0.000000	0.000000	0.000000	0	0	0	
464656	2024	0.080000	6.300000	5.190000	1.080000	0.000000	65.000000	21.000000	73	0.000000	0.000000	0.000000	0	0	0	
464859	2024	0.080000	6.320000	5.210000	1.080000	0.000000	65.000000	21.000000	73	0.000000	0.000000	0.000000	0	0	0	
465047	2032	0.080000	6.220000	5.110000	1.080000	0.000000	65.000000	21.000000	73	0.000000	0.000000	0.000000	0	0	0	
465234	2028	0.080000	6.200000	5.130000	1.090000	0.000000	65.000000	21.000000	73	0.000000	0.000000	0.000000	0	0	0	
465422	2022	0.080000	6.280000	5.210000	1.090000	0.000000	65.000000	21.000000	73	0.000000	0.000000	0.000000	0	0	0	
465625	2026	0.080000	6.260000	5.150000	1.080000	0.000000	65.000000	21.000000	73	0.000000	0.000000	0.000000	0	0	0	
465812	2033	0.080000	6.210000	5.090000	1.080000	0.000000	65.000000	21.000000	71	0.000000	0.000000	0.000000	0	0	0	
466000	2024	0.080000	6.210000	5.140000	1.090000	0.000000	65.000000	21.000000	72	0.000000	0.000000	0.000000	0	0	0	
466187	2019	0.080000	6.250000	5.140000	1.080000	0.000000	65.000000	21.000000	72	0.000000	0.000000	0.000000	0	0	0	
466391	2026	0.080000	6.190000	5.070000	1.080000	0.000000	65.000000	21.000000	72	0.000000	0.000000	0.000000	0	0	0	
466578	2023	0.080000	6.160000	5.040000	1.080000	0.000000	65.000000	21.000000	72	0.000000	0.000000	0.000000	0	0	0	
466766	2023	0.080000	6.190000	5.070000	1.080000	0.000000	65.000000	21.000000	73	0.000000	0.000000	0.000000	0	0	0	
466969	2020	0.080000	6.230000	5.110000	1.080000	0.000000	65.000000	21.000000	73	0.000000	0.000000	0.000000	0	0	0	
467156	2026	0.080000	6.050000	4.960000	1.070000	0.000000	65.000000	21.000000	73	0.000000	0.000000	0.000000	0	0	0	
467344	2022	0.080000	6.090000	5.000000	1.080000	0.000000	65.000000	21.000000	73	0.000000	0.000000	0.000000	0	0	0	
467531	2016	0.080000	6.110000	5.020000	1.080000	0.000000	65.000000	21.000000	74	0.000000	0.000000	0.000000	0	0	0	
467734	2020	0.080000	6.080000	4.990000	1.070000	0.000000	65.000000	21.000000	74	0.000000	0.000000	0.000000	0	0	0	
468000	2019	0.080000	6.010000	4.920000	1.070000	0.000000	65.000000	21.000000	73	0.000000	0.000000	0.000000	0	0	0	
468187	2015	0.080000	6.110000	5.010000	1.080000	0.000000	65.000000	21.000000	73	0.000000	0.000000	0.000000	0	0	0	
468375	2020	0.080000	6.040000	4.950000	1.080000	0.000000	65.000000	21.000000	73	0.000000	0.000000	0.000000	0	0	0	
468578	2019	0.080000	6.100000	5.010000	1.070000	0.000000	65.000000	21.000000	73	0.000000	0.000000	0.000000	0	0	0	
468766	2018	0.080000	6.160000	5.040000	1.080000	0.000000	65.000000	21.000000	74	0.000000	0.000000	0.000000	0	0	0	
468953	2020	0.080000	6.250000	5.140000	1.080000	0.000000	65.000000	21.000000	73	0.000000	0.000000	0.000000	0	0	0	
469156	2010	0.080000	6.180000	5.060000	1.080000	0.000000	65.000000	21.000000	71	0.000000	0.000000	0.000000	0	0	0	
469344	2014	0.080000	6.150000	5.030000	1.080000	0.000000	65.000000	21.000000	72	0.000000	0.000000	0.000000	0	0	0	
469531	2018	0.080000	6.160000	5.040000	1.070000	0.000000	65.000000	21.000000	73	0.000000	0.000000	0.000000	0	0	0	
469719	2020	0.080000	6.210000	5.090000	1.080000	0.000000	65.000000	21.000000	72	0.000000	0.000000	0.000000	0	0	0	
469922	2012	0.080000	6.150000	5.030000	1.080000	0.000000	65.000000	21.000000	72	0.000000	0.000000	0.000000	0	0	0	
470109	2015	0.080000	6.180000	5.070000	1.080000	0.000000	65.000000	21.000000	73	0.000000	0.000000	0.000000	0	0	0	
470297	2016	0.080000	6.220000	5.110000	1.080000	0.000000	65.000000	21.000000	73	0.000000	0.000000	0.000000	0	0	0	
470484	2019	0.080000	6.180000	5.070000	1.080000	0.000000	65.000000	21.000000	72	0.000000	0.000000	0.000000	0	0	0	
470687	2014	0.080000	6.040000	4.950000	1.080000	0.000000	65.000000	21.000000	72	0.000000	0.000000	0.000000	0	0	0	
470891	2012	0.080000	6.090000	5.010000	1.070000	0.000000	65.000000	21.000000	73	0.000000	0.000000	0.000000	0	0	0	
471062	2011	0.080000	6.250000	5.110000	1.080000	0.000000	65.000000	21.000000	71	0.000000	0.000000	0.000000	0	0	0	
471250	2012	0.080000	6.210000	5.090000	1.080000	0.000000	65.000000	21.000000	73	0.000000	0.000000	0.000000	0	0	0	
471422	2008	0.080000	6.190000	5.070000	1.080000	0.000000	65.000000	21.000000	72	0.000000	0.000000	0.000000	0	0	0	
471594	2012	0.080000	6.200000	5.080000	1.070000	0.000000	65.000000	21.000000	74	0.000000	0.000000	0.000000	0	0	0	
471844	2015	0.080000	6.030000	4.930000	1.070000	0.000000	65.000000	21.000000	72	0.000000	0.000000	0.000000	0	0	0	
472047	2016	0.080000	6.020000	4.930000	1.080000	0.000000	65.000000	21.000000	73	0.000000	0.000000	0.000000	0	0	0	
472234	2012	0.080000	6.090000	5.000000	1.080000	0.000000	65.000000	21.000000	72	0.000000	0.000000	0.000000	0	0	0	
472422	2007	0.080000	6.170000	5.050000	1.070000	0.000000	65.000000	21.000000	72	0.000000	0.000000	0.000000	0	0	0	
472609	1999	0.080000	6.030000	4.940000	1.070000	0.000000	65.000000	21.000000	73	0.000000	0.000000	0.000000	0	0	0	
472812	2005	0.080000	6.070000	4.990000	1.070000	0.000000	65.000000	21.000000	73	0.000000	0.000000	0.000000	0	0	0	
473000	2004	0.080000	6.190000	5.060000	1.070000	0.000000	65.000000	21.000000	73	0.000000	0.000000	0.000000	0	0	0	
473187	1997	0.080000	6.150000	5.030000	1.080000	0.000000	65.000000	21.000000	72	0.000000	0.000000	0.000000	0	0	0	
473375	2010	0.080000	6.030000	4.940000	1.080000	0.000000	65.000000	21.000000	72	0.000000	0.000000	0.000000	0	0	0	
473578	2008	0.080000	6.100000	5.010000	1.070000	0.000000	65.000000	21.000000	73	0.000000	0.000000	0.000000	0	0	0	
473781	2008	0.080000	6.100000	5.010000	1.080000	0.000000	65.000000	21.000000	73	0.000000	0.000000	0.000000	0	0	0	
473969	1995	0.080000	6.040000	4.960000	1.080000	0.000000	65.000000	21.000000	74	0.000000	0.000000	0.000000	0	0	0	
474172	2000	0.080000	6.070000	4.960000	1.080000	0.000000	65.000000	21.000000	73	0.000000	0.000000	0.000000	0	0	0	
474359	2014	0.080000	6.150000	5.010000	1.080000	0.000000	65.000000	21.000000	72	0.000000	0.000000	0.000000	0	0	0	
474547	2006	0.080000	6.040000	4.950000	1.080000	0.000000	65.000000	21.000000	72	0.000000	0.000000	0.000000	0	0	0	
474734	2005	0.080000	6.030000	4.940000	1.070000	0.000000	65.000000	21.000000	72	0.000000	0.000000	0.000000	0	0	0	
474937	2008	0.080000	6.040000	4.950000	1.070000	0.000000	65.000000	21.000000	74	0.000000	0.000000	0.000000	0	0	0	
475125	1990	0.080000	5.900000	4.840000	1.070000	0.000000	65.000000	21.000000	74	0.000000	0.000000	0.000000	0	0	0	
475312	2003	0.080000	5.560000	4.480000	1.060000	0.000000	65.000000	21.000000	73	0.000000	0.000000	0.000000	0	0	0	
475516	2001	0.080000	5.180000	4.280000	1.050000	0.000000	65.000000	21.000000	124	0.000000	0.000000	0.000000	0	0	0	
475812	1989	0.080000	4.610000	3.830000	1.030000	0.000000	65.000000	21.000000	72	0.000000	0.000000	0.000000	0	0	0	
476000	1990	0.080000	4.530000	3.590000	1.020000	0.000000	65.000000	21.000000	91	0.000000	0.000000	0.000000	0	0	0	
476203	1992	0.080000	4.460000	3.510000	1.020000	0.000000	65.000000	21.000000	79	0.000000	0.000000	0.000000	0	0	0	
476422	1985	0.080000	4.300000	3.430000	1.030000	0.000000	65.000000	21.000000	251	0.000000	0.000000	0.000000	0	0	0	
476594	1974	0.080000	4.180000	3.400000	1.020000	0.000000	65.000000	21.000000	210	0.000000	0.000000	0.000000	0	0	0	
476797	1969	0.080000	4.390000	3.460000	1.020000	0.000000	65.000000	21.000000	75	0.000000	0.000000	0.000000	0	0	0	
477000	1966	0.080000	4.350000	3.450000	1.030000	0.000000	65.000000	21.000000	230	0.000000	0.000000	0.000000	0	0	0	
477187	1971	0.080000	4.550000	3.680000	1.030000	0.000000	65.000000	21.000000	74	0.000000	0.000000	0.000000	0	0	0	
477391	1963	0.080000	4.620000	3.870000	1.040000	0.000000	65.000000	21.000000	73	0.000000	0.000000	0.000000	0	0	0	
477578	1959	0.080000	4.820000	4.080000	1.060000	0.000000	65.000000	21.000000	243	0.000000	0.000000	0.000000	0	0	0	
477781	1955	0.080000	4.950000	4.160000	1.050000	0.000000	65.000000	21.000000	73	0.000000	0.000000	0.000000	0	0	0	
477953	1957	0.080000	5.080000	4.250000	1.060000	0.000000	65.000000	21.000000	87	0.000000	0.000000	0.000000	0	0	0	
478141	1948	0.080000	5.480000	4.440000	1.060000	0.000000	65.000000	21.000000	74	0.000000	0.000000	0.000000	0	0	0	
478328	1951	0.080000	5.670000	4.660000	1.080000	0.000000	65.000000	21.000000	73	0.000000	0.000000	0.000000	0	0	0	
478531	1953	0.080000	5.980000	4.920000	1.090000	0.000000	65.000000	21.000000	73	0.000000	0.000000	0.000000	0	0	0	
478719	1952	0.080000	6.040000	4.990000	1.090000	0.000000	65.000000	21.000000	72	0.000000	0.000000	0.000000	0	0	0	
478906	1953	0.080000	6.260000	5.210000	1.090000	0.000000	65.000000	21.000000	74	0.000000	0.000000	0.000000	0	0	0	
479094	1960	0.080000	6.580000	5.460000	1.100000	0.000000	65.000000	21.000000	72	0.000000	0.000000	0.000000	0	0	0	
479297	1970	0.080000	1.940000	0.880000	1.130000	0.000000	65.000000	21.000000	73	0.000000	0.000000	0.000000	0	0	0	
479484	1973	0.080000	9.650000	8.390000	1.200000	0.000000	65.000000	21.000000	72	0.000000	0.000000	0.000000	0	0	0	
479734	1960	0.080000	5.280000	4.420000	1.100000	0.000000	65.000000	21.000000	72	0.000000	0.000000	0.000000	0	0	0	
479937	1957	0.080000	4.550000	3.840000	1.060000	0.000000	65.000000	21.000000	76	0.000000	0.000000	0.000000	0	0	0	
480141	1945	0.080000	4.050000	3.290000	1.010000	0.000000	65.000000	21.000000	75	0.000000	0.000000	0.000000	0	0	0	
480344	1903	0.080000	4.180000	3.370000	1.010000	0.000000	65.000000	21.000000	254	0.000000	0.000000	0.000000	0	0	0	
480531	1943	0.080000	4.040000	3.280000	1.000000	0.000000	65.000000	21.000000	254	0.000000	0.000000	0.000000	0	0	0	
480750	1944	0.080000	3.540000	3.020000	1.000000	0.000000	65.000000	21.000000	254	0.000000	0.000000	0.000000	0	0	0	
480953	1911	0.080000	3.500000	3.000000	0.990000	0.000000	65.000000	21.000000	254	0.000000	0.000000	0.000000	0	0	0	
481141	1912	0.080000	3.560000	3.040000	0.990000	0.000000	65.000000	21.000000	254	0.000000	0.000000	0.000000	0	0	0	
481359	1920	0.080000	4.000000	3.260000	1.000000	0.000000	65.000000	21.000000	254	0.000000	0.000000	0.000000	0	0	0	
481562	1920	0.080000	4.330000	3.440000	1.010000	0.000000	65.000000	21.000000	243	0.000000	0.000000	0.000000	0	0	0	
481766	1951	0.080000	4.670000	3.910000	1.040000	0.000000	65.000000	21.000000	71	0.000000	0.000000	0.000000	0	0	0	
481953	1924	0.080000	5.810000	4.680000	1.050000	0.000000	65.000000	21.000000	73	0.000000	0.000000	0.000000	0	0	0	
482156	1914	0.080000	6.990000	5.640000	1.100000	0.000000	65.000000	21.000000	71	0.000000	0.000000	0.000000	0	0	0	
482344	1921	0.080000	6.890000	5.630000	1.110000	0.000000	65.000000	21.000000	72	0.000000	0.000000	0.000000	0	0	0	
482531	1907	0.080000	6.970000	5.670000	1.110000	0.000000	65.000000	21.000000	72	0.000000	0.000000	0.000000	0	0	0	
482734	1906	0.080000	6.910000	5.660000	1.110000	0.000000	65.000000	21.000000	74	0.000000	0.000000	0.000000	0	0	0	
482922	1916	0.080000	7.080000	5.730000	1.110000	0.000000	65.000000	21.000000	74	0.000000	0.000000	0.000000	0	0	0	
483094	1922	0.080000	7.010000	5.710000	1.110000	0.000000	65.000000	21.000000	72	0.000000	0.000000	0.000000	0	0	0	
483281	1911	0.080000	6.790000	5.570000	1.110000	0.000000	65.000000	21.000000	72	0.000000	0.000000	0.000000	0	0	0	
483484	1921	0.080000	6.900000	5.640000	1.110000	0.000000	65.000000	21.000000	72	0.000000	0.000000	0.000000	0	0	0	
483750	1911	0.080000	8.110000	6.790000	1.150000	0.000000	65.000000	21.000000	73	0.000000	0.000000	0.000000	0	0	0	
483937	1917	0.080000	8.190000	6.930000	1.160000	0.000000	65.000000	21.000000	72	0.000000	0.000000	0.000000	0	0	0	
484141	1931	0.080000	7.910000	6.640000	1.150000	0.000000	65.000000	21.000000	71	0.000000	0.000000	0.000000	0	0	0	
484328	1935	0.080000	7.900000	6.600000	1.140000	0.000000	65.000000	21.000000	73	0.000000	0.000000	0.000000	0	0	0	
484516	1931	0.080000	7.840000	6.520000	1.140000	0.000000	65.000000	21.000000	72	0.000000	0.000000	0.000000	0	0	0	
484703	1944	0.080000	7.620000	6.290000	1.140000	0.000000	65.000000	21.000000	72	0.000000	0.000000	0.000000	0	0	0	
484906	1942	0.080000	7.690000	6.300000	1.120000	0.000000	65.000000	21.000000	73	0.000000	0.000000	0.000000	0	0	0	
485094	1951	0.080000	7.640000	6.280000	1.130000	0.000000	65.000000	21.000000	72	0.000000	0.000000	0.000000	0	0	0	
485281	1949	0.080000	7.580000	6.190000	1.120000	0.000000	65.000000	21.000000	73	0.000000	0.000000	0.000000	0	0	0	
485469	1949	0.080000	7.650000	6.240000	1.130000	0.000000	65.000000	21.000000	71	0.000000	0.000000	0.000000	0	0	0	
485672	1954	0.080000	7.600000	6.240000	1.120000	0.000000	65.000000	21.000000	73	0.000000	0.000000	0.000000	0	0	0	
485859	1962	0.080000	7.580000	6.190000	1.130000	0.000000	65.000000	21.000000	71	0.000000	0.000000	0.000000	0	0	0	
486047	1962	0.080000	7.510000	6.100000	1.120000	0.000000	65.000000	21.000000	73	0.000000	0.000000	0.000000	0	0	0	
486234	1963	0.080000	7.480000	6.060000	1.120000	0.000000	65.000000	21.000000	73	0.000000	0.000000	0.000000	0	0	0	
486437	1966	0.080000	7.490000	6.070000	1.120000	0.000000	65.000000	21.000000	73	0.000000	0.000000	0.000000	0	0	0	
486625	1970	0.080000	7.450000	6.030000	1.120000	0.000000	65.000000	21.000000	72	0.000000	0.000000	0.000000	0	0	0	
486812	1981	0.080000	7.280000	5.880000	1.120000	0.000000	65.000000	21.000000	72	0.000000	0.000000	0.000000	0	0	0	
487016	1970	0.080000	7.450000	6.010000	1.120000	0.000000	65.000000	21.000000	73	0.000000	0.000000	0.000000	0	0	0	
487203	1983	0.080000	7.470000	6.030000	1.120000	0.000000	65.000000	21.000000	72	0.000000	0.000000	0.000000	0	0	0	
487391	1984	0.080000	7.100000	5.790000	1.110000	0.000000	65.000000	21.000000	74	0.000000	0.000000	0.000000	0	0	0	
487656	1990	0.080000	7.300000	5.880000	1.120000	0.000000	65.000000	21.000000	73	0.000000	0.000000	0.000000	0	0	0	
487859	1984	0.080000	6.460000	5.390000	1.090000	0.000000	65.000000	21.000000	73	0.000000	0.000000	0.000000	0	0	0	
488031	1979	0.080000	5.920000	4.860000	1.080000	0.000000	65.000000	21.000000	73	0.000000	0.000000	0.000000	0	0	0	
488219	1974	0.080000	5.720000	4.680000	1.070000	0.000000	65.000000	21.000000	73	0.000000	0.000000	0.000000	0	0	0	
488391	1982	0.080000	5.650000	4.580000	1.060000	0.000000	65.000000	21.000000	74	0.000000	0.000000	0.000000	0	0	0	
488609	1977	0.080000	5.450000	4.420000	1.060000	0.000000	65.000000	21.000000	73	0.000000	0.000000	0.000000	0	0	0	
488812	1964	0.080000	5.190000	4.280000	1.050000	0.000000	65.000000	21.000000	108	0.000000	0.000000	0.000000	0	0	0	
489000	1980	0.080000	5.180000	4.280000	1.060000	0.000000	65.000000	21.000000	79	0.000000	0.000000	0.000000	0	0	0	
489203	1980	0.080000	5.230000	4.310000	1.060000	0.000000	65.000000	21.000000	71	0.000000	0.000000	0.000000	0	0	0	
489391	1976	0.080000	5.160000	4.260000	1.050000	0.000000	65.000000	21.000000	74	0.000000	0.000000	0.000000	0	0	0	
489594	1984	0.080000	5.220000	4.290000	1.060000	0.000000	65.000000	21.000000	229	0.000000	0.000000	0.000000	0	0	0	
489797	1957	0.080000	5.300000	4.340000	1.050000	0.000000	65.000000	21.000000	73	0.000000	0.000000	0.000000	0	0	0	
490000	1963	0.080000	5.220000	4.290000	1.050000	0.000000	65.000000	21.000000	73	0.000000	0.000000	0.000000	0	0	0	
490187	1970	0.080000	5.170000	4.270000	1.060000	0.000000	65.000000	21.000000	234	0.000000	0.000000	0.000000	0	0	0	
490391	1961	0.080000	5.290000	4.330000	1.050000	0.000000	65.000000	21.000000	99	0.000000	0.000000	0.000000	0	0	0	
490609	1962	0.080000	5.240000	4.320000	1.050000	0.000000	65.000000	21.000000	73	0.000000	0.000000	0.000000	0	0	0	
490797	1957	0.080000	5.200000	4.280000	1.050000	0.000000	65.000000	21.000000	73	0.000000	0.000000	0.000000	0	0	0	
490984	1957	0.080000	5.250000	4.320000	1.050000	0.000000	65.000000	21.000000	74	0.000000	0.000000	0.000000	0	0	0	
491187	1953	0.080000	5.390000	4.390000	1.050000	0.000000	65.000000	21.000000	74	0.000000	0.000000	0.000000	0	0	0	
491391	1947	0.080000	5.250000	4.320000	1.050000	0.000000	65.000000	21.000000	72	0.000000	0.000000	0.000000	0	0	0	
491656	1948	0.080000	5.310000	4.330000	1.050000	0.000000	65.000000	21.000000	214	0.000000	0.000000	0.000000	0	0	0	
491844	1949	0.080000	5.360000	4.360000	1.060000	0.000000	65.000000	21.000000	73	0.000000	0.000000	0.000000	0	0	0	
492047	1949	0.080000	5.230000	4.300000	1.060000	0.000000	65.000000	21.000000	219	0.000000	0.000000	0.000000	0	0	0	
492250	1944	0.080000	5.220000	4.300000	1.060000	0.000000	65.000000	21.000000	72	0.000000	0.000000	0.000000	0	0	0	
492453	1944	0.080000	5.430000	4.410000	1.050000	0.000000	65.000000	21.000000	74	0.000000	0.000000	0.000000	0	0	0	
492641	1947	0.080000	5.420000	4.400000	1.060000	0.000000	65.000000	21.000000	248	0.000000	0.000000	0.000000	0	0	0	
492844	1945	0.080000	5.480000	4.430000	1.060000	0.000000	65.000000	21.000000	73	0.000000	0.000000	0.000000	0	0	0	
493031	1944	0.080000	5.580000	4.500000	1.050000	0.000000	65.000000	21.000000	72	0.000000	0.000000	0.000000	0	0	0	
493219	1946	0.080000	5.560000	4.490000	1.070000	0.000000	65.000000	21.000000	72	0.000000	0.000000	0.000000	0	0	0	
493406	1938	0.080000	5.440000	4.430000	1.070000	0.000000	65.000000	21.000000	73	0.000000	0.000000	0.000000	0	0	0	
493609	1936	0.080000	5.590000	4.470000	1.060000	0.000000	65.000000	21.000000	72	0.000000	0.000000	0.000000	0	0	0	
493797	1942	0.080000	5.610000	4.520000	1.060000	0.000000	65.000000	21.000000	72	0.000000	0.000000	0.000000	0	0	0	
493984	1928	0.080000	5.520000	4.450000	1.060000	0.000000	65.000000	21.000000	188	0.000000	0.000000	0.000000	0	0	0	
494187	1933	0.080000	5.470000	4.430000	1.060000	0.000000	65.000000	21.000000	72	0.000000	0.000000	0.000000	0	0	0	
494375	1928	0.080000	5.650000	4.540000	1.060000	0.000000	65.000000	21.000000	73	0.000000	0.000000	0.000000	0	0	0	
494562	1929	0.080000	5.570000	4.470000	1.060000	0.000000	65.000000	21.000000	73	0.000000	0.000000	0.000000	0	0	0	
494766	1928	0.080000	5.530000	4.460000	1.070000	0.000000	65.000000	21.000000	230	0.000000	0.000000	0.000000	0	0	0	
494984	1927	0.080000	5.630000	4.520000	1.070000	0.000000	65.000000	21.000000	72	0.000000	0.000000	0.000000	0	0	0	
495172	1927	0.080000	5.580000	4.480000	1.060000	0.000000	65.000000	21.000000	73	0.000000	0.000000	0.000000	0	0	0	
495375	1925	0.080000	5.510000	4.440000	1.060000	0.000000	65.000000	21.000000	159	0.000000	0.000000	0.000000	0	0	0	
495672	1922	0.080000	5.610000	4.520000	1.060000	0.000000	65.000000	21.000000	72	0.000000	0.000000	0.000000	0	0	0	
495859	1919	0.080000	5.580000	4.490000	1.060000	0.000000	65.000000	21.000000	235	0.000000	0.000000	0.000000	0	0	0	
496031	1913	0.080000	5.450000	4.400000	1.060000	0.000000	65.000000	21.000000	73	0.000000	0.000000	0.000000	0	0	0	
496219	1915	0.080000	4.890000	4.130000	1.050000	0.000000	65.000000	21.000000	73	0.000000	0.000000	0.000000	0	0	0	
496422	1911	0.080000	4.980000	4.160000	1.040000	0.000000	65.000000	21.000000	73	0.000000	0.000000	0.000000	0	0	0	
496625	1917	0.080000	4.980000	4.160000	1.050000	0.000000	65.000000	21.000000	74	0.000000	0.000000	0.000000	0	0	0	
496828	1913	0.080000	5.030000	4.190000	1.050000	0.000000	65.000000	21.000000	245	0.000000	0.000000	0.000000	0	0	0	
497031	1906	0.080000	5.050000	4.210000	1.050000	0.000000	65.000000	21.000000	74	0.000000	0.000000	0.000000	0	0	0	
497219	1901	0.080000	5.090000	4.220000	1.050000	0.000000	65.000000	21.000000	74	0.000000	0.000000	0.000000	0	0	0	
497406	1906	0.080000	5.100000	4.230000	1.040000	0.000000	65.000000	21.000000	254	0.000000	0.000000	0.000000	0	0	0	
497594	1910	0.080000	5.280000	4.290000	1.040000	0.000000	65.000000	21.000000	73	0.000000	0.000000	0.000000	0	0	0	
497797	1903	0.080000	5.240000	4.280000	1.050000	0.000000	65.000000	21.000000	249	0.000000	0.000000	0.000000	0	0	0	
497984	1895	0.080000	5.300000	4.310000	1.050000	0.000000	65.000000	21.000000	73	0.000000	0.000000	0.000000	0	0	0	
498187	1899	0.080000	5.370000	4.340000	1.050000	0.000000	65.000000	21.000000	80	0.000000	0.000000	0.000000	0	0	0	
498375	1892	0.080000	5.350000	4.290000	1.050000	0.000000	65.000000	21.000000	113	0.000000	0.000000	0.000000	0	0	0	
498578	1901	0.080000	5.210000	4.280000	1.050000	0.000000	65.000000	21.000000	73	0.000000	0.000000	0.000000	0	0	0	
498766	1897	0.080000	5.430000	4.380000	1.050000	0.000000	65.000000	21.000000	253	0.000000	0.000000	0.000000	0	0	0	
498969	1895	0.080000	5.360000	4.340000	1.050000	0.000000	65.000000	21.000000	74	0.000000	0.000000	0.000000	0	0	0	
499172	1885	0.080000	5.220000	4.270000	1.060000	0.000000	65.000000	21.000000	242	0.000000	0.000000	0.000000	0	0	0	
499359	1890	0.080000	5.420000	4.360000	1.060000	0.000000	65.000000	21.000000	73	0.000000	0.000000	0.000000	0	0	0	
499625	1888	0.080000	5.450000	4.400000	1.060000	0.000000	65.000000	21.000000	180	0.000000	0.000000	0.000000	0	0	0	
499812	1893	0.080000	5.320000	4.330000	1.060000	0.000000	65.000000	21.000000	106	0.000000	0.000000	0.000000	0	0	0	
500016	1891	0.080000	5.420000	4.380000	1.060000	0.000000	65.000000	21.000000	73	0.000000	0.000000	0.000000	0	0	0	
500203	1882	0.080000	5.410000	4.390000	1.060000	0.000000	65.000000	21.000000	81	0.000000	0.000000	0.000000	0	0	0	
500391	1887	0.080000	5.280000	4.320000	1.050000	0.000000	65.000000	21.000000	71	0.000000	0.000000	0.000000	0	0	0	
500594	1886	0.080000	5.360000	4.360000	1.060000	0.000000	65.000000	21.000000	72	0.000000	0.000000	0.000000	0	0	0	
500781	1895	0.080000	5.460000	4.410000	1.060000	0.000000	65.000000	21.000000	72	0.000000	0.000000	0.000000	0	0	0	
500984	1892	0.080000	5.590000	4.470000	1.060000	0.000000	65.000000	21.000000	73	0.000000	0.000000	0.000000	0	0	0	
501172	1884	0.080000	5.680000	4.570000	1.060000	0.000000	65.000000	21.000000	73	0.000000	0.000000	0.000000	0	0	0	
501359	1883	0.080000	5.690000	4.590000	1.060000	0.000000	65.000000	21.000000	73	0.000000	0.000000	0.000000	0	0	0	
501547	1891	0.080000	5.690000	4.590000	1.060000	0.000000	65.000000	21.000000	73	0.000000	0.000000	0.000000	0	0	0	
501734	1885	0.080000	5.660000	4.550000	1.060000	0.000000	65.000000	21.000000	74	0.000000	0.000000	0.000000	0	0	0	
501922	1882	0.080000	5.680000	4.600000	1.060000	0.000000	65.000000	21.000000	72	0.000000	0.000000	0.000000	0	0	0	
502125	1879	0.080000	5.810000	4.680000	1.060000	0.000000	65.000000	21.000000	72	0.000000	0.000000	0.000000	0	0	0	
502312	1885	0.080000	5.740000	4.650000	1.060000	0.000000	65.000000	21.000000	72	0.000000	0.000000	0.000000	0	0	0	
502500	1881	0.080000	5.800000	4.700000	1.060000	0.000000	65.000000	21.000000	72	0.000000	0.000000	0.000000	0	0	0	
502687	1884	0.080000	5.910000	4.790000	1.060000	0.000000	65.000000	21.000000	73	0.000000	0.000000	0.000000	0	0	0	
502891	1888	0.080000	5.810000	4.700000	1.070000	0.000000	65.000000	21.000000	73	0.000000	0.000000	0.000000	0	0	0	
503078	1885	0.080000	5.900000	4.760000	1.070000	0.000000	65.000000	21.000000	73	0.000000	0.000000	0.000000	0	0	0	
503266	1886	0.080000	6.100000	4.900000	1.070000	0.000000	65.000000	21.000000	72	0.000000	0.000000	0.000000	0	0	0	
503547	1888	0.080000	6.100000	4.890000	1.070000	0.000000	65.000000	21.000000	72	0.000000	0.000000	0.000000	0	0	0	
503750	1880	0.080000	6.110000	4.900000	1.080000	0.000000	65.000000	21.000000	72	0.000000	0.000000	0.000000	0	0	0	
503937	1889	0.080000	6.320000	5.130000	1.080000	0.000000	65.000000	21.000000	71	0.000000	0.000000	0.000000	0	0	0	
504125	1890	0.080000	7.170000	5.760000	1.100000	0.000000	65.000000	21.000000	72	0.000000	0.000000	0.000000	0	0	0	
504312	1886	0.080000	7.430000	5.940000	1.110000	0.000000	65.000000	21.000000	72	0.000000	0.000000	0.000000	0	0	0	
504516	1882	0.080000	7.520000	6.060000	1.110000	0.000000	65.000000	21.000000	72	0.000000	0.000000	0.000000	0	0	0	
504703	1897	0.080000	7.480000	6.010000	1.110000	0.000000	65.000000	21.000000	72	0.000000	0.000000	0.000000	0	0	0	
504891	1887	0.080000	7.500000	6.080000	1.120000	0.000000	65.000000	21.000000	74	0.000000	0.000000	0.000000	0	0	0	
505094	1904	0.080000	7.590000	6.150000	1.120000	0.000000	65.000000	21.000000	73	0.000000	0.000000	0.000000	0	0	0	
505281	1900	0.080000	7.540000	6.130000	1.110000	0.000000	65.000000	21.000000	72	0.000000	0.000000	0.000000	0	0	0	
505469	1909	0.080000	7.470000	6.030000	1.120000	0.000000	65.000000	21.000000	72	0.000000	0.000000	0.000000	0	0	0	
505656	1906	0.080000	7.330000	5.910000	1.110000	0.000000	65.000000	22.000000	71	0.000000	0.000000	0.000000	0	0	0	
505859	1921	0.080000	7.450000	5.990000	1.110000	0.000000	65.000000	21.000000	72	0.000000	0.000000	0.000000	0	0	0	
506047	1908	0.080000	7.340000	5.920000	1.110000	0.000000	65.000000	21.000000	73	0.000000	0.000000	0.000000	0	0	0	
506250	1912	0.080000	7.330000	5.910000	1.110000	0.000000	65.000000	21.000000	73	0.000000	0.000000	0.000000	0	0	0	
506437	1916	0.080000	7.430000	5.960000	1.110000	0.000000	65.000000	21.000000	72	0.000000	0.000000	0.000000	0	0	0	
506641	1917	0.080000	7.240000	5.860000	1.110000	0.000000	65.000000	21.000000	72	0.000000	0.000000	0.000000	0	0	0	
506828	1924	0.080000	7.180000	5.800000	1.110000	0.000000	65.000000	22.000000	73	0.000000	0.000000	0.000000	0	0	0	
507000	1934	0.080000	7.310000	5.890000	1.110000	0.000000	65.000000	22.000000	71	0.000000	0.000000	0.000000	0	0	0	
507187	1933	0.080000	7.300000	5.880000	1.110000	0.000000	65.000000	22.000000	73	0.000000	0.000000	0.000000	0	0	0	
507469	1927	0.080000	7.120000	5.780000	1.100000	0.000000	65.000000	22.000000	73	0.000000	0.000000	0.000000	0	0	0	
507656	1922	0.080000	7.200000	5.820000	1.110000	0.000000	65.000000	22.000000	71	0.000000	0.000000	0.000000	0	0	0	
507844	1942	0.080000	7.230000	5.850000	1.110000	0.000000	65.000000	21.000000	73	0.000000	0.000000	0.000000	0	0	0	
508047	1930	0.080000	7.140000	5.780000	1.110000	0.000000	65.000000	22.000000	72	0.000000	0.000000	0.000000	0	0	0	
508234	1936	0.080000	7.020000	5.770000	1.110000	0.000000	65.000000	22.000000	72	0.000000	0.000000	0.000000	0	0	0	
508422	1942	0.080000	7.230000	5.850000	1.110000	0.000000	65.000000	22.000000	73	0.000000	0.000000	0.000000	0	0	0	
508609	1935	0.080000	6.920000	5.670000	1.100000	0.000000	65.000000	22.000000	72	0.000000	0.000000	0.000000	0	0	0	
508812	1940	0.080000	6.080000	5.000000	1.080000	0.000000	65.000000	22.000000	73	0.000000	0.000000	0.000000	0	0	0	
509000	1945	0.080000	6.060000	4.910000	1.070000	0.000000	65.000000	22.000000	73	0.000000	0.000000	0.000000	0	0	0	
509172	1939	0.080000	5.880000	4.770000	1.070000	0.000000	65.000000	22.000000	72	0.000000	0.000000	0.000000	0	0	0	
509375	1942	0.080000	5.760000	4.690000	1.070000	0.000000	65.000000	22.000000	73	0.000000	0.000000	0.000000	0	0	0	
509562	1945	0.080000	5.730000	4.630000	1.060000	0.000000	65.000000	22.000000	72	0.000000	0.000000	0.000000	0	0	0	
509750	1945	0.080000	5.790000	4.700000	1.070000	0.000000	65.000000	22.000000	71	0.000000	0.000000	0.000000	0	0	0	
509937	1945	0.080000	5.700000	4.640000	1.060000	0.000000	65.000000	22.000000	75	0.000000	0.000000	0.000000	0	0	0	
510125	1944	0.080000	5.630000	4.580000	1.070000	0.000000	65.000000	22.000000	72	0.000000	0.000000	0.000000	0	0	0	
510297	1940	0.080000	5.730000	4.650000	1.060000	0.000000	65.000000	22.000000	73	0.000000	0.000000	0.000000	0	0	0	
510484	1942	0.080000	5.690000	4.650000	1.060000	0.000000	65.000000	22.000000	73	0.000000	0.000000	0.000000	0	0	0	
510672	1940	0.080000	1.920000	0.860000	1.150000	0.000000	65.000000	22.000000	73	0.000000	0.000000	0.000000	0	0	0	
510875	1938	0.080000	9.500000	8.240000	1.200000	0.000000	65.000000	22.000000	72	0.000000	0.000000	0.000000	0	0	0	
511062	1959	0.080000	8.900000	7.670000	1.190000	0.000000	65.000000	22.000000	72	0.000000	0.000000	0.000000	0	0	0	
511328	1960	0.080000	7.800000	6.520000	1.170000	0.000000	65.000000	22.000000	72	0.000000	0.000000	0.000000	0	0	0	
511531	1965	0.080000	7.400000	6.060000	1.130000	0.000000	65.000000	22.000000	74	0.000000	0.000000	0.000000	0	0	0	
511719	1969	0.080000	6.870000	5.660000	1.120000	0.000000	65.000000	22.000000	71	0.000000	0.000000	0.000000	0	0	0	
511906	1966	0.080000	6.390000	5.320000	1.100000	0.000000	65.000000	22.000000	74	0.000000	0.000000	0.000000	0	0	0	
512094	1966	0.080000	6.250000	5.190000	1.090000	0.000000	65.000000	22.000000	72	0.000000	0.000000	0.000000	0	0	0	
512297	1962	0.080000	6.480000	5.350000	1.090000	0.000000	65.000000	22.000000	73	0.000000	0.000000	0.000000	0	0	0	
512484	1975	0.080000	6.270000	5.200000	1.090000	0.000000	65.000000	22.000000	73	0.000000	0.000000	0.000000	0	0	0	
512672	1966	0.080000	6.260000	5.180000	1.090000	0.000000	65.000000	22.000000	72	0.000000	0.000000	0.000000	0	0	0	
512859	1964	0.080000	6.290000	5.230000	1.080000	0.000000	65.000000	22.000000	74	0.000000	0.000000	0.000000	0	0	0	
513062	1984	0.080000	6.390000	5.270000	1.080000	0.000000	65.000000	22.000000	72	0.000000	0.000000	0.000000	0	0	0	
513250	1978	0.080000	6.300000	5.220000	1.090000	0.000000	65.000000	22.000000	73	0.000000	0.000000	0.000000	0	0	0	
513437	1967	0.080000	6.290000	5.210000	1.090000	0.000000	65.000000	22.000000	73	0.000000	0.000000	0.000000	0	0	0	
513625	1973	0.080000	6.210000	5.090000	1.080000	0.000000	65.000000	22.000000	72	0.000000	0.000000	0.000000	0	0	0	
513828	1976	0.080000	6.090000	5.000000	1.070000	0.000000	65.000000	22.000000	217	0.000000	0.000000	0.000000	0	0	0	
514016	1980	0.080000	6.020000	4.930000	1.080000	0.000000	65.000000	22.000000	72	0.000000	0.000000	0.000000	0	0	0	
514203	1975	0.080000	6.070000	4.980000	1.080000	0.000000	65.000000	22.000000	72	0.000000	0.000000	0.000000	0	0	0	
514406	1969	0.080000	6.060000	4.980000	1.070000	0.000000	65.000000	22.000000	74	0.000000	0.000000	0.000000	0	0	0	
514594	1967	0.080000	5.990000	4.900000	1.070000	0.000000	65.000000	22.000000	73	0.000000	0.000000	0.000000	0	0	0	
514781	1974	0.080000	6.030000	4.940000	1.070000	0.000000	65.000000	22.000000	73	0.000000	0.000000	0.000000	0	0	0	
514969	1976	0.080000	6.050000	4.960000	1.070000	0.000000	65.000000	22.000000	72	0.000000	0.000000	0.000000	0	0	0	
515250	1972	0.080000	5.860000	4.830000	1.080000	0.000000	65.000000	22.000000	72	0.000000	0.000000	0.000000	0	0	0	
515422	1975	0.080000	5.990000	4.900000	1.070000	0.000000	65.000000	22.000000	204	0.000000	0.000000	0.000000	0	0	0	
515609	1974	0.080000	6.070000	4.980000	1.070000	0.000000	65.000000	22.000000	73	0.000000	0.000000	0.000000	0	0	0	
515797	1966	0.080000	6.060000	4.980000	1.080000	0.000000	65.000000	22.000000	73	0.000000	0.000000	0.000000	0	0	0	
516000	1971	0.080000	5.980000	4.880000	1.080000	0.000000	65.000000	22.000000	73	0.000000	0.000000	0.000000	0	0	0	
516187	1970	0.080000	6.000000	4.910000	1.070000	0.000000	65.000000	22.000000	72	0.000000	0.000000	0.000000	0	0	0	
516375	1969	0.080000	6.080000	4.990000	1.070000	0.000000	65.000000	22.000000	74	0.000000	0.000000	0.000000	0	0	0	
516578	1973	0.080000	5.970000	4.880000	1.080000	0.000000	65.000000	22.000000	72	0.000000	0.000000	0.000000	0	0	0	
516766	1974	0.080000	5.970000	4.870000	1.070000	0.000000	65.000000	22.000000	73	0.000000	0.000000	0.000000	0	0	0	
516969	1972	0.080000	6.030000	4.940000	1.080000	0.000000	65.000000	22.000000	72	0.000000	0.000000	0.000000	0	0	0	
517156	1966	0.080000	6.020000	4.930000	1.070000	0.000000	65.000000	22.000000	72	0.000000	0.000000	0.000000	0	0	0	
517359	1966	0.080000	5.850000	4.820000	1.070000	0.000000	65.000000	22.000000	74	0.000000	0.000000	0.000000	0	0	0	
517547	1968	0.080000	6.010000	4.870000	1.070000	0.000000	65.000000	22.000000	71	0.000000	0.000000	0.000000	0	0	0	
517734	1964	0.080000	6.040000	4.910000	1.070000	0.000000	65.000000	22.000000	72	0.000000	0.000000	0.000000	0	0	0	
517922	1964	0.080000	6.010000	4.880000	1.070000	0.000000	65.000000	22.000000	72	0.000000	0.000000	0.000000	0	0	0	
518125	1967	0.080000	5.870000	4.850000	1.070000	0.000000	65.000000	22.000000	72	0.000000	0.000000	0.000000	0	0	0	
518312	1970	0.080000	6.060000	4.940000	1.070000	0.000000	65.000000	22.000000	73	0.000000	0.000000	0.000000	0	0	0	
518500	1970	0.080000	6.040000	4.920000	1.070000	0.000000	65.000000	22.000000	72	0.000000	0.000000	0.000000	0	0	0	
518703	1964	0.080000	5.880000	4.820000	1.070000	0.000000	65.000000	22.000000	73	0.000000	0.000000	0.000000	0	0	0	
518891	1969	0.080000	6.030000	4.900000	1.070000	0.000000	65.000000	22.000000	254	0.000000	0.000000	0.000000	0	0	0	
519156	1969	0.080000	6.050000	4.920000	1.070000	0.000000	65.000000	22.000000	72	0.000000	0.000000	0.000000	0	0	0	
519344	1964	0.080000	5.990000	4.860000	1.070000	0.000000	65.000000	22.000000	74	0.000000	0.000000	0.000000	0	0	0	
519547	1969	0.080000	6.070000	5.040000	1.080000	0.000000	65.000000	22.000000	71	0.000000	0.000000	0.000000	0	0	0	
519719	1966	0.080000	6.310000	5.210000	1.080000	0.000000	65.000000	22.000000	72	0.000000	0.000000	0.000000	0	0	0	
519906	1972	0.080000	6.330000	5.250000	1.080000	0.000000	65.000000	22.000000	73	0.000000	0.000000	0.000000	0	0	0	
520094	1972	0.080000	6.240000	5.130000	1.080000	0.000000	65.000000	22.000000	72	0.000000	0.000000	0.000000	0	0	0	
520297	1970	0.080000	6.150000	5.030000	1.070000	0.000000	65.000000	22.000000	73	0.000000	0.000000	0.000000	0	0	0	
520484	1975	0.080000	6.060000	4.970000	1.080000	0.000000	65.000000	22.000000	71	0.000000	0.000000	0.000000	0	0	0	
520672	1964	0.080000	5.980000	4.880000	1.070000	0.000000	65.000000	22.000000	73	0.000000	0.000000	0.000000	0	0	0	
520875	1974	0.080000	5.950000	4.860000	1.070000	0.000000	65.000000	22.000000	72	0.000000	0.000000	0.000000	0	0	0	
521062	1972	0.080000	6.010000	4.880000	1.070000	0.000000	65.000000	22.000000	72	0.000000	0.000000	0.000000	0	0	0	
521250	1976	0.080000	5.980000	4.880000	1.060000	0.000000	65.000000	22.000000	73	0.000000	0.000000	0.000000	0	0	0	
521422	1982	0.080000	5.880000	4.810000	1.070000	0.000000	65.000000	22.000000	73	0.000000	0.000000	0.000000	0	0	0	
521625	1990	0.080000	5.950000	4.850000	1.070000	0.000000	65.000000	22.000000	74	0.000000	0.000000	0.000000	0	0	0	
521812	1982	0.080000	6.000000	4.910000	1.080000	0.000000	65.000000	22.000000	73	0.000000	0.000000	0.000000	0	0	0	
522000	1978	0.080000	5.960000	4.860000	1.070000	0.000000	65.000000	22.000000	72	0.000000	0.000000	0.000000	0	0	0	
522187	1978	0.080000	5.860000	4.840000	1.070000	0.000000	65.000000	22.000000	74	0.000000	0.000000	0.000000	0	0	0	
522391	1971	0.080000	6.030000	4.940000	1.070000	0.000000	65.000000	22.000000	74	0.000000	0.000000	0.000000	0	0	0	
522578	1953	0.080000	6.050000	4.940000	1.080000	0.000000	65.000000	22.000000	72	0.000000	0.000000	0.000000	0	0	0	
522766	1968	0.080000	5.950000	4.860000	1.080000	0.000000	65.000000	22.000000	73	0.000000	0.000000	0.000000	0	0	0	
523047	1969	0.080000	6.060000	4.940000	1.070000	0.000000	65.000000	22.000000	72	0.000000	0.000000	0.000000	0	0	0	
523234	1960	0.080000	6.060000	4.980000	1.070000	0.000000	65.000000	22.000000	74	0.000000	0.000000	0.000000	0	0	0	
523422	1980	0.080000	6.010000	4.920000	1.070000	0.000000	65.000000	22.000000	74	0.000000	0.000000	0.000000	0	0	0	
523609	1968	0.080000	6.000000	4.910000	1.070000	0.000000	65.000000	22.000000	72	0.000000	0.000000	0.000000	0	0	0	
523812	1972	0.080000	6.070000	4.990000	1.070000	0.000000	65.000000	22.000000	73	0.000000	0.000000	0.000000	0	0	0	
524000	1972	0.080000	6.010000	4.880000	1.070000	0.000000	65.000000	22.000000	249	0.000000	0.000000	0.000000	0	0	0	
524187	1973	0.080000	6.020000	4.890000	1.070000	0.000000	65.000000	22.000000	73	0.000000	0.000000	0.000000	0	0	0	
524391	1970	0.080000	6.060000	4.970000	1.080000	0.000000	65.000000	22.000000	72	0.000000	0.000000	0.000000	0	0	0	
524609	1977	0.080000	6.040000	4.950000	1.070000	0.000000	65.000000	22.000000	246	0.000000	0.000000	0.000000	0	0	0	
524797	1969	0.080000	5.990000	4.890000	1.070000	0.000000	65.000000	22.000000	73	0.000000	0.000000	0.000000	0	0	0	
524984	1965	0.080000	6.010000	4.920000	1.080000	0.000000	65.000000	22.000000	72	0.000000	0.000000	0.000000	0	0	0	
525187	1966	0.080000	6.020000	4.930000	1.070000	0.000000	65.000000	22.000000	72	0.000000	0.000000	0.000000	0	0	0	
525391	1973	0.080000	6.020000	4.900000	1.070000	0.000000	65.000000	22.000000	71	0.000000	0.000000	0.000000	0	0	0	
525578	1971	0.080000	5.820000	4.790000	1.080000	0.000000	65.000000	22.000000	251	0.000000	0.000000	0.000000	0	0	0	
525766	1980	0.080000	6.010000	4.880000	1.070000	0.000000	65.000000	22.000000	73	0.000000	0.000000	0.000000	0	0	0	
525969	1973	0.080000	5.940000	4.850000	1.070000	0.000000	65.000000	22.000000	73	0.000000	0.000000	0.000000	0	0	0	
526172	1977	0.080000	5.880000	4.820000	1.070000	0.000000	65.000000	22.000000	73	0.000000	0.000000	0.000000	0	0	0	
526375	1987	0.080000	5.830000	4.770000	1.070000	0.000000	65.000000	22.000000	73	0.000000	0.000000	0.000000	0	0	0	
526578	1988	0.080000	5.870000	4.810000	1.070000	0.000000	65.000000	22.000000	78	0.000000	0.000000	0.000000	0	0	0	
526766	1988	0.080000	5.830000	4.760000	1.070000	0.000000	65.000000	22.000000	71	0.000000	0.000000	0.000000	0	0	0	
527031	1988	0.080000	5.810000	4.740000	1.060000	0.000000	65.000000	22.000000	72	0.000000	0.000000	0.000000	0	0	0	
527219	1990	0.080000	5.870000	4.790000	1.060000	0.000000	65.000000	22.000000	72	0.000000	0.000000	0.000000	0	0	0	
527422	1987	0.080000	5.780000	4.700000	1.070000	0.000000	65.000000	22.000000	74	0.000000	0.000000	0.000000	0	0	0	
527609	1983	0.080000	5.710000	4.670000	1.070000	0.000000	65.000000	22.000000	72	0.000000	0.000000	0.000000	0	0	0	
527797	1982	0.080000	5.810000	4.720000	1.070000	0.000000	65.000000	22.000000	72	0.000000	0.000000	0.000000	0	0	0	
527984	1980	0.080000	5.820000	4.730000	1.060000	0.000000	65.000000	22.000000	72	0.000000	0.000000	0.000000	0	0	0	
528172	1975	0.080000	5.790000	4.700000	1.070000	0.000000	65.000000	22.000000	72	0.000000	0.000000	0.000000	0	0	0	
528359	1982	0.080000	5.820000	4.750000	1.070000	0.000000	65.000000	22.000000	73	0.000000	0.000000	0.000000	0	0	0	
528562	1982	0.080000	5.880000	4.810000	1.070000	0.000000	65.000000	22.000000	72	0.000000	0.000000	0.000000	0	0	0	
528766	1979	0.080000	5.830000	4.760000	1.070000	0.000000	65.000000	22.000000	72	0.000000	0.000000	0.000000	0	0	0	
528953	1976	0.080000	5.810000	4.740000	1.070000	0.000000	65.000000	22.000000	73	0.000000	0.000000	0.000000	0	0	0	
529141	1974	0.080000	5.850000	4.790000	1.070000	0.000000	65.000000	22.000000	73	0.000000	0.000000	0.000000	0	0	0	
529344	1968	0.080000	5.870000	4.810000	1.070000	0.000000	65.000000	22.000000	78	0.000000	0.000000	0.000000	0	0	0	
529562	1972	0.080000	5.810000	4.740000	1.070000	0.000000	65.000000	22.000000	73	0.000000	0.000000	0.000000	0	0	0	
529750	1958	0.080000	5.870000	4.810000	1.070000	0.000000	65.000000	22.000000	73	0.000000	0.000000	0.000000	0	0	0	
529937	1953	0.080000	6.050000	4.920000	1.070000	0.000000	65.000000	22.000000	73	0.000000	0.000000	0.000000	0	0	0	
530141	1968	0.080000	5.950000	4.860000	1.070000	0.000000	65.000000	22.000000	73	0.000000	0.000000	0.000000	0	0	0	
530328	1966	0.080000	5.960000	4.860000	1.080000	0.000000	65.000000	22.000000	72	0.000000	0.000000	0.000000	0	0	0	
530516	1957	0.080000	6.040000	4.920000	1.070000	0.000000	65.000000	22.000000	73	0.000000	0.000000	0.000000	0	0	0	
530703	1950	0.080000	6.060000	4.970000	1.080000	0.000000	65.000000	22.000000	72	0.000000	0.000000	0.000000	0	0	0	
530984	1953	0.080000	6.020000	4.930000	1.070000	0.000000	65.000000	22.000000	73	0.000000	0.000000	0.000000	0	0	0	
531187	1950	0.080000	6.050000	4.960000	1.070000	0.000000	65.000000	22.000000	211	0.000000	0.000000	0.000000	0	0	0	
531391	1949	0.080000	6.070000	4.980000	1.070000	0.000000	65.000000	22.000000	74	0.000000	0.000000	0.000000	0	0	0	
531594	1957	0.080000	5.960000	4.870000	1.080000	0.000000	65.000000	22.000000	73	0.000000	0.000000	0.000000	0	0	0	
531781	1951	0.080000	6.070000	4.950000	1.070000	0.000000	65.000000	22.000000	73	0.000000	0.000000	0.000000	0	0	0	
531969	1945	0.080000	6.160000	5.000000	1.070000	0.000000	65.000000	22.000000	72	0.000000	0.000000	0.000000	0	0	0	
532156	1938	0.080000	6.090000	4.960000	1.070000	0.000000	65.000000	22.000000	74	0.000000	0.000000	0.000000	0	0	0	
532359	1936	0.080000	6.130000	4.990000	1.080000	0.000000	65.000000	22.000000	72	0.000000	0.000000	0.000000	0	0	0	
532531	1934	0.080000	6.220000	5.060000	1.070000	0.000000	65.000000	22.000000	73	0.000000	0.000000	0.000000	0	0	0	
532719	1932	0.080000	6.220000	5.040000	1.070000	0.000000	65.000000	22.000000	73	0.000000	0.000000	0.000000	0	0	0	
532906	1928	0.080000	6.150000	5.010000	1.080000	0.000000	65.000000	22.000000	72	0.000000	0.000000	0.000000	0	0	0	
533109	1923	0.080000	6.240000	5.080000	1.080000	0.000000	65.000000	22.000000	72	0.000000	0.000000	0.000000	0	0	0	
533297	1922	0.080000	6.250000	5.100000	1.080000	0.000000	65.000000	22.000000	73	0.000000	0.000000	0.000000	0	0	0	
533484	1926	0.080000	6.220000	5.060000	1.080000	0.000000	65.000000	22.000000	73	0.000000	0.000000	0.000000	0	0	0	
533672	1921	0.080000	6.210000	5.050000	1.080000	0.000000	65.000000	22.000000	71	0.000000	0.000000	0.000000	0	0	0	
533875	1919	0.080000	6.290000	5.140000	1.070000	0.000000	65.000000	22.000000	73	0.000000	0.000000	0.000000	0	0	0	
534047	1921	0.080000	6.310000	5.160000	1.070000	0.000000	65.000000	22.000000	73	0.000000	0.000000	0.000000	0	0	0	
534234	1920	0.080000	6.260000	5.110000	1.070000	0.000000	65.000000	22.000000	73	0.000000	0.000000	0.000000	0	0	0	
534437	1919	0.080000	6.300000	5.150000	1.080000	0.000000	65.000000	22.000000	71	0.000000	0.000000	0.000000	0	0	0	
534625	1917	0.080000	6.310000	5.160000	1.080000	0.000000	65.000000	22.000000	73	0.000000	0.000000	0.000000	0	0	0	
534891	1911	0.080000	6.310000	5.160000	1.080000	0.000000	65.000000	22.000000	73	0.000000	0.000000	0.000000	0	0	0	
535078	1918	0.080000	6.370000	5.230000	1.080000	0.000000	65.000000	22.000000	73	0.000000	0.000000	0.000000	0	0	0	
535281	1913	0.080000	6.330000	5.180000	1.080000	0.000000	65.000000	22.000000	72	0.000000	0.000000	0.000000	0	0	0	
535469	1911	0.080000	6.270000	5.120000	1.080000	0.000000	65.000000	22.000000	73	0.000000	0.000000	0.000000	0	0	0	
535656	1902	0.080000	6.340000	5.190000	1.080000	0.000000	65.000000	22.000000	73	0.000000	0.000000	0.000000	0	0	0	
535828	1907	0.080000	6.390000	5.260000	1.080000	0.000000	65.000000	22.000000	73	0.000000	0.000000	0.000000	0	0	0	
536031	1906	0.080000	6.330000	5.180000	1.080000	0.000000	65.000000	22.000000	72	0.000000	0.000000	0.000000	0	0	0	
536219	1907	0.080000	6.330000	5.180000	1.080000	0.000000	65.000000	22.000000	71	0.000000	0.000000	0.000000	0	0	0	
536406	1908	0.080000	6.400000	5.260000	1.080000	0.000000	65.000000	22.000000	72	0.000000	0.000000	0.000000	0	0	0	
536609	1909	0.080000	6.470000	5.310000	1.090000	0.000000	65.000000	22.000000	73	0.000000	0.000000	0.000000	0	0	0	
536797	1901	0.080000	6.390000	5.250000	1.080000	0.000000	65.000000	22.000000	73	0.000000	0.000000	0.000000	0	0	0	
536984	1900	0.080000	6.490000	5.310000	1.070000	0.000000	65.000000	22.000000	73	0.000000	0.000000	0.000000	0	0	0	
537172	1891	0.080000	6.470000	5.330000	1.080000	0.000000	65.000000	22.000000	253	0.000000	0.000000	0.000000	0	0	0	
537375	1910	0.080000	6.280000	5.140000	1.080000	0.000000	65.000000	22.000000	72	0.000000	0.000000	0.000000	0	0	0	
537562	1894	0.080000	6.260000	5.110000	1.080000	0.000000	65.000000	22.000000	156	0.000000	0.000000	0.000000	0	0	0	
537750	1898	0.080000	6.270000	5.120000	1.070000	0.000000	65.000000	22.000000	72	0.000000	0.000000	0.000000	0	0	0	
537937	1897	0.080000	6.220000	5.070000	1.080000	0.000000	65.000000	22.000000	73	0.000000	0.000000	0.000000	0	0	0	
538141	1898	0.080000	6.200000	5.040000	1.070000	0.000000	65.000000	22.000000	73	0.000000	0.000000	0.000000	0	0	0	
538328	1898	0.080000	6.240000	5.080000	1.070000	0.000000	65.000000	22.000000	73	0.000000	0.000000	0.000000	0	0	0	
538516	1898	0.080000	6.130000	5.010000	1.070000	0.000000	65.000000	22.000000	73	0.000000	0.000000	0.000000	0	0	0	
538812	1896	0.080000	6.130000	4.970000	1.070000	0.000000	65.000000	22.000000	72	0.000000	0.000000	0.000000	0	0	0	
539016	1904	0.080000	6.100000	4.960000	1.070000	0.000000	65.000000	22.000000	254	0.000000	0.000000	0.000000	0	0	0	
539203	1892	0.080000	6.010000	4.880000	1.070000	0.000000	65.000000	22.000000	72	0.000000	0.000000	0.000000	0	0	0	
539391	1890	0.080000	6.090000	4.890000	1.080000	0.000000	65.000000	22.000000	73	0.000000	0.000000	0.000000	0	0	0	
539609	1881	0.080000	6.150000	5.010000	1.070000	0.000000	65.000000	22.000000	72	0.000000	0.000000	0.000000	0	0	0	
539812	1889	0.080000	6.130000	4.920000	1.070000	0.000000	65.000000	22.000000	71	0.000000	0.000000	0.000000	0	0	0	
540000	1890	0.080000	6.000000	4.870000	1.080000	0.000000	65.000000	22.000000	194	0.000000	0.000000	0.000000	0	0	0	
540203	1890	0.080000	6.150000	4.990000	1.070000	0.000000	65.000000	22.000000	73	0.000000	0.000000	0.000000	0	0	0	
540391	1888	0.080000	6.130000	4.970000	1.070000	0.000000	65.000000	22.000000	73	0.000000	0.000000	0.000000	0	0	0	
540578	1888	0.080000	6.070000	4.860000	1.070000	0.000000	65.000000	22.000000	73	0.000000	0.000000	0.000000	0	0	0	
540766	1892	0.080000	6.150000	4.950000	1.070000	0.000000	65.000000	22.000000	74	0.000000	0.000000	0.000000	0	0	0	
540969	1885	0.080000	6.170000	4.970000	1.070000	0.000000	65.000000	22.000000	72	0.000000	0.000000	0.000000	0	0	0	
541156	1880	0.080000	6.050000	4.880000	1.070000	0.000000	65.000000	22.000000	77	0.000000	0.000000	0.000000	0	0	0	
541344	1887	0.080000	6.150000	4.950000	1.070000	0.000000	65.000000	22.000000	73	0.000000	0.000000	0.000000	0	0	0	
541531	1881	0.080000	6.150000	4.970000	1.070000	0.000000	65.000000	22.000000	246	0.000000	0.000000	0.000000	0	0	0	
541734	1880	0.080000	6.070000	4.900000	1.070000	0.000000	65.000000	22.000000	72	0.000000	0.000000	0.000000	0	0	0	
541922	1874	0.080000	6.080000	4.870000	1.070000	0.000000	65.000000	22.000000	72	0.000000	0.000000	0.000000	0	0	0	
542109	1878	0.080000	6.150000	4.990000	1.070000	0.000000	65.000000	22.000000	73	0.000000	0.000000	0.000000	0	0	0	
542312	1873	0.080000	6.130000	4.970000	1.070000	0.000000	65.000000	22.000000	72	0.000000	0.000000	0.000000	0	0	0	
542484	1870	0.080000	6.110000	4.950000	1.080000	0.000000	65.000000	22.000000	72	0.000000	0.000000	0.000000	0	0	0	
542734	1869	0.080000	6.150000	4.990000	1.070000	0.000000	65.000000	22.000000	73	0.000000	0.000000	0.000000	0	0	0	
542906	1863	0.080000	6.150000	4.990000	1.070000	0.000000	65.000000	22.000000	73	0.000000	0.000000	0.000000	0	0	0	
543078	1866	0.080000	6.080000	4.920000	1.070000	0.000000	65.000000	22.000000	73	0.000000	0.000000	0.000000	0	0	0	
543266	1857	0.080000	6.160000	4.980000	1.070000	0.000000	65.000000	22.000000	73	0.000000	0.000000	0.000000	0	0	0	
543453	1855	0.080000	6.240000	5.040000	1.080000	0.000000	65.000000	22.000000	73	0.000000	0.000000	0.000000	0	0	0	
543641	1859	0.080000	6.150000	4.970000	1.080000	0.000000	65.000000	22.000000	71	0.000000	0.000000	0.000000	0	0	0	
543844	1857	0.080000	6.120000	4.990000	1.080000	0.000000	65.000000	22.000000	72	0.000000	0.000000	0.000000	0	0	0	
544031	1859	0.080000	6.240000	5.050000	1.080000	0.000000	65.000000	22.000000	254	0.000000	0.000000	0.000000	0	0	0	
544219	1856	0.080000	6.270000	5.070000	1.070000	0.000000	65.000000	22.000000	73	0.000000	0.000000	0.000000	0	0	0	
544422	1857	0.080000	6.150000	4.990000	1.070000	0.000000	65.000000	22.000000	73	0.000000	0.000000	0.000000	0	0	0	
544641	1853	0.080000	6.270000	5.080000	1.080000	0.000000	65.000000	22.000000	73	0.000000	0.000000	0.000000	0	0	0	
544844	1853	0.080000	6.270000	5.080000	1.080000	0.000000	65.000000	22.000000	72	0.000000	0.000000	0.000000	0	0	0	
545031	1853	0.080000	6.220000	5.030000	1.080000	0.000000	65.000000	22.000000	72	0.000000	0.000000	0.000000	0	0	0	
545234	1860	0.080000	6.260000	5.070000	1.080000	0.000000	65.000000	22.000000	72	0.000000	0.000000	0.000000	0	0	0	
545422	1853	0.080000	6.290000	5.080000	1.070000	0.000000	65.000000	22.000000	72	0.000000	0.000000	0.000000	0	0	0	
545609	1850	0.080000	6.250000	5.060000	1.080000	0.000000	65.000000	22.000000	72	0.000000	0.000000	0.000000	0	0	0	
545797	1849	0.080000	6.280000	5.090000	1.070000	0.000000	65.000000	22.000000	73	0.000000	0.000000	0.000000	0	0	0	
546000	1855	0.080000	6.340000	5.130000	1.080000	0.000000	65.000000	22.000000	73	0.000000	0.000000	0.000000	0	0	0	
546203	1849	0.080000	6.240000	5.040000	1.080000	0.000000	65.000000	22.000000	71	0.000000	0.000000	0.000000	0	0	0	
546406	1833	0.080000	6.260000	5.070000	1.070000	0.000000	65.000000	22.000000	72	0.000000	0.000000	0.000000	0	0	0	
546687	1864	0.080000	6.270000	5.080000	1.080000	0.000000	65.000000	22.000000	73	0.000000	0.000000	0.000000	0	0	0	
546875	1841	0.080000	6.240000	5.050000	1.070000	0.000000	65.000000	22.000000	73	0.000000	0.000000	0.000000	0	0	0	
547062	1844	0.080000	6.300000	5.110000	1.080000	0.000000	65.000000	22.000000	73	0.000000	0.000000	0.000000	0	0	0	
547250	1853	0.080000	6.320000	5.130000	1.080000	0.000000	65.000000	22.000000	71	0.000000	0.000000	0.000000	0	0	0	
547453	1859	0.080000	6.150000	4.990000	1.080000	0.000000	65.000000	22.000000	73	0.000000	0.000000	0.000000	0	0	0	
547641	1852	0.080000	6.240000	5.050000	1.080000	0.000000	65.000000	22.000000	72	0.000000	0.000000	0.000000	0	0	0	
547828	1848	0.080000	6.330000	5.120000	1.070000	0.000000	65.000000	22.000000	73	0.000000	0.000000	0.000000	0	0	0	
548031	1855	0.080000	6.140000	4.980000	1.080000	0.000000	65.000000	22.000000	74	0.000000	0.000000	0.000000	0	0	0	
548219	1861	0.080000	5.930000	4.830000	1.070000	0.000000	65.000000	22.000000	73	0.000000	0.000000	0.000000	0	0	0	
548406	1850	0.080000	5.440000	4.390000	1.050000	0.000000	65.000000	22.000000	129	0.000000	0.000000	0.000000	0	0	0	
548594	1845	0.080000	4.860000	4.080000	1.050000	0.000000	65.000000	22.000000	197	0.000000	0.000000	0.000000	0	0	0	
548812	1854	0.080000	4.680000	3.950000	1.030000	0.000000	65.000000	22.000000	254	0.000000	0.000000	0.000000	0	0	0	
549000	1851	0.080000	4.700000	3.940000	1.030000	0.000000	65.000000	22.000000	72	0.000000	0.000000	0.000000	0	0	0	
549203	1847	0.080000	4.660000	3.870000	1.030000	0.000000	65.000000	22.000000	254	0.000000	0.000000	0.000000	0	0	0	
549375	1846	0.080000	4.540000	3.720000	1.030000	0.000000	65.000000	22.000000	220	0.000000	0.000000	0.000000	0	0	0	
549578	1840	0.080000	4.460000	3.570000	1.010000	0.000000	65.000000	22.000000	254	0.000000	0.000000	0.000000	0	0	0	
549781	1847	0.080000	4.180000	3.380000	1.020000	0.000000	65.000000	22.000000	250	0.000000	0.000000	0.000000	0	0	0	
549984	1843	0.080000	4.050000	3.320000	1.010000	0.000000	65.000000	22.000000	240	0.000000	0.000000	0.000000	0	0	0	
550203	1820	0.080000	4.020000	3.290000	1.010000	0.000000	65.000000	22.000000	254	0.000000	0.000000	0.000000	0	0	0	
550391	1843	0.080000	3.970000	3.280000	1.010000	0.000000	65.000000	22.000000	76	0.000000	0.000000	0.000000	0	0	0	
550656	1822	0.080000	3.850000	3.230000	1.010000	0.000000	65.000000	22.000000	74	0.000000	0.000000	0.000000	0	0	0	
550844	1853	0.080000	4.040000	3.320000	1.010000	0.000000	65.000000	22.000000	254	0.000000	0.000000	0.000000	0	0	0	
551047	1841	0.080000	4.180000	3.380000	1.010000	0.000000	65.000000	22.000000	75	0.000000	0.000000	0.000000	0	0	0	
551234	1811	0.080000	3.970000	3.280000	1.020000	0.000000	65.000000	22.000000	124	0.000000	0.000000	0.000000	0	0	0	
551437	1797	0.080000	4.090000	3.340000	1.010000	0.000000	65.000000	22.000000	73	0.000000	0.000000	0.000000	0	0	0	
551656	1815	0.080000	4.190000	3.410000	1.020000	0.000000	65.000000	22.000000	239	0.000000	0.000000	0.000000	0	0	0	
551844	1787	0.080000	3.920000	3.250000	1.020000	0.000000	65.000000	22.000000	200	0.000000	0.000000	0.000000	0	0	0	
552031	1760	0.080000	3.890000	3.250000	1.020000	0.000000	65.000000	22.000000	227	0.000000	0.000000	0.000000	0	0	0	
552219	1805	0.080000	4.200000	3.390000	1.020000	0.000000	65.000000	22.000000	72	0.000000	0.000000	0.000000	0	0	0	
552437	1738	0.080000	4.210000	3.390000	1.020000	0.000000	65.000000	22.000000	254	0.000000	0.000000	0.000000	0	0	0	
552625	1750	0.080000	4.080000	3.360000	1.020000	0.000000	65.000000	22.000000	74	0.000000	0.000000	0.000000	0	0	0	
552812	1782	0.080000	4.180000	3.460000	1.030000	0.000000	65.000000	22.000000	103	0.000000	0.000000	0.000000	0	0	0	
553000	1723	0.080000	4.210000	3.430000	1.030000	0.000000	65.000000	22.000000	75	0.000000	0.000000	0.000000	0	0	0	
553203	1753	0.080000	4.150000	3.400000	1.030000	0.000000	65.000000	22.000000	73	0.000000	0.000000	0.000000	0	0	0	
553391	1715	0.080000	4.220000	3.460000	1.020000	0.000000	65.000000	22.000000	251	0.000000	0.000000	0.000000	0	0	0	
553578	1718	0.080000	4.290000	3.470000	1.020000	0.000000	65.000000	22.000000	72	0.000000	0.000000	0.000000	0	0	0	
553781	1719	0.080000	4.330000	3.490000	1.030000	0.000000	65.000000	22.000000	73	0.000000	0.000000	0.000000	0	0	0	
553984	1715	0.080000	4.330000	3.520000	1.020000	0.000000	65.000000	22.000000	147	0.000000	0.000000	0.000000	0	0	0	
554172	1700	0.080000	4.180000	3.480000	1.030000	0.000000	65.000000	22.000000	253	0.000000	0.000000	0.000000	0	0	0	
554359	1707	0.080000	4.320000	3.510000	1.030000	0.000000	65.000000	22.000000	72	0.000000	0.000000	0.000000	0	0	0	
554641	1691	0.080000	4.360000	3.570000	1.020000	0.000000	65.000000	22.000000	73	0.000000	0.000000	0.000000	0	0	0	
554828	1688	0.080000	4.390000	3.580000	1.030000	0.000000	65.000000	22.000000	72	0.000000	0.000000	0.000000	0	0	0	
555031	1679	0.080000	4.440000	3.670000	1.030000	0.000000	65.000000	22.000000	73	0.000000	0.000000	0.000000	0	0	0	
555234	1668	0.080000	4.530000	3.790000	1.030000	0.000000	65.000000	22.000000	254	0.000000	0.000000	0.000000	0	0	0	
555422	1646	0.080000	4.550000	3.810000	1.030000	0.000000	65.000000	22.000000	254	0.000000	0.000000	0.000000	0	0	0	
555609	1621	0.080000	4.650000	3.950000	1.040000	0.000000	65.000000	22.000000	247	0.000000	0.000000	0.000000	0	0	0	
555797	1641	0.080000	4.600000	3.880000	1.030000	0.000000	65.000000	22.000000	253	0.000000	0.000000	0.000000	0	0	0	
556000	1636	0.080000	4.640000	3.910000	1.030000	0.000000	65.000000	22.000000	254	0.000000	0.000000	0.000000	0	0	0	
556187	1629	0.080000	4.700000	4.010000	1.030000	0.000000	65.000000	22.000000	254	0.000000	0.000000	0.000000	0	0	0	
556375	1642	0.080000	4.720000	4.020000	1.030000	0.000000	65.000000	22.000000	254	0.000000	0.000000	0.000000	0	0	0	
556562	1618	0.080000	5.050000	4.160000	1.030000	0.000000	65.000000	22.000000	240	0.000000	0.000000	0.000000	0	0	0	
556766	1611	0.080000	5.140000	4.190000	1.030000	0.000000	65.000000	22.000000	254	0.000000	0.000000	0.000000	0	0	0	
556953	1601	0.080000	5.040000	4.150000	1.030000	0.000000	65.000000	22.000000	254	0.000000	0.000000	0.000000	0	0	0	
557141	1591	0.080000	5.140000	4.200000	1.030000	0.000000	65.000000	22.000000	254	0.000000	0.000000	0.000000	0	0	0	
557344	1590	0.080000	5.210000	4.210000	1.030000	0.000000	65.000000	22.000000	254	0.000000	0.000000	0.000000	0	0	0	
557531	1577	0.080000	5.100000	4.180000	1.040000	0.000000	65.000000	22.000000	254	0.000000	0.000000	0.000000	0	0	0	
557719	1573	0.080000	5.500000	4.340000	1.030000	0.000000	65.000000	22.000000	254	0.000000	0.000000	0.000000	0	0	0	
557906	1560	0.080000	5.310000	4.270000	1.040000	0.000000	65.000000	22.000000	254	0.000000	0.000000	0.000000	0	0	0	
558109	1556	0.080000	5.260000	4.240000	1.040000	0.000000	65.000000	22.000000	254	0.000000	0.000000	0.000000	0	0	0	
558297	1533	0.080000	5.310000	4.250000	1.030000	0.000000	65.000000	22.000000	254	0.000000	0.000000	0.000000	0	0	0	
558562	1549	0.080000	5.190000	4.210000	1.040000	0.000000	65.000000	22.000000	254	0.000000	0.000000	0.000000	0	0	0	
558766	1532	0.080000	5.000000	4.140000	1.020000	0.000000	65.000000	22.000000	74	0.000000	0.000000	0.000000	0	0	0	
558969	1531	0.080000	4.680000	4.010000	1.030000	0.000000	65.000000	22.000000	73	0.000000	0.000000	0.000000	0	0	0	
559156	1539	0.080000	4.820000	4.040000	1.030000	0.000000	65.000000	22.000000	72	0.000000	0.000000	0.000000	0	0	0	
559344	1494	0.080000	4.970000	4.110000	1.030000	0.000000	65.000000	22.000000	254	0.000000	0.000000	0.000000	0	0	0	
559562	1525	0.080000	4.950000	4.110000	1.040000	0.000000	65.000000	22.000000	73	0.000000	0.000000	0.000000	0	0	0	
559766	1512	0.080000	4.990000	4.120000	1.030000	0.000000	65.000000	22.000000	73	0.000000	0.000000	0.000000	0	0	0	
559953	1502	0.080000	4.840000	4.060000	1.030000	0.000000	65.000000	22.000000	123	0.000000	0.000000	0.000000	0	0	0	
560156	1503	0.080000	5.140000	4.190000	1.030000	0.000000	65.000000	22.000000	72	0.000000	0.000000	0.000000	0	0	0	
560359	1496	0.080000	4.950000	4.120000	1.030000	0.000000	65.000000	22.000000	109	0.000000	0.000000	0.000000	0	0	0	
560562	1498	0.080000	5.000000	4.140000	1.030000	0.000000	65.000000	22.000000	73	0.000000	0.000000	0.000000	0	0	0	
560766	1495	0.080000	4.990000	4.130000	1.030000	0.000000	65.000000	22.000000	73	0.000000	0.000000	0.000000	0	0	0	
560969	1531	0.080000	4.740000	4.040000	1.030000	0.000000	65.000000	22.000000	254	0.000000	0.000000	0.000000	0	0	0	
561156	1481	0.080000	4.710000	4.010000	1.040000	0.000000	65.000000	22.000000	254	0.000000	0.000000	0.000000	0	0	0	
561344	1322	0.080000	0.000000	0.000000	1.060000	0.000000	65.000000	22.000000	254	0.000000	0.000000	0.000000	0	0	0	
561547	1037	0.080000	5.740000	4.530000	1.060000	0.000000	65.000000	22.000000	131	0.000000	0.000000	0.000000	0	0	0	
561750	1065	0.080000	5.960000	4.780000	1.070000	0.000000	65.000000	22.000000	242	0.000000	0.000000	0.000000	0	0	0	
561953	1138	0.080000	5.990000	4.820000	1.060000	0.000000	65.000000	22.000000	73	0.000000	0.000000	0.000000	0	0	0	
562141	1188	0.080000	5.940000	4.710000	1.060000	0.000000	65.000000	22.000000	213	0.000000	0.000000	0.000000	0	0	0	
562359	1207	0.080000	5.590000	4.410000	1.050000	0.000000	65.000000	22.000000	254	0.000000	0.000000	0.000000	0	0	0	
562641	1157	0.080000	4.700000	3.970000	1.040000	0.000000	65.000000	22.000000	74	0.000000	0.000000	0.000000	0	0	0	
562828	1096	0.080000	4.480000	3.820000	1.040000	0.000000	65.000000	22.000000	72	0.000000	0.000000	0.000000	0	0	0	
563031	1001	0.080000	4.470000	3.830000	1.040000	0.000000	66.000000	22.000000	74	0.000000	0.000000	0.000000	0	0	0	
563234	916	0.080000	4.570000	3.890000	1.050000	0.000000	65.000000	22.000000	223	0.000000	0.000000	0.000000	0	0	0	
563437	845	0.080000	5.340000	4.330000	1.070000	0.000000	66.000000	22.000000	250	0.000000	0.000000	0.000000	0	0	0	
563641	860	0.080000	5.710000	4.550000	1.080000	0.000000	66.000000	22.000000	238	0.000000	0.000000	0.000000	0	0	0	
563844	910	0.080000	5.600000	4.470000	1.080000	0.000000	66.000000	22.000000	240	0.000000	0.000000	0.000000	0	0	0	
564047	926	0.080000	5.480000	4.410000	1.070000	0.000000	66.000000	22.000000	236	0.000000	0.000000	0.000000	0	0	0	
564250	915	0.080000	5.530000	4.420000	1.080000	0.000000	66.000000	22.000000	254	0.000000	0.000000	0.000000	0	0	0	
564453	908	0.080000	5.370000	4.360000	1.080000	0.000000	66.000000	22.000000	254	0.000000	0.000000	0.000000	0	0	0	
564672	908	0.080000	5.380000	4.370000	1.080000	0.000000	66.000000	22.000000	254	0.000000	0.000000	0.000000	0	0	0	
564875	907	0.080000	5.370000	4.350000	1.080000	0.000000	66.000000	22.000000	254	0.000000	0.000000	0.000000	0	0	0	
565062	907	0.080000	5.370000	4.360000	1.080000	0.000000	66.000000	22.000000	254	0.000000	0.000000	0.000000	0	0	0	
565281	907	0.080000	5.480000	4.400000	1.080000	0.000000	66.000000	22.000000	254	0.000000	0.000000	0.000000	0	0	0	
565469	918	0.080000	5.360000	4.340000	1.080000	0.000000	66.000000	22.000000	88	0.000000	0.000000	0.000000	0	0	0	
565656	900	0.080000	5.310000	4.330000	1.080000	0.000000	66.000000	22.000000	254	0.000000	0.000000	0.000000	0	0	0	
565859	897	0.080000	5.540000	4.440000	1.080000	0.000000	66.000000	22.000000	253	0.000000	0.000000	0.000000	0	0	0	
566047	902	0.080000	5.360000	4.340000	1.070000	0.000000	66.000000	22.000000	15	0.000000	0.000000	0.000000	0	0	0	
566234	908	0.080000	5.310000	4.330000	1.070000	0.000000	66.000000	22.000000	254	0.000000	0.000000	0.000000	0	0	0	
566437	911	0.080000	5.320000	4.340000	1.070000	0.000000	66.000000	22.000000	14	0.000000	0.000000	0.000000	0	0	0	
566734	901	0.080000	5.310000	4.330000	1.080000	0.000000	66.000000	22.000000	14	0.000000	0.000000	0.000000	0	0	0	
566922	891	0.080000	5.480000	4.400000	1.080000	0.000000	66.000000	22.000000	15	0.000000	0.000000	0.000000	0	0	0	
567109	908	0.080000	5.430000	4.390000	1.080000	0.000000	66.000000	22.000000	15	0.000000	0.000000	0.000000	0	0	0	
567297	916	0.080000	5.260000	4.310000	1.080000	0.000000	66.000000	22.000000	16	0.000000	0.000000	0.000000	0	0	0	
567500	899	0.080000	5.420000	4.380000	1.080000	0.000000	66.000000	22.000000	13	0.000000	0.000000	0.000000	0	0	0	
567687	902	0.080000	5.210000	4.290000	1.080000	0.000000	66.000000	22.000000	247	0.000000	0.000000	0.000000	0	0	0	
567875	905	0.080000	5.310000	4.340000	1.070000	0.000000	66.000000	22.000000	37	0.000000	0.000000	0.000000	0	0	0	
568078	907	0.080000	5.310000	4.330000	1.080000	0.000000	66.000000	22.000000	1	0.000000	0.000000	0.000000	0	0	0	
568281	886	0.080000	5.380000	4.350000	1.080000	0.000000	66.000000	22.000000	0	0.000000	0.000000	0.000000	0	0	0	
568484	904	0.080000	5.490000	4.420000	1.080000	0.000000	66.000000	22.000000	251	0.000000	0.000000	0.000000	0	0	0	
568672	924	0.080000	5.290000	4.310000	1.070000	0.000000	66.000000	22.000000	0	0.000000	0.000000	0.000000	0	0	0	
568875	914	0.080000	5.400000	4.360000	1.070000	0.000000	66.000000	22.000000	81	0.000000	0.000000	0.000000	0	0	0	
569078	928	0.080000	5.400000	4.360000	1.070000	0.000000	66.000000	22.000000	0	0.000000	0.000000	0.000000	0	0	0	
569281	967	0.080000	5.290000	4.310000	1.060000	0.000000	66.000000	22.000000	0	0.000000	0.000000	0.000000	0	0	0	
569484	1020	0.080000	5.400000	4.340000	1.060000	0.000000	66.000000	22.000000	0	0.000000	0.000000	0.000000	0	0	0	
569672	1209	0.080000	5.790000	4.600000	1.080000	0.000000	66.000000	22.000000	0	0.000000	0.000000	0.000000	0	0	0	
569859	1385	0.080000	6.430000	5.040000	1.080000	0.000000	66.000000	22.000000	0	0.000000	0.000000	0.000000	0	0	0	
570047	1277	0.080000	7.810000	6.450000	1.120000	0.000000	66.000000	22.000000	14	0.000000	0.000000	0.000000	0	0	0	
570266	1304	0.080000	1.800000	0.990000	1.190000	0.000000	66.000000	22.000000	73	0.000000	0.000000	0.000000	0	0	0	
570453	1335	0.080000	11.230000	10.100000	1.230000	0.000000	66.000000	22.000000	105	0.000000	0.000000	0.000000	0	0	0	
570734	1369	0.080000	10.900000	9.610000	1.250000	0.000000	66.000000	22.000000	122	0.000000	0.000000	0.000000	0	0	0	
570937	1406	0.080000	10.940000	9.570000	1.250000	0.000000	66.000000	22.000000	122	0.000000	0.000000	0.000000	0	0	0	
571125	1448	0.080000	10.820000	9.400000	1.250000	0.000000	66.000000	22.000000	123	0.000000	0.000000	0.000000	0	0	0	
571312	1493	0.080000	10.350000	8.910000	1.240000	0.000000	66.000000	22.000000	123	0.000000	0.000000	0.000000	0	0	0	
571500	1523	0.080000	9.720000	8.330000	1.240000	0.000000	66.000000	22.000000	123	0.000000	0.000000	0.000000	0	0	0	
571703	1557	0.080000	9.680000	8.300000	1.230000	0.000000	66.000000	22.000000	122	0.000000	0.000000	0.000000	0	0	0	
571891	1575	0.080000	9.300000	7.910000	1.210000	0.000000	66.000000	22.000000	122	0.000000	0.000000	0.000000	0	0	0	
572078	1603	0.080000	8.440000	7.030000	1.190000	0.000000	66.000000	22.000000	123	0.000000	0.000000	0.000000	0	0	0	
572266	1628	0.080000	7.150000	5.760000	1.150000	0.000000	66.000000	22.000000	122	0.000000	0.000000	0.000000	0	0	0	
572469	1634	0.080000	6.820000	5.500000	1.100000	0.000000	66.000000	22.000000	123	0.000000	0.000000	0.000000	0	0	0	
572656	1647	0.080000	6.460000	5.130000	1.100000	0.000000	66.000000	22.000000	122	0.000000	0.000000	0.000000	0	0	0	
572844	1649	0.080000	6.200000	4.880000	1.080000	0.000000	66.000000	22.000000	123	0.000000	0.000000	0.000000	0	0	0	
573031	1639	0.080000	5.880000	4.630000	1.070000	0.000000	66.000000	22.000000	122	0.000000	0.000000	0.000000	0	0	0	
573234	1642	0.080000	5.510000	4.390000	1.060000	0.000000	66.000000	22.000000	106	0.000000	0.000000	0.000000	0	0	0	
573422	1645	0.080000	5.510000	4.390000	1.060000	0.000000	66.000000	22.000000	106	0.000000	0.000000	0.000000	0	0	0	
573609	1631	0.080000	5.270000	4.290000	1.050000	0.000000	66.000000	22.000000	106	0.000000	0.000000	0.000000	0	0	0	
573812	1628	0.080000	5.430000	4.340000	1.060000	0.000000	67.000000	22.000000	108	0.000000	0.000000	0.000000	0	0	0	
574000	1642	0.080000	5.530000	4.380000	1.050000	0.000000	67.000000	22.000000	105	0.000000	0.000000	0.000000	0	0	0	
574203	1623	0.080000	5.240000	4.250000	1.050000	0.000000	67.000000	22.000000	105	0.000000	0.000000	0.000000	0	0	0	
574391	1619	0.080000	5.260000	4.260000	1.060000	0.000000	67.000000	22.000000	106	0.000000	0.000000	0.000000	0	0	0	
574672	1602	0.080000	4.820000	4.070000	1.040000	0.000000	67.000000	22.000000	106	0.000000	0.000000	0.000000	0	0	0	
574859	1593	0.080000	4.630000	3.930000	1.040000	0.000000	67.000000	22.000000	202	0.000000	0.000000	0.000000	0	0	0	
575047	1588	0.080000	4.660000	3.980000	1.040000	0.000000	67.000000	22.000000	73	0.000000	0.000000	0.000000	0	0	0	
575266	1579	0.080000	4.590000	3.890000	1.030000	0.000000	67.000000	22.000000	254	0.000000	0.000000	0.000000	0	0	0	
575469	1563	0.080000	4.650000	3.940000	1.030000	0.000000	67.000000	22.000000	74	0.000000	0.000000	0.000000	0	0	0	
575656	1549	0.080000	4.610000	3.880000	1.030000	0.000000	67.000000	22.000000	254	0.000000	0.000000	0.000000	0	0	0	
575844	1533	0.080000	4.610000	3.870000	1.030000	0.000000	67.000000	22.000000	254	0.000000	0.000000	0.000000	0	0	0	
576047	1510	0.080000	4.640000	3.930000	1.030000	0.000000	67.000000	22.000000	253	0.000000	0.000000	0.000000	0	0	0	
576234	1498	0.080000	4.690000	4.020000	1.040000	0.000000	67.000000	22.000000	93	0.000000	0.000000	0.000000	0	0	0	
576422	1483	0.080000	5.030000	4.160000	1.040000	0.000000	67.000000	22.000000	254	0.000000	0.000000	0.000000	0	0	0	
576625	1493	0.080000	6.620000	5.120000	1.070000	0.000000	67.000000	22.000000	73	0.000000	0.000000	0.000000	0	0	0	
576828	1493	0.080000	7.450000	5.830000	1.100000	0.000000	67.000000	22.000000	72	0.000000	0.000000	0.000000	0	0	0	
577016	1492	0.080000	7.610000	6.010000	1.120000	0.000000	67.000000	22.000000	106	0.000000	0.000000	0.000000	0	0	0	
577219	1498	0.080000	1.930000	0.890000	1.130000	0.000000	67.000000	23.000000	157	0.000000	0.000000	0.000000	0	0	0	
577453	1511	0.080000	1.960000	0.950000	1.170000	0.000000	67.000000	23.000000	155	0.000000	0.000000	0.000000	0	0	0	
577641	1540	0.080000	1.880000	0.820000	1.220000	0.000000	67.000000	23.000000	156	0.000000	0.000000	0.000000	0	0	0	
577812	1575	0.080000	12.330000	10.760000	1.270000	0.000000	67.000000	23.000000	156	0.000000	0.000000	0.000000	0	0	0	
578000	1609	0.080000	12.900000	11.500000	1.310000	0.000000	67.000000	23.000000	156	0.000000	0.000000	0.000000	0	0	0	
578203	1651	0.080000	13.340000	11.940000	1.330000	0.000000	67.000000	23.000000	156	0.000000	0.000000	0.000000	0	0	0	
578391	1694	0.080000	13.140000	11.740000	1.340000	0.000000	67.000000	23.000000	156	0.000000	0.000000	0.000000	0	0	0	
578656	1764	0.080000	12.850000	11.440000	1.320000	0.000000	67.000000	23.000000	254	0.000000	0.000000	0.000000	0	0	0	
578875	1822	0.080000	12.450000	10.800000	1.310000	0.000000	67.000000	23.000000	254	0.000000	0.000000	0.000000	0	0	0	
579062	1863	0.080000	12.140000	10.420000	1.300000	0.000000	67.000000	23.000000	254	0.000000	0.000000	0.000000	0	0	0	
579250	1916	0.080000	11.770000	9.910000	1.290000	0.000000	67.000000	23.000000	254	0.000000	0.000000	0.000000	0	0	0	
579453	1948	0.080000	11.210000	9.510000	1.290000	0.000000	67.000000	23.000000	179	0.000000	0.000000	0.000000	0	0	0	
579656	1990	0.080000	10.940000	9.310000	1.280000	0.000000	67.000000	23.000000	179	0.000000	0.000000	0.000000	0	0	0	
579844	2024	0.080000	10.730000	9.160000	1.270000	0.000000	67.000000	23.000000	179	0.000000	0.000000	0.000000	0	0	0	
580031	2059	0.080000	10.090000	8.710000	1.250000	0.000000	67.000000	23.000000	179	0.000000	0.000000	0.000000	0	0	0	
580234	2097	0.080000	10.210000	8.770000	1.250000	0.000000	67.000000	23.000000	179	0.000000	0.000000	0.000000	0	0	0	
580422	2129	0.080000	10.060000	8.620000	1.230000	0.000000	67.000000	23.000000	179	0.000000	0.000000	0.000000	0	0	0	
580609	2139	0.080000	9.590000	8.190000	1.230000	0.000000	67.000000	23.000000	179	0.000000	0.000000	0.000000	0	0	0	
580797	2164	0.080000	9.540000	8.220000	1.220000	0.000000	67.000000	23.000000	179	0.000000	0.000000	0.000000	0	0	0	
581000	2176	0.080000	9.710000	8.330000	1.220000	0.000000	67.000000	23.000000	122	0.000000	0.000000	0.000000	0	0	0	
581187	2205	0.080000	9.500000	8.170000	1.210000	0.000000	67.000000	23.000000	123	0.000000	0.000000	0.000000	0	0	0	
581375	2245	0.080000	9.210000	7.880000	1.200000	0.000000	67.000000	23.000000	123	0.000000	0.000000	0.000000	0	0	0	
581562	2271	0.080000	9.360000	7.910000	1.190000	0.000000	67.000000	23.000000	122	0.000000	0.000000	0.000000	0	0	0	
581766	2302	0.080000	9.850000	8.280000	1.190000	0.000000	67.000000	23.000000	123	0.000000	0.000000	0.000000	0	0	0	
581953	2305	0.080000	9.690000	8.180000	1.200000	0.000000	67.000000	23.000000	122	0.000000	0.000000	0.000000	0	0	0	
582141	2327	0.080000	9.490000	8.040000	1.190000	0.000000	67.000000	23.000000	123	0.000000	0.000000	0.000000	0	0	0	
582328	2339	0.080000	9.710000	8.150000	1.190000	0.000000	67.000000	23.000000	123	0.000000	0.000000	0.000000	0	0	0	
582609	2383	0.080000	9.830000	8.200000	1.190000	0.000000	67.000000	23.000000	122	0.000000	0.000000	0.000000	0	0	0	
582781	2392	0.080000	9.670000	8.100000	1.180000	0.000000	67.000000	23.000000	122	0.000000	0.000000	0.000000	0	0	0	
582969	2402	0.080000	9.570000	8.070000	1.190000	0.000000	67.000000	23.000000	122	0.000000	0.000000	0.000000	0	0	0	
583172	2423	0.080000	9.640000	8.090000	1.180000	0.000000	67.000000	23.000000	122	0.000000	0.000000	0.000000	0	0	0	
583359	2449	0.080000	9.920000	8.240000	1.180000	0.000000	67.000000	23.000000	122	0.000000	0.000000	0.000000	0	0	0	
583547	2471	0.080000	10.450000	8.570000	1.200000	0.000000	67.000000	23.000000	122	0.000000	0.000000	0.000000	0	0	0	
583734	2490	0.080000	10.410000	8.530000	1.210000	0.000000	67.000000	23.000000	122	0.000000	0.000000	0.000000	0	0	0	
583937	2525	0.080000	10.720000	8.710000	1.210000	0.000000	68.000000	23.000000	122	0.000000	0.000000	0.000000	0	0	0	
584141	2539	0.080000	11.610000	9.180000	1.220000	0.000000	67.000000	23.000000	122	0.000000	0.000000	0.000000	0	0	0	
584328	2580	0.080000	11.940000	9.350000	1.240000	0.000000	68.000000	23.000000	122	0.000000	0.000000	0.000000	0	0	0	
584531	2621	0.080000	12.810000	9.810000	1.260000	0.000000	68.000000	23.000000	122	0.000000	0.000000	0.000000	0	0	0	
584719	2658	0.080000	12.290000	9.540000	1.260000	0.000000	68.000000	23.000000	123	0.000000	0.000000	0.000000	0	0	0	
584906	2700	0.080000	11.970000	9.370000	1.270000	0.000000	68.000000	23.000000	122	0.000000	0.000000	0.000000	0	0	0	
585094	2747	0.080000	11.030000	8.880000	1.260000	0.000000	68.000000	23.000000	122	0.000000	0.000000	0.000000	0	0	0	
585297	2759	0.080000	10.800000	8.730000	1.260000	0.000000	68.000000	23.000000	122	0.000000	0.000000	0.000000	0	0	0	
585484	2792	0.080000	10.930000	8.790000	1.250000	0.000000	68.000000	23.000000	122	0.000000	0.000000	0.000000	0	0	0	
585672	2823	0.080000	10.700000	8.690000	1.240000	0.000000	68.000000	23.000000	122	0.000000	0.000000	0.000000	0	0	0	
585859	2859	0.080000	10.480000	8.540000	1.230000	0.000000	68.000000	23.000000	124	0.000000	0.000000	0.000000	0	0	0	
586062	2886	0.080000	10.330000	8.460000	1.230000	0.000000	68.000000	23.000000	122	0.000000	0.000000	0.000000	0	0	0	
586250	2915	0.080000	10.470000	8.530000	1.220000	0.000000	68.000000	23.000000	122	0.000000	0.000000	0.000000	0	0	0	
586516	2938	0.080000	9.570000	8.000000	1.210000	0.000000	68.000000	23.000000	122	0.000000	0.000000	0.000000	0	0	0	
586719	2951	0.080000	9.230000	7.720000	1.210000	0.000000	68.000000	23.000000	122	0.000000	0.000000	0.000000	0	0	0	
586906	2823	0.080000	0.000000	0.000000	1.170000	0.000000	68.000000	23.000000	254	0.000000	0.000000	0.000000	0	0	0	
587109	2513	0.080000	0.000000	0.000000	1.180000	0.000000	68.000000	23.000000	254	0.000000	0.000000	0.000000	0	0	0	
587281	2242	0.080000	0.000000	0.000000	1.180000	0.000000	68.000000	23.000000	254	0.000000	0.000000	0.000000	0	0	0	
587469	1978	0.080000	0.000000	0.000000	1.180000	0.000000	68.000000	23.000000	57	0.000000	0.000000	0.000000	0	0	0	
587672	1713	0.080000	5.030000	4.250000	1.100000	0.000000	68.000000	23.000000	76	0.000000	0.000000	0.000000	0	0	0	
587859	1833	0.080000	6.000000	4.720000	1.030000	0.000000	68.000000	23.000000	73	0.000000	0.000000	0.000000	0	0	0	
588062	1867	0.080000	5.910000	4.680000	1.040000	0.000000	68.000000	23.000000	72	0.000000	0.000000	0.000000	0	0	0	
588266	1802	0.080000	5.850000	4.650000	1.040000	0.000000	68.000000	23.000000	132	0.000000	0.000000	0.000000	0	0	0	
588469	1764	0.080000	5.290000	4.260000	1.050000	0.000000	68.000000	23.000000	254	0.000000	0.000000	0.000000	0	0	0	
588672	1749	0.080000	5.360000	4.300000	1.060000	0.000000	68.000000	23.000000	254	0.000000	0.000000	0.000000	0	0	0	
588891	1737	0.080000	5.800000	4.560000	1.060000	0.000000	68.000000	23.000000	73	0.000000	0.000000	0.000000	0	0	0	
589094	1714	0.080000	5.820000	4.600000	1.070000	0.000000	68.000000	23.000000	73	0.000000	0.000000	0.000000	0	0	0	
589281	1694	0.080000	5.810000	4.580000	1.070000	0.000000	68.000000	23.000000	73	0.000000	0.000000	0.000000	0	0	0	
589469	1678	0.080000	6.030000	4.760000	1.070000	0.000000	68.000000	23.000000	73	0.000000	0.000000	0.000000	0	0	0	
589672	1666	0.080000	6.150000	4.850000	1.070000	0.000000	68.000000	23.000000	72	0.000000	0.000000	0.000000	0	0	0	
589859	1639	0.080000	6.420000	5.080000	1.090000	0.000000	68.000000	23.000000	72	0.000000	0.000000	0.000000	0	0	0	
590062	1623	0.080000	6.690000	5.340000	1.100000	0.000000	68.000000	23.000000	105	0.000000	0.000000	0.000000	0	0	0	
590281	1604	0.080000	6.890000	5.520000	1.110000	0.000000	68.000000	23.000000	123	0.000000	0.000000	0.000000	0	0	0	
590547	1589	0.080000	7.130000	5.620000	1.110000	0.000000	68.000000	23.000000	156	0.000000	0.000000	0.000000	0	0	0	
590750	1579	0.080000	8.860000	7.460000	1.160000	0.000000	68.000000	23.000000	156	0.000000	0.000000	0.000000	0	0	0	
590937	1562	0.080000	8.990000	7.590000	1.200000	0.000000	68.000000	23.000000	156	0.000000	0.000000	0.000000	0	0	0	
591141	1548	0.080000	1.930000	0.930000	1.210000	0.000000	68.000000	23.000000	156	0.000000	0.000000	0.000000	0	0	0	
591328	1540	0.080000	10.800000	9.310000	1.250000	0.000000	68.000000	23.000000	123	0.000000	0.000000	0.000000	0	0	0	
591516	1546	0.080000	3.200000	12.470000	1.320000	0.000000	68.000000	23.000000	105	0.000000	0.000000	0.000000	0	0	0	
591719	1550	0.080000	1.890000	0.820000	1.370000	0.000000	68.000000	23.000000	105	0.000000	0.000000	0.000000	0	0	0	
591906	1553	0.080000	14.820000	13.780000	1.400000	0.000000	68.000000	23.000000	105	0.000000	0.000000	0.000000	0	0	0	
592094	1570	0.080000	15.080000	13.800000	1.410000	0.000000	68.000000	23.000000	106	0.000000	0.000000	0.000000	0	0	0	
592281	1581	0.080000	15.220000	13.940000	1.410000	0.000000	68.000000	23.000000	105	0.000000	0.000000	0.000000	0	0	0	
592484	1600	0.080000	15.260000	13.990000	1.410000	0.000000	68.000000	23.000000	105	0.000000	0.000000	0.000000	0	0	0	
592687	1609	0.080000	15.260000	13.990000	1.410000	0.000000	68.000000	23.000000	105	0.000000	0.000000	0.000000	0	0	0	
592875	1623	0.080000	15.010000	13.730000	1.420000	0.000000	68.000000	23.000000	72	0.000000	0.000000	0.000000	0	0	0	
593062	1648	0.080000	14.170000	12.780000	1.420000	0.000000	68.000000	23.000000	72	0.000000	0.000000	0.000000	0	0	0	
593266	1660	0.080000	8.810000	7.470000	1.300000	0.000000	68.000000	23.000000	72	0.000000	0.000000	0.000000	0	0	0	
593453	1660	0.080000	1.880000	0.800000	1.230000	0.000000	68.000000	23.000000	73	0.000000	0.000000	0.000000	0	0	0	
593641	1661	0.080000	8.780000	7.380000	1.210000	0.000000	68.000000	23.000000	72	0.000000	0.000000	0.000000	0	0	0	
593828	1675	0.080000	8.760000	7.360000	1.210000	0.000000	68.000000	23.000000	73	0.000000	0.000000	0.000000	0	0	0	
594031	1672	0.080000	8.840000	7.440000	1.200000	0.000000	68.000000	23.000000	72	0.000000	0.000000	0.000000	0	0	0	
594219	1668	0.080000	8.800000	7.400000	1.200000	0.000000	68.000000	23.000000	73	0.000000	0.000000	0.000000	0	0	0	
594484	1666	0.080000	9.030000	7.690000	1.210000	0.000000	68.000000	23.000000	72	0.000000	0.000000	0.000000	0	0	0	
594687	1662	0.080000	9.090000	7.750000	1.210000	0.000000	68.000000	23.000000	73	0.000000	0.000000	0.000000	0	0	0	
594875	1675	0.080000	9.060000	7.730000	1.210000	0.000000	68.000000	23.000000	105	0.000000	0.000000	0.000000	0	0	0	
595078	1667	0.080000	1.890000	0.820000	1.240000	0.000000	68.000000	23.000000	106	0.000000	0.000000	0.000000	0	0	0	
595281	1684	0.080000	11.350000	9.720000	1.270000	0.000000	68.000000	23.000000	105	0.000000	0.000000	0.000000	0	0	0	
595469	1692	0.080000	10.970000	9.330000	1.270000	0.000000	68.000000	23.000000	122	0.000000	0.000000	0.000000	0	0	0	
595672	1692	0.080000	11.120000	9.480000	1.270000	0.000000	68.000000	23.000000	179	0.000000	0.000000	0.000000	0	0	0	
595875	1697	0.080000	10.690000	9.120000	1.270000	0.000000	68.000000	23.000000	254	0.000000	0.000000	0.000000	0	0	0	
596078	1711	0.080000	9.690000	8.370000	1.260000	0.000000	68.000000	23.000000	254	0.000000	0.000000	0.000000	0	0	0	
596266	1714	0.080000	6.380000	5.290000	1.180000	0.000000	68.000000	23.000000	254	0.000000	0.000000	0.000000	0	0	0	
596453	1703	0.080000	5.810000	4.710000	1.110000	0.000000	68.000000	23.000000	254	0.000000	0.000000	0.000000	0	0	0	
596641	1664	0.080000	5.770000	4.580000	1.090000	0.000000	68.000000	23.000000	179	0.000000	0.000000	0.000000	0	0	0	
596859	1641	0.080000	5.510000	4.410000	1.080000	0.000000	68.000000	23.000000	179	0.000000	0.000000	0.000000	0	0	0	
597062	1625	0.080000	5.450000	4.360000	1.070000	0.000000	68.000000	23.000000	128	0.000000	0.000000	0.000000	0	0	0	
597250	1618	0.080000	5.980000	4.650000	1.080000	0.000000	68.000000	23.000000	124	0.000000	0.000000	0.000000	0	0	0	
597453	1604	0.080000	1.970000	0.940000	1.100000	0.000000	68.000000	23.000000	254	0.000000	0.000000	0.000000	0	0	0	
597641	1589	0.080000	2.120000	11.110000	1.230000	0.000000	68.000000	23.000000	123	0.000000	0.000000	0.000000	0	0	0	
597828	1611	0.080000	13.330000	11.930000	1.320000	0.000000	68.000000	23.000000	123	0.000000	0.000000	0.000000	0	0	0	
598016	1627	0.080000	13.040000	11.630000	1.340000	0.000000	68.000000	23.000000	122	0.000000	0.000000	0.000000	0	0	0	
598219	1644	0.080000	13.130000	11.720000	1.340000	0.000000	68.000000	23.000000	122	0.000000	0.000000	0.000000	0	0	0	
598484	1695	0.080000	13.490000	12.090000	1.370000	0.000000	68.000000	23.000000	179	0.000000	0.000000	0.000000	0	0	0	
598687	1712	0.080000	13.720000	12.330000	1.370000	0.000000	68.000000	23.000000	254	0.000000	0.000000	0.000000	0	0	0	
598906	1707	0.080000	13.210000	11.810000	1.380000	0.000000	68.000000	23.000000	254	0.000000	0.000000	0.000000	0	0	0	
599094	1716	0.080000	12.940000	11.540000	1.380000	0.000000	68.000000	23.000000	254	0.000000	0.000000	0.000000	0	0	0	
599281	1732	0.080000	12.990000	11.590000	1.370000	0.000000	68.000000	23.000000	254	0.000000	0.000000	0.000000	0	0	0	
599469	1760	0.080000	12.860000	11.460000	1.360000	0.000000	68.000000	23.000000	254	0.000000	0.000000	0.000000	0	0	0	
599672	1758	0.080000	12.470000	10.900000	1.350000	0.000000	68.000000	23.000000	254	0.000000	0.000000	0.000000	0	0	0	
599859	1770	0.080000	12.110000	10.400000	1.350000	0.000000	68.000000	23.000000	179	0.000000	0.000000	0.000000	0	0	0	
600062	1787	0.080000	12.000000	10.210000	1.340000	0.000000	68.000000	23.000000	179	0.000000	0.000000	0.000000	0	0	0	
600250	1787	0.080000	11.630000	9.850000	1.330000	0.000000	68.000000	23.000000	179	0.000000	0.000000	0.000000	0	0	0	
600453	1810	0.080000	10.650000	9.150000	1.300000	0.000000	68.000000	23.000000	179	0.000000	0.000000	0.000000	0	0	0	
600641	1809	0.080000	8.680000	7.390000	1.230000	0.000000	68.000000	23.000000	179	0.000000	0.000000	0.000000	0	0	0	
600828	1799	0.080000	8.690000	6.960000	1.220000	0.000000	68.000000	24.000000	179	0.000000	0.000000	0.000000	0	0	0	
601031	1806	0.080000	8.400000	7.100000	1.200000	0.000000	68.000000	23.000000	179	0.000000	0.000000	0.000000	0	0	0	
601219	1805	0.080000	8.460000	7.160000	1.190000	0.000000	68.000000	23.000000	108	0.000000	0.000000	0.000000	0	0	0	
601437	1802	0.080000	8.850000	7.690000	1.200000	0.000000	68.000000	24.000000	106	0.000000	0.000000	0.000000	0	0	0	
601641	1792	0.080000	9.560000	8.230000	1.220000	0.000000	68.000000	24.000000	105	0.000000	0.000000	0.000000	0	0	0	
601859	1794	0.080000	9.880000	8.500000	1.230000	0.000000	68.000000	24.000000	106	0.000000	0.000000	0.000000	0	0	0	
602047	1791	0.080000	10.390000	8.890000	1.240000	0.000000	68.000000	24.000000	105	0.000000	0.000000	0.000000	0	0	0	
602234	1800	0.080000	10.360000	8.570000	1.240000	0.000000	68.000000	24.000000	106	0.000000	0.000000	0.000000	0	0	0	
602516	1796	0.080000	8.300000	6.990000	1.190000	0.000000	68.000000	24.000000	106	0.000000	0.000000	0.000000	0	0	0	
602703	1792	0.080000	8.310000	7.000000	1.200000	0.000000	68.000000	24.000000	105	0.000000	0.000000	0.000000	0	0	0	
602891	1789	0.080000	8.380000	7.080000	1.190000	0.000000	68.000000	24.000000	106	0.000000	0.000000	0.000000	0	0	0	
603078	1782	0.080000	8.610000	7.310000	1.190000	0.000000	68.000000	24.000000	73	0.000000	0.000000	0.000000	0	0	0	
603281	1782	0.080000	8.820000	7.540000	1.210000	0.000000	68.000000	24.000000	156	0.000000	0.000000	0.000000	0	0	0	
603484	1773	0.080000	8.990000	7.710000	1.210000	0.000000	68.000000	24.000000	156	0.000000	0.000000	0.000000	0	0	0	
603672	1762	0.080000	9.240000	7.970000	1.200000	0.000000	68.000000	24.000000	123	0.000000	0.000000	0.000000	0	0	0	
603875	1753	0.080000	10.870000	9.310000	1.230000	0.000000	68.000000	24.000000	123	0.000000	0.000000	0.000000	0	0	0	
604062	1759	0.080000	11.140000	9.510000	1.250000	0.000000	68.000000	24.000000	123	0.000000	0.000000	0.000000	0	0	0	
604250	1770	0.080000	12.220000	10.580000	1.290000	0.000000	68.000000	24.000000	122	0.000000	0.000000	0.000000	0	0	0	
604437	1766	0.080000	12.410000	10.760000	1.300000	0.000000	68.000000	24.000000	122	0.000000	0.000000	0.000000	0	0	0	
604641	1773	0.080000	12.650000	11.170000	1.320000	0.000000	68.000000	24.000000	122	0.000000	0.000000	0.000000	0	0	0	
604828	1783	0.080000	12.640000	11.150000	1.320000	0.000000	68.000000	24.000000	123	0.000000	0.000000	0.000000	0	0	0	
605016	1805	0.080000	12.300000	10.650000	1.330000	0.000000	68.000000	24.000000	179	0.000000	0.000000	0.000000	0	0	0	
605203	1814	0.080000	12.020000	10.230000	1.330000	0.000000	68.000000	24.000000	179	0.000000	0.000000	0.000000	0	0	0	
605406	1816	0.080000	2.040000	9.400000	1.290000	0.000000	68.000000	24.000000	179	0.000000	0.000000	0.000000	0	0	0	
605594	1816	0.080000	11.340000	9.630000	1.290000	0.000000	68.000000	24.000000	179	0.000000	0.000000	0.000000	0	0	0	
605781	1825	0.080000	11.760000	9.970000	1.290000	0.000000	68.000000	24.000000	179	0.000000	0.000000	0.000000	0	0	0	
605969	1826	0.080000	12.380000	10.730000	1.310000	0.000000	68.000000	24.000000	179	0.000000	0.000000	0.000000	0	0	0	
606172	1848	0.080000	12.300000	10.650000	1.320000	0.000000	68.000000	24.000000	179	0.000000	0.000000	0.000000	0	0	0	
606422	1857	0.080000	12.140000	10.420000	1.330000	0.000000	68.000000	24.000000	179	0.000000	0.000000	0.000000	0	0	0	
606609	1879	0.080000	12.140000	10.350000	1.320000	0.000000	68.000000	24.000000	179	0.000000	0.000000	0.000000	0	0	0	
606812	1860	0.080000	1.960000	0.930000	1.340000	0.000000	68.000000	24.000000	179	0.000000	0.000000	0.000000	0	0	0	
607000	1898	0.080000	12.700000	11.210000	1.360000	0.000000	68.000000	24.000000	179	0.000000	0.000000	0.000000	0	0	0	
607187	1909	0.080000	12.860000	11.370000	1.370000	0.000000	68.000000	24.000000	122	0.000000	0.000000	0.000000	0	0	0	
607391	1940	0.080000	12.820000	11.330000	1.370000	0.000000	68.000000	24.000000	123	0.000000	0.000000	0.000000	0	0	0	
607594	1951	0.080000	11.720000	9.870000	1.350000	0.000000	68.000000	24.000000	123	0.000000	0.000000	0.000000	0	0	0	
607781	1969	0.080000	12.080000	10.290000	1.340000	0.000000	68.000000	24.000000	122	0.000000	0.000000	0.000000	0	0	0	
607969	1980	0.080000	11.980000	10.110000	1.340000	0.000000	68.000000	24.000000	179	0.000000	0.000000	0.000000	0	0	0	
608187	1991	0.080000	11.230000	9.520000	1.330000	0.000000	68.000000	24.000000	179	0.000000	0.000000	0.000000	0	0	0	
608375	2008	0.080000	11.460000	9.730000	1.320000	0.000000	68.000000	24.000000	179	0.000000	0.000000	0.000000	0	0	0	
608562	2029	0.080000	11.810000	9.950000	1.320000	0.000000	68.000000	24.000000	156	0.000000	0.000000	0.000000	0	0	0	
608750	2043	0.080000	11.590000	9.740000	1.320000	0.000000	68.000000	24.000000	156	0.000000	0.000000	0.000000	0	0	0	
608953	2044	0.080000	11.280000	9.510000	1.320000	0.000000	68.000000	24.000000	156	0.000000	0.000000	0.000000	0	0	0	
609141	2053	0.080000	11.550000	9.700000	1.330000	0.000000	68.000000	24.000000	156	0.000000	0.000000	0.000000	0	0	0	
609328	2076	0.080000	11.620000	9.700000	1.330000	0.000000	68.000000	24.000000	156	0.000000	0.000000	0.000000	0	0	0	
609516	2097	0.080000	11.330000	9.480000	1.320000	0.000000	68.000000	24.000000	156	0.000000	0.000000	0.000000	0	0	0	
609719	2104	0.080000	11.230000	9.380000	1.300000	0.000000	68.000000	24.000000	156	0.000000	0.000000	0.000000	0	0	0	
609906	2104	0.080000	11.080000	9.250000	1.300000	0.000000	68.000000	24.000000	106	0.000000	0.000000	0.000000	0	0	0	
610109	2116	0.080000	10.900000	9.070000	1.290000	0.000000	68.000000	24.000000	105	0.000000	0.000000	0.000000	0	0	0	
610391	2139	0.080000	10.940000	9.110000	1.290000	0.000000	68.000000	24.000000	123	0.000000	0.000000	0.000000	0	0	0	
610578	2154	0.080000	11.160000	9.260000	1.290000	0.000000	68.000000	24.000000	122	0.000000	0.000000	0.000000	0	0	0	
610766	2160	0.080000	11.350000	9.370000	1.290000	0.000000	68.000000	24.000000	122	0.000000	0.000000	0.000000	0	0	0	
610953	2164	0.080000	10.990000	9.090000	1.290000	0.000000	68.000000	24.000000	122	0.000000	0.000000	0.000000	0	0	0	
611156	2179	0.080000	11.050000	9.150000	1.290000	0.000000	68.000000	24.000000	122	0.000000	0.000000	0.000000	0	0	0	
611344	2202	0.080000	11.290000	9.250000	1.290000	0.000000	68.000000	24.000000	122	0.000000	0.000000	0.000000	0	0	0	
611531	2206	0.080000	11.360000	9.260000	1.290000	0.000000	68.000000	24.000000	122	0.000000	0.000000	0.000000	0	0	0	
611719	2201	0.080000	10.520000	8.950000	1.280000	0.000000	68.000000	24.000000	122	0.000000	0.000000	0.000000	0	0	0	
611922	2227	0.080000	11.160000	9.130000	1.290000	0.000000	68.000000	24.000000	122	0.000000	0.000000	0.000000	0	0	0	
612109	2243	0.080000	11.230000	9.130000	1.280000	0.000000	68.000000	24.000000	123	0.000000	0.000000	0.000000	0	0	0	
612297	2260	0.080000	10.560000	8.610000	1.270000	0.000000	68.000000	24.000000	122	0.000000	0.000000	0.000000	0	0	0	
612500	2265	0.080000	10.240000	8.490000	1.260000	0.000000	68.000000	24.000000	123	0.000000	0.000000	0.000000	0	0	0	
612687	2277	0.080000	10.570000	8.690000	1.260000	0.000000	68.000000	24.000000	122	0.000000	0.000000	0.000000	0	0	0	
612875	2283	0.080000	10.720000	8.770000	1.250000	0.000000	68.000000	24.000000	123	0.000000	0.000000	0.000000	0	0	0	
613062	2290	0.080000	10.550000	8.670000	1.260000	0.000000	68.000000	24.000000	122	0.000000	0.000000	0.000000	0	0	0	
613266	2306	0.080000	10.460000	8.640000	1.260000	0.000000	68.000000	24.000000	122	0.000000	0.000000	0.000000	0	0	0	
613453	2312	0.080000	10.710000	8.760000	1.250000	0.000000	68.000000	24.000000	122	0.000000	0.000000	0.000000	0	0	0	
613641	2323	0.080000	10.750000	8.800000	1.260000	0.000000	68.000000	24.000000	122	0.000000	0.000000	0.000000	0	0	0	
613828	2325	0.080000	10.430000	8.610000	1.260000	0.000000	68.000000	24.000000	122	0.000000	0.000000	0.000000	0	0	0	
614031	2345	0.080000	10.170000	8.420000	1.240000	0.000000	68.000000	24.000000	122	0.000000	0.000000	0.000000	0	0	0	
614297	2094	0.080000	4.550000	3.980000	1.140000	0.000000	68.000000	24.000000	106	0.000000	0.000000	0.000000	0	0	0	
614500	2074	0.080000	0.000000	0.000000	1.130000	0.000000	68.000000	24.000000	254	0.000000	0.000000	0.000000	0	0	0	
614719	1751	0.080000	0.000000	0.000000	1.130000	0.000000	68.000000	24.000000	254	0.000000	0.000000	0.000000	0	0	0	
614891	1535	0.080000	0.000000	0.000000	1.130000	0.000000	68.000000	24.000000	254	0.000000	0.000000	0.000000	0	0	0	
615062	1285	0.080000	0.000000	0.000000	1.130000	0.000000	68.000000	24.000000	254	0.000000	0.000000	0.000000	0	0	0	
615266	1043	0.080000	6.370000	5.180000	1.070000	0.000000	68.000000	24.000000	253	0.000000	0.000000	0.000000	0	0	0	
615484	1141	0.080000	6.510000	5.250000	1.060000	0.000000	68.000000	24.000000	254	0.000000	0.000000	0.000000	0	0	0	
615687	1114	0.080000	6.340000	5.090000	1.060000	0.000000	68.000000	24.000000	254	0.000000	0.000000	0.000000	0	0	0	
615875	1104	0.080000	6.270000	4.900000	1.060000	0.000000	68.000000	24.000000	254	0.000000	0.000000	0.000000	0	0	0	
616078	1058	0.080000	5.960000	4.770000	1.050000	0.000000	68.000000	24.000000	254	0.000000	0.000000	0.000000	0	0	0	
616266	1035	0.080000	5.090000	4.220000	1.060000	0.000000	68.000000	24.000000	73	0.000000	0.000000	0.000000	0	0	0	
616453	1026	0.080000	5.000000	4.110000	1.050000	0.000000	68.000000	24.000000	135	0.000000	0.000000	0.000000	0	0	0	
616656	1017	0.080000	4.830000	4.090000	1.050000	0.000000	68.000000	24.000000	56	0.000000	0.000000	0.000000	0	0	0	
616859	996	0.080000	4.690000	4.030000	1.050000	0.000000	68.000000	24.000000	56	0.000000	0.000000	0.000000	0	0	0	
617047	961	0.080000	4.690000	4.040000	1.060000	0.000000	68.000000	24.000000	55	0.000000	0.000000	0.000000	0	0	0	
617250	919	0.080000	4.820000	4.100000	1.070000	0.000000	68.000000	24.000000	55	0.000000	0.000000	0.000000	0	0	0	
617437	891	0.080000	4.820000	4.100000	1.080000	0.000000	68.000000	24.000000	56	0.000000	0.000000	0.000000	0	0	0	
617641	879	0.080000	5.140000	4.260000	1.080000	0.000000	68.000000	24.000000	56	0.000000	0.000000	0.000000	0	0	0	
617828	898	0.080000	5.320000	4.340000	1.080000	0.000000	68.000000	24.000000	56	0.000000	0.000000	0.000000	0	0	0	
618016	920	0.080000	5.310000	4.340000	1.080000	0.000000	68.000000	24.000000	54	0.000000	0.000000	0.000000	0	0	0	
618297	905	0.080000	5.210000	4.290000	1.080000	0.000000	68.000000	24.000000	15	0.000000	0.000000	0.000000	0	0	0	
618484	911	0.080000	5.320000	4.340000	1.080000	0.000000	68.000000	24.000000	15	0.000000	0.000000	0.000000	0	0	0	
618672	918	0.080000	5.370000	4.350000	1.080000	0.000000	68.000000	24.000000	14	0.000000	0.000000	0.000000	0	0	0	
618859	917	0.080000	5.310000	4.330000	1.070000	0.000000	68.000000	24.000000	15	0.000000	0.000000	0.000000	0	0	0	
619062	910	0.080000	5.410000	4.370000	1.080000	0.000000	68.000000	24.000000	15	0.000000	0.000000	0.000000	0	0	0	
619250	910	0.080000	5.360000	4.350000	1.080000	0.000000	68.000000	24.000000	0	0.000000	0.000000	0.000000	0	0	0	
619422	917	0.080000	5.480000	4.400000	1.080000	0.000000	68.000000	24.000000	0	0.000000	0.000000	0.000000	0	0	0	
619625	919	0.080000	5.430000	4.390000	1.080000	0.000000	68.000000	24.000000	0	0.000000	0.000000	0.000000	0	0	0	
619812	905	0.080000	5.310000	4.340000	1.080000	0.000000	68.000000	24.000000	0	0.000000	0.000000	0.000000	0	0	0	
620000	906	0.080000	5.320000	4.340000	1.090000	0.000000	68.000000	24.000000	0	0.000000	0.000000	0.000000	0	0	0	
620187	924	0.080000	5.510000	4.440000	1.090000	0.000000	68.000000	24.000000	56	0.000000	0.000000	0.000000	0	0	0	
620406	991	0.080000	5.310000	4.330000	1.070000	0.000000	68.000000	24.000000	107	0.000000	0.000000	0.000000	0	0	0	
620609	1367	0.080000	5.430000	4.350000	1.060000	0.000000	68.000000	24.000000	123	0.000000	0.000000	0.000000	0	0	0	
620797	1492	0.080000	5.600000	4.340000	1.050000	0.000000	68.000000	24.000000	122	0.000000	0.000000	0.000000	0	0	0	
620984	1346	0.080000	5.790000	4.490000	1.070000	0.000000	68.000000	24.000000	123	0.000000	0.000000	0.000000	0	0	0	
621203	1467	0.080000	6.720000	5.300000	1.090000	0.000000	68.000000	24.000000	122	0.000000	0.000000	0.000000	0	0	0	
621406	1403	0.080000	7.800000	6.410000	1.120000	0.000000	68.000000	24.000000	156	0.000000	0.000000	0.000000	0	0	0	
621594	1405	0.080000	11.990000	10.730000	1.260000	0.000000	68.000000	24.000000	156	0.000000	0.000000	0.000000	0	0	0	
621797	1457	0.080000	13.380000	12.080000	1.320000	0.000000	68.000000	24.000000	156	0.000000	0.000000	0.000000	0	0	0	
621984	1528	0.080000	13.570000	12.170000	1.360000	0.000000	68.000000	24.000000	179	0.000000	0.000000	0.000000	0	0	0	
622266	1607	0.080000	1.900000	0.840000	1.380000	0.000000	69.000000	24.000000	254	0.000000	0.000000	0.000000	0	0	0	
622484	1676	0.080000	14.250000	12.860000	1.400000	0.000000	69.000000	24.000000	254	0.000000	0.000000	0.000000	0	0	0	
622672	1763	0.080000	14.340000	13.050000	1.390000	0.000000	69.000000	24.000000	254	0.000000	0.000000	0.000000	0	0	0	
622859	1850	0.080000	14.020000	12.720000	1.380000	0.000000	69.000000	24.000000	254	0.000000	0.000000	0.000000	0	0	0	
623047	1920	0.080000	13.620000	12.320000	1.380000	0.000000	69.000000	24.000000	254	0.000000	0.000000	0.000000	0	0	0	
623250	1990	0.080000	12.830000	11.340000	1.370000	0.000000	69.000000	24.000000	254	0.000000	0.000000	0.000000	0	0	0	
623437	2068	0.080000	12.650000	10.840000	1.350000	0.000000	69.000000	24.000000	254	0.000000	0.000000	0.000000	0	0	0	
623641	2150	0.080000	12.170000	10.020000	1.330000	0.000000	69.000000	24.000000	179	0.000000	0.000000	0.000000	0	0	0	
623828	2221	0.080000	11.830000	9.630000	1.330000	0.000000	69.000000	24.000000	179	0.000000	0.000000	0.000000	0	0	0	
624031	2278	0.080000	11.420000	9.370000	1.310000	0.000000	69.000000	25.000000	179	0.000000	0.000000	0.000000	0	0	0	
624234	2340	0.080000	11.230000	9.200000	1.300000	0.000000	69.000000	25.000000	179	0.000000	0.000000	0.000000	0	0	0	
624422	2392	0.080000	10.640000	8.700000	1.290000	0.000000	69.000000	25.000000	179	0.000000	0.000000	0.000000	0	0	0	
624625	2455	0.080000	9.790000	8.160000	1.260000	0.000000	69.000000	25.000000	179	0.000000	0.000000	0.000000	0	0	0	
624812	2499	0.080000	2.070000	1.010000	1.220000	0.000000	69.000000	25.000000	156	0.000000	0.000000	0.000000	0	0	0	
625000	2325	0.080000	0.000000	0.000000	1.180000	0.000000	69.000000	25.000000	254	0.000000	0.000000	0.000000	0	0	0	
625203	2034	0.080000	0.000000	0.000000	1.180000	0.000000	69.000000	25.000000	254	0.000000	0.000000	0.000000	0	0	0	
625391	1752	0.080000	0.000000	0.000000	1.180000	0.000000	69.000000	25.000000	106	0.000000	0.000000	0.000000	0	0	0	
625578	1479	0.080000	0.000000	0.000000	1.180000	0.000000	69.000000	25.000000	106	0.000000	0.000000	0.000000	0	0	0	
625750	1214	0.080000	0.000000	0.000000	1.180000	0.000000	69.000000	25.000000	106	0.000000	0.000000	0.000000	0	0	0	
625953	1250	0.080000	5.870000	4.820000	1.070000	0.000000	69.000000	25.000000	106	0.000000	0.000000	0.000000	0	0	0	
626234	1669	0.080000	4.600000	3.840000	1.010000	0.000000	69.000000	25.000000	106	0.000000	0.000000	0.000000	0	0	0	
626437	1643	0.080000	4.970000	4.160000	1.020000	0.000000	69.000000	25.000000	105	0.000000	0.000000	0.000000	0	0	0	
626625	1610	0.080000	5.140000	4.190000	1.030000	0.000000	69.000000	25.000000	254	0.000000	0.000000	0.000000	0	0	0	
626844	1597	0.080000	4.880000	4.090000	1.040000	0.000000	69.000000	25.000000	254	0.000000	0.000000	0.000000	0	0	0	
627031	1592	0.080000	5.110000	4.210000	1.060000	0.000000	69.000000	25.000000	254	0.000000	0.000000	0.000000	0	0	0	
627219	1604	0.080000	5.250000	4.270000	1.060000	0.000000	69.000000	25.000000	254	0.000000	0.000000	0.000000	0	0	0	
627422	1611	0.080000	5.840000	4.540000	1.060000	0.000000	69.000000	25.000000	254	0.000000	0.000000	0.000000	0	0	0	
627625	1607	0.080000	5.980000	4.650000	1.070000	0.000000	69.000000	25.000000	254	0.000000	0.000000	0.000000	0	0	0	
627812	1611	0.080000	6.150000	4.810000	1.080000	0.000000	69.000000	25.000000	254	0.000000	0.000000	0.000000	0	0	0	
628000	1613	0.080000	6.210000	5.000000	1.090000	0.000000	69.000000	25.000000	112	0.000000	0.000000	0.000000	0	0	0	
628187	1632	0.080000	6.290000	5.030000	1.090000	0.000000	69.000000	25.000000	106	0.000000	0.000000	0.000000	0	0	0	
628391	1631	0.080000	6.280000	5.020000	1.090000	0.000000	69.000000	25.000000	105	0.000000	0.000000	0.000000	0	0	0	
628578	1634	0.080000	6.260000	5.010000	1.090000	0.000000	69.000000	25.000000	107	0.000000	0.000000	0.000000	0	0	0	
628766	1638	0.080000	6.310000	5.050000	1.090000	0.000000	69.000000	25.000000	105	0.000000	0.000000	0.000000	0	0	0	
628969	1653	0.080000	6.250000	4.990000	1.090000	0.000000	69.000000	25.000000	106	0.000000	0.000000	0.000000	0	0	0	
629156	1647	0.080000	6.350000	5.060000	1.090000	0.000000	69.000000	25.000000	106	0.000000	0.000000	0.000000	0	0	0	
629344	1654	0.080000	6.430000	5.110000	1.090000	0.000000	69.000000	25.000000	240	0.000000	0.000000	0.000000	0	0	0	
629531	1665	0.080000	6.260000	4.990000	1.080000	0.000000	69.000000	25.000000	254	0.000000	0.000000	0.000000	0	0	0	
629734	1668	0.080000	6.250000	5.020000	1.080000	0.000000	69.000000	25.000000	254	0.000000	0.000000	0.000000	0	0	0	
629922	1680	0.080000	6.320000	5.060000	1.080000	0.000000	69.000000	25.000000	105	0.000000	0.000000	0.000000	0	0	0	
630187	1717	0.080000	6.220000	4.960000	1.080000	0.000000	69.000000	25.000000	106	0.000000	0.000000	0.000000	0	0	0	
630406	1714	0.080000	6.290000	5.050000	1.080000	0.000000	69.000000	25.000000	106	0.000000	0.000000	0.000000	0	0	0	
630609	1716	0.080000	6.170000	4.960000	1.080000	0.000000	69.000000	25.000000	106	0.000000	0.000000	0.000000	0	0	0	
630797	1726	0.080000	6.210000	4.950000	1.080000	0.000000	69.000000	25.000000	106	0.000000	0.000000	0.000000	0	0	0	
630984	1731	0.080000	6.190000	4.990000	1.070000	0.000000	69.000000	25.000000	105	0.000000	0.000000	0.000000	0	0	0	
631203	1728	0.080000	6.090000	4.890000	1.080000	0.000000	69.000000	25.000000	105	0.000000	0.000000	0.000000	0	0	0	
631406	1552	0.080000	6.370000	5.120000	1.080000	0.000000	69.000000	25.000000	253	0.000000	0.000000	0.000000	0	0	0	
631609	1505	0.080000	0.000000	0.000000	1.090000	0.000000	69.000000	25.000000	254	0.000000	0.000000	0.000000	0	0	0	
631828	1178	0.080000	0.000000	0.000000	1.090000	0.000000	69.000000	25.000000	254	0.000000	0.000000	0.000000	0	0	0	
632031	1050	0.080000	6.220000	5.100000	1.070000	0.000000	69.000000	25.000000	140	0.000000	0.000000	0.000000	0	0	0	
632219	1140	0.080000	6.470000	5.290000	1.070000	0.000000	69.000000	25.000000	254	0.000000	0.000000	0.000000	0	0	0	
632422	1184	0.080000	6.360000	5.170000	1.070000	0.000000	69.000000	25.000000	57	0.000000	0.000000	0.000000	0	0	0	
632641	1201	0.080000	5.960000	4.780000	1.060000	0.000000	69.000000	25.000000	56	0.000000	0.000000	0.000000	0	0	0	
632844	1187	0.080000	5.550000	4.400000	1.040000	0.000000	69.000000	25.000000	0	0.000000	0.000000	0.000000	0	0	0	
633031	1147	0.080000	4.450000	3.830000	1.040000	0.000000	69.000000	25.000000	0	0.000000	0.000000	0.000000	0	0	0	
633234	1071	0.080000	4.330000	3.720000	1.040000	0.000000	69.000000	25.000000	0	0.000000	0.000000	0.000000	0	0	0	
633422	987	0.080000	4.310000	3.740000	1.040000	0.000000	69.000000	25.000000	0	0.000000	0.000000	0.000000	0	0	0	
633609	918	0.080000	4.490000	3.880000	1.050000	0.000000	69.000000	25.000000	0	0.000000	0.000000	0.000000	0	0	0	
633797	838	0.080000	4.850000	4.120000	1.070000	0.000000	69.000000	25.000000	0	0.000000	0.000000	0.000000	0	0	0	
634000	841	0.080000	5.560000	4.460000	1.080000	0.000000	69.000000	25.000000	0	0.000000	0.000000	0.000000	0	0	0	
634266	903	0.080000	5.460000	4.420000	1.070000	0.000000	69.000000	25.000000	0	0.000000	0.000000	0.000000	0	0	0	
634453	913	0.080000	5.220000	4.300000	1.070000	0.000000	69.000000	25.000000	0	0.000000	0.000000	0.000000	0	0	0	
634656	898	0.080000	5.210000	4.300000	1.080000	0.000000	69.000000	25.000000	254	0.000000	0.000000	0.000000	0	0	0	
634859	903	0.080000	5.200000	4.310000	1.080000	0.000000	69.000000	25.000000	186	0.000000	0.000000	0.000000	0	0	0	
635062	908	0.080000	5.250000	4.320000	1.080000	0.000000	69.000000	25.000000	252	0.000000	0.000000	0.000000	0	0	0	
635250	913	0.080000	5.260000	4.320000	1.080000	0.000000	69.000000	25.000000	254	0.000000	0.000000	0.000000	0	0	0	
635453	901	0.080000	5.210000	4.300000	1.080000	0.000000	69.000000	25.000000	253	0.000000	0.000000	0.000000	0	0	0	
635641	894	0.080000	5.370000	4.370000	1.080000	0.000000	69.000000	25.000000	254	0.000000	0.000000	0.000000	0	0	0	
635828	908	0.080000	5.250000	4.320000	1.090000	0.000000	69.000000	25.000000	72	0.000000	0.000000	0.000000	0	0	0	
636016	904	0.080000	5.400000	4.400000	1.080000	0.000000	69.000000	25.000000	0	0.000000	0.000000	0.000000	0	0	0	
636234	893	0.080000	5.260000	4.340000	1.090000	0.000000	69.000000	25.000000	0	0.000000	0.000000	0.000000	0	0	0	
636422	890	0.080000	5.580000	4.530000	1.090000	0.000000	69.000000	25.000000	0	0.000000	0.000000	0.000000	0	0	0	
636594	906	0.080000	5.610000	4.540000	1.090000	0.000000	69.000000	25.000000	0	0.000000	0.000000	0.000000	0	0	0	
636781	917	0.080000	5.580000	4.500000	1.080000	0.000000	69.000000	25.000000	15	0.000000	0.000000	0.000000	0	0	0	
636984	917	0.080000	5.640000	4.540000	1.070000	0.000000	69.000000	25.000000	15	0.000000	0.000000	0.000000	0	0	0	
637172	918	0.080000	5.560000	4.460000	1.070000	0.000000	69.000000	25.000000	241	0.000000	0.000000	0.000000	0	0	0	
637359	919	0.080000	5.570000	4.470000	1.070000	0.000000	69.000000	25.000000	58	0.000000	0.000000	0.000000	0	0	0	
637547	922	0.080000	5.440000	4.400000	1.070000	0.000000	69.000000	25.000000	54	0.000000	0.000000	0.000000	0	0	0	
637734	907	0.080000	5.500000	4.420000	1.070000	0.000000	69.000000	25.000000	14	0.000000	0.000000	0.000000	0	0	0	
637937	897	0.080000	5.510000	4.440000	1.070000	0.000000	69.000000	25.000000	14	0.000000	0.000000	0.000000	0	0	0	
638187	902	0.080000	5.440000	4.420000	1.070000	0.000000	69.000000	25.000000	15	0.000000	0.000000	0.000000	0	0	0	
638391	901	0.080000	5.560000	4.450000	1.070000	0.000000	69.000000	25.000000	16	0.000000	0.000000	0.000000	0	0	0	
638578	904	0.080000	5.400000	4.390000	1.070000	0.000000	69.000000	25.000000	15	0.000000	0.000000	0.000000	0	0	0	
638766	890	0.080000	5.500000	4.430000	1.070000	0.000000	69.000000	25.000000	14	0.000000	0.000000	0.000000	0	0	0	
638984	897	0.080000	5.500000	4.430000	1.070000	0.000000	69.000000	25.000000	0	0.000000	0.000000	0.000000	0	0	0	
639172	890	0.080000	5.280000	4.330000	1.060000	0.000000	70.000000	25.000000	72	0.000000	0.000000	0.000000	0	0	0	
639359	845	0.080000	4.980000	4.190000	1.070000	0.000000	70.000000	25.000000	8	0.000000	0.000000	0.000000	0	0	0	
639547	786	0.080000	4.720000	4.070000	1.070000	0.000000	70.000000	25.000000	254	0.000000	0.000000	0.000000	0	0	0	
639750	758	0.080000	1.850000	1.350000	1.210000	0.000000	70.000000	25.000000	111	0.000000	0.000000	0.000000	0	0	0	
639953	986	0.080000	1.660000	0.920000	1.250000	0.000000	70.000000	25.000000	107	0.000000	0.000000	0.000000	0	0	0	
640141	1508	0.080000	10.960000	9.930000	1.230000	0.000000	70.000000	25.000000	105	0.000000	0.000000	0.000000	0	0	0	
640328	1719	0.080000	9.300000	8.050000	1.190000	0.000000	70.000000	25.000000	106	0.000000	0.000000	0.000000	0	0	0	
640547	1768	0.080000	6.100000	5.090000	1.130000	0.000000	70.000000	25.000000	73	0.000000	0.000000	0.000000	0	0	0	
640734	1594	0.080000	6.060000	4.860000	1.080000	0.000000	70.000000	25.000000	14	0.000000	0.000000	0.000000	0	0	0	
640937	1354	0.080000	6.020000	4.750000	1.080000	0.000000	70.000000	25.000000	15	0.000000	0.000000	0.000000	0	0	0	
641141	1120	0.080000	6.160000	5.060000	1.100000	0.000000	70.000000	25.000000	56	0.000000	0.000000	0.000000	0	0	0	
641328	959	0.080000	1.650000	0.900000	1.130000	0.000000	70.000000	25.000000	56	0.000000	0.000000	0.000000	0	0	0	
641516	854	0.080000	7.070000	6.310000	1.160000	0.000000	70.000000	25.000000	55	0.000000	0.000000	0.000000	0	0	0	
641703	807	0.080000	7.070000	6.300000	1.170000	0.000000	70.000000	25.000000	55	0.000000	0.000000	0.000000	0	0	0	
641906	759	0.080000	7.670000	6.990000	1.190000	0.000000	70.000000	25.000000	55	0.000000	0.000000	0.000000	0	0	0	
642172	874	0.080000	8.050000	7.420000	1.190000	0.000000	70.000000	25.000000	107	0.000000	0.000000	0.000000	0	0	0	
642375	916	0.080000	7.980000	7.340000	1.190000	0.000000	70.000000	25.000000	107	0.000000	0.000000	0.000000	0	0	0	
642594	960	0.080000	8.050000	7.420000	1.200000	0.000000	70.000000	25.000000	72	0.000000	0.000000	0.000000	0	0	0	
642781	1043	0.080000	7.820000	7.160000	1.180000	0.000000	70.000000	25.000000	72	0.000000	0.000000	0.000000	0	0	0	
642969	1152	0.080000	6.630000	5.630000	1.120000	0.000000	70.000000	25.000000	72	0.000000	0.000000	0.000000	0	0	0	
643156	1351	0.080000	5.420000	4.380000	1.060000	0.000000	70.000000	25.000000	74	0.000000	0.000000	0.000000	0	0	0	
643359	1430	0.080000	5.150000	4.240000	1.060000	0.000000	70.000000	25.000000	106	0.000000	0.000000	0.000000	0	0	0	
643547	1472	0.080000	5.380000	4.320000	1.050000	0.000000	70.000000	25.000000	105	0.000000	0.000000	0.000000	0	0	0	
643734	1514	0.080000	5.180000	4.250000	1.040000	0.000000	70.000000	25.000000	123	0.000000	0.000000	0.000000	0	0	0	
643953	1508	0.080000	5.110000	4.220000	1.040000	0.000000	70.000000	26.000000	254	0.000000	0.000000	0.000000	0	0	0	
644172	1453	0.080000	5.520000	4.370000	1.040000	0.000000	70.000000	26.000000	254	0.000000	0.000000	0.000000	0	0	0	
644359	1424	0.080000	5.320000	4.310000	1.050000	0.000000	70.000000	26.000000	254	0.000000	0.000000	0.000000	0	0	0	
644547	1330	0.080000	3.200000	1.460000	1.050000	0.000000	70.000000	26.000000	254	0.000000	0.000000	0.000000	0	0	0	
644750	1554	0.080000	18.520000	18.010000	1.370000	0.000000	70.000000	26.000000	254	0.000000	0.000000	0.000000	0	0	0	
644953	2256	0.080000	12.690000	9.830000	1.260000	0.000000	70.000000	26.000000	254	0.000000	0.000000	0.000000	0	0	0	
645156	2093	0.080000	7.810000	6.760000	1.160000	0.000000	70.000000	26.000000	179	0.000000	0.000000	0.000000	0	0	0	
645359	1427	0.080000	2.000000	1.200000	1.140000	0.000000	70.000000	26.000000	179	0.000000	0.000000	0.000000	0	0	0	
645578	834	0.080000	1.850000	1.360000	1.380000	0.000000	70.000000	26.000000	254	0.000000	0.000000	0.000000	0	0	0	
645766	942	0.080000	14.140000	15.100000	1.420000	0.000000	70.000000	26.000000	254	0.000000	0.000000	0.000000	0	0	0	
645969	1091	0.080000	13.200000	13.510000	1.400000	0.000000	70.000000	26.000000	254	0.000000	0.000000	0.000000	0	0	0	
646266	1309	0.080000	14.460000	13.910000	1.400000	0.000000	70.000000	26.000000	254	0.000000	0.000000	0.000000	0	0	0	
646469	1598	0.080000	14.870000	13.720000	1.400000	0.000000	70.000000	26.000000	254	0.000000	0.000000	0.000000	0	0	0	
646672	1830	0.080000	15.120000	13.990000	1.390000	0.000000	70.000000	26.000000	254	0.000000	0.000000	0.000000	0	0	0	
646875	2035	0.080000	15.150000	14.220000	1.390000	0.000000	70.000000	26.000000	254	0.000000	0.000000	0.000000	0	0	0	
647062	2076	0.080000	6.480000	5.540000	1.290000	0.000000	70.000000	26.000000	254	0.000000	0.000000	0.000000	0	0	0	
647266	1853	0.080000	0.000000	0.000000	1.300000	0.000000	70.000000	26.000000	254	0.000000	0.000000	0.000000	0	0	0	
647437	1596	0.080000	0.000000	0.000000	1.300000	0.000000	70.000000	26.000000	254	0.000000	0.000000	0.000000	0	0	0	
647656	1370	0.080000	1.820000	0.910000	1.170000	0.000000	70.000000	26.000000	254	0.000000	0.000000	0.000000	0	0	0	
647859	1305	0.080000	5.010000	4.280000	1.320000	0.000000	70.000000	26.000000	180	0.000000	0.000000	0.000000	0	0	0	
648062	1486	0.080000	15.300000	14.480000	1.410000	0.000000	70.000000	26.000000	72	0.000000	0.000000	0.000000	0	0	0	
648281	1660	0.080000	15.150000	14.110000	1.390000	0.000000	70.000000	26.000000	109	0.000000	0.000000	0.000000	0	0	0	
648484	1439	0.080000	14.800000	13.650000	1.400000	0.000000	70.000000	26.000000	254	0.000000	0.000000	0.000000	0	0	0	
648687	1588	0.080000	15.050000	14.010000	1.400000	0.000000	70.000000	26.000000	254	0.000000	0.000000	0.000000	0	0	0	
648875	1662	0.080000	2.170000	1.360000	1.420000	0.000000	70.000000	26.000000	254	0.000000	0.000000	0.000000	0	0	0	
649078	1738	0.080000	15.790000	14.880000	1.440000	0.000000	70.000000	26.000000	254	0.000000	0.000000	0.000000	0	0	0	
649281	1827	0.080000	16.080000	15.190000	1.430000	0.000000	70.000000	26.000000	254	0.000000	0.000000	0.000000	0	0	0	
649484	1910	0.080000	16.160000	15.280000	1.430000	0.000000	70.000000	26.000000	156	0.000000	0.000000	0.000000	0	0	0	
649703	2008	0.080000	16.170000	15.290000	1.420000	0.000000	70.000000	26.000000	122	0.000000	0.000000	0.000000	0	0	0	
649891	2096	0.080000	14.980000	14.040000	1.430000	0.000000	70.000000	26.000000	254	0.000000	0.000000	0.000000	0	0	0	
650094	2176	0.080000	15.460000	14.540000	1.400000	0.000000	70.000000	26.000000	254	0.000000	0.000000	0.000000	0	0	0	
650359	2293	0.080000	15.870000	14.860000	1.400000	0.000000	70.000000	26.000000	254	0.000000	0.000000	0.000000	0	0	0	
650562	2375	0.080000	15.180000	13.930000	1.410000	0.000000	70.000000	26.000000	254	0.000000	0.000000	0.000000	0	0	0	
650750	2443	0.080000	15.200000	14.060000	1.390000	0.000000	70.000000	26.000000	254	0.000000	0.000000	0.000000	0	0	0	
650937	2525	0.080000	14.930000	13.680000	1.400000	0.000000	70.000000	26.000000	254	0.000000	0.000000	0.000000	0	0	0	
651141	2616	0.080000	14.610000	13.250000	1.390000	0.000000	70.000000	26.000000	254	0.000000	0.000000	0.000000	0	0	0	
651328	2685	0.080000	6.220000	5.380000	1.300000	0.000000	70.000000	26.000000	254	0.000000	0.000000	0.000000	0	0	0	
651531	2349	0.080000	0.000000	0.000000	1.260000	0.000000	70.000000	26.000000	254	0.000000	0.000000	0.000000	0	0	0	
651734	2055	0.080000	0.000000	0.000000	1.270000	0.000000	70.000000	27.000000	254	0.000000	0.000000	0.000000	0	0	0	
651922	1779	0.080000	0.000000	0.000000	1.270000	0.000000	70.000000	27.000000	254	0.000000	0.000000	0.000000	0	0	0	
652109	1519	0.080000	0.000000	0.000000	1.270000	0.000000	70.000000	27.000000	106	0.000000	0.000000	0.000000	0	0	0	
652312	1531	0.080000	5.600000	4.560000	1.160000	0.000000	70.000000	27.000000	55	0.000000	0.000000	0.000000	0	0	0	
652516	1773	0.080000	4.580000	3.850000	1.020000	0.000000	70.000000	27.000000	83	0.000000	0.000000	0.000000	0	0	0	
652734	1720	0.080000	4.590000	3.860000	1.000000	0.000000	70.000000	27.000000	246	0.000000	0.000000	0.000000	0	0	0	
652922	1744	0.080000	4.660000	3.940000	1.010000	0.000000	70.000000	27.000000	254	0.000000	0.000000	0.000000	0	0	0	
653125	1741	0.080000	4.620000	3.890000	1.010000	0.000000	70.000000	27.000000	254	0.000000	0.000000	0.000000	0	0	0	
653328	1693	0.080000	4.390000	3.590000	1.020000	0.000000	70.000000	27.000000	254	0.000000	0.000000	0.000000	0	0	0	
653516	1701	0.080000	4.390000	3.630000	1.020000	0.000000	70.000000	27.000000	241	0.000000	0.000000	0.000000	0	0	0	
653719	1674	0.080000	4.420000	3.690000	1.020000	0.000000	70.000000	27.000000	72	0.000000	0.000000	0.000000	0	0	0	
653922	1694	0.080000	4.400000	3.660000	1.020000	0.000000	70.000000	27.000000	73	0.000000	0.000000	0.000000	0	0	0	
654141	1663	0.080000	4.410000	3.680000	1.020000	0.000000	70.000000	27.000000	72	0.000000	0.000000	0.000000	0	0	0	
654406	1661	0.080000	4.390000	3.660000	1.020000	0.000000	70.000000	27.000000	246	0.000000	0.000000	0.000000	0	0	0	
654594	1667	0.080000	4.400000	3.660000	1.020000	0.000000	71.000000	27.000000	134	0.000000	0.000000	0.000000	0	0	0	
654797	1656	0.080000	4.410000	3.680000	1.020000	0.000000	70.000000	27.000000	97	0.000000	0.000000	0.000000	0	0	0	
655000	1655	0.080000	4.450000	3.750000	1.020000	0.000000	70.000000	27.000000	72	0.000000	0.000000	0.000000	0	0	0	
655203	1645	0.080000	4.500000	3.790000	1.030000	0.000000	70.000000	27.000000	252	0.000000	0.000000	0.000000	0	0	0	
655391	1641	0.080000	4.440000	3.730000	1.020000	0.000000	70.000000	27.000000	74	0.000000	0.000000	0.000000	0	0	0	
655594	1641	0.080000	4.490000	3.790000	1.020000	0.000000	70.000000	27.000000	72	0.000000	0.000000	0.000000	0	0	0	
655781	1629	0.080000	4.510000	3.820000	1.030000	0.000000	70.000000	27.000000	74	0.000000	0.000000	0.000000	0	0	0	
655984	1624	0.080000	4.520000	3.820000	1.030000	0.000000	70.000000	27.000000	73	0.000000	0.000000	0.000000	0	0	0	
656187	1619	0.080000	4.590000	3.920000	1.020000	0.000000	70.000000	27.000000	253	0.000000	0.000000	0.000000	0	0	0	
656391	1623	0.080000	4.540000	3.860000	1.030000	0.000000	70.000000	27.000000	73	0.000000	0.000000	0.000000	0	0	0	
656578	1609	0.080000	4.590000	3.910000	1.030000	0.000000	70.000000	27.000000	73	0.000000	0.000000	0.000000	0	0	0	
656781	1612	0.080000	4.600000	3.930000	1.030000	0.000000	70.000000	27.000000	74	0.000000	0.000000	0.000000	0	0	0	
656984	1526	0.080000	4.610000	3.930000	1.060000	0.000000	70.000000	27.000000	74	0.000000	0.000000	0.000000	0	0	0	
657187	1202	0.080000	0.000000	0.000000	1.070000	0.000000	70.000000	27.000000	73	0.000000	0.000000	0.000000	0	0	0	
657391	988	0.080000	5.860000	4.750000	1.070000	0.000000	70.000000	27.000000	71	0.000000	0.000000	0.000000	0	0	0	
657594	1066	0.080000	5.910000	4.850000	1.070000	0.000000	70.000000	27.000000	217	0.000000	0.000000	0.000000	0	0	0	
657781	1109	0.080000	5.940000	4.830000	1.070000	0.000000	70.000000	27.000000	71	0.000000	0.000000	0.000000	0	0	0	
657984	1144	0.080000	5.750000	4.550000	1.060000	0.000000	70.000000	27.000000	73	0.000000	0.000000	0.000000	0	0	0	
658172	1138	0.080000	5.000000	4.200000	1.050000	0.000000	70.000000	27.000000	72	0.000000	0.000000	0.000000	0	0	0	
658453	1075	0.080000	4.600000	3.950000	1.040000	0.000000	70.000000	27.000000	14	0.000000	0.000000	0.000000	0	0	0	
658656	1002	0.080000	4.480000	3.870000	1.040000	0.000000	70.000000	27.000000	0	0.000000	0.000000	0.000000	0	0	0	
658828	945	0.080000	4.490000	3.890000	1.050000	0.000000	70.000000	27.000000	0	0.000000	0.000000	0.000000	0	0	0	
659031	854	0.080000	1.620000	0.790000	1.070000	0.000000	70.000000	27.000000	0	0.000000	0.000000	0.000000	0	0	0	
659234	849	0.080000	5.680000	4.570000	1.080000	0.000000	70.000000	27.000000	0	0.000000	0.000000	0.000000	0	0	0	
659422	897	0.080000	5.640000	4.520000	1.080000	0.000000	70.000000	27.000000	0	0.000000	0.000000	0.000000	0	0	0	
659625	920	0.080000	5.620000	4.510000	1.080000	0.000000	70.000000	27.000000	0	0.000000	0.000000	0.000000	0	0	0	
659828	915	0.080000	5.480000	4.430000	1.080000	0.000000	70.000000	27.000000	0	0.000000	0.000000	0.000000	0	0	0	
660016	901	0.080000	5.440000	4.420000	1.080000	0.000000	70.000000	27.000000	0	0.000000	0.000000	0.000000	0	0	0	
660203	911	0.080000	5.440000	4.420000	1.080000	0.000000	70.000000	27.000000	0	0.000000	0.000000	0.000000	0	0	0	
660391	913	0.080000	5.600000	4.490000	1.070000	0.000000	70.000000	27.000000	0	0.000000	0.000000	0.000000	0	0	0	
660594	912	0.080000	5.520000	4.400000	1.080000	0.000000	70.000000	27.000000	0	0.000000	0.000000	0.000000	0	0	0	
660781	910	0.080000	5.370000	4.390000	1.080000	0.000000	70.000000	27.000000	0	0.000000	0.000000	0.000000	0	0	0	
660969	908	0.080000	5.430000	4.410000	1.070000	0.000000	70.000000	27.000000	15	0.000000	0.000000	0.000000	0	0	0	
661172	910	0.080000	5.370000	4.390000	1.070000	0.000000	70.000000	27.000000	15	0.000000	0.000000	0.000000	0	0	0	
661359	900	0.080000	5.370000	4.390000	1.070000	0.000000	70.000000	27.000000	16	0.000000	0.000000	0.000000	0	0	0	
661547	892	0.080000	5.620000	4.500000	1.080000	0.000000	70.000000	27.000000	16	0.000000	0.000000	0.000000	0	0	0	
661734	914	0.080000	5.520000	4.450000	1.070000	0.000000	70.000000	27.000000	15	0.000000	0.000000	0.000000	0	0	0	
661937	912	0.080000	5.590000	4.490000	1.070000	0.000000	70.000000	27.000000	15	0.000000	0.000000	0.000000	0	0	0	
662141	904	0.080000	5.600000	4.500000	1.080000	0.000000	70.000000	27.000000	15	0.000000	0.000000	0.000000	0	0	0	
662422	899	0.080000	5.530000	4.450000	1.080000	0.000000	70.000000	27.000000	15	0.000000	0.000000	0.000000	0	0	0	
662625	899	0.080000	5.490000	4.440000	1.080000	0.000000	70.000000	27.000000	0	0.000000	0.000000	0.000000	0	0	0	
662812	910	0.080000	5.530000	4.460000	1.080000	0.000000	70.000000	27.000000	0	0.000000	0.000000	0.000000	0	0	0	
663000	896	0.080000	5.590000	4.510000	1.090000	0.000000	70.000000	27.000000	0	0.000000	0.000000	0.000000	0	0	0	
663187	862	0.080000	4.970000	4.210000	1.070000	0.000000	70.000000	27.000000	1	0.000000	0.000000	0.000000	0	0	0	
663391	811	0.080000	4.970000	4.190000	1.060000	0.000000	70.000000	27.000000	13	0.000000	0.000000	0.000000	0	0	0	
663578	767	0.080000	5.570000	4.470000	1.070000	0.000000	70.000000	27.000000	106	0.000000	0.000000	0.000000	0	0	0	
663781	765	0.080000	5.710000	4.620000	1.080000	0.000000	70.000000	27.000000	207	0.000000	0.000000	0.000000	0	0	0	
663969	771	0.080000	5.850000	4.770000	1.090000	0.000000	70.000000	27.000000	199	0.000000	0.000000	0.000000	0	0	0	
664172	786	0.080000	5.770000	4.710000	1.090000	0.000000	70.000000	27.000000	122	0.000000	0.000000	0.000000	0	0	0	
664375	813	0.080000	5.840000	4.780000	1.090000	0.000000	70.000000	27.000000	107	0.000000	0.000000	0.000000	0	0	0	
664562	816	0.080000	5.710000	4.650000	1.080000	0.000000	70.000000	27.000000	106	0.000000	0.000000	0.000000	0	0	0	
664781	812	0.080000	5.720000	4.660000	1.090000	0.000000	70.000000	27.000000	127	0.000000	0.000000	0.000000	0	0	0	
664969	811	0.080000	5.690000	4.620000	1.090000	0.000000	70.000000	27.000000	74	0.000000	0.000000	0.000000	0	0	0	
665156	814	0.080000	5.610000	4.530000	1.090000	0.000000	70.000000	27.000000	105	0.000000	0.000000	0.000000	0	0	0	
665344	818	0.080000	5.640000	4.570000	1.090000	0.000000	70.000000	27.000000	105	0.000000	0.000000	0.000000	0	0	0	
665547	846	0.080000	3.200000	2.290000	1.280000	0.000000	70.000000	27.000000	107	0.000000	0.000000	0.000000	0	0	0	
665734	1431	0.080000	10.620000	9.640000	1.280000	0.000000	70.000000	27.000000	105	0.000000	0.000000	0.000000	0	0	0	
665937	1696	0.080000	0.000000	0.000000	1.210000	0.000000	70.000000	27.000000	254	0.000000	0.000000	0.000000	0	0	0	
666141	1398	0.080000	0.000000	0.000000	1.210000	0.000000	70.000000	27.000000	254	0.000000	0.000000	0.000000	0	0	0	
666406	1029	0.080000	5.900000	4.980000	1.170000	0.000000	70.000000	27.000000	254	0.000000	0.000000	0.000000	0	0	0	
666609	1034	0.080000	6.210000	5.050000	1.060000	0.000000	71.000000	27.000000	254	0.000000	0.000000	0.000000	0	0	0	
666797	1016	0.080000	6.270000	5.120000	1.050000	0.000000	71.000000	27.000000	144	0.000000	0.000000	0.000000	0	0	0	
667000	942	0.080000	6.000000	4.830000	1.040000	0.000000	71.000000	27.000000	254	0.000000	0.000000	0.000000	0	0	0	
667187	865	0.080000	5.970000	4.810000	1.050000	0.000000	71.000000	27.000000	254	0.000000	0.000000	0.000000	0	0	0	
667391	762	0.080000	5.890000	4.750000	1.060000	0.000000	71.000000	27.000000	254	0.000000	0.000000	0.000000	0	0	0	
667609	696	0.080000	6.830000	5.790000	1.090000	0.000000	71.000000	27.000000	75	0.000000	0.000000	0.000000	0	0	0	
667812	730	0.080000	7.010000	6.120000	1.110000	0.000000	71.000000	27.000000	131	0.000000	0.000000	0.000000	0	0	0	
668016	803	0.080000	6.320000	5.380000	1.100000	0.000000	71.000000	27.000000	252	0.000000	0.000000	0.000000	0	0	0	
668219	822	0.080000	6.090000	5.060000	1.090000	0.000000	71.000000	27.000000	247	0.000000	0.000000	0.000000	0	0	0	
668422	822	0.080000	6.020000	4.980000	1.090000	0.000000	71.000000	27.000000	254	0.000000	0.000000	0.000000	0	0	0	
668609	814	0.080000	5.940000	4.900000	1.100000	0.000000	71.000000	27.000000	244	0.000000	0.000000	0.000000	0	0	0	
668828	812	0.080000	5.780000	4.750000	1.100000	0.000000	71.000000	27.000000	72	0.000000	0.000000	0.000000	0	0	0	
669031	816	0.080000	5.760000	4.740000	1.090000	0.000000	71.000000	27.000000	205	0.000000	0.000000	0.000000	0	0	0	
669297	812	0.080000	5.770000	4.710000	1.090000	0.000000	71.000000	27.000000	73	0.000000	0.000000	0.000000	0	0	0	
669500	802	0.080000	5.670000	4.620000	1.100000	0.000000	71.000000	27.000000	95	0.000000	0.000000	0.000000	0	0	0	
669703	804	0.080000	5.670000	4.620000	1.090000	0.000000	71.000000	27.000000	76	0.000000	0.000000	0.000000	0	0	0	
669922	813	0.080000	5.680000	4.640000	1.100000	0.000000	71.000000	27.000000	73	0.000000	0.000000	0.000000	0	0	0	
670109	807	0.080000	5.640000	4.610000	1.100000	0.000000	71.000000	27.000000	139	0.000000	0.000000	0.000000	0	0	0	
670297	804	0.080000	5.670000	4.640000	1.090000	0.000000	71.000000	27.000000	74	0.000000	0.000000	0.000000	0	0	0	
670578	813	0.080000	5.640000	4.580000	1.100000	0.000000	71.000000	27.000000	73	0.000000	0.000000	0.000000	0	0	0	
670766	811	0.080000	5.670000	4.630000	1.100000	0.000000	71.000000	27.000000	120	0.000000	0.000000	0.000000	0	0	0	
670953	800	0.080000	5.670000	4.640000	1.090000	0.000000	71.000000	27.000000	73	0.000000	0.000000	0.000000	0	0	0	
671156	804	0.080000	5.620000	4.570000	1.090000	0.000000	71.000000	27.000000	75	0.000000	0.000000	0.000000	0	0	0	
671375	806	0.080000	5.780000	4.740000	1.100000	0.000000	71.000000	27.000000	110	0.000000	0.000000	0.000000	0	0	0	
671578	812	0.080000	5.700000	4.670000	1.100000	0.000000	71.000000	27.000000	73	0.000000	0.000000	0.000000	0	0	0	
671750	803	0.080000	5.680000	4.630000	1.100000	0.000000	71.000000	27.000000	72	0.000000	0.000000	0.000000	0	0	0	
671969	810	0.080000	5.650000	4.620000	1.100000	0.000000	71.000000	27.000000	76	0.000000	0.000000	0.000000	0	0	0	
672172	808	0.080000	5.620000	4.570000	1.100000	0.000000	71.000000	27.000000	73	0.000000	0.000000	0.000000	0	0	0	
672359	826	0.080000	7.660000	6.980000	1.160000	0.000000	71.000000	27.000000	74	0.000000	0.000000	0.000000	0	0	0	
672562	1038	0.080000	1.660000	0.820000	1.190000	0.000000	71.000000	27.000000	72	0.000000	0.000000	0.000000	0	0	0	
672781	1344	0.080000	7.810000	6.660000	1.150000	0.000000	71.000000	27.000000	73	0.000000	0.000000	0.000000	0	0	0	
672984	1500	0.080000	7.450000	5.990000	1.130000	0.000000	71.000000	27.000000	72	0.000000	0.000000	0.000000	0	0	0	
673187	1362	0.080000	7.530000	6.160000	1.130000	0.000000	71.000000	27.000000	106	0.000000	0.000000	0.000000	0	0	0	
673391	1211	0.080000	8.220000	7.260000	1.160000	0.000000	72.000000	27.000000	123	0.000000	0.000000	0.000000	0	0	0	
673578	1113	0.080000	8.330000	7.500000	1.180000	0.000000	72.000000	27.000000	124	0.000000	0.000000	0.000000	0	0	0	
673766	1055	0.080000	8.870000	8.290000	1.220000	0.000000	72.000000	27.000000	122	0.000000	0.000000	0.000000	0	0	0	
673969	1058	0.080000	9.210000	8.670000	1.220000	0.000000	72.000000	27.000000	123	0.000000	0.000000	0.000000	0	0	0	
674187	1047	0.080000	9.220000	8.680000	1.220000	0.000000	72.000000	27.000000	124	0.000000	0.000000	0.000000	0	0	0	
674375	967	0.080000	9.130000	8.650000	1.240000	0.000000	72.000000	27.000000	121	0.000000	0.000000	0.000000	0	0	0	
674641	1160	0.080000	9.450000	8.800000	1.220000	0.000000	72.000000	27.000000	169	0.000000	0.000000	0.000000	0	0	0	
674859	1219	0.080000	1.780000	0.890000	1.220000	0.000000	72.000000	27.000000	156	0.000000	0.000000	0.000000	0	0	0	
675047	1375	0.080000	11.080000	9.970000	1.250000	0.000000	72.000000	27.000000	157	0.000000	0.000000	0.000000	0	0	0	
675250	1504	0.080000	10.900000	9.570000	1.240000	0.000000	72.000000	28.000000	156	0.000000	0.000000	0.000000	0	0	0	
675437	1598	0.080000	9.900000	8.610000	1.220000	0.000000	72.000000	28.000000	156	0.000000	0.000000	0.000000	0	0	0	
675641	1748	0.080000	9.100000	7.840000	1.200000	0.000000	72.000000	28.000000	254	0.000000	0.000000	0.000000	0	0	0	
675844	1828	0.080000	8.640000	7.420000	1.190000	0.000000	72.000000	28.000000	254	0.000000	0.000000	0.000000	0	0	0	
676031	1891	0.080000	8.360000	7.190000	1.170000	0.000000	72.000000	28.000000	254	0.000000	0.000000	0.000000	0	0	0	
676234	1985	0.080000	8.480000	7.310000	1.170000	0.000000	72.000000	28.000000	254	0.000000	0.000000	0.000000	0	0	0	
676422	2060	0.080000	8.780000	7.620000	1.180000	0.000000	72.000000	28.000000	179	0.000000	0.000000	0.000000	0	0	0	
676625	2174	0.080000	9.530000	8.280000	1.190000	0.000000	72.000000	28.000000	179	0.000000	0.000000	0.000000	0	0	0	
676812	2277	0.080000	11.180000	9.180000	1.210000	0.000000	72.000000	28.000000	179	0.000000	0.000000	0.000000	0	0	0	
677016	2410	0.080000	10.720000	8.790000	1.210000	0.000000	72.000000	28.000000	179	0.000000	0.000000	0.000000	0	0	0	
677203	2539	0.080000	8.470000	7.240000	1.180000	0.000000	72.000000	28.000000	179	0.000000	0.000000	0.000000	0	0	0	
677391	2261	0.080000	0.000000	0.000000	1.170000	0.000000	72.000000	28.000000	182	0.000000	0.000000	0.000000	0	0	0	
677594	1957	0.080000	0.000000	0.000000	1.170000	0.000000	72.000000	28.000000	157	0.000000	0.000000	0.000000	0	0	0	
677781	1664	0.080000	0.000000	0.000000	1.170000	0.000000	72.000000	28.000000	254	0.000000	0.000000	0.000000	0	0	0	
677984	1461	0.080000	6.190000	4.850000	1.070000	0.000000	72.000000	28.000000	57	0.000000	0.000000	0.000000	0	0	0	
678172	1410	0.080000	6.510000	5.060000	1.040000	0.000000	72.000000	28.000000	254	0.000000	0.000000	0.000000	0	0	0	
678375	1438	0.080000	6.740000	5.270000	1.050000	0.000000	72.000000	28.000000	254	0.000000	0.000000	0.000000	0	0	0	
678641	1411	0.080000	7.830000	6.140000	1.070000	0.000000	72.000000	28.000000	56	0.000000	0.000000	0.000000	0	0	0	
678828	1522	0.080000	7.490000	5.930000	1.100000	0.000000	72.000000	28.000000	73	0.000000	0.000000	0.000000	0	0	0	
679031	1498	0.080000	7.470000	6.010000	1.110000	0.000000	72.000000	28.000000	106	0.000000	0.000000	0.000000	0	0	0	
679234	1472	0.100000	7.460000	6.000000	1.110000	0.000000	72.000000	28.000000	106	0.000000	0.000000	0.000000	0	0	0	
679422	1490	0.080000	7.110000	5.660000	1.110000	0.000000	72.000000	28.000000	105	0.000000	0.000000	0.000000	0	0	0	
679609	1505	0.080000	6.620000	5.300000	1.100000	0.000000	72.000000	28.000000	106	0.000000	0.000000	0.000000	0	0	0	
679812	1534	0.080000	5.920000	4.680000	1.080000	0.000000	72.000000	28.000000	106	0.000000	0.000000	0.000000	0	0	0	
680000	1529	0.080000	5.420000	4.350000	1.050000	0.000000	72.000000	28.000000	254	0.000000	0.000000	0.000000	0	0	0	
680187	1536	0.080000	4.610000	3.980000	1.040000	0.000000	72.000000	28.000000	251	0.000000	0.000000	0.000000	0	0	0	
680391	1541	0.080000	4.600000	3.960000	1.030000	0.000000	72.000000	28.000000	254	0.000000	0.000000	0.000000	0	0	0	
680594	1525	0.080000	4.600000	3.930000	1.030000	0.000000	72.000000	28.000000	254	0.000000	0.000000	0.000000	0	0	0	
680781	1523	0.080000	4.600000	3.940000	1.030000	0.000000	72.000000	28.000000	254	0.000000	0.000000	0.000000	0	0	0	
680969	1503	0.080000	4.650000	3.990000	1.040000	0.000000	72.000000	28.000000	254	0.000000	0.000000	0.000000	0	0	0	
681156	1465	0.080000	4.720000	4.040000	1.030000	0.000000	72.000000	28.000000	254	0.000000	0.000000	0.000000	0	0	0	
681359	1409	0.080000	5.040000	4.250000	1.040000	0.000000	72.000000	28.000000	254	0.000000	0.000000	0.000000	0	0	0	
681547	1340	0.080000	5.050000	4.180000	1.030000	0.000000	72.000000	28.000000	254	0.000000	0.000000	0.000000	0	0	0	
681734	1262	0.080000	4.610000	3.980000	1.040000	0.000000	72.000000	28.000000	254	0.000000	0.000000	0.000000	0	0	0	
681953	1311	0.080000	4.630000	3.960000	1.030000	0.000000	72.000000	28.000000	223	0.000000	0.000000	0.000000	0	0	0	
682156	1155	0.080000	4.670000	3.980000	1.030000	0.000000	72.000000	28.000000	82	0.000000	0.000000	0.000000	0	0	0	
682375	1195	0.080000	4.720000	4.050000	1.030000	0.000000	73.000000	28.000000	73	0.000000	0.000000	0.000000	0	0	0	
682672	1141	0.080000	4.980000	4.160000	1.050000	0.000000	73.000000	28.000000	73	0.000000	0.000000	0.000000	0	0	0	
682875	1098	0.080000	5.030000	4.210000	1.050000	0.000000	73.000000	28.000000	73	0.000000	0.000000	0.000000	0	0	0	
683078	1100	0.080000	5.210000	4.280000	1.060000	0.000000	73.000000	28.000000	254	0.000000	0.000000	0.000000	0	0	0	
683281	1098	0.080000	1.720000	0.860000	1.060000	0.000000	73.000000	28.000000	254	0.000000	0.000000	0.000000	0	0	0	
683484	1151	0.080000	6.560000	5.490000	1.100000	0.000000	73.000000	28.000000	106	0.000000	0.000000	0.000000	0	0	0	
683703	1079	0.080000	1.660000	6.140000	1.130000	0.000000	73.000000	28.000000	122	0.000000	0.000000	0.000000	0	0	0	
683891	1054	0.080000	1.750000	0.910000	1.160000	0.000000	73.000000	28.000000	246	0.000000	0.000000	0.000000	0	0	0	
684094	1221	0.080000	8.410000	7.640000	1.160000	0.000000	73.000000	28.000000	124	0.000000	0.000000	0.000000	0	0	0	
684297	1144	0.080000	8.120000	7.320000	1.180000	0.000000	73.000000	29.000000	123	0.000000	0.000000	0.000000	0	0	0	
684484	1275	0.080000	8.280000	7.210000	1.160000	0.000000	73.000000	29.000000	123	0.000000	0.000000	0.000000	0	0	0	
684687	1156	0.080000	8.000000	7.130000	1.180000	0.000000	73.000000	29.000000	195	0.000000	0.000000	0.000000	0	0	0	
684875	1186	0.080000	7.970000	7.050000	1.170000	0.000000	73.000000	29.000000	123	0.000000	0.000000	0.000000	0	0	0	
685062	1213	0.080000	7.910000	6.980000	1.160000	0.000000	73.000000	29.000000	123	0.000000	0.000000	0.000000	0	0	0	
685250	1235	0.080000	6.510000	5.490000	1.120000	0.000000	73.000000	29.000000	123	0.000000	0.000000	0.000000	0	0	0	
685437	1264	0.080000	6.410000	5.240000	1.090000	0.000000	73.000000	29.000000	156	0.000000	0.000000	0.000000	0	0	0	
685625	1263	0.080000	6.010000	4.760000	1.070000	0.000000	73.000000	29.000000	156	0.000000	0.000000	0.000000	0	0	0	
685828	1263	0.080000	5.750000	4.480000	1.060000	0.000000	73.000000	29.000000	122	0.000000	0.000000	0.000000	0	0	0	
686031	1286	0.080000	5.500000	4.390000	1.050000	0.000000	73.000000	29.000000	202	0.000000	0.000000	0.000000	0	0	0	
686219	1315	0.080000	5.200000	4.260000	1.050000	0.000000	73.000000	29.000000	106	0.000000	0.000000	0.000000	0	0	0	
686437	1323	0.080000	5.110000	4.220000	1.060000	0.000000	73.000000	29.000000	106	0.000000	0.000000	0.000000	0	0	0	
686703	1300	0.080000	5.840000	4.580000	1.070000	0.000000	73.000000	29.000000	106	0.000000	0.000000	0.000000	0	0	0	
686891	1314	0.080000	6.410000	5.320000	1.090000	0.000000	73.000000	29.000000	106	0.000000	0.000000	0.000000	0	0	0	
687078	1350	0.080000	7.050000	5.700000	1.110000	0.000000	73.000000	29.000000	106	0.000000	0.000000	0.000000	0	0	0	
687281	1369	0.080000	7.260000	5.880000	1.110000	0.000000	73.000000	29.000000	106	0.000000	0.000000	0.000000	0	0	0	
687469	1368	0.080000	7.220000	5.860000	1.110000	0.000000	73.000000	29.000000	105	0.000000	0.000000	0.000000	0	0	0	
687656	1393	0.080000	7.220000	5.860000	1.110000	0.000000	73.000000	29.000000	106	0.000000	0.000000	0.000000	0	0	0	
687859	1414	0.080000	7.400000	6.010000	1.110000	0.000000	73.000000	29.000000	106	0.000000	0.000000	0.000000	0	0	0	
688047	1440	0.080000	7.370000	5.930000	1.120000	0.000000	73.000000	29.000000	105	0.000000	0.000000	0.000000	0	0	0	
688234	1474	0.080000	7.270000	5.820000	1.110000	0.000000	73.000000	29.000000	106	0.000000	0.000000	0.000000	0	0	0	
688422	1502	0.080000	7.270000	5.800000	1.110000	0.000000	73.000000	29.000000	106	0.000000	0.000000	0.000000	0	0	0	
688625	1530	0.080000	6.940000	5.570000	1.110000	0.000000	73.000000	29.000000	106	0.000000	0.000000	0.000000	0	0	0	
688812	1523	0.080000	7.320000	5.850000	1.120000	0.000000	73.000000	29.000000	105	0.000000	0.000000	0.000000	0	0	0	
689000	1533	0.080000	8.250000	6.820000	1.140000	0.000000	73.000000	29.000000	106	0.000000	0.000000	0.000000	0	0	0	
689187	1592	0.080000	8.400000	7.070000	1.160000	0.000000	73.000000	29.000000	105	0.000000	0.000000	0.000000	0	0	0	
689391	1628	0.080000	8.410000	7.080000	1.160000	0.000000	73.000000	29.000000	106	0.000000	0.000000	0.000000	0	0	0	
689578	1655	0.080000	8.220000	6.830000	1.160000	0.000000	73.000000	29.000000	105	0.000000	0.000000	0.000000	0	0	0	
689766	1676	0.080000	8.220000	6.880000	1.150000	0.000000	73.000000	29.000000	106	0.000000	0.000000	0.000000	0	0	0	
689969	1705	0.080000	8.180000	6.830000	1.140000	0.000000	73.000000	29.000000	106	0.000000	0.000000	0.000000	0	0	0	
690156	1755	0.080000	7.840000	6.500000	1.130000	0.000000	73.000000	29.000000	106	0.000000	0.000000	0.000000	0	0	0	
690344	1779	0.080000	6.820000	5.220000	1.110000	0.000000	73.000000	29.000000	105	0.000000	0.000000	0.000000	0	0	0	
690609	1769	0.080000	5.230000	4.260000	1.050000	0.000000	73.000000	29.000000	106	0.000000	0.000000	0.000000	0	0	0	
690812	1788	0.080000	4.660000	3.980000	1.030000	0.000000	73.000000	29.000000	215	0.000000	0.000000	0.000000	0	0	0	
691016	1791	0.080000	4.660000	3.920000	1.030000	0.000000	73.000000	29.000000	254	0.000000	0.000000	0.000000	0	0	0	
691203	1803	0.080000	4.710000	3.970000	1.020000	0.000000	73.000000	29.000000	254	0.000000	0.000000	0.000000	0	0	0	
691422	1825	0.080000	5.790000	4.620000	1.040000	0.000000	73.000000	29.000000	106	0.000000	0.000000	0.000000	0	0	0	
691625	1810	0.080000	6.550000	5.310000	1.070000	0.000000	73.000000	29.000000	106	0.000000	0.000000	0.000000	0	0	0	
691812	1842	0.080000	1.930000	7.000000	1.110000	0.000000	73.000000	29.000000	106	0.000000	0.000000	0.000000	0	0	0	
692000	1877	0.080000	8.180000	6.800000	1.130000	0.000000	73.000000	29.000000	106	0.000000	0.000000	0.000000	0	0	0	
692203	1903	0.100000	7.870000	6.550000	1.130000	0.000000	73.000000	29.000000	106	0.000000	0.000000	0.000000	0	0	0	
692391	1914	0.080000	7.200000	5.880000	1.110000	0.000000	73.000000	29.000000	106	0.000000	0.000000	0.000000	0	0	0	
692578	1771	0.080000	0.000000	0.000000	1.110000	0.000000	73.000000	29.000000	237	0.000000	0.000000	0.000000	0	0	0	
692781	1452	0.100000	0.000000	0.000000	1.110000	0.000000	73.000000	29.000000	254	0.000000	0.000000	0.000000	0	0	0	
692969	1258	0.080000	0.000000	0.000000	1.110000	0.000000	73.000000	29.000000	254	0.000000	0.000000	0.000000	0	0	0	
693156	1021	0.100000	6.370000	5.200000	1.060000	0.000000	73.000000	29.000000	176	0.000000	0.000000	0.000000	0	0	0	
693344	1109	0.100000	6.390000	5.190000	1.060000	0.000000	73.000000	29.000000	254	0.000000	0.000000	0.000000	0	0	0	
693562	1118	0.080000	6.380000	5.150000	1.050000	0.000000	73.000000	29.000000	87	0.000000	0.000000	0.000000	0	0	0	
693750	1098	0.100000	6.210000	4.990000	1.050000	0.000000	73.000000	29.000000	254	0.000000	0.000000	0.000000	0	0	0	
693937	1070	0.080000	5.860000	4.700000	1.040000	0.000000	73.000000	29.000000	254	0.000000	0.000000	0.000000	0	0	0	
694141	1027	0.100000	4.810000	4.100000	1.040000	0.000000	73.000000	29.000000	254	0.000000	0.000000	0.000000	0	0	0	
694344	1013	0.100000	4.690000	4.030000	1.040000	0.000000	73.000000	29.000000	254	0.000000	0.000000	0.000000	0	0	0	
694609	959	0.100000	4.700000	4.040000	1.050000	0.000000	73.000000	29.000000	254	0.000000	0.000000	0.000000	0	0	0	
694797	890	0.080000	4.850000	4.130000	1.060000	0.000000	73.000000	29.000000	254	0.000000	0.000000	0.000000	0	0	0	
695000	863	0.080000	5.450000	4.400000	1.070000	0.000000	73.000000	29.000000	254	0.000000	0.000000	0.000000	0	0	0	
695203	893	0.080000	5.610000	4.500000	1.080000	0.000000	73.000000	29.000000	254	0.000000	0.000000	0.000000	0	0	0	
695391	908	0.100000	5.600000	4.480000	1.080000	0.000000	73.000000	29.000000	254	0.000000	0.000000	0.000000	0	0	0	
695594	911	0.080000	5.450000	4.420000	1.070000	0.000000	73.000000	29.000000	22	0.000000	0.000000	0.000000	0	0	0	
695812	897	0.080000	5.480000	4.440000	1.070000	0.000000	73.000000	29.000000	14	0.000000	0.000000	0.000000	0	0	0	
696000	913	0.080000	5.600000	4.490000	1.080000	0.000000	73.000000	29.000000	233	0.000000	0.000000	0.000000	0	0	0	
696203	908	0.080000	5.540000	4.470000	1.080000	0.000000	73.000000	29.000000	253	0.000000	0.000000	0.000000	0	0	0	
696422	911	0.080000	5.530000	4.470000	1.080000	0.000000	73.000000	29.000000	48	0.000000	0.000000	0.000000	0	0	0	
696641	908	0.080000	5.590000	4.490000	1.080000	0.000000	73.000000	29.000000	254	0.000000	0.000000	0.000000	0	0	0	
696828	920	0.080000	5.600000	4.510000	1.080000	0.000000	73.000000	29.000000	0	0.000000	0.000000	0.000000	0	0	0	
697031	911	0.080000	5.500000	4.440000	1.080000	0.000000	73.000000	29.000000	243	0.000000	0.000000	0.000000	0	0	0	
697250	910	0.080000	5.640000	4.510000	1.070000	0.000000	73.000000	29.000000	0	0.000000	0.000000	0.000000	0	0	0	
697453	915	0.080000	5.510000	4.440000	1.080000	0.000000	73.000000	29.000000	0	0.000000	0.000000	0.000000	0	0	0	
697641	917	0.080000	5.630000	4.500000	1.070000	0.000000	73.000000	29.000000	225	0.000000	0.000000	0.000000	0	0	0	
697844	907	0.080000	5.540000	4.460000	1.080000	0.000000	73.000000	29.000000	0	0.000000	0.000000	0.000000	0	0	0	
698031	902	0.080000	5.380000	4.390000	1.080000	0.000000	73.000000	29.000000	0	0.000000	0.000000	0.000000	0	0	0	
698219	903	0.080000	5.550000	4.470000	1.070000	0.000000	73.000000	29.000000	0	0.000000	0.000000	0.000000	0	0	0	
698422	915	0.080000	5.540000	4.450000	1.070000	0.000000	73.000000	29.000000	254	0.000000	0.000000	0.000000	0	0	0	
698719	902	0.080000	5.620000	4.510000	1.070000	0.000000	73.000000	29.000000	254	0.000000	0.000000	0.000000	0	0	0	
698922	905	0.080000	5.540000	4.460000	1.070000	0.000000	73.000000	29.000000	15	0.000000	0.000000	0.000000	0	0	0	
699125	901	0.080000	5.700000	4.600000	1.070000	0.000000	73.000000	29.000000	36	0.000000	0.000000	0.000000	0	0	0	
699328	902	0.080000	5.660000	4.550000	1.070000	0.000000	73.000000	29.000000	15	0.000000	0.000000	0.000000	0	0	0	
699516	904	0.080000	5.660000	4.550000	1.070000	0.000000	73.000000	29.000000	15	0.000000	0.000000	0.000000	0	0	0	
699687	909	0.080000	5.660000	4.550000	1.070000	0.000000	73.000000	29.000000	15	0.000000	0.000000	0.000000	0	0	0	
699891	918	0.080000	5.540000	4.460000	1.070000	0.000000	73.000000	29.000000	0	0.000000	0.000000	0.000000	0	0	0	
700109	910	0.080000	5.620000	4.500000	1.080000	0.000000	73.000000	29.000000	0	0.000000	0.000000	0.000000	0	0	0	
700297	896	0.080000	5.540000	4.450000	1.080000	0.000000	73.000000	29.000000	0	0.000000	0.000000	0.000000	0	0	0	
700484	886	0.080000	5.550000	4.460000	1.070000	0.000000	73.000000	29.000000	0	0.000000	0.000000	0.000000	0	0	0	
700656	903	0.080000	5.600000	4.500000	1.080000	0.000000	73.000000	29.000000	0	0.000000	0.000000	0.000000	0	0	0	
700859	905	0.080000	5.570000	4.470000	1.070000	0.000000	73.000000	29.000000	0	0.000000	0.000000	0.000000	0	0	0	
701047	912	0.080000	5.610000	4.490000	1.070000	0.000000	73.000000	29.000000	0	0.000000	0.000000	0.000000	0	0	0	
701234	906	0.080000	5.490000	4.440000	1.070000	0.000000	73.000000	29.000000	0	0.000000	0.000000	0.000000	0	0	0	
701437	892	0.080000	5.120000	4.260000	1.060000	0.000000	73.000000	29.000000	0	0.000000	0.000000	0.000000	0	0	0	
701625	840	0.080000	5.050000	4.220000	1.050000	0.000000	73.000000	29.000000	0	0.000000	0.000000	0.000000	0	0	0	
701812	789	0.080000	4.910000	4.160000	1.070000	0.000000	73.000000	29.000000	0	0.000000	0.000000	0.000000	0	0	0	
702016	760	0.080000	5.660000	4.530000	1.070000	0.000000	73.000000	29.000000	239	0.000000	0.000000	0.000000	0	0	0	
702234	761	0.080000	5.780000	4.680000	1.090000	0.000000	73.000000	29.000000	134	0.000000	0.000000	0.000000	0	0	0	
702437	788	0.100000	5.750000	4.710000	1.090000	0.000000	73.000000	29.000000	252	0.000000	0.000000	0.000000	0	0	0	
702703	814	0.080000	5.730000	4.680000	1.090000	0.000000	73.000000	29.000000	254	0.000000	0.000000	0.000000	0	0	0	
702906	814	0.080000	5.660000	4.580000	1.090000	0.000000	73.000000	29.000000	254	0.000000	0.000000	0.000000	0	0	0	
703109	817	0.080000	5.620000	4.550000	1.080000	0.000000	73.000000	29.000000	177	0.000000	0.000000	0.000000	0	0	0	
703328	809	0.100000	5.470000	4.450000	1.080000	0.000000	73.000000	29.000000	242	0.000000	0.000000	0.000000	0	0	0	
703516	807	0.080000	5.460000	4.430000	1.080000	0.000000	74.000000	29.000000	73	0.000000	0.000000	0.000000	0	0	0	
703719	789	0.080000	5.240000	4.320000	1.090000	0.000000	73.000000	29.000000	86	0.000000	0.000000	0.000000	0	0	0	
703922	792	0.080000	5.410000	4.400000	1.080000	0.000000	74.000000	29.000000	94	0.000000	0.000000	0.000000	0	0	0	
704125	805	0.080000	5.280000	4.350000	1.090000	0.000000	74.000000	29.000000	73	0.000000	0.000000	0.000000	0	0	0	
704328	799	0.080000	5.140000	4.280000	1.090000	0.000000	74.000000	29.000000	76	0.000000	0.000000	0.000000	0	0	0	
704516	793	0.080000	5.340000	4.370000	1.080000	0.000000	74.000000	30.000000	76	0.000000	0.000000	0.000000	0	0	0	
704906	795	0.100000	5.400000	4.410000	1.090000	0.000000	74.000000	30.000000	74	0.000000	0.000000	0.000000	0	0	0	
705187	799	0.080000	5.330000	4.370000	1.090000	0.000000	74.000000	30.000000	72	0.000000	0.000000	0.000000	0	0	0	
705562	811	0.080000	5.360000	4.380000	1.080000	0.000000	74.000000	30.000000	216	0.000000	0.000000	0.000000	0	0	0	
705828	806	0.100000	5.330000	4.370000	1.080000	0.000000	74.000000	30.000000	106	0.000000	0.000000	0.000000	0	0	0	
706094	807	0.100000	5.210000	4.310000	1.080000	0.000000	74.000000	30.000000	177	0.000000	0.000000	0.000000	0	0	0	
706359	790	0.100000	5.460000	4.430000	1.090000	0.000000	74.000000	30.000000	191	0.000000	0.000000	0.000000	0	0	0	