Czwartek,27,Sierpień,2026,06:31:56:00009-VCID:1C3761778CABCE7337-515A,Wersja VCDS: AKP 23.3.1,Wersja danych: 20230601 DS346.2
047 906 033 L,,1.4l SIMOS3PA   00HS5401,

,Grupa A:,'001,,,,Grupa B:,'002,,,,Grupa C:,'032
,,Obroty silnika,Temperatura,Lambda,Bity binarnie,,Obroty silnika,Obciążenie,Czas wtrysku,Ciśnienie rzecz.,,Lambda,Lambda, , 
,CZAS,,,,,CZAS,,,,,CZAS,,,,
Znacznik,ZAPISU, /min,*C, %,,ZAPISU, /min, %, ms, mbar,ZAPISU, %, %,,
,0.27,0,16.5,0.0,10110110,0.54,0,0.0,0.00,1009.8,0.01,-100.0,0.0, , 
,1.07,0,16.5,0.0,10110110,1.35,0,0.0,0.00,1009.8,0.80,-100.0,0.0, , 
,1.89,0,16.5,0.0,10110110,2.16,0,0.0,0.00,1009.8,1.62,-100.0,0.0, , 
,2.69,0,16.5,0.0,10110110,2.95,0,0.0,0.00,1009.8,2.42,-100.0,0.0, , 
,3.48,0,16.5,0.0,10110110,3.76,0,0.0,0.00,1009.8,3.22,-100.0,0.0, , 
,4.30,0,16.5,0.0,10110110,4.56,0,0.0,0.00,1009.8,4.03,-100.0,0.0, , 
,5.10,0,16.5,0.0,10110110,5.37,0,0.0,0.00,1009.8,4.83,-100.0,0.0, , 
,5.91,0,16.5,0.0,10110110,6.17,0,0.0,0.00,1009.8,5.64,-100.0,0.0, , 
,6.70,0,16.5,0.0,10110110,6.97,0,0.0,0.00,1009.8,6.44,-100.0,0.0, , 
,7.50,0,16.5,0.0,10110110,7.77,0,0.0,0.00,1009.8,7.24,-100.0,0.0, , 
,8.31,0,16.5,0.0,10110110,8.58,0,0.0,0.00,1009.8,8.04,-100.0,0.0, , 
,9.12,0,16.5,0.0,10110110,9.39,0,0.0,0.00,1009.8,8.85,-100.0,0.0, , 
,9.92,0,16.5,0.0,10110110,10.19,0,0.0,0.00,1009.8,9.65,-100.0,0.0, , 
,10.73,0,16.5,0.0,10110110,11.00,0,0.0,0.00,1009.8,10.46,-100.0,0.0, , 
,11.53,0,16.5,0.0,10110110,11.80,0,0.0,0.00,1009.8,11.27,-100.0,0.0, , 
,12.33,0,16.5,0.0,10110110,12.60,0,0.0,0.00,1009.8,12.06,-100.0,0.0, , 
,13.14,0,16.5,0.0,10110110,13.41,0,0.0,0.00,1009.8,12.87,-100.0,0.0, , 
,13.94,0,16.5,0.0,10110110,14.20,0,0.0,0.00,1009.8,13.67,-100.0,0.0, , 
,14.73,0,16.5,0.0,10110110,15.00,0,0.0,0.00,1009.8,14.47,-100.0,0.0, , 
,15.53,0,16.5,0.0,10110110,15.80,0,0.0,0.00,1009.8,15.27,-100.0,0.0, , 
,16.33,0,16.5,0.0,10110110,16.60,0,0.0,0.00,1009.8,16.06,-100.0,0.0, , 
,17.14,0,16.5,0.0,10110110,17.40,0,0.0,0.00,1009.8,16.88,-100.0,0.0, , 
,17.95,0,16.5,0.0,10110110,18.20,0,0.0,0.00,1009.8,17.67,-100.0,0.0, , 
,18.74,0,16.5,0.0,10110110,19.01,0,0.0,0.00,1009.8,18.47,-100.0,0.0, , 
,19.56,0,16.5,0.0,10110110,19.83,0,0.0,0.00,1009.8,19.29,-100.0,0.0, , 
,20.36,0,16.5,0.0,10110110,20.62,0,0.0,0.00,1009.8,20.09,-100.0,0.0, , 
,21.16,0,16.5,0.0,10110110,21.42,0,0.0,0.00,1009.8,20.89,-100.0,0.0, , 
,21.96,0,16.5,0.0,10110110,22.24,0,0.0,0.00,1009.8,21.69,-100.0,0.0, , 
,22.78,0,16.5,0.0,10110110,23.05,0,0.0,0.00,1009.8,22.51,-100.0,0.0, , 
,23.59,0,16.5,0.0,10110110,23.84,0,0.0,0.00,1009.8,23.31,-100.0,0.0, , 
,24.38,0,16.5,0.0,10110110,24.64,0,0.0,0.00,1009.8,24.11,-100.0,0.0, , 
,25.17,0,16.5,0.0,10110110,25.44,0,0.0,0.00,1009.8,24.91,-100.0,0.0, , 
,25.97,0,16.5,0.0,10110110,26.24,0,0.0,0.00,1009.8,25.70,-100.0,0.0, , 
,26.76,0,16.5,0.0,10110110,27.03,0,0.0,0.00,1009.8,26.50,-100.0,0.0, , 
,27.56,0,16.5,0.0,10110110,27.83,0,0.0,0.00,1009.8,27.29,-100.0,0.0, , 
,28.36,0,16.5,0.0,10110110,28.63,0,0.0,0.00,1009.8,28.09,-100.0,0.0, , 
,29.16,0,16.5,0.0,10110110,29.42,0,0.0,0.00,1009.8,28.89,-100.0,0.0, , 
,29.95,0,16.5,0.0,10110110,30.22,0,0.0,0.00,1009.8,29.69,-100.0,0.0, , 
,30.75,0,16.5,0.0,10110110,31.02,0,0.0,0.00,1009.8,30.48,-100.0,0.0, , 
,31.55,0,16.5,0.0,10110110,31.82,0,0.0,0.00,1009.8,31.28,-100.0,0.0, , 
,32.36,0,16.5,0.0,10110110,32.63,0,0.0,0.00,1009.8,32.09,-100.0,0.0, , 
,33.16,0,16.5,0.0,10110110,33.43,0,0.0,0.00,1009.8,32.89,-100.0,0.0, , 
,33.98,0,16.5,0.0,10110110,34.25,0,0.0,0.00,1009.8,33.71,-100.0,0.0, , 
,34.78,192,16.5,0.0,10110110,35.05,192,100.0,80.34,989.4,34.52,-100.0,0.0, , 
,35.58,192,16.5,0.0,10110110,35.84,192,100.0,73.13,989.4,35.31,-100.0,0.0, , 
,36.39,192,16.5,0.0,10110110,36.67,192,100.0,66.95,989.4,36.13,-100.0,0.0, , 
,37.30,1152,16.5,0.0,10110110,37.65,1280,62.0,15.45,673.2,36.99,-100.0,0.0, , 
,38.29,1184,16.5,0.0,10110110,38.59,1088,45.9,10.30,520.2,37.96,-1.6,0.0, , 
,39.24,1056,16.5,0.0,10110110,39.54,1056,48.6,11.33,550.8,38.92,-1.6,0.0, , 
,40.18,1056,16.5,0.0,10110110,40.51,1024,50.2,10.30,550.8,39.85,-1.6,0.0, , 
,41.15,1024,16.5,0.0,10110110,41.47,1024,48.6,10.30,550.8,40.82,-1.6,0.0, , 
,42.12,1024,16.5,0.0,10110110,42.43,1024,47.1,9.27,520.2,41.79,-1.6,0.0, , 
,43.06,1024,16.5,0.0,10110110,43.38,1024,47.1,9.27,520.2,42.75,-1.6,0.0, , 
,44.01,1024,16.5,0.0,10110110,44.33,1024,45.9,9.27,520.2,43.70,-1.6,0.0, , 
,44.98,1024,16.5,0.0,10110110,45.30,1024,45.9,8.24,520.2,44.65,-1.6,0.0, , 
,45.93,1024,16.5,0.0,10110110,46.25,1024,44.3,8.24,499.8,45.62,-1.6,0.0, , 
,46.85,1024,16.5,0.0,10110110,47.22,992,44.3,8.24,499.8,46.58,-1.6,0.0, , 
,47.77,992,16.5,0.0,10110110,48.11,992,44.3,8.24,499.8,47.48,-1.6,0.0, , 
,48.70,992,16.5,0.0,10110110,49.06,992,44.3,8.24,499.8,48.40,-1.6,0.0, , 
,49.75,992,16.5,0.0,10110110,50.10,960,44.3,7.21,499.8,49.42,-1.6,0.0, , 
,50.79,992,16.5,0.0,10110110,51.15,960,44.3,7.21,499.8,50.44,-1.6,0.0, , 
,51.75,992,16.5,0.0,10110110,52.04,992,42.7,7.21,499.8,51.49,-1.6,0.0, , 
,52.76,992,16.5,0.0,10110110,53.12,992,42.7,7.21,499.8,52.40,-1.6,0.0, , 
,53.72,992,16.5,0.0,10110110,54.06,960,42.7,7.21,499.8,53.42,-1.6,0.0, , 
,54.65,960,16.5,0.0,10100010,54.95,992,42.7,7.21,499.8,54.35,-1.6,0.0, , 
,55.57,1216,16.5,0.0,10100010,55.88,1184,41.2,6.18,479.4,55.27,-1.6,0.0, , 
,56.53,1056,16.5,0.0,10100010,56.84,1120,44.3,6.18,499.8,56.22,-1.6,0.0, , 
,57.48,1280,16.5,0.0,10100010,57.82,1248,35.3,5.15,418.2,57.17,-1.6,0.0, , 
,58.47,1024,16.5,0.0,10100010,58.77,1120,36.9,4.12,438.6,58.16,-1.6,0.0, , 
,59.34,1024,16.5,0.0,10110110,59.65,928,38.4,6.18,438.6,59.07,-1.6,0.0, , 
,60.27,960,16.5,0.0,10110110,60.58,928,40.0,6.18,479.4,59.97,-1.6,0.0, , 
,61.21,960,16.5,0.0,10100010,61.54,928,41.2,6.18,479.4,60.89,-1.6,0.0, , 
,62.18,1184,16.5,0.0,10100010,62.49,1184,41.2,8.24,479.4,61.88,-1.6,0.0, , 
,63.11,1312,16.5,0.0,10100010,63.44,1312,42.7,8.24,479.4,62.79,-1.6,0.0, , 
,64.17,1440,16.5,0.0,10100010,64.63,1472,44.3,6.18,479.4,63.79,-0.8,0.0, , 
,65.16,1472,16.5,0.0,10100010,65.49,1504,42.7,6.18,479.4,64.89,-0.8,-2.0, , 
,66.22,1760,18.0,0.0,10110110,66.60,1728,31.0,4.12,357.0,65.85,-1.6,-2.0, , 
,67.30,1344,18.0,0.0,10110110,67.62,1056,35.3,6.18,418.2,66.98,-1.6,-2.0, , 
,68.26,928,18.0,0.0,10110110,68.56,960,44.3,6.18,499.8,67.92,-1.6,0.0, , 
,69.17,896,18.0,0.0,10110110,69.49,928,44.3,6.18,520.2,68.88,-1.6,0.0, , 
,70.10,928,18.0,0.0,10110110,70.43,960,44.3,6.18,520.2,69.78,-1.6,0.0, , 
,71.08,960,18.0,0.0,10110110,71.40,960,44.3,6.18,499.8,70.76,-1.6,0.0, , 
,72.07,960,18.0,0.0,10110110,72.40,960,44.3,6.18,499.8,71.73,-1.6,0.0, , 
,73.03,960,18.0,0.0,10110110,73.37,960,42.7,6.18,499.8,72.72,-1.6,0.0, , 
,74.01,960,18.0,0.0,10110110,74.33,960,42.7,6.18,499.8,73.67,-1.6,0.0, , 
,74.93,960,18.0,0.0,10110110,75.26,928,41.2,6.18,479.4,74.64,-1.6,0.0, , 
,75.87,928,19.5,0.0,10110110,76.18,896,40.0,6.18,479.4,75.55,-1.6,0.0, , 
,76.83,928,19.5,0.0,10110110,77.15,928,41.2,6.18,479.4,76.51,-1.6,0.0, , 
,77.75,928,19.5,0.0,10110110,78.05,928,41.2,6.18,479.4,77.46,-1.6,0.0, , 
,78.67,928,19.5,0.0,10110110,78.99,928,41.2,5.15,479.4,78.38,-1.6,0.0, , 
,79.58,928,19.5,0.0,10110110,79.88,928,41.2,6.18,479.4,79.28,-1.6,0.0, , 
,80.50,960,19.5,0.0,10110110,80.80,960,41.2,6.18,479.4,80.19,-1.6,0.0, , 
,81.45,960,19.5,0.0,10100010,81.79,1184,42.7,7.21,479.4,81.12,-1.6,0.0, , 
,82.51,1376,19.5,0.0,10100010,82.84,1312,41.2,6.18,479.4,82.14,-1.6,0.0, , 
,83.49,960,19.5,0.0,10100010,83.81,1120,50.2,6.18,571.2,83.17,-1.6,0.0, , 
,84.43,1152,19.5,0.0,10100010,84.75,1024,48.6,7.21,550.8,84.13,-1.6,0.0, , 
,85.38,1216,19.5,0.0,10110110,85.70,1120,34.1,4.12,418.2,85.08,-1.6,0.0, , 
,86.31,896,21.0,0.0,10111110,86.60,928,40.0,5.15,459.0,85.99,-1.6,0.0, , 
,87.21,928,21.0,2.3,10111110,87.55,928,45.9,10.30,499.8,86.89,-1.6,0.0, , 
,88.17,1184,21.0,0.0,10101010,88.49,1152,45.9,7.21,520.2,87.86,-1.6,0.0, , 
,89.15,1216,21.0,2.7,10101010,89.50,1184,45.9,7.21,520.2,88.81,-1.6,0.0, , 
,90.15,1120,21.0,4.3,10101010,90.48,1216,41.2,4.12,479.4,89.82,-1.6,0.0, , 
,91.09,1152,21.0,0.0,10101010,91.39,1088,36.9,5.15,438.6,90.80,-1.6,0.0, , 
,92.01,1024,21.0,0.0,10101010,92.34,1120,47.1,7.21,520.2,91.71,-1.6,0.0, , 
,92.99,1184,21.0,-0.4,10101010,93.30,1216,38.4,5.15,459.0,92.66,-1.6,0.0, , 
,93.96,1248,22.5,-2.0,10101010,94.28,1312,42.7,6.18,499.8,93.64,-1.6,0.0, , 
,94.95,1376,22.5,2.7,10101010,95.28,1344,45.9,7.21,520.2,94.63,-1.6,0.0, , 
,95.91,1184,22.5,7.0,10101010,96.19,992,54.5,9.27,591.6,95.60,-1.6,0.0, , 
,96.81,992,22.5,0.0,10101010,97.12,1088,54.5,8.24,612.0,96.52,-1.6,0.0, , 
,97.81,1344,22.5,0.0,10101010,98.19,1536,62.0,10.30,652.8,97.46,-0.8,0.0, , 
,98.90,1824,22.5,-2.3,10101010,99.27,1920,35.3,1.03,418.2,98.53,-0.8,-2.0, , 
,100.00,1824,22.5,0.0,10101010,100.35,1408,35.3,6.18,418.2,99.64,0.0,-2.0, , 
,100.97,1056,24.0,0.0,10101010,101.28,1088,57.6,10.30,632.4,100.66,-1.6,0.0, , 
,101.94,1120,24.0,0.0,10101010,102.24,1152,54.5,9.27,612.0,101.58,-0.8,0.0, , 
,102.92,1248,24.0,-3.5,10101010,103.25,1248,50.2,7.21,571.2,102.58,-0.8,0.0, , 
,103.93,1312,24.0,-5.1,10101010,104.28,1344,47.1,7.21,520.2,103.59,-0.8,0.0, , 
,104.98,1408,24.0,-2.7,10101010,105.33,1440,42.7,6.18,499.8,104.62,-0.8,0.0, , 
,106.01,1472,24.0,-2.7,10101010,106.44,1472,38.4,5.15,438.6,105.72,-1.6,0.0, , 
,107.31,1504,24.0,-0.4,10101010,107.58,1504,36.9,5.15,438.6,106.88,-1.6,0.0, , 
,108.30,1504,24.0,2.3,10101010,108.62,1504,34.1,5.15,397.8,107.95,-1.6,-2.0, , 
,109.35,1504,25.5,3.5,10101010,109.74,1504,35.3,5.15,418.2,109.03,-1.6,-2.0, , 
,110.40,1504,25.5,6.6,10101010,110.76,1504,36.9,5.15,418.2,110.06,-1.6,-2.0, , 
,111.49,1536,25.5,8.2,10101010,111.83,1536,35.3,5.15,418.2,111.13,-1.6,-2.0, , 
,112.51,1536,25.5,9.4,10101010,112.87,1536,35.3,5.15,418.2,112.16,-1.6,-2.0, , 
,113.57,1536,25.5,10.2,10101010,113.94,1568,40.0,6.18,459.0,113.22,-1.6,-2.0, , 
,114.62,1600,25.5,14.5,10101010,114.98,1600,40.0,6.18,459.0,114.30,-0.8,-2.0, , 
,115.68,1664,27.0,13.7,10101010,116.02,1664,40.0,6.18,459.0,115.32,-0.8,-2.0, , 
,116.77,1696,27.0,11.7,10101010,117.13,1728,36.9,5.15,438.6,116.38,-0.8,-2.0, , 
,117.88,1856,27.0,-1.2,10111110,118.22,1760,28.2,3.09,336.6,117.51,0.0,-2.0, , 
,118.90,1408,27.0,-3.1,10111110,119.24,1248,31.0,4.12,397.8,118.56,-1.6,-2.0, , 
,119.86,896,27.0,-0.4,10111110,120.17,928,41.2,6.18,479.4,119.55,-1.6,0.0, , 
,120.79,928,27.0,2.7,10111110,121.11,896,40.0,6.18,479.4,120.49,-1.6,0.0, , 
,121.72,928,27.0,4.7,10111110,122.02,896,40.0,6.18,479.4,121.42,-1.6,0.0, , 
,122.62,896,28.5,5.5,10111110,122.92,928,40.0,6.18,479.4,122.33,-1.6,0.0, , 
,123.57,896,28.5,5.9,10111110,123.86,928,40.0,6.18,479.4,123.24,-1.6,0.0, , 
,124.47,896,28.5,5.9,10111110,124.77,928,40.0,6.18,479.4,124.16,-1.6,0.0, , 
,125.40,896,28.5,4.7,10111110,125.70,896,36.9,5.15,459.0,125.08,-1.6,0.0, , 
,126.43,1792,28.5,0.0,10101010,126.79,1632,66.3,16.48,673.2,126.05,-0.8,0.0, , 
,127.49,1344,28.5,0.0,10101010,127.79,1376,72.2,10.30,754.8,127.17,-0.8,-2.0, , 
,128.49,1824,28.5,0.0,10101010,128.84,1984,59.2,8.24,632.4,128.13,-0.8,-2.0, , 
,129.55,2112,28.5,0.0,10111100,129.91,1792,26.7,3.09,336.6,129.19,0.0,-2.0, , 
,130.52,1248,28.5,0.0,10101010,130.85,1312,72.2,14.42,754.8,130.20,-1.6,0.0, , 
,131.54,1536,28.5,0.0,10101010,131.88,1664,87.1,15.45,887.4,131.22,-0.8,0.0, , 
,132.61,1920,30.0,0.0,10101010,132.96,2016,78.4,12.36,795.6,132.25,-0.8,-2.0, , 
,133.63,2240,30.0,-1.6,10101000,134.00,2368,81.2,13.39,795.6,133.30,0.0,-2.0, , 
,134.68,2592,30.0,0.8,10101000,135.02,2336,0.0,0.00,316.2,134.34,0.0,-2.0, , 
,135.69,1184,30.0,0.0,10101010,136.07,1728,40.0,6.18,459.0,135.33,-1.6,-2.0, , 
,136.81,1728,30.0,0.0,10101010,137.18,1760,63.5,12.36,673.2,136.47,-0.8,-2.0, , 
,137.93,1824,31.5,0.0,10101010,138.30,1856,66.3,10.30,693.6,137.55,0.0,-2.0, , 
,139.03,1920,31.5,-0.4,10101010,139.39,1952,60.4,9.27,632.4,138.66,0.0,-2.0, , 
,140.13,2048,31.5,-0.8,10101000,140.48,2048,56.1,8.24,591.6,139.76,0.0,-2.0, , 
,141.18,2112,31.5,2.0,10101000,141.52,2144,51.8,7.21,550.8,140.85,0.0,-2.0, , 
,142.21,2144,31.5,-0.4,10101000,142.56,2176,35.3,5.15,418.2,141.86,0.0,-2.0, , 
,143.23,2176,33.0,-3.1,10101000,143.56,2176,34.1,4.12,397.8,142.91,0.0,-2.0, , 
,144.24,2208,33.0,-2.0,10101000,144.58,2208,31.0,4.12,377.4,143.90,0.0,-2.0, , 
,145.22,2240,33.0,0.0,10101000,145.55,2240,45.9,6.18,499.8,144.91,0.0,-2.0, , 
,146.22,2336,33.0,3.1,10101000,146.55,2336,38.4,5.15,438.6,145.89,0.0,-2.0, , 
,147.24,2400,34.5,2.3,10101000,147.60,2432,31.0,4.12,357.0,146.88,0.0,-2.0, , 
,148.34,2464,34.5,1.6,10101000,148.70,2496,31.0,4.12,357.0,147.97,0.0,-2.0, , 
,149.38,2528,34.5,7.0,10101000,149.71,2560,42.7,6.18,459.0,149.03,0.0,-2.0, , 
,150.39,2624,34.5,11.3,11101000,150.72,2624,47.1,7.21,499.8,150.06,0.0,-2.0, , 
,151.40,2272,34.5,0.0,11111100,151.71,1568,0.0,0.00,357.0,151.05,0.0,-2.0, , 
,152.39,1536,36.0,0.0,11101010,152.76,1888,26.7,4.12,336.6,152.01,-1.6,0.0, , 
,153.48,1952,36.0,0.0,11101010,153.84,1952,67.8,11.33,714.0,153.13,0.0,-2.0, , 
,154.56,1984,36.0,0.0,11101010,154.92,1984,63.5,9.27,673.2,154.20,0.0,-2.0, , 
,155.64,2016,36.0,3.1,11101000,155.99,2016,62.0,9.27,652.8,155.28,0.0,-2.0, , 
,156.68,2048,37.5,5.1,11101000,157.03,2048,62.0,9.27,652.8,156.33,0.0,-2.0, , 
,157.74,2080,37.5,7.8,11101000,158.09,2080,69.4,11.33,714.0,157.39,0.0,-2.0, , 
,158.82,2144,37.5,9.4,11101000,159.14,2144,79.6,13.39,795.6,158.45,0.0,-2.0, , 
,159.81,2208,37.5,6.6,11101000,160.16,2208,79.6,12.36,795.6,159.47,0.0,-2.0, , 
,160.82,2240,37.5,5.1,11101000,161.15,2272,78.4,12.36,795.6,160.49,0.0,-2.0, , 
,161.82,2272,37.5,3.9,11101000,162.15,2304,73.7,11.33,754.8,161.49,0.0,-2.0, , 
,162.84,2304,39.0,0.0,11101000,163.19,2304,60.4,8.24,632.4,162.49,0.0,-2.0, , 
,163.85,2304,39.0,3.5,11101000,164.19,2304,60.4,9.27,632.4,163.51,0.0,-2.0, , 
,164.85,2272,39.0,5.9,11101000,165.16,2272,60.4,9.27,632.4,164.51,0.0,-2.0, , 
,165.82,2272,39.0,5.1,11101000,166.15,2240,44.3,6.18,479.4,165.49,0.0,-2.0, , 
,166.85,2208,39.0,4.3,11101000,167.20,2208,28.2,3.09,336.6,166.50,0.0,-2.0, , 
,167.87,2112,40.5,-5.1,11101000,168.21,2080,20.8,2.06,275.4,167.53,0.0,-2.0, , 
,168.91,2016,40.5,-6.6,11111100,169.26,1984,0.0,0.00,275.4,168.56,0.0,-2.3, , 
,169.96,1888,40.5,0.0,11111110,170.31,1856,0.0,0.00,316.2,169.61,0.0,-2.3, , 
,170.98,1760,40.5,0.0,11111110,171.33,1728,0.0,0.00,357.0,170.64,0.0,-2.3, , 
,171.93,960,40.5,0.0,11111110,172.27,1056,38.4,7.21,479.4,171.65,-1.6,0.0, , 
,172.91,1056,42.0,0.0,11111110,173.20,960,32.5,5.15,418.2,172.57,-1.6,0.0, , 
,173.81,896,42.0,-1.2,11111110,174.12,864,35.3,5.15,459.0,173.51,-2.3,0.0, , 
,174.72,896,42.0,-1.6,11111110,175.02,896,35.3,5.15,459.0,174.43,-2.3,0.0, , 
,175.65,896,42.0,-1.2,11111110,175.97,864,35.3,5.15,459.0,175.34,-2.3,0.0, , 
,176.58,864,42.0,0.0,11111110,176.88,896,35.3,5.15,459.0,176.28,-2.3,0.0, , 
,177.49,896,42.0,1.6,11111110,177.80,896,36.9,5.15,459.0,177.18,-2.3,0.0, , 
,178.38,896,42.0,3.5,11111110,178.67,864,36.9,5.15,459.0,178.10,-2.3,0.0, , 
,179.31,1344,43.5,9.0,11101010,179.64,1280,31.0,4.12,397.8,178.99,-1.6,0.0, , 
,180.28,1280,43.5,9.4,11101010,180.60,1312,34.1,5.15,418.2,179.96,-1.6,0.0, , 
,181.23,1312,43.5,10.2,11101010,181.60,1344,50.2,8.24,571.2,180.92,-1.6,0.0, , 
,182.32,1440,43.5,12.9,11101010,182.58,1472,51.8,8.24,591.6,181.97,-0.8,0.0, , 
,183.30,1536,43.5,15.6,11101010,183.65,1600,50.2,8.24,571.2,182.96,-0.8,-2.3, , 
,184.42,1728,43.5,16.8,11101010,184.77,1792,63.5,9.27,693.6,184.04,-0.8,-2.3, , 
,185.51,1920,43.5,3.1,11101010,185.90,1984,63.5,9.27,673.2,185.14,0.0,-2.3, , 
,186.57,2112,45.0,8.2,11101000,186.90,2208,65.1,10.30,693.6,186.24,0.0,-2.3, , 
,187.61,2368,45.0,12.1,11101000,187.96,2464,65.1,10.30,673.2,187.23,0.0,-2.3, , 
,188.64,2176,45.0,0.0,11111100,188.97,1408,0.0,0.00,377.4,188.28,0.0,-2.3, , 
,189.67,1664,45.0,0.0,11101010,190.04,1632,36.9,5.15,438.6,189.30,-1.6,0.0, , 
,190.76,1600,45.0,0.4,11101010,191.12,1632,47.1,7.21,520.2,190.40,-0.8,-2.3, , 
,191.86,1664,45.0,0.0,11101010,192.21,1696,62.0,9.27,673.2,191.48,-0.8,-2.3, , 
,192.91,1760,45.0,2.0,11101010,193.21,1760,59.2,8.24,632.4,192.55,-0.8,-2.3, , 
,193.97,1824,46.5,5.5,11101010,194.35,1856,54.5,8.24,612.0,193.59,0.0,-2.3, , 
,195.08,1920,46.5,7.0,11101010,195.46,1920,51.8,7.21,591.6,194.72,0.0,-2.3, , 
,196.19,1952,46.5,7.4,11101010,196.54,1984,50.2,7.21,571.2,195.83,0.0,-2.3, , 
,197.24,2048,46.5,9.0,11101000,197.59,2080,48.6,7.21,520.2,196.90,0.0,-2.3, , 
,198.30,2144,46.5,9.0,11101000,198.65,2176,47.1,7.21,520.2,197.94,0.0,-2.3, , 
,199.32,2240,46.5,9.4,11101000,199.65,2272,44.3,6.18,499.8,198.99,0.0,-2.3, , 
,200.33,2304,46.5,9.4,11101000,200.67,2336,44.3,6.18,479.4,199.99,0.0,-2.3, , 
,201.40,2368,46.5,7.0,11101000,201.77,2400,42.7,6.18,459.0,201.02,0.0,-2.3, , 
,202.46,2432,46.5,5.1,11101000,202.80,2464,41.2,6.18,459.0,202.11,0.0,-2.3, , 
,203.49,2496,46.5,3.5,11101000,203.84,2464,28.2,4.12,336.6,203.14,0.0,-2.3, , 
,204.57,2496,48.0,2.3,11101000,204.91,2496,28.2,4.12,336.6,204.20,0.0,-2.3, , 
,205.58,2496,48.0,3.5,11101000,205.95,2496,29.4,4.12,357.0,205.22,0.0,-2.3, , 
,206.67,2496,48.0,-9.0,11101000,207.02,2496,34.1,3.09,397.8,206.31,0.0,-2.3, , 
,207.70,2496,48.0,-17.2,11101000,208.07,2496,51.8,5.15,571.2,207.35,0.0,-2.3, , 
,208.76,2560,48.0,-4.3,11101000,209.09,2592,57.6,6.18,612.0,208.42,0.0,-2.3, , 
,209.76,2624,48.0,-5.1,11101000,210.11,2656,48.6,4.12,520.2,209.42,0.0,-2.3, , 
,210.83,2656,48.0,-2.3,11101000,211.18,2656,41.2,4.12,459.0,210.48,0.0,-2.3, , 
,211.86,2656,49.5,2.3,11101000,212.19,2624,23.5,2.06,295.8,211.54,0.0,-2.3, , 
,212.84,2624,49.5,-14.8,11101000,213.18,2592,23.5,2.06,295.8,212.51,0.0,-2.3, , 
,213.88,2592,49.5,-18.4,11101000,214.21,2560,29.4,2.06,357.0,213.53,0.0,-2.3, , 
,214.90,2560,49.5,-13.7,11101000,215.26,2528,23.5,2.06,316.2,214.54,0.0,-2.3, , 
,215.94,2560,49.5,-16.0,11101000,216.28,2528,25.1,2.06,316.2,215.60,0.0,-2.3, , 
,216.98,2528,49.5,-12.9,11101000,217.32,2528,25.1,2.06,316.2,216.64,0.0,-2.3, , 
,217.98,2528,49.5,-9.0,11101000,218.34,2528,26.7,2.06,336.6,217.65,0.0,-2.3, , 
,219.04,2592,49.5,-5.9,11101000,219.39,2560,31.0,2.06,357.0,218.68,0.0,-2.3, , 
,220.04,2592,51.0,8.2,11101000,220.39,2624,31.0,3.09,377.4,219.71,0.0,-2.3, , 
,221.07,2656,51.0,9.4,11101000,221.41,2656,29.4,3.09,357.0,220.74,0.0,-2.3, , 
,222.05,2592,51.0,0.0,11111100,222.42,1920,0.0,0.00,295.8,221.74,0.0,-2.3, , 
,223.07,1056,51.0,0.0,11111110,223.38,896,36.9,6.18,459.0,222.74,-1.6,0.0, , 
,223.98,800,51.0,0.0,11111110,224.29,800,40.0,6.18,499.8,223.67,-2.3,0.0, , 
,224.92,896,51.0,-6.3,11111110,225.24,928,36.9,4.12,479.4,224.60,-2.3,0.0, , 
,225.86,928,51.0,-27.3,11111110,226.17,896,35.3,3.09,438.6,225.54,-2.3,0.0, , 
,226.80,896,52.5,-29.7,11111110,227.11,864,36.9,3.09,459.0,226.49,-2.3,0.0, , 
,227.75,864,52.5,-26.6,11111110,228.07,896,36.9,3.09,459.0,227.42,-2.3,0.0, , 
,228.67,896,52.5,-21.9,11111110,228.99,896,36.9,3.09,459.0,228.38,-2.3,0.0, , 
,229.64,896,52.5,-19.5,11111110,229.96,928,35.3,3.09,459.0,229.31,-2.3,0.0, , 
,230.58,896,52.5,-18.0,11111110,230.89,896,35.3,3.09,459.0,230.26,-2.3,0.0, , 
,231.51,896,52.5,-16.4,11111110,231.82,896,34.1,3.09,438.6,231.21,-2.3,0.0, , 
,232.45,896,52.5,-14.8,11111110,232.78,896,34.1,3.09,438.6,232.13,-2.3,0.0, , 
,233.41,864,52.5,-14.1,11111110,233.72,896,34.1,3.09,438.6,233.10,-2.3,0.0, , 
,234.38,896,52.5,-12.9,11111110,234.70,896,34.1,3.09,438.6,234.04,-2.3,0.0, , 
,235.34,864,52.5,-12.1,11111110,235.64,896,34.1,3.09,438.6,235.02,-2.3,0.0, , 
,236.28,896,54.0,-10.9,11111110,236.59,896,34.1,3.09,438.6,235.97,-2.3,0.0, , 
,237.24,896,54.0,-9.8,11111110,237.54,896,34.1,3.09,438.6,236.92,-2.3,0.0, , 
,238.14,896,54.0,-8.2,11111110,238.43,896,34.1,3.09,438.6,237.84,-2.3,0.0, , 
,239.03,896,54.0,-7.4,11111110,239.34,864,34.1,3.09,438.6,238.74,-2.3,0.0, , 
,239.95,896,54.0,-5.9,11111110,240.25,864,34.1,3.09,438.6,239.64,-2.3,0.0, , 
,240.88,896,54.0,-5.5,11111110,241.19,864,34.1,3.09,459.0,240.56,-2.3,0.0, , 
,241.79,864,54.0,-4.7,11111110,242.09,864,35.3,3.09,438.6,241.48,-2.3,0.0, , 
,242.72,864,54.0,-3.5,11111110,243.04,864,35.3,3.09,459.0,242.42,-2.3,0.0, , 
,243.68,896,54.0,-2.3,11111110,243.98,832,36.9,4.12,459.0,243.35,-2.3,0.0, , 
,244.60,896,54.0,0.0,11101010,244.91,960,48.6,5.15,591.6,244.28,-1.6,0.0, , 
,245.55,1152,55.5,0.0,11101010,245.85,1248,75.3,11.33,826.2,245.22,-1.6,0.0, , 
,246.46,1408,55.5,0.0,11101010,246.83,1568,85.5,11.33,907.8,246.15,-0.8,0.0, , 
,247.56,1888,55.5,0.0,11101010,247.91,2048,81.2,9.27,846.6,247.19,-0.8,-2.3, , 
,248.60,2336,55.5,-10.5,11101000,248.94,2464,82.7,8.24,846.6,248.25,0.0,-2.3, , 
,249.61,2752,55.5,-9.4,11101000,249.95,2560,0.0,0.00,418.2,249.26,0.0,-2.3, , 
,250.60,1280,55.5,0.0,11101010,250.91,1216,31.0,5.15,397.8,250.29,0.0,-2.3, , 
,251.63,1888,55.5,0.0,11101010,251.98,1984,25.1,3.09,336.6,251.26,-1.6,-2.3, , 
,252.70,1984,55.5,-21.1,11101000,253.05,2016,45.9,6.18,520.2,252.34,0.0,-2.3, , 
,253.75,2080,55.5,0.0,11101000,254.10,2112,41.2,4.12,479.4,253.41,0.0,-2.3, , 
,254.81,2176,55.5,0.0,11101000,255.14,2208,32.5,3.09,397.8,254.45,0.0,-2.3, , 
,255.83,2240,55.5,-7.8,11101000,256.15,2240,25.1,2.06,316.2,255.48,0.0,-2.3, , 
,256.81,2240,55.5,-15.2,11101000,257.14,2272,20.8,2.06,295.8,256.48,0.0,-2.3, , 
,257.83,2304,57.0,-21.5,11101000,258.16,2304,23.5,2.06,316.2,257.48,0.0,-2.3, , 
,258.83,2304,57.0,-21.5,11101000,259.15,2336,23.5,2.06,316.2,258.51,0.0,-2.3, , 
,259.83,2336,57.0,-18.4,11101000,260.16,2368,23.5,2.06,316.2,259.49,0.0,-2.3, , 
,260.90,2400,57.0,-16.4,11101000,261.23,2400,23.5,2.06,295.8,260.52,0.0,-2.3, , 
,261.97,2400,57.0,-14.5,11101000,262.32,2400,23.5,2.06,295.8,261.61,0.0,-2.3, , 
,263.03,2432,57.0,-12.9,11101000,263.38,2432,23.5,2.06,295.8,262.66,0.0,-2.3, , 
,264.08,2432,57.0,-11.3,11101000,264.44,2432,23.5,2.06,295.8,263.72,0.0,-2.3, , 
,265.11,2304,57.0,0.0,11111100,265.47,1632,0.0,0.00,316.2,264.77,0.0,-2.3, , 
,266.09,1088,57.0,0.0,11111110,266.42,928,34.1,5.15,438.6,265.75,-2.3,0.0, , 
,267.00,800,57.0,0.0,11111110,267.32,832,40.0,6.18,499.8,266.71,-2.3,0.0, , 
,267.92,928,57.0,-10.5,11111110,268.24,896,35.3,4.12,459.0,267.62,-2.3,0.0, , 
,268.86,896,57.0,-27.3,11111110,269.17,864,35.3,3.09,459.0,268.56,-2.3,0.0, , 
,269.76,896,57.0,-27.7,11111110,270.07,864,35.3,3.09,459.0,269.47,-2.3,0.0, , 
,270.68,896,57.0,-23.0,11111110,270.98,864,35.3,3.09,459.0,270.37,-2.3,0.0, , 
,271.61,896,57.0,-19.5,11111110,271.93,896,35.3,3.09,459.0,271.30,-2.3,0.0, , 
,272.52,896,57.0,-18.0,11111110,272.84,896,35.3,3.09,459.0,272.23,-2.3,0.0, , 
,273.46,896,57.0,-16.8,11111110,273.76,896,35.3,3.09,459.0,273.15,-2.3,0.0, , 
,274.40,896,57.0,-16.0,11111110,274.73,896,35.3,3.09,459.0,274.09,-2.3,0.0, , 
,275.36,896,57.0,-14.8,11111110,275.68,896,34.1,3.09,459.0,275.05,-2.3,0.0, , 
,276.29,928,57.0,-14.8,11101010,276.62,1280,38.4,5.15,459.0,275.98,-2.3,0.0, , 
,277.28,1216,58.5,0.0,11101010,277.62,1344,60.4,9.27,693.6,276.94,-1.6,0.0, , 
,278.26,1440,58.5,0.0,11111110,278.57,1568,0.0,0.00,397.8,277.96,-0.8,0.0, , 
,279.17,1088,58.5,0.0,11111110,279.46,1024,32.5,4.12,418.2,278.86,-2.3,0.0, , 
,280.06,832,58.5,0.0,11111110,280.38,768,41.2,7.21,499.8,279.76,-2.3,0.0, , 
,281.01,896,58.5,0.0,11111110,281.31,896,35.3,4.12,459.0,280.69,-2.3,0.0, , 
,281.94,864,58.5,-16.0,11111110,282.24,800,34.1,3.09,438.6,281.63,-2.3,0.0, , 
,282.84,800,58.5,-22.3,11111110,283.15,800,35.3,3.09,459.0,282.54,-2.3,0.0, , 
,283.74,800,58.5,-22.7,11111110,284.04,800,35.3,3.09,479.4,283.44,-2.3,0.0, , 
,284.65,800,58.5,-21.9,11111110,284.94,800,36.9,3.09,479.4,284.34,-2.3,0.0, , 
,285.54,800,60.0,-19.9,11111110,285.83,800,35.3,3.09,479.4,285.24,-2.3,0.0, , 
,286.44,832,60.0,-18.4,11111110,286.73,800,35.3,3.09,459.0,286.14,-2.3,0.0, , 
,287.35,800,58.5,-17.2,11111110,287.64,800,35.3,3.09,459.0,287.03,-2.3,0.0, , 
,288.25,800,60.0,-16.4,11111110,288.56,800,35.3,3.09,479.4,287.94,-2.3,0.0, , 
,289.15,832,60.0,-15.6,11111110,289.45,832,35.3,3.09,459.0,288.85,-2.3,0.0, , 
,290.08,800,60.0,-15.2,11111110,290.38,800,35.3,3.09,479.4,289.76,-2.3,0.0, , 
,290.99,832,60.0,-13.7,11111110,291.27,800,36.9,3.09,479.4,290.69,-2.3,0.0, , 
,291.85,832,60.0,-12.9,11111110,292.15,800,35.3,3.09,459.0,291.57,-2.3,0.0, , 
,292.74,832,60.0,-11.7,11111110,293.06,832,36.9,3.09,479.4,292.45,-2.3,0.0, , 
,293.66,800,60.0,-11.3,11111110,293.96,800,35.3,3.09,479.4,293.37,-2.3,0.0, , 
,294.58,800,60.0,-9.8,11111110,294.89,800,35.3,3.09,479.4,294.27,-2.3,0.0, , 
,295.46,800,60.0,-8.6,11111110,295.76,800,36.9,3.09,479.4,295.17,-2.3,0.0, , 
,296.36,800,60.0,-7.4,11111110,296.67,800,36.9,3.09,479.4,296.05,-2.3,0.0, , 
,297.30,832,60.0,-5.9,11111110,297.60,832,35.3,3.09,459.0,296.98,-2.3,0.0, , 
,298.19,800,60.0,-5.1,11111110,298.50,800,35.3,3.09,479.4,297.90,-2.3,0.0, , 
,299.11,832,60.0,-3.9,11111110,299.42,800,35.3,3.09,459.0,298.80,-2.3,0.0, , 
,300.02,800,60.0,-3.1,11111110,300.33,800,36.9,3.09,479.4,299.72,-2.3,0.0, , 
,300.93,832,60.0,-2.0,11111110,301.20,800,35.3,3.09,479.4,300.62,-2.3,0.0, , 
,301.77,800,60.0,-1.2,11111110,302.07,832,36.9,3.09,479.4,301.48,-2.3,0.0, , 
,302.66,800,60.0,-0.4,11111110,302.97,800,36.9,3.09,479.4,302.36,-2.3,0.0, , 
,303.55,800,60.0,1.2,11111110,303.85,832,36.9,3.09,479.4,303.27,-2.3,0.0, , 
,304.44,800,60.0,2.0,10111110,304.75,800,36.9,3.09,479.4,304.14,-2.3,0.0, , 
,305.33,800,60.0,2.7,10111110,305.63,800,36.9,3.09,479.4,305.04,-2.3,0.0, , 
,306.25,800,60.0,3.9,10111110,306.54,800,36.9,3.09,479.4,305.92,-2.3,0.0, , 
,307.15,800,61.5,5.1,10111110,307.45,800,36.9,3.09,479.4,306.83,-2.3,0.0, , 
,308.08,832,61.5,6.3,10111110,308.37,800,36.9,3.09,479.4,307.77,-2.3,0.0, , 
,309.00,832,61.5,7.4,10111110,309.31,800,35.3,3.09,479.4,308.70,-2.3,0.0, , 
,309.92,832,61.5,8.2,10111110,310.23,800,35.3,3.09,459.0,309.62,-2.3,0.0, , 
,310.84,800,61.5,7.8,10111110,311.17,800,35.3,3.09,479.4,310.53,-2.3,0.0, , 
,311.77,800,61.5,7.4,10111110,312.06,800,35.3,3.09,459.0,311.46,-2.3,0.0, , 
,312.66,800,61.5,7.8,10111110,312.94,832,35.3,3.09,479.4,312.36,-2.3,0.0, , 
,313.53,800,61.5,5.9,10111110,313.82,800,36.9,3.09,479.4,313.23,-2.3,0.0, , 
,314.41,800,61.5,5.5,10111110,314.74,800,35.3,3.09,459.0,314.11,-2.3,0.0, , 
,315.36,800,61.5,5.5,10111110,315.67,800,35.3,3.09,459.0,315.05,-2.3,0.0, , 
,316.29,800,61.5,5.5,10111110,316.59,800,35.3,3.09,479.4,315.98,-2.3,0.0, , 
,317.20,800,61.5,5.5,10111110,317.51,800,36.9,3.09,479.4,316.89,-2.3,0.0, , 
,318.10,800,61.5,5.5,10111110,318.41,800,35.3,3.09,479.4,317.81,-2.3,0.0, , 
,319.03,800,61.5,5.5,10111110,319.33,800,36.9,3.09,479.4,318.72,-2.3,0.0, , 
,319.94,800,61.5,5.5,10111110,320.25,800,36.9,3.09,479.4,319.64,-2.3,0.0, , 
,320.83,800,63.0,5.1,10111110,321.12,800,35.3,3.09,479.4,320.54,-2.3,0.0, , 
,321.70,832,63.0,5.1,10111110,321.99,800,35.3,3.09,479.4,321.41,-2.3,0.0, , 
,322.58,832,63.0,5.9,10111110,322.88,800,35.3,3.09,459.0,322.31,-2.3,0.0, , 
,323.51,800,63.0,6.6,10111110,323.82,800,35.3,3.09,479.4,323.20,-2.3,0.0, , 
,324.44,800,63.0,6.6,10111110,324.75,800,36.9,3.09,479.4,324.12,-2.3,0.0, , 
,325.35,800,63.0,7.0,10111110,325.64,800,35.3,3.09,459.0,325.06,-2.3,0.0, , 
,326.24,768,63.0,6.6,10111110,326.53,800,36.9,3.09,479.4,325.95,-2.3,0.0, , 
,327.11,800,63.0,6.6,10111110,327.42,800,36.9,3.09,479.4,326.83,-2.3,0.0, , 
,328.02,800,63.0,6.6,10111110,328.31,800,36.9,3.09,479.4,327.72,-2.3,0.0, , 
,328.89,800,63.0,6.6,10111110,329.19,800,35.3,3.09,479.4,328.60,-2.3,0.0, , 
,329.80,800,63.0,6.6,10111110,330.10,800,36.9,3.09,479.4,329.48,-2.3,0.0, , 
,330.68,800,63.0,4.3,10111110,330.98,800,35.3,3.09,479.4,330.39,-2.3,0.0, , 
,331.61,800,63.0,4.3,10111110,331.93,800,35.3,3.09,479.4,331.29,-2.3,0.0, , 
,332.55,800,63.0,4.7,10111110,332.84,800,36.9,3.09,479.4,332.23,-2.3,0.0, , 
,333.49,800,63.0,4.3,10111110,333.79,800,35.3,3.09,479.4,333.17,-2.3,0.0, , 
,334.37,800,63.0,4.7,10111110,334.67,800,36.9,3.09,479.4,334.10,-2.3,0.0, , 
,335.27,800,63.0,4.3,10111110,335.58,800,36.9,3.09,479.4,334.98,-2.3,0.0, , 
,336.16,832,63.0,4.7,10111110,336.44,832,36.9,3.09,479.4,335.87,-2.3,0.0, , 
,337.03,800,63.0,4.7,10111110,337.32,800,36.9,3.09,479.4,336.75,-2.3,0.0, , 
,337.91,800,63.0,4.7,10111110,338.18,800,35.3,3.09,479.4,337.62,-2.3,0.0, , 
,338.81,800,63.0,4.7,10111110,339.11,800,35.3,3.09,479.4,338.50,-2.3,0.0, , 
,339.71,800,63.0,4.7,10111110,340.02,800,35.3,3.09,479.4,339.40,-2.3,0.0, , 
,340.64,800,63.0,4.7,10111110,340.95,800,35.3,3.09,479.4,340.33,-2.3,0.0, , 
,341.56,800,64.5,4.3,10111110,341.86,800,35.3,3.09,479.4,341.25,-2.3,0.0, , 
,342.46,800,64.5,5.1,10111110,342.75,800,35.3,3.09,479.4,342.15,-2.3,0.0, , 
,343.36,800,64.5,5.1,10111110,343.65,800,35.3,3.09,479.4,343.07,-2.3,0.0, , 
,344.20,800,64.5,4.3,10111110,344.49,800,35.3,3.09,479.4,343.93,-2.3,0.0, , 
,345.12,800,64.5,4.3,10111110,345.41,800,36.9,3.09,479.4,344.80,-2.3,0.0, , 
,346.02,800,64.5,4.7,10111110,346.31,800,35.3,3.09,479.4,345.71,-2.3,0.0, , 
,346.95,800,64.5,4.7,10111110,347.26,800,35.3,3.09,479.4,346.64,-2.3,0.0, , 
,347.86,800,64.5,4.7,10111110,348.16,800,35.3,3.09,479.4,347.54,-2.3,0.0, , 
,348.74,800,64.5,4.3,10111110,349.05,800,35.3,3.09,479.4,348.45,-2.3,0.0, , 
,349.70,1152,64.5,0.0,10101010,350.03,1984,71.0,7.21,775.2,349.37,-2.3,0.0, , 
,350.74,2112,64.5,0.0,10101000,351.09,1984,62.0,6.18,673.2,350.37,0.0,-2.3, , 
,351.84,1728,64.5,0.0,10101010,352.18,1376,51.8,4.12,612.0,351.46,0.0,-2.3, , 
,352.91,1504,64.5,0.0,10101010,353.25,1632,40.0,4.12,479.4,352.54,-1.6,-2.3, , 
,353.89,1248,64.5,0.0,10111110,354.23,992,34.1,5.15,418.2,353.57,-1.6,-2.3, , 
,354.85,864,64.5,0.0,10111110,355.17,864,34.1,4.12,459.0,354.54,-2.3,0.0, , 
,355.77,864,64.5,0.0,10111110,356.08,896,34.1,4.12,459.0,355.47,-2.3,0.0, , 
,356.73,896,64.5,-13.3,10111110,357.03,896,32.5,3.09,438.6,356.40,-2.3,0.0, , 
,357.63,832,64.5,-22.3,10111110,357.96,864,35.3,3.09,459.0,357.33,-2.3,0.0, , 
,358.56,896,64.5,-21.5,10111110,358.84,864,35.3,3.09,459.0,358.25,-2.3,0.0, , 
,359.42,864,64.5,-19.9,10111110,359.71,768,34.1,3.09,459.0,359.13,-2.3,0.0, , 
,360.31,800,64.5,-18.4,10101010,360.66,928,56.1,10.30,652.8,360.02,-2.3,0.0, , 
,361.41,1600,64.5,0.0,10101010,361.76,1568,66.3,9.27,734.4,361.00,-0.8,0.0, , 
,362.49,1792,64.5,0.0,10101010,362.83,1600,50.2,5.15,591.6,362.13,0.0,-2.3, , 
,363.54,1504,64.5,0.0,10111110,363.84,960,32.5,4.12,438.6,363.21,-0.8,-2.3, , 
,364.53,1088,64.5,0.0,10111110,364.84,864,26.7,3.09,377.4,364.17,-1.6,0.0, , 
,365.44,704,64.5,0.0,10111110,365.75,768,38.4,5.15,499.8,365.17,-3.1,0.0, , 
,366.35,800,64.5,-6.6,10101010,366.65,832,41.2,6.18,520.2,366.06,-2.3,0.0, , 
,367.25,928,64.5,0.0,10101010,367.60,960,42.7,6.18,520.2,366.95,-1.6,0.0, , 
,368.26,1280,64.5,0.0,10101010,368.59,1248,44.3,6.18,550.8,367.92,-1.6,0.0, , 
,369.16,1024,66.0,0.0,10101010,369.46,1088,53.3,6.18,632.4,368.90,-1.6,0.0, , 
,370.12,1312,66.0,0.0,10101010,370.46,1408,35.3,4.12,438.6,369.81,-1.6,0.0, , 
,371.26,1536,66.0,-7.0,10101010,371.61,1600,35.3,3.09,438.6,370.88,-1.6,0.0, , 
,372.33,1728,66.0,-5.1,10101010,372.67,1792,36.9,3.09,438.6,371.97,-1.6,-2.3, , 
,373.41,1952,66.0,-2.0,10101010,373.76,2048,47.1,5.15,550.8,373.04,0.0,-2.3, , 
,374.43,2304,66.0,2.7,10101000,374.76,2368,29.4,2.06,377.4,374.10,0.0,-2.3, , 
,375.46,1216,66.0,0.0,10111110,375.78,992,31.0,5.15,418.2,375.13,0.0,-2.3, , 
,376.43,832,66.0,0.0,10111110,376.71,864,36.9,5.15,479.4,376.11,-2.3,0.0, , 
,377.29,896,66.0,0.0,10111110,377.59,896,34.1,4.12,438.6,377.01,-2.3,0.0, , 
,378.20,896,66.0,-9.8,10111110,378.51,896,34.1,3.09,438.6,377.91,-2.3,0.0, , 
,379.14,896,66.0,-19.5,10111110,379.45,832,34.1,3.09,459.0,378.82,-2.3,0.0, , 
,380.10,896,66.0,-20.7,10111110,380.42,864,41.2,6.18,499.8,379.78,-2.3,0.0, , 
,381.08,1440,66.0,0.0,10101010,381.41,1248,51.8,7.21,612.0,380.76,-1.6,0.0, , 
,382.03,1152,66.0,0.0,10101010,382.36,1312,54.5,7.21,632.4,381.71,-1.6,0.0, , 
,383.01,1632,66.0,0.0,10101010,383.36,1760,53.3,6.18,612.0,382.66,-0.8,0.0, , 
,384.06,2048,66.0,0.0,10101000,384.39,2304,66.3,8.24,714.0,383.71,0.0,-2.3, , 
,385.08,1504,66.0,0.0,10111110,385.44,1376,31.0,5.15,397.8,384.75,0.0,-2.3, , 
,386.10,1344,66.0,0.0,10101010,386.43,1376,48.6,7.21,571.2,385.77,-1.6,0.0, , 
,387.04,1472,66.0,0.0,10101010,387.38,1536,65.1,10.30,734.4,386.77,-1.6,0.0, , 
,388.12,1696,66.0,0.0,10101010,388.49,1824,67.8,9.27,734.4,387.73,-0.8,-2.3, , 
,389.21,1984,66.0,-5.9,10101000,389.56,2080,60.4,6.18,673.2,388.85,0.0,-2.3, , 
,390.23,2208,67.5,-5.1,10101000,390.57,2240,59.2,6.18,652.8,389.89,0.0,-2.3, , 
,391.26,2400,67.5,-1.6,11101000,391.62,2496,66.3,7.21,693.6,390.91,0.0,-2.3, , 
,392.31,2656,67.5,-2.0,11101000,392.64,2720,69.4,8.24,734.4,391.96,0.0,-2.3, , 
,393.28,2880,67.5,-18.4,11101000,393.65,2880,0.0,0.00,499.8,392.96,0.0,-2.3, , 
,394.43,1568,67.5,0.0,11101010,394.77,1600,32.5,5.15,397.8,394.00,0.0,-2.3, , 
,395.51,1920,67.5,0.0,11101010,395.89,1856,53.3,8.24,612.0,395.15,0.0,-2.3, , 
,396.62,1856,67.5,-9.8,11101010,396.98,1888,42.7,5.15,499.8,396.25,0.0,-2.3, , 
,397.72,1888,67.5,-14.1,11101010,398.10,1888,41.2,4.12,479.4,397.34,0.0,-2.3, , 
,398.86,1888,67.5,-17.6,11101010,399.22,1888,40.0,4.12,479.4,398.48,0.0,-2.3, , 
,399.94,1920,67.5,-18.4,11101010,400.32,1920,34.1,3.09,418.2,399.60,0.0,-2.3, , 
,401.04,1888,67.5,-18.8,11101010,401.40,1888,31.0,3.09,397.8,400.67,0.0,-2.3, , 
,402.14,1888,67.5,-19.1,11101010,402.50,1888,32.5,3.09,397.8,401.77,0.0,-2.3, , 
,403.24,1856,67.5,-18.8,11101010,403.61,1856,32.5,3.09,418.2,402.87,0.0,-2.3, , 
,404.31,1856,67.5,-18.8,11101010,404.62,1856,48.6,7.21,550.8,403.97,0.0,-2.3, , 
,405.38,1888,67.5,-10.2,11101010,405.75,1888,44.3,5.15,520.2,405.00,0.0,-2.3, , 
,406.47,1920,69.0,-14.1,11101010,406.83,1920,40.0,4.12,459.0,406.11,0.0,-2.3, , 
,407.56,1888,67.5,-16.4,11101010,407.93,1920,38.4,4.12,459.0,407.18,0.0,-2.3, , 
,408.64,1920,69.0,0.0,11111110,408.95,1440,0.0,0.00,357.0,408.27,0.0,-2.3, , 
,409.58,928,69.0,0.0,11111110,409.89,896,34.1,5.15,438.6,409.28,-2.3,0.0, , 
,410.51,832,69.0,0.0,11111110,410.83,896,35.3,5.15,459.0,410.21,-2.3,0.0, , 
,411.44,896,69.0,-3.1,11111110,411.74,896,31.0,4.12,418.2,411.14,-2.3,0.0, , 
,412.37,896,69.0,-17.6,11111110,412.68,896,31.0,3.09,418.2,412.05,-2.3,0.0, , 
,413.32,864,69.0,-27.3,11101010,413.64,1056,38.4,5.15,499.8,413.02,-2.3,0.0, , 
,414.37,1824,69.0,-8.2,11101010,414.72,1792,28.2,3.09,357.0,413.99,0.0,-2.3, , 
,415.41,1824,69.0,0.0,11101010,415.78,1824,54.5,8.24,632.4,415.06,0.0,-2.3, , 
,416.45,1856,69.0,0.0,11101010,416.82,1856,32.5,4.12,397.8,416.11,0.0,-2.3, , 
,417.57,1888,69.0,-12.9,11101010,417.92,1952,51.8,7.21,591.6,417.21,0.0,-2.3, , 
,418.60,2112,70.5,0.0,11101000,418.94,2176,62.0,9.27,673.2,418.28,0.0,-2.3, , 
,419.61,2336,70.5,-19.1,11101000,419.96,2432,66.3,7.21,714.0,419.27,0.0,-2.3, , 
,420.64,2592,69.0,-25.0,11101000,420.95,2656,81.2,12.36,846.6,420.30,0.0,-2.3, , 
,421.64,2848,70.5,-12.5,11101000,421.95,2976,75.3,8.24,795.6,421.28,0.0,-2.3, , 
,422.65,2016,70.5,0.0,11111100,422.99,1536,25.1,4.12,336.6,422.29,0.0,-2.3, , 
,423.70,1888,70.5,0.0,11101010,424.06,1952,28.2,4.12,357.0,423.35,0.0,-2.3, , 
,424.77,1920,70.5,0.0,11101010,425.14,1952,53.3,7.21,612.0,424.41,0.0,-2.3, , 
,425.84,1984,70.5,-12.9,11101000,426.18,2016,51.8,6.18,591.6,425.49,0.0,-2.3, , 
,426.88,2016,70.5,-17.6,11101000,427.24,2016,42.7,4.12,499.8,426.53,0.0,-2.3, , 
,427.97,2048,70.5,0.0,11111100,428.31,2016,17.6,2.06,244.8,427.60,0.0,-2.3, , 
,429.03,1920,70.5,0.0,11111110,429.37,1888,0.0,0.00,295.8,428.65,0.0,-2.3, , 
,430.09,1792,70.5,0.0,11111110,430.44,1760,0.0,0.00,316.2,429.73,0.0,-2.3, , 
,431.16,1696,70.5,0.0,11111110,431.46,1664,0.0,0.00,336.6,430.79,-1.6,-2.3, , 
,432.18,1568,72.0,0.0,11111110,432.52,1536,0.0,0.00,336.6,431.84,-1.6,-2.3, , 
,433.10,1472,72.0,0.0,11111110,433.45,1408,0.0,0.00,336.6,432.79,-2.3,-2.3, , 
,434.07,1312,72.0,0.0,11111110,434.39,1312,25.1,3.09,336.6,433.75,-2.3,0.0, , 
,435.03,1344,72.0,0.0,11101010,435.33,1280,31.0,3.09,397.8,434.71,-2.3,0.0, , 
,436.02,1312,72.0,0.0,11101010,436.33,1344,48.6,7.21,591.6,435.69,-1.6,0.0, , 
,437.00,1344,72.0,0.0,11101010,437.34,1376,57.6,8.24,673.2,436.67,-1.6,0.0, , 
,437.96,1440,72.0,-14.1,11101010,438.22,1472,53.3,6.18,632.4,437.67,-0.8,0.0, , 
,438.84,1536,72.0,-15.6,11101010,439.18,1568,51.8,6.18,612.0,438.49,-0.8,-2.3, , 
,439.90,1632,72.0,0.0,11101010,440.27,1696,62.0,9.27,714.0,439.56,-0.8,-2.3, , 
,440.94,1792,72.0,-13.7,11101010,441.33,1824,57.6,6.18,652.8,440.63,-0.8,-2.3, , 
,442.08,1888,72.0,0.0,11101010,442.44,1920,29.4,4.12,377.4,441.71,0.0,-2.3, , 
,443.17,1920,72.0,-10.5,11101010,443.52,1952,25.1,3.09,336.6,442.81,0.0,-2.3, , 
,444.25,1952,73.5,-18.0,11101010,444.62,1952,23.5,2.06,316.2,443.89,0.0,-2.3, , 
,445.34,1920,72.0,-23.8,11101010,445.71,1952,20.8,2.06,295.8,444.99,0.0,-2.3, , 
,446.43,1952,73.5,-23.0,11101010,446.81,1952,25.1,2.06,336.6,446.08,0.0,-2.3, , 
,447.52,1952,72.0,-24.6,11101010,447.89,1952,25.1,2.06,336.6,447.17,0.0,-2.3, , 
,448.62,1952,73.5,-24.6,11101010,448.97,1984,19.2,1.03,275.4,448.25,0.0,-2.3, , 
,449.69,1888,73.5,-23.0,11101010,450.07,1920,19.2,2.06,275.4,449.33,0.0,-2.3, , 
,450.79,1888,73.5,-21.9,11101010,451.16,1856,20.8,2.06,295.8,450.43,0.0,-2.3, , 
,451.92,1856,73.5,-19.5,11101010,452.29,1824,22.0,2.06,316.2,451.55,0.0,-2.3, , 
,452.98,1824,73.5,-18.4,11101010,453.35,1824,22.0,2.06,316.2,452.63,0.0,-2.3, , 
,454.09,1824,73.5,-19.5,11101010,454.45,1792,23.5,2.06,316.2,453.70,0.0,-2.3, , 
,455.16,1792,73.5,-18.8,11111110,455.54,1792,22.0,2.06,316.2,454.81,0.0,-2.3, , 
,456.27,1728,73.5,0.0,11111110,456.60,1696,0.0,0.00,336.6,455.92,0.0,-2.3, , 
,457.35,1632,73.5,0.0,11111110,457.68,1600,0.0,0.00,336.6,456.98,-1.6,-2.3, , 
,458.37,1568,73.5,0.0,11101010,458.73,1632,29.4,4.12,377.4,458.03,-1.6,-2.3, , 
,459.38,1568,73.5,-11.3,11101010,459.72,1600,32.5,4.12,418.2,459.05,-1.6,-2.3, , 
,460.48,1600,73.5,-11.3,11101010,460.84,1600,32.5,3.09,418.2,460.09,-1.6,-2.3, , 
,461.55,1664,73.5,-13.7,11101010,461.92,1632,35.3,4.12,438.6,461.19,-1.6,-2.3, , 
,462.63,1632,73.5,-14.1,11101010,462.98,1664,35.3,4.12,438.6,462.26,-1.6,-2.3, , 
,463.66,1696,75.0,-13.3,11101010,464.03,1696,38.4,4.12,459.0,463.33,-1.6,-2.3, , 
,464.73,1728,75.0,-12.1,11101010,465.13,1760,36.9,4.12,459.0,464.37,-1.6,-2.3, , 
,465.87,1792,75.0,-12.1,11101010,466.24,1792,38.4,4.12,459.0,465.49,-1.6,-2.3, , 
,466.97,1856,75.0,-13.3,11101010,467.33,1856,42.7,5.15,499.8,466.61,0.0,-2.3, , 
,468.06,1888,75.0,-14.5,11101010,468.41,1920,47.1,5.15,550.8,467.70,0.0,-2.3, , 
,469.15,1984,75.0,-15.2,11101000,469.52,2016,45.9,5.15,550.8,468.79,0.0,-2.3, , 
,470.22,2016,73.5,-15.6,11101000,470.58,2048,48.6,5.15,571.2,469.87,0.0,-2.3, , 
,471.27,2080,75.0,-15.6,11101000,471.60,2080,35.3,4.12,438.6,470.92,0.0,-2.3, , 
,472.30,2048,75.0,-6.6,11101000,472.66,2048,17.6,2.06,275.4,471.94,0.0,-2.3, , 
,473.36,2016,75.0,-17.2,11101000,473.72,1984,17.6,2.06,275.4,473.00,0.0,-2.3, , 
,474.43,1952,75.0,-20.7,11101010,474.81,1952,23.5,2.06,336.6,474.07,0.0,-2.3, , 
,475.52,1920,75.0,-14.1,11101010,475.90,1952,36.9,3.09,438.6,475.18,0.0,-2.7, , 
,476.60,1952,75.0,-7.4,11101010,476.96,1952,40.0,4.12,479.4,476.25,0.0,-2.7, , 
,477.68,2016,75.0,-4.3,11101000,478.05,2016,41.2,4.12,499.8,477.33,0.0,-2.7, , 
,478.74,2048,75.0,-3.1,11101000,479.10,2080,40.0,4.12,479.4,478.39,0.0,-2.7, , 
,479.79,2080,75.0,-2.0,11101000,480.14,2112,40.0,4.12,479.4,479.43,0.0,-2.7, , 
,480.82,2112,75.0,-1.2,11101000,481.18,2112,40.0,4.12,479.4,480.48,0.0,-2.7, , 
,481.86,2176,75.0,-1.6,11101000,482.19,2176,41.2,5.15,479.4,481.53,0.0,-2.7, , 
,482.85,2176,75.0,-13.7,11101000,483.22,2176,23.5,3.09,316.2,482.52,0.0,-2.7, , 
,483.89,2176,75.0,-18.8,11101000,484.22,2144,23.5,2.06,316.2,483.55,0.0,-2.7, , 
,484.93,2144,75.0,-22.3,11101000,485.29,2144,25.1,2.06,336.6,484.58,0.0,-2.7, , 
,485.97,2112,76.5,-23.4,11101000,486.31,2112,25.1,2.06,336.6,485.62,0.0,-2.7, , 
,487.04,2112,75.0,-21.9,11101000,487.39,2112,31.0,3.09,397.8,486.69,0.0,-2.7, , 
,488.08,2112,76.5,-16.4,11101000,488.43,2144,35.3,4.12,438.6,487.73,0.0,-2.7, , 
,489.09,2176,76.5,0.0,11101000,489.42,2176,47.1,6.18,550.8,488.77,0.0,-2.7, , 
,490.10,2240,76.5,-7.0,11101000,490.45,2240,44.3,5.15,520.2,489.77,0.0,-2.7, , 
,491.12,2272,76.5,-7.8,11101000,491.44,2240,23.5,3.09,316.2,490.78,0.0,-2.7, , 
,492.11,2272,76.5,-15.6,11101000,492.46,2240,25.1,2.06,316.2,491.79,0.0,-2.7, , 
,493.14,2240,76.5,-19.9,11101000,493.49,2240,25.1,2.06,336.6,492.81,0.0,-2.7, , 
,494.14,2240,76.5,-22.7,11101000,494.49,2240,20.8,2.06,295.8,493.79,0.0,-2.7, , 
,495.15,2176,76.5,-26.2,11101000,495.48,2176,16.1,1.03,244.8,494.81,0.0,-2.7, , 
,496.18,2176,76.5,-26.6,11101000,496.50,2176,26.7,2.06,357.0,495.82,0.0,-2.7, , 
,497.15,2176,76.5,-21.1,11101000,497.48,2176,42.7,4.12,499.8,496.82,0.0,-2.7, , 
,498.18,2208,76.5,-14.8,11101000,498.53,2208,44.3,5.15,520.2,497.83,0.0,-2.7, , 
,499.19,2240,78.0,-11.3,11101000,499.54,2240,32.5,4.12,397.8,498.86,0.0,-2.7, , 
,500.21,2240,78.0,-10.9,11101000,500.56,2208,31.0,3.09,377.4,499.89,0.0,-2.7, , 
,501.23,2208,78.0,-10.9,11101000,501.55,2208,31.0,3.09,397.8,500.89,0.0,-2.7, , 
,502.24,2208,76.5,-9.8,11101000,502.61,2208,36.9,4.12,438.6,501.89,0.0,-2.7, , 
,503.29,2208,78.0,-9.8,11101000,503.64,2208,38.4,4.12,459.0,502.94,0.0,-2.7, , 
,504.30,2240,78.0,-9.8,11101000,504.67,2272,35.3,4.12,438.6,503.97,0.0,-2.7, , 
,505.35,2272,78.0,-9.8,11101000,505.68,2240,25.1,3.09,336.6,505.01,0.0,-2.7, , 
,506.36,2240,76.5,-16.4,11101000,506.71,2240,22.0,2.06,316.2,506.04,0.0,-2.7, , 
,507.41,2208,78.0,-16.8,11101000,507.75,2208,22.0,2.06,316.2,507.06,0.0,-2.7, , 
,508.42,2176,78.0,-14.8,11101000,508.74,2144,23.5,2.06,316.2,508.09,0.0,-2.7, , 
,509.44,2112,78.0,-11.7,11101000,509.79,2112,23.5,2.06,316.2,509.09,0.0,-2.7, , 
,510.48,2112,78.0,-11.7,11101000,510.80,2080,23.5,2.06,316.2,510.13,0.0,-2.7, , 
,511.47,2080,78.0,-10.2,11101000,511.81,2080,29.4,3.09,377.4,511.14,0.0,-2.7, , 
,512.49,2048,78.0,-2.7,11101000,512.83,2048,34.1,3.09,418.2,512.16,0.0,-2.7, , 
,513.52,2048,78.0,2.7,11101000,513.87,2080,36.9,4.12,438.6,513.18,0.0,-2.7, , 
,514.57,2080,78.0,7.0,11101000,514.92,2080,36.9,4.12,438.6,514.22,0.0,-2.7, , 
,515.62,2112,78.0,9.0,11101000,515.96,2080,35.3,4.12,438.6,515.27,0.0,-2.7, , 
,516.63,2112,78.0,9.0,11101000,516.98,2112,35.3,4.12,438.6,516.29,0.0,-2.7, , 
,517.67,2112,78.0,8.6,11101000,518.03,2112,34.1,4.12,418.2,517.31,0.0,-2.7, , 
,518.74,2112,79.5,7.4,11101000,519.08,2144,32.5,4.12,397.8,518.38,0.0,-2.7, , 
,519.78,2112,79.5,6.3,11101000,520.12,2112,25.1,3.09,336.6,519.43,0.0,-2.7, , 
,520.81,2080,79.5,-4.3,11101000,521.15,2048,16.1,2.06,244.8,520.46,0.0,-2.7, , 
,521.87,2016,79.5,-17.6,11101000,522.23,1984,16.1,1.03,244.8,521.52,0.0,-2.7, , 
,522.96,1952,79.5,-30.5,11101010,523.33,1952,22.0,1.03,316.2,522.59,0.0,-2.7, , 
,524.04,1920,79.5,0.0,11101010,524.41,1952,50.2,5.15,591.6,523.69,0.0,-2.7, , 
,525.10,1984,79.5,2.7,11101000,525.45,2016,56.1,6.18,632.4,524.75,0.0,-2.7, , 
,526.16,2080,79.5,3.9,11101000,526.51,2112,54.5,6.18,632.4,525.81,0.0,-2.7, , 
,527.18,2144,79.5,-9.0,11101001,527.53,2144,51.8,6.18,591.6,526.86,0.0,-2.7, , 
,528.23,2208,79.5,-6.3,11101000,528.57,2240,50.2,5.15,571.2,527.88,0.0,-2.7, , 
,529.29,2272,79.5,-5.9,11101001,529.59,2272,48.6,6.18,571.2,528.91,0.0,-2.7, , 
,530.25,2304,79.5,-4.3,11101001,530.58,2336,41.2,5.15,479.4,529.91,0.0,-2.7, , 
,531.26,2336,79.5,-2.3,11101001,531.61,2336,36.9,4.12,438.6,530.93,0.0,-2.7, , 
,532.27,2336,79.5,-4.7,11101001,532.61,2304,20.8,2.06,295.8,531.94,0.0,-2.7, , 
,533.26,2272,79.5,-16.8,11101001,533.59,2272,20.8,2.06,295.8,532.93,0.0,-2.7, , 
,534.27,2240,79.5,-21.5,11101001,534.61,2240,20.8,2.06,295.8,533.93,0.0,-2.7, , 
,535.29,2240,81.0,-22.7,11101001,535.61,2240,35.3,3.09,418.2,534.94,0.0,-2.7, , 
,536.29,2240,81.0,-12.9,11101001,536.63,2240,42.7,4.12,499.8,535.96,0.0,-2.7, , 
,537.30,2240,81.0,-9.4,11101001,537.65,2272,41.2,5.15,479.4,536.97,0.0,-2.7, , 
,538.31,2272,81.0,-9.4,11101001,538.64,2272,26.7,3.09,357.0,537.97,0.0,-2.7, , 
,539.30,2240,81.0,-10.2,11101001,539.65,2240,28.2,3.09,357.0,538.98,0.0,-2.7, , 
,540.33,2240,81.0,-9.0,11101001,540.68,2240,42.7,5.15,499.8,539.99,0.0,-2.7, , 
,541.35,2272,81.0,-9.8,11101001,541.69,2272,41.2,5.15,479.4,541.03,0.0,-2.7, , 
,542.38,2304,81.0,-9.0,11101001,542.74,2304,45.9,5.15,520.2,542.03,0.0,-2.7, , 
,543.41,2336,81.0,-7.8,11101001,543.76,2368,44.3,5.15,520.2,543.06,0.0,-2.7, , 
,544.43,2368,81.0,0.0,11101001,544.75,2368,20.8,3.09,295.8,544.10,0.0,-2.7, , 
,545.44,2336,81.0,-15.2,11111101,545.77,2336,0.0,0.00,244.8,545.10,0.0,-2.7, , 
,546.41,2240,81.0,0.0,11111101,546.73,2208,0.0,0.00,244.8,546.09,0.0,-2.7, , 
,547.40,2144,81.0,0.0,11111101,547.75,2112,0.0,0.00,244.8,547.07,0.0,-2.7, , 
,548.43,2048,81.0,0.0,11101001,548.79,2048,16.1,2.06,244.8,548.08,0.0,-2.7, , 
,549.49,2016,81.0,0.0,11101001,549.86,2016,23.5,3.09,336.6,549.13,0.0,-2.7, , 
,550.57,1984,81.0,-7.4,11101011,550.95,1952,36.9,4.12,459.0,550.21,0.0,-2.7, , 
,551.66,1984,82.5,-10.2,11101001,552.03,1984,41.2,5.15,499.8,551.31,0.0,-2.7, , 
,552.74,2016,82.5,-12.1,11101001,553.10,2048,45.9,5.15,550.8,552.40,0.0,-2.7, , 
,553.81,2048,82.5,-13.3,11101001,554.15,2080,45.9,5.15,520.2,553.45,0.0,-2.7, , 
,554.86,2112,82.5,-13.7,11101001,555.19,2144,44.3,5.15,520.2,554.52,0.0,-2.7, , 
,555.89,2176,82.5,-12.5,11101001,556.24,2176,42.7,5.15,499.8,555.54,0.0,-2.7, , 
,556.90,2208,82.5,-10.5,11101001,557.23,2208,41.2,5.15,479.4,556.55,0.0,-2.7, , 
,557.94,2240,82.5,-10.5,11101001,558.28,2240,41.2,5.15,479.4,557.59,0.0,-2.7, , 
,558.96,2240,82.5,0.0,11101001,559.31,2240,22.0,3.09,316.2,558.63,0.0,-2.7, , 
,559.98,2208,82.5,-15.6,11101001,560.31,2208,17.6,2.06,244.8,559.65,0.0,-2.7, , 
,560.98,2176,84.0,-21.5,11101001,561.33,2144,19.2,2.06,275.4,560.65,0.0,-2.7, , 
,562.01,2144,82.5,-18.4,11101001,562.39,2112,23.5,2.06,316.2,561.66,0.0,-2.7, , 
,563.10,2112,82.5,-15.2,11101001,563.45,2080,23.5,2.06,336.6,562.74,0.0,-2.7, , 
,564.16,2080,82.5,-11.7,11101001,564.50,2080,31.0,3.09,377.4,563.81,0.0,-2.7, , 
,565.19,2080,82.5,-1.6,11101001,565.53,2080,26.7,3.09,357.0,564.84,0.0,-2.7, , 
,566.24,2048,82.5,-5.5,11101001,566.59,2048,22.0,2.06,316.2,565.88,0.0,-2.7, , 
,567.29,2016,82.5,-6.6,11101001,567.64,2016,22.0,2.06,316.2,566.93,0.0,-2.7, , 
,568.34,1984,82.5,-7.4,11101011,568.69,1984,25.1,2.06,357.0,568.01,0.0,-2.7, , 
,569.38,1984,82.5,-3.1,11101011,569.76,1952,31.0,3.09,397.8,569.03,0.0,-2.7, , 
,570.47,1984,82.5,2.0,11101011,570.80,1920,17.6,2.06,275.4,570.12,0.0,-2.7, , 
,571.54,1952,82.5,-4.3,11101011,571.91,1888,25.1,2.06,336.6,571.17,0.0,-2.7, , 
,572.65,1920,82.5,0.0,11101011,573.02,1920,34.1,4.12,418.2,572.30,0.0,-2.7, , 
,573.75,1920,82.5,6.3,11101011,574.10,1952,40.0,4.12,479.4,573.40,0.0,-2.7, , 
,574.82,1952,82.5,9.8,11101011,575.18,1952,42.7,5.15,499.8,574.47,0.0,-2.7, , 
,575.91,2016,82.5,10.5,11101001,576.27,2016,44.3,5.15,520.2,575.55,0.0,-2.7, , 
,577.01,2048,82.5,0.0,11101001,577.36,2080,56.1,6.18,652.8,576.63,0.0,-2.7, , 
,578.05,2112,82.5,4.3,11101001,578.39,2144,54.5,6.18,612.0,577.70,0.0,-2.7, , 
,579.09,2176,82.5,7.0,11101001,579.42,2240,53.3,6.18,612.0,578.74,0.0,-2.7, , 
,580.10,2272,82.5,9.8,11101001,580.45,2304,51.8,6.18,591.6,579.77,0.0,-2.7, , 
,581.10,2336,81.0,9.8,11101001,581.45,2336,50.2,6.18,571.2,580.78,0.0,-2.7, , 
,582.12,2400,81.0,-10.9,11101001,582.47,2400,48.6,6.18,571.2,581.80,0.0,-2.7, , 
,583.13,2464,81.0,-10.2,11101001,583.50,2464,45.9,5.15,520.2,582.80,0.0,-2.7, , 
,584.21,2496,79.5,-9.4,11101001,584.56,2528,45.9,6.18,520.2,583.85,0.0,-2.7, , 
,585.24,2368,79.5,0.0,11111100,585.60,1792,0.0,0.00,295.8,584.90,0.0,-2.7, , 
,586.24,960,79.5,0.0,11111110,586.57,928,29.4,5.15,418.2,585.89,-2.3,0.0, , 
,587.23,1376,79.5,0.0,11111110,587.56,1856,0.0,0.00,316.2,586.88,-2.3,0.0, , 
,588.28,1792,78.0,0.0,11101010,588.63,1824,19.2,3.09,295.8,587.92,0.0,-2.7, , 
,589.37,1792,78.0,0.0,11101010,589.75,1824,22.0,2.06,316.2,588.99,0.0,-2.7, , 
,590.46,1824,78.0,-11.3,11101010,590.85,1824,31.0,3.09,397.8,590.10,0.0,-2.7, , 
,591.57,1856,78.0,-14.1,11101010,591.97,1856,23.5,2.06,336.6,591.22,0.0,-2.7, , 
,592.69,1888,78.0,-18.4,11101010,593.04,1856,17.6,2.06,275.4,592.34,0.0,-2.7, , 
,593.76,1888,78.0,-19.1,11101010,594.14,1888,19.2,2.06,275.4,593.38,0.0,-2.7, , 
,594.85,1888,78.0,-18.4,11111110,595.19,1888,0.0,0.00,295.8,594.51,0.0,-2.7, , 
,595.87,1888,78.0,0.0,11111110,596.24,1888,0.0,0.00,295.8,595.52,0.0,-2.7, , 
,596.97,1856,78.0,0.0,11111110,597.34,1856,0.0,0.00,295.8,596.61,0.0,-2.7, , 
,598.03,1856,78.0,0.0,11111110,598.37,1856,0.0,0.00,295.8,597.69,0.0,-2.7, , 
,599.06,1824,78.0,0.0,11111110,599.41,1824,0.0,0.00,295.8,598.71,0.0,-2.7, , 
,600.12,1824,78.0,0.0,11111110,600.48,1824,0.0,0.00,295.8,599.78,0.0,-2.7, , 
,601.16,1792,78.0,0.0,11111110,601.54,1792,0.0,0.00,316.2,600.82,0.0,-2.7, , 
,602.22,1792,78.0,0.0,11111110,602.52,1792,0.0,0.00,316.2,601.86,0.0,-2.7, , 
,603.19,1760,78.0,0.0,11111110,603.54,1760,0.0,0.00,316.2,602.84,0.0,-2.7, , 
,604.22,1760,78.0,0.0,11111110,604.56,1760,20.8,3.09,295.8,603.88,-1.6,-2.7, , 
,605.30,1760,78.0,0.0,11101010,605.67,1760,20.8,3.09,316.2,604.93,-2.3,-2.7, , 
,606.43,1760,78.0,-9.0,11101010,606.81,1792,29.4,3.09,397.8,606.05,0.0,-2.7, , 
,607.54,1856,78.0,0.0,11101010,607.89,1856,62.0,9.27,693.6,607.17,0.0,-2.7, , 
,608.62,1920,78.0,0.0,11101010,608.98,1952,91.4,15.45,989.4,608.26,0.0,-2.7, , 
,609.67,2048,78.0,0.0,11101000,610.01,2080,92.9,15.45,989.4,609.32,0.0,-2.7, , 
,610.68,2176,78.0,0.0,11101000,611.01,2208,28.2,3.09,357.0,610.34,0.0,-2.7, , 
,611.68,2208,78.0,0.0,11101000,612.02,2240,66.3,9.27,734.4,611.36,0.0,-2.7, , 
,612.69,2272,78.0,-8.2,11101000,613.03,2304,59.2,7.21,673.2,612.36,0.0,-2.7, , 
,613.69,2304,78.0,0.0,11101000,614.03,2336,72.2,11.33,775.2,613.36,0.0,-2.7, , 
,614.69,2368,79.5,0.0,11101000,615.01,2432,76.9,10.30,846.6,614.34,0.0,-2.7, , 
,615.70,2464,79.5,0.0,11101000,616.04,2496,87.1,14.42,928.2,615.38,0.0,-2.7, , 
,616.74,2560,79.5,-18.4,11101000,617.07,2592,92.9,11.33,989.4,616.38,0.0,-2.7, , 
,617.78,2656,79.5,-24.2,11101000,618.14,2720,92.9,11.33,969.0,617.42,0.0,-2.7, , 
,618.85,2752,79.5,0.0,11101000,619.18,2752,20.8,2.06,295.8,618.49,0.0,-2.7, , 
,619.88,2720,79.5,0.0,11111100,620.21,2240,0.0,0.00,275.4,619.53,0.0,-2.7, , 
,620.85,1184,79.5,0.0,11111110,621.18,992,31.0,5.15,418.2,620.50,-2.3,-2.7, , 
,621.86,2080,79.5,0.0,11101000,622.22,2048,22.0,3.09,316.2,621.50,-1.6,-2.7, , 
,622.93,2048,79.5,-15.2,11101001,623.27,2048,28.2,3.09,357.0,622.58,0.0,-2.7, , 
,623.97,2048,79.5,-17.6,11101000,624.31,2016,14.9,1.03,224.4,623.62,0.0,-2.7, , 
,625.02,1984,79.5,-30.5,11101001,625.39,1984,16.1,1.03,244.8,624.67,0.0,-2.7, , 
,626.11,1952,79.5,0.0,11111111,626.44,1920,0.0,0.00,275.4,625.74,0.0,-2.7, , 
,627.14,1920,79.5,0.0,11111111,627.51,1888,0.0,0.00,275.4,626.79,0.0,-2.7, , 
,628.18,1856,79.5,0.0,11111111,628.53,1856,0.0,0.00,295.8,627.86,0.0,-2.7, , 
,629.21,1824,81.0,0.0,11111111,629.56,1824,0.0,0.00,295.8,628.87,0.0,-2.7, , 
,630.22,1792,81.0,0.0,11101011,630.54,1792,20.8,3.09,295.8,629.91,0.0,-2.7, , 
,631.28,1792,81.0,0.0,11111111,631.59,1280,0.0,0.00,357.0,630.90,-1.6,-2.7, , 
,632.26,2048,81.0,0.0,11101001,632.59,2272,28.2,3.09,357.0,631.91,-1.6,0.0, , 
,633.25,2240,81.0,0.0,11101001,633.58,2272,66.3,10.30,734.4,632.92,0.0,-2.7, , 
,634.23,2304,81.0,-13.7,11101001,634.56,2304,65.1,8.24,714.0,633.90,0.0,-2.7, , 
,635.23,2368,81.0,0.0,11101001,635.55,2400,82.7,12.36,887.4,634.91,0.0,-2.7, , 
,636.23,2432,81.0,-12.5,11101001,636.55,2464,78.4,9.27,846.6,635.90,0.0,-2.7, , 
,637.22,2496,81.0,-20.3,11101001,637.56,2528,65.1,7.21,714.0,636.86,0.0,-2.7, , 
,638.24,2560,81.0,-19.5,11101001,638.59,2560,54.5,6.18,612.0,637.90,0.0,-2.7, , 
,639.27,2592,81.0,-12.5,11101001,639.62,2560,45.9,5.15,520.2,638.91,0.0,-2.7, , 
,640.30,2592,82.5,-8.2,11101001,640.62,2592,45.9,6.18,520.2,639.96,0.0,-2.7, , 
,641.30,2592,81.0,-7.4,11101001,641.61,2592,47.1,6.18,550.8,640.97,0.0,-2.7, , 
,642.27,2592,81.0,-5.9,11101001,642.62,2592,23.5,3.09,316.2,641.93,0.0,-2.7, , 
,643.31,2560,82.5,-14.8,11101001,643.63,2560,20.8,2.06,295.8,642.96,0.0,-2.7, , 
,644.34,2528,81.0,-21.1,11101001,644.68,2528,34.1,3.09,397.8,643.98,0.0,-2.7, , 
,645.35,2560,82.5,0.0,11101001,645.68,2560,84.3,13.39,907.8,645.03,0.0,-2.7, , 
,646.35,2624,82.5,0.0,11101001,646.69,2656,92.9,15.45,989.4,646.01,0.0,-2.7, , 
,647.32,2720,82.5,-11.7,11101001,647.65,2752,94.5,14.42,989.4,646.99,0.0,-2.7, , 
,648.30,2816,82.5,-18.4,11101001,648.62,2880,94.5,13.39,989.4,647.98,0.0,-2.7, , 
,649.37,2944,82.5,-23.8,11101001,649.84,2976,94.5,13.39,989.4,648.95,0.0,-2.7, , 
,650.55,3072,82.5,-26.6,11101001,650.90,3104,94.5,12.36,989.4,650.19,0.0,-2.7, , 
,651.59,3168,82.5,-27.7,11101001,651.94,3200,94.5,12.36,989.4,651.23,0.0,-2.7, , 
,652.63,3264,82.5,-27.7,11101001,652.98,3296,94.5,12.36,989.4,652.28,0.0,-2.7, , 
,653.66,3328,82.5,-28.9,11101001,654.03,3360,94.5,12.36,989.4,653.32,0.0,-2.7, , 
,654.72,3424,82.5,-28.5,11111101,655.01,2944,0.0,0.00,295.8,654.40,0.0,-2.7, , 
,655.70,2112,82.5,0.0,11101001,656.03,2560,38.4,5.15,459.0,655.35,0.0,-2.7, , 
,656.68,2624,84.0,0.0,11101001,657.03,2624,81.2,12.36,887.4,656.34,0.0,-2.7, , 
,657.72,2624,84.0,-12.5,11101001,658.05,2624,82.7,10.30,887.4,657.37,0.0,-2.7, , 
,658.75,2656,84.0,-28.5,11101001,659.07,2688,75.3,10.30,826.2,658.40,0.0,-2.7, , 
,659.74,2688,84.0,-14.8,11101001,660.05,2688,67.8,8.24,734.4,659.40,0.0,-2.7, , 
,660.69,2720,84.0,-26.2,11101001,661.01,2720,78.4,8.24,846.6,660.37,0.0,-2.7, , 
,661.69,2720,84.0,-28.5,11101001,662.04,2720,75.3,7.21,826.2,661.36,0.0,-2.7, , 
,662.74,2752,84.0,-26.6,11101001,663.10,2752,63.5,6.18,714.0,662.39,0.0,-2.7, , 
,663.79,2752,84.0,-21.1,11101001,664.15,2752,63.5,7.21,693.6,663.43,0.0,-2.7, , 
,664.84,2752,84.0,-18.0,11101001,665.19,2752,62.0,7.21,693.6,664.51,0.0,-2.7, , 
,665.85,2752,84.0,-14.1,11101001,666.20,2752,51.8,6.18,591.6,665.51,0.0,-2.7, , 
,666.90,2752,84.0,-9.8,11101001,667.25,2752,48.6,6.18,571.2,666.53,0.0,-2.7, , 
,667.97,2752,84.0,-8.6,11101001,668.29,2720,50.2,6.18,571.2,667.62,0.0,-2.7, , 
,668.97,2720,84.0,-9.4,11101001,669.33,2720,50.2,6.18,571.2,668.62,0.0,-2.7, , 
,670.01,2720,82.5,-9.8,11101001,670.36,2720,50.2,6.18,571.2,669.67,0.0,-2.7, , 
,671.04,2720,82.5,-10.5,11101001,671.38,2720,53.3,6.18,591.6,670.70,0.0,-2.7, , 
,672.05,2720,82.5,-12.1,11101001,672.39,2720,54.5,6.18,612.0,671.72,0.0,-2.7, , 
,673.05,2720,81.0,-12.5,11101001,673.39,2720,54.5,6.18,612.0,672.72,0.0,-2.7, , 
,674.05,2720,81.0,-13.7,11101001,674.39,2720,62.0,7.21,673.2,673.72,0.0,-2.7, , 
,675.07,2720,79.5,-14.8,11101001,675.42,2720,66.3,7.21,714.0,674.73,0.0,-2.7, , 
,676.13,2752,79.5,-12.1,11101001,676.50,2752,65.1,7.21,714.0,675.78,0.0,-2.7, , 
,677.19,2752,79.5,-10.5,11101001,677.53,2752,62.0,7.21,693.6,676.84,0.0,-2.7, , 
,678.22,2752,79.5,-7.8,11101000,678.55,2752,59.2,7.21,652.8,677.86,0.0,-2.7, , 
,679.25,2752,79.5,-7.4,11101000,679.58,2752,59.2,7.21,652.8,678.90,0.0,-2.7, , 
,680.27,2752,79.5,-6.6,11101000,680.61,2752,59.2,7.21,652.8,679.91,0.0,-2.7, , 
,681.34,2752,79.5,-6.6,11101000,681.68,2752,59.2,7.21,652.8,680.97,0.0,-2.7, , 
,682.36,2752,79.5,-7.4,11101000,682.70,2752,59.2,7.21,652.8,682.03,0.0,-2.7, , 
,683.41,2752,79.5,-7.0,11101000,683.78,2752,60.4,7.21,652.8,683.07,0.0,-2.7, , 
,684.47,2752,79.5,-7.8,11101000,684.83,2752,60.4,7.21,652.8,684.13,0.0,-2.7, , 
,685.53,2752,79.5,-7.4,11101000,685.87,2784,59.2,7.21,652.8,685.16,0.0,-2.7, , 
,686.57,2784,79.5,-8.2,11101001,686.92,2784,47.1,5.15,550.8,686.23,0.0,-2.7, , 
,687.60,2752,79.5,0.0,11101001,687.94,2752,48.6,6.18,550.8,687.25,0.0,-2.7, , 
,688.65,2752,81.0,-0.4,11101001,688.98,2752,48.6,6.18,550.8,688.30,0.0,-2.7, , 
,689.69,2752,81.0,-0.8,11101001,690.02,2752,48.6,6.18,550.8,689.34,0.0,-2.7, , 
,690.71,2720,81.0,-2.7,11101001,691.06,2720,48.6,6.18,550.8,690.37,0.0,-2.7, , 
,691.76,2720,81.0,-3.1,11101001,692.11,2720,50.2,6.18,571.2,691.41,0.0,-2.7, , 
,692.81,2752,81.0,-2.7,11101001,693.16,2720,50.2,6.18,571.2,692.46,0.0,-2.7, , 
,693.84,2720,82.5,-6.6,11101001,694.18,2720,50.2,6.18,571.2,693.50,0.0,-2.7, , 
,694.86,2720,82.5,-6.6,11101001,695.19,2720,50.2,6.18,571.2,694.52,0.0,-2.7, , 
,695.86,2688,82.5,-5.9,11101001,696.18,2720,50.2,6.18,571.2,695.53,0.0,-2.7, , 
,696.85,2688,82.5,-6.6,11101001,697.20,2688,50.2,6.18,571.2,696.50,0.0,-2.7, , 
,697.92,2688,82.5,-5.9,11101001,698.26,2688,50.2,6.18,571.2,697.55,0.0,-2.7, , 
,698.96,2688,84.0,-6.3,11101001,699.31,2688,44.3,5.15,499.8,698.61,0.0,-2.7, , 
,699.99,2688,84.0,-2.3,11101001,700.35,2656,44.3,5.15,520.2,699.65,0.0,-2.7, , 
,701.04,2656,84.0,-4.7,11101001,701.40,2656,50.2,6.18,571.2,700.70,0.0,-2.7, , 
,702.07,2656,84.0,-9.8,11101001,702.44,2688,59.2,7.21,652.8,701.74,0.0,-2.7, , 
,703.12,2656,84.0,-12.1,11101001,703.47,2688,57.6,7.21,652.8,702.78,0.0,-2.7, , 
,704.14,2688,84.0,-12.9,11101001,704.45,2688,57.6,6.18,632.4,703.80,0.0,-2.7, , 
,705.13,2688,85.5,-11.3,11101001,705.47,2688,54.5,6.18,612.0,704.80,0.0,-2.7, , 
,706.15,2688,85.5,-9.4,11101001,706.51,2688,53.3,6.18,612.0,705.80,0.0,-2.7, , 
,707.23,2688,85.5,-9.4,11101001,707.58,2688,54.5,6.18,612.0,706.85,0.0,-2.7, , 
,708.24,2688,85.5,-9.4,11101001,708.60,2688,53.3,6.18,612.0,707.91,0.0,-2.7, , 
,709.29,2688,85.5,-8.6,11101001,709.62,2688,53.3,6.18,612.0,708.94,0.0,-2.7, , 
,710.32,2688,85.5,-9.4,11101001,710.67,2688,53.3,6.18,612.0,709.97,0.0,-2.7, , 
,711.37,2688,84.0,-9.0,11101001,711.72,2688,54.5,6.18,612.0,711.02,0.0,-2.7, , 
,712.39,2688,84.0,-8.6,11101001,712.71,2688,53.3,6.18,612.0,712.05,0.0,-2.7, , 
,713.40,2688,84.0,-8.6,11101001,713.73,2688,50.2,6.18,571.2,713.04,0.0,-2.7, , 
,714.44,2656,84.0,-5.1,11101001,714.76,2656,40.0,5.15,479.4,714.10,0.0,-2.7, , 
,715.49,2656,82.5,-2.0,11101001,715.82,2656,41.2,5.15,479.4,715.13,0.0,-2.7, , 
,716.49,2624,82.5,-1.6,11101001,716.82,2624,47.1,6.18,520.2,716.15,0.0,-2.7, , 
,717.49,2624,81.0,-2.7,11101001,717.82,2624,47.1,6.18,520.2,717.16,0.0,-2.7, , 
,718.47,2624,81.0,-5.9,11101001,718.80,2624,45.9,6.18,520.2,718.16,0.0,-2.7, , 
,719.48,2624,81.0,-6.6,11101001,719.84,2624,47.1,6.18,550.8,719.13,0.0,-2.7, , 
,720.51,2624,81.0,-7.0,11101001,720.84,2592,31.0,4.12,397.8,720.18,0.0,-2.7, , 
,721.51,2592,79.5,-6.6,11101001,721.86,2592,31.0,4.12,377.4,721.19,0.0,-2.7, , 
,722.53,2560,79.5,-5.9,11101001,722.88,2560,31.0,4.12,397.8,722.18,0.0,-2.7, , 
,723.57,2528,79.5,-5.5,11101000,723.91,2528,32.5,4.12,397.8,723.22,0.0,-2.7, , 
,724.60,2528,79.5,0.0,11101000,724.95,2496,22.0,3.09,295.8,724.26,0.0,-2.7, , 
,725.63,2496,79.5,-14.1,11101000,725.98,2464,17.6,2.06,244.8,725.28,0.0,-2.7, , 
,726.60,2464,79.5,-21.5,11111100,726.92,2432,0.0,0.00,244.8,726.28,0.0,-2.7, , 
,727.56,2400,79.5,0.0,11111100,727.90,2368,0.0,0.00,244.8,727.24,0.0,-2.7, , 
,728.56,2336,79.5,0.0,11111101,728.90,2336,0.0,0.00,275.4,728.23,0.0,-2.7, , 
,729.56,2304,79.5,0.0,11111101,729.90,2272,17.6,3.09,244.8,729.23,0.0,-2.7, , 
,730.56,2240,79.5,0.0,11101001,730.90,2208,16.1,2.06,244.8,730.24,0.0,-2.7, , 
,731.57,2176,81.0,-16.4,11101001,731.92,2144,17.6,2.06,244.8,731.25,0.0,-2.7, , 
,732.60,2080,79.5,-17.2,11101001,732.95,2080,17.6,2.06,244.8,732.26,0.0,-2.7, , 
,733.65,2016,81.0,-19.1,11101001,734.01,1984,20.8,2.06,295.8,733.30,0.0,-2.7, , 
,734.75,1920,81.0,-19.1,11101011,735.10,1888,38.4,4.12,459.0,734.38,0.0,-2.7, , 
,735.81,1856,81.0,0.0,11101011,736.19,1888,71.0,10.30,795.6,735.47,0.0,-2.7, , 
,736.92,1888,81.0,-12.1,11101011,737.30,1856,71.0,8.24,795.6,736.54,0.0,-2.7, , 
,738.02,1888,81.0,-18.4,11101011,738.38,1888,69.4,8.24,775.2,737.66,0.0,-2.7, , 
,739.10,1888,81.0,-18.8,11101011,739.48,1920,67.8,7.21,754.8,738.74,0.0,-2.7, , 
,740.22,1920,82.5,-14.5,11101011,740.60,1952,62.0,7.21,714.0,739.86,0.0,-2.7, , 
,741.32,1952,82.5,-11.3,11101011,741.68,1984,51.8,7.21,612.0,740.97,0.0,-2.7, , 
,742.39,2016,82.5,-5.9,11101001,742.76,2016,59.2,7.21,673.2,742.04,0.0,-2.7, , 
,743.47,2080,82.5,-9.4,11101001,743.82,2080,57.6,7.21,652.8,743.12,0.0,-2.7, , 
,744.54,2112,82.5,0.0,11101001,744.88,2112,23.5,3.09,316.2,744.18,0.0,-2.7, , 
,745.56,2144,82.5,-10.9,11101001,745.91,2112,17.6,2.06,275.4,745.23,0.0,-2.7, , 
,746.60,2144,82.5,-19.9,11101001,746.96,2144,22.0,2.06,316.2,746.26,0.0,-2.7, , 
,747.63,2144,84.0,-21.9,11101001,747.96,2144,25.1,2.06,336.6,747.29,0.0,-2.7, , 
,748.68,2144,84.0,-21.9,11101001,749.04,2144,47.1,6.18,550.8,748.33,0.0,-2.7, , 
,749.72,2144,84.0,-4.3,11101001,750.06,2144,57.6,7.21,652.8,749.39,0.0,-2.7, , 
,750.74,2144,84.0,-8.2,11101001,751.09,2144,62.0,7.21,693.6,750.39,0.0,-2.7, , 
,751.77,2144,84.0,-13.7,11101001,752.11,2176,65.1,7.21,714.0,751.42,0.0,-2.7, , 
,752.81,2176,84.0,-16.0,11101001,753.15,2176,65.1,7.21,714.0,752.45,0.0,-2.7, , 
,753.84,2208,84.0,-16.0,11101001,754.18,2208,63.5,7.21,714.0,753.49,0.0,-2.7, , 
,754.86,2208,84.0,-15.2,11101001,755.19,2208,63.5,7.21,693.6,754.52,0.0,-2.7, , 
,755.85,2240,84.0,-14.1,11101001,756.17,2240,54.5,6.18,632.4,755.52,0.0,-2.7, , 
,756.85,2240,84.0,-10.5,11101001,757.18,2240,54.5,6.18,612.0,756.51,0.0,-2.7, , 
,757.87,2240,84.0,-9.8,11101001,758.21,2240,56.1,7.21,632.4,757.53,0.0,-2.7, , 
,758.91,2272,84.0,-14.1,11101001,759.24,2272,65.1,7.21,734.4,758.57,0.0,-2.7, , 
,759.90,2272,84.0,-18.0,11101001,760.24,2272,71.0,8.24,775.2,759.58,0.0,-2.7, , 
,760.91,2304,84.0,-21.1,11101001,761.23,2336,78.4,8.24,846.6,760.58,0.0,-2.7, , 
,761.88,2336,82.5,-24.2,11101001,762.20,2368,79.6,8.24,867.0,761.56,0.0,-2.7, , 
,762.91,2368,82.5,-19.9,11101001,763.26,2400,76.9,8.24,846.6,762.53,0.0,-2.7, , 
,763.99,2400,82.5,-12.1,11101001,764.36,2432,75.3,8.24,826.2,763.62,0.0,-2.7, , 
,765.07,2432,82.5,-12.1,11101001,765.43,2432,71.0,7.21,775.2,764.70,0.0,-2.7, , 
,766.15,2464,82.5,-9.4,11101001,766.51,2464,71.0,8.24,775.2,765.81,0.0,-2.7, , 
,767.15,2496,81.0,-9.4,11101001,767.48,2496,71.0,8.24,754.8,766.85,0.0,-2.7, , 
,768.17,2496,81.0,-9.4,11101001,768.52,2528,67.8,7.21,754.8,767.82,0.0,-2.7, , 
,769.21,2528,81.0,-6.3,11101001,769.57,2528,66.3,7.21,714.0,768.87,0.0,-2.7, , 
,770.27,2528,81.0,-5.1,11101001,770.61,2560,65.1,7.21,714.0,769.92,0.0,-2.7, , 
,771.30,2560,81.0,-7.8,11101001,771.64,2560,65.1,7.21,714.0,770.95,0.0,-2.7, , 
,772.30,2560,79.5,-8.2,11101001,772.64,2592,65.1,7.21,714.0,771.96,0.0,-2.7, , 
,773.32,2592,79.5,-10.2,11101001,773.66,2592,65.1,7.21,714.0,772.98,0.0,-2.7, , 
,774.31,2592,79.5,-9.8,11101001,774.66,2592,63.5,7.21,693.6,773.98,0.0,-2.7, , 
,775.36,2592,79.5,-8.6,11101001,775.71,2592,60.4,7.21,673.2,774.99,0.0,-2.7, , 
,776.38,2624,79.5,-6.6,11101001,776.73,2624,48.6,5.15,571.2,776.04,0.0,-2.7, , 
,777.39,2592,79.5,1.6,11101001,777.72,2592,40.0,5.15,459.0,777.07,0.0,-2.7, , 
,778.40,2592,79.5,3.5,11101001,778.72,2592,41.2,5.15,479.4,778.04,0.0,-2.7, , 
,779.36,2592,79.5,0.4,11101001,779.69,2560,35.3,4.12,418.2,779.03,0.0,-2.7, , 
,780.39,2560,79.5,1.6,11101001,780.72,2528,36.9,5.15,438.6,780.04,0.0,-2.7, , 
,781.40,2528,79.5,1.2,11101001,781.74,2528,36.9,5.15,438.6,781.06,0.0,-2.7, , 
,782.42,2496,81.0,-2.0,11101001,782.77,2496,36.9,5.15,438.6,782.09,0.0,-2.7, , 
,783.48,2496,81.0,-3.1,11101001,783.84,2496,38.4,5.15,459.0,783.12,0.0,-2.7, , 
,784.54,2464,81.0,-3.9,11101001,784.88,2464,40.0,5.15,479.4,784.19,0.0,-2.7, , 
,785.56,2464,81.0,-5.1,11101001,785.93,2464,53.3,7.21,591.6,785.22,0.0,-2.7, , 
,786.61,2464,81.0,0.0,11101001,786.95,2464,71.0,9.27,775.2,786.28,0.0,-2.7, , 
,787.65,2496,82.5,-19.9,11101001,788.00,2496,66.3,7.21,734.4,787.31,0.0,-2.7, , 
,788.64,2496,82.5,-17.6,11101001,788.97,2496,51.8,6.18,591.6,788.33,0.0,-2.7, , 
,789.65,2496,82.5,-14.1,11101001,789.99,2496,51.8,6.18,591.6,789.29,0.0,-2.7, , 
,790.68,2496,82.5,-11.3,11101001,791.02,2496,50.2,6.18,571.2,790.33,0.0,-2.7, , 
,791.71,2496,82.5,-9.8,11101001,792.06,2496,50.2,6.18,571.2,791.38,0.0,-2.7, , 
,792.76,2496,82.5,-9.0,11101001,793.11,2496,51.8,6.18,591.6,792.41,0.0,-2.7, , 
,793.76,2496,84.0,-10.2,11101001,794.10,2496,53.3,6.18,591.6,793.44,0.0,-2.7, , 
,794.78,2496,84.0,-10.9,11101001,795.12,2496,51.8,6.18,591.6,794.43,0.0,-2.7, , 
,795.79,2496,84.0,-11.3,11101001,796.15,2496,51.8,6.18,591.6,795.47,0.0,-2.7, , 
,796.83,2496,84.0,-10.5,11101001,797.16,2496,51.8,6.18,591.6,796.49,0.0,-2.7, , 
,797.85,2496,84.0,-12.1,11101001,798.21,2528,60.4,7.21,673.2,797.51,0.0,-2.7, , 
,798.88,2528,84.0,-15.2,11101001,799.25,2528,60.4,7.21,673.2,798.55,0.0,-2.7, , 
,799.94,2528,84.0,-15.2,11101001,800.27,2528,71.0,8.24,775.2,799.59,0.0,-2.7, , 
,800.90,2528,84.0,-21.5,11101001,801.25,2560,71.0,8.24,775.2,800.60,0.0,-2.7, , 
,801.94,2560,85.5,-17.6,11101001,802.28,2560,60.4,6.18,673.2,801.59,0.0,-2.7, , 
,802.97,2560,85.5,-10.5,11101001,803.29,2592,59.2,7.21,652.8,802.63,0.0,-2.7, , 
,803.99,2592,84.0,-9.0,11101001,804.34,2592,57.6,7.21,652.8,803.63,0.0,-2.7, , 
,805.02,2592,84.0,-9.0,11101001,805.35,2592,57.6,7.21,652.8,804.67,0.0,-2.7, , 
,806.03,2592,84.0,-9.0,11101001,806.38,2592,63.5,7.21,693.6,805.70,0.0,-2.7, , 
,807.03,2624,84.0,-14.8,11101001,807.36,2624,75.3,8.24,826.2,806.71,0.0,-2.7, , 
,808.01,2624,84.0,0.0,11101001,808.34,2624,60.4,8.24,673.2,807.68,0.0,-2.7, , 
,809.03,2624,82.5,-8.6,11101001,809.36,2624,57.6,7.21,652.8,808.68,0.0,-2.7, , 
,810.03,2624,82.5,-9.8,11101001,810.38,2656,54.5,6.18,612.0,809.69,0.0,-2.7, , 
,811.07,2624,82.5,-7.4,11101001,811.41,2656,53.3,6.18,612.0,810.73,0.0,-2.7, , 
,812.10,2624,82.5,-7.0,11101001,812.46,2656,69.4,9.27,754.8,811.76,0.0,-2.7, , 
,813.13,2656,81.0,0.0,11101001,813.48,2656,57.6,7.21,652.8,812.80,0.0,-2.7, , 
,814.20,2656,81.0,0.0,11101001,814.54,2656,51.8,6.18,591.6,813.84,0.0,-2.7, , 
,815.20,2624,81.0,-4.7,11101001,815.53,2656,85.5,13.39,907.8,814.88,0.0,-2.7, , 
,816.20,2688,81.0,0.0,11101001,816.54,2688,91.4,12.36,969.0,815.87,0.0,-2.7, , 
,817.23,2720,81.0,-17.6,11101001,817.56,2752,90.2,11.33,969.0,816.88,0.0,-2.7, , 
,818.24,2720,81.0,0.0,11111101,818.57,2720,19.2,2.06,275.4,817.90,0.0,-2.7, , 
,819.22,2688,81.0,0.0,11111101,819.55,2656,0.0,0.00,244.8,818.89,0.0,-2.7, , 
,820.20,2624,79.5,0.0,11111101,820.54,2592,0.0,0.00,244.8,819.87,0.0,-2.7, , 
,821.20,2560,79.5,0.0,11111101,821.50,2560,0.0,0.00,275.4,820.85,0.0,-2.7, , 
,822.15,2528,81.0,0.0,11111101,822.48,2496,0.0,0.00,244.8,821.83,0.0,-2.7, , 
,823.11,2464,81.0,0.0,11111101,823.44,2464,0.0,0.00,244.8,822.79,0.0,-2.7, , 
,824.08,2400,81.0,0.0,11111101,824.43,2400,0.0,0.00,244.8,823.77,0.0,-2.7, , 
,825.08,2368,81.0,0.0,11111101,825.40,2336,0.0,0.00,244.8,824.76,0.0,-2.7, , 
,826.03,2336,81.0,0.0,11111101,826.36,2304,0.0,0.00,244.8,825.72,0.0,-2.7, , 
,827.02,2272,82.5,0.0,11101001,827.36,2272,16.1,3.09,244.8,826.69,0.0,-2.7, , 
,828.03,2240,81.0,0.0,11101001,828.37,2208,16.1,2.06,244.8,827.69,0.0,-2.7, , 
,829.05,2208,81.0,-12.9,11111101,829.39,2176,0.0,0.00,244.8,828.70,0.0,-2.7, , 
,830.05,2176,81.0,0.0,11111101,830.39,2144,0.0,0.00,275.4,829.72,0.0,-2.7, , 
,831.08,2112,82.5,0.0,11111101,831.42,2080,0.0,0.00,244.8,830.74,0.0,-2.7, , 
,832.12,2048,82.5,0.0,11101001,832.47,2048,16.1,2.06,244.8,831.78,0.0,-2.7, , 
,833.17,2048,82.5,0.0,11101001,833.53,2016,25.1,3.09,336.6,832.82,0.0,-2.7, , 
,834.25,2016,82.5,0.0,11101001,834.60,2016,76.9,11.33,846.6,833.90,0.0,-2.7, , 
,835.30,2048,82.5,0.0,11101001,835.65,2048,78.4,10.30,867.0,834.96,0.0,-2.7, , 
,836.35,2080,82.5,-16.4,11101001,836.71,2112,71.0,8.24,795.6,836.01,0.0,-2.7, , 
,837.40,2112,82.5,0.0,11101001,837.74,2112,53.3,6.18,612.0,837.06,0.0,-2.7, , 
,838.43,2112,82.5,-1.6,11101001,838.77,2112,38.4,4.12,459.0,838.08,0.0,-2.7, , 
,839.45,2080,82.5,-3.9,11101001,839.81,2112,17.6,2.06,275.4,839.11,0.0,-2.7, , 
,840.52,2048,82.5,0.0,11111101,840.86,2016,0.0,0.00,244.8,840.17,0.0,-2.7, , 
,841.60,1920,82.5,0.0,11111111,841.97,1856,0.0,0.00,295.8,841.23,0.0,-2.7, , 
,842.64,1760,82.5,0.0,11111111,843.01,1728,0.0,0.00,316.2,842.30,0.0,-2.7, , 
,843.72,1664,82.5,0.0,11111111,844.06,1632,0.0,0.00,316.2,843.34,-1.6,-2.7, , 
,844.75,1600,84.0,0.0,11111111,845.07,1568,0.0,0.00,336.6,844.42,-2.3,-2.7, , 
,845.76,1536,84.0,0.0,11111111,846.13,1536,0.0,0.00,336.6,845.42,-2.3,-2.7, , 
,846.89,1504,84.0,0.0,11111111,847.16,1472,0.0,0.00,336.6,846.44,-2.3,-2.7, , 
,847.84,1440,84.0,0.0,11111111,848.17,1408,0.0,0.00,336.6,847.50,-2.3,0.0, , 
,848.81,1376,84.0,0.0,11111111,849.15,1344,0.0,0.00,336.6,848.49,-2.3,0.0, , 
,849.75,864,84.0,0.0,11111111,850.06,928,34.1,5.15,459.0,849.46,-2.3,0.0, , 
,850.68,800,84.0,0.0,11111111,851.00,736,34.1,6.18,479.4,850.37,-2.3,0.0, , 
,851.63,896,84.0,0.0,11111111,851.93,896,32.5,4.12,438.6,851.32,-2.3,0.0, , 
,852.53,832,84.0,-7.0,11111111,852.84,896,32.5,4.12,459.0,852.23,-3.1,0.0, , 
,853.44,896,84.0,-9.4,11111111,853.75,864,34.1,4.12,459.0,853.14,-2.3,0.0, , 
,854.34,896,84.0,-10.5,11111111,854.64,896,34.1,4.12,459.0,854.05,-2.3,0.0, , 
,855.24,864,84.0,-10.9,11111111,855.54,896,32.5,3.09,438.6,854.94,-2.3,0.0, , 
,856.16,864,84.0,-10.9,11111111,856.46,864,32.5,4.12,459.0,855.86,-2.3,0.0, , 
,857.10,896,82.5,-11.3,11111111,857.41,896,32.5,3.09,438.6,856.78,-2.3,0.0, , 
,858.02,896,82.5,-12.9,11111111,858.32,896,32.5,3.09,438.6,857.71,-2.3,0.0, , 
,858.97,896,82.5,-13.3,11111111,859.26,896,32.5,3.09,438.6,858.65,-2.3,0.0, , 
,859.90,896,82.5,-12.9,11111111,860.22,896,32.5,3.09,438.6,859.57,-2.3,0.0, , 
,860.81,896,82.5,-13.3,11111111,861.12,896,31.0,3.09,438.6,860.50,-2.3,0.0, , 
,861.75,896,82.5,-13.3,11111111,862.04,896,32.5,3.09,438.6,861.44,-2.3,0.0, , 
,862.65,896,82.5,-12.9,11111111,862.96,896,31.0,3.09,438.6,862.35,-2.3,0.0, , 
,863.58,864,82.5,-12.5,11111111,863.89,896,31.0,3.09,438.6,863.28,-2.3,0.0, , 
,864.49,896,82.5,-11.7,11111111,864.80,896,31.0,3.09,438.6,864.19,-2.3,0.0, , 
,865.44,1280,82.5,0.0,11101011,865.71,1536,63.5,9.27,734.4,865.08,-1.6,0.0, , 
,866.39,1088,82.5,0.0,11101011,866.68,1344,69.4,10.30,795.6,866.04,-0.8,0.0, , 
,867.40,1792,82.5,0.0,11101011,867.76,2048,63.5,8.24,714.0,867.05,-0.8,-2.7, , 
,868.39,1472,82.5,0.0,11111111,868.70,992,25.1,4.12,357.0,868.09,0.0,-2.7, , 
,869.39,928,82.5,0.0,11111111,869.70,1024,29.4,4.12,397.8,869.05,-2.3,0.0, , 
,870.35,960,81.0,0.0,11101011,870.65,960,38.4,5.15,499.8,870.04,-2.3,0.0, , 
,871.30,960,81.0,0.0,11101011,871.63,992,59.2,8.24,693.6,870.95,-1.6,0.0, , 
,872.26,1088,81.0,0.0,11101011,872.59,1152,72.2,11.33,846.6,871.94,-1.6,0.0, , 
,873.23,1280,81.0,0.0,11101011,873.59,1312,57.6,7.21,693.6,872.90,-0.8,0.0, , 
,874.30,1408,81.0,0.0,11101011,874.61,1440,36.9,5.15,479.4,873.93,-1.6,0.0, , 
,875.27,1440,81.0,-6.3,11101011,875.61,1408,23.5,3.09,336.6,874.90,-1.6,0.0, , 
,876.29,1344,81.0,-12.1,11101011,876.63,1344,23.5,2.06,336.6,875.94,-2.3,0.0, , 
,877.31,1312,79.5,-12.5,11101011,877.65,1312,28.2,3.09,377.4,876.95,-2.3,0.0, , 
,878.33,1312,79.5,-12.5,11111111,878.62,1248,25.1,3.09,357.0,878.00,-2.3,0.0, , 
,879.26,1312,79.5,-10.2,11101011,879.59,1312,50.2,8.24,591.6,878.94,-1.6,0.0, , 
,880.22,1440,79.5,0.0,11101010,880.58,1568,76.9,11.33,867.0,879.95,-0.8,0.0, , 
,881.31,1728,79.5,0.0,11101010,881.70,1824,65.1,8.24,734.4,880.95,-0.8,-2.7, , 
,882.43,1984,79.5,-9.4,11101010,882.78,2048,57.6,7.21,652.8,882.07,0.0,-2.7, , 
,883.46,2176,79.5,-9.4,11101000,883.80,2208,47.1,5.15,571.2,883.12,0.0,-2.7, , 
,884.48,2176,79.5,0.0,11111100,884.83,2176,17.6,2.06,244.8,884.13,0.0,-2.7, , 
,885.54,2016,78.0,-10.9,11101000,885.89,2016,23.5,3.09,316.2,885.17,0.0,-2.7, , 
,886.60,2048,78.0,0.0,11101000,886.94,2048,48.6,6.18,571.2,886.25,0.0,-2.7, , 
,887.64,2112,78.0,-2.0,11101000,887.96,2176,48.6,6.18,571.2,887.29,0.0,-2.7, , 
,888.63,2240,78.0,-3.5,11101000,888.96,2240,38.4,5.15,459.0,888.30,0.0,-2.7, , 
,889.65,2304,78.0,-3.9,11101000,890.02,2336,48.6,6.18,550.8,889.30,0.0,-2.7, , 
,890.69,2464,78.0,-7.8,11101000,891.03,2496,51.8,6.18,591.6,890.35,0.0,-2.7, , 
,891.71,2624,78.0,-9.4,11101000,892.05,2688,57.6,7.21,632.4,891.38,0.0,-2.7, , 
,892.71,2848,78.0,-12.5,11101000,893.04,2880,0.0,0.00,499.8,892.38,0.0,-2.7, , 
,893.70,1792,78.0,0.0,11111110,894.05,1440,23.5,4.12,336.6,893.38,0.0,-2.7, , 
,894.77,1920,78.0,0.0,11101010,895.13,1888,25.1,3.09,336.6,894.41,0.0,-2.7, , 
,895.86,1856,78.0,-9.4,11101010,896.23,1856,23.5,2.06,336.6,895.49,0.0,-2.7, , 
,896.98,1888,79.5,-11.3,11101010,897.36,1856,36.9,4.12,459.0,896.61,0.0,-2.7, , 
,898.09,1888,79.5,-10.2,11101010,898.47,1888,44.3,5.15,520.2,897.71,0.0,-2.7, , 
,899.20,1920,79.5,-10.5,11101010,899.56,1952,51.8,6.18,612.0,898.83,0.0,-2.7, , 
,900.29,1984,79.5,-9.0,11101010,900.64,2016,47.1,6.18,571.2,899.93,0.0,-2.7, , 
,901.38,2016,79.5,-9.0,11101000,901.73,2048,48.6,6.18,571.2,901.01,0.0,-2.7, , 
,902.42,2080,79.5,-11.3,11101001,902.76,2080,45.9,5.15,550.8,902.07,0.0,-2.7, , 
,903.46,2112,79.5,-10.9,11101001,903.82,2112,44.3,5.15,520.2,903.12,0.0,-2.7, , 
,904.53,2144,79.5,-9.4,11101001,904.87,2144,26.7,3.09,357.0,904.19,0.0,-2.7, , 
,905.56,2112,81.0,-7.4,11101001,905.92,2080,22.0,2.06,316.2,905.21,0.0,-2.7, , 
,906.61,2048,79.5,-16.8,11101001,906.96,2048,23.5,2.06,316.2,906.26,0.0,-2.7, , 
,907.68,2016,81.0,-19.9,11101001,908.04,2016,32.5,3.09,418.2,907.31,0.0,-2.7, , 
,908.78,1984,81.0,-16.0,11101001,909.12,1984,44.3,5.15,520.2,908.42,0.0,-2.7, , 
,909.84,2016,81.0,-14.8,11101001,910.19,2016,50.2,6.18,591.6,909.48,0.0,-2.7, , 
,910.87,2048,81.0,-12.9,11101001,911.22,2048,54.5,6.18,632.4,910.52,0.0,-2.7, , 
,911.93,2112,82.5,-10.9,11101001,912.27,2112,54.5,7.21,632.4,911.57,0.0,-2.7, , 
,912.92,2144,82.5,0.0,11101001,913.25,2176,76.9,12.36,846.6,912.60,0.0,-2.7, , 
,913.91,2240,82.5,-15.6,11101001,914.24,2272,73.7,8.24,826.2,913.58,0.0,-2.7, , 
,914.89,2336,82.5,0.0,11101001,915.21,2336,57.6,7.21,652.8,914.56,0.0,-2.7, , 
,915.87,2368,82.5,-11.3,11101001,916.19,2400,56.1,7.21,632.4,915.55,0.0,-2.7, , 
,916.86,2400,82.5,-14.1,11101001,917.19,2432,56.1,6.18,632.4,916.51,0.0,-2.7, , 
,917.91,2464,82.5,-15.2,11101001,918.27,2464,48.6,6.18,571.2,917.55,0.0,-2.7, , 
,918.96,2464,84.0,-9.8,11101001,919.34,2464,41.2,5.15,479.4,918.61,0.0,-2.7, , 
,920.05,2464,84.0,-5.9,11101001,920.41,2464,41.2,5.15,479.4,919.70,0.0,-2.7, , 
,921.10,2464,84.0,-5.1,11101001,921.45,2432,41.2,5.15,479.4,920.75,0.0,-2.7, , 
,922.17,2176,84.0,0.0,11111101,922.52,1568,0.0,0.00,316.2,921.81,0.0,-2.7, , 
,923.18,960,84.0,0.0,11111111,923.49,960,29.4,4.12,397.8,922.87,-3.1,0.0, , 
,924.11,832,84.0,0.0,11111111,924.42,896,29.4,4.12,418.2,923.80,-3.1,0.0, , 
,925.04,928,84.0,0.0,11111111,925.35,928,29.4,3.09,397.8,924.73,-2.3,0.0, , 
,925.95,864,84.0,0.0,11101011,926.25,896,56.1,9.27,673.2,925.65,-3.1,0.0, , 
,926.91,1216,85.5,0.0,11101011,927.25,1088,75.3,12.36,867.0,926.59,-1.6,0.0, , 
,927.99,1760,85.5,0.0,11101011,928.33,2112,87.1,14.42,948.6,927.62,-0.8,0.0, , 
,929.11,1632,85.5,0.0,11111111,929.42,1248,84.3,15.45,969.0,928.68,0.0,-2.7, , 
,930.06,1504,85.5,0.0,11101011,930.41,1600,84.3,13.39,969.0,929.71,-0.8,0.0, , 
,931.09,1792,85.5,0.0,11101011,931.46,1920,90.2,12.36,989.4,930.74,-0.8,-2.7, , 
,932.14,2144,85.5,-19.5,11101001,932.47,2240,91.4,11.33,989.4,931.79,0.0,-2.7, , 
,933.19,2496,85.5,-23.0,11101001,933.53,2592,92.9,11.33,989.4,932.82,0.0,-2.7, , 
,934.21,2848,87.0,-21.9,11101001,934.49,2976,90.2,11.33,948.6,933.87,0.0,-2.7, , 
,935.14,2304,85.5,0.0,11111101,935.51,1920,26.7,4.12,357.0,934.80,0.0,-2.7, , 
,936.21,1952,85.5,0.0,11101011,936.57,1984,87.1,13.39,948.6,935.86,0.0,-2.7, , 
,937.25,2048,85.5,0.0,11101001,937.59,2080,91.4,12.36,989.4,936.91,0.0,-2.7, , 
,938.28,2144,84.0,-21.1,11101001,938.62,2176,91.4,11.33,989.4,937.93,0.0,-2.7, , 
,939.29,2240,84.0,-25.0,11101001,939.64,2240,91.4,10.30,989.4,938.96,0.0,-2.7, , 
,940.33,2304,82.5,-27.0,11101001,940.67,2336,91.4,10.30,989.4,939.98,0.0,-2.7, , 
,941.40,2368,82.5,-27.7,11101001,941.75,2400,92.9,11.33,989.4,941.01,0.0,-2.7, , 
,942.45,2464,81.0,-23.8,11101001,942.80,2464,91.4,11.33,989.4,942.11,0.0,-2.7, , 
,943.46,2528,81.0,-20.7,11101001,943.78,2560,92.9,11.33,989.4,943.12,0.0,-2.7, , 
,944.45,2624,81.0,-19.1,11101001,944.80,2656,92.9,12.36,989.4,944.13,0.0,-2.7, , 
,945.47,2720,81.0,-18.0,11101001,945.81,2752,92.9,12.36,989.4,945.13,0.0,-2.7, , 
,946.53,2816,79.5,-19.1,11101001,946.85,2848,91.4,11.33,969.0,946.15,0.0,-2.7, , 
,947.52,2112,79.5,0.0,11111101,947.89,1536,23.5,4.12,316.2,947.17,0.0,-2.7, , 
,948.58,2016,79.5,0.0,11101001,948.93,1952,85.5,14.42,948.6,948.23,0.0,-2.7, , 
,949.65,1952,81.0,0.0,11101011,950.01,1952,91.4,14.42,989.4,949.30,0.0,-2.7, , 
,950.73,1984,81.0,-19.9,11101011,951.09,1984,91.4,10.30,989.4,950.37,0.0,-2.7, , 
,951.82,1984,81.0,-27.7,11101001,952.17,2016,91.4,10.30,989.4,951.45,0.0,-2.7, , 
,952.89,2016,81.0,-28.9,11101001,953.24,2048,91.4,10.30,989.4,952.54,0.0,-2.7, , 
,953.93,2080,81.0,-26.6,11101001,954.29,2080,91.4,10.30,989.4,953.57,0.0,-2.7, , 
,955.00,2112,81.0,-25.4,11101001,955.34,2112,91.4,10.30,989.4,954.65,0.0,-2.7, , 
,956.02,2144,82.5,-24.6,11101001,956.34,2144,91.4,11.33,989.4,955.69,0.0,-2.7, , 
,957.04,2176,82.5,-23.8,11101001,957.39,2176,88.6,10.30,969.0,956.69,0.0,-2.7, , 
,958.08,2176,82.5,-26.2,11101001,958.40,2208,60.4,8.24,693.6,957.74,0.0,-2.7, , 
,959.06,2176,82.5,0.0,11101001,959.40,2176,34.1,4.12,418.2,958.73,0.0,-2.7, , 
,960.09,2112,84.0,-6.3,11101001,960.44,2112,32.5,4.12,397.8,959.75,0.0,-2.7, , 
,961.15,2080,84.0,-9.0,11101001,961.51,2048,32.5,4.12,418.2,960.80,0.0,-2.7, , 
,962.22,1984,84.0,-10.5,11101001,962.58,1984,34.1,4.12,438.6,961.87,0.0,-2.7, , 
,963.33,1952,84.0,-9.8,11101011,963.69,1920,38.4,4.12,479.4,962.95,0.0,-2.7, , 
,964.40,1920,84.0,-10.2,11101011,964.79,1888,59.2,7.21,693.6,964.04,0.0,-2.7, , 
,965.52,1888,85.5,-13.7,11101011,965.88,1888,65.1,7.21,734.4,965.16,0.0,-2.7, , 
,966.60,1888,85.5,-15.2,11101011,966.95,1888,47.1,6.18,571.2,966.24,0.0,-2.7, , 
,967.69,1888,85.5,0.0,11101011,968.05,1888,65.1,8.24,734.4,967.31,0.0,-2.7, , 
,968.80,1888,85.5,-11.7,11101011,969.18,1888,65.1,7.21,734.4,968.42,0.0,-2.7, , 
,969.92,1888,87.0,-14.8,11101011,970.30,1888,65.1,7.21,734.4,969.54,0.0,-2.7, , 
,971.00,1888,87.0,0.0,11101011,971.35,1920,85.5,13.39,948.6,970.66,0.0,-2.7, , 
,972.07,1920,85.5,-11.7,11101011,972.42,1952,81.2,10.30,907.8,971.70,0.0,-2.7, , 
,973.13,1984,85.5,0.0,11101011,973.49,1984,66.3,8.24,754.8,972.78,0.0,-2.7, , 
,974.22,1984,85.5,0.0,11101001,974.58,1984,41.2,5.15,499.8,973.86,0.0,-2.7, , 
,975.28,1984,85.5,-3.1,11101011,975.65,1952,36.9,4.12,459.0,974.94,0.0,-2.7, , 
,976.38,1952,84.0,-2.3,11101011,976.73,1952,35.3,4.12,438.6,976.01,0.0,-2.7, , 
,977.45,1920,84.0,-2.3,11101011,977.82,1920,35.3,4.12,438.6,977.10,0.0,-2.7, , 
,978.54,1920,84.0,-2.0,11101011,978.93,1920,36.9,4.12,459.0,978.18,0.0,-2.7, , 
,979.67,1920,82.5,-2.0,11101011,980.03,1888,35.3,4.12,459.0,979.31,0.0,-2.7, , 
,980.75,1888,82.5,-1.2,11101011,981.12,1888,36.9,4.12,459.0,980.39,0.0,-2.7, , 
,981.86,1888,82.5,-2.3,11101011,982.24,1888,40.0,5.15,479.4,981.48,0.0,-2.7, , 
,983.01,1888,82.5,-2.7,11101011,983.38,1888,42.7,5.15,499.8,982.63,0.0,-2.7, , 
,984.10,1888,82.5,-3.5,11101011,984.46,1888,42.7,5.15,499.8,983.74,0.0,-2.7, , 
,985.20,1920,82.5,-10.9,11101011,985.57,1920,41.2,5.15,499.8,984.82,0.0,-2.7, , 
,986.29,1920,82.5,-11.7,11101011,986.66,1920,41.2,5.15,499.8,985.92,0.0,-2.7, , 
,987.40,1920,82.5,-9.8,11101011,987.77,1920,20.8,2.06,295.8,987.03,0.0,-2.7, , 
,988.49,1920,82.5,-15.6,11101011,988.83,1888,20.8,2.06,316.2,988.13,0.0,-2.7, , 
,989.56,1888,82.5,-16.8,11101011,989.94,1920,20.8,2.06,316.2,989.20,0.0,-2.7, , 
,990.65,1888,82.5,-18.0,11101011,991.02,1888,26.7,3.09,357.0,990.28,0.0,-2.7, , 
,991.74,1888,84.0,-14.1,11101011,992.10,1888,28.2,3.09,377.4,991.38,0.0,-2.7, , 
,992.82,1920,82.5,-9.8,11101011,993.18,1920,40.0,5.15,479.4,992.46,0.0,-2.7, , 
,993.90,1920,82.5,-8.2,11101011,994.26,1952,40.0,5.15,479.4,993.55,0.0,-2.7, , 
,994.98,1984,82.5,-9.0,11101011,995.34,1984,38.4,4.12,459.0,994.62,0.0,-2.7, , 
,996.06,1984,84.0,-7.8,11101001,996.42,2016,36.9,4.12,459.0,995.70,0.0,-2.7, , 
,997.16,2016,84.0,-8.2,11101001,997.53,2016,26.7,3.09,357.0,996.80,0.0,-2.7, , 
,998.27,2016,84.0,-8.2,11101001,998.62,2016,25.1,3.09,357.0,997.90,0.0,-2.7, , 
,999.33,2016,84.0,-7.4,11101001,999.69,2016,25.1,3.09,357.0,998.99,0.0,-2.7, , 
,1000.40,2016,84.0,-6.6,11101001,1000.76,1984,31.0,4.12,397.8,1000.03,0.0,-2.7, , 
,1001.49,1984,84.0,-7.0,11101001,1001.83,1984,29.4,3.09,397.8,1001.12,0.0,-2.7, , 
,1002.53,1984,84.0,-7.0,11101001,1002.89,1984,29.4,4.12,397.8,1002.17,0.0,-2.7, , 
,1003.61,1984,84.0,-7.0,11101001,1003.96,1984,36.9,4.12,459.0,1003.25,0.0,-2.7, , 
,1004.66,2016,84.0,-7.0,11101001,1005.00,2016,36.9,4.12,459.0,1004.30,0.0,-2.7, , 
,1005.71,2016,84.0,-7.4,11101001,1006.05,2016,36.9,4.12,459.0,1005.36,0.0,-2.7, , 
,1006.75,2016,84.0,-7.4,11101001,1007.10,2016,51.8,6.18,612.0,1006.41,0.0,-2.7, , 
,1007.80,2048,82.5,-8.6,11101001,1008.15,2048,51.8,6.18,612.0,1007.44,0.0,-2.7, , 
,1008.86,2048,84.0,-9.4,11101001,1009.22,2080,51.8,6.18,612.0,1008.50,0.0,-2.7, , 
,1009.91,2080,82.5,-10.2,11101001,1010.26,2080,50.2,6.18,591.6,1009.58,0.0,-2.7, , 
,1010.95,2112,82.5,-11.3,11101001,1011.31,2112,50.2,6.18,591.6,1010.60,0.0,-2.7, , 
,1011.99,2112,82.5,-11.3,11101001,1012.34,2112,53.3,6.18,612.0,1011.66,0.0,-2.7, , 
,1013.04,2112,82.5,-11.3,11101001,1013.39,2112,38.4,4.12,459.0,1012.70,0.0,-2.7, , 
,1014.07,2080,82.5,-8.2,11101001,1014.40,2080,34.1,4.12,418.2,1013.74,0.0,-2.7, , 
,1015.14,2048,82.5,-7.8,11101001,1015.49,2048,35.3,4.12,438.6,1014.76,0.0,-2.7, , 
,1016.18,2048,82.5,-6.6,11101001,1016.52,2048,35.3,4.12,438.6,1015.83,0.0,-2.7, , 
,1017.23,2048,82.5,-7.0,11101001,1017.58,2048,47.1,6.18,550.8,1016.87,0.0,-2.7, , 
,1018.28,2048,82.5,-7.4,11101001,1018.64,2080,45.9,6.18,550.8,1017.94,0.0,-2.7, , 
,1019.34,2080,82.5,-8.2,11101001,1019.70,2080,45.9,5.15,550.8,1019.00,0.0,-2.7, , 
,1020.43,2112,82.5,-8.6,11101001,1020.79,2112,44.3,5.15,520.2,1020.07,0.0,-2.7, , 
,1021.50,2144,82.5,-8.2,11101001,1021.83,2144,31.0,4.12,397.8,1021.16,0.0,-2.7, , 
,1022.53,2144,82.5,-5.1,11101001,1022.87,2144,26.7,3.09,357.0,1022.18,0.0,-2.7, , 
,1023.56,2112,82.5,-7.4,11101001,1023.92,2112,32.5,4.12,397.8,1023.20,0.0,-2.7, , 
,1024.61,2112,82.5,-8.6,11101001,1024.97,2144,54.5,8.24,632.4,1024.26,0.0,-2.7, , 
,1025.67,2176,82.5,-6.3,11101001,1026.01,2176,57.6,7.21,652.8,1025.33,0.0,-2.7, , 
,1026.67,2208,82.5,-11.7,11101001,1027.01,2208,51.8,6.18,591.6,1026.35,0.0,-2.7, , 
,1027.67,2240,82.5,-9.8,11101001,1028.01,2240,47.1,5.15,550.8,1027.34,0.0,-2.7, , 
,1028.69,2272,82.5,-15.6,11101001,1029.03,2272,48.6,6.18,591.6,1028.36,0.0,-2.7, , 
,1029.70,2304,82.5,-3.9,11101001,1030.04,2304,38.4,5.15,459.0,1029.37,0.0,-2.7, , 
,1030.70,2304,82.5,0.0,11101001,1031.04,2272,19.2,2.06,275.4,1030.38,0.0,-2.7, , 
,1031.71,2272,82.5,-14.5,11101001,1032.04,2240,16.1,2.06,244.8,1031.38,0.0,-2.7, , 
,1032.71,2240,82.5,-19.9,11111101,1033.06,2208,17.6,2.06,244.8,1032.37,0.0,-2.7, , 
,1033.74,2176,82.5,0.0,11111101,1034.08,2176,16.1,3.09,244.8,1033.39,0.0,-2.7, , 
,1034.75,2208,82.5,0.0,11101001,1035.09,2176,84.3,13.39,928.2,1034.41,0.0,-2.7, , 
,1035.78,2240,81.0,0.0,11101001,1036.12,2272,88.6,12.36,948.6,1035.44,0.0,-2.7, , 
,1036.79,2336,82.5,-18.8,11101001,1037.13,2368,90.2,11.33,969.0,1036.45,0.0,-2.7, , 
,1037.81,2432,82.5,-25.4,11101001,1038.15,2464,90.2,10.30,969.0,1037.45,0.0,-2.7, , 
,1038.82,2528,82.5,-28.9,11101001,1039.17,2560,90.2,10.30,969.0,1038.49,0.0,-2.7, , 
,1039.82,2624,82.5,-25.8,11101001,1040.17,2656,90.2,10.30,969.0,1039.49,0.0,-2.7, , 
,1040.84,2720,82.5,-21.5,11101001,1041.18,2720,90.2,11.33,969.0,1040.51,0.0,-2.7, , 
,1041.86,2784,82.5,-21.5,11101001,1042.23,2848,87.1,10.30,928.2,1041.53,0.0,-2.7, , 
,1042.90,2880,82.5,-24.2,11101001,1043.31,2944,85.5,9.27,928.2,1042.57,0.0,-2.7, , 
,1043.86,2976,82.5,-29.7,11101001,1044.13,3008,85.5,9.27,907.8,1043.58,0.0,-2.7, , 
,1044.76,3040,82.5,-30.5,11101001,1045.10,3072,85.5,9.27,907.8,1044.46,0.0,-2.7, , 
,1045.80,3136,82.5,-29.7,11101001,1046.13,3168,84.3,9.27,907.8,1045.46,0.0,-2.7, , 
,1046.80,2368,82.5,0.0,11111101,1047.11,1856,0.0,0.00,275.4,1046.45,0.0,-2.7, , 
,1047.78,2528,82.5,0.0,11101001,1048.13,2464,51.8,8.24,571.2,1047.47,-1.6,-2.7, , 
,1048.83,2464,82.5,0.0,11101001,1049.18,2464,73.7,10.30,826.2,1048.48,0.0,-2.7, , 
,1049.90,2528,82.5,-20.7,11101001,1050.24,2560,79.6,9.27,867.0,1049.56,0.0,-2.7, , 
,1050.90,2592,82.5,-28.1,11101001,1051.25,2592,78.4,8.24,867.0,1050.56,0.0,-2.7, , 
,1051.94,2624,82.5,-26.6,11101001,1052.27,2656,78.4,8.24,846.6,1051.59,0.0,-2.7, , 
,1052.95,2688,82.5,-25.0,11101001,1053.30,2688,66.3,7.21,734.4,1052.63,0.0,-2.7, , 
,1053.96,2720,82.5,-18.0,11101001,1054.29,2720,65.1,7.21,714.0,1053.63,0.0,-2.7, , 
,1055.00,2752,84.0,-13.3,11101001,1055.35,2752,59.2,7.21,652.8,1054.64,0.0,-2.7, , 
,1056.00,2752,84.0,-12.1,11101001,1056.33,2784,59.2,7.21,652.8,1055.67,0.0,-2.7, , 
,1057.00,2784,84.0,-11.3,11101001,1057.35,2784,59.2,7.21,652.8,1056.66,0.0,-2.7, , 
,1058.03,2784,84.0,-10.5,11101001,1058.37,2784,45.9,5.15,520.2,1057.70,0.0,-2.7, , 
,1059.05,2784,84.0,-5.1,11101001,1059.40,2784,40.0,5.15,479.4,1058.70,0.0,-2.7, , 
,1060.10,2784,84.0,-1.6,11101001,1060.45,2784,41.2,5.15,479.4,1059.77,0.0,-2.7, , 
,1061.15,2784,84.0,-1.2,11101001,1061.49,2784,42.7,5.15,499.8,1060.80,0.0,-2.7, , 
,1062.17,2752,84.0,-2.0,11101001,1062.54,2752,42.7,5.15,499.8,1061.83,0.0,-2.7, , 
,1063.24,2752,84.0,-2.3,11101001,1063.58,2752,42.7,5.15,499.8,1062.90,0.0,-2.7, , 
,1064.27,2752,85.5,-3.1,11101001,1064.60,2752,42.7,5.15,499.8,1063.94,0.0,-2.7, , 
,1065.26,2752,85.5,-2.3,11101001,1065.61,2752,41.2,5.15,499.8,1064.93,0.0,-2.7, , 
,1066.28,2752,85.5,-4.3,11101001,1066.63,2752,47.1,6.18,550.8,1065.95,0.0,-2.7, , 
,1067.33,2720,84.0,-5.5,11101001,1067.68,2720,47.1,6.18,550.8,1066.97,0.0,-2.7, , 
,1068.35,2720,85.5,-7.0,11101001,1068.67,2688,51.8,6.18,591.6,1068.02,0.0,-2.7, , 
,1069.31,2688,85.5,-10.5,11101001,1069.65,2688,51.8,6.18,591.6,1068.98,0.0,-2.7, , 
,1070.32,2656,84.0,-11.3,11101001,1070.66,2656,54.5,6.18,612.0,1069.98,0.0,-2.7, , 
,1071.36,2656,85.5,-13.3,11101001,1071.70,2656,57.6,7.21,652.8,1071.01,0.0,-2.7, , 
,1072.39,2656,85.5,-14.5,11101001,1072.76,2656,57.6,7.21,652.8,1072.05,0.0,-2.7, , 
,1073.46,2656,84.0,-12.5,11101001,1073.82,2656,57.6,7.21,652.8,1073.13,0.0,-2.7, , 
,1074.50,2624,84.0,-12.1,11101001,1074.84,2624,57.6,7.21,652.8,1074.15,0.0,-2.7, , 
,1075.50,2624,84.0,-10.2,11101001,1075.83,2624,59.2,7.21,652.8,1075.17,0.0,-2.7, , 
,1076.50,2592,84.0,-10.5,11101001,1076.85,2592,59.2,7.21,652.8,1076.16,0.0,-2.7, , 
,1077.50,2592,84.0,-10.2,11101001,1077.85,2592,59.2,7.21,652.8,1077.18,0.0,-2.7, , 
,1078.53,2592,84.0,-10.9,11101001,1078.86,2560,59.2,7.21,673.2,1078.17,0.0,-2.7, , 
,1079.53,2560,84.0,-8.6,11101001,1079.87,2592,59.2,7.21,673.2,1079.21,0.0,-2.7, , 
,1080.55,2560,84.0,-9.4,11101001,1080.87,2560,60.4,7.21,673.2,1080.22,0.0,-2.7, , 
,1081.56,2560,84.0,-11.3,11101001,1081.90,2560,65.1,7.21,714.0,1081.22,0.0,-2.7, , 
,1082.59,2560,84.0,-14.1,11101001,1082.95,2560,63.5,7.21,714.0,1082.25,0.0,-2.7, , 
,1083.67,2592,84.0,-12.9,11101001,1084.03,2560,65.1,7.21,714.0,1083.31,0.0,-2.7, , 
,1084.69,2592,84.0,-11.3,11101001,1085.03,2592,65.1,7.21,714.0,1084.38,0.0,-2.7, , 
,1085.68,2592,84.0,-12.5,11101001,1086.00,2592,65.1,7.21,714.0,1085.36,0.0,-2.7, , 
,1086.65,2624,84.0,-11.3,11101001,1086.98,2624,60.4,7.21,673.2,1086.33,0.0,-2.7, , 
,1087.68,2624,84.0,-4.3,11101001,1088.02,2624,51.8,6.18,591.6,1087.31,0.0,-2.7, , 
,1088.68,2624,84.0,-2.0,11101001,1089.04,2624,50.2,6.18,571.2,1088.35,0.0,-2.7, , 
,1089.69,2624,84.0,-5.9,11101001,1090.03,2624,41.2,5.15,499.8,1089.36,0.0,-2.7, , 
,1090.69,2624,84.0,-3.5,11101001,1091.02,2624,31.0,4.12,377.4,1090.36,0.0,-2.7, , 
,1091.69,2592,84.0,-3.1,11101001,1092.04,2592,22.0,2.06,295.8,1091.36,0.0,-2.7, , 
,1092.71,2592,84.0,-14.8,11111101,1093.02,2560,0.0,0.00,244.8,1092.36,0.0,-2.7, , 
,1093.66,2528,84.0,0.0,11111101,1094.01,2496,0.0,0.00,244.8,1093.34,0.0,-2.7, , 
,1094.66,2464,84.0,0.0,11111101,1094.99,2464,0.0,0.00,244.8,1094.33,0.0,-2.7, , 
,1095.64,2400,84.0,0.0,11111101,1095.96,2368,0.0,0.00,244.8,1095.31,0.0,-2.7, , 
,1096.62,2304,84.0,0.0,11111101,1096.96,2272,0.0,0.00,244.8,1096.28,0.0,-2.7, , 
,1097.64,2208,84.0,0.0,11111101,1097.98,2176,0.0,0.00,244.8,1097.30,0.0,-2.7, , 
,1098.65,2144,84.0,0.0,11111101,1098.98,2112,0.0,0.00,244.8,1098.31,0.0,-2.7, , 
,1099.65,2112,84.0,0.0,11101001,1099.99,2080,65.1,9.27,714.0,1099.32,0.0,-2.7, , 
,1100.65,2112,84.0,0.0,11101001,1100.99,2112,87.1,13.39,948.6,1100.32,0.0,-2.7, , 
,1101.67,2144,84.0,-10.5,11101001,1102.02,2176,88.6,12.36,969.0,1101.33,0.0,-2.7, , 
,1102.69,2176,84.0,-19.9,11101001,1103.04,2208,90.2,11.33,989.4,1102.35,0.0,-2.7, , 
,1103.75,2240,84.0,-22.7,11101001,1104.10,2240,91.4,11.33,989.4,1103.39,0.0,-2.7, , 
,1104.77,2272,84.0,-23.0,11101001,1105.11,2272,91.4,11.33,989.4,1104.43,0.0,-2.7, , 
,1105.80,2304,84.0,-21.9,11101001,1106.13,2304,91.4,11.33,989.4,1105.45,0.0,-2.7, , 
,1106.79,2336,84.0,-21.1,11101001,1107.11,2336,91.4,11.33,989.4,1106.47,0.0,-2.7, , 
,1107.83,2400,84.0,-20.3,11101001,1108.17,2400,88.6,11.33,969.0,1107.48,0.0,-2.7, , 
,1108.87,2432,84.0,-22.3,11101001,1109.23,2432,90.2,10.30,969.0,1108.51,0.0,-2.7, , 
,1109.94,2464,84.0,-23.8,11101001,1110.29,2496,90.2,10.30,969.0,1109.59,0.0,-2.7, , 
,1110.97,2528,84.0,-25.4,11101001,1111.32,2528,90.2,10.30,969.0,1110.62,0.0,-2.7, , 
,1111.95,2560,84.0,-25.8,11101001,1112.31,2560,90.2,10.30,969.0,1111.63,0.0,-2.7, , 
,1112.99,2592,84.0,-26.2,11101001,1113.31,2592,88.6,10.30,948.6,1112.66,0.0,-2.7, , 
,1113.97,2624,82.5,-28.1,11101001,1114.29,2624,88.6,10.30,948.6,1113.64,0.0,-2.7, , 
,1114.96,2656,82.5,-30.5,11101001,1115.30,2656,87.1,9.27,948.6,1114.62,0.0,-2.7, , 
,1116.01,2688,84.0,-30.9,11101001,1116.35,2720,82.7,8.24,887.4,1115.66,0.0,-2.7, , 
,1117.01,2720,84.0,-28.5,11101001,1117.35,2720,67.8,7.21,754.8,1116.67,0.0,-2.7, , 
,1118.06,2752,82.5,-19.1,11101001,1118.42,2752,65.1,7.21,714.0,1117.70,0.0,-2.7, , 
,1119.10,2752,84.0,-13.7,11101001,1119.43,2752,59.2,7.21,652.8,1118.75,0.0,-2.7, , 
,1120.10,2752,84.0,-10.5,11101001,1120.45,2752,48.6,6.18,550.8,1119.75,0.0,-2.7, , 
,1121.16,2752,84.0,-3.9,11101001,1121.50,2752,47.1,6.18,550.8,1120.82,0.0,-2.7, , 
,1122.17,2752,84.0,-3.1,11101001,1122.52,2752,47.1,6.18,550.8,1121.83,0.0,-2.7, , 
,1123.20,2752,84.0,-4.3,11101001,1123.54,2752,47.1,6.18,550.8,1122.86,0.0,-2.7, , 
,1124.21,2752,84.0,-3.9,11101001,1124.54,2752,47.1,6.18,550.8,1123.88,0.0,-2.7, , 
,1125.24,2752,84.0,-4.3,11101001,1125.60,2752,47.1,6.18,550.8,1124.91,0.0,-2.7, , 
,1126.28,2752,84.0,-4.7,11101001,1126.64,2752,47.1,6.18,550.8,1125.96,0.0,-2.7, , 
,1127.33,2752,84.0,-4.3,11101001,1127.67,2752,45.9,6.18,520.2,1126.99,0.0,-2.7, , 
,1128.37,2720,84.0,-3.5,11101001,1128.72,2720,44.3,6.18,520.2,1128.01,0.0,-2.7, , 
,1129.42,2720,84.0,0.0,11111101,1129.75,2688,19.2,2.06,275.4,1129.06,0.0,-2.7, , 
,1130.40,2688,84.0,0.0,11111101,1130.75,2688,0.0,0.00,244.8,1130.07,0.0,-2.7, , 
,1131.39,2624,84.0,0.0,11111101,1131.73,2624,0.0,0.00,275.4,1131.07,0.0,-2.7, , 
,1132.41,2592,84.0,0.0,11111101,1132.74,2592,0.0,0.00,244.8,1132.09,0.0,-2.7, , 
,1133.40,2560,84.0,0.0,11111101,1133.69,2528,0.0,0.00,244.8,1133.07,0.0,-2.7, , 
,1134.34,2528,84.0,0.0,11111101,1134.65,2528,0.0,0.00,244.8,1134.02,0.0,-2.7, , 
,1135.30,2496,84.0,0.0,11111101,1135.62,2464,0.0,0.00,244.8,1134.97,0.0,-2.7, , 
,1136.29,2464,84.0,0.0,11101001,1136.65,2496,34.1,6.18,397.8,1135.95,0.0,-2.7, , 
,1137.35,2464,84.0,0.0,11101001,1137.69,2464,75.3,11.33,826.2,1137.00,0.0,-2.7, , 
,1138.38,2496,84.0,-12.9,11101001,1138.72,2528,73.7,8.24,795.6,1138.02,0.0,-2.7, , 
,1139.42,2560,84.0,-21.5,11101001,1139.77,2592,76.9,8.24,826.2,1139.05,0.0,-2.7, , 
,1140.43,2592,84.0,-24.6,11101001,1140.77,2592,76.9,8.24,826.2,1140.11,0.0,-2.7, , 
,1141.45,2592,84.0,-25.4,11101001,1141.81,2624,78.4,8.24,846.6,1141.10,0.0,-2.7, , 
,1142.47,2624,84.0,-26.2,11101001,1142.82,2592,79.6,8.24,867.0,1142.14,0.0,-2.7, , 
,1143.47,2624,84.0,-26.6,11101001,1143.80,2624,79.6,8.24,867.0,1143.14,0.0,-2.7, , 
,1144.46,2624,84.0,-28.5,11101001,1144.79,2624,82.7,8.24,907.8,1144.12,0.0,-2.7, , 
,1145.48,2624,84.0,-30.5,11101001,1145.83,2656,84.3,9.27,907.8,1145.13,0.0,-2.7, , 
,1146.51,2656,82.5,-29.3,11101001,1146.86,2624,78.4,11.33,867.0,1146.18,0.0,-2.7, , 
,1147.52,2624,84.0,-9.0,11101001,1147.85,2624,72.2,8.24,795.6,1147.19,0.0,-2.7, , 
,1148.53,2656,82.5,-20.3,11101001,1148.86,2624,72.2,8.24,795.6,1148.18,0.0,-2.7, , 
,1149.53,2624,82.5,-21.9,11101001,1149.87,2624,67.8,7.21,734.4,1149.20,0.0,-2.7, , 
,1150.54,2624,82.5,-20.7,11101001,1150.85,2624,67.8,7.21,754.8,1150.20,0.0,-2.7, , 
,1151.50,2624,82.5,-19.5,11101001,1151.84,2624,67.8,7.21,754.8,1151.16,0.0,-2.7, , 
,1152.51,2624,82.5,-19.5,11101001,1152.86,2624,67.8,8.24,754.8,1152.17,0.0,-2.7, , 
,1153.53,2656,82.5,-18.8,11101001,1153.88,2656,67.8,8.24,754.8,1153.19,0.0,-2.7, , 
,1154.58,2656,82.5,-18.8,11101001,1154.91,2688,67.8,7.21,754.8,1154.23,0.0,-2.7, , 
,1155.61,2688,84.0,-16.0,11101001,1155.95,2688,62.0,7.21,693.6,1155.25,0.0,-2.7, , 
,1156.63,2688,82.5,-14.1,11101001,1156.98,2688,62.0,7.21,673.2,1156.30,0.0,-2.7, , 
,1157.71,2688,84.0,-16.0,11101001,1158.04,2688,60.4,7.21,673.2,1157.35,0.0,-2.7, , 
,1158.73,2688,84.0,-16.0,11101001,1159.08,2688,60.4,7.21,673.2,1158.37,0.0,-2.7, , 
,1159.75,2720,82.5,0.0,11101001,1160.07,2688,54.5,7.21,612.0,1159.42,0.0,-2.7, , 
,1160.70,2720,84.0,-8.2,11101001,1161.04,2688,54.5,7.21,612.0,1160.38,0.0,-2.7, , 
,1161.75,2688,84.0,-12.1,11101001,1162.09,2688,53.3,6.18,612.0,1161.41,0.0,-2.7, , 
,1162.73,2688,84.0,-12.9,11101001,1163.10,2720,53.3,6.18,612.0,1162.41,0.0,-2.7, , 
,1163.77,2688,84.0,-12.1,11101001,1164.09,2688,25.1,3.09,336.6,1163.44,0.0,-2.7, , 
,1164.76,2688,84.0,-8.2,11111101,1165.10,2656,19.2,2.06,275.4,1164.43,0.0,-2.7, , 
,1165.77,2592,84.0,0.0,11101001,1166.10,2656,41.2,5.15,479.4,1165.42,0.0,-2.7, , 
,1166.78,2624,84.0,-2.0,11101001,1167.12,2624,45.9,6.18,520.2,1166.44,0.0,-2.7, , 
,1167.78,2624,84.0,-3.5,11101001,1168.11,2624,51.8,7.21,591.6,1167.45,0.0,-2.7, , 
,1168.77,2624,84.0,-10.2,11101001,1169.08,2624,60.4,7.21,673.2,1168.44,0.0,-2.7, , 
,1169.74,2624,84.0,-16.4,11101001,1170.07,2624,62.0,7.21,693.6,1169.40,0.0,-2.7, , 
,1170.75,2656,84.0,-18.0,11101001,1171.10,2656,62.0,7.21,693.6,1170.41,0.0,-2.7, , 
,1171.80,2656,84.0,-16.8,11101001,1172.12,2656,59.2,7.21,673.2,1171.46,0.0,-2.7, , 
,1172.79,2656,84.0,-15.2,11101001,1173.13,2656,57.6,7.21,652.8,1172.46,0.0,-2.7, , 
,1173.82,2656,84.0,-11.3,11101001,1174.15,2656,51.8,6.18,591.6,1173.47,0.0,-2.7, , 
,1174.83,2656,84.0,-9.4,11101001,1175.16,2656,51.8,6.18,591.6,1174.50,0.0,-2.7, , 
,1175.83,2656,84.0,-7.4,11101001,1176.18,2656,36.9,4.12,438.6,1175.50,0.0,-2.7, , 
,1176.86,2656,85.5,-2.3,11101001,1177.20,2624,28.2,3.09,357.0,1176.52,0.0,-2.7, , 
,1177.88,2592,84.0,-4.7,11101001,1178.21,2592,25.1,3.09,336.6,1177.55,0.0,-2.7, , 
,1178.89,2592,84.0,-5.1,11101001,1179.23,2560,25.1,3.09,336.6,1178.54,0.0,-2.7, , 
,1179.94,2560,84.0,-5.1,11101001,1180.28,2528,25.1,3.09,336.6,1179.58,0.0,-2.7, , 
,1180.99,2496,84.0,-4.3,11101001,1181.34,2496,26.7,3.09,357.0,1180.63,0.0,-2.7, , 
,1182.01,2496,84.0,-4.3,11101001,1182.35,2496,36.9,5.15,438.6,1181.70,0.0,-2.7, , 
,1183.02,2496,84.0,-1.6,11101001,1183.38,2464,35.3,5.15,438.6,1182.67,0.0,-2.7, , 
,1184.10,2464,84.0,0.0,11101001,1184.41,2432,34.1,4.12,418.2,1183.73,0.0,-2.7, , 
,1185.09,2432,84.0,0.4,11101001,1185.44,2432,26.7,3.09,357.0,1184.74,0.0,-2.7, , 
,1186.11,1824,85.5,0.0,11111111,1186.41,1312,0.0,0.00,336.6,1185.79,0.0,-2.7, , 
,1187.04,1088,84.0,0.0,11111111,1187.32,1024,25.1,4.12,377.4,1186.73,-2.3,0.0, , 
,1187.94,832,84.0,0.0,11111111,1188.23,896,28.2,4.12,418.2,1187.63,-3.1,0.0, , 
,1188.85,928,84.0,0.0,11111111,1189.15,896,28.2,3.09,397.8,1188.54,-3.1,0.0, , 
,1189.77,896,84.0,-8.6,11111111,1190.10,896,28.2,3.09,397.8,1189.45,-3.1,0.0, , 
,1190.72,896,84.0,-8.6,11111111,1191.04,896,28.2,3.09,397.8,1190.42,-3.1,0.0, , 
,1191.68,896,84.0,-7.0,11111111,1191.97,896,26.7,3.09,397.8,1191.34,-3.1,0.0, , 
,1192.60,896,84.0,-6.6,11111111,1192.89,896,28.2,3.09,397.8,1192.28,-3.1,0.0, , 
,1193.49,864,85.5,-6.3,11111111,1193.80,896,26.7,3.09,397.8,1193.20,-3.1,0.0, , 
,1194.40,864,85.5,-5.9,11111111,1194.68,896,26.7,3.09,397.8,1194.09,-3.1,0.0, , 
,1195.29,896,84.0,-5.1,11111111,1195.60,896,26.7,3.09,397.8,1194.98,-3.1,0.0, , 
,1196.25,896,85.5,-5.1,11111111,1196.57,896,28.2,3.09,397.8,1195.92,-3.1,0.0, , 
,1197.19,896,84.0,-5.5,11111111,1197.49,864,28.2,3.09,397.8,1196.87,-3.1,0.0, , 
,1198.10,896,85.5,-5.9,11111111,1198.38,864,26.7,3.09,397.8,1197.80,-3.1,0.0, , 
,1198.97,864,85.5,-5.5,11111111,1199.27,896,28.2,3.09,397.8,1198.66,-3.1,0.0, , 
,1199.88,896,85.5,-4.7,11111111,1200.18,928,26.7,3.09,397.8,1199.57,-3.9,0.0, , 
,1200.87,1600,85.5,-4.7,11101011,1201.23,1664,22.0,3.09,316.2,1200.51,-3.9,0.0, , 
,1201.96,1664,85.5,-1.2,11101011,1202.30,1664,35.3,4.12,438.6,1201.60,-2.3,-2.7, , 
,1203.02,1696,85.5,-2.0,11101011,1203.35,1728,36.9,4.12,459.0,1202.65,-1.6,-2.7, , 
,1204.07,1760,85.5,-1.2,11111111,1204.43,1728,22.0,3.09,316.2,1203.70,-1.6,-2.7, , 
,1205.10,1632,85.5,-2.0,11111111,1205.40,1536,22.0,3.09,336.6,1204.78,-2.3,-2.7, , 
,1206.03,1344,84.0,-4.7,11111111,1206.37,1280,23.5,3.09,336.6,1205.70,-3.1,-2.7, , 
,1207.05,1216,84.0,0.0,11101011,1207.39,1280,41.2,4.12,550.8,1206.72,-3.1,0.0, , 
,1208.07,960,84.0,0.0,11111111,1208.39,1024,31.0,4.12,418.2,1207.75,-2.3,-2.7, , 
,1209.00,1024,84.0,0.0,11111111,1209.29,992,23.5,3.09,357.0,1208.71,-3.1,0.0, , 
,1209.89,864,84.0,0.0,11101011,1210.20,736,51.8,8.24,612.0,1209.59,-4.7,0.0, , 
,1210.88,1344,82.5,0.0,11101011,1211.21,1344,79.6,12.36,907.8,1210.51,-1.6,0.0, , 
,1211.94,1952,82.5,0.0,11101011,1212.29,2240,67.8,10.30,754.8,1211.57,-1.6,-2.7, , 
,1212.92,1376,82.5,0.0,11111111,1213.25,992,28.2,4.12,377.4,1212.62,0.0,-2.7, , 
,1213.92,1344,82.5,0.0,11101011,1214.24,1280,54.5,9.27,652.8,1213.56,-2.3,0.0, , 
,1214.87,1504,82.5,0.0,11101011,1215.23,1600,84.3,13.39,948.6,1214.56,-1.6,0.0, , 
,1215.98,1920,82.5,0.0,11101011,1216.33,2080,91.4,14.42,989.4,1215.62,-0.8,-2.7, , 
,1217.02,2368,81.0,-12.5,11101001,1217.36,2560,92.9,12.36,989.4,1216.65,0.0,-2.7, , 
,1218.03,2816,81.0,0.0,11111101,1218.38,2240,0.0,0.00,316.2,1217.68,0.0,-2.7, , 
,1219.12,1920,81.0,0.0,11101011,1219.49,1888,53.3,8.24,632.4,1218.75,-3.1,-2.7, , 
,1220.20,1952,81.0,0.0,11101011,1220.55,2016,87.1,13.39,948.6,1219.84,0.0,-2.7, , 
,1221.22,2176,81.0,0.0,11101001,1221.57,2240,90.2,12.36,969.0,1220.89,0.0,-2.7, , 
,1222.26,2368,81.0,-18.0,11101001,1222.60,2432,91.4,11.33,969.0,1221.90,0.0,-2.7, , 
,1223.30,2592,81.0,-21.5,11101001,1223.63,2624,90.2,11.33,969.0,1222.97,0.0,-2.7, , 
,1224.30,2752,81.0,-24.2,11101001,1224.68,2816,90.2,10.30,969.0,1223.96,0.0,-2.7, , 
,1225.38,2624,81.0,0.0,11111101,1225.70,2112,0.0,0.00,295.8,1225.04,0.0,-2.7, , 
,1226.35,1088,81.0,0.0,11111111,1226.64,992,26.7,4.12,377.4,1226.07,-3.1,-2.7, , 
,1227.24,864,81.0,0.0,11111111,1227.56,864,28.2,4.12,418.2,1226.95,-3.9,0.0, , 
,1228.16,896,81.0,0.0,11111111,1228.46,896,28.2,4.12,397.8,1227.86,-3.9,0.0, , 
,1229.06,896,81.0,-5.9,11111111,1229.38,896,28.2,3.09,397.8,1228.75,-3.9,0.0, , 
,1229.99,864,82.5,-10.2,11111111,1230.31,864,29.4,3.09,418.2,1229.69,-3.9,0.0, , 
,1230.92,896,82.5,-9.4,11111111,1231.22,896,28.2,3.09,397.8,1230.63,-3.9,0.0, , 
,1231.83,896,82.5,-7.8,11111111,1232.13,896,28.2,3.09,397.8,1231.52,-3.9,0.0, , 
,1232.75,896,82.5,-7.4,11111111,1233.07,896,28.2,3.09,397.8,1232.44,-3.9,0.0, , 
,1233.69,896,82.5,-7.0,11111111,1233.99,864,28.2,3.09,397.8,1233.37,-3.9,0.0, , 
,1234.58,896,82.5,-6.3,11111111,1234.91,896,28.2,3.09,397.8,1234.28,-3.9,0.0, , 
,1235.53,896,82.5,-6.6,11111111,1235.83,896,28.2,3.09,397.8,1235.22,-3.9,0.0, , 
,1236.44,896,82.5,-7.8,11111111,1236.74,864,28.2,3.09,397.8,1236.13,-3.9,0.0, , 
,1237.37,1088,84.0,-9.0,11101011,1237.68,1376,28.2,3.09,377.4,1237.04,-3.9,0.0, , 
,1238.36,1344,84.0,-8.6,11101011,1238.72,1376,38.4,5.15,479.4,1238.04,-2.3,0.0, , 
,1239.49,1440,84.0,-11.7,11101011,1239.85,1504,36.9,4.12,459.0,1239.03,-1.6,0.0, , 
,1240.52,992,84.0,0.0,11111111,1240.83,1024,29.4,4.12,397.8,1240.17,-2.3,-2.7, , 
,1241.50,992,84.0,0.0,11111111,1241.80,928,25.1,3.09,357.0,1241.16,-3.1,0.0, , 
,1242.43,864,84.0,0.0,11111111,1242.72,896,28.2,3.09,397.8,1242.10,-4.7,0.0, , 
,1243.32,896,85.5,-5.1,11111111,1243.63,896,28.2,3.09,397.8,1243.02,-3.9,0.0, , 
,1244.22,864,85.5,-8.2,11111111,1244.52,864,28.2,3.09,418.2,1243.92,-3.9,0.0, , 
,1245.15,896,85.5,-7.4,11111111,1245.45,896,28.2,3.09,397.8,1244.83,-3.9,0.0, , 
,1246.05,736,85.5,-6.3,11111111,1246.34,768,29.4,3.09,438.6,1245.74,-4.7,0.0, , 
,1246.95,800,85.5,-4.7,11111111,1247.25,800,29.4,3.09,418.2,1246.63,-3.9,0.0, , 
,1247.84,800,85.5,-5.9,11111111,1248.14,800,29.4,3.09,438.6,1247.55,-4.7,0.0, , 
,1248.72,800,85.5,-6.3,11111111,1249.02,800,29.4,3.09,418.2,1248.42,-4.7,0.0, , 
,1249.62,768,85.5,-7.0,11111111,1249.92,768,29.4,3.09,438.6,1249.32,-4.7,0.0, , 
,1250.52,800,85.5,-7.0,11111111,1250.82,768,29.4,3.09,418.2,1250.21,-4.7,0.0, , 
,1251.40,800,85.5,-7.0,11111111,1251.69,800,29.4,3.09,418.2,1251.10,-4.7,0.0, , 
,1252.31,768,85.5,-7.0,11111111,1252.61,768,29.4,3.09,418.2,1252.02,-4.7,0.0, , 
,1253.21,800,85.5,-7.0,11111111,1253.50,800,29.4,3.09,418.2,1252.91,-4.7,0.0, , 
,1254.11,768,87.0,-7.0,11111111,1254.42,800,29.4,3.09,438.6,1253.81,-4.7,0.0, , 
,1255.02,800,87.0,0.0,11101011,1255.36,1344,50.2,7.21,612.0,1254.71,-4.7,0.0, , 
,1255.97,1344,85.5,-5.1,11101011,1256.32,1088,51.8,7.21,632.4,1255.63,-1.6,-2.7, , 
,1256.94,896,87.0,0.0,11101011,1257.26,1056,57.6,8.24,693.6,1256.61,-2.3,0.0, , 
,1257.88,1248,85.5,0.0,11111111,1258.21,1280,26.7,3.09,377.4,1257.58,-1.6,0.0, , 
,1258.86,1152,85.5,-2.3,11111111,1259.17,1152,23.5,3.09,357.0,1258.55,-3.1,0.0, , 
,1259.81,1024,85.5,-3.9,11111111,1260.11,960,28.2,3.09,397.8,1259.49,-3.9,0.0, , 
,1260.75,864,85.5,-8.2,11111111,1261.06,864,28.2,3.09,418.2,1260.43,-3.9,0.0, , 
,1261.65,896,85.5,-9.0,11111111,1261.95,864,28.2,3.09,418.2,1261.35,-3.9,0.0, , 
,1262.56,864,84.0,-7.8,11101011,1262.84,896,44.3,7.21,520.2,1262.25,-3.9,0.0, , 
,1263.56,1888,84.0,0.0,11101011,1263.97,1536,56.1,8.24,673.2,1263.19,-1.6,-2.7, , 
,1264.61,1344,84.0,0.0,11101011,1264.96,1504,60.4,9.27,714.0,1264.26,-1.6,0.0, , 
,1265.66,2016,84.0,0.0,11101001,1266.00,2240,69.4,9.27,775.2,1265.30,-1.6,-2.7, , 
,1266.69,1824,82.5,0.0,11111111,1267.00,1376,31.0,5.15,397.8,1266.34,0.0,-2.7, , 
,1267.68,1440,82.5,0.0,11101011,1268.02,1504,75.3,11.33,867.0,1267.34,-1.6,0.0, , 
,1268.69,1728,82.5,0.0,11101011,1269.05,1856,81.2,11.33,907.8,1268.35,-0.8,-2.7, , 
,1269.77,2080,82.5,-13.7,11101001,1270.09,2240,87.1,11.33,948.6,1269.41,0.0,-2.7, , 
,1270.77,2464,82.5,-19.5,11101001,1271.12,2592,85.5,10.30,928.2,1270.42,0.0,-2.7, , 
,1271.82,2848,82.5,-26.2,11101001,1272.13,2752,0.0,0.00,418.2,1271.49,0.0,-2.7, , 
,1272.84,1728,82.5,0.0,11101011,1273.19,1952,25.1,4.12,357.0,1272.46,0.0,-2.7, , 
,1273.96,1920,82.5,0.0,11101011,1274.31,1888,40.0,5.15,479.4,1273.57,0.0,-2.7, , 
,1275.00,1952,82.5,0.0,11101011,1275.35,1984,60.4,8.24,693.6,1274.66,0.0,-2.7, , 
,1276.06,2016,82.5,-5.1,11101001,1276.41,2048,57.6,7.21,673.2,1275.72,0.0,-2.7, , 
,1277.10,2112,84.0,-6.3,11101001,1277.44,2144,57.6,7.21,652.8,1276.75,0.0,-2.7, , 
,1278.12,2176,84.0,-6.3,11101001,1278.48,2208,56.1,7.21,632.4,1277.79,0.0,-2.7, , 
,1279.16,2272,84.0,-8.6,11101001,1279.51,2272,63.5,8.24,714.0,1278.83,0.0,-2.7, , 
,1280.18,2368,84.0,-14.1,11101001,1280.53,2400,67.8,8.24,754.8,1279.83,0.0,-2.7, , 
,1281.21,2464,84.0,-16.8,11101001,1281.56,2496,67.8,8.24,734.4,1280.86,0.0,-2.7, , 
,1282.22,2560,84.0,-18.8,11101001,1282.59,2624,75.3,8.24,826.2,1281.89,0.0,-2.7, , 
,1283.32,2720,84.0,-24.2,11101001,1283.66,2752,79.6,8.24,867.0,1282.95,0.0,-2.7, , 
,1284.32,2848,85.5,-24.6,11101001,1284.65,2880,78.4,8.24,846.6,1283.99,0.0,-2.7, , 
,1285.23,2976,85.5,-23.8,11101001,1285.50,2976,71.0,7.21,795.6,1284.94,0.0,-2.7, , 
,1286.20,2208,85.5,0.0,11111101,1286.59,1664,20.8,3.09,295.8,1285.86,0.0,-2.7, , 
,1287.25,2112,85.5,0.0,11101001,1287.60,2176,31.0,4.12,377.4,1286.92,0.0,-2.7, , 
,1288.27,2176,85.5,0.0,11101001,1288.61,2176,65.1,9.27,734.4,1287.93,0.0,-2.7, , 
,1289.29,2208,85.5,-11.3,11101001,1289.62,2208,65.1,8.24,734.4,1288.95,0.0,-2.7, , 
,1290.29,2240,85.5,-13.3,11101001,1290.62,2272,63.5,7.21,714.0,1289.94,0.0,-2.7, , 
,1291.30,2272,85.5,-14.8,11101001,1291.65,2304,63.5,7.21,714.0,1290.97,0.0,-2.7, , 
,1292.30,2304,85.5,-13.7,11101001,1292.63,2336,63.5,7.21,714.0,1291.97,0.0,-2.7, , 
,1293.33,2336,85.5,-13.3,11101001,1293.66,2368,62.0,7.21,693.6,1292.99,0.0,-2.7, , 
,1294.35,2368,85.5,-14.8,11101001,1294.71,2400,66.3,8.24,734.4,1294.04,0.0,-2.7, , 
,1295.44,2432,85.5,-16.4,11101001,1295.81,2432,66.3,8.24,734.4,1295.07,0.0,-2.7, , 
,1296.49,2464,85.5,-15.2,11101001,1296.84,2464,65.1,8.24,734.4,1296.16,0.0,-2.7, , 
,1297.54,2496,85.5,-18.0,11101001,1297.86,2528,69.4,8.24,754.8,1297.16,0.0,-2.7, , 
,1298.55,2560,85.5,-18.8,11101001,1298.91,2560,67.8,8.24,754.8,1298.19,0.0,-2.7, , 
,1299.58,2592,87.0,-18.0,11101001,1299.91,2592,67.8,8.24,754.8,1299.23,0.0,-2.7, , 
,1300.60,2624,85.5,-16.8,11101001,1300.97,2656,63.5,7.21,714.0,1300.23,0.0,-2.7, , 
,1301.64,2656,85.5,-14.8,11101001,1301.98,2688,62.0,7.21,693.6,1301.32,0.0,-2.7, , 
,1302.62,2720,85.5,-12.5,11101001,1302.94,2720,53.3,6.18,612.0,1302.32,0.0,-2.7, , 
,1303.61,2720,85.5,-6.3,11101001,1303.96,2720,42.7,5.15,499.8,1303.28,0.0,-2.7, , 
,1304.67,2720,85.5,1.6,11101001,1305.03,2720,35.3,5.15,438.6,1304.31,0.0,-2.7, , 
,1305.75,2752,85.5,3.5,11101001,1306.11,2752,36.9,5.15,438.6,1305.39,0.0,-2.7, , 
,1306.77,2752,85.5,3.9,11101001,1307.12,2752,40.0,5.15,459.0,1306.46,0.0,-2.7, , 
,1307.81,2752,85.5,0.0,11101001,1308.18,2752,38.4,5.15,459.0,1307.49,0.0,-2.7, , 
,1308.88,2752,85.5,-0.4,11101001,1309.21,2784,40.0,5.15,459.0,1308.54,0.0,-2.7, , 
,1309.89,2784,85.5,-1.6,11101001,1310.23,2784,50.2,7.21,571.2,1309.57,0.0,-2.7, , 
,1310.94,2816,85.5,-7.0,11101001,1311.31,2848,57.6,7.21,652.8,1310.59,0.0,-2.7, , 
,1311.98,2848,85.5,-12.1,11101001,1312.33,2880,59.2,7.21,652.8,1311.63,0.0,-2.7, , 
,1313.07,2912,85.5,-13.3,11101001,1313.33,2944,67.8,8.24,734.4,1312.69,0.0,-2.7, , 
,1314.09,2976,84.0,-17.6,11101001,1314.38,2976,66.3,7.21,734.4,1313.80,0.0,-2.7, , 
,1315.15,2656,85.5,0.0,11111101,1315.48,2144,0.0,0.00,295.8,1314.80,0.0,-2.7, , 
,1316.18,1376,85.5,0.0,11101011,1316.50,2304,29.4,4.12,377.4,1315.84,-3.1,-2.7, , 
,1317.18,2272,85.5,-3.1,11101001,1317.50,2272,35.3,4.12,438.6,1316.84,0.0,-2.7, , 
,1318.16,2272,85.5,-1.2,11101001,1318.51,2304,53.3,7.21,612.0,1317.82,0.0,-2.7, , 
,1319.17,2304,85.5,-4.7,11101001,1319.52,2304,53.3,7.21,612.0,1318.85,0.0,-2.7, , 
,1320.23,2304,85.5,-6.6,11101001,1320.57,2336,57.6,7.21,652.8,1319.88,0.0,-2.7, , 
,1321.24,2336,85.5,-9.4,11101001,1321.57,2336,56.1,7.21,652.8,1320.89,0.0,-2.7, , 
,1322.23,2336,84.0,-5.9,11101001,1322.57,2368,56.1,7.21,632.4,1321.90,0.0,-2.7, , 
,1323.27,2368,85.5,-5.1,11101001,1323.58,2368,56.1,7.21,632.4,1322.93,0.0,-2.7, , 
,1324.31,2368,85.5,-5.1,11101001,1324.70,2368,56.1,7.21,632.4,1323.94,0.0,-2.7, , 
,1325.43,2400,85.5,-3.9,11101001,1325.77,2400,56.1,7.21,632.4,1325.08,0.0,-2.7, , 
,1326.45,2400,85.5,-4.7,11101001,1326.81,2400,56.1,7.21,632.4,1326.09,0.0,-2.7, , 
,1327.55,2432,85.5,-4.3,11101001,1327.90,2432,56.1,7.21,632.4,1327.15,0.0,-2.7, , 
,1328.62,2432,85.5,-4.7,11101001,1328.99,2432,56.1,7.21,632.4,1328.25,0.0,-2.7, , 
,1329.71,2432,85.5,-5.5,11101001,1330.05,2432,56.1,7.21,652.8,1329.33,0.0,-2.7, , 
,1330.77,2464,85.5,-3.9,11101001,1331.12,2464,59.2,7.21,673.2,1330.40,0.0,-2.7, , 
,1331.85,2464,85.5,-6.3,11101001,1332.21,2464,60.4,7.21,693.6,1331.48,0.0,-2.7, , 
,1332.93,2464,85.5,-7.0,11101001,1333.29,2496,60.4,7.21,673.2,1332.59,0.0,-2.7, , 
,1334.00,2496,85.5,-6.3,11101001,1334.34,2496,60.4,7.21,673.2,1333.65,0.0,-2.7, , 
,1335.01,2496,84.0,-6.6,11101001,1335.37,2496,60.4,7.21,673.2,1334.69,0.0,-2.7, , 
,1336.06,2496,84.0,-6.3,11101001,1336.40,2528,60.4,7.21,673.2,1335.70,0.0,-2.7, , 
,1337.08,2528,84.0,-6.3,11101001,1337.42,2528,59.2,7.21,673.2,1336.72,0.0,-2.7, , 
,1338.08,2528,84.0,-5.9,11101001,1338.40,2528,60.4,7.21,673.2,1337.75,0.0,-2.7, , 
,1339.08,2528,84.0,-5.5,11101001,1339.43,2528,59.2,7.21,673.2,1338.74,0.0,-2.7, , 
,1340.13,2528,84.0,-5.9,11101001,1340.48,2528,59.2,7.21,673.2,1339.79,0.0,-2.7, , 
,1341.17,2560,84.0,-5.9,11101001,1341.50,2528,54.5,6.18,612.0,1340.82,0.0,-2.7, , 
,1342.18,2560,84.0,-2.3,11101001,1342.53,2560,50.2,6.18,571.2,1341.84,0.0,-2.7, , 
,1343.19,2528,84.0,0.4,11101001,1343.53,2528,50.2,6.18,591.6,1342.86,0.0,-2.7, , 
,1344.22,2528,84.0,0.8,11101001,1344.58,2528,54.5,7.21,632.4,1343.87,0.0,-2.7, , 
,1345.26,2528,84.0,-2.7,11101001,1345.59,2528,57.6,7.21,652.8,1344.92,0.0,-2.7, , 
,1346.26,2528,84.0,-4.3,11101001,1346.62,2528,57.6,7.21,652.8,1345.92,0.0,-2.7, , 
,1347.32,2528,84.0,-4.7,11101001,1347.69,2528,57.6,7.21,652.8,1346.97,0.0,-2.7, , 
,1348.38,2528,84.0,-5.9,11101001,1348.72,2528,59.2,7.21,673.2,1348.04,0.0,-2.7, , 
,1349.41,2528,84.0,-6.6,11101001,1349.77,2528,59.2,7.21,673.2,1349.06,0.0,-2.7, , 
,1350.44,2560,84.0,-5.9,11101001,1350.79,2560,59.2,7.21,673.2,1350.10,0.0,-2.7, , 
,1351.51,2560,84.0,-5.9,11101001,1351.86,2560,57.6,7.21,652.8,1351.14,0.0,-2.7, , 
,1352.55,2560,84.0,-5.9,11101001,1352.89,2560,57.6,7.21,652.8,1352.21,0.0,-2.7, , 
,1353.57,2560,84.0,-5.1,11101001,1353.92,2560,59.2,7.21,652.8,1353.21,0.0,-2.7, , 
,1354.60,2560,84.0,-5.1,11101001,1354.93,2560,59.2,7.21,652.8,1354.26,0.0,-2.7, , 
,1355.59,2560,84.0,-5.9,11101001,1355.94,2592,59.2,7.21,652.8,1355.28,0.0,-2.7, , 
,1356.61,2592,84.0,-5.1,11101001,1356.92,2592,57.6,7.21,652.8,1356.29,0.0,-2.7, , 
,1357.58,2592,84.0,-4.7,11101001,1357.90,2592,59.2,7.21,652.8,1357.23,0.0,-2.7, , 
,1358.59,2592,84.0,-5.5,11101001,1358.91,2592,59.2,7.21,652.8,1358.25,0.0,-2.7, , 
,1359.60,2592,84.0,-5.9,11101001,1359.92,2592,57.6,7.21,652.8,1359.26,0.0,-2.7, , 
,1360.56,2592,84.0,-2.0,11101001,1360.90,2592,40.0,5.15,479.4,1360.24,0.0,-2.7, , 
,1361.54,2592,84.0,3.5,11101001,1361.89,2592,31.0,4.12,377.4,1361.23,0.0,-2.7, , 
,1362.56,2592,84.0,4.3,11101001,1362.89,2560,28.2,3.09,357.0,1362.22,0.0,-2.7, , 
,1363.55,2560,84.0,4.7,11101001,1363.90,2528,26.7,3.09,336.6,1363.22,0.0,-2.7, , 
,1364.61,2528,84.0,3.5,11101001,1364.97,2528,26.7,3.09,357.0,1364.27,0.0,-2.7, , 
,1365.65,2496,84.0,3.5,11101001,1365.97,2496,28.2,3.09,357.0,1365.32,0.0,-2.7, , 
,1366.64,2464,84.0,3.9,11101001,1367.00,2464,26.7,3.09,357.0,1366.29,0.0,-2.7, , 
,1367.69,2464,84.0,3.5,11101001,1368.03,2432,26.7,3.09,336.6,1367.33,0.0,-2.7, , 
,1368.68,2432,84.0,-3.9,11101001,1369.02,2432,16.1,2.06,244.8,1368.36,0.0,-2.7, , 
,1369.69,2400,84.0,-13.3,11111101,1370.02,2368,0.0,0.00,244.8,1369.36,0.0,-2.7, , 
,1370.69,2368,84.0,0.0,11111101,1371.02,2336,0.0,0.00,275.4,1370.36,0.0,-2.7, , 
,1371.68,2304,84.0,0.0,11111101,1371.99,2304,0.0,0.00,244.8,1371.33,0.0,-2.7, , 
,1372.66,2272,84.0,0.0,11111101,1372.99,2240,0.0,0.00,244.8,1372.33,0.0,-2.7, , 
,1373.66,2208,84.0,0.0,11111101,1374.00,2208,0.0,0.00,244.8,1373.33,0.0,-2.7, , 
,1374.67,2176,84.0,0.0,11111101,1375.02,2144,0.0,0.00,244.8,1374.33,0.0,-2.7, , 
,1375.69,2112,84.0,0.0,11111101,1376.04,2112,0.0,0.00,244.8,1375.36,0.0,-2.7, , 
,1376.71,2080,84.0,0.0,11111101,1377.07,2048,0.0,0.00,244.8,1376.37,0.0,-2.7, , 
,1377.74,2016,84.0,0.0,11111101,1378.10,2016,0.0,0.00,244.8,1377.42,0.0,-2.7, , 
,1378.82,1984,84.0,0.0,11111111,1379.17,1952,0.0,0.00,244.8,1378.46,0.0,-2.7, , 
,1379.86,1920,84.0,0.0,11111111,1380.22,1920,0.0,0.00,275.4,1379.52,0.0,-2.7, , 
,1380.94,1888,84.0,0.0,11101011,1381.29,1888,17.6,2.06,275.4,1380.58,0.0,-2.7, , 
,1382.02,1888,84.0,-6.3,11101011,1382.36,1856,29.4,3.09,377.4,1381.67,0.0,-2.7, , 
,1383.10,1856,82.5,-0.8,11101011,1383.48,1856,47.1,6.18,571.2,1382.73,0.0,-2.7, , 
,1384.24,1856,82.5,-1.6,11101011,1384.62,1856,36.9,4.12,479.4,1383.85,0.0,-2.7, , 
,1385.37,1856,84.0,0.4,11101011,1385.73,1856,29.4,4.12,397.8,1384.99,0.0,-2.7, , 
,1386.45,1856,82.5,0.4,11101011,1386.77,1856,29.4,4.12,397.8,1386.08,0.0,-2.7, , 
,1387.50,1856,82.5,0.8,11101011,1387.86,1824,29.4,4.12,397.8,1387.14,0.0,-2.7, , 
,1388.59,1824,82.5,1.2,11101011,1388.96,1824,35.3,4.12,438.6,1388.21,0.0,-2.7, , 
,1389.69,1824,82.5,0.4,11101011,1390.06,1824,41.2,5.15,499.8,1389.33,0.0,-2.7, , 
,1390.81,1824,82.5,0.4,11101011,1391.18,1856,47.1,6.18,571.2,1390.44,0.0,-2.7, , 
,1391.92,1856,82.5,-2.3,11101011,1392.29,1856,53.3,7.21,632.4,1391.54,0.0,-2.7, , 
,1393.04,1888,82.5,-3.9,11101011,1393.43,1856,56.1,7.21,652.8,1392.67,0.0,-2.7, , 
,1394.17,1888,82.5,-6.6,11101011,1394.54,1888,59.2,7.21,673.2,1393.79,0.0,-2.7, , 
,1395.28,1888,82.5,-7.8,11101011,1395.64,1920,57.6,7.21,652.8,1394.92,0.0,-2.7, , 
,1396.36,1920,82.5,-7.0,11101011,1396.73,1920,56.1,7.21,652.8,1396.00,0.0,-2.7, , 
,1397.47,1920,82.5,-7.0,11101011,1397.82,1952,50.2,6.18,591.6,1397.10,0.0,-2.7, , 
,1398.56,1920,82.5,-2.3,11101011,1398.93,1920,48.6,6.18,591.6,1398.19,0.0,-2.7, , 
,1399.66,1952,82.5,-2.3,11101011,1400.03,1952,50.2,6.18,591.6,1399.30,0.0,-2.7, , 
,1400.75,1952,82.5,-2.7,11101011,1401.10,1952,50.2,6.18,591.6,1400.38,0.0,-2.7, , 
,1401.83,1952,82.5,-3.1,11101011,1402.18,1952,51.8,6.18,612.0,1401.46,0.0,-2.7, , 
,1402.92,1952,82.5,-3.9,11101011,1403.29,1952,62.0,8.24,714.0,1402.56,0.0,-2.7, , 
,1404.01,1984,82.5,-8.6,11101011,1404.37,1984,66.3,8.24,754.8,1403.65,0.0,-2.7, , 
,1405.09,2016,82.5,-10.9,11101001,1405.46,2016,71.0,9.27,795.6,1404.73,0.0,-2.7, , 
,1406.18,2016,82.5,-17.6,11101001,1406.54,2048,79.6,9.27,887.4,1405.84,0.0,-2.7, , 
,1407.23,2080,82.5,-20.7,11101001,1407.58,2080,79.6,9.27,887.4,1406.89,0.0,-2.7, , 
,1408.29,2112,82.5,-21.9,11101001,1408.64,2112,78.4,8.24,867.0,1407.93,0.0,-2.7, , 
,1409.29,2144,82.5,-22.7,11101001,1409.64,2144,78.4,9.27,867.0,1408.97,0.0,-2.7, , 
,1410.34,2176,82.5,-23.0,11101001,1410.68,2176,76.9,8.24,846.6,1409.98,0.0,-2.7, , 
,1411.36,2208,82.5,-21.9,11101001,1411.69,2208,76.9,8.24,846.6,1411.02,0.0,-2.7, , 
,1412.35,2240,82.5,-21.9,11101001,1412.69,2240,78.4,8.24,867.0,1412.04,0.0,-2.7, , 
,1413.36,2272,82.5,-23.8,11101001,1413.69,2272,78.4,9.27,867.0,1413.02,0.0,-2.7, , 
,1414.38,2304,82.5,-23.4,11101001,1414.70,2304,78.4,8.24,867.0,1414.03,0.0,-2.7, , 
,1415.40,2336,84.0,-24.2,11101001,1415.75,2336,76.9,8.24,846.6,1415.06,0.0,-2.7, , 
,1416.42,2368,84.0,-23.8,11101001,1416.74,2368,76.9,8.24,846.6,1416.09,0.0,-2.7, , 
,1417.42,2400,84.0,-22.7,11101001,1417.75,2400,75.3,8.24,846.6,1417.04,0.0,-2.7, , 
,1418.47,2400,82.5,-21.5,11101001,1418.81,2432,73.7,8.24,826.2,1418.10,0.0,-2.7, , 
,1419.52,2432,84.0,-21.5,11101001,1419.88,2464,73.7,8.24,826.2,1419.17,0.0,-2.7, , 
,1420.59,2464,84.0,-19.1,01101001,1420.92,2496,73.7,8.24,826.2,1420.23,0.0,-4.7, , 
,1421.59,2496,84.0,-20.3,01101001,1421.93,2496,72.2,8.24,795.6,1421.24,0.0,-4.7, , 
,1422.63,2528,84.0,-14.1,01101001,1422.98,2528,65.1,7.21,714.0,1422.29,0.0,-4.7, , 
,1423.65,2528,84.0,-12.5,01101001,1423.99,2528,63.5,7.21,714.0,1423.33,0.0,-4.7, , 
,1424.67,2528,84.0,-12.5,01101001,1425.00,2528,65.1,7.21,714.0,1424.33,0.0,-4.7, , 
,1425.68,2560,84.0,-12.9,01101001,1426.03,2560,63.5,7.21,714.0,1425.34,0.0,-4.7, , 
,1426.69,2560,84.0,-12.5,01101001,1427.03,2560,63.5,8.24,714.0,1426.35,0.0,-4.7, , 
,1427.72,2560,84.0,-12.5,01101001,1428.06,2560,62.0,7.21,693.6,1427.37,0.0,-4.7, , 
,1428.73,2560,84.0,-9.0,01101001,1429.09,2560,51.8,6.18,591.6,1428.39,0.0,-4.7, , 
,1429.79,2560,84.0,-5.5,01101001,1430.14,2528,51.8,6.18,591.6,1429.46,0.0,-4.7, , 
,1430.83,2528,84.0,-4.3,01101001,1431.17,2528,51.8,6.18,591.6,1430.48,0.0,-4.7, , 
,1431.86,2528,84.0,-4.7,01101001,1432.18,2528,51.8,6.18,591.6,1431.53,0.0,-4.7, , 
,1432.84,2496,84.0,-5.1,01101001,1433.17,2496,51.8,6.18,591.6,1432.53,0.0,-4.7, , 
,1433.84,2496,84.0,-4.7,01101001,1434.18,2464,50.2,6.18,571.2,1433.49,0.0,-4.7, , 
,1434.92,2464,84.0,-4.7,01101001,1435.27,2432,51.8,6.18,591.6,1434.57,0.0,-4.7, , 
,1435.93,2432,84.0,-5.5,01101001,1436.28,2432,51.8,6.18,591.6,1435.60,0.0,-4.7, , 
,1436.97,2400,84.0,-5.5,01101001,1437.30,2400,54.5,7.21,632.4,1436.64,0.0,-4.7, , 
,1437.99,2368,84.0,0.0,01101001,1438.30,2368,78.4,11.33,846.6,1437.63,0.0,-4.7, , 
,1438.97,2336,84.0,-10.9,01101001,1439.31,2368,85.5,11.33,928.2,1438.63,0.0,-4.7, , 
,1440.00,2336,84.0,-19.5,01101001,1440.33,2336,85.5,10.30,928.2,1439.66,0.0,-4.7, , 
,1440.98,2336,84.0,-24.6,01101001,1441.33,2336,88.6,10.30,969.0,1440.65,0.0,-4.7, , 
,1441.99,2336,84.0,-26.6,01101001,1442.34,2304,88.6,10.30,969.0,1441.66,0.0,-4.7, , 
,1442.99,2304,84.0,-25.8,01101001,1443.33,2304,88.6,9.27,969.0,1442.67,0.0,-4.7, , 
,1444.00,2304,84.0,-23.4,01101001,1444.34,2304,90.2,10.30,969.0,1443.67,0.0,-4.7, , 
,1445.00,2304,84.0,-23.0,01101001,1445.33,2272,90.2,10.30,969.0,1444.66,0.0,-4.7, , 
,1446.01,2272,84.0,-21.1,01101001,1446.36,2272,90.2,10.30,969.0,1445.66,0.0,-4.7, , 
,1447.04,2272,84.0,-20.3,01101001,1447.37,2272,90.2,11.33,969.0,1446.69,0.0,-4.7, , 
,1448.03,2272,84.0,-20.7,01101001,1448.36,2272,90.2,10.30,969.0,1447.70,0.0,-4.7, , 
,1449.02,2240,84.0,-21.1,01101001,1449.36,2240,90.2,10.30,969.0,1448.69,0.0,-4.7, , 
,1450.02,2240,84.0,-20.7,01101001,1450.34,2240,90.2,11.33,989.4,1449.69,0.0,-4.7, , 
,1451.01,2240,85.5,-19.9,01101001,1451.35,2208,90.2,11.33,989.4,1450.66,0.0,-4.7, , 
,1452.02,2208,84.0,-20.3,01101001,1452.37,2208,90.2,11.33,989.4,1451.69,0.0,-4.7, , 
,1453.07,2208,85.5,-20.3,01101001,1453.39,2208,90.2,11.33,989.4,1452.72,0.0,-4.7, , 
,1454.06,2208,85.5,-20.7,01101001,1454.41,2208,90.2,11.33,989.4,1453.72,0.0,-4.7, , 
,1455.09,2176,85.5,-20.3,01101001,1455.42,2176,90.2,11.33,989.4,1454.75,0.0,-4.7, , 
,1456.10,2176,85.5,-21.1,01101001,1456.43,2176,90.2,10.30,989.4,1455.76,0.0,-4.7, , 
,1457.10,2176,85.5,-20.7,01101001,1457.44,2176,90.2,11.33,989.4,1456.77,0.0,-4.7, , 
,1458.11,2176,85.5,-20.7,01101001,1458.44,2176,90.2,10.30,989.4,1457.77,0.0,-4.7, , 
,1459.12,2176,85.5,-20.7,01101001,1459.47,2208,90.2,11.33,989.4,1458.79,0.0,-4.7, , 
,1460.14,2208,85.5,-20.7,01101001,1460.47,2208,90.2,11.33,989.4,1459.83,0.0,-4.7, , 
,1461.15,2208,85.5,-20.3,01101001,1461.49,2240,88.6,10.30,969.0,1460.81,0.0,-4.7, , 
,1462.17,2240,85.5,-22.7,01101001,1462.49,2272,88.6,10.30,969.0,1461.82,0.0,-4.7, , 
,1463.16,2304,85.5,-25.0,01101001,1463.50,2304,88.6,10.30,969.0,1462.82,0.0,-4.7, , 
,1464.15,2304,85.5,-25.8,01101001,1464.48,2336,88.6,9.27,969.0,1463.83,0.0,-4.7, , 
,1465.14,2368,85.5,-27.0,01101001,1465.46,2400,87.1,9.27,948.6,1464.81,0.0,-4.7, , 
,1466.16,2432,85.5,-30.1,01101001,1466.50,2432,84.3,8.24,907.8,1465.80,0.0,-4.7, , 
,1467.17,2464,85.5,0.0,01101001,1467.50,2496,59.2,8.24,673.2,1466.84,0.0,-4.7, , 
,1468.17,2496,85.5,-2.0,01101001,1468.50,2528,44.3,6.18,520.2,1467.82,0.0,-4.7, , 
,1469.18,2560,85.5,-0.8,01101001,1469.51,2560,36.9,5.15,438.6,1468.84,0.0,-4.7, , 
,1470.19,2560,85.5,-1.6,01101001,1470.56,2592,23.5,3.09,316.2,1469.86,0.0,-4.7, , 
,1471.22,2592,85.5,-5.5,01101001,1471.54,2592,25.1,3.09,336.6,1470.90,0.0,-4.7, , 
,1472.23,2624,85.5,-1.2,01101001,1472.57,2624,25.1,3.09,336.6,1471.88,0.0,-4.7, , 
,1473.26,2624,85.5,-9.0,01101001,1473.57,2656,19.2,2.06,275.4,1472.91,0.0,-4.7, , 
,1474.25,2656,85.5,-14.1,01101001,1474.57,2656,17.6,2.06,275.4,1473.90,0.0,-4.7, , 
,1475.23,2656,85.5,-7.0,01111101,1475.56,2656,0.0,0.00,244.8,1474.90,0.0,-4.7, , 
,1476.21,2656,85.5,0.0,01111101,1476.54,2656,0.0,0.00,275.4,1475.89,0.0,-4.7, , 
,1477.18,2656,85.5,0.0,01111101,1477.50,2656,0.0,0.00,275.4,1476.86,0.0,-4.7, , 
,1478.15,2656,85.5,0.0,01111101,1478.47,2656,0.0,0.00,244.8,1477.82,0.0,-4.7, , 
,1479.11,2656,85.5,0.0,01111101,1479.44,2624,0.0,0.00,275.4,1478.79,0.0,-4.7, , 
,1480.08,2624,85.5,0.0,01111101,1480.40,2624,0.0,0.00,244.8,1479.76,0.0,-4.7, , 
,1481.05,2624,85.5,0.0,01111101,1481.38,2592,0.0,0.00,244.8,1480.73,0.0,-4.7, , 
,1482.05,2592,85.5,0.0,01111101,1482.37,2592,0.0,0.00,244.8,1481.72,0.0,-4.7, , 
,1483.03,2560,85.5,0.0,01111101,1483.36,2528,17.6,3.09,244.8,1482.69,0.0,-4.7, , 
,1484.03,2560,85.5,0.0,01101001,1484.37,2560,17.6,2.06,244.8,1483.68,0.0,-4.7, , 
,1485.03,2560,85.5,-13.3,01101001,1485.37,2560,19.2,2.06,275.4,1484.70,0.0,-4.7, , 
,1486.03,2560,85.5,0.0,01101001,1486.38,2592,44.3,6.18,520.2,1485.70,0.0,-4.7, , 
,1487.06,2592,84.0,2.3,01101001,1487.41,2592,44.3,6.18,520.2,1486.72,0.0,-4.7, , 
,1488.10,2624,85.5,2.7,01101001,1488.43,2624,44.3,6.18,520.2,1487.76,0.0,-4.7, , 
,1489.11,2624,84.0,2.7,01101001,1489.45,2656,44.3,6.18,520.2,1488.77,0.0,-4.7, , 
,1490.15,2656,84.0,2.0,01101001,1490.49,2656,47.1,6.18,550.8,1489.80,0.0,-4.7, , 
,1491.16,2688,84.0,0.0,01101001,1491.51,2688,66.3,8.24,734.4,1490.84,0.0,-4.7, , 
,1492.19,2720,84.0,-12.9,01101001,1492.53,2720,66.3,8.24,734.4,1491.86,0.0,-4.7, , 
,1493.22,2720,84.0,0.0,01101001,1493.55,2720,19.2,2.06,275.4,1492.87,0.0,-4.7, , 
,1494.20,2720,84.0,-6.6,01101001,1494.53,2688,17.6,2.06,275.4,1493.87,0.0,-4.7, , 
,1495.17,2688,84.0,-5.5,01101001,1495.49,2688,17.6,2.06,244.8,1494.86,0.0,-4.7, , 
,1496.17,2688,84.0,-3.5,01101001,1496.51,2688,17.6,2.06,244.8,1495.84,0.0,-4.7, , 
,1497.18,2656,84.0,2.3,01101001,1497.52,2656,19.2,2.06,275.4,1496.84,0.0,-4.7, , 
,1498.24,2656,84.0,2.7,01101001,1498.58,2624,19.2,2.06,275.4,1497.89,0.0,-4.7, , 
,1499.26,2624,84.0,2.3,01101001,1499.60,2624,20.8,2.06,295.8,1498.92,0.0,-4.7, , 
,1500.25,2624,84.0,12.1,01101001,1500.58,2624,36.9,4.12,438.6,1499.93,0.0,-4.7, , 
,1501.23,2624,84.0,30.1,01101001,1501.56,2592,36.9,4.12,438.6,1500.91,0.0,-4.7, , 
,1502.25,2592,84.0,30.1,01101001,1502.58,2624,38.4,4.12,459.0,1501.91,0.0,-4.7, , 
,1503.24,2592,84.0,30.1,01101001,1503.59,2592,44.3,5.15,499.8,1502.90,0.0,-4.7, , 
,1504.24,2624,84.0,30.9,01101001,1504.57,2624,42.7,5.15,499.8,1503.91,0.0,-4.7, , 
,1505.24,2624,84.0,30.9,01101001,1505.61,2624,42.7,5.15,499.8,1504.90,0.0,-4.7, , 
,1506.26,2624,84.0,22.3,01101001,1506.60,2624,42.7,6.18,499.8,1505.94,0.0,-4.7, , 
,1507.25,2624,84.0,12.9,01101001,1507.57,2624,22.0,3.09,295.8,1506.92,0.0,-4.7, , 
,1508.23,2592,84.0,-4.3,01101001,1508.58,2592,20.8,2.06,275.4,1507.90,0.0,-4.7, , 
,1509.24,2592,84.0,-16.8,01101001,1509.56,2592,19.2,2.06,275.4,1508.90,0.0,-4.7, , 
,1510.25,2560,84.0,-21.1,01101001,1510.59,2560,17.6,1.03,244.8,1509.91,0.0,-4.7, , 
,1511.26,2528,84.0,0.0,01111101,1511.59,2528,0.0,0.00,244.8,1510.93,0.0,-4.7, , 
,1512.24,2496,84.0,0.0,01111101,1512.60,2496,0.0,0.00,244.8,1511.91,0.0,-4.7, , 
,1513.27,2464,84.0,0.0,01111101,1513.58,2432,0.0,0.00,244.8,1512.95,0.0,-4.7, , 
,1514.24,2432,84.0,0.0,01111101,1514.58,2400,0.0,0.00,244.8,1513.90,0.0,-4.7, , 
,1515.23,2368,84.0,0.0,01111101,1515.56,2368,0.0,0.00,244.8,1514.90,0.0,-4.7, , 
,1516.20,2336,84.0,0.0,01111101,1516.52,2336,0.0,0.00,244.8,1515.89,0.0,-4.7, , 
,1517.18,2304,84.0,0.0,01111101,1517.51,2272,0.0,0.00,244.8,1516.85,0.0,-4.7, , 
,1518.18,2272,82.5,0.0,01111101,1518.51,2240,0.0,0.00,244.8,1517.85,0.0,-4.7, , 
,1519.20,2208,82.5,0.0,01111101,1519.53,2208,0.0,0.00,244.8,1518.85,0.0,-4.7, , 
,1520.21,2176,82.5,0.0,01111101,1520.53,2176,0.0,0.00,244.8,1519.86,0.0,-4.7, , 
,1521.21,2144,82.5,0.0,01111101,1521.55,2144,0.0,0.00,244.8,1520.88,0.0,-4.7, , 
,1522.24,2112,82.5,0.0,01111101,1522.58,2080,0.0,0.00,244.8,1521.88,0.0,-4.7, , 
,1523.27,2080,82.5,0.0,01101001,1523.60,2080,17.6,2.06,244.8,1522.92,0.0,-4.7, , 
,1524.31,2048,82.5,0.0,01101001,1524.66,2048,16.1,2.06,244.8,1523.96,0.0,-4.7, , 
,1525.34,2016,82.5,0.0,01111101,1525.70,2016,0.0,0.00,244.8,1525.00,0.0,-4.7, , 
,1526.39,1984,82.5,0.0,01111111,1526.72,1952,0.0,0.00,244.8,1526.02,0.0,-4.7, , 
,1527.43,1952,82.5,0.0,01111111,1527.78,1920,0.0,0.00,275.4,1527.07,0.0,-4.7, , 
,1528.47,1888,82.5,0.0,01111111,1528.80,1888,0.0,0.00,295.8,1528.14,0.0,-4.7, , 
,1529.51,1856,82.5,0.0,01111111,1529.85,1824,0.0,0.00,295.8,1529.14,0.0,-4.7, , 
,1530.53,1792,82.5,0.0,01111111,1530.85,1760,0.0,0.00,316.2,1530.21,0.0,-4.7, , 
,1531.47,1408,82.5,0.0,01111111,1531.78,960,26.7,4.12,377.4,1531.17,-2.3,-4.7, , 
,1532.38,864,82.5,0.0,01111111,1532.68,864,29.4,4.12,438.6,1532.07,-3.9,0.0, , 
,1533.29,832,82.5,0.0,01111111,1533.61,896,32.5,4.12,438.6,1533.00,-3.9,0.0, , 
,1534.20,896,82.5,-3.1,01111111,1534.49,896,28.2,3.09,418.2,1533.90,-3.9,0.0, , 
,1535.09,864,82.5,-8.2,01111111,1535.40,864,29.4,3.09,418.2,1534.79,-3.9,0.0, , 
,1536.01,832,82.5,-10.5,01111111,1536.32,864,29.4,3.09,418.2,1535.72,-3.9,0.0, , 
,1536.95,896,82.5,-11.3,01111111,1537.23,864,29.4,3.09,418.2,1536.64,-3.9,0.0, , 
,1537.82,864,81.0,-11.3,01111111,1538.14,896,31.0,3.09,418.2,1537.52,-3.9,0.0, , 
,1538.75,896,82.5,-11.7,01111111,1539.04,960,29.4,3.09,418.2,1538.44,-3.9,0.0, , 
,1539.70,1088,81.0,-11.3,01111111,1540.01,1280,22.0,2.06,336.6,1539.37,-3.9,0.0, , 
,1540.71,1920,82.5,0.0,01111111,1541.06,2176,0.0,0.00,244.8,1540.36,-3.1,-4.7, , 
,1541.75,2112,82.5,0.0,01111101,1542.09,2080,0.0,0.00,244.8,1541.41,0.0,-4.7, , 
,1542.78,2080,82.5,0.0,01101001,1543.12,2016,14.9,2.06,244.8,1542.43,0.0,-4.7, , 
,1543.82,2016,82.5,0.0,01101001,1544.19,1984,17.6,2.06,275.4,1543.46,0.0,-4.7, , 
,1544.90,1920,82.5,-2.3,01101011,1545.26,1952,36.9,4.12,459.0,1544.55,0.0,-4.7, , 
,1545.98,1984,82.5,-3.1,01101011,1546.36,1952,36.9,4.12,459.0,1545.63,0.0,-4.7, , 
,1547.09,1984,82.5,-3.5,01101011,1547.46,1984,28.2,3.09,377.4,1546.73,0.0,-4.7, , 
,1548.19,1952,81.0,-5.9,01101011,1548.55,1952,22.0,2.06,316.2,1547.82,0.0,-4.7, , 
,1549.29,1920,81.0,-8.2,01101011,1549.67,1920,26.7,3.09,357.0,1548.92,0.0,-4.7, , 
,1550.42,1888,82.5,-5.5,01101011,1550.78,1888,29.4,3.09,377.4,1550.04,0.0,-4.7, , 
,1551.52,1888,81.0,-3.9,01101011,1551.88,1888,28.2,3.09,377.4,1551.14,0.0,-4.7, , 
,1552.64,1888,81.0,-3.9,01101011,1553.02,1888,29.4,3.09,377.4,1552.26,0.0,-4.7, , 
,1553.75,1856,81.0,-4.7,01101011,1554.11,1856,20.8,2.06,295.8,1553.37,0.0,-4.7, , 
,1554.85,1856,81.0,-7.0,01101011,1555.21,1824,20.8,2.06,295.8,1554.48,0.0,-4.7, , 
,1555.95,1856,81.0,-8.6,01101011,1556.31,1824,23.5,2.06,336.6,1555.59,0.0,-4.7, , 
,1557.08,1824,81.0,0.4,01101011,1557.45,1824,28.2,3.09,357.0,1556.68,0.0,-4.7, , 
,1558.18,1824,82.5,3.1,01101011,1558.55,1824,26.7,3.09,357.0,1557.82,0.0,-4.7, , 
,1559.29,1856,81.0,4.7,01101011,1559.67,1856,26.7,3.09,357.0,1558.92,0.0,-4.7, , 
,1560.42,1856,81.0,3.9,01101011,1560.79,1856,26.7,3.09,357.0,1560.05,0.0,-4.7, , 
,1561.53,1856,82.5,0.0,01101011,1561.90,1888,65.1,9.27,734.4,1561.15,0.0,-4.7, , 
,1562.62,1952,81.0,0.0,01101011,1562.98,1984,50.2,6.18,591.6,1562.27,0.0,-4.7, , 
,1563.69,2016,81.0,1.6,01101001,1564.04,2048,48.6,6.18,571.2,1563.33,0.0,-4.7, , 
,1564.75,2080,81.0,2.3,01101001,1565.11,2112,47.1,6.18,550.8,1564.40,0.0,-4.7, , 
,1565.82,1952,82.5,0.0,01111111,1566.15,1440,0.0,0.00,336.6,1565.46,0.0,-4.7, , 
,1566.74,1056,81.0,0.0,01111111,1567.05,1056,26.7,4.12,377.4,1566.45,-3.9,0.0, , 
,1567.72,928,81.0,0.0,01111111,1568.01,896,26.7,3.09,377.4,1567.42,-3.9,0.0, , 
,1568.61,928,82.5,0.0,01111111,1568.92,928,26.7,3.09,377.4,1568.30,-3.9,0.0, , 
,1569.55,896,82.5,-1.2,01111111,1569.86,864,26.7,3.09,377.4,1569.24,-3.9,0.0, , 
,1570.46,896,82.5,0.8,01111111,1570.77,896,26.7,3.09,397.8,1570.16,-3.9,0.0, , 
,1571.39,896,82.5,1.2,01111111,1571.70,896,26.7,3.09,397.8,1571.08,-3.9,0.0, , 
,1572.32,896,82.5,0.4,01111111,1572.62,832,23.5,3.09,377.4,1572.01,-3.9,0.0, , 
,1573.21,736,82.5,-0.8,01111111,1573.50,800,28.2,3.09,418.2,1572.89,-5.5,0.0, , 
,1574.09,800,82.5,-2.0,01111111,1574.39,800,28.2,3.09,397.8,1573.79,-4.7,0.0, , 
,1574.99,768,82.5,-5.9,01111111,1575.30,768,28.2,3.09,418.2,1574.68,-4.7,0.0, , 
,1575.89,768,82.5,-6.3,01111111,1576.19,800,28.2,3.09,418.2,1575.59,-4.7,0.0, , 
,1576.80,800,82.5,-5.9,01111111,1577.09,768,28.2,3.09,418.2,1576.49,-4.7,0.0, , 
,1577.69,768,82.5,-5.5,01111111,1577.98,800,28.2,3.09,418.2,1577.39,-4.7,0.0, , 
,1578.59,768,82.5,-5.5,01111111,1578.88,768,28.2,3.09,418.2,1578.29,-4.7,0.0, , 
,1579.49,800,82.5,-5.5,01111111,1579.79,800,28.2,3.09,418.2,1579.18,-4.7,0.0, , 
,1580.38,768,82.5,-5.5,01111111,1580.68,768,28.2,3.09,418.2,1580.08,-4.7,0.0, , 
,1581.30,768,82.5,-6.3,01111111,1581.60,768,29.4,3.09,418.2,1580.99,-4.7,0.0, , 
,1582.20,800,82.5,-6.3,01111111,1582.50,768,28.2,3.09,418.2,1581.90,-4.7,0.0, , 
,1583.09,768,82.5,-6.6,01111111,1583.39,768,28.2,3.09,418.2,1582.79,-4.7,0.0, , 
,1583.98,768,82.5,-6.3,01111111,1584.28,768,28.2,3.09,418.2,1583.69,-4.7,0.0, , 
,1584.89,768,84.0,-6.6,01111111,1585.18,768,28.2,3.09,418.2,1584.59,-4.7,0.0, , 
,1585.79,768,84.0,-6.6,01111111,1586.10,768,28.2,3.09,418.2,1585.50,-4.7,0.0, , 
,1586.68,768,84.0,-6.6,01111111,1586.98,768,28.2,3.09,418.2,1586.39,-4.7,0.0, , 
,1587.59,800,82.5,-6.6,01111111,1587.89,768,28.2,3.09,418.2,1587.28,-4.7,0.0, , 
,1588.48,768,82.5,-6.6,01111111,1588.79,800,28.2,3.09,418.2,1588.18,-4.7,0.0, , 
,1589.40,768,84.0,-6.3,01111111,1589.71,768,28.2,3.09,418.2,1589.09,-4.7,0.0, , 
,1590.33,800,84.0,-6.3,01111111,1590.63,768,28.2,3.09,418.2,1590.02,-4.7,0.0, , 
,1591.23,800,84.0,-5.5,01111111,1591.54,800,28.2,3.09,418.2,1590.93,-4.7,0.0, , 
,1592.17,768,84.0,-6.6,01111111,1592.46,768,29.4,3.09,418.2,1591.85,-4.7,0.0, , 
,1593.07,800,84.0,-6.6,01111111,1593.38,800,28.2,3.09,418.2,1592.77,-4.7,0.0, , 
,1593.98,768,84.0,-7.0,01111111,1594.28,768,29.4,3.09,418.2,1593.68,-4.7,0.0, , 
,1594.89,800,84.0,-6.6,01111111,1595.18,800,29.4,3.09,418.2,1594.59,-4.7,0.0, , 
,1595.77,800,84.0,-7.0,01111111,1596.05,768,28.2,3.09,418.2,1595.47,-4.7,0.0, , 
,1596.64,800,84.0,-7.0,01111111,1596.94,800,28.2,3.09,418.2,1596.34,-4.7,0.0, , 
,1597.53,736,85.5,-7.0,01111111,1597.82,736,31.0,3.09,438.6,1597.25,-4.7,0.0, , 
,1598.45,800,85.5,-7.4,01101011,1598.75,800,34.1,4.12,459.0,1598.14,-3.9,0.0, , 
,1599.35,832,85.5,-9.0,01101011,1599.65,864,32.5,4.12,459.0,1599.05,-3.9,0.0, , 
,1600.27,1056,85.5,-11.3,01111111,1600.56,992,22.0,2.06,336.6,1599.95,-3.9,0.0, , 
,1601.14,736,85.5,0.0,01101011,1601.44,1184,72.2,11.33,867.0,1600.84,-3.9,0.0, , 
,1602.15,1824,85.5,0.0,01101011,1602.51,1632,71.0,10.30,795.6,1601.81,0.0,-4.7, , 
,1603.24,1888,85.5,0.0,01101011,1603.57,2208,78.4,11.33,867.0,1602.88,-1.6,-4.7, , 
,1604.31,1632,84.0,0.0,01111111,1604.61,1120,23.5,4.12,357.0,1603.92,0.0,-4.7, , 
,1605.27,1376,85.5,0.0,01101011,1605.61,1344,60.4,10.30,714.0,1604.93,-2.3,0.0, , 
,1606.37,1600,85.5,0.0,01101011,1606.72,1696,76.9,11.33,887.4,1606.05,-1.6,0.0, , 
,1607.43,1920,85.5,-6.6,01101011,1607.77,2048,79.6,10.30,887.4,1607.07,0.0,-4.7, , 
,1608.43,2272,84.0,-13.3,01101001,1608.80,2368,81.2,10.30,887.4,1608.09,0.0,-4.7, , 
,1609.47,2624,84.0,-21.9,01101001,1609.81,2688,72.2,7.21,795.6,1609.14,0.0,-4.7, , 
,1610.48,1792,84.0,0.0,01111111,1610.88,1440,26.7,4.12,357.0,1610.15,0.0,-4.7, , 
,1611.57,1792,84.0,0.0,01101011,1611.94,1792,45.9,6.18,550.8,1611.21,-2.3,-4.7, , 
,1612.68,1824,84.0,0.0,01101011,1613.05,1856,56.1,7.21,652.8,1612.32,0.0,-4.7, , 
,1613.77,1888,84.0,-2.3,01101011,1614.13,1888,53.3,7.21,632.4,1613.40,0.0,-4.7, , 
,1614.85,1920,84.0,-2.3,01101011,1615.23,1984,50.2,6.18,591.6,1614.48,0.0,-4.7, , 
,1615.94,2016,82.5,-5.5,01101001,1616.30,2048,63.5,8.24,714.0,1615.59,0.0,-4.7, , 
,1616.99,2112,82.5,-7.8,01101001,1617.34,2144,60.4,7.21,693.6,1616.64,0.0,-4.7, , 
,1618.02,2208,82.5,-5.1,01101001,1618.35,2240,59.2,7.21,673.2,1617.68,0.0,-4.7, , 
,1619.04,2272,82.5,0.0,01101001,1619.38,2272,38.4,5.15,459.0,1618.70,0.0,-4.7, , 
,1620.05,2304,82.5,1.6,01101001,1620.37,2304,38.4,5.15,459.0,1619.71,0.0,-4.7, , 
,1621.07,2336,82.5,3.5,01101001,1621.41,2336,40.0,5.15,479.4,1620.73,0.0,-4.7, , 
,1622.08,2336,82.5,5.1,01101001,1622.43,2368,38.4,5.15,459.0,1621.74,0.0,-4.7, , 
,1623.11,2368,82.5,4.7,01101001,1623.45,2368,20.8,3.09,295.8,1622.78,0.0,-4.7, , 
,1624.11,2368,84.0,-3.9,01111101,1624.44,2304,17.6,2.06,244.8,1623.78,0.0,-4.7, , 
,1625.10,2272,84.0,0.0,01111101,1625.43,2272,0.0,0.00,244.8,1624.76,0.0,-4.7, , 
,1626.09,2208,84.0,0.0,01111101,1626.44,2208,0.0,0.00,244.8,1625.76,0.0,-4.7, , 
,1627.12,2144,84.0,0.0,01101001,1627.48,2176,23.5,3.09,316.2,1626.77,0.0,-4.7, , 
,1628.15,2144,84.0,0.4,01101001,1628.50,2112,25.1,3.09,336.6,1627.81,0.0,-4.7, , 
,1629.18,2144,84.0,3.1,01101001,1629.52,2144,40.0,5.15,479.4,1628.83,0.0,-4.7, , 
,1630.19,2176,84.0,2.7,01101001,1630.53,2208,51.8,6.18,591.6,1629.86,0.0,-4.7, , 
,1631.18,2240,84.0,3.1,01101001,1631.52,2272,45.9,5.15,550.8,1630.85,0.0,-4.7, , 
,1632.19,2304,84.0,5.9,01101001,1632.51,2304,36.9,5.15,438.6,1631.85,0.0,-4.7, , 
,1633.21,2304,84.0,6.3,01101001,1633.56,2336,36.9,5.15,438.6,1632.85,0.0,-4.7, , 
,1634.22,2336,84.0,6.6,01101001,1634.55,2336,23.5,3.09,316.2,1633.89,0.0,-4.7, , 
,1635.20,2304,84.0,-5.1,01101001,1635.53,2304,16.1,2.06,244.8,1634.87,0.0,-4.7, , 
,1636.20,2272,84.0,-7.0,01101001,1636.53,2272,16.1,2.06,244.8,1635.87,0.0,-4.7, , 
,1637.20,2272,84.0,-3.9,01101001,1637.55,2240,19.2,2.06,275.4,1636.87,0.0,-4.7, , 
,1638.21,2240,84.0,-4.7,01101001,1638.55,2240,23.5,2.06,316.2,1637.88,0.0,-4.7, , 
,1639.22,2208,85.5,-1.6,01101001,1639.56,2240,29.4,3.09,377.4,1638.89,0.0,-4.7, , 
,1640.22,2240,85.5,7.4,01101001,1640.55,2240,44.3,5.15,520.2,1639.89,0.0,-4.7, , 
,1641.21,2272,84.0,16.4,01101001,1641.56,2304,54.5,7.21,632.4,1640.87,0.0,-4.7, , 
,1642.27,2336,85.5,16.4,01101001,1642.62,2400,59.2,8.24,673.2,1641.90,0.0,-4.7, , 
,1643.30,2464,85.5,7.8,01101001,1643.65,2496,62.0,7.21,693.6,1642.96,0.0,-4.7, , 
,1644.35,2560,85.5,6.3,01101001,1644.70,2592,56.1,7.21,632.4,1643.99,0.0,-4.7, , 
,1645.35,2272,85.5,0.0,01111101,1645.65,1792,0.0,0.00,295.8,1645.01,0.0,-4.7, , 
,1646.34,1280,85.5,0.0,01101011,1646.71,1952,23.5,3.09,336.6,1645.98,-3.1,0.0, , 
,1647.44,1888,85.5,0.0,01101011,1647.80,1888,44.3,6.18,520.2,1647.07,0.0,-4.7, , 
,1648.50,1920,85.5,3.9,01101011,1648.85,1920,59.2,7.21,673.2,1648.14,0.0,-4.7, , 
,1649.57,1952,85.5,7.8,01101011,1649.94,1952,44.3,5.15,550.8,1649.21,0.0,-4.7, , 
,1650.63,1984,85.5,12.9,01101011,1650.99,1984,32.5,4.12,418.2,1650.28,0.0,-4.7, , 
,1651.70,1984,85.5,16.8,01101011,1652.06,1984,28.2,3.09,377.4,1651.34,0.0,-4.7, , 
,1652.79,1952,85.5,11.7,01101011,1653.15,1952,26.7,3.09,357.0,1652.43,0.0,-4.7, , 
,1653.87,1984,85.5,0.0,01101011,1654.23,1984,53.3,6.18,632.4,1653.52,0.0,-4.7, , 
,1654.94,2016,85.5,4.7,01101001,1655.30,2016,51.8,6.18,612.0,1654.59,0.0,-4.7, , 
,1656.01,2048,85.5,8.2,01101001,1656.36,2048,51.8,6.18,612.0,1655.65,0.0,-4.7, , 
,1657.02,2080,85.5,9.8,01101001,1657.38,2080,48.6,6.18,571.2,1656.69,0.0,-4.7, , 
,1658.08,2112,85.5,10.2,01101001,1658.42,2112,35.3,4.12,459.0,1657.72,0.0,-4.7, , 
,1659.10,2048,85.5,0.0,01111101,1659.43,2080,16.1,2.06,244.8,1658.76,0.0,-4.7, , 
,1660.13,2048,85.5,0.0,01111101,1660.47,2048,0.0,0.00,244.8,1659.80,0.0,-4.7, , 
,1661.16,2016,85.5,0.0,01101001,1661.50,1984,17.6,3.09,275.4,1660.81,0.0,-4.7, , 
,1662.20,2016,85.5,0.0,01101001,1662.56,1984,53.3,7.21,612.0,1661.84,0.0,-4.7, , 
,1663.26,2048,85.5,0.0,01101001,1663.63,2048,65.1,8.24,754.8,1662.91,0.0,-4.7, , 
,1664.33,2080,85.5,-1.6,01101001,1664.69,2112,66.3,8.24,734.4,1663.98,0.0,-4.7, , 
,1665.36,2144,85.5,-3.9,01101001,1665.70,2176,72.2,9.27,795.6,1665.01,0.0,-4.7, , 
,1666.39,2240,85.5,-8.2,01101001,1666.70,2240,72.2,8.24,795.6,1666.04,0.0,-4.7, , 
,1667.37,2272,85.5,-8.2,01101001,1667.71,2304,71.0,8.24,775.2,1667.05,0.0,-4.7, , 
,1668.39,2336,85.5,-6.6,01101001,1668.77,2368,69.4,8.24,775.2,1668.04,0.0,-4.7, , 
,1669.48,2432,85.5,-8.6,01101001,1669.84,2432,72.2,8.24,795.6,1669.12,0.0,-4.7, , 
,1670.52,2496,85.5,-8.2,01101001,1670.86,2496,72.2,8.24,795.6,1670.19,0.0,-4.7, , 
,1671.54,2560,85.5,-7.0,01101001,1671.88,2592,71.0,8.24,775.2,1671.20,0.0,-4.7, , 
,1672.58,2624,85.5,-6.6,01101001,1672.89,2656,79.6,9.27,867.0,1672.24,0.0,-4.7, , 
,1673.56,2688,85.5,-11.7,01101001,1673.90,2720,82.7,9.27,907.8,1673.22,0.0,-4.7, , 
,1674.60,2784,85.5,-17.6,01101001,1674.95,2816,81.2,8.24,887.4,1674.26,0.0,-4.7, , 
,1675.60,2848,85.5,-17.2,01101001,1675.91,2880,79.6,8.24,867.0,1675.27,0.0,-4.7, , 
,1676.66,2944,84.0,-15.6,01101001,1676.92,2976,78.4,8.24,867.0,1676.22,0.0,-4.7, , 
,1677.52,2784,85.5,0.0,01111101,1677.84,2304,0.0,0.00,295.8,1677.19,0.0,-4.7, , 
,1678.46,1344,85.5,0.0,01111111,1678.79,1088,25.1,4.12,357.0,1678.16,0.0,-4.7, , 
,1679.46,2208,85.5,0.0,01101001,1679.80,2272,48.6,7.21,550.8,1679.13,-1.6,-4.7, , 
,1680.45,2240,85.5,0.0,01101001,1680.77,2272,87.1,13.39,948.6,1680.12,0.0,-4.7, , 
,1681.43,2304,85.5,-8.2,01101001,1681.77,2304,88.6,11.33,969.0,1681.11,0.0,-4.7, , 
,1682.45,2336,85.5,-14.8,01101001,1682.78,2336,88.6,10.30,969.0,1682.12,0.0,-4.7, , 
,1683.49,2368,85.5,-20.3,01101001,1683.85,2368,85.5,9.27,948.6,1683.15,0.0,-4.7, , 
,1684.50,2400,85.5,-22.7,01101001,1684.81,2368,85.5,9.27,928.2,1684.19,0.0,-4.7, , 
,1685.51,2400,85.5,-27.7,01101001,1685.86,2400,85.5,9.27,928.2,1685.17,0.0,-4.7, , 
,1686.56,2432,85.5,-28.5,01101001,1686.90,2432,85.5,9.27,928.2,1686.21,0.0,-4.7, , 
,1687.60,2432,85.5,-29.3,01101001,1687.94,2432,85.5,8.24,928.2,1687.27,0.0,-4.7, , 
,1688.64,2432,85.5,-29.3,01101001,1689.00,2464,85.5,9.27,928.2,1688.30,0.0,-4.7, , 
,1689.70,2464,85.5,-28.1,01101001,1690.05,2464,84.3,9.27,928.2,1689.35,0.0,-4.7, , 
,1690.73,2464,85.5,-28.9,01101001,1691.09,2464,84.3,9.27,928.2,1690.39,0.0,-4.7, , 
,1691.77,2464,85.5,-28.9,01101001,1692.12,2464,85.5,9.27,928.2,1691.43,0.0,-4.7, , 
,1692.84,2432,85.5,-28.5,01101001,1693.19,2432,85.5,8.24,928.2,1692.48,0.0,-4.7, , 
,1693.87,2400,85.5,-28.9,01101001,1694.23,2400,85.5,9.27,928.2,1693.51,0.0,-4.7, , 
,1694.93,2368,85.5,-28.1,01101001,1695.25,2368,85.5,9.27,948.6,1694.60,0.0,-4.7, , 
,1695.93,2368,85.5,-28.5,01101001,1696.26,2368,85.5,9.27,948.6,1695.58,0.0,-4.7, , 
,1696.94,2368,85.5,-28.1,01101001,1697.27,2368,85.5,9.27,948.6,1696.61,0.0,-4.7, , 
,1697.93,2336,85.5,-28.5,01101001,1698.29,2368,85.5,9.27,948.6,1697.60,0.0,-4.7, , 
,1698.98,2336,85.5,-28.5,01101001,1699.32,2336,87.1,9.27,948.6,1698.64,0.0,-4.7, , 
,1699.96,2336,85.5,-27.0,01101001,1700.31,2336,87.1,9.27,948.6,1699.64,0.0,-4.7, , 
,1700.99,2368,85.5,-26.2,01101001,1701.33,2336,87.1,10.30,948.6,1700.65,0.0,-4.7, , 
,1701.98,2336,85.5,-25.0,01101001,1702.32,2336,87.1,9.27,948.6,1701.66,0.0,-4.7, , 
,1703.01,2368,85.5,-24.6,01101001,1703.37,2368,87.1,10.30,948.6,1702.67,0.0,-4.7, , 
,1704.05,2368,85.5,-25.4,01101001,1704.40,2368,87.1,10.30,948.6,1703.72,0.0,-4.7, , 
,1705.11,2400,85.5,-26.6,01101001,1705.44,2400,87.1,9.27,948.6,1704.75,0.0,-4.7, , 
,1706.14,2432,85.5,-28.1,01101001,1706.50,2432,84.3,9.27,928.2,1705.79,0.0,-4.7, , 
,1707.20,2464,85.5,-26.2,01101001,1707.56,2464,76.9,8.24,846.6,1706.85,0.0,-4.7, , 
,1708.25,2496,85.5,-22.7,01101001,1708.60,2496,75.3,8.24,826.2,1707.91,0.0,-4.7, , 
,1709.30,2560,85.5,-21.1,01101001,1709.63,2560,73.7,8.24,826.2,1708.95,0.0,-4.7, , 
,1710.30,2592,85.5,-18.4,01101001,1710.63,2624,69.4,8.24,775.2,1709.95,0.0,-4.7, , 
,1711.32,2656,85.5,-16.8,01101001,1711.69,2656,67.8,8.24,754.8,1710.98,0.0,-4.7, , 
,1712.37,2688,85.5,-14.1,01101001,1712.71,2720,53.3,6.18,632.4,1712.05,0.0,-4.7, , 
,1713.40,2752,85.5,1.6,01101001,1713.75,2752,32.5,4.12,397.8,1713.05,0.0,-4.7, , 
,1714.42,2752,85.5,0.0,01101001,1714.77,2752,31.0,4.12,377.4,1714.08,0.0,-4.7, , 
,1715.45,2784,85.5,-0.8,01101001,1715.79,2784,31.0,4.12,397.8,1715.11,0.0,-4.7, , 
,1716.43,2816,85.5,-1.2,01101001,1716.76,2816,25.1,3.09,336.6,1716.11,0.0,-4.7, , 
,1717.41,2816,85.5,-12.5,01111101,1717.74,2816,0.0,0.00,275.4,1717.09,0.0,-4.7, , 
,1718.41,2816,85.5,0.0,01111101,1718.74,2816,0.0,0.00,275.4,1718.08,0.0,-4.7, , 
,1719.39,2784,85.5,0.0,01111101,1719.72,2784,0.0,0.00,244.8,1719.07,0.0,-4.7, , 
,1720.36,2752,85.5,0.0,01111101,1720.68,2752,0.0,0.00,244.8,1720.03,0.0,-4.7, , 
,1721.36,2752,85.5,0.0,01111101,1721.68,2720,0.0,0.00,275.4,1721.01,0.0,-4.7, , 
,1722.32,2688,85.5,0.0,01101001,1722.65,2688,17.6,2.06,244.8,1722.00,0.0,-4.7, , 
,1723.34,2656,85.5,-9.4,01101001,1723.67,2656,38.4,5.15,459.0,1722.99,0.0,-4.7, , 
,1724.36,2656,85.5,-0.8,01101001,1724.71,2624,51.8,7.21,591.6,1724.01,0.0,-4.7, , 
,1725.41,2624,85.5,0.0,01101001,1725.74,2624,65.1,9.27,714.0,1725.06,0.0,-4.7, , 
,1726.45,2624,85.5,-10.5,01101001,1726.78,2656,69.4,8.24,754.8,1726.10,0.0,-4.7, , 
,1727.47,2656,85.5,-14.5,01101001,1727.82,2656,62.0,7.21,693.6,1727.12,0.0,-4.7, , 
,1728.51,2656,85.5,-11.7,01101001,1728.89,2656,60.4,7.21,693.6,1728.17,0.0,-4.7, , 
,1729.59,2656,85.5,-10.9,01101001,1729.95,2656,62.0,7.21,693.6,1729.24,0.0,-4.7, , 
,1730.63,2656,85.5,-10.5,01101001,1730.97,2656,62.0,7.21,693.6,1730.29,0.0,-4.7, , 
,1731.63,2688,85.5,-10.5,01101001,1731.93,2688,59.2,7.21,673.2,1731.31,0.0,-4.7, , 
,1732.61,2688,85.5,-9.0,01101001,1732.95,2688,59.2,7.21,673.2,1732.26,0.0,-4.7, , 
,1733.64,2688,85.5,-9.4,01101001,1733.98,2688,59.2,7.21,673.2,1733.29,0.0,-4.7, , 
,1734.64,2720,85.5,-9.4,01101001,1734.97,2720,59.2,7.21,652.8,1734.31,0.0,-4.7, , 
,1735.64,2720,84.0,-7.8,01101001,1735.98,2720,48.6,6.18,571.2,1735.30,0.0,-4.7, , 
,1736.67,2720,84.0,-1.6,01101001,1737.00,2720,45.9,6.18,550.8,1736.32,0.0,-4.7, , 
,1737.71,2720,84.0,0.4,01101001,1738.05,2720,45.9,6.18,550.8,1737.35,0.0,-4.7, , 
,1738.73,2720,85.5,1.2,01101001,1739.09,2720,45.9,6.18,550.8,1738.39,0.0,-4.7, , 
,1739.81,2752,84.0,0.0,01101001,1740.14,2752,45.9,6.18,520.2,1739.45,0.0,-4.7, , 
,1740.84,2752,84.0,0.4,01101001,1741.17,2752,41.2,5.15,479.4,1740.49,0.0,-4.7, , 
,1741.84,2784,84.0,1.6,01101001,1742.18,2784,38.4,5.15,459.0,1741.52,0.0,-4.7, , 
,1742.88,2784,84.0,2.3,01101001,1743.23,2784,38.4,5.15,459.0,1742.54,0.0,-4.7, , 
,1743.93,2784,84.0,2.3,01101001,1744.27,2784,38.4,5.15,459.0,1743.57,0.0,-4.7, , 
,1744.95,2784,84.0,2.3,01101001,1745.29,2784,38.4,5.15,459.0,1744.60,0.0,-4.7, , 
,1745.99,2752,84.0,2.0,01101001,1746.35,2752,38.4,5.15,459.0,1745.65,0.0,-4.7, , 
,1747.02,2752,84.0,2.0,01101001,1747.36,2752,38.4,5.15,459.0,1746.67,0.0,-4.7, , 
,1748.07,2752,84.0,2.0,01101001,1748.43,2752,38.4,5.15,459.0,1747.70,0.0,-4.7, , 
,1749.09,2752,84.0,2.0,01101001,1749.44,2752,40.0,5.15,459.0,1748.77,0.0,-4.7, , 
,1750.15,2720,84.0,1.6,01101001,1750.51,2720,40.0,5.15,459.0,1749.80,0.0,-4.7, , 
,1751.21,2720,84.0,1.6,01101001,1751.56,2720,40.0,5.15,479.4,1750.86,0.0,-4.7, , 
,1752.25,2720,84.0,1.2,01101001,1752.57,2720,40.0,5.15,479.4,1751.90,0.0,-4.7, , 
,1753.23,2688,84.0,1.2,01101001,1753.54,2688,40.0,5.15,479.4,1752.92,0.0,-4.7, , 
,1754.22,2688,84.0,1.6,01101001,1754.57,2688,41.2,5.15,479.4,1753.88,0.0,-4.7, , 
,1755.24,2688,84.0,1.2,01101001,1755.59,2688,41.2,5.15,479.4,1754.90,0.0,-4.7, , 
,1756.26,2656,84.0,1.2,01101001,1756.60,2656,42.7,6.18,499.8,1755.93,0.0,-4.7, , 
,1757.29,2656,84.0,0.8,01101001,1757.65,2656,45.9,6.18,520.2,1756.94,0.0,-4.7, , 
,1758.34,2624,84.0,-0.4,01101001,1758.69,2624,45.9,6.18,550.8,1757.99,0.0,-4.7, , 
,1759.36,2624,84.0,-1.2,01101001,1759.69,2624,47.1,6.18,550.8,1759.02,0.0,-4.7, , 
,1760.40,2592,84.0,-2.0,01101001,1760.73,2592,51.8,7.21,591.6,1760.06,0.0,-4.7, , 
,1761.41,2592,84.0,-6.6,01101001,1761.73,2592,54.5,7.21,612.0,1761.06,0.0,-4.7, , 
,1762.43,2592,84.0,-9.4,01101001,1762.78,2592,57.6,7.21,652.8,1762.08,0.0,-4.7, , 
,1763.46,2592,84.0,-9.8,01101001,1763.82,2592,57.6,7.21,652.8,1763.13,0.0,-4.7, , 
,1764.47,2592,84.0,-10.2,01101001,1764.82,2592,57.6,7.21,652.8,1764.14,0.0,-4.7, , 
,1765.51,2592,84.0,-7.8,01101001,1765.84,2592,57.6,7.21,652.8,1765.18,0.0,-4.7, , 
,1766.52,2592,84.0,-9.0,01101001,1766.86,2592,60.4,7.21,673.2,1766.18,0.0,-4.7, , 
,1767.54,2592,84.0,-10.9,01101001,1767.86,2592,65.1,8.24,714.0,1767.20,0.0,-4.7, , 
,1768.54,2592,84.0,-12.1,01101001,1768.88,2592,65.1,7.21,714.0,1768.20,0.0,-4.7, , 
,1769.53,2592,84.0,-10.5,01101001,1769.88,2592,63.5,7.21,714.0,1769.20,0.0,-4.7, , 
,1770.53,2592,84.0,-9.0,01101001,1770.87,2592,63.5,7.21,714.0,1770.21,0.0,-4.7, , 
,1771.54,2592,84.0,-7.0,01101001,1771.86,2624,65.1,7.21,714.0,1771.22,0.0,-4.7, , 
,1772.50,2624,84.0,-7.8,01101001,1772.82,2624,65.1,7.21,714.0,1772.18,0.0,-4.7, , 
,1773.49,2624,84.0,-7.0,01101001,1773.82,2624,65.1,7.21,714.0,1773.15,0.0,-4.7, , 
,1774.48,2656,84.0,-8.2,01101001,1774.83,2656,69.4,8.24,775.2,1774.16,0.0,-4.7, , 
,1775.48,2688,84.0,-12.9,01101001,1775.82,2688,73.7,8.24,795.6,1775.16,0.0,-4.7, , 
,1776.49,2720,84.0,-14.1,01101001,1776.82,2720,73.7,8.24,795.6,1776.16,0.0,-4.7, , 
,1777.52,2752,84.0,-14.1,01101001,1777.84,2752,63.5,7.21,714.0,1777.17,0.0,-4.7, , 
,1778.52,2752,84.0,-5.9,01101001,1778.87,2752,62.0,7.21,693.6,1778.19,0.0,-4.7, , 
,1779.55,2784,84.0,-3.9,01101001,1779.89,2784,62.0,7.21,693.6,1779.21,0.0,-4.7, , 
,1780.57,2784,84.0,-3.1,01101001,1780.89,2784,62.0,7.21,693.6,1780.23,0.0,-4.7, , 
,1781.56,2784,84.0,-2.7,01101001,1781.92,2784,60.4,7.21,673.2,1781.22,0.0,-4.7, , 
,1782.62,2816,84.0,-2.3,01101001,1782.95,2816,60.4,7.21,673.2,1782.27,0.0,-4.7, , 
,1783.63,2816,84.0,-0.8,01101001,1783.97,2816,56.1,7.21,632.4,1783.30,0.0,-4.7, , 
,1784.64,2816,84.0,0.4,01101001,1784.97,2816,53.3,6.18,612.0,1784.30,0.0,-4.7, , 
,1785.66,2816,84.0,3.9,01101001,1786.00,2816,51.8,6.18,591.6,1785.32,0.0,-4.7, , 
,1786.68,2816,84.0,5.5,01101001,1787.03,2816,50.2,6.18,571.2,1786.34,0.0,-4.7, , 
,1787.72,2816,84.0,7.8,01101001,1788.03,2784,42.7,5.15,499.8,1787.37,0.0,-4.7, , 
,1788.71,2784,84.0,10.5,01101001,1789.05,2784,42.7,5.15,499.8,1788.37,0.0,-4.7, , 
,1789.74,2784,84.0,11.3,01101001,1790.07,2784,36.9,4.12,438.6,1789.39,0.0,-4.7, , 
,1790.77,2784,84.0,5.1,01101001,1791.12,2752,26.7,3.09,336.6,1790.42,0.0,-4.7, , 
,1791.80,2752,84.0,2.3,01101001,1792.13,2752,26.7,3.09,336.6,1791.45,0.0,-4.7, , 
,1792.81,2752,84.0,1.2,01101001,1793.17,2752,26.7,3.09,336.6,1792.48,0.0,-4.7, , 
,1793.85,2752,84.0,1.6,01101001,1794.20,2752,26.7,3.09,357.0,1793.52,0.0,-4.7, , 
,1794.92,2752,84.0,1.6,01101001,1795.25,2752,26.7,3.09,357.0,1794.57,0.0,-4.7, , 
,1795.95,2752,84.0,1.2,01101001,1796.31,2752,26.7,3.09,357.0,1795.58,0.0,-4.7, , 
,1796.98,2752,84.0,1.6,01101001,1797.32,2752,26.7,3.09,357.0,1796.66,0.0,-4.7, , 
,1798.03,2752,84.0,2.0,01101001,1798.40,2752,26.7,3.09,357.0,1797.67,0.0,-4.7, , 
,1799.12,2720,84.0,3.9,01101001,1799.47,2720,28.2,3.09,357.0,1798.76,0.0,-4.7, , 
,1800.16,2720,84.0,3.9,01101001,1800.50,2720,28.2,3.09,357.0,1799.81,0.0,-4.7, , 
,1801.15,2688,84.0,3.9,01101001,1801.49,2688,29.4,3.09,377.4,1800.83,0.0,-4.7, , 
,1802.17,2688,84.0,10.2,01101001,1802.52,2688,38.4,5.15,459.0,1801.82,0.0,-4.7, , 
,1803.23,2688,84.0,10.9,01101001,1803.59,2688,40.0,5.15,459.0,1802.87,0.0,-4.7, , 
,1804.23,2656,84.0,10.9,01101001,1804.58,2656,40.0,5.15,459.0,1803.91,0.0,-4.7, , 
,1805.23,2656,84.0,8.2,01101001,1805.57,2656,44.3,6.18,520.2,1804.90,0.0,-4.7, , 
,1806.26,2624,84.0,6.3,01101001,1806.60,2624,47.1,6.18,550.8,1805.92,0.0,-4.7, , 
,1807.31,2656,84.0,2.3,01101001,1807.65,2656,48.6,6.18,571.2,1806.96,0.0,-4.7, , 
,1808.36,2656,84.0,1.2,01101001,1808.69,2656,47.1,6.18,550.8,1807.98,0.0,-4.7, , 
,1809.34,2656,84.0,1.6,01101001,1809.67,2656,45.9,6.18,520.2,1809.01,0.0,-4.7, , 
,1810.36,2656,84.0,2.7,01101001,1810.72,2656,44.3,6.18,520.2,1810.02,0.0,-4.7, , 
,1811.42,2688,84.0,4.7,01101001,1811.75,2656,28.2,3.09,357.0,1811.07,0.0,-4.7, , 
,1812.39,2656,84.0,0.0,01111101,1812.72,2624,0.0,0.00,275.4,1812.07,0.0,-4.7, , 
,1813.38,2624,84.0,0.0,01101001,1813.71,2624,17.6,2.06,244.8,1813.05,0.0,-4.7, , 
,1814.36,2624,84.0,-7.8,01101001,1814.67,2592,34.1,4.12,397.8,1814.04,0.0,-4.7, , 
,1815.35,2592,84.0,-1.2,01101001,1815.70,2592,51.8,6.18,591.6,1815.02,0.0,-4.7, , 
,1816.37,2592,84.0,-3.5,01101001,1816.70,2592,54.5,7.21,612.0,1816.05,0.0,-4.7, , 
,1817.37,2624,84.0,-4.3,01101001,1817.72,2624,56.1,7.21,632.4,1817.03,0.0,-4.7, , 
,1818.40,2624,84.0,-4.3,01101001,1818.74,2624,54.5,7.21,632.4,1818.07,0.0,-4.7, , 
,1819.42,2656,84.0,-3.1,01101001,1819.77,2656,53.3,6.18,612.0,1819.08,0.0,-4.7, , 
,1820.46,2656,84.0,-2.0,01101001,1820.78,2656,45.9,6.18,520.2,1820.12,0.0,-4.7, , 
,1821.50,2656,84.0,3.1,01101001,1821.84,2656,45.9,6.18,520.2,1821.14,0.0,-4.7, , 
,1822.53,2656,84.0,3.9,01101001,1822.87,2656,45.9,6.18,520.2,1822.18,0.0,-4.7, , 
,1823.59,2688,84.0,4.3,01101001,1823.93,2688,45.9,6.18,520.2,1823.24,0.0,-4.7, , 
,1824.65,2688,84.0,4.3,01101001,1824.99,2688,44.3,6.18,520.2,1824.29,0.0,-4.7, , 
,1825.66,2688,84.0,4.3,01101001,1825.99,2688,45.9,6.18,520.2,1825.31,0.0,-4.7, , 
,1826.69,2688,84.0,4.3,01101001,1827.03,2688,42.7,5.15,499.8,1826.34,0.0,-4.7, , 
,1827.68,2688,84.0,4.3,01101001,1828.03,2688,41.2,5.15,479.4,1827.34,0.0,-4.7, , 
,1828.72,2688,84.0,2.7,01101001,1829.02,2688,41.2,5.15,479.4,1828.38,0.0,-4.7, , 
,1829.66,2688,84.0,2.7,01101001,1829.97,2688,41.2,5.15,479.4,1829.34,0.0,-4.7, , 
,1830.62,2720,84.0,2.3,01101001,1830.97,2720,41.2,5.15,499.8,1830.29,0.0,-4.7, , 
,1831.62,2720,84.0,2.3,01101001,1831.95,2720,41.2,5.15,479.4,1831.29,0.0,-4.7, , 
,1832.63,2720,84.0,2.0,01101001,1832.97,2720,42.7,5.15,499.8,1832.29,0.0,-4.7, , 
,1833.65,2720,84.0,1.6,01101001,1833.99,2720,44.3,6.18,499.8,1833.31,0.0,-4.7, , 
,1834.65,2720,84.0,2.3,01101001,1834.99,2720,44.3,6.18,520.2,1834.32,0.0,-4.7, , 
,1835.64,2720,84.0,1.6,01101001,1835.97,2720,40.0,5.15,479.4,1835.32,0.0,-4.7, , 
,1836.61,2688,84.0,0.0,01101001,1836.95,2688,19.2,2.06,275.4,1836.31,0.0,-4.7, , 
,1837.64,2656,84.0,-14.5,01111101,1837.97,2656,0.0,0.00,244.8,1837.30,0.0,-4.7, , 
,1838.64,2592,84.0,0.0,01111101,1838.98,2592,0.0,0.00,275.4,1838.31,0.0,-4.7, , 
,1839.65,2560,84.0,0.0,01101001,1840.00,2528,17.6,2.06,244.8,1839.32,0.0,-4.7, , 
,1840.69,2528,84.0,-11.7,01101001,1841.01,2496,17.6,2.06,244.8,1840.35,0.0,-4.7, , 
,1841.67,2496,84.0,-14.1,01111101,1842.00,2464,0.0,0.00,244.8,1841.35,0.0,-4.7, , 
,1842.68,2432,84.0,0.0,01111101,1843.02,2432,0.0,0.00,275.4,1842.34,0.0,-4.7, , 
,1843.68,2400,84.0,0.0,01111101,1844.01,2368,0.0,0.00,244.8,1843.34,0.0,-4.7, , 
,1844.67,2368,84.0,0.0,01111101,1845.00,2336,0.0,0.00,244.8,1844.34,0.0,-4.7, , 
,1845.65,2336,84.0,0.0,01101001,1845.99,2304,16.1,2.06,244.8,1845.33,0.0,-4.7, , 
,1846.63,2272,84.0,0.0,01101001,1846.95,2272,16.1,2.06,244.8,1846.30,0.0,-4.7, , 
,1847.64,2240,84.0,-5.1,01101001,1847.96,2208,16.1,2.06,244.8,1847.29,0.0,-4.7, , 
,1848.64,2176,84.0,0.0,01111101,1848.97,2176,0.0,0.00,244.8,1848.30,0.0,-4.7, , 
,1849.64,2112,84.0,0.0,01111101,1849.98,2112,0.0,0.00,244.8,1849.30,0.0,-4.7, , 
,1850.66,2048,84.0,0.0,01111101,1850.99,2016,0.0,0.00,244.8,1850.33,0.0,-4.7, , 
,1851.66,1952,84.0,0.0,01111111,1852.00,1920,0.0,0.00,275.4,1851.32,0.0,-4.7, , 
,1852.66,1856,84.0,0.0,01111111,1853.01,1824,0.0,0.00,295.8,1852.33,0.0,-4.7, , 
,1853.72,1792,84.0,0.0,01111111,1854.04,1792,0.0,0.00,316.2,1853.36,0.0,-4.7, , 
,1854.71,1728,84.0,0.0,01111111,1855.07,1728,0.0,0.00,316.2,1854.38,-2.3,-4.7, , 
,1855.76,1696,84.0,0.0,01111111,1856.10,1696,0.0,0.00,316.2,1855.42,-2.3,-4.7, , 
,1856.78,1664,84.0,0.0,01111111,1857.12,1664,0.0,0.00,316.2,1856.43,-2.3,-4.7, , 
,1857.78,1664,82.5,0.0,01111111,1858.10,1632,0.0,0.00,316.2,1857.46,-3.1,-4.7, , 
,1858.78,1632,84.0,0.0,01111111,1859.11,1632,0.0,0.00,316.2,1858.45,-3.1,-4.7, , 
,1859.79,1600,82.5,0.0,01111111,1860.14,1600,0.0,0.00,316.2,1859.46,-2.3,-4.7, , 
,1860.80,1568,82.5,0.0,01111111,1861.12,1568,0.0,0.00,316.2,1860.48,-3.1,-4.7, , 
,1861.78,1568,82.5,0.0,01111111,1862.14,1536,0.0,0.00,316.2,1861.47,-3.1,-4.7, , 
,1862.74,1536,82.5,0.0,01111111,1863.17,1504,0.0,0.00,316.2,1862.47,-3.1,-4.7, , 
,1863.88,1472,82.5,0.0,01111111,1864.24,1504,22.0,3.09,316.2,1863.45,-3.1,-4.7, , 
,1865.04,1440,82.5,0.0,01101011,1865.39,1440,26.7,3.09,357.0,1864.68,-3.1,0.0, , 
,1866.03,1440,82.5,-4.7,01101011,1866.39,1408,22.0,3.09,316.2,1865.72,-3.1,0.0, , 
,1867.07,1408,82.5,-7.0,01101011,1867.37,1408,22.0,2.06,316.2,1866.73,-3.1,0.0, , 
,1868.05,1376,82.5,-6.6,01101011,1868.38,1376,22.0,3.09,316.2,1867.71,-3.1,0.0, , 
,1869.02,1344,82.5,-6.3,01101011,1869.33,1344,22.0,3.09,336.6,1868.69,-3.1,0.0, , 
,1870.04,1376,82.5,-4.7,01111111,1870.38,1312,23.5,3.09,336.6,1869.68,-3.1,0.0, , 
,1871.00,992,82.5,-0.8,01111111,1871.30,864,26.7,3.09,377.4,1870.67,-3.1,0.0, , 
,1871.93,928,82.5,-1.2,01111111,1872.24,896,28.2,3.09,397.8,1871.61,-3.9,0.0, , 
,1872.84,896,82.5,-2.0,01111111,1873.14,896,28.2,3.09,397.8,1872.54,-3.9,0.0, , 
,1873.77,896,82.5,-2.3,01111111,1874.06,896,26.7,3.09,397.8,1873.46,-3.9,0.0, , 
,1874.67,896,82.5,-2.3,01111111,1875.00,896,26.7,3.09,397.8,1874.37,-3.9,0.0, , 
,1875.62,896,81.0,-1.2,01111111,1875.95,896,26.7,3.09,377.4,1875.32,-3.9,0.0, , 
,1876.56,896,81.0,-0.8,01111111,1876.87,896,26.7,3.09,377.4,1876.27,-3.9,0.0, , 
,1877.53,896,81.0,-0.8,01111111,1877.85,896,25.1,3.09,377.4,1877.20,-3.9,0.0, , 
,1878.46,896,81.0,-1.2,01111111,1878.79,896,25.1,3.09,377.4,1878.16,-4.7,0.0, , 
,1879.42,896,81.0,-0.8,01111111,1879.72,896,25.1,3.09,377.4,1879.11,-4.7,0.0, , 
,1880.32,896,82.5,-1.2,01111111,1880.65,864,25.1,3.09,377.4,1880.02,-4.7,0.0, , 
,1881.26,896,81.0,-0.8,01101011,1881.58,1056,59.2,10.30,652.8,1880.96,-4.7,0.0, , 
,1882.21,1472,82.5,0.0,01101011,1882.52,1472,56.1,8.24,673.2,1881.94,-1.6,-4.7, , 
,1883.16,1504,81.0,0.0,01101011,1883.48,1536,72.2,10.30,846.6,1882.80,-1.6,0.0, , 
,1884.21,1600,82.5,-6.6,01101011,1884.57,1632,71.0,9.27,826.2,1883.84,-1.6,-4.7, , 
,1885.30,1696,82.5,-11.3,01101011,1885.65,1728,67.8,8.24,775.2,1884.92,-0.8,-4.7, , 
,1886.42,1760,82.5,-11.7,01101011,1886.79,1792,66.3,8.24,754.8,1886.03,-0.8,-4.7, , 
,1887.56,1888,82.5,-8.2,01101011,1887.93,1888,44.3,4.12,550.8,1887.18,0.0,-4.7, , 
,1888.66,1856,82.5,0.0,01101011,1889.03,1856,20.8,2.06,295.8,1888.29,0.0,-4.7, , 
,1889.76,1824,82.5,-6.6,01101011,1890.15,1792,22.0,2.06,316.2,1889.39,0.0,-4.7, , 
,1890.91,1760,82.5,-5.9,01101011,1891.28,1760,26.7,3.09,357.0,1890.54,0.0,-4.7, , 
,1892.01,1760,82.5,-1.2,01101011,1892.34,1760,31.0,4.12,397.8,1891.65,-2.3,-4.7, , 
,1893.09,1760,82.5,1.2,01101011,1893.45,1760,38.4,5.15,479.4,1892.71,-2.3,-4.7, , 
,1894.19,1760,82.5,3.5,01101011,1894.52,1792,47.1,6.18,571.2,1893.82,-1.6,-4.7, , 
,1895.24,1824,82.5,2.7,01101011,1895.60,1856,45.9,6.18,550.8,1894.88,0.0,-4.7, , 
,1896.35,1888,82.5,2.0,01101011,1896.71,1888,44.3,5.15,520.2,1895.97,0.0,-4.7, , 
,1897.42,1920,82.5,1.6,01101011,1897.79,1952,50.2,7.21,591.6,1897.07,0.0,-4.7, , 
,1898.51,1984,82.5,-1.2,01101001,1898.87,2016,57.6,7.21,652.8,1898.15,0.0,-4.7, , 
,1899.56,2080,82.5,-1.6,01101001,1899.90,2112,57.6,7.21,652.8,1899.22,0.0,-4.7, , 
,1900.57,2144,82.5,-2.3,01101001,1900.90,2144,59.2,7.21,673.2,1900.24,0.0,-4.7, , 
,1901.59,2208,82.5,-3.9,01101001,1901.95,2272,62.0,8.24,693.6,1901.24,0.0,-4.7, , 
,1902.63,2304,82.5,-7.0,01101001,1902.97,2336,62.0,7.21,693.6,1902.29,0.0,-4.7, , 
,1903.62,2400,82.5,-8.2,01101001,1903.98,2400,59.2,7.21,673.2,1903.29,0.0,-4.7, , 
,1904.67,2464,82.5,-5.9,01101001,1905.02,2496,54.5,7.21,612.0,1904.32,0.0,-4.7, , 
,1905.71,2528,82.5,0.0,01101001,1906.06,2528,22.0,3.09,316.2,1905.36,0.0,-4.7, , 
,1906.73,2496,82.5,-2.7,01101001,1907.08,2496,23.5,3.09,316.2,1906.41,0.0,-4.7, , 
,1907.77,2496,82.5,-6.3,01101001,1908.11,2464,23.5,3.09,316.2,1907.44,0.0,-4.7, , 
,1908.80,2432,82.5,-8.6,01101001,1909.15,2432,23.5,2.06,316.2,1908.46,0.0,-4.7, , 
,1909.85,2432,82.5,-11.3,01101001,1910.19,2432,23.5,2.06,316.2,1909.51,0.0,-4.7, , 
,1910.85,2400,82.5,-11.7,01101001,1911.21,2400,23.5,3.09,316.2,1910.53,0.0,-4.7, , 
,1911.95,2368,82.5,-9.0,01101001,1912.30,2368,22.0,2.06,295.8,1911.60,0.0,-4.7, , 
,1912.97,2336,82.5,-11.7,01101001,1913.30,2336,22.0,2.06,295.8,1912.62,0.0,-4.7, , 
,1914.00,2304,82.5,-8.6,01101001,1914.33,2304,36.9,4.12,438.6,1913.65,0.0,-4.7, , 
,1915.00,2304,82.5,1.6,01101001,1915.34,2304,36.9,4.12,438.6,1914.67,0.0,-4.7, , 
,1916.00,2304,82.5,4.7,01101001,1916.33,2336,41.2,5.15,479.4,1915.67,0.0,-4.7, , 
,1916.98,2336,84.0,7.0,01101001,1917.31,2336,42.7,6.18,499.8,1916.66,0.0,-4.7, , 
,1917.99,2336,84.0,5.1,01101001,1918.36,2336,22.0,3.09,316.2,1917.66,0.0,-4.7, , 
,1919.01,2304,84.0,-3.5,01101001,1919.35,2304,19.2,2.06,275.4,1918.69,0.0,-4.7, , 
,1920.00,2272,82.5,-8.2,01101001,1920.34,2272,19.2,2.06,275.4,1919.67,0.0,-4.7, , 
,1921.03,1632,84.0,0.0,01111111,1921.38,1056,23.5,4.12,336.6,1920.68,0.0,-4.7, , 
,1922.05,992,84.0,0.0,01111111,1922.35,928,26.7,4.12,377.4,1921.72,-3.1,0.0, , 
,1922.96,928,84.0,0.0,01111111,1923.25,928,26.7,3.09,377.4,1922.64,-3.9,0.0, , 
,1923.84,960,84.0,-3.1,01111111,1924.16,928,25.1,3.09,377.4,1923.53,-3.9,0.0, , 
,1924.76,864,84.0,-4.3,01111111,1925.09,896,32.5,4.12,418.2,1924.47,-4.7,0.0, , 
,1925.80,1728,84.0,0.0,01101011,1926.16,1728,71.0,10.30,795.6,1925.45,0.0,-4.7, , 
,1926.91,1824,84.0,0.0,01101011,1927.26,1888,87.1,13.39,969.0,1926.53,-0.8,-4.7, , 
,1927.98,1984,84.0,-9.0,01101011,1928.34,2016,87.1,11.33,969.0,1927.63,0.0,-4.7, , 
,1929.04,2112,84.0,-15.2,01101001,1929.41,2176,88.6,11.33,969.0,1928.69,0.0,-4.7, , 
,1930.07,2272,84.0,-19.1,01101001,1930.40,2304,88.6,10.30,969.0,1929.74,0.0,-4.7, , 
,1931.07,2400,84.0,-21.5,01101001,1931.44,2464,88.6,10.30,969.0,1930.73,0.0,-4.7, , 
,1932.15,2528,84.0,0.0,01101001,1932.49,2560,51.8,6.18,612.0,1931.79,0.0,-4.7, , 
,1933.15,2592,84.0,0.0,01101001,1933.50,2592,36.9,5.15,459.0,1932.83,0.0,-4.7, , 
,1934.15,2560,84.0,0.0,01101001,1934.49,2560,19.2,2.06,275.4,1933.82,0.0,-4.7, , 
,1935.17,2528,84.0,-13.3,01101001,1935.51,2528,20.8,2.06,275.4,1934.83,0.0,-4.7, , 
,1936.20,2496,84.0,-18.8,01101001,1936.52,2496,20.8,2.06,275.4,1935.84,0.0,-4.7, , 
,1937.15,2464,85.5,-20.3,01101001,1937.46,2464,17.6,2.06,244.8,1936.83,0.0,-4.7, , 
,1938.15,2432,85.5,-18.0,01101001,1938.47,2432,17.6,2.06,244.8,1937.79,0.0,-4.7, , 
,1939.17,2432,85.5,-17.6,01101001,1939.50,2432,19.2,2.06,275.4,1938.81,0.0,-4.7, , 
,1940.21,2432,85.5,-18.8,01101001,1940.57,2432,20.8,2.06,275.4,1939.86,0.0,-4.7, , 
,1941.25,2464,84.0,0.0,01101001,1941.60,2496,57.6,8.24,652.8,1940.90,0.0,-4.7, , 
,1942.28,2592,84.0,-4.7,01101001,1942.61,2624,56.1,7.21,632.4,1941.94,0.0,-4.7, , 
,1943.29,2688,84.0,-5.1,01101001,1943.63,2720,53.3,7.21,612.0,1942.95,0.0,-4.7, , 
,1944.34,2784,85.5,-3.9,01101001,1944.67,2432,0.0,0.00,295.8,1943.98,0.0,-4.7, , 
,1945.36,1376,85.5,0.0,01111111,1945.67,992,25.1,4.12,357.0,1945.00,0.0,-4.7, , 
,1946.32,2048,85.5,0.0,01101001,1946.66,2016,19.2,2.06,275.4,1945.97,-3.1,0.0, , 
,1947.37,2048,84.0,0.0,01101001,1947.72,2048,76.9,11.33,867.0,1947.01,0.0,-4.7, , 
,1948.42,2112,85.5,-8.2,01101001,1948.77,2112,67.8,8.24,754.8,1948.08,0.0,-4.7, , 
,1949.45,2144,84.0,-12.9,01101001,1949.78,2176,67.8,8.24,754.8,1949.12,0.0,-4.7, , 
,1950.46,2208,85.5,-12.9,01101001,1950.78,2208,63.5,8.24,714.0,1950.12,0.0,-4.7, , 
,1951.47,2240,84.0,-9.4,01101001,1951.81,2272,53.3,6.18,612.0,1951.13,0.0,-4.7, , 
,1952.49,2272,85.5,-3.9,01101001,1952.82,2272,50.2,6.18,591.6,1952.15,0.0,-4.7, , 
,1953.52,2304,85.5,-1.2,01101001,1953.85,2304,38.4,5.15,459.0,1953.18,0.0,-4.7, , 
,1954.52,2304,85.5,2.0,01101001,1954.85,2304,40.0,5.15,479.4,1954.18,0.0,-4.7, , 
,1955.52,2304,85.5,1.6,01101001,1955.86,2336,38.4,5.15,459.0,1955.18,0.0,-4.7, , 
,1956.50,2336,85.5,1.6,01101001,1956.86,2336,38.4,5.15,459.0,1956.18,0.0,-4.7, , 
,1957.52,2336,85.5,-0.4,01101001,1957.84,2336,23.5,3.09,336.6,1957.19,0.0,-4.7, , 
,1958.50,2336,85.5,-8.6,01111101,1958.83,2336,0.0,0.00,244.8,1958.18,0.0,-4.7, , 
,1959.49,2272,84.0,0.0,01111101,1959.82,2272,0.0,0.00,244.8,1959.16,0.0,-4.7, , 
,1960.49,2240,84.0,0.0,01111101,1960.83,2208,16.1,3.09,244.8,1960.15,0.0,-4.7, , 
,1961.51,2208,85.5,0.0,01101001,1961.86,2176,23.5,3.09,316.2,1961.18,0.0,-4.7, , 
,1962.55,2208,85.5,-0.8,01101001,1962.88,2208,48.6,6.18,571.2,1962.20,0.0,-4.7, , 
,1963.52,2240,85.5,-1.6,01101001,1963.85,2240,50.2,6.18,591.6,1963.20,0.0,-4.7, , 
,1964.49,2304,85.5,0.0,01101001,1964.81,2304,76.9,11.33,846.6,1964.18,0.0,-4.7, , 
,1965.52,2368,85.5,-7.0,01101001,1965.88,2400,76.9,9.27,846.6,1965.16,0.0,-4.7, , 
,1966.54,2432,84.0,-19.1,01101001,1966.87,2464,62.0,8.24,693.6,1966.21,0.0,-4.7, , 
,1967.55,2496,84.0,-6.3,01101001,1967.90,2528,53.3,6.18,612.0,1967.20,0.0,-4.7, , 
,1968.60,2560,85.5,-7.0,01101001,1968.94,2560,48.6,6.18,571.2,1968.25,0.0,-4.7, , 
,1969.60,2560,84.0,-4.3,01101001,1969.94,2560,41.2,5.15,479.4,1969.26,0.0,-4.7, , 
,1970.61,2592,84.0,0.4,01101001,1970.96,2592,35.3,5.15,438.6,1970.27,0.0,-4.7, , 
,1971.59,2592,85.5,3.1,01101001,1971.93,2592,36.9,5.15,438.6,1971.27,0.0,-4.7, , 
,1972.61,2592,84.0,3.5,01101001,1972.94,2624,36.9,5.15,438.6,1972.28,0.0,-4.7, , 
,1973.63,2624,85.5,3.1,01101001,1973.95,2624,42.7,6.18,499.8,1973.28,0.0,-4.7, , 
,1974.61,2624,84.0,0.8,01101001,1974.95,2624,48.6,6.18,550.8,1974.29,0.0,-4.7, , 
,1975.65,2656,84.0,-0.8,01101001,1975.98,2656,48.6,6.18,550.8,1975.30,0.0,-4.7, , 
,1976.65,2656,85.5,-2.3,01101001,1976.98,2656,47.1,6.18,550.8,1976.32,0.0,-4.7, , 
,1977.65,2656,85.5,-2.3,01101001,1978.00,2656,45.9,6.18,550.8,1977.32,0.0,-4.7, , 
,1978.70,2656,85.5,-2.0,01101001,1979.05,2656,41.2,5.15,499.8,1978.35,0.0,-4.7, , 
,1979.74,2656,85.5,1.6,01101001,1980.08,2656,38.4,5.15,459.0,1979.38,0.0,-4.7, , 
,1980.73,2688,85.5,2.7,01101001,1981.09,2688,38.4,5.15,459.0,1980.39,0.0,-4.7, , 
,1981.73,2656,85.5,3.1,01101001,1982.06,2688,38.4,5.15,459.0,1981.43,0.0,-4.7, , 
,1982.77,2688,85.5,3.1,01101001,1983.09,2656,38.4,5.15,459.0,1982.42,0.0,-4.7, , 
,1983.75,2656,85.5,2.7,01101001,1984.08,2656,25.1,3.09,336.6,1983.44,0.0,-4.7, , 
,1984.77,2624,85.5,-1.6,01101001,1985.12,2624,25.1,3.09,336.6,1984.42,0.0,-4.7, , 
,1985.79,2624,85.5,-2.0,01101001,1986.10,2592,25.1,3.09,336.6,1985.46,0.0,-4.7, , 
,1986.76,2592,85.5,-2.0,01101001,1987.10,2592,26.7,3.09,336.6,1986.43,0.0,-4.7, , 
,1987.77,2560,85.5,-1.2,01101001,1988.11,2560,31.0,4.12,377.4,1987.43,0.0,-4.7, , 
,1988.79,2560,85.5,2.0,01101001,1989.12,2560,35.3,5.15,418.2,1988.46,0.0,-4.7, , 
,1989.80,2528,85.5,3.5,01101001,1990.14,2528,35.3,5.15,438.6,1989.46,0.0,-4.7, , 
,1990.83,2528,85.5,3.1,01101001,1991.19,2528,35.3,5.15,438.6,1990.49,0.0,-4.7, , 
,1991.87,2528,85.5,2.0,01101001,1992.24,2528,35.3,5.15,438.6,1991.53,0.0,-4.7, , 
,1992.90,2496,85.5,2.0,01101001,1993.24,2496,35.3,5.15,438.6,1992.56,0.0,-4.7, , 
,1993.92,2496,85.5,2.0,01101001,1994.24,2496,38.4,5.15,459.0,1993.57,0.0,-4.7, , 
,1994.96,2496,85.5,1.2,01101001,1995.32,2496,48.6,6.18,550.8,1994.59,0.0,-4.7, , 
,1995.99,2496,85.5,-3.5,01101001,1996.34,2496,50.2,6.18,591.6,1995.68,0.0,-4.7, , 
,1997.02,2496,85.5,-5.5,01101001,1997.35,2496,50.2,6.18,591.6,1996.67,0.0,-4.7, , 
,1998.04,2528,85.5,-6.3,01101001,1998.36,2528,50.2,6.18,571.2,1997.71,0.0,-4.7, , 
,1999.06,2528,85.5,0.0,01101001,1999.39,2528,82.7,12.36,907.8,1998.70,0.0,-4.7, , 
,2000.07,2592,85.5,-7.4,01101001,2000.42,2624,88.6,12.36,969.0,1999.72,0.0,-4.7, , 
,2001.07,2656,85.5,-15.2,01101001,2001.37,2688,88.6,11.33,969.0,2000.74,0.0,-4.7, , 
,2002.02,2720,85.5,-18.0,01101001,2002.33,2752,88.6,11.33,969.0,2001.69,0.0,-4.7, , 
,2002.99,2816,85.5,-19.5,01101001,2003.34,2848,90.2,11.33,969.0,2002.65,0.0,-4.7, , 
,2004.05,2912,85.5,-19.1,01101001,2004.35,2944,88.6,10.30,948.6,2003.69,0.0,-4.7, , 
,2004.94,3008,85.5,-21.5,01101001,2005.28,2656,0.0,0.00,316.2,2004.61,0.0,-4.7, , 
,2005.97,1568,85.5,0.0,01111111,2006.30,1120,23.5,4.12,336.6,2005.65,0.0,-4.7, , 
,2007.00,1824,85.5,0.0,01101011,2007.33,2336,17.6,2.06,244.8,2006.64,-3.1,0.0, , 
,2008.00,2304,85.5,-10.5,01101001,2008.35,2304,20.8,2.06,295.8,2007.67,0.0,-4.7, , 
,2009.02,2304,85.5,-13.3,01101001,2009.39,2304,44.3,5.15,520.2,2008.67,0.0,-4.7, , 
,2010.06,2336,85.5,-9.0,01101001,2010.39,2336,51.8,6.18,612.0,2009.72,0.0,-4.7, , 
,2011.07,2336,85.5,-7.8,01101001,2011.42,2336,51.8,6.18,591.6,2010.73,0.0,-4.7, , 
,2012.09,2368,85.5,-2.0,01101001,2012.42,2368,63.5,9.27,693.6,2011.74,0.0,-4.7, , 
,2013.10,2400,85.5,-9.0,01101001,2013.44,2400,66.3,8.24,734.4,2012.78,0.0,-4.7, , 
,2014.10,2400,85.5,-13.7,01101001,2014.44,2400,66.3,7.21,734.4,2013.77,0.0,-4.7, , 
,2015.16,2400,85.5,-15.2,01101001,2015.49,2432,66.3,8.24,734.4,2014.80,0.0,-4.7, , 
,2016.16,2432,85.5,-14.8,01101001,2016.50,2432,66.3,7.21,734.4,2015.82,0.0,-4.7, , 
,2017.22,2432,85.5,-11.7,01101001,2017.58,2432,60.4,7.21,693.6,2016.86,0.0,-4.7, , 
,2018.27,2432,85.5,-5.9,01101001,2018.62,2432,60.4,7.21,673.2,2017.94,0.0,-4.7, , 
,2019.37,2432,85.5,-4.7,01101001,2019.75,2432,50.2,6.18,591.6,2018.99,0.0,-4.7, , 
,2020.45,2432,85.5,0.4,01101001,2020.80,2432,50.2,6.18,591.6,2020.10,0.0,-4.7, , 
,2021.48,2432,85.5,1.6,01101001,2021.86,2432,51.8,6.18,591.6,2021.15,0.0,-4.7, , 
,2022.55,2432,85.5,0.8,01101001,2022.89,2464,51.8,6.18,591.6,2022.21,0.0,-4.7, , 
,2023.60,2464,85.5,0.4,01101001,2023.96,2464,54.5,7.21,632.4,2023.24,0.0,-4.7, , 
,2024.68,2464,85.5,-0.8,01101001,2025.05,2464,54.5,7.21,632.4,2024.32,0.0,-4.7, , 
,2025.74,2464,85.5,-1.6,01101001,2026.10,2464,54.5,7.21,612.0,2025.40,0.0,-4.7, , 
,2026.82,2496,85.5,-1.2,01101001,2027.17,2496,53.3,6.18,612.0,2026.46,0.0,-4.7, , 
,2027.83,2496,85.5,-1.2,01101001,2028.15,2496,53.3,7.21,612.0,2027.51,0.0,-4.7, , 
,2028.83,2496,85.5,-1.2,01101001,2029.14,2496,42.7,5.15,499.8,2028.49,0.0,-4.7, , 
,2029.83,2496,85.5,3.5,01101001,2030.18,2464,31.0,4.12,397.8,2029.47,0.0,-4.7, , 
,2030.88,2464,85.5,4.7,01101001,2031.23,2464,25.1,3.09,336.6,2030.52,0.0,-4.7, , 
,2031.95,2432,85.5,2.7,01101001,2032.30,2432,25.1,3.09,336.6,2031.61,0.0,-4.7, , 
,2033.00,2432,85.5,2.7,01101001,2033.36,2432,40.0,5.15,479.4,2032.65,0.0,-4.7, , 
,2034.10,2432,85.5,7.4,01101001,2034.44,2432,44.3,6.18,520.2,2033.74,0.0,-4.7, , 
,2035.13,2432,85.5,7.0,01101001,2035.47,2464,44.3,6.18,520.2,2034.80,0.0,-4.7, , 
,2036.17,2464,85.5,7.0,01101001,2036.52,2464,44.3,6.18,499.8,2035.83,0.0,-4.7, , 
,2037.24,2464,85.5,5.1,01101001,2037.58,2496,42.7,6.18,499.8,2036.88,0.0,-4.7, , 
,2038.26,2496,85.5,4.7,01101001,2038.61,2496,36.9,5.15,438.6,2037.96,0.0,-4.7, , 
,2039.29,2496,85.5,6.3,01101001,2039.63,2496,32.5,4.12,418.2,2038.94,0.0,-4.7, , 
,2040.30,2496,85.5,6.6,01101001,2040.63,2496,26.7,3.09,357.0,2039.95,0.0,-4.7, , 
,2041.31,2464,85.5,0.0,01111101,2041.64,2496,0.0,0.00,244.8,2040.95,0.0,-4.7, , 
,2042.30,2464,85.5,0.0,01111101,2042.60,2464,0.0,0.00,244.8,2041.96,0.0,-4.7, , 
,2043.26,2432,85.5,0.0,01111101,2043.62,2432,0.0,0.00,244.8,2042.93,0.0,-4.7, , 
,2044.30,2432,85.5,0.0,01101001,2044.64,2400,17.6,2.06,244.8,2043.96,0.0,-4.7, , 
,2045.32,2368,85.5,-9.0,01101001,2045.65,2368,20.8,2.06,295.8,2044.98,0.0,-4.7, , 
,2046.38,2368,85.5,-10.5,01101001,2046.72,2368,36.9,4.12,438.6,2046.04,0.0,-4.7, , 
,2047.39,2336,85.5,-2.3,01101001,2047.72,2336,35.3,4.12,438.6,2047.07,0.0,-4.7, , 
,2048.39,2336,85.5,0.4,01101001,2048.71,2336,35.3,5.15,438.6,2048.05,0.0,-4.7, , 
,2049.38,2336,85.5,2.3,01101001,2049.72,2336,35.3,5.15,438.6,2049.03,0.0,-4.7, , 
,2050.38,2336,85.5,5.5,01101001,2050.72,2304,44.3,6.18,520.2,2050.04,0.0,-4.7, , 
,2051.39,2336,85.5,4.7,01101001,2051.74,2304,44.3,6.18,520.2,2051.06,0.0,-4.7, , 
,2052.41,2304,85.5,5.5,01101001,2052.76,2304,44.3,6.18,520.2,2052.06,0.0,-4.7, , 
,2053.45,2304,84.0,4.7,01101001,2053.79,2304,44.3,6.18,520.2,2053.09,0.0,-4.7, , 
,2054.47,2304,85.5,4.7,01101001,2054.80,2304,45.9,6.18,520.2,2054.14,0.0,-4.7, , 
,2055.50,2304,84.0,1.6,01101001,2055.84,2304,45.9,6.18,520.2,2055.15,0.0,-4.7, , 
,2056.55,2304,84.0,0.4,01101001,2056.88,2304,45.9,6.18,520.2,2056.21,0.0,-4.7, , 
,2057.53,2272,84.0,-0.4,01101001,2057.87,2272,45.9,6.18,520.2,2057.20,0.0,-4.7, , 
,2058.54,2272,84.0,-0.8,01101001,2058.89,2272,44.3,5.15,520.2,2058.21,0.0,-4.7, , 
,2059.57,2272,84.0,-0.8,01101001,2059.92,2272,41.2,5.15,479.4,2059.23,0.0,-4.7, , 
,2060.60,2272,84.0,0.0,01101001,2060.91,2272,56.1,8.24,652.8,2060.26,0.0,-4.7, , 
,2061.60,2272,84.0,-2.0,01101001,2061.93,2272,36.9,4.12,459.0,2061.26,0.0,-4.7, , 
,2062.58,2272,84.0,0.0,01101001,2062.91,2272,29.4,4.12,377.4,2062.25,0.0,-4.7, , 
,2063.57,2272,84.0,0.8,01101001,2063.90,2272,48.6,6.18,571.2,2063.24,0.0,-4.7, , 
,2064.58,2272,84.0,0.4,01101001,2064.92,2272,51.8,7.21,612.0,2064.25,0.0,-4.7, , 
,2065.59,2272,85.5,-2.7,01101001,2065.93,2272,51.8,7.21,612.0,2065.26,0.0,-4.7, , 
,2066.60,2272,84.0,-3.9,01101001,2066.93,2272,51.8,6.18,591.6,2066.26,0.0,-4.7, , 
,2067.60,2272,84.0,-3.5,01101001,2067.93,2304,47.1,6.18,571.2,2067.26,0.0,-4.7, , 
,2068.60,2272,84.0,-0.8,01101001,2068.93,2272,36.9,5.15,438.6,2068.26,0.0,-4.7, , 
,2069.58,2272,84.0,0.0,01101001,2069.92,2272,35.3,4.12,438.6,2069.25,0.0,-4.7, , 
,2070.59,2272,84.0,0.4,01101001,2070.92,2272,19.2,2.06,275.4,2070.26,0.0,-4.7, , 
,2071.58,2240,84.0,-5.5,01101001,2071.92,2240,16.1,2.06,244.8,2071.26,0.0,-4.7, , 
,2072.60,2240,84.0,-8.6,01101001,2072.93,2240,16.1,2.06,244.8,2072.26,0.0,-4.7, , 
,2073.59,2208,84.0,-10.9,01101001,2073.95,2208,17.6,2.06,244.8,2073.25,0.0,-4.7, , 
,2074.61,2176,84.0,-11.3,01101001,2074.94,2176,16.1,2.06,244.8,2074.28,0.0,-4.7, , 
,2075.62,2144,84.0,-12.5,01101001,2075.95,2144,16.1,2.06,244.8,2075.27,0.0,-4.7, , 
,2076.62,2112,84.0,-12.5,01101001,2076.98,2112,17.6,2.06,275.4,2076.28,0.0,-4.7, , 
,2077.68,2080,84.0,-9.4,01101001,2078.01,2080,17.6,2.06,275.4,2077.33,0.0,-4.7, , 
,2078.72,2080,84.0,-7.8,01101001,2079.07,2080,20.8,2.06,295.8,2078.37,0.0,-4.7, , 
,2079.75,2048,84.0,-9.0,01101001,2080.09,2048,25.1,3.09,336.6,2079.40,0.0,-4.7, , 
,2080.80,2048,84.0,-4.7,01101001,2081.15,2048,32.5,4.12,397.8,2080.45,0.0,-4.7, , 
,2081.86,2016,84.0,2.0,01101001,2082.21,2016,40.0,5.15,499.8,2081.50,0.0,-4.7, , 
,2082.92,2048,84.0,-0.8,01101001,2083.28,2048,56.1,7.21,652.8,2082.56,0.0,-4.7, , 
,2083.99,2048,84.0,-1.2,01101001,2084.34,2048,56.1,7.21,652.8,2083.63,0.0,-4.7, , 
,2085.04,2080,84.0,0.0,01101001,2085.37,2048,53.3,7.21,632.4,2084.71,0.0,-4.7, , 
,2086.06,2080,84.0,0.0,01101001,2086.41,2080,60.4,8.24,693.6,2085.72,0.0,-4.7, , 
,2087.10,2080,84.0,0.0,01101001,2087.46,2080,36.9,4.12,459.0,2086.75,0.0,-4.7, , 
,2088.16,2080,84.0,0.0,01101001,2088.51,2080,36.9,4.12,459.0,2087.79,0.0,-4.7, , 
,2089.21,2080,84.0,0.0,01101001,2089.54,2080,26.7,3.09,357.0,2088.87,0.0,-4.7, , 
,2090.22,2080,84.0,0.0,01101001,2090.57,2048,14.9,2.06,244.8,2089.87,0.0,-4.7, , 
,2091.27,2048,84.0,-7.0,01101001,2091.61,2048,14.9,2.06,244.8,2090.91,0.0,-4.7, , 
,2092.31,2016,84.0,-7.0,01111101,2092.66,1984,0.0,0.00,244.8,2091.95,0.0,-4.7, , 
,2093.38,1984,84.0,0.0,01111111,2093.73,1952,0.0,0.00,244.8,2093.02,0.0,-4.7, , 
,2094.41,1952,84.0,0.0,01111111,2094.74,1920,0.0,0.00,275.4,2094.06,0.0,-4.7, , 
,2095.45,1920,84.0,0.0,01111111,2095.79,1504,0.0,0.00,316.2,2095.10,0.0,-4.7, , 
,2096.37,992,84.0,0.0,01111111,2096.72,992,28.2,4.12,397.8,2096.10,-3.9,0.0, , 
,2097.35,864,84.0,0.0,01111111,2097.65,864,26.7,3.09,397.8,2097.03,-3.9,0.0, , 
,2098.26,896,84.0,0.0,01111111,2098.59,960,26.7,3.09,377.4,2097.95,-3.9,0.0, , 
,2099.20,864,84.0,-4.3,01111111,2099.52,864,26.7,3.09,397.8,2098.89,-4.7,0.0, , 
,2100.14,896,84.0,-2.7,01111111,2100.43,864,26.7,3.09,397.8,2099.83,-3.9,0.0, , 
,2101.03,896,84.0,-1.6,01111111,2101.36,896,26.7,3.09,397.8,2100.73,-3.9,0.0, , 
,2102.06,1632,84.0,0.0,01101011,2102.40,2048,19.2,2.06,275.4,2101.68,-3.9,0.0, , 
,2103.09,2048,84.0,-2.7,01101001,2103.44,2048,25.1,3.09,336.6,2102.74,0.0,-4.7, , 
,2104.14,2048,84.0,-0.8,01101001,2104.48,2048,25.1,3.09,336.6,2103.79,0.0,-4.7, , 
,2105.16,2048,84.0,0.0,01101001,2105.51,2048,48.6,6.18,571.2,2104.82,0.0,-4.7, , 
,2106.20,2048,84.0,-0.8,01101001,2106.54,2080,47.1,6.18,550.8,2105.85,0.0,-4.7, , 
,2107.23,2080,84.0,-0.4,01101001,2107.59,2080,47.1,6.18,571.2,2106.89,0.0,-4.7, , 
,2108.30,2112,84.0,0.0,01101001,2108.64,2112,45.9,6.18,550.8,2107.94,0.0,-4.7, , 
,2109.32,2048,84.0,0.0,01111101,2109.68,2080,16.1,2.06,244.8,2108.98,0.0,-4.7, , 
,2110.36,2048,84.0,0.0,01111101,2110.71,2016,0.0,0.00,244.8,2110.01,0.0,-4.7, , 
,2111.42,1984,84.0,0.0,01111111,2111.77,1952,0.0,0.00,244.8,2111.08,0.0,-4.7, , 
,2112.45,1888,84.0,0.0,01111111,2112.79,1856,0.0,0.00,275.4,2112.12,0.0,-4.7, , 
,2113.47,1792,84.0,0.0,01111111,2113.80,1760,0.0,0.00,316.2,2113.11,0.0,-4.7, , 
,2114.44,1280,84.0,0.0,01111111,2114.72,928,26.7,4.12,377.4,2114.13,-2.3,-4.7, , 
,2115.37,992,84.0,0.0,01111111,2115.75,1312,20.8,3.09,316.2,2115.06,-3.9,0.0, , 
,2116.42,2112,82.5,0.0,01111101,2116.76,2080,16.1,2.06,244.8,2116.08,0.0,-4.7, , 
,2117.45,2016,84.0,0.0,01101001,2117.81,2016,14.9,2.06,244.8,2117.09,0.0,-4.7, , 
,2118.52,1984,82.5,0.0,01101011,2118.88,1952,19.2,2.06,295.8,2118.16,0.0,-4.7, , 
,2119.59,1952,82.5,-4.7,01101011,2119.95,1952,20.8,2.06,295.8,2119.23,0.0,-4.7, , 
,2120.70,1952,82.5,-6.3,01101011,2121.06,1952,26.7,3.09,357.0,2120.34,0.0,-4.7, , 
,2121.78,1952,82.5,-3.5,01101011,2122.15,1952,25.1,3.09,336.6,2121.42,0.0,-4.7, , 
,2122.87,1984,82.5,0.0,01101001,2123.23,2016,44.3,6.18,520.2,2122.52,0.0,-4.7, , 
,2123.95,2048,82.5,0.0,01101001,2124.29,2048,34.1,4.12,418.2,2123.58,0.0,-4.7, , 
,2125.01,2080,82.5,0.4,01101001,2125.36,2112,42.7,5.15,499.8,2124.66,0.0,-4.7, , 
,2126.05,2176,82.5,1.2,01101001,2126.39,2208,54.5,7.21,632.4,2125.72,0.0,-4.7, , 
,2127.05,2272,82.5,0.0,01101001,2127.41,2304,51.8,7.21,591.6,2126.73,0.0,-4.7, , 
,2128.09,2368,82.5,-1.2,01101001,2128.43,2400,54.5,7.21,612.0,2127.76,0.0,-4.7, , 
,2129.13,2464,82.5,-3.1,01101001,2129.49,2528,53.3,7.21,612.0,2128.78,0.0,-4.7, , 
,2130.19,1760,82.5,0.0,01111111,2130.52,1280,0.0,0.00,336.6,2129.83,0.0,-4.7, , 
,2131.21,1824,82.5,0.0,01101011,2131.58,1856,19.2,2.06,275.4,2130.84,-3.1,0.0, , 
,2132.32,1920,82.5,-1.6,01101011,2132.69,1920,31.0,4.12,397.8,2131.96,0.0,-4.7, , 
,2133.42,1984,82.5,0.8,01101011,2133.78,1984,51.8,7.21,612.0,2133.06,0.0,-4.7, , 
,2134.45,2048,82.5,0.0,01101001,2134.79,2080,54.5,7.21,632.4,2134.12,0.0,-4.7, , 
,2135.48,2144,82.5,0.0,01101001,2135.81,2144,31.0,3.09,397.8,2135.13,0.0,-4.7, , 
,2136.47,2176,82.5,0.4,01101001,2136.81,2208,23.5,3.09,316.2,2136.14,0.0,-4.7, , 
,2137.51,2208,82.5,-3.5,01101001,2137.84,2240,23.5,3.09,316.2,2137.15,0.0,-4.7, , 
,2138.52,2272,82.5,-7.0,01101001,2138.86,2272,35.3,4.12,438.6,2138.19,0.0,-4.7, , 
,2139.51,2336,82.5,-2.3,01101001,2139.88,2336,53.3,6.18,612.0,2139.20,0.0,-4.7, , 
,2140.55,2432,82.5,-10.2,01101001,2140.90,2464,69.4,8.24,754.8,2140.22,0.0,-4.7, , 
,2141.57,2528,82.5,-14.5,01101001,2141.91,2560,66.3,7.21,734.4,2141.22,0.0,-4.7, , 
,2142.60,2624,82.5,-13.7,01101001,2142.94,2656,65.1,7.21,714.0,2142.25,0.0,-4.7, , 
,2143.59,2720,82.5,-11.7,01101001,2143.94,2752,63.5,7.21,714.0,2143.27,0.0,-4.7, , 
,2144.64,2784,82.5,-7.4,01101001,2144.97,2816,59.2,7.21,652.8,2144.30,0.0,-4.7, , 
,2145.65,2784,84.0,0.0,01111101,2145.97,2368,0.0,0.00,295.8,2145.29,0.0,-4.7, , 
,2146.61,1376,84.0,0.0,01111111,2146.93,1024,25.1,4.12,357.0,2146.31,0.0,-4.7, , 
,2147.61,2176,84.0,0.0,01101001,2147.94,2144,16.1,2.06,244.8,2147.26,-3.1,-4.7, , 
,2148.62,2112,84.0,-2.0,01101001,2148.94,2112,16.1,2.06,244.8,2148.28,0.0,-4.7, , 
,2149.64,2080,84.0,-4.7,01101001,2149.98,2112,22.0,2.06,316.2,2149.28,0.0,-4.7, , 
,2150.66,2048,84.0,0.0,01101001,2151.02,2080,51.8,6.18,612.0,2150.31,0.0,-4.7, , 
,2151.74,2080,84.0,0.0,01101001,2152.09,2080,51.8,6.18,612.0,2151.38,0.0,-4.7, , 
,2152.78,2080,84.0,0.4,01101001,2153.14,2080,50.2,6.18,591.6,2152.43,0.0,-4.7, , 
,2153.82,2112,84.0,0.4,01101001,2154.18,2112,57.6,7.21,652.8,2153.49,0.0,-4.7, , 
,2154.88,2112,84.0,-2.0,01101001,2155.22,2112,62.0,8.24,693.6,2154.54,0.0,-4.7, , 
,2155.94,2112,84.0,-4.7,01101001,2156.28,2144,66.3,8.24,734.4,2155.58,0.0,-4.7, , 
,2156.98,2144,84.0,-10.5,01101001,2157.34,2144,69.4,8.24,775.2,2156.62,0.0,-4.7, , 
,2158.00,2144,84.0,-10.9,01101001,2158.32,2144,69.4,8.24,775.2,2157.68,0.0,-4.7, , 
,2159.02,2176,84.0,-12.1,01101001,2159.36,2176,71.0,8.24,795.6,2158.65,0.0,-4.7, , 
,2160.05,2144,84.0,-12.5,01101001,2160.38,2176,72.2,8.24,795.6,2159.71,0.0,-4.7, , 
,2161.03,2176,85.5,-13.3,01101001,2161.38,2176,72.2,8.24,826.2,2160.69,0.0,-4.7, , 
,2162.10,2176,84.0,-12.9,01101001,2162.45,2176,72.2,8.24,795.6,2161.73,0.0,-4.7, , 
,2163.14,2176,84.0,-16.0,01101001,2163.46,2176,59.2,8.24,673.2,2162.79,0.0,-4.7, , 
,2164.16,2176,84.0,-3.1,01101001,2164.49,2176,57.6,7.21,652.8,2163.82,0.0,-4.7, , 
,2165.18,2176,85.5,-5.1,01101001,2165.51,2176,56.1,7.21,632.4,2164.83,0.0,-4.7, , 
,2166.19,2176,85.5,-5.5,01101001,2166.52,2176,53.3,6.18,612.0,2165.84,0.0,-4.7, , 
,2167.22,2176,85.5,-5.5,01101001,2167.56,2208,53.3,6.18,612.0,2166.88,0.0,-4.7, , 
,2168.22,2208,85.5,-3.5,01101001,2168.59,2208,59.2,7.21,673.2,2167.88,0.0,-4.7, , 
,2169.29,2208,85.5,-6.6,01101001,2169.65,2240,59.2,7.21,673.2,2168.94,0.0,-4.7, , 
,2170.38,2240,85.5,-8.2,01101001,2170.71,2240,59.2,7.21,673.2,2170.01,0.0,-4.7, , 
,2171.38,2272,85.5,-9.0,01101001,2171.73,2272,57.6,7.21,652.8,2171.05,0.0,-4.7, , 
,2172.39,2304,85.5,-7.0,01101001,2172.72,2304,56.1,7.21,652.8,2172.06,0.0,-4.7, , 
,2173.39,2304,85.5,-6.3,01101001,2173.75,2336,56.1,7.21,632.4,2173.07,0.0,-4.7, , 
,2174.45,2336,85.5,-5.9,01101001,2174.78,2336,53.3,7.21,612.0,2174.08,0.0,-4.7, , 
,2175.47,2336,85.5,-4.7,01101001,2175.81,2336,53.3,7.21,612.0,2175.10,0.0,-4.7, , 
,2176.50,2336,85.5,-5.1,01101001,2176.84,2336,51.8,6.18,612.0,2176.14,0.0,-4.7, , 
,2177.50,2336,85.5,-3.9,01101001,2177.82,2336,45.9,6.18,550.8,2177.17,0.0,-4.7, , 
,2178.52,2336,85.5,-0.4,01101001,2178.86,2336,40.0,5.15,479.4,2178.17,0.0,-4.7, , 
,2179.56,2336,85.5,1.2,01101001,2179.89,2336,40.0,5.15,479.4,2179.20,0.0,-4.7, , 
,2180.56,2336,85.5,1.2,01101001,2180.91,2336,38.4,5.15,459.0,2180.22,0.0,-4.7, , 
,2181.61,2336,84.0,0.4,01101001,2181.96,2336,31.0,4.12,397.8,2181.28,0.0,-4.7, , 
,2182.62,2336,84.0,1.2,01101001,2182.95,2336,29.4,4.12,377.4,2182.30,0.0,-4.7, , 
,2183.62,2336,84.0,0.0,01101001,2183.96,2336,31.0,4.12,377.4,2183.27,0.0,-4.7, , 
,2184.64,2336,84.0,0.4,01101001,2184.99,2336,40.0,5.15,479.4,2184.30,0.0,-4.7, , 
,2185.64,2336,84.0,-0.8,01101001,2185.99,2336,41.2,5.15,479.4,2185.32,0.0,-4.7, , 
,2186.69,2336,84.0,-1.2,01101001,2187.02,2336,41.2,5.15,479.4,2186.33,0.0,-4.7, , 
,2187.73,2336,84.0,-1.6,01101001,2188.07,2368,40.0,5.15,479.4,2187.39,0.0,-4.7, , 
,2188.75,2368,84.0,-2.0,01101001,2189.09,2368,40.0,5.15,479.4,2188.41,0.0,-4.7, , 
,2189.78,2368,84.0,-1.6,01101001,2190.14,2368,38.4,5.15,459.0,2189.47,0.0,-4.7, , 
,2190.78,2368,84.0,-1.2,01101001,2191.11,2400,34.1,4.12,418.2,2190.47,0.0,-4.7, , 
,2191.74,2400,85.5,1.6,01101001,2192.06,2368,32.5,4.12,397.8,2191.42,0.0,-4.7, , 
,2192.71,2368,84.0,2.3,01101001,2193.02,2368,32.5,4.12,397.8,2192.37,0.0,-4.7, , 
,2193.73,2368,84.0,2.7,01101001,2194.07,2368,35.3,5.15,418.2,2193.36,0.0,-4.7, , 
,2194.75,2368,84.0,1.2,01101001,2195.09,2368,40.0,5.15,479.4,2194.40,0.0,-4.7, , 
,2195.81,2368,84.0,0.0,01101001,2196.16,2368,40.0,5.15,479.4,2195.47,0.0,-4.7, , 
,2196.87,2368,84.0,-0.8,01101001,2197.21,2368,40.0,5.15,479.4,2196.52,0.0,-4.7, , 
,2197.93,2336,84.0,-1.6,01101001,2198.28,2336,40.0,5.15,479.4,2197.58,0.0,-4.7, , 
,2198.98,2336,85.5,-1.6,01101001,2199.31,2336,40.0,5.15,479.4,2198.61,0.0,-4.7, , 
,2199.98,2336,84.0,-0.8,01101001,2200.31,2336,40.0,5.15,479.4,2199.63,0.0,-4.7, , 
,2201.02,2304,84.0,-1.2,01101001,2201.36,2304,44.3,6.18,520.2,2200.66,0.0,-4.7, , 
,2202.01,2304,84.0,-1.6,01101001,2202.36,2304,44.3,6.18,520.2,2201.69,0.0,-4.7, , 
,2203.04,2304,84.0,-1.2,01101001,2203.36,2304,42.7,5.15,499.8,2202.68,0.0,-4.7, , 
,2204.03,2304,84.0,-1.6,01101001,2204.35,2304,44.3,5.15,499.8,2203.71,0.0,-4.7, , 
,2205.02,2336,84.0,0.0,01101001,2205.35,2336,63.5,8.24,714.0,2204.69,0.0,-4.7, , 
,2206.04,2336,84.0,-11.7,01101001,2206.39,2368,57.6,7.21,652.8,2205.71,0.0,-4.7, , 
,2207.08,2368,84.0,-9.4,01101001,2207.47,2368,50.2,6.18,571.2,2206.77,0.0,-4.7, , 
,2208.18,2400,85.5,-5.1,01101001,2208.57,2400,48.6,6.18,571.2,2207.86,0.0,-4.7, , 
,2209.31,2400,84.0,-3.1,01101001,2209.63,2400,47.1,6.18,550.8,2208.94,0.0,-4.7, , 
,2210.40,2432,84.0,-2.7,01101001,2210.75,2432,42.7,6.18,499.8,2209.99,0.0,-4.7, , 
,2211.45,2432,85.5,-1.2,01101001,2211.78,2432,42.7,6.18,499.8,2211.11,0.0,-4.7, , 
,2212.49,2432,84.0,-1.2,01101001,2212.83,2432,44.3,6.18,520.2,2212.12,0.0,-4.7, , 
,2213.53,2432,84.0,-2.7,01101001,2213.91,2432,51.8,7.21,591.6,2213.19,0.0,-4.7, , 
,2214.59,2432,84.0,-6.3,01101001,2214.94,2464,50.2,6.18,591.6,2214.25,0.0,-4.7, , 
,2215.66,2464,84.0,-7.0,01101001,2216.01,2464,50.2,6.18,571.2,2215.31,0.0,-4.7, , 
,2216.73,2464,85.5,-3.5,01101001,2217.08,2464,44.3,6.18,520.2,2216.39,0.0,-4.7, , 
,2217.80,2464,84.0,-1.2,01101001,2218.15,2464,36.9,5.15,459.0,2217.42,0.0,-4.7, , 
,2218.87,2432,84.0,2.0,01101001,2219.24,2432,34.1,4.12,418.2,2218.52,0.0,-4.7, , 
,2219.93,2432,84.0,3.5,01101001,2220.26,2432,34.1,4.12,418.2,2219.58,0.0,-4.7, , 
,2220.99,2400,85.5,2.3,01101001,2221.35,2400,38.4,5.15,459.0,2220.62,0.0,-4.7, , 
,2222.04,2400,84.0,0.8,01101001,2222.39,2400,38.4,5.15,459.0,2221.68,0.0,-4.7, , 
,2223.08,2400,84.0,0.0,01101001,2223.42,2400,38.4,5.15,459.0,2222.72,0.0,-4.7, , 
,2224.09,2400,84.0,-0.8,01101001,2224.41,2400,40.0,5.15,459.0,2223.78,0.0,-4.7, , 
,2225.09,2400,85.5,-0.8,01101001,2225.43,2368,42.7,5.15,499.8,2224.77,0.0,-4.7, , 
,2226.08,2400,84.0,-1.6,01101001,2226.39,2400,44.3,6.18,520.2,2225.77,0.0,-4.7, , 
,2227.03,2400,85.5,-2.0,01101001,2227.34,2400,47.1,6.18,550.8,2226.72,0.0,-4.7, , 
,2228.06,2368,85.5,-1.2,01101001,2228.43,2368,47.1,6.18,550.8,2227.67,0.0,-4.7, , 
,2229.11,2368,84.0,-3.1,01101001,2229.43,2400,51.8,6.18,591.6,2228.77,0.0,-4.7, , 
,2230.17,2368,84.0,-5.9,01101001,2230.55,2400,47.1,6.18,571.2,2229.77,0.0,-4.7, , 
,2231.22,2400,85.5,-3.5,01101001,2231.53,2400,44.3,6.18,520.2,2230.88,0.0,-4.7, , 
,2232.25,2400,84.0,-2.0,01101001,2232.62,2400,44.3,6.18,520.2,2231.87,0.0,-4.7, , 
,2233.29,2400,84.0,-1.6,01101001,2233.64,2400,42.7,5.15,499.8,2232.94,0.0,-4.7, , 
,2234.34,2400,84.0,-0.8,01101001,2234.68,2400,42.7,5.15,499.8,2233.99,0.0,-4.7, , 
,2235.41,2400,84.0,-1.6,01101001,2235.76,2400,42.7,5.15,499.8,2235.03,0.0,-4.7, , 
,2236.49,2400,85.5,-1.2,01101001,2236.82,2400,42.7,5.15,499.8,2236.12,0.0,-4.7, , 
,2237.55,2400,84.0,-1.2,01101001,2237.92,2400,42.7,5.15,499.8,2237.18,0.0,-4.7, , 
,2238.60,2432,85.5,-2.0,01101001,2238.93,2432,41.2,5.15,499.8,2238.27,0.0,-4.7, , 
,2239.68,2432,85.5,-1.6,01101001,2240.03,2432,32.5,4.12,397.8,2239.30,0.0,-4.7, , 
,2240.69,2432,85.5,0.4,01101001,2241.06,2432,20.8,2.06,295.8,2240.36,0.0,-4.7, , 
,2241.73,2432,85.5,-12.1,01101001,2242.09,2432,20.8,2.06,275.4,2241.39,0.0,-4.7, , 
,2242.80,2432,85.5,-17.6,01101001,2243.17,2432,20.8,2.06,275.4,2242.43,0.0,-4.7, , 
,2243.86,2432,85.5,-21.1,01101001,2244.19,2432,20.8,2.06,295.8,2243.50,0.0,-4.7, , 
,2244.91,2400,85.5,-21.1,01101001,2245.24,2400,40.0,4.12,479.4,2244.55,0.0,-4.7, , 
,2245.94,2400,85.5,-8.2,01101001,2246.30,2400,45.9,5.15,520.2,2245.59,0.0,-4.7, , 
,2246.97,2400,84.0,-2.0,01101001,2247.33,2400,45.9,6.18,520.2,2246.65,0.0,-4.7, , 
,2247.97,2368,85.5,1.2,01101001,2248.33,2368,44.3,6.18,520.2,2247.64,0.0,-4.7, , 
,2249.00,2368,84.0,3.1,01101001,2249.35,2368,44.3,6.18,520.2,2248.66,0.0,-4.7, , 
,2250.03,2368,85.5,3.1,01101001,2250.36,2368,41.2,5.15,499.8,2249.69,0.0,-4.7, , 
,2251.02,2336,84.0,0.0,01101001,2251.36,2336,22.0,3.09,295.8,2250.69,0.0,-4.7, , 
,2252.01,2272,85.5,-2.7,01101001,2252.35,2240,17.6,2.06,244.8,2251.68,0.0,-4.7, , 
,2253.02,2240,85.5,-3.1,01101001,2253.37,2208,16.1,2.06,244.8,2252.68,0.0,-4.7, , 
,2254.05,2176,84.0,-0.4,01101001,2254.36,2144,16.1,2.06,244.8,2253.71,0.0,-4.7, , 
,2255.02,2112,84.0,5.9,01101001,2255.36,2112,23.5,2.06,316.2,2254.68,0.0,-4.7, , 
,2256.04,2080,85.5,12.5,01101001,2256.36,2048,40.0,4.12,479.4,2255.69,0.0,-4.7, , 
,2257.05,2048,84.0,24.2,01101001,2257.38,2048,45.9,5.15,550.8,2256.70,0.0,-4.7, , 
,2258.10,2016,84.0,31.3,01101001,2258.44,2016,53.3,7.21,612.0,2257.75,0.0,-4.7, , 
,2259.13,2016,84.0,33.6,01101001,2259.50,2016,51.8,6.18,612.0,2258.78,0.0,-4.7, , 
,2260.21,2016,84.0,31.6,01101001,2260.55,2016,57.6,7.21,652.8,2259.84,0.0,-4.7, , 
,2261.27,2016,84.0,0.0,01101001,2261.61,2048,81.2,11.33,907.8,2260.90,0.0,-4.7, , 
,2262.32,2048,84.0,-9.8,01101001,2262.66,2080,82.7,10.30,907.8,2261.96,0.0,-4.7, , 
,2263.38,2080,84.0,0.0,01101001,2263.73,2080,71.0,9.27,795.6,2263.03,0.0,-4.7, , 
,2264.42,2112,84.0,-6.3,01101001,2264.76,2144,76.9,10.30,846.6,2264.07,0.0,-4.7, , 
,2265.43,2144,84.0,-9.4,01101001,2265.76,2176,73.7,8.24,826.2,2265.10,0.0,-4.7, , 
,2266.44,2208,84.0,0.0,01101001,2266.79,2208,54.5,7.21,632.4,2266.10,0.0,-4.7, , 
,2267.44,2240,84.0,0.8,01101001,2267.78,2240,66.3,8.24,754.8,2267.11,0.0,-4.7, , 
,2268.45,2240,84.0,-8.6,01101001,2268.78,2272,69.4,8.24,775.2,2268.10,0.0,-4.7, , 
,2269.45,2272,84.0,-14.5,01101001,2269.80,2272,73.7,8.24,826.2,2269.11,0.0,-4.7, , 
,2270.48,2304,84.0,-16.0,01101001,2270.80,2304,73.7,8.24,795.6,2270.13,0.0,-4.7, , 
,2271.46,2304,84.0,-15.6,01101001,2271.80,2336,71.0,7.21,775.2,2271.14,0.0,-4.7, , 
,2272.53,2336,84.0,-11.7,01101001,2272.87,2336,54.5,6.18,632.4,2272.17,0.0,-4.7, , 
,2273.51,2336,84.0,0.4,01101001,2273.84,2336,53.3,6.18,612.0,2273.19,0.0,-4.7, , 
,2274.54,2336,84.0,0.0,01101001,2274.85,2336,42.7,5.15,499.8,2274.20,0.0,-4.7, , 
,2275.51,2336,84.0,4.3,01101001,2275.85,2336,41.2,5.15,499.8,2275.19,0.0,-4.7, , 
,2276.55,2336,84.0,6.3,01101001,2276.88,2368,36.9,5.15,438.6,2276.21,0.0,-4.7, , 
,2277.59,2368,84.0,9.0,01101001,2277.95,2368,35.3,4.12,418.2,2277.26,0.0,-4.7, , 
,2278.71,2400,84.0,9.8,01101001,2279.06,2400,34.1,4.12,418.2,2278.35,0.0,-4.7, , 
,2279.79,2400,84.0,11.3,01101001,2280.16,2400,34.1,4.12,418.2,2279.43,0.0,-4.7, , 
,2280.84,2432,84.0,11.3,01101001,2281.20,2400,34.1,5.15,418.2,2280.48,0.0,-4.7, , 
,2281.90,2432,84.0,11.3,01101001,2282.26,2400,34.1,4.12,418.2,2281.55,0.0,-4.7, , 
,2282.93,2400,84.0,8.6,01101001,2283.29,2400,32.5,4.12,397.8,2282.59,0.0,-4.7, , 
,2284.00,2368,84.0,8.2,01101001,2284.34,2368,35.3,5.15,418.2,2283.65,0.0,-4.7, , 
,2285.06,2336,84.0,6.6,01101001,2285.39,2336,41.2,5.15,479.4,2284.69,0.0,-4.7, , 
,2286.07,2304,84.0,6.6,01101001,2286.38,2304,47.1,6.18,550.8,2285.71,0.0,-4.7, , 
,2287.06,2272,84.0,0.0,01101001,2287.39,2272,63.5,8.24,714.0,2286.72,0.0,-4.7, , 
,2288.05,2272,84.0,-7.8,01101001,2288.39,2272,63.5,8.24,714.0,2287.72,0.0,-4.7, , 
,2289.05,2240,84.0,-10.2,01101001,2289.41,2240,59.2,6.18,673.2,2288.72,0.0,-4.7, , 
,2290.10,2240,84.0,-6.6,01101001,2290.46,2240,47.1,6.18,571.2,2289.76,0.0,-4.7, , 
,2291.15,2208,84.0,-2.7,01101001,2291.51,2208,54.5,7.21,612.0,2290.81,0.0,-4.7, , 
,2292.18,2208,84.0,-9.8,01101001,2292.52,2208,71.0,8.24,775.2,2291.85,0.0,-4.7, , 
,2293.21,2240,84.0,-16.4,01101001,2293.56,2240,71.0,8.24,795.6,2292.87,0.0,-4.7, , 
,2294.23,2240,84.0,-17.6,01101001,2294.58,2272,72.2,8.24,795.6,2293.89,0.0,-4.7, , 
,2295.26,2272,84.0,-17.2,01101001,2295.60,2272,71.0,8.24,775.2,2294.92,0.0,-4.7, , 
,2296.29,2304,84.0,-16.8,01101001,2296.60,2304,71.0,8.24,775.2,2295.95,0.0,-4.7, , 
,2297.31,2304,84.0,-17.2,01101001,2297.67,2304,62.0,7.21,693.6,2296.96,0.0,-4.7, , 
,2298.35,2304,84.0,-9.8,01101001,2298.71,2304,54.5,7.21,632.4,2298.01,0.0,-4.7, , 
,2299.38,2304,84.0,-4.3,01101001,2299.72,2304,36.9,4.12,438.6,2299.06,0.0,-4.7, , 
,2300.36,2304,84.0,0.8,01101001,2300.67,2304,32.5,4.12,397.8,2300.03,0.0,-4.7, , 
,2301.36,2272,84.0,-2.0,01101001,2301.69,2272,25.1,3.09,336.6,2301.01,0.0,-4.7, , 
,2302.39,2272,85.5,-3.1,01101001,2302.73,2240,25.1,3.09,336.6,2302.04,0.0,-4.7, , 
,2303.39,2240,84.0,-3.5,01101001,2303.71,2240,25.1,3.09,336.6,2303.05,0.0,-4.7, , 
,2304.39,2240,84.0,-3.5,01101001,2304.72,2240,25.1,3.09,336.6,2304.07,0.0,-4.7, , 
,2305.39,2240,84.0,-3.1,01101001,2305.75,2240,26.7,3.09,357.0,2305.04,0.0,-4.7, , 
,2306.45,2240,85.5,-3.5,01101001,2306.81,2240,26.7,3.09,336.6,2306.09,0.0,-4.7, , 
,2307.51,2240,85.5,-3.5,01101001,2307.86,2240,26.7,3.09,357.0,2307.17,0.0,-4.7, , 
,2308.56,2240,84.0,-3.5,01101001,2308.89,2240,28.2,3.09,357.0,2308.21,0.0,-4.7, , 
,2309.57,2240,85.5,-1.6,01101001,2309.91,2208,32.5,4.12,418.2,2309.23,0.0,-4.7, , 
,2310.58,2208,85.5,0.4,01101001,2310.93,2208,32.5,4.12,397.8,2310.24,0.0,-4.7, , 
,2311.63,2208,84.0,0.0,01101001,2311.98,2208,25.1,3.09,336.6,2311.30,0.0,-4.7, , 
,2312.66,2176,84.0,-6.6,01101001,2313.00,2176,19.2,2.06,275.4,2312.31,0.0,-4.7, , 
,2313.69,2144,85.5,-11.7,01101001,2314.03,2144,17.6,2.06,275.4,2313.34,0.0,-4.7, , 
,2314.69,2144,84.0,-10.9,01101001,2315.04,2112,19.2,2.06,275.4,2314.35,0.0,-4.7, , 
,2315.73,2112,84.0,-14.1,01101001,2316.08,2112,22.0,2.06,316.2,2315.37,0.0,-4.7, , 
,2316.75,2080,84.0,-15.6,01101001,2317.09,2080,25.1,2.06,336.6,2316.42,0.0,-4.7, , 
,2317.75,2080,85.5,-13.3,01101001,2318.08,2080,32.5,4.12,418.2,2317.42,0.0,-4.7, , 
,2318.78,2080,84.0,-6.6,01101001,2319.11,2112,51.8,6.18,612.0,2318.42,0.0,-4.7, , 
,2319.79,2112,84.0,-4.3,01101001,2320.14,2112,54.5,7.21,632.4,2319.45,0.0,-4.7, , 
,2320.84,2112,84.0,-2.3,01101001,2321.17,2144,51.8,6.18,612.0,2320.49,0.0,-4.7, , 
,2321.84,2144,84.0,-1.6,01101001,2322.18,2144,51.8,6.18,591.6,2321.51,0.0,-4.7, , 
,2322.86,2144,84.0,-2.0,01101001,2323.20,2144,50.2,6.18,591.6,2322.52,0.0,-4.7, , 
,2323.92,2144,84.0,-2.7,01101001,2324.25,2144,40.0,5.15,479.4,2323.55,0.0,-4.7, , 
,2324.90,2144,84.0,-1.2,01101001,2325.25,2144,32.5,4.12,397.8,2324.58,0.0,-4.7, , 
,2325.91,2144,84.0,-0.4,01101001,2326.27,2112,32.5,4.12,397.8,2325.58,0.0,-4.7, , 
,2326.98,2112,84.0,0.4,01101001,2327.32,2112,31.0,4.12,397.8,2326.62,0.0,-4.7, , 
,2328.01,2080,84.0,-2.0,01101001,2328.37,2080,26.7,3.09,357.0,2327.66,0.0,-4.7, , 
,2329.08,2080,84.0,-2.7,01111101,2329.43,2048,17.6,2.06,275.4,2328.73,0.0,-4.7, , 
,2330.12,2080,84.0,0.0,01111101,2330.46,2048,0.0,0.00,244.8,2329.77,0.0,-4.7, , 
,2331.16,2048,84.0,0.0,01111101,2331.53,2048,0.0,0.00,244.8,2330.81,0.0,-4.7, , 
,2332.24,1984,84.0,0.0,01111101,2332.59,1952,0.0,0.00,244.8,2331.88,0.0,-4.7, , 
,2333.27,1888,84.0,0.0,01111111,2333.63,1824,0.0,0.00,295.8,2332.92,0.0,-4.7, , 
,2334.35,1792,84.0,0.0,01111111,2334.70,1760,0.0,0.00,316.2,2333.98,0.0,-4.7, , 
,2335.37,1728,84.0,0.0,01111111,2335.71,1728,0.0,0.00,316.2,2335.01,-2.3,-4.7, , 
,2336.39,1696,84.0,0.0,01111111,2336.74,1696,0.0,0.00,316.2,2336.04,-2.3,-4.7, , 
,2337.37,1376,84.0,0.0,01111111,2337.73,992,25.1,4.12,357.0,2337.06,-2.3,-4.7, , 
,2338.35,992,84.0,0.0,01111111,2338.66,896,25.1,4.12,377.4,2338.03,-3.1,0.0, , 
,2339.27,896,84.0,0.0,01111111,2339.61,896,26.7,3.09,377.4,2338.97,-4.7,0.0, , 
,2340.22,896,84.0,-3.1,01111111,2340.50,896,26.7,3.09,397.8,2339.92,-3.9,0.0, , 
,2341.12,864,84.0,-3.5,01111111,2341.43,896,26.7,3.09,377.4,2340.80,-3.9,0.0, , 
,2342.04,896,84.0,-2.0,01111111,2342.33,896,26.7,3.09,397.8,2341.74,-4.7,0.0, , 
,2342.94,896,84.0,-0.8,01111111,2343.23,896,26.7,3.09,397.8,2342.64,-3.9,0.0, , 
,2343.82,896,84.0,-1.2,01111111,2344.12,896,26.7,3.09,397.8,2343.53,-3.9,0.0, , 
,2344.73,864,84.0,-2.0,01111111,2345.03,896,26.7,3.09,397.8,2344.43,-3.9,0.0, , 
,2345.63,896,84.0,-2.3,01111111,2345.93,896,26.7,3.09,397.8,2345.32,-3.9,0.0, , 
,2346.53,896,84.0,-1.6,01111111,2346.86,896,26.7,3.09,397.8,2346.23,-3.9,0.0, , 
,2347.49,896,84.0,-1.2,01111111,2347.83,896,26.7,3.09,377.4,2347.19,-3.9,0.0, , 
,2348.45,896,84.0,-0.8,01111111,2348.75,864,26.7,3.09,397.8,2348.14,-3.9,0.0, , 
,2349.33,896,84.0,-0.8,01111111,2349.63,864,26.7,3.09,377.4,2349.03,-3.9,0.0, , 
,2350.23,896,84.0,-2.0,01111111,2350.53,896,26.7,3.09,397.8,2349.93,-3.9,0.0, , 
,2351.13,896,84.0,-2.7,01111111,2351.43,896,26.7,3.09,397.8,2350.83,-3.9,0.0, , 
,2352.07,896,84.0,-2.0,01111111,2352.38,896,26.7,3.09,397.8,2351.75,-3.9,0.0, , 
,2352.98,896,84.0,-1.2,01111111,2353.29,896,26.7,3.09,397.8,2352.68,-3.9,0.0, , 
,2353.89,864,84.0,-1.6,01111111,2354.17,864,26.7,3.09,377.4,2353.59,-3.9,0.0, , 
,2354.77,864,84.0,-2.3,01111111,2355.07,896,26.7,3.09,397.8,2354.47,-4.7,0.0, , 
,2355.69,864,84.0,-3.1,01111111,2356.01,864,26.7,3.09,397.8,2355.37,-3.9,0.0, , 
,2356.65,864,84.0,-3.5,01111111,2356.96,896,28.2,3.09,397.8,2356.32,-3.9,0.0, , 
,2357.58,896,84.0,-4.3,01111111,2357.88,896,28.2,3.09,397.8,2357.26,-3.9,0.0, , 
,2358.49,896,84.0,-5.9,01111111,2358.81,896,26.7,3.09,397.8,2358.19,-3.9,0.0, , 
,2359.41,864,84.0,-5.9,01111111,2359.72,896,28.2,3.09,397.8,2359.12,-3.9,0.0, , 
,2360.29,896,84.0,-5.9,01111111,2360.61,896,28.2,3.09,397.8,2360.00,-3.9,0.0, , 
,2361.19,864,84.0,-5.5,01111111,2361.49,896,28.2,3.09,397.8,2360.90,-3.9,0.0, , 
,2362.12,864,84.0,-5.1,01111111,2362.43,896,28.2,3.09,397.8,2361.82,-3.9,0.0, , 
,2363.04,800,84.0,-5.5,01111111,2363.32,736,28.2,3.09,418.2,2362.75,-3.9,0.0, , 
,2363.92,800,84.0,-5.9,01111111,2364.22,800,29.4,3.09,418.2,2363.62,-4.7,0.0, , 
,2364.82,768,84.0,-7.8,01111111,2365.13,768,31.0,3.09,438.6,2364.52,-4.7,0.0, , 
,2365.73,800,84.0,-7.4,01111111,2366.04,800,29.4,3.09,418.2,2365.44,-3.9,0.0, , 
,2366.65,800,84.0,-7.8,01111111,2366.95,800,29.4,3.09,418.2,2366.36,-4.7,0.0, , 
,2367.54,800,84.0,-7.4,01111111,2367.84,800,29.4,3.09,418.2,2367.24,-4.7,0.0, , 
,2368.42,800,84.0,-7.0,01111111,2368.71,800,29.4,3.09,418.2,2368.13,-4.7,0.0, , 
,2369.32,768,84.0,-7.0,01111111,2369.63,768,29.4,3.09,418.2,2369.02,-4.7,0.0, , 
,2370.23,800,84.0,-6.6,01111111,2370.53,800,29.4,3.09,418.2,2369.92,-4.7,0.0, , 
,2371.11,768,84.0,-7.0,01111111,2371.40,800,29.4,3.09,438.6,2370.83,-4.7,0.0, , 
,2372.00,800,84.0,-7.0,01111111,2372.29,768,29.4,3.09,418.2,2371.69,-4.7,0.0, , 
,2372.89,768,84.0,-7.0,01111111,2373.19,800,29.4,3.09,418.2,2372.59,-4.7,0.0, , 
,2373.79,800,84.0,-7.0,01111111,2374.09,768,28.2,3.09,418.2,2373.48,-4.7,0.0, , 
,2374.68,768,84.0,-7.4,01101011,2374.98,800,47.1,7.21,591.6,2374.39,-4.7,0.0, , 
,2375.60,1056,84.0,0.0,01101011,2375.92,1120,81.2,13.39,948.6,2375.31,-2.3,0.0, , 
,2376.68,1536,84.0,0.0,01101011,2376.99,1408,76.9,11.33,887.4,2376.28,-0.8,-4.7, , 
,2377.69,2016,84.0,-6.6,01101001,2378.03,2240,57.6,7.21,652.8,2377.36,-0.8,-4.7, , 
,2378.70,2400,84.0,0.0,01111101,2379.03,1920,0.0,0.00,316.2,2378.37,0.0,-4.7, , 
,2379.64,960,84.0,0.0,01111111,2380.06,1376,28.2,4.12,377.4,2379.33,-3.1,0.0, , 
,2380.78,1440,84.0,0.0,01101011,2381.15,1440,25.1,3.09,357.0,2380.43,-2.3,0.0, , 
,2381.80,1472,84.0,-5.5,01101011,2382.25,1472,25.1,3.09,336.6,2381.52,-3.1,0.0, , 
,2382.81,1472,84.0,-5.1,01101011,2383.07,1472,25.1,3.09,357.0,2382.54,-2.3,0.0, , 
,2383.63,1504,82.5,-4.7,01111111,2384.01,1536,22.0,3.09,336.6,2383.34,-2.3,0.0, , 
,2384.56,1472,82.5,-2.3,01111111,2384.87,1376,23.5,3.09,336.6,2384.28,-3.1,-4.7, , 
,2385.48,992,82.5,-3.5,01111111,2385.79,864,26.7,3.09,377.4,2385.19,-3.1,0.0, , 
,2386.39,896,82.5,-4.3,01111111,2386.71,896,28.2,3.09,397.8,2386.09,-3.9,0.0, , 
,2387.35,896,82.5,-6.6,01111111,2387.67,896,28.2,3.09,397.8,2387.03,-3.9,0.0, , 
,2388.30,896,82.5,-6.6,01111111,2388.60,896,28.2,3.09,397.8,2387.98,-3.9,0.0, , 
,2389.20,1248,82.5,0.0,01101011,2389.54,1248,42.7,6.18,550.8,2388.89,-3.1,0.0, , 
,2390.22,1216,82.5,-4.7,01101011,2390.57,1280,47.1,6.18,591.6,2389.89,-2.3,0.0, , 
,2391.23,1344,82.5,-5.5,01101011,2391.58,1408,38.4,5.15,479.4,2390.90,-1.6,0.0, , 
,2392.26,1408,82.5,0.0,01101011,2392.60,1376,31.0,4.12,397.8,2391.92,-2.3,0.0, , 
,2393.27,1408,81.0,0.0,01101011,2393.62,1472,67.8,10.30,795.6,2392.94,-1.6,0.0, , 
,2394.39,1664,82.5,0.0,01101011,2394.77,1760,57.6,7.21,673.2,2394.01,-1.6,-4.7, , 
,2395.48,1952,82.5,-6.3,01101011,2395.82,2080,66.3,8.24,734.4,2395.13,0.0,-4.7, , 
,2396.49,2272,82.5,0.0,01101001,2396.82,2336,45.9,6.18,520.2,2396.15,0.0,-4.7, , 
,2397.51,2432,82.5,0.4,01101001,2397.84,2496,41.2,5.15,479.4,2397.14,0.0,-4.7, , 
,2398.53,2176,82.5,0.0,01111101,2398.84,1632,0.0,0.00,316.2,2398.18,0.0,-4.7, , 
,2399.40,960,82.5,0.0,01111111,2399.73,960,28.2,4.12,397.8,2399.13,-3.9,0.0, , 
,2400.35,896,82.5,0.0,01111111,2400.65,864,26.7,3.09,397.8,2400.04,-3.9,0.0, , 
,2401.26,896,82.5,0.0,01111111,2401.58,896,26.7,3.09,397.8,2400.95,-3.9,0.0, , 
,2402.19,864,82.5,-5.9,01111111,2402.48,864,26.7,3.09,397.8,2401.88,-3.9,0.0, , 
,2403.08,896,82.5,-5.5,01101011,2403.40,1056,36.9,5.15,459.0,2402.79,-3.9,0.0, , 
,2404.09,1376,82.5,0.0,01101011,2404.43,1408,76.9,13.39,887.4,2403.75,-2.3,0.0, , 
,2405.04,1536,82.5,0.0,01101011,2405.37,1600,85.5,13.39,969.0,2404.70,-0.8,0.0, , 
,2406.06,1728,82.5,0.0,01101011,2406.40,1824,87.1,12.36,969.0,2405.72,-0.8,-4.7, , 
,2407.12,1952,82.5,-11.7,01101011,2407.47,2048,88.6,11.33,969.0,2406.76,0.0,-4.7, , 
,2408.16,2208,82.5,-17.2,01101001,2408.51,2272,88.6,11.33,969.0,2407.82,0.0,-4.7, , 
,2409.19,2400,82.5,-19.9,01101001,2409.54,2496,85.5,10.30,928.2,2408.86,0.0,-4.7, , 
,2410.22,2624,82.5,-24.2,01101001,2410.55,2688,78.4,8.24,846.6,2409.87,0.0,-4.7, , 
,2411.22,2592,84.0,0.0,01111101,2411.54,2112,0.0,0.00,316.2,2410.89,0.0,-4.7, , 
,2412.20,1696,84.0,0.0,01101011,2412.55,2048,19.2,3.09,295.8,2411.84,-3.1,-4.7, , 
,2413.23,2080,84.0,0.0,01101001,2413.57,2080,22.0,3.09,316.2,2412.88,0.0,-4.7, , 
,2414.27,2080,84.0,-9.4,01101001,2414.63,2112,22.0,2.06,316.2,2413.92,0.0,-4.7, , 
,2415.31,2112,84.0,-9.0,01111101,2415.65,2080,0.0,0.00,244.8,2414.97,0.0,-4.7, , 
,2416.33,2112,84.0,0.0,01111101,2416.65,2112,0.0,0.00,244.8,2415.99,0.0,-4.7, , 
,2417.35,2112,84.0,0.0,01111101,2417.68,2112,0.0,0.00,244.8,2417.01,0.0,-4.7, , 
,2418.39,2112,84.0,0.0,01111101,2418.72,2112,0.0,0.00,244.8,2418.03,0.0,-4.7, , 
,2419.40,2080,84.0,0.0,01111101,2419.74,2048,0.0,0.00,244.8,2419.05,0.0,-4.7, , 
,2420.45,2016,85.5,0.0,01111101,2420.79,1952,0.0,0.00,244.8,2420.09,0.0,-4.7, , 
,2421.50,1824,85.5,0.0,01111111,2421.82,1760,0.0,0.00,316.2,2421.15,0.0,-4.7, , 
,2422.50,1664,85.5,0.0,01111111,2422.84,1600,0.0,0.00,316.2,2422.15,-2.3,-4.7, , 
,2423.45,1504,85.5,0.0,01111111,2423.75,1472,0.0,0.00,336.6,2423.15,-3.1,-4.7, , 
,2424.42,1408,85.5,0.0,01111111,2424.75,1376,0.0,0.00,336.6,2424.08,-3.1,0.0, , 
,2425.40,1312,85.5,0.0,01111111,2425.72,1280,22.0,3.09,336.6,2425.08,-3.1,0.0, , 
,2426.36,1280,85.5,0.0,01111111,2426.68,1184,22.0,3.09,336.6,2426.05,-3.1,0.0, , 
,2427.28,864,85.5,0.0,01111111,2427.57,896,28.2,3.09,397.8,2427.00,-3.9,0.0, , 
,2428.19,896,85.5,-1.6,01111111,2428.50,960,28.2,3.09,397.8,2427.88,-3.9,0.0, , 
,2429.16,1536,85.5,-7.4,01101011,2429.50,1664,20.8,2.06,316.2,2428.80,-3.9,0.0, , 
,2430.18,1632,85.5,2.7,01101011,2430.51,1664,25.1,3.09,357.0,2429.82,-3.1,-4.7, , 
,2431.18,1664,85.5,5.1,01111111,2431.54,1664,22.0,3.09,316.2,2430.84,-2.3,-4.7, , 
,2432.24,1696,85.5,6.6,01111111,2432.59,1664,22.0,3.09,316.2,2431.91,-3.1,-4.7, , 
,2433.32,1632,85.5,9.4,01101011,2433.71,1696,28.2,4.12,377.4,2432.94,-3.1,-4.7, , 
,2434.40,1664,85.5,0.0,01111111,2434.73,1696,23.5,3.09,336.6,2434.06,-1.6,-4.7, , 
,2435.42,1728,85.5,2.0,01111111,2435.77,1696,22.0,3.09,316.2,2435.09,-2.3,-4.7, , 
,2436.52,1760,85.5,2.7,01101011,2436.90,1728,42.7,6.18,520.2,2436.14,-2.3,-4.7, , 
,2437.61,1760,84.0,0.8,01101011,2437.98,1792,42.7,5.15,520.2,2437.28,-1.6,-4.7, , 
,2438.75,1856,84.0,-2.0,01101011,2439.12,1888,48.6,6.18,591.6,2438.37,0.0,-4.7, , 
,2439.86,1952,85.5,-0.8,01101011,2440.22,1952,44.3,6.18,550.8,2439.49,0.0,-4.7, , 
,2440.92,1984,84.0,-1.2,01101001,2441.28,2016,34.1,4.12,418.2,2440.57,0.0,-4.7, , 
,2441.99,2016,84.0,1.6,01101001,2442.35,2016,34.1,4.12,438.6,2441.62,0.0,-4.7, , 
,2443.05,2048,84.0,1.2,01101001,2443.38,2080,36.9,4.12,438.6,2442.70,0.0,-4.7, , 
,2444.09,2080,82.5,-0.8,01101001,2444.45,2112,42.7,5.15,520.2,2443.74,0.0,-4.7, , 
,2445.15,2144,82.5,0.4,01101001,2445.51,2176,54.5,7.21,632.4,2444.81,0.0,-4.7, , 
,2446.19,2240,82.5,-2.3,01101001,2446.53,2272,51.8,6.18,612.0,2445.86,0.0,-4.7, , 
,2447.21,2336,82.5,2.0,01101001,2447.57,2336,50.2,6.18,571.2,2446.87,0.0,-4.7, , 
,2448.26,2400,82.5,3.1,01101001,2448.66,2400,29.4,3.09,377.4,2447.91,0.0,-4.7, , 
,2449.32,2400,82.5,3.1,01101001,2449.67,2400,31.0,4.12,377.4,2448.99,0.0,-4.7, , 
,2450.38,2400,82.5,5.9,01101001,2450.71,2432,45.9,6.18,520.2,2450.01,0.0,-4.7, , 
,2451.41,2432,82.5,5.5,01101001,2451.76,2464,53.3,7.21,612.0,2451.07,0.0,-4.7, , 
,2452.43,2496,82.5,1.2,01101001,2452.77,2528,51.8,7.21,591.6,2452.11,0.0,-4.7, , 
,2453.45,2560,82.5,0.8,01101001,2453.78,2592,50.2,6.18,591.6,2453.10,0.0,-4.7, , 
,2454.46,2592,82.5,1.6,01101001,2454.79,2624,50.2,6.18,571.2,2454.13,0.0,-4.7, , 
,2455.45,2656,82.5,3.1,01111101,2455.79,2240,0.0,0.00,316.2,2455.12,0.0,-4.7, , 
,2456.48,1216,82.5,0.0,01101011,2456.85,1440,28.2,4.12,377.4,2456.14,-3.1,-4.7, , 
,2457.56,1920,82.5,0.0,01101011,2457.92,1856,20.8,2.06,295.8,2457.21,0.0,-4.7, , 
,2458.64,1824,82.5,-3.9,01111111,2458.98,1824,0.0,0.00,295.8,2458.26,0.0,-4.7, , 
,2459.69,1792,82.5,0.0,01111111,2460.04,1760,0.0,0.00,316.2,2459.31,0.0,-4.7, , 
,2460.73,1728,84.0,0.0,01111111,2461.06,1696,0.0,0.00,316.2,2460.39,-2.3,-4.7, , 
,2461.77,1664,84.0,0.0,01111111,2462.10,1632,0.0,0.00,316.2,2461.43,-2.3,-4.7, , 
,2462.77,1600,84.0,0.0,01111111,2463.11,1568,0.0,0.00,316.2,2462.44,-2.3,-4.7, , 
,2463.81,1536,84.0,0.0,01101011,2464.14,1568,28.2,4.12,377.4,2463.44,-3.1,-4.7, , 
,2464.84,1536,84.0,-2.3,01101011,2465.18,1536,28.2,3.09,377.4,2464.49,-2.3,-4.7, , 
,2465.84,1536,84.0,-2.0,01101011,2466.19,1536,26.7,3.09,357.0,2465.51,-2.3,-4.7, , 
,2466.84,1504,84.0,-1.6,01101011,2467.24,1504,32.5,4.12,418.2,2466.50,-2.3,-4.7, , 
,2467.95,1504,84.0,-2.0,01101011,2468.26,1536,41.2,5.15,499.8,2467.62,-2.3,-4.7, , 
,2469.02,1536,84.0,0.0,01111111,2469.35,1024,25.1,4.12,377.4,2468.65,-1.6,-4.7, , 
,2470.03,1600,84.0,0.0,01101011,2470.39,1952,0.0,0.00,275.4,2469.68,-3.1,0.0, , 
,2471.11,1888,84.0,0.0,01101011,2471.47,1920,22.0,3.09,316.2,2470.75,0.0,-4.7, , 
,2472.20,1888,84.0,0.8,01101011,2472.57,1888,28.2,3.09,377.4,2471.84,0.0,-4.7, , 
,2473.34,1888,84.0,1.2,01101011,2473.71,1920,34.1,4.12,438.6,2472.96,0.0,-4.7, , 
,2474.45,1920,85.5,1.6,01101011,2474.82,1952,36.9,5.15,459.0,2474.07,0.0,-4.7, , 
,2475.53,1952,84.0,0.8,01101011,2475.89,1952,44.3,5.15,520.2,2475.19,0.0,-4.7, , 
,2476.59,2016,85.5,0.4,01101001,2476.95,2016,40.0,5.15,479.4,2476.25,0.0,-4.7, , 
,2477.67,2016,84.0,0.0,01101001,2478.04,2016,28.2,3.09,357.0,2477.32,0.0,-4.7, , 
,2478.76,2016,84.0,-1.2,01101001,2479.11,2016,25.1,3.09,336.6,2478.40,0.0,-4.7, , 
,2479.79,2016,84.0,-1.2,01101001,2480.15,2016,25.1,3.09,336.6,2479.45,0.0,-4.7, , 
,2480.90,1984,84.0,-3.1,01101001,2481.27,1984,20.8,2.06,295.8,2480.54,0.0,-4.7, , 
,2481.98,1952,84.0,-4.3,01101011,2482.34,1952,17.6,2.06,275.4,2481.63,0.0,-4.7, , 
,2483.06,1888,84.0,-3.5,01101011,2483.41,1952,26.7,3.09,357.0,2482.70,0.0,-4.7, , 
,2484.13,1920,84.0,0.0,01101011,2484.47,1920,32.5,4.12,418.2,2483.77,0.0,-4.7, , 
,2485.19,1920,84.0,2.3,01101011,2485.54,1952,32.5,4.12,418.2,2484.82,0.0,-4.7, , 
,2486.29,1952,84.0,1.6,01101011,2486.66,1952,32.5,4.12,397.8,2485.93,0.0,-4.7, , 
,2487.38,1952,84.0,1.2,01101011,2487.73,1952,32.5,4.12,418.2,2487.01,0.0,-4.7, , 
,2488.46,1952,84.0,0.8,01101011,2488.82,1920,19.2,2.06,295.8,2488.11,0.0,-4.7, , 
,2489.54,1920,84.0,-4.7,01101011,2489.91,1952,23.5,3.09,336.6,2489.19,0.0,-4.7, , 
,2490.62,1920,84.0,-5.1,01101011,2491.01,1920,23.5,3.09,336.6,2490.27,0.0,-4.7, , 
,2491.76,1920,84.0,-2.0,01101011,2492.15,1920,28.2,3.09,377.4,2491.38,0.0,-4.7, , 
,2492.88,1920,84.0,-1.2,01101011,2493.24,1920,28.2,3.09,377.4,2492.52,0.0,-4.7, , 
,2493.97,1888,84.0,1.2,01101011,2494.34,1888,20.8,2.06,295.8,2493.60,0.0,-4.7, , 
,2495.08,1856,84.0,-4.3,01101011,2495.46,1856,23.5,3.09,336.6,2494.72,0.0,-4.7, , 
,2496.20,1856,84.0,-3.1,01101011,2496.56,1856,23.5,3.09,336.6,2495.83,0.0,-4.7, , 
,2497.28,1856,84.0,-1.2,01101011,2497.65,1856,23.5,3.09,336.6,2496.90,0.0,-4.7, , 
,2498.39,1856,84.0,-0.8,01101011,2498.76,1856,23.5,3.09,336.6,2498.02,0.0,-4.7, , 
,2499.51,1856,84.0,-1.6,01101011,2499.87,1856,23.5,3.09,336.6,2499.14,0.0,-4.7, , 
,2500.62,1856,84.0,-0.8,01101011,2500.98,1856,22.0,3.09,316.2,2500.24,0.0,-4.7, , 
,2501.71,1856,84.0,-5.1,01101011,2502.08,1824,20.8,2.06,295.8,2501.33,0.0,-4.7, , 
,2502.81,1824,84.0,-5.5,01101011,2503.16,1824,20.8,2.06,295.8,2502.45,0.0,-4.7, , 
,2503.90,1824,84.0,-5.1,01101011,2504.28,1824,20.8,2.06,316.2,2503.54,0.0,-4.7, , 
,2505.03,1792,84.0,-5.5,01101011,2505.40,1824,19.2,2.06,295.8,2504.65,0.0,-4.7, , 
,2506.14,1824,84.0,-3.1,01101011,2506.44,1792,20.8,2.06,295.8,2505.79,-3.1,-4.7, , 
,2507.18,1760,84.0,-3.5,01101011,2507.58,1792,20.8,2.06,295.8,2506.82,0.0,-4.7, , 
,2508.33,1792,84.0,-0.8,01111111,2508.69,1728,22.0,3.09,316.2,2507.95,-2.3,-4.7, , 
,2509.36,1728,84.0,0.0,01111111,2509.69,1728,0.0,0.00,316.2,2509.03,-2.3,-4.7, , 
,2510.33,1664,84.0,0.0,01111111,2510.67,1664,0.0,0.00,316.2,2510.02,-2.3,-4.7, , 
,2511.36,1600,84.0,0.0,01111111,2511.69,1568,0.0,0.00,316.2,2511.01,-2.3,-4.7, , 
,2512.36,1536,84.0,0.0,01111111,2512.70,1504,0.0,0.00,336.6,2512.04,-3.1,-4.7, , 
,2513.46,1472,84.0,0.0,01111111,2513.74,1472,0.0,0.00,336.6,2513.02,-3.1,-4.7, , 
,2514.41,1408,84.0,0.0,01111111,2514.72,1408,0.0,0.00,336.6,2514.08,-3.1,0.0, , 
,2515.38,1376,84.0,0.0,01111111,2515.72,1344,0.0,0.00,336.6,2515.05,-3.1,0.0, , 
,2516.36,1344,84.0,0.0,01111111,2516.69,1344,22.0,3.09,336.6,2516.04,-3.1,0.0, , 
,2517.33,1280,84.0,0.0,00111111,2517.64,1280,23.5,3.09,336.6,2517.02,-3.1,0.0, , 
,2518.30,1248,84.0,0.0,00111111,2518.60,1248,23.5,3.09,336.6,2517.98,-3.1,0.0, , 
,2519.24,1216,84.0,4.3,00111111,2519.55,1216,23.5,3.09,336.6,2518.92,-3.1,0.0, , 
,2520.18,1184,84.0,3.9,00111111,2520.51,1184,23.5,3.09,336.6,2519.87,-3.1,0.0, , 
,2521.14,1152,84.0,3.5,00111111,2521.45,1152,25.1,3.09,357.0,2520.81,-3.1,0.0, , 
,2522.07,1120,84.0,3.1,00111111,2522.38,1120,25.1,3.09,357.0,2521.77,-3.9,0.0, , 
,2522.99,1088,84.0,3.5,00111111,2523.31,1088,25.1,3.09,357.0,2522.69,-3.9,0.0, , 
,2523.97,1120,84.0,2.0,00101011,2524.29,1120,28.2,3.09,377.4,2523.64,-3.9,0.0, , 
,2524.92,1088,84.0,3.1,00101011,2525.23,1088,32.5,4.12,438.6,2524.61,-3.1,0.0, , 
,2525.87,1120,84.0,4.7,00101011,2526.19,1120,36.9,5.15,479.4,2525.56,-2.3,0.0, , 
,2526.82,1152,84.0,3.9,00101011,2527.15,1152,36.9,5.15,479.4,2526.51,-2.3,0.0, , 
,2527.79,1184,84.0,0.0,00111111,2528.16,1184,23.5,3.09,357.0,2527.48,-2.3,0.0, , 
,2528.78,1184,84.0,-2.7,00111111,2529.10,1120,23.5,3.09,357.0,2528.47,-3.1,0.0, , 
,2529.77,928,84.0,-1.2,00111111,2530.06,864,26.7,3.09,397.8,2529.46,-3.9,0.0, , 
,2530.69,896,84.0,0.4,00111111,2530.97,896,26.7,3.09,397.8,2530.37,-3.9,0.0, , 
,2531.58,896,84.0,-0.8,00111111,2531.90,896,26.7,3.09,397.8,2531.28,-3.9,0.0, , 
,2532.51,864,84.0,-1.6,00111111,2532.80,896,26.7,3.09,397.8,2532.22,-3.9,0.0, , 
,2533.41,896,84.0,-1.6,00111111,2533.69,896,26.7,3.09,397.8,2533.11,-4.7,0.0, , 
,2534.34,1344,84.0,-2.3,00101011,2534.68,1376,26.7,3.09,357.0,2533.99,-3.1,0.0, , 
,2535.37,1376,84.0,-1.6,00101011,2535.72,1408,38.4,5.15,479.4,2535.02,-3.1,0.0, , 
,2536.43,1472,84.0,0.0,00101011,2536.80,1568,72.2,10.30,846.6,2536.03,-2.3,0.0, , 
,2537.51,1760,84.0,0.0,00101011,2537.88,1856,53.3,7.21,632.4,2537.15,-0.8,-4.7, , 
,2538.56,1984,84.0,1.6,00101011,2538.91,2016,45.9,6.18,550.8,2538.22,0.0,-4.7, , 
,2539.59,2112,84.0,3.5,00101001,2539.93,2176,42.7,5.15,520.2,2539.24,0.0,-4.7, , 
,2540.61,2240,84.0,5.9,00101001,2540.93,2304,54.5,7.21,612.0,2540.28,0.0,-4.7, , 
,2541.62,2048,84.0,0.0,01111101,2541.95,1568,0.0,0.00,336.6,2541.28,0.0,-4.7, , 
,2542.56,1056,84.0,0.0,00111111,2542.87,1056,26.7,4.12,377.4,2542.26,-3.9,0.0, , 
,2543.52,960,84.0,0.0,00111111,2543.83,896,25.1,3.09,357.0,2543.22,-3.9,0.0, , 
,2544.45,864,84.0,0.0,00111111,2544.77,896,26.7,3.09,397.8,2544.13,-4.7,0.0, , 
,2545.40,896,84.0,-3.1,00111111,2545.70,896,26.7,3.09,397.8,2545.07,-3.9,0.0, , 
,2546.40,1408,84.0,-2.3,00101011,2546.76,1344,29.4,4.12,397.8,2546.07,-3.1,0.0, , 
,2547.44,1408,84.0,0.0,00101011,2547.75,1440,59.2,9.27,693.6,2547.10,-2.3,0.0, , 
,2548.50,1504,84.0,0.0,00101011,2548.82,1536,69.4,9.27,795.6,2548.19,-1.6,0.0, , 
,2549.53,1632,84.0,0.0,01101011,2549.92,1696,62.0,8.24,714.0,2549.19,-1.6,-4.7, , 
,2550.61,1792,84.0,0.0,01101011,2550.96,1824,69.4,9.27,775.2,2550.28,-0.8,-4.7, , 
,2551.71,1920,84.0,0.0,01101011,2552.08,1952,44.3,5.15,550.8,2551.34,0.0,-4.7, , 
,2552.80,1984,84.0,3.9,01101011,2553.15,1984,28.2,3.09,377.4,2552.43,0.0,-4.7, , 
,2553.86,2016,84.0,3.1,01101001,2554.20,2016,28.2,3.09,377.4,2553.52,0.0,-4.7, , 
,2554.92,2016,84.0,2.0,01101001,2555.27,2016,28.2,3.09,377.4,2554.56,0.0,-4.7, , 
,2555.97,2048,84.0,2.7,01101001,2556.31,2048,32.5,4.12,418.2,2555.61,0.0,-4.7, , 
,2557.01,2048,84.0,2.3,01101001,2557.35,2080,32.5,4.12,397.8,2556.66,0.0,-4.7, , 
,2558.04,2080,84.0,2.3,01101001,2558.40,2080,29.4,4.12,377.4,2557.70,0.0,-4.7, , 
,2559.09,2112,84.0,1.2,01101001,2559.45,2112,22.0,3.09,316.2,2558.74,0.0,-4.7, , 
,2560.14,2112,84.0,-2.7,01101001,2560.48,2080,17.6,2.06,275.4,2559.80,0.0,-4.7, , 
,2561.18,2080,84.0,0.0,01111101,2561.53,2080,0.0,0.00,244.8,2560.84,0.0,-4.7, , 
,2562.24,2016,84.0,0.0,01111101,2562.58,2016,0.0,0.00,244.8,2561.88,0.0,-4.7, , 
,2563.27,1984,84.0,0.0,01111111,2563.62,1952,0.0,0.00,244.8,2562.92,0.0,-4.7, , 
,2564.34,1920,84.0,0.0,01111111,2564.67,1888,0.0,0.00,275.4,2563.98,0.0,-4.7, , 
,2565.35,1856,84.0,0.0,00111111,2565.71,1856,0.0,0.00,295.8,2565.02,0.0,-4.7, , 
,2566.40,1792,84.0,0.0,00111111,2566.73,1760,0.0,0.00,316.2,2566.05,0.0,-4.7, , 
,2567.42,1696,84.0,0.0,00111111,2567.76,1696,0.0,0.00,316.2,2567.09,-2.3,-4.7, , 
,2568.46,1632,84.0,0.0,00101011,2568.82,1632,29.4,4.12,377.4,2568.09,-2.3,-4.7, , 
,2569.58,1696,84.0,1.6,00101011,2569.96,1696,44.3,6.18,550.8,2569.19,-2.3,-4.7, , 
,2570.70,1760,84.0,2.3,00101011,2571.05,1792,47.1,6.18,571.2,2570.34,-1.6,-4.7, , 
,2571.80,1824,84.0,2.7,00101011,2572.15,1600,0.0,0.00,397.8,2571.42,0.0,-4.7, , 
,2572.79,1088,84.0,0.0,00111111,2573.10,1120,26.7,4.12,377.4,2572.47,-3.1,0.0, , 
,2573.76,1024,84.0,0.0,00111111,2574.07,928,23.5,3.09,357.0,2573.40,-3.9,0.0, , 
,2574.69,864,84.0,0.0,00111111,2575.00,896,26.7,3.09,397.8,2574.38,-4.7,0.0, , 
,2575.59,896,84.0,-1.2,00111111,2575.89,896,26.7,3.09,397.8,2575.30,-3.9,0.0, , 
,2576.51,896,84.0,-0.8,00111111,2576.82,896,26.7,3.09,377.4,2576.20,-3.9,0.0, , 
,2577.42,896,84.0,-0.4,00111111,2577.73,896,26.7,3.09,377.4,2577.13,-3.9,0.0, , 
,2578.47,1600,84.0,0.8,00101011,2578.84,1760,22.0,3.09,316.2,2578.09,-3.9,0.0, , 
,2579.58,1760,84.0,3.5,00101011,2579.93,1920,50.2,7.21,591.6,2579.21,0.0,-4.7, , 
,2580.65,1952,84.0,0.0,00101011,2581.02,1920,17.6,2.06,275.4,2580.30,0.0,-4.7, , 
,2581.74,1920,84.0,1.2,00111111,2582.10,1824,17.6,2.06,275.4,2581.38,0.0,-4.7, , 
,2582.82,1760,84.0,-1.2,00101011,2583.19,1696,22.0,2.06,316.2,2582.47,-3.1,-4.7, , 
,2583.88,1696,84.0,0.8,00101011,2584.22,1664,28.2,3.09,377.4,2583.52,-2.3,-4.7, , 
,2584.93,1632,84.0,2.0,00111111,2585.22,1216,0.0,0.00,336.6,2584.56,-2.3,-4.7, , 
,2585.89,1056,84.0,0.0,00111111,2586.21,1088,25.1,3.09,357.0,2585.57,-3.9,0.0, , 
,2586.85,928,84.0,0.0,00111111,2587.16,864,25.1,3.09,377.4,2586.56,-3.9,0.0, , 
,2587.77,896,84.0,0.0,00111111,2588.05,896,26.7,3.09,397.8,2587.47,-3.9,0.0, , 
,2588.67,896,84.0,-1.6,00111111,2588.97,896,26.7,3.09,397.8,2588.34,-3.9,0.0, , 
,2589.62,1056,84.0,-1.2,00101011,2589.94,992,29.4,4.12,397.8,2589.29,-3.9,0.0, , 
,2590.54,1056,84.0,0.0,00101011,2590.86,1120,56.1,8.24,652.8,2590.24,-3.1,0.0, , 
,2591.51,1280,84.0,0.0,00101011,2591.85,1376,78.4,12.36,907.8,2591.18,-1.6,0.0, , 
,2592.55,1664,84.0,0.0,00101011,2592.91,1792,85.5,13.39,969.0,2592.18,-0.8,-4.7, , 
,2593.60,2080,84.0,-10.5,00101001,2593.94,2208,87.1,11.33,948.6,2593.26,0.0,-4.7, , 
,2594.63,2464,84.0,-16.8,01101001,2594.95,2592,82.7,9.27,907.8,2594.26,0.0,-4.7, , 
,2595.69,1696,84.0,0.0,01111111,2595.99,1472,25.1,4.12,357.0,2595.31,0.0,-4.7, , 
,2596.71,1728,84.0,0.0,01101011,2597.06,1728,38.4,5.15,479.4,2596.35,0.0,-4.7, , 
,2597.77,1792,84.0,1.6,01101011,2598.14,1792,51.8,7.21,612.0,2597.42,-1.6,-4.7, , 
,2598.89,1856,84.0,0.4,01101011,2599.26,1888,51.8,7.21,612.0,2598.51,0.0,-4.7, , 
,2599.98,1920,84.0,0.8,01101011,2600.36,1984,50.2,6.18,591.6,2599.63,0.0,-4.7, , 
,2601.08,2016,84.0,1.6,01101001,2601.43,2016,48.6,6.18,571.2,2600.72,0.0,-4.7, , 
,2602.15,2080,84.0,1.6,01101001,2602.50,2080,45.9,6.18,550.8,2601.79,0.0,-4.7, , 
,2603.20,2144,84.0,2.3,01101001,2603.54,2144,29.4,3.09,377.4,2602.87,0.0,-4.7, , 
,2604.22,2144,84.0,-0.8,01101001,2604.54,2080,16.1,2.06,244.8,2603.87,0.0,-4.7, , 
,2605.24,2080,84.0,-6.6,01111101,2605.58,2080,0.0,0.00,244.8,2604.90,0.0,-4.7, , 
,2606.30,2016,84.0,0.0,01111101,2606.64,1984,0.0,0.00,244.8,2605.93,0.0,-4.7, , 
,2607.35,1920,84.0,0.0,01111111,2607.67,1888,0.0,0.00,275.4,2607.01,0.0,-4.7, , 
,2608.37,1856,84.0,0.0,01111111,2608.70,1824,0.0,0.00,295.8,2608.01,0.0,-4.7, , 
,2609.36,1760,84.0,0.0,01111111,2609.68,1760,0.0,0.00,316.2,2609.05,0.0,-4.7, , 
,2610.37,1696,84.0,0.0,01111111,2610.72,1696,0.0,0.00,316.2,2610.01,-2.3,-4.7, , 
,2611.41,1632,84.0,0.0,01111111,2611.73,1600,0.0,0.00,316.2,2611.08,-3.1,-4.7, , 
,2612.42,992,84.0,0.0,01111111,2612.69,960,29.4,5.15,418.2,2612.10,-3.1,-4.7, , 
,2613.31,1024,84.0,0.0,01111111,2613.63,928,23.5,4.12,357.0,2612.99,-3.1,0.0, , 
,2614.23,896,84.0,0.0,01111111,2614.55,896,26.7,3.09,377.4,2613.92,-4.7,0.0, , 
,2615.18,1376,84.0,-3.9,01101011,2615.45,1504,22.0,3.09,316.2,2614.88,-3.9,0.0, , 
,2616.06,1504,84.0,4.3,01101011,2616.47,1472,25.1,3.09,357.0,2615.79,-3.1,-4.7, , 
,2617.19,1504,84.0,0.0,01101011,2617.51,1536,53.3,7.21,652.8,2616.80,-2.3,0.0, , 
,2618.20,1664,84.0,-0.4,01101011,2618.58,1728,51.8,7.21,612.0,2617.87,-1.6,-4.7, , 
,2619.29,1888,84.0,0.8,01101011,2619.64,1984,59.2,8.24,693.6,2618.94,0.0,-4.7, , 
,2620.31,2176,84.0,-6.3,01101001,2620.67,2272,72.2,9.27,795.6,2619.98,0.0,-4.7, , 
,2621.38,2496,84.0,-15.6,01101001,2621.73,2624,71.0,8.24,775.2,2621.03,0.0,-4.7, , 
,2622.41,2464,84.0,0.0,01111101,2622.74,1952,0.0,0.00,295.8,2622.07,0.0,-4.7, , 
,2623.42,1696,84.0,0.0,01101011,2623.79,1856,17.6,2.06,275.4,2623.04,-3.1,-4.7, , 
,2624.47,1888,84.0,0.0,01101011,2624.82,1920,26.7,3.09,357.0,2624.14,0.0,-4.7, , 
,2625.57,1856,84.0,0.4,01101011,2625.94,1856,29.4,4.12,397.8,2625.20,0.0,-4.7, , 
,2626.70,1888,84.0,2.0,01101011,2627.07,1888,25.1,3.09,357.0,2626.32,0.0,-4.7, , 
,2627.80,1888,84.0,2.0,01101011,2628.14,1888,25.1,3.09,336.6,2627.44,0.0,-4.7, , 
,2628.87,1888,84.0,1.2,01101011,2629.21,1888,25.1,3.09,336.6,2628.50,0.0,-4.7, , 
,2629.97,1888,84.0,0.0,01101011,2630.34,1888,20.8,2.06,316.2,2629.59,0.0,-4.7, , 
,2631.07,1888,84.0,-5.5,01101011,2631.43,1888,25.1,3.09,357.0,2630.71,0.0,-4.7, , 
,2632.16,1888,84.0,-1.2,01101011,2632.52,1888,34.1,4.12,418.2,2631.80,0.0,-4.7, , 
,2633.23,1920,84.0,2.7,01101011,2633.61,1920,32.5,4.12,418.2,2632.88,0.0,-4.7, , 
,2634.33,1952,84.0,5.5,01101011,2634.69,1952,36.9,5.15,459.0,2633.97,0.0,-4.7, , 
,2635.40,1984,84.0,4.3,01101011,2635.76,1984,34.1,4.12,418.2,2635.04,0.0,-4.7, , 
,2636.47,2016,84.0,2.0,01101001,2636.82,2016,41.2,5.15,499.8,2636.12,0.0,-4.7, , 
,2637.54,2048,84.0,-0.4,01101001,2637.90,2048,35.3,4.12,438.6,2637.18,0.0,-4.7, , 
,2638.61,2080,84.0,-0.4,01101001,2638.97,2080,41.2,5.15,499.8,2638.25,0.0,-4.7, , 
,2639.65,2112,84.0,-1.2,01101001,2639.99,2112,41.2,5.15,499.8,2639.30,0.0,-4.7, , 
,2640.68,2144,84.0,0.4,01101001,2641.01,2144,44.3,6.18,520.2,2640.32,0.0,-4.7, , 
,2641.68,2208,84.0,2.3,01101001,2642.03,2208,42.7,6.18,499.8,2641.35,0.0,-4.7, , 
,2642.69,2240,84.0,1.6,01101001,2643.03,2272,38.4,5.15,459.0,2642.36,0.0,-4.7, , 
,2643.71,2272,84.0,-0.4,01101001,2644.05,2272,32.5,4.12,397.8,2643.38,0.0,-4.7, , 
,2644.72,2272,84.0,2.7,01101001,2645.06,2272,31.0,4.12,397.8,2644.39,0.0,-4.7, , 
,2645.72,2272,84.0,3.1,01101001,2646.08,2304,31.0,4.12,397.8,2645.39,0.0,-4.7, , 
,2646.74,2272,84.0,3.9,01101001,2647.09,2304,31.0,4.12,397.8,2646.41,0.0,-4.7, , 
,2647.79,2304,84.0,3.9,01101001,2648.14,2304,31.0,4.12,397.8,2647.43,0.0,-4.7, , 
,2648.81,2304,84.0,3.9,01101001,2649.15,2304,29.4,4.12,377.4,2648.49,0.0,-4.7, , 
,2649.84,2304,84.0,2.3,01101001,2650.17,2304,29.4,4.12,377.4,2649.49,0.0,-4.7, , 
,2650.84,2304,84.0,2.0,01101001,2651.18,2304,29.4,4.12,377.4,2650.51,0.0,-4.7, , 
,2651.86,2304,84.0,2.3,01101001,2652.17,2304,29.4,4.12,377.4,2651.53,0.0,-4.7, , 
,2652.84,2304,84.0,2.3,01101001,2653.19,2304,28.2,4.12,357.0,2652.51,0.0,-4.7, , 
,2653.87,2304,84.0,1.2,01101001,2654.21,2304,28.2,4.12,357.0,2653.54,0.0,-4.7, , 
,2654.86,2304,84.0,2.0,01101001,2655.19,2304,28.2,3.09,357.0,2654.53,0.0,-4.7, , 
,2655.88,2304,84.0,1.2,01101001,2656.20,2304,28.2,4.12,357.0,2655.54,0.0,-4.7, , 
,2656.88,2304,84.0,1.6,01101001,2657.20,2304,28.2,4.12,357.0,2656.54,0.0,-4.7, , 
,2657.89,2304,84.0,2.3,01101001,2658.24,2272,28.2,4.12,357.0,2657.55,0.0,-4.7, , 
,2658.89,2272,84.0,1.2,01101001,2659.22,2304,28.2,4.12,357.0,2658.56,0.0,-4.7, , 
,2659.88,2304,84.0,0.8,01101001,2660.22,2304,29.4,4.12,377.4,2659.54,0.0,-4.7, , 
,2660.92,2304,84.0,1.2,01101001,2661.27,2304,26.7,3.09,357.0,2660.57,0.0,-4.7, , 
,2661.95,2304,84.0,0.0,01101001,2662.31,2304,26.7,3.09,357.0,2661.60,0.0,-4.7, , 
,2662.98,2272,84.0,-2.0,01111101,2663.31,2272,17.6,2.06,244.8,2662.64,0.0,-4.7, , 
,2664.00,2208,84.0,0.0,01111101,2664.34,2176,0.0,0.00,244.8,2663.65,0.0,-4.7, , 
,2665.01,2144,84.0,0.0,01111101,2665.35,2112,0.0,0.00,244.8,2664.67,0.0,-4.7, , 
,2666.05,2048,84.0,0.0,01111101,2666.39,2016,0.0,0.00,244.8,2665.70,0.0,-4.7, , 
,2667.11,1952,84.0,0.0,01111111,2667.48,1920,0.0,0.00,275.4,2666.75,0.0,-4.7, , 
,2668.19,1856,84.0,0.0,01111111,2668.53,1568,0.0,0.00,316.2,2667.83,0.0,-4.7, , 
,2669.14,992,84.0,0.0,01111111,2669.44,1024,28.2,4.12,397.8,2668.83,-3.9,0.0, , 
,2670.03,960,84.0,0.0,01111111,2670.34,864,25.1,3.09,377.4,2669.72,-3.9,0.0, , 
,2670.96,896,84.0,0.0,01111111,2671.27,896,26.7,3.09,377.4,2670.65,-3.9,0.0, , 
,2671.93,1024,84.0,-2.7,01111111,2672.25,1120,20.8,2.06,336.6,2671.60,-3.9,0.0, , 
,2672.91,1824,84.0,0.0,01111111,2673.27,1888,0.0,0.00,295.8,2672.56,-3.1,0.0, , 
,2673.95,1824,84.0,0.0,01111111,2674.34,1696,0.0,0.00,316.2,2673.61,0.0,-4.7, , 
,2674.99,960,84.0,0.0,00111111,2675.30,1024,28.2,4.12,397.8,2674.64,-3.9,0.0, , 
,2675.87,928,84.0,0.0,00111111,2676.19,928,25.1,3.09,377.4,2675.57,-3.9,0.0, , 
,2676.82,1344,84.0,0.0,00101011,2677.15,1248,28.2,3.09,377.4,2676.50,-3.9,0.0, , 
,2677.81,1216,84.0,-3.9,00101011,2678.15,1216,36.9,5.15,479.4,2677.50,-2.3,0.0, , 
,2678.82,1248,84.0,-3.5,00101011,2679.17,1280,42.7,6.18,550.8,2678.49,-2.3,0.0, , 
,2679.84,1312,84.0,0.0,00101011,2680.17,1312,26.7,3.09,357.0,2679.50,-2.3,0.0, , 
,2680.85,1312,84.0,-5.1,00101011,2681.16,1312,34.1,4.12,438.6,2680.53,-3.1,0.0, , 
,2681.80,1344,84.0,-5.5,00101011,2682.13,1344,34.1,4.12,438.6,2681.49,-2.3,0.0, , 
,2682.86,1376,84.0,-6.6,00101011,2683.19,1376,34.1,4.12,438.6,2682.48,-2.3,0.0, , 
,2683.84,1408,84.0,-8.6,00101011,2684.19,1408,32.5,4.12,418.2,2683.50,-2.3,0.0, , 
,2684.83,1440,84.0,-8.2,00101011,2685.18,1440,31.0,4.12,418.2,2684.51,-2.3,0.0, , 
,2685.93,1504,84.0,-8.6,00101011,2686.27,1536,35.3,4.12,438.6,2685.62,-2.3,0.0, , 
,2686.96,1600,84.0,-0.8,00101011,2687.33,1632,41.2,5.15,499.8,2686.61,-2.3,-4.7, , 
,2688.04,1728,84.0,1.2,00101011,2688.39,1760,38.4,5.15,479.4,2687.69,-1.6,-4.7, , 
,2689.12,1824,84.0,3.1,00101011,2689.52,1856,34.1,4.12,438.6,2688.73,0.0,-4.7, , 
,2690.25,1888,84.0,5.5,00101011,2690.62,1888,31.0,4.12,397.8,2689.88,0.0,-4.7, , 
,2691.37,1920,84.0,3.9,00101011,2691.74,1920,31.0,4.12,397.8,2691.00,0.0,-4.7, , 
,2692.47,1952,84.0,4.3,00101011,2692.83,1984,38.4,5.15,459.0,2692.09,0.0,-4.7, , 
,2693.52,2048,84.0,4.3,00101001,2693.85,2080,42.7,6.18,520.2,2693.19,0.0,-4.7, , 
,2694.51,2176,84.0,4.7,00101001,2694.85,2240,48.6,6.18,571.2,2694.17,0.0,-4.7, , 
,2695.54,2336,84.0,2.0,00101001,2695.88,2400,47.1,6.18,550.8,2695.20,0.0,-4.7, , 
,2696.57,2016,84.0,0.0,01111101,2696.92,1472,0.0,0.00,336.6,2696.21,0.0,-4.7, , 
,2697.58,1184,84.0,0.0,01111111,2697.92,1024,23.5,3.09,357.0,2697.25,-3.9,0.0, , 
,2698.56,960,84.0,0.0,00111111,2698.87,928,25.1,3.09,377.4,2698.25,-3.9,0.0, , 
,2699.50,928,84.0,-0.4,00111111,2699.81,960,26.7,3.09,377.4,2699.19,-3.9,0.0, , 
,2700.39,960,84.0,-1.2,00111111,2700.69,864,25.1,3.09,357.0,2700.08,-3.9,0.0, , 
,2701.29,864,84.0,-0.4,00111111,2701.60,896,26.7,3.09,397.8,2701.00,-4.7,0.0, , 
,2702.22,896,84.0,0.0,00111111,2702.53,896,26.7,3.09,377.4,2701.90,-3.9,0.0, , 
,2703.15,896,84.0,-0.8,00111111,2703.45,864,26.7,3.09,377.4,2702.83,-3.9,0.0, , 
,2704.07,896,84.0,-0.8,00111111,2704.37,896,26.7,3.09,397.8,2703.76,-3.9,0.0, , 
,2704.99,896,84.0,-0.8,00111111,2705.29,896,26.7,3.09,397.8,2704.69,-3.9,0.0, , 
,2705.93,896,84.0,-1.6,00111111,2706.21,896,26.7,3.09,397.8,2705.61,-3.9,0.0, , 
,2706.82,864,84.0,-1.6,00111111,2707.13,896,26.7,3.09,397.8,2706.51,-3.9,0.0, , 
,2707.74,896,84.0,-2.3,00111111,2708.04,864,26.7,3.09,397.8,2707.44,-3.9,0.0, , 
,2708.62,864,84.0,-2.7,00111111,2708.91,864,28.2,3.09,397.8,2708.34,-3.9,0.0, , 
,2709.52,896,84.0,-2.7,00111111,2709.81,896,26.7,3.09,397.8,2709.21,-3.9,0.0, , 
,2710.41,832,84.0,-2.3,00111111,2710.72,768,25.1,3.09,377.4,2710.10,-3.9,0.0, , 
,2711.33,800,84.0,-2.3,00111111,2711.64,800,29.4,3.09,418.2,2711.02,-4.7,0.0, , 
,2712.25,800,84.0,-3.9,00111111,2712.54,768,28.2,3.09,418.2,2711.95,-4.7,0.0, , 
,2713.15,800,84.0,-4.3,00111111,2713.46,800,29.4,3.09,418.2,2712.84,-4.7,0.0, , 
,2714.06,800,84.0,-4.3,00111111,2714.36,800,29.4,3.09,418.2,2713.75,-4.7,0.0, , 
,2714.94,768,84.0,-2.0,00111111,2715.23,768,29.4,3.09,418.2,2714.65,-4.7,0.0, , 
,2715.80,800,85.5,-2.0,00111111,2716.10,800,28.2,3.09,418.2,2715.52,-4.7,0.0, , 
,2716.68,768,85.5,-2.0,00111111,2716.98,768,29.4,3.09,418.2,2716.38,-4.7,0.0, , 
,2717.60,800,85.5,-1.6,00111111,2717.88,800,28.2,3.09,418.2,2717.29,-4.7,0.0, , 
,2718.45,768,85.5,-2.0,00111111,2718.76,800,29.4,3.09,418.2,2718.16,-4.7,0.0, , 
,2719.37,768,85.5,-2.0,00111111,2719.67,768,29.4,3.09,418.2,2719.07,-4.7,0.0, , 
,2720.26,800,85.5,-2.0,00111111,2720.57,800,28.2,3.09,418.2,2719.97,-4.7,0.0, , 
,2721.17,800,85.5,-2.3,00111111,2721.48,768,29.4,3.09,418.2,2720.88,-4.7,0.0, , 
,2722.08,800,85.5,-2.3,00111111,2722.37,800,29.4,3.09,418.2,2721.77,-4.7,0.0, , 
,2722.97,800,85.5,-3.1,00111111,2723.27,800,29.4,3.09,438.6,2722.67,-4.7,0.0, , 
,2723.86,768,85.5,-0.8,00111111,2724.17,800,29.4,3.09,418.2,2723.57,-3.9,0.0, , 
,2724.78,800,85.5,-0.8,00111111,2725.07,768,31.0,3.09,438.6,2724.47,-4.7,0.0, , 
,2725.68,1280,85.5,0.0,00101011,2726.02,1408,45.9,6.18,571.2,2725.36,-3.1,0.0, , 
,2726.60,864,85.5,0.0,00101011,2726.93,704,69.4,10.30,826.2,2726.32,-2.3,0.0, , 
,2727.56,1088,85.5,0.0,00101011,2727.93,1312,65.1,9.27,754.8,2727.23,-2.3,0.0, , 
,2728.62,1824,85.5,0.0,00101011,2728.99,2112,62.0,7.21,714.0,2728.27,-1.6,-4.7, , 
,2729.59,1280,85.5,0.0,00111111,2729.92,1024,32.5,5.15,438.6,2729.26,-2.3,-4.7, , 
,2730.56,1248,85.5,0.0,00101011,2730.88,1280,54.5,8.24,652.8,2730.25,-2.3,0.0, , 
,2731.55,1440,85.5,0.0,00101011,2731.87,1504,47.1,6.18,591.6,2731.22,-1.6,0.0, , 
,2732.60,1568,85.5,1.6,00101011,2732.93,1600,47.1,6.18,571.2,2732.25,-1.6,-4.7, , 
,2733.62,1696,85.5,0.0,00101011,2733.99,1792,56.1,7.21,652.8,2733.27,-1.6,-4.7, , 
,2734.69,1984,85.5,-2.3,00101011,2735.02,2080,63.5,7.21,714.0,2734.34,0.0,-4.7, , 
,2735.68,2272,85.5,-3.1,00101001,2736.04,2336,66.3,8.24,734.4,2735.35,0.0,-4.7, , 
,2736.72,2560,85.5,-10.9,01101001,2737.03,2656,71.0,8.24,775.2,2736.39,0.0,-4.7, , 
,2737.70,2080,85.5,0.0,01111101,2738.01,1568,0.0,0.00,316.2,2737.34,0.0,-4.7, , 
,2738.69,1760,85.5,0.0,01101011,2739.06,1760,22.0,3.09,316.2,2738.33,-3.1,0.0, , 
,2739.76,1792,85.5,0.8,01101011,2740.12,1792,54.5,7.21,632.4,2739.41,-2.3,-4.7, , 
,2740.84,1856,84.0,0.8,01101011,2741.21,1888,50.2,6.18,591.6,2740.47,0.0,-4.7, , 
,2741.92,1952,84.0,5.5,01101011,2742.29,1984,38.4,5.15,479.4,2741.57,0.0,-4.7, , 
,2742.98,1984,84.0,6.3,01101001,2743.34,1984,38.4,5.15,479.4,2742.63,0.0,-4.7, , 
,2744.06,2048,84.0,6.6,01101001,2744.43,2048,32.5,4.12,418.2,2743.71,0.0,-4.7, , 
,2745.13,2048,84.0,4.3,01101001,2745.48,2048,23.5,3.09,336.6,2744.78,0.0,-4.7, , 
,2746.18,2048,84.0,1.2,01101001,2746.53,2016,22.0,2.06,316.2,2745.83,0.0,-4.7, , 
,2747.25,2048,84.0,-4.3,01101001,2747.61,2048,22.0,2.06,316.2,2746.90,0.0,-4.7, , 
,2748.31,2016,85.5,-8.2,01101001,2748.66,2016,22.0,2.06,316.2,2747.96,0.0,-4.7, , 
,2749.37,2016,84.0,-8.6,01101001,2749.74,2016,34.1,4.12,418.2,2749.00,0.0,-4.7, , 
,2750.43,2048,85.5,-0.8,01101001,2750.76,2048,35.3,4.12,438.6,2750.08,0.0,-4.7, , 
,2751.44,2048,85.5,2.0,01101001,2751.79,2080,35.3,5.15,438.6,2751.11,0.0,-4.7, , 
,2752.47,2080,85.5,2.7,01101001,2752.82,2080,36.9,5.15,459.0,2752.12,0.0,-4.7, , 
,2753.52,2112,85.5,2.7,01101001,2753.87,2112,38.4,5.15,479.4,2753.17,0.0,-4.7, , 
,2754.58,2144,85.5,1.6,01101001,2754.93,2112,26.7,3.09,357.0,2754.23,0.0,-4.7, , 
,2755.63,2112,85.5,1.2,01101001,2755.97,2112,25.1,3.09,336.6,2755.27,0.0,-4.7, , 
,2756.66,2080,85.5,0.8,01101001,2756.99,2080,25.1,3.09,336.6,2756.31,0.0,-4.7, , 
,2757.68,2080,85.5,0.4,01101001,2758.03,2048,22.0,3.09,316.2,2757.32,0.0,-4.7, , 
,2758.72,2016,85.5,-5.1,01101001,2759.06,2048,19.2,2.06,275.4,2758.38,0.0,-4.7, , 
,2759.77,1984,85.5,-7.0,01101001,2760.12,1984,19.2,2.06,295.8,2759.42,0.0,-4.7, , 
,2760.84,1984,85.5,-8.2,01101011,2761.21,1952,20.8,2.06,295.8,2760.48,0.0,-4.7, , 
,2761.92,1952,85.5,-8.6,01101011,2762.28,1952,23.5,3.09,336.6,2761.57,0.0,-4.7, , 
,2763.03,1920,85.5,-7.4,01101011,2763.39,1920,23.5,3.09,336.6,2762.65,0.0,-4.7, , 
,2764.15,1920,85.5,-3.5,01101011,2764.52,1920,25.1,3.09,336.6,2763.76,0.0,-4.7, , 
,2765.25,1920,85.5,0.8,01101011,2765.61,1920,25.1,3.09,357.0,2764.88,0.0,-4.7, , 
,2766.29,1568,85.5,0.0,01111111,2766.59,1088,23.5,4.12,336.6,2765.96,0.0,-4.7, , 
,2767.20,1056,85.5,0.0,01111111,2767.53,1056,23.5,3.09,357.0,2766.90,-3.9,0.0, , 
,2768.18,928,85.5,0.0,01111111,2768.49,864,25.1,3.09,377.4,2767.86,-3.9,0.0, , 
,2769.13,896,85.5,0.0,01111111,2769.43,896,26.7,3.09,397.8,2768.81,-4.7,0.0, , 
,2770.05,896,85.5,0.4,01111111,2770.36,896,26.7,3.09,377.4,2769.73,-3.9,0.0, , 
,2770.95,896,85.5,0.8,01111111,2771.25,864,26.7,3.09,397.8,2770.65,-3.9,0.0, , 
,2771.90,896,85.5,1.6,01111111,2772.21,896,26.7,3.09,377.4,2771.58,-3.9,0.0, , 
,2772.83,864,85.5,2.0,00111111,2773.15,896,26.7,3.09,377.4,2772.51,-3.9,0.0, , 
,2773.78,896,85.5,0.8,00111111,2774.08,896,26.7,3.09,377.4,2773.48,-4.7,0.0, , 
,2774.66,896,85.5,0.0,00111111,2774.95,864,25.1,3.09,377.4,2774.38,-3.9,0.0, , 
,2775.57,1376,85.5,0.0,00101011,2775.89,1472,47.1,7.21,591.6,2775.28,-4.7,0.0, , 
,2776.55,1344,85.5,0.0,00101011,2776.87,1376,78.4,13.39,907.8,2776.22,-1.6,0.0, , 
,2777.48,1472,85.5,0.0,01101011,2777.83,1536,84.3,13.39,969.0,2777.21,-0.8,0.0, , 
,2778.53,1632,85.5,-6.6,01101011,2778.89,1696,85.5,11.33,969.0,2778.18,-0.8,-4.7, , 
,2779.65,1824,85.5,-10.2,01101011,2780.03,1888,82.7,10.30,928.2,2779.28,-0.8,-4.7, , 
,2780.75,1984,85.5,-13.3,01101001,2781.11,2048,78.4,9.27,867.0,2780.39,0.0,-4.7, , 
,2781.78,2144,85.5,-16.8,01101001,2782.11,2176,62.0,7.21,734.4,2781.45,0.0,-4.7, , 
,2782.79,1280,85.5,0.0,01111111,2783.11,1056,26.7,4.12,377.4,2782.48,0.0,-4.7, , 
,2783.72,1024,85.5,0.0,01111111,2784.01,960,22.0,3.09,336.6,2783.43,-3.9,0.0, , 
,2784.63,864,85.5,0.0,01111111,2784.93,864,26.7,3.09,377.4,2784.33,-4.7,0.0, , 
,2785.54,864,85.5,0.0,01111111,2785.85,896,26.7,3.09,397.8,2785.23,-3.9,0.0, , 
,2786.47,896,85.5,-3.1,01111111,2786.78,896,26.7,3.09,397.8,2786.15,-3.9,0.0, , 
,2787.38,864,85.5,-2.7,01111111,2787.69,896,26.7,3.09,397.8,2787.08,-3.9,0.0, , 
,2788.32,896,85.5,-2.0,01111111,2788.62,896,26.7,3.09,397.8,2788.00,-3.9,0.0, , 
,2789.25,896,85.5,-2.0,01111111,2789.57,896,26.7,3.09,397.8,2788.94,-3.9,0.0, , 
,2790.18,864,85.5,-1.6,01111111,2790.48,896,26.7,3.09,397.8,2789.88,-3.9,0.0, , 
,2791.09,864,85.5,-1.2,01111111,2791.39,896,26.7,3.09,397.8,2790.80,-3.9,0.0, , 
,2791.97,864,85.5,-2.0,01111111,2792.27,896,28.2,3.09,397.8,2791.67,-3.9,0.0, , 
,2792.87,896,85.5,-2.3,01111111,2793.20,896,28.2,3.09,397.8,2792.57,-3.9,0.0, , 
,2793.83,800,85.5,-3.1,01111111,2794.12,736,28.2,3.09,418.2,2793.51,-4.7,0.0, , 
,2794.72,800,85.5,-2.7,01111111,2795.02,800,29.4,3.09,418.2,2794.43,-4.7,0.0, , 
,2795.61,800,85.5,-3.5,01111111,2795.92,768,28.2,3.09,418.2,2795.31,-4.7,0.0, , 
,2796.50,768,85.5,-4.3,01111111,2796.80,768,29.4,3.09,438.6,2796.20,-4.7,0.0, , 
,2797.39,800,85.5,-4.7,01111111,2797.70,768,29.4,3.09,418.2,2797.10,-4.7,0.0, , 
,2798.33,800,85.5,-4.7,01111111,2798.63,800,29.4,3.09,418.2,2798.01,-4.7,0.0, , 
,2799.24,768,85.5,-4.7,01111111,2799.54,800,29.4,3.09,418.2,2798.94,-4.7,0.0, , 
,2800.14,768,85.5,-4.7,01111111,2800.44,800,29.4,3.09,418.2,2799.85,-4.7,0.0, , 
,2801.04,768,85.5,-4.7,01111111,2801.35,800,29.4,3.09,438.6,2800.74,-4.7,0.0, , 
,2802.01,1088,85.5,0.0,01101011,2802.39,1888,66.3,9.27,754.8,2801.66,-3.1,0.0, , 
,2803.09,1376,85.5,0.0,01101011,2803.50,1344,76.9,11.33,887.4,2802.77,-0.8,-4.7, , 
,2804.21,1920,85.5,-3.9,01101011,2804.53,1536,0.0,0.00,397.8,2803.84,-1.6,-4.7, , 
,2805.17,1184,85.5,0.0,01101011,2805.50,1152,41.2,7.21,499.8,2804.83,-3.9,0.0, , 
,2806.15,1184,85.5,0.0,01101011,2806.44,1664,0.0,0.00,397.8,2805.82,-2.3,0.0, , 
,2807.06,1024,85.5,0.0,01111111,2807.39,1056,28.2,4.12,397.8,2806.75,-3.1,0.0, , 
,2808.01,992,85.5,0.0,01111111,2808.31,864,23.5,3.09,357.0,2807.70,-3.9,0.0, , 
,2808.94,768,85.5,0.0,01111111,2809.21,736,28.2,3.09,418.2,2808.63,-4.7,0.0, , 
,2809.83,800,85.5,-1.2,01111111,2810.14,800,28.2,3.09,418.2,2809.51,-4.7,0.0, , 
,2810.74,768,85.5,-4.3,01111111,2811.03,768,29.4,3.09,438.6,2810.44,-4.7,0.0, , 
,2811.65,800,85.5,-4.7,01111111,2811.94,800,29.4,3.09,418.2,2811.34,-4.7,0.0, , 
,2812.54,800,85.5,-4.3,01111111,2812.84,800,29.4,3.09,418.2,2812.25,-4.7,0.0, , 
,2813.44,800,85.5,-3.9,01111111,2813.74,768,29.4,3.09,418.2,2813.16,-4.7,0.0, , 
,2814.33,800,85.5,-3.9,01111111,2814.63,768,28.2,3.09,418.2,2814.04,-4.7,0.0, , 
,2815.23,800,85.5,-3.5,01111111,2815.53,800,29.4,3.09,418.2,2814.92,-4.7,0.0, , 
,2816.13,800,85.5,-3.5,01111111,2816.42,800,29.4,3.09,418.2,2815.83,-4.7,0.0, , 
,2817.01,800,85.5,-3.5,00111111,2817.30,800,28.2,3.09,418.2,2816.72,-4.7,0.0, , 
,2817.91,800,85.5,-3.9,00111111,2818.20,800,29.4,3.09,418.2,2817.59,-4.7,0.0, , 
,2818.80,800,85.5,-3.9,00111111,2819.11,768,28.2,3.09,418.2,2818.51,-4.7,0.0, , 
,2819.72,800,85.5,-3.5,00111111,2820.01,800,28.2,3.09,418.2,2819.41,-4.7,0.0, , 
,2820.61,800,85.5,-3.1,00111111,2820.90,768,28.2,3.09,418.2,2820.31,-4.7,0.0, , 
,2821.49,800,85.5,-3.5,00111111,2821.79,800,28.2,3.09,418.2,2821.20,-4.7,0.0, , 
,2822.37,768,85.5,-3.9,00111111,2822.66,768,28.2,3.09,418.2,2822.07,-4.7,0.0, , 
,2823.26,768,85.5,-3.9,00111111,2823.55,768,29.4,3.09,418.2,2822.95,-4.7,0.0, , 
,2824.14,768,85.5,-3.9,00111111,2824.44,768,28.2,3.09,418.2,2823.85,-4.7,0.0, , 
,2825.06,800,85.5,-3.5,00111111,2825.36,800,29.4,3.09,418.2,2824.75,-4.7,0.0, , 
,2825.96,800,85.5,-3.5,00111111,2826.26,768,28.2,3.09,418.2,2825.66,-4.7,0.0, , 
,2826.86,768,85.5,-3.5,00111111,2827.17,768,29.4,3.09,438.6,2826.56,-4.7,0.0, , 
,2827.78,768,85.5,-3.9,00111111,2828.09,768,29.4,3.09,418.2,2827.48,-4.7,0.0, , 
,2828.70,768,85.5,-4.3,00111111,2829.01,768,29.4,3.09,418.2,2828.40,-4.7,0.0, , 
,2829.60,768,85.5,-4.3,00111111,2829.90,768,29.4,3.09,438.6,2829.31,-4.7,0.0, , 
,2830.52,800,85.5,-3.9,00111111,2830.83,800,29.4,3.09,418.2,2830.20,-4.7,0.0, , 
,2831.42,768,85.5,-3.5,00111111,2831.73,800,29.4,3.09,418.2,2831.13,-4.7,0.0, , 
,2832.33,768,85.5,-2.7,00111111,2832.63,800,29.4,3.09,418.2,2832.05,-4.7,0.0, , 
,2833.22,800,85.5,-2.7,00111111,2833.52,800,29.4,3.09,418.2,2832.92,-4.7,0.0, , 
,2834.11,800,85.5,-2.7,00111111,2834.41,800,29.4,3.09,418.2,2833.81,-4.7,0.0, , 
,2835.00,800,85.5,-3.1,00111111,2835.30,768,29.4,3.09,418.2,2834.70,-3.9,0.0, , 
,2835.92,768,87.0,0.0,00101011,2836.24,1056,66.3,10.30,795.6,2835.60,-4.7,0.0, , 
,2836.78,800,87.0,0.0,00101011,2837.09,768,75.3,11.33,887.4,2836.52,-1.6,0.0, , 
,2837.76,1184,87.0,-3.5,00101011,2838.18,1376,54.5,7.21,673.2,2837.42,-1.6,0.0, , 
,2838.88,1728,87.0,-3.1,00101011,2839.25,1856,40.0,5.15,479.4,2838.51,-1.6,-4.7, , 
,2839.98,1920,87.0,-0.8,00101011,2840.35,1920,19.2,2.06,295.8,2839.63,0.0,-4.7, , 
,2841.10,1856,87.0,-2.3,00101011,2841.47,1856,28.2,3.09,377.4,2840.72,0.0,-4.7, , 
,2842.23,1856,87.0,-0.4,00101011,2842.54,1696,0.0,0.00,295.8,2841.85,0.0,-4.7, , 
,2843.13,992,87.0,0.0,00111111,2843.45,1024,28.2,4.12,397.8,2842.83,-3.1,0.0, , 
,2844.08,960,87.0,0.0,00111111,2844.40,896,25.1,3.09,357.0,2843.77,-3.9,0.0, , 
,2845.01,896,87.0,0.0,00111111,2845.33,896,31.0,4.12,418.2,2844.71,-4.7,0.0, , 
,2845.99,1024,87.0,0.0,00101011,2846.30,1024,41.2,5.15,520.2,2845.68,-3.1,0.0, , 
,2846.95,1184,87.0,2.3,00101011,2847.27,1312,44.3,6.18,550.8,2846.62,-2.3,0.0, , 
,2847.96,1664,87.0,0.0,00101011,2848.31,1888,67.8,9.27,775.2,2847.63,-1.6,0.0, , 
,2848.97,1792,87.0,0.0,00111111,2849.27,1376,0.0,0.00,357.0,2848.66,0.0,-4.7, , 
,2849.92,1280,87.0,0.0,00101011,2850.26,1248,40.0,5.15,499.8,2849.58,-3.1,0.0, , 
,2850.94,1344,87.0,0.0,00101011,2851.27,1408,54.5,8.24,673.2,2850.58,-2.3,0.0, , 
,2851.90,1536,87.0,-2.7,00101011,2852.25,1600,50.2,7.21,612.0,2851.53,-1.6,0.0, , 
,2853.02,1728,87.0,0.8,00101011,2853.35,1792,45.9,6.18,571.2,2852.64,-1.6,-4.7, , 
,2854.07,1888,87.0,3.5,00101011,2854.42,1920,42.7,6.18,520.2,2853.71,0.0,-4.7, , 
,2855.13,2016,87.0,4.3,00101001,2855.46,2080,42.7,6.18,520.2,2854.78,0.0,-4.7, , 
,2856.15,2144,87.0,5.1,00101001,2856.48,2208,47.1,6.18,550.8,2855.80,0.0,-4.7, , 
,2857.14,2304,87.0,3.9,00101001,2857.49,2272,0.0,0.00,418.2,2856.81,0.0,-4.7, , 
,2858.16,1248,87.0,0.0,00111111,2858.46,1056,25.1,4.12,357.0,2857.88,0.0,-4.7, , 
,2859.09,1024,87.0,0.0,00111111,2859.42,1024,23.5,3.09,357.0,2858.77,-3.9,0.0, , 
,2860.00,960,87.0,0.0,00111111,2860.29,896,25.1,3.09,357.0,2859.70,-3.9,0.0, , 
,2860.87,864,87.0,-0.4,00111111,2861.17,896,26.7,3.09,397.8,2860.58,-4.7,0.0, , 
,2861.75,864,87.0,-1.2,00111111,2862.05,896,26.7,3.09,397.8,2861.45,-3.9,0.0, , 
,2862.67,864,87.0,-0.4,00111111,2862.97,896,26.7,3.09,397.8,2862.34,-3.9,0.0, , 
,2863.64,1088,87.0,1.6,00101011,2864.01,1440,25.1,3.09,357.0,2863.29,-3.9,0.0, , 
,2864.78,1472,87.0,0.8,00101011,2865.13,1376,38.4,5.15,499.8,2864.41,-2.3,0.0, , 
,2865.93,1440,87.0,-2.3,00101011,2866.26,1504,44.3,5.15,550.8,2865.47,-1.6,0.0, , 
,2866.99,1568,87.0,0.4,00101011,2867.37,1600,41.2,5.15,520.2,2866.65,-1.6,-4.7, , 
,2868.10,1664,88.5,4.7,00101011,2868.47,1696,38.4,5.15,479.4,2867.75,-1.6,-4.7, , 
,2869.22,1760,88.5,6.6,00101011,2869.61,1760,36.9,5.15,459.0,2868.87,-1.6,-4.7, , 
,2870.35,1824,87.0,4.7,00101011,2870.71,1824,34.1,4.12,438.6,2869.99,0.0,-4.7, , 
,2871.43,1856,87.0,3.9,00101011,2871.80,1856,29.4,4.12,397.8,2871.06,0.0,-4.7, , 
,2872.51,1824,87.0,1.6,00111111,2872.84,1760,20.8,2.06,295.8,2872.16,0.0,-4.7, , 
,2873.56,1728,87.0,-2.0,00111111,2873.92,1664,22.0,3.09,316.2,2873.20,-2.3,-4.7, , 
,2874.60,1568,87.0,4.7,00111111,2874.90,1536,22.0,3.09,316.2,2874.27,-3.1,-4.7, , 
,2875.55,1504,87.0,8.6,00101011,2875.84,1504,25.1,3.09,336.6,2875.29,-3.1,-4.7, , 
,2876.40,1504,87.0,3.5,00101011,2876.79,1536,35.3,4.12,438.6,2876.11,-2.3,0.0, , 
,2877.49,1568,87.0,3.5,00101011,2877.85,1568,32.5,4.12,418.2,2877.14,-2.3,-4.7, , 
,2878.59,1568,87.0,3.5,00101011,2878.97,1568,22.0,3.09,336.6,2878.22,-2.3,-4.7, , 
,2879.60,1536,87.0,4.3,00111111,2880.04,1504,23.5,3.09,336.6,2879.29,-3.1,-4.7, , 
,2880.73,1408,87.0,5.1,00111111,2881.03,1440,25.1,3.09,357.0,2880.42,-3.1,0.0, , 
,2881.69,1376,87.0,0.8,00101011,2882.13,1472,38.4,5.15,479.4,2881.34,-2.3,0.0, , 
,2882.88,1504,87.0,-2.0,00101011,2883.17,1504,25.1,3.09,357.0,2882.54,-2.3,-4.7, , 
,2883.95,1504,87.0,0.4,00111111,2884.25,1440,23.5,3.09,336.6,2883.50,-3.1,0.0, , 
,2885.03,1440,87.0,0.8,00101011,2885.36,1472,26.7,3.09,357.0,2884.66,-3.1,0.0, , 
,2886.00,1408,87.0,0.8,00101011,2886.37,1440,28.2,3.09,377.4,2885.68,-2.3,0.0, , 
,2887.11,1472,87.0,-2.7,00101011,2887.54,1504,29.4,3.09,397.8,2886.73,-2.3,0.0, , 
,2888.07,1472,87.0,-3.1,00101011,2888.33,1472,29.4,4.12,397.8,2887.80,-2.3,0.0, , 
,2889.11,1536,87.0,-2.7,00101011,2889.46,1536,31.0,4.12,418.2,2888.78,-2.3,-4.7, , 
,2890.12,1568,87.0,0.8,00101011,2890.48,1568,29.4,3.09,397.8,2889.77,-2.3,-4.7, , 
,2891.19,1600,87.0,3.5,00101011,2891.57,1600,23.5,3.09,336.6,2890.84,-2.3,-4.7, , 
,2892.27,1568,87.0,5.9,00101011,2892.62,1536,23.5,3.09,336.6,2891.93,-3.1,-4.7, , 
,2893.33,1536,87.0,7.4,00101011,2893.74,1536,23.5,3.09,336.6,2893.00,-2.3,-4.7, , 
,2894.43,1568,87.0,5.1,00101011,2894.74,1536,23.5,3.09,336.6,2894.07,-2.3,-4.7, , 
,2895.42,1536,87.0,5.1,00101011,2895.72,1536,23.5,3.09,336.6,2895.05,-3.1,-4.7, , 
,2896.39,1504,87.0,3.9,00101011,2896.84,1472,23.5,3.09,336.6,2896.13,-2.3,-4.7, , 
,2897.59,1440,87.0,3.1,00111111,2897.93,1408,23.5,3.09,336.6,2897.26,-3.1,0.0, , 
,2898.51,1088,87.0,3.1,00111111,2898.80,960,23.5,3.09,357.0,2898.22,-3.1,0.0, , 
,2899.39,896,87.0,3.9,00111111,2899.71,896,26.7,3.09,397.8,2899.09,-4.7,0.0, , 
,2900.32,896,87.0,3.1,00111111,2900.63,896,28.2,3.09,397.8,2900.02,-3.9,0.0, , 
,2901.25,896,87.0,2.0,00111111,2901.56,896,28.2,3.09,397.8,2900.94,-3.9,0.0, , 
,2902.24,1088,87.0,1.6,00111111,2902.55,1216,26.7,3.09,377.4,2901.92,-3.9,0.0, , 
,2903.16,1056,87.0,3.9,00111111,2903.46,928,22.0,3.09,336.6,2902.86,-3.1,0.0, , 
,2904.03,704,87.0,3.9,00111111,2904.34,768,31.0,4.12,438.6,2903.72,-5.5,0.0, , 
,2904.92,800,87.0,1.6,00111111,2905.24,800,29.4,4.12,418.2,2904.63,-3.9,0.0, , 
,2905.85,800,87.0,-0.4,00111111,2906.15,800,29.4,3.09,418.2,2905.53,-4.7,0.0, , 
,2906.75,800,87.0,-0.4,00111111,2907.04,800,28.2,3.09,418.2,2906.45,-4.7,0.0, , 
,2907.64,800,87.0,0.0,00111111,2907.94,800,29.4,3.09,418.2,2907.35,-4.7,0.0, , 
,2908.59,800,87.0,-0.4,00111111,2908.90,800,28.2,3.09,418.2,2908.26,-4.7,0.0, , 
,2909.49,768,87.0,-0.8,00101011,2909.77,800,41.2,6.18,520.2,2909.19,-4.7,0.0, , 
,2910.41,1568,87.0,0.0,00101011,2910.72,1568,50.2,6.18,612.0,2910.09,-1.6,0.0, , 
,2911.38,1248,88.5,-1.6,00101011,2911.69,1056,62.0,9.27,734.4,2911.03,-1.6,0.0, , 
,2912.35,1312,87.0,0.0,00101011,2912.69,1376,41.2,5.15,520.2,2912.03,-1.6,0.0, , 
,2913.22,1472,87.0,-2.0,00101011,2913.59,1568,47.1,6.18,571.2,2912.95,-2.3,0.0, , 
,2914.30,1792,87.0,0.8,00101011,2914.65,1888,42.7,5.15,499.8,2913.93,-1.6,-4.7, , 
,2915.31,2112,87.0,0.0,00101001,2915.66,2144,0.0,0.00,336.6,2914.99,0.0,-4.7, , 
,2916.29,1120,87.0,0.0,00111111,2916.59,1024,26.7,4.12,377.4,2916.00,-3.1,-4.7, , 
,2917.19,992,87.0,0.0,00111111,2917.49,960,23.5,3.09,357.0,2916.93,-3.9,0.0, , 
,2918.09,864,87.0,0.0,00111111,2918.39,864,26.7,3.09,397.8,2917.78,-4.7,0.0, , 
,2919.00,864,87.0,-0.8,00111111,2919.31,864,26.7,3.09,397.8,2918.71,-3.9,0.0, , 
,2919.93,864,87.0,-0.8,00111111,2920.23,768,25.1,3.09,397.8,2919.64,-3.9,0.0, , 
,2920.84,800,87.0,0.0,00111111,2921.14,800,29.4,4.12,418.2,2920.53,-4.7,0.0, , 
,2921.74,800,87.0,0.8,00111111,2922.04,800,28.2,3.09,418.2,2921.44,-4.7,0.0, , 
,2922.63,768,87.0,0.4,00111111,2922.92,800,28.2,3.09,418.2,2922.33,-4.7,0.0, , 
,2923.52,800,87.0,0.0,00111111,2923.83,800,28.2,3.09,418.2,2923.21,-4.7,0.0, , 
,2924.44,800,87.0,0.0,00111111,2924.74,800,28.2,3.09,418.2,2924.14,-4.7,0.0, , 
,2925.31,800,87.0,-0.8,00111111,2925.61,800,28.2,3.09,418.2,2925.02,-4.7,0.0, , 
,2926.20,800,87.0,-0.8,00111111,2926.51,800,28.2,3.09,418.2,2925.91,-4.7,0.0, , 
,2927.14,800,88.5,0.0,00101011,2927.45,1088,75.3,13.39,867.0,2926.82,-4.7,0.0, , 
,2928.22,1792,88.5,0.0,00101011,2928.57,1600,60.4,8.24,714.0,2927.82,0.0,-4.7, , 
,2929.29,1664,88.5,-5.5,00101011,2929.63,1984,65.1,8.24,754.8,2928.89,-1.6,0.0, , 
,2930.25,1280,88.5,0.0,00111111,2930.59,1056,26.7,4.12,377.4,2929.95,-2.3,-4.7, , 
,2931.24,1248,88.5,0.0,00101011,2931.55,1280,36.9,5.15,479.4,2930.90,-2.3,0.0, , 
,2932.19,1408,88.5,-0.8,00101011,2932.63,1472,40.0,5.15,499.8,2931.88,-2.3,0.0, , 
,2933.31,1632,88.5,-0.4,00101011,2933.68,1664,50.2,7.21,612.0,2932.97,-1.6,-4.7, , 
,2934.41,1824,88.5,3.5,00101011,2934.76,1888,44.3,6.18,550.8,2934.03,-1.6,-4.7, , 
,2935.49,1920,88.5,0.0,00111111,2935.85,1888,19.2,2.06,295.8,2935.11,0.0,-4.7, , 
,2936.48,1312,88.5,0.0,00111111,2936.75,992,25.1,4.12,357.0,2936.16,-3.1,-4.7, , 
,2937.42,992,88.5,0.0,00111111,2937.71,928,25.1,3.09,357.0,2937.07,-3.9,0.0, , 
,2938.33,864,88.5,0.0,00111111,2938.63,896,26.7,3.09,377.4,2938.02,-4.7,0.0, , 
,2939.23,864,88.5,-0.8,00111111,2939.54,864,26.7,3.09,397.8,2938.93,-3.9,0.0, , 
,2940.16,896,88.5,-0.8,00111111,2940.48,896,28.2,3.09,397.8,2939.84,-3.9,0.0, , 
,2941.12,896,88.5,-0.4,00111111,2941.44,896,28.2,3.09,397.8,2940.81,-3.9,0.0, , 
,2942.04,896,88.5,0.0,00111111,2942.33,864,26.7,3.09,397.8,2941.74,-3.9,0.0, , 
,2942.94,800,88.5,0.0,00111111,2943.25,768,26.7,3.09,397.8,2942.63,-3.9,0.0, , 
,2943.85,800,88.5,0.8,00111111,2944.15,800,28.2,3.09,418.2,2943.55,-4.7,0.0, , 
,2944.81,928,88.5,0.0,00101011,2945.14,1088,40.0,5.15,499.8,2944.48,-3.9,0.0, , 
,2945.82,1344,88.5,1.6,00101011,2946.12,1088,56.1,8.24,673.2,2945.48,-2.3,0.0, , 
,2946.75,1216,88.5,0.0,00101011,2947.11,1376,65.1,9.27,754.8,2946.44,-1.6,0.0, , 
,2947.80,1952,88.5,0.0,00101011,2948.13,2176,63.5,8.24,734.4,2947.45,-0.8,-4.7, , 
,2948.80,1440,88.5,0.0,00111111,2949.12,1152,26.7,4.12,377.4,2948.45,0.0,-4.7, , 
,2949.79,1248,88.5,0.0,00101011,2950.10,1248,29.4,4.12,397.8,2949.45,-3.1,0.0, , 
,2950.76,1280,88.5,-2.0,00101011,2951.09,1248,22.0,3.09,336.6,2950.42,-3.1,0.0, , 
,2951.72,1216,88.5,-1.2,00111111,2952.04,1184,22.0,3.09,336.6,2951.40,-3.1,0.0, , 
,2952.65,1184,88.5,-0.4,00101011,2952.96,1120,28.2,4.12,377.4,2952.35,-3.9,0.0, , 
,2953.58,1152,88.5,2.0,00101011,2953.90,1152,28.2,4.12,397.8,2953.27,-3.1,0.0, , 
,2954.50,1120,88.5,-1.2,00101011,2954.82,1088,23.5,3.09,336.6,2954.21,-3.1,0.0, , 
,2955.44,1088,88.5,0.4,00101011,2955.76,1088,31.0,4.12,418.2,2955.13,-3.9,0.0, , 
,2956.41,1088,88.5,4.3,00101011,2956.73,1120,29.4,4.12,418.2,2956.09,-3.1,0.0, , 
,2957.40,1120,88.5,-2.0,00111111,2957.69,1120,23.5,3.09,336.6,2957.06,-3.1,0.0, , 
,2958.34,1056,88.5,-0.8,00111111,2958.67,1056,25.1,3.09,357.0,2958.00,-3.9,0.0, , 
,2959.31,1056,88.5,2.3,00111111,2959.62,1152,25.1,3.09,357.0,2958.98,-3.1,0.0, , 
,2960.30,1088,88.5,0.4,00111111,2960.61,992,23.5,3.09,357.0,2959.95,-3.9,0.0, , 
,2961.22,832,88.5,2.3,00111111,2961.51,896,26.7,3.09,397.8,2960.92,-4.7,0.0, , 
,2962.12,896,88.5,1.2,00111111,2962.42,896,26.7,3.09,397.8,2961.82,-3.9,0.0, , 
,2963.03,864,88.5,0.0,00111111,2963.32,864,26.7,3.09,397.8,2962.72,-3.9,0.0, , 
,2963.94,864,90.0,-0.4,00111111,2964.23,864,28.2,3.09,397.8,2963.62,-3.9,0.0, , 
,2964.83,896,88.5,-0.4,00111111,2965.13,896,28.2,3.09,397.8,2964.54,-3.9,0.0, , 
,2965.75,800,88.5,-0.8,00111111,2966.06,736,28.2,3.09,397.8,2965.44,-4.7,0.0, , 
,2966.65,768,88.5,-1.6,00101011,2966.96,832,41.2,6.18,550.8,2966.36,-4.7,0.0, , 
,2967.59,1184,88.5,0.8,00101011,2967.92,1184,31.0,4.12,418.2,2967.29,-2.3,0.0, , 
,2968.57,1440,88.5,-0.4,00111111,2968.83,1504,22.0,3.09,316.2,2968.26,-3.1,0.0, , 
,2969.49,1344,88.5,0.0,00111111,2969.77,1056,20.8,2.06,316.2,2969.16,-3.1,0.0, , 
,2970.35,608,88.5,0.0,00100011,2970.64,672,35.3,4.12,479.4,2970.07,-5.5,0.0, , 
,2971.23,800,88.5,0.4,00101011,2971.51,736,32.5,4.12,459.0,2970.94,-3.9,0.0, , 
,2972.05,736,88.5,-2.0,00101011,2972.36,736,35.3,4.12,479.4,2971.78,-4.7,0.0, , 
,2972.97,768,88.5,-1.2,00111111,2973.27,768,29.4,4.12,438.6,2972.66,-3.9,0.0, , 
,2973.86,768,88.5,-2.3,00111111,2974.17,736,31.0,4.12,438.6,2973.57,-4.7,0.0, , 
,2974.76,640,88.5,0.0,00111111,2975.04,704,41.2,6.18,550.8,2974.47,-4.7,0.0, , 
,2975.63,768,88.5,-0.4,00111111,2975.94,768,31.0,4.12,459.0,2975.33,-3.9,0.0, , 
,2976.53,768,88.5,-2.7,00111111,2976.83,768,32.5,4.12,459.0,2976.24,-3.9,0.0, , 
,2977.40,768,88.5,-2.3,00111111,2977.70,768,32.5,4.12,459.0,2977.13,-3.9,0.0, , 
,2978.31,800,88.5,-1.2,00111111,2978.61,800,32.5,4.12,459.0,2978.00,-3.9,0.0, , 
,2979.20,800,88.5,-0.8,00111111,2979.49,800,32.5,4.12,459.0,2978.91,-3.9,0.0, , 
,2980.07,800,88.5,-0.4,00111111,2980.36,800,31.0,4.12,438.6,2979.79,-3.9,0.0, , 
,2980.98,800,88.5,0.0,00111111,2981.28,800,29.4,4.12,438.6,2980.68,-3.9,0.0, , 
,2981.89,800,88.5,0.4,00111111,2982.19,800,31.0,4.12,438.6,2981.58,-3.9,0.0, , 
,2982.79,768,88.5,0.8,00111111,2983.09,768,31.0,4.12,438.6,2982.49,-3.9,0.0, , 
,2983.70,768,88.5,0.8,00111111,2984.03,800,31.0,4.12,459.0,2983.40,-4.7,0.0, , 
,2984.61,800,88.5,1.6,00111111,2984.92,800,31.0,4.12,438.6,2984.32,-3.9,0.0, , 
,2985.55,800,88.5,1.6,00111111,2985.87,800,29.4,4.12,418.2,2985.22,-4.7,0.0, , 
,2986.50,800,88.5,1.2,00111111,2986.80,800,28.2,3.09,418.2,2986.20,-4.7,0.0, , 
,2987.40,768,88.5,0.4,00111111,2987.70,768,29.4,4.12,418.2,2987.10,-4.7,0.0, , 
,2988.29,800,90.0,0.0,00111111,2988.59,800,29.4,3.09,418.2,2987.99,-4.7,0.0, , 
,2989.20,800,90.0,-0.4,00111111,2989.51,800,28.2,3.09,418.2,2988.89,-4.7,0.0, , 
,2990.10,800,90.0,-0.8,00111111,2990.41,800,26.7,3.09,397.8,2989.81,-4.7,0.0, , 
,2991.03,800,90.0,-0.4,00111111,2991.35,800,26.7,3.09,397.8,2990.71,-4.7,0.0, , 
,2991.92,800,90.0,0.4,00111111,2992.21,800,26.7,3.09,397.8,2991.63,-4.7,0.0, , 
,2992.81,800,90.0,2.0,00111111,2993.11,800,26.7,3.09,397.8,2992.51,-4.7,0.0, , 
,2993.70,800,90.0,2.7,00111111,2994.00,800,26.7,3.09,397.8,2993.41,-4.7,0.0, , 
,2994.59,800,90.0,3.1,00111111,2994.89,800,25.1,3.09,397.8,2994.29,-4.7,0.0, , 
,2995.52,800,90.0,3.1,00111111,2995.80,800,25.1,3.09,377.4,2995.20,-4.7,0.0, , 
,2996.39,800,90.0,2.3,00111111,2996.69,768,25.1,3.09,397.8,2996.09,-4.7,0.0, , 
,2997.31,800,90.0,2.7,00111111,2997.62,800,25.1,3.09,377.4,2997.00,-4.7,0.0, , 
,2998.21,768,90.0,2.7,00111111,2998.50,800,25.1,3.09,377.4,2997.92,-4.7,0.0, , 
,2999.11,800,90.0,2.7,00111111,2999.41,768,25.1,3.09,397.8,2998.80,-4.7,0.0, , 
,3000.00,800,90.0,3.1,00111111,3000.30,800,25.1,3.09,377.4,2999.71,-4.7,0.0, , 
,3000.90,800,90.0,2.7,00111111,3001.20,800,25.1,3.09,377.4,3000.59,-4.7,0.0, , 
,3001.77,800,90.0,2.7,00111111,3002.06,768,25.1,3.09,377.4,3001.49,-4.7,0.0, , 
,3002.65,800,90.0,3.1,00111111,3002.94,768,25.1,3.09,397.8,3002.35,-4.7,0.0, , 
,3003.56,800,90.0,3.1,00111111,3003.86,768,25.1,3.09,397.8,3003.25,-4.7,0.0, , 
,3004.46,768,90.0,3.1,00111111,3004.76,768,25.1,3.09,397.8,3004.15,-4.7,0.0, , 
,3005.36,768,90.0,2.7,00111111,3005.66,800,25.1,3.09,397.8,3005.06,-4.7,0.0, , 
,3006.26,768,91.5,2.7,00111111,3006.54,800,25.1,3.09,397.8,3005.96,-4.7,0.0, , 
,3007.12,800,91.5,3.1,00111111,3007.42,768,25.1,3.09,397.8,3006.83,-4.7,0.0, , 
,3008.02,800,90.0,3.1,00111111,3008.33,800,25.1,3.09,377.4,3007.72,-4.7,0.0, , 
,3008.92,800,90.0,3.1,00111111,3009.22,800,25.1,3.09,377.4,3008.63,-4.7,0.0, , 
,3009.82,800,91.5,3.1,00111111,3010.11,800,25.1,3.09,377.4,3009.52,-4.7,0.0, , 
,3010.69,800,91.5,3.1,00111111,3010.99,800,25.1,3.09,377.4,3010.40,-4.7,0.0, , 
,3011.59,768,91.5,3.1,00111111,3011.90,800,25.1,3.09,377.4,3011.30,-4.7,0.0, , 
,3012.52,800,91.5,2.7,00111111,3012.82,800,25.1,3.09,377.4,3012.21,-4.7,0.0, , 
,3013.42,768,91.5,2.3,00111111,3013.72,800,25.1,3.09,397.8,3013.12,-4.7,0.0, , 
,3014.31,800,91.5,2.0,00111111,3014.62,768,25.1,3.09,397.8,3014.02,-4.7,0.0, , 
,3015.24,800,91.5,2.0,00111111,3015.53,800,25.1,3.09,397.8,3014.93,-4.7,0.0, , 
,3016.12,800,91.5,1.6,00111111,3016.42,800,25.1,3.09,397.8,3015.82,-4.7,0.0, , 
,3017.03,800,91.5,1.6,00111111,3017.33,800,25.1,3.09,397.8,3016.73,-4.7,0.0, , 
,3017.92,800,91.5,1.6,00111111,3018.22,800,25.1,3.09,397.8,3017.63,-4.7,0.0, , 
,3018.82,800,91.5,1.6,00111111,3019.13,800,25.1,3.09,397.8,3018.52,-4.7,0.0, , 
,3019.72,800,91.5,2.0,00111111,3020.03,800,25.1,3.09,397.8,3019.42,-4.7,0.0, , 
,3020.62,800,91.5,2.3,00111111,3020.91,768,25.1,3.09,377.4,3020.32,-4.7,0.0, , 
,3021.52,800,91.5,2.7,00111111,3021.81,800,25.1,3.09,377.4,3021.21,-4.7,0.0, , 
,3022.42,800,91.5,3.5,00111111,3022.71,800,25.1,3.09,377.4,3022.12,-4.7,0.0, , 
,3023.31,800,91.5,3.9,00111111,3023.61,800,25.1,3.09,377.4,3023.01,-4.7,0.0, , 
,3024.20,800,91.5,4.3,00111111,3024.50,800,25.1,3.09,377.4,3023.90,-4.7,0.0, , 
,3025.10,800,91.5,4.3,00111111,3025.40,800,25.1,3.09,377.4,3024.80,-4.7,0.0, , 
,3026.00,800,91.5,4.7,00111111,3026.31,800,25.1,3.09,397.8,3025.70,-4.7,0.0, , 
,3026.91,800,91.5,4.3,00111111,3027.21,800,25.1,3.09,377.4,3026.61,-4.7,0.0, , 
,3027.80,800,91.5,4.3,00111111,3028.10,768,25.1,3.09,377.4,3027.50,-4.7,0.0, , 
,3028.68,768,91.5,4.3,00111111,3028.98,800,25.1,3.09,397.8,3028.40,-4.7,0.0, , 
,3029.60,800,91.5,4.3,00111111,3029.90,800,25.1,3.09,377.4,3029.31,-4.7,0.0, , 
,3030.51,768,91.5,4.3,00111111,3030.81,768,25.1,3.09,397.8,3030.20,-4.7,0.0, , 
,3031.41,800,91.5,3.9,00111111,3031.71,800,25.1,3.09,377.4,3031.10,-4.7,0.0, , 
,3032.34,800,93.0,3.5,00111111,3032.63,768,25.1,3.09,377.4,3032.03,-4.7,0.0, , 
,3033.21,768,91.5,3.5,00111111,3033.49,800,25.1,3.09,397.8,3032.93,-4.7,0.0, , 
,3034.09,800,91.5,3.1,00111111,3034.40,800,25.1,3.09,377.4,3033.80,-4.7,0.0, , 
,3035.00,800,91.5,3.1,00111111,3035.29,800,25.1,3.09,377.4,3034.69,-4.7,0.0, , 
,3035.88,800,91.5,3.9,00111111,3036.17,768,25.1,3.09,377.4,3035.58,-4.7,0.0, , 
,3036.75,800,93.0,3.9,00111111,3037.04,768,25.1,3.09,377.4,3036.47,-4.7,0.0, , 
,3037.62,800,93.0,4.3,00111111,3037.92,768,25.1,3.09,377.4,3037.34,-4.7,0.0, , 
,3038.49,800,93.0,4.7,00111111,3038.81,768,25.1,3.09,377.4,3038.20,-4.7,0.0, , 
,3039.41,768,93.0,4.3,00111111,3039.69,800,25.1,3.09,377.4,3039.11,-4.7,0.0, , 
,3040.31,800,91.5,3.5,00111111,3040.63,768,25.1,3.09,377.4,3040.01,-4.7,0.0, , 
,3041.22,800,93.0,3.9,00111111,3041.53,768,25.1,3.09,397.8,3040.93,-4.7,0.0, , 
,3042.13,768,93.0,3.9,00111111,3042.43,768,25.1,3.09,397.8,3041.83,-5.5,0.0, , 
,3043.04,800,93.0,3.9,00111111,3043.32,768,25.1,3.09,377.4,3042.73,-4.7,0.0, , 
,3043.89,800,93.0,3.9,00111111,3044.18,800,25.1,3.09,377.4,3043.59,-4.7,0.0, , 
,3044.79,768,93.0,3.5,00111111,3045.12,768,25.1,3.09,397.8,3044.47,-4.7,0.0, , 
,3045.73,768,93.0,3.5,00111111,3046.03,768,25.1,3.09,397.8,3045.41,-4.7,0.0, , 
,3046.65,800,93.0,3.1,00111111,3046.94,800,25.1,3.09,377.4,3046.34,-4.7,0.0, , 
,3047.55,800,93.0,3.5,00111111,3047.84,800,25.1,3.09,377.4,3047.25,-4.7,0.0, , 
,3048.43,800,93.0,3.9,00111111,3048.72,768,25.1,3.09,377.4,3048.15,-4.7,0.0, , 
,3049.32,800,93.0,4.3,00111111,3049.62,768,25.1,3.09,377.4,3049.04,-4.7,0.0, , 
,3050.25,800,93.0,4.7,00111111,3050.54,800,25.1,3.09,377.4,3049.93,-4.7,0.0, , 
,3051.16,800,93.0,4.7,00111111,3051.47,800,25.1,3.09,377.4,3050.85,-4.7,0.0, , 
,3052.08,800,93.0,4.7,00111111,3052.38,800,25.1,3.09,377.4,3051.78,-4.7,0.0, , 
,3052.96,800,93.0,4.7,00111111,3053.26,800,25.1,3.09,377.4,3052.67,-5.5,0.0, , 
,3053.86,768,93.0,5.1,00111111,3054.16,768,26.7,3.09,397.8,3053.57,-4.7,0.0, , 
,3054.80,800,94.5,4.7,00111111,3055.12,800,26.7,3.09,397.8,3054.48,-4.7,0.0, , 
,3055.70,800,94.5,2.7,00111111,3056.00,800,25.1,3.09,397.8,3055.40,-4.7,0.0, , 
,3056.60,768,94.5,1.6,00111111,3056.89,800,26.7,3.09,397.8,3056.31,-4.7,0.0, , 
,3057.51,800,94.5,2.0,00111111,3057.81,800,26.7,3.09,397.8,3057.19,-4.7,0.0, , 
,3058.40,800,94.5,2.3,00111111,3058.71,800,25.1,3.09,397.8,3058.11,-4.7,0.0, , 
,3059.31,800,94.5,2.3,00111111,3059.63,800,25.1,3.09,397.8,3059.01,-4.7,0.0, , 
,3060.26,768,94.5,2.7,00111111,3060.57,768,26.7,3.09,397.8,3059.96,-4.7,0.0, , 
