Pi¹tek,28,Sierpieñ,2026,06:49:43:00009-VCID:1C3761778CABCE7337-515A,Wersja VCDS: AKP 23.3.1,Wersja danych: 20230601 DS346.2
047 906 033 L,,1.4l SIMOS3PA   00HS5401,

,Grupa A:,'001,,,,Grupa B:,'002,,,,Grupa C:,'033
,,Obroty silnika,Temperatura,Lambda,Bity binarnie,,Obroty silnika,Obci¹¿enie,Czas wtrysku,Ciœnienie rzecz.,,Lambda,Napiêcie, , 
,CZAS,,,,,CZAS,,,,,CZAS,,,,
Znacznik,ZAPISU, /min,*C, %,,ZAPISU, /min, %, ms, mbar,ZAPISU, %, V,,
,0.01,800,87.0,2.0,10111111,0.30,768,28.2,3.09,418.2,0.60,2.0,1.45, , 
,0.90,768,87.0,1.6,10111111,1.20,768,28.2,4.12,418.2,1.50,1.6,1.45, , 
,1.80,768,87.0,1.6,10111111,2.10,768,29.4,4.12,418.2,2.39,1.6,1.48, , 
,2.69,800,87.0,1.6,10111111,3.00,800,29.4,4.12,418.2,3.31,2.0,1.48, , 
,3.62,800,87.0,2.0,10111111,3.90,768,28.2,4.12,418.2,4.20,2.0,1.48, , 
,4.50,768,88.5,2.0,10111111,4.80,800,28.2,4.12,418.2,5.10,2.0,1.48, , 
,5.40,800,88.5,2.0,10111111,5.71,800,28.2,4.12,418.2,6.01,2.3,1.45, , 
,6.31,800,88.5,2.0,10111111,6.63,800,28.2,3.09,418.2,6.92,2.0,1.45, , 
,7.22,800,88.5,2.0,10111111,7.52,800,28.2,4.12,418.2,7.82,2.0,1.45, , 
,8.10,800,88.5,1.6,10111111,8.38,800,28.2,4.12,418.2,8.69,1.6,1.45, , 
,8.98,768,88.5,1.6,10111111,9.26,768,29.4,4.12,418.2,9.54,1.6,1.48, , 
,9.84,800,88.5,1.6,10111111,10.15,768,28.2,4.12,418.2,10.46,1.2,1.45, , 
,10.76,768,87.0,1.2,10111111,11.04,768,28.2,4.12,418.2,11.33,1.2,1.48, , 
,11.64,800,88.5,1.2,10111111,11.95,768,28.2,3.09,418.2,12.26,1.2,1.48, , 
,12.56,768,88.5,1.6,10111111,12.86,800,28.2,4.12,418.2,13.17,1.6,1.48, , 
,13.47,800,88.5,1.6,10111111,13.77,800,29.4,4.12,418.2,14.07,2.0,1.48, , 
,14.38,768,88.5,2.0,10111111,14.67,768,28.2,3.09,418.2,14.98,2.7,1.48, , 
,15.28,800,88.5,0.0,10101011,15.59,1088,35.3,4.12,479.4,15.90,0.4,1.52, , 
,16.22,1152,88.5,0.8,10101011,16.56,1056,28.2,3.09,397.8,16.86,-0.4,1.48, , 
,17.16,768,88.5,-0.4,10101011,17.43,640,36.9,4.12,479.4,17.71,0.0,1.52, , 
,17.97,704,88.5,2.0,10101011,18.29,800,45.9,6.18,591.6,18.57,0.8,1.45, , 
,18.84,704,88.5,-0.4,10101011,19.14,800,41.2,5.15,571.2,19.43,1.2,1.48, , 
,19.74,832,88.5,0.0,10111111,20.04,832,29.4,3.09,418.2,20.34,-0.8,1.37, , 
,20.64,832,88.5,-2.0,10111111,20.97,800,31.0,4.12,438.6,21.27,-4.7,1.45, , 
,21.57,832,88.5,-3.9,10101011,21.85,832,31.0,4.12,438.6,22.15,-3.1,1.56, , 
,22.44,768,88.5,-3.1,10101011,22.75,864,32.5,4.12,459.0,23.07,-2.7,1.56, , 
,23.36,832,88.5,-2.7,10111111,23.65,800,31.0,4.12,438.6,23.94,-5.5,1.37, , 
,24.25,800,90.0,-6.6,10101011,24.55,800,35.3,4.12,479.4,24.87,-3.1,1.64, , 
,25.21,896,88.5,0.0,10101011,25.53,992,47.1,6.18,591.6,25.86,0.0,1.52, , 
,26.19,1280,88.5,-0.8,10101011,26.55,1376,35.3,5.15,459.0,26.90,0.4,1.52, , 
,27.23,1536,88.5,0.0,10101011,27.57,1664,63.5,10.30,734.4,27.90,0.0,1.56, , 
,28.23,2080,88.5,0.0,10111101,28.55,1536,0.0,0.00,397.8,28.87,0.0,3.71, , 
,29.21,1248,88.5,0.0,10101011,29.52,1184,44.3,7.21,550.8,29.84,0.0,1.09, , 
,30.17,1280,88.5,0.0,10101011,30.50,1376,60.4,9.27,734.4,30.82,0.0,1.52, , 
,31.22,1536,88.5,1.6,10101011,31.60,1632,60.4,9.27,714.0,31.92,2.3,1.56, , 
,32.30,1792,88.5,2.7,10101011,32.67,1888,54.5,7.21,632.4,33.04,4.7,1.52, , 
,33.37,2016,88.5,5.9,10101001,33.71,2112,54.5,8.24,652.8,34.07,5.1,1.48, , 
,34.40,2240,88.5,5.9,10101001,34.76,2368,60.4,9.27,693.6,35.14,5.1,1.41, , 
,35.48,2528,88.5,4.7,10101001,35.82,2624,62.0,9.27,693.6,36.17,5.1,1.48, , 
,36.51,2816,88.5,5.1,10101001,36.84,2880,57.6,8.24,652.8,37.19,0.0,1.52, , 
,37.53,2304,88.5,0.0,10111101,37.92,1760,0.0,0.00,295.8,38.28,0.0,3.63, , 
,38.65,1952,88.5,0.0,10101011,39.02,1920,26.7,3.09,357.0,39.38,0.0,1.41, , 
,39.73,1888,88.5,0.0,10101011,40.10,1920,53.3,7.21,632.4,40.45,2.0,1.60, , 
,40.82,2016,88.5,3.1,10101001,41.15,2048,57.6,8.24,673.2,41.48,3.9,1.52, , 
,41.82,2080,88.5,4.7,11101001,42.15,2112,56.1,8.24,652.8,42.48,5.1,1.45, , 
,42.83,2176,88.5,5.5,11101001,43.17,2208,57.6,8.24,652.8,43.51,4.7,1.48, , 
,43.83,2272,88.5,5.1,11101001,44.18,2304,56.1,8.24,652.8,44.50,4.7,1.45, , 
,44.83,2368,88.5,4.7,11101001,45.19,2400,57.6,8.24,652.8,45.55,4.3,1.48, , 
,45.91,2464,88.5,3.9,11101001,46.27,2496,57.6,8.24,652.8,46.61,4.3,1.48, , 
,46.93,2560,88.5,3.5,11101001,47.24,2624,65.1,9.27,734.4,47.59,2.7,1.45, , 
,47.93,2688,88.5,2.7,11101001,48.26,2720,65.1,10.30,714.0,48.60,2.7,1.52, , 
,48.92,2464,88.5,0.0,11111101,49.27,1952,0.0,0.00,295.8,49.63,0.0,3.67, , 
,49.97,2048,88.5,0.0,11101001,50.33,2016,19.2,3.09,295.8,50.69,0.0,1.25, , 
,51.04,2016,88.5,0.0,11101001,51.38,2016,53.3,7.21,632.4,51.73,0.8,1.56, , 
,52.08,2048,88.5,2.0,11101001,52.43,2048,57.6,8.24,673.2,52.76,2.0,1.52, , 
,53.09,2080,88.5,2.7,11101001,53.46,2080,57.6,8.24,673.2,53.80,2.7,1.45, , 
,54.13,2112,88.5,2.7,11101001,54.47,2144,57.6,8.24,673.2,54.83,2.0,1.52, , 
,55.17,2144,88.5,1.6,11101001,55.52,2176,57.6,8.24,673.2,55.87,2.0,1.52, , 
,56.22,2208,88.5,2.0,11101001,56.55,2208,56.1,8.24,652.8,56.89,2.3,1.52, , 
,57.23,2240,88.5,3.1,11101001,57.57,2240,56.1,8.24,652.8,57.90,3.1,1.45, , 
,58.23,2272,88.5,2.7,11101001,58.57,2272,54.5,8.24,632.4,58.90,3.1,1.52, , 
,59.23,2304,87.0,2.7,11101001,59.57,2304,54.5,8.24,632.4,59.92,2.0,1.48, , 
,60.25,2336,87.0,2.0,11101001,60.59,2336,54.5,8.24,632.4,60.94,2.0,1.48, , 
,61.27,2336,88.5,1.6,11101001,61.59,2368,53.3,8.24,612.0,61.93,2.0,1.52, , 
,62.28,2400,87.0,2.7,11101001,62.62,2400,53.3,7.21,612.0,62.97,2.7,1.52, , 
,63.33,2432,87.0,2.3,11101001,63.67,2432,51.8,7.21,591.6,64.02,1.6,1.48, , 
,64.37,2432,87.0,1.2,11101001,64.72,2464,51.8,7.21,591.6,65.06,1.2,1.52, , 
,65.43,2464,87.0,2.0,11101001,65.78,2496,51.8,7.21,591.6,66.12,2.0,1.48, , 
,66.45,2496,87.0,1.6,11101001,66.80,2528,51.8,7.21,591.6,67.14,1.6,1.48, , 
,67.51,2528,87.0,1.6,11101001,67.86,2560,51.8,7.21,591.6,68.21,1.6,1.52, , 
,68.53,2560,87.0,2.0,11101001,68.87,2560,51.8,7.21,591.6,69.19,2.7,1.52, , 
,69.53,2592,87.0,2.7,11101001,69.86,2592,54.5,8.24,632.4,70.20,3.9,1.52, , 
,70.56,2624,87.0,2.7,11101001,70.89,2624,57.6,8.24,652.8,71.23,2.7,1.52, , 
,71.57,2656,87.0,2.3,11101001,71.91,2688,57.6,8.24,652.8,72.25,2.7,1.52, , 
,72.58,2720,87.0,3.5,11101001,72.92,2720,57.6,8.24,652.8,73.27,3.5,1.48, , 
,73.64,2752,87.0,3.5,11101001,73.98,2784,56.1,8.24,632.4,74.33,3.5,1.48, , 
,74.68,2784,85.5,3.5,11101001,75.02,2816,56.1,8.24,632.4,75.38,3.5,1.52, , 
,75.70,2848,85.5,3.9,11101001,76.07,2848,57.6,8.24,652.8,76.41,3.5,1.48, , 
,76.75,2880,85.5,3.5,11101001,77.11,2912,60.4,9.27,673.2,77.52,4.3,1.45, , 
,77.82,2944,85.5,3.1,11101001,78.28,2944,60.4,9.27,673.2,78.73,2.3,1.52, , 
,79.21,3008,85.5,2.3,11101001,79.61,3008,0.0,0.00,520.2,79.95,0.0,3.48, , 
,80.32,1952,85.5,0.0,11111111,80.66,1408,0.0,0.00,316.2,80.97,0.0,3.63, , 
,81.32,1792,85.5,0.0,11101011,81.64,2272,16.1,2.06,244.8,81.97,0.0,1.09, , 
,82.30,2240,85.5,0.0,11101001,82.64,2240,34.1,4.12,418.2,82.99,-2.0,1.52, , 
,83.30,2240,85.5,-1.6,11101001,83.64,2240,35.3,5.15,438.6,83.98,-2.0,1.48, , 
,84.31,2240,85.5,-1.6,11101001,84.64,2240,42.7,6.18,499.8,84.99,0.4,1.52, , 
,85.32,2240,85.5,2.0,11101001,85.64,2240,42.7,6.18,499.8,85.97,3.5,1.52, , 
,86.30,2240,84.0,4.7,11101001,86.64,2272,44.3,6.18,520.2,86.98,4.7,1.48, , 
,87.32,2272,84.0,3.9,11101001,87.66,2272,53.3,8.24,612.0,87.98,3.5,1.48, , 
,88.31,2272,84.0,3.1,11101001,88.66,2272,53.3,7.21,612.0,89.00,2.7,1.45, , 
,89.35,2304,84.0,2.3,11101001,89.67,2304,56.1,8.24,632.4,90.05,2.0,1.48, , 
,90.39,2304,84.0,1.6,11101001,90.73,2304,56.1,8.24,652.8,91.07,2.0,1.52, , 
,91.42,2336,84.0,1.6,11101001,91.77,2336,59.2,8.24,673.2,92.11,1.2,1.45, , 
,92.45,2336,84.0,0.8,11101001,92.81,2336,57.6,8.24,652.8,93.15,0.8,1.52, , 
,93.50,2368,84.0,0.8,11101001,93.83,2368,57.6,8.24,652.8,94.15,0.4,1.52, , 
,94.48,2368,84.0,0.4,11101001,94.84,2368,57.6,8.24,652.8,95.18,0.8,1.45, , 
,95.49,2368,84.0,0.4,11101001,95.84,2400,57.6,8.24,652.8,96.16,1.2,1.52, , 
,96.51,2400,84.0,0.4,11101001,96.86,2400,53.3,7.21,612.0,97.23,0.4,1.52, , 
,97.56,2400,84.0,0.8,11101001,97.91,2400,47.1,7.21,571.2,98.27,1.2,1.48, , 
,98.62,2400,84.0,1.6,11101001,99.00,2400,42.7,6.18,499.8,99.33,1.6,1.48, , 
,99.70,2400,84.0,2.0,11101001,100.06,2400,45.9,6.18,520.2,100.40,2.0,1.45, , 
,100.75,2400,82.5,1.6,11101001,101.08,2400,44.3,6.18,520.2,101.44,1.6,1.48, , 
,101.81,2400,82.5,1.6,11101001,102.19,2400,45.9,6.18,520.2,102.51,1.2,1.48, , 
,102.87,2400,82.5,1.2,11101001,103.24,2400,45.9,6.18,520.2,103.57,1.2,1.48, , 
,103.88,2400,82.5,0.8,11101001,104.20,2368,45.9,6.18,520.2,104.53,0.8,1.48, , 
,104.88,2368,82.5,1.2,11101001,105.22,2368,47.1,6.18,550.8,105.58,0.8,1.52, , 
,105.91,2368,82.5,0.8,11101001,106.25,2368,47.1,6.18,550.8,106.60,0.8,1.45, , 
,106.96,2368,82.5,0.8,11101001,107.30,2368,47.1,6.18,550.8,107.62,0.8,1.48, , 
,107.94,2368,82.5,1.2,11101001,108.27,2368,47.1,6.18,550.8,108.60,1.2,1.48, , 
,108.95,2368,82.5,1.6,11101001,109.30,2368,47.1,6.18,550.8,109.66,1.2,1.48, , 
,109.99,2368,82.5,1.2,11101001,110.32,2336,45.9,6.18,550.8,110.64,0.8,1.48, , 
,110.98,2336,82.5,1.2,11101001,111.35,2336,47.1,6.18,550.8,111.69,0.8,1.52, , 
,112.03,2336,82.5,0.4,11101001,112.39,2336,45.9,6.18,550.8,112.75,1.2,1.48, , 
,113.08,2336,82.5,0.8,11101001,113.42,2336,45.9,6.18,550.8,113.76,0.8,1.48, , 
,114.14,2336,82.5,0.8,11101001,114.50,2336,47.1,6.18,550.8,114.85,0.4,1.52, , 
,115.18,2336,82.5,0.0,11101001,115.50,2304,47.1,6.18,550.8,115.84,0.4,1.45, , 
,116.18,2336,84.0,0.4,11101001,116.50,2336,47.1,6.18,550.8,116.84,0.4,1.52, , 
,117.20,2336,82.5,0.4,11101001,117.53,2336,47.1,6.18,550.8,117.86,0.8,1.48, , 
,118.20,2336,82.5,0.4,11101001,118.54,2336,45.9,6.18,550.8,118.87,1.2,1.48, , 
,119.22,2336,82.5,0.4,11101001,119.55,2336,47.1,6.18,550.8,119.89,0.4,1.52, , 
,120.22,2336,82.5,0.4,11101001,120.57,2336,47.1,6.18,550.8,120.89,0.4,1.48, , 
,121.23,2336,82.5,-0.4,11101001,121.56,2336,47.1,6.18,550.8,121.88,0.0,1.48, , 
,122.23,2336,82.5,0.0,11101001,122.57,2336,47.1,6.18,550.8,122.89,0.4,1.52, , 
,123.24,2336,82.5,0.4,11101001,123.60,2336,47.1,6.18,550.8,123.94,0.4,1.48, , 
,124.29,2336,82.5,0.4,11101001,124.66,2336,45.9,6.18,550.8,125.00,0.4,1.48, , 
,125.33,2336,82.5,0.4,11101001,125.68,2336,47.1,6.18,550.8,126.01,0.0,1.52, , 
,126.34,2336,84.0,0.8,11101001,126.69,2336,47.1,6.18,550.8,127.03,1.2,1.48, , 
,127.38,2336,84.0,0.4,11101001,127.70,2336,47.1,7.21,550.8,128.03,0.4,1.48, , 
,128.37,2336,84.0,0.4,11101001,128.71,2304,47.1,6.18,550.8,129.03,0.4,1.52, , 
,129.38,2336,84.0,0.8,11101001,129.73,2336,50.2,7.21,591.6,130.08,0.8,1.45, , 
,130.42,2336,84.0,0.0,11101001,130.76,2336,60.4,9.27,673.2,131.08,0.0,1.45, , 
,131.44,2336,84.0,0.4,11101001,131.78,2336,59.2,8.24,673.2,132.12,0.0,1.48, , 
,132.44,2336,84.0,0.0,11101001,132.77,2336,23.5,3.09,316.2,133.12,-4.7,1.29, , 
,133.45,2336,84.0,-5.5,11101001,133.80,2304,34.1,4.12,418.2,134.14,-3.9,1.52, , 
,134.47,2304,82.5,-3.9,11101001,134.80,2304,34.1,4.12,418.2,135.13,0.0,1.56, , 
,135.47,2304,84.0,0.4,11101001,135.82,2304,35.3,5.15,438.6,136.16,2.0,1.52, , 
,136.50,2272,84.0,2.0,11101001,136.84,2272,36.9,5.15,459.0,137.18,3.5,1.52, , 
,137.51,2272,84.0,4.7,11101001,137.86,2272,41.2,6.18,499.8,138.19,5.1,1.45, , 
,138.55,2272,84.0,5.1,11101001,138.89,2272,40.0,5.15,479.4,139.23,4.7,1.45, , 
,139.56,2272,84.0,4.3,11101001,139.90,2272,40.0,5.15,479.4,140.23,3.9,1.48, , 
,140.56,2272,84.0,3.9,11101001,140.89,2240,25.1,3.09,336.6,141.23,0.0,1.25, , 
,141.59,2240,84.0,-7.8,11101001,141.94,2176,17.6,2.06,244.8,142.29,-10.5,1.37, , 
,142.63,2176,84.0,0.0,11111101,142.96,2176,0.0,0.00,244.8,143.30,0.0,3.83, , 
,143.64,2144,84.0,0.0,11111101,144.00,2112,0.0,0.00,244.8,144.34,0.0,3.83, , 
,144.68,2080,84.0,0.0,11111101,145.03,2048,0.0,0.00,244.8,145.39,0.0,3.91, , 
,145.73,2016,84.0,0.0,11111101,146.07,2016,0.0,0.00,244.8,146.42,0.0,3.83, , 
,146.78,1984,84.0,0.0,11111111,147.13,1952,0.0,0.00,244.8,147.49,0.0,3.87, , 
,147.85,1920,84.0,0.0,11111111,148.21,1888,0.0,0.00,275.4,148.57,0.0,3.87, , 
,148.91,1856,84.0,0.0,11111111,149.27,1856,0.0,0.00,295.8,149.62,0.0,3.83, , 
,149.95,1824,84.0,0.0,11101011,150.30,1824,17.6,3.09,275.4,150.65,0.0,0.94, , 
,150.99,1792,84.0,0.0,11101011,151.38,1760,19.2,2.06,295.8,151.73,-2.7,1.45, , 
,152.08,1792,84.0,-2.3,11101011,152.41,1760,20.8,2.06,295.8,152.78,-2.3,1.48, , 
,153.14,1728,84.0,-2.7,11101011,153.53,1728,20.8,2.06,295.8,153.89,-3.1,1.48, , 
,154.25,1728,84.0,-3.5,11101011,154.62,1696,22.0,3.09,316.2,154.98,-3.1,1.52, , 
,155.30,1696,84.0,-3.1,11101011,155.67,1696,22.0,3.09,316.2,156.02,-2.7,1.56, , 
,156.41,1696,84.0,-2.3,11101011,156.79,1664,22.0,3.09,316.2,157.19,-2.0,1.52, , 
,157.54,1664,84.0,-2.3,11101011,157.90,1664,22.0,3.09,316.2,158.26,-1.2,1.56, , 
,158.62,1632,82.5,0.0,11101011,158.98,1632,29.4,4.12,377.4,159.36,0.8,1.48, , 
,159.74,1632,84.0,1.6,11101011,160.10,1632,35.3,5.15,459.0,160.46,3.9,1.52, , 
,160.80,1632,82.5,4.7,11101011,161.18,1664,47.1,7.21,571.2,161.53,5.9,1.45, , 
,161.87,1664,82.5,4.3,11101011,162.22,1664,53.3,8.24,632.4,162.59,3.9,1.45, , 
,162.95,1696,82.5,3.5,11101011,163.30,1696,62.0,9.27,714.0,163.63,0.0,1.45, , 
,164.00,1696,82.5,-0.4,11101011,164.37,1728,62.0,9.27,714.0,164.75,0.0,1.52, , 
,165.13,1728,82.5,0.0,11101011,165.49,1728,63.5,9.27,734.4,165.88,0.0,1.48, , 
,166.23,1760,82.5,-0.8,11101011,166.59,1760,53.3,8.24,632.4,166.99,0.0,1.52, , 
,167.36,1760,82.5,0.0,11101011,167.76,1792,53.3,8.24,632.4,168.14,-0.4,1.48, , 
,168.50,1792,82.5,0.0,11101011,168.89,1792,53.3,8.24,632.4,169.28,0.4,1.48, , 
,169.66,1792,82.5,0.4,11101011,170.04,1792,53.3,7.21,632.4,170.42,0.4,1.48, , 
,170.79,1824,82.5,0.4,11101011,171.15,1824,51.8,7.21,612.0,171.53,-0.4,1.48, , 
,171.88,1824,82.5,-0.4,11101011,172.26,1824,51.8,7.21,612.0,172.63,-0.8,1.52, , 
,173.02,1856,82.5,-0.8,11101011,173.40,1856,51.8,7.21,612.0,173.77,-0.8,1.52, , 
,174.13,1856,82.5,-0.8,11101011,174.50,1856,53.3,7.21,632.4,174.88,-0.8,1.52, , 
,175.23,1856,82.5,-2.0,11101011,175.60,1888,60.4,9.27,693.6,175.97,-1.2,1.52, , 
,176.34,1888,82.5,-1.2,11101011,176.70,1920,59.2,9.27,693.6,177.05,-1.6,1.48, , 
,177.43,1920,82.5,-1.2,11101011,177.78,1920,59.2,8.24,673.2,178.15,-0.8,1.48, , 
,178.53,1952,82.5,-0.4,11101011,178.90,1952,57.6,8.24,673.2,179.26,-0.8,1.48, , 
,179.62,1984,82.5,-0.8,11101011,179.97,1984,57.6,8.24,673.2,180.33,-0.4,1.52, , 
,180.70,1984,84.0,0.0,11101001,181.05,2016,57.6,8.24,652.8,181.41,-0.4,1.48, , 
,181.76,2016,84.0,-0.8,11101001,182.10,2016,53.3,7.21,632.4,182.46,0.0,1.52, , 
,182.81,2048,84.0,0.4,11101001,183.16,2048,60.4,9.27,693.6,183.52,1.6,1.52, , 
,183.85,2048,84.0,1.2,11101001,184.20,2080,65.1,9.27,734.4,184.53,0.8,1.48, , 
,184.88,2080,84.0,0.8,11101001,185.22,2112,66.3,10.30,754.8,185.59,0.0,1.48, , 
,185.93,2112,84.0,-0.4,11101001,186.29,2144,66.3,9.27,734.4,186.62,-0.8,1.52, , 
,186.95,2144,84.0,-0.4,11101001,187.29,2144,65.1,9.27,734.4,187.64,-1.2,1.45, , 
,188.00,2176,84.0,-1.2,11101001,188.35,2176,65.1,9.27,734.4,188.70,-1.2,1.52, , 
,189.04,2208,84.0,-0.4,11101001,189.38,2208,65.1,9.27,714.0,189.73,0.0,1.48, , 
,190.07,2240,84.0,-0.4,11101001,190.41,2240,63.5,9.27,714.0,190.75,-0.8,1.52, , 
,191.08,2272,84.0,-0.4,11101001,191.41,2272,63.5,9.27,714.0,191.75,-0.8,1.52, , 
,192.10,2272,84.0,-0.8,11101001,192.43,2272,62.0,9.27,693.6,192.77,0.0,1.45, , 
,193.10,2304,84.0,-0.8,11101001,193.43,2304,57.6,8.24,652.8,193.75,-1.2,1.52, , 
,194.08,2304,84.0,-0.4,11101001,194.41,2336,56.1,8.24,652.8,194.74,-0.4,1.52, , 
,195.08,2336,84.0,-0.4,11101001,195.40,2336,56.1,8.24,652.8,195.74,0.4,1.48, , 
,196.07,2336,84.0,-0.4,11101001,196.40,2336,56.1,8.24,632.4,196.74,-0.4,1.52, , 
,197.08,2336,84.0,0.0,11101001,197.41,2336,56.1,8.24,632.4,197.77,0.4,1.52, , 
,198.11,2368,84.0,0.0,11101001,198.44,2368,54.5,8.24,632.4,198.78,0.8,1.48, , 
,199.13,2368,84.0,0.4,11101001,199.46,2368,54.5,8.24,632.4,199.78,0.0,1.52, , 
,200.14,2368,84.0,0.0,11101001,200.48,2368,54.5,8.24,632.4,200.82,0.4,1.52, , 
,201.15,2368,84.0,0.0,11101001,201.47,2368,54.5,8.24,632.4,201.84,0.0,1.45, , 
,202.18,2368,84.0,0.0,11101001,202.52,2368,54.5,8.24,632.4,202.85,0.0,1.52, , 
,203.18,2368,84.0,0.0,11101001,203.52,2368,54.5,8.24,632.4,203.85,0.4,1.52, , 
,204.19,2336,84.0,0.0,11101001,204.55,2336,54.5,8.24,632.4,204.89,0.0,1.45, , 
,205.23,2336,84.0,0.0,11101001,205.56,2336,54.5,8.24,632.4,205.90,0.0,1.52, , 
,206.22,2336,84.0,0.4,11101001,206.55,2336,54.5,8.24,632.4,206.90,0.4,1.52, , 
,207.25,2304,84.0,0.0,11101001,207.59,2304,56.1,8.24,632.4,207.93,0.0,1.45, , 
,208.25,2304,84.0,-0.4,11101001,208.58,2304,56.1,8.24,632.4,208.92,0.0,1.52, , 
,209.26,2272,84.0,0.4,11101001,209.59,2272,56.1,8.24,652.8,209.97,1.2,1.48, , 
,210.31,2240,84.0,0.4,11101001,210.66,2240,57.6,8.24,652.8,211.00,0.8,1.52, , 
,211.33,2240,84.0,0.8,11101001,211.67,2208,66.3,10.30,734.4,212.01,0.4,1.48, , 
,212.36,2208,84.0,-0.8,11101001,212.69,2208,71.0,10.30,795.6,213.04,-1.2,1.48, , 
,213.38,2176,84.0,-1.6,11101001,213.72,2176,72.2,10.30,795.6,214.05,-2.3,1.52, , 
,214.39,2176,84.0,-2.3,11101001,214.74,2176,71.0,10.30,795.6,215.08,-2.0,1.45, , 
,215.44,2144,84.0,-2.0,11101001,215.80,2144,75.3,11.33,846.6,216.15,-2.0,1.48, , 
,216.50,2144,84.0,-2.3,11101001,216.83,2144,79.6,12.36,887.4,217.18,-2.3,1.48, , 
,217.52,2144,84.0,-3.1,11101001,217.87,2112,85.5,13.39,948.6,218.23,-4.3,1.48, , 
,218.56,2112,84.0,-4.7,11101001,218.91,2112,85.5,13.39,948.6,219.26,-5.1,1.48, , 
,219.60,2112,84.0,-4.7,11101001,219.94,2112,85.5,13.39,948.6,220.29,-4.3,1.48, , 
,220.61,2112,84.0,-3.9,11101001,220.96,2112,85.5,13.39,948.6,221.30,-4.7,1.52, , 
,221.64,2112,84.0,-4.3,11101001,221.99,2112,85.5,13.39,948.6,222.36,-4.7,1.48, , 
,222.71,2080,84.0,-4.7,11101001,223.04,2080,85.5,13.39,948.6,223.38,-4.7,1.48, , 
,223.74,2080,84.0,-4.7,11101001,224.07,2080,87.1,13.39,948.6,224.41,-4.7,1.48, , 
,224.77,2080,85.5,-4.7,11101001,225.11,2080,87.1,13.39,969.0,225.46,-4.7,1.52, , 
,225.80,2080,85.5,-4.7,11101001,226.15,2080,87.1,13.39,969.0,226.49,-5.1,1.45, , 
,226.84,2080,85.5,-5.1,11101001,227.17,2080,87.1,13.39,948.6,227.53,-5.1,1.52, , 
,227.89,2080,85.5,-4.7,11101001,228.26,2080,87.1,13.39,948.6,228.61,-4.7,1.48, , 
,228.96,2048,85.5,-4.3,11101001,229.29,2048,87.1,13.39,948.6,229.64,-3.9,1.48, , 
,229.99,2048,85.5,-4.3,11101001,230.33,2048,85.5,13.39,948.6,230.69,-4.3,1.52, , 
,231.05,2048,85.5,-3.5,11101001,231.40,2048,85.5,13.39,948.6,231.76,-3.5,1.52, , 
,232.10,2048,85.5,-3.9,11101001,232.45,2048,82.7,12.36,928.2,232.81,-4.7,1.52, , 
,233.17,2080,85.5,-4.7,11101001,233.53,2080,82.7,12.36,907.8,233.87,-3.5,1.48, , 
,234.20,2080,85.5,-3.9,11101001,234.56,2080,81.2,12.36,907.8,234.91,-3.5,1.52, , 
,235.25,2112,85.5,-3.5,11101001,235.61,2112,78.4,11.33,867.0,235.95,-3.9,1.48, , 
,236.31,2112,85.5,-3.9,11101001,236.67,2144,73.7,11.33,826.2,237.00,-2.7,1.48, , 
,237.35,2144,85.5,0.0,11101001,237.68,2144,59.2,8.24,673.2,238.03,-1.6,1.41, , 
,238.39,2144,85.5,-1.2,11101001,238.73,2144,56.1,8.24,652.8,239.06,-1.2,1.48, , 
,239.40,2176,85.5,-1.6,11101001,239.74,2208,54.5,7.21,632.4,240.08,-1.6,1.52, , 
,240.43,2208,85.5,-1.2,11101001,240.76,2208,51.8,7.21,591.6,241.09,-0.8,1.48, , 
,241.43,2240,85.5,-1.2,11101001,241.76,2240,48.6,7.21,571.2,242.10,0.4,1.52, , 
,242.42,2272,85.5,1.2,11101001,242.76,2272,48.6,6.18,571.2,243.09,1.6,1.48, , 
,243.43,2304,85.5,1.2,11101001,243.75,2304,26.7,4.12,357.0,244.09,-3.1,1.29, , 
,244.47,2304,85.5,-3.5,11101001,244.84,2336,26.7,3.09,336.6,245.18,-5.1,1.41, , 
,245.50,2336,85.5,-5.5,11101001,245.85,2336,26.7,3.09,336.6,246.18,-5.9,1.52, , 
,246.51,2368,85.5,-5.5,11101001,246.86,2368,25.1,3.09,336.6,247.20,-5.5,1.52, , 
,247.54,2400,85.5,-5.9,11101001,247.86,2400,25.1,3.09,336.6,248.24,-4.7,1.48, , 
,248.60,2400,85.5,-4.7,11101001,248.94,2432,25.1,3.09,336.6,249.29,-3.5,1.52, , 
,249.63,2432,85.5,-3.1,11101001,249.98,2432,23.5,3.09,316.2,250.32,-3.1,1.48, , 
,250.69,2464,85.5,-2.7,11101001,251.05,2464,23.5,3.09,316.2,251.40,-4.3,1.45, , 
,251.74,2464,85.5,-4.3,11101001,252.09,2496,25.1,3.09,316.2,252.39,-5.1,1.48, , 
,252.72,2496,85.5,-5.5,11101001,253.07,2496,25.1,3.09,316.2,253.45,-5.5,1.48, , 
,253.80,2528,85.5,-5.5,11101001,254.15,2528,23.5,3.09,316.2,254.51,-5.5,1.48, , 
,254.85,2528,85.5,-5.5,11101001,255.20,2528,23.5,3.09,316.2,255.55,-4.7,1.52, , 
,255.87,2560,85.5,-3.9,11101001,256.21,2528,23.5,3.09,316.2,256.57,-3.5,1.48, , 
,256.91,2528,85.5,-3.1,11111101,257.24,2592,19.2,2.06,275.4,257.57,0.0,1.45, , 
,257.91,2528,85.5,0.0,11111101,258.26,2528,0.0,0.00,244.8,258.59,0.0,2.93, , 
,258.92,2528,85.5,0.0,11101001,259.25,2528,17.6,2.06,244.8,259.57,0.0,1.21, , 
,259.91,2528,85.5,-4.3,11101001,260.26,2528,19.2,2.06,275.4,260.60,-5.1,1.45, , 
,260.93,2496,84.0,-5.5,11101001,261.28,2496,20.8,2.06,295.8,261.66,-7.0,1.45, , 
,261.99,2496,85.5,-7.8,11101001,262.29,2496,26.7,3.09,336.6,262.63,-6.3,1.56, , 
,262.96,2496,85.5,-5.9,11101001,263.29,2496,28.2,4.12,357.0,263.62,-3.9,1.56, , 
,263.97,2496,85.5,-1.6,11101001,264.33,2528,35.3,5.15,438.6,264.68,0.0,1.52, , 
,265.01,2528,85.5,-1.2,11101001,265.33,2528,22.0,3.09,295.8,265.69,-4.3,1.41, , 
,266.04,2528,84.0,-5.9,11101001,266.37,2528,22.0,3.09,295.8,266.71,-7.0,1.45, , 
,267.03,2496,85.5,-6.6,11101001,267.37,2496,22.0,3.09,295.8,267.70,-7.8,1.52, , 
,268.05,2496,84.0,-7.4,11101001,268.40,2496,22.0,3.09,295.8,268.74,-8.2,1.52, , 
,269.07,2496,84.0,-9.0,11101001,269.40,2496,22.0,3.09,295.8,269.74,-8.6,1.48, , 
,270.10,2496,84.0,-8.6,11101001,270.44,2464,23.5,3.09,316.2,270.80,-7.4,1.56, , 
,271.16,2464,85.5,-2.7,11101001,271.53,2464,23.5,3.09,316.2,271.90,-2.3,1.48, , 
,272.25,2464,84.0,-2.3,11101001,272.61,2464,23.5,3.09,316.2,272.96,-0.8,1.48, , 
,273.30,2464,84.0,0.0,11101001,273.68,2464,23.5,3.09,316.2,274.01,0.4,1.48, , 
,274.35,2464,85.5,0.4,11101001,274.69,2464,23.5,3.09,316.2,275.04,0.0,1.45, , 
,275.38,2432,84.0,-0.4,11101001,275.73,2432,23.5,3.09,316.2,276.08,-1.6,1.52, , 
,276.42,2432,84.0,-2.0,11101001,276.79,2432,25.1,3.09,336.6,277.14,-2.3,1.48, , 
,277.49,2432,84.0,-1.6,11101001,277.82,2432,25.1,3.09,336.6,278.16,-1.6,1.48, , 
,278.50,2400,84.0,-2.0,11101001,278.87,2400,26.7,3.09,336.6,279.21,-2.0,1.52, , 
,279.54,2400,84.0,-2.0,11101001,279.87,2400,26.7,3.09,336.6,280.21,-1.6,1.48, , 
,280.57,2400,84.0,-1.6,11101001,280.95,2400,26.7,4.12,357.0,281.28,-4.3,1.48, , 
,281.60,2400,84.0,-4.7,11101001,281.94,2400,26.7,3.09,357.0,282.26,-4.7,1.52, , 
,282.58,2368,84.0,-4.7,11101001,282.91,2368,26.7,3.09,357.0,283.25,-4.7,1.48, , 
,283.62,2368,84.0,-4.3,11101001,283.97,2368,26.7,3.09,336.6,284.32,-4.7,1.48, , 
,284.65,2368,84.0,-4.7,11101001,284.99,2368,26.7,3.09,357.0,285.35,-4.7,1.52, , 
,285.68,2336,84.0,-5.5,11101001,286.01,2336,17.6,2.06,275.4,286.34,-8.2,1.41, , 
,286.66,2336,84.0,-8.2,11101001,286.99,2304,17.6,2.06,244.8,287.32,-8.6,1.48, , 
,287.66,2304,84.0,-8.6,11101001,287.99,2304,20.8,2.06,275.4,288.32,-9.0,1.52, , 
,288.67,2272,84.0,-9.0,11101001,289.01,2272,20.8,2.06,295.8,289.34,-9.8,1.48, , 
,289.68,2272,84.0,-9.8,11101001,290.01,2240,22.0,3.09,295.8,290.37,-10.2,1.52, , 
,290.70,2272,84.0,0.0,11101001,291.03,2240,50.2,7.21,591.6,291.36,0.0,1.48, , 
,291.68,2240,84.0,0.8,11101001,292.02,2240,20.8,2.06,295.8,292.36,0.0,1.33, , 
,292.69,2208,84.0,-4.7,11111101,293.04,2208,0.0,0.00,244.8,293.37,0.0,3.71, , 
,293.72,2176,84.0,0.0,11111101,294.04,2176,0.0,0.00,244.8,294.39,0.0,3.83, , 
,294.73,2144,84.0,0.0,11111101,295.05,2112,0.0,0.00,244.8,295.40,0.0,3.91, , 
,295.73,2080,84.0,0.0,11111101,296.08,2080,0.0,0.00,244.8,296.43,0.0,3.91, , 
,296.77,2048,84.0,0.0,11111101,297.10,2048,0.0,0.00,244.8,297.44,0.0,3.95, , 
,297.79,2016,84.0,0.0,11111101,298.15,1984,0.0,0.00,244.8,298.51,0.0,3.91, , 
,298.88,1952,84.0,0.0,11111111,299.24,1952,0.0,0.00,244.8,299.60,0.0,3.95, , 
,299.95,1920,84.0,0.0,11111111,300.30,1920,0.0,0.00,275.4,300.66,0.0,3.95, , 
,301.01,1888,82.5,0.0,11111111,301.38,1856,0.0,0.00,295.8,301.72,0.0,3.95, , 
,302.08,1824,82.5,0.0,11111111,302.43,1824,0.0,0.00,295.8,302.82,0.0,3.95, , 
,303.12,1792,82.5,0.0,11111111,303.43,1792,0.0,0.00,316.2,303.74,0.0,3.95, , 
,304.07,1760,82.5,0.0,11111111,304.39,1760,0.0,0.00,316.2,304.75,0.0,3.98, , 
,305.11,1728,82.5,0.0,11111111,305.44,1696,0.0,0.00,316.2,305.77,0.0,3.98, , 
,306.12,1696,82.5,0.0,11111111,306.44,1664,22.0,3.09,316.2,306.79,0.0,1.52, , 
,307.14,1664,82.5,0.0,11101011,307.53,1664,20.8,3.09,316.2,307.89,0.0,1.17, , 
,308.25,1632,82.5,1.2,11101011,308.57,1632,22.0,3.09,316.2,308.92,-0.8,1.48, , 
,309.30,1600,82.5,0.4,11101011,309.67,1600,23.5,3.09,336.6,310.03,0.0,1.52, , 
,310.41,1600,82.5,0.4,11101011,310.79,1600,23.5,3.09,336.6,311.13,-1.6,1.45, , 
,311.47,1568,82.5,-2.0,11101011,311.79,1568,23.5,3.09,336.6,312.15,-3.1,1.45, , 
,312.50,1568,82.5,-3.9,11101011,312.83,1536,22.0,3.09,316.2,313.17,-4.3,1.48, , 
,313.52,1536,82.5,-5.5,11101011,313.85,1504,22.0,3.09,316.2,314.17,-4.7,1.56, , 
,314.57,1504,82.5,-4.3,11111111,314.84,1504,22.0,3.09,316.2,315.17,-2.3,1.60, , 
,315.52,1472,82.5,-1.6,11111111,315.79,1440,23.5,3.09,336.6,316.19,1.2,1.60, , 
,316.49,1472,82.5,2.0,11111111,316.85,1440,23.5,3.09,336.6,317.17,2.3,1.48, , 
,317.50,1120,82.5,3.1,11111111,317.82,960,25.1,3.09,357.0,318.13,2.0,1.45, , 
,318.46,896,82.5,1.6,11111111,318.75,896,26.7,3.09,397.8,319.04,1.6,1.52, , 
,319.36,896,82.5,2.0,11111111,319.67,896,26.7,3.09,397.8,319.97,2.0,1.52, , 
,320.27,896,82.5,2.3,11111111,320.57,896,28.2,4.12,397.8,320.86,2.0,1.48, , 
,321.17,896,82.5,2.0,11111111,321.49,896,26.7,3.09,397.8,321.81,2.0,1.52, , 
,322.12,896,82.5,2.0,11111111,322.41,896,26.7,3.09,397.8,322.71,2.7,1.48, , 
,323.03,896,82.5,2.7,11111111,323.36,896,26.7,3.09,377.4,323.67,2.3,1.45, , 
,323.99,896,82.5,2.3,11111111,324.30,896,26.7,3.09,377.4,324.63,2.0,1.45, , 
,324.99,960,81.0,2.0,11111111,325.31,1056,23.5,3.09,357.0,325.63,0.8,1.45, , 
,325.94,1568,82.5,4.3,11111111,326.32,1856,20.8,3.09,295.8,326.69,0.0,1.99, , 
,327.05,1824,82.5,0.0,11101011,327.42,1792,23.5,3.09,316.2,327.78,-0.4,1.48, , 
,328.14,1792,82.5,-1.2,11101011,328.47,1760,28.2,4.12,377.4,328.82,-1.6,1.48, , 
,329.19,1760,82.5,-2.7,11101011,329.59,1760,31.0,4.12,397.8,329.97,-3.5,1.45, , 
,330.30,1760,82.5,-3.9,11101011,330.62,1760,32.5,4.12,418.2,330.95,-3.5,1.52, , 
,331.27,1792,82.5,-3.5,11101011,331.58,1792,36.9,5.15,459.0,331.96,-1.6,1.52, , 
,332.35,1824,82.5,-0.4,11101011,332.71,1824,45.9,6.18,550.8,333.10,1.2,1.48, , 
,333.46,1856,82.5,1.2,11101011,333.82,1888,42.7,6.18,520.2,334.20,0.0,1.45, , 
,334.56,1920,82.5,-1.2,11101011,334.93,1952,42.7,6.18,499.8,335.30,0.4,1.52, , 
,335.66,1984,81.0,0.8,11101011,336.01,2016,51.8,7.21,612.0,336.37,-0.4,1.48, , 
,336.74,2080,82.5,-0.4,11101001,337.10,2112,50.2,7.21,591.6,337.45,-0.4,1.52, , 
,337.77,2176,82.5,-0.8,11101001,338.09,2176,47.1,7.21,550.8,338.43,-0.4,1.52, , 
,338.76,2240,82.5,-0.4,11101001,339.09,2240,45.9,6.18,550.8,339.43,-0.4,1.48, , 
,339.78,2304,82.5,0.0,11101001,340.12,2336,41.2,6.18,479.4,340.45,0.0,1.41, , 
,340.79,1888,82.5,0.0,11111111,341.12,1376,0.0,0.00,336.6,341.41,0.0,3.71, , 
,341.71,1088,82.5,0.0,11111111,342.03,1152,25.1,4.12,357.0,342.35,0.0,1.02, , 
,342.66,1024,82.5,0.0,11111111,342.98,928,22.0,3.09,336.6,343.29,0.0,1.05, , 
,343.61,864,82.5,0.0,11111111,343.90,864,25.1,3.09,377.4,344.22,0.0,1.41, , 
,344.51,864,82.5,-0.4,11111111,344.82,896,26.7,3.09,377.4,345.18,-0.8,1.48, , 
,345.50,1056,82.5,-0.8,11111111,345.89,1408,20.8,3.09,295.8,346.23,0.0,1.84, , 
,346.59,1856,82.5,0.0,11101011,346.96,1888,25.1,3.09,357.0,347.35,0.0,1.48, , 
,347.70,1856,82.5,-1.6,11101011,348.05,1856,31.0,4.12,397.8,348.41,-1.6,1.48, , 
,348.78,1888,82.5,-2.3,11101011,349.14,1888,36.9,5.15,459.0,349.50,-1.2,1.56, , 
,349.86,1920,82.5,-1.2,11101011,350.22,1920,36.9,5.15,459.0,350.58,-1.2,1.52, , 
,350.93,1952,82.5,-1.6,11101011,351.29,1984,40.0,5.15,499.8,351.65,-1.6,1.48, , 
,352.01,2016,82.5,-1.2,11101001,352.34,2016,45.9,6.18,550.8,352.69,0.8,1.52, , 
,353.05,2080,82.5,1.2,11101001,353.38,2080,47.1,7.21,571.2,353.73,0.8,1.48, , 
,354.06,2144,82.5,0.0,11101001,354.40,2144,45.9,6.18,550.8,354.77,0.4,1.52, , 
,355.11,2176,84.0,0.0,11101001,355.45,2208,45.9,6.18,550.8,355.79,0.0,1.48, , 
,356.13,2240,82.5,0.0,11101001,356.46,2240,45.9,6.18,520.2,356.80,0.4,1.52, , 
,357.14,2272,82.5,0.4,11101001,357.48,2304,44.3,6.18,520.2,357.81,0.8,1.48, , 
,358.16,2304,82.5,0.8,11101001,358.51,2336,44.3,6.18,499.8,358.86,1.2,1.48, , 
,359.22,2368,82.5,0.4,11101001,359.58,2400,42.7,6.18,499.8,359.93,0.0,1.52, , 
,360.29,2432,82.5,-0.4,11101001,360.62,2432,47.1,7.21,550.8,360.96,0.8,1.48, , 
,361.30,2496,82.5,1.6,11101001,361.65,2496,51.8,7.21,591.6,362.00,1.2,1.45, , 
,362.36,2560,84.0,1.2,11101001,362.68,2592,53.3,8.24,612.0,363.01,1.2,1.48, , 
,363.33,2656,84.0,1.6,11101001,363.69,2656,51.8,7.21,591.6,364.03,1.6,1.48, , 
,364.36,2432,84.0,0.0,11111101,364.70,1888,0.0,0.00,295.8,365.02,0.0,3.75, , 
,365.32,1024,84.0,0.0,11111111,365.63,1120,25.1,4.12,357.0,365.99,0.0,1.37, , 
,366.34,1920,84.0,0.0,11101011,366.71,1952,16.1,2.06,244.8,367.08,0.0,1.13, , 
,367.44,1920,82.5,-7.0,11101011,367.80,1952,20.8,3.09,316.2,368.16,-0.8,1.52, , 
,368.54,1888,84.0,-1.6,11101011,368.90,1888,34.1,4.12,418.2,369.25,1.2,1.64, , 
,369.63,1920,84.0,2.7,11101011,369.98,1920,38.4,5.15,479.4,370.35,3.9,1.56, , 
,370.72,1920,84.0,3.9,11101011,371.09,1920,28.2,4.12,377.4,371.46,2.3,1.41, , 
,371.83,1920,84.0,1.6,11101011,372.19,1920,28.2,4.12,377.4,372.55,1.2,1.45, , 
,372.89,1920,84.0,0.8,11101011,373.24,1920,28.2,3.09,377.4,373.62,0.8,1.48, , 
,373.98,1920,84.0,-0.4,11101011,374.34,1920,20.8,2.06,295.8,374.72,-3.5,1.41, , 
,375.10,1888,84.0,-2.7,11101011,375.47,1856,25.1,3.09,336.6,375.85,-3.1,1.52, , 
,376.22,1888,84.0,1.2,11101011,376.59,1856,25.1,3.09,357.0,376.93,2.0,1.52, , 
,377.32,1856,84.0,1.6,11101011,377.68,1856,26.7,3.09,357.0,378.01,3.1,1.52, , 
,378.39,1856,84.0,4.3,11101011,378.76,1856,26.7,3.09,357.0,379.14,5.5,1.52, , 
,379.52,1856,84.0,6.3,11101011,379.89,1856,26.7,3.09,357.0,380.27,7.0,1.45, , 
,380.64,1856,84.0,7.0,11101011,381.01,1856,28.2,4.12,377.4,381.37,6.6,1.45, , 
,381.76,1856,84.0,6.3,11101011,382.14,1856,26.7,3.09,357.0,382.50,5.9,1.48, , 
,382.89,1856,84.0,6.3,11101011,383.27,1824,28.2,3.09,357.0,383.65,5.9,1.48, , 
,384.03,1824,84.0,6.3,11101011,384.40,1824,28.2,3.09,377.4,384.76,5.9,1.48, , 
,385.14,1824,84.0,6.3,11101011,385.49,1824,28.2,4.12,377.4,385.88,6.6,1.52, , 
,386.27,1856,84.0,7.4,11101011,386.64,1856,35.3,5.15,438.6,387.02,10.5,1.56, , 
,387.36,1856,84.0,12.5,11101011,387.69,1856,47.1,7.21,571.2,388.06,14.5,1.48, , 
,388.42,1888,84.0,15.2,11101011,388.78,1888,47.1,7.21,571.2,389.14,14.8,1.48, , 
,389.51,1920,84.0,14.8,11101011,389.88,1952,44.3,6.18,550.8,390.25,0.8,1.45, , 
,390.61,1952,84.0,0.8,11101011,390.99,1952,42.7,6.18,520.2,391.38,0.4,1.45, , 
,391.74,1984,84.0,-0.8,11101011,392.13,1984,38.4,5.15,479.4,392.49,-0.8,1.52, , 
,392.85,1984,84.0,-1.2,11101001,393.20,1984,41.2,6.18,499.8,393.55,-1.2,1.48, , 
,393.90,2016,84.0,-1.2,11101001,394.26,2016,41.2,5.15,499.8,394.59,-1.6,1.52, , 
,394.95,2048,84.0,-1.6,11101001,395.28,2048,41.2,6.18,499.8,395.63,-0.8,1.52, , 
,396.00,2048,84.0,-0.8,11101001,396.33,2080,48.6,7.21,571.2,396.67,0.0,1.52, , 
,397.02,2080,84.0,0.4,11101001,397.37,2112,47.1,7.21,571.2,397.72,0.4,1.48, , 
,398.07,2144,84.0,0.8,11101001,398.40,2144,47.1,6.18,550.8,398.76,0.0,1.48, , 
,399.10,2176,84.0,0.0,11101001,399.44,2176,45.9,6.18,550.8,399.77,0.0,1.48, , 
,400.12,2208,84.0,0.0,11101001,400.44,2208,45.9,6.18,550.8,400.78,0.0,1.52, , 
,401.11,2240,84.0,0.0,11101001,401.47,2240,47.1,6.18,550.8,401.81,1.6,1.48, , 
,402.14,2272,84.0,-0.4,11101001,402.49,2272,56.1,8.24,632.4,402.84,-0.4,1.48, , 
,403.18,2304,84.0,-0.8,11101001,403.52,2336,54.5,8.24,632.4,403.86,-1.6,1.48, , 
,404.20,2368,84.0,-1.2,11101001,404.52,2368,54.5,8.24,612.0,404.86,1.2,1.48, , 
,405.21,2400,84.0,0.4,11101001,405.57,2432,54.5,8.24,612.0,405.93,0.4,1.52, , 
,406.28,2464,84.0,0.0,11101001,406.64,2464,53.3,7.21,612.0,407.01,0.0,1.52, , 
,407.33,2496,84.0,-0.4,11101001,407.70,2528,53.3,7.21,591.6,408.03,0.4,1.48, , 
,408.37,2560,84.0,0.0,11101001,408.73,2560,51.8,7.21,591.6,409.04,0.8,1.52, , 
,409.37,2592,84.0,2.3,11101001,409.69,2624,56.1,8.24,632.4,410.01,1.6,1.52, , 
,410.35,2656,84.0,0.8,11101001,410.70,2656,60.4,9.27,673.2,411.06,0.8,1.48, , 
,411.40,2720,84.0,0.4,11101001,411.73,2720,59.2,9.27,673.2,412.08,0.8,1.48, , 
,412.41,2752,84.0,1.2,11101001,412.72,2592,0.0,0.00,336.6,413.05,0.0,3.59, , 
,413.36,1600,84.0,0.0,11111111,413.68,1152,23.5,4.12,336.6,414.00,0.0,3.44, , 
,414.33,1920,84.0,0.0,11101011,414.68,2048,16.1,2.06,244.8,415.00,0.0,1.02, , 
,415.33,2112,84.0,0.0,11101001,415.70,2080,22.0,3.09,316.2,416.04,-4.7,1.41, , 
,416.40,2080,84.0,0.0,11101001,416.74,2080,56.1,8.24,652.8,417.07,0.0,1.48, , 
,417.42,2112,84.0,0.0,11101001,417.75,2112,60.4,8.24,673.2,418.10,0.8,1.48, , 
,418.44,2112,84.0,0.8,11101001,418.78,2144,60.4,9.27,693.6,419.12,0.4,1.52, , 
,419.45,2144,84.0,0.4,11101001,419.77,2144,60.4,8.24,693.6,420.13,-0.4,1.52, , 
,420.47,2176,84.0,-0.4,11101001,420.81,2176,59.2,8.24,673.2,421.17,0.0,1.48, , 
,421.51,2208,84.0,0.0,11101001,421.85,2208,59.2,8.24,673.2,422.20,-0.4,1.52, , 
,422.55,2208,84.0,0.0,11101001,422.89,2208,59.2,8.24,673.2,423.25,0.8,1.48, , 
,423.61,2208,84.0,0.0,11101001,423.95,2208,59.2,8.24,673.2,424.28,0.4,1.52, , 
,424.62,2208,84.0,0.4,11101001,424.94,2208,57.6,8.24,673.2,425.27,0.4,1.45, , 
,425.61,2240,84.0,0.4,11101001,425.93,2240,59.2,9.27,673.2,426.28,0.4,1.48, , 
,426.61,2240,84.0,0.4,11101001,426.95,2240,59.2,8.24,673.2,427.27,-0.4,1.52, , 
,427.64,2240,84.0,0.4,11101001,427.99,2240,63.5,9.27,714.0,428.36,0.4,1.48, , 
,428.71,2240,84.0,0.0,11101001,429.06,2240,63.5,9.27,714.0,429.40,0.4,1.52, , 
,429.76,2240,84.0,0.4,11101001,430.08,2240,67.8,10.30,754.8,430.42,0.0,1.45, , 
,430.77,2240,85.5,0.0,11101001,431.11,2240,67.8,10.30,754.8,431.45,-0.4,1.52, , 
,431.78,2240,84.0,0.0,11101001,432.12,2240,67.8,10.30,754.8,432.48,0.0,1.48, , 
,432.81,2208,84.0,-0.8,11101001,433.20,2208,69.4,10.30,775.2,433.54,0.0,1.52, , 
,433.88,2208,85.5,0.4,11101001,434.22,2176,69.4,10.30,775.2,434.56,0.0,1.52, , 
,434.90,2176,85.5,-0.4,11101001,435.25,2176,71.0,10.30,795.6,435.62,-0.8,1.48, , 
,435.96,2176,85.5,0.0,11101001,436.31,2144,76.9,11.33,846.6,436.64,-1.2,1.48, , 
,436.97,2144,85.5,-1.6,11101001,437.31,2144,78.4,12.36,867.0,437.65,0.0,1.48, , 
,438.00,2144,85.5,-1.2,11101001,438.36,2144,85.5,13.39,948.6,438.72,-2.7,1.52, , 
,439.05,2144,85.5,-3.1,11101001,439.41,2176,85.5,13.39,948.6,439.74,-2.7,1.48, , 
,440.07,2176,85.5,-3.5,11101001,440.40,2176,85.5,13.39,928.2,440.74,-3.5,1.52, , 
,441.10,2176,85.5,-3.5,11101001,441.44,2176,78.4,11.33,867.0,441.77,-3.1,1.52, , 
,442.14,2176,85.5,-2.3,11101001,442.49,2176,78.4,12.36,867.0,442.83,-2.3,1.48, , 
,443.18,2176,85.5,-1.6,11101001,443.50,2176,75.3,11.33,846.6,443.85,-1.2,1.48, , 
,444.17,2208,85.5,-0.4,11101001,444.52,2208,75.3,11.33,846.6,444.87,-0.8,1.45, , 
,445.19,2208,85.5,-1.2,11101001,445.53,2208,75.3,11.33,846.6,445.88,-0.8,1.52, , 
,446.23,2208,85.5,-1.2,11101001,446.56,2240,73.7,10.30,826.2,446.92,-0.8,1.45, , 
,447.26,2240,85.5,-0.8,11101001,447.60,2272,72.2,10.30,795.6,447.95,-0.4,1.52, , 
,448.29,2272,85.5,0.4,11101001,448.62,2304,69.4,10.30,775.2,448.95,0.4,1.48, , 
,449.30,2304,85.5,0.4,11101001,449.62,2304,42.7,6.18,499.8,449.95,0.8,1.56, , 
,450.30,2336,85.5,1.2,11101001,450.63,2336,41.2,6.18,499.8,450.96,1.2,1.48, , 
,451.28,2336,85.5,0.4,11101001,451.61,2336,34.1,5.15,418.2,451.94,0.0,1.48, , 
,452.27,2368,85.5,0.4,11101001,452.62,2368,34.1,4.12,418.2,452.99,0.4,1.52, , 
,453.31,2368,85.5,0.8,11101001,453.65,2400,35.3,5.15,418.2,454.01,1.6,1.48, , 
,454.39,2400,85.5,1.2,11101001,454.76,2432,32.5,4.12,397.8,455.14,0.8,1.52, , 
,455.48,2464,85.5,0.8,11101001,455.82,2464,22.0,3.09,295.8,456.18,-4.7,1.29, , 
,456.54,2464,85.5,-6.6,11101001,456.90,2496,22.0,3.09,295.8,457.26,-8.2,1.45, , 
,457.61,2496,85.5,-7.8,11101001,457.97,2496,20.8,2.06,295.8,458.29,-8.2,1.52, , 
,458.62,2496,85.5,-7.8,11101001,458.99,2528,20.8,2.06,295.8,459.33,-6.6,1.52, , 
,459.65,2528,85.5,-6.6,11101001,460.00,2528,20.8,3.09,295.8,460.37,-6.3,1.48, , 
,460.70,2528,85.5,-7.0,11101001,461.04,2560,20.8,3.09,295.8,461.38,-5.1,1.52, , 
,461.70,2560,84.0,-5.5,11101001,462.07,2560,20.8,3.09,295.8,462.39,-4.7,1.52, , 
,462.74,2560,85.5,-3.9,11101001,463.11,2560,20.8,3.09,295.8,463.43,-4.7,1.45, , 
,463.80,2560,84.0,-3.9,11101001,464.15,2560,22.0,3.09,295.8,464.49,-4.7,1.45, , 
,464.84,2560,84.0,-5.1,11101001,465.19,2528,28.2,4.12,357.0,465.52,-0.8,1.60, , 
,465.85,2528,84.0,0.4,11101001,466.21,2528,34.1,5.15,418.2,466.57,2.3,1.45, , 
,466.93,2496,84.0,2.7,11101001,467.26,2496,34.1,5.15,418.2,467.59,2.0,1.45, , 
,467.93,2496,84.0,2.0,11101001,468.28,2496,38.4,5.15,459.0,468.64,3.1,1.48, , 
,468.99,2464,84.0,2.7,11101001,469.33,2464,40.0,5.15,459.0,469.68,3.1,1.45, , 
,470.04,2464,84.0,3.5,11101001,470.39,2432,50.2,7.21,571.2,470.74,3.9,1.48, , 
,471.10,2432,84.0,3.5,11101001,471.44,2432,50.2,7.21,571.2,471.78,3.1,1.48, , 
,472.12,2432,84.0,3.1,11101001,472.49,2432,50.2,7.21,571.2,472.84,2.7,1.48, , 
,473.19,2432,84.0,2.7,11101001,473.51,2432,50.2,7.21,571.2,473.89,2.7,1.52, , 
,474.26,2464,84.0,3.1,11101001,474.61,2464,50.2,7.21,571.2,474.97,3.5,1.48, , 
,475.31,2464,84.0,3.1,11101001,475.66,2464,48.6,7.21,571.2,476.00,3.5,1.48, , 
,476.35,2464,84.0,2.7,11101001,476.71,2464,48.6,7.21,571.2,477.10,2.7,1.52, , 
,477.46,2464,84.0,2.7,11101001,477.78,2464,47.1,7.21,550.8,478.09,2.7,1.48, , 
,478.43,2464,84.0,2.7,11101001,478.74,2496,45.9,6.18,520.2,479.08,2.7,1.48, , 
,479.41,2496,84.0,2.7,11101001,479.77,2496,44.3,6.18,520.2,480.12,2.0,1.52, , 
,480.44,2496,84.0,1.6,11101001,480.79,2496,42.7,6.18,499.8,481.14,0.8,1.45, , 
,481.48,2496,84.0,0.0,11101001,481.84,2496,42.7,6.18,499.8,482.20,0.0,1.48, , 
,482.52,2496,84.0,-0.4,11101001,482.86,2496,42.7,6.18,499.8,483.21,-0.8,1.52, , 
,483.54,2528,84.0,0.0,11101001,483.91,2528,42.7,6.18,499.8,484.25,0.0,1.52, , 
,484.61,2528,84.0,-0.4,11101001,484.96,2528,42.7,6.18,499.8,485.29,0.4,1.45, , 
,485.63,2560,84.0,-0.4,11101001,485.99,2560,41.2,6.18,479.4,486.34,-0.8,1.48, , 
,486.67,2560,84.0,-0.4,11101001,486.99,2560,40.0,5.15,479.4,487.34,0.0,1.52, , 
,487.68,2560,84.0,0.8,11101001,488.01,2592,40.0,5.15,459.0,488.33,0.0,1.45, , 
,488.67,2592,84.0,-0.4,11101001,489.01,2592,20.8,2.06,295.8,489.35,-4.3,1.21, , 
,489.69,2560,84.0,-7.4,11101001,490.02,2560,19.2,2.06,275.4,490.37,-8.2,1.45, , 
,490.70,2528,84.0,-9.0,11101001,491.02,2528,19.2,2.06,275.4,491.36,-9.8,1.52, , 
,491.68,2528,84.0,-10.2,11101001,492.01,2496,19.2,2.06,275.4,492.37,-10.5,1.52, , 
,492.69,2496,84.0,-10.2,11101001,493.00,2496,20.8,2.06,275.4,493.32,-9.4,1.56, , 
,493.68,2464,84.0,-9.0,11101001,494.03,2464,31.0,4.12,377.4,494.37,-3.9,1.72, , 
,494.72,2464,84.0,-3.1,11101001,495.06,2464,42.7,6.18,499.8,495.39,-0.4,1.56, , 
,495.74,2464,84.0,0.4,11101001,496.09,2464,44.3,6.18,499.8,496.45,2.0,1.52, , 
,496.83,2464,84.0,3.1,11101001,497.19,2464,44.3,6.18,520.2,497.54,2.7,1.48, , 
,497.90,2464,84.0,2.7,11101001,498.26,2464,44.3,6.18,520.2,498.61,2.3,1.41, , 
,498.96,2464,84.0,2.3,11101001,499.32,2464,44.3,6.18,520.2,499.67,2.0,1.48, , 
,500.02,2464,84.0,2.0,11101001,500.39,2496,44.3,6.18,520.2,500.74,1.6,1.45, , 
,501.09,2496,84.0,1.6,11101001,501.42,2496,44.3,6.18,520.2,501.78,1.2,1.48, , 
,502.09,2496,84.0,1.2,11101001,502.45,2496,44.3,6.18,520.2,502.80,1.2,1.52, , 
,503.10,2496,84.0,1.2,11101001,503.45,2496,45.9,6.18,520.2,503.76,1.2,1.52, , 
,504.11,2496,84.0,0.8,11101001,504.46,2496,56.1,8.24,632.4,504.79,0.8,1.48, , 
,505.13,2496,84.0,0.8,11101001,505.46,2496,62.0,9.27,693.6,505.78,0.0,1.48, , 
,506.10,2496,84.0,1.2,11101001,506.46,2496,63.5,9.27,714.0,506.80,0.8,1.52, , 
,507.17,2528,84.0,0.8,11101001,507.51,2528,63.5,9.27,714.0,507.83,0.4,1.48, , 
,508.16,2528,84.0,0.0,11101001,508.50,2528,63.5,9.27,693.6,508.83,0.0,1.45, , 
,509.18,2560,84.0,0.0,11101001,509.53,2560,63.5,9.27,693.6,509.87,0.0,1.52, , 
,510.19,2560,84.0,0.4,11101001,510.52,2560,63.5,9.27,693.6,510.89,-0.4,1.48, , 
,511.20,2592,84.0,-0.4,11101001,511.55,2592,53.3,7.21,612.0,511.87,0.0,1.52, , 
,512.23,2592,84.0,-0.4,11101001,512.56,2592,51.8,7.21,591.6,512.90,0.0,1.48, , 
,513.25,2592,84.0,0.4,11101001,513.60,2560,51.8,7.21,591.6,513.93,0.4,1.52, , 
,514.26,2592,84.0,0.8,11101001,514.60,2560,51.8,7.21,591.6,514.95,0.0,1.48, , 
,515.28,2592,84.0,0.4,11101001,515.61,2592,51.8,7.21,591.6,515.93,1.2,1.48, , 
,516.28,2560,84.0,0.4,11101001,516.61,2560,51.8,7.21,591.6,516.95,0.4,1.45, , 
,517.30,2560,84.0,0.8,11101001,517.61,2560,51.8,7.21,591.6,517.95,0.4,1.52, , 
,518.31,2560,84.0,1.2,11101001,518.66,2560,51.8,7.21,591.6,518.99,0.0,1.48, , 
,519.35,2560,84.0,-0.4,11101001,519.67,2560,51.8,7.21,591.6,520.01,-0.8,1.45, , 
,520.34,2560,84.0,-0.8,11101001,520.68,2592,51.8,7.21,591.6,521.01,0.0,1.52, , 
,521.36,2592,84.0,0.4,11101001,521.67,2592,50.2,7.21,591.6,522.02,0.8,1.52, , 
,522.36,2592,84.0,1.6,11101001,522.68,2624,50.2,7.21,591.6,523.01,1.6,1.52, , 
,523.33,2624,84.0,1.2,11101001,523.65,2624,42.7,6.18,499.8,523.99,0.8,1.45, , 
,524.31,2624,84.0,0.4,11101001,524.64,2624,41.2,6.18,499.8,524.97,0.4,1.48, , 
,525.30,2624,84.0,0.4,11101001,525.63,2624,41.2,6.18,499.8,525.96,0.0,1.52, , 
,526.31,2624,84.0,0.8,11101001,526.64,2624,38.4,5.15,459.0,526.97,0.0,1.48, , 
,527.29,2624,84.0,-0.4,11101001,527.64,2592,36.9,5.15,438.6,527.98,0.0,1.45, , 
,528.31,2592,84.0,-0.8,11101001,528.66,2592,36.9,5.15,438.6,528.99,-1.2,1.52, , 
,529.34,2592,84.0,-0.8,11101001,529.68,2592,36.9,5.15,438.6,530.03,-1.6,1.52, , 
,530.38,2560,84.0,-0.8,11101001,530.71,2560,36.9,5.15,438.6,531.06,-2.3,1.41, , 
,531.41,2560,84.0,-2.3,11101001,531.74,2560,36.9,5.15,438.6,532.07,-2.3,1.48, , 
,532.42,2560,84.0,-1.6,11101001,532.75,2560,36.9,5.15,438.6,533.09,-1.2,1.48, , 
,533.44,2528,84.0,-1.6,11101001,533.77,2528,20.8,3.09,295.8,534.10,-6.6,1.29, , 
,534.45,2528,84.0,-8.6,11101001,534.78,2496,20.8,2.06,295.8,535.14,-5.5,1.45, , 
,535.46,2496,84.0,-5.9,11101001,535.82,2496,26.7,3.09,336.6,536.19,1.6,1.68, , 
,536.53,2464,84.0,4.7,11101001,536.89,2496,36.9,5.15,438.6,537.25,8.6,1.68, , 
,537.59,2464,84.0,9.4,11101001,537.94,2464,35.3,5.15,438.6,538.29,10.9,1.56, , 
,538.64,2464,84.0,12.1,11101001,538.98,2464,36.9,5.15,438.6,539.34,13.7,1.45, , 
,539.71,2464,84.0,13.3,11101001,540.05,2464,35.3,5.15,438.6,540.40,12.9,1.48, , 
,540.80,2464,84.0,13.3,11101001,541.18,2464,35.3,5.15,438.6,541.55,0.0,1.45, , 
,541.92,2464,84.0,-0.4,11101001,542.28,2464,36.9,5.15,438.6,542.62,-0.4,1.52, , 
,542.98,2464,84.0,-1.6,11101001,543.34,2464,31.0,4.12,397.8,543.72,-2.0,1.48, , 
,544.07,2464,84.0,-2.0,11101001,544.42,2464,32.5,4.12,397.8,544.78,-2.3,1.48, , 
,545.16,2464,84.0,-1.6,11101001,545.51,2464,32.5,4.12,397.8,545.86,-2.0,1.52, , 
,546.21,2464,84.0,-1.6,11101001,546.56,2496,32.5,4.12,397.8,546.86,-1.2,1.45, , 
,547.16,2496,84.0,-2.0,11101001,547.47,2496,32.5,4.12,397.8,547.82,-0.8,1.48, , 
,548.18,2496,84.0,-1.2,11101001,548.54,2496,32.5,4.12,397.8,548.90,-1.6,1.52, , 
,549.26,2496,84.0,-1.6,11101001,549.62,2496,32.5,4.12,397.8,549.96,-1.2,1.48, , 
,550.32,2464,84.0,-1.6,11101001,550.70,2464,34.1,5.15,418.2,551.02,-0.8,1.48, , 
,551.36,2464,84.0,-2.0,11101001,551.71,2464,34.1,4.12,418.2,552.06,-2.0,1.52, , 
,552.44,2464,84.0,-1.6,11101001,552.79,2464,34.1,5.15,418.2,553.17,-1.6,1.48, , 
,553.51,2432,84.0,-2.0,11101001,553.88,2432,34.1,5.15,418.2,554.21,-2.0,1.48, , 
,554.55,2400,84.0,-1.6,11101001,554.89,2400,34.1,5.15,418.2,555.25,-1.6,1.48, , 
,555.60,2400,84.0,-2.0,11101001,555.94,2400,35.3,5.15,438.6,556.26,-0.4,1.48, , 
,556.61,2400,84.0,-0.8,11101001,556.98,2400,35.3,5.15,438.6,557.31,-0.8,1.52, , 
,557.63,2400,84.0,-0.8,11101001,557.98,2400,35.3,5.15,438.6,558.37,-1.2,1.48, , 
,558.69,2400,84.0,-1.6,11101001,559.02,2400,35.3,5.15,418.2,559.36,-1.6,1.48, , 
,559.69,2400,84.0,-1.6,11101001,560.02,2400,35.3,5.15,438.6,560.36,-1.2,1.52, , 
,560.71,2400,84.0,-0.8,11101001,561.05,2400,35.3,5.15,418.2,561.37,-1.6,1.48, , 
,561.69,2400,84.0,-1.6,11101001,562.02,2400,35.3,5.15,418.2,562.36,-1.6,1.48, , 
,562.70,2400,84.0,-1.6,11101001,563.07,2400,35.3,5.15,418.2,563.43,-2.0,1.48, , 
,563.79,2400,84.0,-2.0,11101001,564.11,2400,35.3,5.15,418.2,564.46,-1.2,1.45, , 
,564.84,2400,84.0,-1.6,11101001,565.18,2400,35.3,5.15,418.2,565.53,-2.0,1.52, , 
,565.90,2400,84.0,-1.6,11101001,566.23,2400,35.3,5.15,418.2,566.60,-1.6,1.48, , 
,566.94,2400,84.0,0.0,11101001,567.25,2400,35.3,5.15,418.2,567.59,1.6,1.48, , 
,567.90,2400,84.0,1.6,11101001,568.20,2368,35.3,5.15,438.6,568.54,1.2,1.48, , 
,568.90,2368,84.0,1.6,11101001,569.23,2368,35.3,5.15,438.6,569.59,1.2,1.45, , 
,569.92,2368,84.0,0.8,11101001,570.24,2368,35.3,5.15,438.6,570.61,1.2,1.48, , 
,570.98,2368,84.0,0.8,11101001,571.32,2400,35.3,5.15,438.6,571.66,0.8,1.52, , 
,571.97,2400,84.0,1.6,11101001,572.29,2368,35.3,5.15,438.6,572.63,0.4,1.48, , 
,572.96,2400,84.0,0.0,11101001,573.30,2368,35.3,5.15,438.6,573.62,-0.4,1.45, , 
,574.02,2400,84.0,-0.8,11101001,574.35,2400,35.3,5.15,438.6,574.68,-1.2,1.52, , 
,575.04,2400,84.0,-0.8,11101001,575.39,2400,35.3,5.15,438.6,575.74,-0.4,1.48, , 
,576.13,2400,84.0,-1.2,11101001,576.44,2400,35.3,5.15,438.6,576.75,-1.2,1.45, , 
,577.14,2400,84.0,-1.2,11101001,577.48,2400,35.3,5.15,418.2,577.83,-1.2,1.52, , 
,578.20,2400,84.0,-1.2,11101001,578.54,2400,35.3,5.15,438.6,578.87,-0.8,1.48, , 
,579.25,2400,84.0,-1.6,11101001,579.60,2400,35.3,5.15,418.2,579.97,-3.5,1.45, , 
,580.33,2400,84.0,-2.3,11101001,580.69,2400,35.3,5.15,418.2,581.05,-1.6,1.52, , 
,581.42,2400,84.0,-1.2,11101001,581.75,2400,45.9,6.18,520.2,582.10,0.8,1.52, , 
,582.44,2432,84.0,1.6,11101001,582.81,2432,45.9,6.18,520.2,583.19,2.3,1.48, , 
,583.54,2432,84.0,2.0,11101001,583.86,2464,44.3,6.18,520.2,584.21,2.0,1.45, , 
,584.57,2464,84.0,2.0,11101001,584.94,2464,44.3,6.18,520.2,585.29,2.0,1.52, , 
,585.65,2496,84.0,1.6,11101001,586.00,2496,44.3,6.18,520.2,586.34,0.8,1.45, , 
,586.72,2496,84.0,0.8,11101001,587.07,2496,44.3,6.18,499.8,587.40,0.8,1.48, , 
,587.76,2496,84.0,0.8,11101001,588.12,2496,44.3,6.18,499.8,588.49,0.8,1.52, , 
,588.81,2496,82.5,1.2,11101001,589.14,2496,44.3,6.18,520.2,589.48,1.2,1.48, , 
,589.81,2496,84.0,0.8,11101001,590.14,2496,44.3,6.18,520.2,590.45,0.8,1.45, , 
,590.77,2496,84.0,0.8,11101001,591.13,2496,44.3,6.18,520.2,591.49,1.2,1.52, , 
,591.82,2464,84.0,0.8,11101001,592.17,2464,44.3,6.18,520.2,592.51,-0.8,1.45, , 
,592.89,2464,84.0,-0.4,11101001,593.24,2464,34.1,4.12,418.2,593.57,-1.6,1.45, , 
,593.91,2432,84.0,-5.5,11101001,594.24,2432,20.8,3.09,295.8,594.59,-8.2,1.41, , 
,594.92,2400,84.0,-9.4,11101001,595.27,2400,20.8,2.06,295.8,595.64,-9.8,1.52, , 
,595.97,2368,84.0,-10.2,11101001,596.30,2368,22.0,3.09,295.8,596.64,-10.9,1.48, , 
,596.96,2368,84.0,-10.5,11111101,597.30,2336,0.0,0.00,244.8,597.62,0.0,3.71, , 
,597.96,2304,84.0,0.0,11111101,598.29,2272,0.0,0.00,244.8,598.63,0.0,3.87, , 
,598.96,2272,84.0,0.0,11101001,599.29,2240,16.1,2.06,244.8,599.63,0.0,0.74, , 
,599.97,2208,84.0,0.0,11101001,600.29,2208,17.6,2.06,275.4,600.63,-4.7,1.33, , 
,600.97,2176,82.5,-5.5,11101001,601.33,2176,22.0,3.09,316.2,601.66,-6.3,1.45, , 
,602.01,2144,84.0,-7.0,11101001,602.36,2112,22.0,3.09,316.2,602.71,-8.2,1.48, , 
,603.07,2112,84.0,-8.2,11101001,603.44,2080,22.0,3.09,316.2,603.80,-9.0,1.48, , 
,604.15,2048,84.0,-9.0,11101001,604.51,2048,22.0,3.09,316.2,604.87,-9.4,1.52, , 
,605.22,2016,82.5,-9.0,11101001,605.57,1984,22.0,3.09,316.2,605.93,-9.4,1.52, , 
,606.29,1984,84.0,-9.4,11101011,606.65,1952,23.5,3.09,316.2,607.02,-9.0,1.56, , 
,607.38,1952,84.0,-9.0,11101011,607.75,1952,25.1,3.09,336.6,608.11,-7.0,1.56, , 
,608.46,1920,84.0,-5.5,11101011,608.83,1920,26.7,3.09,357.0,609.19,-4.3,1.48, , 
,609.55,1920,84.0,-3.9,11101011,609.91,1920,26.7,3.09,357.0,610.28,-3.1,1.48, , 
,610.65,1920,82.5,-2.7,11101011,611.01,1920,25.1,3.09,357.0,611.39,-4.3,1.41, , 
,611.75,1888,84.0,-5.9,11111111,612.09,1888,0.0,0.00,275.4,612.44,0.0,3.48, , 
,612.75,1856,84.0,0.0,11111111,613.08,1856,0.0,0.00,295.8,613.42,0.0,3.87, , 
,613.75,1824,84.0,0.0,11111111,614.09,1824,0.0,0.00,295.8,614.43,0.0,3.95, , 
,614.75,1792,84.0,0.0,11111111,615.06,1792,0.0,0.00,295.8,615.40,0.0,3.91, , 
,615.74,1760,84.0,0.0,11111111,616.09,1728,0.0,0.00,316.2,616.42,0.0,3.95, , 
,616.75,1696,84.0,0.0,11111111,617.08,1696,0.0,0.00,316.2,617.40,0.0,3.95, , 
,617.73,1664,84.0,0.0,11111111,618.05,1632,0.0,0.00,316.2,618.37,0.0,3.87, , 
,618.70,1632,84.0,0.0,11111111,619.05,1600,0.0,0.00,316.2,619.39,0.0,3.87, , 
,619.73,1568,82.5,0.0,11111111,620.08,1568,22.0,3.09,316.2,620.46,0.0,1.56, , 
,620.83,1536,84.0,0.0,11101011,621.17,1536,36.9,5.15,459.0,621.53,3.1,1.37, , 
,621.89,1536,84.0,2.7,11101011,622.27,1536,40.0,5.15,499.8,622.65,3.1,1.48, , 
,623.03,1504,82.5,3.5,11101011,623.31,1504,35.3,5.15,459.0,623.66,3.9,1.48, , 
,624.10,1504,82.5,3.5,11101011,624.45,1504,50.2,7.21,591.6,624.72,0.0,1.48, , 
,624.99,1504,82.5,0.0,11101011,625.26,1504,56.1,8.24,673.2,625.53,0.8,1.52, , 
,625.91,1472,82.5,0.8,11101011,626.35,1472,57.6,8.24,673.2,626.79,2.7,1.56, , 
,627.25,1504,82.5,2.3,11101011,627.71,1472,54.5,8.24,652.8,628.17,4.3,1.48, , 
,628.63,1504,82.5,4.7,11101011,629.07,1472,56.1,8.24,652.8,629.54,3.9,1.45, , 
,629.99,1472,82.5,4.3,11101011,630.43,1472,56.1,8.24,652.8,630.89,3.9,1.48, , 
,631.27,1472,82.5,3.5,11101011,631.54,1472,56.1,8.24,652.8,631.82,3.1,1.48, , 
,632.09,1472,82.5,3.1,11101011,632.36,1504,56.1,8.24,652.8,632.62,2.3,1.45, , 
,632.93,1472,82.5,0.0,11111111,633.25,1408,0.0,0.00,377.4,633.58,0.0,3.36, , 
,633.93,1536,82.5,0.0,11101011,634.30,1856,23.5,3.09,336.6,634.67,0.0,1.05, , 
,635.03,1824,82.5,-2.3,11101011,635.39,1824,38.4,5.15,479.4,635.73,-1.6,1.56, , 
,636.06,1824,82.5,0.0,11101011,636.44,1856,57.6,8.24,673.2,636.81,0.4,1.52, , 
,637.18,1856,82.5,-1.2,11101011,637.56,1888,60.4,9.27,693.6,637.92,-0.8,1.52, , 
,638.29,1920,82.5,0.0,11101011,638.66,1920,57.6,8.24,673.2,639.01,0.0,1.52, , 
,639.37,1952,82.5,0.0,11101011,639.73,1984,48.6,6.18,591.6,640.09,1.2,1.52, , 
,640.45,1984,82.5,1.2,11101001,640.82,1984,42.7,6.18,499.8,641.18,0.8,1.48, , 
,641.54,2016,82.5,1.2,11101001,641.91,2016,41.2,6.18,499.8,642.25,0.8,1.45, , 
,642.60,2016,82.5,0.0,11101001,642.96,2016,40.0,5.15,479.4,643.33,2.0,1.52, , 
,643.69,2016,82.5,1.6,11101001,644.03,2016,40.0,5.15,479.4,644.40,1.6,1.48, , 
,644.75,2016,82.5,1.2,11101001,645.12,2016,40.0,5.15,479.4,645.47,1.6,1.52, , 
,645.81,2016,82.5,1.6,11101001,646.17,2048,31.0,4.12,397.8,646.51,-0.4,1.41, , 
,646.86,2016,82.5,-1.2,11101001,647.20,2016,29.4,4.12,377.4,647.54,-1.6,1.48, , 
,647.91,2016,82.5,-2.0,11101001,648.25,2016,29.4,4.12,377.4,648.59,-2.0,1.52, , 
,648.95,2016,82.5,-0.4,11101001,649.31,2016,35.3,5.15,438.6,649.66,1.6,1.52, , 
,650.02,2016,82.5,2.0,11101001,650.36,2016,35.3,5.15,438.6,650.70,2.0,1.48, , 
,651.05,2016,82.5,2.3,11101001,651.39,2016,35.3,5.15,438.6,651.75,2.0,1.45, , 
,652.11,2016,82.5,1.6,11101001,652.46,2016,35.3,5.15,438.6,652.82,1.6,1.52, , 
,653.18,2016,82.5,1.6,11101001,653.53,2016,35.3,5.15,438.6,653.87,1.2,1.48, , 
,654.23,1984,82.5,1.2,11101001,654.59,1984,38.4,5.15,479.4,654.95,2.3,1.52, , 
,655.30,1984,82.5,3.1,11101001,655.65,2016,44.3,6.18,520.2,656.02,5.1,1.52, , 
,656.39,2016,82.5,5.5,11101001,656.74,2016,50.2,7.21,591.6,657.09,3.9,1.45, , 
,657.44,2048,82.5,3.5,11101001,657.79,2048,51.8,7.21,612.0,658.15,2.3,1.48, , 
,658.49,2080,82.5,3.5,11101001,658.83,2080,57.6,8.24,652.8,659.18,2.7,1.48, , 
,659.54,2112,82.5,2.3,11101001,659.89,2112,60.4,9.27,693.6,660.23,2.0,1.48, , 
,660.58,2176,82.5,1.6,11101001,660.92,2176,60.4,9.27,693.6,661.24,1.2,1.45, , 
,661.59,2208,82.5,1.6,11101001,661.93,2208,56.1,8.24,652.8,662.27,2.7,1.52, , 
,662.61,2208,82.5,3.1,11101001,662.95,2240,56.1,8.24,632.4,663.29,3.1,1.52, , 
,663.63,2240,82.5,3.1,11101001,663.98,2272,54.5,8.24,632.4,664.32,0.0,1.56, , 
,664.65,2240,82.5,0.0,11101001,664.97,2240,23.5,3.09,316.2,665.30,-2.7,1.37, , 
,665.64,2208,82.5,-4.7,11101001,665.98,2176,23.5,3.09,316.2,666.33,-5.9,1.41, , 
,666.69,2176,82.5,-6.6,11101001,667.03,2144,23.5,3.09,336.6,667.34,-7.0,1.52, , 
,667.68,2112,82.5,-6.6,11101001,668.03,2112,23.5,3.09,336.6,668.37,-7.8,1.48, , 
,668.73,2080,82.5,-6.6,11101001,669.07,2080,25.1,3.09,336.6,669.42,-6.3,1.56, , 
,669.76,2048,82.5,-5.5,11101001,670.11,2048,25.1,3.09,336.6,670.46,-4.3,1.52, , 
,670.83,2048,82.5,-2.3,11101001,671.19,2048,25.1,3.09,336.6,671.53,-1.6,1.52, , 
,671.88,2016,82.5,-0.8,11101001,672.22,2016,25.1,3.09,336.6,672.57,-0.8,1.45, , 
,672.92,2016,82.5,-1.6,11101001,673.28,2016,25.1,3.09,336.6,673.63,-1.6,1.48, , 
,673.98,2016,82.5,-0.8,11101001,674.33,2048,31.0,4.12,397.8,674.67,2.3,1.56, , 
,675.02,2048,82.5,3.9,11101001,675.38,2048,40.0,5.15,479.4,675.74,7.4,1.52, , 
,676.09,2080,82.5,8.6,11101001,676.43,2112,48.6,7.21,571.2,676.77,9.8,1.52, , 
,677.11,2144,82.5,10.5,11101001,677.45,2144,50.2,7.21,591.6,677.80,10.2,1.41, , 
,678.15,2208,84.0,10.2,11101001,678.49,2208,51.8,8.24,612.0,678.84,10.5,1.45, , 
,679.18,2240,82.5,9.8,11101001,679.52,2272,54.5,8.24,632.4,679.86,7.4,1.45, , 
,680.19,2304,84.0,7.4,11101001,680.52,2304,57.6,8.24,652.8,680.85,6.3,1.45, , 
,681.20,2336,82.5,5.9,11101001,681.52,2368,54.5,8.24,632.4,681.83,5.9,1.52, , 
,682.15,2400,84.0,5.5,11101001,682.49,2400,54.5,8.24,612.0,682.83,5.5,1.52, , 
,683.18,2432,84.0,5.1,11101001,683.56,2432,53.3,8.24,612.0,683.91,2.0,1.48, , 
,684.25,2464,84.0,2.0,11101001,684.61,2464,54.5,8.24,612.0,684.95,2.7,1.52, , 
,685.30,2528,84.0,2.7,11101001,685.63,2528,62.0,9.27,673.2,685.95,2.3,1.48, , 
,686.28,2560,84.0,2.0,11101001,686.63,2592,60.4,9.27,673.2,686.96,2.3,1.48, , 
,687.28,2624,84.0,2.0,11101001,687.62,2624,59.2,9.27,673.2,687.95,2.3,1.48, , 
,688.29,2656,84.0,2.3,11101001,688.64,2688,59.2,9.27,652.8,688.98,2.0,1.52, , 
,689.31,2720,84.0,2.7,11101001,689.65,2720,57.6,8.24,652.8,689.99,2.7,1.52, , 
,690.34,2752,82.5,3.9,11101001,690.69,2784,56.1,8.24,632.4,691.02,3.9,1.45, , 
,691.33,2816,84.0,3.9,11101001,691.65,2816,56.1,8.24,632.4,692.02,3.1,1.48, , 
,692.34,2848,84.0,3.5,11101001,692.68,2880,60.4,9.27,673.2,693.02,3.1,1.48, , 
,693.31,2912,84.0,3.1,11101001,693.68,2912,59.2,8.24,652.8,694.01,0.0,1.45, , 
,694.36,2336,84.0,0.0,11111101,694.70,1888,0.0,0.00,275.4,695.02,0.0,3.75, , 
,695.34,1600,84.0,0.0,11101011,695.68,2304,35.3,5.15,418.2,696.02,0.0,1.52, , 
,696.35,2240,84.0,0.0,11101001,696.67,2240,67.8,10.30,754.8,697.01,0.4,1.52, , 
,697.35,2272,84.0,0.4,11101001,697.69,2272,72.2,11.33,795.6,698.01,0.8,1.52, , 
,698.36,2304,84.0,1.6,11101001,698.72,2336,76.9,11.33,846.6,699.05,0.8,1.52, , 
,699.38,2368,84.0,1.6,11101001,699.75,2368,73.7,11.33,826.2,700.10,1.6,1.45, , 
,700.44,2400,84.0,0.8,11101001,700.78,2400,73.7,11.33,795.6,701.12,1.2,1.48, , 
,701.48,2432,84.0,1.2,11101001,701.83,2464,72.2,11.33,795.6,702.17,1.2,1.52, , 
,702.53,2464,84.0,0.8,11101001,702.89,2496,72.2,11.33,795.6,703.25,0.4,1.45, , 
,703.58,2496,84.0,0.4,11101001,703.91,2528,63.5,9.27,693.6,704.27,-0.4,1.52, , 
,704.61,2528,84.0,-0.4,11101001,704.95,2528,62.0,9.27,693.6,705.29,0.4,1.52, , 
,705.65,2560,84.0,0.8,11101001,705.99,2560,62.0,9.27,693.6,706.31,0.8,1.45, , 
,706.66,2560,84.0,0.4,11101001,707.00,2560,54.5,8.24,612.0,707.32,1.2,1.52, , 
,707.67,2560,84.0,1.2,11101001,708.00,2560,53.3,8.24,612.0,708.34,1.2,1.48, , 
,708.69,2592,84.0,2.0,11101001,709.01,2592,53.3,7.21,612.0,709.33,2.0,1.52, , 
,709.68,2592,84.0,1.6,11101001,710.00,2592,53.3,7.21,612.0,710.32,2.0,1.48, , 
,710.68,2592,84.0,2.0,11101001,711.02,2592,53.3,8.24,612.0,711.35,2.0,1.48, , 
,711.67,2624,84.0,2.0,11101001,712.01,2624,53.3,7.21,612.0,712.37,2.7,1.52, , 
,712.71,2624,84.0,3.1,11101001,713.05,2624,53.3,7.21,612.0,713.37,3.1,1.48, , 
,713.70,2624,84.0,3.1,11101001,714.04,2624,51.8,7.21,591.6,714.37,3.1,1.48, , 
,714.70,2624,85.5,3.1,11101001,715.03,2624,53.3,7.21,591.6,715.36,2.7,1.48, , 
,715.70,2624,84.0,2.7,11101001,716.03,2624,53.3,7.21,591.6,716.36,2.7,1.52, , 
,716.71,2624,84.0,3.1,11101001,717.05,2624,53.3,7.21,591.6,717.39,3.1,1.48, , 
,717.72,2624,85.5,0.0,11101001,718.03,2624,31.0,4.12,377.4,718.36,0.0,1.52, , 
,718.67,2592,85.5,-1.6,11101001,719.00,2592,25.1,3.09,336.6,719.34,-3.5,1.45, , 
,719.68,2560,85.5,-3.1,11101001,720.04,2560,26.7,3.09,336.6,720.39,-3.5,1.48, , 
,720.74,2528,85.5,-3.9,11101001,721.07,2496,26.7,3.09,336.6,721.42,-4.3,1.48, , 
,721.79,2496,85.5,-4.3,11101001,722.17,2464,26.7,3.09,336.6,722.54,-3.9,1.52, , 
,722.92,2464,85.5,-3.5,11101001,723.26,2432,26.7,3.09,357.0,723.62,-1.2,1.48, , 
,723.96,2400,85.5,-0.4,11101001,724.30,2400,42.7,6.18,499.8,724.64,3.5,1.60, , 
,725.02,2400,85.5,5.1,11101001,725.36,2400,57.6,8.24,652.8,725.68,7.0,1.45, , 
,726.05,2400,85.5,5.9,11101001,726.38,2400,57.6,9.27,652.8,726.70,5.1,1.45, , 
,727.06,2432,85.5,5.1,11101001,727.43,2432,59.2,9.27,673.2,727.80,4.7,1.48, , 
,728.15,2464,85.5,4.3,11101001,728.50,2464,59.2,8.24,673.2,728.86,3.9,1.45, , 
,729.20,2496,85.5,3.5,11101001,729.55,2528,57.6,8.24,652.8,729.88,3.9,1.52, , 
,730.21,2528,85.5,4.3,11101001,730.55,2560,57.6,8.24,652.8,730.88,3.5,1.52, , 
,731.22,2560,85.5,3.9,11101001,731.55,2592,57.6,8.24,652.8,731.89,3.5,1.45, , 
,732.22,2592,84.0,3.5,11101001,732.55,2624,48.6,7.21,571.2,732.87,5.5,1.52, , 
,733.20,2624,84.0,5.9,11101001,733.52,2624,48.6,7.21,571.2,733.85,5.9,1.48, , 
,734.19,2624,85.5,5.9,11101001,734.54,2656,50.2,7.21,571.2,734.90,3.5,1.48, , 
,735.26,2656,85.5,3.1,11101001,735.63,2656,51.8,7.21,591.6,735.96,3.9,1.48, , 
,736.30,2656,84.0,3.5,11101001,736.61,2656,53.3,8.24,612.0,736.95,3.5,1.48, , 
,737.30,2656,84.0,2.7,11101001,737.64,2656,53.3,7.21,591.6,737.99,2.7,1.52, , 
,738.34,2656,85.5,2.7,11101001,738.67,2656,53.3,7.21,612.0,739.01,3.5,1.52, , 
,739.38,2656,84.0,3.1,11101001,739.74,2656,53.3,7.21,612.0,740.10,3.9,1.48, , 
,740.45,2656,84.0,3.1,11101001,740.81,2656,53.3,7.21,612.0,741.15,3.1,1.52, , 
,741.48,2656,84.0,3.9,11101001,741.82,2656,53.3,7.21,591.6,742.17,3.9,1.52, , 
,742.51,2656,84.0,3.1,11101001,742.84,2656,53.3,7.21,591.6,743.19,3.5,1.45, , 
,743.53,2656,84.0,3.1,11101001,743.88,2656,48.6,7.21,571.2,744.23,3.5,1.48, , 
,744.59,2656,84.0,3.5,11101001,744.92,2656,44.3,6.18,499.8,745.26,3.5,1.52, , 
,745.60,2656,84.0,3.5,11101001,745.94,2656,44.3,6.18,499.8,746.26,4.3,1.45, , 
,746.61,2656,84.0,3.5,11101001,746.94,2624,28.2,4.12,357.0,747.29,0.4,1.37, , 
,747.65,2624,85.5,-1.2,11101001,747.98,2624,29.4,4.12,377.4,748.33,-2.0,1.48, , 
,748.65,2592,84.0,-1.2,11101001,749.00,2592,31.0,4.12,377.4,749.32,-0.4,1.56, , 
,749.67,2592,84.0,0.0,11101001,749.99,2560,41.2,5.15,479.4,750.32,2.3,1.52, , 
,750.67,2560,85.5,2.3,11101001,751.01,2560,42.7,6.18,499.8,751.34,3.5,1.48, , 
,751.71,2560,84.0,3.9,11101001,752.04,2560,44.3,6.18,499.8,752.39,4.7,1.52, , 
,752.75,2560,84.0,5.1,11101001,753.09,2560,44.3,6.18,499.8,753.44,4.7,1.48, , 
,753.78,2528,84.0,4.7,11101001,754.14,2560,44.3,6.18,499.8,754.49,4.3,1.45, , 
,754.83,2560,84.0,3.9,11101001,755.18,2560,42.7,6.18,499.8,755.54,3.9,1.52, , 
,755.90,2560,85.5,3.9,11101001,756.22,2560,42.7,6.18,499.8,756.57,3.5,1.52, , 
,756.91,2592,84.0,3.1,11101001,757.25,2592,42.7,6.18,499.8,757.60,3.9,1.48, , 
,757.93,2592,85.5,3.1,11101001,758.28,2592,42.7,6.18,499.8,758.62,3.1,1.52, , 
,758.95,2592,84.0,3.5,11101001,759.29,2624,42.7,6.18,499.8,759.65,3.1,1.52, , 
,759.99,2624,85.5,3.9,11101001,760.32,2624,45.9,6.18,550.8,760.66,4.3,1.45, , 
,760.98,2624,84.0,4.7,11101001,761.32,2624,48.6,7.21,550.8,761.66,4.7,1.45, , 
,762.02,2656,85.5,4.3,11101001,762.38,2656,48.6,7.21,550.8,762.73,2.0,1.52, , 
,763.07,2656,84.0,2.7,11101001,763.41,2656,47.1,7.21,550.8,763.76,2.3,1.48, , 
,764.11,2688,85.5,2.3,11101001,764.44,2688,47.1,7.21,550.8,764.76,2.7,1.45, , 
,765.12,2688,85.5,2.0,11101001,765.48,2688,47.1,7.21,550.8,765.81,2.3,1.52, , 
,766.14,2688,85.5,2.3,11101001,766.49,2656,47.1,6.18,550.8,766.82,2.0,1.48, , 
,767.15,2656,85.5,2.0,11101001,767.50,2656,47.1,6.18,550.8,767.84,2.3,1.48, , 
,768.19,2656,85.5,2.3,11101001,768.51,2656,47.1,7.21,550.8,768.86,2.0,1.45, , 
,769.23,2656,85.5,0.8,11101001,769.59,2656,36.9,5.15,438.6,769.93,0.0,1.48, , 
,770.27,2624,84.0,0.0,11101001,770.62,2624,38.4,5.15,459.0,770.95,-0.8,1.48, , 
,771.30,2624,85.5,-0.8,11101001,771.62,2624,38.4,5.15,459.0,771.95,-1.2,1.45, , 
,772.30,2592,85.5,-3.1,11101001,772.62,2560,19.2,2.06,275.4,772.97,-7.4,1.33, , 
,773.30,2560,85.5,0.0,11111101,773.62,2528,0.0,0.00,275.4,773.95,0.0,3.87, , 
,774.26,2528,85.5,0.0,11101001,774.60,2496,17.6,3.09,244.8,774.95,0.0,0.98, , 
,775.30,2432,85.5,0.0,11101001,775.67,2464,20.8,2.06,275.4,776.03,0.0,1.37, , 
,776.37,2432,85.5,0.0,11101001,776.75,2432,53.3,8.24,612.0,777.10,0.8,1.52, , 
,777.47,2432,85.5,0.0,11101001,777.81,2432,56.1,8.24,632.4,778.14,0.8,1.48, , 
,778.51,2464,85.5,0.8,11101001,778.87,2464,56.1,8.24,632.4,779.22,0.8,1.45, , 
,779.56,2464,85.5,0.0,11101001,779.92,2464,36.9,5.15,438.6,780.28,-0.4,1.52, , 
,780.65,2464,85.5,-0.4,11101001,781.01,2464,38.4,5.15,459.0,781.37,-0.4,1.48, , 
,781.73,2432,84.0,0.0,11101001,782.10,2432,38.4,5.15,459.0,782.45,0.0,1.48, , 
,782.81,2432,85.5,0.0,11101001,783.18,2432,41.2,6.18,479.4,783.53,0.4,1.52, , 
,783.89,2432,84.0,1.2,11101001,784.26,2432,42.7,6.18,499.8,784.63,1.2,1.48, , 
,784.99,2432,85.5,0.8,11101001,785.35,2432,42.7,6.18,499.8,785.69,0.8,1.52, , 
,786.03,2432,85.5,1.2,11101001,786.38,2432,22.0,3.09,316.2,786.74,0.0,1.29, , 
,787.07,2432,85.5,-5.9,11111101,787.41,2400,0.0,0.00,244.8,787.72,0.0,3.67, , 
,788.03,2368,84.0,0.0,11111101,788.36,2336,0.0,0.00,244.8,788.68,0.0,3.87, , 
,789.04,2336,84.0,0.0,11111101,789.39,2304,0.0,0.00,244.8,789.72,0.0,3.91, , 
,790.04,2208,84.0,0.0,11111101,790.37,2176,0.0,0.00,244.8,790.71,0.0,3.91, , 
,791.04,2080,84.0,0.0,11111101,791.39,2048,0.0,0.00,244.8,791.74,0.0,3.91, , 
,792.08,2016,84.0,0.0,11111101,792.43,1984,0.0,0.00,244.8,792.77,0.0,3.87, , 
,793.11,1952,84.0,0.0,11111111,793.46,1952,16.1,3.09,244.8,793.81,0.0,1.76, , 
,794.18,1920,84.0,0.0,11101011,794.52,1920,19.2,3.09,275.4,794.88,0.0,1.21, , 
,795.24,1920,84.0,-0.4,11101011,795.59,1920,42.7,6.18,520.2,795.96,1.2,1.56, , 
,796.33,1920,84.0,1.6,11101011,796.70,1920,32.5,4.12,418.2,797.07,1.2,1.48, , 
,797.44,1920,84.0,1.6,11101011,797.81,1920,54.5,8.24,632.4,798.18,0.0,1.52, , 
,798.53,1920,84.0,0.0,11101011,798.90,1952,51.8,7.21,612.0,799.27,0.4,1.52, , 
,799.62,1952,85.5,1.6,11101011,799.99,1952,42.7,6.18,520.2,800.34,1.6,1.45, , 
,800.72,1952,84.0,0.8,11101011,801.07,1952,28.2,4.12,377.4,801.44,-2.3,1.37, , 
,801.79,1952,84.0,-2.7,11101011,802.16,1920,26.7,3.09,357.0,802.52,-4.7,1.45, , 
,802.88,1920,84.0,-4.7,11101011,803.23,1920,35.3,4.12,438.6,803.60,-2.7,1.60, , 
,803.96,1920,84.0,-1.6,11101011,804.32,1920,41.2,6.18,499.8,804.68,0.8,1.52, , 
,805.05,1920,84.0,0.4,11101011,805.40,1952,57.6,8.24,673.2,805.77,0.8,1.52, , 
,806.12,1952,84.0,2.0,11101011,806.48,1952,76.9,12.36,867.0,806.84,0.0,1.45, , 
,807.20,1984,84.0,-0.8,11101001,807.56,2016,79.6,12.36,887.4,807.93,-1.2,1.45, , 
,808.28,2048,84.0,-1.6,11101001,808.64,2048,71.0,10.30,795.6,808.98,-1.2,1.52, , 
,809.33,2080,84.0,-0.8,11101001,809.67,2080,66.3,10.30,754.8,810.03,0.8,1.52, , 
,810.38,2112,84.0,0.8,11101001,810.71,2112,56.1,8.24,652.8,811.04,0.0,1.56, , 
,811.40,2112,84.0,0.0,11101001,811.75,2112,31.0,4.12,397.8,812.09,-3.1,1.45, , 
,812.43,2112,84.0,-3.5,11101001,812.78,2112,29.4,4.12,377.4,813.14,-5.5,1.45, , 
,813.49,2080,84.0,-5.5,11101001,813.82,2080,28.2,3.09,357.0,814.18,-5.5,1.52, , 
,814.54,2080,84.0,-5.9,11101001,814.90,2048,17.6,2.06,275.4,815.24,-9.4,1.33, , 
,815.58,2048,84.0,0.0,11111101,815.93,2048,0.0,0.00,244.8,816.30,0.0,3.71, , 
,816.65,2016,84.0,0.0,11111101,817.01,2016,0.0,0.00,244.8,817.37,0.0,3.87, , 
,817.73,1984,84.0,0.0,11111111,818.09,1952,0.0,0.00,244.8,818.45,0.0,3.87, , 
,818.82,1920,84.0,0.0,11111111,819.16,1920,0.0,0.00,275.4,819.50,0.0,3.91, , 
,819.82,1888,84.0,0.0,11111111,820.16,1888,0.0,0.00,275.4,820.50,0.0,3.95, , 
,820.86,1856,84.0,0.0,11111111,821.20,1856,0.0,0.00,295.8,821.54,0.0,3.95, , 
,821.87,1824,84.0,0.0,11111111,822.19,1792,0.0,0.00,295.8,822.53,0.0,3.95, , 
,822.88,1696,84.0,0.0,11111111,823.20,1664,0.0,0.00,316.2,823.53,0.0,3.95, , 
,823.86,1632,84.0,0.0,11111111,824.18,1600,0.0,0.00,316.2,824.50,0.0,3.91, , 
,824.83,1536,84.0,0.0,11111111,825.12,1536,0.0,0.00,316.2,825.46,0.0,3.98, , 
,825.81,1504,84.0,0.0,11111111,826.27,1504,0.0,0.00,316.2,826.71,0.0,3.98, , 
,826.97,1440,84.0,0.0,11111111,827.29,1440,0.0,0.00,336.6,827.63,0.0,3.95, , 
,827.95,1376,84.0,0.0,11111111,828.27,1376,0.0,0.00,336.6,828.57,0.0,3.95, , 
,828.88,1312,84.0,0.0,11111111,829.20,1312,0.0,0.00,336.6,829.52,0.0,3.91, , 
,829.86,1280,84.0,0.0,11111111,830.19,1280,22.0,3.09,336.6,830.50,0.0,1.52, , 
,830.81,1248,84.0,0.0,11111111,831.11,1088,23.5,3.09,357.0,831.47,0.0,1.37, , 
,831.76,960,82.5,0.0,11111111,832.07,960,25.1,4.12,357.0,832.40,0.4,1.17, , 
,832.76,1568,82.5,1.6,11101011,833.13,1984,16.1,2.06,244.8,833.48,0.8,1.52, , 
,833.85,1952,82.5,-0.4,11101011,834.23,1952,17.6,2.06,275.4,834.58,-0.8,1.45, , 
,834.95,1952,82.5,-0.8,11101011,835.31,1920,25.1,3.09,336.6,835.69,-2.7,1.41, , 
,836.04,1888,82.5,-3.5,11101011,836.40,1888,26.7,3.09,357.0,836.77,-4.7,1.45, , 
,837.13,1888,82.5,-4.7,11101011,837.49,1888,26.7,3.09,357.0,837.85,-5.5,1.48, , 
,838.21,1888,82.5,-5.9,11101011,838.57,1888,26.7,3.09,357.0,838.94,-5.9,1.52, , 
,839.30,1888,82.5,-6.3,11101011,839.66,1888,28.2,3.09,377.4,840.02,-4.7,1.64, , 
,840.39,1920,82.5,-1.6,11101011,840.75,1952,41.2,6.18,499.8,841.12,1.2,1.56, , 
,841.48,1984,82.5,1.6,11101001,841.84,2016,31.0,4.12,397.8,842.19,-0.8,1.33, , 
,842.56,2016,82.5,-2.3,11101001,842.92,2016,25.1,3.09,336.6,843.27,-4.7,1.33, , 
,843.61,2016,82.5,-5.1,11101001,843.95,2016,19.2,2.06,275.4,844.32,-7.0,1.37, , 
,844.67,2016,82.5,-7.4,11101001,845.03,2016,17.6,2.06,275.4,845.38,-7.8,1.52, , 
,845.73,2016,82.5,-7.0,11101001,846.10,1984,19.2,2.06,275.4,846.44,-7.0,1.52, , 
,846.80,1984,82.5,-7.4,11101001,847.14,2016,19.2,2.06,275.4,847.51,-6.6,1.56, , 
,847.87,2016,82.5,-5.5,11101001,848.22,2048,22.0,3.09,316.2,848.58,-5.1,1.52, , 
,848.93,2016,82.5,-5.5,11101001,849.29,2016,25.1,3.09,336.6,849.65,-5.9,1.48, , 
,850.01,2048,82.5,-4.3,11101001,850.37,2080,36.9,5.15,438.6,850.72,-0.8,1.56, , 
,851.06,2144,82.5,0.0,11101001,851.40,2144,34.1,5.15,418.2,851.73,0.8,1.45, , 
,852.08,2208,82.5,0.4,11101001,852.42,2240,34.1,5.15,418.2,852.75,0.8,1.45, , 
,853.08,2304,82.5,1.2,11101001,853.44,2304,35.3,5.15,418.2,853.77,1.2,1.48, , 
,854.08,2368,81.0,1.6,11101001,854.43,2400,35.3,5.15,418.2,854.81,2.3,1.48, , 
,855.15,2464,82.5,2.7,11101001,855.52,2528,47.1,7.21,550.8,855.84,3.5,1.52, , 
,856.19,2592,81.0,3.5,11101001,856.54,2624,45.9,6.18,520.2,856.87,3.5,1.48, , 
,857.22,2720,82.5,3.9,11101001,857.57,2784,44.3,6.18,499.8,857.90,3.5,1.45, , 
,858.23,2848,81.0,0.0,11111101,858.55,2528,0.0,0.00,295.8,858.86,0.0,3.71, , 
,859.18,1568,81.0,0.0,11111111,859.52,1120,23.5,4.12,336.6,859.84,0.0,3.20, , 
,860.16,1088,82.5,0.0,11111111,860.44,1312,20.8,3.09,316.2,860.79,0.0,0.70, , 
,861.13,1600,82.5,0.0,11111111,861.44,1120,23.5,4.12,357.0,861.74,0.0,3.20, , 
,862.05,1120,82.5,0.0,11111111,862.36,1088,23.5,4.12,336.6,862.63,0.0,0.90, , 
,862.93,960,82.5,0.0,11111111,863.22,864,23.5,3.09,357.0,863.53,0.0,1.13, , 
,863.83,864,82.5,0.0,11111111,864.14,896,25.1,3.09,377.4,864.45,-0.4,1.48, , 
,864.76,1280,82.5,0.0,11111111,865.12,1696,0.0,0.00,316.2,865.44,0.0,3.36, , 
,865.80,2464,81.0,0.0,11111101,866.12,2432,0.0,0.00,275.4,866.46,0.0,3.91, , 
,866.78,2368,82.5,0.0,11111101,867.11,2336,0.0,0.00,244.8,867.43,0.0,3.98, , 
,867.79,2208,82.5,0.0,11111101,868.13,2144,0.0,0.00,244.8,868.47,0.0,3.91, , 
,868.83,2016,82.5,0.0,11111101,869.19,1920,0.0,0.00,244.8,869.53,0.0,3.91, , 
,869.86,1792,82.5,0.0,11111111,870.19,1728,0.0,0.00,316.2,870.53,0.0,3.87, , 
,870.85,1632,82.5,0.0,11111111,871.18,1568,0.0,0.00,316.2,871.50,0.0,3.95, , 
,871.86,1504,82.5,0.0,11101011,872.21,1536,31.0,5.15,397.8,872.54,0.0,1.29, , 
,872.91,1568,84.0,0.0,11101011,873.25,1632,81.2,14.42,928.2,873.62,0.0,1.52, , 
,874.00,1760,82.5,0.0,11101011,874.36,1856,90.2,15.45,989.4,874.72,0.0,1.29, , 
,875.07,1984,82.5,-2.3,11101001,875.42,2048,90.2,14.42,989.4,875.75,-2.7,1.41, , 
,876.07,2208,82.5,-3.1,11101001,876.42,2240,91.4,14.42,989.4,876.75,-2.0,1.52, , 
,877.10,2400,84.0,-0.4,11101001,877.45,2464,91.4,15.45,969.0,877.79,1.2,1.45, , 
,878.14,2592,84.0,1.2,11101001,878.48,2688,91.4,15.45,969.0,878.81,1.6,1.45, , 
,879.16,2816,84.0,1.2,11101001,879.47,2880,91.4,15.45,969.0,879.93,0.4,1.45, , 
,880.29,2912,84.0,0.0,11111101,880.63,2432,0.0,0.00,295.8,880.97,0.0,3.63, , 
,881.30,1856,84.0,0.0,11101011,881.64,2240,22.0,3.09,316.2,881.98,0.0,1.13, , 
,882.33,2208,84.0,0.0,11101001,882.67,2240,75.3,12.36,826.2,883.01,0.0,1.45, , 
,883.35,2304,84.0,-0.4,11101001,883.67,2304,71.0,10.30,775.2,884.00,0.4,1.48, , 
,884.34,2368,84.0,0.0,11101001,884.67,2400,71.0,11.33,775.2,885.02,1.2,1.52, , 
,885.39,2432,84.0,1.2,11101001,885.74,2464,79.6,12.36,867.0,886.05,0.8,1.52, , 
,886.41,2496,84.0,0.4,11101001,886.74,2528,84.3,13.39,907.8,887.06,-0.8,1.45, , 
,887.41,2592,84.0,-1.2,11101001,887.74,2624,90.2,15.45,969.0,888.06,-0.4,1.48, , 
,888.41,2688,84.0,0.0,11101001,888.73,2688,90.2,15.45,969.0,889.07,0.0,1.45, , 
,889.41,2752,84.0,0.0,11101001,889.75,2752,90.2,15.45,969.0,890.07,-0.8,1.45, , 
,890.42,2816,84.0,-0.8,11101001,890.78,2848,90.2,14.42,969.0,891.12,-0.8,1.45, , 
,891.44,2880,84.0,-1.6,11101001,891.77,2912,90.2,15.45,969.0,892.21,-2.0,1.45, , 
,892.47,2944,84.0,-2.3,11101001,892.75,2976,90.2,14.42,969.0,893.01,-3.1,1.45, , 
,893.34,3008,84.0,-3.5,11101001,893.69,3040,90.2,14.42,948.6,894.06,-3.5,1.48, , 
,894.42,3104,85.5,-3.9,11101001,894.75,3104,90.2,14.42,948.6,895.13,0.0,1.29, , 
,895.45,2496,85.5,0.0,11111101,895.79,1984,0.0,0.00,295.8,896.13,0.0,3.75, , 
,896.46,2080,85.5,0.0,11101001,896.80,2336,23.5,3.09,316.2,897.13,-2.7,1.25, , 
,897.45,2336,85.5,0.0,11101001,897.78,2368,67.8,10.30,754.8,898.11,0.0,1.45, , 
,898.43,2368,85.5,0.0,11101001,898.74,2400,69.4,10.30,775.2,899.09,0.0,1.45, , 
,899.45,2400,85.5,0.0,11101001,899.79,2432,69.4,10.30,754.8,900.16,0.0,1.48, , 
,900.49,2432,85.5,-0.4,11101001,900.86,2464,69.4,10.30,754.8,901.23,0.0,1.52, , 
,901.59,2496,85.5,-0.4,11101001,901.93,2496,69.4,10.30,754.8,902.30,-0.8,1.45, , 
,902.63,2528,85.5,-0.8,11101001,902.95,2528,67.8,10.30,754.8,903.26,-0.8,1.52, , 
,903.60,2560,85.5,-0.8,11101001,903.94,2560,66.3,10.30,734.4,904.27,-0.8,1.52, , 
,904.61,2560,85.5,-0.8,11101001,904.95,2560,65.1,9.27,734.4,905.30,-0.4,1.48, , 
,905.64,2560,85.5,-0.8,11101001,905.97,2592,66.3,10.30,734.4,906.29,-0.4,1.48, , 
,906.64,2592,85.5,-0.4,11101001,906.98,2592,65.1,10.30,734.4,907.34,-0.4,1.52, , 
,907.67,2624,85.5,0.0,11101001,908.00,2592,44.3,6.18,499.8,908.36,0.0,1.52, , 
,908.69,2592,85.5,0.8,11101001,909.02,2592,44.3,6.18,520.2,909.34,0.8,1.48, , 
,909.69,2592,85.5,1.6,11101001,910.03,2624,44.3,6.18,520.2,910.36,1.6,1.48, , 
,910.72,2592,85.5,2.0,11101001,911.05,2592,44.3,6.18,520.2,911.38,2.0,1.48, , 
,911.71,2592,85.5,2.7,11101001,912.04,2624,44.3,6.18,520.2,912.38,2.3,1.52, , 
,912.73,2624,84.0,0.0,11101001,913.07,2624,44.3,6.18,520.2,913.40,0.8,1.48, , 
,913.76,2624,84.0,0.0,11101001,914.10,2624,42.7,6.18,499.8,914.43,-0.4,1.48, , 
,914.78,2624,84.0,-1.2,11101001,915.12,2624,42.7,6.18,499.8,915.45,-1.6,1.52, , 
,915.79,2656,84.0,-1.6,11101001,916.13,2656,42.7,6.18,499.8,916.50,-1.6,1.48, , 
,916.87,2656,84.0,-1.6,11101001,917.20,2656,34.1,4.12,438.6,917.55,0.0,1.45, , 
,917.89,2624,84.0,0.0,11101001,918.23,2624,17.6,2.06,244.8,918.56,-6.6,1.37, , 
,918.91,2624,84.0,-7.4,11101001,919.23,2592,20.8,2.06,295.8,919.58,-7.8,1.56, , 
,919.91,2592,84.0,-5.1,11101001,920.22,2592,36.9,5.15,438.6,920.55,-4.3,1.56, , 
,920.89,2592,84.0,-3.9,11101001,921.24,2560,36.9,5.15,438.6,921.58,-2.0,1.52, , 
,921.92,2560,84.0,-1.6,11101001,922.27,2560,36.9,5.15,438.6,922.62,-1.2,1.48, , 
,922.96,2560,84.0,-0.8,11101001,923.30,2528,36.9,5.15,438.6,923.65,-2.0,1.45, , 
,924.00,2528,84.0,-2.3,11101001,924.34,2528,38.4,5.15,459.0,924.71,-2.7,1.45, , 
,925.04,2528,84.0,-2.7,11101001,925.36,2496,38.4,5.15,459.0,925.71,-3.1,1.48, , 
,926.05,2496,84.0,-3.1,11101001,926.40,2496,41.2,5.15,479.4,926.77,-0.8,1.52, , 
,927.09,2496,84.0,-0.8,11101001,927.44,2496,41.2,6.18,479.4,927.78,-0.8,1.48, , 
,928.15,2464,84.0,-0.8,11101001,928.52,2464,41.2,6.18,479.4,928.86,-0.8,1.48, , 
,929.21,2464,84.0,0.4,11101001,929.57,2464,47.1,7.21,550.8,929.93,1.6,1.52, , 
,930.28,2464,84.0,2.0,11101001,930.64,2464,48.6,7.21,571.2,931.00,1.6,1.45, , 
,931.37,2464,84.0,1.2,11101001,931.73,2464,48.6,7.21,571.2,932.11,0.8,1.52, , 
,932.47,2496,84.0,0.8,11101001,932.83,2496,48.6,7.21,550.8,933.14,0.8,1.48, , 
,933.50,2496,84.0,0.8,11101001,933.84,2496,48.6,7.21,550.8,934.20,0.4,1.48, , 
,934.57,2496,84.0,0.4,11101001,934.90,2496,48.6,7.21,550.8,935.27,0.4,1.52, , 
,935.60,2528,84.0,0.4,11101001,935.93,2528,47.1,7.21,550.8,936.30,0.8,1.45, , 
,936.64,2528,84.0,0.8,11101001,936.98,2528,47.1,7.21,550.8,937.32,0.8,1.48, , 
,937.66,2528,84.0,0.4,11101001,938.01,2560,47.1,7.21,550.8,938.38,0.4,1.52, , 
,938.72,2560,84.0,0.4,11101001,939.07,2560,47.1,6.18,550.8,939.41,0.4,1.48, , 
,939.74,2560,84.0,0.4,11101001,940.08,2560,47.1,7.21,550.8,940.43,0.4,1.45, , 
,940.79,2560,84.0,0.4,11101001,941.16,2560,45.9,6.18,520.2,941.49,1.2,1.56, , 
,941.82,2560,84.0,1.6,11101001,942.15,2560,53.3,7.21,612.0,942.49,0.4,1.52, , 
,942.83,2560,84.0,0.0,11101001,943.16,2560,53.3,7.21,612.0,943.51,-0.4,1.48, , 
,943.87,2560,84.0,-0.4,11101001,944.23,2560,53.3,8.24,612.0,944.58,-0.8,1.48, , 
,944.91,2560,84.0,-0.4,11101001,945.24,2560,53.3,7.21,612.0,945.56,-0.8,1.52, , 
,945.90,2560,84.0,0.0,11101001,946.24,2560,53.3,7.21,612.0,946.59,-0.4,1.48, , 
,946.92,2560,84.0,-0.8,11101001,947.27,2560,51.8,7.21,591.6,947.60,0.4,1.48, , 
,947.94,2592,84.0,0.0,11101001,948.25,2592,53.3,8.24,591.6,948.60,0.0,1.48, , 
,948.92,2592,84.0,0.0,11101001,949.27,2592,51.8,7.21,591.6,949.60,0.0,1.52, , 
,949.93,2592,84.0,1.2,11101001,950.27,2592,51.8,7.21,591.6,950.59,0.8,1.45, , 
,950.94,2592,84.0,0.8,11101001,951.27,2592,51.8,7.21,591.6,951.59,1.2,1.45, , 
,951.93,2592,84.0,0.8,11101001,952.28,2592,51.8,7.21,591.6,952.61,0.8,1.48, , 
,952.95,2592,84.0,0.8,11101001,953.30,2592,51.8,7.21,591.6,953.62,0.4,1.52, , 
,953.94,2592,84.0,0.8,11101001,954.28,2592,51.8,7.21,591.6,954.63,0.8,1.48, , 
,954.94,2592,84.0,0.8,11101001,955.27,2592,47.1,6.18,550.8,955.61,1.2,1.48, , 
,955.96,2592,84.0,1.6,11101001,956.27,2592,45.9,6.18,520.2,956.61,1.2,1.48, , 
,956.96,2592,84.0,1.2,11101001,957.27,2592,45.9,6.18,520.2,957.59,1.2,1.52, , 
,957.93,2592,84.0,1.2,11101001,958.28,2592,45.9,6.18,520.2,958.62,1.2,1.48, , 
,958.97,2592,84.0,0.8,11101001,959.30,2592,45.9,6.18,520.2,959.65,1.2,1.45, , 
,959.98,2592,84.0,1.2,11101001,960.32,2592,44.3,6.18,520.2,960.64,1.2,1.48, , 
,960.98,2624,84.0,1.2,11101001,961.33,2624,44.3,6.18,520.2,961.67,1.2,1.52, , 
,962.01,2624,84.0,1.2,11101001,962.34,2624,44.3,6.18,499.8,962.67,1.6,1.48, , 
,963.01,2624,84.0,1.2,11101001,963.35,2624,36.9,5.15,459.0,963.70,0.0,1.45, , 
,964.04,2624,84.0,-0.8,11101001,964.38,2624,32.5,4.12,397.8,964.73,-2.3,1.45, , 
,965.06,2656,84.0,-2.7,11101001,965.42,2624,32.5,4.12,397.8,965.79,-3.9,1.48, , 
,966.14,2656,84.0,-4.3,11101001,966.48,2656,32.5,4.12,397.8,966.83,-5.1,1.45, , 
,967.17,2656,84.0,-5.5,11101001,967.50,2656,31.0,4.12,397.8,967.84,-5.5,1.52, , 
,968.18,2656,84.0,-5.5,11101001,968.51,2624,31.0,4.12,397.8,968.86,-3.5,1.56, , 
,969.21,2624,84.0,-4.3,11101001,969.54,2624,35.3,5.15,418.2,969.87,-2.0,1.52, , 
,970.20,2624,84.0,0.0,11101001,970.54,2624,48.6,7.21,571.2,970.87,2.0,1.48, , 
,971.21,2624,85.5,2.0,11101001,971.52,2624,51.8,7.21,591.6,971.85,2.0,1.48, , 
,972.17,2624,84.0,2.3,11101001,972.50,2624,54.5,8.24,612.0,972.84,1.6,1.48, , 
,973.19,2624,84.0,2.0,11101001,973.52,2624,54.5,7.21,612.0,973.85,1.2,1.48, , 
,974.16,2592,84.0,1.2,11101001,974.47,2592,57.6,8.24,652.8,974.82,0.0,1.45, , 
,975.15,2592,84.0,0.0,11101001,975.51,2592,57.6,8.24,652.8,975.84,-0.8,1.48, , 
,976.18,2560,84.0,-0.8,11101001,976.52,2560,57.6,8.24,652.8,976.85,-1.6,1.52, , 
,977.19,2560,84.0,-1.2,11101001,977.53,2528,57.6,8.24,652.8,977.87,-1.6,1.45, , 
,978.21,2528,84.0,-1.6,11101001,978.54,2528,54.5,8.24,612.0,978.91,-1.6,1.45, , 
,979.23,2528,84.0,-1.2,11101001,979.57,2528,54.5,8.24,612.0,979.89,-0.4,1.52, , 
,980.25,2496,84.0,0.0,11101001,980.59,2496,60.4,9.27,673.2,980.96,0.0,1.52, , 
,981.30,2496,84.0,0.0,11101001,981.66,2528,66.3,10.30,734.4,982.00,0.4,1.45, , 
,982.34,2528,84.0,0.0,11101001,982.69,2528,69.4,10.30,754.8,983.05,-0.4,1.48, , 
,983.39,2528,84.0,-0.4,11101001,983.74,2560,69.4,10.30,775.2,984.07,-0.4,1.52, , 
,984.40,2560,84.0,-0.8,11101001,984.74,2560,66.3,9.27,734.4,985.07,-1.2,1.45, , 
,985.41,2592,84.0,-1.6,11101001,985.76,2592,53.3,7.21,612.0,986.08,-2.0,1.48, , 
,986.43,2592,84.0,-1.2,11101001,986.76,2592,51.8,7.21,591.6,987.08,0.0,1.48, , 
,987.39,2624,84.0,0.8,11101001,987.72,2624,51.8,7.21,591.6,988.05,0.4,1.52, , 
,988.38,2624,84.0,0.0,11101001,988.71,2624,50.2,7.21,591.6,989.02,0.4,1.48, , 
,989.36,2624,84.0,0.4,11101001,989.68,2624,50.2,7.21,571.2,990.02,0.4,1.45, , 
,990.34,2624,84.0,0.4,11101001,990.69,2624,47.1,7.21,550.8,991.07,0.8,1.52, , 
,991.40,2592,84.0,1.2,11101001,991.76,2592,41.2,6.18,479.4,992.08,0.4,1.48, , 
,992.41,2592,84.0,0.8,11101001,992.75,2592,41.2,6.18,479.4,993.08,0.0,1.45, , 
,993.43,2592,84.0,0.0,11101001,993.75,2592,41.2,6.18,479.4,994.09,-0.8,1.45, , 
,994.43,2560,84.0,-0.8,11101001,994.77,2560,41.2,6.18,479.4,995.12,-1.2,1.52, , 
,995.44,2560,84.0,-0.4,11101001,995.78,2560,41.2,6.18,499.8,996.12,-0.8,1.52, , 
,996.47,2592,84.0,-0.4,11101001,996.79,2592,41.2,6.18,479.4,997.12,-0.8,1.45, , 
,997.48,2592,84.0,-0.8,11101001,997.80,2624,31.0,4.12,397.8,998.13,-2.3,1.45, , 
,998.45,2624,84.0,-2.3,11101001,998.78,2624,31.0,4.12,377.4,999.11,-2.7,1.52, , 
,999.43,2624,84.0,-2.0,11101001,999.77,2624,31.0,4.12,377.4,1000.10,-5.1,1.48, , 
,1000.42,2624,84.0,-3.1,11101001,1000.75,2592,31.0,4.12,377.4,1001.10,1.2,1.52, , 
,1001.43,2592,85.5,2.0,11101001,1001.75,2592,32.5,4.12,397.8,1002.10,3.5,1.48, , 
,1002.42,2560,85.5,3.5,11101001,1002.76,2560,32.5,4.12,397.8,1003.10,2.3,1.48, , 
,1003.45,2528,85.5,3.1,11101001,1003.78,2528,41.2,6.18,479.4,1004.14,3.5,1.52, , 
,1004.45,2496,84.0,3.1,11101001,1004.77,2496,51.8,7.21,591.6,1005.13,3.1,1.45, , 
,1005.47,2464,84.0,3.1,11101001,1005.83,2464,54.5,8.24,632.4,1006.18,2.7,1.48, , 
,1006.51,2432,84.0,2.3,11101001,1006.85,2432,59.2,8.24,652.8,1007.20,2.0,1.48, , 
,1007.54,2432,84.0,2.0,11101001,1007.89,2400,60.4,9.27,673.2,1008.24,1.6,1.45, , 
,1008.59,2400,84.0,1.6,11101001,1008.95,2400,69.4,10.30,754.8,1009.29,1.2,1.52, , 
,1009.63,2432,84.0,1.2,11101001,1009.96,2400,67.8,10.30,754.8,1010.31,1.2,1.48, , 
,1010.66,2432,84.0,0.8,11101001,1011.00,2432,67.8,10.30,754.8,1011.33,1.2,1.45, , 
,1011.68,2432,84.0,1.2,11101001,1012.02,2432,67.8,10.30,754.8,1012.37,1.6,1.52, , 
,1012.74,2464,84.0,2.0,11101001,1013.09,2464,67.8,10.30,754.8,1013.46,2.0,1.45, , 
,1013.83,2496,84.0,1.6,11101001,1014.18,2496,67.8,10.30,754.8,1014.55,2.0,1.48, , 
,1014.90,2496,84.0,2.0,11101001,1015.24,2496,66.3,10.30,734.4,1015.57,1.6,1.48, , 
,1015.91,2496,84.0,1.6,11101001,1016.25,2496,65.1,9.27,714.0,1016.58,1.2,1.48, , 
,1016.93,2528,84.0,1.2,11101001,1017.27,2528,63.5,9.27,714.0,1017.60,1.2,1.45, , 
,1017.95,2528,84.0,1.2,11101001,1018.29,2528,50.2,7.21,571.2,1018.61,1.6,1.48, , 
,1018.94,2528,84.0,2.3,11101001,1019.28,2528,50.2,7.21,571.2,1019.64,1.6,1.48, , 
,1019.98,2528,84.0,2.0,11101001,1020.34,2528,48.6,7.21,571.2,1020.69,2.3,1.45, , 
,1021.03,2528,84.0,2.7,11101001,1021.36,2528,48.6,7.21,550.8,1021.69,2.3,1.45, , 
,1022.04,2528,84.0,2.3,11101001,1022.38,2560,48.6,7.21,550.8,1022.71,2.7,1.52, , 
,1023.04,2560,84.0,3.1,11101001,1023.40,2560,42.7,6.18,499.8,1023.74,2.7,1.48, , 
,1024.06,2560,84.0,2.3,11101001,1024.40,2592,41.2,6.18,479.4,1024.75,2.3,1.48, , 
,1025.07,2592,84.0,2.3,11101001,1025.40,2592,41.2,6.18,499.8,1025.74,2.3,1.48, , 
,1026.07,2592,85.5,2.3,11101001,1026.42,2592,41.2,6.18,479.4,1026.77,2.3,1.52, , 
,1027.09,2560,84.0,0.0,11111101,1027.42,2528,19.2,3.09,275.4,1027.75,0.0,1.25, , 
,1028.08,2528,84.0,0.0,11111101,1028.41,2528,0.0,0.00,244.8,1028.73,0.0,3.87, , 
,1029.06,2496,84.0,0.0,11111101,1029.40,2464,0.0,0.00,244.8,1029.76,0.0,3.87, , 
,1030.11,2432,85.5,0.0,11111101,1030.44,2400,0.0,0.00,244.8,1030.75,0.0,3.95, , 
,1031.08,2368,84.0,0.0,11101001,1031.41,2336,16.1,3.09,244.8,1031.74,0.0,0.82, , 
,1032.07,2368,84.0,0.0,11101001,1032.40,2336,42.7,6.18,499.8,1032.74,0.0,1.52, , 
,1033.06,2336,85.5,0.8,11101001,1033.39,2336,56.1,8.24,632.4,1033.73,3.1,1.56, , 
,1034.08,2368,84.0,3.5,11101001,1034.41,2368,56.1,8.24,632.4,1034.76,5.1,1.52, , 
,1035.11,2368,84.0,5.1,11101001,1035.47,2368,42.7,6.18,499.8,1035.79,4.7,1.45, , 
,1036.14,2368,84.0,4.7,11101001,1036.46,2368,31.0,4.12,397.8,1036.80,1.6,1.41, , 
,1037.17,2368,84.0,-0.4,11101001,1037.51,2336,25.1,3.09,336.6,1037.87,-1.6,1.41, , 
,1038.21,2336,84.0,-2.7,11101001,1038.53,2336,26.7,3.09,336.6,1038.87,-3.9,1.48, , 
,1039.21,2304,84.0,-3.9,11101001,1039.55,2304,26.7,3.09,336.6,1039.87,-3.9,1.52, , 
,1040.23,2304,84.0,-5.1,11101001,1040.57,2272,22.0,3.09,316.2,1040.91,-6.3,1.45, , 
,1041.23,2240,84.0,-7.4,11101001,1041.57,2240,22.0,3.09,316.2,1041.91,-8.6,1.48, , 
,1042.26,2208,84.0,-9.0,11101001,1042.61,2208,17.6,2.06,275.4,1042.95,-9.8,1.52, , 
,1043.30,2208,84.0,-9.8,11101001,1043.64,2208,17.6,2.06,244.8,1043.98,-10.2,1.52, , 
,1044.32,2176,84.0,-10.5,11101001,1044.65,2176,17.6,2.06,244.8,1044.99,-10.2,1.56, , 
,1045.34,2176,84.0,-10.2,11101001,1045.68,2176,16.1,2.06,244.8,1046.01,-10.2,1.52, , 
,1046.36,2144,84.0,-10.5,11101001,1046.72,2144,16.1,2.06,244.8,1047.05,-9.8,1.56, , 
,1047.39,2112,84.0,-9.4,11101001,1047.74,2112,16.1,2.06,244.8,1048.07,-8.6,1.56, , 
,1048.42,2112,84.0,-9.4,11101001,1048.78,2080,16.1,2.06,244.8,1049.14,-9.4,1.48, , 
,1049.52,2048,84.0,-9.0,11101001,1049.85,2048,14.9,2.06,244.8,1050.19,-9.4,1.48, , 
,1050.55,2016,84.0,-9.8,11101001,1050.90,2016,14.9,2.06,244.8,1051.26,-9.8,1.52, , 
,1051.62,1984,84.0,-9.0,11111111,1051.99,1984,16.1,2.06,244.8,1052.34,0.0,2.34, , 
,1052.69,1952,84.0,0.0,11111111,1053.05,1920,0.0,0.00,275.4,1053.39,0.0,3.91, , 
,1053.74,1888,84.0,0.0,11111111,1054.05,1856,0.0,0.00,275.4,1054.40,0.0,3.91, , 
,1054.79,1760,84.0,0.0,11111111,1055.11,1216,0.0,0.00,336.6,1055.41,0.0,3.71, , 
,1055.74,1056,84.0,0.0,11111111,1056.04,1120,25.1,4.12,357.0,1056.33,0.0,1.05, , 
,1056.60,992,84.0,0.0,11111111,1056.90,928,22.0,3.09,336.6,1057.21,0.0,0.94, , 
,1057.51,864,84.0,0.0,11111111,1057.81,864,26.7,3.09,377.4,1058.14,-0.4,1.41, , 
,1058.46,864,84.0,0.0,11111111,1058.77,864,26.7,3.09,377.4,1059.09,0.0,1.52, , 
,1059.42,864,84.0,0.4,11111111,1059.73,864,26.7,3.09,397.8,1060.07,1.2,1.52, , 
,1060.36,864,84.0,1.2,11111111,1060.66,896,26.7,3.09,397.8,1060.96,1.6,1.48, , 
,1061.26,896,84.0,1.6,11111111,1061.54,896,26.7,3.09,397.8,1061.85,1.6,1.48, , 
,1062.16,896,84.0,1.6,11111111,1062.46,896,26.7,4.12,397.8,1062.76,1.6,1.48, , 
,1063.06,896,84.0,1.6,11111111,1063.38,864,26.7,4.12,397.8,1063.70,1.6,1.48, , 
,1064.00,896,84.0,1.6,11111111,1064.30,896,28.2,4.12,397.8,1064.60,1.2,1.45, , 
,1064.90,896,84.0,1.2,11111111,1065.21,896,28.2,4.12,397.8,1065.50,0.8,1.48, , 
,1065.82,896,84.0,0.8,11111111,1066.12,896,28.2,4.12,397.8,1066.43,0.8,1.48, , 
,1066.73,864,84.0,0.8,11111111,1067.03,864,28.2,3.09,397.8,1067.34,0.8,1.48, , 
,1067.65,864,84.0,0.4,11111111,1067.95,896,28.2,4.12,397.8,1068.23,0.0,1.48, , 
,1068.54,864,84.0,0.0,11111111,1068.84,896,28.2,3.09,397.8,1069.15,-0.4,1.48, , 
,1069.47,864,84.0,-0.4,11111111,1069.79,896,28.2,3.09,397.8,1070.08,-0.4,1.48, , 
,1070.38,896,84.0,-0.4,11111111,1070.68,896,28.2,4.12,397.8,1070.98,-0.8,1.48, , 
,1071.29,896,84.0,-0.8,11111111,1071.59,864,28.2,4.12,397.8,1071.89,-0.8,1.52, , 
,1072.19,896,84.0,-0.4,11111111,1072.50,864,28.2,4.12,397.8,1072.81,0.0,1.52, , 
,1073.13,896,84.0,0.0,11111111,1073.41,896,28.2,4.12,397.8,1073.72,0.4,1.48, , 
,1074.03,864,84.0,0.4,11111111,1074.31,864,28.2,4.12,397.8,1074.61,0.8,1.52, , 
,1074.94,896,84.0,0.8,11111111,1075.24,864,28.2,4.12,397.8,1075.55,0.8,1.48, , 
,1075.87,896,84.0,1.2,11111111,1076.17,896,28.2,4.12,418.2,1076.49,1.2,1.52, , 
,1076.79,896,84.0,1.2,11111111,1077.10,896,28.2,3.09,397.8,1077.41,1.6,1.52, , 
,1077.69,896,84.0,2.7,11101011,1078.01,1088,44.3,6.18,550.8,1078.35,0.0,1.56, , 
,1078.66,1216,84.0,1.2,11101011,1079.00,992,48.6,7.21,591.6,1079.35,0.0,1.56, , 
,1079.68,1344,84.0,0.8,11101011,1080.01,1504,50.2,7.21,612.0,1080.41,2.3,1.52, , 
,1080.78,1952,84.0,3.1,11101011,1081.11,2112,45.9,6.18,550.8,1081.45,4.3,1.52, , 
,1081.79,2016,84.0,0.0,11111101,1082.15,1472,0.0,0.00,336.6,1082.44,0.0,3.79, , 
,1082.75,1344,84.0,0.0,11101011,1083.08,1312,28.2,4.12,377.4,1083.42,0.0,1.09, , 
,1083.77,1312,84.0,0.0,11101011,1084.14,1376,35.3,4.12,438.6,1084.49,0.0,1.56, , 
,1084.79,1504,84.0,0.0,11101011,1085.12,1568,62.0,9.27,714.0,1085.50,0.0,1.48, , 
,1085.88,1760,84.0,0.0,11101011,1086.25,1792,31.0,4.12,397.8,1086.62,0.0,1.45, , 
,1087.01,1792,84.0,-1.2,11101011,1087.35,1792,19.2,2.06,295.8,1087.68,-3.9,1.37, , 
,1087.99,1760,84.0,-5.1,11111111,1088.36,1760,20.8,3.09,316.2,1088.70,-4.3,1.52, , 
,1089.06,1696,84.0,-2.7,11111111,1089.41,1664,22.0,3.09,316.2,1089.75,-2.3,1.56, , 
,1090.08,1568,84.0,-2.3,11111111,1090.45,1568,22.0,3.09,316.2,1090.76,-2.0,1.52, , 
,1091.03,1504,82.5,-2.3,11101011,1091.48,1504,28.2,4.12,377.4,1091.77,0.4,1.60, , 
,1092.04,1472,84.0,2.3,11101011,1092.31,1472,36.9,5.15,459.0,1092.71,3.5,1.52, , 
,1093.08,1536,82.5,3.9,11101011,1093.44,1568,38.4,5.15,479.4,1093.82,5.9,1.52, , 
,1094.22,1664,82.5,7.0,11101011,1094.58,1728,38.4,5.15,479.4,1094.96,7.4,1.45, , 
,1095.31,1856,82.5,6.3,11101011,1095.69,1888,35.3,5.15,438.6,1096.05,5.9,1.45, , 
,1096.40,2016,82.5,4.3,11101001,1096.74,2016,28.2,4.12,357.0,1097.10,-0.8,1.29, , 
,1097.44,2080,82.5,-3.9,11101001,1097.77,2112,29.4,4.12,377.4,1098.11,-5.9,1.45, , 
,1098.46,2176,82.5,-6.3,11101001,1098.80,2176,28.2,3.09,357.0,1099.14,-8.2,1.48, , 
,1099.46,2208,82.5,-8.2,11101001,1099.80,2240,19.2,2.06,295.8,1100.13,-9.4,1.48, , 
,1100.46,2208,82.5,-9.8,11111101,1100.79,2176,17.6,2.06,244.8,1101.13,0.0,1.64, , 
,1101.46,2080,82.5,0.0,11111101,1101.82,2048,0.0,0.00,244.8,1102.15,0.0,3.83, , 
,1102.50,1920,82.5,0.0,11111111,1102.84,1888,17.6,3.09,275.4,1103.22,0.0,1.33, , 
,1103.59,1920,82.5,0.0,11101011,1103.95,1952,48.6,7.21,571.2,1104.31,0.0,1.37, , 
,1104.67,2144,82.5,0.0,11101001,1105.01,2208,56.1,8.24,632.4,1105.33,0.8,1.56, , 
,1105.70,2400,82.5,1.2,11101001,1106.04,2528,50.2,7.21,571.2,1106.36,2.0,1.52, , 
,1106.71,2720,82.5,3.9,11101001,1107.06,2816,51.8,8.24,591.6,1107.42,3.1,1.45, , 
,1107.73,2720,82.5,0.0,11111101,1108.07,2272,0.0,0.00,295.8,1108.37,0.0,3.79, , 
,1108.71,1312,82.5,0.0,11101011,1109.04,1216,25.1,4.12,357.0,1109.36,0.0,1.72, , 
,1109.71,2016,82.5,0.0,11101001,1110.05,1952,16.1,2.06,244.8,1110.40,0.0,1.17, , 
,1110.75,2016,82.5,-3.5,11101001,1111.11,2016,22.0,3.09,316.2,1111.46,-3.5,1.45, , 
,1111.81,2048,82.5,-4.3,11101001,1112.17,2048,25.1,3.09,336.6,1112.52,-6.6,1.45, , 
,1112.86,2080,82.5,-5.1,11101001,1113.21,2112,38.4,5.15,459.0,1113.55,-3.1,1.60, , 
,1113.89,2176,82.5,-2.7,11101001,1114.23,2176,23.5,3.09,336.6,1114.57,-7.0,1.33, , 
,1114.90,2208,82.5,-7.8,11101001,1115.23,2208,22.0,3.09,316.2,1115.58,-9.0,1.45, , 
,1115.91,2240,84.0,-9.4,11101001,1116.25,2240,20.8,2.06,295.8,1116.59,-10.2,1.52, , 
,1116.93,2240,84.0,-10.2,11101001,1117.26,2272,19.2,2.06,275.4,1117.58,-10.2,1.52, , 
,1117.91,2304,84.0,-9.8,11101001,1118.24,2304,16.1,2.06,244.8,1118.57,-9.4,1.56, , 
,1118.89,2304,84.0,-8.6,11111101,1119.22,2336,17.6,2.06,244.8,1119.55,-4.7,1.68, , 
,1119.89,2336,84.0,0.0,11111101,1120.22,2336,0.0,0.00,244.8,1120.55,0.0,3.91, , 
,1120.89,2336,84.0,0.0,11111101,1121.22,2336,0.0,0.00,244.8,1121.55,0.0,3.91, , 
,1121.89,2336,84.0,0.0,11111101,1122.22,2304,0.0,0.00,244.8,1122.55,0.0,3.32, , 
,1122.87,2336,84.0,0.0,11101001,1123.19,2336,16.1,2.06,244.8,1123.52,0.0,1.17, , 
,1123.85,2368,84.0,0.0,11101001,1124.17,2368,16.1,2.06,244.8,1124.52,-4.7,1.41, , 
,1124.85,2368,84.0,-5.5,11101001,1125.16,2400,17.6,2.06,244.8,1125.52,-6.6,1.48, , 
,1125.88,2400,84.0,-6.6,11101001,1126.23,2400,16.1,2.06,244.8,1126.58,-7.0,1.52, , 
,1126.91,2432,84.0,-7.0,11101001,1127.26,2432,17.6,2.06,244.8,1127.61,-6.6,1.52, , 
,1127.97,2432,84.0,-6.6,11101001,1128.32,2432,17.6,2.06,244.8,1128.66,-6.6,1.52, , 
,1129.02,2432,84.0,-6.6,11101001,1129.35,2432,17.6,2.06,244.8,1129.69,-5.9,1.52, , 
,1130.03,2432,84.0,-6.3,11111101,1130.37,2272,0.0,0.00,275.4,1130.68,0.0,3.67, , 
,1131.00,1280,84.0,0.0,11111111,1131.31,1088,25.1,4.12,357.0,1131.61,0.0,2.42, , 
,1131.94,1088,84.0,0.0,11111111,1132.24,1024,22.0,3.09,336.6,1132.54,0.0,0.86, , 
,1132.84,928,84.0,0.0,11111111,1133.16,864,25.1,3.09,377.4,1133.46,0.0,1.33, , 
,1133.74,864,84.0,0.0,11111111,1134.04,896,26.7,3.09,377.4,1134.32,0.4,1.48, , 
,1134.62,864,84.0,0.8,11111111,1134.94,896,26.7,3.09,377.4,1135.25,1.6,1.56, , 
,1135.55,896,84.0,2.3,11111111,1135.86,896,26.7,3.09,397.8,1136.18,2.7,1.52, , 
,1136.48,896,84.0,3.1,11111111,1136.80,896,26.7,4.12,397.8,1137.10,3.5,1.48, , 
,1137.40,896,84.0,3.5,11111111,1137.71,896,26.7,4.12,377.4,1138.01,3.1,1.45, , 
,1138.32,896,84.0,3.1,11111111,1138.62,864,26.7,3.09,377.4,1138.91,2.7,1.45, , 
,1139.23,896,84.0,2.7,11111111,1139.56,896,26.7,3.09,377.4,1139.84,2.7,1.45, , 
,1140.14,864,84.0,2.3,11111111,1140.44,896,26.7,3.09,377.4,1140.74,2.3,1.45, , 
,1141.02,896,84.0,2.0,11111111,1141.33,896,26.7,3.09,377.4,1141.65,2.0,1.48, , 
,1141.93,832,85.5,2.0,11111111,1142.20,768,25.1,3.09,377.4,1142.53,1.6,1.41, , 
,1142.85,768,85.5,1.2,11111111,1143.14,800,28.2,4.12,418.2,1143.44,0.8,1.52, , 
,1143.74,768,85.5,0.8,11111111,1144.04,768,28.2,3.09,397.8,1144.33,0.8,1.52, , 
,1144.63,768,85.5,1.2,11111111,1144.92,768,28.2,4.12,418.2,1145.23,1.6,1.52, , 
,1145.54,800,85.5,1.6,11111111,1145.86,800,28.2,4.12,397.8,1146.17,1.6,1.48, , 
,1146.50,1472,85.5,0.0,11101011,1146.83,2272,59.2,9.27,673.2,1147.15,0.0,1.41, , 
,1147.45,1120,85.5,0.0,11101011,1147.85,1440,72.2,11.33,846.6,1148.19,0.0,1.52, , 
,1148.52,2208,85.5,0.0,11101001,1148.86,2336,0.0,0.00,418.2,1149.20,0.0,3.44, , 
,1149.64,1344,85.5,0.0,11101011,1149.95,1408,31.0,5.15,397.8,1150.22,0.0,1.25, , 
,1150.56,1472,85.5,0.0,11101011,1150.92,1568,53.3,8.24,632.4,1151.27,0.0,1.33, , 
,1151.61,1760,85.5,0.0,11101011,1151.97,1856,57.6,8.24,673.2,1152.32,0.4,1.56, , 
,1152.67,2048,85.5,1.6,11101001,1153.02,2112,54.5,8.24,632.4,1153.36,0.8,1.45, , 
,1153.71,2304,85.5,1.2,11101001,1154.03,2336,50.2,7.21,591.6,1154.39,1.2,1.52, , 
,1154.73,2528,85.5,1.6,11101001,1155.07,2592,53.3,8.24,612.0,1155.40,2.0,1.52, , 
,1155.74,2752,84.0,3.1,11101001,1156.08,2816,56.1,8.24,632.4,1156.39,3.5,1.45, , 
,1156.71,2880,84.0,0.0,11111101,1157.04,2368,0.0,0.00,295.8,1157.37,0.0,3.79, , 
,1157.71,1664,84.0,0.0,11101011,1158.06,2016,25.1,4.12,336.6,1158.44,0.0,0.94, , 
,1158.80,1984,84.0,-2.0,11101001,1159.16,1984,32.5,4.12,418.2,1159.52,-0.8,1.52, , 
,1159.87,2016,84.0,-0.4,11101001,1160.23,2048,53.3,7.21,612.0,1160.59,0.4,1.56, , 
,1160.94,2112,82.5,1.2,11101001,1161.28,2144,48.6,7.21,571.2,1161.62,2.7,1.48, , 
,1161.94,2176,82.5,2.0,11101001,1162.28,2208,35.3,5.15,418.2,1162.63,0.4,1.45, , 
,1162.96,2208,82.5,-0.4,11101001,1163.29,2240,36.9,5.15,438.6,1163.62,0.0,1.52, , 
,1163.95,2272,82.5,0.8,11101001,1164.30,2272,42.7,6.18,499.8,1164.63,2.3,1.48, , 
,1164.96,2304,82.5,2.7,11101001,1165.30,2336,41.2,6.18,499.8,1165.65,2.0,1.48, , 
,1165.99,2368,84.0,1.6,11101001,1166.33,2368,41.2,6.18,479.4,1166.71,0.8,1.48, , 
,1167.05,2400,84.0,0.8,11101001,1167.42,2400,40.0,5.15,479.4,1167.79,0.4,1.48, , 
,1168.12,2400,84.0,0.0,11101001,1168.50,2432,40.0,5.15,459.0,1168.85,0.0,1.52, , 
,1169.20,2432,84.0,-0.4,11101001,1169.59,2432,40.0,5.15,459.0,1169.95,0.0,1.52, , 
,1170.31,2464,84.0,-0.8,11101001,1170.67,2496,44.3,6.18,499.8,1171.02,0.8,1.52, , 
,1171.37,2528,84.0,1.2,11101001,1171.71,2528,35.3,5.15,438.6,1172.05,-1.2,1.45, , 
,1172.39,2528,84.0,-2.3,11101001,1172.73,2528,26.7,3.09,336.6,1173.08,-4.3,1.45, , 
,1173.43,2528,84.0,-5.1,11101001,1173.76,2528,25.1,3.09,336.6,1174.09,-5.9,1.45, , 
,1174.45,2528,84.0,-6.6,11101001,1174.78,2496,23.5,3.09,316.2,1175.14,-7.0,1.52, , 
,1175.49,2496,84.0,-7.0,11101001,1175.84,2496,23.5,3.09,316.2,1176.19,-5.9,1.52, , 
,1176.55,2464,84.0,-5.9,11101001,1176.92,2464,23.5,3.09,316.2,1177.29,-5.5,1.48, , 
,1177.64,2464,84.0,-3.5,11101001,1178.01,2432,23.5,3.09,316.2,1178.36,-3.5,1.52, , 
,1178.71,2432,85.5,-3.5,11101001,1179.04,2432,25.1,3.09,336.6,1179.39,-3.9,1.48, , 
,1179.75,2400,84.0,-4.3,11101001,1180.08,2400,25.1,3.09,336.6,1180.42,-4.7,1.48, , 
,1180.76,2400,84.0,-4.3,11101001,1181.08,2368,25.1,3.09,336.6,1181.45,-5.1,1.48, , 
,1181.80,2368,84.0,-4.3,11101001,1182.14,2368,31.0,4.12,377.4,1182.50,0.0,1.56, , 
,1182.88,2400,85.5,3.1,11101001,1183.23,2400,36.9,5.15,438.6,1183.59,4.7,1.52, , 
,1183.91,2432,85.5,5.1,11101001,1184.25,2432,35.3,5.15,438.6,1184.61,5.1,1.45, , 
,1184.97,2432,84.0,3.5,11101001,1185.31,2464,29.4,4.12,377.4,1185.65,2.0,1.45, , 
,1185.99,2464,85.5,1.6,11101001,1186.36,2464,25.1,3.09,336.6,1186.70,-0.4,1.45, , 
,1187.06,2464,85.5,-0.8,11101001,1187.41,2464,26.7,3.09,336.6,1187.79,-2.0,1.48, , 
,1188.15,2432,85.5,-2.3,11101001,1188.50,2464,26.7,3.09,357.0,1188.85,-2.3,1.52, , 
,1189.19,2432,85.5,-2.3,11101001,1189.53,2432,25.1,3.09,336.6,1189.87,-2.7,1.52, , 
,1190.23,2432,85.5,-2.3,11101001,1190.59,2432,26.7,3.09,357.0,1190.96,0.0,1.56, , 
,1191.31,2464,85.5,3.5,11101001,1191.69,2464,41.2,6.18,479.4,1192.03,5.5,1.52, , 
,1192.39,2496,85.5,6.6,11101001,1192.73,2528,44.3,6.18,520.2,1193.07,8.2,1.45, , 
,1193.42,2560,84.0,7.4,11101001,1193.75,2560,42.7,6.18,499.8,1194.09,7.4,1.45, , 
,1194.44,2592,85.5,7.0,11101001,1194.78,2624,41.2,6.18,499.8,1195.12,6.6,1.52, , 
,1195.43,2496,85.5,0.0,11111101,1195.79,2048,0.0,0.00,295.8,1196.08,0.0,3.71, , 
,1196.39,1152,84.0,0.0,11111111,1196.70,1312,23.5,4.12,336.6,1197.06,0.0,1.48, , 
,1197.40,1856,85.5,0.0,11111111,1197.74,1824,17.6,3.09,275.4,1198.09,0.0,1.41, , 
,1198.46,1824,85.5,0.0,11101011,1198.82,1824,20.8,3.09,295.8,1199.19,-3.1,1.33, , 
,1199.57,1824,84.0,-1.6,11101011,1199.94,1824,31.0,4.12,397.8,1200.31,-0.8,1.52, , 
,1200.67,1824,85.5,-0.4,11101011,1201.03,1824,31.0,4.12,397.8,1201.42,0.4,1.52, , 
,1201.80,1824,85.5,0.8,11101011,1202.19,1824,31.0,4.12,397.8,1202.56,0.8,1.48, , 
,1202.96,1824,85.5,0.8,11101011,1203.32,1824,31.0,4.12,397.8,1203.69,0.8,1.45, , 
,1204.07,1824,85.5,0.4,11101011,1204.44,1824,31.0,4.12,397.8,1204.81,0.4,1.52, , 
,1205.19,1824,85.5,0.4,11101011,1205.56,1824,34.1,4.12,418.2,1205.95,1.6,1.52, , 
,1206.33,1856,85.5,3.5,11101011,1206.69,1856,36.9,5.15,459.0,1207.07,4.7,1.52, , 
,1207.43,1856,85.5,5.5,11101011,1207.78,1888,35.3,5.15,459.0,1208.16,5.9,1.45, , 
,1208.52,1888,85.5,5.1,11101011,1208.87,1888,35.3,5.15,438.6,1209.26,3.1,1.37, , 
,1209.61,1888,85.5,1.6,11101011,1209.98,1888,17.6,2.06,275.4,1210.36,-4.7,1.25, , 
,1210.71,1856,85.5,-5.9,11111111,1211.03,1856,19.2,2.06,275.4,1211.37,0.0,1.52, , 
,1211.71,1824,85.5,0.0,11111111,1212.05,1824,0.0,0.00,295.8,1212.37,0.0,3.91, , 
,1212.74,1792,85.5,0.0,11111111,1213.10,1792,0.0,0.00,316.2,1213.43,0.0,3.91, , 
,1213.79,1760,85.5,0.0,11111111,1214.13,1728,20.8,3.09,295.8,1214.49,0.0,1.29, , 
,1214.84,1728,85.5,0.0,11101011,1215.20,1728,22.0,3.09,316.2,1215.55,-1.6,1.37, , 
,1215.92,1728,85.5,-1.2,11101011,1216.30,1728,28.2,4.12,377.4,1216.67,-0.8,1.52, , 
,1217.04,1728,85.5,0.0,11101011,1217.40,1728,32.5,4.12,418.2,1217.76,0.0,1.52, , 
,1218.11,1760,85.5,0.0,11101011,1218.46,1760,23.5,3.09,336.6,1218.81,-0.8,1.45, , 
,1219.19,1728,85.5,-3.1,11101011,1219.56,1728,19.2,2.06,295.8,1219.93,-3.1,1.45, , 
,1220.26,1728,85.5,-2.7,11111111,1220.60,1728,22.0,3.09,316.2,1220.92,0.0,1.56, , 
,1221.27,1696,85.5,0.0,11101011,1221.61,1664,20.8,3.09,316.2,1221.94,0.0,1.37, , 
,1222.28,1664,84.0,0.0,11111111,1222.62,1664,22.0,3.09,316.2,1222.95,-0.4,1.45, , 
,1223.31,1632,84.0,0.0,11111111,1223.67,1600,22.0,3.09,316.2,1224.02,1.6,1.52, , 
,1224.39,1600,85.5,2.0,11111111,1224.74,1600,22.0,3.09,316.2,1225.08,1.2,1.48, , 
,1225.44,1568,84.0,1.2,11111111,1225.82,1536,22.0,3.09,316.2,1226.17,0.0,1.45, , 
,1226.51,1568,84.0,0.0,11101011,1226.84,1536,22.0,3.09,316.2,1227.19,-2.3,1.37, , 
,1227.53,1536,84.0,-2.7,11101011,1227.90,1536,25.1,3.09,336.6,1228.24,-2.0,1.52, , 
,1228.59,1568,84.0,-1.6,11101011,1228.93,1568,51.8,8.24,612.0,1229.26,0.0,1.48, , 
,1229.63,1568,84.0,0.0,11101011,1230.01,1632,56.1,8.24,652.8,1230.37,0.0,1.52, , 
,1230.72,1664,84.0,0.4,11101011,1231.06,1664,54.5,8.24,652.8,1231.41,0.8,1.52, , 
,1231.79,1696,84.0,0.0,11101011,1232.16,1760,60.4,9.27,714.0,1232.51,0.0,1.52, , 
,1232.88,1792,84.0,0.0,11101011,1233.22,1792,32.5,4.12,418.2,1233.60,-1.6,1.45, , 
,1233.99,1792,84.0,-1.6,11101011,1234.37,1792,28.2,4.12,377.4,1234.72,-2.3,1.45, , 
,1235.10,1792,84.0,-3.5,11101011,1235.46,1792,26.7,3.09,357.0,1235.81,-3.9,1.48, , 
,1236.19,1792,84.0,-4.3,11101011,1236.55,1792,26.7,3.09,357.0,1236.93,-4.3,1.52, , 
,1237.30,1792,84.0,-3.5,11101011,1237.66,1824,26.7,3.09,357.0,1238.04,-3.9,1.52, , 
,1238.42,1792,84.0,-3.5,11101011,1238.79,1792,26.7,3.09,357.0,1239.17,-3.9,1.48, , 
,1239.55,1824,84.0,-3.1,11101011,1239.93,1824,26.7,3.09,357.0,1240.29,-3.1,1.48, , 
,1240.65,1824,84.0,-3.5,11101011,1241.04,1824,26.7,3.09,357.0,1241.41,-3.5,1.48, , 
,1241.77,1824,84.0,-3.5,11101011,1242.15,1824,25.1,3.09,357.0,1242.49,-3.5,1.48, , 
,1242.85,1824,84.0,-3.5,11101011,1243.22,1824,25.1,3.09,336.6,1243.60,-3.9,1.48, , 
,1243.97,1824,84.0,-4.3,11101011,1244.36,1824,25.1,3.09,336.6,1244.75,-4.7,1.48, , 
,1245.13,1856,84.0,-5.5,11101011,1245.49,1856,25.1,3.09,336.6,1245.86,-5.1,1.52, , 
,1246.25,1856,84.0,-4.7,11101011,1246.64,1856,19.2,2.06,295.8,1247.02,-6.6,1.41, , 
,1247.38,1856,84.0,-7.0,11101011,1247.76,1824,19.2,2.06,275.4,1248.10,-6.6,1.48, , 
,1248.46,1824,84.0,-6.6,11101011,1248.80,1824,19.2,2.06,295.8,1249.17,-6.3,1.52, , 
,1249.55,1824,84.0,-6.3,11101011,1249.94,1824,19.2,2.06,295.8,1250.30,-6.6,1.48, , 
,1250.66,1824,84.0,-6.3,11101011,1251.04,1824,19.2,2.06,295.8,1251.40,-5.5,1.52, , 
,1251.75,1792,84.0,-5.9,11101011,1252.10,1792,19.2,2.06,295.8,1252.43,0.0,1.56, , 
,1252.75,1344,84.0,0.0,11111111,1253.05,992,25.1,4.12,377.4,1253.38,0.0,2.62, , 
,1253.70,1152,84.0,0.0,11111111,1254.01,1120,22.0,3.09,336.6,1254.33,0.0,0.86, , 
,1254.64,928,84.0,0.0,11111111,1254.95,832,23.5,3.09,357.0,1255.25,0.0,1.33, , 
,1255.56,864,84.0,0.0,11111111,1255.86,896,25.1,3.09,377.4,1256.17,-0.4,1.45, , 
,1256.48,896,84.0,-0.8,11111111,1256.77,896,26.7,3.09,377.4,1257.08,-0.8,1.48, , 
,1257.38,864,84.0,-0.8,11111111,1257.67,896,25.1,3.09,377.4,1257.98,-0.8,1.48, , 
,1258.30,864,84.0,-0.4,11111111,1258.62,864,26.7,3.09,377.4,1258.92,-0.4,1.48, , 
,1259.21,896,84.0,-0.4,10111111,1259.52,896,26.7,3.09,377.4,1259.81,-0.4,1.52, , 
,1260.17,1152,84.0,0.4,10101011,1260.47,1504,28.2,4.12,377.4,1260.81,1.2,1.52, , 
,1261.12,1440,84.0,2.0,10101011,1261.53,1472,34.1,5.15,438.6,1261.85,1.2,1.48, , 
,1262.20,1536,84.0,0.4,10101011,1262.59,1568,34.1,5.15,438.6,1262.94,0.0,1.48, , 
,1263.28,1600,84.0,0.0,10101011,1263.65,1632,29.4,4.12,397.8,1263.99,-1.2,1.45, , 
,1264.34,1632,84.0,-1.2,10101011,1264.68,1632,22.0,3.09,316.2,1265.01,-3.1,1.41, , 
,1265.34,1600,84.0,-4.3,10101011,1265.72,1600,31.0,4.12,397.8,1266.08,-2.3,1.56, , 
,1266.45,1632,84.0,-2.0,10101011,1266.81,1664,32.5,4.12,418.2,1267.15,-1.6,1.52, , 
,1267.49,1664,84.0,-0.8,10101011,1267.84,1664,32.5,4.12,418.2,1268.23,-0.4,1.52, , 
,1268.61,1696,84.0,-0.4,10101011,1269.00,1728,34.1,4.12,418.2,1269.39,0.0,1.52, , 
,1269.75,1760,84.0,0.4,10101011,1270.12,1824,36.9,5.15,459.0,1270.50,0.8,1.52, , 
,1270.88,1888,84.0,0.8,10101011,1271.24,1952,38.4,5.15,479.4,1271.58,-0.4,1.45, , 
,1271.94,2048,84.0,-0.4,10101001,1272.28,2112,44.3,6.18,520.2,1272.64,0.4,1.52, , 
,1272.99,2208,84.0,0.4,10101001,1273.31,2272,47.1,6.18,550.8,1273.66,-0.8,1.45, , 
,1274.00,2400,84.0,-0.8,10101001,1274.36,2432,45.9,6.18,520.2,1274.71,-1.6,1.52, , 
,1275.06,2560,84.0,-1.6,11101001,1275.39,2624,41.2,6.18,499.8,1275.73,-1.6,1.52, , 
,1276.07,2336,84.0,0.0,11111101,1276.44,1824,0.0,0.00,295.8,1276.76,0.0,3.79, , 
,1277.07,1312,84.0,0.0,11101011,1277.43,1632,22.0,3.09,316.2,1277.78,0.0,0.94, , 
,1278.13,1728,84.0,0.0,11101011,1278.50,1728,25.1,3.09,336.6,1278.88,-2.3,1.41, , 
,1279.23,1728,84.0,-2.3,11101011,1279.57,1728,28.2,4.12,377.4,1279.93,-2.0,1.52, , 
,1280.29,1760,84.0,-2.3,11101011,1280.64,1760,29.4,4.12,377.4,1281.01,-2.3,1.52, , 
,1281.38,1760,84.0,-2.7,11101011,1281.72,1760,28.2,4.12,377.4,1282.10,-2.7,1.48, , 
,1282.45,1792,84.0,-3.1,11101011,1282.84,1792,31.0,4.12,397.8,1283.20,0.4,1.48, , 
,1283.58,1824,84.0,0.0,11101011,1283.95,1824,29.4,4.12,397.8,1284.31,-0.4,1.45, , 
,1284.68,1824,84.0,-2.3,11101011,1285.04,1792,20.8,2.06,295.8,1285.39,-1.6,1.45, , 
,1285.79,1792,84.0,-2.3,11101011,1286.17,1792,20.8,2.06,295.8,1286.51,-2.3,1.52, , 
,1286.84,1760,84.0,-2.3,10111111,1287.20,1760,22.0,3.09,316.2,1287.54,-5.1,1.45, , 
,1287.88,1728,84.0,-4.3,10111111,1288.22,1696,0.0,0.00,316.2,1288.56,0.0,3.55, , 
,1288.90,1664,84.0,0.0,10111111,1289.23,1632,0.0,0.00,316.2,1289.58,0.0,3.87, , 
,1289.93,1568,84.0,0.0,10111111,1290.26,1536,0.0,0.00,316.2,1290.53,0.0,3.91, , 
,1290.92,1504,84.0,0.0,10111111,1291.23,1472,0.0,0.00,316.2,1291.58,0.0,3.95, , 
,1291.90,1440,84.0,0.0,10111111,1292.24,1408,0.0,0.00,336.6,1292.57,0.0,3.87, , 
,1292.90,1376,84.0,0.0,10111111,1293.21,1248,0.0,0.00,336.6,1293.53,0.0,3.79, , 
,1293.83,1056,84.0,0.0,10111111,1294.13,1088,25.1,4.12,357.0,1294.45,0.0,1.17, , 
,1294.78,992,84.0,0.0,10111111,1295.10,896,23.5,3.09,357.0,1295.40,0.0,1.13, , 
,1295.71,864,84.0,0.0,10111111,1296.01,864,26.7,3.09,377.4,1296.31,0.0,1.52, , 
,1296.63,864,84.0,2.0,10101011,1296.94,1088,34.1,5.15,438.6,1297.25,4.7,1.60, , 
,1297.58,1248,84.0,6.3,10101011,1297.89,1216,34.1,5.15,438.6,1298.21,8.2,1.52, , 
,1298.56,1312,84.0,7.4,10101011,1298.92,1344,44.3,6.18,550.8,1299.26,10.2,1.56, , 
,1299.60,1408,84.0,10.5,10101011,1300.00,1440,35.3,5.15,459.0,1300.29,11.3,1.48, , 
,1300.73,1472,84.0,10.2,10101011,1301.11,1504,32.5,5.15,418.2,1301.45,5.1,1.37, , 
,1301.81,1568,84.0,4.3,10101011,1302.18,1600,38.4,5.15,479.4,1302.54,6.3,1.52, , 
,1302.92,1728,84.0,6.6,10101011,1303.29,1824,48.6,7.21,591.6,1303.65,2.3,1.45, , 
,1303.99,1984,84.0,2.7,10101001,1304.32,2112,67.8,10.30,754.8,1304.65,1.6,1.41, , 
,1304.97,2304,84.0,1.6,10101001,1305.32,2432,48.6,5.15,591.6,1305.67,0.0,3.20, , 
,1305.97,1440,84.0,0.0,10111111,1306.31,1280,25.1,4.12,357.0,1306.65,0.0,1.80, , 
,1307.00,1696,84.0,0.0,10101011,1307.35,1632,35.3,5.15,438.6,1307.70,-0.8,1.45, , 
,1308.07,1696,84.0,-0.4,10101011,1308.44,1728,41.2,6.18,499.8,1308.79,2.3,1.56, , 
,1309.13,1792,84.0,2.0,10101011,1309.49,1792,40.0,5.15,479.4,1309.89,1.6,1.48, , 
,1310.27,1856,84.0,0.8,10101011,1310.64,1856,29.4,4.12,397.8,1311.04,-2.0,1.41, , 
,1311.41,1888,84.0,-3.5,10101011,1311.77,1888,26.7,3.09,357.0,1312.14,-6.3,1.41, , 
,1312.52,1888,84.0,-7.4,10101011,1312.91,1888,26.7,3.09,357.0,1313.28,-8.2,1.52, , 
,1313.64,1920,84.0,-8.2,10101011,1314.00,1920,26.7,3.09,357.0,1314.35,-9.4,1.52, , 
,1314.73,1920,84.0,-9.4,10101011,1315.09,1920,25.1,3.09,336.6,1315.44,-9.0,1.52, , 
,1315.80,1920,84.0,-9.4,10101011,1316.16,1920,25.1,3.09,357.0,1316.53,-5.1,1.52, , 
,1316.90,1920,84.0,-4.7,10101011,1317.27,1920,25.1,3.09,357.0,1317.64,-3.1,1.52, , 
,1318.01,1920,84.0,-3.1,10101011,1318.36,1920,25.1,3.09,336.6,1318.72,-3.9,1.45, , 
,1319.08,1952,84.0,-4.7,10101011,1319.44,1952,23.5,3.09,336.6,1319.81,-4.3,1.48, , 
,1320.17,1952,84.0,-4.7,10101011,1320.54,1952,25.1,3.09,357.0,1320.91,-3.5,1.56, , 
,1321.28,1920,84.0,-2.3,10101011,1321.64,1952,41.2,5.15,479.4,1322.00,0.0,1.48, , 
,1322.36,1984,84.0,0.0,10101001,1322.71,2016,54.5,7.21,632.4,1323.06,3.1,1.60, , 
,1323.40,2080,84.0,3.9,10101001,1323.73,2112,44.3,6.18,520.2,1324.09,5.1,1.52, , 
,1324.42,2144,84.0,3.5,10101001,1324.75,2144,32.5,4.12,397.8,1325.10,2.3,1.45, , 
,1325.44,2144,84.0,2.0,10101001,1325.77,2176,32.5,4.12,397.8,1326.11,0.4,1.45, , 
,1326.44,2176,84.0,0.4,10101001,1326.78,2176,31.0,4.12,397.8,1327.12,-0.4,1.48, , 
,1327.46,2208,84.0,-0.4,10101001,1327.79,2208,31.0,4.12,377.4,1328.10,-0.4,1.52, , 
,1328.45,2208,84.0,-0.4,10101001,1328.81,2208,28.2,4.12,377.4,1329.16,-0.4,1.48, , 
,1329.50,2208,84.0,-0.8,10101001,1329.87,2208,28.2,4.12,357.0,1330.21,-0.8,1.52, , 
,1330.54,2240,84.0,-1.2,10101001,1330.88,2208,26.7,3.09,357.0,1331.21,-1.6,1.48, , 
,1331.54,2208,84.0,-1.6,10101001,1331.87,2208,26.7,3.09,357.0,1332.18,-1.6,1.48, , 
,1332.52,2240,84.0,-0.8,10101001,1332.86,2240,26.7,3.09,357.0,1333.20,-0.8,1.48, , 
,1333.54,2240,84.0,-0.8,10101001,1333.87,2208,26.7,3.09,357.0,1334.21,-1.6,1.48, , 
,1334.55,2240,84.0,-2.0,10101001,1334.89,2240,26.7,3.09,357.0,1335.24,-2.0,1.52, , 
,1335.59,2240,84.0,-1.6,10101001,1335.95,2240,26.7,3.09,357.0,1336.29,-1.2,1.48, , 
,1336.62,2208,84.0,-1.6,10101001,1336.95,2240,26.7,3.09,357.0,1337.31,-1.2,1.48, , 
,1337.66,2240,84.0,-1.2,10101001,1338.01,2240,26.7,3.09,357.0,1338.33,-1.2,1.48, , 
,1338.67,2240,84.0,-0.8,10101001,1339.01,2240,26.7,3.09,357.0,1339.33,-0.8,1.48, , 
,1339.67,2240,84.0,-0.8,10101001,1340.03,2240,26.7,3.09,357.0,1340.36,-1.2,1.52, , 
,1340.70,2240,84.0,-1.2,10101001,1341.05,2240,26.7,3.09,357.0,1341.39,-0.8,1.45, , 
,1341.74,2240,84.0,-0.8,10101001,1342.07,2240,26.7,3.09,357.0,1342.41,-0.4,1.52, , 
,1342.75,2240,84.0,0.0,10101001,1343.09,2240,28.2,4.12,357.0,1343.44,1.6,1.48, , 
,1343.79,2240,84.0,3.5,10101001,1344.11,2272,35.3,5.15,438.6,1344.45,2.7,1.45, , 
,1344.79,2272,84.0,2.7,10101001,1345.14,2304,34.1,4.12,418.2,1345.48,2.3,1.48, , 
,1345.84,2304,84.0,2.7,10101001,1346.20,2304,32.5,4.12,397.8,1346.53,2.3,1.45, , 
,1346.87,2336,84.0,2.0,10101001,1347.19,2336,29.4,4.12,377.4,1347.54,0.8,1.48, , 
,1347.87,2336,84.0,0.4,10101001,1348.20,2336,28.2,4.12,357.0,1348.53,-0.4,1.48, , 
,1348.88,2336,84.0,-1.2,10111101,1349.21,2304,17.6,2.06,244.8,1349.52,-3.5,1.41, , 
,1349.86,2304,84.0,0.0,10111101,1350.19,2272,0.0,0.00,244.8,1350.54,0.0,3.75, , 
,1350.86,2208,84.0,0.0,10111101,1351.19,2176,0.0,0.00,244.8,1351.54,0.0,3.87, , 
,1351.87,2112,84.0,0.0,10111101,1352.21,2048,0.0,0.00,244.8,1352.56,0.0,3.91, , 
,1352.92,1856,84.0,0.0,10111111,1353.28,1760,0.0,0.00,295.8,1353.62,0.0,3.91, , 
,1353.96,1664,84.0,0.0,10111111,1354.28,1632,0.0,0.00,316.2,1354.63,0.0,3.91, , 
,1354.97,1568,84.0,0.0,10111111,1355.30,1536,0.0,0.00,316.2,1355.58,0.0,3.91, , 
,1355.85,1472,84.0,0.0,10111111,1356.17,1440,0.0,0.00,336.6,1356.51,0.0,3.91, , 
,1356.83,1376,84.0,0.0,10111111,1357.18,1376,0.0,0.00,336.6,1357.50,0.0,3.91, , 
,1357.81,1184,84.0,0.0,10111111,1358.12,1024,25.1,4.12,377.4,1358.42,0.0,2.27, , 
,1358.73,1056,84.0,0.0,10111111,1359.01,1024,22.0,3.09,336.6,1359.31,0.0,0.98, , 
,1359.63,896,84.0,0.0,10111111,1359.96,864,25.1,3.09,377.4,1360.28,0.0,1.37, , 
,1360.65,1408,84.0,0.0,10101011,1361.00,1440,23.5,3.09,336.6,1361.39,3.5,1.64, , 
,1361.75,1440,84.0,3.9,10101011,1362.07,1440,35.3,5.15,459.0,1362.48,3.9,1.52, , 
,1362.88,1504,84.0,4.7,10101011,1363.29,1504,34.1,5.15,438.6,1363.63,4.3,1.48, , 
,1363.98,1568,84.0,4.7,10101011,1364.32,1600,36.9,5.15,459.0,1364.69,5.5,1.48, , 
,1365.06,1632,84.0,5.9,10101011,1365.43,1664,31.0,4.12,397.8,1365.78,0.4,1.41, , 
,1366.12,1632,84.0,-0.8,10101011,1366.46,1600,20.8,3.09,316.2,1366.83,-3.1,1.37, , 
,1367.18,1600,84.0,-2.7,10101011,1367.54,1600,29.4,4.12,377.4,1367.90,-2.0,1.52, , 
,1368.29,1664,84.0,-1.2,10101011,1368.64,1728,45.9,7.21,550.8,1369.00,-0.8,1.52, , 
,1369.38,1856,84.0,0.0,10101011,1369.73,1920,45.9,6.18,550.8,1370.08,0.8,1.48, , 
,1370.44,2048,84.0,0.4,10101001,1370.78,2112,42.7,6.18,520.2,1371.12,0.0,1.48, , 
,1371.45,2176,84.0,-0.4,10101001,1371.80,2240,40.0,5.15,479.4,1372.13,-0.4,1.48, , 
,1372.48,2304,84.0,-0.4,10101001,1372.83,2336,32.5,4.12,418.2,1373.16,-2.3,1.45, , 
,1373.52,2368,84.0,-1.6,10101001,1373.88,2400,40.0,5.15,479.4,1374.24,1.2,1.52, , 
,1374.56,2464,84.0,1.6,10101001,1374.91,2528,40.0,6.18,479.4,1375.26,2.3,1.48, , 
,1375.59,2624,84.0,2.0,10101001,1375.91,2656,41.2,6.18,479.4,1376.24,-0.8,1.48, , 
,1376.57,2720,84.0,-0.8,10101001,1376.90,2720,0.0,0.00,377.4,1377.25,0.0,3.44, , 
,1377.64,1696,84.0,0.0,10111111,1377.97,1152,22.0,4.12,336.6,1378.29,0.0,3.36, , 
,1378.64,1056,84.0,0.0,10111111,1378.98,960,22.0,3.09,336.6,1379.27,0.0,0.86, , 
,1379.58,928,84.0,0.0,10111111,1379.89,896,23.5,3.09,357.0,1380.20,0.0,1.13, , 
,1380.50,896,84.0,0.0,10111111,1380.80,864,25.1,3.09,377.4,1381.11,-0.4,1.41, , 
,1381.39,896,84.0,-0.4,10111111,1381.69,864,25.1,3.09,377.4,1381.99,-0.4,1.48, , 
,1382.29,896,84.0,-0.4,10111111,1382.58,896,25.1,3.09,377.4,1382.86,-1.2,1.48, , 
,1383.15,864,84.0,-1.2,10111111,1383.47,896,25.1,3.09,377.4,1383.78,-1.6,1.48, , 
,1384.09,864,84.0,-2.0,10111111,1384.38,896,25.1,3.09,377.4,1384.67,-2.0,1.48, , 
,1384.97,896,84.0,-2.0,10111111,1385.27,896,25.1,3.09,377.4,1385.57,-2.3,1.48, , 
,1385.88,864,84.0,-2.7,10111111,1386.15,896,25.1,3.09,377.4,1386.48,-2.7,1.52, , 
,1386.77,864,84.0,-2.7,10111111,1387.06,896,26.7,3.09,377.4,1387.36,-2.7,1.52, , 
,1387.66,896,84.0,-2.7,10111111,1387.96,896,26.7,3.09,377.4,1388.25,-2.3,1.52, , 
,1388.56,864,84.0,-2.3,10111111,1388.87,896,26.7,3.09,377.4,1389.14,-2.0,1.52, , 
,1389.47,864,84.0,-2.0,10111111,1389.79,896,26.7,3.09,377.4,1390.09,-2.0,1.52, , 
,1390.38,896,84.0,-2.0,10111111,1390.68,864,26.7,3.09,377.4,1390.96,-2.3,1.48, , 
,1391.28,896,84.0,-2.3,10111111,1391.62,864,26.7,3.09,377.4,1391.92,-2.3,1.52, , 
,1392.23,768,84.0,-2.3,10111111,1392.52,768,28.2,3.09,397.8,1392.83,-3.1,1.45, , 
,1393.13,768,84.0,-3.5,10111111,1393.44,768,26.7,3.09,397.8,1393.74,-3.5,1.52, , 
,1394.04,768,84.0,-3.1,10111111,1394.34,768,28.2,3.09,418.2,1394.65,-3.1,1.52, , 
,1394.94,800,84.0,-2.7,10111111,1395.24,768,28.2,3.09,397.8,1395.54,-3.1,1.48, , 
,1395.84,800,84.0,-3.1,10111111,1396.13,768,28.2,3.09,418.2,1396.44,-2.7,1.52, , 
,1396.73,768,84.0,-2.7,10111111,1397.04,768,28.2,3.09,418.2,1397.35,-2.3,1.52, , 
,1397.64,768,85.5,-2.3,10111111,1397.94,768,28.2,3.09,418.2,1398.23,-2.3,1.52, , 
,1398.52,800,85.5,-2.3,10111111,1398.82,800,28.2,3.09,418.2,1399.13,-2.3,1.52, , 
,1399.42,768,85.5,-2.3,10111111,1399.72,768,28.2,3.09,418.2,1400.02,-2.0,1.52, , 
,1400.31,800,85.5,-2.0,10111111,1400.60,800,28.2,4.12,418.2,1400.89,-2.0,1.48, , 
,1401.21,768,85.5,-2.0,10111111,1401.47,768,28.2,4.12,418.2,1401.74,-2.3,1.48, , 
,1402.04,768,85.5,-2.3,10111111,1402.33,768,31.0,4.12,438.6,1402.64,-2.0,1.52, , 
,1402.93,800,85.5,-2.0,10111111,1403.22,800,28.2,4.12,418.2,1403.50,-2.7,1.48, , 
,1403.81,800,85.5,-2.7,10111111,1404.11,768,28.2,3.09,418.2,1404.39,-2.3,1.52, , 
,1404.70,736,85.5,-2.3,10111111,1405.01,800,29.4,4.12,438.6,1405.30,-1.6,1.52, , 
,1405.61,1056,85.5,0.0,10101011,1405.93,1312,51.8,7.21,632.4,1406.24,0.0,1.37, , 
,1406.52,864,85.5,0.0,10101011,1406.83,1056,62.0,9.27,734.4,1407.20,0.0,1.41, , 
,1407.52,1632,85.5,0.0,10101011,1407.89,1952,71.0,10.30,826.2,1408.18,0.0,2.66, , 
,1408.49,1248,85.5,0.0,10111111,1408.80,1088,29.4,5.15,397.8,1409.11,0.0,1.91, , 
,1409.43,1216,85.5,0.0,10101011,1409.74,1280,41.2,6.18,520.2,1410.08,-1.2,1.41, , 
,1410.41,1344,85.5,0.0,10101011,1410.80,1440,60.4,9.27,714.0,1411.15,0.0,1.41, , 
,1411.50,1568,85.5,-2.3,10101011,1411.84,1632,56.1,8.24,652.8,1412.21,-2.3,1.52, , 
,1412.60,1856,85.5,-2.0,10101011,1412.96,1920,60.4,9.27,693.6,1413.29,0.0,1.45, , 
,1413.65,2144,85.5,-0.4,10101001,1414.00,2272,69.4,10.30,775.2,1414.34,-2.3,1.45, , 
,1414.69,2528,85.5,-2.7,10101001,1415.02,2624,65.1,9.27,714.0,1415.33,0.0,1.48, , 
,1415.67,2272,85.5,0.0,10111101,1416.04,1760,0.0,0.00,295.8,1416.41,0.0,3.24, , 
,1416.80,1792,85.5,0.0,10101011,1417.18,1792,28.2,4.12,377.4,1417.49,-3.9,1.25, , 
,1417.85,1824,85.5,0.0,10101011,1418.24,1856,57.6,9.27,673.2,1418.59,-1.2,1.41, , 
,1418.95,1920,85.5,-1.6,10101011,1419.32,1984,48.6,7.21,591.6,1419.65,-0.4,1.52, , 
,1420.01,1984,85.5,-2.7,10101001,1420.37,1984,31.0,4.12,397.8,1420.73,-6.6,1.37, , 
,1421.08,2048,84.0,-5.1,10101001,1421.43,2048,51.8,7.21,612.0,1421.77,-3.5,1.56, , 
,1422.11,2112,84.0,-2.0,11101001,1422.43,2144,51.8,7.21,612.0,1422.77,-1.2,1.48, , 
,1423.12,2208,84.0,0.0,11101001,1423.44,2208,40.0,6.18,479.4,1423.80,-1.6,1.45, , 
,1424.14,2272,84.0,-2.3,11101001,1424.47,2272,36.9,5.15,459.0,1424.81,-5.1,1.41, , 
,1425.16,2272,84.0,-6.3,11111101,1425.50,2304,16.1,2.06,244.8,1425.84,-5.5,1.52, , 
,1426.15,2240,84.0,0.0,11111101,1426.48,2240,16.1,3.09,244.8,1426.84,0.0,1.17, , 
,1427.17,2176,85.5,0.0,11101001,1427.50,2240,22.0,3.09,316.2,1427.84,-3.5,1.29, , 
,1428.17,2208,85.5,-3.1,11101001,1428.51,2208,38.4,5.15,459.0,1428.86,-2.7,1.45, , 
,1429.20,2240,85.5,-3.5,11101001,1429.53,2240,38.4,5.15,459.0,1429.86,-3.5,1.56, , 
,1430.20,2272,85.5,-3.5,11101001,1430.54,2304,42.7,6.18,499.8,1430.87,-2.0,1.56, , 
,1431.20,2336,85.5,-2.0,11101001,1431.51,2368,51.8,7.21,591.6,1431.86,-0.8,1.52, , 
,1432.19,2400,85.5,-0.4,11101001,1432.50,2400,26.7,3.09,357.0,1432.85,0.0,1.33, , 
,1433.17,2400,85.5,-5.5,11101001,1433.51,2368,23.5,3.09,316.2,1433.84,-7.4,1.45, , 
,1434.20,2368,85.5,-8.2,11101001,1434.55,2368,23.5,3.09,336.6,1434.88,-9.8,1.48, , 
,1435.22,2336,85.5,-10.9,11101001,1435.55,2336,25.1,3.09,336.6,1435.90,-10.9,1.48, , 
,1436.23,2336,85.5,-11.3,11101001,1436.55,2304,0.0,0.00,316.2,1436.89,0.0,3.09, , 
,1437.22,1408,85.5,0.0,11111111,1437.54,1024,25.1,4.12,357.0,1437.83,0.0,2.66, , 
,1438.15,1184,85.5,0.0,11111111,1438.45,1152,22.0,3.09,336.6,1438.75,0.0,0.78, , 
,1439.10,1024,85.5,0.0,11111111,1439.39,928,22.0,3.09,336.6,1439.70,0.0,1.25, , 
,1440.00,896,85.5,0.0,11111111,1440.31,896,23.5,3.09,357.0,1440.63,0.0,1.48, , 
,1440.95,896,85.5,0.0,11111111,1441.26,896,25.1,3.09,377.4,1441.55,0.4,1.52, , 
,1441.84,896,85.5,0.8,11111111,1442.16,896,23.5,3.09,357.0,1442.45,0.8,1.48, , 
,1442.74,864,85.5,0.8,11111111,1443.02,864,23.5,3.09,377.4,1443.34,0.4,1.41, , 
,1443.64,864,85.5,0.0,11111111,1443.95,864,25.1,3.09,377.4,1444.23,-0.8,1.41, , 
,1444.53,864,85.5,-1.2,11111111,1444.84,864,25.1,3.09,377.4,1445.14,-1.6,1.48, , 
,1445.45,864,85.5,-1.2,11111111,1445.77,864,25.1,3.09,377.4,1446.09,-1.2,1.48, , 
,1446.42,864,85.5,-1.2,10111111,1446.72,896,25.1,3.09,377.4,1447.01,-0.8,1.48, , 
,1447.32,864,85.5,-0.4,10111111,1447.62,896,25.1,3.09,377.4,1447.93,0.0,1.48, , 
,1448.24,896,85.5,0.0,10111111,1448.56,896,25.1,3.09,377.4,1448.89,-0.4,1.45, , 
,1449.20,896,87.0,-0.8,10111111,1449.47,896,26.7,3.09,377.4,1449.79,-1.2,1.45, , 
,1450.07,1376,85.5,-2.7,10101011,1450.42,1472,23.5,3.09,336.6,1450.69,-1.6,1.52, , 
,1451.05,1472,85.5,-2.0,10101011,1451.32,1472,34.1,4.12,438.6,1451.62,-2.3,1.52, , 
,1451.89,1504,85.5,-2.3,10101011,1452.22,1536,45.9,6.18,571.2,1452.57,-2.0,1.52, , 
,1452.92,1600,87.0,-2.0,10101011,1453.28,1632,53.3,8.24,632.4,1453.62,-1.2,1.48, , 
,1453.97,1696,85.5,-1.6,10101011,1454.37,1728,50.2,7.21,591.6,1454.72,-2.3,1.45, , 
,1455.07,1760,87.0,-2.0,10101011,1455.36,1568,0.0,0.00,397.8,1455.66,0.0,3.20, , 
,1456.01,1152,85.5,0.0,10111111,1456.30,1184,23.5,4.12,336.6,1456.63,0.0,1.17, , 
,1456.91,1024,85.5,0.0,10111111,1457.21,896,20.8,3.09,336.6,1457.51,0.0,1.17, , 
,1457.79,864,85.5,0.0,10111111,1458.09,864,25.1,3.09,377.4,1458.38,0.0,1.29, , 
,1458.71,896,85.5,0.0,10111111,1459.01,864,25.1,3.09,377.4,1459.32,-1.2,1.45, , 
,1459.62,864,85.5,-1.2,10111111,1459.92,864,26.7,3.09,377.4,1460.22,-0.8,1.48, , 
,1460.53,864,85.5,-0.8,10111111,1460.84,864,25.1,3.09,377.4,1461.14,-1.2,1.48, , 
,1461.45,864,85.5,-1.2,10111111,1461.75,864,26.7,3.09,377.4,1462.05,-1.6,1.45, , 
,1462.37,864,85.5,-1.6,10111111,1462.65,896,26.7,3.09,377.4,1462.95,-1.6,1.48, , 
,1463.27,864,85.5,-1.2,10111111,1463.54,896,26.7,3.09,397.8,1463.84,-1.2,1.48, , 
,1464.12,864,85.5,-1.2,10111111,1464.41,864,26.7,3.09,397.8,1464.70,-1.2,1.45, , 
,1465.01,864,85.5,-1.6,10111111,1465.31,896,26.7,3.09,397.8,1465.64,-1.6,1.48, , 
,1465.96,896,85.5,-1.6,10111111,1466.28,864,26.7,3.09,397.8,1466.61,-2.0,1.45, , 
,1466.92,864,85.5,-2.3,10111111,1467.21,800,25.1,3.09,377.4,1467.50,-2.7,1.45, , 
,1467.82,768,85.5,-2.7,10111111,1468.12,768,26.7,3.09,397.8,1468.43,-2.7,1.52, , 
,1468.72,768,85.5,-2.7,10111111,1469.02,768,28.2,3.09,418.2,1469.32,-2.0,1.56, , 
,1469.62,800,85.5,-1.2,10111111,1469.91,800,26.7,3.09,397.8,1470.22,-0.4,1.52, , 
,1470.51,768,85.5,-0.4,10111111,1470.81,768,26.7,4.12,397.8,1471.10,0.0,1.52, , 
,1471.42,768,85.5,0.4,10111111,1471.70,800,26.7,4.12,397.8,1472.02,0.4,1.48, , 
,1472.28,768,85.5,0.4,10111111,1472.61,768,26.7,4.12,397.8,1472.90,0.8,1.48, , 
,1473.20,768,85.5,0.8,10111111,1473.50,768,26.7,3.09,397.8,1473.79,0.4,1.48, , 
,1474.08,768,85.5,0.4,10111111,1474.37,768,26.7,3.09,397.8,1474.68,0.4,1.48, , 
,1474.97,800,85.5,0.4,10111111,1475.26,800,26.7,3.09,397.8,1475.55,0.4,1.48, , 
,1475.85,800,85.5,0.4,10111111,1476.16,800,26.7,3.09,397.8,1476.46,0.4,1.48, , 
,1476.75,800,85.5,0.4,10111111,1477.06,800,26.7,3.09,397.8,1477.35,0.0,1.48, , 
,1477.65,800,85.5,0.4,10111111,1477.95,800,26.7,4.12,397.8,1478.23,0.4,1.48, , 
,1478.54,800,85.5,0.4,10111111,1478.84,800,26.7,4.12,397.8,1479.14,0.4,1.48, , 
,1479.45,800,85.5,0.4,10111111,1479.73,768,26.7,3.09,397.8,1480.04,0.4,1.48, , 
,1480.34,768,85.5,0.4,10111111,1480.66,768,26.7,3.09,397.8,1480.95,0.8,1.48, , 
,1481.24,800,85.5,0.8,10111111,1481.54,800,26.7,3.09,397.8,1481.84,0.4,1.45, , 
,1482.14,800,85.5,0.4,10111111,1482.44,800,26.7,3.09,397.8,1482.75,0.4,1.48, , 
,1483.04,800,85.5,0.4,10111111,1483.35,800,26.7,3.09,397.8,1483.64,0.4,1.48, , 
,1483.93,800,85.5,0.4,10111111,1484.24,800,26.7,3.09,397.8,1484.54,0.4,1.48, , 
,1484.84,800,85.5,0.4,10111111,1485.14,768,26.7,4.12,397.8,1485.46,0.4,1.48, , 
,1485.75,768,85.5,0.4,10111111,1486.05,800,26.7,3.09,397.8,1486.36,0.4,1.48, , 
,1486.67,768,85.5,0.4,10111111,1486.99,768,26.7,4.12,397.8,1487.30,0.4,1.48, , 
,1487.59,768,85.5,0.0,10111111,1487.91,800,26.7,3.09,397.8,1488.22,0.0,1.48, , 
,1488.52,768,85.5,0.0,10111111,1488.84,768,28.2,4.12,418.2,1489.12,0.0,1.48, , 
,1489.42,800,85.5,0.0,10111111,1489.72,768,26.7,3.09,397.8,1490.01,0.0,1.48, , 
,1490.31,768,85.5,0.0,10111111,1490.60,800,26.7,3.09,397.8,1490.92,0.4,1.48, , 
,1491.20,768,87.0,0.4,10111111,1491.52,768,28.2,4.12,418.2,1491.81,0.0,1.45, , 
,1492.10,800,85.5,0.0,10111111,1492.42,768,26.7,3.09,397.8,1492.70,-0.4,1.48, , 
,1493.01,800,85.5,-0.4,10111111,1493.31,768,26.7,3.09,397.8,1493.60,0.0,1.48, , 
,1493.92,768,85.5,0.0,10111111,1494.22,768,26.7,4.12,397.8,1494.52,0.0,1.48, , 
,1494.80,768,85.5,0.0,10111111,1495.09,768,28.2,4.12,397.8,1495.40,0.0,1.52, , 
,1495.68,800,85.5,0.0,10111111,1495.97,800,28.2,4.12,397.8,1496.28,0.0,1.48, , 
,1496.57,800,85.5,0.0,10111111,1496.86,768,26.7,3.09,397.8,1497.15,0.0,1.48, , 
,1497.45,800,85.5,0.0,10111111,1497.74,800,26.7,3.09,397.8,1498.05,0.0,1.48, , 
,1498.34,800,85.5,0.0,10111111,1498.66,800,28.2,4.12,418.2,1498.95,0.0,1.48, , 
,1499.25,800,85.5,0.0,10111111,1499.55,800,26.7,4.12,397.8,1499.84,0.0,1.45, , 
,1500.12,800,85.5,0.0,10111111,1500.45,800,28.2,4.12,418.2,1500.73,0.0,1.48, , 
,1501.04,768,85.5,0.0,10111111,1501.33,800,28.2,4.12,418.2,1501.64,0.0,1.48, , 
,1501.93,800,85.5,0.0,10111111,1502.22,768,28.2,3.09,418.2,1502.52,0.0,1.48, , 
,1502.85,800,85.5,0.4,10111111,1503.14,800,28.2,4.12,418.2,1503.44,0.4,1.48, , 
,1503.75,800,85.5,0.4,10111111,1504.04,800,28.2,4.12,418.2,1504.33,0.4,1.45, , 
,1504.64,800,85.5,0.4,10111111,1504.95,800,26.7,3.09,397.8,1505.24,0.0,1.45, , 
,1505.55,800,85.5,-0.4,10111111,1505.84,768,26.7,4.12,397.8,1506.14,0.0,1.48, , 
,1506.44,800,85.5,0.0,10111111,1506.73,800,26.7,4.12,397.8,1507.02,0.0,1.48, , 
,1507.34,768,85.5,0.0,10111111,1507.65,800,28.2,4.12,418.2,1507.96,0.4,1.52, , 
,1508.26,800,85.5,0.4,10101011,1508.55,832,31.0,4.12,438.6,1508.88,1.2,1.52, , 
,1509.22,864,85.5,3.1,10101011,1509.53,832,40.0,5.15,520.2,1509.80,4.7,1.60, , 
,1510.09,736,85.5,4.7,10101011,1510.40,832,41.2,5.15,550.8,1510.72,1.6,1.33, , 
,1511.03,1024,85.5,-1.6,10101011,1511.32,1056,26.7,3.09,377.4,1511.63,-3.1,1.37, , 
,1511.97,1216,87.0,-1.6,10101011,1512.28,1312,45.9,7.21,550.8,1512.66,0.0,1.33, , 
,1512.99,1664,87.0,0.0,10111111,1513.30,1344,0.0,0.00,377.4,1513.61,0.0,3.20, , 
,1513.94,1088,85.5,0.0,10101011,1514.26,1088,29.4,4.12,418.2,1514.58,0.0,1.21, , 
,1514.88,1120,87.0,0.0,10101011,1515.22,1152,31.0,4.12,418.2,1515.54,-0.4,1.45, , 
,1515.88,1280,87.0,0.8,10101011,1516.21,1280,31.0,4.12,418.2,1516.55,0.0,1.52, , 
,1516.86,1344,87.0,0.4,10101011,1517.18,1376,32.5,4.12,418.2,1517.51,-1.6,1.45, , 
,1517.85,1408,87.0,-1.6,10101011,1518.22,1440,29.4,4.12,397.8,1518.61,-2.3,1.45, , 
,1519.00,1440,87.0,-3.5,10101011,1519.37,1440,23.5,3.09,336.6,1519.71,-5.5,1.41, , 
,1520.04,1440,87.0,-6.3,10111111,1520.37,1408,23.5,3.09,336.6,1520.70,-7.0,1.48, , 
,1521.01,1312,87.0,-6.3,10111111,1521.35,1152,23.5,3.09,336.6,1521.64,-5.5,1.60, , 
,1521.94,864,87.0,-4.7,10111111,1522.24,864,26.7,3.09,397.8,1522.56,-3.1,1.56, , 
,1522.86,896,87.0,-2.7,10111111,1523.18,896,28.2,4.12,418.2,1523.48,-2.0,1.52, , 
,1523.79,896,87.0,-1.6,10111111,1524.11,896,28.2,4.12,418.2,1524.42,-0.8,1.52, , 
,1524.74,896,87.0,-0.4,10111111,1525.08,896,28.2,4.12,418.2,1525.38,0.0,1.52, , 
,1525.68,896,87.0,0.0,10111111,1525.97,864,26.7,3.09,397.8,1526.27,0.4,1.52, , 
,1526.55,768,87.0,0.4,10111111,1526.85,800,29.4,4.12,418.2,1527.15,1.6,1.52, , 
,1527.47,896,87.0,2.0,10101011,1527.77,832,41.2,6.18,550.8,1528.06,0.0,1.56, , 
,1528.37,864,87.0,0.0,10101011,1528.69,928,51.8,7.21,652.8,1528.98,-2.7,1.37, , 
,1529.27,800,87.0,-1.6,10101011,1529.58,736,62.0,9.27,754.8,1529.86,-0.4,1.52, , 
,1530.14,640,87.0,0.0,10101011,1530.41,704,71.0,10.30,867.0,1530.70,0.0,1.41, , 
,1531.00,832,87.0,0.0,10101011,1531.30,864,44.3,6.18,591.6,1531.61,0.0,1.56, , 
,1531.97,992,87.0,1.2,10101011,1532.28,992,47.1,6.18,591.6,1532.63,1.2,1.48, , 
,1532.95,1120,87.0,0.0,10101011,1533.28,1216,44.3,6.18,571.2,1533.60,0.0,1.48, , 
,1533.93,1248,87.0,0.0,10101011,1534.25,1248,26.7,3.09,357.0,1534.57,-0.8,1.45, , 
,1534.88,1248,87.0,-2.3,10101011,1535.23,1216,22.0,3.09,336.6,1535.54,-3.9,1.41, , 
,1535.85,1216,87.0,-5.5,10111111,1536.16,1184,23.5,3.09,336.6,1536.48,-5.5,1.48, , 
,1536.82,1152,87.0,-4.7,10111111,1537.12,1056,25.1,3.09,357.0,1537.46,-2.0,1.60, , 
,1537.76,928,87.0,-2.7,10111111,1538.08,928,26.7,3.09,397.8,1538.38,-2.0,1.52, , 
,1538.71,864,87.0,-2.0,10111111,1539.02,864,28.2,3.09,397.8,1539.31,-1.6,1.52, , 
,1539.62,832,87.0,-1.2,10101011,1539.94,832,34.1,4.12,479.4,1540.25,1.6,1.60, , 
,1540.56,896,87.0,0.4,10111111,1540.85,896,28.2,3.09,397.8,1541.15,-1.2,1.37, , 
,1541.46,864,87.0,-2.0,10111111,1541.78,864,28.2,3.09,397.8,1542.10,-2.3,1.48, , 
,1542.41,864,87.0,-2.7,10111111,1542.69,864,28.2,3.09,397.8,1542.98,-3.1,1.48, , 
,1543.27,864,87.0,-3.5,10101011,1543.60,928,29.4,4.12,418.2,1543.94,-2.3,1.52, , 
,1544.24,928,87.0,-0.8,10101011,1544.53,992,34.1,4.12,459.0,1544.86,-0.4,1.52, , 
,1545.16,1088,87.0,-2.0,10101011,1545.49,1120,29.4,4.12,418.2,1545.81,-2.0,1.48, , 
,1546.09,1248,87.0,-3.1,10111111,1546.39,1184,23.5,3.09,336.6,1546.66,-1.6,1.52, , 
,1546.97,928,87.0,-2.3,10111111,1547.27,864,26.7,3.09,377.4,1547.56,-3.1,1.41, , 
,1547.86,864,87.0,-3.5,10111111,1548.17,864,28.2,3.09,397.8,1548.47,-3.9,1.48, , 
,1548.77,864,87.0,-3.9,10111111,1549.07,864,26.7,3.09,397.8,1549.38,-3.5,1.52, , 
,1549.68,768,87.0,-3.5,10111111,1549.97,800,28.2,3.09,418.2,1550.31,0.0,1.56, , 
,1550.66,1440,87.0,0.0,10101011,1550.97,1504,42.7,6.18,520.2,1551.31,-1.2,1.45, , 
,1551.64,1376,88.5,0.8,10101011,1551.98,1248,41.2,6.18,520.2,1552.32,0.0,1.52, , 
,1552.62,1440,88.5,0.0,10111111,1552.95,1536,23.5,3.09,336.6,1553.27,0.0,1.64, , 
,1553.54,960,88.5,0.0,10111111,1553.88,992,28.2,4.12,397.8,1554.19,0.0,1.68, , 
,1554.50,1024,88.5,0.0,10111111,1554.79,960,22.0,3.09,336.6,1555.10,0.0,1.33, , 
,1555.44,864,88.5,0.0,10111111,1555.73,896,26.7,3.09,377.4,1556.05,-0.4,1.41, , 
,1556.33,864,88.5,-1.2,10111111,1556.61,832,29.4,4.12,418.2,1556.94,0.0,1.52, , 
,1557.24,1088,88.5,0.0,10101011,1557.55,1120,38.4,5.15,499.8,1557.88,-0.8,1.48, , 
,1558.22,1312,88.5,0.0,10101011,1558.48,1440,44.3,6.18,550.8,1558.83,0.0,1.52, , 
,1559.14,1280,88.5,0.0,10111111,1559.46,1024,26.7,4.12,377.4,1559.78,0.0,2.07, , 
,1560.09,1088,88.5,0.0,10111111,1560.37,1056,22.0,3.09,336.6,1560.67,0.0,1.02, , 
,1560.99,864,88.5,0.0,10111111,1561.28,832,25.1,3.09,377.4,1561.59,0.0,1.29, , 
,1561.90,864,88.5,0.0,10111111,1562.20,864,26.7,3.09,397.8,1562.51,-2.3,1.37, , 
,1562.81,864,88.5,-2.7,10111111,1563.11,864,26.7,3.09,397.8,1563.40,-2.7,1.48, , 
,1563.69,768,88.5,-2.7,10111111,1563.98,768,28.2,3.09,418.2,1564.28,-2.7,1.52, , 
,1564.63,864,88.5,-2.0,10101011,1564.97,1216,32.5,4.12,438.6,1565.33,-0.8,1.56, , 
,1565.64,1344,88.5,-1.2,10101011,1565.97,1312,22.0,3.09,316.2,1566.29,-2.7,1.41, , 
,1566.59,1216,88.5,-2.7,10111111,1566.88,1056,20.8,2.06,316.2,1567.19,-4.3,1.37, , 
,1567.47,736,88.5,-5.1,10111111,1567.78,704,28.2,4.12,397.8,1568.06,-7.0,1.33, , 
,1568.38,768,88.5,-8.2,10111111,1568.70,768,29.4,3.09,418.2,1569.00,-8.6,1.52, , 
,1569.30,768,88.5,-8.2,10111111,1569.58,768,31.0,3.09,438.6,1569.87,-7.0,1.60, , 
,1570.18,800,88.5,-6.3,10111111,1570.47,768,29.4,3.09,418.2,1570.75,-5.1,1.56, , 
,1571.04,800,88.5,-4.3,10111111,1571.36,768,29.4,4.12,438.6,1571.68,-3.1,1.56, , 
,1571.98,768,88.5,-2.3,10111111,1572.28,672,36.9,4.12,479.4,1572.55,-1.2,1.56, , 
,1572.84,768,88.5,1.2,10101011,1573.15,864,36.9,5.15,499.8,1573.45,-1.2,1.41, , 
,1573.76,896,88.5,-3.5,10111111,1574.06,928,23.5,3.09,357.0,1574.37,-5.1,1.21, , 
,1574.65,768,88.5,-6.3,10111111,1574.98,704,28.2,3.09,397.8,1575.28,-7.4,1.52, , 
,1575.59,768,88.5,-7.0,10111111,1575.88,768,29.4,3.09,418.2,1576.17,-5.9,1.56, , 
,1576.47,768,90.0,-5.5,10111111,1576.76,768,29.4,3.09,438.6,1577.08,-4.3,1.56, , 
,1577.37,800,88.5,-3.5,10111111,1577.67,800,29.4,4.12,418.2,1577.97,-2.3,1.56, , 
,1578.25,800,88.5,-2.0,10111111,1578.54,768,28.2,4.12,418.2,1578.86,-1.6,1.52, , 
,1579.17,800,88.5,-1.6,10111111,1579.45,800,28.2,3.09,418.2,1579.76,-1.6,1.48, , 
,1580.06,768,90.0,-1.6,10111111,1580.31,736,29.4,4.12,438.6,1580.58,-1.2,1.52, , 
,1580.90,736,88.5,-0.8,10101011,1581.19,768,34.1,4.12,459.0,1581.50,0.0,1.52, , 
,1581.77,768,88.5,-1.2,10101011,1582.07,704,34.1,4.12,479.4,1582.37,-1.6,1.45, , 
,1582.64,704,88.5,-1.2,10111111,1582.94,768,34.1,4.12,479.4,1583.23,-2.3,1.33, , 
,1583.50,736,88.5,-3.5,10111111,1583.77,736,32.5,4.12,459.0,1584.05,-5.5,1.37, , 
,1584.36,768,90.0,-5.9,10111111,1584.67,768,32.5,4.12,459.0,1584.97,-6.6,1.48, , 
,1585.26,800,90.0,-6.6,10111111,1585.56,800,29.4,4.12,438.6,1585.86,-6.3,1.52, , 
,1586.17,800,90.0,-5.9,10111111,1586.46,800,31.0,4.12,438.6,1586.75,-4.7,1.56, , 
,1587.06,736,90.0,-3.5,10101011,1587.35,832,35.3,4.12,479.4,1587.67,-2.0,1.60, , 
,1587.96,960,90.0,-3.1,10101011,1588.26,896,29.4,3.09,418.2,1588.54,-4.7,1.45, , 
,1588.85,704,90.0,-4.7,10111111,1589.19,704,32.5,4.12,459.0,1589.50,-4.3,1.45, , 
,1589.80,800,90.0,-5.1,10111111,1590.09,736,29.4,4.12,418.2,1590.38,-6.3,1.45, , 
,1590.67,768,90.0,-6.3,10111111,1590.98,768,31.0,4.12,459.0,1591.27,-5.9,1.52, , 
,1591.54,736,90.0,-5.5,10111111,1591.83,704,34.1,4.12,459.0,1592.13,-5.1,1.52, , 
,1592.44,768,90.0,-5.1,10111111,1592.73,800,32.5,4.12,459.0,1593.03,-5.9,1.41, , 
,1593.31,768,90.0,-6.6,10111111,1593.60,768,31.0,4.12,438.6,1593.92,-7.0,1.52, , 
,1594.21,800,90.0,-6.6,10111111,1594.51,768,31.0,4.12,459.0,1594.81,-5.5,1.60, , 
,1595.11,768,90.0,-5.1,10111111,1595.41,768,31.0,4.12,459.0,1595.72,-3.9,1.56, , 
,1595.99,736,90.0,-3.5,10111111,1596.30,768,34.1,4.12,479.4,1596.59,-3.1,1.52, , 
,1596.89,768,90.0,-3.1,10111111,1597.17,832,32.5,4.12,459.0,1597.47,-3.5,1.48, , 
,1597.76,800,90.0,-3.5,10111111,1598.06,800,32.5,4.12,459.0,1598.37,-3.9,1.52, , 
,1598.67,768,90.0,-3.9,10111111,1598.99,800,32.5,4.12,459.0,1599.28,-3.5,1.52, , 
,1599.60,768,90.0,-3.5,10111111,1599.89,768,32.5,4.12,459.0,1600.19,-3.5,1.52, , 
,1600.47,800,90.0,-3.1,10111111,1600.78,800,32.5,4.12,459.0,1601.10,-2.3,1.52, , 
,1601.40,800,90.0,-2.3,10111111,1601.72,800,29.4,4.12,438.6,1602.00,-2.0,1.52, , 
,1602.30,800,90.0,-2.0,10111111,1602.58,800,29.4,4.12,438.6,1602.86,-2.3,1.41, , 
,1603.15,768,91.5,-2.7,10111111,1603.45,800,29.4,4.12,438.6,1603.76,-3.1,1.48, , 
,1604.07,800,90.0,-3.1,10111111,1604.36,768,29.4,4.12,438.6,1604.66,-2.7,1.52, , 
,1604.96,800,91.5,-2.7,10111111,1605.30,800,29.4,4.12,418.2,1605.61,-2.3,1.48, , 
,1605.91,800,91.5,-2.3,10111111,1606.20,800,28.2,3.09,418.2,1606.49,-2.3,1.48, , 
,1606.77,800,91.5,-2.3,10111111,1607.08,800,28.2,3.09,418.2,1607.37,-2.3,1.48, , 
,1607.67,800,91.5,-2.3,10111111,1607.96,800,26.7,3.09,397.8,1608.26,-2.7,1.48, , 
,1608.58,800,91.5,-2.7,10111111,1608.88,800,26.7,3.09,397.8,1609.18,-2.7,1.52, , 
,1609.49,768,91.5,-2.3,10111111,1609.80,800,28.2,3.09,397.8,1610.09,-2.0,1.52, , 
,1610.39,800,91.5,-2.0,10111111,1610.68,800,26.7,3.09,397.8,1610.97,-1.6,1.52, , 
,1611.25,800,91.5,-1.6,10111111,1611.57,800,26.7,3.09,397.8,1611.87,-1.2,1.52, , 
