Œroda,30,Wrzesieñ,2026,06:36:24:00009-VCID:1C3761778CABCE7337-5178,Wersja VCDS: AKP 23.3.1,Wersja danych: 20230601 DS346.2
047 906 033 L,,1.4l SIMOS3PA   00HS5401,

,Grupa A:,'001,,,,Grupa B:,'002,,,,Grupa C:,'032
,,Obroty silnika,Temperatura,Lambda,Bity binarnie,,Obroty silnika,Obci¹¿enie,Czas wtrysku,Ciœnienie rzecz.,,Lambda,Lambda, , 
,CZAS,,,,,CZAS,,,,,CZAS,,,,
Znacznik,ZAPISU, /min,*C, %,,ZAPISU, /min, %, ms, mbar,ZAPISU, %, %,,
,0.53,0,13.5,0.0,10110110,0.01,0,0.0,0.00,989.4,0.26,99.2,0.0, , 
,1.35,0,13.5,0.0,10110110,0.80,0,0.0,0.00,989.4,1.07,99.2,0.0, , 
,2.17,0,13.5,0.0,10110110,1.63,0,0.0,0.00,989.4,1.91,99.2,0.0, , 
,2.97,0,13.5,0.0,10110110,2.44,0,0.0,0.00,989.4,2.70,99.2,0.0, , 
,3.76,0,13.5,0.0,10110110,3.23,0,0.0,0.00,989.4,3.50,99.2,0.0, , 
,4.57,0,13.5,0.0,10110110,4.03,0,0.0,0.00,989.4,4.29,99.2,0.0, , 
,5.41,0,13.5,0.0,10110110,4.85,0,0.0,0.00,989.4,5.13,99.2,0.0, , 
,6.21,0,13.5,0.0,10110110,5.67,0,0.0,0.00,989.4,5.94,99.2,0.0, , 
,7.03,0,13.5,0.0,10110110,6.49,0,0.0,0.00,989.4,6.77,99.2,0.0, , 
,7.85,0,13.5,0.0,10110110,7.29,0,0.0,0.00,989.4,7.57,99.2,0.0, , 
,8.67,0,13.5,0.0,10110110,8.13,0,0.0,0.00,989.4,8.41,99.2,0.0, , 
,9.47,0,13.5,0.0,10110110,8.94,0,0.0,0.00,989.4,9.20,99.2,0.0, , 
,10.27,0,13.5,0.0,10110110,9.73,0,0.0,0.00,989.4,10.00,99.2,0.0, , 
,11.08,0,13.5,0.0,10110110,10.55,0,0.0,0.00,989.4,10.81,99.2,0.0, , 
,11.88,0,13.5,0.0,10110110,11.34,0,0.0,0.00,989.4,11.61,99.2,0.0, , 
,12.67,0,13.5,0.0,10110110,12.14,0,0.0,0.00,989.4,12.40,99.2,0.0, , 
,13.47,0,13.5,0.0,10110110,12.94,0,0.0,0.00,989.4,13.20,99.2,0.0, , 
,14.29,192,13.5,0.0,10110110,13.73,0,0.0,0.00,989.4,14.01,99.2,0.0, , 
,15.15,1440,13.5,0.0,10110110,14.56,192,100.0,95.79,989.4,14.89,0.8,0.0, , 
,16.19,1152,13.5,0.0,10110110,15.56,1536,51.8,13.39,571.2,15.88,1.6,0.0, , 
,17.14,1088,13.5,0.0,10110110,16.50,1120,48.6,12.36,550.8,16.84,1.6,0.0, , 
,18.08,1056,13.5,0.0,10110110,17.45,1056,51.8,12.36,571.2,17.77,1.6,0.0, , 
,19.01,1056,13.5,0.0,10110110,18.39,1056,53.3,12.36,591.6,18.70,1.6,0.0, , 
,19.94,1056,13.5,0.0,10110110,19.33,1056,50.2,11.33,571.2,19.63,1.6,0.0, , 
,20.92,1056,13.5,0.0,10110110,20.26,1056,50.2,11.33,571.2,20.58,1.6,0.0, , 
,21.90,1056,13.5,0.0,10110110,21.24,1056,50.2,11.33,550.8,21.57,1.6,0.0, , 
,22.85,1088,13.5,0.0,10100010,22.22,992,50.2,11.33,571.2,22.53,1.6,0.0, , 
,23.83,1088,13.5,0.0,10100010,23.20,1248,38.4,6.18,438.6,23.53,1.6,0.0, , 
,24.73,960,13.5,0.0,10100010,24.13,960,45.9,11.33,520.2,24.44,1.6,0.0, , 
,25.67,1056,13.5,0.0,10100010,25.05,1024,47.1,9.27,520.2,25.36,1.6,0.0, , 
,26.60,864,13.5,0.0,10100010,26.00,992,44.3,8.24,499.8,26.31,1.6,0.0, , 
,27.55,992,13.5,0.0,10100010,26.90,864,54.5,13.39,612.0,27.22,1.6,0.0, , 
,28.43,928,13.5,0.0,10100010,27.84,960,48.6,9.27,550.8,28.14,1.6,0.0, , 
,29.37,1088,13.5,0.0,10110110,28.73,992,50.2,9.27,571.2,29.05,1.6,0.0, , 
,30.33,1120,13.5,0.0,10110110,29.70,1088,41.2,7.21,479.4,30.03,1.6,0.0, , 
,31.22,960,13.5,0.0,10110110,30.67,960,42.7,8.24,479.4,30.94,1.6,0.0, , 
,32.22,960,13.5,0.0,10100010,31.57,992,42.7,7.21,479.4,31.93,2.3,0.0, , 
,33.27,1664,13.5,0.0,10100010,32.54,1056,54.5,18.54,591.6,32.93,0.8,6.6, , 
,34.34,1440,13.5,0.0,10100010,33.63,1632,51.8,9.27,571.2,34.00,0.8,6.6, , 
,35.24,768,13.5,0.0,10110110,34.63,1280,45.9,7.21,520.2,34.93,1.6,0.0, , 
,36.18,992,13.5,0.0,10110110,35.51,928,54.5,8.24,612.0,35.87,1.6,0.0, , 
,37.05,832,15.0,0.0,10100010,36.47,992,42.7,7.21,499.8,36.75,1.6,0.0, , 
,37.95,896,15.0,0.0,10100010,37.36,832,59.2,16.48,632.4,37.66,1.6,0.0, , 
,38.88,864,15.0,0.0,10100010,38.28,896,59.2,11.33,632.4,38.58,1.6,0.0, , 
,39.77,1120,15.0,0.0,10100010,39.16,928,71.0,12.36,734.4,39.46,0.8,0.0, , 
,40.72,1600,15.0,0.0,10100010,40.09,1280,66.3,11.33,693.6,40.37,0.8,0.0, , 
,41.73,2208,15.0,0.0,10110100,41.07,1792,78.4,17.51,775.2,41.41,0.0,6.6, , 
,42.73,1600,15.0,0.0,10100010,42.09,2144,25.1,3.09,316.2,42.43,0.0,6.6, , 
,43.70,1184,15.0,0.0,10100010,43.05,1280,38.4,9.27,438.6,43.38,1.6,0.0, , 
,44.67,1312,15.0,0.0,10100010,44.03,1216,59.2,11.33,632.4,44.36,0.8,0.0, , 
,45.75,1408,15.0,0.0,10100010,45.02,1344,53.3,8.24,591.6,45.37,0.8,0.0, , 
,46.93,1536,16.5,0.0,10100010,46.13,1440,50.2,7.21,550.8,46.57,0.8,0.0, , 
,48.07,1600,16.5,0.0,10100010,47.31,1568,48.6,8.24,520.2,47.69,0.8,6.6, , 
,49.20,1664,16.5,0.0,10100010,48.45,1632,44.3,7.21,499.8,48.84,0.8,6.6, , 
,50.33,1728,16.5,0.0,10100010,49.60,1696,44.3,7.21,479.4,49.98,0.8,6.6, , 
,51.45,1792,16.5,0.0,10100010,50.68,1728,48.6,8.24,520.2,51.07,0.0,6.6, , 
,52.57,1920,16.5,-7.4,10101010,51.83,1856,48.6,8.24,520.2,52.20,0.0,6.6, , 
,53.70,1920,16.5,-10.9,10101010,52.95,1920,44.3,6.18,479.4,53.32,0.0,6.6, , 
,54.79,1952,16.5,-13.7,10101010,54.06,1952,42.7,6.18,479.4,54.43,0.0,6.6, , 
,55.89,1952,16.5,-15.6,10101010,55.16,1984,32.5,4.12,377.4,55.51,0.0,6.6, , 
,56.99,1888,18.0,-10.5,10101010,56.25,1920,34.1,4.12,397.8,56.62,0.0,6.6, , 
,58.10,1952,18.0,-7.0,10101010,57.35,1952,35.3,5.15,397.8,57.73,0.0,6.6, , 
,59.23,1760,18.0,-11.3,10111110,58.47,1952,26.7,3.09,336.6,58.85,0.0,6.6, , 
,60.27,1280,18.0,-5.1,10111110,59.58,1600,31.0,4.12,377.4,59.93,1.6,0.0, , 
,61.17,960,18.0,-3.5,10111110,60.57,1120,35.3,5.15,418.2,60.86,2.3,0.0, , 
,62.19,960,18.0,-1.6,10111110,61.53,960,42.7,7.21,479.4,61.85,1.6,0.0, , 
,63.21,960,18.0,2.0,10111110,62.52,960,42.7,6.18,499.8,62.85,2.3,0.0, , 
,64.14,960,18.0,4.3,10111110,63.53,960,41.2,6.18,479.4,63.81,1.6,0.0, , 
,65.09,928,18.0,0.0,10101010,64.47,960,41.2,6.18,479.4,64.78,2.3,0.0, , 
,66.09,1344,19.5,0.0,10101010,65.43,1216,50.2,8.24,571.2,65.74,0.8,0.0, , 
,67.05,960,19.5,0.0,10101010,66.40,1376,60.4,11.33,652.8,66.70,0.8,0.0, , 
,68.03,1664,19.5,0.0,10101010,67.36,1184,67.8,10.30,714.0,67.67,0.8,0.0, , 
,69.08,2048,19.5,0.0,10111100,68.39,1920,71.0,11.33,714.0,68.74,0.0,6.6, , 
,69.99,1216,19.5,0.0,10101010,69.37,1760,25.1,3.09,316.2,69.69,1.6,0.0, , 
,70.99,1312,19.5,0.0,10101010,70.33,1152,53.3,12.36,591.6,70.65,0.8,0.0, , 
,72.00,1568,19.5,0.0,10101010,71.34,1376,71.0,13.39,734.4,71.65,0.8,0.0, , 
,73.06,1856,19.5,0.0,10101010,72.34,1664,67.8,13.39,714.0,72.68,0.8,6.6, , 
,74.14,2080,21.0,-16.0,10101000,73.42,1952,57.6,8.24,612.0,73.78,0.0,6.6, , 
,75.14,2272,21.0,-13.3,10101000,74.48,2144,51.8,7.21,550.8,74.80,0.0,6.6, , 
,76.18,1952,21.0,0.0,10111110,75.46,2368,47.1,6.18,499.8,75.80,0.0,6.6, , 
,77.17,1408,21.0,0.0,10101010,76.51,1120,38.4,9.27,438.6,76.84,1.6,0.0, , 
,78.24,1696,21.0,-11.7,10101010,77.54,1696,31.0,5.15,377.4,77.91,1.6,7.0, , 
,79.33,1728,21.0,-17.2,10101010,78.61,1728,32.5,5.15,397.8,78.97,1.6,7.0, , 
,80.43,1792,21.0,-18.4,10111110,79.69,1760,29.4,4.12,357.0,80.04,1.6,7.0, , 
,81.50,1792,21.0,-15.6,10111110,80.80,1760,29.4,4.12,357.0,81.18,0.0,7.0, , 
,82.58,1792,22.5,-10.5,10111110,81.89,1792,28.2,4.12,357.0,82.21,1.6,7.0, , 
,83.68,1728,22.5,-5.9,10111110,82.97,1760,29.4,4.12,357.0,83.34,1.6,7.0, , 
,84.74,1728,22.5,-2.3,10111110,84.03,1760,29.4,4.12,357.0,84.38,1.6,7.0, , 
,85.80,1728,22.5,-1.2,10111110,85.08,1728,29.4,4.12,357.0,85.44,1.6,7.0, , 
,86.87,1664,22.5,-0.8,10111110,86.16,1696,29.4,4.12,357.0,86.51,1.6,7.0, , 
,87.90,1632,22.5,0.0,10111110,87.20,1664,31.0,5.15,377.4,87.54,1.6,7.0, , 
,88.95,1632,22.5,0.4,10111110,88.25,1632,31.0,5.15,377.4,88.61,1.6,7.0, , 
,90.01,1664,22.5,0.8,10111110,89.30,1632,31.0,5.15,377.4,89.65,1.6,7.0, , 
,91.07,1696,24.0,0.4,10111110,90.37,1696,31.0,5.15,377.4,90.73,1.6,7.0, , 
,92.12,1600,24.0,-0.4,10111110,91.41,1664,31.0,5.15,377.4,91.74,1.6,7.0, , 
,93.14,1408,24.0,0.8,10111110,92.49,1536,31.0,5.15,377.4,92.79,1.6,0.0, , 
,94.08,1216,24.0,3.5,10111110,93.45,1344,32.5,5.15,397.8,93.78,1.6,0.0, , 
,95.01,1088,24.0,3.5,10111110,94.38,1152,34.1,5.15,397.8,94.69,2.3,0.0, , 
,95.96,1088,24.0,3.9,10111110,95.33,1056,36.9,6.18,438.6,95.64,2.3,0.0, , 
,96.90,1120,24.0,3.1,10111110,96.26,1088,35.3,5.15,418.2,96.59,2.3,0.0, , 
,97.87,1024,24.0,1.2,10111110,97.24,1120,32.5,5.15,397.8,97.54,2.3,0.0, , 
,98.79,896,24.0,1.2,10111110,98.18,864,36.9,6.18,459.0,98.49,2.3,0.0, , 
,99.76,1024,24.0,1.2,10111110,99.11,896,38.4,5.15,459.0,99.45,2.3,0.0, , 
,100.74,1568,25.5,1.2,10101010,100.08,1152,31.0,4.12,397.8,100.41,1.6,0.0, , 
,101.77,1600,25.5,2.0,10101010,101.05,1536,29.4,5.15,377.4,101.39,1.6,7.0, , 
,102.87,1728,25.5,4.7,10101010,102.13,1632,40.0,6.18,459.0,102.52,0.8,7.0, , 
,103.97,1888,25.5,-1.2,10101010,103.22,1792,35.3,5.15,418.2,103.59,0.0,7.0, , 
,105.06,1952,25.5,-10.2,10101010,104.34,1920,28.2,4.12,336.6,104.71,0.0,7.0, , 
,106.15,1984,25.5,-14.8,10101010,105.44,1984,20.8,3.09,275.4,105.79,0.0,7.0, , 
,107.24,1952,25.5,-12.5,10111110,106.51,1984,20.8,3.09,275.4,106.87,0.0,7.0, , 
,108.32,1888,25.5,-6.6,10111110,107.59,1952,22.0,3.09,295.8,107.96,0.0,7.0, , 
,109.36,1856,25.5,-2.7,10101010,108.66,1888,25.1,3.09,316.2,108.99,0.0,7.0, , 
,110.44,1952,27.0,1.6,10101010,109.72,1888,26.7,4.12,336.6,110.08,0.0,7.0, , 
,111.48,2112,27.0,7.8,10101000,110.80,1952,32.5,5.15,377.4,111.15,0.0,7.0, , 
,112.49,2336,27.0,7.4,10101000,111.82,2208,41.2,7.21,459.0,112.16,0.0,7.0, , 
,113.54,2528,27.0,3.9,10101000,112.83,2400,38.4,6.18,418.2,113.19,0.0,7.0, , 
,114.60,2176,27.0,0.0,10111100,113.89,2592,36.9,5.15,397.8,114.24,0.0,7.0, , 
,115.53,1184,27.0,0.0,10111110,114.91,1408,0.0,0.00,377.4,115.22,1.6,0.0, , 
,116.50,1088,27.0,0.0,10111110,115.83,1184,34.1,5.15,418.2,116.16,2.3,0.0, , 
,117.46,960,27.0,-8.2,10111110,116.80,1024,35.3,5.15,418.2,117.15,2.3,0.0, , 
,118.37,896,27.0,-10.5,10111110,117.76,928,36.9,5.15,438.6,118.07,2.3,0.0, , 
,119.31,896,27.0,-9.0,10111110,118.70,896,38.4,5.15,459.0,119.02,2.3,0.0, , 
,120.24,896,27.0,-7.8,10111110,119.61,896,38.4,5.15,459.0,119.90,2.3,0.0, , 
,121.18,896,27.0,-5.9,10111110,120.56,896,36.9,5.15,459.0,120.88,2.3,0.0, , 
,122.11,896,27.0,-4.7,10111110,121.50,896,38.4,5.15,459.0,121.80,2.3,0.0, , 
,123.04,896,27.0,-3.5,10111110,122.41,896,38.4,5.15,459.0,122.73,2.3,0.0, , 
,123.94,896,27.0,-2.0,10111110,123.35,896,38.4,5.15,459.0,123.64,2.3,0.0, , 
,124.84,896,27.0,-2.0,10111110,124.24,896,35.3,5.15,438.6,124.53,2.3,0.0, , 
,125.80,1312,28.5,0.0,10101010,125.13,864,35.3,5.15,438.6,125.48,2.3,0.0, , 
,126.82,896,28.5,0.0,10101010,126.19,1472,41.2,6.18,479.4,126.54,1.6,0.0, , 
,127.88,1312,28.5,0.0,10101010,127.15,928,67.8,14.42,734.4,127.47,0.8,0.0, , 
,128.93,1696,28.5,0.0,10111110,128.23,1696,76.9,16.48,775.2,128.57,0.0,7.0, , 
,129.87,1184,28.5,0.0,10101010,129.23,1120,36.9,7.21,438.6,129.55,1.6,0.0, , 
,130.88,1312,28.5,-5.5,10101010,130.20,1216,34.1,5.15,418.2,130.55,1.6,0.0, , 
,131.87,1472,28.5,-1.6,10101010,131.25,1344,42.7,6.18,499.8,131.61,1.6,0.0, , 
,132.92,1568,28.5,-9.8,10111110,132.20,1504,36.9,6.18,438.6,132.56,1.6,7.0, , 
,133.99,1568,28.5,-10.5,10111110,133.31,1600,29.4,4.12,357.0,133.67,1.6,7.0, , 
,134.90,1376,28.5,-8.2,10111110,134.28,1568,29.4,4.12,357.0,134.55,1.6,0.0, , 
,135.84,1216,28.5,-3.9,10111110,135.22,1312,31.0,4.12,377.4,135.53,2.3,0.0, , 
,136.82,1120,30.0,0.4,10101010,136.15,1152,32.5,4.12,397.8,136.48,2.3,0.0, , 
,137.81,1248,30.0,0.0,10101010,137.15,1216,40.0,6.18,459.0,137.49,1.6,0.0, , 
,138.82,1408,30.0,5.5,10101010,138.15,1312,47.1,7.21,520.2,138.48,0.8,0.0, , 
,139.97,1664,30.0,0.0,10101010,139.27,1472,62.0,10.30,673.2,139.60,0.8,7.0, , 
,141.07,1984,30.0,-0.8,10101000,140.35,1760,71.0,12.36,734.4,140.71,0.0,7.0, , 
,142.09,2272,30.0,-3.9,10101000,141.40,2112,65.1,10.30,673.2,141.75,0.0,7.0, , 
,143.05,1088,30.0,0.0,10111110,142.44,2304,0.0,0.00,397.8,142.74,1.6,7.0, , 
,144.05,1600,30.0,0.0,10101010,143.38,1216,35.3,6.18,418.2,143.66,1.6,0.0, , 
,145.12,1568,31.5,-7.0,10101010,144.41,1536,35.3,6.18,418.2,144.77,0.8,7.0, , 
,146.16,1632,30.0,0.0,10101010,145.46,1568,45.9,7.21,499.8,145.81,0.8,7.0, , 
,147.22,1696,31.5,-2.0,10101010,146.51,1632,54.5,9.27,591.6,146.88,0.8,7.0, , 
,148.33,1760,30.0,-5.5,10101010,147.61,1728,51.8,8.24,571.2,147.96,0.8,7.0, , 
,149.41,1856,31.5,-5.9,10101010,148.70,1792,51.8,8.24,571.2,149.05,0.0,7.0, , 
,150.48,1984,31.5,0.0,10101010,149.76,1888,56.1,9.27,591.6,150.13,0.0,7.0, , 
,151.54,2080,31.5,-2.3,11101000,150.85,2016,67.8,11.33,693.6,151.20,0.0,7.0, , 
,152.58,2208,31.5,-3.5,11101000,151.86,2112,66.3,10.30,693.6,152.23,0.0,7.0, , 
,153.59,2336,31.5,-2.7,11101000,152.92,2240,65.1,10.30,673.2,153.26,0.0,7.0, , 
,154.64,2464,31.5,-3.5,11101000,153.91,2368,62.0,9.27,652.8,154.25,0.0,7.0, , 
,155.65,2528,31.5,-4.7,11101000,154.97,2496,57.6,9.27,591.6,155.31,0.0,7.0, , 
,156.67,1664,33.0,0.0,11111110,155.99,2592,56.1,8.24,591.6,156.32,0.0,7.0, , 
,157.72,1888,33.0,0.0,11101010,156.99,1056,34.1,5.15,418.2,157.35,0.0,7.0, , 
,158.87,1856,33.0,0.0,11101010,158.11,1824,35.3,6.18,418.2,158.48,0.0,7.0, , 
,159.99,1888,33.0,0.0,11101010,159.24,1856,69.4,12.36,734.4,159.61,0.0,7.0, , 
,161.09,1952,33.0,-10.5,11101010,160.35,1920,66.3,10.30,693.6,160.72,0.0,7.0, , 
,162.17,1984,33.0,-9.0,11101010,161.45,1952,54.5,7.21,591.6,161.80,0.0,7.0, , 
,163.26,1984,33.0,-7.8,11101000,162.55,1984,50.2,7.21,550.8,162.89,0.0,7.0, , 
,164.36,1984,33.0,-10.9,11101000,163.62,1984,35.3,4.12,418.2,163.97,0.0,7.0, , 
,165.41,1984,33.0,-7.8,11101000,164.71,1984,36.9,5.15,418.2,165.05,0.0,7.0, , 
,166.52,1984,34.5,-5.5,11101000,165.78,1984,36.9,5.15,418.2,166.14,0.0,7.0, , 
,167.58,1984,34.5,-2.3,11101010,166.88,1984,36.9,5.15,418.2,167.22,0.0,7.0, , 
,168.70,1984,34.5,-1.2,11101000,167.94,1984,36.9,5.15,438.6,168.32,0.0,7.0, , 
,169.78,1984,34.5,3.1,11101000,169.06,1984,38.4,5.15,438.6,169.42,0.0,7.0, , 
,170.87,2016,34.5,5.1,11101000,170.15,1984,48.6,7.21,550.8,170.50,0.0,7.0, , 
,171.95,2016,34.5,4.3,11101000,171.22,2016,47.1,7.21,520.2,171.60,0.0,7.0, , 
,173.00,2048,34.5,2.0,11101000,172.29,2016,48.6,7.21,520.2,172.65,0.0,7.0, , 
,174.04,2080,34.5,0.8,11101000,173.34,2048,47.1,7.21,520.2,173.69,0.0,7.0, , 
,175.06,2080,36.0,0.0,11101000,174.38,2080,45.9,7.21,499.8,174.74,0.0,7.0, , 
,176.08,2112,36.0,-0.4,11101000,175.41,2080,45.9,7.21,499.8,175.74,0.0,7.0, , 
,177.13,2112,36.0,-0.4,11101000,176.41,2112,45.9,7.21,499.8,176.76,0.0,7.0, , 
,178.15,2112,36.0,-0.8,11101000,177.48,2112,44.3,6.18,479.4,177.81,0.0,7.0, , 
,179.19,2112,36.0,-0.4,11101000,178.49,2112,44.3,6.18,479.4,178.84,0.0,7.0, , 
,180.25,2112,36.0,-0.8,11101000,179.53,2144,44.3,6.18,479.4,179.91,0.0,7.0, , 
,181.28,2112,36.0,-0.4,11101000,180.60,2112,44.3,6.18,499.8,180.94,0.0,7.0, , 
,182.36,2112,36.0,-0.4,11101000,181.66,2112,45.9,7.21,499.8,182.01,0.0,7.0, , 
,183.38,2112,36.0,-0.4,11101000,182.69,2112,44.3,6.18,479.4,183.03,0.0,7.0, , 
,184.41,2112,37.5,-0.4,11101000,183.72,2112,44.3,6.18,479.4,184.06,0.0,7.0, , 
,185.44,2112,37.5,-0.4,11101000,184.75,2112,44.3,6.18,479.4,185.09,0.0,7.0, , 
,186.51,2112,37.5,0.0,11101000,185.78,2112,44.3,6.18,479.4,186.16,0.0,7.0, , 
,187.56,2112,37.5,1.2,11101000,186.85,2112,44.3,6.18,499.8,187.20,0.0,7.0, , 
,188.58,2112,37.5,1.2,11101000,187.91,2112,45.9,7.21,499.8,188.23,0.0,7.0, , 
,189.61,2144,37.5,2.3,11101000,188.92,2112,47.1,7.21,520.2,189.26,0.0,7.0, , 
,190.64,2144,37.5,1.6,11101000,189.94,2144,47.1,7.21,520.2,190.28,0.0,7.0, , 
,191.69,2144,37.5,1.6,11101000,190.98,2144,45.9,7.21,499.8,191.34,0.0,7.0, , 
,192.73,2144,37.5,1.2,11101000,192.01,2144,45.9,7.21,499.8,192.36,0.0,7.0, , 
,193.77,2176,39.0,1.2,11101000,193.06,2176,45.9,7.21,499.8,193.42,0.0,7.0, , 
,194.76,2176,39.0,1.2,11101000,194.10,2176,45.9,7.21,499.8,194.43,0.0,7.0, , 
,195.76,2176,39.0,0.8,11101000,195.09,2176,45.9,7.21,499.8,195.42,0.0,7.0, , 
,196.78,2176,39.0,0.8,11101000,196.10,2176,44.3,6.18,499.8,196.44,0.0,7.0, , 
,197.77,2144,39.0,-3.9,11101000,197.13,2176,31.0,4.12,377.4,197.44,0.0,7.0, , 
,198.77,2144,39.0,-3.9,11101000,198.12,2144,31.0,4.12,377.4,198.45,0.0,7.0, , 
,199.80,2112,39.0,-3.5,11101000,199.11,2144,31.0,4.12,377.4,199.45,0.0,7.0, , 
,200.81,2112,39.0,-3.1,11101000,200.13,2112,31.0,4.12,377.4,200.48,0.0,7.0, , 
,201.84,2080,39.0,-2.0,11101000,201.15,2112,31.0,4.12,377.4,201.49,0.0,7.0, , 
,202.91,2080,39.0,-1.2,11101000,202.20,2080,32.5,5.15,397.8,202.55,0.0,7.0, , 
,203.96,2080,39.0,0.0,11101000,203.25,2080,44.3,6.18,479.4,203.60,0.0,7.0, , 
,204.98,2048,40.5,-3.1,11101000,204.31,2048,29.4,4.12,357.0,204.64,0.0,7.0, , 
,206.05,2016,40.5,-3.1,11101000,205.34,2048,29.4,4.12,357.0,205.70,0.0,7.0, , 
,207.15,2016,40.5,-0.8,11101000,206.41,2016,29.4,4.12,377.4,206.78,0.0,7.0, , 
,208.22,1984,40.5,-0.4,11101000,207.50,2016,38.4,5.15,438.6,207.86,0.0,7.0, , 
,209.30,1984,40.5,0.0,11101000,208.58,1984,38.4,5.15,438.6,208.94,0.0,7.0, , 
,210.39,1984,40.5,0.8,11101010,209.66,1984,38.4,5.15,438.6,210.02,0.0,7.4, , 
,211.47,1984,40.5,1.2,11101010,210.75,1984,41.2,6.18,479.4,211.11,0.0,7.4, , 
,212.57,1984,40.5,2.3,11101010,211.85,1984,41.2,6.18,479.4,212.21,0.0,7.4, , 
,213.69,1984,40.5,0.8,11101000,212.93,1984,44.3,6.18,499.8,213.32,0.0,7.4, , 
,214.85,1984,42.0,0.4,11101000,214.07,1984,42.7,6.18,479.4,214.46,0.0,7.4, , 
,215.93,1984,40.5,1.2,11101000,215.21,1984,42.7,6.18,479.4,215.57,0.0,7.4, , 
,217.00,1984,42.0,1.2,11101000,216.30,1984,42.7,6.18,479.4,216.64,0.0,7.4, , 
,218.07,2016,42.0,2.3,11101000,217.36,2016,51.8,8.24,571.2,217.71,0.0,7.4, , 
,219.12,2048,42.0,3.1,11101000,218.42,2016,54.5,8.24,591.6,218.77,0.0,7.4, , 
,220.18,2080,42.0,1.2,11101000,219.48,2048,63.5,10.30,673.2,219.82,0.0,7.4, , 
,221.24,2112,42.0,-1.2,11101000,220.52,2112,51.8,7.21,571.2,220.86,0.0,7.4, , 
,222.26,2144,42.0,-2.3,11101000,221.59,2112,48.6,7.21,550.8,221.91,0.0,7.4, , 
,223.28,2144,42.0,-3.1,11101000,222.60,2112,42.7,6.18,479.4,222.93,0.0,7.4, , 
,224.30,2144,42.0,-2.3,11101000,223.60,2144,42.7,6.18,479.4,223.95,0.0,7.4, , 
,225.31,2144,42.0,-1.2,11101000,224.63,2144,42.7,6.18,479.4,224.98,0.0,7.4, , 
,226.32,2144,42.0,-1.2,11101000,225.63,2144,41.2,6.18,479.4,225.98,0.0,7.4, , 
,227.36,2144,42.0,0.4,11101000,226.67,2144,42.7,6.18,479.4,227.03,0.0,7.4, , 
,228.44,2144,43.5,0.0,11101000,227.72,2144,41.2,6.18,479.4,228.08,0.0,7.4, , 
,229.46,2144,43.5,0.0,11101000,228.77,2144,41.2,6.18,479.4,229.12,0.0,7.4, , 
,230.48,2176,43.5,-0.4,11101000,229.81,2144,41.2,6.18,459.0,230.15,0.0,7.4, , 
,231.52,2176,43.5,-1.2,11101000,230.80,2176,41.2,6.18,459.0,231.16,0.0,7.4, , 
,232.53,2144,43.5,-6.3,11101000,231.85,2144,34.1,4.12,397.8,232.20,0.0,7.4, , 
,233.58,2080,43.5,-6.6,11111100,232.86,2080,20.8,3.09,275.4,233.24,0.0,7.4, , 
,234.61,2016,43.5,0.0,11111100,233.93,2048,0.0,0.00,275.4,234.28,0.0,7.4, , 
,235.64,1952,43.5,0.0,11111110,234.95,1984,0.0,0.00,275.4,235.29,0.0,7.4, , 
,236.70,1856,43.5,0.0,11111110,236.00,1920,0.0,0.00,295.8,236.35,0.0,7.4, , 
,237.76,1792,43.5,0.0,11111110,237.04,1856,0.0,0.00,316.2,237.40,0.0,7.4, , 
,238.79,1696,43.5,0.0,11101010,238.10,1760,0.0,0.00,336.6,238.44,1.6,7.4, , 
,239.94,1696,43.5,-7.0,11101010,239.15,1728,26.7,4.12,336.6,239.55,1.6,7.4, , 
,241.01,1696,43.5,-4.3,11101010,240.27,1696,32.5,5.15,397.8,240.64,1.6,7.4, , 
,242.06,1696,43.5,0.0,11101010,241.39,1696,42.7,7.21,479.4,241.71,0.8,7.4, , 
,243.10,1760,43.5,0.0,11101010,242.40,1728,62.0,10.30,673.2,242.76,0.8,7.4, , 
,244.21,1792,43.5,0.0,11101010,243.48,1760,60.4,9.27,652.8,243.87,0.8,7.4, , 
,245.31,1824,43.5,0.0,11101010,244.59,1824,53.3,7.21,612.0,244.93,0.0,7.4, , 
,246.40,1824,43.5,-3.9,11101010,245.67,1824,36.9,5.15,438.6,246.03,0.0,7.4, , 
,247.48,1856,45.0,-6.3,11101010,246.78,1824,35.3,5.15,418.2,247.12,0.0,7.4, , 
,248.61,1824,45.0,-30.1,11101010,247.85,1824,32.5,3.09,397.8,248.22,0.0,7.4, , 
,249.75,1824,45.0,-30.1,11111110,249.00,1824,26.7,3.09,336.6,249.36,0.0,7.4, , 
,250.82,1824,45.0,-29.7,11111110,250.11,1824,25.1,2.06,336.6,250.48,0.0,7.4, , 
,251.93,1792,45.0,-27.0,11111110,251.18,1824,23.5,2.06,316.2,251.55,0.0,7.4, , 
,253.01,1792,45.0,-23.4,11101010,252.27,1792,25.1,3.09,336.6,252.62,0.0,7.4, , 
,254.13,1792,45.0,-20.3,11101010,253.39,1792,29.4,3.09,357.0,253.75,0.0,7.4, , 
,255.25,1824,45.0,-19.5,11101010,254.51,1792,31.0,3.09,377.4,254.90,0.0,7.4, , 
,256.36,1856,45.0,-21.1,11101010,255.62,1856,29.4,3.09,377.4,255.99,0.0,7.4, , 
,257.48,1888,45.0,-22.7,11101010,256.72,1888,28.2,3.09,357.0,257.10,0.0,7.4, , 
,258.61,1920,45.0,-23.4,11101010,257.86,1920,26.7,3.09,336.6,258.24,0.0,7.4, , 
,259.70,1952,45.0,-25.4,11101010,258.98,1920,26.7,3.09,336.6,259.33,0.0,7.4, , 
,260.78,1952,45.0,-28.1,11101010,260.06,1952,22.0,2.06,295.8,260.41,0.0,7.4, , 
,261.84,1952,45.0,0.0,11111110,261.12,1984,19.2,2.06,275.4,261.47,0.0,7.4, , 
,262.91,1920,45.0,0.0,11101010,262.19,1984,20.8,3.09,295.8,262.56,0.0,7.4, , 
,263.99,1984,45.0,-12.9,11101010,263.28,1952,25.1,3.09,336.6,263.63,0.0,7.4, , 
,265.07,1984,45.0,-16.8,11101000,264.35,1984,26.7,3.09,336.6,264.71,0.0,7.4, , 
,266.15,2016,45.0,-19.1,11101000,265.44,2016,29.4,3.09,357.0,265.80,0.0,7.4, , 
,267.20,2080,45.0,0.0,11101000,266.50,2048,48.6,5.15,550.8,266.85,0.0,7.4, , 
,268.21,2176,45.0,0.0,11101000,267.54,2112,67.8,11.33,693.6,267.87,0.0,7.4, , 
,269.22,2272,45.0,-2.3,11101000,268.55,2208,67.8,9.27,693.6,268.88,0.0,7.4, , 
,270.24,2368,45.0,-4.3,11101000,269.55,2304,69.4,10.30,714.0,269.90,0.0,7.4, , 
,271.33,2432,45.0,-4.3,11101000,270.63,2368,69.4,10.30,714.0,270.96,0.0,7.4, , 
,272.37,2496,45.0,-3.5,11101000,271.67,2464,66.3,9.27,693.6,272.01,0.0,7.4, , 
,273.41,2592,46.5,-6.6,11101000,272.72,2528,73.7,10.30,754.8,273.08,0.0,7.4, , 
,274.45,2688,46.5,-8.2,11101000,273.77,2656,75.3,10.30,754.8,274.11,0.0,7.4, , 
,275.51,2752,46.5,-7.8,11101000,274.80,2688,75.3,10.30,754.8,275.17,0.0,7.4, , 
,276.49,1984,46.5,0.0,11111110,275.85,2784,72.2,10.30,734.4,276.17,0.0,7.4, , 
,277.47,1120,46.5,0.0,11101010,276.80,1376,0.0,0.00,377.4,277.15,2.3,0.0, , 
,278.52,2048,46.5,0.0,11101000,277.84,2144,23.5,3.09,316.2,278.18,0.0,7.4, , 
,279.59,2112,46.5,0.0,11101000,278.87,2112,79.6,15.45,826.2,279.24,0.0,7.4, , 
,280.61,2176,46.5,-10.9,11101000,279.94,2144,84.3,14.42,867.0,280.27,0.0,7.4, , 
,281.61,2208,46.5,-18.4,11101000,280.93,2176,82.7,12.36,846.6,281.27,0.0,7.4, , 
,282.63,2240,46.5,-21.9,11101000,281.96,2208,81.2,11.33,826.2,282.30,0.0,7.4, , 
,283.66,2272,46.5,-21.1,11101000,282.98,2240,79.6,10.30,826.2,283.32,0.0,7.4, , 
,284.66,2304,46.5,-18.8,11101000,284.01,2272,78.4,10.30,795.6,284.34,0.0,7.4, , 
,285.66,2336,46.5,-16.8,11101000,285.00,2304,75.3,10.30,775.2,285.34,0.0,7.4, , 
,286.70,2336,46.5,-12.5,11101000,286.02,2336,67.8,9.27,693.6,286.35,0.0,7.4, , 
,287.72,2368,46.5,-12.1,11101000,287.04,2336,60.4,8.24,652.8,287.38,0.0,7.4, , 
,288.76,2336,46.5,-11.7,11101000,288.07,2336,50.2,7.21,550.8,288.42,0.0,7.4, , 
,289.81,2368,48.0,-11.7,11101000,289.10,2368,50.2,7.21,550.8,289.47,0.0,7.4, , 
,290.83,2368,48.0,-10.9,11101000,290.15,2368,51.8,7.21,571.2,290.49,0.0,7.4, , 
,291.95,2368,48.0,-12.5,11101000,291.20,2368,67.8,10.30,714.0,291.56,0.0,7.4, , 
,292.95,2400,48.0,-15.6,11101000,292.26,2400,76.9,10.30,775.2,292.60,0.0,7.4, , 
,294.02,2432,48.0,-16.0,11101000,293.32,2432,76.9,11.33,795.6,293.66,0.0,7.4, , 
,295.12,2464,48.0,-9.0,11101000,294.38,2464,72.2,10.30,754.8,294.75,0.0,7.4, , 
,296.20,2464,48.0,-7.4,11101000,295.48,2464,66.3,9.27,693.6,295.84,0.0,7.4, , 
,297.23,2496,48.0,-5.5,11101000,296.55,2496,65.1,9.27,673.2,296.92,0.0,7.4, , 
,298.26,2496,48.0,-6.6,11101000,297.58,2496,54.5,7.21,591.6,297.95,0.0,7.4, , 
,299.24,2496,48.0,-7.4,11101000,298.58,2496,50.2,6.18,550.8,298.89,0.0,7.4, , 
,300.27,2496,48.0,-12.5,11101000,299.56,2496,48.6,6.18,550.8,299.90,0.0,7.4, , 
,301.37,2464,48.0,-18.4,11101000,300.65,2464,40.0,5.15,438.6,301.02,0.0,7.4, , 
,302.44,2432,49.5,-19.1,11101000,301.72,2464,35.3,4.12,418.2,302.08,0.0,7.4, , 
,303.51,2432,48.0,-19.5,11101000,302.81,2432,36.9,4.12,418.2,303.15,0.0,7.4, , 
,304.57,2432,49.5,-19.5,11101000,303.85,2432,36.9,4.12,418.2,304.21,0.0,7.4, , 
,305.64,2400,49.5,-16.4,11101000,304.92,2400,36.9,4.12,418.2,305.28,0.0,7.4, , 
,306.73,2400,49.5,-16.0,11101000,306.00,2400,36.9,4.12,418.2,306.36,0.0,7.4, , 
,307.76,2368,49.5,0.0,11101000,307.07,2400,38.4,4.12,438.6,307.42,0.0,7.4, , 
,308.72,2400,49.5,-2.3,11101000,308.07,2400,53.3,8.24,591.6,308.39,0.0,7.4, , 
,309.73,2400,49.5,-4.3,11101000,309.07,2400,56.1,8.24,591.6,309.40,0.0,7.4, , 
,310.76,2400,49.5,-5.1,11101000,310.07,2400,56.1,8.24,591.6,310.41,0.0,7.4, , 
,311.83,2400,49.5,-5.5,11101000,311.14,2400,56.1,8.24,612.0,311.47,0.0,7.4, , 
,312.90,2432,49.5,-7.0,11101000,312.20,2400,56.1,8.24,612.0,312.55,0.0,7.4, , 
,313.97,2432,49.5,-7.8,11101000,313.27,2432,56.1,8.24,612.0,313.63,0.0,7.4, , 
,315.05,2432,49.5,-7.4,11101000,314.34,2432,54.5,7.21,591.6,314.71,0.0,7.4, , 
,316.09,2432,49.5,-6.3,11101000,315.41,2432,56.1,8.24,591.6,315.75,0.0,7.4, , 
,317.17,2432,49.5,-8.2,11101000,316.46,2432,54.5,7.21,591.6,316.81,0.0,7.4, , 
,318.23,2432,49.5,-8.2,11101000,317.50,2432,54.5,8.24,591.6,317.86,0.0,7.4, , 
,319.26,2432,49.5,-7.8,11101000,318.57,2432,54.5,7.21,591.6,318.91,0.0,7.4, , 
,320.36,2464,49.5,-9.0,11101000,319.62,2464,54.5,7.21,591.6,320.00,0.0,7.4, , 
,321.44,2432,51.0,-15.2,11101000,320.72,2464,41.2,5.15,459.0,321.08,0.0,7.4, , 
,322.51,2432,51.0,-18.0,11101000,321.81,2432,36.9,4.12,418.2,322.15,0.0,7.4, , 
,323.55,2432,51.0,0.0,11101000,322.84,2432,41.2,5.15,459.0,323.20,0.0,7.4, , 
,324.64,2432,51.0,-4.3,11101000,323.91,2400,59.2,9.27,632.4,324.27,0.0,7.4, , 
,325.70,2432,51.0,-5.9,11101000,325.00,2432,60.4,9.27,652.8,325.35,0.0,7.4, , 
,326.75,2432,51.0,-8.6,11101000,326.05,2432,56.1,7.21,612.0,326.41,0.0,7.4, , 
,327.83,2432,51.0,-9.8,11101000,327.10,2432,53.3,7.21,571.2,327.46,0.0,7.4, , 
,328.85,2432,51.0,0.0,11101000,328.16,2432,38.4,5.15,438.6,328.52,0.0,7.4, , 
,329.90,2432,51.0,0.0,11101000,329.21,2432,57.6,12.36,612.0,329.55,0.0,7.4, , 
,330.91,2464,51.0,0.0,11101000,330.24,2432,78.4,14.42,795.6,330.58,0.0,7.4, , 
,331.94,2528,51.0,-8.2,11101000,331.27,2496,98.8,18.54,989.4,331.61,0.0,7.4, , 
,332.93,2592,51.0,-16.4,11101000,332.28,2528,98.8,16.48,989.4,332.61,0.0,7.4, , 
,333.97,2624,51.0,-20.3,11101000,333.27,2592,98.8,16.48,989.4,333.62,0.0,7.4, , 
,334.97,2688,52.5,-21.9,11101000,334.33,2656,98.8,16.48,989.4,334.67,0.0,7.4, , 
,335.98,2752,52.5,-22.7,11101000,335.30,2688,98.8,15.45,989.4,335.63,0.0,7.4, , 
,337.01,2784,52.5,-22.7,11101000,336.32,2752,98.8,15.45,989.4,336.66,0.0,7.4, , 
,338.01,2848,52.5,-23.0,11101000,337.34,2816,98.8,15.45,989.4,337.66,0.0,7.4, , 
,339.04,2912,52.5,-23.0,11101000,338.35,2880,98.8,15.45,989.4,338.70,0.0,7.4, , 
,340.09,2944,52.5,-23.8,11101000,339.41,2912,98.8,14.42,989.4,339.82,0.0,7.4, , 
,341.09,2944,52.5,0.0,11101000,340.53,2944,92.9,16.48,928.2,340.82,0.0,7.4, , 
,342.07,2944,52.5,0.0,11101000,341.43,2976,47.1,6.18,520.2,341.81,0.0,7.4, , 
,343.12,2912,52.5,-11.3,11101000,342.47,2944,42.7,6.18,479.4,342.83,0.0,7.4, , 
,344.19,2912,52.5,-18.4,11101000,343.47,2912,44.3,5.15,479.4,343.83,0.0,7.4, , 
,345.18,2848,52.5,0.0,11111100,344.53,2880,25.1,3.09,336.6,344.85,0.0,7.4, , 
,346.24,2784,52.5,0.0,11101000,345.52,2848,0.0,0.00,275.4,345.88,0.0,7.4, , 
,347.22,2784,52.5,0.0,11101000,346.56,2784,35.3,7.21,397.8,346.88,0.0,7.4, , 
,348.22,2784,54.0,0.0,11101000,347.56,2784,63.5,10.30,673.2,347.89,0.0,7.4, , 
,349.24,2816,54.0,0.0,11101000,348.57,2784,71.0,11.33,734.4,348.92,0.0,7.4, , 
,350.24,2784,54.0,-3.1,11101000,349.57,2816,59.2,9.27,632.4,349.89,0.0,7.4, , 
,351.29,2784,54.0,0.0,11101000,350.60,2784,54.5,8.24,591.6,350.95,0.0,7.4, , 
,352.29,2784,54.0,0.0,11101000,351.62,2752,23.5,3.09,316.2,351.96,0.0,7.4, , 
,353.33,2688,54.0,-19.5,11101000,352.64,2752,31.0,4.12,377.4,352.99,0.0,7.4, , 
,354.35,2656,54.0,-30.1,11101000,353.66,2688,20.8,2.06,275.4,354.02,0.0,7.4, , 
,355.34,2624,54.0,-31.3,11101000,354.68,2656,20.8,2.06,275.4,355.01,0.0,7.4, , 
,356.30,2592,54.0,-30.5,11101000,355.66,2624,22.0,2.06,295.8,355.98,0.0,7.4, , 
,357.31,2560,54.0,-23.0,11101000,356.65,2592,26.7,3.09,336.6,356.97,0.0,7.4, , 
,358.37,2560,54.0,-16.4,11101000,357.66,2560,36.9,4.12,418.2,358.01,0.0,7.4, , 
,359.39,2528,54.0,-14.1,11101000,358.73,2528,41.2,5.15,459.0,359.06,0.0,7.4, , 
,360.41,2528,54.0,-13.7,11101000,359.72,2528,40.0,5.15,459.0,360.05,0.0,7.4, , 
,361.47,2496,54.0,-14.1,11101000,360.74,2496,40.0,5.15,459.0,361.10,0.0,7.4, , 
,362.55,2496,55.5,-13.7,11101000,361.84,2496,41.2,5.15,459.0,362.19,0.0,7.4, , 
,363.62,2464,54.0,-14.5,11101000,362.91,2496,41.2,5.15,459.0,363.27,0.0,7.4, , 
,364.70,2464,55.5,-16.0,11101000,363.99,2464,40.0,5.15,459.0,364.35,0.0,7.4, , 
,365.76,2464,55.5,-16.4,11101000,365.04,2464,41.2,5.15,459.0,365.40,0.0,7.4, , 
,366.80,2432,55.5,-16.4,11101000,366.10,2464,41.2,5.15,459.0,366.45,0.0,7.4, , 
,367.89,2432,55.5,-15.2,11101000,367.14,2432,42.7,5.15,479.4,367.51,0.0,7.4, , 
,368.92,2400,55.5,-15.6,11101000,368.25,2432,42.7,5.15,479.4,368.58,0.0,7.4, , 
,369.97,2400,55.5,-15.2,11101000,369.28,2400,42.7,5.15,479.4,369.62,0.0,7.4, , 
,371.05,2400,55.5,-14.5,11101000,370.32,2400,42.7,5.15,479.4,370.69,0.0,7.4, , 
,372.05,2368,55.5,-10.9,11101000,371.38,2400,45.9,6.18,499.8,371.70,0.0,7.4, , 
,373.10,2368,55.5,-8.2,11101000,372.38,2368,48.6,6.18,520.2,372.73,0.0,7.4, , 
,374.16,2368,55.5,-7.8,11101000,373.47,2368,47.1,6.18,520.2,373.84,0.0,7.4, , 
,375.21,2368,55.5,0.0,11101000,374.51,2368,47.1,7.21,520.2,374.87,0.0,7.4, , 
,376.22,2400,55.5,-3.5,11101000,375.54,2368,60.4,9.27,652.8,375.88,0.0,7.4, , 
,377.23,2400,55.5,0.0,11101000,376.53,2400,62.0,9.27,673.2,376.85,0.0,7.4, , 
,378.20,2400,55.5,0.0,11101000,377.56,2400,50.2,7.21,550.8,377.88,0.0,7.4, , 
,379.17,2368,55.5,-8.6,11101000,378.53,2368,28.2,4.12,336.6,378.84,0.0,7.4, , 
,380.23,2336,55.5,-15.2,11101000,379.49,2368,29.4,4.12,357.0,379.86,0.0,7.4, , 
,381.22,2304,55.5,-26.6,11101000,380.56,2336,23.5,3.09,316.2,380.88,0.0,7.4, , 
,382.23,2272,55.5,-30.5,11101000,381.55,2304,20.8,2.06,275.4,381.88,0.0,7.4, , 
,383.25,2240,55.5,0.0,11111100,382.57,2272,19.2,2.06,275.4,382.92,0.0,7.4, , 
,384.27,2176,55.5,0.0,11101000,383.59,2208,19.2,3.09,275.4,383.94,0.0,7.4, , 
,385.32,2144,55.5,-19.9,11101000,384.63,2176,19.2,3.09,275.4,384.97,0.0,7.4, , 
,386.33,2112,55.5,0.0,11111100,385.65,2112,19.2,2.06,275.4,386.00,0.0,7.4, , 
,387.36,2048,55.5,0.0,11101000,386.66,2080,0.0,0.00,275.4,387.01,0.0,7.4, , 
,388.40,2016,55.5,0.0,11101000,387.71,2016,17.6,3.09,275.4,388.06,0.0,7.4, , 
,389.47,1984,55.5,-17.6,11101010,388.74,2016,23.5,3.09,316.2,389.11,0.0,7.4, , 
,390.55,1952,55.5,0.0,11101010,389.82,1952,26.7,3.09,336.6,390.18,0.0,7.4, , 
,391.64,1920,55.5,-9.4,11101010,390.91,1920,41.2,6.18,479.4,391.28,0.0,7.4, , 
,392.73,1888,55.5,-13.3,11101010,392.00,1888,42.7,5.15,499.8,392.36,0.0,7.4, , 
,393.87,1792,55.5,-15.6,11101010,393.12,1856,44.3,5.15,499.8,393.49,0.0,7.4, , 
,394.98,1760,55.5,0.0,11101010,394.27,1792,47.1,6.18,550.8,394.62,0.8,7.4, , 
,396.02,1696,55.5,0.0,11101010,395.32,1728,31.0,4.12,397.8,395.65,1.6,7.4, , 
,397.12,1632,55.5,-15.6,11101010,396.40,1664,26.7,3.09,357.0,396.76,1.6,7.4, , 
,398.02,1088,55.5,0.0,11111110,397.43,1632,0.0,0.00,377.4,397.73,3.1,0.0, , 
,398.99,1440,55.5,0.0,11111110,398.35,1088,31.0,4.12,397.8,398.67,3.1,0.0, , 
,400.05,1888,55.5,0.0,11111110,399.35,1920,0.0,0.00,316.2,399.71,0.0,7.4, , 
,401.14,1824,55.5,0.0,11101010,400.40,1888,0.0,0.00,295.8,400.76,0.0,7.4, , 
,402.26,1888,55.5,0.0,11101010,401.50,1856,56.1,11.33,612.0,401.88,0.0,7.4, , 
,403.37,1952,55.5,-3.5,11101010,402.63,1888,72.2,12.36,775.2,403.00,0.0,7.4, , 
,404.42,2048,55.5,-3.9,11101000,403.71,2016,65.1,9.27,714.0,404.06,0.0,7.4, , 
,405.47,2176,55.5,-4.7,11101000,404.77,2080,63.5,9.27,673.2,405.11,0.0,7.4, , 
,406.48,2272,57.0,0.0,11101000,405.80,2208,60.4,9.27,652.8,406.14,0.0,7.4, , 
,407.48,2336,57.0,-3.5,11101000,406.81,2304,51.8,7.21,571.2,407.15,0.0,7.4, , 
,408.58,2400,55.5,-10.9,11101000,407.82,2368,38.4,5.15,438.6,408.21,0.0,7.4, , 
,409.63,2432,55.5,-15.2,11101000,408.93,2400,36.9,5.15,418.2,409.28,0.0,7.4, , 
,410.69,2464,55.5,-16.4,11101000,409.99,2432,36.9,4.12,418.2,410.34,0.0,7.4, , 
,411.69,2496,55.5,0.0,11101000,411.03,2464,50.2,6.18,550.8,411.36,0.0,7.4, , 
,412.68,2560,55.5,-3.5,11101000,412.02,2528,62.0,9.27,652.8,412.36,0.0,7.4, , 
,413.70,2560,55.5,0.0,11101000,413.02,2560,48.6,7.21,550.8,413.36,0.0,7.4, , 
,414.69,2528,55.5,-10.5,11101000,414.02,2528,22.0,3.09,295.8,414.35,0.0,7.4, , 
,415.71,2496,55.5,-19.5,11101000,415.03,2528,22.0,3.09,295.8,415.35,0.0,7.4, , 
,416.73,2496,55.5,-18.0,11101000,416.07,2496,31.0,4.12,377.4,416.40,0.0,7.4, , 
,417.78,2464,55.5,-18.4,11101000,417.07,2464,31.0,4.12,377.4,417.43,0.0,7.4, , 
,418.85,2464,55.5,-18.0,11101000,418.13,2464,34.1,4.12,397.8,418.48,0.0,7.4, , 
,419.93,2464,55.5,-16.0,11101000,419.21,2464,40.0,5.15,459.0,419.56,0.0,7.4, , 
,421.01,2464,55.5,-15.2,11101000,420.30,2464,40.0,5.15,459.0,420.65,0.0,7.4, , 
,422.07,2464,55.5,-14.1,11101000,421.36,2464,40.0,5.15,459.0,421.71,0.0,7.4, , 
,423.18,2464,55.5,-14.8,11101000,422.46,2464,40.0,5.15,438.6,422.83,0.0,7.4, , 
,424.25,2496,55.5,-10.2,11101000,423.54,2464,44.3,6.18,499.8,423.89,0.0,7.4, , 
,425.28,2528,55.5,-7.8,11101000,424.60,2496,51.8,7.21,571.2,424.94,0.0,7.4, , 
,426.33,2560,55.5,-7.4,11101000,425.63,2528,66.3,10.30,693.6,425.98,0.0,7.4, , 
,427.32,2624,55.5,-7.0,11101000,426.66,2592,69.4,10.30,714.0,426.98,0.0,7.4, , 
,428.37,2688,55.5,-9.0,11101000,427.67,2656,73.7,11.33,775.2,428.01,0.0,7.4, , 
,429.38,2784,55.5,0.0,11101000,428.70,2720,81.2,12.36,826.2,429.04,0.0,7.4, , 
,430.42,2848,55.5,-14.8,11101000,429.72,2784,88.6,14.42,907.8,430.08,0.0,7.4, , 
,431.43,2944,55.5,0.0,11101000,430.78,2880,87.1,12.36,887.4,431.06,0.0,7.4, , 
,432.26,2976,55.5,-3.9,11101000,431.70,2944,75.3,12.36,775.2,431.97,0.0,7.4, , 
,433.12,2816,55.5,0.0,11111100,432.53,3008,73.7,11.33,775.2,432.79,0.0,7.4, , 
,434.06,1056,57.0,0.0,11111110,433.46,2176,0.0,0.00,316.2,433.75,2.3,7.4, , 
,435.12,2336,57.0,0.0,11101000,434.40,992,36.9,7.21,438.6,434.77,1.6,0.0, , 
,436.15,2240,57.0,0.0,11101000,435.46,2240,48.6,9.27,499.8,435.81,0.0,7.4, , 
,437.14,2240,57.0,-2.7,11101000,436.48,2240,63.5,10.30,693.6,436.81,0.0,7.4, , 
,438.13,2272,57.0,-3.5,11101000,437.47,2272,63.5,9.27,673.2,437.80,0.0,7.4, , 
,439.15,2304,57.0,-3.9,11101000,438.47,2272,63.5,9.27,673.2,438.80,0.0,7.4, , 
,440.17,2304,57.0,-3.9,11101000,439.48,2304,63.5,9.27,673.2,439.82,0.0,7.4, , 
,441.19,2304,57.0,-4.7,11101000,440.52,2304,63.5,9.27,673.2,440.85,0.0,7.4, , 
,442.22,2336,57.0,-4.7,11101000,441.56,2336,63.5,9.27,673.2,441.89,0.0,7.4, , 
,443.27,2336,57.0,-7.0,11101000,442.57,2336,59.2,8.24,632.4,442.91,0.0,7.4, , 
,444.32,2336,57.0,-10.2,11101000,443.61,2336,41.2,5.15,459.0,443.96,0.0,7.4, , 
,445.41,2336,57.0,-6.3,11101000,444.69,2336,51.8,7.21,571.2,445.07,0.0,7.4, , 
,446.47,2336,57.0,-3.9,11101000,445.77,2336,65.1,9.27,693.6,446.10,0.0,7.4, , 
,447.51,2368,58.5,-6.6,11101000,446.79,2336,71.0,10.30,754.8,447.15,0.0,7.4, , 
,448.53,2368,58.5,0.0,11101000,447.85,2368,57.6,8.24,632.4,448.17,0.0,7.4, , 
,449.58,2368,58.5,-5.9,11101000,448.85,2368,38.4,5.15,438.6,449.21,0.0,7.4, , 
,450.58,2336,58.5,0.0,11101000,449.92,2368,57.6,9.27,632.4,450.25,0.0,7.4, , 
,451.57,2336,58.5,-7.8,11101000,450.90,2336,26.7,3.09,336.6,451.24,0.0,7.4, , 
,452.62,2304,58.5,-13.3,11101000,451.91,2304,25.1,3.09,336.6,452.27,0.0,7.4, , 
,453.65,2304,58.5,-4.7,11101000,452.97,2304,40.0,5.15,459.0,453.30,0.0,7.4, , 
,454.65,2304,58.5,1.6,11101000,453.98,2304,51.8,7.21,571.2,454.31,0.0,7.4, , 
,455.65,2304,58.5,0.0,11101000,455.00,2272,51.8,7.21,571.2,455.32,0.0,7.4, , 
,456.63,2272,58.5,0.0,11101000,455.97,2304,29.4,3.09,357.0,456.30,0.0,7.4, , 
,457.63,2240,58.5,-19.5,11101000,456.97,2240,19.2,2.06,275.4,457.30,0.0,7.4, , 
,458.67,2208,58.5,-10.9,11101000,457.98,2240,23.5,2.06,316.2,458.32,0.0,7.4, , 
,459.67,2208,58.5,-2.7,11101000,459.00,2208,38.4,4.12,438.6,459.34,0.0,7.8, , 
,460.70,2208,58.5,0.0,11101000,460.01,2208,47.1,5.15,550.8,460.35,0.0,7.4, , 
,461.73,2240,58.5,0.0,11101000,461.05,2208,88.6,16.48,928.2,461.37,0.0,7.4, , 
,462.73,2304,58.5,-7.4,11101000,462.08,2240,97.3,17.51,989.4,462.41,0.0,7.8, , 
,463.72,2336,58.5,-11.3,11101000,463.06,2304,97.3,15.45,989.4,463.39,0.0,7.8, , 
,464.72,2400,58.5,-16.8,11101000,464.05,2368,97.3,16.48,989.4,464.36,0.0,7.8, , 
,465.75,2464,58.5,-5.9,11101000,465.04,2432,97.3,15.45,989.4,465.38,0.0,7.8, , 
,466.77,2528,58.5,-5.1,11101000,466.09,2464,97.3,15.45,989.4,466.43,0.0,7.8, , 
,467.77,2560,58.5,-3.5,11101000,467.10,2528,97.3,15.45,989.4,467.45,0.0,7.8, , 
,468.79,2624,58.5,-2.0,11101000,468.11,2592,97.3,15.45,989.4,468.45,0.0,7.8, , 
,469.81,2688,58.5,-2.3,11101000,469.13,2656,97.3,16.48,989.4,469.48,0.0,7.8, , 
,470.77,2720,58.5,-3.1,11101000,470.12,2688,97.3,16.48,989.4,470.44,0.0,7.8, , 
,471.85,2752,58.5,-5.1,11101000,471.12,2752,97.3,16.48,989.4,471.49,0.0,7.8, , 
,472.84,2816,58.5,-5.9,11101000,472.17,2784,97.3,16.48,989.4,472.49,0.0,7.8, , 
,473.85,2848,58.5,-7.0,11101000,473.16,2816,97.3,16.48,989.4,473.51,0.0,7.8, , 
,474.94,2912,58.5,-7.8,11101000,474.21,2880,97.3,16.48,989.4,474.58,0.0,7.8, , 
,475.99,2944,58.5,-8.6,11101000,475.27,2912,97.3,14.42,989.4,475.56,0.0,7.8, , 
,477.12,2976,58.5,0.0,11101000,476.27,2944,92.9,12.36,948.6,476.66,0.0,7.8, , 
,478.00,2976,58.5,12.9,11101000,477.47,2976,85.5,10.30,867.0,477.73,0.0,7.8, , 
,479.24,3008,60.0,19.1,11101000,478.37,3008,84.3,11.33,867.0,478.83,0.0,7.8, , 
,480.37,2944,60.0,0.0,11111100,479.58,3104,26.7,1.03,336.6,480.03,0.0,7.8, , 
,481.40,2880,60.0,0.0,11111100,480.73,2944,0.0,0.00,275.4,481.06,0.0,7.8, , 
,482.39,2816,60.0,-16.0,11101000,481.72,2848,19.2,3.09,275.4,482.06,0.0,7.8, , 
,483.34,2816,60.0,6.6,11101000,482.69,2816,38.4,5.15,438.6,483.02,0.0,7.8, , 
,484.33,2784,60.0,19.9,11101000,483.67,2784,51.8,6.18,571.2,484.00,0.0,7.8, , 
,485.35,2784,60.0,30.1,11101000,484.66,2784,56.1,7.21,612.0,485.01,0.0,7.8, , 
,486.39,2784,60.0,30.1,11101000,485.70,2784,54.5,7.21,591.6,486.04,0.0,7.8, , 
,487.41,2752,60.0,30.1,11101000,486.71,2784,56.1,8.24,612.0,487.07,0.0,7.8, , 
,488.46,2784,60.0,30.1,11101000,487.75,2784,57.6,8.24,612.0,488.09,0.0,7.8, , 
,489.48,2752,60.0,18.0,11101000,488.80,2752,59.2,8.24,632.4,489.13,0.0,7.8, , 
,490.50,2784,60.0,7.4,11101000,489.83,2784,65.1,10.30,693.6,490.15,0.0,7.8, , 
,491.53,2752,60.0,-2.7,11101000,490.84,2784,62.0,10.30,673.2,491.17,0.0,7.8, , 
,492.57,2784,60.0,-8.2,11101000,491.87,2784,62.0,9.27,652.8,492.23,0.0,7.8, , 
,493.64,2784,60.0,-9.8,11101000,492.93,2752,59.2,8.24,632.4,493.29,0.0,7.8, , 
,494.66,2752,60.0,-10.2,11101000,493.97,2784,59.2,8.24,632.4,494.31,0.0,7.8, , 
,495.72,2752,60.0,-8.6,11101000,495.02,2784,60.4,8.24,652.8,495.36,0.0,7.8, , 
,496.71,2752,60.0,0.0,11111100,496.05,2784,59.2,8.24,632.4,496.39,0.0,7.8, , 
,497.72,2688,61.5,0.0,11111100,497.04,2752,20.8,3.09,295.8,497.39,0.0,7.8, , 
,498.70,2656,61.5,0.0,11111100,498.03,2688,0.0,0.00,275.4,498.35,0.0,7.8, , 
,499.74,2592,61.5,0.0,11111100,499.05,2624,0.0,0.00,275.4,499.38,0.0,7.8, , 
,500.70,2528,61.5,0.0,11111100,500.04,2560,0.0,0.00,275.4,500.38,0.0,7.8, , 
,501.69,2464,61.5,0.0,11111100,501.01,2496,0.0,0.00,275.4,501.36,0.0,7.8, , 
,502.68,2400,61.5,0.0,11111100,502.02,2432,0.0,0.00,275.4,502.36,0.0,7.8, , 
,503.66,2336,61.5,0.0,11111100,503.01,2368,0.0,0.00,275.4,503.34,0.0,7.8, , 
,504.64,2240,61.5,0.0,11111100,503.98,2304,0.0,0.00,275.4,504.31,0.0,7.8, , 
,505.65,2144,61.5,0.0,11111100,504.97,2208,0.0,0.00,275.4,505.31,0.0,7.8, , 
,506.69,1984,61.5,0.0,11111100,505.99,2080,0.0,0.00,275.4,506.34,0.0,7.8, , 
,507.73,1856,61.5,0.0,11111110,507.03,1952,0.0,0.00,275.4,507.38,0.0,7.8, , 
,508.83,1760,61.5,0.0,11101010,508.08,1824,0.0,0.00,316.2,508.45,2.3,7.8, , 
,509.85,1792,61.5,0.0,11101010,509.13,1760,66.3,14.42,714.0,509.52,0.0,7.8, , 
,510.92,1824,61.5,0.0,11101010,510.21,1792,87.1,16.48,928.2,510.57,0.0,7.8, , 
,511.93,1152,61.5,0.0,11101010,511.26,1824,85.5,11.33,928.2,511.57,1.6,0.0, , 
,512.94,2240,61.5,0.0,11101000,512.27,2368,26.7,4.12,336.6,512.61,0.0,7.8, , 
,513.92,2272,61.5,0.0,11101000,513.26,2240,91.4,18.54,948.6,513.59,0.0,7.8, , 
,514.89,1280,61.5,0.0,11111110,514.27,2272,87.1,12.36,928.2,514.59,0.0,7.8, , 
,515.87,2112,61.5,0.0,11111100,515.21,1216,29.4,5.15,397.8,515.55,2.3,7.8, , 
,516.85,2624,61.5,0.0,11111100,516.18,2816,0.0,0.00,275.4,516.51,0.0,7.8, , 
,517.84,2432,61.5,0.0,11111100,517.18,2560,0.0,0.00,275.4,517.51,0.0,7.8, , 
,518.84,2240,61.5,0.0,11111100,518.17,2368,0.0,0.00,275.4,518.50,0.0,7.8, , 
,519.86,2080,61.5,0.0,11111100,519.19,2176,0.0,0.00,275.4,519.52,0.0,7.8, , 
,520.92,1888,61.5,0.0,11111110,520.22,2016,0.0,0.00,275.4,520.57,0.0,7.8, , 
,521.96,1664,61.5,0.0,11111110,521.27,1824,0.0,0.00,316.2,521.63,2.3,7.8, , 
,522.93,928,61.5,0.0,11111110,522.32,1504,0.0,0.00,336.6,522.64,3.1,0.0, , 
,523.86,896,60.0,0.0,11111110,523.23,832,34.1,6.18,438.6,523.55,3.1,0.0, , 
,524.77,896,61.5,-5.1,11111110,524.16,928,35.3,5.15,459.0,524.46,3.1,0.0, , 
,525.65,928,60.0,-14.1,11101010,525.08,928,34.1,4.12,438.6,525.38,3.1,0.0, , 
,526.57,1024,60.0,0.0,11101010,525.92,1056,50.2,9.27,591.6,526.25,1.6,0.0, , 
,527.55,1184,60.0,0.0,11101010,526.91,1120,56.1,8.24,652.8,527.22,1.6,0.0, , 
,528.54,1472,60.0,0.0,11101010,527.86,1280,79.6,15.45,867.0,528.20,0.8,0.0, , 
,529.60,1888,60.0,0.0,11101010,528.90,1632,90.2,17.51,969.0,529.24,0.0,7.8, , 
,530.64,2304,60.0,-10.2,11101000,529.96,2048,91.4,16.48,948.6,530.31,0.0,7.8, , 
,531.64,2720,60.0,-19.1,11101000,530.99,2464,92.9,15.45,969.0,531.30,0.0,7.8, , 
,532.60,2656,60.0,0.0,11111100,531.99,2848,81.2,12.36,846.6,532.28,0.0,7.8, , 
,533.65,1984,60.0,0.0,11101010,532.93,2048,0.0,0.00,316.2,533.28,2.3,7.8, , 
,534.72,1952,60.0,0.0,11101010,534.03,1920,65.1,13.39,673.2,534.38,0.0,7.8, , 
,535.76,2112,60.0,0.0,11101000,535.06,2016,79.6,13.39,846.6,535.41,0.0,7.8, , 
,536.77,2144,60.0,0.0,11101000,536.11,2112,47.1,6.18,550.8,536.43,0.0,7.8, , 
,537.78,2176,60.0,-5.9,11101000,537.11,2144,42.7,6.18,479.4,537.45,0.0,7.8, , 
,538.77,2240,60.0,0.0,11101000,538.11,2208,47.1,6.18,550.8,538.44,0.0,7.8, , 
,539.79,2336,60.0,-1.2,11101000,539.10,2272,53.3,8.24,591.6,539.44,0.0,7.8, , 
,540.83,2464,60.0,-6.6,11101000,540.12,2400,66.3,10.30,714.0,540.49,0.0,7.8, , 
,541.83,2624,60.0,-6.6,11101000,541.17,2528,78.4,13.39,826.2,541.50,0.0,7.8, , 
,542.87,2784,60.0,-11.7,11101000,542.18,2688,79.6,12.36,846.6,542.52,0.0,7.8, , 
,543.87,1664,60.0,0.0,11111110,543.20,2784,0.0,0.00,550.8,543.55,0.0,7.8, , 
,544.89,2016,60.0,0.0,11101000,544.19,1088,26.7,4.12,357.0,544.52,2.3,0.0, , 
,545.98,1984,60.0,-19.1,11101000,545.25,2016,17.6,3.09,275.4,545.61,0.0,7.8, , 
,547.08,1952,60.0,0.0,11101010,546.35,1920,28.2,3.09,357.0,546.71,0.0,7.8, , 
,548.18,1920,60.0,-5.5,11101010,547.45,1920,41.2,6.18,479.4,547.82,0.0,7.8, , 
,549.26,1920,60.0,-8.2,11101010,548.55,1920,48.6,7.21,571.2,548.91,0.0,7.8, , 
,550.38,1920,60.0,-10.2,11101010,549.64,1920,48.6,7.21,571.2,550.01,0.0,7.8, , 
,551.45,1920,60.0,-12.9,11101010,550.73,1920,51.8,7.21,591.6,551.10,0.0,7.8, , 
,552.54,1952,60.0,-12.9,11101010,551.81,1920,54.5,7.21,612.0,552.19,0.0,7.8, , 
,553.63,1952,60.0,-12.9,11101010,552.91,1952,54.5,7.21,612.0,553.26,0.0,7.8, , 
,554.74,1952,61.5,-12.9,11101010,554.01,1952,53.3,7.21,612.0,554.37,0.0,7.8, , 
,555.82,1952,61.5,-12.9,11101010,555.09,1952,53.3,7.21,591.6,555.45,0.0,7.8, , 
,556.90,1952,61.5,0.0,11101010,556.18,1952,51.8,7.21,591.6,556.55,0.0,7.8, , 
,557.97,1888,61.5,-16.8,11101010,557.26,1920,20.8,3.09,295.8,557.63,0.0,7.8, , 
,559.00,1824,61.5,-27.0,11101010,558.31,1856,19.2,2.06,295.8,558.65,0.0,7.8, , 
,560.12,1760,61.5,0.0,11101010,559.38,1792,28.2,3.09,357.0,559.75,0.0,7.8, , 
,561.15,1792,61.5,0.0,11101010,560.49,1760,54.5,8.24,612.0,560.84,0.8,7.8, , 
,562.19,1792,61.5,0.0,11101010,561.46,1792,72.2,11.33,795.6,561.84,0.0,7.8, , 
,563.28,1824,61.5,0.0,11101010,562.55,1824,79.6,13.39,846.6,562.90,0.0,7.8, , 
,564.36,1920,61.5,-10.5,11101010,563.62,1856,90.2,15.45,948.6,564.00,0.0,7.8, , 
,565.44,1952,61.5,-18.0,11101010,564.71,1920,92.9,14.42,969.0,565.08,0.0,7.8, , 
,566.49,1984,61.5,-21.5,11101000,565.79,1984,90.2,12.36,948.6,566.14,0.0,7.8, , 
,567.56,2048,61.5,-22.3,11101000,566.84,1984,88.6,12.36,948.6,567.20,0.0,7.8, , 
,568.60,2048,61.5,0.0,11101000,567.90,2048,82.7,14.42,887.4,568.25,0.0,7.8, , 
,569.65,2016,61.5,0.0,11101000,568.95,2048,48.6,5.15,571.2,569.30,0.0,7.8, , 
,570.74,1952,61.5,0.0,11101010,570.01,1984,40.0,5.15,459.0,570.37,0.0,7.8, , 
,571.82,1920,63.0,0.0,11101010,571.09,1952,71.0,12.36,775.2,571.46,0.0,7.8, , 
,572.91,1952,63.0,0.0,11101010,572.19,1952,88.6,15.45,928.2,572.54,0.0,7.8, , 
,573.98,1952,63.0,-18.4,11101010,573.26,1952,91.4,14.42,969.0,573.62,0.0,7.8, , 
,575.06,1952,63.0,-22.7,11101010,574.35,1952,91.4,13.39,969.0,574.70,0.0,7.8, , 
,576.14,1920,63.0,0.0,11111110,575.43,1952,91.4,12.36,969.0,575.80,0.0,7.8, , 
,577.27,1760,63.0,0.0,11101010,576.51,1888,20.8,3.09,295.8,576.87,0.0,7.8, , 
,578.32,1760,63.0,0.0,11101010,577.62,1760,78.4,16.48,846.6,577.96,0.0,7.8, , 
,579.36,1760,63.0,0.0,11101010,578.65,1760,90.2,16.48,969.0,578.99,0.0,7.8, , 
,580.43,1760,63.0,-15.2,11101010,579.75,1760,91.4,16.48,969.0,580.11,0.0,7.8, , 
,581.57,1792,63.0,-21.5,11101010,580.81,1792,91.4,13.39,969.0,581.18,0.0,7.8, , 
,582.67,1824,63.0,-23.0,11101010,581.95,1792,91.4,12.36,969.0,582.31,0.0,7.8, , 
,583.81,1856,63.0,-23.4,11101010,583.06,1856,91.4,12.36,969.0,583.43,0.0,7.8, , 
,584.94,1888,63.0,-23.4,11101010,584.18,1856,91.4,12.36,969.0,584.56,0.0,7.8, , 
,586.01,1920,63.0,-25.8,11101010,585.30,1888,91.4,12.36,969.0,585.65,0.0,7.8, , 
,587.09,1984,63.0,-23.8,11101010,586.38,1952,91.4,12.36,969.0,586.73,0.0,7.8, , 
,588.18,2016,64.5,-22.7,11101000,587.47,1984,91.4,12.36,969.0,587.82,0.0,7.8, , 
,589.22,2048,63.0,-21.9,11101000,588.52,2016,91.4,12.36,969.0,588.87,0.0,7.8, , 
,590.25,2080,63.0,-21.5,11101000,589.56,2048,92.9,13.39,969.0,589.91,0.0,7.8, , 
,591.31,2144,64.5,-21.9,11101000,590.61,2080,92.9,13.39,969.0,590.95,0.0,7.8, , 
,592.31,2176,64.5,0.0,11101000,591.64,2144,91.4,13.39,969.0,591.97,0.0,7.8, , 
,593.31,2176,64.5,-1.6,11101000,592.65,2176,62.0,9.27,693.6,592.99,0.0,7.8, , 
,594.32,2144,64.5,-3.1,11101000,593.64,2176,62.0,9.27,693.6,593.97,0.0,7.8, , 
,595.36,2144,64.5,-5.1,11101000,594.66,2144,62.0,9.27,673.2,594.98,0.0,7.8, , 
,596.41,2144,64.5,-5.9,11101000,595.70,2144,62.0,9.27,693.6,596.06,0.0,7.8, , 
,597.42,2144,64.5,-5.9,11101000,596.76,2144,62.0,9.27,693.6,597.10,0.0,7.8, , 
,598.48,2144,64.5,-5.5,11101000,597.77,2144,63.5,9.27,693.6,598.12,0.0,7.8, , 
,599.48,2144,64.5,-6.3,11101000,598.81,2144,63.5,9.27,693.6,599.16,0.0,7.8, , 
,600.52,2112,64.5,0.0,11101000,599.83,2112,62.0,9.27,673.2,600.17,0.0,7.8, , 
,601.55,2080,64.5,-6.6,11101000,600.86,2080,42.7,6.18,499.8,601.21,0.0,7.8, , 
,602.60,2048,64.5,-9.0,11101000,601.89,2048,45.9,6.18,520.2,602.24,0.0,7.8, , 
,603.64,2016,64.5,-8.2,11101000,602.94,2016,51.8,7.21,591.6,603.29,0.0,7.8, , 
,604.69,2016,64.5,-3.5,11101000,603.98,2016,57.6,8.24,652.8,604.35,0.0,7.8, , 
,605.72,2048,66.0,-0.8,11101000,605.03,2016,63.5,9.27,693.6,605.38,0.0,7.8, , 
,606.83,2048,66.0,0.8,11101000,606.12,2048,63.5,9.27,714.0,606.47,0.0,7.8, , 
,607.90,2048,66.0,0.0,11101000,607.19,2080,60.4,9.27,673.2,607.55,0.0,7.8, , 
,608.96,2016,66.0,-6.3,11101000,608.26,2048,28.2,3.09,357.0,608.63,0.0,7.8, , 
,610.08,1984,66.0,-21.5,11101010,609.32,2016,22.0,3.09,295.8,609.70,0.0,7.8, , 
,611.16,1920,66.0,-24.6,11101010,610.42,1952,20.8,2.06,295.8,610.79,0.0,7.8, , 
,612.24,1856,66.0,0.0,11111110,611.50,1920,19.2,1.03,275.4,611.86,0.0,7.8, , 
,613.27,1792,66.0,0.0,11111110,612.58,1824,0.0,0.00,295.8,612.92,0.0,7.8, , 
,614.27,1664,66.0,0.0,11111110,613.59,1728,0.0,0.00,316.2,613.94,2.3,7.8, , 
,615.28,1504,66.0,0.0,11111110,614.62,1600,0.0,0.00,336.6,614.95,2.3,7.8, , 
,616.34,1376,66.0,0.0,11111110,615.66,1472,0.0,0.00,336.6,616.00,2.3,0.0, , 
,617.27,832,66.0,0.0,11111110,616.65,1184,25.1,4.12,357.0,616.97,3.9,0.0, , 
,618.20,1312,66.0,0.0,11111110,617.55,928,32.5,5.15,438.6,617.87,3.1,0.0, , 
,619.19,1568,66.0,0.0,11111110,618.55,1632,0.0,0.00,336.6,618.87,2.3,7.8, , 
,620.29,1504,66.0,0.0,11111110,619.52,1568,0.0,0.00,336.6,619.84,2.3,7.8, , 
,621.40,1440,66.0,0.0,11111110,620.74,1472,0.0,0.00,336.6,621.07,2.3,0.0, , 
,622.41,1376,66.0,0.0,11111110,621.74,1408,25.1,4.12,336.6,622.08,2.3,0.0, , 
,623.34,864,66.0,-5.5,11111110,622.72,1120,25.1,3.09,357.0,623.01,3.9,0.0, , 
,624.27,896,66.0,-10.2,11111110,623.66,896,31.0,4.12,418.2,623.95,3.9,0.0, , 
,625.21,896,66.0,-13.7,11111110,624.59,896,31.0,4.12,418.2,624.89,3.9,0.0, , 
,626.14,896,66.0,-15.6,11111110,625.52,896,31.0,3.09,418.2,625.83,3.9,0.0, , 
,627.04,864,66.0,-16.4,11111110,626.44,896,31.0,3.09,418.2,626.74,3.9,0.0, , 
,627.95,896,66.0,-16.0,11111110,627.36,896,31.0,3.09,418.2,627.66,3.9,0.0, , 
,628.86,896,66.0,-15.6,11111110,628.25,896,31.0,3.09,418.2,628.55,3.9,0.0, , 
,629.75,896,66.0,-16.4,11111110,629.15,896,31.0,3.09,418.2,629.44,3.9,0.0, , 
,630.69,896,66.0,-17.2,11111110,630.06,896,31.0,3.09,418.2,630.38,3.9,0.0, , 
,631.63,896,66.0,-17.2,11111110,631.01,896,31.0,3.09,418.2,631.33,3.9,0.0, , 
,632.57,896,66.0,-18.8,11111110,631.94,864,31.0,3.09,418.2,632.25,3.9,0.0, , 
,633.51,864,66.0,-19.1,11111110,632.87,896,31.0,3.09,418.2,633.19,3.9,0.0, , 
,634.45,896,66.0,-18.4,11111110,633.81,864,32.5,3.09,438.6,634.14,3.9,0.0, , 
,635.39,896,66.0,-18.0,11111110,634.76,896,31.0,3.09,418.2,635.06,3.9,0.0, , 
,636.32,896,67.5,-17.6,11111110,635.70,896,31.0,3.09,418.2,636.02,3.1,0.0, , 
,637.25,1056,67.5,0.0,11101010,636.60,896,38.4,6.18,479.4,636.91,2.3,0.0, , 
,638.20,1216,67.5,0.0,11101010,637.57,896,48.6,7.21,591.6,637.89,1.6,0.0, , 
,639.28,2112,67.5,0.0,11101000,638.59,1440,81.2,15.45,907.8,638.96,0.0,7.8, , 
,640.29,1216,67.5,0.0,11111110,639.63,2368,0.0,0.00,479.4,639.96,0.0,7.8, , 
,641.29,1376,67.5,0.0,11101010,640.60,1088,35.3,7.21,459.0,640.96,1.6,0.0, , 
,642.39,1632,67.5,0.0,11101010,641.69,1440,53.3,9.27,612.0,642.05,0.8,7.8, , 
,643.52,1888,67.5,-3.5,11101010,642.75,1760,48.6,8.24,571.2,643.15,0.0,7.8, , 
,644.55,2208,67.5,0.0,11101000,643.87,1984,60.4,10.30,673.2,644.21,0.0,7.8, , 
,645.58,2528,66.0,0.0,11111100,644.89,2304,69.4,10.30,734.4,645.23,0.0,7.8, , 
,646.59,1024,66.0,0.0,11111110,645.95,2080,0.0,0.00,316.2,646.28,2.3,0.0, , 
,647.66,1632,67.5,0.0,11101010,646.97,1344,31.0,5.15,397.8,647.32,2.3,7.8, , 
,648.70,1728,66.0,0.0,11101010,648.03,1696,38.4,6.18,459.0,648.35,0.8,7.8, , 
,649.80,1856,66.0,0.0,11101010,649.08,1760,60.4,10.30,673.2,649.43,0.0,7.8, , 
,650.88,2016,66.0,-3.5,11101000,650.17,1920,62.0,9.27,693.6,650.52,0.0,7.8, , 
,651.93,2112,66.0,-3.5,11101000,651.22,2048,59.2,9.27,673.2,651.60,0.0,7.8, , 
,652.99,2208,66.0,-4.3,11101000,652.30,2144,56.1,8.24,632.4,652.64,0.0,7.8, , 
,653.98,2304,66.0,-3.5,11101000,653.33,2240,53.3,8.24,612.0,653.65,0.0,7.8, , 
,654.97,2400,66.0,-3.5,11101000,654.33,2336,53.3,8.24,612.0,654.66,0.0,7.8, , 
,656.00,2496,66.0,-2.7,11101000,655.33,2400,54.5,8.24,612.0,655.67,0.0,7.8, , 
,657.05,2464,66.0,0.0,11111100,656.36,2528,63.5,9.27,693.6,656.72,0.0,7.8, , 
,657.99,1024,66.0,0.0,11111110,657.37,1920,0.0,0.00,316.2,657.69,2.3,0.0, , 
,659.04,1888,66.0,0.0,11101010,658.33,1120,32.5,6.18,418.2,658.67,0.0,7.8, , 
,660.14,1856,66.0,0.0,11101010,659.39,1824,40.0,7.21,459.0,659.78,0.0,7.8, , 
,661.22,1920,66.0,0.0,11101010,660.49,1888,66.3,11.33,734.4,660.85,0.0,7.8, , 
,662.31,1952,66.0,0.0,11101010,661.59,1952,66.3,10.30,734.4,661.94,0.0,7.8, , 
,663.40,1984,66.0,0.0,11101010,662.67,1952,50.2,7.21,591.6,663.04,0.0,7.8, , 
,664.45,2048,66.0,-5.5,11101000,663.74,1984,69.4,11.33,754.8,664.10,0.0,7.8, , 
,665.48,2080,66.0,-11.3,11101000,664.80,2048,75.3,11.33,826.2,665.14,0.0,7.8, , 
,666.50,2144,66.0,-14.5,11101000,665.80,2112,75.3,10.30,826.2,666.14,0.0,7.8, , 
,667.50,2176,66.0,-13.3,11101000,666.83,2144,75.3,10.30,795.6,667.16,0.0,7.8, , 
,668.51,2240,66.0,-11.3,11101000,667.84,2176,72.2,10.30,775.2,668.19,0.0,7.8, , 
,669.54,2272,66.0,-7.8,11101000,668.86,2240,69.4,10.30,754.8,669.21,0.0,7.8, , 
,670.55,2336,66.0,-5.5,11101000,669.88,2272,66.3,9.27,734.4,670.19,0.0,7.8, , 
,671.60,2368,67.5,-4.3,11101000,670.89,2336,65.1,10.30,714.0,671.26,0.0,7.8, , 
,672.62,2400,67.5,-2.7,11101000,671.92,2368,60.4,9.27,652.8,672.25,0.0,7.8, , 
,673.67,2432,67.5,0.0,11101000,672.99,2432,56.1,8.24,612.0,673.32,0.0,7.8, , 
,674.67,2400,67.5,-14.1,11101000,673.99,2432,20.8,3.09,295.8,674.34,0.0,7.8, , 
,675.70,2368,67.5,-29.3,11101000,675.01,2400,17.6,2.06,244.8,675.33,0.0,7.8, , 
,676.66,2336,67.5,-30.9,11101000,676.01,2368,17.6,2.06,244.8,676.33,0.0,7.8, , 
,677.68,2304,67.5,-30.5,11101000,677.00,2336,17.6,2.06,244.8,677.34,0.0,7.8, , 
,678.69,2272,67.5,-30.9,11101000,678.01,2304,17.6,2.06,244.8,678.36,0.0,7.8, , 
,679.68,2240,67.5,-31.3,11101000,679.02,2272,17.6,2.06,244.8,679.36,0.0,7.8, , 
,680.69,2208,67.5,-31.3,11101000,680.00,2240,17.6,2.06,244.8,680.35,0.0,7.8, , 
,681.71,2176,67.5,-29.7,11101000,681.04,2208,17.6,2.06,244.8,681.38,0.0,7.8, , 
,682.75,2144,67.5,-29.3,11101000,682.04,2176,20.8,2.06,295.8,682.40,0.0,7.8, , 
,683.79,2112,67.5,-25.8,11101000,683.08,2144,23.5,2.06,316.2,683.44,0.0,7.8, , 
,684.82,2112,67.5,-20.7,11101000,684.14,2112,25.1,3.09,336.6,684.49,0.0,7.8, , 
,685.85,2112,67.5,-16.4,11101000,685.17,2112,28.2,3.09,357.0,685.51,0.0,7.8, , 
,686.88,2112,67.5,-13.3,11101000,686.20,2112,32.5,4.12,397.8,686.53,0.0,7.8, , 
,687.93,2048,67.5,0.0,11111100,687.24,2112,32.5,4.12,397.8,687.58,0.0,7.8, , 
,689.00,2048,67.5,0.0,11111100,688.27,2080,17.6,2.06,244.8,688.63,0.0,7.8, , 
,690.05,2048,67.5,0.0,11101000,689.34,2048,16.1,3.09,244.8,689.68,0.0,7.8, , 
,691.09,2080,67.5,0.0,11101000,690.39,2016,69.4,11.33,754.8,690.75,0.0,7.8, , 
,692.11,2176,67.5,-6.3,11101000,691.42,2112,76.9,12.36,826.2,691.75,0.0,7.8, , 
,693.14,2240,67.5,-12.9,11101000,692.46,2208,75.3,11.33,826.2,692.81,0.0,7.8, , 
,694.17,2336,67.5,-18.4,11101000,693.48,2272,84.3,12.36,887.4,693.84,0.0,7.8, , 
,695.22,2432,67.5,-19.9,11101000,694.51,2368,85.5,12.36,907.8,694.87,0.0,7.8, , 
,696.25,2496,67.5,-18.8,11101000,695.57,2464,85.5,11.33,887.4,695.92,0.0,7.8, , 
,697.29,2624,67.5,-19.1,11101000,696.63,2528,84.3,11.33,887.4,696.96,0.0,7.8, , 
,698.32,2688,67.5,-19.1,11101000,697.62,2624,87.1,12.36,907.8,697.97,0.0,7.8, , 
,699.35,2784,67.5,-18.8,11101000,698.66,2720,85.5,12.36,907.8,699.01,0.0,7.8, , 
,700.39,2592,67.5,0.0,11111100,699.70,2816,84.3,11.33,887.4,700.05,0.0,7.8, , 
,701.32,992,67.5,0.0,11101010,700.73,2016,0.0,0.00,316.2,701.02,2.3,0.0, , 
,702.39,2176,67.5,0.0,11101000,701.71,1152,32.5,6.18,418.2,702.05,0.0,7.8, , 
,703.39,2208,67.5,0.0,11101000,702.72,2208,45.9,8.24,499.8,703.06,0.0,7.8, , 
,704.42,2240,67.5,-1.6,11101000,703.74,2208,63.5,10.30,693.6,704.07,0.0,7.8, , 
,705.41,2272,67.5,-0.4,11101000,704.75,2272,63.5,10.30,693.6,705.09,0.0,7.8, , 
,706.44,2336,67.5,-5.5,11101000,705.75,2304,62.0,9.27,673.2,706.10,0.0,7.8, , 
,707.48,2368,67.5,-7.8,11101000,706.80,2336,69.4,10.30,734.4,707.14,0.0,7.8, , 
,708.48,2432,67.5,-9.0,11101000,707.80,2400,67.8,10.30,734.4,708.12,0.0,7.8, , 
,709.55,2464,67.5,-8.2,11101000,708.82,2432,67.8,10.30,734.4,709.20,0.0,7.8, , 
,710.58,2496,67.5,-8.2,11101000,709.91,2464,66.3,10.30,714.0,710.24,0.0,7.8, , 
,711.61,2528,67.5,-8.2,11101000,710.92,2496,65.1,10.30,714.0,711.27,0.0,7.8, , 
,712.60,2560,67.5,0.0,11101000,711.95,2528,65.1,9.27,693.6,712.29,0.0,7.8, , 
,713.65,2560,67.5,-3.1,11101000,712.95,2560,51.8,8.24,571.2,713.30,0.0,7.8, , 
,714.64,2592,67.5,-3.1,11101000,713.96,2560,51.8,7.21,571.2,714.31,0.0,7.8, , 
,715.68,2560,67.5,-5.5,11101000,714.97,2560,50.2,7.21,571.2,715.33,0.0,7.8, , 
,716.71,2560,67.5,-9.8,11101000,716.03,2560,38.4,5.15,438.6,716.36,0.0,7.8, , 
,717.74,2560,67.5,-12.9,11101000,717.06,2560,38.4,5.15,438.6,717.40,0.0,7.8, , 
,718.77,2528,67.5,-14.1,11101000,718.08,2560,38.4,5.15,438.6,718.42,0.0,7.8, , 
,719.84,2528,67.5,-14.1,11101000,719.14,2528,38.4,5.15,438.6,719.49,0.0,7.8, , 
,720.88,2528,67.5,-11.3,11101000,720.20,2528,38.4,5.15,438.6,720.54,0.0,7.8, , 
,721.96,2528,67.5,-11.3,11101000,721.25,2528,38.4,5.15,438.6,721.59,0.0,7.8, , 
,722.95,2496,67.5,-7.4,11101000,722.30,2528,38.4,5.15,459.0,722.64,0.0,7.8, , 
,724.03,2496,67.5,-6.6,11101000,723.30,2496,36.9,5.15,438.6,723.66,0.0,7.8, , 
,725.12,2464,67.5,-3.1,11101000,724.42,2464,40.0,5.15,459.0,724.77,0.0,7.8, , 
,726.19,2432,67.5,-2.0,11101000,725.46,2432,40.0,5.15,459.0,725.82,0.0,7.8, , 
,727.25,2400,67.5,-1.2,11101000,726.53,2400,41.2,5.15,479.4,726.89,0.0,7.8, , 
,728.28,2368,67.5,-0.4,11101000,727.59,2368,41.2,5.15,479.4,727.93,0.0,7.8, , 
,729.28,2368,67.5,-0.8,11101000,728.63,2368,41.2,5.15,479.4,728.95,0.0,7.8, , 
,730.25,2272,67.5,0.0,11111100,729.60,2336,26.7,3.09,357.0,729.92,0.0,7.8, , 
,731.29,2112,67.5,0.0,11111100,730.61,2208,0.0,0.00,244.8,730.96,0.0,7.8, , 
,732.35,1952,67.5,0.0,11111110,731.63,2048,0.0,0.00,244.8,731.99,0.0,7.8, , 
,733.41,1760,67.5,0.0,11111110,732.71,1888,0.0,0.00,275.4,733.08,0.0,7.8, , 
,734.44,1568,67.5,0.0,11111110,733.74,1696,0.0,0.00,336.6,734.08,2.3,7.8, , 
,735.36,928,67.5,0.0,11111110,734.74,1536,0.0,0.00,336.6,735.04,3.1,0.0, , 
,736.30,1120,67.5,0.0,11101010,735.65,928,35.3,6.18,459.0,735.98,3.1,0.0, , 
,737.26,2464,69.0,-11.3,11101000,736.61,2016,23.5,3.09,336.6,736.95,0.0,7.8, , 
,738.28,2432,67.5,0.0,11101000,737.57,2464,40.0,7.21,459.0,737.91,0.0,7.8, , 
,739.30,2528,67.5,-4.3,11101000,738.62,2464,62.0,10.30,673.2,738.94,0.0,7.8, , 
,740.31,2688,67.5,0.0,11101000,739.65,2592,76.9,12.36,826.2,739.98,0.0,7.8, , 
,741.34,2848,67.5,-11.3,11101000,740.64,2720,90.2,15.45,948.6,740.98,0.0,7.8, , 
,742.42,3008,67.5,-17.2,11101000,741.74,2912,92.9,14.42,969.0,742.01,0.0,7.8, , 
,743.41,2272,67.5,0.0,11111100,742.75,3104,90.2,12.36,948.6,743.07,0.0,7.8, , 
,744.42,2272,67.5,0.0,11101000,743.75,1888,23.5,4.12,316.2,744.08,0.0,7.8, , 
,745.43,2336,67.5,0.0,11101000,744.75,2272,76.9,13.39,826.2,745.10,0.0,7.8, , 
,746.48,2432,67.5,-8.6,11101000,745.76,2368,92.9,16.48,969.0,746.12,0.0,7.8, , 
,747.49,2560,67.5,-15.2,11101000,746.84,2464,92.9,14.42,969.0,747.15,0.0,7.8, , 
,748.52,2624,67.5,-16.8,11101000,747.83,2560,94.5,14.42,989.4,748.19,0.0,7.8, , 
,749.56,2752,67.5,-17.6,11101000,748.87,2688,94.5,14.42,969.0,749.20,0.0,7.8, , 
,750.63,2848,67.5,-18.4,11101000,749.91,2784,92.9,13.39,969.0,750.29,0.0,7.8, , 
,751.66,2624,67.5,0.0,11111100,750.96,2912,92.9,13.39,969.0,751.35,0.0,7.8, , 
,752.70,1088,67.5,0.0,11111110,752.02,2048,0.0,0.00,316.2,752.40,2.3,0.0, , 
,753.63,1216,67.5,0.0,11111110,753.01,800,32.5,7.21,438.6,753.30,2.3,0.0, , 
,754.64,2176,67.5,0.0,11111100,753.99,1728,0.0,0.00,316.2,754.31,0.0,7.8, , 
,755.66,2112,67.5,0.0,11111100,754.96,2144,0.0,0.00,275.4,755.32,0.0,7.8, , 
,756.72,2048,67.5,0.0,11111100,756.01,2080,0.0,0.00,275.4,756.36,0.0,7.8, , 
,757.76,1984,67.5,0.0,11111100,757.07,2048,0.0,0.00,244.8,757.43,0.0,7.8, , 
,758.83,1856,67.5,0.0,11111110,758.11,1952,0.0,0.00,275.4,758.48,0.0,7.8, , 
,759.88,1760,67.5,0.0,11111110,759.17,1824,0.0,0.00,295.8,759.54,0.0,7.8, , 
,760.90,1664,67.5,0.0,11111110,760.21,1728,0.0,0.00,336.6,760.54,2.3,7.8, , 
,761.90,1600,69.0,0.0,11111110,761.24,1632,0.0,0.00,336.6,761.56,2.3,7.8, , 
,762.93,1568,69.0,0.0,11111110,762.28,1600,23.5,4.12,336.6,762.62,2.3,7.8, , 
,763.91,1312,69.0,-11.7,11101010,763.28,1440,25.1,4.12,336.6,763.61,3.1,0.0, , 
,764.97,1920,69.0,-19.1,11101010,764.27,2048,20.8,2.06,295.8,764.62,0.0,7.8, , 
,766.05,1920,69.0,0.0,11101010,765.34,1920,25.1,3.09,336.6,765.70,0.0,7.8, , 
,767.13,1984,67.5,0.0,11101010,766.42,1952,60.4,9.27,673.2,766.77,0.0,7.8, , 
,768.19,2048,69.0,3.1,11101000,767.48,1984,62.0,9.27,693.6,767.84,0.0,7.8, , 
,769.26,2048,67.5,0.0,11101000,768.56,2016,53.3,6.18,612.0,768.91,0.0,7.8, , 
,770.32,2016,67.5,-2.0,11101000,769.61,2048,31.0,4.12,397.8,769.95,0.0,7.8, , 
,771.36,2048,69.0,0.0,11101000,770.67,2048,44.3,6.18,520.2,771.02,0.0,7.8, , 
,772.43,2112,67.5,0.4,11101000,771.71,2048,60.4,9.27,673.2,772.08,0.0,7.8, , 
,773.43,2176,67.5,0.8,11101000,772.76,2144,67.8,10.30,734.4,773.10,0.0,7.8, , 
,774.44,2272,67.5,0.0,11101000,773.75,2176,90.2,17.51,948.6,774.11,0.0,7.8, , 
,775.48,2368,67.5,-11.3,11101000,774.79,2272,94.5,16.48,989.4,775.14,0.0,7.8, , 
,776.50,2464,69.0,-13.7,11101000,775.81,2400,94.5,14.42,989.4,776.15,0.0,7.8, , 
,777.50,2464,67.5,0.0,11111100,776.83,2496,92.9,15.45,969.0,777.17,0.0,7.8, , 
,778.50,2400,67.5,0.0,11101000,777.83,2464,0.0,0.00,275.4,778.16,0.0,7.8, , 
,779.56,2464,67.5,0.0,11101000,778.86,2400,29.4,5.15,357.0,779.21,0.0,7.8, , 
,780.55,2528,67.5,0.0,11111100,779.86,2464,94.5,17.51,989.4,780.20,0.0,7.8, , 
,781.58,2528,67.5,0.0,11101000,780.88,2528,20.8,3.09,275.4,781.22,0.0,7.8, , 
,782.61,2624,67.5,0.0,11101000,781.91,2560,94.5,17.51,989.4,782.25,0.0,7.8, , 
,783.64,2752,67.5,-12.1,11101000,782.97,2688,94.5,17.51,989.4,783.30,0.0,7.8, , 
,784.68,2848,67.5,-16.0,11101000,783.97,2784,94.5,16.48,989.4,784.33,0.0,7.8, , 
,785.82,2976,67.5,-19.5,11101000,785.05,2912,96.1,15.45,989.4,785.36,0.0,7.8, , 
,786.84,3104,67.5,-21.5,11101000,786.11,3008,96.1,15.45,989.4,786.49,0.0,7.8, , 
,787.90,3200,67.5,-23.8,11101000,787.18,3136,96.1,14.42,989.4,787.53,0.0,7.8, , 
,788.98,3296,67.5,0.0,11101000,788.27,3232,96.1,13.39,989.4,788.62,0.0,7.8, , 
,790.03,3008,67.5,0.0,11111100,789.35,3360,92.9,15.45,969.0,789.71,0.0,7.8, , 
,791.05,2144,67.5,0.0,11101000,790.35,2464,0.0,0.00,295.8,790.72,0.0,7.8, , 
,792.09,2464,67.5,0.0,11101000,791.41,2592,19.2,3.09,275.4,791.76,0.0,7.8, , 
,793.12,2560,67.5,-0.4,11101000,792.43,2560,50.2,7.21,571.2,792.77,0.0,7.8, , 
,794.15,2560,67.5,-4.7,11101000,793.46,2560,54.5,8.24,612.0,793.81,0.0,7.8, , 
,795.18,2592,67.5,-9.0,11101000,794.49,2592,73.7,11.33,795.6,794.83,0.0,7.8, , 
,796.17,2624,67.5,-9.0,11101000,795.50,2624,69.4,10.30,754.8,795.83,0.0,7.8, , 
,797.21,2656,67.5,-9.0,11101000,796.50,2656,71.0,10.30,754.8,796.85,0.0,7.8, , 
,798.26,2688,69.0,-9.0,11101000,797.55,2656,71.0,10.30,754.8,797.90,0.0,7.8, , 
,799.26,2688,69.0,0.0,11111100,798.61,2688,62.0,9.27,673.2,798.94,0.0,7.8, , 
,800.24,2656,69.0,0.0,11111100,799.58,2688,19.2,2.06,275.4,799.91,0.0,7.8, , 
,801.26,2592,69.0,0.0,11101000,800.57,2624,19.2,3.09,275.4,800.91,0.0,7.8, , 
,802.25,2592,69.0,0.0,11101000,801.59,2624,44.3,8.24,499.8,801.90,0.0,7.8, , 
,803.22,2624,69.0,-1.6,11101000,802.58,2592,51.8,8.24,591.6,802.90,0.0,7.8, , 
,804.22,2592,69.0,0.0,11101000,803.55,2592,47.1,7.21,520.2,803.87,0.0,7.8, , 
,805.23,2592,69.0,-12.5,11101000,804.56,2592,22.0,3.09,295.8,804.88,0.0,7.8, , 
,806.22,2560,69.0,-19.1,11101000,805.57,2560,22.0,3.09,295.8,805.89,0.0,7.8, , 
,807.20,2528,69.0,0.0,11111100,806.54,2560,20.8,2.06,295.8,806.88,0.0,7.8, , 
,808.15,2496,69.0,0.0,11101000,807.52,2528,0.0,0.00,244.8,807.84,0.0,7.8, , 
,809.13,2496,69.0,-10.9,11101000,808.50,2496,19.2,3.09,244.8,808.82,0.0,7.8, , 
,810.16,2464,69.0,0.0,11101000,809.46,2496,20.8,3.09,295.8,809.81,0.0,7.8, , 
,811.15,2528,69.0,0.0,11101000,810.50,2496,50.2,8.24,571.2,810.81,0.0,7.8, , 
,812.14,2560,69.0,0.0,11101000,811.47,2528,69.4,11.33,754.8,811.79,0.0,7.8, , 
,813.16,2592,69.0,-6.3,11101000,812.48,2560,76.9,12.36,826.2,812.83,0.0,7.8, , 
,814.17,2592,69.0,0.0,11101000,813.51,2592,73.7,11.33,795.6,813.82,0.0,7.8, , 
,815.17,2592,69.0,-1.2,11101000,814.49,2592,60.4,9.27,652.8,814.82,0.0,7.8, , 
,816.21,2592,69.0,-3.1,11101000,815.52,2592,62.0,9.27,673.2,815.87,0.0,7.8, , 
,817.24,2560,69.0,-3.9,11101000,816.56,2592,63.5,9.27,693.6,816.88,0.0,7.8, , 
,818.26,2560,69.0,-4.7,11101000,817.59,2560,63.5,9.27,693.6,817.93,0.0,7.8, , 
,819.30,2528,69.0,-4.7,11101000,818.62,2560,63.5,9.27,693.6,818.95,0.0,7.8, , 
,820.31,2528,69.0,-5.9,11101000,819.64,2528,65.1,9.27,693.6,819.98,0.0,7.8, , 
,821.31,2496,69.0,-6.6,11101000,820.64,2528,67.8,10.30,734.4,820.96,0.0,7.8, , 
,822.29,2496,69.0,-3.5,11101000,821.64,2496,67.8,10.30,734.4,821.97,0.0,7.8, , 
,823.33,2496,69.0,-3.9,11101000,822.64,2496,67.8,10.30,734.4,822.97,0.0,7.8, , 
,824.36,2528,69.0,-3.9,11101000,823.69,2496,67.8,10.30,734.4,824.03,0.0,7.8, , 
,825.41,2528,69.0,-3.5,11101000,824.73,2528,67.8,10.30,734.4,825.07,0.0,7.8, , 
,826.46,2560,69.0,-2.0,11101000,825.78,2528,67.8,10.30,734.4,826.12,0.0,7.8, , 
,827.48,2560,69.0,-2.0,11101000,826.81,2560,66.3,10.30,714.0,827.14,0.0,7.8, , 
,828.48,2592,69.0,-1.6,11101000,827.83,2560,66.3,10.30,714.0,828.14,0.0,7.8, , 
,829.45,2592,70.5,-1.6,11101000,828.80,2592,66.3,9.27,714.0,829.12,0.0,7.8, , 
,830.47,2624,69.0,-1.6,11101000,829.80,2592,66.3,10.30,714.0,830.14,0.0,7.8, , 
,831.50,2624,69.0,-2.0,11101000,830.83,2624,66.3,10.30,714.0,831.16,0.0,7.8, , 
,832.53,2656,69.0,-1.6,11101000,831.83,2624,66.3,9.27,714.0,832.18,0.0,7.8, , 
,833.55,2656,69.0,-0.8,11101000,832.89,2656,65.1,9.27,714.0,833.23,0.0,7.8, , 
,834.58,2656,70.5,-0.8,11101000,833.90,2656,56.1,8.24,612.0,834.24,0.0,7.8, , 
,835.64,2656,70.5,-0.4,11101000,834.93,2656,44.3,6.18,499.8,835.27,0.0,7.8, , 
,836.66,2624,70.5,0.0,11101000,835.99,2624,28.2,4.12,357.0,836.32,0.0,7.8, , 
,837.68,2624,70.5,-0.8,11101000,837.00,2624,42.7,6.18,499.8,837.33,0.0,7.8, , 
,838.71,2592,70.5,-0.4,11101000,838.04,2624,42.7,6.18,499.8,838.37,0.0,7.8, , 
,839.74,2592,70.5,0.0,11101000,839.06,2592,42.7,6.18,499.8,839.38,0.0,7.8, , 
,840.75,2592,70.5,0.0,11101000,840.07,2592,44.3,6.18,499.8,840.40,0.0,7.8, , 
,841.75,2592,70.5,0.4,11101000,841.08,2592,42.7,6.18,499.8,841.43,0.0,7.8, , 
,842.75,2560,70.5,1.2,11101000,842.09,2592,44.3,6.18,499.8,842.41,0.0,7.8, , 
,843.78,2560,70.5,0.4,11101000,843.09,2592,42.7,6.18,499.8,843.43,0.0,7.8, , 
,844.80,2560,70.5,0.0,11101000,844.12,2560,44.3,6.18,499.8,844.45,0.0,7.8, , 
,845.85,2560,70.5,0.4,11101000,845.17,2560,44.3,6.18,499.8,845.50,0.0,7.8, , 
,846.90,2560,70.5,2.7,11101000,846.21,2560,45.9,6.18,520.2,846.56,0.0,7.8, , 
,847.94,2560,70.5,2.3,11101000,847.26,2560,47.1,7.21,520.2,847.60,0.0,7.8, , 
,848.97,2560,70.5,2.3,11101000,848.28,2560,48.6,7.21,550.8,848.62,0.0,7.8, , 
,850.01,2560,70.5,1.6,11101000,849.32,2560,48.6,7.21,550.8,849.67,0.0,7.8, , 
,851.05,2528,70.5,1.2,11101000,850.36,2560,48.6,7.21,550.8,850.71,0.0,7.8, , 
,852.08,2528,70.5,-2.0,11101000,851.40,2528,42.7,6.18,479.4,851.75,0.0,7.8, , 
,853.12,2528,70.5,-6.3,11101000,852.42,2528,42.7,6.18,479.4,852.77,0.0,7.8, , 
,854.10,2496,70.5,-8.6,11101000,853.43,2496,35.3,5.15,418.2,853.76,0.0,7.8, , 
,855.12,2464,70.5,-12.1,11101000,854.45,2464,23.5,3.09,316.2,854.77,0.0,7.8, , 
,856.11,2432,70.5,-25.8,11101000,855.45,2432,17.6,2.06,244.8,855.78,0.0,7.8, , 
,857.08,2400,70.5,-30.5,11101000,856.45,2400,17.6,2.06,244.8,856.76,0.0,7.8, , 
,858.07,2336,70.5,-30.1,11101000,857.42,2368,17.6,2.06,275.4,857.75,0.0,7.8, , 
,859.08,2304,70.5,0.0,11111100,858.42,2336,19.2,2.06,275.4,858.74,0.0,7.8, , 
,860.07,2240,70.5,0.0,11111100,859.42,2272,0.0,0.00,275.4,859.73,0.0,7.8, , 
,861.10,2176,70.5,0.0,11111100,860.42,2208,0.0,0.00,244.8,860.74,0.0,7.8, , 
,862.12,2080,70.5,0.0,11111100,861.44,2144,0.0,0.00,275.4,861.78,0.0,7.8, , 
,863.17,1984,70.5,0.0,11111110,862.46,2048,0.0,0.00,275.4,862.82,0.0,7.8, , 
,864.14,960,70.5,0.0,11111110,863.53,1920,0.0,0.00,275.4,863.84,2.3,0.0, , 
,865.05,928,70.5,0.0,11111110,864.44,864,34.1,6.18,459.0,864.74,3.1,0.0, , 
,865.96,928,70.5,0.0,11111110,865.36,896,29.4,4.12,418.2,865.66,3.9,0.0, , 
,866.90,928,70.5,-6.3,11111110,866.27,896,29.4,4.12,418.2,866.58,3.9,0.0, , 
,867.82,928,70.5,-10.5,11111110,867.21,896,29.4,4.12,418.2,867.51,3.9,0.0, , 
,868.75,896,70.5,-12.9,11111110,868.14,896,29.4,3.09,397.8,868.45,3.9,0.0, , 
,869.68,896,70.5,-13.3,11111110,869.04,896,29.4,3.09,397.8,869.36,3.9,0.0, , 
,870.64,896,70.5,-14.1,11111110,870.00,896,28.2,3.09,397.8,870.32,3.9,0.0, , 
,871.58,896,70.5,-14.1,11111110,870.96,864,29.4,3.09,397.8,871.28,3.9,0.0, , 
,872.50,896,70.5,-14.1,11111110,871.88,864,29.4,3.09,418.2,872.18,3.9,0.0, , 
,873.40,864,70.5,-14.5,11111110,872.81,896,29.4,3.09,397.8,873.09,3.9,0.0, , 
,874.31,864,70.5,-14.5,11111110,873.71,896,29.4,3.09,418.2,874.00,3.9,0.0, , 
,875.24,896,70.5,-15.2,11111110,874.60,896,29.4,3.09,418.2,874.92,3.9,0.0, , 
,876.17,896,70.5,-16.0,11111110,875.57,896,29.4,3.09,418.2,875.88,3.9,0.0, , 
,877.08,896,70.5,-16.0,11111110,876.46,864,29.4,3.09,418.2,876.77,3.9,0.0, , 
,877.99,896,70.5,-16.0,11111110,877.37,864,29.4,3.09,418.2,877.66,3.9,0.0, , 
,878.95,864,70.5,-15.6,11111110,878.30,864,29.4,3.09,418.2,878.63,3.9,0.0, , 
,879.83,896,70.5,-16.0,11111110,879.26,864,31.0,3.09,418.2,879.54,3.9,0.0, , 
,880.74,864,72.0,-15.6,11111110,880.13,896,29.4,3.09,418.2,880.45,3.9,0.0, , 
,881.63,896,70.5,-15.6,11111110,881.03,896,29.4,3.09,418.2,881.32,3.9,0.0, , 
,882.55,768,72.0,-15.6,11111110,881.94,896,29.4,3.09,418.2,882.24,4.7,0.0, , 
,883.44,800,72.0,-15.2,11111110,882.85,800,31.0,3.09,438.6,883.16,3.9,0.0, , 
,884.32,800,72.0,-15.2,11111110,883.72,800,31.0,3.09,438.6,884.03,3.9,0.0, , 
,885.21,800,72.0,-14.5,11111110,884.62,800,31.0,4.12,438.6,884.91,3.9,0.0, , 
,886.08,800,72.0,-13.7,11111110,885.50,800,31.0,4.12,438.6,885.80,3.9,0.0, , 
,886.97,800,72.0,-13.7,11111110,886.37,800,31.0,4.12,438.6,886.66,3.9,0.0, , 
,887.82,800,72.0,-13.7,11111110,887.25,800,31.0,3.09,438.6,887.53,3.9,0.0, , 
,888.74,800,72.0,-14.1,11111110,888.14,800,31.0,3.09,438.6,888.43,3.9,0.0, , 
,889.64,800,72.0,-14.1,11111110,889.06,800,31.0,3.09,438.6,889.36,3.9,0.0, , 
,890.55,800,72.0,-14.1,11111110,889.93,800,31.0,4.12,438.6,890.23,3.9,0.0, , 
,891.45,800,72.0,-14.1,11111110,890.84,800,31.0,3.09,438.6,891.15,3.9,0.0, , 
,892.35,800,72.0,-14.1,11111110,891.75,800,31.0,4.12,438.6,892.05,3.9,0.0, , 
,893.27,800,72.0,-14.8,11111110,892.66,800,31.0,4.12,438.6,892.97,3.9,0.0, , 
,894.18,800,72.0,-14.8,11111110,893.57,800,31.0,3.09,438.6,893.87,3.9,0.0, , 
,895.10,800,72.0,-14.8,11111110,894.49,800,31.0,3.09,438.6,894.81,3.9,0.0, , 
,896.01,800,72.0,-14.8,11111110,895.42,800,31.0,3.09,438.6,895.71,3.9,0.0, , 
,896.93,800,72.0,-14.5,11111110,896.33,800,31.0,3.09,438.6,896.63,3.9,0.0, , 
,897.83,800,72.0,-14.8,11111110,897.24,800,31.0,3.09,438.6,897.55,3.9,0.0, , 
,898.70,800,72.0,-14.8,11111110,898.12,800,31.0,3.09,438.6,898.41,3.9,0.0, , 
,899.56,800,72.0,-14.8,11111110,898.98,800,31.0,3.09,438.6,899.27,3.9,0.0, , 
,900.50,800,72.0,-16.0,11111110,899.87,800,31.0,3.09,438.6,900.19,3.9,0.0, , 
,901.40,800,72.0,0.0,11101010,900.79,800,31.0,3.09,438.6,901.08,3.9,0.0, , 
,902.36,1184,72.0,0.0,11101010,901.72,1088,48.6,7.21,591.6,902.04,1.6,0.0, , 
,903.24,832,72.0,0.0,11101010,902.62,896,51.8,8.24,612.0,902.91,2.3,0.0, , 
,904.22,1408,72.0,0.0,11101010,903.57,1056,59.2,9.27,693.6,903.90,1.6,0.0, , 
,905.30,1760,72.0,0.0,11111110,904.61,1696,71.0,12.36,795.6,904.96,0.0,7.8, , 
,906.27,1216,72.0,0.0,11101010,905.64,1216,26.7,4.12,377.4,905.96,3.1,0.0, , 
,907.27,1312,72.0,0.0,11101010,906.61,1184,45.9,7.21,550.8,906.94,0.8,0.0, , 
,908.40,1632,72.0,0.0,11101010,907.67,1376,76.9,12.36,867.0,908.04,0.8,7.8, , 
,909.50,1792,72.0,0.0,11101010,908.76,1728,48.6,6.18,591.6,909.10,1.6,7.8, , 
,910.56,1696,72.0,-10.5,11111110,909.87,1760,23.5,3.09,336.6,910.23,2.3,7.8, , 
,911.64,1600,70.5,0.0,11101010,910.91,1728,22.0,3.09,316.2,911.28,2.3,7.8, , 
,912.75,1792,70.5,0.0,11101010,912.02,1632,41.2,7.21,499.8,912.37,0.8,7.8, , 
,913.79,2176,70.5,0.0,11101000,913.10,1920,84.3,15.45,907.8,913.45,0.0,7.8, , 
,914.79,2496,70.5,0.0,11111100,914.12,2336,90.2,16.48,948.6,914.47,0.0,7.8, , 
,915.88,1216,70.5,0.0,11101010,915.15,1920,0.0,0.00,336.6,915.50,3.1,0.0, , 
,916.93,1664,70.5,0.0,11101010,916.25,1728,31.0,5.15,397.8,916.58,1.6,7.8, , 
,918.04,1760,70.5,-3.1,11101010,917.29,1696,53.3,8.24,612.0,917.69,0.8,7.8, , 
,919.10,1824,70.5,-1.2,11101010,918.36,1792,56.1,9.27,652.8,918.73,0.0,7.8, , 
,920.20,1920,70.5,-4.7,11101010,919.48,1888,53.3,7.21,612.0,919.84,0.0,7.8, , 
,921.25,2016,70.5,-7.0,11101000,920.56,1952,50.2,7.21,591.6,920.91,0.0,7.8, , 
,922.28,2080,70.5,-8.2,11101000,921.59,2016,54.5,7.21,612.0,921.93,0.0,7.8, , 
,923.33,2176,70.5,-9.0,11101000,922.63,2112,53.3,7.21,612.0,922.99,0.0,7.8, , 
,924.37,2208,70.5,-9.4,11101000,923.67,2208,44.3,6.18,499.8,924.02,0.0,7.8, , 
,925.42,2272,70.5,-9.4,11101000,924.72,2240,42.7,5.15,479.4,925.07,0.0,7.8, , 
,926.42,2272,70.5,-9.0,11101000,925.75,2272,42.7,6.18,499.8,926.09,0.0,7.8, , 
,927.44,2304,70.5,-12.1,11101000,926.76,2304,40.0,5.15,479.4,927.10,0.0,7.8, , 
,928.51,1984,70.5,0.0,11111100,927.79,2304,26.7,3.09,336.6,928.13,0.0,7.8, , 
,929.45,1024,70.5,0.0,11111110,928.83,1408,0.0,0.00,336.6,929.15,3.1,0.0, , 
,930.33,928,70.5,0.0,11111110,929.72,1024,29.4,5.15,397.8,930.03,3.9,0.0, , 
,931.27,928,70.5,0.0,11111110,930.65,896,29.4,4.12,397.8,930.95,3.9,0.0, , 
,932.20,928,70.5,-9.8,11111110,931.59,928,29.4,4.12,397.8,931.88,3.9,0.0, , 
,933.13,864,70.5,-13.7,11111110,932.52,896,29.4,3.09,397.8,932.82,3.9,0.0, , 
,934.03,864,70.5,-13.7,11111110,933.44,896,29.4,3.09,418.2,933.73,3.9,0.0, , 
,934.96,864,70.5,-13.7,11111110,934.33,864,29.4,3.09,418.2,934.65,3.9,0.0, , 
,935.86,896,70.5,-13.3,11111110,935.28,896,31.0,3.09,418.2,935.56,3.9,0.0, , 
,936.79,896,70.5,-13.3,11111110,936.18,896,29.4,3.09,418.2,936.48,3.9,0.0, , 
,937.76,864,70.5,-13.7,11111110,937.12,896,29.4,3.09,418.2,937.43,3.9,0.0, , 
,938.74,896,72.0,-12.9,11111110,938.09,896,31.0,3.09,418.2,938.40,3.9,0.0, , 
,939.71,1184,72.0,0.0,11101010,939.07,1120,42.7,7.21,499.8,939.38,1.6,0.0, , 
,940.68,1376,72.0,0.0,11101010,940.02,1248,48.6,7.21,591.6,940.35,0.8,0.0, , 
,941.78,1408,72.0,0.0,11111110,941.06,1472,71.0,11.33,795.6,941.44,0.8,7.8, , 
,942.76,1216,73.5,0.0,11111110,942.11,1024,32.5,5.15,438.6,942.44,3.1,0.0, , 
,943.65,768,72.0,0.0,11111110,943.05,1024,22.0,3.09,336.6,943.35,4.7,0.0, , 
,944.54,896,72.0,-7.0,11111110,943.94,768,35.3,6.18,479.4,944.23,3.1,0.0, , 
,945.47,864,73.5,-16.4,11111110,944.84,896,29.4,4.12,418.2,945.15,3.9,0.0, , 
,946.37,864,73.5,-17.2,11111110,945.76,864,31.0,3.09,418.2,946.08,3.9,0.0, , 
,947.27,864,73.5,-16.0,11111110,946.67,896,31.0,3.09,418.2,946.97,3.9,0.0, , 
,948.16,800,73.5,-16.0,11111110,947.58,832,29.4,3.09,418.2,947.87,4.7,0.0, , 
,949.07,800,73.5,-15.6,11111110,948.46,800,32.5,4.12,438.6,948.76,3.9,0.0, , 
,949.95,800,73.5,-15.2,11111110,949.36,800,32.5,4.12,438.6,949.66,3.9,0.0, , 
,950.84,800,73.5,-15.2,11111110,950.25,800,32.5,4.12,438.6,950.55,3.9,0.0, , 
,951.73,800,73.5,-15.6,11111110,951.14,800,32.5,4.12,438.6,951.43,3.9,0.0, , 
,952.63,800,73.5,-16.8,11111110,952.02,800,31.0,4.12,438.6,952.32,3.9,0.0, , 
,953.56,800,73.5,-17.6,11111110,952.94,800,32.5,3.09,438.6,953.24,3.9,0.0, , 
,954.48,800,73.5,-18.0,11111110,953.88,800,32.5,3.09,438.6,954.18,3.9,0.0, , 
,955.40,800,73.5,-18.0,11111110,954.79,768,32.5,4.12,459.0,955.09,3.9,0.0, , 
,956.32,768,73.5,-18.0,11111110,955.70,800,32.5,3.09,438.6,956.01,3.9,0.0, , 
,957.26,800,73.5,-18.0,11111110,956.63,800,32.5,3.09,438.6,956.95,3.9,0.0, , 
,958.15,800,73.5,-17.6,11111110,957.56,800,32.5,4.12,459.0,957.85,3.9,0.0, , 
,959.05,800,73.5,-17.6,11111110,958.45,800,32.5,3.09,459.0,958.76,3.9,0.0, , 
,959.98,800,73.5,-17.2,11111110,959.35,800,32.5,4.12,459.0,959.68,3.9,0.0, , 
,960.90,800,73.5,-16.8,11111110,960.29,800,32.5,4.12,459.0,960.59,3.9,0.0, , 
,961.82,800,73.5,-16.8,11111110,961.20,800,32.5,4.12,438.6,961.52,3.9,0.0, , 
,962.71,800,73.5,-17.2,11111110,962.12,800,31.0,3.09,438.6,962.41,3.9,0.0, , 
,963.61,800,73.5,-17.6,11111110,963.01,800,32.5,4.12,438.6,963.31,3.9,0.0, , 
,964.49,800,75.0,-18.0,11111110,963.90,800,31.0,3.09,438.6,964.20,3.9,0.0, , 
,965.39,800,73.5,-18.0,11111110,964.79,768,32.5,3.09,438.6,965.09,3.9,0.0, , 
,966.30,800,73.5,-17.6,11111110,965.68,800,32.5,3.09,438.6,965.99,3.9,0.0, , 
,967.20,800,73.5,-17.2,11111110,966.58,800,31.0,3.09,438.6,966.88,3.9,0.0, , 
,968.10,800,75.0,-17.2,11111110,967.50,800,32.5,3.09,438.6,967.79,3.9,0.0, , 
,969.00,800,75.0,-17.6,11111110,968.42,800,32.5,3.09,438.6,968.70,3.9,0.0, , 
,969.88,800,75.0,-17.6,11111110,969.29,800,32.5,4.12,438.6,969.59,3.9,0.0, , 
,970.82,800,75.0,-16.8,11111110,970.21,800,31.0,3.09,438.6,970.51,3.9,0.0, , 
,971.73,800,75.0,-16.8,11111110,971.12,800,31.0,3.09,438.6,971.42,3.9,0.0, , 
,972.64,800,75.0,-16.8,11111110,972.04,800,32.5,3.09,438.6,972.34,3.9,0.0, , 
,973.53,768,75.0,-17.2,11111110,972.93,800,32.5,3.09,438.6,973.23,3.9,0.0, , 
,974.43,768,75.0,-17.2,11111110,973.82,800,31.0,3.09,438.6,974.13,3.9,0.0, , 
,975.36,800,75.0,-16.8,11111110,974.74,800,32.5,3.09,438.6,975.06,3.9,0.0, , 
,976.24,800,75.0,-16.8,11111110,975.65,800,32.5,3.09,438.6,975.94,3.9,0.0, , 
,977.16,800,75.0,-16.8,11111110,976.54,800,32.5,3.09,438.6,976.86,3.9,0.0, , 
,978.03,800,75.0,-16.0,11111110,977.44,800,32.5,4.12,438.6,977.73,3.9,0.0, , 
,978.94,800,75.0,-16.4,11111110,978.32,800,32.5,4.12,438.6,978.63,3.9,0.0, , 
,979.85,800,75.0,-16.4,11111110,979.24,800,31.0,3.09,438.6,979.54,3.9,0.0, , 
,980.77,800,75.0,-16.8,11111110,980.17,800,32.5,4.12,438.6,980.48,3.9,0.0, , 
,981.64,800,75.0,-16.8,11111110,981.07,800,31.0,3.09,438.6,981.36,3.9,0.0, , 
,982.53,800,75.0,-16.4,11111110,981.93,800,32.5,3.09,438.6,982.23,3.9,0.0, , 
,983.41,800,75.0,-18.8,11101010,982.82,800,32.5,3.09,438.6,983.12,3.9,0.0, , 
,984.46,1536,75.0,0.0,11101010,983.74,992,48.6,8.24,591.6,984.09,1.6,7.8, , 
,985.42,1120,75.0,-9.0,11101010,984.78,1408,42.7,5.15,520.2,985.11,1.6,0.0, , 
,986.34,1056,75.0,0.0,11101010,985.71,992,54.5,7.21,652.8,986.02,1.6,0.0, , 
,987.28,1152,75.0,-5.1,11101010,986.67,1088,36.9,5.15,479.4,986.97,3.1,0.0, , 
,988.22,1088,75.0,-12.1,11111110,987.61,1152,28.2,3.09,377.4,987.91,3.1,0.0, , 
,989.15,960,75.0,-17.2,11101010,988.51,1056,25.1,3.09,357.0,988.83,3.9,0.0, , 
,990.07,896,73.5,0.0,11101010,989.47,1024,31.0,3.09,418.2,989.77,3.1,0.0, , 
,991.03,1152,73.5,-8.2,11101010,990.41,960,42.7,6.18,550.8,990.71,2.3,0.0, , 
,992.04,1472,75.0,-7.4,11101010,991.34,1248,41.2,5.15,520.2,991.71,1.6,0.0, , 
,993.14,1856,73.5,0.0,11101010,992.41,1568,50.2,8.24,612.0,992.78,0.8,7.8, , 
,994.13,2048,73.5,0.0,11111100,993.47,2048,67.8,11.33,754.8,993.79,0.0,7.8, , 
,995.07,1312,73.5,0.0,11101010,994.42,1568,0.0,0.00,357.0,994.74,2.3,0.0, , 
,996.08,1536,73.5,0.0,11101010,995.42,1312,60.4,11.33,693.6,995.72,0.8,0.0, , 
,997.15,1888,73.5,0.0,11101010,996.44,1664,76.9,13.39,867.0,996.81,0.8,7.8, , 
,998.20,2176,73.5,-7.4,11101000,997.51,1984,72.2,11.33,795.6,997.85,0.0,7.8, , 
,999.26,2528,73.5,-10.9,11101000,998.54,2304,72.2,10.30,775.2,998.90,0.0,7.8, , 
,1000.23,2560,73.5,0.0,11111100,999.59,2624,73.7,10.30,795.6,999.91,0.0,7.8, , 
,1001.33,1856,73.5,0.0,11101010,1000.59,2016,0.0,0.00,316.2,1000.95,2.3,0.0, , 
,1002.45,1824,73.5,0.0,11101010,1001.69,1824,32.5,5.15,418.2,1002.07,0.0,7.8, , 
,1003.58,1952,73.5,-3.5,11101010,1002.82,1856,66.3,11.33,754.8,1003.20,0.0,7.8, , 
,1004.65,2016,73.5,-3.9,11101000,1003.93,1984,65.1,9.27,734.4,1004.30,0.0,7.8, , 
,1005.66,2144,73.5,-4.3,11101000,1005.00,2080,62.0,9.27,693.6,1005.33,0.0,7.8, , 
,1006.69,2240,73.5,-4.3,11101000,1005.99,2176,60.4,9.27,673.2,1006.34,0.0,7.8, , 
,1007.68,2336,73.5,-4.7,11101000,1007.02,2272,65.1,9.27,714.0,1007.36,0.0,7.8, , 
,1008.78,2432,75.0,-4.7,11101000,1008.04,2368,63.5,9.27,714.0,1008.41,0.0,7.8, , 
,1009.82,2528,75.0,-5.5,11101000,1009.14,2464,62.0,9.27,693.6,1009.47,0.0,7.8, , 
,1010.82,2656,75.0,-5.5,11101000,1010.16,2560,66.3,10.30,734.4,1010.48,0.0,7.8, , 
,1011.84,2752,75.0,-6.6,11101000,1011.16,2688,65.1,9.27,714.0,1011.49,0.0,7.8, , 
,1012.84,2848,75.0,-5.1,11101000,1012.19,2784,65.1,9.27,714.0,1012.53,0.0,7.8, , 
,1013.83,2464,75.0,0.0,11111100,1013.15,2880,60.4,9.27,673.2,1013.51,0.0,8.2, , 
,1014.85,2176,75.0,0.0,11101000,1014.18,1920,0.0,0.00,295.8,1014.51,3.1,0.0, , 
,1015.93,2112,75.0,0.0,11101000,1015.22,2080,28.2,4.12,357.0,1015.57,0.0,8.2, , 
,1016.97,2144,75.0,-3.1,11101000,1016.29,2112,65.1,10.30,714.0,1016.64,0.0,8.2, , 
,1017.98,2208,75.0,-8.2,11101000,1017.31,2176,71.0,10.30,775.2,1017.64,0.0,8.2, , 
,1018.97,2240,75.0,-7.8,11101000,1018.30,2208,71.0,10.30,775.2,1018.64,0.0,8.2, , 
,1019.98,2272,76.5,0.0,11101000,1019.31,2240,62.0,9.27,693.6,1019.64,0.0,8.2, , 
,1021.01,2304,76.5,1.2,11101000,1020.33,2304,60.4,9.27,673.2,1020.67,0.0,8.2, , 
,1022.04,2336,76.5,0.0,11101000,1021.37,2336,53.3,8.24,612.0,1021.70,0.0,8.2, , 
,1023.05,2304,76.5,-10.2,11101000,1022.37,2304,22.0,3.09,295.8,1022.72,0.0,8.2, , 
,1024.09,2240,76.5,-19.9,11101000,1023.40,2272,19.2,2.06,275.4,1023.74,0.0,8.2, , 
,1025.08,2240,76.5,-27.0,11101000,1024.42,2240,22.0,2.06,295.8,1024.75,0.0,8.2, , 
,1026.09,2240,76.5,-17.6,11101000,1025.42,2240,42.7,5.15,499.8,1025.74,0.0,8.2, , 
,1027.12,2240,76.5,-15.2,11101000,1026.43,2240,41.2,5.15,499.8,1026.77,0.0,8.2, , 
,1028.14,2208,76.5,-14.8,11101000,1027.46,2240,28.2,3.09,377.4,1027.81,0.0,8.2, , 
,1029.14,2208,76.5,-15.6,11101000,1028.46,2208,35.3,4.12,418.2,1028.80,0.0,8.2, , 
,1030.16,2176,76.5,-19.5,11101000,1029.48,2176,23.5,3.09,316.2,1029.82,0.0,8.2, , 
,1031.21,2144,76.5,-20.7,11101000,1030.51,2176,23.5,3.09,316.2,1030.85,0.0,8.2, , 
,1032.23,2144,78.0,-17.6,11101000,1031.55,2144,32.5,4.12,397.8,1031.89,0.0,8.2, , 
,1033.25,2144,76.5,-13.7,11101000,1032.58,2144,36.9,4.12,459.0,1032.91,0.0,8.2, , 
,1034.26,2144,78.0,-9.8,11101000,1033.58,2144,42.7,5.15,499.8,1033.92,0.0,8.2, , 
,1035.30,2176,78.0,-5.1,11101000,1034.61,2144,42.7,6.18,520.2,1034.95,0.0,8.2, , 
,1036.33,2208,76.5,-3.5,11101000,1035.64,2176,50.2,7.21,591.6,1035.99,0.0,8.2, , 
,1037.37,2240,78.0,-4.3,11101000,1036.67,2208,48.6,7.21,571.2,1037.02,0.0,8.2, , 
,1038.46,2240,78.0,-6.3,11101000,1037.73,2240,40.0,5.15,459.0,1038.09,0.0,8.2, , 
,1039.49,2240,78.0,-7.8,11101000,1038.82,2240,41.2,5.15,479.4,1039.16,0.0,8.2, , 
,1040.47,2272,76.5,-8.2,11101000,1039.81,2272,41.2,5.15,479.4,1040.14,0.0,8.2, , 
,1041.45,2272,76.5,-8.2,11101000,1040.80,2272,41.2,5.15,479.4,1041.12,0.0,8.2, , 
,1042.50,2304,78.0,-5.5,11101000,1041.79,2304,45.9,6.18,520.2,1042.15,0.0,8.2, , 
,1043.49,2336,78.0,-2.0,11101000,1042.83,2304,51.8,7.21,591.6,1043.16,0.0,8.2, , 
,1044.59,2400,78.0,0.4,11101000,1043.83,2368,51.8,8.24,591.6,1044.21,0.0,8.2, , 
,1045.64,2432,78.0,-1.2,11101000,1044.93,2400,50.2,7.21,571.2,1045.28,0.0,8.2, , 
,1046.67,2464,76.5,-2.0,11101000,1045.97,2432,48.6,7.21,571.2,1046.33,0.0,8.2, , 
,1047.74,2464,76.5,-2.0,11101000,1047.01,2464,48.6,7.21,571.2,1047.38,0.0,8.2, , 
,1048.78,2496,76.5,-3.9,11101000,1048.10,2496,48.6,7.21,571.2,1048.43,0.0,8.2, , 
,1049.81,2528,76.5,-5.1,11101000,1049.13,2496,50.2,7.21,571.2,1049.46,0.0,8.2, , 
,1050.85,2560,76.5,-4.7,11101000,1050.17,2528,48.6,7.21,571.2,1050.50,0.0,8.2, , 
,1051.90,2592,76.5,-5.1,11101000,1051.21,2560,51.8,7.21,591.6,1051.56,0.0,8.2, , 
,1052.90,2624,76.5,-5.1,11101000,1052.23,2624,50.2,7.21,571.2,1052.56,0.0,8.2, , 
,1053.91,2656,76.5,-4.3,11101000,1053.23,2656,50.2,7.21,571.2,1053.58,0.0,8.2, , 
,1054.91,2688,76.5,-2.7,11101000,1054.25,2656,50.2,7.21,571.2,1054.57,0.0,8.2, , 
,1055.94,2720,76.5,-2.3,11101000,1055.26,2688,48.6,7.21,571.2,1055.61,0.0,8.2, , 
,1057.00,2720,76.5,-1.6,11101000,1056.28,2720,48.6,7.21,550.8,1056.64,0.0,8.2, , 
,1058.09,2752,76.5,-2.3,11101000,1057.35,2720,48.6,7.21,550.8,1057.74,0.0,8.2, , 
,1059.14,2784,76.5,-1.2,11101000,1058.43,2752,47.1,7.21,550.8,1058.80,0.0,8.2, , 
,1060.21,2784,78.0,-2.0,11101000,1059.49,2784,47.1,7.21,550.8,1059.85,0.0,8.2, , 
,1061.22,2816,78.0,-2.3,11101000,1060.55,2784,50.2,7.21,571.2,1060.87,0.0,8.2, , 
,1062.27,2816,76.5,-2.3,11101000,1061.55,2816,50.2,7.21,571.2,1061.91,0.0,8.2, , 
,1063.30,2848,76.5,-3.1,11101000,1062.60,2848,50.2,7.21,571.2,1062.94,0.0,8.2, , 
,1064.30,2848,76.5,-3.9,11101000,1063.62,2848,50.2,7.21,571.2,1063.97,0.0,8.2, , 
,1065.33,2880,76.5,-2.7,11101000,1064.64,2880,50.2,7.21,571.2,1064.98,0.0,8.2, , 
,1066.42,2912,76.5,-2.0,11101000,1065.68,2880,50.2,7.21,571.2,1066.04,0.0,8.2, , 
,1067.55,2912,76.5,-2.0,11101000,1066.79,2912,48.6,7.21,571.2,1067.17,0.0,8.2, , 
,1068.54,2912,76.5,-0.8,11101000,1067.90,2912,48.6,7.21,571.2,1068.20,0.0,8.2, , 
,1069.62,2944,76.5,-2.3,11101000,1068.95,2912,50.2,7.21,571.2,1069.32,0.0,8.2, , 
,1070.79,2944,76.5,-2.7,11101000,1070.06,2944,53.3,8.24,591.6,1070.33,0.0,8.2, , 
,1071.72,2976,76.5,-4.3,11101000,1071.09,2944,54.5,8.24,612.0,1071.36,0.0,8.2, , 
,1073.01,3008,76.5,-4.7,11101000,1072.18,2976,57.6,8.24,632.4,1072.65,0.0,8.2, , 
,1074.04,3008,78.0,-3.9,11101000,1073.29,3008,56.1,8.24,632.4,1073.57,0.0,8.2, , 
,1075.04,3040,76.5,-2.7,11101000,1074.34,3008,56.1,8.24,632.4,1074.70,0.0,8.2, , 
,1076.08,3040,76.5,-3.1,11101000,1075.44,3040,56.1,8.24,632.4,1075.70,0.0,8.2, , 
,1077.25,3072,76.5,-2.7,11101000,1076.49,3040,56.1,8.24,612.0,1076.89,0.0,8.2, , 
,1078.26,2144,76.5,0.0,11111100,1077.59,3072,54.5,8.24,612.0,1077.91,0.0,8.2, , 
,1079.26,1600,78.0,0.0,11101010,1078.58,1600,0.0,0.00,316.2,1078.88,3.1,0.0, , 
,1080.25,2272,78.0,-12.5,11101000,1079.61,2336,20.8,3.09,295.8,1079.94,0.0,8.2, , 
,1081.28,2240,78.0,-14.5,11101000,1080.57,2240,23.5,3.09,316.2,1080.92,0.0,8.2, , 
,1082.33,2240,78.0,0.0,11101000,1081.64,2240,56.1,9.27,632.4,1081.98,0.0,8.2, , 
,1083.30,2272,78.0,0.0,11101000,1082.66,2240,92.9,17.51,989.4,1082.99,0.0,8.2, , 
,1084.27,2304,78.0,-14.8,11101000,1083.63,2272,92.9,15.45,989.4,1083.95,0.0,8.2, , 
,1085.24,2368,78.0,-20.3,11101000,1084.59,2336,91.4,13.39,989.4,1084.91,0.0,8.2, , 
,1086.22,2400,78.0,0.0,11101000,1085.56,2368,88.6,12.36,948.6,1085.90,0.0,8.2, , 
,1087.24,2400,78.0,0.0,11101000,1086.58,2400,62.0,9.27,693.6,1086.89,0.0,8.2, , 
,1088.25,2400,78.0,-2.3,11101000,1087.57,2400,48.6,7.21,571.2,1087.92,0.0,8.2, , 
,1089.29,2400,78.0,-5.1,11101000,1088.60,2400,50.2,7.21,571.2,1088.95,0.0,8.2, , 
,1090.34,2400,78.0,-7.8,11101000,1089.67,2400,51.8,7.21,571.2,1090.03,0.0,8.2, , 
,1091.41,2400,78.0,-7.8,11101000,1090.68,2400,62.0,9.27,693.6,1091.05,0.0,8.2, , 
,1092.45,2432,78.0,-6.3,11101000,1091.75,2432,62.0,9.27,693.6,1092.11,0.0,8.2, , 
,1093.52,2432,78.0,-6.6,11101000,1092.81,2432,59.2,8.24,652.8,1093.16,0.0,8.2, , 
,1094.61,2432,78.0,-4.7,11101000,1093.87,2432,51.8,7.21,591.6,1094.24,0.0,8.2, , 
,1095.63,2432,78.0,-9.8,11101000,1094.94,2432,44.3,6.18,499.8,1095.27,0.0,8.2, , 
,1096.73,2464,78.0,-9.8,11101000,1095.99,2432,71.0,10.30,754.8,1096.38,0.0,8.2, , 
,1097.74,2496,78.0,-9.4,11101000,1097.10,2464,72.2,10.30,795.6,1097.42,0.0,8.2, , 
,1098.81,2496,78.0,-7.0,11101000,1098.10,2496,69.4,9.27,754.8,1098.45,0.0,8.2, , 
,1099.79,2528,78.0,0.0,11101000,1099.14,2528,60.4,9.27,673.2,1099.45,0.0,8.2, , 
,1100.87,2496,78.0,-2.0,11101000,1100.16,2528,44.3,6.18,520.2,1100.50,0.0,8.2, , 
,1101.89,2496,78.0,-2.3,11101000,1101.21,2496,45.9,7.21,520.2,1101.57,0.0,8.2, , 
,1102.94,2496,78.0,-2.3,11101000,1102.23,2496,48.6,7.21,571.2,1102.57,0.0,8.2, , 
,1103.94,2496,78.0,-5.1,11101000,1103.27,2496,47.1,7.21,550.8,1103.61,0.0,8.2, , 
,1104.95,2496,78.0,-10.2,11101000,1104.28,2496,23.5,3.09,316.2,1104.61,0.0,8.2, , 
,1105.95,2432,78.0,-25.0,11101000,1105.31,2432,17.6,2.06,244.8,1105.62,0.0,8.2, , 
,1106.94,2400,78.0,-30.5,11101000,1106.30,2432,16.1,2.06,244.8,1106.63,0.0,8.2, , 
,1107.91,2368,78.0,-30.5,11101000,1107.26,2400,17.6,2.06,244.8,1107.58,0.0,8.2, , 
,1108.89,2336,78.0,-31.6,11111100,1108.23,2368,17.6,2.06,244.8,1108.56,0.0,8.2, , 
,1109.86,2272,78.0,0.0,11111100,1109.22,2304,17.6,2.06,244.8,1109.55,0.0,8.2, , 
,1110.87,2208,78.0,0.0,11111100,1110.18,2240,0.0,0.00,244.8,1110.53,0.0,8.2, , 
,1111.91,2112,78.0,0.0,11111100,1111.22,2144,0.0,0.00,244.8,1111.57,0.0,8.2, , 
,1112.95,2016,78.0,0.0,11111100,1112.25,2080,0.0,0.00,244.8,1112.59,0.0,8.2, , 
,1114.01,1952,78.0,0.0,11111110,1113.31,1984,0.0,0.00,244.8,1113.67,0.0,8.2, , 
,1115.08,1920,78.0,0.0,11101010,1114.38,1952,0.0,0.00,275.4,1114.72,0.0,8.2, , 
,1116.19,1888,78.0,0.0,11101010,1115.44,1888,17.6,3.09,275.4,1115.81,0.0,8.2, , 
,1117.25,1824,78.0,-12.1,11101010,1116.55,1856,23.5,3.09,336.6,1116.91,0.0,8.2, , 
,1118.30,1792,78.0,-21.9,11101010,1117.61,1824,19.2,2.06,295.8,1117.95,0.0,8.2, , 
,1119.34,1760,78.0,-22.3,11101010,1118.68,1792,20.8,2.06,295.8,1119.01,0.0,8.2, , 
,1120.41,1760,78.0,-22.7,11111110,1119.70,1760,20.8,2.06,295.8,1120.05,2.3,8.2, , 
,1121.43,1728,78.0,0.0,11111110,1120.75,1728,22.0,2.06,316.2,1121.10,2.3,8.2, , 
,1122.47,1664,78.0,0.0,11111110,1121.75,1696,0.0,0.00,316.2,1122.11,2.3,8.2, , 
,1123.56,1664,78.0,0.0,11101010,1122.83,1664,22.0,4.12,316.2,1123.21,2.3,8.2, , 
,1124.61,1632,78.0,-10.5,11101010,1123.90,1632,22.0,3.09,316.2,1124.24,2.3,8.2, , 
,1125.53,928,78.0,0.0,11111110,1124.96,1632,23.5,3.09,336.6,1125.25,3.1,0.0, , 
,1126.49,1024,78.0,0.0,11111110,1125.87,1088,32.5,5.15,438.6,1126.21,3.1,0.0, , 
,1127.40,864,78.0,0.0,11111110,1126.80,960,25.1,3.09,357.0,1127.10,4.7,0.0, , 
,1128.32,896,78.0,-5.9,11111110,1127.70,896,28.2,4.12,397.8,1128.02,3.9,0.0, , 
,1129.22,896,78.0,-8.2,11111110,1128.61,896,28.2,3.09,397.8,1128.90,3.9,0.0, , 
,1130.17,896,78.0,-9.8,11111110,1129.53,896,28.2,3.09,397.8,1129.84,3.9,0.0, , 
,1131.09,896,78.0,-10.2,11111110,1130.49,896,28.2,3.09,397.8,1130.80,3.9,0.0, , 
,1132.00,896,78.0,-12.1,11101010,1131.38,896,28.2,3.09,397.8,1131.68,3.9,0.0, , 
,1132.99,1248,78.0,0.0,11101010,1132.32,1056,29.4,3.09,397.8,1132.65,2.3,0.0, , 
,1133.98,1376,78.0,0.0,11101010,1133.32,1248,44.3,7.21,550.8,1133.64,0.8,0.0, , 
,1135.02,1792,78.0,0.0,11101010,1134.32,1536,84.3,15.45,948.6,1134.66,0.0,8.2, , 
,1136.04,2240,78.0,-12.1,11101000,1135.36,1952,88.6,15.45,969.0,1135.71,0.0,8.2, , 
,1137.13,1824,78.0,0.0,11111110,1136.41,2400,90.2,13.39,969.0,1136.73,0.0,8.2, , 
,1138.25,1792,78.0,0.0,11101010,1137.50,1472,35.3,6.18,438.6,1137.87,0.0,8.2, , 
,1139.31,1888,78.0,0.0,11101010,1138.58,1728,79.6,14.42,887.4,1138.96,0.0,8.2, , 
,1140.36,2080,78.0,-11.7,11101000,1139.68,1920,85.5,14.42,948.6,1140.03,0.0,8.2, , 
,1141.39,2208,78.0,-16.4,11101000,1140.71,2144,84.3,12.36,928.2,1141.04,0.0,8.2, , 
,1142.36,2400,78.0,0.0,11101000,1141.72,2304,82.7,11.33,887.4,1142.05,0.0,8.2, , 
,1143.43,2528,78.0,-5.5,11101000,1142.73,2432,75.3,12.36,826.2,1143.08,0.0,8.2, , 
,1144.43,2656,76.5,-7.0,11101000,1143.75,2560,71.0,10.30,775.2,1144.07,0.0,8.2, , 
,1145.44,2752,76.5,0.0,11101000,1144.78,2688,62.0,9.27,693.6,1145.11,0.0,8.2, , 
,1146.48,1248,76.5,0.0,11101010,1145.77,2400,0.0,0.00,295.8,1146.15,0.0,8.2, , 
,1147.59,2016,76.5,0.0,11101000,1146.87,1376,26.7,5.15,377.4,1147.22,0.0,8.2, , 
,1148.67,1952,76.5,0.0,11101010,1147.95,1952,28.2,3.09,377.4,1148.30,0.0,8.2, , 
,1149.73,2016,76.5,-2.7,11101000,1149.03,1984,66.3,10.30,734.4,1149.39,0.0,8.2, , 
,1150.79,2080,76.5,-5.9,11101000,1150.08,2048,67.8,10.30,754.8,1150.43,0.0,8.2, , 
,1151.80,2144,76.5,-8.6,11101000,1151.13,2112,72.2,10.30,795.6,1151.45,0.0,8.2, , 
,1152.79,2176,76.5,-10.2,11101000,1152.11,2144,73.7,10.30,795.6,1152.46,0.0,8.2, , 
,1153.80,2272,76.5,-12.9,11101000,1153.14,2208,76.9,11.33,846.6,1153.47,0.0,8.2, , 
,1154.82,2336,76.5,-8.6,11101000,1154.14,2272,76.9,11.33,846.6,1154.48,0.0,8.2, , 
,1155.85,2400,76.5,-7.0,11101000,1155.15,2368,75.3,10.30,826.2,1155.51,0.0,8.2, , 
,1156.92,2496,76.5,0.0,11101000,1156.21,2432,85.5,14.42,907.8,1156.57,0.0,8.2, , 
,1157.95,2528,76.5,1.6,11101000,1157.26,2496,59.2,9.27,652.8,1157.61,0.0,8.2, , 
,1158.98,2560,76.5,3.1,11101000,1158.29,2528,59.2,9.27,652.8,1158.63,0.0,8.2, , 
,1160.01,2592,76.5,2.7,11101000,1159.33,2560,60.4,9.27,673.2,1159.67,0.0,8.2, , 
,1161.04,2624,76.5,0.0,11101000,1160.37,2624,60.4,9.27,673.2,1160.72,0.0,8.2, , 
,1162.07,2656,76.5,0.0,11101000,1161.38,2656,60.4,9.27,673.2,1161.72,0.0,8.2, , 
,1163.07,2688,76.5,-0.4,11101000,1162.39,2688,47.1,7.21,550.8,1162.71,0.0,8.2, , 
,1164.11,2688,76.5,-0.4,11101000,1163.42,2688,48.6,7.21,550.8,1163.76,0.0,8.2, , 
,1165.14,2752,76.5,-1.2,11101000,1164.45,2720,54.5,8.24,612.0,1164.80,0.0,8.2, , 
,1166.14,2784,76.5,-5.5,11101000,1165.48,2752,65.1,10.30,714.0,1165.83,0.0,8.2, , 
,1167.16,2880,76.5,-11.3,11101000,1166.46,2816,75.3,11.33,826.2,1166.82,0.0,8.2, , 
,1168.26,2944,78.0,-13.7,11101000,1167.47,2880,79.6,11.33,867.0,1167.81,0.0,8.2, , 
,1169.08,3008,76.5,-14.1,11101000,1168.54,2944,79.6,11.33,846.6,1168.81,0.0,8.2, , 
,1170.21,3072,76.5,-14.5,11101000,1169.53,3040,79.6,11.33,867.0,1169.88,0.0,8.2, , 
,1171.30,3136,78.0,-13.3,11101000,1170.56,3104,79.6,11.33,846.6,1170.93,0.0,8.2, , 
,1172.35,3200,78.0,0.0,11101000,1171.65,3168,76.9,11.33,826.2,1172.00,0.0,8.2, , 
,1173.36,1696,76.5,0.0,11101010,1172.65,2816,0.0,0.00,295.8,1173.01,0.0,8.2, , 
,1174.40,2432,78.0,0.0,11101000,1173.70,1728,29.4,5.15,377.4,1174.04,0.0,8.2, , 
,1175.42,2432,78.0,-2.0,11101000,1174.74,2432,59.2,9.27,652.8,1175.07,0.0,8.2, , 
,1176.47,2432,76.5,-0.8,11101000,1175.76,2432,62.0,9.27,693.6,1176.12,0.0,8.2, , 
,1177.47,2432,78.0,-2.0,11101000,1176.80,2432,59.2,9.27,652.8,1177.14,0.0,8.2, , 
,1178.53,2464,78.0,-2.7,11101000,1177.83,2432,60.4,9.27,673.2,1178.19,0.0,8.2, , 
,1179.58,2464,78.0,-2.3,11101000,1178.89,2464,59.2,9.27,673.2,1179.23,0.0,8.2, , 
,1180.63,2464,78.0,-2.7,11101000,1179.93,2464,59.2,9.27,673.2,1180.27,0.0,8.2, , 
,1181.67,2432,78.0,-2.7,11101000,1180.97,2464,60.4,9.27,673.2,1181.31,0.0,8.2, , 
,1182.72,2464,78.0,-5.5,11101000,1182.01,2432,65.1,10.30,714.0,1182.36,0.0,7.8, , 
,1183.79,2464,78.0,-7.0,11101000,1183.06,2464,69.4,10.30,754.8,1183.43,0.0,7.8, , 
,1184.86,2464,78.0,-10.9,11101000,1184.15,2464,78.4,11.33,846.6,1184.51,0.0,7.8, , 
,1185.90,2464,78.0,-16.8,11101000,1185.21,2464,84.3,12.36,907.8,1185.56,0.0,7.8, , 
,1186.98,2464,78.0,-19.9,11101000,1186.27,2464,90.2,13.39,969.0,1186.62,0.0,7.8, , 
,1188.01,2464,78.0,-19.5,11101000,1187.29,2464,90.2,13.39,969.0,1187.65,0.0,7.8, , 
,1189.05,2464,78.0,-19.5,11101000,1188.36,2464,90.2,13.39,969.0,1188.71,0.0,7.8, , 
,1190.08,2464,78.0,-18.8,11101000,1189.40,2464,91.4,13.39,969.0,1189.75,0.0,7.8, , 
,1191.20,2464,78.0,-19.5,11101000,1190.45,2464,91.4,13.39,969.0,1190.84,0.0,7.8, , 
,1192.22,2464,78.0,-18.8,11101000,1191.54,2464,91.4,13.39,969.0,1191.88,0.0,7.8, , 
,1193.25,2464,78.0,-18.8,11101000,1192.58,2464,91.4,13.39,969.0,1192.91,0.0,7.8, , 
,1194.26,2432,79.5,-18.4,11101000,1193.59,2432,91.4,13.39,969.0,1193.94,0.0,7.8, , 
,1195.32,2432,79.5,-18.8,11101000,1194.61,2432,91.4,13.39,969.0,1194.96,0.0,7.8, , 
,1196.37,2432,79.5,-18.4,11101000,1195.66,2432,91.4,13.39,969.0,1196.00,0.0,7.8, , 
,1197.38,2432,79.5,-18.0,11101000,1196.71,2432,91.4,13.39,969.0,1197.03,0.0,7.8, , 
,1198.39,2432,79.5,-18.4,11101000,1197.70,2400,91.4,13.39,969.0,1198.04,0.0,7.8, , 
,1199.43,2400,79.5,-18.0,11101000,1198.73,2400,91.4,13.39,969.0,1199.07,0.0,7.8, , 
,1200.48,2400,79.5,-18.4,11101001,1199.77,2400,91.4,13.39,969.0,1200.12,0.0,7.8, , 
,1201.49,2400,79.5,-18.4,11101000,1200.82,2400,91.4,13.39,969.0,1201.17,0.0,7.8, , 
,1202.44,2368,79.5,-18.4,11101000,1201.80,2368,91.4,13.39,969.0,1202.12,0.0,7.8, , 
,1203.44,2368,79.5,-18.0,11101001,1202.78,2400,91.4,13.39,969.0,1203.12,0.0,7.8, , 
,1204.44,2368,79.5,-18.0,11101001,1203.76,2400,91.4,13.39,969.0,1204.10,0.0,7.8, , 
,1205.44,2368,79.5,-18.4,11101001,1204.75,2368,91.4,13.39,969.0,1205.09,0.0,7.8, , 
,1206.45,2368,79.5,-18.8,11101001,1205.78,2368,90.2,13.39,969.0,1206.12,0.0,7.8, , 
,1207.50,2368,79.5,-19.1,11101001,1206.81,2368,90.2,12.36,969.0,1207.16,0.0,7.8, , 
,1208.48,2368,79.5,-18.4,11101001,1207.84,2368,88.6,13.39,969.0,1208.15,0.0,7.8, , 
,1209.51,2400,79.5,-18.0,11101001,1208.83,2368,85.5,12.36,928.2,1209.19,0.0,7.8, , 
,1210.63,2400,81.0,-13.3,11101001,1209.89,2400,81.2,11.33,887.4,1210.25,0.0,7.8, , 
,1211.62,2400,81.0,-8.2,11101001,1210.95,2400,71.0,10.30,775.2,1211.28,0.0,7.8, , 
,1212.66,2400,81.0,-2.3,11101001,1211.96,2400,60.4,9.27,673.2,1212.30,0.0,7.8, , 
,1213.79,2464,79.5,-0.8,11101001,1213.05,2432,60.4,9.27,673.2,1213.42,0.0,7.8, , 
,1214.84,2464,81.0,-0.8,11101001,1214.14,2464,60.4,9.27,673.2,1214.49,0.0,7.8, , 
,1215.88,2496,81.0,-1.2,11101001,1215.21,2496,56.1,8.24,632.4,1215.54,0.0,7.8, , 
,1216.88,2528,81.0,-2.0,11101001,1216.21,2496,50.2,7.21,591.6,1216.54,0.0,7.8, , 
,1217.89,2560,81.0,-2.0,11101001,1217.20,2528,50.2,7.21,571.2,1217.54,0.0,7.8, , 
,1218.89,2592,81.0,-6.3,11101001,1218.21,2560,41.2,6.18,479.4,1218.56,0.0,7.8, , 
,1219.91,2624,81.0,-8.2,11101001,1219.22,2592,32.5,4.12,397.8,1219.58,0.0,7.8, , 
,1220.93,2624,81.0,-11.3,11101001,1220.25,2624,28.2,3.09,357.0,1220.59,0.0,7.8, , 
,1221.93,2656,81.0,-11.7,11101001,1221.27,2656,26.7,3.09,336.6,1221.59,0.0,7.8, , 
,1222.97,2688,81.0,-12.5,11101001,1222.29,2656,25.1,3.09,336.6,1222.63,0.0,7.8, , 
,1223.96,2688,81.0,-18.0,11101001,1223.30,2688,22.0,3.09,295.8,1223.63,0.0,7.8, , 
,1224.95,2688,81.0,-25.4,11101001,1224.29,2688,19.2,2.06,275.4,1224.63,0.0,7.8, , 
,1225.91,2688,81.0,-30.1,11101001,1225.27,2688,19.2,2.06,275.4,1225.60,0.0,7.8, , 
,1226.93,2688,81.0,-30.5,11101001,1226.23,2688,19.2,2.06,275.4,1226.58,0.0,7.8, , 
,1227.88,2688,81.0,-30.1,11101001,1227.25,2688,19.2,2.06,275.4,1227.57,0.0,7.8, , 
,1228.85,2688,81.0,-30.5,11101001,1228.20,2688,19.2,2.06,275.4,1228.54,0.0,7.8, , 
,1229.84,2688,81.0,-30.9,11101001,1229.17,2688,17.6,2.06,275.4,1229.50,0.0,7.8, , 
,1230.79,2688,81.0,-30.9,11101001,1230.16,2688,17.6,2.06,275.4,1230.48,0.0,7.8, , 
,1231.77,2688,81.0,-30.1,11101001,1231.10,2688,19.2,2.06,275.4,1231.44,0.0,7.8, , 
,1232.75,2656,81.0,-29.7,11101001,1232.09,2688,19.2,2.06,275.4,1232.43,0.0,7.8, , 
,1233.75,2656,81.0,-28.9,11101001,1233.09,2656,19.2,2.06,275.4,1233.42,0.0,7.8, , 
,1234.80,2656,81.0,-28.1,11101001,1234.12,2656,19.2,2.06,275.4,1234.47,0.0,7.8, , 
,1235.81,2624,81.0,-27.3,11101001,1235.12,2624,19.2,2.06,275.4,1235.46,0.0,7.8, , 
,1236.82,2624,81.0,-25.4,11101001,1236.15,2624,19.2,2.06,275.4,1236.49,0.0,7.8, , 
,1237.82,2624,79.5,-23.8,11101001,1237.17,2624,20.8,2.06,275.4,1237.49,0.0,7.8, , 
,1238.85,2624,79.5,-22.3,11101001,1238.14,2624,20.8,2.06,275.4,1238.47,0.0,7.8, , 
,1239.84,2592,79.5,-11.3,11101001,1239.18,2624,26.7,3.09,336.6,1239.51,0.0,7.8, , 
,1240.82,2592,79.5,-6.6,11101001,1240.18,2592,28.2,4.12,357.0,1240.51,0.0,7.8, , 
,1241.81,2592,79.5,-3.9,11101001,1241.14,2592,28.2,4.12,357.0,1241.49,0.0,7.8, , 
,1242.82,2592,79.5,-1.6,11101001,1242.14,2592,28.2,4.12,357.0,1242.47,0.0,7.8, , 
,1243.83,2560,79.5,0.0,11101001,1243.13,2592,31.0,4.12,397.8,1243.48,0.0,7.8, , 
,1244.85,2592,79.5,-2.3,11101000,1244.16,2592,38.4,5.15,438.6,1244.50,0.0,7.8, , 
,1245.87,2592,79.5,-3.5,11101001,1245.18,2592,36.9,5.15,438.6,1245.52,0.0,7.8, , 
,1246.87,2592,79.5,-5.5,11101001,1246.20,2592,36.9,5.15,438.6,1246.54,0.0,7.8, , 
,1247.87,2592,79.5,-8.2,11101000,1247.19,2592,36.9,5.15,438.6,1247.54,0.0,7.8, , 
,1248.91,2592,79.5,-8.6,11101001,1248.22,2592,36.9,5.15,438.6,1248.58,0.0,7.8, , 
,1249.92,2592,79.5,-9.8,11101000,1249.26,2592,36.9,5.15,438.6,1249.57,0.0,7.8, , 
,1250.93,2560,79.5,-9.4,11101000,1250.25,2592,31.0,4.12,377.4,1250.59,0.0,7.8, , 
,1251.92,2560,79.5,-12.5,11101001,1251.27,2560,25.1,3.09,336.6,1251.59,0.0,7.8, , 
,1252.94,2528,79.5,-14.1,11101000,1252.25,2560,25.1,3.09,316.2,1252.59,0.0,7.8, , 
,1253.97,2496,79.5,-18.0,11101000,1253.31,2528,22.0,3.09,295.8,1253.63,0.0,7.8, , 
,1255.03,2496,79.5,-21.5,11101000,1254.34,2496,20.8,2.06,295.8,1254.67,0.0,7.8, , 
,1256.05,2496,79.5,-22.7,11101000,1255.35,2496,20.8,2.06,295.8,1255.70,0.0,7.8, , 
,1257.14,2464,78.0,-14.5,11101000,1256.44,2464,31.0,3.09,377.4,1256.81,0.0,7.8, , 
,1258.20,2464,79.5,-10.9,11101000,1257.49,2464,29.4,4.12,377.4,1257.86,0.0,7.8, , 
,1259.26,2432,78.0,-10.5,11101000,1258.54,2432,29.4,4.12,377.4,1258.93,0.0,7.8, , 
,1260.34,2432,79.5,-10.9,11101000,1259.63,2432,25.1,3.09,336.6,1259.97,0.0,7.8, , 
,1261.35,2400,78.0,-14.5,11101000,1260.68,2400,23.5,3.09,316.2,1261.00,0.0,7.8, , 
,1262.35,2368,78.0,-16.8,11101000,1261.67,2400,22.0,3.09,295.8,1262.00,0.0,7.8, , 
,1263.35,2336,78.0,-18.8,11101000,1262.68,2368,22.0,2.06,295.8,1263.03,0.0,7.8, , 
,1264.38,2336,78.0,-19.9,11101000,1263.69,2336,22.0,3.09,295.8,1264.05,0.0,7.8, , 
,1265.39,2304,78.0,-20.7,11101000,1264.73,2336,22.0,2.06,295.8,1265.05,0.0,7.8, , 
,1266.38,2272,78.0,-23.4,11101000,1265.74,2304,22.0,2.06,295.8,1266.05,0.0,7.8, , 
,1267.38,2272,78.0,-28.1,11101000,1266.72,2272,19.2,2.06,275.4,1267.05,0.0,7.8, , 
,1268.39,2208,78.0,-30.1,11111100,1267.73,2240,16.1,2.06,244.8,1268.06,0.0,7.8, , 
,1269.38,2176,78.0,0.0,11111100,1268.74,2208,0.0,0.00,244.8,1269.05,0.0,7.8, , 
,1270.40,2112,78.0,0.0,11111100,1269.71,2144,0.0,0.00,244.8,1270.06,0.0,7.8, , 
,1271.45,2080,78.0,0.0,11111100,1270.75,2112,0.0,0.00,244.8,1271.11,0.0,7.8, , 
,1272.48,2048,78.0,0.0,11111100,1271.78,2080,0.0,0.00,244.8,1272.13,0.0,7.8, , 
,1273.52,1984,78.0,0.0,11111100,1272.84,2016,0.0,0.00,244.8,1273.16,0.0,7.8, , 
,1274.57,1952,78.0,0.0,11111110,1273.88,1984,0.0,0.00,244.8,1274.23,0.0,7.8, , 
,1275.64,1888,78.0,0.0,11111110,1274.94,1920,0.0,0.00,275.4,1275.30,0.0,7.8, , 
,1276.69,1856,78.0,0.0,11111110,1275.99,1888,0.0,0.00,275.4,1276.34,0.0,7.8, , 
,1277.74,1792,78.0,0.0,11111110,1277.05,1824,0.0,0.00,295.8,1277.39,0.0,7.8, , 
,1278.79,1760,78.0,0.0,11101010,1278.12,1792,0.0,0.00,316.2,1278.45,2.3,7.8, , 
,1279.85,1728,78.0,0.0,11101010,1279.15,1760,19.2,3.09,295.8,1279.49,3.1,7.8, , 
,1280.92,1696,78.0,-12.5,11101010,1280.23,1728,20.8,3.09,295.8,1280.57,2.3,7.8, , 
,1281.93,1440,78.0,0.0,11111110,1281.28,1696,20.8,2.06,295.8,1281.61,2.3,7.8, , 
,1282.91,1120,78.0,0.0,11101010,1282.28,992,26.7,4.12,377.4,1282.59,3.1,0.0, , 
,1283.96,2080,76.5,0.0,11101000,1283.29,1536,23.5,4.12,336.6,1283.62,0.0,7.8, , 
,1285.03,2048,76.5,-17.6,11111100,1284.32,2080,16.1,2.06,244.8,1284.67,0.0,7.8, , 
,1286.08,1984,76.5,0.0,11111100,1285.37,2048,0.0,0.00,244.8,1285.72,0.0,7.8, , 
,1287.13,1920,76.5,0.0,11111110,1286.42,1952,0.0,0.00,275.4,1286.77,0.0,7.8, , 
,1288.20,1792,76.5,0.0,11111110,1287.49,1888,0.0,0.00,295.8,1287.85,0.0,7.8, , 
,1289.22,1728,76.5,0.0,11111110,1288.53,1760,0.0,0.00,316.2,1288.87,2.3,7.8, , 
,1290.30,1664,76.5,0.0,11101010,1289.58,1696,0.0,0.00,316.2,1289.93,2.3,7.8, , 
,1291.28,992,76.5,0.0,11111110,1290.61,1632,22.0,4.12,316.2,1290.95,3.1,0.0, , 
,1292.30,2112,76.5,0.0,11101000,1291.61,1184,31.0,5.15,418.2,1291.95,0.0,7.8, , 
,1293.34,2112,76.5,-12.5,11101000,1292.63,2144,16.1,2.06,244.8,1292.98,0.0,7.8, , 
,1294.36,2080,76.5,-14.8,11101000,1293.69,2112,20.8,2.06,295.8,1294.02,0.0,7.8, , 
,1295.42,2048,76.5,-16.0,11101000,1294.71,2080,23.5,3.09,316.2,1295.07,0.0,7.8, , 
,1296.44,2048,75.0,-14.5,11101000,1295.76,2048,29.4,3.09,377.4,1296.11,0.0,7.8, , 
,1297.53,2048,75.0,-10.5,11101000,1296.81,2048,40.0,5.15,479.4,1297.17,0.0,7.8, , 
,1298.54,2112,75.0,-5.5,11101000,1297.86,2080,45.9,6.18,550.8,1298.20,0.0,7.8, , 
,1299.58,2112,75.0,-7.8,11101000,1298.88,2112,41.2,5.15,499.8,1299.23,0.0,7.8, , 
,1300.60,2144,75.0,-7.4,11101000,1299.92,2112,35.3,5.15,438.6,1300.27,0.0,7.8, , 
,1301.60,2144,75.0,-8.2,11101000,1300.95,2144,38.4,5.15,459.0,1301.28,0.0,7.8, , 
,1302.63,2176,75.0,-9.8,11101000,1301.94,2176,36.9,5.15,438.6,1302.30,0.0,7.8, , 
,1303.69,2176,75.0,-11.3,11101000,1303.00,2176,29.4,4.12,377.4,1303.35,0.0,7.8, , 
,1304.74,2176,75.0,-12.1,11101000,1304.04,2176,26.7,3.09,357.0,1304.40,0.0,7.8, , 
,1305.78,2144,73.5,-12.5,11101000,1305.10,2176,25.1,3.09,336.6,1305.44,0.0,7.8, , 
,1306.78,2144,75.0,-26.6,11111100,1306.10,2144,16.1,2.06,244.8,1306.43,0.0,7.8, , 
,1307.80,2080,75.0,0.0,11111100,1307.13,2112,17.6,2.06,244.8,1307.46,0.0,7.8, , 
,1308.86,1984,73.5,0.0,11111110,1308.15,2048,0.0,0.00,244.8,1308.51,0.0,7.8, , 
,1309.89,1824,73.5,0.0,11111110,1309.22,1920,0.0,0.00,275.4,1309.58,0.0,7.8, , 
,1310.88,1632,73.5,0.0,11111110,1310.23,1760,0.0,0.00,316.2,1310.55,2.3,7.8, , 
,1311.96,1440,73.5,0.0,11111110,1311.20,1568,0.0,0.00,336.6,1311.64,2.3,7.8, , 
,1312.88,960,75.0,0.0,11111110,1312.27,1120,25.1,4.12,357.0,1312.58,3.1,0.0, , 
,1313.79,896,73.5,0.0,11111110,1313.18,928,31.0,5.15,438.6,1313.47,3.9,0.0, , 
,1314.71,896,73.5,-3.5,11111110,1314.09,896,29.4,4.12,418.2,1314.40,3.9,0.0, , 
,1315.65,896,73.5,-8.6,11111110,1315.03,896,29.4,4.12,397.8,1315.34,3.9,0.0, , 
,1316.59,896,73.5,-10.5,11111110,1315.94,896,29.4,4.12,397.8,1316.27,3.9,0.0, , 
,1317.51,896,73.5,-10.5,11111110,1316.88,896,29.4,3.09,397.8,1317.19,3.9,0.0, , 
,1318.40,896,73.5,-10.9,11111110,1317.81,896,28.2,3.09,397.8,1318.10,3.9,0.0, , 
,1319.30,896,73.5,-11.7,11111110,1318.69,896,28.2,3.09,397.8,1319.00,3.9,0.0, , 
,1320.20,800,73.5,-12.9,11111110,1319.62,896,28.2,3.09,397.8,1319.92,4.7,0.0, , 
,1321.09,800,73.5,-13.7,11111110,1320.49,736,28.2,3.09,397.8,1320.78,4.7,0.0, , 
,1322.00,800,73.5,-14.5,11111110,1321.40,800,28.2,3.09,418.2,1321.70,4.7,0.0, , 
,1322.93,1408,75.0,0.0,11101010,1322.31,800,31.0,4.12,418.2,1322.63,2.3,0.0, , 
,1323.96,1472,73.5,-5.5,11101010,1323.29,1632,31.0,4.12,418.2,1323.61,1.6,7.8, , 
,1324.98,1152,75.0,-2.7,11101010,1324.31,1376,35.3,5.15,459.0,1324.65,2.3,0.0, , 
,1325.97,1056,75.0,-4.7,11101010,1325.31,1088,42.7,5.15,520.2,1325.66,2.3,0.0, , 
,1326.92,1536,75.0,0.0,11101010,1326.29,1184,48.6,7.21,591.6,1326.59,0.8,0.0, , 
,1327.96,1984,75.0,0.0,11111110,1327.28,1792,60.4,10.30,693.6,1327.62,0.0,7.8, , 
,1328.90,1184,75.0,0.0,11101010,1328.31,1440,0.0,0.00,377.4,1328.58,3.9,0.0, , 
,1329.90,1280,75.0,0.0,11101010,1329.22,1216,38.4,6.18,479.4,1329.55,1.6,0.0, , 
,1330.99,1568,75.0,0.0,11101010,1330.25,1312,67.8,11.33,775.2,1330.64,0.8,0.0, , 
,1332.08,2016,75.0,0.0,11101000,1331.36,1728,87.1,15.45,969.0,1331.72,0.0,7.8, , 
,1333.10,2432,75.0,-13.3,11101000,1332.41,2176,85.5,13.39,928.2,1332.75,0.0,7.8, , 
,1334.13,2720,75.0,-11.3,11101000,1333.44,2528,73.7,10.30,795.6,1333.79,0.0,7.8, , 
,1335.19,1440,75.0,0.0,11101010,1334.48,2528,0.0,0.00,336.6,1334.81,0.0,7.8, , 
,1336.29,1824,75.0,0.0,11101010,1335.56,1888,29.4,5.15,377.4,1335.92,0.0,7.8, , 
,1337.39,1888,75.0,0.0,11101010,1336.66,1856,54.5,9.27,632.4,1337.04,0.0,7.8, , 
,1338.45,2016,75.0,-2.3,11101000,1337.74,1920,65.1,10.30,734.4,1338.10,0.0,7.8, , 
,1339.53,2080,75.0,-2.3,11101000,1338.82,2048,62.0,9.27,693.6,1339.16,0.0,7.8, , 
,1340.55,2176,75.0,-2.3,11101000,1339.88,2144,59.2,9.27,673.2,1340.22,0.0,7.8, , 
,1341.57,2240,75.0,-2.3,11101000,1340.90,2208,56.1,8.24,632.4,1341.23,0.0,7.8, , 
,1342.58,2336,75.0,-2.0,11101000,1341.89,2272,54.5,8.24,612.0,1342.23,0.0,7.8, , 
,1343.69,2400,75.0,-0.8,11101000,1342.93,2368,53.3,8.24,612.0,1343.32,0.0,7.8, , 
,1344.78,2496,75.0,-0.4,11101000,1344.07,2432,51.8,8.24,591.6,1344.43,0.0,7.8, , 
,1345.80,2528,75.0,-2.0,11101000,1345.12,2496,51.8,8.24,591.6,1345.46,0.0,7.8, , 
,1346.81,2624,75.0,-1.2,11101000,1346.16,2560,54.5,8.24,612.0,1346.50,0.0,7.8, , 
,1347.80,2688,75.0,0.0,11101000,1347.13,2656,56.1,8.24,632.4,1347.47,0.0,7.8, , 
,1348.81,2784,75.0,2.0,11101000,1348.14,2720,53.3,8.24,612.0,1348.48,0.0,7.8, , 
,1349.83,2816,75.0,2.3,11101000,1349.13,2784,45.9,7.21,520.2,1349.47,0.0,7.8, , 
,1350.89,2848,75.0,0.0,11111100,1350.20,2848,44.3,6.18,499.8,1350.53,0.0,7.8, , 
,1351.85,1344,75.0,0.0,11111110,1351.22,2368,0.0,0.00,295.8,1351.54,0.0,7.8, , 
,1352.93,2144,75.0,0.0,11101000,1352.19,1024,28.2,5.15,377.4,1352.57,2.3,7.8, , 
,1353.98,2048,75.0,0.0,11101000,1353.28,2080,20.8,3.09,295.8,1353.64,0.0,7.8, , 
,1355.03,2080,75.0,-4.7,11101000,1354.33,2048,42.7,6.18,499.8,1354.69,0.0,7.8, , 
,1356.05,2080,75.0,-6.6,11101000,1355.36,2080,42.7,6.18,499.8,1355.69,0.0,7.8, , 
,1357.10,2112,75.0,-5.1,11101000,1356.40,2112,42.7,6.18,499.8,1356.76,0.0,7.8, , 
,1358.15,2112,76.5,-5.1,11101000,1357.45,2112,36.9,5.15,459.0,1357.80,0.0,7.8, , 
,1359.20,2112,76.5,-12.9,11101000,1358.51,2112,26.7,3.09,357.0,1358.86,0.0,7.8, , 
,1360.25,2080,75.0,-16.8,11101000,1359.55,2080,23.5,3.09,316.2,1359.90,0.0,7.8, , 
,1361.29,2048,76.5,-19.5,11101000,1360.58,2080,23.5,3.09,316.2,1360.94,0.0,7.8, , 
,1362.31,2080,76.5,-16.4,11101000,1361.63,2048,38.4,4.12,459.0,1361.98,0.0,7.8, , 
,1363.34,2080,76.5,-10.9,11101000,1362.64,2080,51.8,6.18,591.6,1362.97,0.0,7.8, , 
,1364.38,2144,76.5,-6.3,11101000,1363.68,2112,51.8,7.21,591.6,1364.04,0.0,7.8, , 
,1365.44,2176,76.5,-3.5,11101000,1364.74,2144,54.5,8.24,632.4,1365.10,0.0,7.8, , 
,1366.46,2208,76.5,-2.7,11101000,1365.79,2176,53.3,8.24,612.0,1366.12,0.0,7.8, , 
,1367.49,2240,76.5,-0.4,11101000,1366.81,2208,53.3,7.21,612.0,1367.14,0.0,7.8, , 
,1368.51,2272,76.5,-2.7,11101000,1367.83,2240,51.8,8.24,591.6,1368.16,0.0,7.8, , 
,1369.53,2272,76.5,-7.0,11101000,1368.86,2272,40.0,5.15,459.0,1369.19,0.0,7.8, , 
,1370.55,2272,78.0,-4.7,11101000,1369.86,2272,35.3,5.15,418.2,1370.20,0.0,7.8, , 
,1371.58,2272,76.5,-5.9,11101000,1370.88,2272,35.3,5.15,418.2,1371.25,0.0,7.8, , 
,1372.60,2272,76.5,-2.3,11101000,1371.94,2272,34.1,4.12,418.2,1372.26,0.0,7.8, , 
,1373.62,2304,76.5,2.7,11101000,1372.95,2304,50.2,7.21,571.2,1373.29,0.0,7.8, , 
,1374.61,2336,76.5,6.6,11101000,1373.95,2304,53.3,8.24,612.0,1374.29,0.0,7.8, , 
,1375.68,2368,76.5,8.6,11101000,1374.96,2336,53.3,8.24,612.0,1375.33,0.0,7.8, , 
,1376.77,2432,76.5,10.9,11101000,1376.05,2400,51.8,8.24,591.6,1376.40,0.0,7.8, , 
,1377.82,2432,78.0,9.4,11101000,1377.12,2432,51.8,8.24,591.6,1377.45,0.0,7.8, , 
,1378.87,2464,76.5,0.8,11101000,1378.16,2464,36.9,5.15,438.6,1378.52,0.0,7.8, , 
,1379.92,2464,76.5,-2.0,11101000,1379.21,2464,29.4,4.12,357.0,1379.56,0.0,7.8, , 
,1380.96,2432,76.5,-3.9,11101000,1380.25,2432,28.2,4.12,357.0,1380.61,0.0,7.8, , 
,1382.02,2432,76.5,-4.3,11101000,1381.30,2432,29.4,4.12,357.0,1381.67,0.0,7.8, , 
,1383.06,2432,76.5,1.2,11101000,1382.37,2432,29.4,4.12,377.4,1382.73,0.0,7.8, , 
,1384.11,2400,76.5,-0.4,11101000,1383.41,2400,26.7,3.09,357.0,1383.78,0.0,7.8, , 
,1385.18,2400,78.0,1.6,11101000,1384.46,2400,28.2,4.12,357.0,1384.81,0.0,7.8, , 
,1386.22,2400,76.5,3.1,11101000,1385.51,2400,28.2,4.12,357.0,1385.87,0.0,7.8, , 
,1387.26,2400,76.5,2.3,11101000,1386.56,2400,29.4,4.12,377.4,1386.88,0.0,7.8, , 
,1388.25,2400,76.5,4.3,11101000,1387.58,2400,29.4,4.12,377.4,1387.92,0.0,7.8, , 
,1389.36,2400,76.5,5.9,11101000,1388.60,2400,35.3,5.15,438.6,1388.97,0.0,7.8, , 
,1390.45,2432,76.5,6.3,11101000,1389.73,2400,40.0,5.15,459.0,1390.08,0.0,7.8, , 
,1391.49,2432,76.5,3.5,11101000,1390.77,2432,38.4,5.15,459.0,1391.13,0.0,7.8, , 
,1392.52,2464,76.5,2.0,11101000,1391.84,2432,38.4,5.15,459.0,1392.18,0.0,7.8, , 
,1393.59,2464,76.5,1.6,11101000,1392.92,2464,36.9,5.15,438.6,1393.26,0.0,7.8, , 
,1394.66,2496,76.5,2.0,11101000,1393.93,2464,38.4,5.15,438.6,1394.30,0.0,7.8, , 
,1395.72,2496,76.5,0.8,11101000,1395.02,2496,36.9,5.15,438.6,1395.37,0.0,7.8, , 
,1396.70,2496,76.5,2.3,11101000,1396.03,2496,38.4,5.15,459.0,1396.35,0.0,7.8, , 
,1397.72,2528,76.5,0.0,11101000,1397.04,2496,38.4,5.15,459.0,1397.37,0.0,7.8, , 
,1398.71,2560,76.5,-2.0,11101000,1398.04,2528,65.1,9.27,714.0,1398.39,0.0,7.8, , 
,1399.71,2624,76.5,0.8,11101000,1399.05,2592,72.2,10.30,775.2,1399.38,0.0,7.8, , 
,1400.71,2688,76.5,0.4,11101000,1400.05,2656,73.7,11.33,795.6,1400.38,0.0,7.8, , 
,1401.75,2752,76.5,0.0,11101000,1401.06,2688,73.7,11.33,795.6,1401.40,0.0,7.8, , 
,1402.78,2784,76.5,0.0,11101000,1402.08,2752,73.7,10.30,795.6,1402.43,0.0,7.8, , 
,1403.78,2848,76.5,0.4,11101000,1403.12,2816,72.2,10.30,775.2,1403.45,0.0,7.8, , 
,1404.83,2880,76.5,0.8,11101000,1404.13,2848,72.2,11.33,775.2,1404.47,0.0,7.8, , 
,1405.78,2912,76.5,1.2,11101000,1405.15,2880,71.0,10.30,775.2,1405.46,0.0,7.8, , 
,1406.81,2944,78.0,2.3,11101000,1406.14,2912,71.0,10.30,754.8,1406.54,0.0,7.8, , 
,1407.84,2944,78.0,4.7,11101000,1407.27,2944,65.1,9.27,714.0,1407.54,0.0,7.8, , 
,1409.25,2976,76.5,5.9,11101000,1408.30,2976,65.1,10.30,714.0,1408.77,0.0,7.8, , 
,1410.64,2976,78.0,5.5,11101000,1409.71,2976,65.1,10.30,714.0,1410.18,0.0,7.8, , 
,1412.03,2976,78.0,5.1,11101000,1411.10,2976,65.1,9.27,714.0,1411.57,0.0,7.8, , 
,1413.22,2944,78.0,4.7,11101000,1412.49,2976,65.1,9.27,714.0,1412.94,0.0,7.8, , 
,1414.24,2944,78.0,2.3,11101000,1413.50,2944,65.1,9.27,714.0,1413.93,0.0,7.8, , 
,1415.34,2912,78.0,-0.8,11101000,1414.62,2944,71.0,10.30,754.8,1415.02,0.0,7.8, , 
,1416.37,2912,78.0,-2.3,11101000,1415.64,2912,71.0,10.30,754.8,1416.00,0.0,7.8, , 
,1417.49,2912,78.0,-3.1,11101000,1416.74,2912,71.0,10.30,754.8,1417.11,0.0,7.8, , 
,1418.58,2912,78.0,-3.9,11101000,1417.87,2912,71.0,10.30,754.8,1418.22,0.0,7.8, , 
,1419.66,2912,78.0,-3.5,11101000,1418.94,2912,71.0,9.27,754.8,1419.30,0.0,7.8, , 
,1420.77,2912,78.0,-2.7,11101000,1420.03,2912,71.0,10.30,754.8,1420.38,0.0,7.8, , 
,1421.89,2912,78.0,-2.3,11101000,1421.15,2912,71.0,10.30,754.8,1421.53,0.0,7.8, , 
,1422.90,2912,78.0,-3.5,11101000,1422.19,2912,71.0,10.30,775.2,1422.51,0.0,7.8, , 
,1423.91,2944,78.0,-4.7,11101000,1423.23,2944,73.7,11.33,795.6,1423.63,0.0,7.8, , 
,1425.27,3008,78.0,-4.3,11101000,1424.34,2976,73.7,10.30,795.6,1424.80,0.0,7.8, , 
,1426.32,3040,78.0,-1.2,11101000,1425.60,3008,66.3,9.27,734.4,1425.87,0.0,7.8, , 
,1427.34,3072,78.0,2.3,11101000,1426.61,3040,65.1,9.27,714.0,1426.97,0.0,7.8, , 
,1428.40,3104,78.0,4.3,11101000,1427.70,3072,60.4,9.27,673.2,1428.03,0.0,7.8, , 
,1429.35,2080,78.0,0.0,11111100,1428.68,3040,0.0,0.00,459.0,1429.01,0.0,7.8, , 
,1430.37,2176,78.0,0.0,11101000,1429.64,1568,22.0,4.12,316.2,1430.02,2.3,7.8, , 
,1431.38,2368,78.0,-11.3,11101000,1430.68,2368,19.2,3.09,275.4,1431.05,0.0,7.8, , 
,1432.37,2368,79.5,-8.2,11101000,1431.72,2368,34.1,4.12,418.2,1432.05,0.0,7.8, , 
,1433.41,2432,79.5,-5.5,11101000,1432.72,2400,34.1,4.12,418.2,1433.06,0.0,7.8, , 
,1434.48,2464,79.5,-3.5,11101000,1433.75,2432,40.0,5.15,459.0,1434.11,0.0,7.8, , 
,1435.53,2496,79.5,-2.0,11101000,1434.83,2464,38.4,5.15,459.0,1435.17,0.0,7.8, , 
,1436.60,2528,79.5,-0.4,11101000,1435.88,2496,34.1,4.12,418.2,1436.23,0.0,7.8, , 
,1437.60,2560,79.5,0.8,11101001,1436.94,2528,35.3,5.15,418.2,1437.27,0.0,7.8, , 
,1438.62,2592,79.5,-1.2,11101000,1437.95,2560,28.2,4.12,357.0,1438.29,0.0,7.8, , 
,1439.62,2592,79.5,-1.2,11101001,1438.97,2592,26.7,3.09,357.0,1439.30,0.0,7.8, , 
,1440.64,2624,79.5,-2.7,11101001,1439.95,2624,25.1,3.09,336.6,1440.29,0.0,7.8, , 
,1441.64,2624,79.5,-2.3,11101000,1440.98,2624,25.1,3.09,336.6,1441.31,0.0,7.8, , 
,1442.64,2624,79.5,-3.5,11101001,1441.98,2624,23.5,3.09,316.2,1442.31,0.0,7.8, , 
,1443.65,2624,79.5,-4.3,11101001,1442.98,2624,23.5,3.09,316.2,1443.33,0.0,7.8, , 
,1444.60,2592,79.5,-1.2,11101001,1443.97,2592,25.1,3.09,336.6,1444.28,0.0,7.8, , 
,1445.64,2592,79.5,4.3,11101001,1444.94,2592,41.2,5.15,479.4,1445.29,0.0,7.8, , 
,1446.66,2592,79.5,0.0,11101000,1445.99,2592,54.5,8.24,612.0,1446.34,0.0,7.8, , 
,1447.63,2592,79.5,0.0,11101000,1447.00,2592,75.3,11.33,826.2,1447.31,0.0,7.8, , 
,1448.59,2592,79.5,0.4,11101000,1447.97,2592,67.8,10.30,734.4,1448.28,0.0,7.8, , 
,1449.61,2592,79.5,0.8,11101000,1448.93,2592,67.8,10.30,734.4,1449.27,0.0,7.8, , 
,1450.60,2592,79.5,0.8,11101000,1449.95,2592,67.8,10.30,734.4,1450.27,0.0,7.8, , 
,1451.63,2624,79.5,2.0,11101000,1450.94,2592,66.3,10.30,734.4,1451.29,0.0,7.8, , 
,1452.61,2624,79.5,2.3,11101000,1451.97,2624,65.1,9.27,714.0,1452.28,0.0,7.8, , 
,1453.61,2656,79.5,5.1,11101000,1452.95,2624,60.4,9.27,673.2,1453.28,0.0,7.8, , 
,1454.60,2656,79.5,5.5,11101000,1453.93,2656,60.4,9.27,673.2,1454.28,0.0,7.8, , 
,1455.61,2656,79.5,8.2,11101000,1454.93,2656,53.3,8.24,591.6,1455.26,0.0,7.8, , 
,1456.60,2656,79.5,7.8,11101000,1455.95,2656,51.8,8.24,591.6,1456.28,0.0,7.8, , 
,1457.65,2656,79.5,5.1,11101000,1456.95,2656,51.8,8.24,591.6,1457.30,0.0,7.8, , 
,1458.65,2656,79.5,5.9,11101000,1457.97,2656,50.2,7.21,571.2,1458.33,0.0,7.8, , 
,1459.69,2688,79.5,5.9,11101000,1459.00,2688,50.2,7.21,571.2,1459.35,0.0,7.8, , 
,1460.69,2688,79.5,4.3,11101000,1460.02,2688,45.9,7.21,520.2,1460.37,0.0,7.8, , 
,1461.63,2688,79.5,3.1,11101000,1461.00,2688,47.1,7.21,550.8,1461.31,0.0,7.8, , 
,1462.64,2688,79.5,-1.6,11101000,1462.00,2688,40.0,6.18,459.0,1462.33,0.0,7.8, , 
,1463.59,2688,79.5,-4.7,11101000,1462.95,2688,35.3,5.15,438.6,1463.28,0.0,7.8, , 
,1464.57,2720,79.5,-5.5,11101000,1463.92,2720,35.3,5.15,438.6,1464.25,0.0,7.8, , 
,1465.56,2720,79.5,-7.4,11101000,1464.89,2720,35.3,5.15,438.6,1465.23,0.0,7.8, , 
,1466.56,2720,79.5,-7.4,11101000,1465.90,2720,31.0,4.12,397.8,1466.23,0.0,7.8, , 
,1467.55,2688,79.5,-5.5,11101000,1466.89,2720,29.4,4.12,377.4,1467.22,0.0,7.8, , 
,1468.55,2688,79.5,-3.5,11101000,1467.88,2688,31.0,4.12,377.4,1468.25,0.0,7.8, , 
,1469.54,2688,79.5,-2.7,11101000,1468.86,2688,31.0,4.12,377.4,1469.19,0.0,7.8, , 
,1470.56,2656,78.0,-3.1,11101000,1469.87,2656,31.0,4.12,397.8,1470.23,0.0,7.8, , 
,1471.54,2656,79.5,-4.3,11101000,1470.89,2656,32.5,4.12,397.8,1471.22,0.0,7.8, , 
,1472.53,2656,79.5,-4.7,11101000,1471.87,2656,35.3,5.15,438.6,1472.20,0.0,7.8, , 
,1473.58,2656,79.5,-5.5,11101000,1472.90,2656,36.9,5.15,438.6,1473.25,0.0,7.8, , 
,1474.57,2624,79.5,-5.9,11101000,1473.90,2624,36.9,5.15,438.6,1474.23,0.0,7.8, , 
,1475.56,2624,79.5,-2.3,11101000,1474.90,2624,38.4,5.15,459.0,1475.25,0.0,7.8, , 
,1476.55,2624,79.5,3.1,11101000,1475.89,2624,42.7,6.18,499.8,1476.21,0.0,7.8, , 
,1477.56,2624,79.5,7.0,11101000,1476.88,2624,53.3,8.24,591.6,1477.22,0.0,7.8, , 
,1478.59,2656,79.5,8.6,11101000,1477.90,2624,53.3,8.24,591.6,1478.24,0.0,7.8, , 
,1479.63,2656,79.5,9.4,11101000,1478.93,2656,53.3,8.24,612.0,1479.28,0.0,7.8, , 
,1480.62,2656,79.5,6.6,11101000,1479.96,2656,57.6,9.27,632.4,1480.29,0.0,7.8, , 
,1481.63,2656,79.5,1.6,11101000,1480.95,2656,57.6,9.27,652.8,1481.28,0.0,7.8, , 
,1482.66,2656,79.5,0.0,11101000,1481.99,2656,59.2,9.27,652.8,1482.34,0.0,7.8, , 
,1483.65,2656,79.5,-0.4,11101000,1483.00,2656,57.6,8.24,652.8,1483.32,0.0,7.8, , 
,1484.66,2656,79.5,0.4,11101000,1483.99,2656,57.6,8.24,652.8,1484.32,0.0,7.8, , 
,1485.68,2656,79.5,0.8,11101000,1485.01,2656,57.6,8.24,632.4,1485.34,0.0,7.8, , 
,1486.69,2656,79.5,0.8,11101000,1486.02,2656,57.6,8.24,632.4,1486.35,0.0,7.8, , 
,1487.75,2656,79.5,1.6,11101000,1487.02,2656,57.6,8.24,632.4,1487.39,0.0,7.8, , 
,1488.75,2656,79.5,1.2,11101000,1488.07,2656,57.6,8.24,632.4,1488.40,0.0,7.8, , 
,1489.81,2656,79.5,1.2,11101000,1489.12,2656,57.6,8.24,632.4,1489.47,0.0,7.8, , 
,1490.80,2656,79.5,0.0,11101000,1490.13,2656,57.6,8.24,632.4,1490.48,0.0,7.8, , 
,1491.83,2656,79.5,-0.8,11101000,1491.12,2656,57.6,8.24,632.4,1491.47,0.0,7.8, , 
,1492.86,2624,79.5,0.8,11101000,1492.19,2656,57.6,8.24,632.4,1492.53,0.0,7.8, , 
,1493.84,2624,79.5,0.8,11101000,1493.18,2624,57.6,9.27,652.8,1493.51,0.0,7.8, , 
,1494.84,2624,79.5,0.8,11101000,1494.17,2624,57.6,8.24,652.8,1494.51,0.0,7.8, , 
,1495.83,2624,79.5,0.8,11101000,1495.16,2624,57.6,8.24,652.8,1495.49,0.0,7.8, , 
,1496.83,2624,79.5,-2.0,11101000,1496.16,2624,57.6,9.27,652.8,1496.50,0.0,7.8, , 
,1497.88,2656,79.5,-2.0,11101000,1497.18,2656,57.6,8.24,632.4,1497.54,0.0,7.8, , 
,1498.90,2656,79.5,-3.5,11101000,1498.22,2656,57.6,8.24,632.4,1498.54,0.0,7.8, , 
,1499.94,2688,79.5,-1.2,11101000,1499.24,2688,56.1,8.24,632.4,1499.59,0.0,7.8, , 
,1500.93,2688,79.5,-2.7,11101000,1500.27,2688,45.9,7.21,520.2,1500.60,0.0,7.8, , 
,1502.00,2688,79.5,-7.0,11101000,1501.28,2688,36.9,5.15,438.6,1501.63,0.0,7.8, , 
,1503.05,2656,79.5,-5.5,11101000,1502.36,2688,36.9,5.15,438.6,1502.71,0.0,7.8, , 
,1504.04,2656,79.5,-7.0,11101000,1503.39,2656,36.9,5.15,438.6,1503.72,0.0,7.8, , 
,1505.09,2656,79.5,-2.0,11101000,1504.39,2656,38.4,5.15,438.6,1504.73,0.0,7.8, , 
,1506.07,2624,79.5,-2.0,11101000,1505.42,2624,38.4,5.15,438.6,1505.75,0.0,7.8, , 
,1507.11,2624,79.5,-1.2,11101000,1506.43,2624,38.4,5.15,459.0,1506.78,0.0,7.8, , 
,1508.09,2592,79.5,-0.8,11101000,1507.44,2592,36.9,5.15,438.6,1507.76,0.0,7.8, , 
,1509.11,2592,79.5,0.0,11101000,1508.43,2592,36.9,5.15,438.6,1508.77,0.0,7.8, , 
,1510.15,2560,79.5,-5.9,11101001,1509.46,2560,31.0,4.12,377.4,1509.80,0.0,7.8, , 
,1511.17,2528,79.5,-11.7,11101000,1510.50,2528,20.8,2.06,295.8,1510.83,0.0,7.8, , 
,1512.19,2496,79.5,-8.2,11101000,1511.53,2528,20.8,2.06,275.4,1511.86,0.0,7.8, , 
,1513.17,2464,79.5,-6.6,11101000,1512.49,2496,20.8,2.06,295.8,1512.83,0.0,7.8, , 
,1514.24,2464,79.5,0.4,11101001,1513.52,2464,22.0,2.06,295.8,1513.90,0.0,7.8, , 
,1515.27,2464,79.5,18.0,11101001,1514.57,2464,50.2,5.15,571.2,1514.91,0.0,7.8, , 
,1516.35,2496,79.5,27.3,11101000,1515.62,2464,60.4,8.24,673.2,1515.99,0.0,7.8, , 
,1517.40,2496,79.5,34.4,11101000,1516.72,2496,50.2,7.21,571.2,1517.07,0.0,7.8, , 
,1518.42,2496,79.5,29.7,11101000,1517.75,2496,38.4,5.15,459.0,1518.07,0.0,7.8, , 
,1519.44,2496,79.5,-7.0,11101000,1518.77,2496,32.5,4.12,397.8,1519.11,0.0,7.8, , 
,1520.43,2496,79.5,-8.2,11101000,1519.75,2496,32.5,4.12,397.8,1520.09,0.0,7.8, , 
,1521.48,2528,79.5,-9.4,11101000,1520.78,2528,32.5,4.12,397.8,1521.13,0.0,7.8, , 
,1522.50,2528,79.5,-10.2,11101000,1521.83,2528,32.5,4.12,397.8,1522.17,0.0,7.8, , 
,1523.57,2528,79.5,-6.6,11101000,1522.86,2528,32.5,4.12,397.8,1523.21,0.0,7.8, , 
,1524.59,2496,79.5,-5.9,11101000,1523.92,2528,32.5,4.12,397.8,1524.25,0.0,7.8, , 
,1525.61,2496,79.5,-6.6,11101000,1524.92,2496,32.5,4.12,397.8,1525.24,0.0,7.8, , 
,1526.64,2496,79.5,-6.6,11101000,1525.93,2496,32.5,4.12,397.8,1526.29,0.0,7.8, , 
,1527.63,2496,79.5,-5.9,11101000,1526.95,2496,32.5,4.12,397.8,1527.29,0.0,7.8, , 
,1528.67,2464,79.5,0.8,11101000,1527.98,2496,35.3,5.15,438.6,1528.33,0.0,7.8, , 
,1529.71,2464,79.5,3.5,11101000,1529.04,2464,51.8,7.21,591.6,1529.37,0.0,7.8, , 
,1530.77,2464,79.5,4.7,11101000,1530.06,2464,53.3,8.24,612.0,1530.41,0.0,7.8, , 
,1531.83,2464,79.5,4.3,11101000,1531.12,2464,53.3,8.24,591.6,1531.49,0.0,7.8, , 
,1532.88,2496,79.5,3.1,11101000,1532.18,2464,53.3,8.24,591.6,1532.52,0.0,7.8, , 
,1533.92,2496,79.5,2.0,11101000,1533.24,2496,51.8,8.24,591.6,1533.56,0.0,7.8, , 
,1534.97,2496,79.5,-0.4,11101000,1534.26,2496,42.7,6.18,499.8,1534.60,0.0,7.8, , 
,1535.99,2496,78.0,-2.7,11101000,1535.30,2496,42.7,6.18,499.8,1535.66,0.0,7.8, , 
,1537.05,2528,78.0,-3.1,11101000,1536.35,2528,42.7,6.18,499.8,1536.70,0.0,7.8, , 
,1538.11,2528,78.0,-4.3,11101000,1537.40,2528,42.7,6.18,499.8,1537.74,0.0,7.8, , 
,1539.15,2528,78.0,-6.6,11101000,1538.45,2528,38.4,5.15,459.0,1538.81,0.0,7.8, , 
,1540.14,2528,78.0,-7.0,11101000,1539.48,2528,38.4,5.15,459.0,1539.81,0.0,7.8, , 
,1541.20,2496,78.0,-8.2,11101000,1540.50,2528,38.4,5.15,459.0,1540.84,0.0,7.8, , 
,1542.21,2496,78.0,-9.0,11101000,1541.53,2528,38.4,5.15,459.0,1541.85,0.0,7.8, , 
,1543.22,2496,79.5,-6.3,11101000,1542.54,2496,38.4,5.15,459.0,1542.88,0.0,7.8, , 
,1544.24,2496,78.0,-2.3,11101000,1543.56,2496,40.0,5.15,459.0,1543.88,0.0,7.8, , 
,1545.26,2496,78.0,-0.4,11101000,1544.59,2496,40.0,5.15,459.0,1544.94,0.0,7.8, , 
,1546.31,2496,78.0,2.7,11101000,1545.62,2496,44.3,6.18,520.2,1545.99,0.0,7.8, , 
,1547.33,2528,78.0,6.6,11101000,1546.64,2496,47.1,7.21,550.8,1546.98,0.0,7.8, , 
,1548.40,2528,78.0,5.5,11101000,1547.70,2528,45.9,7.21,520.2,1548.04,0.0,7.8, , 
,1549.43,2528,78.0,2.3,11101000,1548.74,2528,41.2,6.18,479.4,1549.08,0.0,7.8, , 
,1550.45,2528,78.0,-1.2,11101000,1549.79,2528,41.2,6.18,479.4,1550.13,0.0,7.8, , 
,1551.48,2528,78.0,-2.3,11101000,1550.79,2528,41.2,6.18,479.4,1551.13,0.0,7.8, , 
,1552.49,2528,78.0,-2.7,11101000,1551.81,2528,40.0,5.15,479.4,1552.15,0.0,7.8, , 
,1553.55,2528,78.0,-5.1,11101000,1552.86,2528,40.0,5.15,459.0,1553.21,0.0,7.8, , 
,1554.57,2528,78.0,-5.1,11101000,1553.88,2528,40.0,5.15,459.0,1554.23,0.0,7.8, , 
,1555.65,2528,78.0,-5.9,11101000,1554.93,2528,40.0,5.15,459.0,1555.28,0.0,7.8, , 
,1556.70,2528,78.0,-6.3,11101000,1555.99,2528,40.0,5.15,459.0,1556.34,0.0,7.8, , 
,1557.75,2528,78.0,-7.4,11101000,1557.04,2528,36.9,5.15,438.6,1557.38,0.0,7.8, , 
,1558.75,2528,78.0,-7.4,11101000,1558.08,2528,29.4,4.12,377.4,1558.42,0.0,7.8, , 
,1559.74,2528,78.0,-3.9,11101000,1559.08,2528,29.4,4.12,377.4,1559.41,0.0,7.8, , 
,1560.78,2528,78.0,-3.9,11101000,1560.11,2528,29.4,4.12,377.4,1560.45,0.0,7.8, , 
,1561.81,2496,78.0,-3.1,11101000,1561.10,2496,29.4,4.12,377.4,1561.46,0.0,7.8, , 
,1562.82,2496,78.0,-1.6,11101000,1562.12,2496,31.0,4.12,377.4,1562.46,0.0,7.8, , 
,1563.88,2464,78.0,-3.5,11101000,1563.20,2496,32.5,4.12,397.8,1563.55,0.0,7.8, , 
,1564.98,2464,78.0,-1.2,11101000,1564.26,2464,38.4,5.15,438.6,1564.62,0.0,7.8, , 
,1566.04,2432,78.0,3.9,11101000,1565.32,2464,44.3,6.18,499.8,1565.69,0.0,7.8, , 
,1567.12,2432,78.0,3.9,11101000,1566.41,2432,44.3,6.18,499.8,1566.76,0.0,7.8, , 
,1568.23,2432,78.0,2.3,11101000,1567.49,2432,42.7,6.18,499.8,1567.87,0.0,7.8, , 
,1569.28,2400,78.0,-2.7,11101000,1568.56,2432,32.5,4.12,397.8,1568.92,0.0,7.8, , 
,1570.27,2368,78.0,-12.1,11101000,1569.60,2400,22.0,3.09,295.8,1569.93,0.0,7.8, , 
,1571.26,2336,78.0,0.0,11111100,1570.61,2368,17.6,2.06,244.8,1570.93,0.0,7.8, , 
,1572.24,2304,78.0,0.0,11111100,1571.58,2336,0.0,0.00,244.8,1571.91,0.0,7.8, , 
,1573.24,2240,78.0,0.0,11111100,1572.58,2272,0.0,0.00,244.8,1572.90,0.0,7.8, , 
,1574.27,2176,78.0,0.0,11111100,1573.59,2208,0.0,0.00,244.8,1573.93,0.0,7.8, , 
,1575.30,2144,78.0,0.0,11111100,1574.61,2176,0.0,0.00,244.8,1574.96,0.0,7.8, , 
,1576.30,2080,78.0,0.0,11111100,1575.63,2112,0.0,0.00,244.8,1575.97,0.0,7.8, , 
,1577.31,2016,78.0,0.0,11111100,1576.63,2048,0.0,0.00,244.8,1576.97,0.0,7.8, , 
,1578.37,1952,78.0,0.0,11101010,1577.66,1984,0.0,0.00,244.8,1578.02,0.0,7.8, , 
,1579.45,1888,78.0,0.0,11101010,1578.74,1920,16.1,3.09,244.8,1579.11,0.0,7.8, , 
,1580.56,1856,78.0,-11.3,11101010,1579.82,1856,19.2,3.09,295.8,1580.20,0.0,7.8, , 
,1581.63,1824,78.0,-13.7,11101010,1580.90,1824,20.8,2.06,295.8,1581.27,0.0,7.8, , 
,1582.72,1792,78.0,0.0,11101010,1582.01,1824,28.2,3.09,377.4,1582.36,0.0,7.8, , 
,1583.73,1792,78.0,-2.0,11101010,1583.05,1792,32.5,4.12,418.2,1583.42,0.0,7.8, , 
,1584.81,1760,78.0,0.0,11111110,1584.09,1792,20.8,3.09,295.8,1584.47,2.3,7.8, , 
,1585.83,1728,78.0,0.0,11101010,1585.16,1760,0.0,0.00,316.2,1585.49,2.3,7.8, , 
,1586.91,1728,78.0,0.0,11101010,1586.17,1728,22.0,4.12,316.2,1586.53,2.3,7.8, , 
,1587.99,1728,78.0,-7.4,11101010,1587.26,1728,22.0,3.09,316.2,1587.62,2.3,7.8, , 
,1589.09,1696,78.0,-7.4,11101010,1588.34,1696,22.0,3.09,316.2,1588.72,1.6,7.8, , 
,1590.12,1696,78.0,-6.6,11101010,1589.44,1696,35.3,5.15,438.6,1589.77,1.6,7.8, , 
,1591.13,1696,78.0,-2.7,11101010,1590.45,1696,47.1,6.18,571.2,1590.78,0.8,7.8, , 
,1592.25,1696,78.0,0.8,11101010,1591.47,1696,47.1,7.21,571.2,1591.85,0.8,7.8, , 
,1593.38,1696,78.0,2.7,11101010,1592.62,1696,48.6,7.21,571.2,1592.98,0.8,7.8, , 
,1594.48,1696,76.5,2.7,11101010,1593.75,1696,48.6,7.21,571.2,1594.11,0.8,7.8, , 
,1595.50,1696,76.5,2.0,11101010,1594.83,1696,47.1,7.21,571.2,1595.16,0.8,7.8, , 
,1596.57,1696,76.5,-3.1,11101010,1595.88,1696,34.1,5.15,438.6,1596.23,1.6,7.8, , 
,1597.60,1664,76.5,-5.9,11101010,1596.92,1696,34.1,5.15,418.2,1597.25,1.6,7.8, , 
,1598.67,1632,78.0,-7.8,11101010,1597.98,1632,28.2,4.12,377.4,1598.34,2.3,7.8, , 
,1599.72,1600,76.5,-7.4,11101010,1599.02,1632,29.4,4.12,397.8,1599.35,1.6,7.8, , 
,1600.72,1568,76.5,-7.0,11101010,1600.06,1600,36.9,5.15,459.0,1600.38,1.6,7.8, , 
,1601.75,1536,76.5,-5.9,11101010,1601.06,1568,40.0,5.15,479.4,1601.41,1.6,7.8, , 
,1602.74,1504,76.5,-0.8,11101010,1602.10,1536,40.0,5.15,499.8,1602.41,1.6,7.8, , 
,1603.81,1408,76.5,0.0,11111110,1603.15,1504,41.2,6.18,499.8,1603.48,1.6,7.8, , 
,1604.81,1312,76.5,0.0,11101010,1604.11,992,26.7,4.12,377.4,1604.44,3.1,0.0, , 
,1605.86,1792,78.0,-7.4,11101010,1605.16,1888,20.8,3.09,295.8,1605.49,0.0,7.8, , 
,1606.96,1760,76.5,-7.4,11101010,1606.23,1792,25.1,3.09,336.6,1606.59,1.6,7.8, , 
,1608.07,1728,76.5,-6.3,11101010,1607.33,1760,35.3,5.15,438.6,1607.71,1.6,7.8, , 
,1609.20,1728,76.5,0.0,11101010,1608.44,1728,40.0,5.15,479.4,1608.82,0.8,7.8, , 
,1610.30,1760,76.5,0.4,11101010,1609.55,1760,59.2,9.27,693.6,1609.91,0.8,7.8, , 
,1611.42,1792,76.5,1.2,11101010,1610.65,1760,53.3,8.24,632.4,1611.04,0.0,7.8, , 
,1612.60,1824,76.5,-2.7,11101010,1611.82,1792,60.4,9.27,693.6,1612.21,0.0,7.8, , 
,1613.69,1888,76.5,-2.3,11101010,1612.97,1856,69.4,10.30,775.2,1613.33,0.0,7.8, , 
,1614.78,1952,76.5,-0.4,11101010,1614.05,1920,66.3,9.27,754.8,1614.42,0.0,7.8, , 
,1615.84,1952,76.5,0.0,11101010,1615.13,1952,50.2,6.18,591.6,1615.50,0.0,7.8, , 
,1616.94,1984,76.5,0.4,11101010,1616.21,1984,47.1,6.18,550.8,1616.58,0.0,7.8, , 
,1618.00,2016,76.5,-0.8,11101000,1617.28,1984,47.1,6.18,550.8,1617.63,0.0,7.8, , 
,1619.03,2016,76.5,-1.6,11101000,1618.34,2016,47.1,6.18,550.8,1618.69,0.0,7.8, , 
,1620.11,2016,76.5,-2.0,11101000,1619.40,2016,44.3,6.18,520.2,1619.75,0.0,7.8, , 
,1621.15,2016,76.5,-3.9,11101000,1620.46,2016,41.2,6.18,499.8,1620.81,0.0,7.8, , 
,1622.22,2048,75.0,-4.3,11101000,1621.51,2016,41.2,5.15,499.8,1621.87,0.0,7.8, , 
,1623.29,2016,76.5,-7.0,11101000,1622.57,2048,32.5,4.12,418.2,1622.94,0.0,7.8, , 
,1624.38,2016,76.5,-9.4,11101000,1623.66,2016,29.4,4.12,377.4,1624.03,0.0,7.8, , 
,1625.44,1984,76.5,-10.5,11101000,1624.74,2016,31.0,4.12,397.8,1625.08,0.0,7.8, , 
,1626.53,1984,76.5,-10.9,11101010,1625.78,1984,29.4,4.12,377.4,1626.16,0.0,7.8, , 
,1627.59,1952,76.5,-9.4,11101010,1626.88,1984,29.4,4.12,377.4,1627.23,0.0,7.8, , 
,1628.69,1952,75.0,-5.9,11101010,1627.95,1952,29.4,4.12,377.4,1628.32,0.0,7.8, , 
,1629.76,1920,76.5,-5.5,11101010,1629.04,1952,32.5,4.12,418.2,1629.41,0.0,7.8, , 
,1630.86,1920,76.5,-5.1,11101010,1630.13,1920,32.5,4.12,418.2,1630.49,0.0,7.8, , 
,1631.95,1920,76.5,-2.0,11101010,1631.24,1920,34.1,4.12,418.2,1631.60,0.0,7.8, , 
,1633.04,1920,75.0,2.3,11101010,1632.31,1920,44.3,6.18,520.2,1632.67,0.0,7.8, , 
,1634.14,1920,75.0,4.3,11101010,1633.42,1920,47.1,7.21,550.8,1633.78,0.0,7.8, , 
,1635.20,1952,75.0,4.3,11101010,1634.50,1952,45.9,7.21,550.8,1634.85,0.0,7.8, , 
,1636.29,1952,75.0,0.0,11101010,1635.57,1952,45.9,6.18,550.8,1635.94,0.0,7.8, , 
,1637.35,1888,75.0,-11.3,11111110,1636.64,1920,19.2,3.09,295.8,1636.99,0.0,7.8, , 
,1638.44,1824,76.5,0.0,11101010,1637.71,1888,0.0,0.00,275.4,1638.07,0.0,7.8, , 
,1639.51,1760,76.5,0.0,11101010,1638.79,1792,19.2,3.09,295.8,1639.19,0.0,7.8, , 
,1640.54,1728,76.5,-10.2,11101010,1639.88,1760,20.8,3.09,295.8,1640.20,2.3,7.8, , 
,1641.60,1696,76.5,-13.3,11101010,1640.91,1696,20.8,3.09,295.8,1641.24,2.3,7.8, , 
,1642.62,1440,76.5,0.0,11111110,1641.94,1664,20.8,2.06,295.8,1642.28,2.3,7.8, , 
,1643.54,1152,76.5,0.0,11111110,1642.90,992,26.7,4.12,377.4,1643.20,3.1,0.0, , 
,1644.42,1024,76.5,0.0,11111110,1643.86,1184,23.5,3.09,336.6,1644.15,3.9,0.0, , 
,1645.34,896,76.5,-2.3,11111110,1644.72,960,23.5,3.09,357.0,1645.01,4.7,0.0, , 
,1646.28,896,76.5,-7.0,11111110,1645.65,896,26.7,3.09,377.4,1645.96,4.7,0.0, , 
,1647.18,896,76.5,-8.6,11111110,1646.58,896,26.7,3.09,377.4,1646.88,4.7,0.0, , 
,1648.10,864,76.5,-9.0,11111110,1647.49,864,26.7,3.09,377.4,1647.79,4.7,0.0, , 
,1649.03,864,76.5,-9.4,11111110,1648.43,864,26.7,3.09,377.4,1648.73,4.7,0.0, , 
,1649.96,864,76.5,-10.2,11111110,1649.34,896,26.7,3.09,377.4,1649.65,4.7,0.0, , 
,1650.89,896,76.5,-9.8,11111110,1650.26,864,26.7,3.09,397.8,1650.59,3.1,0.0, , 
,1651.82,896,76.5,-10.2,11111110,1651.21,896,26.7,3.09,397.8,1651.52,3.1,0.0, , 
,1652.72,896,76.5,-10.5,11111110,1652.12,896,26.7,3.09,397.8,1652.42,3.1,0.0, , 
,1653.65,896,76.5,-9.8,11111110,1653.02,864,26.7,3.09,397.8,1653.33,2.3,0.0, , 
,1654.53,896,76.5,-10.2,11111110,1653.96,864,26.7,3.09,397.8,1654.24,2.3,0.0, , 
,1655.46,896,76.5,-10.2,11111110,1654.83,896,28.2,3.09,397.8,1655.14,2.3,0.0, , 
,1656.38,896,76.5,-9.0,11111110,1655.76,896,28.2,3.09,397.8,1656.07,2.3,0.0, , 
,1657.31,1120,76.5,-12.5,11101010,1656.66,960,32.5,4.12,418.2,1656.98,0.8,0.0, , 
,1658.28,1216,76.5,-1.6,11101010,1657.63,1152,38.4,5.15,479.4,1657.93,0.0,0.0, , 
,1659.30,1376,76.5,0.4,11101010,1658.60,1280,41.2,5.15,520.2,1658.96,0.0,0.0, , 
,1660.30,1536,78.0,-0.4,11101010,1659.65,1408,44.3,6.18,520.2,1659.92,0.0,0.0, , 
,1661.43,1792,76.5,2.7,11101010,1660.66,1632,54.5,8.24,632.4,1661.04,0.0,7.8, , 
,1662.53,2016,76.5,2.0,11101000,1661.81,1888,48.6,7.21,571.2,1662.17,0.0,7.8, , 
,1663.54,2304,78.0,1.6,11101000,1662.87,2144,56.1,8.24,632.4,1663.21,0.0,7.8, , 
,1664.60,2400,76.5,0.0,11111100,1663.90,2368,53.3,8.24,612.0,1664.26,0.0,7.8, , 
,1665.65,1184,76.5,0.0,11101010,1664.98,1824,0.0,0.00,316.2,1665.30,0.8,0.0, , 
,1666.75,1696,76.5,-5.1,11101010,1666.03,1728,35.3,6.18,459.0,1666.37,0.0,7.8, , 
,1667.79,1792,76.5,-1.2,11101010,1667.11,1728,44.3,6.18,520.2,1667.45,0.0,7.8, , 
,1668.89,1888,76.5,0.0,11101010,1668.15,1824,45.9,6.18,550.8,1668.52,0.0,7.8, , 
,1669.94,1952,76.5,0.4,11101010,1669.23,1888,54.5,8.24,632.4,1669.60,0.0,7.8, , 
,1670.98,2112,76.5,0.0,11101000,1670.28,2016,60.4,9.27,693.6,1670.63,0.0,7.8, , 
,1672.02,2272,76.5,-5.1,11101000,1671.33,2144,72.2,11.33,795.6,1671.68,0.0,7.8, , 
,1673.02,2400,76.5,-5.9,11101000,1672.35,2304,75.3,11.33,826.2,1672.69,0.0,7.8, , 
,1674.05,2560,76.5,-4.3,11101000,1673.37,2464,73.7,10.30,795.6,1673.71,0.0,7.8, , 
,1675.05,2688,76.5,-2.0,11101000,1674.38,2592,71.0,10.30,754.8,1674.70,0.0,7.8, , 
,1676.03,2816,76.5,0.4,11101000,1675.38,2720,69.4,10.30,754.8,1675.72,0.0,7.8, , 
,1677.12,2944,75.0,-2.3,11101000,1676.39,2848,67.8,10.30,734.4,1676.76,0.0,7.8, , 
,1678.20,1504,75.0,0.0,11101010,1677.47,2624,0.0,0.00,295.8,1677.82,0.0,7.8, , 
,1679.22,2144,75.0,0.0,11101000,1678.55,1824,25.1,4.12,336.6,1678.88,0.0,7.8, , 
,1680.21,2144,75.0,0.0,11101000,1679.56,2144,54.5,9.27,612.0,1679.89,0.0,7.8, , 
,1681.24,2208,75.0,-3.5,11101000,1680.54,2176,67.8,10.30,754.8,1680.89,0.0,7.8, , 
,1682.25,2304,75.0,-4.3,11101000,1681.57,2240,72.2,10.30,795.6,1681.91,0.0,7.8, , 
,1683.26,2368,75.0,-4.3,11101000,1682.61,2304,72.2,10.30,795.6,1682.93,0.0,7.8, , 
,1684.31,2432,75.0,-3.5,11101000,1683.59,2400,72.2,10.30,775.2,1683.95,0.0,7.8, , 
,1685.37,2496,75.0,-2.3,11101000,1684.65,2464,71.0,10.30,754.8,1685.01,0.0,7.8, , 
,1686.37,2560,75.0,-1.6,11101000,1685.72,2528,69.4,10.30,754.8,1686.05,0.0,7.8, , 
,1687.43,2624,76.5,-0.8,11101000,1686.73,2592,69.4,10.30,754.8,1687.08,0.0,7.8, , 
,1688.43,2720,76.5,-0.8,11101000,1687.77,2656,67.8,10.30,734.4,1688.10,0.0,7.8, , 
,1689.46,2784,76.5,0.4,11101000,1688.77,2720,67.8,10.30,734.4,1689.13,0.0,7.8, , 
,1690.46,2816,76.5,1.2,11101000,1689.78,2784,66.3,10.30,714.0,1690.11,0.0,7.8, , 
,1691.51,2880,76.5,2.3,11101000,1690.80,2848,65.1,9.27,714.0,1691.15,0.0,7.8, , 
,1692.62,2944,76.5,3.1,11101000,1691.91,2912,63.5,10.30,693.6,1692.21,0.0,7.8, , 
,1693.42,3008,76.5,3.1,11101000,1692.89,2976,63.5,9.27,693.6,1693.15,0.0,7.8, , 
,1694.58,3040,76.5,2.0,11101000,1693.84,3008,62.0,9.27,693.6,1694.17,0.0,7.8, , 
,1695.64,2592,76.5,0.0,11111100,1694.95,3072,62.0,9.27,673.2,1695.32,0.0,7.8, , 
,1696.72,1344,76.5,0.0,11101010,1695.98,2080,0.0,0.00,295.8,1696.39,0.8,7.8, , 
,1697.75,2304,76.5,0.0,11101000,1697.07,1856,26.7,4.12,357.0,1697.42,0.0,7.8, , 
,1698.78,2304,76.5,-1.2,11101000,1698.09,2304,40.0,6.18,459.0,1698.42,0.0,7.8, , 
,1699.79,2304,76.5,-2.7,11101000,1699.12,2304,47.1,6.18,550.8,1699.46,0.0,7.8, , 
,1700.81,2304,78.0,-0.4,11101000,1700.13,2304,54.5,8.24,632.4,1700.46,0.0,7.8, , 
,1701.83,2304,78.0,0.0,11101000,1701.16,2304,54.5,8.24,632.4,1701.48,0.0,7.8, , 
,1702.80,2272,78.0,-7.0,11101000,1702.16,2304,22.0,3.09,316.2,1702.48,0.0,7.8, , 
,1703.78,2272,78.0,-8.6,11101000,1703.13,2272,31.0,4.12,377.4,1703.47,0.0,7.8, , 
,1704.77,2272,78.0,-6.6,11101000,1704.11,2272,42.7,5.15,499.8,1704.44,0.0,7.8, , 
,1705.75,2272,78.0,-1.2,11101000,1705.10,2272,45.9,6.18,550.8,1705.42,0.0,7.8, , 
,1706.77,2272,78.0,1.6,11101000,1706.09,2272,53.3,7.21,612.0,1706.43,0.0,7.8, , 
,1707.77,2272,78.0,5.1,11101000,1707.10,2272,56.1,8.24,632.4,1707.43,0.0,7.8, , 
,1708.77,2272,78.0,7.4,11101000,1708.10,2272,56.1,8.24,632.4,1708.43,0.0,7.8, , 
,1709.79,2272,78.0,7.4,11101000,1709.10,2272,56.1,9.27,632.4,1709.45,0.0,7.8, , 
,1710.78,2304,78.0,4.7,11101000,1710.13,2304,56.1,9.27,632.4,1710.45,0.0,7.8, , 
,1711.79,2304,78.0,4.3,11101000,1711.11,2304,54.5,8.24,632.4,1711.45,0.0,7.8, , 
,1712.83,2304,78.0,1.6,11101000,1712.14,2304,60.4,9.27,673.2,1712.48,0.0,7.8, , 
,1713.82,2304,78.0,-4.3,11101000,1713.15,2304,66.3,10.30,734.4,1713.50,0.0,7.8, , 
,1714.80,2336,78.0,-5.1,11101000,1714.16,2336,67.8,10.30,734.4,1714.48,0.0,7.8, , 
,1715.82,2336,78.0,-3.5,11101000,1715.12,2336,59.2,9.27,652.8,1715.46,0.0,7.8, , 
,1716.84,2336,78.0,-2.0,11101000,1716.17,2336,59.2,9.27,652.8,1716.52,0.0,7.8, , 
,1717.82,2336,78.0,-0.4,11101000,1717.17,2336,59.2,9.27,652.8,1717.50,0.0,7.8, , 
,1718.85,2336,78.0,-2.0,11101000,1718.16,2336,62.0,9.27,693.6,1718.51,0.0,7.8, , 
,1719.86,2336,78.0,-5.1,11101000,1719.20,2336,62.0,9.27,693.6,1719.53,0.0,7.8, , 
,1720.86,2368,78.0,-10.9,11101000,1720.19,2336,75.3,11.33,826.2,1720.52,0.0,7.8, , 
,1721.92,2368,78.0,-13.7,11101000,1721.22,2368,78.4,11.33,846.6,1721.58,0.0,7.8, , 
,1722.98,2400,78.0,-13.3,11101000,1722.26,2400,78.4,11.33,846.6,1722.62,0.0,7.8, , 
,1724.07,2432,78.0,-7.8,11101000,1723.33,2432,69.4,10.30,754.8,1723.70,0.0,7.8, , 
,1725.15,2496,78.0,-5.1,11101000,1724.44,2464,67.8,10.30,754.8,1724.78,0.0,7.8, , 
,1726.21,2528,78.0,-1.2,11101000,1725.51,2496,62.0,9.27,693.6,1725.85,0.0,7.8, , 
,1727.21,2560,78.0,2.3,11101000,1726.55,2528,56.1,8.24,632.4,1726.89,0.0,7.8, , 
,1728.23,2592,78.0,2.0,11101000,1727.55,2560,54.5,8.24,632.4,1727.90,0.0,7.8, , 
,1729.22,2624,78.0,2.3,11101000,1728.58,2592,54.5,8.24,612.0,1728.91,0.0,7.8, , 
,1730.21,2624,78.0,3.1,11101000,1729.54,2624,54.5,8.24,612.0,1729.87,0.0,7.8, , 
,1731.22,2624,78.0,2.7,11101000,1730.53,2624,53.3,8.24,612.0,1730.87,0.0,7.8, , 
,1732.20,2656,78.0,-0.4,11101000,1731.56,2656,53.3,8.24,612.0,1731.88,0.0,7.8, , 
,1733.22,2656,78.0,0.0,11101000,1732.53,2656,45.9,7.21,520.2,1732.89,0.0,7.8, , 
,1734.24,2624,78.0,0.0,11101000,1733.56,2656,45.9,7.21,520.2,1733.90,0.0,7.8, , 
,1735.27,2624,78.0,0.0,11101000,1734.59,2624,45.9,7.21,520.2,1734.93,0.0,7.8, , 
,1736.33,2624,78.0,-0.8,11101000,1735.62,2624,47.1,7.21,550.8,1735.98,0.0,7.8, , 
,1737.34,2592,79.5,-0.8,11101000,1736.68,2592,47.1,7.21,550.8,1737.01,0.0,7.8, , 
,1738.37,2592,78.0,-2.3,11101000,1737.69,2592,50.2,7.21,571.2,1738.01,0.0,7.8, , 
,1739.36,2592,78.0,-3.1,11101000,1738.71,2592,56.1,8.24,612.0,1739.02,0.0,7.8, , 
,1740.33,2624,78.0,-5.9,11101000,1739.69,2592,63.5,9.27,693.6,1740.02,0.0,7.8, , 
,1741.31,2624,78.0,-6.3,11101000,1740.66,2624,63.5,9.27,693.6,1740.98,0.0,7.8, , 
,1742.32,2624,78.0,-5.9,11101000,1741.64,2624,63.5,9.27,693.6,1741.98,0.0,7.8, , 
,1743.34,2656,78.0,-6.3,11101000,1742.66,2656,63.5,9.27,693.6,1743.00,0.0,7.8, , 
,1744.35,2656,78.0,-4.7,11101000,1743.69,2656,60.4,9.27,673.2,1744.02,0.0,7.8, , 
,1745.35,2656,78.0,-4.3,11101000,1744.66,2656,59.2,9.27,652.8,1745.00,0.0,7.8, , 
,1746.38,2688,78.0,-4.3,11101000,1745.70,2688,59.2,8.24,652.8,1746.05,0.0,7.8, , 
,1747.40,2688,78.0,-3.9,11101000,1746.70,2688,59.2,8.24,652.8,1747.04,0.0,7.8, , 
,1748.42,2656,78.0,0.0,11101000,1747.75,2688,41.2,6.18,479.4,1748.09,0.0,7.8, , 
,1749.42,2624,78.0,-17.2,11101000,1748.75,2656,19.2,2.06,275.4,1749.07,0.0,7.8, , 
,1750.42,2592,78.0,-28.1,11101000,1749.76,2624,17.6,2.06,244.8,1750.09,0.0,7.8, , 
,1751.43,2560,79.5,-30.5,11101000,1750.76,2592,17.6,2.06,244.8,1751.10,0.0,7.8, , 
,1752.46,2560,79.5,-28.5,11101000,1751.78,2560,19.2,2.06,275.4,1752.13,0.0,7.8, , 
,1753.48,2560,79.5,-16.4,11101000,1752.80,2528,25.1,3.09,336.6,1753.14,0.0,7.8, , 
,1754.51,2560,79.5,-9.4,11101000,1753.83,2528,29.4,4.12,377.4,1754.16,0.0,7.8, , 
,1755.52,2560,78.0,-4.3,11101000,1754.86,2560,36.9,5.15,438.6,1755.18,0.0,7.8, , 
,1756.55,2560,79.5,-1.6,11101000,1755.86,2560,40.0,6.18,479.4,1756.21,0.0,7.8, , 
,1757.57,2560,79.5,4.7,11101000,1756.88,2560,47.1,7.21,550.8,1757.23,0.0,7.8, , 
,1758.60,2592,79.5,5.1,11101000,1757.92,2560,48.6,8.24,571.2,1758.25,0.0,7.8, , 
,1759.60,2592,79.5,5.1,11101000,1758.92,2592,54.5,8.24,612.0,1759.26,0.0,7.8, , 
,1760.60,2624,79.5,4.3,11101000,1759.94,2592,54.5,8.24,612.0,1760.26,0.0,7.8, , 
,1761.58,2624,79.5,3.1,11101000,1760.92,2624,54.5,8.24,612.0,1761.25,0.0,7.8, , 
,1762.60,2624,79.5,0.4,11101000,1761.92,2624,57.6,9.27,632.4,1762.27,0.0,7.8, , 
,1763.64,2656,79.5,2.0,11101000,1762.95,2624,60.4,9.27,673.2,1763.29,0.0,7.8, , 
,1764.64,2656,78.0,1.2,11101000,1763.97,2656,60.4,9.27,673.2,1764.31,0.0,7.8, , 
,1765.67,2656,79.5,7.4,11101000,1764.98,2656,54.5,8.24,612.0,1765.35,0.0,7.8, , 
,1766.66,2656,79.5,9.8,11101000,1766.00,2656,54.5,8.24,612.0,1766.33,0.0,7.8, , 
,1767.71,2656,79.5,10.9,11101000,1767.01,2656,54.5,8.24,612.0,1767.37,0.0,7.8, , 
,1768.70,2656,79.5,10.2,11101000,1768.05,2656,54.5,8.24,612.0,1768.37,0.0,7.8, , 
,1769.72,2656,78.0,10.2,11101000,1769.03,2624,54.5,8.24,612.0,1769.38,0.0,7.8, , 
,1770.72,2624,78.0,5.1,11101000,1770.05,2624,54.5,8.24,612.0,1770.39,0.0,7.8, , 
,1771.72,2624,79.5,4.7,11101000,1771.05,2624,54.5,8.24,612.0,1771.37,0.0,7.8, , 
,1772.72,2624,78.0,4.7,11101000,1772.05,2624,56.1,8.24,632.4,1772.38,0.0,7.8, , 
,1773.74,2624,79.5,3.9,11101000,1773.05,2624,54.5,8.24,612.0,1773.39,0.0,7.8, , 
,1774.76,2624,79.5,2.3,11101000,1774.08,2624,54.5,8.24,612.0,1774.42,0.0,7.8, , 
,1775.80,2624,78.0,1.2,11101000,1775.11,2624,54.5,8.24,612.0,1775.46,0.0,7.8, , 
,1776.87,2656,79.5,0.0,11101000,1776.14,2624,56.1,8.24,632.4,1776.50,0.0,7.8, , 
,1777.91,2656,79.5,-2.0,11101000,1777.21,2656,57.6,9.27,632.4,1777.56,0.0,7.8, , 
,1778.92,2656,79.5,-3.5,11101000,1778.24,2656,59.2,9.27,673.2,1778.56,0.0,7.8, , 
,1779.96,2656,79.5,-3.5,11101000,1779.28,2656,59.2,9.27,652.8,1779.62,0.0,7.8, , 
,1780.98,2656,79.5,-0.8,11101000,1780.31,2656,50.2,7.21,571.2,1780.65,0.0,7.8, , 
,1782.03,2656,79.5,-4.3,11101000,1781.31,2656,40.0,6.18,459.0,1781.66,0.0,7.8, , 
,1783.06,2656,79.5,-5.9,11101001,1782.37,2656,40.0,5.15,459.0,1782.71,0.0,7.8, , 
,1784.09,2624,79.5,-4.7,11101000,1783.40,2624,44.3,6.18,499.8,1783.75,0.0,7.8, , 
,1785.12,2624,79.5,-5.1,11101000,1784.42,2624,42.7,6.18,499.8,1784.77,0.0,7.8, , 
,1786.12,2624,79.5,-3.9,11101000,1785.46,2624,42.7,6.18,499.8,1785.79,0.0,7.4, , 
,1787.14,2624,79.5,-1.2,11101000,1786.47,2624,42.7,6.18,499.8,1786.82,0.0,7.4, , 
,1788.12,2624,79.5,0.0,11101000,1787.47,2624,45.9,6.18,520.2,1787.80,0.0,7.4, , 
,1789.12,2592,79.5,-12.5,11101000,1788.45,2592,20.8,3.09,295.8,1788.80,0.0,7.4, , 
,1790.13,2560,79.5,-19.9,11101000,1789.45,2592,20.8,2.06,295.8,1789.78,0.0,7.4, , 
,1791.13,2528,79.5,-23.8,11101000,1790.46,2560,19.2,2.06,275.4,1790.78,0.0,7.4, , 
,1792.13,2496,79.5,-27.0,11101000,1791.46,2528,19.2,2.06,275.4,1791.80,0.0,7.4, , 
,1793.10,2464,79.5,-28.9,11101000,1792.44,2496,20.8,2.06,275.4,1792.77,0.0,7.4, , 
,1794.11,2432,79.5,-26.2,11101000,1793.44,2464,20.8,2.06,275.4,1793.78,0.0,7.4, , 
,1795.11,2432,79.5,-23.4,11101000,1794.44,2432,20.8,2.06,275.4,1794.78,0.0,7.4, , 
,1796.12,2400,79.5,-22.7,11101000,1795.43,2400,20.8,2.06,295.8,1795.78,0.0,7.4, , 
,1797.15,2368,79.5,-22.3,11101000,1796.44,2368,20.8,2.06,295.8,1796.81,0.0,7.4, , 
,1798.15,2336,79.5,-17.6,11101000,1797.49,2336,20.8,2.06,295.8,1797.82,0.0,7.4, , 
,1799.18,2336,79.5,-8.6,11101000,1798.50,2336,28.2,3.09,357.0,1798.82,0.0,7.4, , 
,1800.18,2304,79.5,-7.0,11101001,1799.50,2336,34.1,4.12,418.2,1799.84,0.0,7.4, , 
,1801.16,2304,79.5,-3.9,11101000,1800.50,2304,32.5,4.12,397.8,1800.83,0.0,7.4, , 
,1802.14,2304,79.5,-6.3,11101000,1801.49,2304,34.1,5.15,418.2,1801.80,0.0,7.4, , 
,1803.16,2272,79.5,-16.4,11101000,1802.48,2272,17.6,2.06,244.8,1802.82,0.0,7.4, , 
,1804.15,2240,79.5,-27.0,11101000,1803.48,2272,16.1,2.06,244.8,1803.82,0.0,7.4, , 
,1805.15,2208,79.5,-30.5,11111100,1804.49,2240,16.1,2.06,244.8,1804.82,0.0,7.4, , 
,1806.15,2176,79.5,0.0,11111100,1805.47,2208,17.6,2.06,244.8,1805.82,0.0,7.4, , 
,1807.19,2144,79.5,0.0,11111100,1806.48,2176,0.0,0.00,275.4,1806.82,0.0,7.4, , 
,1808.18,2112,79.5,0.0,11111100,1807.53,2112,0.0,0.00,244.8,1807.85,0.0,7.4, , 
,1809.15,1440,79.5,0.0,11111110,1808.51,2080,0.0,0.00,244.8,1808.84,0.0,7.4, , 
,1810.05,928,78.0,0.0,11111110,1809.45,960,25.1,4.12,357.0,1809.74,0.8,0.0, , 
,1810.99,896,79.5,0.0,11111110,1810.37,928,29.4,5.15,418.2,1810.66,0.8,0.0, , 
,1811.94,928,78.0,-3.1,11111110,1811.31,928,28.2,4.12,397.8,1811.62,0.8,0.0, , 
,1812.91,896,78.0,-6.6,11111110,1812.28,928,28.2,3.09,397.8,1812.60,0.8,0.0, , 
,1813.85,896,78.0,-6.3,11111110,1813.22,896,28.2,3.09,397.8,1813.55,0.8,0.0, , 
,1814.75,896,78.0,-5.9,11111110,1814.14,896,26.7,3.09,397.8,1814.46,0.8,0.0, , 
,1815.71,896,78.0,-5.5,11111110,1815.07,896,26.7,3.09,397.8,1815.39,0.8,0.0, , 
,1816.65,896,78.0,-5.5,11111110,1816.02,896,26.7,3.09,397.8,1816.33,0.8,0.0, , 
,1817.61,896,78.0,-6.6,11111110,1816.98,896,26.7,3.09,397.8,1817.31,0.8,0.0, , 
,1818.53,896,78.0,-6.6,11111110,1817.93,896,26.7,3.09,397.8,1818.22,0.0,0.0, , 
,1819.46,864,78.0,-7.0,11111110,1818.82,896,26.7,3.09,377.4,1819.14,0.0,0.0, , 
,1820.41,864,79.5,-7.0,11111110,1819.78,864,26.7,3.09,397.8,1820.08,0.0,0.0, , 
,1821.33,896,79.5,-7.4,11111110,1820.71,896,26.7,3.09,397.8,1821.03,0.0,0.0, , 
,1822.26,896,79.5,-7.0,11111110,1821.63,864,26.7,3.09,397.8,1821.94,0.0,0.0, , 
,1823.23,960,79.5,-7.4,11111110,1822.60,896,26.7,3.09,397.8,1822.89,0.0,0.0, , 
,1824.17,1024,79.5,-7.0,11111110,1823.52,960,25.1,3.09,357.0,1823.84,0.0,0.0, , 
,1825.16,1536,79.5,-2.7,11111110,1824.50,1120,20.8,2.06,316.2,1824.82,0.0,0.0, , 
,1826.15,2176,79.5,0.0,11101000,1825.48,1952,19.2,3.09,295.8,1825.81,0.0,7.4, , 
,1827.15,2144,79.5,-12.9,11101000,1826.48,2144,16.1,2.06,244.8,1826.82,0.0,7.4, , 
,1828.21,2112,79.5,-18.0,11101000,1827.52,2112,19.2,2.06,275.4,1827.86,0.0,7.4, , 
,1829.25,2080,79.5,-23.8,11101000,1828.57,2080,19.2,2.06,275.4,1828.91,0.0,7.4, , 
,1830.28,2080,79.5,-22.7,11101000,1829.61,2112,23.5,2.06,316.2,1829.94,0.0,7.4, , 
,1831.33,2112,79.5,-17.6,11101000,1830.62,2080,35.3,4.12,438.6,1830.98,0.0,7.4, , 
,1832.37,2176,79.5,-13.7,11101000,1831.68,2144,40.0,5.15,479.4,1832.04,0.0,7.4, , 
,1833.39,2240,78.0,-10.2,11101000,1832.71,2176,40.0,5.15,479.4,1833.06,0.0,7.4, , 
,1834.39,2272,78.0,-7.4,11101000,1833.71,2240,38.4,5.15,459.0,1834.04,0.0,7.4, , 
,1835.44,2336,78.0,-4.3,11101000,1834.73,2304,36.9,5.15,438.6,1835.10,0.0,7.4, , 
,1836.49,2400,78.0,-5.5,11101000,1835.79,2368,36.9,5.15,438.6,1836.13,0.0,7.4, , 
,1837.52,2464,78.0,-6.3,11101000,1836.83,2432,35.3,5.15,418.2,1837.17,0.0,7.4, , 
,1838.58,2528,78.0,-5.5,11101000,1837.88,2496,35.3,5.15,418.2,1838.25,0.0,7.4, , 
,1839.58,2624,78.0,-4.3,11101000,1838.90,2560,38.4,5.15,459.0,1839.25,0.0,7.4, , 
,1840.61,2720,76.5,-3.5,11101000,1839.95,2656,40.0,5.15,459.0,1840.28,0.0,7.4, , 
,1841.64,2816,76.5,1.6,11101000,1840.97,2752,41.2,6.18,479.4,1841.30,0.0,7.4, , 
,1842.74,2944,76.5,3.9,11101000,1841.99,2880,56.1,8.24,632.4,1842.27,0.0,7.4, , 
,1843.78,1920,76.5,0.0,11101010,1843.11,2976,0.0,0.00,459.0,1843.43,0.0,7.4, , 
,1844.79,2272,76.5,0.0,11101000,1844.13,1888,25.1,4.12,336.6,1844.46,0.0,7.4, , 
,1845.81,2336,76.5,-0.8,11101000,1845.14,2272,40.0,6.18,459.0,1845.46,0.0,7.4, , 
,1846.83,2432,76.5,0.8,11101000,1846.15,2368,54.5,8.24,612.0,1846.48,0.0,7.4, , 
,1847.86,2528,76.5,-2.3,11101000,1847.18,2464,57.6,9.27,632.4,1847.52,0.0,7.4, , 
,1848.92,2656,76.5,-5.9,11101000,1848.22,2592,71.0,11.33,775.2,1848.57,0.0,7.4, , 
,1849.97,2784,75.0,-8.6,11101000,1849.26,2688,75.3,11.33,826.2,1849.61,0.0,7.4, , 
,1850.99,2912,76.5,-10.9,11101000,1850.34,2816,76.9,11.33,826.2,1850.70,0.0,7.4, , 
,1852.25,3008,76.5,-10.9,11101000,1851.47,2944,81.2,12.36,867.0,1851.77,0.0,7.4, , 
,1853.19,1696,76.5,0.0,11111110,1852.55,2720,0.0,0.00,316.2,1852.90,0.0,7.4, , 
,1854.13,1440,76.5,0.0,11101010,1853.53,1216,0.0,0.00,336.6,1853.81,0.0,0.0, , 
,1855.14,2336,76.5,0.0,11101000,1854.46,2368,20.8,3.09,295.8,1854.80,0.0,7.4, , 
,1856.11,2272,76.5,0.0,11101000,1855.45,2240,56.1,8.24,632.4,1855.78,0.0,7.4, , 
,1857.13,2272,76.5,5.1,11101000,1856.45,2272,63.5,9.27,714.0,1856.79,0.0,7.4, , 
,1858.14,2304,76.5,4.7,11101000,1857.44,2304,67.8,10.30,734.4,1857.79,0.0,7.4, , 
,1859.14,2336,76.5,-7.0,11101000,1858.47,2304,71.0,11.33,775.2,1858.82,0.0,7.4, , 
,1860.18,2368,76.5,-11.7,11101000,1859.48,2336,78.4,12.36,846.6,1859.86,0.0,7.4, , 
,1861.20,2400,76.5,-14.5,11101000,1860.52,2368,81.2,12.36,887.4,1860.87,0.0,7.4, , 
,1862.25,2432,76.5,-15.2,11101000,1861.53,2432,81.2,12.36,887.4,1861.90,0.0,7.4, , 
,1863.30,2464,76.5,-12.1,11101000,1862.63,2464,81.2,11.33,867.0,1862.98,0.0,7.4, , 
,1864.32,2496,76.5,-12.1,11101000,1863.64,2496,79.6,11.33,867.0,1863.96,0.0,7.4, , 
,1865.34,2496,78.0,-9.4,11101000,1864.65,2496,79.6,11.33,867.0,1865.01,0.0,7.4, , 
,1866.37,2496,78.0,-6.3,11101000,1865.65,2496,75.3,11.33,826.2,1866.01,0.0,7.4, , 
,1867.43,2496,78.0,-3.5,11101000,1866.72,2496,71.0,10.30,775.2,1867.07,0.0,7.4, , 
,1868.42,2496,78.0,0.0,11101000,1867.76,2496,65.1,9.27,714.0,1868.10,0.0,7.4, , 
,1869.46,2464,78.0,0.4,11101000,1868.75,2496,45.9,6.18,520.2,1869.10,0.0,7.4, , 
,1870.50,2464,78.0,2.3,11101000,1869.82,2464,53.3,8.24,612.0,1870.17,0.0,7.4, , 
,1871.52,2464,78.0,2.7,11101000,1870.85,2464,56.1,8.24,632.4,1871.20,0.0,7.4, , 
,1872.60,2496,78.0,2.7,11101000,1871.88,2496,56.1,8.24,632.4,1872.24,0.0,7.4, , 
,1873.62,2496,78.0,4.3,11101000,1872.96,2496,54.5,8.24,612.0,1873.27,0.0,7.4, , 
,1874.66,2496,78.0,0.4,11101000,1873.94,2496,51.8,8.24,591.6,1874.30,0.0,7.4, , 
,1875.67,2496,78.0,-2.7,11101000,1875.00,2496,42.7,6.18,499.8,1875.35,0.0,7.4, , 
,1876.69,2528,78.0,-3.9,11101000,1876.01,2496,42.7,6.18,499.8,1876.37,0.0,7.4, , 
,1877.72,2528,78.0,-4.3,11101000,1877.03,2528,42.7,6.18,479.4,1877.38,0.0,7.4, , 
,1878.76,2528,78.0,-4.3,11101000,1878.09,2528,44.3,6.18,499.8,1878.43,0.0,7.4, , 
,1879.78,2528,78.0,-3.1,11101000,1879.08,2528,44.3,6.18,520.2,1879.45,0.0,7.4, , 
,1880.82,2496,78.0,1.6,11101000,1880.13,2528,45.9,7.21,520.2,1880.47,0.0,7.4, , 
,1881.85,2496,78.0,1.2,11101000,1881.16,2496,48.6,7.21,571.2,1881.53,0.0,7.4, , 
,1882.86,2528,78.0,0.8,11101000,1882.22,2496,50.2,7.21,571.2,1882.54,0.0,7.4, , 
,1883.88,2528,78.0,-2.0,11101000,1883.19,2528,51.8,8.24,591.6,1883.55,0.0,7.4, , 
,1884.91,2528,78.0,-1.6,11101000,1884.24,2528,54.5,8.24,612.0,1884.59,0.0,7.4, , 
,1885.97,2528,78.0,-2.0,11101000,1885.26,2528,56.1,8.24,632.4,1885.62,0.0,7.4, , 
,1887.03,2560,78.0,-1.6,11101000,1886.33,2528,53.3,8.24,591.6,1886.68,0.0,7.4, , 
,1888.08,2560,78.0,-1.6,11101000,1887.36,2560,56.1,8.24,632.4,1887.72,0.0,7.4, , 
,1889.07,2592,78.0,-1.6,11101000,1888.41,2592,56.1,8.24,632.4,1888.75,0.0,7.4, , 
,1890.07,2592,78.0,-2.3,11101000,1889.41,2592,57.6,9.27,632.4,1889.74,0.0,7.4, , 
,1891.06,2624,78.0,0.0,11101000,1890.40,2624,56.1,8.24,632.4,1890.72,0.0,7.4, , 
,1892.06,2656,78.0,2.3,11101000,1891.39,2624,56.1,8.24,632.4,1891.73,0.0,7.4, , 
,1893.12,2656,78.0,0.0,11101000,1892.42,2656,54.5,8.24,612.0,1892.77,0.0,7.4, , 
,1894.11,2624,78.0,-9.0,11101000,1893.45,2656,20.8,3.09,275.4,1893.76,0.0,7.4, , 
,1895.11,2624,78.0,-9.0,11101000,1894.45,2624,25.1,3.09,336.6,1894.77,0.0,7.4, , 
,1896.13,2624,78.0,-9.4,11101000,1895.45,2624,38.4,5.15,438.6,1895.79,0.0,7.4, , 
,1897.14,2592,78.0,-9.0,11101000,1896.47,2592,36.9,5.15,438.6,1896.81,0.0,7.4, , 
,1898.12,2592,78.0,-8.2,11101000,1897.48,2592,36.9,5.15,438.6,1897.79,0.0,7.4, , 
,1899.15,2560,78.0,-6.6,11101000,1898.46,2592,36.9,5.15,438.6,1898.81,0.0,7.4, , 
,1900.15,2560,78.0,-5.5,11101000,1899.49,2560,38.4,5.15,438.6,1899.82,0.0,7.4, , 
,1901.16,2528,78.0,-4.7,11101000,1900.48,2560,38.4,5.15,459.0,1900.82,0.0,7.4, , 
,1902.21,2528,78.0,-1.2,11101000,1901.50,2528,44.3,6.18,499.8,1901.86,0.0,7.4, , 
,1903.24,2528,78.0,2.3,11101000,1902.57,2528,48.6,7.21,550.8,1902.90,0.0,7.4, , 
,1904.26,2528,78.0,1.2,11101000,1903.58,2528,50.2,7.21,571.2,1903.93,0.0,7.4, , 
,1905.27,2528,78.0,1.2,11101000,1904.60,2528,50.2,7.21,571.2,1904.95,0.0,7.4, , 
,1906.34,2528,78.0,0.4,11101000,1905.62,2528,50.2,7.21,571.2,1905.97,0.0,7.4, , 
,1907.37,2528,78.0,0.0,11101000,1906.68,2528,50.2,7.21,571.2,1907.02,0.0,7.4, , 
,1908.39,2528,78.0,1.2,11101000,1907.72,2528,48.6,7.21,571.2,1908.06,0.0,7.4, , 
,1909.41,2560,78.0,0.8,11101000,1908.73,2528,48.6,7.21,571.2,1909.06,0.0,7.4, , 
,1910.42,2560,78.0,0.4,11101000,1909.75,2560,48.6,7.21,550.8,1910.08,0.0,7.4, , 
,1911.44,2560,78.0,1.2,11101000,1910.76,2560,48.6,7.21,571.2,1911.11,0.0,7.4, , 
,1912.43,2592,78.0,0.4,11101000,1911.77,2592,48.6,7.21,550.8,1912.11,0.0,7.4, , 
,1913.47,2592,78.0,0.0,11101000,1912.78,2592,48.6,7.21,550.8,1913.11,0.0,7.4, , 
,1914.47,2560,78.0,-2.7,11101000,1913.80,2592,28.2,4.12,357.0,1914.14,0.0,7.4, , 
,1915.50,2528,78.0,-5.1,11101000,1914.83,2560,28.2,4.12,357.0,1915.16,0.0,7.4, , 
,1916.50,2528,78.0,-7.0,11101000,1915.84,2528,28.2,4.12,357.0,1916.17,0.0,7.4, , 
,1917.48,2496,78.0,-12.1,11101000,1916.81,2528,22.0,3.09,295.8,1917.13,0.0,7.4, , 
,1918.50,2464,78.0,-20.3,11101000,1917.80,2496,20.8,2.06,275.4,1918.17,0.0,7.4, , 
,1919.51,2432,78.0,-27.0,11101000,1918.84,2464,17.6,2.06,244.8,1919.17,0.0,7.4, , 
,1920.50,2400,78.0,-30.5,11101000,1919.83,2432,17.6,2.06,244.8,1920.17,0.0,7.4, , 
,1921.48,2368,78.0,-30.5,11101000,1920.82,2368,17.6,2.06,244.8,1921.17,0.0,7.4, , 
,1922.46,2336,78.0,-30.5,11101000,1921.80,2368,17.6,2.06,244.8,1922.13,0.0,7.4, , 
,1923.46,2304,78.0,-30.1,11101000,1922.79,2336,17.6,2.06,244.8,1923.12,0.0,7.4, , 
,1924.46,2272,78.0,-27.0,11101000,1923.79,2304,20.8,2.06,275.4,1924.12,0.0,7.4, , 
,1925.45,2240,78.0,-24.2,11101000,1924.78,2272,20.8,2.06,295.8,1925.11,0.0,7.4, , 
,1926.46,2240,78.0,-23.0,11101000,1925.79,2240,20.8,2.06,295.8,1926.12,0.0,7.4, , 
,1927.47,2208,78.0,-19.9,11101000,1926.82,2208,23.5,2.06,316.2,1927.14,0.0,7.4, , 
,1928.49,2176,78.0,-17.2,11101000,1927.81,2208,23.5,3.09,316.2,1928.15,0.0,7.4, , 
,1929.50,2144,78.0,-14.8,11101000,1928.82,2176,22.0,3.09,316.2,1929.15,0.0,7.4, , 
,1930.56,2112,78.0,-14.1,11101000,1929.85,2144,23.5,3.09,316.2,1930.19,0.0,7.4, , 
,1931.57,2112,78.0,-12.9,11101000,1930.89,2112,23.5,3.09,316.2,1931.23,0.0,7.4, , 
,1932.61,2080,78.0,-14.1,11101000,1931.93,2112,23.5,3.09,316.2,1932.27,0.0,7.4, , 
,1933.66,2048,78.0,-14.8,11101000,1932.97,2080,23.5,3.09,336.6,1933.30,0.0,7.4, , 
,1934.70,2048,78.0,-24.6,11101000,1934.01,2048,17.6,2.06,275.4,1934.35,0.0,7.4, , 
,1935.78,2016,78.0,-21.5,11101000,1935.05,2048,20.8,2.06,295.8,1935.42,0.0,7.4, , 
,1936.81,1536,78.0,0.0,11111110,1936.13,2016,40.0,4.12,479.4,1936.48,0.0,7.4, , 
,1937.77,1312,78.0,0.0,11101010,1937.12,1088,25.1,4.12,357.0,1937.41,0.0,0.0, , 
,1938.77,2528,78.0,-8.6,11101000,1938.11,2144,19.2,3.09,295.8,1938.44,0.0,7.4, , 
,1939.78,2528,78.0,-16.8,11101000,1939.10,2528,19.2,2.06,275.4,1939.45,0.0,7.4, , 
,1940.83,2528,78.0,-19.9,11101000,1940.12,2528,19.2,2.06,275.4,1940.47,0.0,7.4, , 
,1941.88,2528,78.0,-12.9,11101000,1941.20,2528,42.7,5.15,499.8,1941.54,0.0,7.4, , 
,1942.88,2592,78.0,-7.0,11101000,1942.23,2560,51.8,7.21,591.6,1942.56,0.0,7.4, , 
,1943.89,2656,78.0,-1.2,11101000,1943.21,2624,53.3,7.21,591.6,1943.55,0.0,7.4, , 
,1944.93,2688,78.0,3.9,11101000,1944.25,2656,47.1,7.21,550.8,1944.59,0.0,7.4, , 
,1945.97,2752,78.0,6.6,11101000,1945.27,2720,47.1,7.21,550.8,1945.62,0.0,7.4, , 
,1946.98,2784,78.0,6.6,11101000,1946.30,2752,45.9,7.21,520.2,1946.64,0.0,7.4, , 
,1948.02,2816,78.0,2.7,11101000,1947.33,2784,38.4,6.18,459.0,1947.67,0.0,7.4, , 
,1949.02,2848,76.5,1.2,11101000,1948.34,2816,38.4,5.15,459.0,1948.67,0.0,7.4, , 
,1950.05,2880,76.5,7.4,11101000,1949.35,2848,48.6,7.21,571.2,1949.70,0.0,7.4, , 
,1951.14,2912,76.5,3.5,11101000,1950.41,2880,63.5,10.30,693.6,1950.78,0.0,7.4, , 
,1952.27,2976,76.5,2.3,11101000,1951.43,2944,63.5,10.30,693.6,1951.80,0.0,7.4, , 
,1953.09,2976,76.5,3.9,11101000,1952.55,2976,62.0,9.27,693.6,1952.82,0.0,7.4, , 
,1953.88,2976,76.5,3.5,11101000,1953.35,2976,44.3,6.18,520.2,1953.62,0.0,7.4, , 
,1954.78,2976,76.5,1.2,11101000,1954.16,2976,40.0,5.15,459.0,1954.43,0.0,7.4, , 
,1955.90,2944,76.5,3.1,11101000,1955.24,2976,40.0,5.15,459.0,1955.57,0.0,7.4, , 
,1957.00,2912,76.5,4.3,11101000,1956.26,2944,41.2,5.15,479.4,1956.66,0.0,7.4, , 
,1958.00,2880,76.5,8.6,11101000,1957.33,2912,45.9,6.18,520.2,1957.66,0.0,7.4, , 
,1959.02,2848,76.5,2.3,11101000,1958.33,2880,36.9,5.15,438.6,1958.66,0.0,7.4, , 
,1960.05,2784,76.5,-2.0,11101000,1959.37,2848,32.5,4.12,397.8,1959.69,0.0,7.4, , 
,1961.07,2720,76.5,-13.3,11101000,1960.40,2784,19.2,2.06,275.4,1960.73,0.0,7.4, , 
,1962.09,2656,76.5,-18.0,11101000,1961.42,2720,19.2,2.06,275.4,1961.74,0.0,7.4, , 
,1963.13,2624,76.5,-19.9,11101000,1962.44,2656,20.8,2.06,275.4,1962.79,0.0,7.4, , 
,1964.15,2592,76.5,-15.6,11101000,1963.47,2592,32.5,3.09,397.8,1963.83,0.0,7.4, , 
,1965.14,2624,76.5,-5.5,11101000,1964.48,2592,56.1,7.21,632.4,1964.80,0.0,7.4, , 
,1966.17,2656,76.5,-3.9,11101000,1965.48,2624,63.5,9.27,693.6,1965.84,0.0,7.4, , 
,1967.21,2656,76.5,1.6,11101000,1966.49,2656,54.5,8.24,612.0,1966.85,0.0,7.4, , 
,1968.24,2656,76.5,-0.8,11101000,1967.58,2656,40.0,6.18,479.4,1967.91,0.0,7.4, , 
,1969.25,2656,76.5,-5.5,11101000,1968.58,2656,23.5,3.09,316.2,1968.91,0.0,7.4, , 
,1970.29,2656,76.5,-5.9,11101000,1969.58,2656,34.1,4.12,397.8,1969.93,0.0,7.4, , 
,1971.28,2688,76.5,-5.5,11101000,1970.64,2656,36.9,5.15,438.6,1970.97,0.0,7.4, , 
,1972.30,2688,76.5,-1.6,11101000,1971.60,2688,44.3,6.18,499.8,1971.95,0.0,7.4, , 
,1973.29,2720,78.0,0.8,11101000,1972.64,2688,44.3,6.18,499.8,1972.96,0.0,7.4, , 
,1974.32,2720,76.5,-1.2,11101000,1973.63,2720,42.7,6.18,499.8,1973.97,0.0,7.4, , 
,1975.28,2688,76.5,-5.1,11101000,1974.64,2720,29.4,4.12,377.4,1974.96,0.0,7.4, , 
,1976.31,2688,76.5,-11.7,11101000,1975.61,2688,20.8,3.09,295.8,1975.96,0.0,7.4, , 
,1977.33,2656,76.5,-13.3,11101000,1976.66,2656,20.8,2.06,275.4,1977.01,0.0,7.4, , 
,1978.34,2624,76.5,-2.7,11101000,1977.66,2624,28.2,3.09,357.0,1977.99,0.0,7.4, , 
,1979.35,2592,78.0,1.6,11101000,1978.68,2592,34.1,4.12,397.8,1979.02,0.0,7.4, , 
,1980.35,2624,78.0,3.9,11101000,1979.68,2592,40.0,5.15,459.0,1980.03,0.0,7.4, , 
,1981.32,2592,78.0,3.5,11101000,1980.67,2592,29.4,4.12,377.4,1980.99,0.0,7.4, , 
,1982.31,2624,78.0,5.5,11101000,1981.64,2592,32.5,4.12,397.8,1981.98,0.0,7.4, , 
,1983.29,2656,78.0,7.4,11101000,1982.64,2624,36.9,5.15,438.6,1982.97,0.0,7.4, , 
,1984.30,2688,78.0,13.3,11101000,1983.61,2656,42.7,6.18,479.4,1983.98,0.0,7.4, , 
,1985.35,2752,78.0,18.0,11101000,1984.62,2720,47.1,7.21,550.8,1984.97,0.0,7.4, , 
,1986.37,2784,78.0,11.3,11101000,1985.69,2784,34.1,5.15,418.2,1986.02,0.0,7.4, , 
,1987.43,2784,78.0,8.2,11101000,1986.73,2784,31.0,4.12,377.4,1987.08,0.0,7.4, , 
,1988.45,2816,78.0,7.4,11101000,1987.75,2816,36.9,5.15,438.6,1988.10,0.0,7.4, , 
,1989.54,2816,78.0,9.8,11101000,1988.80,2816,42.7,6.18,499.8,1989.18,0.0,7.4, , 
,1990.59,2816,78.0,16.0,11101000,1989.91,2816,45.9,6.18,520.2,1990.26,0.0,7.4, , 
,1991.63,2816,78.0,16.0,11101000,1990.91,2816,50.2,8.24,571.2,1991.27,0.0,7.4, , 
,1992.65,2848,78.0,14.1,11101000,1991.98,2816,57.6,9.27,632.4,1992.30,0.0,7.4, , 
,1993.75,2816,78.0,-0.8,11101000,1993.02,2816,56.1,8.24,632.4,1993.39,0.0,7.4, , 
,1994.81,2816,78.0,-2.0,11101000,1994.11,2816,57.6,9.27,632.4,1994.46,0.0,7.4, , 
,1995.83,2784,78.0,-2.7,11101000,1995.15,2816,57.6,9.27,652.8,1995.50,0.0,7.4, , 
,1996.85,2816,78.0,-2.7,11101000,1996.18,2784,57.6,8.24,652.8,1996.52,0.0,7.4, , 
,1997.88,2816,78.0,-3.1,11101000,1997.20,2816,57.6,8.24,652.8,1997.53,0.0,7.4, , 
,1998.94,2816,78.0,0.8,11101000,1998.24,2816,47.1,7.21,550.8,1998.60,0.0,7.4, , 
,1999.98,2816,78.0,1.6,11101000,1999.30,2816,45.9,7.21,520.2,1999.65,0.0,7.4, , 
,2001.02,2816,78.0,-1.2,11101000,2000.32,2816,44.3,7.21,499.8,2000.67,0.0,7.4, , 
,2002.04,2816,78.0,-3.9,11101000,2001.36,2816,40.0,5.15,459.0,2001.70,0.0,7.4, , 
,2003.04,2848,78.0,0.0,11101000,2002.36,2816,54.5,8.24,612.0,2002.71,0.0,7.4, , 
,2004.09,1568,78.0,0.0,11111110,2003.36,2624,0.0,0.00,357.0,2003.71,0.0,7.4, , 
,2005.14,2144,78.0,0.0,11101000,2004.45,1664,29.4,5.15,377.4,2004.79,0.0,7.4, , 
,2006.14,2176,78.0,0.0,11101000,2005.48,2144,88.6,16.48,948.6,2005.80,0.0,7.4, , 
,2007.17,2208,78.0,-12.1,11101000,2006.48,2176,92.9,16.48,989.4,2006.82,0.0,7.4, , 
,2008.16,2272,78.0,0.0,11101000,2007.50,2240,92.9,14.42,989.4,2007.83,0.0,7.4, , 
,2009.15,2304,78.0,-14.8,11101000,2008.50,2272,90.2,14.42,969.0,2008.82,0.0,7.4, , 
,2010.14,2336,78.0,0.0,11101000,2009.48,2336,87.1,13.39,948.6,2009.81,0.0,7.4, , 
,2011.16,2368,78.0,-2.3,11101000,2010.47,2368,71.0,11.33,775.2,2010.82,0.0,7.4, , 
,2012.19,2400,78.0,-3.9,11101000,2011.53,2368,57.6,8.24,652.8,2011.87,0.0,7.4, , 
,2013.25,2400,78.0,-9.0,11101000,2012.53,2400,36.9,5.15,438.6,2012.89,0.0,7.4, , 
,2014.31,2400,78.0,-18.4,11101000,2013.62,2400,22.0,3.09,295.8,2013.94,0.0,7.4, , 
,2015.31,2368,78.0,-25.8,11101000,2014.62,2400,19.2,2.06,275.4,2014.95,0.0,7.4, , 
,2016.33,2368,78.0,-30.5,11101000,2015.63,2368,17.6,2.06,275.4,2015.99,0.0,7.4, , 
,2017.32,2336,78.0,-31.6,11111100,2016.67,2368,17.6,2.06,244.8,2016.99,0.0,7.4, , 
,2018.33,2304,78.0,0.0,11111100,2017.66,2336,17.6,2.06,244.8,2017.99,0.0,7.4, , 
,2019.31,2272,79.5,0.0,11111100,2018.67,2272,0.0,0.00,275.4,2019.00,0.0,7.4, , 
,2020.34,2208,79.5,0.0,11111100,2019.65,2240,0.0,0.00,244.8,2019.99,0.0,7.4, , 
,2021.33,2176,79.5,0.0,11111100,2020.67,2176,0.0,0.00,275.4,2021.00,0.0,7.4, , 
,2022.34,2112,79.5,0.0,11111100,2021.65,2144,0.0,0.00,244.8,2021.99,0.0,7.4, , 
,2023.36,2080,79.5,0.0,11111100,2022.68,2080,0.0,0.00,244.8,2023.03,0.0,7.4, , 
,2024.40,2016,79.5,0.0,11101000,2023.69,2048,16.1,3.09,244.8,2024.05,0.0,7.4, , 
,2025.47,2048,79.5,0.0,11101000,2024.75,2048,25.1,3.09,336.6,2025.10,0.0,7.4, , 
,2026.52,2080,79.5,-1.6,11101000,2025.83,2048,62.0,10.30,714.0,2026.18,0.0,7.4, , 
,2027.55,2112,78.0,-5.9,11101000,2026.87,2080,72.2,11.33,795.6,2027.21,0.0,7.4, , 
,2028.58,2112,78.0,0.0,11101000,2027.91,2112,62.0,9.27,693.6,2028.25,0.0,7.4, , 
,2029.60,2144,78.0,-2.0,11101000,2028.92,2144,47.1,7.21,550.8,2029.27,0.0,7.4, , 
,2030.63,2144,78.0,-4.3,11101000,2029.95,2144,53.3,7.21,612.0,2030.30,0.0,7.4, , 
,2031.69,2144,78.0,-5.1,11101000,2030.97,2144,42.7,6.18,499.8,2031.34,0.0,7.4, , 
,2032.74,2112,78.0,-11.3,11101000,2032.04,2144,32.5,4.12,418.2,2032.39,0.0,7.4, , 
,2033.77,2080,78.0,-14.8,11101000,2033.08,2112,20.8,2.06,295.8,2033.42,0.0,7.4, , 
,2034.80,2080,78.0,-14.1,11101000,2034.11,2080,20.8,2.06,295.8,2034.45,0.0,7.4, , 
,2035.85,2016,78.0,-30.1,11101000,2035.15,2048,16.1,1.03,244.8,2035.50,0.0,7.4, , 
,2036.91,2016,78.0,0.0,11111100,2036.20,2016,16.1,1.03,244.8,2036.56,0.0,7.4, , 
,2037.98,1984,78.0,0.0,11111110,2037.27,1984,0.0,0.00,244.8,2037.63,0.0,7.4, , 
,2039.04,1952,78.0,0.0,11111110,2038.32,1984,0.0,0.00,275.4,2038.69,0.0,7.4, , 
,2040.08,1888,78.0,0.0,11111110,2039.38,1952,0.0,0.00,275.4,2039.73,0.0,7.4, , 
,2041.12,1856,78.0,0.0,11111110,2040.44,1888,0.0,0.00,275.4,2040.76,0.0,7.4, , 
,2042.16,1760,78.0,0.0,11111110,2041.45,1824,0.0,0.00,295.8,2041.82,0.0,7.4, , 
,2043.16,1728,78.0,0.0,11111110,2042.50,1760,0.0,0.00,316.2,2042.83,0.0,7.4, , 
,2044.23,1664,78.0,0.0,11111110,2043.52,1696,0.0,0.00,316.2,2043.88,0.0,7.4, , 
,2045.25,1632,78.0,0.0,11111110,2044.61,1664,0.0,0.00,316.2,2044.93,0.0,7.4, , 
,2046.30,1600,78.0,0.0,11111110,2045.59,1600,0.0,0.00,336.6,2045.95,0.0,7.4, , 
,2047.31,1568,78.0,0.0,11111110,2046.64,1568,0.0,0.00,336.6,2046.97,0.0,7.4, , 
,2048.25,1504,78.0,0.0,11101010,2047.64,1536,0.0,0.00,336.6,2047.97,0.0,7.4, , 
,2049.31,1536,78.0,0.0,11101010,2048.58,1536,23.5,4.12,336.6,2048.92,0.0,7.4, , 
,2050.35,1504,78.0,-9.4,11101010,2049.70,1504,25.1,3.09,336.6,2049.97,0.0,7.4, , 
,2051.32,1504,78.0,-10.9,11111110,2050.62,1504,22.0,3.09,316.2,2051.06,0.0,7.4, , 
,2052.35,1472,78.0,-12.5,11111110,2051.60,1472,23.5,3.09,336.6,2051.88,0.0,0.0, , 
,2053.31,1024,78.0,-11.3,11111110,2052.74,1472,23.5,3.09,336.6,2053.05,0.0,0.0, , 
,2054.27,960,78.0,-6.3,11111110,2053.62,960,29.4,3.09,397.8,2053.93,0.0,0.0, , 
,2055.21,928,78.0,-4.3,11111110,2054.58,960,26.7,3.09,377.4,2054.90,0.0,0.0, , 
,2056.18,928,76.5,-3.1,11111110,2055.57,992,26.7,3.09,377.4,2055.89,0.0,0.0, , 
,2057.10,928,76.5,-2.0,11111110,2056.50,896,26.7,3.09,377.4,2056.80,0.0,0.0, , 
,2058.03,928,76.5,-2.3,11111110,2057.42,928,26.7,3.09,377.4,2057.72,0.0,0.0, , 
,2058.95,864,76.5,-3.1,11111110,2058.33,896,25.1,3.09,377.4,2058.63,0.0,0.0, , 
,2059.85,896,76.5,-3.5,11111110,2059.25,864,26.7,3.09,377.4,2059.54,0.0,0.0, , 
,2060.79,896,76.5,-3.5,11111110,2060.18,864,26.7,3.09,397.8,2060.48,0.0,0.0, , 
,2061.72,896,76.5,-3.5,11111110,2061.12,896,26.7,3.09,397.8,2061.42,0.0,0.0, , 
,2062.63,896,76.5,-3.9,11111110,2062.02,896,26.7,3.09,397.8,2062.32,0.0,0.0, , 
,2063.57,896,76.5,-5.1,11111110,2062.96,864,26.7,3.09,397.8,2063.26,0.0,0.0, , 
,2064.50,896,76.5,-5.9,11111110,2063.88,864,26.7,3.09,397.8,2064.18,0.0,0.0, , 
,2065.40,864,76.5,-5.9,11111110,2064.81,864,28.2,3.09,397.8,2065.11,0.0,0.0, , 
,2066.32,864,76.5,-5.5,11111110,2065.72,896,28.2,3.09,397.8,2066.02,0.0,0.0, , 
,2067.22,896,76.5,-5.5,11111110,2066.62,896,28.2,3.09,397.8,2066.92,0.0,0.0, , 
,2068.12,896,76.5,-6.3,11111110,2067.52,896,28.2,3.09,397.8,2067.81,0.0,0.0, , 
,2069.06,896,78.0,-7.0,11111110,2068.41,896,28.2,3.09,397.8,2068.73,0.0,0.0, , 
,2069.96,864,78.0,-7.4,11111110,2069.36,896,28.2,3.09,397.8,2069.65,0.0,0.0, , 
,2070.89,896,78.0,-7.4,11111110,2070.27,864,28.2,3.09,397.8,2070.57,0.0,0.0, , 
,2071.82,896,78.0,-7.0,11111110,2071.20,896,28.2,3.09,397.8,2071.52,0.0,0.0, , 
,2072.72,896,78.0,-6.6,11111110,2072.12,896,28.2,3.09,397.8,2072.42,0.0,0.0, , 
,2073.65,896,78.0,-6.6,11111110,2073.03,896,28.2,3.09,397.8,2073.34,0.0,0.0, , 
,2074.57,896,78.0,-6.6,11111110,2073.95,896,28.2,3.09,397.8,2074.26,0.0,0.0, , 
,2075.49,896,78.0,-7.4,11111110,2074.88,896,28.2,3.09,397.8,2075.20,0.0,0.0, , 
,2076.36,864,78.0,-7.4,11111110,2075.80,864,28.2,3.09,397.8,2076.07,0.0,0.0, , 
,2077.28,864,78.0,-7.4,11111110,2076.64,864,28.2,3.09,397.8,2076.96,0.0,0.0, , 
,2078.21,768,78.0,-7.8,11111110,2077.60,896,29.4,3.09,397.8,2077.91,0.0,0.0, , 
,2079.14,768,78.0,-7.4,11111110,2078.52,768,29.4,3.09,418.2,2078.83,0.0,0.0, , 
,2080.02,800,78.0,-7.0,11111110,2079.43,800,31.0,4.12,438.6,2079.72,0.0,0.0, , 
,2080.92,800,78.0,-7.0,11111110,2080.31,800,29.4,3.09,418.2,2080.62,0.0,0.0, , 
,2081.81,800,78.0,-6.6,11111110,2081.21,800,29.4,4.12,418.2,2081.51,0.0,0.0, , 
,2082.70,800,78.0,-6.6,11111110,2082.10,800,29.4,3.09,418.2,2082.41,0.0,0.0, , 
,2083.56,800,78.0,-6.3,11111110,2083.00,800,29.4,3.09,418.2,2083.28,0.0,0.0, , 
,2084.48,800,76.5,-6.3,11111110,2083.85,800,29.4,3.09,418.2,2084.18,0.0,0.0, , 
,2085.38,768,78.0,-5.9,11111110,2084.78,800,29.4,3.09,418.2,2085.08,0.0,0.0, , 
,2086.29,768,78.0,-5.9,11111110,2085.70,800,29.4,3.09,418.2,2085.99,0.0,0.0, , 
,2087.20,800,78.0,-5.5,11111110,2086.60,800,29.4,4.12,418.2,2086.91,0.0,0.0, , 
,2088.08,768,78.0,-6.3,11111110,2087.50,800,28.2,3.09,418.2,2087.78,0.0,0.0, , 
,2088.95,800,78.0,-5.9,11111110,2088.36,800,29.4,3.09,418.2,2088.64,0.0,0.0, , 
,2089.83,800,78.0,-5.9,11111110,2089.24,800,29.4,3.09,418.2,2089.55,0.0,0.0, , 
,2090.70,800,78.0,-5.5,11111110,2090.11,800,29.4,3.09,418.2,2090.39,0.0,0.0, , 
,2091.59,800,78.0,-5.5,11111110,2091.00,768,29.4,3.09,418.2,2091.30,0.0,0.0, , 
,2092.49,800,78.0,-5.5,11111110,2091.88,768,29.4,3.09,418.2,2092.19,0.0,0.0, , 
,2093.39,800,78.0,-5.9,11111110,2092.80,800,29.4,4.12,418.2,2093.09,0.0,0.0, , 
,2094.26,768,78.0,-6.6,11111110,2093.67,768,29.4,3.09,418.2,2093.97,0.0,0.0, , 
,2095.18,768,78.0,-6.3,11111110,2094.57,800,29.4,4.12,418.2,2094.88,0.0,0.0, , 
,2096.09,800,78.0,-6.6,11111110,2095.49,800,29.4,3.09,418.2,2095.78,0.0,0.0, , 
,2096.97,800,78.0,-6.6,11111110,2096.38,800,29.4,3.09,418.2,2096.68,0.0,0.0, , 
,2097.87,800,78.0,-7.0,11111110,2097.26,800,29.4,3.09,418.2,2097.56,0.0,0.0, , 
,2098.78,800,78.0,-7.4,11111110,2098.17,800,29.4,3.09,418.2,2098.48,0.0,0.0, , 
,2099.66,800,78.0,-7.8,11111110,2099.07,768,29.4,3.09,418.2,2099.36,0.0,0.0, , 
,2100.55,800,78.0,-7.8,11111110,2099.97,768,29.4,4.12,438.6,2100.25,0.0,0.0, , 
,2101.42,768,78.0,-7.8,11111110,2100.83,800,29.4,3.09,418.2,2101.12,0.0,0.0, , 
,2102.34,800,78.0,-8.2,11111110,2101.72,800,31.0,3.09,438.6,2102.02,0.0,0.0, , 
,2103.23,800,78.0,-8.6,11111110,2102.64,800,29.4,3.09,418.2,2102.93,0.0,0.0, , 
,2104.12,768,78.0,-8.6,11111110,2103.53,800,29.4,3.09,418.2,2103.83,0.0,0.0, , 
,2105.02,800,78.0,-7.8,11111110,2104.42,800,31.0,3.09,438.6,2104.71,0.0,0.0, , 
,2105.94,800,78.0,-8.2,11111110,2105.33,800,29.4,3.09,438.6,2105.62,0.0,0.0, , 
,2106.82,800,78.0,-8.6,11111110,2106.22,768,29.4,3.09,418.2,2106.51,0.0,0.0, , 
,2107.71,800,78.0,-9.0,11111110,2107.12,768,29.4,3.09,438.6,2107.42,0.0,0.0, , 
,2108.61,768,78.0,-9.0,11111110,2108.03,800,31.0,3.09,438.6,2108.33,0.0,0.0, , 
,2109.51,768,78.0,-9.0,11111110,2108.89,800,31.0,3.09,438.6,2109.20,0.0,0.0, , 
,2110.44,768,78.0,-8.2,10111110,2109.82,800,31.0,4.12,438.6,2110.13,0.0,0.0, , 
,2111.34,800,78.0,-7.8,10111110,2110.73,800,31.0,3.09,438.6,2111.03,0.0,0.0, , 
,2112.23,800,78.0,-8.2,10111110,2111.64,800,29.4,3.09,438.6,2111.94,0.0,0.0, , 
,2113.12,800,78.0,-8.6,10111110,2112.53,768,31.0,4.12,438.6,2112.82,0.0,0.0, , 
,2114.02,800,78.0,-8.6,10111110,2113.42,800,29.4,3.09,418.2,2113.73,0.0,0.0, , 
,2114.91,768,78.0,-9.0,10111110,2114.32,768,29.4,3.09,438.6,2114.62,0.0,0.0, , 
,2115.88,1696,78.0,0.0,10101010,2115.21,800,29.4,3.09,418.2,2115.52,0.0,0.0, , 
,2116.88,1152,78.0,0.0,10101010,2116.24,1920,44.3,6.18,550.8,2116.58,0.0,0.0, , 
,2117.83,1664,76.5,0.0,10101010,2117.19,1184,65.1,10.30,754.8,2117.49,0.0,0.0, , 
,2118.86,2048,78.0,0.0,11111100,2118.18,1920,67.8,10.30,775.2,2118.51,0.0,7.4, , 
,2119.87,1312,78.0,0.0,11101010,2119.20,1504,0.0,0.00,357.0,2119.54,0.0,0.0, , 
,2120.84,1472,78.0,0.0,11101010,2120.21,1312,42.7,6.18,520.2,2120.57,0.0,0.0, , 
,2121.89,1600,78.0,0.0,11111110,2121.20,1536,47.1,6.18,591.6,2121.54,0.0,7.4, , 
,2122.88,1568,78.0,-10.2,11111110,2122.22,1600,23.5,3.09,336.6,2122.56,0.0,7.4, , 
,2123.86,1472,78.0,-14.1,11111110,2123.25,1568,23.5,3.09,316.2,2123.59,0.0,7.4, , 
,2124.81,1376,78.0,-11.7,11111110,2124.18,1472,23.5,3.09,336.6,2124.50,0.0,0.0, , 
,2125.77,1216,76.5,-8.2,10101010,2125.12,1344,23.5,3.09,336.6,2125.46,0.0,0.0, , 
,2126.74,1184,78.0,-10.2,10101010,2126.11,1280,31.0,4.12,418.2,2126.42,0.0,0.0, , 
,2127.76,1312,78.0,-6.3,10101010,2127.09,1280,36.9,5.15,459.0,2127.41,0.0,0.0, , 
,2128.76,1376,76.5,-7.0,10101010,2128.09,1344,25.1,3.09,357.0,2128.43,0.0,0.0, , 
,2129.77,1408,78.0,-7.0,10101010,2129.08,1376,23.5,3.09,336.6,2129.41,0.0,0.0, , 
,2130.77,1600,78.0,0.0,10101010,2130.08,1440,32.5,4.12,418.2,2130.41,0.0,7.4, , 
,2131.84,1952,78.0,0.0,11101010,2131.14,1728,69.4,12.36,795.6,2131.48,0.0,7.4, , 
,2132.85,2240,78.0,-1.2,11101000,2132.19,2048,60.4,9.27,693.6,2132.52,0.0,7.4, , 
,2133.87,2368,76.5,0.0,11111100,2133.20,2272,44.3,6.18,499.8,2133.54,0.0,7.4, , 
,2134.84,2400,78.0,-9.4,11111100,2134.20,2400,20.8,3.09,295.8,2134.53,0.0,7.4, , 
,2135.80,2208,78.0,0.0,11111100,2135.16,2336,17.6,2.06,244.8,2135.47,0.0,7.4, , 
,2136.80,1952,78.0,0.0,11111110,2136.13,2112,0.0,0.00,275.4,2136.47,0.0,7.4, , 
,2137.84,1920,78.0,0.0,11101010,2137.13,1952,17.6,3.09,275.4,2137.48,0.0,7.4, , 
,2138.93,2048,78.0,0.0,11101000,2138.21,1888,35.3,5.15,418.2,2138.57,0.0,7.4, , 
,2139.94,2432,78.0,0.0,11101000,2139.27,2176,66.3,10.30,734.4,2139.60,0.0,7.4, , 
,2140.96,2816,78.0,-3.1,11101000,2140.28,2560,71.0,11.33,775.2,2140.61,0.0,7.4, , 
,2141.89,2848,78.0,0.0,11111100,2141.24,2912,69.4,10.30,754.8,2141.55,0.0,7.4, , 
,2142.94,1888,78.0,0.0,11101010,2142.21,2368,0.0,0.00,295.8,2142.57,0.0,7.4, , 
,2143.98,2112,78.0,-10.2,11101000,2143.29,2080,22.0,3.09,316.2,2143.64,0.0,7.4, , 
,2145.00,2176,78.0,-7.4,11101000,2144.33,2112,40.0,5.15,479.4,2144.67,0.0,7.4, , 
,2145.99,2304,78.0,-7.4,11101000,2145.33,2240,54.5,7.21,632.4,2145.66,0.0,7.4, , 
,2147.04,2400,78.0,-3.1,11101000,2146.34,2336,53.3,7.21,612.0,2146.68,0.0,7.4, , 
,2148.04,2496,78.0,0.0,11101000,2147.36,2464,48.6,7.21,571.2,2147.71,0.0,7.4, , 
,2149.08,2528,79.5,-8.2,11101000,2148.40,2528,22.0,3.09,295.8,2148.74,0.0,7.4, , 
,2150.11,2560,79.5,-15.2,11101000,2149.44,2528,20.8,2.06,275.4,2149.77,0.0,7.4, , 
,2151.11,2592,79.5,-18.0,11101000,2150.44,2560,19.2,2.06,275.4,2150.76,0.0,7.4, , 
,2152.08,2624,79.5,-15.6,11101000,2151.43,2592,17.6,2.06,244.8,2151.75,0.0,7.4, , 
,2153.07,2624,79.5,-15.2,11111100,2152.41,2624,17.6,2.06,244.8,2152.74,0.0,7.4, , 
,2154.05,2656,79.5,0.0,11111100,2153.41,2656,17.6,1.03,244.8,2153.75,0.0,7.4, , 
,2155.04,2656,79.5,0.0,11101000,2154.37,2656,0.0,0.00,275.4,2154.70,0.0,7.4, , 
,2156.03,2656,79.5,0.0,11101000,2155.37,2624,17.6,2.06,244.8,2155.70,0.0,7.4, , 
,2157.01,2688,79.5,-7.0,11101000,2156.37,2688,17.6,2.06,244.8,2156.69,0.0,7.4, , 
,2158.01,2688,79.5,-8.6,11101000,2157.36,2688,17.6,2.06,275.4,2157.68,0.0,7.4, , 
,2158.97,2400,79.5,0.0,11111100,2158.33,2720,17.6,2.06,275.4,2158.64,0.0,7.4, , 
,2159.93,864,79.5,0.0,11111110,2159.30,1856,0.0,0.00,275.4,2159.62,0.0,0.0, , 
,2160.93,896,79.5,0.0,11111110,2160.28,960,35.3,4.12,479.4,2160.59,0.0,0.0, , 
,2161.83,800,79.5,0.0,11111110,2161.23,896,28.2,3.09,397.8,2161.53,0.0,0.0, , 
,2162.79,832,79.5,7.8,11111110,2162.15,832,34.1,3.09,459.0,2162.47,0.0,0.0, , 
,2163.72,896,79.5,-10.2,11111110,2163.11,864,31.0,3.09,438.6,2163.40,0.0,0.0, , 
,2164.64,928,79.5,-5.1,11111110,2164.02,896,29.4,3.09,418.2,2164.32,0.0,0.0, , 
,2165.56,896,79.5,-3.1,11111110,2164.94,896,29.4,4.12,418.2,2165.26,0.0,0.0, , 
,2166.48,896,79.5,-2.3,11111111,2165.87,896,29.4,4.12,418.2,2166.18,0.0,0.0, , 
,2167.42,896,79.5,-3.1,11111111,2166.82,896,29.4,4.12,397.8,2167.13,0.0,0.0, , 
,2168.34,896,79.5,-3.9,11111111,2167.72,896,28.2,4.12,397.8,2168.04,0.0,0.0, , 
,2169.23,896,79.5,-4.7,11111111,2168.64,896,28.2,3.09,397.8,2168.94,0.0,0.0, , 
,2170.15,896,79.5,-5.9,11111111,2169.54,896,28.2,3.09,397.8,2169.86,0.0,0.0, , 
,2171.10,896,79.5,-7.0,11111111,2170.47,896,28.2,3.09,397.8,2170.77,0.0,0.0, , 
,2172.02,896,79.5,-7.8,11111111,2171.42,896,28.2,3.09,397.8,2171.72,0.0,0.0, , 
,2172.96,896,79.5,-8.6,11111111,2172.32,864,28.2,3.09,397.8,2172.64,0.0,0.0, , 
,2173.90,864,81.0,-9.0,11111111,2173.26,896,28.2,3.09,397.8,2173.57,0.0,0.0, , 
,2174.83,832,79.5,-9.0,11111111,2174.21,896,28.2,3.09,397.8,2174.53,0.0,0.0, , 
,2175.71,768,81.0,-8.6,11111111,2175.11,768,26.7,3.09,397.8,2175.41,0.8,0.0, , 
,2176.60,800,81.0,-8.2,11111111,2176.02,800,31.0,4.12,438.6,2176.31,0.0,0.0, , 
,2177.51,768,81.0,-8.2,11111111,2176.90,768,29.4,3.09,418.2,2177.20,0.0,0.0, , 
,2178.39,800,81.0,-8.2,11111111,2177.80,800,29.4,3.09,418.2,2178.09,0.0,0.0, , 
,2179.31,800,81.0,-8.6,11111111,2178.69,768,29.4,3.09,418.2,2178.99,0.0,0.0, , 
,2180.22,800,81.0,-8.6,11111111,2179.61,800,29.4,3.09,418.2,2179.92,0.0,0.0, , 
,2181.11,800,81.0,-9.0,10111111,2180.51,800,29.4,3.09,418.2,2180.81,0.0,0.0, , 
,2182.02,800,81.0,-9.0,10111111,2181.40,800,29.4,3.09,418.2,2181.71,0.0,0.0, , 
,2182.92,800,81.0,-8.6,10111111,2182.32,768,29.4,3.09,418.2,2182.63,0.0,0.0, , 
,2183.80,768,81.0,-9.0,10111111,2183.21,800,29.4,3.09,418.2,2183.50,0.0,0.0, , 
,2184.71,800,81.0,-9.0,10111111,2184.10,800,29.4,3.09,418.2,2184.42,0.0,0.0, , 
,2185.62,800,81.0,-8.6,10111111,2185.01,768,29.4,3.09,418.2,2185.31,0.0,0.0, , 
,2186.51,768,81.0,-8.6,10111111,2185.91,800,29.4,3.09,418.2,2186.21,0.0,0.0, , 
,2187.42,800,81.0,-8.2,10111111,2186.83,768,29.4,3.09,438.6,2187.12,0.0,0.0, , 
,2188.33,992,81.0,0.0,10101011,2187.71,800,29.4,3.09,418.2,2188.01,0.0,0.0, , 
,2189.35,1536,81.0,0.0,10101011,2188.70,1760,62.0,10.30,734.4,2189.05,0.0,7.4, , 
,2190.40,1824,81.0,0.0,10101011,2189.70,1344,69.4,10.30,795.6,2190.05,0.0,7.4, , 
,2191.40,2272,82.5,0.0,11111101,2190.75,2144,75.3,12.36,826.2,2191.06,0.0,7.4, , 
,2192.41,1536,81.0,0.0,11101011,2191.77,1792,0.0,0.00,316.2,2192.12,0.0,0.0, , 
,2193.45,1536,81.0,-7.0,11111111,2192.75,1504,32.5,5.15,418.2,2193.10,0.0,7.4, , 
,2194.49,1536,81.0,-12.1,11111111,2193.79,1536,22.0,3.09,316.2,2194.11,0.0,7.4, , 
,2195.65,1568,81.0,0.0,11101011,2194.90,1504,23.5,3.09,336.6,2195.31,0.0,0.0, , 
,2196.70,1824,81.0,0.0,11101011,2195.99,1632,69.4,12.36,795.6,2196.35,0.0,7.4, , 
,2197.76,2176,81.0,-3.9,11101001,2197.08,1952,63.5,10.30,714.0,2197.43,0.0,7.4, , 
,2198.79,2496,81.0,-4.3,11101001,2198.09,2240,66.3,10.30,734.4,2198.47,0.0,7.4, , 
,2199.77,2784,81.0,-5.1,11101001,2199.11,2560,69.4,10.30,754.8,2199.43,0.0,7.4, , 
,2200.79,1760,79.5,0.0,11111111,2200.11,2784,0.0,0.00,438.6,2200.47,0.0,7.4, , 
,2201.88,1856,79.5,0.0,11101011,2201.13,1600,23.5,4.12,336.6,2201.50,0.0,7.4, , 
,2202.95,1920,79.5,0.0,11101011,2202.24,1856,28.2,4.12,357.0,2202.59,0.0,7.4, , 
,2204.04,1984,79.5,-2.0,11101011,2203.32,1952,51.8,8.24,612.0,2203.68,0.0,7.4, , 
,2205.10,2080,79.5,-3.1,11101000,2204.40,2016,48.6,7.21,571.2,2204.74,0.0,7.4, , 
,2206.14,2144,79.5,-3.9,11101000,2205.46,2080,50.2,7.21,571.2,2205.80,0.0,7.4, , 
,2207.12,2240,79.5,-3.5,11101001,2206.47,2176,56.1,8.24,632.4,2206.80,0.0,7.4, , 
,2208.12,2336,79.5,-5.9,11101000,2207.46,2272,66.3,10.30,734.4,2207.79,0.0,7.4, , 
,2209.20,2464,79.5,-5.1,11101000,2208.48,2400,75.3,11.33,826.2,2208.84,0.0,7.4, , 
,2210.24,2560,79.5,-1.2,11101001,2209.54,2496,60.4,9.27,673.2,2209.90,0.0,7.4, , 
,2211.27,2624,79.5,1.6,11101000,2210.58,2560,53.3,8.24,591.6,2210.92,0.0,7.4, , 
,2212.27,2688,79.5,1.2,11101001,2211.61,2624,57.6,9.27,632.4,2211.95,0.0,7.4, , 
,2213.31,2752,79.5,0.4,11101001,2212.64,2720,59.2,9.27,652.8,2212.98,0.0,7.4, , 
,2214.33,1600,79.5,0.0,11111111,2213.63,2624,0.0,0.00,377.4,2213.99,0.0,7.4, , 
,2215.30,2016,79.5,0.0,11101001,2214.65,1120,23.5,4.12,357.0,2214.95,0.0,0.0, , 
,2216.37,1952,79.5,0.0,11101011,2215.65,1984,16.1,2.06,244.8,2216.02,0.0,7.4, , 
,2217.48,1920,79.5,-17.2,11101011,2216.74,1920,17.6,2.06,275.4,2217.10,0.0,7.4, , 
,2218.60,1888,79.5,-7.4,11101011,2217.85,1888,29.4,3.09,377.4,2218.23,0.0,7.4, , 
,2219.70,1888,81.0,-1.2,11101011,2218.96,1888,34.1,4.12,438.6,2219.34,0.0,7.4, , 
,2220.83,1888,81.0,0.0,11101011,2220.07,1888,34.1,4.12,438.6,2220.45,0.0,7.4, , 
,2221.89,1856,81.0,0.8,11101011,2221.19,1856,34.1,4.12,438.6,2221.54,0.0,7.4, , 
,2222.98,1856,81.0,2.0,11101011,2222.24,1888,35.3,4.12,438.6,2222.61,0.0,7.4, , 
,2224.11,1856,81.0,1.6,11101011,2223.36,1856,34.1,4.12,438.6,2223.74,0.0,7.4, , 
,2225.23,1856,81.0,2.0,11101011,2224.49,1856,34.1,4.12,418.2,2224.88,0.0,7.4, , 
,2226.34,1856,81.0,2.0,11101011,2225.59,1856,34.1,4.12,438.6,2225.97,0.0,7.4, , 
,2227.43,1856,81.0,0.0,11101011,2226.73,1856,34.1,4.12,438.6,2227.09,0.0,7.4, , 
,2228.54,1856,81.0,0.4,11101011,2227.80,1856,34.1,4.12,418.2,2228.17,0.0,7.4, , 
,2229.65,1856,81.0,-0.8,11101011,2228.92,1856,34.1,4.12,438.6,2229.30,0.0,7.4, , 
,2230.77,1888,81.0,-0.4,11101011,2230.02,1856,34.1,4.12,438.6,2230.39,0.0,7.4, , 
,2231.86,1888,81.0,4.3,11101011,2231.13,1856,41.2,6.18,499.8,2231.50,0.0,7.4, , 
,2232.96,1888,81.0,4.7,11101011,2232.22,1888,41.2,6.18,499.8,2232.59,0.0,7.4, , 
,2234.04,1920,81.0,3.1,11101011,2233.33,1888,41.2,6.18,499.8,2233.69,0.0,7.4, , 
,2235.13,1920,81.0,4.3,11101011,2234.40,1920,42.7,6.18,520.2,2234.77,0.0,7.4, , 
,2236.24,1920,81.0,1.2,11101011,2235.49,1920,41.2,6.18,499.8,2235.87,0.0,7.4, , 
,2237.33,1920,81.0,-2.3,11101011,2236.60,1920,29.4,4.12,397.8,2236.96,0.0,7.4, , 
,2238.43,1920,81.0,0.8,11101011,2237.70,1920,41.2,5.15,499.8,2238.06,0.0,7.4, , 
,2239.52,1952,81.0,3.5,11101011,2238.80,1920,47.1,7.21,571.2,2239.15,0.0,7.4, , 
,2240.59,1984,81.0,3.9,11101011,2239.87,1952,47.1,7.21,571.2,2240.23,0.0,7.4, , 
,2241.68,2016,81.0,4.3,11101001,2240.97,1984,45.9,6.18,550.8,2241.32,0.0,7.4, , 
,2242.77,1984,81.0,-3.5,11101001,2242.04,1984,34.1,4.12,438.6,2242.40,0.0,7.4, , 
,2243.84,1984,81.0,-9.8,11101011,2243.12,1984,23.5,3.09,336.6,2243.49,0.0,7.4, , 
,2244.94,1952,81.0,-10.9,11101011,2244.20,1984,23.5,3.09,336.6,2244.57,0.0,7.4, , 
,2245.91,1024,81.0,0.0,11111111,2245.28,1696,0.0,0.00,316.2,2245.60,0.0,0.0, , 
,2246.83,1056,81.0,0.0,11111111,2246.22,1088,28.2,4.12,377.4,2246.53,0.0,0.0, , 
,2247.72,896,81.0,0.0,11111111,2247.13,1024,22.0,3.09,336.6,2247.42,0.0,0.0, , 
,2248.63,896,81.0,-2.7,11111111,2248.02,864,25.1,3.09,377.4,2248.31,0.0,0.0, , 
,2249.57,896,81.0,-3.5,11111111,2248.92,896,26.7,3.09,377.4,2249.25,0.0,0.0, , 
,2250.48,896,81.0,-4.3,11111111,2249.87,896,26.7,3.09,377.4,2250.18,0.0,0.0, , 
,2251.48,896,81.0,-5.1,11111111,2250.81,896,26.7,3.09,377.4,2251.15,0.0,0.0, , 
,2252.43,896,81.0,-4.7,11111111,2251.80,896,26.7,3.09,377.4,2252.11,0.0,0.0, , 
,2253.36,864,81.0,-5.5,11111111,2252.74,896,26.7,3.09,377.4,2253.04,0.0,0.0, , 
,2254.28,864,81.0,-5.9,11111111,2253.66,896,26.7,3.09,377.4,2253.96,0.0,0.0, , 
,2255.18,864,81.0,-5.9,11111111,2254.58,864,26.7,3.09,377.4,2254.89,0.0,0.0, , 
,2256.10,864,81.0,-5.5,11111111,2255.49,896,26.7,3.09,397.8,2255.80,0.0,0.0, , 
,2257.01,864,81.0,-5.1,11111111,2256.40,864,26.7,3.09,397.8,2256.71,0.0,0.0, , 
,2257.95,896,81.0,-4.3,11111111,2257.34,864,28.2,3.09,397.8,2257.65,0.0,0.0, , 
,2258.85,896,81.0,-4.3,11111111,2258.25,896,28.2,3.09,397.8,2258.55,0.0,0.0, , 
,2259.79,896,81.0,-3.9,11111111,2259.15,864,28.2,3.09,397.8,2259.46,0.0,0.0, , 
,2260.69,864,81.0,-3.9,11111111,2260.09,864,28.2,3.09,397.8,2260.39,0.0,0.0, , 
,2261.60,864,81.0,-4.3,11111111,2261.01,896,28.2,3.09,397.8,2261.31,0.0,0.0, , 
,2262.45,896,82.5,-3.9,11111111,2261.88,864,28.2,3.09,397.8,2262.15,0.0,0.0, , 
,2263.40,896,82.5,-3.5,11111111,2262.75,896,28.2,3.09,397.8,2263.08,0.0,0.0, , 
,2264.32,896,82.5,-3.1,11111111,2263.71,896,29.4,3.09,418.2,2264.01,0.0,0.0, , 
,2265.22,896,82.5,-3.1,11111111,2264.64,896,29.4,3.09,418.2,2264.93,0.0,0.0, , 
,2266.14,864,82.5,-3.9,11111111,2265.50,896,29.4,3.09,418.2,2265.82,0.0,0.0, , 
,2267.00,896,82.5,-3.1,11111111,2266.42,896,29.4,3.09,418.2,2266.70,0.0,0.0, , 
,2267.91,896,82.5,-3.1,11111111,2267.30,896,29.4,3.09,418.2,2267.59,0.0,0.0, , 
,2268.83,896,82.5,-3.1,11111111,2268.20,896,29.4,3.09,418.2,2268.52,0.0,0.0, , 
,2269.73,896,82.5,-3.1,11111111,2269.14,896,29.4,3.09,418.2,2269.42,0.0,0.0, , 
,2270.70,896,82.5,-3.1,11111111,2270.05,896,29.4,3.09,418.2,2270.37,0.0,0.0, , 
,2271.62,800,82.5,-3.1,11111111,2271.00,896,28.2,3.09,418.2,2271.30,0.0,0.0, , 
,2272.52,768,82.5,-3.1,11111111,2271.90,768,28.2,3.09,418.2,2272.22,0.0,0.0, , 
,2273.41,768,82.5,-3.1,11111111,2272.81,800,29.4,3.09,438.6,2273.11,0.0,0.0, , 
,2274.26,800,82.5,-3.5,11111111,2273.69,768,29.4,3.09,438.6,2273.97,0.0,0.0, , 
,2275.19,800,82.5,-4.7,11111111,2274.58,800,29.4,3.09,438.6,2274.88,0.0,0.0, , 
,2276.05,768,82.5,-5.1,11111111,2275.49,800,29.4,3.09,418.2,2275.77,0.0,0.0, , 
,2276.91,800,82.5,-5.1,11111111,2276.34,800,29.4,3.09,438.6,2276.63,0.0,0.0, , 
,2277.79,768,82.5,-5.1,11111111,2277.21,800,29.4,3.09,418.2,2277.50,0.0,0.0, , 
,2278.71,800,82.5,-4.7,11111111,2278.10,768,31.0,3.09,438.6,2278.40,0.0,0.0, , 
,2279.59,768,82.5,-5.1,11111111,2279.00,768,29.4,3.09,438.6,2279.29,0.0,0.0, , 
,2280.50,800,82.5,-5.1,11111111,2279.89,800,29.4,3.09,438.6,2280.19,0.0,0.0, , 
,2281.38,800,82.5,-3.5,11111111,2280.79,800,29.4,3.09,438.6,2281.09,0.0,0.0, , 
,2282.28,800,82.5,-3.1,10111111,2281.67,800,29.4,3.09,418.2,2281.98,0.0,0.0, , 
,2283.19,800,82.5,-2.3,10111111,2282.59,800,29.4,3.09,418.2,2282.89,0.0,0.0, , 
,2284.09,768,82.5,-2.7,10111111,2283.48,800,29.4,3.09,418.2,2283.79,0.0,0.0, , 
,2284.99,800,82.5,-2.7,10111111,2284.38,768,29.4,3.09,418.2,2284.69,0.0,0.0, , 
,2285.88,800,82.5,-2.7,10111111,2285.28,800,29.4,3.09,438.6,2285.58,0.0,0.0, , 
,2286.76,800,81.0,-3.1,10111111,2286.17,768,29.4,3.09,438.6,2286.47,0.0,0.0, , 
,2287.69,768,82.5,-3.1,10111111,2287.07,768,31.0,3.09,438.6,2287.39,0.0,0.0, , 
,2288.58,800,81.0,-3.5,10111111,2287.98,800,29.4,3.09,438.6,2288.28,0.0,0.0, , 
,2289.48,800,81.0,-4.3,10111111,2288.88,800,31.0,3.09,438.6,2289.17,0.0,0.0, , 
,2290.39,800,81.0,-4.7,10111111,2289.79,800,29.4,3.09,438.6,2290.09,0.0,0.0, , 
,2291.26,768,81.0,-4.7,10111111,2290.69,768,29.4,3.09,438.6,2290.97,0.0,0.0, , 
,2292.17,768,81.0,-4.3,10111111,2291.56,800,31.0,3.09,438.6,2291.88,0.0,0.0, , 
,2293.07,768,81.0,-3.9,10111111,2292.48,768,31.0,3.09,438.6,2292.77,0.0,0.0, , 
,2293.97,800,81.0,-4.3,10111111,2293.38,800,31.0,3.09,438.6,2293.68,0.0,0.0, , 
,2294.85,800,81.0,-4.3,10111111,2294.27,800,29.4,3.09,438.6,2294.57,0.0,0.0, , 
,2295.71,768,81.0,-4.3,10111111,2295.13,768,31.0,3.09,438.6,2295.42,0.0,0.0, , 
,2296.60,768,81.0,-3.9,10111111,2296.00,768,31.0,3.09,438.6,2296.29,0.0,0.0, , 
,2297.50,800,81.0,-3.9,10111111,2296.90,800,31.0,3.09,438.6,2297.21,0.0,0.0, , 
,2298.41,768,81.0,-4.3,10111111,2297.80,800,29.4,3.09,438.6,2298.09,0.0,0.0, , 
,2299.33,800,81.0,-4.3,10111111,2298.71,768,31.0,3.09,438.6,2299.02,0.0,0.0, , 
,2300.21,800,81.0,-3.9,10111111,2299.63,800,29.4,3.09,438.6,2299.91,0.0,0.0, , 
,2301.09,768,81.0,-3.1,10111111,2300.50,800,29.4,3.09,438.6,2300.79,0.0,0.0, , 
,2301.97,800,81.0,-2.3,10111111,2301.39,768,29.4,3.09,438.6,2301.69,0.0,0.0, , 
,2302.87,800,81.0,-2.7,10111111,2302.26,768,31.0,3.09,438.6,2302.57,0.0,0.0, , 
,2303.77,800,81.0,-2.7,10111111,2303.17,800,29.4,3.09,438.6,2303.47,0.0,0.0, , 
,2304.68,800,81.0,-2.7,10111111,2304.07,800,31.0,3.09,438.6,2304.37,0.0,0.0, , 
,2305.59,800,81.0,-3.1,10111111,2304.98,800,29.4,3.09,438.6,2305.29,0.0,0.0, , 
,2306.48,800,81.0,-2.7,10111111,2305.88,800,29.4,3.09,438.6,2306.17,0.0,0.0, , 
,2307.38,800,79.5,-2.7,10111111,2306.78,800,31.0,3.09,438.6,2307.09,0.0,0.0, , 
,2308.29,800,79.5,-2.7,10111111,2307.67,800,31.0,3.09,438.6,2307.97,0.0,0.0, , 
,2309.19,800,79.5,-3.5,10111111,2308.59,800,29.4,3.09,438.6,2308.89,0.0,0.0, , 
,2310.07,768,79.5,-3.9,10111111,2309.49,800,29.4,3.09,418.2,2309.78,0.0,0.0, , 
,2310.97,800,79.5,-4.3,10111111,2310.38,800,29.4,3.09,438.6,2310.67,0.0,0.0, , 
,2311.87,768,81.0,-4.3,10111111,2311.27,800,31.0,3.09,438.6,2311.56,0.0,0.0, , 
,2312.77,800,81.0,-3.9,10111111,2312.17,768,29.4,3.09,438.6,2312.47,0.0,0.0, , 
,2313.67,800,81.0,-3.5,10111111,2313.06,768,31.0,3.09,438.6,2313.36,0.0,0.0, , 
,2314.58,800,81.0,-3.1,10111111,2313.97,800,31.0,3.09,438.6,2314.28,0.0,0.0, , 
,2315.48,800,81.0,-3.1,10111111,2314.88,768,29.4,3.09,438.6,2315.17,0.0,0.0, , 
,2316.39,800,81.0,-2.7,10111111,2315.80,800,29.4,3.09,438.6,2316.09,0.0,0.0, , 
,2317.30,800,81.0,-3.1,10111111,2316.70,800,29.4,3.09,438.6,2316.98,0.0,0.0, , 
,2318.19,800,81.0,-3.1,10111111,2317.59,800,31.0,3.09,438.6,2317.89,0.0,0.0, , 
,2319.09,800,81.0,-3.1,10111111,2318.49,800,29.4,3.09,438.6,2318.77,0.0,0.0, , 
,2319.97,768,81.0,-2.7,10111111,2319.38,800,29.4,3.09,438.6,2319.68,0.0,0.0, , 
,2320.86,800,81.0,-2.3,10111111,2320.27,768,29.4,3.09,438.6,2320.56,0.0,0.0, , 
,2321.75,768,81.0,-2.7,10111111,2321.16,800,29.4,3.09,418.2,2321.46,0.0,0.0, , 
,2322.62,800,81.0,-2.7,10111111,2322.03,800,31.0,3.09,438.6,2322.33,0.0,0.0, , 
,2323.53,800,81.0,-2.7,10111111,2322.93,768,29.4,3.09,438.6,2323.23,0.0,0.0, , 
,2324.42,768,81.0,-2.3,10111111,2323.83,768,29.4,3.09,418.2,2324.13,0.0,0.0, , 
,2325.30,800,81.0,-1.6,10111111,2324.71,768,29.4,3.09,438.6,2325.00,0.0,0.0, , 
,2326.20,800,81.0,-1.6,10111111,2325.60,768,29.4,3.09,438.6,2325.90,0.0,0.0, , 
,2327.08,768,81.0,-2.3,10111111,2326.50,800,29.4,3.09,418.2,2326.78,0.0,0.0, , 
,2328.00,768,81.0,-3.1,10111111,2327.40,800,29.4,3.09,438.6,2327.70,0.0,0.0, , 
,2328.89,768,81.0,-3.5,10111111,2328.29,800,31.0,3.09,438.6,2328.61,0.0,0.0, , 
,2329.82,800,81.0,-3.1,10111111,2329.22,768,31.0,3.09,438.6,2329.52,0.0,0.0, , 
,2330.70,768,81.0,-3.1,10111111,2330.13,768,31.0,3.09,438.6,2330.41,0.0,0.0, , 
,2331.61,768,82.5,-3.1,10111111,2331.00,800,31.0,3.09,438.6,2331.30,0.0,0.0, , 
,2332.51,768,81.0,-2.7,10111111,2331.91,768,31.0,3.09,438.6,2332.21,0.0,0.0, , 
,2333.44,768,81.0,-2.7,10111111,2332.82,800,31.0,3.09,438.6,2333.13,0.0,0.0, , 
,2334.32,800,81.0,-2.7,10111111,2333.72,768,31.0,3.09,438.6,2334.01,0.0,0.0, , 
,2335.20,768,82.5,-2.7,10111111,2334.61,800,31.0,3.09,438.6,2334.90,0.0,0.0, , 
,2336.10,768,82.5,-2.7,10111111,2335.50,800,29.4,3.09,438.6,2335.80,0.0,0.0, , 
,2337.00,800,82.5,-3.1,10111111,2336.40,800,31.0,3.09,438.6,2336.70,0.0,0.0, , 
,2337.91,768,82.5,-3.5,10111111,2337.30,768,31.0,3.09,438.6,2337.60,0.0,0.0, , 
,2338.80,768,82.5,-3.5,10111111,2338.21,800,31.0,3.09,438.6,2338.50,0.0,0.0, , 
,2339.71,800,82.5,-3.5,10111111,2339.11,800,31.0,3.09,438.6,2339.40,0.0,0.0, , 
,2340.59,768,82.5,-3.1,10111111,2340.00,768,31.0,3.09,438.6,2340.30,0.0,0.0, , 
,2341.50,800,82.5,-3.5,10111111,2340.89,800,31.0,3.09,438.6,2341.20,0.0,0.0, , 
,2342.38,768,82.5,-3.5,10111111,2341.80,768,31.0,3.09,438.6,2342.10,0.0,0.0, , 
,2343.30,800,82.5,-3.5,10111111,2342.70,800,31.0,3.09,438.6,2343.00,0.0,0.0, , 
,2344.20,800,82.5,-3.5,10111111,2343.60,800,31.0,3.09,438.6,2343.90,0.0,0.0, , 
,2345.10,800,82.5,-3.1,10111111,2344.50,768,31.0,3.09,438.6,2344.80,0.0,0.0, , 
,2345.99,768,82.5,-3.1,10111111,2345.39,800,31.0,3.09,438.6,2345.70,0.0,0.0, , 
,2346.90,800,82.5,-3.1,10111111,2346.28,768,31.0,3.09,438.6,2346.59,0.0,0.0, , 
,2347.79,768,82.5,-3.1,10111111,2347.20,800,31.0,3.09,438.6,2347.50,0.0,0.0, , 
,2348.69,768,82.5,-3.5,10111111,2348.09,768,31.0,3.09,438.6,2348.39,0.0,0.0, , 
,2349.61,800,82.5,-3.1,10111111,2349.00,768,31.0,3.09,438.6,2349.30,0.0,0.0, , 
,2350.49,768,82.5,-3.5,10111111,2349.90,800,31.0,3.09,438.6,2350.20,0.0,0.0, , 
,2351.38,800,82.5,-3.9,10111111,2350.78,768,29.4,3.09,438.6,2351.08,0.0,0.0, , 
,2352.25,768,82.5,-3.5,10111111,2351.66,768,31.0,3.09,438.6,2351.95,0.0,0.0, , 
,2353.16,768,82.5,-3.1,10111111,2352.55,768,31.0,3.09,438.6,2352.85,0.0,0.0, , 
,2354.05,800,84.0,-3.1,10111111,2353.46,768,31.0,3.09,438.6,2353.75,0.0,0.0, , 
,2354.94,768,84.0,-3.5,10111111,2354.33,768,29.4,3.09,438.6,2354.65,0.0,0.0, , 
,2355.81,800,84.0,-3.5,10111111,2355.24,768,31.0,3.09,438.6,2355.52,0.0,0.0, , 
,2356.66,768,84.0,-3.9,10111111,2356.09,800,29.4,3.09,438.6,2356.38,0.0,0.0, , 
,2357.54,768,84.0,-3.9,10111111,2356.94,768,31.0,3.09,438.6,2357.24,0.0,0.0, , 
,2358.44,800,84.0,-3.9,10111111,2357.85,768,31.0,3.09,438.6,2358.14,0.0,0.0, , 
,2359.32,768,84.0,-3.9,10111111,2358.73,800,31.0,3.09,438.6,2359.02,0.0,0.0, , 
,2360.24,800,84.0,-3.9,10111111,2359.61,768,31.0,3.09,438.6,2359.92,0.0,0.0, , 
,2361.14,768,84.0,-4.3,10111111,2360.54,768,31.0,3.09,438.6,2360.83,0.0,0.0, , 
,2362.02,768,84.0,-4.3,10111111,2361.43,800,31.0,3.09,438.6,2361.73,0.0,0.0, , 
,2362.93,800,84.0,-3.9,10111111,2362.32,768,31.0,3.09,438.6,2362.61,0.0,0.0, , 
,2363.82,768,84.0,-3.9,10111111,2363.21,800,31.0,3.09,438.6,2363.52,0.0,0.0, , 
,2364.73,800,84.0,-3.5,10111111,2364.12,800,31.0,3.09,438.6,2364.43,0.0,0.0, , 
,2365.62,768,84.0,-3.9,10111111,2365.03,768,31.0,3.09,438.6,2365.33,0.0,0.0, , 
,2366.51,800,84.0,-3.9,10111111,2365.93,800,31.0,3.09,438.6,2366.21,0.0,0.0, , 
,2367.38,768,84.0,-3.9,10111111,2366.80,800,29.4,3.09,438.6,2367.09,0.0,0.0, , 
,2368.29,768,84.0,-3.5,10111111,2367.68,768,31.0,3.09,438.6,2367.99,0.0,0.0, , 
,2369.20,768,84.0,-3.5,10111111,2368.60,768,31.0,3.09,438.6,2368.90,0.0,0.0, , 
,2370.10,800,84.0,-3.5,10111111,2369.50,800,31.0,3.09,438.6,2369.78,0.0,0.0, , 
,2370.99,800,84.0,-3.5,10111111,2370.40,800,31.0,3.09,438.6,2370.69,0.0,0.0, , 
,2371.90,800,84.0,-3.5,10111111,2371.27,768,31.0,3.09,438.6,2371.59,0.0,0.0, , 
,2372.79,800,84.0,-3.5,10111111,2372.20,768,31.0,3.09,438.6,2372.49,0.0,0.0, , 
,2373.70,800,84.0,-3.5,10111111,2373.08,768,31.0,3.09,438.6,2373.38,0.0,0.0, , 
,2374.60,800,84.0,-3.5,10111111,2374.00,800,31.0,3.09,438.6,2374.30,0.0,0.0, , 
,2375.52,768,84.0,-3.9,10111111,2374.92,800,31.0,3.09,438.6,2375.21,0.0,0.0, , 
,2376.41,800,84.0,-3.5,10111111,2375.82,768,31.0,3.09,438.6,2376.12,0.0,0.0, , 
,2377.32,768,84.0,-3.5,10111111,2376.72,800,31.0,3.09,438.6,2377.02,0.0,0.0, , 
,2378.23,768,84.0,-3.1,10111111,2377.61,800,31.0,3.09,438.6,2377.92,0.0,0.0, , 
,2379.12,800,84.0,-3.1,10111111,2378.51,768,31.0,3.09,438.6,2378.80,0.0,0.0, , 
,2380.04,800,84.0,-2.7,10111111,2379.42,800,31.0,3.09,438.6,2379.71,0.0,0.0, , 
,2380.90,768,84.0,-3.1,10111111,2380.32,768,29.4,3.09,438.6,2380.61,0.0,0.0, , 
,2381.81,768,84.0,-3.1,10111111,2381.21,800,31.0,3.09,438.6,2381.49,0.0,0.0, , 
,2382.71,800,84.0,-2.7,10111111,2382.11,768,31.0,3.09,438.6,2382.41,0.0,0.0, , 
,2383.63,800,84.0,-3.1,10111111,2383.00,800,31.0,3.09,438.6,2383.32,0.0,0.0, , 
,2384.54,800,84.0,-3.1,10111111,2383.92,800,31.0,3.09,438.6,2384.22,0.0,0.0, , 
,2385.44,800,85.5,-3.1,10111111,2384.84,768,29.4,3.09,438.6,2385.13,0.0,0.0, , 
,2386.33,800,85.5,-3.1,10111111,2385.73,800,31.0,3.09,438.6,2386.03,0.0,0.0, , 
,2387.22,768,84.0,-3.5,10111111,2386.64,800,29.4,3.09,438.6,2386.94,0.0,0.0, , 
,2388.11,768,84.0,-3.5,10111111,2387.51,800,29.4,3.09,438.6,2387.82,0.0,0.0, , 
,2388.99,800,85.5,-3.1,10111111,2388.40,800,29.4,3.09,438.6,2388.69,0.0,0.0, , 
,2389.89,800,85.5,-2.7,10111111,2389.28,768,29.4,3.09,438.6,2389.58,0.0,0.0, , 
,2390.79,800,85.5,-2.7,10111111,2390.18,800,29.4,3.09,438.6,2390.47,0.0,0.0, , 
,2391.68,768,85.5,-2.3,10111111,2391.10,768,29.4,3.09,438.6,2391.38,0.0,0.0, , 
,2392.59,768,85.5,-2.0,10111111,2391.98,768,29.4,3.09,438.6,2392.28,0.0,0.0, , 
,2393.48,768,85.5,-1.6,10111111,2392.89,768,31.0,3.09,438.6,2393.19,0.0,0.0, , 
,2394.40,800,85.5,-1.2,10111111,2393.78,768,31.0,4.12,438.6,2394.10,0.0,0.0, , 
,2395.32,800,85.5,-0.8,10111111,2394.69,800,29.4,3.09,438.6,2395.01,0.0,0.0, , 
,2396.25,800,85.5,-0.8,10111111,2395.62,768,29.4,3.09,438.6,2395.93,0.0,0.0, , 
,2397.14,768,85.5,-1.6,10111111,2396.54,800,29.4,3.09,418.2,2396.83,0.0,0.0, , 
,2398.04,800,85.5,-1.2,10111111,2397.44,768,29.4,3.09,438.6,2397.74,0.0,0.0, , 
,2398.99,768,85.5,-0.8,10111111,2398.36,800,29.4,3.09,438.6,2398.67,0.0,0.0, , 
,2399.89,800,85.5,-1.2,10111111,2399.29,768,29.4,3.09,438.6,2399.58,0.0,0.0, , 
,2400.82,768,85.5,-1.6,10111111,2400.20,800,29.4,3.09,438.6,2400.50,0.0,0.0, , 
,2401.72,800,85.5,-1.6,10111111,2401.11,768,29.4,3.09,438.6,2401.42,0.0,0.0, , 
,2402.63,800,85.5,-1.6,10111111,2402.02,768,29.4,3.09,438.6,2402.33,0.0,0.0, , 
,2403.50,800,85.5,-1.2,10111111,2402.91,768,29.4,3.09,438.6,2403.21,0.0,0.0, , 
,2404.45,768,85.5,-0.8,10111111,2403.83,800,29.4,3.09,438.6,2404.13,0.0,0.0, , 
,2405.33,800,85.5,-0.8,10111111,2404.74,800,29.4,3.09,418.2,2405.03,0.0,0.0, , 
,2406.24,800,85.5,-1.2,10111111,2405.63,768,29.4,3.09,418.2,2405.94,0.0,0.0, , 
,2407.15,800,85.5,-0.8,10111111,2406.54,800,29.4,3.09,438.6,2406.84,0.0,0.0, , 
,2408.02,768,85.5,-0.4,10111111,2407.45,768,29.4,3.09,438.6,2407.73,0.0,0.0, , 
,2408.90,768,85.5,-0.4,10111111,2408.31,768,29.4,3.09,438.6,2408.60,0.0,0.0, , 
,2409.79,800,85.5,-0.4,10111111,2409.19,768,29.4,3.09,438.6,2409.49,0.0,0.0, , 
,2410.67,768,85.5,-1.2,10111111,2410.08,768,29.4,3.09,418.2,2410.38,0.0,0.0, , 
,2411.56,800,85.5,-0.8,10111111,2410.95,768,31.0,3.09,438.6,2411.26,0.0,0.0, , 
,2412.49,800,85.5,-0.8,10111111,2411.86,800,29.4,3.09,438.6,2412.19,0.0,0.0, , 
,2413.37,800,85.5,-0.8,10111111,2412.77,768,29.4,3.09,438.6,2413.07,0.0,0.0, , 
,2414.26,768,85.5,-0.8,10111111,2413.66,768,29.4,3.09,438.6,2413.96,0.0,0.0, , 
,2415.16,768,85.5,-0.8,10111111,2414.56,768,29.4,3.09,418.2,2414.86,0.0,0.0, , 
,2416.05,800,87.0,-0.8,10111111,2415.45,768,29.4,3.09,438.6,2415.76,0.0,0.0, , 
,2416.97,768,85.5,-0.8,10111111,2416.36,768,29.4,3.09,438.6,2416.67,0.0,0.0, , 
,2417.88,800,85.5,-0.8,10111111,2417.27,768,29.4,3.09,438.6,2417.58,0.0,0.0, , 
,2418.76,768,85.5,-0.8,10111111,2418.18,768,29.4,3.09,418.2,2418.46,0.0,0.0, , 
,2419.62,800,87.0,-0.8,10111111,2419.06,800,29.4,3.09,438.6,2419.34,0.0,0.0, , 
,2420.50,800,87.0,-0.4,10111111,2419.90,768,29.4,3.09,438.6,2420.20,0.0,0.0, , 
,2421.42,800,87.0,-2.0,10111111,2420.82,800,29.4,3.09,438.6,2421.12,0.0,0.0, , 
,2422.31,768,87.0,-2.0,10111111,2421.71,800,29.4,3.09,438.6,2422.02,0.0,0.0, , 
,2423.22,800,87.0,-1.6,10111111,2422.61,800,29.4,3.09,438.6,2422.93,0.0,0.0, , 
,2424.11,768,87.0,-2.3,10111111,2423.51,768,29.4,3.09,438.6,2423.81,0.0,0.0, , 
,2425.02,768,85.5,-3.1,10111111,2424.42,800,29.4,3.09,438.6,2424.72,0.0,0.0, , 
,2425.92,768,87.0,-3.5,10111111,2425.31,800,29.4,3.09,438.6,2425.61,0.0,0.0, , 
,2426.81,800,87.0,-3.5,10111111,2426.21,768,29.4,3.09,438.6,2426.50,0.0,0.0, , 
,2427.70,800,87.0,-3.5,10111111,2427.10,800,29.4,3.09,438.6,2427.40,0.0,0.0, , 
,2428.59,768,87.0,-3.9,10111111,2427.99,768,31.0,3.09,438.6,2428.29,0.0,0.0, , 
,2429.52,800,87.0,-3.9,10111111,2428.91,800,31.0,3.09,438.6,2429.22,0.0,0.0, , 
,2430.41,800,87.0,-3.5,10111111,2429.82,800,31.0,3.09,438.6,2430.12,0.0,0.0, , 
,2431.32,768,87.0,-4.3,10111111,2430.72,800,29.4,3.09,438.6,2431.02,0.0,0.0, , 
,2432.22,800,87.0,-4.7,10111111,2431.62,768,31.0,3.09,438.6,2431.92,0.0,0.0, , 
,2433.15,800,87.0,-5.1,10111111,2432.54,768,29.4,3.09,438.6,2432.85,0.0,0.0, , 
,2434.05,768,87.0,-5.9,10111111,2433.45,800,29.4,3.09,438.6,2433.74,0.0,0.0, , 
,2434.97,800,87.0,-7.0,10111111,2434.36,768,29.4,3.09,438.6,2434.68,0.0,0.0, , 
,2435.87,800,87.0,-7.4,10111111,2435.28,800,29.4,3.09,438.6,2435.57,0.0,0.0, , 
,2436.71,768,87.0,-8.2,10111111,2436.16,800,29.4,3.09,438.6,2436.43,0.0,0.0, , 
,2437.61,800,87.0,-8.6,10111111,2437.01,800,31.0,4.12,438.6,2437.31,0.0,0.0, , 
,2438.51,800,87.0,-9.0,10111111,2437.89,800,29.4,3.09,438.6,2438.20,0.0,0.0, , 
,2439.38,768,87.0,-8.2,10111111,2438.80,800,29.4,3.09,438.6,2439.09,0.0,0.0, , 
,2440.27,800,87.0,-8.6,10111111,2439.68,800,31.0,3.09,438.6,2439.98,-0.8,0.0, , 
,2441.19,800,87.0,-8.2,10111111,2440.58,800,29.4,3.09,438.6,2440.88,-0.8,0.0, , 
,2442.10,768,87.0,-7.4,10111111,2441.49,800,29.4,3.09,438.6,2441.80,-0.8,0.0, , 
,2443.03,800,87.0,-7.0,10111111,2442.41,768,29.4,3.09,438.6,2442.72,-2.3,0.0, , 
,2443.94,768,87.0,-7.0,10111111,2443.33,768,31.0,3.09,438.6,2443.64,-2.3,0.0, , 
,2444.83,800,87.0,-7.4,10111111,2444.24,768,29.4,3.09,438.6,2444.54,-2.3,0.0, , 
,2445.71,768,87.0,-6.6,10111111,2445.13,768,29.4,3.09,418.2,2445.43,-3.1,0.0, , 
,2446.61,768,88.5,-6.3,10111111,2446.01,800,29.4,3.09,438.6,2446.30,-3.1,0.0, , 
,2447.53,768,87.0,-5.9,10111111,2446.92,768,31.0,3.09,438.6,2447.22,-3.1,0.0, , 
,2448.43,800,87.0,-5.1,10111111,2447.83,768,31.0,3.09,438.6,2448.13,-3.9,0.0, , 
,2449.30,800,87.0,-4.7,10111111,2448.73,800,31.0,3.09,438.6,2449.01,-3.9,0.0, , 
,2450.19,800,87.0,-4.7,10111111,2449.60,768,29.4,3.09,438.6,2449.90,-3.9,0.0, , 
,2451.06,800,87.0,-4.7,10111111,2450.48,800,29.4,3.09,438.6,2450.78,-3.9,0.0, , 
,2451.98,800,87.0,-5.1,10111111,2451.35,768,29.4,3.09,438.6,2451.66,-3.9,0.0, , 
,2452.91,800,88.5,-7.0,10101011,2452.29,800,29.4,3.09,418.2,2452.58,-4.7,0.0, , 
,2453.93,960,88.5,-7.0,10101011,2453.26,896,32.5,4.12,459.0,2453.61,-3.1,0.0, , 
,2454.83,832,88.5,-7.0,10101011,2454.23,928,29.4,3.09,418.2,2454.53,-3.9,0.0, , 
,2455.76,704,88.5,-6.6,10101011,2455.14,800,32.5,4.12,459.0,2455.46,-3.9,0.0, , 
,2456.61,800,88.5,-5.5,10101011,2456.02,704,40.0,4.12,520.2,2456.32,-3.1,0.0, , 
,2457.56,960,88.5,-10.5,10111111,2456.92,896,34.1,4.12,459.0,2457.24,-3.9,0.0, , 
,2458.47,864,88.5,-12.1,10101011,2457.85,800,28.2,3.09,418.2,2458.18,-3.9,0.0, , 
,2459.40,896,88.5,0.0,10101011,2458.81,736,38.4,4.12,499.8,2459.10,-3.1,0.0, , 
,2460.37,1024,88.5,-8.2,10101011,2459.72,864,38.4,5.15,520.2,2460.05,-3.1,0.0, , 
,2461.32,1152,88.5,-6.3,10101011,2460.67,1056,34.1,4.12,459.0,2460.97,-3.1,0.0, , 
,2462.27,1248,88.5,-7.8,10101011,2461.65,1216,31.0,4.12,418.2,2461.95,-3.1,0.0, , 
,2463.28,1344,88.5,-7.4,10111111,2462.62,1280,26.7,3.09,377.4,2462.95,-3.1,0.0, , 
,2464.19,1056,88.5,-6.6,10111111,2463.58,1312,23.5,3.09,336.6,2463.90,-3.1,0.0, , 
,2465.14,896,88.5,-5.5,10111111,2464.52,896,26.7,3.09,377.4,2464.83,-3.9,0.0, , 
,2466.07,896,88.5,-5.9,10111111,2465.45,896,29.4,3.09,418.2,2465.75,-3.9,0.0, , 
,2467.00,896,88.5,-5.9,10111111,2466.37,896,29.4,3.09,418.2,2466.69,-3.9,0.0, , 
,2467.92,896,88.5,-5.9,10111111,2467.32,896,28.2,3.09,418.2,2467.62,-3.9,0.0, , 
,2468.85,800,88.5,-5.1,10101011,2468.24,896,28.2,3.09,418.2,2468.54,-3.9,0.0, , 
,2469.77,1056,88.5,0.0,10101011,2469.15,736,45.9,6.18,591.6,2469.47,-2.3,0.0, , 
,2470.74,864,88.5,-1.2,10101011,2470.12,1088,40.0,5.15,520.2,2470.43,-2.3,0.0, , 
,2471.67,1024,88.5,0.0,10101011,2471.06,896,56.1,8.24,673.2,2471.35,-2.3,0.0, , 
,2472.67,1024,88.5,0.0,10111111,2472.02,1344,44.3,5.15,571.2,2472.36,-3.1,0.0, , 
,2473.62,1056,88.5,0.0,10111111,2472.97,1088,28.2,4.12,397.8,2473.30,-3.1,0.0, , 
,2474.56,864,88.5,0.0,10111111,2473.94,992,23.5,3.09,336.6,2474.26,-4.7,0.0, , 
,2475.38,992,88.5,0.0,10101011,2474.84,864,31.0,4.12,418.2,2475.12,-3.1,0.0, , 
,2476.32,864,88.5,1.2,10101011,2475.70,896,40.0,5.15,520.2,2476.02,-3.1,0.0, , 
,2477.29,1024,88.5,0.0,10101011,2476.63,896,53.3,8.24,652.8,2476.97,-2.3,0.0, , 
,2478.24,1184,88.5,-3.5,10101011,2477.60,1088,53.3,7.21,652.8,2477.94,-2.3,0.0, , 
,2479.27,1312,88.5,0.0,10101011,2478.58,1216,36.9,5.15,479.4,2478.93,-2.3,0.0, , 
,2480.16,1504,88.5,-2.0,10101011,2479.60,1376,57.6,8.24,693.6,2479.90,-1.6,0.0, , 
,2481.21,1632,88.5,-4.7,10101011,2480.53,1536,41.2,5.15,520.2,2480.86,-2.3,7.4, , 
,2482.23,1632,88.5,-6.3,10101011,2481.54,1632,23.5,3.09,336.6,2481.89,-3.1,7.4, , 
,2483.28,1664,88.5,-8.2,10101011,2482.56,1632,23.5,3.09,336.6,2482.90,-2.3,7.4, , 
,2484.36,1792,88.5,0.0,10101011,2483.64,1664,38.4,5.15,479.4,2483.98,-1.6,7.4, , 
,2485.38,1696,88.5,0.0,10111111,2484.71,1920,65.1,10.30,754.8,2485.07,0.0,7.4, , 
,2486.37,1312,88.5,0.0,10101011,2485.69,1248,0.0,0.00,377.4,2486.00,-3.1,0.0, , 
,2487.37,1376,88.5,0.8,10101011,2486.68,1344,35.3,5.15,459.0,2487.02,-2.3,0.0, , 
,2488.44,1408,88.5,2.0,10101011,2487.71,1408,40.0,5.15,499.8,2488.10,-1.6,0.0, , 
,2489.40,1504,88.5,2.7,10101011,2488.86,1440,42.7,6.18,520.2,2489.14,-1.6,0.0, , 
,2490.43,1536,88.5,-2.7,10101011,2489.76,1504,41.2,6.18,499.8,2490.07,-2.3,7.4, , 
,2491.50,1504,88.5,-9.8,10111111,2490.80,1536,22.0,3.09,336.6,2491.21,-3.1,7.4, , 
,2492.57,1120,88.5,-10.5,10111111,2491.92,1536,22.0,3.09,336.6,2492.26,-3.1,0.0, , 
,2493.50,896,88.5,-6.3,10111111,2492.88,928,25.1,3.09,377.4,2493.19,-3.9,0.0, , 
,2494.41,896,88.5,-4.3,10111111,2493.81,896,28.2,3.09,397.8,2494.12,-3.9,0.0, , 
,2495.34,896,88.5,-2.0,10111111,2494.71,896,28.2,3.09,397.8,2495.03,-3.9,0.0, , 
,2496.24,896,88.5,-0.8,10111111,2495.63,896,28.2,3.09,397.8,2495.95,-3.9,0.0, , 
,2497.17,896,88.5,0.0,10111111,2496.56,896,28.2,3.09,397.8,2496.86,-3.9,0.0, , 
,2498.11,896,88.5,0.4,10111111,2497.48,896,28.2,3.09,397.8,2497.79,-3.9,0.0, , 
,2499.00,896,88.5,-0.4,10111111,2498.42,896,26.7,3.09,397.8,2498.71,-3.9,0.0, , 
,2499.89,864,88.5,-1.6,10111111,2499.29,896,26.7,3.09,397.8,2499.59,-3.9,0.0, , 
,2500.81,864,88.5,-2.3,10111111,2500.19,896,26.7,3.09,397.8,2500.51,-3.9,0.0, , 
,2501.67,864,88.5,-2.7,10111111,2501.10,864,28.2,3.09,397.8,2501.38,-3.9,0.0, , 
,2502.59,896,88.5,-3.5,10111111,2501.96,864,28.2,3.09,397.8,2502.27,-3.9,0.0, , 
,2503.48,896,88.5,-3.9,10111111,2502.90,896,28.2,3.09,397.8,2503.18,-3.9,0.0, , 
,2504.42,768,88.5,-4.3,10111111,2503.80,832,26.7,3.09,397.8,2504.11,-4.7,0.0, , 
,2505.32,800,88.5,-4.3,10111111,2504.72,768,31.0,4.12,438.6,2505.03,-3.9,0.0, , 
,2506.24,800,88.5,-5.1,10111111,2505.62,800,29.4,3.09,418.2,2505.93,-4.7,0.0, , 
,2507.13,768,88.5,-5.1,10111111,2506.54,800,28.2,3.09,418.2,2506.84,-4.7,0.0, , 
,2508.04,896,88.5,-5.5,10101011,2507.43,768,28.2,3.09,418.2,2507.73,-3.9,0.0, , 
,2508.99,1152,88.5,-5.5,10101011,2508.37,1056,29.4,3.09,397.8,2508.68,-3.1,0.0, , 
,2509.95,1248,88.5,-7.0,10111111,2509.31,1120,28.2,3.09,397.8,2509.62,-3.1,0.0, , 
,2510.90,864,88.5,-6.6,10111111,2510.28,1184,22.0,2.06,316.2,2510.61,-3.9,0.0, , 
,2511.78,832,87.0,-7.4,10101011,2511.17,736,26.7,3.09,397.8,2511.47,-3.9,0.0, , 
,2512.73,1920,87.0,0.0,10101011,2512.06,736,44.3,6.18,520.2,2512.39,-1.6,0.0, , 
,2513.76,1696,87.0,-0.8,10101011,2513.08,2016,54.5,8.24,632.4,2513.42,0.0,7.4, , 
,2514.76,1760,87.0,-3.9,10101011,2514.03,1536,60.4,9.27,714.0,2514.39,-1.6,0.0, , 
,2515.75,2016,87.0,0.0,10111101,2515.10,2016,59.2,9.27,673.2,2515.42,0.0,7.4, , 
,2516.63,1088,87.0,0.0,10101011,2516.02,1536,0.0,0.00,336.6,2516.30,-3.9,0.0, , 
,2517.62,1344,87.0,0.0,10101011,2516.97,1376,32.5,5.15,418.2,2517.31,-2.3,0.0, , 
,2518.66,1408,87.0,-1.2,10101011,2517.94,1344,32.5,4.12,438.6,2518.29,-2.3,0.0, , 
,2519.55,1504,87.0,-0.4,10101011,2519.02,1440,38.4,5.15,479.4,2519.29,-1.6,0.0, , 
,2520.63,1600,87.0,-3.9,10101011,2519.90,1536,36.9,5.15,479.4,2520.28,-1.6,7.4, , 
,2521.70,1696,87.0,0.0,10101011,2520.99,1632,35.3,5.15,459.0,2521.37,-2.3,7.4, , 
,2522.77,1664,88.5,-7.0,10101011,2522.04,1664,20.8,3.09,295.8,2522.40,-3.1,7.4, , 
,2523.84,1664,88.5,-2.7,10101011,2523.11,1664,20.8,3.09,316.2,2523.47,-2.3,7.4, , 
,2524.91,1728,88.5,-2.3,10101011,2524.18,1696,28.2,3.09,377.4,2524.56,-2.3,7.4, , 
,2525.92,1760,88.5,-1.6,10101011,2525.25,1728,29.4,4.12,397.8,2525.59,-2.3,7.4, , 
,2527.05,1920,88.5,0.8,10101011,2526.30,1824,36.9,5.15,459.0,2526.68,0.0,7.4, , 
,2528.12,2080,88.5,3.9,10101001,2527.43,1952,42.7,6.18,520.2,2527.78,0.0,7.4, , 
,2529.10,2240,87.0,6.6,10101001,2528.44,2112,45.9,6.18,550.8,2528.78,0.0,7.4, , 
,2530.11,2464,87.0,6.3,10101001,2529.43,2336,51.8,8.24,612.0,2529.76,0.0,7.4, , 
,2531.09,2624,87.0,0.0,10111101,2530.44,2528,57.6,9.27,652.8,2530.78,0.0,7.4, , 
,2532.08,1280,88.5,0.0,10101011,2531.43,2144,0.0,0.00,316.2,2531.76,-3.1,7.4, , 
,2533.13,1760,87.0,0.0,10101011,2532.44,1504,20.8,3.09,316.2,2532.77,0.0,7.4, , 
,2534.24,1760,87.0,-4.3,10101011,2533.50,1760,20.8,3.09,295.8,2533.87,-2.3,7.4, , 
,2535.28,1760,87.0,-5.1,10111111,2534.60,1760,20.8,3.09,295.8,2534.94,-2.3,7.4, , 
,2536.29,1728,87.0,0.0,10111111,2535.62,1728,20.8,3.09,316.2,2535.96,-2.3,7.4, , 
,2537.34,1696,88.5,0.0,10101011,2536.61,1696,0.0,0.00,316.2,2536.97,-3.1,7.4, , 
,2538.40,1664,87.0,1.2,10101011,2537.66,1696,23.5,3.09,336.6,2538.05,-2.3,7.4, , 
,2539.49,1728,87.0,3.5,10101011,2538.78,1696,35.3,5.15,438.6,2539.15,-1.6,7.4, , 
,2540.54,1792,87.0,5.5,10101011,2539.83,1760,36.9,5.15,459.0,2540.20,-1.6,7.4, , 
,2541.64,1824,87.0,5.5,10101011,2540.92,1792,41.2,6.18,499.8,2541.26,0.0,7.4, , 
,2542.78,1856,87.0,-0.8,10101011,2542.01,1824,32.5,4.12,418.2,2542.41,0.0,7.4, , 
,2543.80,992,87.0,0.0,10111111,2543.16,1792,0.0,0.00,316.2,2543.48,-3.1,0.0, , 
,2544.73,1024,87.0,0.0,10111111,2544.13,1056,28.2,4.12,397.8,2544.44,-3.9,0.0, , 
,2545.66,832,87.0,0.0,10111111,2545.02,992,23.5,3.09,357.0,2545.35,-4.7,0.0, , 
,2546.57,864,87.0,0.4,10111111,2545.96,864,26.7,3.09,397.8,2546.26,-3.9,0.0, , 
,2547.44,896,87.0,1.6,10111111,2546.87,864,26.7,3.09,397.8,2547.15,-3.9,0.0, , 
,2548.32,864,87.0,3.5,10111111,2547.75,896,28.2,3.09,397.8,2548.04,-3.9,0.0, , 
,2549.22,832,87.0,4.3,10111111,2548.62,864,28.2,3.09,397.8,2548.91,-3.9,0.0, , 
,2550.11,800,87.0,3.1,10111111,2549.53,768,26.7,3.09,397.8,2549.82,-4.7,0.0, , 
,2551.04,800,87.0,0.4,10111111,2550.41,800,28.2,3.09,418.2,2550.74,-4.7,0.0, , 
,2551.92,768,87.0,-3.9,10101011,2551.33,800,28.2,3.09,418.2,2551.63,-4.7,0.0, , 
,2552.86,992,87.0,0.0,10101011,2552.23,800,31.0,4.12,438.6,2552.53,-3.9,0.0, , 
,2553.93,1696,87.0,-0.8,10101011,2553.24,1344,48.6,7.21,591.6,2553.59,-1.6,7.4, , 
,2554.96,1248,87.0,-0.4,10101011,2554.28,1504,48.6,7.21,591.6,2554.61,-1.6,0.0, , 
,2556.02,1696,87.0,0.0,10101011,2555.29,1312,54.5,8.24,673.2,2555.66,-1.6,7.4, , 
,2557.06,1152,87.0,0.0,10101011,2556.38,1984,71.0,11.33,795.6,2556.75,-2.3,7.4, , 
,2558.02,1184,87.0,0.0,10101011,2557.37,1152,38.4,6.18,479.4,2557.70,-2.3,0.0, , 
,2559.02,1408,87.0,0.0,10101011,2558.34,1248,69.4,11.33,826.2,2558.65,-1.6,0.0, , 
,2560.12,1600,87.0,0.0,10111111,2559.43,1504,60.4,9.27,714.0,2559.78,-1.6,7.4, , 
,2561.17,1600,87.0,-3.9,10111111,2560.48,1600,23.5,3.09,336.6,2560.83,-2.3,7.4, , 
,2562.22,1504,87.0,-8.6,10101011,2561.53,1568,22.0,3.09,316.2,2561.89,-3.1,7.4, , 
,2563.08,1440,87.0,-12.1,10101011,2562.50,1504,22.0,3.09,316.2,2562.76,-3.1,7.4, , 
,2564.18,1440,87.0,-4.3,10101011,2563.45,1440,31.0,4.12,397.8,2563.81,-2.3,0.0, , 
,2565.30,1472,87.0,-1.6,10101011,2564.59,1440,34.1,4.12,438.6,2564.90,-2.3,0.0, , 
,2566.33,1504,87.0,2.7,10101011,2565.57,1472,38.4,5.15,479.4,2565.99,-2.3,0.0, , 
,2567.41,1664,87.0,0.0,10101011,2566.69,1536,57.6,10.30,673.2,2567.04,-1.6,7.4, , 
,2568.49,1952,87.0,-1.6,10101011,2567.78,1760,65.1,10.30,754.8,2568.14,0.0,7.4, , 
,2569.54,2336,87.0,-4.7,10101001,2568.85,2080,69.4,11.33,795.6,2569.19,0.0,7.4, , 
,2570.54,2656,87.0,-5.5,10101001,2569.86,2432,76.9,11.33,846.6,2570.19,0.0,7.4, , 
,2571.55,1696,87.0,0.0,10111111,2570.87,2688,40.0,5.15,499.8,2571.21,0.0,7.4, , 
,2572.55,1792,87.0,0.0,10101011,2571.86,1376,25.1,4.12,357.0,2572.20,0.0,7.4, , 
,2573.64,1792,87.0,-2.3,10101011,2572.92,1760,31.0,4.12,397.8,2573.27,0.0,7.4, , 
,2574.75,1824,87.0,-2.0,10101011,2574.02,1792,35.3,5.15,438.6,2574.38,0.0,7.4, , 
,2575.87,1888,87.0,-0.4,10101011,2575.12,1824,44.3,6.18,550.8,2575.49,0.0,7.4, , 
,2576.94,1952,87.0,-0.4,10101011,2576.22,1920,47.1,7.21,571.2,2576.59,0.0,7.4, , 
,2578.02,2016,87.0,-1.6,10101001,2577.30,1952,45.9,6.18,550.8,2577.66,0.0,7.4, , 
,2579.07,2016,87.0,-6.6,10101001,2578.39,2016,28.2,4.12,377.4,2578.73,0.0,7.4, , 
,2580.12,2016,87.0,-7.0,10101001,2579.43,2016,28.2,4.12,377.4,2579.78,0.0,7.4, , 
,2581.22,2016,87.0,-9.4,10101001,2580.49,2016,28.2,4.12,377.4,2580.85,0.0,7.4, , 
,2582.27,1952,87.0,-22.3,10111111,2581.56,1984,17.6,2.06,275.4,2581.91,0.0,7.4, , 
,2583.32,1920,87.0,0.0,10111111,2582.62,1952,16.1,2.06,275.4,2582.96,0.0,7.4, , 
,2584.40,1824,87.0,0.0,10111111,2583.69,1888,0.0,0.00,295.8,2584.06,0.0,7.4, , 
,2585.44,1760,87.0,0.0,10101011,2584.72,1792,0.0,0.00,295.8,2585.07,0.0,7.4, , 
,2586.52,1728,87.0,-3.1,10101011,2585.80,1760,20.8,3.09,295.8,2586.16,-3.1,7.4, , 
,2587.52,960,87.0,0.0,10111111,2586.87,1600,0.0,0.00,316.2,2587.19,-3.9,0.0, , 
,2588.42,992,85.5,0.0,10111111,2587.85,1088,28.2,4.12,397.8,2588.15,-3.9,0.0, , 
,2589.32,864,85.5,0.0,10111111,2588.72,928,23.5,3.09,357.0,2589.03,-4.7,0.0, , 
,2590.28,896,85.5,0.4,10111111,2589.63,896,26.7,3.09,397.8,2589.96,-3.9,0.0, , 
,2591.20,896,85.5,1.2,10111111,2590.59,896,26.7,3.09,397.8,2590.89,-3.9,0.0, , 
,2592.14,896,85.5,1.6,10111111,2591.49,896,26.7,3.09,397.8,2591.82,-3.9,0.0, , 
,2593.08,896,85.5,2.0,10111111,2592.45,896,26.7,3.09,397.8,2592.76,-3.9,0.0, , 
,2594.00,896,85.5,2.3,10111111,2593.39,864,26.7,3.09,397.8,2593.70,-3.9,0.0, , 
,2594.92,864,85.5,3.9,10101011,2594.32,896,26.7,3.09,397.8,2594.62,-3.9,0.0, , 
,2595.86,1056,85.5,0.0,10101011,2595.23,896,36.9,5.15,479.4,2595.54,-2.3,0.0, , 
,2596.78,1408,85.5,0.0,10101011,2596.18,1024,57.6,8.24,693.6,2596.48,-1.6,0.0, , 
,2597.80,2432,85.5,0.0,10101001,2597.14,1632,84.3,14.42,969.0,2597.47,0.0,7.4, , 
,2598.93,1568,85.5,0.0,10101011,2598.16,2240,0.0,0.00,336.6,2598.59,-2.3,7.4, , 
,2599.88,1280,85.5,0.0,10111111,2599.30,1632,82.7,14.42,948.6,2599.59,-1.6,7.4, , 
,2600.90,1152,85.5,0.0,10111111,2600.22,1056,29.4,4.12,397.8,2600.57,-3.1,0.0, , 
,2601.94,1536,85.5,0.0,10101011,2601.23,1152,28.2,4.12,357.0,2601.59,-1.6,7.4, , 
,2603.03,1888,85.5,0.0,10101011,2602.32,1600,66.3,11.33,754.8,2602.66,-0.8,7.4, , 
,2604.04,2304,87.0,-9.0,10101001,2603.38,2016,84.3,14.42,948.6,2603.72,0.0,7.4, , 
,2605.05,2752,85.5,-13.3,11101001,2604.39,2432,85.5,13.39,928.2,2604.72,0.0,7.4, , 
,2606.09,2016,85.5,0.0,11111101,2605.39,2880,57.6,7.21,673.2,2605.71,0.0,7.4, , 
,2607.17,1888,85.5,0.0,11101011,2606.43,1536,23.5,4.12,336.6,2606.80,0.0,7.4, , 
,2608.24,1952,85.5,0.0,11101011,2607.52,1984,28.2,4.12,377.4,2607.89,0.0,7.4, , 
,2609.31,2016,85.5,-1.6,11101001,2608.60,1984,36.9,5.15,459.0,2608.96,0.0,7.4, , 
,2610.31,2080,85.5,0.0,11101001,2609.64,2080,47.1,6.18,571.2,2609.97,0.0,7.4, , 
,2611.34,2080,85.5,-7.0,11101001,2610.64,2080,26.7,4.12,357.0,2610.98,0.0,7.4, , 
,2612.39,2080,85.5,-9.8,11101001,2611.68,2080,26.7,3.09,357.0,2612.04,0.0,7.4, , 
,2613.39,2080,85.5,-13.3,11101001,2612.72,2080,22.0,3.09,316.2,2613.06,0.0,7.4, , 
,2614.43,2112,85.5,-1.6,11101001,2613.72,2080,26.7,3.09,357.0,2614.08,0.0,7.4, , 
,2615.44,2176,85.5,0.0,11101001,2614.78,2112,45.9,6.18,550.8,2615.11,0.0,7.4, , 
,2616.45,2208,85.5,-0.8,11101001,2615.78,2176,42.7,6.18,499.8,2616.12,0.0,7.4, , 
,2617.48,2272,85.5,-0.4,11101001,2616.79,2240,42.7,6.18,499.8,2617.13,0.0,7.4, , 
,2618.50,2304,85.5,0.4,11101001,2617.81,2304,42.7,6.18,499.8,2618.17,0.0,7.4, , 
,2619.51,2336,85.5,-1.2,11101001,2618.82,2336,41.2,6.18,499.8,2619.16,0.0,7.4, , 
,2620.56,2368,85.5,1.2,11101001,2619.83,2368,41.2,6.18,479.4,2620.20,0.0,7.4, , 
,2621.60,2432,85.5,1.2,11101001,2620.90,2400,41.2,6.18,479.4,2621.26,0.0,7.4, , 
,2622.64,2464,85.5,0.0,11101001,2621.95,2432,40.0,6.18,479.4,2622.29,0.0,7.4, , 
,2623.66,2496,85.5,-0.8,11101001,2623.00,2464,40.0,5.15,479.4,2623.31,0.0,7.4, , 
,2624.70,2528,85.5,-0.4,11101001,2624.00,2496,38.4,5.15,459.0,2624.35,0.0,7.4, , 
,2625.72,2560,85.5,0.0,11101001,2625.04,2528,38.4,6.18,459.0,2625.38,0.0,7.4, , 
,2626.70,2592,85.5,1.6,11101001,2626.04,2560,38.4,5.15,459.0,2626.39,0.0,7.4, , 
,2627.73,2560,85.5,-2.7,11101001,2627.05,2592,29.4,4.12,377.4,2627.38,0.0,7.4, , 
,2628.72,2560,85.5,-6.6,11101001,2628.05,2560,22.0,3.09,316.2,2628.38,0.0,7.4, , 
,2629.78,2528,85.5,-4.3,11101001,2629.07,2560,23.5,3.09,316.2,2629.43,0.0,7.4, , 
,2630.77,2528,84.0,-0.4,11101001,2630.10,2528,23.5,3.09,316.2,2630.44,0.0,7.4, , 
,2631.80,2496,84.0,4.3,11101001,2631.13,2528,29.4,4.12,377.4,2631.46,0.0,7.4, , 
,2632.83,2528,84.0,7.0,11101001,2632.16,2528,32.5,4.12,397.8,2632.50,0.0,7.4, , 
,2633.90,2560,84.0,11.3,11101001,2633.18,2528,36.9,5.15,438.6,2633.54,0.0,7.4, , 
,2634.90,2592,84.0,14.8,11101001,2634.23,2560,38.4,5.15,459.0,2634.57,0.0,7.4, , 
,2635.90,2624,84.0,14.1,11101001,2635.23,2592,38.4,6.18,459.0,2635.57,0.0,7.4, , 
,2636.89,2624,84.0,13.3,11101001,2636.23,2624,36.9,6.18,459.0,2636.56,0.0,7.4, , 
,2637.92,2656,84.0,8.6,11101001,2637.25,2624,36.9,5.15,459.0,2637.59,0.0,7.4, , 
,2638.93,2016,84.0,0.0,11111101,2638.24,2656,34.1,5.15,418.2,2638.57,0.0,7.4, , 
,2639.97,1984,84.0,0.0,11101011,2639.26,1504,0.0,0.00,316.2,2639.61,-3.1,0.0, , 
,2641.04,1920,84.0,-2.3,11101011,2640.33,1920,23.5,3.09,336.6,2640.68,0.0,7.4, , 
,2642.13,1920,84.0,0.0,11101011,2641.40,1920,63.5,10.30,714.0,2641.76,0.0,7.4, , 
,2643.19,1920,84.0,-3.9,11111111,2642.50,1920,22.0,3.09,316.2,2642.84,0.0,7.4, , 
,2644.07,1024,84.0,0.0,11111111,2643.49,1440,0.0,0.00,316.2,2643.76,-3.9,0.0, , 
,2644.96,992,84.0,0.0,11111111,2644.39,1088,26.7,4.12,377.4,2644.70,-3.9,0.0, , 
,2645.87,864,84.0,0.0,11111111,2645.28,960,23.5,3.09,357.0,2645.55,-4.7,0.0, , 
,2646.80,864,84.0,0.0,11111111,2646.18,864,26.7,3.09,397.8,2646.49,-3.9,0.0, , 
,2647.68,896,84.0,1.2,11111111,2647.10,864,28.2,3.09,397.8,2647.38,-3.9,0.0, , 
,2648.58,896,84.0,3.1,11111111,2647.98,896,26.7,3.09,397.8,2648.28,-3.9,0.0, , 
,2649.51,896,84.0,5.1,11111111,2648.89,896,26.7,3.09,397.8,2649.20,-3.9,0.0, , 
,2650.41,896,84.0,6.3,11111111,2649.82,896,26.7,3.09,397.8,2650.11,-3.9,0.0, , 
,2651.31,896,84.0,7.4,11111111,2650.72,896,26.7,3.09,397.8,2651.01,-3.9,0.0, , 
,2652.22,864,84.0,8.2,11111111,2651.60,896,26.7,3.09,397.8,2651.92,-3.9,0.0, , 
,2653.11,896,84.0,7.8,11111111,2652.51,864,26.7,3.09,397.8,2652.81,-3.9,0.0, , 
,2653.99,864,84.0,7.8,11111111,2653.40,896,26.7,3.09,377.4,2653.68,-4.7,0.0, , 
,2654.89,896,84.0,7.0,11111111,2654.29,864,26.7,3.09,397.8,2654.59,-3.9,0.0, , 
,2655.80,864,84.0,5.5,11111111,2655.18,896,26.7,3.09,397.8,2655.49,-3.9,0.0, , 
,2656.76,864,84.0,5.5,11111111,2656.13,864,26.7,3.09,397.8,2656.44,-3.9,0.0, , 
,2657.74,1952,84.0,0.0,11101011,2657.05,768,54.5,9.27,550.8,2657.40,-1.6,0.0, , 
,2658.80,1888,84.0,0.0,11101011,2658.08,2176,81.2,13.39,907.8,2658.43,0.0,7.4, , 
,2659.85,2880,84.0,0.0,11111101,2659.13,2240,91.4,16.48,1009.8,2659.49,0.0,7.4, , 
,2660.90,1728,84.0,0.0,11101011,2660.19,2272,0.0,0.00,295.8,2660.53,-2.3,7.4, , 
,2662.02,1696,84.0,0.8,11101011,2661.25,1696,42.7,6.18,520.2,2661.62,-1.6,7.4, , 
,2663.10,1632,84.0,-1.6,11101011,2662.40,1696,20.8,3.09,316.2,2662.75,-3.1,7.4, , 
,2664.15,1568,84.0,-2.7,11101011,2663.44,1600,22.0,3.09,316.2,2663.79,-2.3,7.4, , 
,2665.21,1664,84.0,0.0,11101011,2664.51,1600,32.5,4.12,418.2,2664.88,-1.6,7.4, , 
,2666.29,1952,84.0,0.0,11101011,2665.57,1728,62.0,10.30,714.0,2665.93,0.0,7.4, , 
,2667.32,2304,84.0,-3.5,11101001,2666.65,2048,72.2,11.33,826.2,2666.99,0.0,7.4, , 
,2668.30,2624,82.5,-3.1,11101001,2667.64,2400,75.3,11.33,826.2,2667.98,0.0,7.4, , 
,2669.32,2240,84.0,0.0,11111101,2668.64,2720,69.4,10.30,775.2,2668.99,0.0,7.4, , 
,2670.44,1824,82.5,0.0,11101011,2669.70,1728,0.0,0.00,295.8,2670.06,-2.3,7.4, , 
,2671.51,1792,84.0,-2.3,11101011,2670.77,1824,23.5,3.09,336.6,2671.13,0.0,7.4, , 
,2672.61,1824,84.0,-1.6,11101011,2671.88,1824,32.5,4.12,418.2,2672.26,0.0,7.4, , 
,2673.62,1056,84.0,0.0,11111111,2672.97,1824,31.0,4.12,397.8,2673.35,-2.3,7.4, , 
,2674.55,1088,84.0,0.0,11111111,2673.93,1024,28.2,4.12,377.4,2674.25,-3.1,0.0, , 
,2675.49,864,84.0,0.0,11111111,2674.85,1024,22.0,3.09,336.6,2675.16,-4.7,0.0, , 
,2676.41,896,84.0,-0.4,11111111,2675.81,832,26.7,3.09,397.8,2676.11,-3.9,0.0, , 
,2677.33,864,84.0,0.0,11111111,2676.72,896,26.7,3.09,397.8,2677.02,-3.9,0.0, , 
,2678.25,896,84.0,0.8,11111111,2677.66,896,28.2,3.09,397.8,2677.96,-3.9,0.0, , 
,2679.14,864,84.0,1.6,11111111,2678.54,864,26.7,3.09,397.8,2678.84,-3.9,0.0, , 
,2680.08,864,84.0,2.3,11111111,2679.44,864,28.2,3.09,397.8,2679.77,-3.9,0.0, , 
,2680.95,896,84.0,3.1,11111111,2680.36,896,28.2,3.09,397.8,2680.65,-3.9,0.0, , 
,2681.84,832,84.0,3.9,11111111,2681.24,896,26.7,3.09,397.8,2681.54,-3.9,0.0, , 
,2682.71,768,84.0,3.9,11111111,2682.11,736,26.7,3.09,397.8,2682.41,-4.7,0.0, , 
,2683.61,800,84.0,3.9,11111111,2683.02,800,29.4,3.09,418.2,2683.32,-4.7,0.0, , 
,2684.51,800,84.0,2.3,11111111,2683.90,768,29.4,3.09,418.2,2684.20,-4.7,0.0, , 
,2685.42,800,84.0,2.3,11111111,2684.81,800,28.2,3.09,418.2,2685.12,-4.7,0.0, , 
,2686.30,768,84.0,2.7,11111111,2685.71,768,28.2,3.09,418.2,2686.01,-4.7,0.0, , 
,2687.21,800,84.0,3.1,11111111,2686.60,768,29.4,4.12,418.2,2686.91,-4.7,0.0, , 
,2688.10,768,84.0,3.1,11111111,2687.51,800,28.2,4.12,418.2,2687.80,-4.7,0.0, , 
,2689.01,800,84.0,3.1,11111111,2688.41,800,28.2,3.09,418.2,2688.73,-4.7,0.0, , 
,2689.90,768,84.0,3.5,11111111,2689.29,768,28.2,3.09,418.2,2689.60,-4.7,0.0, , 
,2690.81,768,84.0,2.0,11111111,2690.22,768,28.2,3.09,418.2,2690.51,-4.7,0.0, , 
,2691.70,768,84.0,1.6,11111111,2691.11,768,28.2,3.09,418.2,2691.40,-4.7,0.0, , 
,2692.60,800,84.0,1.6,11111111,2692.00,800,28.2,3.09,418.2,2692.30,-4.7,0.0, , 
,2693.50,800,84.0,1.2,11111111,2692.90,768,28.2,3.09,418.2,2693.20,-4.7,0.0, , 
,2694.39,800,84.0,1.2,11101011,2693.81,768,28.2,3.09,418.2,2694.10,-4.7,0.0, , 
,2695.41,1856,84.0,0.0,11101011,2694.71,768,96.1,19.57,1071.0,2695.09,-0.8,7.4, , 
,2696.42,1056,84.0,0.4,11101011,2695.75,1600,50.2,8.24,612.0,2696.10,-1.6,0.0, , 
,2697.46,1632,84.0,0.0,11101011,2696.74,1248,47.1,6.18,591.6,2697.09,-1.6,0.0, , 
,2698.51,2240,84.0,-0.4,11101001,2697.83,1824,53.3,8.24,632.4,2698.16,0.0,7.4, , 
,2699.53,992,84.0,0.0,11111111,2698.87,1824,0.0,0.00,357.0,2699.20,-3.1,0.0, , 
,2700.47,1216,84.0,0.0,11101011,2699.83,1216,25.1,4.12,357.0,2700.15,-3.1,0.0, , 
,2701.45,1216,84.0,0.4,11101011,2700.79,1184,28.2,4.12,377.4,2701.11,-3.1,0.0, , 
,2702.49,1504,84.0,0.0,11101011,2701.76,1280,65.1,11.33,734.4,2702.09,-1.6,0.0, , 
,2703.55,1824,84.0,-5.1,11101011,2702.85,1600,79.6,13.39,907.8,2703.20,-0.8,7.4, , 
,2704.61,2112,85.5,1.2,11101001,2703.91,1984,60.4,9.27,693.6,2704.27,0.0,7.4, , 
,2705.61,2336,84.0,2.3,11101001,2704.93,2208,57.6,8.24,652.8,2705.27,0.0,7.4, , 
,2706.64,2560,84.0,4.3,11101001,2705.96,2464,59.2,9.27,673.2,2706.30,0.0,7.4, , 
,2707.60,2720,84.0,1.2,11101001,2706.95,2592,48.6,7.21,571.2,2707.27,0.0,7.4, , 
,2708.60,2048,85.5,0.0,11111101,2707.94,2816,62.0,10.30,693.6,2708.26,0.0,7.4, , 
,2709.58,1088,85.5,0.0,11111111,2708.97,1504,0.0,0.00,316.2,2709.27,-3.9,0.0, , 
,2710.49,992,85.5,0.0,11111111,2709.89,1056,25.1,4.12,377.4,2710.19,-3.9,0.0, , 
,2711.44,896,84.0,0.0,11111111,2710.82,992,23.5,3.09,357.0,2711.13,-3.9,0.0, , 
,2712.29,928,84.0,-0.8,11101011,2711.71,864,25.1,3.09,377.4,2712.00,-4.7,0.0, , 
,2713.40,1824,85.5,-3.1,11101011,2712.67,1472,29.4,4.12,397.8,2713.03,0.0,7.4, , 
,2714.50,1888,85.5,0.4,11101011,2713.76,1856,42.7,7.21,499.8,2714.13,0.0,7.4, , 
,2715.58,1984,84.0,1.6,11101011,2714.86,1920,48.6,7.21,591.6,2715.21,0.0,7.4, , 
,2716.66,2048,85.5,2.0,11101001,2715.93,2016,50.2,8.24,612.0,2716.30,0.0,7.4, , 
,2717.72,2080,85.5,-3.1,11101001,2717.02,2080,36.9,5.15,459.0,2717.39,0.0,7.4, , 
,2718.76,2144,85.5,-3.9,11101001,2718.05,2112,42.7,6.18,499.8,2718.41,0.0,7.4, , 
,2719.78,2176,85.5,0.0,11101001,2719.10,2144,41.2,6.18,499.8,2719.44,0.0,7.4, , 
,2720.78,2176,85.5,-7.4,11101001,2720.10,2176,19.2,3.09,295.8,2720.44,0.0,7.4, , 
,2721.80,2176,85.5,-6.6,11101001,2721.11,2176,20.8,3.09,295.8,2721.45,0.0,7.4, , 
,2722.83,2176,85.5,2.0,11101001,2722.15,2176,34.1,4.12,418.2,2722.49,0.0,7.4, , 
,2723.83,2240,85.5,5.9,11101001,2723.16,2208,41.2,5.15,499.8,2723.50,0.0,7.4, , 
,2724.84,2272,85.5,9.4,11101001,2724.16,2240,41.2,5.15,499.8,2724.51,0.0,7.4, , 
,2725.82,2304,85.5,12.9,11101001,2725.16,2272,41.2,6.18,499.8,2725.50,0.0,7.4, , 
,2726.85,2336,85.5,14.8,11101001,2726.16,2304,40.0,6.18,479.4,2726.52,0.0,7.4, , 
,2727.85,2336,85.5,14.8,11101001,2727.19,2336,40.0,6.18,479.4,2727.53,0.0,7.4, , 
,2728.92,2368,85.5,14.8,11101001,2728.21,2336,40.0,5.15,479.4,2728.55,0.0,7.4, , 
,2729.99,2368,85.5,14.5,11101001,2729.27,2368,38.4,5.15,459.0,2729.60,0.0,7.4, , 
,2731.06,2400,84.0,12.9,11101001,2730.38,2400,38.4,5.15,459.0,2730.71,0.0,7.4, , 
,2732.09,1184,84.0,0.0,11111111,2731.40,2240,0.0,0.00,316.2,2731.77,-3.1,7.4, , 
,2733.08,1120,84.0,0.0,11111111,2732.44,960,28.2,4.12,397.8,2732.74,-3.1,0.0, , 
,2734.01,864,84.0,0.0,11111111,2733.38,1088,22.0,3.09,336.6,2733.73,-3.9,0.0, , 
,2734.90,864,84.0,0.4,11111111,2734.29,800,28.2,3.09,397.8,2734.58,-3.9,0.0, , 
,2735.84,864,84.0,5.1,11111111,2735.19,832,28.2,3.09,397.8,2735.51,-3.9,0.0, , 
,2736.72,896,84.0,9.4,11111111,2736.14,896,28.2,3.09,397.8,2736.43,-3.9,0.0, , 
,2737.65,896,84.0,11.7,11111111,2737.02,896,26.7,3.09,397.8,2737.34,-3.9,0.0, , 
,2738.57,896,84.0,11.7,11111111,2737.95,896,26.7,3.09,397.8,2738.25,-3.9,0.0, , 
,2739.54,896,84.0,10.9,11111111,2738.89,896,26.7,3.09,397.8,2739.21,-3.9,0.0, , 
,2740.46,896,84.0,10.2,11111111,2739.84,896,26.7,3.09,397.8,2740.13,-3.9,0.0, , 
,2741.40,896,85.5,5.9,11111111,2740.77,864,26.7,3.09,397.8,2741.07,-3.9,0.0, , 
,2742.29,896,85.5,5.5,11111111,2741.70,864,26.7,3.09,397.8,2741.98,-3.9,0.0, , 
,2743.22,896,85.5,5.5,11111111,2742.60,896,26.7,3.09,397.8,2742.92,-3.9,0.0, , 
,2744.13,896,85.5,5.1,11111111,2743.53,864,28.2,4.12,397.8,2743.83,-3.9,0.0, , 
,2745.10,1376,85.5,4.3,11101011,2744.45,992,26.7,4.12,377.4,2744.74,-3.1,0.0, , 
,2746.19,1440,85.5,4.7,11101011,2745.48,1408,26.7,4.12,377.4,2745.82,-2.3,0.0, , 
,2747.33,1536,85.5,-0.8,11101011,2746.63,1472,50.2,7.21,612.0,2746.96,-1.6,7.4, , 
,2748.42,1632,84.0,-0.4,11101011,2747.70,1568,53.3,8.24,632.4,2748.06,-1.6,7.4, , 
,2749.42,1056,85.5,0.0,11111111,2748.79,1632,38.4,5.15,499.8,2749.11,-3.1,0.0, , 
,2750.32,1024,85.5,0.0,11111111,2749.72,1120,26.7,4.12,377.4,2750.03,-3.9,0.0, , 
,2751.22,832,85.5,0.0,11111111,2750.63,960,22.0,3.09,336.6,2750.93,-4.7,0.0, , 
,2752.10,864,84.0,-0.4,11111111,2751.51,864,26.7,3.09,397.8,2751.81,-4.7,0.0, , 
,2753.01,896,84.0,-0.4,11111111,2752.41,864,28.2,3.09,397.8,2752.72,-3.9,0.0, , 
,2753.97,896,84.0,0.0,11111111,2753.32,864,26.7,3.09,397.8,2753.63,-3.9,0.0, , 
,2754.88,864,84.0,1.2,11111111,2754.26,864,28.2,3.09,397.8,2754.57,-3.9,0.0, , 
,2755.82,864,84.0,2.3,11111111,2755.21,864,28.2,3.09,397.8,2755.51,-3.9,0.0, , 
,2756.78,896,84.0,3.5,11111111,2756.14,864,31.0,4.12,418.2,2756.47,-3.9,0.0, , 
,2757.69,896,84.0,3.9,11111111,2757.09,896,29.4,4.12,418.2,2757.38,-3.9,0.0, , 
,2758.62,896,84.0,4.3,11111111,2757.99,896,29.4,4.12,418.2,2758.31,-3.9,0.0, , 
,2759.51,896,84.0,3.9,10111111,2758.92,896,28.2,4.12,397.8,2759.20,-3.9,0.0, , 
,2760.41,896,84.0,3.5,10111111,2759.81,896,28.2,4.12,397.8,2760.11,-3.9,0.0, , 
,2761.29,768,84.0,2.7,10111111,2760.71,832,25.1,3.09,377.4,2761.00,-4.7,0.0, , 
,2762.18,768,84.0,2.3,10111111,2761.58,768,29.4,4.12,418.2,2761.88,-4.7,0.0, , 
,2763.09,768,84.0,2.7,10111111,2762.49,800,29.4,4.12,418.2,2762.79,-4.7,0.0, , 
,2764.01,800,84.0,3.5,10111111,2763.38,768,29.4,3.09,418.2,2763.71,-4.7,0.0, , 
,2764.90,800,84.0,3.1,10111111,2764.33,800,28.2,4.12,418.2,2764.61,-4.7,0.0, , 
,2765.79,800,84.0,2.7,10111111,2765.20,800,28.2,3.09,418.2,2765.50,-4.7,0.0, , 
,2766.72,800,84.0,2.7,10111111,2766.10,768,28.2,4.12,418.2,2766.40,-4.7,0.0, , 
,2767.62,800,84.0,2.3,10111111,2767.01,800,28.2,3.09,418.2,2767.32,-4.7,0.0, , 
,2768.51,768,84.0,2.0,10111111,2767.92,800,28.2,3.09,418.2,2768.21,-4.7,0.0, , 
,2769.40,768,84.0,2.0,10111111,2768.81,768,28.2,3.09,418.2,2769.11,-4.7,0.0, , 
,2770.29,800,84.0,2.3,10111111,2769.70,768,29.4,4.12,438.6,2770.00,-4.7,0.0, , 
,2771.19,768,84.0,1.6,10111111,2770.59,800,28.2,3.09,418.2,2770.88,-4.7,0.0, , 
,2772.11,768,84.0,1.2,10111111,2771.49,800,29.4,3.09,418.2,2771.80,-4.7,0.0, , 
,2773.00,768,84.0,1.2,10111111,2772.40,800,29.4,4.12,418.2,2772.70,-4.7,0.0, , 
,2773.90,768,84.0,0.8,10111111,2773.30,768,29.4,4.12,418.2,2773.60,-4.7,0.0, , 
,2774.81,768,84.0,1.2,10111111,2774.21,768,31.0,4.12,438.6,2774.51,-3.9,0.0, , 
,2775.69,768,84.0,1.6,10111111,2775.11,800,29.4,4.12,438.6,2775.40,-4.7,0.0, , 
,2776.60,800,84.0,2.0,10111111,2776.00,800,29.4,4.12,418.2,2776.30,-4.7,0.0, , 
,2777.49,768,84.0,2.7,10111111,2776.90,768,29.4,4.12,418.2,2777.20,-4.7,0.0, , 
,2778.40,800,84.0,2.3,10111111,2777.79,768,29.4,3.09,418.2,2778.10,-4.7,0.0, , 
,2779.42,1888,84.0,0.0,10101011,2778.71,800,29.4,4.12,418.2,2779.05,-1.6,0.0, , 
,2780.40,1376,84.0,0.0,10101011,2779.76,1728,56.1,9.27,652.8,2780.03,-1.6,7.4, , 
,2781.39,2272,84.0,0.0,10101001,2780.72,1504,73.7,11.33,867.0,2781.07,0.0,7.4, , 
,2782.43,1440,84.0,0.0,10101011,2781.73,2176,0.0,0.00,377.4,2782.08,-2.3,7.4, , 
,2783.55,1600,84.0,0.0,10101011,2782.79,1472,42.7,6.18,550.8,2783.18,-1.6,7.4, , 
,2784.58,1792,84.0,1.6,10101011,2783.89,1664,40.0,6.18,499.8,2784.24,-1.6,7.4, , 
,2785.65,1888,85.5,0.0,10101011,2784.94,1792,36.9,5.15,459.0,2785.30,0.0,7.4, , 
,2786.60,1184,84.0,0.0,10111111,2786.02,1856,31.0,4.12,397.8,2786.31,-2.3,7.4, , 
,2787.52,1024,84.0,0.0,10111111,2786.90,1024,28.2,4.12,377.4,2787.21,-3.1,0.0, , 
,2788.41,864,84.0,0.0,10111111,2787.79,1024,23.5,3.09,357.0,2788.10,-3.9,0.0, , 
,2789.32,864,84.0,-0.8,10111111,2788.72,864,26.7,3.09,397.8,2789.01,-3.9,0.0, , 
,2790.26,864,84.0,-2.0,10111111,2789.62,864,26.7,3.09,397.8,2789.93,-3.9,0.0, , 
,2791.17,864,84.0,-0.8,10111111,2790.56,864,28.2,3.09,397.8,2790.87,-3.9,0.0, , 
,2792.10,896,84.0,0.4,10111111,2791.46,864,28.2,4.12,418.2,2791.77,-3.9,0.0, , 
,2793.00,896,85.5,1.2,10111111,2792.42,864,28.2,4.12,418.2,2792.72,-3.9,0.0, , 
,2793.88,864,85.5,0.8,10111111,2793.28,896,28.2,4.12,418.2,2793.59,-3.9,0.0, , 
,2794.79,800,85.5,0.4,10111111,2794.18,896,29.4,4.12,418.2,2794.48,-3.9,0.0, , 
,2795.81,1504,85.5,0.0,10101011,2795.11,768,28.2,3.09,418.2,2795.44,-3.1,0.0, , 
,2796.87,1536,85.5,0.0,10101011,2796.19,1792,65.1,10.30,754.8,2796.55,-0.8,7.4, , 
,2797.94,2240,85.5,-10.2,10101001,2797.26,1504,79.6,12.36,928.2,2797.61,0.0,7.4, , 
,2798.92,1376,85.5,0.0,10101011,2798.27,1856,0.0,0.00,377.4,2798.61,-3.1,0.0, , 
,2799.92,1344,85.5,0.0,10101011,2799.25,1280,32.5,5.15,438.6,2799.57,-2.3,0.0, , 
,2800.95,1408,85.5,0.0,10111111,2800.26,1376,42.7,5.15,520.2,2800.60,-2.3,0.0, , 
,2802.17,1408,85.5,-4.7,10111111,2801.40,1440,23.5,3.09,336.6,2801.86,-3.1,7.4, , 
,2803.10,800,85.5,-2.7,10111111,2802.48,1216,23.5,3.09,336.6,2802.81,-3.9,0.0, , 
,2804.03,832,85.5,0.0,10101011,2803.40,800,31.0,4.12,438.6,2803.71,-3.9,0.0, , 
,2804.94,896,85.5,-0.8,10101011,2804.32,928,48.6,7.21,612.0,2804.65,-2.3,0.0, , 
,2805.89,992,85.5,0.0,10111111,2805.26,1088,36.9,4.12,499.8,2805.57,-3.1,0.0, , 
,2806.96,1888,85.5,0.0,10101011,2806.20,832,29.4,4.12,418.2,2806.57,-1.6,0.0, , 
,2808.03,2048,85.5,0.8,10101001,2807.31,1664,62.0,10.30,714.0,2807.67,0.0,7.4, , 
,2809.04,1152,85.5,0.0,10111111,2808.36,2208,45.9,6.18,571.2,2808.74,0.0,7.4, , 
,2809.95,1024,85.5,0.0,10111111,2809.34,992,28.2,4.12,397.8,2809.66,-3.1,0.0, , 
,2810.90,1472,85.5,0.0,10101011,2810.23,960,23.5,3.09,357.0,2810.53,-3.1,0.0, , 
,2811.96,2144,85.5,0.0,10111101,2811.28,1920,71.0,12.36,826.2,2811.62,0.0,7.4, , 
,2812.89,1056,85.5,0.0,10111111,2812.30,1632,0.0,0.00,377.4,2812.59,-3.1,0.0, , 
,2813.80,992,85.5,0.0,10111111,2813.20,1088,26.7,4.12,377.4,2813.51,-3.9,0.0, , 
,2814.70,864,85.5,0.0,10111111,2814.10,928,23.5,3.09,357.0,2814.40,-4.7,0.0, , 
,2815.62,864,85.5,-2.3,10111111,2815.02,864,28.2,3.09,397.8,2815.32,-3.9,0.0, , 
,2816.51,832,85.5,0.0,10101011,2815.93,800,26.7,3.09,397.8,2816.20,-3.9,0.0, , 
,2817.57,1856,85.5,0.0,11101011,2816.86,1664,76.9,13.39,887.4,2817.21,0.0,7.4, , 
,2818.54,2048,85.5,-2.7,11101001,2817.87,1440,73.7,11.33,867.0,2818.22,-0.8,7.4, , 
,2819.58,1248,85.5,0.0,11111111,2818.88,2272,47.1,5.15,591.6,2819.27,0.0,7.4, , 
,2820.52,1216,85.5,0.0,11101011,2819.91,1216,23.5,3.09,336.6,2820.22,-3.9,0.0, , 
,2821.47,1184,85.5,0.0,11101011,2820.83,1216,23.5,3.09,336.6,2821.15,-3.1,0.0, , 
,2822.49,1376,85.5,0.0,11101011,2821.81,1216,54.5,8.24,652.8,2822.15,-1.6,0.0, , 
,2823.59,1536,85.5,-0.8,11101011,2822.80,1440,53.3,7.21,652.8,2823.24,-1.6,0.0, , 
,2824.67,1632,85.5,-0.4,11101011,2823.97,1536,38.4,5.15,479.4,2824.32,-1.6,7.4, , 
,2825.75,1728,85.5,-0.8,11101011,2825.02,1696,35.3,5.15,459.0,2825.40,-1.6,7.4, , 
,2826.87,1792,87.0,-0.8,11101011,2826.11,1760,32.5,4.12,418.2,2826.49,-1.6,7.4, , 
,2827.93,1824,85.5,-1.6,11101011,2827.23,1792,31.0,4.12,418.2,2827.58,0.0,7.4, , 
,2829.04,1792,85.5,0.0,11111111,2828.31,1792,31.0,4.12,397.8,2828.69,0.0,7.4, , 
,2829.97,1088,85.5,0.0,10111111,2829.35,1344,0.0,0.00,357.0,2829.66,-3.9,0.0, , 
,2830.92,992,85.5,0.0,10111111,2830.29,1120,26.7,4.12,377.4,2830.59,-3.9,0.0, , 
,2831.82,864,85.5,0.0,10111111,2831.23,896,23.5,3.09,357.0,2831.53,-4.7,0.0, , 
,2832.72,864,85.5,0.8,10111111,2832.11,896,26.7,3.09,397.8,2832.42,-3.9,0.0, , 
,2833.64,896,85.5,2.7,10111111,2833.03,896,28.2,3.09,397.8,2833.33,-3.9,0.0, , 
,2834.57,832,85.5,4.3,10111111,2833.93,896,28.2,3.09,397.8,2834.26,-3.9,0.0, , 
,2835.53,1056,85.5,0.0,10101011,2834.88,768,26.7,3.09,397.8,2835.17,-4.7,0.0, , 
,2836.54,1408,85.5,0.0,10111111,2835.87,1952,47.1,6.18,591.6,2836.23,0.0,7.4, , 
,2837.49,832,85.5,0.0,10111111,2836.88,960,22.0,3.09,336.6,2837.18,-4.7,0.0, , 
,2838.37,800,85.5,0.0,10111111,2837.77,768,25.1,4.12,397.8,2838.07,-4.7,0.0, , 
,2839.28,800,85.5,0.0,10111111,2838.68,800,29.4,3.09,418.2,2838.98,-4.7,0.0, , 
,2840.19,800,87.0,-0.4,10111111,2839.58,768,29.4,3.09,418.2,2839.88,-3.9,0.0, , 
,2841.09,800,87.0,0.4,10111111,2840.48,800,29.4,4.12,418.2,2840.78,-3.9,0.0, , 
,2842.01,800,87.0,1.2,10111111,2841.39,800,29.4,4.12,418.2,2841.69,-4.7,0.0, , 
,2842.89,768,87.0,2.0,10111111,2842.31,800,29.4,4.12,418.2,2842.60,-4.7,0.0, , 
,2843.77,768,87.0,2.3,10111111,2843.18,800,28.2,3.09,418.2,2843.48,-4.7,0.0, , 
,2844.69,800,85.5,2.7,10111111,2844.07,800,28.2,3.09,418.2,2844.38,-4.7,0.0, , 
,2845.59,800,87.0,3.1,10101011,2844.99,800,28.2,3.09,418.2,2845.30,-4.7,0.0, , 
,2846.52,928,87.0,0.0,10101011,2845.88,704,32.5,4.12,438.6,2846.20,-3.9,0.0, , 
,2847.52,1280,87.0,2.3,10101011,2846.86,1344,44.3,6.18,571.2,2847.20,-2.3,0.0, , 
,2848.48,1280,87.0,0.0,10101011,2847.85,1440,38.4,5.15,499.8,2848.17,-2.3,0.0, , 
,2849.43,1408,87.0,0.0,10101011,2848.80,1088,65.1,10.30,754.8,2849.13,-1.6,0.0, , 
,2850.48,1984,87.0,0.0,10111111,2849.79,1632,84.3,14.42,948.6,2850.13,0.0,7.4, , 
,2851.46,1344,87.0,0.0,10101011,2850.83,1632,29.4,4.12,377.4,2851.14,-1.6,0.0, , 
,2852.48,1632,87.0,0.0,10101011,2851.76,1376,76.9,12.36,887.4,2852.09,-1.6,7.4, , 
,2853.54,2080,87.0,-6.3,11101001,2852.83,1760,75.3,12.36,867.0,2853.18,0.0,7.4, , 
,2854.57,2496,87.0,-12.5,11101001,2853.88,2208,82.7,12.36,907.8,2854.23,0.0,7.4, , 
,2855.55,2944,87.0,-12.9,11101001,2854.91,2656,82.7,12.36,928.2,2855.27,0.0,7.4, , 
,2856.61,2208,87.0,0.0,11101001,2855.91,3040,78.4,10.30,867.0,2856.24,0.0,7.4, , 
,2857.63,2240,87.0,0.0,11101001,2856.96,2112,84.3,15.45,928.2,2857.31,0.0,7.4, , 
,2858.60,1248,87.0,0.0,11111111,2858.00,2240,0.0,0.00,459.0,2858.29,-2.3,7.4, , 
,2859.56,992,87.0,0.0,11111111,2858.92,992,26.7,4.12,377.4,2859.23,-3.9,0.0, , 
,2860.45,896,87.0,0.0,11111111,2859.85,960,23.5,3.09,357.0,2860.13,-4.7,0.0, , 
,2861.38,864,87.0,-1.6,11111111,2860.76,864,26.7,3.09,377.4,2861.08,-3.9,0.0, , 
,2862.31,864,87.0,-2.3,11111111,2861.69,864,26.7,3.09,397.8,2862.00,-3.9,0.0, , 
,2863.21,864,87.0,-2.3,11111111,2862.60,864,29.4,3.09,418.2,2862.91,-3.9,0.0, , 
,2864.07,896,87.0,-1.6,11111111,2863.50,896,29.4,4.12,418.2,2863.78,-3.9,0.0, , 
,2865.02,960,87.0,0.4,11101011,2864.39,896,29.4,4.12,418.2,2864.69,-3.9,0.0, , 
,2866.16,1664,87.0,0.8,11101011,2865.40,1280,31.0,4.12,397.8,2865.79,0.0,7.4, , 
,2867.26,1920,87.0,0.0,11101011,2866.53,1728,51.8,8.24,591.6,2866.91,-0.8,7.4, , 
,2868.30,2272,87.0,-7.4,11101001,2867.61,2016,76.9,12.36,867.0,2867.96,0.0,7.4, , 
,2869.33,2528,87.0,-0.8,11101001,2868.63,2368,69.4,10.30,775.2,2868.99,0.0,7.4, , 
,2870.30,2752,87.0,0.8,11101001,2869.65,2624,62.0,9.27,693.6,2869.97,0.0,7.4, , 
,2871.32,1792,87.0,0.0,11111111,2870.64,2752,0.0,0.00,459.0,2870.97,0.0,7.4, , 
,2872.25,1024,87.0,0.0,11111111,2871.63,1216,0.0,0.00,336.6,2871.94,-3.9,0.0, , 
,2873.19,960,87.0,0.0,11101011,2872.55,1024,26.7,4.12,377.4,2872.87,-3.9,0.0, , 
,2874.25,1792,87.0,0.0,11101011,2873.52,1632,44.3,7.21,550.8,2873.86,-1.6,7.4, , 
,2875.28,1952,87.0,0.0,11101011,2874.58,1824,75.3,12.36,867.0,2874.92,0.0,7.4, , 
,2876.31,2144,87.0,-9.0,11101001,2875.62,1984,90.2,15.45,1009.8,2875.98,0.0,7.4, , 
,2877.35,2336,87.0,-14.8,11101001,2876.65,2208,88.6,14.42,989.4,2876.99,0.0,7.4, , 
,2878.38,2496,87.0,-16.4,11101001,2877.67,2400,87.1,12.36,969.0,2878.02,0.0,7.4, , 
,2879.41,2624,87.0,0.0,11111101,2878.72,2560,73.7,11.33,826.2,2879.06,0.0,7.4, , 
,2880.37,1152,87.0,0.0,11111111,2879.77,2176,0.0,0.00,316.2,2880.08,-3.1,7.4, , 
,2881.27,992,87.0,0.0,11111111,2880.68,992,26.7,4.12,377.4,2880.99,-3.9,0.0, , 
,2882.22,896,85.5,0.0,11111111,2881.60,928,23.5,4.12,357.0,2881.93,-4.7,0.0, , 
,2883.17,896,87.0,-1.2,11111111,2882.53,896,28.2,3.09,397.8,2882.84,-3.9,0.0, , 
,2884.06,896,87.0,-2.0,11111111,2883.47,896,26.7,3.09,397.8,2883.76,-3.9,0.0, , 
,2884.94,896,87.0,-1.6,11111111,2884.34,864,28.2,3.09,397.8,2884.63,-3.9,0.0, , 
,2885.82,896,87.0,-0.8,11111111,2885.23,896,28.2,3.09,397.8,2885.52,-3.9,0.0, , 
,2886.73,896,87.0,0.0,11111111,2886.11,896,28.2,3.09,397.8,2886.41,-3.9,0.0, , 
,2887.61,896,87.0,0.0,11111111,2887.03,896,26.7,3.09,397.8,2887.33,-3.9,0.0, , 
,2888.51,896,87.0,-0.4,11111111,2887.91,896,28.2,3.09,397.8,2888.21,-3.9,0.0, , 
,2889.39,864,87.0,0.0,11111111,2888.80,896,28.2,3.09,397.8,2889.08,-3.9,0.0, , 
,2890.30,896,87.0,0.8,11111111,2889.70,896,28.2,3.09,397.8,2890.00,-3.9,0.0, , 
,2891.26,896,87.0,1.6,11111111,2890.60,896,28.2,3.09,397.8,2890.93,-3.9,0.0, , 
,2892.20,896,87.0,2.0,11111111,2891.58,896,26.7,3.09,397.8,2891.89,-3.9,0.0, , 
,2893.14,896,87.0,1.6,11111111,2892.53,896,28.2,3.09,397.8,2892.83,-3.9,0.0, , 
,2894.05,896,87.0,1.6,11111111,2893.44,896,26.7,3.09,397.8,2893.75,-3.9,0.0, , 
,2894.98,896,87.0,1.2,11111111,2894.35,896,26.7,3.09,397.8,2894.68,-3.9,0.0, , 
,2895.88,896,87.0,0.8,11111111,2895.26,864,28.2,3.09,397.8,2895.57,-3.9,0.0, , 
,2896.78,896,87.0,0.8,11111111,2896.17,896,28.2,3.09,397.8,2896.46,-3.9,0.0, , 
,2897.75,1216,87.0,0.8,11101011,2897.08,896,28.2,3.09,397.8,2897.40,-3.9,0.0, , 
,2898.70,1216,87.0,4.3,11101011,2898.08,1280,28.2,4.12,377.4,2898.38,-3.1,0.0, , 
,2899.82,1440,87.0,6.6,11101011,2899.04,1248,35.3,5.15,459.0,2899.41,-2.3,0.0, , 
,2900.84,1728,87.0,3.1,11101011,2900.14,1536,36.9,5.15,479.4,2900.47,-1.6,7.4, , 
,2901.88,2176,87.0,0.0,11101001,2901.22,1856,40.0,6.18,499.8,2901.56,0.0,7.4, , 
,2902.92,2208,87.0,0.0,11111101,2902.23,2368,59.2,9.27,652.8,2902.56,0.0,7.4, , 
,2903.89,1600,85.5,0.0,11101011,2903.23,1728,20.8,3.09,316.2,2903.52,-2.3,0.0, , 
,2904.93,1792,85.5,0.0,11101011,2904.23,1696,63.5,10.30,734.4,2904.57,-1.6,7.4, , 
,2905.98,2176,87.0,-5.5,11101001,2905.29,1920,82.7,14.42,928.2,2905.63,0.0,7.4, , 
,2906.96,2496,85.5,-0.8,11101001,2906.30,2304,73.7,11.33,826.2,2906.63,0.0,7.4, , 
,2907.94,1248,85.5,0.0,11101011,2907.29,2208,0.0,0.00,316.2,2907.60,-3.1,7.4, , 
,2908.92,2400,85.5,0.0,11101001,2908.26,1376,38.4,6.18,479.4,2908.59,0.0,7.4, , 
,2909.91,1632,87.0,0.0,11111111,2909.26,2304,25.1,3.09,336.6,2909.62,0.0,7.4, , 
,2910.85,1024,85.5,0.0,11111111,2910.23,1248,0.0,0.00,336.6,2910.52,-3.9,0.0, , 
,2911.77,960,85.5,0.0,11111111,2911.19,1088,25.1,4.12,357.0,2911.46,-3.9,0.0, , 
,2912.68,864,85.5,0.0,11111111,2912.08,896,23.5,3.09,357.0,2912.39,-4.7,0.0, , 
,2913.61,896,85.5,0.4,11111111,2912.98,864,26.7,3.09,397.8,2913.30,-3.9,0.0, , 
,2914.51,896,85.5,1.2,11111111,2913.91,864,28.2,3.09,397.8,2914.20,-3.9,0.0, , 
,2915.46,864,87.0,2.7,11111111,2914.82,896,26.7,3.09,397.8,2915.16,-3.9,0.0, , 
,2916.38,864,87.0,3.5,11111111,2915.76,896,28.2,3.09,397.8,2916.07,-3.9,0.0, , 
,2917.30,736,87.0,2.7,11111111,2916.69,864,26.7,3.09,397.8,2916.98,-4.7,0.0, , 
,2918.18,800,87.0,1.6,11111111,2917.59,768,28.2,3.09,418.2,2917.89,-4.7,0.0, , 
,2919.09,768,87.0,1.6,11111111,2918.49,800,29.4,4.12,418.2,2918.79,-4.7,0.0, , 
,2919.98,768,87.0,1.6,11111111,2919.38,768,28.2,3.09,418.2,2919.68,-4.7,0.0, , 
,2920.92,800,87.0,2.3,11111111,2920.27,768,28.2,3.09,418.2,2920.60,-4.7,0.0, , 
,2921.79,768,87.0,2.3,11111111,2921.22,800,28.2,4.12,418.2,2921.50,-4.7,0.0, , 
,2922.68,768,87.0,2.3,11111111,2922.09,800,28.2,3.09,418.2,2922.39,-4.7,0.0, , 
,2923.59,768,87.0,2.3,11111111,2922.99,800,28.2,3.09,418.2,2923.29,-4.7,0.0, , 
,2924.49,800,87.0,3.1,11111111,2923.89,768,29.4,4.12,418.2,2924.20,-4.7,0.0, , 
,2925.37,768,87.0,3.1,11111111,2924.80,800,28.2,3.09,418.2,2925.08,-4.7,0.0, , 
,2926.28,768,87.0,2.7,11111111,2925.68,800,28.2,4.12,418.2,2925.98,-4.7,0.0, , 
,2927.15,768,87.0,2.0,11111111,2926.57,768,28.2,4.12,418.2,2926.86,-4.7,0.0, , 
,2928.06,768,87.0,2.0,11111111,2927.46,800,29.4,4.12,438.6,2927.76,-4.7,0.0, , 
,2928.96,768,87.0,1.6,11111111,2928.36,768,29.4,3.09,418.2,2928.66,-4.7,0.0, , 
,2929.88,768,87.0,2.0,11111111,2929.26,800,29.4,4.12,438.6,2929.57,-4.7,0.0, , 
,2930.79,768,87.0,1.6,11111111,2930.20,800,29.4,4.12,418.2,2930.50,-4.7,0.0, , 
,2931.69,800,87.0,1.2,11111111,2931.09,768,29.4,3.09,418.2,2931.39,-4.7,0.0, , 
,2932.57,800,87.0,0.8,11111111,2931.97,768,29.4,4.12,418.2,2932.25,-4.7,0.0, , 
,2933.44,768,87.0,0.8,11111111,2932.87,768,29.4,4.12,438.6,2933.16,-4.7,0.0, , 
,2934.34,800,87.0,0.8,11111111,2933.73,800,29.4,4.12,438.6,2934.04,-3.9,0.0, , 
,2935.22,768,87.0,1.2,11101011,2934.64,800,29.4,4.12,418.2,2934.92,-4.7,0.0, , 
,2936.18,1248,87.0,0.0,11101011,2935.55,800,47.1,7.21,591.6,2935.86,-2.3,0.0, , 
,2937.19,1312,87.0,0.0,11111111,2936.54,1216,38.4,5.15,499.8,2936.87,-3.1,0.0, , 
,2938.13,1152,87.0,0.8,11111111,2937.52,1280,22.0,3.09,316.2,2937.83,-3.9,0.0, , 
,2939.09,736,87.0,0.4,11111111,2938.45,960,22.0,3.09,336.6,2938.77,-4.7,0.0, , 
,2940.01,800,87.0,-2.0,11111111,2939.40,800,32.5,4.12,459.0,2939.72,-3.9,0.0, , 
,2940.92,800,87.0,-3.1,11111111,2940.31,768,29.4,3.09,438.6,2940.62,-3.9,0.0, , 
,2941.82,800,87.0,-2.0,11111111,2941.21,800,31.0,4.12,438.6,2941.52,-3.9,0.0, , 
,2942.78,832,88.5,0.0,11101011,2942.14,800,29.4,4.12,438.6,2942.44,-3.9,0.0, , 
,2943.84,1760,87.0,0.0,11101011,2943.12,1920,67.8,10.30,795.6,2943.47,0.0,7.4, , 
,2944.88,1984,88.5,0.0,11101011,2944.19,1472,75.3,12.36,887.4,2944.54,-0.8,7.4, , 
,2945.91,2112,88.5,0.0,11111101,2945.22,2400,91.4,16.48,989.4,2945.54,0.0,7.4, , 
,2946.96,1760,88.5,0.0,11101011,2946.23,1600,22.0,4.12,316.2,2946.61,-1.6,7.4, , 
,2948.02,1824,88.5,0.0,11101011,2947.31,1664,69.4,11.33,826.2,2947.66,-1.6,7.4, , 
,2949.10,2016,88.5,0.4,11101001,2948.40,1888,56.1,9.27,652.8,2948.77,0.0,7.4, , 
,2950.12,2304,88.5,0.0,11101001,2949.44,2112,62.0,9.27,714.0,2949.77,0.0,7.4, , 
,2951.12,2624,88.5,0.0,11101001,2950.45,2464,81.2,13.39,907.8,2950.78,0.0,7.4, , 
,2952.11,2688,88.5,0.0,11101001,2951.46,2656,45.9,6.18,550.8,2951.78,0.0,7.4, , 
,2953.11,2688,88.5,-6.6,11101001,2952.44,2656,19.2,3.09,275.4,2952.76,0.0,7.4, , 
,2954.12,2592,88.5,0.0,11111101,2953.44,2752,59.2,8.24,673.2,2953.78,0.0,7.4, , 
,2955.17,1056,88.5,0.0,11111111,2954.46,2080,0.0,0.00,316.2,2954.86,-3.1,7.4, , 
,2956.10,1024,88.5,0.0,11111111,2955.47,1088,25.1,4.12,357.0,2955.77,-3.9,0.0, , 
,2957.04,896,88.5,0.0,11111111,2956.40,928,23.5,3.09,357.0,2956.71,-4.7,0.0, , 
,2957.94,896,88.5,-1.2,11111111,2957.34,896,26.7,3.09,377.4,2957.63,-3.9,0.0, , 
,2958.86,864,88.5,-1.2,11111111,2958.24,864,26.7,3.09,397.8,2958.55,-3.9,0.0, , 
,2959.79,896,88.5,-0.4,11111111,2959.15,864,26.7,3.09,397.8,2959.46,-3.9,0.0, , 
,2960.73,896,88.5,0.0,11111111,2960.11,864,26.7,3.09,397.8,2960.42,-3.9,0.0, , 
,2961.66,864,88.5,0.0,11111111,2961.03,896,26.7,3.09,397.8,2961.35,-3.9,0.0, , 
,2962.60,896,88.5,0.4,11111111,2961.96,864,28.2,3.09,397.8,2962.27,-3.9,0.0, , 
,2963.50,896,88.5,0.8,11111111,2962.91,864,28.2,3.09,397.8,2963.20,-3.9,0.0, , 
,2964.42,896,88.5,0.8,11111111,2963.80,864,28.2,3.09,397.8,2964.11,-3.9,0.0, , 
,2965.36,896,88.5,0.8,11111111,2964.73,896,28.2,3.09,397.8,2965.04,-3.9,0.0, , 
,2966.24,896,88.5,0.4,11111111,2965.65,896,28.2,3.09,397.8,2965.95,-3.9,0.0, , 
,2967.17,896,88.5,0.0,11111111,2966.54,864,28.2,3.09,397.8,2966.86,-3.9,0.0, , 
,2968.09,768,88.5,-0.4,11111111,2967.48,896,28.2,3.09,397.8,2967.80,-3.9,0.0, , 
,2968.98,800,88.5,-0.4,11111111,2968.40,736,28.2,3.09,418.2,2968.69,-4.7,0.0, , 
,2969.96,1728,88.5,0.0,11101011,2969.28,800,29.4,3.09,418.2,2969.61,-2.3,0.0, , 
,2970.95,1440,88.5,-2.0,11101011,2970.33,1856,54.5,8.24,652.8,2970.63,-1.6,7.4, , 
,2971.93,992,88.5,0.0,11111111,2971.28,1568,41.2,5.15,550.8,2971.60,-2.3,0.0, , 
,2972.96,1504,88.5,0.0,11101011,2972.26,1120,28.2,4.12,397.8,2972.57,-2.3,0.0, , 
,2974.01,1248,88.5,0.0,11111111,2973.33,1760,56.1,9.27,673.2,2973.71,-1.6,7.4, , 
,2975.00,1280,88.5,0.0,11101011,2974.32,1024,28.2,4.12,397.8,2974.64,-3.1,0.0, , 
,2975.96,1056,88.5,0.0,11111111,2975.32,1600,0.0,0.00,438.6,2975.65,-3.1,0.0, , 
,2976.90,1088,88.5,0.0,11111111,2976.28,1120,28.2,4.12,397.8,2976.59,-3.9,0.0, , 
,2977.84,1600,88.5,0.0,11101011,2977.18,1024,25.1,3.09,357.0,2977.50,-1.6,0.0, , 
,2978.90,1792,88.5,-0.8,11101011,2978.18,1696,54.5,8.24,652.8,2978.52,-1.6,7.4, , 
,2979.95,1984,88.5,0.0,11111111,2979.25,2016,66.3,11.33,754.8,2979.59,0.0,7.4, , 
,2980.91,1504,88.5,0.0,11101011,2980.29,1472,25.1,4.12,336.6,2980.61,-1.6,0.0, , 
,2981.97,1600,88.5,0.0,11101011,2981.25,1632,62.0,10.30,734.4,2981.59,-1.6,0.0, , 
,2983.04,1760,88.5,0.0,11101011,2982.33,1664,45.9,6.18,571.2,2982.69,-1.6,7.4, , 
,2984.11,1984,88.5,0.0,11101001,2983.39,1824,53.3,8.24,652.8,2983.75,0.0,7.4, , 
,2985.12,2336,88.5,0.0,11101001,2984.45,2080,72.2,12.36,826.2,2984.78,0.0,7.4, , 
,2986.14,1728,88.5,0.0,11101011,2985.44,2528,87.1,14.42,969.0,2985.79,0.0,7.4, , 
,2987.24,1856,88.5,0.0,11101011,2986.51,1760,57.6,11.33,632.4,2986.86,0.0,7.4, , 
,2988.33,2016,88.5,-7.8,11101001,2987.63,1920,88.6,15.45,989.4,2987.97,0.0,7.4, , 
,2989.35,2144,88.5,0.0,11101001,2988.66,2048,79.6,11.33,907.8,2988.99,0.0,7.4, , 
,2990.36,2272,88.5,-3.5,11101001,2989.70,2208,65.1,9.27,754.8,2990.02,0.0,7.4, , 
,2991.41,2400,88.5,-3.1,11101001,2990.68,2304,69.4,10.30,775.2,2991.04,0.0,7.4, , 
,2992.41,1440,88.5,0.0,11101011,2991.74,2400,0.0,0.00,418.2,2992.08,0.0,7.4, , 
,2993.50,1760,88.5,0.0,11101011,2992.79,1600,32.5,5.15,418.2,2993.15,0.0,7.4, , 
,2994.55,1824,88.5,0.0,11101011,2993.85,1792,79.6,13.39,907.8,2994.20,0.0,7.4, , 
,2995.65,1920,88.5,0.0,11101011,2994.92,1856,53.3,8.24,632.4,2995.29,0.0,7.4, , 
,2996.73,1984,88.5,-11.3,11101011,2996.02,1920,85.5,14.42,969.0,2996.37,0.0,7.4, , 
,2997.81,2080,88.5,-14.8,11101001,2997.10,2016,84.3,12.36,948.6,2997.47,0.0,7.4, , 
,2998.80,2176,88.5,-16.8,11101001,2998.14,2112,85.5,12.36,969.0,2998.47,0.0,7.4, , 
,2999.79,1408,88.5,0.0,11111111,2999.13,2208,57.6,6.18,714.0,2999.47,0.0,7.4, , 
,3000.75,1024,88.5,0.0,11111111,3000.11,1024,25.1,4.12,357.0,3000.41,-3.9,0.0, , 
,3001.73,864,88.5,0.0,11111111,3001.07,960,23.5,3.09,357.0,3001.40,-4.7,0.0, , 
,3002.70,896,88.5,-0.8,11111111,3002.06,864,25.1,3.09,377.4,3002.38,-3.9,0.0, , 
,3003.66,896,88.5,-1.6,11111111,3003.03,896,26.7,3.09,397.8,3003.34,-3.9,0.0, , 
,3004.60,896,88.5,-1.2,11111111,3003.96,896,26.7,3.09,397.8,3004.29,-3.9,0.0, , 
,3005.56,896,88.5,0.4,11111111,3004.92,896,26.7,3.09,397.8,3005.24,-3.9,0.0, , 
,3006.50,896,88.5,1.6,11111111,3005.86,896,28.2,3.09,397.8,3006.18,-3.9,0.0, , 
,3007.40,1152,88.5,2.0,11101011,3006.80,864,26.7,3.09,397.8,3007.10,-3.9,0.0, , 
,3008.46,1568,88.5,0.0,11101011,3007.75,1696,25.1,3.09,357.0,3008.10,-2.3,7.4, , 
,3009.54,1600,88.5,-1.2,11101011,3008.82,1600,32.5,4.12,418.2,3009.19,-2.3,7.4, , 
,3010.59,1600,88.5,-2.7,11101011,3009.90,1600,34.1,5.15,438.6,3010.25,-2.3,7.4, , 
,3011.67,1632,88.5,0.0,11101011,3010.94,1600,29.4,4.12,397.8,3011.29,-1.6,7.4, , 
,3012.73,1728,88.5,1.2,11101011,3012.02,1664,54.5,8.24,652.8,3012.36,-1.6,7.4, , 
,3013.84,1888,87.0,-2.3,11101011,3013.11,1792,73.7,12.36,846.6,3013.48,0.0,7.4, , 
,3014.95,1920,87.0,0.0,11101011,3014.20,1920,44.3,6.18,550.8,3014.57,0.0,7.4, , 
,3016.04,1952,87.0,-7.4,11101011,3015.32,1920,26.7,3.09,357.0,3015.69,0.0,7.4, , 
,3017.12,1952,87.0,0.0,11101011,3016.40,1920,26.7,3.09,357.0,3016.77,0.0,7.4, , 
,3018.16,2080,87.0,0.0,11101001,3017.48,1984,60.4,9.27,714.0,3017.83,0.0,7.4, , 
,3019.17,2240,87.0,-10.2,11101001,3018.50,2144,90.2,15.45,989.4,3018.83,0.0,7.4, , 
,3020.21,2432,87.0,-12.9,11101001,3019.51,2304,90.2,14.42,989.4,3019.88,0.0,7.4, , 
,3021.23,2624,87.0,-13.7,11101001,3020.56,2496,90.2,13.39,989.4,3020.90,0.0,7.4, , 
,3022.26,1504,87.0,0.0,11111111,3021.55,2560,0.0,0.00,377.4,3021.90,0.0,7.4, , 
,3023.17,992,87.0,0.0,11111111,3022.57,992,25.1,4.12,357.0,3022.91,-3.9,0.0, , 
,3024.12,896,87.0,0.0,11111111,3023.50,992,23.5,4.12,357.0,3023.80,-4.7,0.0, , 
,3025.03,864,87.0,-0.8,11111111,3024.43,896,26.7,3.09,377.4,3024.75,-3.9,0.0, , 
,3025.89,896,87.0,-1.2,11111111,3025.31,864,26.7,3.09,377.4,3025.61,-3.9,0.0, , 
,3026.77,896,85.5,0.0,11111111,3026.18,896,26.7,3.09,397.8,3026.48,-3.9,0.0, , 
,3027.69,896,87.0,1.2,11111111,3027.07,896,26.7,3.09,397.8,3027.37,-3.9,0.0, , 
,3028.62,1376,87.0,0.0,11101011,3027.98,896,26.7,3.09,397.8,3028.27,-2.3,0.0, , 
,3029.66,1344,87.0,0.0,11101011,3028.95,2144,78.4,13.39,887.4,3029.31,0.0,7.4, , 
,3030.70,2272,87.0,0.0,11101001,3030.02,1600,65.1,10.30,754.8,3030.36,0.0,7.4, , 
,3031.72,1344,87.0,0.0,11101011,3031.04,2240,0.0,0.00,377.4,3031.40,-2.3,7.4, , 
,3032.71,1696,87.0,0.0,11101011,3031.99,1504,84.3,15.45,969.0,3032.34,-0.8,7.4, , 
,3033.79,2048,87.0,0.0,11101001,3033.07,1792,85.5,14.42,969.0,3033.44,0.0,7.4, , 
,3034.81,2016,85.5,0.0,11101001,3034.13,2080,42.7,5.15,550.8,3034.46,0.0,7.4, , 
,3035.87,2048,85.5,0.0,11101001,3035.17,2016,45.9,6.18,550.8,3035.52,0.0,7.4, , 
,3036.95,1952,85.5,-5.1,11101011,3036.22,2048,26.7,3.09,357.0,3036.59,0.0,7.4, , 
,3038.05,1920,85.5,-21.1,11101011,3037.31,1952,14.9,2.06,244.8,3037.68,0.0,7.4, , 
,3039.15,1984,85.5,0.0,11101011,3038.42,1888,23.5,3.09,336.6,3038.79,0.0,7.4, , 
,3040.15,2336,85.5,0.0,11101001,3039.49,2048,62.0,10.30,693.6,3039.81,0.0,7.4, , 
,3041.13,2816,85.5,-8.6,11101001,3040.48,2496,84.3,14.42,928.2,3040.83,0.0,7.4, , 
,3042.23,1984,87.0,0.0,11101011,3041.48,2752,0.0,0.00,377.4,3041.85,0.0,7.4, , 
,3043.25,2208,85.5,-7.0,11101001,3042.58,2080,84.3,14.42,948.6,3042.91,0.0,7.4, , 
,3044.28,2304,85.5,0.0,11111101,3043.57,2272,82.7,12.36,907.8,3043.94,0.0,7.4, , 
,3045.23,992,85.5,0.0,11111111,3044.62,1824,0.0,0.00,336.6,3044.91,-3.1,0.0, , 
,3046.16,960,85.5,0.0,11111111,3045.53,1024,26.7,4.12,377.4,3045.85,-3.9,0.0, , 
,3047.08,864,87.0,0.0,11111111,3046.45,896,23.5,3.09,357.0,3046.76,-4.7,0.0, , 
,3047.99,864,85.5,-1.2,11111111,3047.39,896,26.7,3.09,397.8,3047.69,-4.7,0.0, , 
,3048.87,864,87.0,-0.8,11111111,3048.27,896,26.7,3.09,397.8,3048.57,-3.9,0.0, , 
,3049.76,896,87.0,-0.4,11111111,3049.17,896,26.7,3.09,397.8,3049.46,-3.9,0.0, , 
,3050.68,832,87.0,0.8,11111111,3050.05,864,26.7,3.09,397.8,3050.36,-3.9,0.0, , 
,3051.60,768,87.0,2.3,11111111,3051.00,768,26.7,3.09,397.8,3051.30,-4.7,0.0, , 
,3052.51,800,87.0,2.3,11111111,3051.90,768,29.4,4.12,418.2,3052.21,-4.7,0.0, , 
,3053.43,768,87.0,2.3,11111111,3052.82,800,28.2,4.12,418.2,3053.14,-4.7,0.0, , 
,3054.33,768,87.0,1.6,11111111,3053.73,800,28.2,4.12,418.2,3054.03,-4.7,0.0, , 
,3055.32,2048,87.0,0.0,11101001,3054.64,800,29.4,4.12,418.2,3054.98,-1.6,0.0, , 
,3056.27,1344,87.0,0.0,11101011,3055.69,2048,56.1,9.27,652.8,3055.97,-1.6,7.4, , 
,3057.30,1664,87.0,0.0,11101011,3056.60,1568,82.7,14.42,948.6,3056.97,0.0,7.4, , 
,3058.32,1344,87.0,0.0,11101011,3057.59,1440,84.3,16.48,948.6,3057.96,-0.8,0.0, , 
,3059.35,1824,87.0,0.0,11101011,3058.66,1536,87.1,15.45,1009.8,3058.99,-0.8,7.4, , 
,3060.39,2272,87.0,-13.7,11101001,3059.71,1952,90.2,15.45,1009.8,3060.06,0.0,7.4, , 
,3061.39,2688,87.0,-14.5,11101001,3060.72,2400,91.4,13.39,989.4,3061.04,0.0,7.4, , 
,3062.41,2080,87.0,0.0,11111101,3061.71,2848,76.9,10.30,887.4,3062.02,0.0,7.4, , 
,3063.51,1824,87.0,0.0,11101011,3062.78,1856,19.2,3.09,295.8,3063.14,0.0,7.4, , 
,3064.64,1856,87.0,-5.5,11101011,3063.88,1856,28.2,4.12,377.4,3064.26,0.0,7.4, , 
,3065.72,1856,87.0,-4.3,11101011,3065.01,1856,42.7,6.18,520.2,3065.36,0.0,7.4, , 
,3066.82,1824,87.0,-8.6,11101011,3066.09,1824,20.8,3.09,316.2,3066.47,0.0,7.4, , 
,3067.91,1888,87.0,0.0,11101011,3067.18,1792,57.6,10.30,652.8,3067.54,0.0,7.4, , 
,3068.96,2144,87.0,-10.2,11101001,3068.25,1952,90.2,15.45,1009.8,3068.60,0.0,7.4, , 
,3069.97,2336,87.0,-13.7,11101001,3069.30,2208,90.2,14.42,989.4,3069.62,0.0,7.4, , 
,3070.98,2560,87.0,-13.3,11101001,3070.31,2400,90.2,13.39,989.4,3070.65,0.0,7.4, , 
,3072.00,2784,87.0,0.0,11111101,3071.33,2624,91.4,14.42,989.4,3071.67,0.0,7.4, , 
,3073.03,2080,87.0,0.0,11101001,3072.33,2464,0.0,0.00,295.8,3072.69,0.0,7.4, , 
,3074.05,2176,87.0,0.0,11101001,3073.37,2112,87.1,15.45,969.0,3073.70,0.0,7.4, , 
,3075.07,2176,87.0,0.0,11101001,3074.38,2176,47.1,6.18,571.2,3074.73,0.0,7.4, , 
,3076.08,2176,87.0,-8.2,11101001,3075.41,2176,35.3,5.15,438.6,3075.75,0.0,7.4, , 
,3077.09,2144,87.0,-14.1,11101001,3076.41,2176,22.0,3.09,316.2,3076.74,0.0,7.4, , 
,3078.12,2112,87.0,0.0,11101001,3077.42,2112,17.6,2.06,275.4,3077.77,0.0,7.4, , 
,3079.17,2176,87.0,0.0,11101001,3078.48,2176,60.4,9.27,693.6,3078.82,0.0,7.4, , 
,3080.21,1952,87.0,0.0,11111111,3079.51,2208,48.6,7.21,591.6,3079.85,0.0,7.4, , 
,3081.20,1088,87.0,0.0,11111111,3080.54,1440,0.0,0.00,336.6,3080.85,-3.9,0.0, , 
,3082.11,960,87.0,0.0,11111111,3081.51,1056,23.5,4.12,357.0,3081.80,-3.9,0.0, , 
,3083.02,928,87.0,0.0,11111111,3082.42,960,23.5,3.09,357.0,3082.71,-3.9,0.0, , 
,3083.93,864,85.5,0.0,11111111,3083.33,896,25.1,3.09,377.4,3083.63,-4.7,0.0, , 
,3084.87,896,85.5,2.0,11111111,3084.24,864,25.1,3.09,377.4,3084.54,-4.7,0.0, , 
,3085.83,896,87.0,3.9,11111111,3085.20,896,26.7,3.09,377.4,3085.53,-3.9,0.0, , 
,3086.76,864,85.5,4.7,11111111,3086.13,896,25.1,3.09,377.4,3086.43,-4.7,0.0, , 
,3087.69,864,87.0,5.9,11111111,3087.08,896,25.1,3.09,377.4,3087.39,-4.7,0.0, , 
,3088.61,864,87.0,5.9,11111111,3088.00,864,25.1,3.09,377.4,3088.31,-4.7,0.0, , 
,3089.54,896,87.0,4.3,11111111,3088.91,864,26.7,3.09,377.4,3089.21,-4.7,0.0, , 
,3090.47,864,87.0,2.0,11111111,3089.85,864,25.1,3.09,377.4,3090.16,-4.7,0.0, , 
,3091.40,1152,87.0,0.0,11101011,3090.78,864,28.2,3.09,397.8,3091.11,-3.9,0.0, , 
,3092.32,1120,87.0,0.0,11101011,3091.70,1600,0.0,0.00,438.6,3092.00,-3.1,0.0, , 
,3093.37,1728,87.0,0.0,11101011,3092.67,1632,76.9,14.42,907.8,3093.02,0.0,7.4, , 
,3094.33,1504,87.0,0.0,11101011,3093.73,1376,82.7,13.39,948.6,3094.00,-0.8,0.0, , 
,3095.40,1696,85.5,-14.5,11101011,3094.67,1568,87.1,15.45,1009.8,3095.05,-0.8,7.4, , 
,3096.52,1888,85.5,-20.7,11101011,3095.80,1760,88.6,13.39,1009.8,3096.17,0.0,7.4, , 
,3097.57,2080,85.5,-19.9,11101001,3096.87,1984,90.2,12.36,1009.8,3097.23,0.0,7.4, , 
,3098.59,2240,87.0,-18.8,11101001,3097.92,2112,87.1,12.36,969.0,3098.26,0.0,7.4, , 
,3099.63,2432,85.5,-15.6,11101001,3098.92,2304,91.4,13.39,989.4,3099.26,0.0,7.4, , 
,3100.63,1984,85.5,0.0,11111111,3099.96,2496,91.4,13.39,989.4,3100.30,0.0,7.4, , 
,3101.62,928,85.5,0.0,11111111,3100.98,1472,0.0,0.00,336.6,3101.31,-3.9,0.0, , 
,3102.54,896,85.5,0.0,11111111,3101.91,832,26.7,4.12,377.4,3102.21,-4.7,0.0, , 
,3103.49,896,85.5,0.0,11111111,3102.86,928,29.4,4.12,418.2,3103.15,-3.9,0.0, , 
,3104.44,896,85.5,-0.4,11111111,3103.82,896,28.2,3.09,397.8,3104.14,-3.9,0.0, , 
,3105.35,896,85.5,0.4,11111111,3104.73,896,28.2,3.09,397.8,3105.03,-3.9,0.0, , 
,3106.32,896,85.5,1.2,11111111,3105.68,896,28.2,3.09,397.8,3105.98,-3.9,0.0, , 
,3107.23,896,85.5,1.6,11111111,3106.64,896,28.2,3.09,397.8,3106.94,-3.9,0.0, , 
,3108.13,896,85.5,2.0,11111111,3107.52,896,26.7,3.09,397.8,3107.83,-3.9,0.0, , 
,3109.07,896,85.5,2.3,11111111,3108.43,896,26.7,3.09,397.8,3108.76,-3.9,0.0, , 
,3109.99,896,85.5,2.0,11111111,3109.38,896,26.7,3.09,397.8,3109.68,-3.9,0.0, , 
,3110.94,800,85.5,0.8,11111111,3110.33,896,26.7,3.09,397.8,3110.64,-3.9,0.0, , 
,3111.81,800,85.5,-0.4,11111111,3111.20,736,26.7,3.09,397.8,3111.51,-4.7,0.0, , 
,3112.70,768,85.5,-2.0,11111111,3112.11,800,28.2,3.09,418.2,3112.40,-4.7,0.0, , 
,3113.61,800,85.5,-1.6,11111111,3113.00,768,29.4,3.09,418.2,3113.31,-4.7,0.0, , 
,3114.50,800,85.5,-0.8,11111111,3113.91,800,28.2,3.09,418.2,3114.20,-4.7,0.0, , 
,3115.37,768,85.5,-0.4,11111111,3114.79,800,28.2,3.09,418.2,3115.08,-4.7,0.0, , 
,3116.25,800,85.5,0.0,11111111,3115.67,800,28.2,3.09,418.2,3115.96,-4.7,0.0, , 
,3117.15,800,85.5,0.8,11111111,3116.56,768,28.2,3.09,418.2,3116.86,-4.7,0.0, , 
,3118.04,768,85.5,1.2,11111111,3117.45,800,28.2,3.09,418.2,3117.75,-4.7,0.0, , 
,3118.95,800,85.5,1.2,11111111,3118.35,800,28.2,3.09,418.2,3118.65,-4.7,0.0, , 
,3119.85,800,85.5,0.4,11111111,3119.25,800,26.7,3.09,397.8,3119.55,-4.7,0.0, , 
,3120.75,800,85.5,0.0,11111111,3120.16,768,28.2,3.09,418.2,3120.45,-4.7,0.0, , 
,3121.63,768,85.5,-0.4,11111111,3121.05,800,28.2,3.09,418.2,3121.33,-4.7,0.0, , 
,3122.51,800,85.5,0.0,11111111,3121.92,800,28.2,3.09,418.2,3122.21,-4.7,0.0, , 
,3123.41,768,85.5,0.4,11111111,3122.81,768,28.2,3.09,418.2,3123.11,-4.7,0.0, , 
,3124.33,800,85.5,0.8,11111111,3123.71,768,28.2,3.09,418.2,3124.03,-4.7,0.0, , 
,3125.22,768,85.5,0.8,11111111,3124.62,768,28.2,3.09,418.2,3124.92,-4.7,0.0, , 
,3126.11,768,85.5,1.6,11111111,3125.51,768,29.4,3.09,418.2,3125.81,-4.7,0.0, , 
,3126.97,768,85.5,1.6,11111111,3126.41,800,28.2,3.09,418.2,3126.69,-4.7,0.0, , 
,3127.89,800,85.5,1.6,11111111,3127.28,768,29.4,3.09,418.2,3127.59,-4.7,0.0, , 
,3128.78,800,85.5,1.2,11111111,3128.19,768,29.4,4.12,418.2,3128.49,-4.7,0.0, , 
,3129.67,768,85.5,1.6,11101011,3129.08,800,28.2,3.09,418.2,3129.38,-4.7,0.0, , 
,3130.63,1056,85.5,3.5,11101011,3129.99,832,32.5,4.12,438.6,3130.32,-3.1,0.0, , 
,3131.54,1184,85.5,0.0,11101011,3130.93,1056,35.3,5.15,459.0,3131.23,-2.3,0.0, , 
,3132.54,1120,85.5,0.0,11101011,3131.87,1344,53.3,8.24,652.8,3132.22,-1.6,0.0, , 
,3133.57,1888,85.5,0.0,11101011,3132.85,1280,60.4,9.27,714.0,3133.22,-0.8,7.4, , 
,3134.59,992,87.0,0.0,11111111,3133.94,1952,0.0,0.00,438.6,3134.27,-2.3,0.0, , 
,3135.57,960,85.5,0.0,11111111,3134.90,1088,26.7,4.12,377.4,3135.25,-3.9,0.0, , 
,3136.49,1056,87.0,0.0,11101011,3135.88,800,23.5,4.12,357.0,3136.16,-3.1,0.0, , 
,3137.47,1120,87.0,-0.8,11111111,3136.81,1152,36.9,4.12,499.8,3137.15,-3.9,0.0, , 
,3138.44,1216,87.0,0.0,11101011,3137.80,1152,23.5,3.09,336.6,3138.12,-3.1,0.0, , 
,3139.40,1152,87.0,0.0,11101011,3138.77,1312,35.3,5.15,438.6,3139.08,-1.6,0.0, , 
,3140.33,1280,87.0,0.0,11101011,3139.72,1504,82.7,14.42,948.6,3140.01,-0.8,0.0, , 
,3141.40,1696,87.0,0.0,11101011,3140.68,1472,87.1,14.42,1009.8,3141.04,-0.8,7.4, , 
,3142.47,2144,87.0,-16.8,11101001,3141.77,1824,88.6,14.42,1009.8,3142.12,0.0,7.4, , 
,3143.50,2656,87.0,-15.2,11101001,3142.79,2336,90.2,15.45,989.4,3143.15,0.0,7.4, , 
,3144.54,2368,87.0,0.0,11101001,3143.83,2848,91.4,15.45,989.4,3144.18,0.0,7.4, , 
,3145.59,2144,87.0,0.0,11101001,3144.88,2080,88.6,16.48,989.4,3145.23,0.0,7.4, , 
,3146.58,2336,87.0,-13.3,11101001,3145.93,2208,90.2,15.45,989.4,3146.27,0.0,7.4, , 
,3147.57,2560,87.0,-12.5,11101001,3146.91,2400,91.4,15.45,989.4,3147.23,0.0,7.4, , 
,3148.59,2784,87.0,-12.9,11101001,3147.90,2624,91.4,15.45,989.4,3148.25,0.0,7.4, , 
,3149.56,2400,87.0,0.0,11111101,3148.89,2848,91.4,15.45,989.4,3149.22,0.0,7.4, , 
,3150.57,2112,87.0,0.0,11101001,3149.89,2080,23.5,4.12,336.6,3150.23,0.0,7.4, , 
,3151.63,2112,87.0,0.0,11101001,3150.93,2112,50.2,7.21,591.6,3151.28,0.0,7.4, , 
,3152.65,2112,87.0,-12.1,11101001,3151.97,2112,17.6,2.06,275.4,3152.29,0.0,7.4, , 
,3153.71,2112,87.0,0.0,11101001,3153.00,2112,17.6,2.06,275.4,3153.35,0.0,7.4, , 
,3154.72,2144,87.0,0.0,11101001,3154.04,2112,50.2,7.21,591.6,3154.38,0.0,7.4, , 
,3155.77,2208,87.0,0.0,11101001,3155.07,2144,73.7,12.36,826.2,3155.44,0.0,7.4, , 
,3156.76,2304,87.0,-8.2,11101001,3156.10,2240,90.2,16.48,989.4,3156.44,0.0,7.4, , 
,3157.75,2400,87.0,-12.9,11101001,3157.09,2336,90.2,14.42,989.4,3157.41,0.0,7.4, , 
,3158.79,2496,87.0,-13.7,11101001,3158.10,2432,90.2,13.39,989.4,3158.43,0.0,7.4, , 
,3159.84,2560,87.0,0.0,11101001,3159.16,2496,90.2,14.42,989.4,3159.50,0.0,7.4, , 
,3160.85,1440,87.0,0.0,11111111,3160.17,2400,0.0,0.00,316.2,3160.51,0.0,7.4, , 
,3161.75,1024,87.0,0.0,11111111,3161.15,1024,25.1,4.12,357.0,3161.44,-3.9,0.0, , 
,3162.72,896,87.0,0.0,11111111,3162.11,1024,23.5,4.12,357.0,3162.41,-4.7,0.0, , 
,3163.65,896,87.0,-0.8,11111111,3163.03,896,25.1,3.09,377.4,3163.35,-3.9,0.0, , 
,3164.63,896,87.0,-0.8,11111111,3163.98,896,26.7,3.09,377.4,3164.31,-3.9,0.0, , 
,3165.59,896,87.0,0.4,11111111,3164.95,896,26.7,3.09,377.4,3165.27,-3.9,0.0, , 
,3166.51,896,87.0,1.6,11111111,3165.91,896,26.7,3.09,377.4,3166.21,-3.9,0.0, , 
,3167.44,896,87.0,2.3,11111111,3166.81,896,26.7,3.09,377.4,3167.13,-3.9,0.0, , 
,3168.37,864,87.0,2.7,11111111,3167.75,896,26.7,3.09,377.4,3168.06,-4.7,0.0, , 
,3169.29,864,87.0,2.7,11111111,3168.67,896,26.7,3.09,377.4,3168.97,-3.9,0.0, , 
,3170.22,896,87.0,2.3,11111111,3169.61,864,26.7,3.09,397.8,3169.92,-3.9,0.0, , 
,3171.21,1600,87.0,0.8,11101011,3170.55,896,26.7,3.09,397.8,3170.87,-3.1,0.0, , 
,3172.33,1792,87.0,0.0,11101011,3171.58,1696,79.6,14.42,907.8,3171.96,-0.8,7.4, , 
,3173.39,2016,87.0,-10.5,11101001,3172.69,1856,88.6,15.45,1009.8,3173.04,0.0,7.4, , 
,3174.40,2240,87.0,-16.0,11101001,3173.74,2112,90.2,13.39,1009.8,3174.07,0.0,7.4, , 
,3175.41,2464,85.5,0.0,11111101,3174.74,2304,91.4,13.39,989.4,3175.07,0.0,7.4, , 
,3176.37,1088,85.5,0.0,11111111,3175.75,2112,0.0,0.00,316.2,3176.10,-2.3,7.4, , 
,3177.33,928,85.5,0.0,11111111,3176.70,992,26.7,4.12,377.4,3177.01,-3.9,0.0, , 
,3178.23,896,85.5,0.0,11111111,3177.64,864,26.7,4.12,397.8,3177.93,-3.9,0.0, , 
,3179.12,832,85.5,-2.0,11111111,3178.52,896,26.7,3.09,397.8,3178.81,-3.9,0.0, , 
,3180.10,2016,85.5,0.0,11101001,3179.43,864,29.4,4.12,418.2,3179.75,-2.3,0.0, , 
,3181.09,2016,85.5,0.0,11101001,3180.41,2208,82.7,15.45,928.2,3180.74,0.0,7.4, , 
,3182.09,2400,85.5,-10.2,11101001,3181.42,2080,90.2,15.45,989.4,3181.75,0.0,7.4, , 
,3183.05,2944,85.5,-7.0,11101001,3182.42,2592,88.6,15.45,969.0,3182.78,0.0,7.4, , 
,3184.00,2016,85.5,0.0,11111101,3183.34,3040,0.0,0.00,652.8,3183.66,0.0,7.4, , 
,3184.91,992,85.5,0.0,11111111,3184.32,1504,0.0,0.00,316.2,3184.62,-3.9,0.0, , 
,3185.84,928,85.5,0.0,11111111,3185.21,928,26.7,4.12,397.8,3185.53,-3.9,0.0, , 
,3186.74,896,85.5,0.0,11111111,3186.14,896,25.1,4.12,377.4,3186.44,-3.9,0.0, , 
,3187.65,864,85.5,-1.6,11111111,3187.04,896,26.7,3.09,397.8,3187.35,-3.9,0.0, , 
,3188.53,896,84.0,-0.4,11111111,3187.96,896,26.7,3.09,397.8,3188.25,-3.9,0.0, , 
,3189.45,896,84.0,0.4,11111111,3188.85,896,26.7,3.09,397.8,3189.15,-3.9,0.0, , 
,3190.35,896,84.0,1.2,11111111,3189.75,896,26.7,3.09,397.8,3190.05,-3.9,0.0, , 
,3191.21,896,84.0,1.6,11111111,3190.64,896,26.7,3.09,397.8,3190.92,-3.9,0.0, , 
,3192.12,800,85.5,1.6,11101011,3191.51,896,26.7,3.09,397.8,3191.82,-4.7,0.0, , 
,3193.18,1856,85.5,0.0,11101011,3192.45,768,84.3,16.48,826.2,3192.82,-1.6,7.4, , 
,3194.27,1600,85.5,0.0,11101011,3193.56,1728,72.2,12.36,826.2,3193.89,-1.6,0.0, , 
,3195.29,1952,85.5,0.0,11111111,3194.60,1984,85.5,15.45,969.0,3194.93,0.0,7.4, , 
,3196.27,1408,85.5,0.0,11101011,3195.61,1440,25.1,4.12,357.0,3195.93,-1.6,0.0, , 
,3197.31,1696,